year,sex,age,population
1971,Male,0,133347
1971,Male,1,127834
1971,Male,2,129131
1971,Male,3,124442
1971,Male,4,124187
1971,Male,5,121353
1971,Male,6,123746
1971,Male,7,129162
1971,Male,8,131406
1971,Male,9,133232
1971,Male,10,133471
1971,Male,11,129064
1971,Male,12,128933
1971,Male,13,125823
1971,Male,14,123483
1971,Male,15,121058
1971,Male,16,116144
1971,Male,17,113982
1971,Male,18,114473
1971,Male,19,112114
1971,Male,20,113285
1971,Male,21,114186
1971,Male,22,111514
1971,Male,23,116504
1971,Male,24,126058
1971,Male,25,106957
1971,Male,26,103903
1971,Male,27,100326
1971,Male,28,93146
1971,Male,29,93202
1971,Male,30,91010
1971,Male,31,86497
1971,Male,32,85309
1971,Male,33,82114
1971,Male,34,80892
1971,Male,35,82088
1971,Male,36,77135
1971,Male,37,74896
1971,Male,38,76740
1971,Male,39,77851
1971,Male,40,85447
1971,Male,41,80547
1971,Male,42,84525
1971,Male,43,85109
1971,Male,44,80348
1971,Male,45,86271
1971,Male,46,81709
1971,Male,47,80491
1971,Male,48,79517
1971,Male,49,79586
1971,Male,50,80887
1971,Male,51,69461
1971,Male,52,63131
1971,Male,53,62288
1971,Male,54,63505
1971,Male,55,61378
1971,Male,56,64159
1971,Male,57,62935
1971,Male,58,60684
1971,Male,59,57413
1971,Male,60,56113
1971,Male,61,50913
1971,Male,62,50163
1971,Male,63,47102
1971,Male,64,44879
1971,Male,65,44187
1971,Male,66,39973
1971,Male,67,37817
1971,Male,68,35139
1971,Male,69,32515
1971,Male,70,31548
1971,Male,71,29271
1971,Male,72,24229
1971,Male,73,21891
1971,Male,74,20106
1971,Male,75,18434
1971,Male,76,17190
1971,Male,77,15083
1971,Male,78,14396
1971,Male,79,12722
1971,Male,80,11529
1971,Male,81,10064
1971,Male,82,8660
1971,Male,83,7398
1971,Male,84,6168
1971,Male,85,4949
1971,Male,86,4155
1971,Male,87,3180
1971,Male,88,2338
1971,Male,89,1855
1971,Male,90,1418
1971,Male,91,962
1971,Male,92,649
1971,Male,93,508
1971,Male,94,345
1971,Male,95,245
1971,Male,96,173
1971,Male,97,100
1971,Male,98,76
1971,Male,99,47
1971,Male,100,57
1971,Female,0,128282
1971,Female,1,122109
1971,Female,2,124245
1971,Female,3,118721
1971,Female,4,117467
1971,Female,5,116184
1971,Female,6,117540
1971,Female,7,122331
1971,Female,8,124909
1971,Female,9,126573
1971,Female,10,126968
1971,Female,11,122578
1971,Female,12,123328
1971,Female,13,120203
1971,Female,14,117225
1971,Female,15,115086
1971,Female,16,112865
1971,Female,17,110514
1971,Female,18,111497
1971,Female,19,108563
1971,Female,20,109462
1971,Female,21,110559
1971,Female,22,108785
1971,Female,23,111141
1971,Female,24,119113
1971,Female,25,99384
1971,Female,26,98272
1971,Female,27,94069
1971,Female,28,86793
1971,Female,29,86342
1971,Female,30,83902
1971,Female,31,79071
1971,Female,32,80978
1971,Female,33,77338
1971,Female,34,76858
1971,Female,35,77241
1971,Female,36,73598
1971,Female,37,70209
1971,Female,38,72459
1971,Female,39,72643
1971,Female,40,80437
1971,Female,41,73521
1971,Female,42,78541
1971,Female,43,78765
1971,Female,44,76186
1971,Female,45,80034
1971,Female,46,79682
1971,Female,47,76461
1971,Female,48,77475
1971,Female,49,76618
1971,Female,50,79806
1971,Female,51,66987
1971,Female,52,64044
1971,Female,53,63440
1971,Female,54,63961
1971,Female,55,62822
1971,Female,56,64671
1971,Female,57,63135
1971,Female,58,61148
1971,Female,59,58151
1971,Female,60,61510
1971,Female,61,52458
1971,Female,62,53360
1971,Female,63,51234
1971,Female,64,48481
1971,Female,65,47704
1971,Female,66,43493
1971,Female,67,40795
1971,Female,68,39880
1971,Female,69,37528
1971,Female,70,41179
1971,Female,71,37594
1971,Female,72,32113
1971,Female,73,31065
1971,Female,74,29990
1971,Female,75,29395
1971,Female,76,27155
1971,Female,77,24456
1971,Female,78,23715
1971,Female,79,20991
1971,Female,80,20478
1971,Female,81,16787
1971,Female,82,15525
1971,Female,83,13674
1971,Female,84,11606
1971,Female,85,9609
1971,Female,86,8231
1971,Female,87,6498
1971,Female,88,5213
1971,Female,89,4232
1971,Female,90,3406
1971,Female,91,2489
1971,Female,92,1880
1971,Female,93,1351
1971,Female,94,979
1971,Female,95,706
1971,Female,96,469
1971,Female,97,284
1971,Female,98,218
1971,Female,99,162
1971,Female,100,146
1972,Male,0,136987
1972,Male,1,134232
1972,Male,2,128856
1972,Male,3,129786
1972,Male,4,125060
1972,Male,5,124526
1972,Male,6,122135
1972,Male,7,124299
1972,Male,8,130160
1972,Male,9,132175
1972,Male,10,133957
1972,Male,11,134449
1972,Male,12,129900
1972,Male,13,129380
1972,Male,14,125790
1972,Male,15,123204
1972,Male,16,121321
1972,Male,17,116726
1972,Male,18,114838
1972,Male,19,116131
1972,Male,20,114016
1972,Male,21,114775
1972,Male,22,115455
1972,Male,23,113052
1972,Male,24,117510
1972,Male,25,126923
1972,Male,26,107606
1972,Male,27,104177
1972,Male,28,100861
1972,Male,29,93779
1972,Male,30,93421
1972,Male,31,91455
1972,Male,32,87196
1972,Male,33,85475
1972,Male,34,82977
1972,Male,35,81725
1972,Male,36,82363
1972,Male,37,76683
1972,Male,38,75394
1972,Male,39,77042
1972,Male,40,77724
1972,Male,41,85141
1972,Male,42,81056
1972,Male,43,84015
1972,Male,44,85004
1972,Male,45,81046
1972,Male,46,86306
1972,Male,47,80888
1972,Male,48,80288
1972,Male,49,79279
1972,Male,50,78991
1972,Male,51,79780
1972,Male,52,69403
1972,Male,53,62467
1972,Male,54,61945
1972,Male,55,63058
1972,Male,56,60991
1972,Male,57,63052
1972,Male,58,62163
1972,Male,59,59546
1972,Male,60,56578
1972,Male,61,55086
1972,Male,62,50039
1972,Male,63,48861
1972,Male,64,46121
1972,Male,65,43732
1972,Male,66,42712
1972,Male,67,38521
1972,Male,68,36405
1972,Male,69,33582
1972,Male,70,30905
1972,Male,71,30088
1972,Male,72,27790
1972,Male,73,22605
1972,Male,74,20487
1972,Male,75,18557
1972,Male,76,16884
1972,Male,77,15550
1972,Male,78,13738
1972,Male,79,12927
1972,Male,80,11448
1972,Male,81,10273
1972,Male,82,8880
1972,Male,83,7470
1972,Male,84,6334
1972,Male,85,5157
1972,Male,86,4116
1972,Male,87,3343
1972,Male,88,2505
1972,Male,89,1792
1972,Male,90,1419
1972,Male,91,1068
1972,Male,92,695
1972,Male,93,474
1972,Male,94,349
1972,Male,95,249
1972,Male,96,179
1972,Male,97,113
1972,Male,98,73
1972,Male,99,48
1972,Male,100,60
1972,Female,0,131468
1972,Female,1,129195
1972,Female,2,123097
1972,Female,3,124648
1972,Female,4,119197
1972,Female,5,117916
1972,Female,6,116666
1972,Female,7,118022
1972,Female,8,123144
1972,Female,9,125313
1972,Female,10,127089
1972,Female,11,127591
1972,Female,12,123369
1972,Female,13,123732
1972,Female,14,120591
1972,Female,15,117466
1972,Female,16,115352
1972,Female,17,113664
1972,Female,18,111821
1972,Female,19,113270
1972,Female,20,110201
1972,Female,21,110503
1972,Female,22,111330
1972,Female,23,109454
1972,Female,24,112208
1972,Female,25,120000
1972,Female,26,100044
1972,Female,27,98217
1972,Female,28,95116
1972,Female,29,87412
1972,Female,30,86820
1972,Female,31,84421
1972,Female,32,80143
1972,Female,33,80939
1972,Female,34,78499
1972,Female,35,77398
1972,Female,36,77797
1972,Female,37,73100
1972,Female,38,70793
1972,Female,39,72446
1972,Female,40,72388
1972,Female,41,80089
1972,Female,42,74226
1972,Female,43,77907
1972,Female,44,78763
1972,Female,45,76422
1972,Female,46,80370
1972,Female,47,78652
1972,Female,48,76687
1972,Female,49,77192
1972,Female,50,76466
1972,Female,51,78600
1972,Female,52,67579
1972,Female,53,63544
1972,Female,54,63290
1972,Female,55,63685
1972,Female,56,63173
1972,Female,57,63969
1972,Female,58,63226
1972,Female,59,60868
1972,Female,60,58086
1972,Female,61,60664
1972,Female,62,52396
1972,Female,63,52349
1972,Female,64,50690
1972,Female,65,47679
1972,Female,66,47197
1972,Female,67,42787
1972,Female,68,40367
1972,Female,69,38980
1972,Female,70,36708
1972,Female,71,40102
1972,Female,72,36938
1972,Female,73,30967
1972,Female,74,29922
1972,Female,75,28590
1972,Female,76,28117
1972,Female,77,25530
1972,Female,78,23220
1972,Female,79,22172
1972,Female,80,19609
1972,Female,81,18903
1972,Female,82,15618
1972,Female,83,14033
1972,Female,84,12195
1972,Female,85,10171
1972,Female,86,8347
1972,Female,87,7010
1972,Female,88,5510
1972,Female,89,4334
1972,Female,90,3463
1972,Female,91,2751
1972,Female,92,1988
1972,Female,93,1476
1972,Female,94,1033
1972,Female,95,719
1972,Female,96,528
1972,Female,97,321
1972,Female,98,177
1972,Female,99,140
1972,Female,100,176
1973,Male,0,129492
1973,Male,1,137057
1973,Male,2,135564
1973,Male,3,129748
1973,Male,4,130315
1973,Male,5,125532
1973,Male,6,124651
1973,Male,7,122663
1973,Male,8,124605
1973,Male,9,130914
1973,Male,10,132626
1973,Male,11,134367
1973,Male,12,135221
1973,Male,13,130461
1973,Male,14,129451
1973,Male,15,125464
1973,Male,16,122725
1973,Male,17,121378
1973,Male,18,117546
1973,Male,19,115826
1973,Male,20,117474
1973,Male,21,115478
1973,Male,22,115775
1973,Male,23,116168
1973,Male,24,114013
1973,Male,25,118001
1973,Male,26,127699
1973,Male,27,108179
1973,Male,28,104198
1973,Male,29,101185
1973,Male,30,94134
1973,Male,31,93354
1973,Male,32,91493
1973,Male,33,87499
1973,Male,34,85400
1973,Male,35,83576
1973,Male,36,82341
1973,Male,37,82499
1973,Male,38,76088
1973,Male,39,75607
1973,Male,40,77075
1973,Male,41,77346
1973,Male,42,84644
1973,Male,43,81294
1973,Male,44,83298
1973,Male,45,84747
1973,Male,46,81568
1973,Male,47,86209
1973,Male,48,79897
1973,Male,49,79958
1973,Male,50,78886
1973,Male,51,78304
1973,Male,52,78538
1973,Male,53,69179
1973,Male,54,61698
1973,Male,55,61526
1973,Male,56,62485
1973,Male,57,60462
1973,Male,58,61802
1973,Male,59,61306
1973,Male,60,58330
1973,Male,61,55710
1973,Male,62,53906
1973,Male,63,49046
1973,Male,64,47400
1973,Male,65,44948
1973,Male,66,42597
1973,Male,67,41180
1973,Male,68,36959
1973,Male,69,34878
1973,Male,70,32004
1973,Male,71,29372
1973,Male,72,28442
1973,Male,73,26227
1973,Male,74,20927
1973,Male,75,18981
1973,Male,76,17007
1973,Male,77,15465
1973,Male,78,13935
1973,Male,79,12328
1973,Male,80,11493
1973,Male,81,10158
1973,Male,82,9038
1973,Male,83,7674
1973,Male,84,6342
1973,Male,85,5339
1973,Male,86,4261
1973,Male,87,3385
1973,Male,88,2687
1973,Male,89,1997
1973,Male,90,1391
1973,Male,91,1075
1973,Male,92,802
1973,Male,93,520
1973,Male,94,342
1973,Male,95,231
1973,Male,96,168
1973,Male,97,139
1973,Male,98,66
1973,Male,99,45
1973,Male,100,64
1973,Female,0,123793
1973,Female,1,131654
1973,Female,2,130409
1973,Female,3,124024
1973,Female,4,124899
1973,Female,5,119421
1973,Female,6,118083
1973,Female,7,117036
1973,Female,8,118300
1973,Female,9,123712
1973,Female,10,125510
1973,Female,11,127434
1973,Female,12,127999
1973,Female,13,123909
1973,Female,14,123910
1973,Female,15,120765
1973,Female,16,117542
1973,Female,17,115586
1973,Female,18,114561
1973,Female,19,113093
1973,Female,20,114474
1973,Female,21,111168
1973,Female,22,111421
1973,Female,23,112122
1973,Female,24,110178
1973,Female,25,113338
1973,Female,26,120796
1973,Female,27,100480
1973,Female,28,97909
1973,Female,29,95910
1973,Female,30,87789
1973,Female,31,87063
1973,Female,32,84668
1973,Female,33,80992
1973,Female,34,80743
1973,Female,35,79471
1973,Female,36,77748
1973,Female,37,78130
1973,Female,38,72416
1973,Female,39,71198
1973,Female,40,72218
1973,Female,41,71956
1973,Female,42,79621
1973,Female,43,74779
1973,Female,44,77196
1973,Female,45,78670
1973,Female,46,76551
1973,Female,47,80576
1973,Female,48,77569
1973,Female,49,76717
1973,Female,50,76869
1973,Female,51,76292
1973,Female,52,77372
1973,Female,53,68092
1973,Female,54,63007
1973,Female,55,63088
1973,Female,56,63332
1973,Female,57,63460
1973,Female,58,63232
1973,Female,59,63236
1973,Female,60,60572
1973,Female,61,57990
1973,Female,62,59783
1973,Female,63,52285
1973,Female,64,51352
1973,Female,65,50146
1973,Female,66,46855
1973,Female,67,46647
1973,Female,68,42013
1973,Female,69,39871
1973,Female,70,38003
1973,Female,71,35816
1973,Female,72,38905
1973,Female,73,36130
1973,Female,74,29752
1973,Female,75,28701
1973,Female,76,27134
1973,Female,77,26834
1973,Female,78,23887
1973,Female,79,21859
1973,Female,80,20629
1973,Female,81,18292
1973,Female,82,17300
1973,Female,83,14349
1973,Female,84,12535
1973,Female,85,10682
1973,Female,86,8787
1973,Female,87,7212
1973,Female,88,5939
1973,Female,89,4559
1973,Female,90,3513
1973,Female,91,2821
1973,Female,92,2197
1973,Female,93,1552
1973,Female,94,1111
1973,Female,95,769
1973,Female,96,528
1973,Female,97,399
1973,Female,98,215
1973,Female,99,117
1973,Female,100,162
1974,Male,0,124803
1974,Male,1,130161
1974,Male,2,138038
1974,Male,3,137320
1974,Male,4,131039
1974,Male,5,131121
1974,Male,6,126272
1974,Male,7,125072
1974,Male,8,123557
1974,Male,9,125151
1974,Male,10,131836
1974,Male,11,133349
1974,Male,12,134982
1974,Male,13,136119
1974,Male,14,131033
1974,Male,15,129614
1974,Male,16,125265
1974,Male,17,122322
1974,Male,18,121828
1974,Male,19,118762
1974,Male,20,116797
1974,Male,21,118841
1974,Male,22,117106
1974,Male,23,117069
1974,Male,24,117132
1974,Male,25,115180
1974,Male,26,118932
1974,Male,27,128940
1974,Male,28,109298
1974,Male,29,104731
1974,Male,30,101891
1974,Male,31,94753
1974,Male,32,93587
1974,Male,33,91906
1974,Male,34,88158
1974,Male,35,85529
1974,Male,36,84426
1974,Male,37,83276
1974,Male,38,82813
1974,Male,39,75608
1974,Male,40,76075
1974,Male,41,77307
1974,Male,42,77022
1974,Male,43,84217
1974,Male,44,81668
1974,Male,45,82724
1974,Male,46,84472
1974,Male,47,82044
1974,Male,48,86135
1974,Male,49,78937
1974,Male,50,79616
1974,Male,51,78491
1974,Male,52,77606
1974,Male,53,77235
1974,Male,54,69039
1974,Male,55,60990
1974,Male,56,61164
1974,Male,57,61946
1974,Male,58,59934
1974,Male,59,60513
1974,Male,60,60385
1974,Male,61,57081
1974,Male,62,54799
1974,Male,63,52624
1974,Male,64,47980
1974,Male,65,45944
1974,Male,66,43876
1974,Male,67,41324
1974,Male,68,39556
1974,Male,69,35366
1974,Male,70,33373
1974,Male,71,30478
1974,Male,72,27699
1974,Male,73,26806
1974,Male,74,24758
1974,Male,75,19360
1974,Male,76,17585
1974,Male,77,15549
1974,Male,78,14032
1974,Male,79,12361
1974,Male,80,10994
1974,Male,81,10180
1974,Male,82,8958
1974,Male,83,7869
1974,Male,84,6676
1974,Male,85,5407
1974,Male,86,4483
1974,Male,87,3445
1974,Male,88,2711
1974,Male,89,2096
1974,Male,90,1535
1974,Male,91,1078
1974,Male,92,826
1974,Male,93,579
1974,Male,94,373
1974,Male,95,267
1974,Male,96,169
1974,Male,97,119
1974,Male,98,109
1974,Male,99,39
1974,Male,100,67
1974,Female,0,117770
1974,Female,1,124906
1974,Female,2,132726
1974,Female,3,132101
1974,Female,4,125360
1974,Female,5,125471
1974,Female,6,119908
1974,Female,7,118471
1974,Female,8,117604
1974,Female,9,118787
1974,Female,10,124523
1974,Female,11,125876
1974,Female,12,127890
1974,Female,13,128500
1974,Female,14,124514
1974,Female,15,124070
1974,Female,16,120928
1974,Female,17,117749
1974,Female,18,116225
1974,Female,19,115908
1974,Female,20,114608
1974,Female,21,115881
1974,Female,22,112654
1974,Female,23,113049
1974,Female,24,113552
1974,Female,25,111642
1974,Female,26,114976
1974,Female,27,122005
1974,Female,28,101321
1974,Female,29,97854
1974,Female,30,96915
1974,Female,31,88443
1974,Female,32,87512
1974,Female,33,85192
1974,Female,34,82075
1974,Female,35,80635
1974,Female,36,80570
1974,Female,37,78274
1974,Female,38,78703
1974,Female,39,71883
1974,Female,40,71715
1974,Female,41,72103
1974,Female,42,71569
1974,Female,43,79182
1974,Female,44,75458
1974,Female,45,76578
1974,Female,46,78635
1974,Female,47,76750
1974,Female,48,80926
1974,Female,49,76551
1974,Female,50,76784
1974,Female,51,76524
1974,Female,52,76157
1974,Female,53,76133
1974,Female,54,68687
1974,Female,55,62547
1974,Female,56,62901
1974,Female,57,62943
1974,Female,58,63738
1974,Female,59,62494
1974,Female,60,63271
1974,Female,61,60301
1974,Female,62,57801
1974,Female,63,58836
1974,Female,64,52177
1974,Female,65,50324
1974,Female,66,49506
1974,Female,67,45941
1974,Female,68,45977
1974,Female,69,41111
1974,Female,70,39334
1974,Female,71,37009
1974,Female,72,34892
1974,Female,73,37667
1974,Female,74,35309
1974,Female,75,28532
1974,Female,76,27465
1974,Female,77,25724
1974,Female,78,25547
1974,Female,79,22137
1974,Female,80,20494
1974,Female,81,19138
1974,Female,82,16932
1974,Female,83,15683
1974,Female,84,13150
1974,Female,85,11120
1974,Female,86,9286
1974,Female,87,7544
1974,Female,88,6218
1974,Female,89,4920
1974,Female,90,3751
1974,Female,91,2907
1974,Female,92,2282
1974,Female,93,1727
1974,Female,94,1167
1974,Female,95,824
1974,Female,96,562
1974,Female,97,381
1974,Female,98,298
1974,Female,99,136
1974,Female,100,116
1975,Male,0,120678
1975,Male,1,125807
1975,Male,2,130706
1975,Male,3,138640
1975,Male,4,138725
1975,Male,5,131976
1975,Male,6,131651
1975,Male,7,126756
1975,Male,8,125225
1975,Male,9,124136
1975,Male,10,125504
1975,Male,11,132542
1975,Male,12,133798
1975,Male,13,135430
1975,Male,14,136820
1975,Male,15,131456
1975,Male,16,129595
1975,Male,17,124758
1975,Male,18,121737
1975,Male,19,121916
1975,Male,20,119156
1975,Male,21,116171
1975,Male,22,118684
1975,Male,23,117436
1975,Male,24,116976
1975,Male,25,117010
1975,Male,26,115889
1975,Male,27,119488
1975,Male,28,129689
1975,Male,29,109707
1975,Male,30,104577
1975,Male,31,102023
1975,Male,32,94892
1975,Male,33,93381
1975,Male,34,91971
1975,Male,35,88325
1975,Male,36,85258
1975,Male,37,84841
1975,Male,38,83767
1975,Male,39,82797
1975,Male,40,74965
1975,Male,41,76279
1975,Male,42,77267
1975,Male,43,76519
1975,Male,44,83576
1975,Male,45,81764
1975,Male,46,81876
1975,Male,47,83977
1975,Male,48,82372
1975,Male,49,85795
1975,Male,50,77784
1975,Male,51,79216
1975,Male,52,77948
1975,Male,53,76646
1975,Male,54,75811
1975,Male,55,68741
1975,Male,56,60078
1975,Male,57,60527
1975,Male,58,61188
1975,Male,59,59233
1975,Male,60,59049
1975,Male,61,59372
1975,Male,62,55659
1975,Male,63,53730
1975,Male,64,51220
1975,Male,65,46793
1975,Male,66,44428
1975,Male,67,42654
1975,Male,68,39882
1975,Male,69,37813
1975,Male,70,33703
1975,Male,71,31846
1975,Male,72,28779
1975,Male,73,25950
1975,Male,74,25108
1975,Male,75,23213
1975,Male,76,17678
1975,Male,77,16153
1975,Male,78,14092
1975,Male,79,12624
1975,Male,80,10859
1975,Male,81,9783
1975,Male,82,8872
1975,Male,83,7783
1975,Male,84,6756
1975,Male,85,5676
1975,Male,86,4442
1975,Male,87,3628
1975,Male,88,2708
1975,Male,89,2142
1975,Male,90,1569
1975,Male,91,1148
1975,Male,92,803
1975,Male,93,602
1975,Male,94,410
1975,Male,95,261
1975,Male,96,188
1975,Male,97,110
1975,Male,98,92
1975,Male,99,97
1975,Male,100,50
1975,Female,0,114903
1975,Female,1,118596
1975,Female,2,125849
1975,Female,3,133384
1975,Female,4,133308
1975,Female,5,126258
1975,Female,6,125601
1975,Female,7,120080
1975,Female,8,118596
1975,Female,9,117893
1975,Female,10,118920
1975,Female,11,125035
1975,Female,12,126035
1975,Female,13,128024
1975,Female,14,128748
1975,Female,15,124961
1975,Female,16,124140
1975,Female,17,120997
1975,Female,18,117736
1975,Female,19,116414
1975,Female,20,116432
1975,Female,21,115034
1975,Female,22,116704
1975,Female,23,113964
1975,Female,24,114295
1975,Female,25,114611
1975,Female,26,112533
1975,Female,27,116167
1975,Female,28,122750
1975,Female,29,101678
1975,Female,30,97560
1975,Female,31,97608
1975,Female,32,88791
1975,Female,33,87699
1975,Female,34,85439
1975,Female,35,82955
1975,Female,36,80429
1975,Female,37,81479
1975,Female,38,78583
1975,Female,39,79044
1975,Female,40,71158
1975,Female,41,72049
1975,Female,42,71900
1975,Female,43,71047
1975,Female,44,78594
1975,Female,45,75981
1975,Female,46,75837
1975,Female,47,78518
1975,Female,48,76835
1975,Female,49,81126
1975,Female,50,75365
1975,Female,51,76769
1975,Female,52,76023
1975,Female,53,75828
1975,Female,54,74833
1975,Female,55,69108
1975,Female,56,61917
1975,Female,57,62622
1975,Female,58,62464
1975,Female,59,63846
1975,Female,60,61585
1975,Female,61,63190
1975,Female,62,59893
1975,Female,63,57528
1975,Female,64,57692
1975,Female,65,51867
1975,Female,66,49124
1975,Female,67,48768
1975,Female,68,44891
1975,Female,69,45134
1975,Female,70,40093
1975,Female,71,38710
1975,Female,72,35896
1975,Female,73,33779
1975,Female,74,36246
1975,Female,75,34325
1975,Female,76,27171
1975,Female,77,26115
1975,Female,78,24198
1975,Female,79,24141
1975,Female,80,20257
1975,Female,81,19094
1975,Female,82,17606
1975,Female,83,15499
1975,Female,84,14019
1975,Female,85,11897
1975,Female,86,9716
1975,Female,87,7954
1975,Female,88,6322
1975,Female,89,5221
1975,Female,90,4001
1975,Female,91,3004
1975,Female,92,2280
1975,Female,93,1761
1975,Female,94,1322
1975,Female,95,872
1975,Female,96,598
1975,Female,97,390
1975,Female,98,278
1975,Female,99,252
1975,Female,100,72
1976,Male,0,115457
1976,Male,1,119694
1976,Male,2,126940
1976,Male,3,131186
1976,Male,4,139021
1976,Male,5,139696
1976,Male,6,132502
1976,Male,7,131837
1976,Male,8,126865
1976,Male,9,125096
1976,Male,10,124377
1976,Male,11,125407
1976,Male,12,132985
1976,Male,13,133976
1976,Male,14,135543
1976,Male,15,137251
1976,Male,16,131532
1976,Male,17,129373
1976,Male,18,124321
1976,Male,19,121222
1976,Male,20,121847
1976,Male,21,118997
1976,Male,22,115520
1976,Male,23,118657
1976,Male,24,117763
1976,Male,25,116885
1976,Male,26,116847
1976,Male,27,116254
1976,Male,28,119542
1976,Male,29,130022
1976,Male,30,109771
1976,Male,31,103957
1976,Male,32,101708
1976,Male,33,94583
1976,Male,34,92773
1976,Male,35,91570
1976,Male,36,88322
1976,Male,37,84678
1976,Male,38,85041
1976,Male,39,84006
1976,Male,40,82599
1976,Male,41,74038
1976,Male,42,76240
1976,Male,43,77005
1976,Male,44,75862
1976,Male,45,82850
1976,Male,46,81779
1976,Male,47,80854
1976,Male,48,83357
1976,Male,49,82472
1976,Male,50,85381
1976,Male,51,76575
1976,Male,52,78629
1976,Male,53,77244
1976,Male,54,75671
1976,Male,55,74247
1976,Male,56,68315
1976,Male,57,59110
1976,Male,58,59819
1976,Male,59,60365
1976,Male,60,58432
1976,Male,61,57576
1976,Male,62,58340
1976,Male,63,54234
1976,Male,64,52559
1976,Male,65,49732
1976,Male,66,45655
1976,Male,67,42977
1976,Male,68,41389
1976,Male,69,38454
1976,Male,70,35969
1976,Male,71,31997
1976,Male,72,30280
1976,Male,73,27111
1976,Male,74,24223
1976,Male,75,23474
1976,Male,76,21724
1976,Male,77,16122
1976,Male,78,14766
1976,Male,79,12686
1976,Male,80,11341
1976,Male,81,9545
1976,Male,82,8706
1976,Male,83,7682
1976,Male,84,6711
1976,Male,85,5719
1976,Male,86,4847
1976,Male,87,3665
1976,Male,88,2966
1976,Male,89,2116
1976,Male,90,1684
1976,Male,91,1168
1976,Male,92,852
1976,Male,93,603
1976,Male,94,436
1976,Male,95,299
1976,Male,96,206
1976,Male,97,136
1976,Male,98,75
1976,Male,99,60
1976,Male,100,81
1976,Female,0,110899
1976,Female,1,114461
1976,Female,2,119633
1976,Female,3,126686
1976,Female,4,133914
1976,Female,5,134351
1976,Female,6,126910
1976,Female,7,125504
1976,Female,8,119890
1976,Female,9,118438
1976,Female,10,117839
1976,Female,11,118876
1976,Female,12,125270
1976,Female,13,125865
1976,Female,14,127977
1976,Female,15,128816
1976,Female,16,125199
1976,Female,17,124091
1976,Female,18,121166
1976,Female,19,117806
1976,Female,20,116370
1976,Female,21,116614
1976,Female,22,115398
1976,Female,23,117234
1976,Female,24,114958
1976,Female,25,115343
1976,Female,26,115337
1976,Female,27,113069
1976,Female,28,116892
1976,Female,29,123097
1976,Female,30,101582
1976,Female,31,96963
1976,Female,32,97881
1976,Female,33,88659
1976,Female,34,87510
1976,Female,35,85357
1976,Female,36,83465
1976,Female,37,79833
1976,Female,38,82159
1976,Female,39,78783
1976,Female,40,79152
1976,Female,41,70297
1976,Female,42,72262
1976,Female,43,71510
1976,Female,44,70373
1976,Female,45,77827
1976,Female,46,76357
1976,Female,47,74970
1976,Female,48,78240
1976,Female,49,76799
1976,Female,50,81209
1976,Female,51,74069
1976,Female,52,76709
1976,Female,53,75538
1976,Female,54,75419
1976,Female,55,73402
1976,Female,56,69450
1976,Female,57,61295
1976,Female,58,62246
1976,Female,59,61919
1976,Female,60,63933
1976,Female,61,60751
1976,Female,62,63151
1976,Female,63,59478
1976,Female,64,57228
1976,Female,65,56535
1976,Female,66,51637
1976,Female,67,47937
1976,Female,68,47987
1976,Female,69,43834
1976,Female,70,44336
1976,Female,71,39151
1976,Female,72,38036
1976,Female,73,34693
1976,Female,74,32650
1976,Female,75,34810
1976,Female,76,33305
1976,Female,77,25885
1976,Female,78,24797
1976,Female,79,22728
1976,Female,80,22793
1976,Female,81,18605
1976,Female,82,17757
1976,Female,83,16084
1976,Female,84,14124
1976,Female,85,12453
1976,Female,86,10749
1976,Female,87,8444
1976,Female,88,6830
1976,Female,89,5297
1976,Female,90,4322
1976,Female,91,3212
1976,Female,92,2410
1976,Female,93,1819
1976,Female,94,1389
1976,Female,95,1014
1976,Female,96,657
1976,Female,97,416
1976,Female,98,258
1976,Female,99,204
1976,Female,100,212
1977,Male,0,115298
1977,Male,1,115936
1977,Male,2,120387
1977,Male,3,127286
1977,Male,4,131450
1977,Male,5,139433
1977,Male,6,140486
1977,Male,7,132940
1977,Male,8,132360
1977,Male,9,127239
1977,Male,10,125723
1977,Male,11,124857
1977,Male,12,126143
1977,Male,13,132969
1977,Male,14,134162
1977,Male,15,135343
1977,Male,16,136696
1977,Male,17,131533
1977,Male,18,129525
1977,Male,19,125685
1977,Male,20,122703
1977,Male,21,122858
1977,Male,22,119838
1977,Male,23,116729
1977,Male,24,119461
1977,Male,25,118404
1977,Male,26,118433
1977,Male,27,117887
1977,Male,28,117083
1977,Male,29,120156
1977,Male,30,129825
1977,Male,31,109495
1977,Male,32,104380
1977,Male,33,101578
1977,Male,34,94139
1977,Male,35,92857
1977,Male,36,91647
1977,Male,37,87778
1977,Male,38,84960
1977,Male,39,84428
1977,Male,40,82995
1977,Male,41,81869
1977,Male,42,74064
1977,Male,43,75735
1977,Male,44,76460
1977,Male,45,75750
1977,Male,46,82582
1977,Male,47,80885
1977,Male,48,80629
1977,Male,49,82737
1977,Male,50,81478
1977,Male,51,83861
1977,Male,52,76487
1977,Male,53,77620
1977,Male,54,76243
1977,Male,55,74755
1977,Male,56,73252
1977,Male,57,66946
1977,Male,58,58210
1977,Male,59,58450
1977,Male,60,59046
1977,Male,61,57503
1977,Male,62,56772
1977,Male,63,56981
1977,Male,64,52888
1977,Male,65,51023
1977,Male,66,48194
1977,Male,67,44131
1977,Male,68,41484
1977,Male,69,39483
1977,Male,70,36592
1977,Male,71,34228
1977,Male,72,30431
1977,Male,73,28336
1977,Male,74,25242
1977,Male,75,22525
1977,Male,76,21599
1977,Male,77,19806
1977,Male,78,14666
1977,Male,79,13214
1977,Male,80,11346
1977,Male,81,10083
1977,Male,82,8468
1977,Male,83,7519
1977,Male,84,6528
1977,Male,85,5682
1977,Male,86,4743
1977,Male,87,3946
1977,Male,88,2989
1977,Male,89,2344
1977,Male,90,1634
1977,Male,91,1323
1977,Male,92,906
1977,Male,93,626
1977,Male,94,424
1977,Male,95,306
1977,Male,96,212
1977,Male,97,148
1977,Male,98,92
1977,Male,99,49
1977,Male,100,92
1977,Female,0,109539
1977,Female,1,111373
1977,Female,2,115187
1977,Female,3,120196
1977,Female,4,126966
1977,Female,5,134285
1977,Female,6,135103
1977,Female,7,127276
1977,Female,8,126316
1977,Female,9,120637
1977,Female,10,119204
1977,Female,11,118595
1977,Female,12,119875
1977,Female,13,125757
1977,Female,14,126667
1977,Female,15,128538
1977,Female,16,129182
1977,Female,17,125796
1977,Female,18,124795
1977,Female,19,122428
1977,Female,20,118894
1977,Female,21,117490
1977,Female,22,117201
1977,Female,23,116219
1977,Female,24,117820
1977,Female,25,115727
1977,Female,26,116873
1977,Female,27,115832
1977,Female,28,114227
1977,Female,29,117246
1977,Female,30,123604
1977,Female,31,102181
1977,Female,32,98327
1977,Female,33,97996
1977,Female,34,88765
1977,Female,35,87800
1977,Female,36,86001
1977,Female,37,82975
1977,Female,38,80478
1977,Female,39,81411
1977,Female,40,78116
1977,Female,41,78487
1977,Female,42,70514
1977,Female,43,71721
1977,Female,44,71379
1977,Female,45,70459
1977,Female,46,78078
1977,Female,47,75673
1977,Female,48,75147
1977,Female,49,77854
1977,Female,50,76418
1977,Female,51,80156
1977,Female,52,74358
1977,Female,53,75896
1977,Female,54,75065
1977,Female,55,74910
1977,Female,56,73756
1977,Female,57,68590
1977,Female,58,61119
1977,Female,59,61697
1977,Female,60,61595
1977,Female,61,63180
1977,Female,62,60593
1977,Female,63,62217
1977,Female,64,58603
1977,Female,65,56401
1977,Female,66,55899
1977,Female,67,50778
1977,Female,68,47429
1977,Female,69,46815
1977,Female,70,42725
1977,Female,71,42915
1977,Female,72,38268
1977,Female,73,36476
1977,Female,74,33290
1977,Female,75,31315
1977,Female,76,33193
1977,Female,77,31413
1977,Female,78,24497
1977,Female,79,23247
1977,Female,80,21275
1977,Female,81,21017
1977,Female,82,17287
1977,Female,83,16128
1977,Female,84,14431
1977,Female,85,12557
1977,Female,86,10912
1977,Female,87,9221
1977,Female,88,7201
1977,Female,89,5729
1977,Female,90,4410
1977,Female,91,3533
1977,Female,92,2592
1977,Female,93,1879
1977,Female,94,1386
1977,Female,95,1041
1977,Female,96,744
1977,Female,97,470
1977,Female,98,287
1977,Female,99,164
1977,Female,100,244
1978,Male,0,115249
1978,Male,1,115587
1978,Male,2,116767
1978,Male,3,121212
1978,Male,4,127671
1978,Male,5,131820
1978,Male,6,139894
1978,Male,7,141359
1978,Male,8,133356
1978,Male,9,132984
1978,Male,10,127565
1978,Male,11,126275
1978,Male,12,125292
1978,Male,13,126776
1978,Male,14,132926
1978,Male,15,134297
1978,Male,16,135068
1978,Male,17,136085
1978,Male,18,131859
1978,Male,19,129797
1978,Male,20,126798
1978,Male,21,123661
1978,Male,22,123774
1978,Male,23,120612
1978,Male,24,118027
1978,Male,25,120290
1978,Male,26,119250
1978,Male,27,120118
1978,Male,28,118855
1978,Male,29,117895
1978,Male,30,120769
1978,Male,31,129648
1978,Male,32,109268
1978,Male,33,104777
1978,Male,34,101537
1978,Male,35,93897
1978,Male,36,92949
1978,Male,37,91842
1978,Male,38,87213
1978,Male,39,85255
1978,Male,40,83876
1978,Male,41,82149
1978,Male,42,81182
1978,Male,43,74231
1978,Male,44,75263
1978,Male,45,75799
1978,Male,46,75589
1978,Male,47,82220
1978,Male,48,79949
1978,Male,49,80404
1978,Male,50,82044
1978,Male,51,80492
1978,Male,52,82421
1978,Male,53,76431
1978,Male,54,76594
1978,Male,55,75210
1978,Male,56,73801
1978,Male,57,72305
1978,Male,58,65680
1978,Male,59,57258
1978,Male,60,57120
1978,Male,61,57850
1978,Male,62,56569
1978,Male,63,55849
1978,Male,64,55642
1978,Male,65,51532
1978,Male,66,49576
1978,Male,67,46747
1978,Male,68,42660
1978,Male,69,39969
1978,Male,70,37611
1978,Male,71,34746
1978,Male,72,32531
1978,Male,73,28863
1978,Male,74,26406
1978,Male,75,23489
1978,Male,76,20919
1978,Male,77,19808
1978,Male,78,17965
1978,Male,79,13307
1978,Male,80,11815
1978,Male,81,10147
1978,Male,82,8916
1978,Male,83,7446
1978,Male,84,6470
1978,Male,85,5540
1978,Male,86,4811
1978,Male,87,3935
1978,Male,88,3222
1978,Male,89,2424
1978,Male,90,1876
1978,Male,91,1302
1978,Male,92,1030
1978,Male,93,684
1978,Male,94,441
1978,Male,95,304
1978,Male,96,216
1978,Male,97,143
1978,Male,98,102
1978,Male,99,62
1978,Male,100,76
1978,Female,0,109350
1978,Female,1,109991
1978,Female,2,112098
1978,Female,3,115902
1978,Female,4,120745
1978,Female,5,127194
1978,Female,6,134657
1978,Female,7,135991
1978,Female,8,127693
1978,Female,9,127125
1978,Female,10,121354
1978,Female,11,119977
1978,Female,12,119339
1978,Female,13,120756
1978,Female,14,126162
1978,Female,15,127412
1978,Female,16,129188
1978,Female,17,129524
1978,Female,18,126734
1978,Female,19,125816
1978,Female,20,123525
1978,Female,21,120043
1978,Female,22,118591
1978,Female,23,118084
1978,Female,24,117000
1978,Female,25,118665
1978,Female,26,116708
1978,Female,27,118477
1978,Female,28,116372
1978,Female,29,115144
1978,Female,30,117542
1978,Female,31,124085
1978,Female,32,102772
1978,Female,33,99621
1978,Female,34,97956
1978,Female,35,88880
1978,Female,36,88212
1978,Female,37,86632
1978,Female,38,82338
1978,Female,39,81162
1978,Female,40,80782
1978,Female,41,77485
1978,Female,42,77751
1978,Female,43,70763
1978,Female,44,71091
1978,Female,45,71167
1978,Female,46,70537
1978,Female,47,78328
1978,Female,48,75070
1978,Female,49,75398
1978,Female,50,77405
1978,Female,51,75981
1978,Female,52,79142
1978,Female,53,74733
1978,Female,54,75160
1978,Female,55,74589
1978,Female,56,74460
1978,Female,57,74224
1978,Female,58,67832
1978,Female,59,60953
1978,Female,60,61209
1978,Female,61,61313
1978,Female,62,62437
1978,Female,63,60427
1978,Female,64,61187
1978,Female,65,57738
1978,Female,66,55650
1978,Female,67,55281
1978,Female,68,49912
1978,Female,69,46915
1978,Female,70,45693
1978,Female,71,41730
1978,Female,72,41471
1978,Female,73,37302
1978,Female,74,34936
1978,Female,75,31861
1978,Female,76,29968
1978,Female,77,31592
1978,Female,78,29509
1978,Female,79,23071
1978,Female,80,21780
1978,Female,81,19941
1978,Female,82,19362
1978,Female,83,16020
1978,Female,84,14517
1978,Female,85,12838
1978,Female,86,11107
1978,Female,87,9508
1978,Female,88,7879
1978,Female,89,6147
1978,Female,90,4777
1978,Female,91,3658
1978,Female,92,2851
1978,Female,93,2067
1978,Female,94,1464
1978,Female,95,1058
1978,Female,96,791
1978,Female,97,568
1978,Female,98,332
1978,Female,99,206
1978,Female,100,221
1979,Male,0,113443
1979,Male,1,115402
1979,Male,2,116016
1979,Male,3,117652
1979,Male,4,121941
1979,Male,5,128090
1979,Male,6,132035
1979,Male,7,140035
1979,Male,8,141949
1979,Male,9,133684
1979,Male,10,133491
1979,Male,11,127886
1979,Male,12,126781
1979,Male,13,125642
1979,Male,14,127374
1979,Male,15,132834
1979,Male,16,134434
1979,Male,17,134883
1979,Male,18,135872
1979,Male,19,132485
1979,Male,20,130443
1979,Male,21,127909
1979,Male,22,124615
1979,Male,23,124760
1979,Male,24,121565
1979,Male,25,119372
1979,Male,26,121212
1979,Male,27,119966
1979,Male,28,121738
1979,Male,29,119547
1979,Male,30,118322
1979,Male,31,121245
1979,Male,32,129364
1979,Male,33,108803
1979,Male,34,105088
1979,Male,35,101368
1979,Male,36,93335
1979,Male,37,92936
1979,Male,38,92015
1979,Male,39,86696
1979,Male,40,85422
1979,Male,41,83176
1979,Male,42,81172
1979,Male,43,80410
1979,Male,44,74303
1979,Male,45,74754
1979,Male,46,75187
1979,Male,47,75412
1979,Male,48,81854
1979,Male,49,79038
1979,Male,50,80186
1979,Male,51,81358
1979,Male,52,79415
1979,Male,53,80855
1979,Male,54,76300
1979,Male,55,75570
1979,Male,56,74176
1979,Male,57,72728
1979,Male,58,71217
1979,Male,59,64244
1979,Male,60,56246
1979,Male,61,55734
1979,Male,62,56590
1979,Male,63,55507
1979,Male,64,54906
1979,Male,65,54272
1979,Male,66,50134
1979,Male,67,48090
1979,Male,68,45198
1979,Male,69,41022
1979,Male,70,38369
1979,Male,71,35798
1979,Male,72,32885
1979,Male,73,30734
1979,Male,74,27223
1979,Male,75,24430
1979,Male,76,21714
1979,Male,77,19324
1979,Male,78,18124
1979,Male,79,16143
1979,Male,80,11965
1979,Male,81,10494
1979,Male,82,8999
1979,Male,83,7794
1979,Male,84,6514
1979,Male,85,5523
1979,Male,86,4640
1979,Male,87,3987
1979,Male,88,3202
1979,Male,89,2552
1979,Male,90,1947
1979,Male,91,1459
1979,Male,92,997
1979,Male,93,803
1979,Male,94,515
1979,Male,95,324
1979,Male,96,214
1979,Male,97,155
1979,Male,98,92
1979,Male,99,74
1979,Male,100,64
1979,Female,0,108325
1979,Female,1,109614
1979,Female,2,110485
1979,Female,3,112708
1979,Female,4,116486
1979,Female,5,121169
1979,Female,6,127182
1979,Female,7,134778
1979,Female,8,136643
1979,Female,9,127968
1979,Female,10,127795
1979,Female,11,121931
1979,Female,12,120559
1979,Female,13,119895
1979,Female,14,121476
1979,Female,15,126402
1979,Female,16,128173
1979,Female,17,129849
1979,Female,18,130433
1979,Female,19,128194
1979,Female,20,126779
1979,Female,21,124319
1979,Female,22,121026
1979,Female,23,119764
1979,Female,24,118822
1979,Female,25,117945
1979,Female,26,119559
1979,Female,27,117428
1979,Female,28,119809
1979,Female,29,116721
1979,Female,30,115968
1979,Female,31,117574
1979,Female,32,124217
1979,Female,33,103175
1979,Female,34,100659
1979,Female,35,97767
1979,Female,36,88842
1979,Female,37,88406
1979,Female,38,87178
1979,Female,39,81644
1979,Female,40,81648
1979,Female,41,80004
1979,Female,42,76769
1979,Female,43,77046
1979,Female,44,71027
1979,Female,45,70547
1979,Female,46,70906
1979,Female,47,70567
1979,Female,48,78512
1979,Female,49,74368
1979,Female,50,75574
1979,Female,51,76923
1979,Female,52,75529
1979,Female,53,77987
1979,Female,54,75001
1979,Female,55,74317
1979,Female,56,74101
1979,Female,57,73943
1979,Female,58,74571
1979,Female,59,66964
1979,Female,60,60736
1979,Female,61,60635
1979,Female,62,60930
1979,Female,63,61570
1979,Female,64,60171
1979,Female,65,60152
1979,Female,66,56817
1979,Female,67,54783
1979,Female,68,54555
1979,Female,69,48918
1979,Female,70,46297
1979,Female,71,44532
1979,Female,72,40641
1979,Female,73,40019
1979,Female,74,36254
1979,Female,75,33297
1979,Female,76,30439
1979,Female,77,28624
1979,Female,78,30042
1979,Female,79,27590
1979,Female,80,21636
1979,Female,81,20326
1979,Female,82,18524
1979,Female,83,17633
1979,Female,84,14719
1979,Female,85,12922
1979,Female,86,11333
1979,Female,87,9711
1979,Female,88,8244
1979,Female,89,6629
1979,Female,90,5105
1979,Female,91,3923
1979,Female,92,2956
1979,Female,93,2268
1979,Female,94,1656
1979,Female,95,1126
1979,Female,96,808
1979,Female,97,597
1979,Female,98,415
1979,Female,99,236
1979,Female,100,227
1980,Male,0,114488
1980,Male,1,113943
1980,Male,2,116036
1980,Male,3,116677
1980,Male,4,118752
1980,Male,5,122871
1980,Male,6,128596
1980,Male,7,132467
1980,Male,8,140508
1980,Male,9,142798
1980,Male,10,134242
1980,Male,11,134227
1980,Male,12,128391
1980,Male,13,127439
1980,Male,14,126166
1980,Male,15,128084
1980,Male,16,132827
1980,Male,17,134736
1980,Male,18,134991
1980,Male,19,135887
1980,Male,20,133031
1980,Male,21,130645
1980,Male,22,128728
1980,Male,23,125753
1980,Male,24,125887
1980,Male,25,122475
1980,Male,26,120889
1980,Male,27,122382
1980,Male,28,121216
1980,Male,29,123591
1980,Male,30,120706
1980,Male,31,119191
1980,Male,32,121900
1980,Male,33,129291
1980,Male,34,108747
1980,Male,35,105624
1980,Male,36,101352
1980,Male,37,93018
1980,Male,38,93112
1980,Male,39,92220
1980,Male,40,86255
1980,Male,41,85820
1980,Male,42,82602
1980,Male,43,80257
1980,Male,44,79727
1980,Male,45,74430
1980,Male,46,74211
1980,Male,47,74606
1980,Male,48,75336
1980,Male,49,81525
1980,Male,50,78139
1980,Male,51,80019
1980,Male,52,80700
1980,Male,53,78331
1980,Male,54,79317
1980,Male,55,76188
1980,Male,56,74601
1980,Male,57,73170
1980,Male,58,71691
1980,Male,59,70212
1980,Male,60,62822
1980,Male,61,55278
1980,Male,62,54353
1980,Male,63,55304
1980,Male,64,54531
1980,Male,65,54014
1980,Male,66,52903
1980,Male,67,48696
1980,Male,68,46547
1980,Male,69,43619
1980,Male,70,39428
1980,Male,71,36855
1980,Male,72,33902
1980,Male,73,30992
1980,Male,74,28933
1980,Male,75,25656
1980,Male,76,22550
1980,Male,77,19997
1980,Male,78,17724
1980,Male,79,16443
1980,Male,80,14486
1980,Male,81,10779
1980,Male,82,9237
1980,Male,83,7930
1980,Male,84,6773
1980,Male,85,5670
1980,Male,86,4727
1980,Male,87,3922
1980,Male,88,3331
1980,Male,89,2607
1980,Male,90,1974
1980,Male,91,1533
1980,Male,92,1133
1980,Male,93,747
1980,Male,94,591
1980,Male,95,383
1980,Male,96,245
1980,Male,97,166
1980,Male,98,113
1980,Male,99,61
1980,Male,100,84
1980,Female,0,108080
1980,Female,1,108953
1980,Female,2,110410
1980,Female,3,111287
1980,Female,4,113563
1980,Female,5,117342
1980,Female,6,121831
1980,Female,7,127487
1980,Female,8,135199
1980,Female,9,137486
1980,Female,10,128472
1980,Female,11,128655
1980,Female,12,122711
1980,Female,13,121311
1980,Female,14,120606
1980,Female,15,122435
1980,Female,16,126952
1980,Female,17,129148
1980,Female,18,130984
1980,Female,19,131513
1980,Female,20,129322
1980,Female,21,127473
1980,Female,22,125117
1980,Female,23,122078
1980,Female,24,121114
1980,Female,25,119985
1980,Female,26,119004
1980,Female,27,120606
1980,Female,28,118416
1980,Female,29,121345
1980,Female,30,117184
1980,Female,31,117114
1980,Female,32,117961
1980,Female,33,124654
1980,Female,34,103737
1980,Female,35,101926
1980,Female,36,97767
1980,Female,37,88922
1980,Female,38,88753
1980,Female,39,87837
1980,Female,40,81089
1980,Female,41,82253
1980,Female,42,79300
1980,Female,43,76142
1980,Female,44,76391
1980,Female,45,71300
1980,Female,46,69995
1980,Female,47,70727
1980,Female,48,70631
1980,Female,49,78767
1980,Female,50,73734
1980,Female,51,75787
1980,Female,52,76467
1980,Female,53,75109
1980,Female,54,76933
1980,Female,55,75363
1980,Female,56,73528
1980,Female,57,73666
1980,Female,58,73456
1980,Female,59,74969
1980,Female,60,66198
1980,Female,61,60586
1980,Female,62,60138
1980,Female,63,60655
1980,Female,64,60846
1980,Female,65,59940
1980,Female,66,59189
1980,Female,67,55916
1980,Female,68,53924
1980,Female,69,53865
1980,Female,70,47925
1980,Female,71,45682
1980,Female,72,43328
1980,Female,73,39475
1980,Female,74,38555
1980,Female,75,35251
1980,Female,76,31718
1980,Female,77,29073
1980,Female,78,27238
1980,Female,79,28387
1980,Female,80,25680
1980,Female,81,20219
1980,Female,82,18789
1980,Female,83,17077
1980,Female,84,15891
1980,Female,85,13477
1980,Female,86,11479
1980,Female,87,9906
1980,Female,88,8464
1980,Female,89,7096
1980,Female,90,5516
1980,Female,91,4277
1980,Female,92,3222
1980,Female,93,2384
1980,Female,94,1803
1980,Female,95,1325
1980,Female,96,854
1980,Female,97,597
1980,Female,98,427
1980,Female,99,298
1980,Female,100,279
1981,Male,0,117842
1981,Male,1,115397
1981,Male,2,115058
1981,Male,3,117110
1981,Male,4,117811
1981,Male,5,120391
1981,Male,6,124310
1981,Male,7,129610
1981,Male,8,133357
1981,Male,9,141435
1981,Male,10,144095
1981,Male,11,135250
1981,Male,12,135326
1981,Male,13,129174
1981,Male,14,128392
1981,Male,15,126968
1981,Male,16,129114
1981,Male,17,133197
1981,Male,18,135667
1981,Male,19,135833
1981,Male,20,136447
1981,Male,21,133949
1981,Male,22,131430
1981,Male,23,130469
1981,Male,24,127544
1981,Male,25,127727
1981,Male,26,124185
1981,Male,27,123235
1981,Male,28,124215
1981,Male,29,123048
1981,Male,30,126094
1981,Male,31,122512
1981,Male,32,120648
1981,Male,33,123091
1981,Male,34,129908
1981,Male,35,109097
1981,Male,36,106590
1981,Male,37,101706
1981,Male,38,93041
1981,Male,39,93744
1981,Male,40,92801
1981,Male,41,86182
1981,Male,42,86475
1981,Male,43,82221
1981,Male,44,79503
1981,Male,45,79265
1981,Male,46,74730
1981,Male,47,73858
1981,Male,48,74167
1981,Male,49,75310
1981,Male,50,81134
1981,Male,51,77256
1981,Male,52,79849
1981,Male,53,80063
1981,Male,54,77247
1981,Male,55,77794
1981,Male,56,76118
1981,Male,57,73533
1981,Male,58,72074
1981,Male,59,70618
1981,Male,60,69162
1981,Male,61,61378
1981,Male,62,54339
1981,Male,63,52927
1981,Male,64,54041
1981,Male,65,53450
1981,Male,66,53056
1981,Male,67,51492
1981,Male,68,47216
1981,Male,69,44931
1981,Male,70,42029
1981,Male,71,37817
1981,Male,72,35216
1981,Male,73,31911
1981,Male,74,29056
1981,Male,75,27092
1981,Male,76,24040
1981,Male,77,20691
1981,Male,78,18259
1981,Male,79,16109
1981,Male,80,14802
1981,Male,81,12752
1981,Male,82,9607
1981,Male,83,7999
1981,Male,84,6896
1981,Male,85,5730
1981,Male,86,4897
1981,Male,87,3934
1981,Male,88,3230
1981,Male,89,2690
1981,Male,90,2087
1981,Male,91,1492
1981,Male,92,1187
1981,Male,93,840
1981,Male,94,549
1981,Male,95,424
1981,Male,96,280
1981,Male,97,175
1981,Male,98,124
1981,Male,99,76
1981,Male,100,69
1981,Female,0,112880
1981,Female,1,109234
1981,Female,2,110143
1981,Female,3,111626
1981,Female,4,112517
1981,Female,5,114823
1981,Female,6,118551
1981,Female,7,122835
1981,Female,8,128190
1981,Female,9,136052
1981,Female,10,138755
1981,Female,11,129341
1981,Female,12,129888
1981,Female,13,123739
1981,Female,14,122408
1981,Female,15,121554
1981,Female,16,123633
1981,Female,17,127808
1981,Female,18,130698
1981,Female,19,132573
1981,Female,20,132797
1981,Female,21,130646
1981,Female,22,128438
1981,Female,23,126314
1981,Female,24,123832
1981,Female,25,123190
1981,Female,26,121758
1981,Female,27,120580
1981,Female,28,122201
1981,Female,29,119843
1981,Female,30,123307
1981,Female,31,118208
1981,Female,32,118754
1981,Female,33,118867
1981,Female,34,125553
1981,Female,35,104748
1981,Female,36,103538
1981,Female,37,97976
1981,Female,38,89309
1981,Female,39,89323
1981,Female,40,88689
1981,Female,41,80737
1981,Female,42,82980
1981,Female,43,78647
1981,Female,44,75570
1981,Female,45,75830
1981,Female,46,71699
1981,Female,47,69495
1981,Female,48,70569
1981,Female,49,70741
1981,Female,50,79029
1981,Female,51,73161
1981,Female,52,76028
1981,Female,53,76091
1981,Female,54,74751
1981,Female,55,75880
1981,Female,56,75687
1981,Female,57,72725
1981,Female,58,73202
1981,Female,59,72962
1981,Female,60,75412
1981,Female,61,65486
1981,Female,62,60471
1981,Female,63,59647
1981,Female,64,60280
1981,Female,65,60108
1981,Female,66,59753
1981,Female,67,58182
1981,Female,68,55009
1981,Female,69,53019
1981,Female,70,53107
1981,Female,71,46892
1981,Female,72,45043
1981,Female,73,42062
1981,Female,74,38327
1981,Female,75,36963
1981,Female,76,34141
1981,Female,77,30020
1981,Female,78,27566
1981,Female,79,25730
1981,Female,80,26758
1981,Female,81,23738
1981,Female,82,18773
1981,Female,83,17230
1981,Female,84,15568
1981,Female,85,14142
1981,Female,86,12240
1981,Female,87,10029
1981,Female,88,8587
1981,Female,89,7228
1981,Female,90,5977
1981,Female,91,4490
1981,Female,92,3506
1981,Female,93,2584
1981,Female,94,1858
1981,Female,95,1366
1981,Female,96,1033
1981,Female,97,620
1981,Female,98,449
1981,Female,99,322
1981,Female,100,374
1982,Male,0,121129
1982,Male,1,118804
1982,Male,2,116828
1982,Male,3,116466
1982,Male,4,118483
1982,Male,5,119046
1982,Male,6,121746
1982,Male,7,125692
1982,Male,8,130889
1982,Male,9,134991
1982,Male,10,142881
1982,Male,11,145561
1982,Male,12,136512
1982,Male,13,136300
1982,Male,14,130305
1982,Male,15,128978
1982,Male,16,127725
1982,Male,17,130039
1982,Male,18,134199
1982,Male,19,137165
1982,Male,20,137600
1982,Male,21,138186
1982,Male,22,135237
1982,Male,23,133101
1982,Male,24,131837
1982,Male,25,128865
1982,Male,26,129517
1982,Male,27,125029
1982,Male,28,124350
1982,Male,29,125425
1982,Male,30,124119
1982,Male,31,127200
1982,Male,32,124122
1982,Male,33,121949
1982,Male,34,124799
1982,Male,35,131878
1982,Male,36,110890
1982,Male,37,107108
1982,Male,38,103022
1982,Male,39,94346
1982,Male,40,94297
1982,Male,41,93353
1982,Male,42,87080
1982,Male,43,86541
1982,Male,44,82775
1982,Male,45,80439
1982,Male,46,79925
1982,Male,47,74613
1982,Male,48,74215
1982,Male,49,74315
1982,Male,50,75123
1982,Male,51,80719
1982,Male,52,77429
1982,Male,53,79357
1982,Male,54,79646
1982,Male,55,77061
1982,Male,56,77599
1982,Male,57,75150
1982,Male,58,72947
1982,Male,59,71369
1982,Male,60,70088
1982,Male,61,68390
1982,Male,62,60652
1982,Male,63,53368
1982,Male,64,51957
1982,Male,65,52905
1982,Male,66,52194
1982,Male,67,51612
1982,Male,68,49981
1982,Male,69,45828
1982,Male,70,43204
1982,Male,71,40469
1982,Male,72,36326
1982,Male,73,33288
1982,Male,74,30239
1982,Male,75,27435
1982,Male,76,25273
1982,Male,77,22265
1982,Male,78,19125
1982,Male,79,16706
1982,Male,80,14599
1982,Male,81,13351
1982,Male,82,11497
1982,Male,83,8460
1982,Male,84,6970
1982,Male,85,5936
1982,Male,86,4864
1982,Male,87,4110
1982,Male,88,3247
1982,Male,89,2646
1982,Male,90,2140
1982,Male,91,1648
1982,Male,92,1156
1982,Male,93,881
1982,Male,94,626
1982,Male,95,413
1982,Male,96,325
1982,Male,97,187
1982,Male,98,95
1982,Male,99,90
1982,Male,100,96
1982,Female,0,114979
1982,Female,1,113785
1982,Female,2,110478
1982,Female,3,111345
1982,Female,4,112977
1982,Female,5,113621
1982,Female,6,115979
1982,Female,7,119776
1982,Female,8,124044
1982,Female,9,129501
1982,Female,10,137282
1982,Female,11,139922
1982,Female,12,130454
1982,Female,13,130618
1982,Female,14,124592
1982,Female,15,122974
1982,Female,16,122345
1982,Female,17,124588
1982,Female,18,128866
1982,Female,19,132115
1982,Female,20,134011
1982,Female,21,134190
1982,Female,22,131691
1982,Female,23,129740
1982,Female,24,127808
1982,Female,25,125681
1982,Female,26,125396
1982,Female,27,123140
1982,Female,28,122375
1982,Female,29,123857
1982,Female,30,121328
1982,Female,31,124816
1982,Female,32,119956
1982,Female,33,119901
1982,Female,34,120384
1982,Female,35,126925
1982,Female,36,106080
1982,Female,37,103440
1982,Female,38,99246
1982,Female,39,90308
1982,Female,40,89711
1982,Female,41,88846
1982,Female,42,81471
1982,Female,43,82782
1982,Female,44,78947
1982,Female,45,76318
1982,Female,46,76398
1982,Female,47,71400
1982,Female,48,69926
1982,Female,49,70773
1982,Female,50,70688
1982,Female,51,78323
1982,Female,52,73421
1982,Female,53,75514
1982,Female,54,75887
1982,Female,55,74695
1982,Female,56,76357
1982,Female,57,75015
1982,Female,58,72943
1982,Female,59,73126
1982,Female,60,72764
1982,Female,61,74885
1982,Female,62,65258
1982,Female,63,59748
1982,Female,64,59042
1982,Female,65,59661
1982,Female,66,59580
1982,Female,67,58937
1982,Female,68,57752
1982,Female,69,54387
1982,Female,70,52054
1982,Female,71,51858
1982,Female,72,46155
1982,Female,73,43581
1982,Female,74,40874
1982,Female,75,37249
1982,Female,76,35790
1982,Female,77,32687
1982,Female,78,28937
1982,Female,79,26374
1982,Female,80,24398
1982,Female,81,25270
1982,Female,82,22274
1982,Female,83,17284
1982,Female,84,15748
1982,Female,85,14082
1982,Female,86,12633
1982,Female,87,10754
1982,Female,88,8773
1982,Female,89,7374
1982,Female,90,6110
1982,Female,91,4982
1982,Female,92,3697
1982,Female,93,2810
1982,Female,94,2034
1982,Female,95,1447
1982,Female,96,1127
1982,Female,97,767
1982,Female,98,351
1982,Female,99,329
1982,Female,100,461
1983,Male,0,123761
1983,Male,1,121591
1983,Male,2,119697
1983,Male,3,117729
1983,Male,4,117390
1983,Male,5,119229
1983,Male,6,119813
1983,Male,7,122592
1983,Male,8,126439
1983,Male,9,131657
1983,Male,10,136132
1983,Male,11,143815
1983,Male,12,146416
1983,Male,13,137246
1983,Male,14,136689
1983,Male,15,130981
1983,Male,16,129260
1983,Male,17,128245
1983,Male,18,130773
1983,Male,19,135254
1983,Male,20,137822
1983,Male,21,138208
1983,Male,22,138979
1983,Male,23,135428
1983,Male,24,133644
1983,Male,25,132083
1983,Male,26,129422
1983,Male,27,130348
1983,Male,28,124918
1983,Male,29,124659
1983,Male,30,125864
1983,Male,31,124277
1983,Male,32,127498
1983,Male,33,124786
1983,Male,34,122577
1983,Male,35,125683
1983,Male,36,133165
1983,Male,37,112175
1983,Male,38,107086
1983,Male,39,103907
1983,Male,40,95262
1983,Male,41,94528
1983,Male,42,93474
1983,Male,43,87619
1983,Male,44,86224
1983,Male,45,83015
1983,Male,46,81102
1983,Male,47,80364
1983,Male,48,74317
1983,Male,49,74311
1983,Male,50,74329
1983,Male,51,74785
1983,Male,52,80121
1983,Male,53,77422
1983,Male,54,78693
1983,Male,55,79074
1983,Male,56,76726
1983,Male,57,77321
1983,Male,58,74083
1983,Male,59,72276
1983,Male,60,70543
1983,Male,61,69431
1983,Male,62,67488
1983,Male,63,59741
1983,Male,64,52261
1983,Male,65,50936
1983,Male,66,51744
1983,Male,67,50831
1983,Male,68,50027
1983,Male,69,48312
1983,Male,70,44303
1983,Male,71,41391
1983,Male,72,38694
1983,Male,73,34742
1983,Male,74,31375
1983,Male,75,28367
1983,Male,76,25802
1983,Male,77,23422
1983,Male,78,20380
1983,Male,79,17484
1983,Male,80,15205
1983,Male,81,13114
1983,Male,82,11933
1983,Male,83,10174
1983,Male,84,7343
1983,Male,85,5986
1983,Male,86,5061
1983,Male,87,4061
1983,Male,88,3401
1983,Male,89,2647
1983,Male,90,2101
1983,Male,91,1654
1983,Male,92,1286
1983,Male,93,865
1983,Male,94,662
1983,Male,95,445
1983,Male,96,305
1983,Male,97,248
1983,Male,98,130
1983,Male,99,32
1983,Male,100,135
1983,Female,0,116956
1983,Female,1,115506
1983,Female,2,114460
1983,Female,3,111235
1983,Female,4,111910
1983,Female,5,113783
1983,Female,6,114106
1983,Female,7,116628
1983,Female,8,120424
1983,Female,9,124712
1983,Female,10,130364
1983,Female,11,138052
1983,Female,12,140670
1983,Female,13,131137
1983,Female,14,130881
1983,Female,15,125044
1983,Female,16,123237
1983,Female,17,122870
1983,Female,18,125424
1983,Female,19,129793
1983,Female,20,132804
1983,Female,21,134455
1983,Female,22,134752
1983,Female,23,132027
1983,Female,24,130319
1983,Female,25,128574
1983,Female,26,126668
1983,Female,27,126628
1983,Female,28,123790
1983,Female,29,123318
1983,Female,30,124766
1983,Female,31,122180
1983,Female,32,125459
1983,Female,33,121243
1983,Female,34,120325
1983,Female,35,121262
1983,Female,36,127745
1983,Female,37,106849
1983,Female,38,103114
1983,Female,39,100121
1983,Female,40,90957
1983,Female,41,89660
1983,Female,42,88586
1983,Female,43,81876
1983,Female,44,82333
1983,Female,45,79108
1983,Female,46,76819
1983,Female,47,76858
1983,Female,48,70967
1983,Female,49,70212
1983,Female,50,70893
1983,Female,51,70423
1983,Female,52,77542
1983,Female,53,73538
1983,Female,54,74865
1983,Female,55,75573
1983,Female,56,74500
1983,Female,57,76758
1983,Female,58,74259
1983,Female,59,73090
1983,Female,60,73000
1983,Female,61,72585
1983,Female,62,74218
1983,Female,63,64887
1983,Female,64,58866
1983,Female,65,58285
1983,Female,66,58951
1983,Female,67,58859
1983,Female,68,57963
1983,Female,69,57210
1983,Female,70,53635
1983,Female,71,51027
1983,Female,72,50414
1983,Female,73,45230
1983,Female,74,42076
1983,Female,75,39623
1983,Female,76,36121
1983,Female,77,34460
1983,Female,78,31125
1983,Female,79,27617
1983,Female,80,25069
1983,Female,81,22991
1983,Female,82,23667
1983,Female,83,20793
1983,Female,84,15782
1983,Female,85,14283
1983,Female,86,12573
1983,Female,87,11119
1983,Female,88,9319
1983,Female,89,7577
1983,Female,90,6241
1983,Female,91,5088
1983,Female,92,4065
1983,Female,93,2979
1983,Female,94,2214
1983,Female,95,1572
1983,Female,96,1087
1983,Female,97,959
1983,Female,98,544
1983,Female,99,115
1983,Female,100,529
1984,Male,0,122309
1984,Male,1,123927
1984,Male,2,122051
1984,Male,3,120287
1984,Male,4,118338
1984,Male,5,117842
1984,Male,6,119753
1984,Male,7,120165
1984,Male,8,123157
1984,Male,9,126830
1984,Male,10,132104
1984,Male,11,136987
1984,Male,12,144437
1984,Male,13,146954
1984,Male,14,137778
1984,Male,15,136837
1984,Male,16,131368
1984,Male,17,129318
1984,Male,18,128749
1984,Male,19,131584
1984,Male,20,135634
1984,Male,21,137888
1984,Male,22,138626
1984,Male,23,139284
1984,Male,24,135399
1984,Male,25,134018
1984,Male,26,132240
1984,Male,27,129752
1984,Male,28,131092
1984,Male,29,124590
1984,Male,30,124436
1984,Male,31,125932
1984,Male,32,124096
1984,Male,33,127378
1984,Male,34,125006
1984,Male,35,122609
1984,Male,36,126209
1984,Male,37,133987
1984,Male,38,113208
1984,Male,39,106756
1984,Male,40,104529
1984,Male,41,95772
1984,Male,42,94489
1984,Male,43,93335
1984,Male,44,87906
1984,Male,45,85749
1984,Male,46,83059
1984,Male,47,81621
1984,Male,48,80806
1984,Male,49,73926
1984,Male,50,74324
1984,Male,51,74266
1984,Male,52,74400
1984,Male,53,79494
1984,Male,54,77439
1984,Male,55,78048
1984,Male,56,78453
1984,Male,57,76299
1984,Male,58,76902
1984,Male,59,72816
1984,Male,60,71573
1984,Male,61,69722
1984,Male,62,68723
1984,Male,63,66569
1984,Male,64,58885
1984,Male,65,51167
1984,Male,66,49864
1984,Male,67,50518
1984,Male,68,49456
1984,Male,69,48376
1984,Male,70,46672
1984,Male,71,42747
1984,Male,72,39490
1984,Male,73,36889
1984,Male,74,33161
1984,Male,75,29391
1984,Male,76,26675
1984,Male,77,24184
1984,Male,78,21685
1984,Male,79,18605
1984,Male,80,16002
1984,Male,81,13821
1984,Male,82,11772
1984,Male,83,10568
1984,Male,84,8952
1984,Male,85,6355
1984,Male,86,5151
1984,Male,87,4251
1984,Male,88,3391
1984,Male,89,2769
1984,Male,90,2105
1984,Male,91,1701
1984,Male,92,1315
1984,Male,93,998
1984,Male,94,683
1984,Male,95,504
1984,Male,96,344
1984,Male,97,260
1984,Male,98,203
1984,Male,99,84
1984,Male,100,83
1984,Female,0,116912
1984,Female,1,117319
1984,Female,2,116022
1984,Female,3,114861
1984,Female,4,111807
1984,Female,5,112223
1984,Female,6,114189
1984,Female,7,114424
1984,Female,8,117010
1984,Female,9,120806
1984,Female,10,125086
1984,Female,11,130976
1984,Female,12,138596
1984,Female,13,141124
1984,Female,14,131531
1984,Female,15,130938
1984,Female,16,125339
1984,Female,17,123503
1984,Female,18,123429
1984,Female,19,126344
1984,Female,20,130300
1984,Female,21,133061
1984,Female,22,134527
1984,Female,23,135025
1984,Female,24,132187
1984,Female,25,130840
1984,Female,26,129217
1984,Female,27,127249
1984,Female,28,127624
1984,Female,29,124182
1984,Female,30,124018
1984,Female,31,125282
1984,Female,32,122684
1984,Female,33,125746
1984,Female,34,122181
1984,Female,35,120442
1984,Female,36,121689
1984,Female,37,128207
1984,Female,38,107317
1984,Female,39,102318
1984,Female,40,100752
1984,Female,41,91413
1984,Female,42,89540
1984,Female,43,88259
1984,Female,44,82213
1984,Female,45,81812
1984,Female,46,79068
1984,Female,47,77231
1984,Female,48,77250
1984,Female,49,70545
1984,Female,50,70486
1984,Female,51,70943
1984,Female,52,70209
1984,Female,53,76736
1984,Female,54,73660
1984,Female,55,74249
1984,Female,56,75301
1984,Female,57,74264
1984,Female,58,77105
1984,Female,59,73505
1984,Female,60,73270
1984,Female,61,72964
1984,Female,62,72311
1984,Female,63,73454
1984,Female,64,64510
1984,Female,65,57991
1984,Female,66,57577
1984,Female,67,58199
1984,Female,68,58131
1984,Female,69,56926
1984,Female,70,56590
1984,Female,71,52817
1984,Female,72,49894
1984,Female,73,48840
1984,Female,74,44260
1984,Female,75,40448
1984,Female,76,38275
1984,Female,77,34857
1984,Female,78,33119
1984,Female,79,29521
1984,Female,80,26327
1984,Female,81,23765
1984,Female,82,21550
1984,Female,83,22027
1984,Female,84,19254
1984,Female,85,14399
1984,Female,86,12850
1984,Female,87,11198
1984,Female,88,9785
1984,Female,89,8031
1984,Female,90,6472
1984,Female,91,5286
1984,Female,92,4215
1984,Female,93,3281
1984,Female,94,2414
1984,Female,95,1726
1984,Female,96,1214
1984,Female,97,838
1984,Female,98,831
1984,Female,99,363
1984,Female,100,323
1985,Male,0,123187
1985,Male,1,122572
1985,Male,2,124497
1985,Male,3,122753
1985,Male,4,121164
1985,Male,5,119123
1985,Male,6,118659
1985,Male,7,120305
1985,Male,8,120714
1985,Male,9,123763
1985,Male,10,127584
1985,Male,11,132693
1985,Male,12,138030
1985,Male,13,145209
1985,Male,14,147646
1985,Male,15,138450
1985,Male,16,137114
1985,Male,17,132021
1985,Male,18,129700
1985,Male,19,129692
1985,Male,20,132184
1985,Male,21,136062
1985,Male,22,138550
1985,Male,23,139538
1985,Male,24,140215
1985,Male,25,135952
1985,Male,26,135178
1985,Male,27,132992
1985,Male,28,130702
1985,Male,29,132235
1985,Male,30,124728
1985,Male,31,124659
1985,Male,32,126296
1985,Male,33,124169
1985,Male,34,127597
1985,Male,35,125646
1985,Male,36,122985
1985,Male,37,126664
1985,Male,38,135043
1985,Male,39,114282
1985,Male,40,106589
1985,Male,41,105192
1985,Male,42,96376
1985,Male,43,94651
1985,Male,44,93226
1985,Male,45,88291
1985,Male,46,85318
1985,Male,47,83142
1985,Male,48,82216
1985,Male,49,81199
1985,Male,50,73618
1985,Male,51,74406
1985,Male,52,74226
1985,Male,53,73967
1985,Male,54,78784
1985,Male,55,77423
1985,Male,56,77475
1985,Male,57,77768
1985,Male,58,75803
1985,Male,59,76618
1985,Male,60,71603
1985,Male,61,70947
1985,Male,62,68792
1985,Male,63,67843
1985,Male,64,65501
1985,Male,65,57953
1985,Male,66,50124
1985,Male,67,48711
1985,Male,68,49162
1985,Male,69,47958
1985,Male,70,46646
1985,Male,71,44905
1985,Male,72,41051
1985,Male,73,37534
1985,Male,74,35005
1985,Male,75,31552
1985,Male,76,27443
1985,Male,77,24933
1985,Male,78,22512
1985,Male,79,19890
1985,Male,80,16812
1985,Male,81,14494
1985,Male,82,12401
1985,Male,83,10388
1985,Male,84,9320
1985,Male,85,7803
1985,Male,86,5401
1985,Male,87,4332
1985,Male,88,3528
1985,Male,89,2774
1985,Male,90,2216
1985,Male,91,1658
1985,Male,92,1338
1985,Male,93,967
1985,Male,94,758
1985,Male,95,539
1985,Male,96,366
1985,Male,97,256
1985,Male,98,209
1985,Male,99,182
1985,Male,100,80
1985,Female,0,117835
1985,Female,1,117293
1985,Female,2,117997
1985,Female,3,116692
1985,Female,4,115566
1985,Female,5,112580
1985,Female,6,112781
1985,Female,7,114856
1985,Female,8,114826
1985,Female,9,117524
1985,Female,10,121281
1985,Female,11,125612
1985,Female,12,131781
1985,Female,13,139242
1985,Female,14,141776
1985,Female,15,132116
1985,Female,16,131230
1985,Female,17,125877
1985,Female,18,123964
1985,Female,19,124542
1985,Female,20,127296
1985,Female,21,131004
1985,Female,22,133607
1985,Female,23,135075
1985,Female,24,135920
1985,Female,25,132982
1985,Female,26,131874
1985,Female,27,130247
1985,Female,28,128419
1985,Female,29,128926
1985,Female,30,124830
1985,Female,31,124938
1985,Female,32,126090
1985,Female,33,123193
1985,Female,34,126155
1985,Female,35,123199
1985,Female,36,120746
1985,Female,37,122365
1985,Female,38,128757
1985,Female,39,107949
1985,Female,40,101733
1985,Female,41,101409
1985,Female,42,92009
1985,Female,43,89450
1985,Female,44,87882
1985,Female,45,82588
1985,Female,46,81447
1985,Female,47,79088
1985,Female,48,77703
1985,Female,49,77666
1985,Female,50,70176
1985,Female,51,70828
1985,Female,52,71065
1985,Female,53,69980
1985,Female,54,75993
1985,Female,55,73766
1985,Female,56,73697
1985,Female,57,74970
1985,Female,58,74043
1985,Female,59,77461
1985,Female,60,72805
1985,Female,61,73348
1985,Female,62,72971
1985,Female,63,71995
1985,Female,64,72740
1985,Female,65,64042
1985,Female,66,57009
1985,Female,67,56730
1985,Female,68,57415
1985,Female,69,57235
1985,Female,70,55842
1985,Female,71,55759
1985,Female,72,51796
1985,Female,73,48622
1985,Female,74,47179
1985,Female,75,43252
1985,Female,76,38779
1985,Female,77,36855
1985,Female,78,33521
1985,Female,79,31573
1985,Female,80,27767
1985,Female,81,24985
1985,Female,82,22376
1985,Female,83,19972
1985,Female,84,20308
1985,Female,85,17658
1985,Female,86,12854
1985,Female,87,11413
1985,Female,88,9859
1985,Female,89,8473
1985,Female,90,6745
1985,Female,91,5508
1985,Female,92,4389
1985,Female,93,3416
1985,Female,94,2619
1985,Female,95,1937
1985,Female,96,1316
1985,Female,97,938
1985,Female,98,636
1985,Female,99,774
1985,Female,100,276
1986,Male,0,122376
1986,Male,1,123947
1986,Male,2,123396
1986,Male,3,125490
1986,Male,4,123811
1986,Male,5,122258
1986,Male,6,120252
1986,Male,7,119677
1986,Male,8,121177
1986,Male,9,121514
1986,Male,10,124677
1986,Male,11,128419
1986,Male,12,133542
1986,Male,13,139301
1986,Male,14,146263
1986,Male,15,148503
1986,Male,16,139242
1986,Male,17,137636
1986,Male,18,132824
1986,Male,19,130346
1986,Male,20,130460
1986,Male,21,132623
1986,Male,22,137023
1986,Male,23,139442
1986,Male,24,140874
1986,Male,25,141572
1986,Male,26,137149
1986,Male,27,136711
1986,Male,28,134266
1986,Male,29,132059
1986,Male,30,133760
1986,Male,31,125206
1986,Male,32,125106
1986,Male,33,126927
1986,Male,34,124696
1986,Male,35,128004
1986,Male,36,126520
1986,Male,37,123571
1986,Male,38,127457
1986,Male,39,136194
1986,Male,40,115556
1986,Male,41,106449
1986,Male,42,106098
1986,Male,43,97104
1986,Male,44,94910
1986,Male,45,93353
1986,Male,46,88722
1986,Male,47,85041
1986,Male,48,83354
1986,Male,49,82711
1986,Male,50,81571
1986,Male,51,73177
1986,Male,52,74492
1986,Male,53,74201
1986,Male,54,73558
1986,Male,55,78068
1986,Male,56,77477
1986,Male,57,76737
1986,Male,58,77126
1986,Male,59,75426
1986,Male,60,76196
1986,Male,61,70320
1986,Male,62,70226
1986,Male,63,67829
1986,Male,64,67028
1986,Male,65,64560
1986,Male,66,57121
1986,Male,67,48974
1986,Male,68,47588
1986,Male,69,47809
1986,Male,70,46389
1986,Male,71,44908
1986,Male,72,43145
1986,Male,73,39349
1986,Male,74,35553
1986,Male,75,33180
1986,Male,76,29905
1986,Male,77,25519
1986,Male,78,23252
1986,Male,79,20886
1986,Male,80,18136
1986,Male,81,15100
1986,Male,82,13055
1986,Male,83,11018
1986,Male,84,9032
1986,Male,85,8126
1986,Male,86,6791
1986,Male,87,4550
1986,Male,88,3589
1986,Male,89,2893
1986,Male,90,2193
1986,Male,91,1713
1986,Male,92,1256
1986,Male,93,1054
1986,Male,94,720
1986,Male,95,566
1986,Male,96,441
1986,Male,97,268
1986,Male,98,205
1986,Male,99,178
1986,Male,100,164
1986,Female,0,116208
1986,Female,1,118650
1986,Female,2,118129
1986,Female,3,118863
1986,Female,4,117615
1986,Female,5,116413
1986,Female,6,113559
1986,Female,7,113529
1986,Female,8,115649
1986,Female,9,115460
1986,Female,10,118218
1986,Female,11,122004
1986,Female,12,126374
1986,Female,13,132721
1986,Female,14,140026
1986,Female,15,142521
1986,Female,16,132968
1986,Female,17,131566
1986,Female,18,126689
1986,Female,19,124927
1986,Female,20,125718
1986,Female,21,128270
1986,Female,22,131769
1986,Female,23,134332
1986,Female,24,136198
1986,Female,25,137619
1986,Female,26,134232
1986,Female,27,133303
1986,Female,28,131696
1986,Female,29,129860
1986,Female,30,130558
1986,Female,31,125695
1986,Female,32,126014
1986,Female,33,127186
1986,Female,34,124059
1986,Female,35,126828
1986,Female,36,124329
1986,Female,37,121082
1986,Female,38,123090
1986,Female,39,129617
1986,Female,40,108737
1986,Female,41,101288
1986,Female,42,102216
1986,Female,43,92604
1986,Female,44,89370
1986,Female,45,87616
1986,Female,46,83037
1986,Female,47,81016
1986,Female,48,79229
1986,Female,49,78193
1986,Female,50,78063
1986,Female,51,69733
1986,Female,52,71131
1986,Female,53,71137
1986,Female,54,69788
1986,Female,55,75299
1986,Female,56,73826
1986,Female,57,73056
1986,Female,58,74654
1986,Female,59,73867
1986,Female,60,77897
1986,Female,61,72000
1986,Female,62,73456
1986,Female,63,72805
1986,Female,64,71676
1986,Female,65,71995
1986,Female,66,63659
1986,Female,67,56053
1986,Female,68,55866
1986,Female,69,56526
1986,Female,70,56280
1986,Female,71,54679
1986,Female,72,54915
1986,Female,73,50697
1986,Female,74,47282
1986,Female,75,45477
1986,Female,76,42051
1986,Female,77,36887
1986,Female,78,35228
1986,Female,79,32057
1986,Female,80,29995
1986,Female,81,25942
1986,Female,82,23563
1986,Female,83,20848
1986,Female,84,18336
1986,Female,85,18535
1986,Female,86,16065
1986,Female,87,11333
1986,Female,88,9976
1986,Female,89,8579
1986,Female,90,7144
1986,Female,91,5541
1986,Female,92,4598
1986,Female,93,3583
1986,Female,94,2714
1986,Female,95,2032
1986,Female,96,1568
1986,Female,97,1013
1986,Female,98,719
1986,Female,99,514
1986,Female,100,675
1987,Male,0,124069
1987,Male,1,123655
1987,Male,2,125016
1987,Male,3,124744
1987,Male,4,126672
1987,Male,5,124870
1987,Male,6,123827
1987,Male,7,121448
1987,Male,8,121072
1987,Male,9,122346
1987,Male,10,122804
1987,Male,11,125889
1987,Male,12,129532
1987,Male,13,134500
1987,Male,14,140050
1987,Male,15,146926
1987,Male,16,149078
1987,Male,17,140106
1987,Male,18,137906
1987,Male,19,133744
1987,Male,20,131312
1987,Male,21,131499
1987,Male,22,133327
1987,Male,23,138140
1987,Male,24,140174
1987,Male,25,141636
1987,Male,26,143094
1987,Male,27,138670
1987,Male,28,137364
1987,Male,29,135229
1987,Male,30,133063
1987,Male,31,134664
1987,Male,32,126753
1987,Male,33,126546
1987,Male,34,127739
1987,Male,35,125736
1987,Male,36,129123
1987,Male,37,127182
1987,Male,38,124992
1987,Male,39,128260
1987,Male,40,135359
1987,Male,41,116184
1987,Male,42,107584
1987,Male,43,106368
1987,Male,44,96833
1987,Male,45,95315
1987,Male,46,93503
1987,Male,47,88735
1987,Male,48,85561
1987,Male,49,83551
1987,Male,50,82416
1987,Male,51,81022
1987,Male,52,73259
1987,Male,53,74268
1987,Male,54,73676
1987,Male,55,73257
1987,Male,56,77564
1987,Male,57,76881
1987,Male,58,76251
1987,Male,59,76418
1987,Male,60,74722
1987,Male,61,75314
1987,Male,62,69607
1987,Male,63,69317
1987,Male,64,66436
1987,Male,65,65567
1987,Male,66,63187
1987,Male,67,56075
1987,Male,68,47842
1987,Male,69,46234
1987,Male,70,46222
1987,Male,71,44838
1987,Male,72,43226
1987,Male,73,41198
1987,Male,74,37417
1987,Male,75,33589
1987,Male,76,31054
1987,Male,77,27875
1987,Male,78,23751
1987,Male,79,21401
1987,Male,80,19058
1987,Male,81,16459
1987,Male,82,13624
1987,Male,83,11619
1987,Male,84,9607
1987,Male,85,7848
1987,Male,86,6967
1987,Male,87,5705
1987,Male,88,3755
1987,Male,89,2953
1987,Male,90,2330
1987,Male,91,1740
1987,Male,92,1325
1987,Male,93,972
1987,Male,94,799
1987,Male,95,547
1987,Male,96,422
1987,Male,97,322
1987,Male,98,192
1987,Male,99,144
1987,Male,100,233
1987,Female,0,117920
1987,Female,1,117468
1987,Female,2,119934
1987,Female,3,119292
1987,Female,4,119914
1987,Female,5,118759
1987,Female,6,117683
1987,Female,7,114626
1987,Female,8,114883
1987,Female,9,116624
1987,Female,10,116586
1987,Female,11,119305
1987,Female,12,123202
1987,Female,13,127397
1987,Female,14,133257
1987,Female,15,140568
1987,Female,16,143249
1987,Female,17,134092
1987,Female,18,132428
1987,Female,19,128170
1987,Female,20,126522
1987,Female,21,127419
1987,Female,22,129526
1987,Female,23,133382
1987,Female,24,135902
1987,Female,25,137798
1987,Female,26,140196
1987,Female,27,136256
1987,Female,28,134787
1987,Female,29,133373
1987,Female,30,131347
1987,Female,31,132156
1987,Female,32,127404
1987,Female,33,127420
1987,Female,34,128129
1987,Female,35,125063
1987,Female,36,128295
1987,Female,37,124867
1987,Female,38,122311
1987,Female,39,123734
1987,Female,40,129135
1987,Female,41,109802
1987,Female,42,102552
1987,Female,43,102128
1987,Female,44,92254
1987,Female,45,89663
1987,Female,46,88116
1987,Female,47,83024
1987,Female,48,81411
1987,Female,49,79511
1987,Female,50,78237
1987,Female,51,77750
1987,Female,52,70207
1987,Female,53,71067
1987,Female,54,70802
1987,Female,55,69890
1987,Female,56,75618
1987,Female,57,73651
1987,Female,58,73330
1987,Female,59,74721
1987,Female,60,73785
1987,Female,61,77556
1987,Female,62,71980
1987,Female,63,72991
1987,Female,64,72004
1987,Female,65,70952
1987,Female,66,71316
1987,Female,67,63106
1987,Female,68,55654
1987,Female,69,55112
1987,Female,70,55539
1987,Female,71,55308
1987,Female,72,53735
1987,Female,73,53461
1987,Female,74,49160
1987,Female,75,45765
1987,Female,76,43784
1987,Female,77,40350
1987,Female,78,35458
1987,Female,79,33515
1987,Female,80,30378
1987,Female,81,28148
1987,Female,82,24370
1987,Female,83,21808
1987,Female,84,19077
1987,Female,85,16725
1987,Female,86,16468
1987,Female,87,14158
1987,Female,88,9979
1987,Female,89,8632
1987,Female,90,7325
1987,Female,91,5964
1987,Female,92,4560
1987,Female,93,3710
1987,Female,94,2803
1987,Female,95,2110
1987,Female,96,1544
1987,Female,97,1165
1987,Female,98,734
1987,Female,99,509
1987,Female,100,808
1988,Male,0,125702
1988,Male,1,125202
1988,Male,2,125422
1988,Male,3,126617
1988,Male,4,126465
1988,Male,5,128145
1988,Male,6,126337
1988,Male,7,125664
1988,Male,8,122839
1988,Male,9,122739
1988,Male,10,123716
1988,Male,11,124429
1988,Male,12,127243
1988,Male,13,130874
1988,Male,14,135588
1988,Male,15,140969
1988,Male,16,147866
1988,Male,17,149863
1988,Male,18,141153
1988,Male,19,138543
1988,Male,20,134651
1988,Male,21,132431
1988,Male,22,132616
1988,Male,23,134130
1988,Male,24,139305
1988,Male,25,141117
1988,Male,26,142843
1988,Male,27,145134
1988,Male,28,140958
1988,Male,29,138437
1988,Male,30,136609
1988,Male,31,134401
1988,Male,32,135858
1988,Male,33,128580
1988,Male,34,128264
1988,Male,35,128835
1988,Male,36,127101
1988,Male,37,130660
1988,Male,38,127940
1988,Male,39,126439
1988,Male,40,129174
1988,Male,41,134828
1988,Male,42,116885
1988,Male,43,108553
1988,Male,44,106706
1988,Male,45,96645
1988,Male,46,95676
1988,Male,47,93732
1988,Male,48,88816
1988,Male,49,86109
1988,Male,50,83771
1988,Male,51,82187
1988,Male,52,80486
1988,Male,53,73451
1988,Male,54,73999
1988,Male,55,73185
1988,Male,56,72974
1988,Male,57,77045
1988,Male,58,76298
1988,Male,59,75799
1988,Male,60,75590
1988,Male,61,74009
1988,Male,62,74365
1988,Male,63,68826
1988,Male,64,68340
1988,Male,65,65038
1988,Male,66,64046
1988,Male,67,61666
1988,Male,68,54888
1988,Male,69,46652
1988,Male,70,44751
1988,Male,71,44498
1988,Male,72,42992
1988,Male,73,41337
1988,Male,74,39093
1988,Male,75,35234
1988,Male,76,31450
1988,Male,77,28825
1988,Male,78,25793
1988,Male,79,21877
1988,Male,80,19457
1988,Male,81,17306
1988,Male,82,14742
1988,Male,83,12108
1988,Male,84,10173
1988,Male,85,8309
1988,Male,86,6832
1988,Male,87,5801
1988,Male,88,4694
1988,Male,89,3072
1988,Male,90,2365
1988,Male,91,1827
1988,Male,92,1335
1988,Male,93,1003
1988,Male,94,725
1988,Male,95,574
1988,Male,96,411
1988,Male,97,311
1988,Male,98,233
1988,Male,99,136
1988,Male,100,257
1988,Female,0,119812
1988,Female,1,119090
1988,Female,2,119149
1988,Female,3,121401
1988,Female,4,120691
1988,Female,5,121137
1988,Female,6,120025
1988,Female,7,119151
1988,Female,8,115945
1988,Female,9,116370
1988,Female,10,117746
1988,Female,11,117930
1988,Female,12,120544
1988,Female,13,124522
1988,Female,14,128536
1988,Female,15,134008
1988,Female,16,141371
1988,Female,17,144315
1988,Female,18,135649
1988,Female,19,133937
1988,Female,20,129652
1988,Female,21,128019
1988,Female,22,128838
1988,Female,23,130878
1988,Female,24,135299
1988,Female,25,137857
1988,Female,26,139888
1988,Female,27,143033
1988,Female,28,138701
1988,Female,29,136638
1988,Female,30,135314
1988,Female,31,133076
1988,Female,32,133981
1988,Female,33,129414
1988,Female,34,129012
1988,Female,35,129246
1988,Female,36,126254
1988,Female,37,129918
1988,Female,38,125370
1988,Female,39,123688
1988,Female,40,124566
1988,Female,41,128608
1988,Female,42,110901
1988,Female,43,103807
1988,Female,44,102133
1988,Female,45,91959
1988,Female,46,89986
1988,Female,47,88461
1988,Female,48,83046
1988,Female,49,81799
1988,Female,50,79761
1988,Female,51,78314
1988,Female,52,77509
1988,Female,53,70757
1988,Female,54,71041
1988,Female,55,70536
1988,Female,56,69933
1988,Female,57,75972
1988,Female,58,73495
1988,Female,59,73593
1988,Female,60,74790
1988,Female,61,73712
1988,Female,62,77108
1988,Female,63,71904
1988,Female,64,72551
1988,Female,65,70995
1988,Female,66,70157
1988,Female,67,70556
1988,Female,68,62444
1988,Female,69,55168
1988,Female,70,54281
1988,Female,71,54446
1988,Female,72,54212
1988,Female,73,52705
1988,Female,74,51875
1988,Female,75,47466
1988,Female,76,44094
1988,Female,77,41993
1988,Female,78,38413
1988,Female,79,33896
1988,Female,80,31765
1988,Female,81,28544
1988,Female,82,26205
1988,Female,83,22565
1988,Female,84,19979
1988,Female,85,17256
1988,Female,86,15116
1988,Female,87,14416
1988,Female,88,12288
1988,Female,89,8670
1988,Female,90,7386
1988,Female,91,6125
1988,Female,92,4889
1988,Female,93,3691
1988,Female,94,2907
1988,Female,95,2141
1988,Female,96,1580
1988,Female,97,1131
1988,Female,98,832
1988,Female,99,513
1988,Female,100,872
1989,Male,0,127847
1989,Male,1,126870
1989,Male,2,126572
1989,Male,3,127405
1989,Male,4,128338
1989,Male,5,128065
1989,Male,6,129669
1989,Male,7,127639
1989,Male,8,127436
1989,Male,9,124229
1989,Male,10,124437
1989,Male,11,125054
1989,Male,12,126002
1989,Male,13,128475
1989,Male,14,132321
1989,Male,15,136892
1989,Male,16,142030
1989,Male,17,149281
1989,Male,18,151034
1989,Male,19,142911
1989,Male,20,139359
1989,Male,21,135618
1989,Male,22,133364
1989,Male,23,133829
1989,Male,24,135039
1989,Male,25,140818
1989,Male,26,142301
1989,Male,27,144150
1989,Male,28,147316
1989,Male,29,143156
1989,Male,30,139600
1989,Male,31,137969
1989,Male,32,135743
1989,Male,33,137288
1989,Male,34,130675
1989,Male,35,129872
1989,Male,36,129981
1989,Male,37,128458
1989,Male,38,131943
1989,Male,39,128782
1989,Male,40,128141
1989,Male,41,130160
1989,Male,42,134118
1989,Male,43,117603
1989,Male,44,109682
1989,Male,45,107073
1989,Male,46,96422
1989,Male,47,95991
1989,Male,48,93966
1989,Male,49,88838
1989,Male,50,86624
1989,Male,51,83915
1989,Male,52,81886
1989,Male,53,79881
1989,Male,54,73624
1989,Male,55,73713
1989,Male,56,72637
1989,Male,57,72649
1989,Male,58,76524
1989,Male,59,75638
1989,Male,60,75280
1989,Male,61,74829
1989,Male,62,73238
1989,Male,63,73376
1989,Male,64,68001
1989,Male,65,67280
1989,Male,66,63537
1989,Male,67,62427
1989,Male,68,60099
1989,Male,69,53625
1989,Male,70,45423
1989,Male,71,43323
1989,Male,72,42744
1989,Male,73,41216
1989,Male,74,39495
1989,Male,75,36980
1989,Male,76,33050
1989,Male,77,29402
1989,Male,78,26702
1989,Male,79,23663
1989,Male,80,20103
1989,Male,81,17625
1989,Male,82,15532
1989,Male,83,13116
1989,Male,84,10690
1989,Male,85,8851
1989,Male,86,7151
1989,Male,87,5891
1989,Male,88,4760
1989,Male,89,3839
1989,Male,90,2489
1989,Male,91,1852
1989,Male,92,1425
1989,Male,93,1013
1989,Male,94,755
1989,Male,95,545
1989,Male,96,419
1989,Male,97,312
1989,Male,98,232
1989,Male,99,170
1989,Male,100,276
1989,Female,0,121711
1989,Female,1,120947
1989,Female,2,120379
1989,Female,3,120816
1989,Female,4,122965
1989,Female,5,122169
1989,Female,6,122520
1989,Female,7,121262
1989,Female,8,120707
1989,Female,9,117205
1989,Female,10,117906
1989,Female,11,118925
1989,Female,12,119264
1989,Female,13,121891
1989,Female,14,125892
1989,Female,15,129695
1989,Female,16,134993
1989,Female,17,142693
1989,Female,18,145833
1989,Female,19,137810
1989,Female,20,135479
1989,Female,21,131033
1989,Female,22,129253
1989,Female,23,130486
1989,Female,24,132436
1989,Female,25,137367
1989,Female,26,140096
1989,Female,27,141938
1989,Female,28,145846
1989,Female,29,141127
1989,Female,30,138375
1989,Female,31,137165
1989,Female,32,134703
1989,Female,33,135773
1989,Female,34,131362
1989,Female,35,130603
1989,Female,36,130263
1989,Female,37,127320
1989,Female,38,131465
1989,Female,39,126063
1989,Female,40,125184
1989,Female,41,125330
1989,Female,42,128312
1989,Female,43,112007
1989,Female,44,105085
1989,Female,45,102059
1989,Female,46,91690
1989,Female,47,90252
1989,Female,48,88864
1989,Female,49,83055
1989,Female,50,82240
1989,Female,51,80060
1989,Female,52,78344
1989,Female,53,77231
1989,Female,54,71302
1989,Female,55,71017
1989,Female,56,70274
1989,Female,57,70122
1989,Female,58,76302
1989,Female,59,73277
1989,Female,60,73817
1989,Female,61,74819
1989,Female,62,73501
1989,Female,63,76682
1989,Female,64,71782
1989,Female,65,71986
1989,Female,66,69957
1989,Female,67,69355
1989,Female,68,69822
1989,Female,69,61754
1989,Female,70,54560
1989,Female,71,53408
1989,Female,72,53289
1989,Female,73,53066
1989,Female,74,51488
1989,Female,75,50202
1989,Female,76,45694
1989,Female,77,42340
1989,Female,78,40149
1989,Female,79,36396
1989,Female,80,32153
1989,Female,81,29868
1989,Female,82,26704
1989,Female,83,24220
1989,Female,84,20864
1989,Female,85,18114
1989,Female,86,15514
1989,Female,87,13541
1989,Female,88,12443
1989,Female,89,10581
1989,Female,90,7462
1989,Female,91,6204
1989,Female,92,5055
1989,Female,93,3940
1989,Female,94,2889
1989,Female,95,2255
1989,Female,96,1617
1989,Female,97,1202
1989,Female,98,841
1989,Female,99,604
1989,Female,100,946
1990,Male,0,131758
1990,Male,1,128771
1990,Male,2,127912
1990,Male,3,127677
1990,Male,4,129113
1990,Male,5,129622
1990,Male,6,129364
1990,Male,7,130739
1990,Male,8,128628
1990,Male,9,128968
1990,Male,10,125259
1990,Male,11,125780
1990,Male,12,126110
1990,Male,13,127335
1990,Male,14,129508
1990,Male,15,133435
1990,Male,16,137988
1990,Male,17,143013
1990,Male,18,150469
1990,Male,19,152521
1990,Male,20,144162
1990,Male,21,139630
1990,Male,22,136182
1990,Male,23,133961
1990,Male,24,134588
1990,Male,25,135668
1990,Male,26,142069
1990,Male,27,143390
1990,Male,28,145269
1990,Male,29,149434
1990,Male,30,145030
1990,Male,31,140168
1990,Male,32,139066
1990,Male,33,136718
1990,Male,34,138171
1990,Male,35,132262
1990,Male,36,131214
1990,Male,37,130488
1990,Male,38,129326
1990,Male,39,133002
1990,Male,40,129243
1990,Male,41,129387
1990,Male,42,130710
1990,Male,43,133088
1990,Male,44,118033
1990,Male,45,110532
1990,Male,46,107020
1990,Male,47,95962
1990,Male,48,96054
1990,Male,49,93910
1990,Male,50,88748
1990,Male,51,87040
1990,Male,52,83907
1990,Male,53,81409
1990,Male,54,79158
1990,Male,55,73648
1990,Male,56,73388
1990,Male,57,71954
1990,Male,58,72160
1990,Male,59,75779
1990,Male,60,74829
1990,Male,61,74592
1990,Male,62,73865
1990,Male,63,72342
1990,Male,64,72187
1990,Male,65,66937
1990,Male,66,66028
1990,Male,67,61914
1990,Male,68,60661
1990,Male,69,58249
1990,Male,70,52177
1990,Male,71,44030
1990,Male,72,41655
1990,Male,73,40812
1990,Male,74,39214
1990,Male,75,37463
1990,Male,76,34696
1990,Male,77,30785
1990,Male,78,27207
1990,Male,79,24386
1990,Male,80,21499
1990,Male,81,18273
1990,Male,82,15775
1990,Male,83,13730
1990,Male,84,11499
1990,Male,85,9328
1990,Male,86,7573
1990,Male,87,5930
1990,Male,88,4948
1990,Male,89,3761
1990,Male,90,3027
1990,Male,91,1928
1990,Male,92,1429
1990,Male,93,1051
1990,Male,94,737
1990,Male,95,546
1990,Male,96,377
1990,Male,97,271
1990,Male,98,216
1990,Male,99,156
1990,Male,100,288
1990,Female,0,124796
1990,Female,1,122531
1990,Female,2,121917
1990,Female,3,121411
1990,Female,4,122266
1990,Female,5,124199
1990,Female,6,123203
1990,Female,7,123593
1990,Female,8,122141
1990,Female,9,121845
1990,Female,10,118189
1990,Female,11,119178
1990,Female,12,119858
1990,Female,13,120375
1990,Female,14,122948
1990,Female,15,127006
1990,Female,16,130768
1990,Female,17,135923
1990,Female,18,143813
1990,Female,19,147467
1990,Female,20,139502
1990,Female,21,136342
1990,Female,22,131899
1990,Female,23,130339
1990,Female,24,131755
1990,Female,25,134022
1990,Female,26,139153
1990,Female,27,141827
1990,Female,28,143493
1990,Female,29,148282
1990,Female,30,143092
1990,Female,31,139684
1990,Female,32,138588
1990,Female,33,135912
1990,Female,34,137173
1990,Female,35,132928
1990,Female,36,131837
1990,Female,37,130816
1990,Female,38,128182
1990,Female,39,132715
1990,Female,40,126266
1990,Female,41,126253
1990,Female,42,125745
1990,Female,43,127538
1990,Female,44,112953
1990,Female,45,106138
1990,Female,46,101795
1990,Female,47,91139
1990,Female,48,90419
1990,Female,49,89150
1990,Female,50,82939
1990,Female,51,82552
1990,Female,52,80211
1990,Female,53,78337
1990,Female,54,76841
1990,Female,55,71758
1990,Female,56,70911
1990,Female,57,69838
1990,Female,58,70178
1990,Female,59,76452
1990,Female,60,72895
1990,Female,61,73885
1990,Female,62,74697
1990,Female,63,73168
1990,Female,64,76008
1990,Female,65,71442
1990,Female,66,71229
1990,Female,67,68753
1990,Female,68,68313
1990,Female,69,68825
1990,Female,70,60809
1990,Female,71,53798
1990,Female,72,52355
1990,Female,73,51980
1990,Female,74,51696
1990,Female,75,50154
1990,Female,76,48321
1990,Female,77,43757
1990,Female,78,40385
1990,Female,79,38074
1990,Female,80,34240
1990,Female,81,30375
1990,Female,82,27920
1990,Female,83,24740
1990,Female,84,22050
1990,Female,85,18973
1990,Female,86,16222
1990,Female,87,13682
1990,Female,88,11824
1990,Female,89,10385
1990,Female,90,8794
1990,Female,91,6263
1990,Female,92,5003
1990,Female,93,3956
1990,Female,94,3046
1990,Female,95,2175
1990,Female,96,1656
1990,Female,97,1141
1990,Female,98,869
1990,Female,99,592
1990,Female,100,1028
1991,Male,0,132946
1991,Male,1,132272
1991,Male,2,129682
1991,Male,3,128732
1991,Male,4,128670
1991,Male,5,130514
1991,Male,6,130699
1991,Male,7,130389
1991,Male,8,131539
1991,Male,9,129277
1991,Male,10,130149
1991,Male,11,126022
1991,Male,12,126885
1991,Male,13,126926
1991,Male,14,128329
1991,Male,15,130302
1991,Male,16,134460
1991,Male,17,138828
1991,Male,18,143609
1991,Male,19,151574
1991,Male,20,153276
1991,Male,21,144650
1991,Male,22,139358
1991,Male,23,135961
1991,Male,24,133879
1991,Male,25,134802
1991,Male,26,135732
1991,Male,27,142552
1991,Male,28,143811
1991,Male,29,145831
1991,Male,30,150817
1991,Male,31,146198
1991,Male,32,140113
1991,Male,33,139440
1991,Male,34,137216
1991,Male,35,138601
1991,Male,36,133269
1991,Male,37,131829
1991,Male,38,130704
1991,Male,39,129825
1991,Male,40,133659
1991,Male,41,129227
1991,Male,42,130034
1991,Male,43,130677
1991,Male,44,131541
1991,Male,45,118028
1991,Male,46,110939
1991,Male,47,106530
1991,Male,48,95189
1991,Male,49,95812
1991,Male,50,93601
1991,Male,51,88348
1991,Male,52,87242
1991,Male,53,83818
1991,Male,54,80753
1991,Male,55,78211
1991,Male,56,73471
1991,Male,57,72867
1991,Male,58,71128
1991,Male,59,71625
1991,Male,60,74917
1991,Male,61,73906
1991,Male,62,73826
1991,Male,63,72838
1991,Male,64,71292
1991,Male,65,70962
1991,Male,66,65760
1991,Male,67,64647
1991,Male,68,60093
1991,Male,69,58680
1991,Male,70,56313
1991,Male,71,50681
1991,Male,72,42612
1991,Male,73,39967
1991,Male,74,38921
1991,Male,75,37348
1991,Male,76,35469
1991,Male,77,32449
1991,Male,78,28608
1991,Male,79,25119
1991,Male,80,22228
1991,Male,81,19484
1991,Male,82,16604
1991,Male,83,14052
1991,Male,84,12045
1991,Male,85,10031
1991,Male,86,8097
1991,Male,87,6498
1991,Male,88,4979
1991,Male,89,4223
1991,Male,90,2977
1991,Male,91,2338
1991,Male,92,1517
1991,Male,93,1073
1991,Male,94,769
1991,Male,95,533
1991,Male,96,400
1991,Male,97,262
1991,Male,98,164
1991,Male,99,122
1991,Male,100,237
1991,Female,0,126139
1991,Female,1,125251
1991,Female,2,123201
1991,Female,3,122693
1991,Female,4,122117
1991,Female,5,123542
1991,Female,6,125163
1991,Female,7,123987
1991,Female,8,124290
1991,Female,9,122808
1991,Female,10,122758
1991,Female,11,118886
1991,Female,12,120162
1991,Female,13,120401
1991,Female,14,121101
1991,Female,15,123737
1991,Female,16,128043
1991,Female,17,131824
1991,Female,18,136676
1991,Female,19,145021
1991,Female,20,148612
1991,Female,21,140684
1991,Female,22,136633
1991,Female,23,132445
1991,Female,24,131266
1991,Female,25,133043
1991,Female,26,135274
1991,Female,27,140766
1991,Female,28,143063
1991,Female,29,144789
1991,Female,30,150468
1991,Female,31,144560
1991,Female,32,140526
1991,Female,33,139589
1991,Female,34,136808
1991,Female,35,138108
1991,Female,36,133901
1991,Female,37,132577
1991,Female,38,130987
1991,Female,39,128586
1991,Female,40,133555
1991,Female,41,126248
1991,Female,42,126972
1991,Female,43,125893
1991,Female,44,126465
1991,Female,45,113571
1991,Female,46,106942
1991,Female,47,101356
1991,Female,48,90392
1991,Female,49,90386
1991,Female,50,89327
1991,Female,51,82616
1991,Female,52,82807
1991,Female,53,80227
1991,Female,54,78195
1991,Female,55,76361
1991,Female,56,72143
1991,Female,57,70717
1991,Female,58,69326
1991,Female,59,70101
1991,Female,60,76553
1991,Female,61,72468
1991,Female,62,73845
1991,Female,63,74469
1991,Female,64,72754
1991,Female,65,75264
1991,Female,66,71003
1991,Female,67,70364
1991,Female,68,67483
1991,Female,69,67134
1991,Female,70,67739
1991,Female,71,59752
1991,Female,72,52987
1991,Female,73,51194
1991,Female,74,50589
1991,Female,75,50281
1991,Female,76,48729
1991,Female,77,46354
1991,Female,78,41774
1991,Female,79,38364
1991,Female,80,35910
1991,Female,81,32125
1991,Female,82,28610
1991,Female,83,25969
1991,Female,84,22801
1991,Female,85,19975
1991,Female,86,17309
1991,Female,87,14421
1991,Female,88,12018
1991,Female,89,10351
1991,Female,90,8574
1991,Female,91,7228
1991,Female,92,5202
1991,Female,93,4058
1991,Female,94,3111
1991,Female,95,2374
1991,Female,96,1707
1991,Female,97,1230
1991,Female,98,848
1991,Female,99,590
1991,Female,100,1031
1992,Male,0,132385
1992,Male,1,133314
1992,Male,2,132943
1992,Male,3,130351
1992,Male,4,129422
1992,Male,5,129460
1992,Male,6,131286
1992,Male,7,131334
1992,Male,8,131269
1992,Male,9,132366
1992,Male,10,130279
1992,Male,11,130464
1992,Male,12,126760
1992,Male,13,127341
1992,Male,14,127400
1992,Male,15,128639
1992,Male,16,130628
1992,Male,17,134988
1992,Male,18,138897
1992,Male,19,143963
1992,Male,20,151513
1992,Male,21,153128
1992,Male,22,144117
1992,Male,23,139214
1992,Male,24,135874
1992,Male,25,133815
1992,Male,26,134796
1992,Male,27,136193
1992,Male,28,143234
1992,Male,29,144760
1992,Male,30,146679
1992,Male,31,151132
1992,Male,32,146493
1992,Male,33,140983
1992,Male,34,140257
1992,Male,35,138065
1992,Male,36,138966
1992,Male,37,133844
1992,Male,38,132654
1992,Male,39,131621
1992,Male,40,129968
1992,Male,41,133430
1992,Male,42,129461
1992,Male,43,129397
1992,Male,44,130660
1992,Male,45,132220
1992,Male,46,116851
1992,Male,47,110701
1992,Male,48,106219
1992,Male,49,95359
1992,Male,50,95428
1992,Male,51,92769
1992,Male,52,88015
1992,Male,53,86402
1992,Male,54,83108
1992,Male,55,80335
1992,Male,56,77425
1992,Male,57,72892
1992,Male,58,72418
1992,Male,59,70722
1992,Male,60,71093
1992,Male,61,74274
1992,Male,62,72869
1992,Male,63,72594
1992,Male,64,71540
1992,Male,65,69849
1992,Male,66,69208
1992,Male,67,64098
1992,Male,68,62944
1992,Male,69,58583
1992,Male,70,56934
1992,Male,71,54418
1992,Male,72,48892
1992,Male,73,40671
1992,Male,74,38127
1992,Male,75,36934
1992,Male,76,35167
1992,Male,77,33132
1992,Male,78,30219
1992,Male,79,26493
1992,Male,80,23114
1992,Male,81,20306
1992,Male,82,17643
1992,Male,83,14804
1992,Male,84,12443
1992,Male,85,10547
1992,Male,86,8692
1992,Male,87,6904
1992,Male,88,5481
1992,Male,89,4210
1992,Male,90,3430
1992,Male,91,2421
1992,Male,92,1845
1992,Male,93,1154
1992,Male,94,824
1992,Male,95,612
1992,Male,96,407
1992,Male,97,289
1992,Male,98,137
1992,Male,99,182
1992,Male,100,165
1992,Female,0,125643
1992,Female,1,126564
1992,Female,2,126008
1992,Female,3,123866
1992,Female,4,123452
1992,Female,5,122916
1992,Female,6,124377
1992,Female,7,125751
1992,Female,8,124836
1992,Female,9,125161
1992,Female,10,123600
1992,Female,11,123319
1992,Female,12,119783
1992,Female,13,120593
1992,Female,14,120836
1992,Female,15,121597
1992,Female,16,124083
1992,Female,17,128557
1992,Female,18,132101
1992,Female,19,137764
1992,Female,20,145788
1992,Female,21,149015
1992,Female,22,140449
1992,Female,23,136833
1992,Female,24,132820
1992,Female,25,131863
1992,Female,26,133948
1992,Female,27,136348
1992,Female,28,142069
1992,Female,29,144528
1992,Female,30,146057
1992,Female,31,150825
1992,Female,32,145500
1992,Female,33,141447
1992,Female,34,140638
1992,Female,35,137845
1992,Female,36,138497
1992,Female,37,134809
1992,Female,38,133715
1992,Female,39,131974
1992,Female,40,128750
1992,Female,41,133117
1992,Female,42,126777
1992,Female,43,126453
1992,Female,44,126098
1992,Female,45,126999
1992,Female,46,112393
1992,Female,47,106689
1992,Female,48,101310
1992,Female,49,90675
1992,Female,50,90185
1992,Female,51,88691
1992,Female,52,82640
1992,Female,53,82295
1992,Female,54,80007
1992,Female,55,77913
1992,Female,56,75835
1992,Female,57,72064
1992,Female,58,70658
1992,Female,59,69560
1992,Female,60,69899
1992,Female,61,76011
1992,Female,62,72195
1992,Female,63,73136
1992,Female,64,73685
1992,Female,65,72044
1992,Female,66,74191
1992,Female,67,70007
1992,Female,68,69564
1992,Female,69,66813
1992,Female,70,66112
1992,Female,71,66252
1992,Female,72,58720
1992,Female,73,51370
1992,Female,74,49840
1992,Female,75,49041
1992,Female,76,48481
1992,Female,77,46704
1992,Female,78,44646
1992,Female,79,40021
1992,Female,80,36605
1992,Female,81,33995
1992,Female,82,30385
1992,Female,83,26494
1992,Female,84,23856
1992,Female,85,20817
1992,Female,86,18075
1992,Female,87,15516
1992,Female,88,12823
1992,Female,89,10544
1992,Female,90,8897
1992,Female,91,7256
1992,Female,92,6034
1992,Female,93,4225
1992,Female,94,3250
1992,Female,95,2475
1992,Female,96,1852
1992,Female,97,1323
1992,Female,98,737
1992,Female,99,692
1992,Female,100,912
1993,Male,0,132575
1993,Male,1,132178
1993,Male,2,133510
1993,Male,3,133363
1993,Male,4,130617
1993,Male,5,129752
1993,Male,6,129744
1993,Male,7,131608
1993,Male,8,131455
1993,Male,9,131612
1993,Male,10,132794
1993,Male,11,130735
1993,Male,12,130443
1993,Male,13,127233
1993,Male,14,127536
1993,Male,15,127650
1993,Male,16,128847
1993,Male,17,130840
1993,Male,18,135208
1993,Male,19,138981
1993,Male,20,143901
1993,Male,21,150892
1993,Male,22,152586
1993,Male,23,143217
1993,Male,24,138976
1993,Male,25,135576
1993,Male,26,133400
1993,Male,27,134636
1993,Male,28,136495
1993,Male,29,143359
1993,Male,30,145116
1993,Male,31,146764
1993,Male,32,150612
1993,Male,33,146102
1993,Male,34,141289
1993,Male,35,140533
1993,Male,36,138206
1993,Male,37,138636
1993,Male,38,133833
1993,Male,39,133202
1993,Male,40,132076
1993,Male,41,129559
1993,Male,42,132725
1993,Male,43,129391
1993,Male,44,128568
1993,Male,45,130369
1993,Male,46,132664
1993,Male,47,115497
1993,Male,48,110262
1993,Male,49,105879
1993,Male,50,95314
1993,Male,51,94816
1993,Male,52,91819
1993,Male,53,87584
1993,Male,54,85492
1993,Male,55,82354
1993,Male,56,79779
1993,Male,57,76571
1993,Male,58,72239
1993,Male,59,71875
1993,Male,60,70231
1993,Male,61,70473
1993,Male,62,73569
1993,Male,63,71718
1993,Male,64,71353
1993,Male,65,70135
1993,Male,66,68259
1993,Male,67,67452
1993,Male,68,62335
1993,Male,69,61083
1993,Male,70,57009
1993,Male,71,55064
1993,Male,72,52445
1993,Male,73,46993
1993,Male,74,38637
1993,Male,75,36254
1993,Male,76,34971
1993,Male,77,32967
1993,Male,78,30827
1993,Male,79,28026
1993,Male,80,24460
1993,Male,81,21218
1993,Male,82,18396
1993,Male,83,15891
1993,Male,84,13099
1993,Male,85,10925
1993,Male,86,9081
1993,Male,87,7447
1993,Male,88,5816
1993,Male,89,4569
1993,Male,90,3464
1993,Male,91,2751
1993,Male,92,1970
1993,Male,93,1446
1993,Male,94,888
1993,Male,95,626
1993,Male,96,479
1993,Male,97,298
1993,Male,98,191
1993,Male,99,167
1993,Male,100,152
1993,Female,0,125909
1993,Female,1,125510
1993,Female,2,126857
1993,Female,3,126423
1993,Female,4,124201
1993,Female,5,123670
1993,Female,6,123215
1993,Female,7,124810
1993,Female,8,125899
1993,Female,9,125335
1993,Female,10,125608
1993,Female,11,124017
1993,Female,12,123649
1993,Female,13,120311
1993,Female,14,120686
1993,Female,15,121047
1993,Female,16,122047
1993,Female,17,124306
1993,Female,18,128924
1993,Female,19,132736
1993,Female,20,138441
1993,Female,21,145960
1993,Female,22,148789
1993,Female,23,139878
1993,Female,24,136855
1993,Female,25,133166
1993,Female,26,132086
1993,Female,27,134394
1993,Female,28,136903
1993,Female,29,142698
1993,Female,30,145145
1993,Female,31,146446
1993,Female,32,150459
1993,Female,33,145761
1993,Female,34,141761
1993,Female,35,141093
1993,Female,36,138094
1993,Female,37,138354
1993,Female,38,135045
1993,Female,39,134391
1993,Female,40,132498
1993,Female,41,128597
1993,Female,42,132318
1993,Female,43,126975
1993,Female,44,125745
1993,Female,45,126083
1993,Female,46,127278
1993,Female,47,111051
1993,Female,48,106334
1993,Female,49,101170
1993,Female,50,90828
1993,Female,51,89897
1993,Female,52,87973
1993,Female,53,82624
1993,Female,54,81810
1993,Female,55,79762
1993,Female,56,77526
1993,Female,57,75269
1993,Female,58,71901
1993,Female,59,70546
1993,Female,60,69681
1993,Female,61,69656
1993,Female,62,75407
1993,Female,63,71788
1993,Female,64,72375
1993,Female,65,72808
1993,Female,66,71200
1993,Female,67,73091
1993,Female,68,68923
1993,Female,69,68653
1993,Female,70,66042
1993,Female,71,65051
1993,Female,72,64617
1993,Female,73,57609
1993,Female,74,49658
1993,Female,75,48392
1993,Female,76,47372
1993,Female,77,46515
1993,Female,78,44584
1993,Female,79,42776
1993,Female,80,38217
1993,Female,81,34845
1993,Female,82,32027
1993,Female,83,28571
1993,Female,84,24377
1993,Female,85,21789
1993,Female,86,18873
1993,Female,87,16204
1993,Female,88,13756
1993,Female,89,11297
1993,Female,90,9140
1993,Female,91,7590
1993,Female,92,6098
1993,Female,93,4936
1993,Female,94,3388
1993,Female,95,2611
1993,Female,96,1959
1993,Female,97,1415
1993,Female,98,960
1993,Female,99,653
1993,Female,100,860
1994,Male,0,132124
1994,Male,1,132531
1994,Male,2,132283
1994,Male,3,133945
1994,Male,4,133895
1994,Male,5,131033
1994,Male,6,130104
1994,Male,7,130113
1994,Male,8,132015
1994,Male,9,131662
1994,Male,10,132099
1994,Male,11,133266
1994,Male,12,131383
1994,Male,13,130513
1994,Male,14,127778
1994,Male,15,127855
1994,Male,16,128039
1994,Male,17,129216
1994,Male,18,131255
1994,Male,19,135859
1994,Male,20,139192
1994,Male,21,143695
1994,Male,22,150221
1994,Male,23,152074
1994,Male,24,142648
1994,Male,25,139231
1994,Male,26,135701
1994,Male,27,133434
1994,Male,28,135071
1994,Male,29,137021
1994,Male,30,143909
1994,Male,31,145848
1994,Male,32,146910
1994,Male,33,150415
1994,Male,34,145994
1994,Male,35,141855
1994,Male,36,140883
1994,Male,37,138471
1994,Male,38,138527
1994,Male,39,133938
1994,Male,40,133884
1994,Male,41,132677
1994,Male,42,129225
1994,Male,43,132102
1994,Male,44,129460
1994,Male,45,127722
1994,Male,46,130106
1994,Male,47,133064
1994,Male,48,114186
1994,Male,49,109936
1994,Male,50,105567
1994,Male,51,95371
1994,Male,52,94229
1994,Male,53,91027
1994,Male,54,87207
1994,Male,55,84549
1994,Male,56,81656
1994,Male,57,79297
1994,Male,58,75675
1994,Male,59,71558
1994,Male,60,71259
1994,Male,61,69722
1994,Male,62,69848
1994,Male,63,72796
1994,Male,64,70588
1994,Male,65,70109
1994,Male,66,68627
1994,Male,67,66684
1994,Male,68,65549
1994,Male,69,60558
1994,Male,70,59168
1994,Male,71,55337
1994,Male,72,53209
1994,Male,73,50422
1994,Male,74,44954
1994,Male,75,36564
1994,Male,76,34333
1994,Male,77,32867
1994,Male,78,30668
1994,Male,79,28440
1994,Male,80,25808
1994,Male,81,22445
1994,Male,82,19275
1994,Male,83,16562
1994,Male,84,14205
1994,Male,85,11503
1994,Male,86,9478
1994,Male,87,7706
1994,Male,88,6262
1994,Male,89,4756
1994,Male,90,3728
1994,Male,91,2798
1994,Male,92,2159
1994,Male,93,1535
1994,Male,94,1152
1994,Male,95,665
1994,Male,96,488
1994,Male,97,380
1994,Male,98,211
1994,Male,99,186
1994,Male,100,169
1994,Female,0,125279
1994,Female,1,125895
1994,Female,2,125577
1994,Female,3,127351
1994,Female,4,127005
1994,Female,5,124613
1994,Female,6,124059
1994,Female,7,123626
1994,Female,8,125255
1994,Female,9,126124
1994,Female,10,125843
1994,Female,11,126055
1994,Female,12,124498
1994,Female,13,123964
1994,Female,14,120883
1994,Female,15,121007
1994,Female,16,121415
1994,Female,17,122635
1994,Female,18,124761
1994,Female,19,130113
1994,Female,20,133555
1994,Female,21,139019
1994,Female,22,145862
1994,Female,23,148678
1994,Female,24,139801
1994,Female,25,137593
1994,Female,26,133928
1994,Female,27,132813
1994,Female,28,135108
1994,Female,29,137709
1994,Female,30,143395
1994,Female,31,145969
1994,Female,32,146831
1994,Female,33,150301
1994,Female,34,146270
1994,Female,35,142317
1994,Female,36,141656
1994,Female,37,138452
1994,Female,38,138299
1994,Female,39,135430
1994,Female,40,135119
1994,Female,41,133197
1994,Female,42,128392
1994,Female,43,131608
1994,Female,44,127154
1994,Female,45,125076
1994,Female,46,126017
1994,Female,47,127617
1994,Female,48,109751
1994,Female,49,105933
1994,Female,50,101121
1994,Female,51,91011
1994,Female,52,89658
1994,Female,53,87260
1994,Female,54,82666
1994,Female,55,81360
1994,Female,56,79538
1994,Female,57,77171
1994,Female,58,74661
1994,Female,59,71796
1994,Female,60,70469
1994,Female,61,69803
1994,Female,62,69376
1994,Female,63,74804
1994,Female,64,71424
1994,Female,65,71558
1994,Female,66,71971
1994,Female,67,70322
1994,Female,68,71861
1994,Female,69,67731
1994,Female,70,67771
1994,Female,71,65253
1994,Female,72,63991
1994,Female,73,62973
1994,Female,74,56416
1994,Female,75,47779
1994,Female,76,46805
1994,Female,77,45653
1994,Female,78,44545
1994,Female,79,42408
1994,Female,80,40862
1994,Female,81,36328
1994,Female,82,32960
1994,Female,83,29914
1994,Female,84,26675
1994,Female,85,22262
1994,Female,86,19674
1994,Female,87,16889
1994,Female,88,14323
1994,Female,89,11950
1994,Female,90,9773
1994,Female,91,7825
1994,Female,92,6348
1994,Female,93,5063
1994,Female,94,4015
1994,Female,95,2689
1994,Female,96,2063
1994,Female,97,1509
1994,Female,98,1042
1994,Female,99,718
1994,Female,100,946
1995,Male,0,132269
1995,Male,1,132458
1995,Male,2,132911
1995,Male,3,132706
1995,Male,4,134624
1995,Male,5,134659
1995,Male,6,131679
1995,Male,7,130724
1995,Male,8,130663
1995,Male,9,132589
1995,Male,10,132039
1995,Male,11,132734
1995,Male,12,133932
1995,Male,13,132149
1995,Male,14,130792
1995,Male,15,128512
1995,Male,16,128424
1995,Male,17,128725
1995,Male,18,129771
1995,Male,19,132388
1995,Male,20,136750
1995,Male,21,139388
1995,Male,22,143852
1995,Male,23,149888
1995,Male,24,151859
1995,Male,25,142401
1995,Male,26,139863
1995,Male,27,136210
1995,Male,28,134056
1995,Male,29,135862
1995,Male,30,138153
1995,Male,31,144900
1995,Male,32,146760
1995,Male,33,147605
1995,Male,34,150758
1995,Male,35,146257
1995,Male,36,142798
1995,Male,37,141635
1995,Male,38,139147
1995,Male,39,138719
1995,Male,40,134431
1995,Male,41,134812
1995,Male,42,133532
1995,Male,43,129125
1995,Male,44,131569
1995,Male,45,129612
1995,Male,46,126945
1995,Male,47,130026
1995,Male,48,133598
1995,Male,49,112971
1995,Male,50,109599
1995,Male,51,105259
1995,Male,52,95468
1995,Male,53,93698
1995,Male,54,90281
1995,Male,55,86881
1995,Male,56,83672
1995,Male,57,81014
1995,Male,58,78751
1995,Male,59,74821
1995,Male,60,70946
1995,Male,61,70718
1995,Male,62,69204
1995,Male,63,69264
1995,Male,64,71992
1995,Male,65,69398
1995,Male,66,68686
1995,Male,67,67098
1995,Male,68,65070
1995,Male,69,63655
1995,Male,70,58691
1995,Male,71,57181
1995,Male,72,53590
1995,Male,73,51207
1995,Male,74,48338
1995,Male,75,42938
1995,Male,76,34449
1995,Male,77,32362
1995,Male,78,30752
1995,Male,79,28391
1995,Male,80,26040
1995,Male,81,23637
1995,Male,82,20455
1995,Male,83,17375
1995,Male,84,14726
1995,Male,85,12478
1995,Male,86,9913
1995,Male,87,8116
1995,Male,88,6459
1995,Male,89,5147
1995,Male,90,3830
1995,Male,91,3009
1995,Male,92,2234
1995,Male,93,1665
1995,Male,94,1229
1995,Male,95,911
1995,Male,96,501
1995,Male,97,376
1995,Male,98,320
1995,Male,99,212
1995,Male,100,193
1995,Female,0,125303
1995,Female,1,125599
1995,Female,2,126297
1995,Female,3,126012
1995,Female,4,128022
1995,Female,5,127835
1995,Female,6,125183
1995,Female,7,124642
1995,Female,8,124314
1995,Female,9,125946
1995,Female,10,126469
1995,Female,11,126590
1995,Female,12,126754
1995,Female,13,125164
1995,Female,14,124515
1995,Female,15,121744
1995,Female,16,121613
1995,Female,17,122134
1995,Female,18,123671
1995,Female,19,126292
1995,Female,20,131606
1995,Female,21,134489
1995,Female,22,139661
1995,Female,23,146120
1995,Female,24,149237
1995,Female,25,140264
1995,Female,26,138685
1995,Female,27,135083
1995,Female,28,133906
1995,Female,29,136365
1995,Female,30,138869
1995,Female,31,144588
1995,Female,32,147078
1995,Female,33,147699
1995,Female,34,150483
1995,Female,35,147110
1995,Female,36,143056
1995,Female,37,142436
1995,Female,38,139013
1995,Female,39,138470
1995,Female,40,136073
1995,Female,41,136082
1995,Female,42,133984
1995,Female,43,128352
1995,Female,44,131024
1995,Female,45,127433
1995,Female,46,124540
1995,Female,47,126055
1995,Female,48,127986
1995,Female,49,108505
1995,Female,50,105687
1995,Female,51,101071
1995,Female,52,91284
1995,Female,53,89422
1995,Female,54,86649
1995,Female,55,82714
1995,Female,56,80904
1995,Female,57,79340
1995,Female,58,76859
1995,Female,59,74151
1995,Female,60,71671
1995,Female,61,70381
1995,Female,62,69976
1995,Female,63,69112
1995,Female,64,74233
1995,Female,65,71005
1995,Female,66,70734
1995,Female,67,71066
1995,Female,68,69429
1995,Female,69,70581
1995,Female,70,66492
1995,Female,71,66796
1995,Female,72,64381
1995,Female,73,62796
1995,Female,74,61253
1995,Female,75,55176
1995,Female,76,45957
1995,Female,77,45201
1995,Female,78,43774
1995,Female,79,42419
1995,Female,80,40069
1995,Female,81,38724
1995,Female,82,34268
1995,Female,83,31006
1995,Female,84,27716
1995,Female,85,24688
1995,Female,86,20051
1995,Female,87,17524
1995,Female,88,14871
1995,Female,89,12487
1995,Female,90,10271
1995,Female,91,8296
1995,Female,92,6542
1995,Female,93,5174
1995,Female,94,4111
1995,Female,95,3190
1995,Female,96,2045
1995,Female,97,1552
1995,Female,98,1135
1995,Female,99,806
1995,Female,100,1061
1996,Male,0,130388
1996,Male,1,132662
1996,Male,2,133031
1996,Male,3,133431
1996,Male,4,133253
1996,Male,5,135392
1996,Male,6,135623
1996,Male,7,132489
1996,Male,8,131525
1996,Male,9,131359
1996,Male,10,133354
1996,Male,11,132536
1996,Male,12,133523
1996,Male,13,134802
1996,Male,14,133145
1996,Male,15,131369
1996,Male,16,129630
1996,Male,17,129355
1996,Male,18,129848
1996,Male,19,131338
1996,Male,20,133641
1996,Male,21,137719
1996,Male,22,139712
1996,Male,23,144142
1996,Male,24,149576
1996,Male,25,151767
1996,Male,26,142330
1996,Male,27,140535
1996,Male,28,136904
1996,Male,29,134793
1996,Male,30,136738
1996,Male,31,139233
1996,Male,32,145599
1996,Male,33,147912
1996,Male,34,148373
1996,Male,35,151039
1996,Male,36,146782
1996,Male,37,143670
1996,Male,38,142433
1996,Male,39,139843
1996,Male,40,139037
1996,Male,41,135058
1996,Male,42,135826
1996,Male,43,134427
1996,Male,44,129097
1996,Male,45,131205
1996,Male,46,129923
1996,Male,47,126311
1996,Male,48,130013
1996,Male,49,134176
1996,Male,50,111783
1996,Male,51,109362
1996,Male,52,105089
1996,Male,53,95517
1996,Male,54,93230
1996,Male,55,89552
1996,Male,56,86601
1996,Male,57,82840
1996,Male,58,80428
1996,Male,59,78376
1996,Male,60,74039
1996,Male,61,70379
1996,Male,62,70215
1996,Male,63,68754
1996,Male,64,68704
1996,Male,65,71312
1996,Male,66,68222
1996,Male,67,67320
1996,Male,68,65509
1996,Male,69,63425
1996,Male,70,61712
1996,Male,71,56744
1996,Male,72,55158
1996,Male,73,51820
1996,Male,74,49316
1996,Male,75,46360
1996,Male,76,40921
1996,Male,77,32303
1996,Male,78,30420
1996,Male,79,28707
1996,Male,80,26054
1996,Male,81,23710
1996,Male,82,21515
1996,Male,83,18498
1996,Male,84,15559
1996,Male,85,12981
1996,Male,86,10929
1996,Male,87,8443
1996,Male,88,6828
1996,Male,89,5329
1996,Male,90,4166
1996,Male,91,3032
1996,Male,92,2368
1996,Male,93,1754
1996,Male,94,1218
1996,Male,95,974
1996,Male,96,729
1996,Male,97,365
1996,Male,98,304
1996,Male,99,299
1996,Male,100,284
1996,Female,0,123803
1996,Female,1,125737
1996,Female,2,126080
1996,Female,3,126664
1996,Female,4,126453
1996,Female,5,128846
1996,Female,6,128830
1996,Female,7,126014
1996,Female,8,125289
1996,Female,9,125096
1996,Female,10,126873
1996,Female,11,127121
1996,Female,12,127569
1996,Female,13,127725
1996,Female,14,125973
1996,Female,15,125210
1996,Female,16,122906
1996,Female,17,122592
1996,Female,18,123414
1996,Female,19,126030
1996,Female,20,128245
1996,Female,21,133241
1996,Female,22,135145
1996,Female,23,140514
1996,Female,24,146821
1996,Female,25,150334
1996,Female,26,141214
1996,Female,27,140109
1996,Female,28,136689
1996,Female,29,135107
1996,Female,30,137695
1996,Female,31,139995
1996,Female,32,145972
1996,Female,33,148426
1996,Female,34,148825
1996,Female,35,150910
1996,Female,36,148186
1996,Female,37,143978
1996,Female,38,143385
1996,Female,39,139963
1996,Female,40,138839
1996,Female,41,136801
1996,Female,42,137250
1996,Female,43,134927
1996,Female,44,128424
1996,Female,45,130597
1996,Female,46,127833
1996,Female,47,123986
1996,Female,48,126204
1996,Female,49,128536
1996,Female,50,107313
1996,Female,51,105472
1996,Female,52,101141
1996,Female,53,91684
1996,Female,54,89361
1996,Female,55,86073
1996,Female,56,82999
1996,Female,57,80575
1996,Female,58,79227
1996,Female,59,76666
1996,Female,60,73748
1996,Female,61,71624
1996,Female,62,70399
1996,Female,63,70247
1996,Female,64,68887
1996,Female,65,73645
1996,Female,66,70658
1996,Female,67,69963
1996,Female,68,70186
1996,Female,69,68547
1996,Female,70,69299
1996,Female,71,65337
1996,Female,72,65788
1996,Female,73,63458
1996,Female,74,61529
1996,Female,75,59429
1996,Female,76,53852
1996,Female,77,44027
1996,Female,78,43452
1996,Female,79,41843
1996,Female,80,40188
1996,Female,81,37716
1996,Female,82,36623
1996,Female,83,32226
1996,Female,84,28983
1996,Female,85,25457
1996,Female,86,22653
1996,Female,87,17850
1996,Female,88,15405
1996,Female,89,12979
1996,Female,90,10735
1996,Female,91,8671
1996,Female,92,6942
1996,Female,93,5381
1996,Female,94,4175
1996,Female,95,3315
1996,Female,96,2500
1996,Female,97,1503
1996,Female,98,1174
1996,Female,99,925
1996,Female,100,1237
1997,Male,0,130109
1997,Male,1,130955
1997,Male,2,133594
1997,Male,3,133966
1997,Male,4,134268
1997,Male,5,134314
1997,Male,6,136289
1997,Male,7,136295
1997,Male,8,133291
1997,Male,9,132324
1997,Male,10,132313
1997,Male,11,134032
1997,Male,12,133329
1997,Male,13,133667
1997,Male,14,134594
1997,Male,15,132687
1997,Male,16,130963
1997,Male,17,128875
1997,Male,18,128391
1997,Male,19,129660
1997,Male,20,131004
1997,Male,21,132971
1997,Male,22,136774
1997,Male,23,139562
1997,Male,24,143719
1997,Male,25,149125
1997,Male,26,152027
1997,Male,27,142317
1997,Male,28,140893
1997,Male,29,137319
1997,Male,30,135426
1997,Male,31,137412
1997,Male,32,140037
1997,Male,33,146003
1997,Male,34,148453
1997,Male,35,148805
1997,Male,36,151308
1997,Male,37,147149
1997,Male,38,144451
1997,Male,39,142586
1997,Male,40,139542
1997,Male,41,139172
1997,Male,42,135219
1997,Male,43,135356
1997,Male,44,134122
1997,Male,45,129568
1997,Male,46,131289
1997,Male,47,129908
1997,Male,48,126664
1997,Male,49,129953
1997,Male,50,133858
1997,Male,51,111989
1997,Male,52,109234
1997,Male,53,104757
1997,Male,54,95268
1997,Male,55,93278
1997,Male,56,89417
1997,Male,57,86424
1997,Male,58,82978
1997,Male,59,80230
1997,Male,60,78293
1997,Male,61,74089
1997,Male,62,69886
1997,Male,63,69509
1997,Male,64,67915
1997,Male,65,67909
1997,Male,66,70210
1997,Male,67,67208
1997,Male,68,66178
1997,Male,69,64214
1997,Male,70,61927
1997,Male,71,60229
1997,Male,72,55361
1997,Male,73,53145
1997,Male,74,49829
1997,Male,75,47202
1997,Male,76,44143
1997,Male,77,38649
1997,Male,78,30495
1997,Male,79,28542
1997,Male,80,26680
1997,Male,81,23972
1997,Male,82,21658
1997,Male,83,19366
1997,Male,84,16489
1997,Male,85,13708
1997,Male,86,11308
1997,Male,87,9341
1997,Male,88,7159
1997,Male,89,5663
1997,Male,90,4370
1997,Male,91,3364
1997,Male,92,2425
1997,Male,93,1828
1997,Male,94,1374
1997,Male,95,960
1997,Male,96,726
1997,Male,97,528
1997,Male,98,267
1997,Male,99,231
1997,Male,100,344
1997,Female,0,123266
1997,Female,1,124233
1997,Female,2,126597
1997,Female,3,126848
1997,Female,4,127512
1997,Female,5,127573
1997,Female,6,129641
1997,Female,7,129372
1997,Female,8,126812
1997,Female,9,126131
1997,Female,10,125952
1997,Female,11,127575
1997,Female,12,127947
1997,Female,13,127751
1997,Female,14,127841
1997,Female,15,125883
1997,Female,16,124984
1997,Female,17,122485
1997,Female,18,122166
1997,Female,19,123897
1997,Female,20,126543
1997,Female,21,128846
1997,Female,22,133242
1997,Female,23,135631
1997,Female,24,141089
1997,Female,25,147995
1997,Female,26,151684
1997,Female,27,142376
1997,Female,28,141579
1997,Female,29,137788
1997,Female,30,136345
1997,Female,31,138760
1997,Female,32,141233
1997,Female,33,146924
1997,Female,34,149319
1997,Female,35,149778
1997,Female,36,151601
1997,Female,37,148814
1997,Female,38,145129
1997,Female,39,144136
1997,Female,40,140203
1997,Female,41,139416
1997,Female,42,137268
1997,Female,43,136874
1997,Female,44,134886
1997,Female,45,129144
1997,Female,46,131164
1997,Female,47,128401
1997,Female,48,124702
1997,Female,49,126321
1997,Female,50,128779
1997,Female,51,107730
1997,Female,52,105415
1997,Female,53,100997
1997,Female,54,91568
1997,Female,55,89430
1997,Female,56,86186
1997,Female,57,83100
1997,Female,58,80967
1997,Female,59,79287
1997,Female,60,76723
1997,Female,61,74126
1997,Female,62,71340
1997,Female,63,69903
1997,Female,64,69637
1997,Female,65,68475
1997,Female,66,73028
1997,Female,67,69928
1997,Female,68,69458
1997,Female,69,69527
1997,Female,70,67773
1997,Female,71,68381
1997,Female,72,64666
1997,Female,73,64150
1997,Female,74,61941
1997,Female,75,60150
1997,Female,76,58044
1997,Female,77,52150
1997,Female,78,42831
1997,Female,79,41949
1997,Female,80,40222
1997,Female,81,38309
1997,Female,82,35969
1997,Female,83,34395
1997,Female,84,30032
1997,Female,85,26790
1997,Female,86,23193
1997,Female,87,20379
1997,Female,88,16022
1997,Female,89,13620
1997,Female,90,11290
1997,Female,91,9153
1997,Female,92,7198
1997,Female,93,5645
1997,Female,94,4324
1997,Female,95,3317
1997,Female,96,2521
1997,Female,97,1853
1997,Female,98,1103
1997,Female,99,853
1997,Female,100,1376
1998,Male,0,127895
1998,Male,1,130678
1998,Male,2,131804
1998,Male,3,134497
1998,Male,4,134972
1998,Male,5,135242
1998,Male,6,135422
1998,Male,7,137153
1998,Male,8,136860
1998,Male,9,133971
1998,Male,10,133074
1998,Male,11,133235
1998,Male,12,134760
1998,Male,13,134107
1998,Male,14,133849
1998,Male,15,134402
1998,Male,16,132324
1998,Male,17,130729
1998,Male,18,128600
1998,Male,19,128278
1998,Male,20,129309
1998,Male,21,130378
1998,Male,22,132343
1998,Male,23,135735
1998,Male,24,139016
1998,Male,25,142960
1998,Male,26,148335
1998,Male,27,151728
1998,Male,28,142501
1998,Male,29,141233
1998,Male,30,137796
1998,Male,31,136135
1998,Male,32,137896
1998,Male,33,140614
1998,Male,34,146471
1998,Male,35,149158
1998,Male,36,149343
1998,Male,37,151549
1998,Male,38,147319
1998,Male,39,145223
1998,Male,40,142639
1998,Male,41,139160
1998,Male,42,139217
1998,Male,43,135311
1998,Male,44,134918
1998,Male,45,133847
1998,Male,46,129871
1998,Male,47,131230
1998,Male,48,129812
1998,Male,49,126992
1998,Male,50,129859
1998,Male,51,133468
1998,Male,52,112178
1998,Male,53,108984
1998,Male,54,104407
1998,Male,55,94931
1998,Male,56,93329
1998,Male,57,89156
1998,Male,58,86146
1998,Male,59,82977
1998,Male,60,79985
1998,Male,61,78032
1998,Male,62,74005
1998,Male,63,69174
1998,Male,64,68713
1998,Male,65,66907
1998,Male,66,66834
1998,Male,67,68912
1998,Male,68,65994
1998,Male,69,64931
1998,Male,70,62923
1998,Male,71,60336
1998,Male,72,58590
1998,Male,73,53845
1998,Male,74,51017
1998,Male,75,47732
1998,Male,76,45035
1998,Male,77,41915
1998,Male,78,36327
1998,Male,79,28600
1998,Male,80,26612
1998,Male,81,24611
1998,Male,82,21902
1998,Male,83,19681
1998,Male,84,17355
1998,Male,85,14541
1998,Male,86,11976
1998,Male,87,9731
1998,Male,88,7956
1998,Male,89,6077
1998,Male,90,4714
1998,Male,91,3551
1998,Male,92,2705
1998,Male,93,1921
1998,Male,94,1394
1998,Male,95,1043
1998,Male,96,745
1998,Male,97,539
1998,Male,98,388
1998,Male,99,190
1998,Male,100,378
1998,Female,0,121384
1998,Female,1,123774
1998,Female,2,124919
1998,Female,3,127484
1998,Female,4,127679
1998,Female,5,128448
1998,Female,6,128666
1998,Female,7,130505
1998,Female,8,129913
1998,Female,9,127669
1998,Female,10,126960
1998,Female,11,126760
1998,Female,12,128284
1998,Female,13,128718
1998,Female,14,127839
1998,Female,15,127910
1998,Female,16,125958
1998,Female,17,124759
1998,Female,18,122201
1998,Female,19,122538
1998,Female,20,124241
1998,Female,21,126580
1998,Female,22,128481
1998,Female,23,132660
1998,Female,24,135899
1998,Female,25,141409
1998,Female,26,148592
1998,Female,27,152524
1998,Female,28,143385
1998,Female,29,142930
1998,Female,30,138672
1998,Female,31,137375
1998,Female,32,139642
1998,Female,33,142374
1998,Female,34,147755
1998,Female,35,150304
1998,Female,36,150663
1998,Female,37,152216
1998,Female,38,149416
1998,Female,39,146164
1998,Female,40,144683
1998,Female,41,140208
1998,Female,42,139906
1998,Female,43,137603
1998,Female,44,136490
1998,Female,45,134760
1998,Female,46,129776
1998,Female,47,131569
1998,Female,48,128912
1998,Female,49,125357
1998,Female,50,126398
1998,Female,51,128961
1998,Female,52,108111
1998,Female,53,105284
1998,Female,54,100784
1998,Female,55,91390
1998,Female,56,89396
1998,Female,57,86106
1998,Female,58,83084
1998,Female,59,81054
1998,Female,60,79162
1998,Female,61,76648
1998,Female,62,74347
1998,Female,63,70888
1998,Female,64,69318
1998,Female,65,68873
1998,Female,66,67932
1998,Female,67,72308
1998,Female,68,69068
1998,Female,69,68905
1998,Female,70,68710
1998,Female,71,66850
1998,Female,72,67362
1998,Female,73,63916
1998,Female,74,62385
1998,Female,75,60333
1998,Female,76,58572
1998,Female,77,56514
1998,Female,78,50276
1998,Female,79,41616
1998,Female,80,40268
1998,Female,81,38466
1998,Female,82,36343
1998,Female,83,34095
1998,Female,84,31881
1998,Female,85,27565
1998,Female,86,24426
1998,Female,87,20893
1998,Female,88,18011
1998,Female,89,14209
1998,Female,90,11815
1998,Female,91,9601
1998,Female,92,7621
1998,Female,93,5897
1998,Female,94,4535
1998,Female,95,3411
1998,Female,96,2541
1998,Female,97,1857
1998,Female,98,1317
1998,Female,99,779
1998,Female,100,1445
1999,Male,0,128409
1999,Male,1,128553
1999,Male,2,131384
1999,Male,3,132706
1999,Male,4,135521
1999,Male,5,136038
1999,Male,6,136353
1999,Male,7,136566
1999,Male,8,138067
1999,Male,9,137560
1999,Male,10,134794
1999,Male,11,133872
1999,Male,12,134218
1999,Male,13,135456
1999,Male,14,134863
1999,Male,15,134080
1999,Male,16,134454
1999,Male,17,132458
1999,Male,18,131211
1999,Male,19,129257
1999,Male,20,128421
1999,Male,21,129073
1999,Male,22,130032
1999,Male,23,132047
1999,Male,24,135062
1999,Male,25,138802
1999,Male,26,142600
1999,Male,27,147982
1999,Male,28,152132
1999,Male,29,143312
1999,Male,30,142097
1999,Male,31,138489
1999,Male,32,136986
1999,Male,33,138684
1999,Male,34,141354
1999,Male,35,147190
1999,Male,36,150031
1999,Male,37,150084
1999,Male,38,151829
1999,Male,39,147810
1999,Male,40,146018
1999,Male,41,142737
1999,Male,42,138809
1999,Male,43,139260
1999,Male,44,135337
1999,Male,45,134322
1999,Male,46,133474
1999,Male,47,130143
1999,Male,48,131026
1999,Male,49,129651
1999,Male,50,127270
1999,Male,51,129572
1999,Male,52,132904
1999,Male,53,112228
1999,Male,54,108727
1999,Male,55,103986
1999,Male,56,94534
1999,Male,57,93186
1999,Male,58,88775
1999,Male,59,85812
1999,Male,60,82918
1999,Male,61,79649
1999,Male,62,77677
1999,Male,63,73909
1999,Male,64,68477
1999,Male,65,67817
1999,Male,66,65805
1999,Male,67,65737
1999,Male,68,67587
1999,Male,69,64862
1999,Male,70,63584
1999,Male,71,61544
1999,Male,72,58641
1999,Male,73,56871
1999,Male,74,52174
1999,Male,75,48824
1999,Male,76,45579
1999,Male,77,42860
1999,Male,78,39602
1999,Male,79,34065
1999,Male,80,26803
1999,Male,81,24700
1999,Male,82,22655
1999,Male,83,19954
1999,Male,84,17834
1999,Male,85,15433
1999,Male,86,12738
1999,Male,87,10322
1999,Male,88,8269
1999,Male,89,6641
1999,Male,90,5045
1999,Male,91,3822
1999,Male,92,2848
1999,Male,93,2146
1999,Male,94,1524
1999,Male,95,1072
1999,Male,96,815
1999,Male,97,607
1999,Male,98,404
1999,Male,99,274
1999,Male,100,413
1999,Female,0,122208
1999,Female,1,122026
1999,Female,2,124476
1999,Female,3,125778
1999,Female,4,128622
1999,Female,5,128538
1999,Female,6,129435
1999,Female,7,129926
1999,Female,8,131312
1999,Female,9,130594
1999,Female,10,128662
1999,Female,11,127931
1999,Female,12,127687
1999,Female,13,129025
1999,Female,14,129472
1999,Female,15,128156
1999,Female,16,128376
1999,Female,17,126618
1999,Female,18,125273
1999,Female,19,123035
1999,Female,20,123353
1999,Female,21,124742
1999,Female,22,126520
1999,Female,23,128613
1999,Female,24,132785
1999,Female,25,136825
1999,Female,26,142495
1999,Female,27,149570
1999,Female,28,153826
1999,Female,29,144810
1999,Female,30,144328
1999,Female,31,139871
1999,Female,32,138447
1999,Female,33,140745
1999,Female,34,143661
1999,Female,35,148628
1999,Female,36,151187
1999,Female,37,151467
1999,Female,38,152772
1999,Female,39,149922
1999,Female,40,147144
1999,Female,41,145174
1999,Female,42,140234
1999,Female,43,140252
1999,Female,44,137819
1999,Female,45,135949
1999,Female,46,134493
1999,Female,47,130294
1999,Female,48,131768
1999,Female,49,129215
1999,Female,50,125761
1999,Female,51,126335
1999,Female,52,129025
1999,Female,53,108296
1999,Female,54,105032
1999,Female,55,100477
1999,Female,56,91078
1999,Female,57,89296
1999,Female,58,86050
1999,Female,59,83064
1999,Female,60,81231
1999,Female,61,79025
1999,Female,62,76612
1999,Female,63,74593
1999,Female,64,70466
1999,Female,65,68751
1999,Female,66,68179
1999,Female,67,67357
1999,Female,68,71607
1999,Female,69,68150
1999,Female,70,68292
1999,Female,71,67842
1999,Female,72,65905
1999,Female,73,66245
1999,Female,74,63065
1999,Female,75,60584
1999,Female,76,58662
1999,Female,77,56843
1999,Female,78,54864
1999,Female,79,48246
1999,Female,80,40272
1999,Female,81,38592
1999,Female,82,36700
1999,Female,83,34282
1999,Female,84,32152
1999,Female,85,29384
1999,Female,86,25182
1999,Female,87,22104
1999,Female,88,18688
1999,Female,89,15852
1999,Female,90,12488
1999,Female,91,10184
1999,Female,92,8146
1999,Female,93,6325
1999,Female,94,4802
1999,Female,95,3609
1999,Female,96,2659
1999,Female,97,1990
1999,Female,98,1352
1999,Female,99,920
1999,Female,100,1480
2000,Male,0,128561
2000,Male,1,129355
2000,Male,2,129357
2000,Male,3,132226
2000,Male,4,133722
2000,Male,5,136693
2000,Male,6,137163
2000,Male,7,137394
2000,Male,8,137841
2000,Male,9,139104
2000,Male,10,138319
2000,Male,11,135697
2000,Male,12,134730
2000,Male,13,135221
2000,Male,14,136164
2000,Male,15,135801
2000,Male,16,134581
2000,Male,17,135136
2000,Male,18,133657
2000,Male,19,132779
2000,Male,20,130372
2000,Male,21,128563
2000,Male,22,128949
2000,Male,23,129978
2000,Male,24,131673
2000,Male,25,134375
2000,Male,26,138526
2000,Male,27,142250
2000,Male,28,148110
2000,Male,29,153078
2000,Male,30,144276
2000,Male,31,142972
2000,Male,32,139316
2000,Male,33,138033
2000,Male,34,139614
2000,Male,35,142319
2000,Male,36,148006
2000,Male,37,150873
2000,Male,38,150745
2000,Male,39,152116
2000,Male,40,148258
2000,Male,41,146947
2000,Male,42,142876
2000,Male,43,138315
2000,Male,44,139346
2000,Male,45,135401
2000,Male,46,133589
2000,Male,47,133090
2000,Male,48,130343
2000,Male,49,130815
2000,Male,50,129340
2000,Male,51,127347
2000,Male,52,129316
2000,Male,53,132261
2000,Male,54,112234
2000,Male,55,108317
2000,Male,56,103413
2000,Male,57,94057
2000,Male,58,93010
2000,Male,59,88278
2000,Male,60,85332
2000,Male,61,82733
2000,Male,62,79215
2000,Male,63,77226
2000,Male,64,73729
2000,Male,65,67722
2000,Male,66,66779
2000,Male,67,64668
2000,Male,68,64584
2000,Male,69,66154
2000,Male,70,63504
2000,Male,71,62233
2000,Male,72,60027
2000,Male,73,56875
2000,Male,74,55046
2000,Male,75,50466
2000,Male,76,46504
2000,Male,77,43355
2000,Male,78,40591
2000,Male,79,37275
2000,Male,80,31756
2000,Male,81,24965
2000,Male,82,22789
2000,Male,83,20690
2000,Male,84,18011
2000,Male,85,16045
2000,Male,86,13542
2000,Male,87,11072
2000,Male,88,8831
2000,Male,89,6947
2000,Male,90,5495
2000,Male,91,4162
2000,Male,92,3050
2000,Male,93,2236
2000,Male,94,1685
2000,Male,95,1184
2000,Male,96,831
2000,Male,97,640
2000,Male,98,511
2000,Male,99,309
2000,Male,100,498
2000,Female,0,122578
2000,Female,1,123003
2000,Female,2,122824
2000,Female,3,125399
2000,Female,4,126703
2000,Female,5,129721
2000,Female,6,129491
2000,Female,7,130484
2000,Female,8,131191
2000,Female,9,132302
2000,Female,10,131167
2000,Female,11,129673
2000,Female,12,128870
2000,Female,13,128575
2000,Female,14,129814
2000,Female,15,130433
2000,Female,16,128693
2000,Female,17,129414
2000,Female,18,128107
2000,Female,19,127186
2000,Female,20,124680
2000,Female,21,124579
2000,Female,22,125260
2000,Female,23,126621
2000,Female,24,129178
2000,Female,25,133373
2000,Female,26,138044
2000,Female,27,143413
2000,Female,28,150690
2000,Female,29,155560
2000,Female,30,146147
2000,Female,31,145636
2000,Female,32,140899
2000,Female,33,139526
2000,Female,34,141796
2000,Female,35,144894
2000,Female,36,149608
2000,Female,37,152087
2000,Female,38,152259
2000,Female,39,153253
2000,Female,40,150476
2000,Female,41,148013
2000,Female,42,145611
2000,Female,43,140069
2000,Female,44,140570
2000,Female,45,138032
2000,Female,46,135268
2000,Female,47,134185
2000,Female,48,130754
2000,Female,49,131968
2000,Female,50,129467
2000,Female,51,126124
2000,Female,52,126271
2000,Female,53,128935
2000,Female,54,108449
2000,Female,55,104668
2000,Female,56,100151
2000,Female,57,90765
2000,Female,58,89066
2000,Female,59,85818
2000,Female,60,82927
2000,Female,61,81359
2000,Female,62,78834
2000,Female,63,76488
2000,Female,64,74710
2000,Female,65,69931
2000,Female,66,68057
2000,Female,67,67332
2000,Female,68,66745
2000,Female,69,70822
2000,Female,70,67191
2000,Female,71,67602
2000,Female,72,66909
2000,Female,73,64763
2000,Female,74,65062
2000,Female,75,62094
2000,Female,76,58678
2000,Female,77,56883
2000,Female,78,55052
2000,Female,79,53220
2000,Female,80,46230
2000,Female,81,38785
2000,Female,82,36754
2000,Female,83,34892
2000,Female,84,32142
2000,Female,85,30107
2000,Female,86,26810
2000,Female,87,22777
2000,Female,88,19764
2000,Female,89,16503
2000,Female,90,13755
2000,Female,91,10835
2000,Female,92,8672
2000,Female,93,6807
2000,Female,94,5140
2000,Female,95,3870
2000,Female,96,2840
2000,Female,97,2088
2000,Female,98,1538
2000,Female,99,963
2000,Female,100,1615
2001,Male,0,129011
2001,Male,1,129860
2001,Male,2,130513
2001,Male,3,130450
2001,Male,4,133219
2001,Male,5,134855
2001,Male,6,137911
2001,Male,7,138465
2001,Male,8,138584
2001,Male,9,139283
2001,Male,10,140278
2001,Male,11,139153
2001,Male,12,136769
2001,Male,13,135823
2001,Male,14,136373
2001,Male,15,137235
2001,Male,16,137209
2001,Male,17,136086
2001,Male,18,137502
2001,Male,19,136122
2001,Male,20,134913
2001,Male,21,131641
2001,Male,22,129055
2001,Male,23,129305
2001,Male,24,129630
2001,Male,25,131297
2001,Male,26,133566
2001,Male,27,138501
2001,Male,28,142262
2001,Male,29,148672
2001,Male,30,154068
2001,Male,31,145311
2001,Male,32,143925
2001,Male,33,140098
2001,Male,34,139049
2001,Male,35,140814
2001,Male,36,143488
2001,Male,37,148905
2001,Male,38,151993
2001,Male,39,151677
2001,Male,40,152573
2001,Male,41,148624
2001,Male,42,147781
2001,Male,43,142996
2001,Male,44,137948
2001,Male,45,139448
2001,Male,46,135548
2001,Male,47,132757
2001,Male,48,132646
2001,Male,49,130508
2001,Male,50,130788
2001,Male,51,129191
2001,Male,52,127445
2001,Male,53,129050
2001,Male,54,131656
2001,Male,55,112215
2001,Male,56,107862
2001,Male,57,102953
2001,Male,58,93568
2001,Male,59,92822
2001,Male,60,87869
2001,Male,61,84971
2001,Male,62,82688
2001,Male,63,78839
2001,Male,64,76816
2001,Male,65,73556
2001,Male,66,66947
2001,Male,67,65849
2001,Male,68,63541
2001,Male,69,63428
2001,Male,70,64790
2001,Male,71,62165
2001,Male,72,60903
2001,Male,73,58557
2001,Male,74,55086
2001,Male,75,53245
2001,Male,76,48840
2001,Male,77,44271
2001,Male,78,41197
2001,Male,79,38268
2001,Male,80,35011
2001,Male,81,29481
2001,Male,82,23171
2001,Male,83,20938
2001,Male,84,18782
2001,Male,85,16141
2001,Male,86,14271
2001,Male,87,11717
2001,Male,88,9505
2001,Male,89,7412
2001,Male,90,5753
2001,Male,91,4426
2001,Male,92,3392
2001,Male,93,2472
2001,Male,94,1767
2001,Male,95,1314
2001,Male,96,952
2001,Male,97,664
2001,Male,98,528
2001,Male,99,443
2001,Male,100,610
2001,Female,0,122309
2001,Female,1,123877
2001,Female,2,124132
2001,Female,3,123871
2001,Female,4,126443
2001,Female,5,127686
2001,Female,6,130947
2001,Female,7,130557
2001,Female,8,131599
2001,Female,9,132636
2001,Female,10,133324
2001,Female,11,131952
2001,Female,12,130844
2001,Female,13,129846
2001,Female,14,129663
2001,Female,15,130782
2001,Female,16,131841
2001,Female,17,130193
2001,Female,18,131867
2001,Female,19,131149
2001,Female,20,130138
2001,Female,21,126778
2001,Female,22,125704
2001,Female,23,125935
2001,Female,24,127030
2001,Female,25,129879
2001,Female,26,133889
2001,Female,27,139111
2001,Female,28,144504
2001,Female,29,152127
2001,Female,30,157230
2001,Female,31,147676
2001,Female,32,147181
2001,Female,33,142292
2001,Female,34,140771
2001,Female,35,143033
2001,Female,36,146240
2001,Female,37,150646
2001,Female,38,153148
2001,Female,39,153088
2001,Female,40,153965
2001,Female,41,151104
2001,Female,42,149028
2001,Female,43,146106
2001,Female,44,140040
2001,Female,45,141104
2001,Female,46,138329
2001,Female,47,134680
2001,Female,48,133945
2001,Female,49,131280
2001,Female,50,132267
2001,Female,51,129721
2001,Female,52,126626
2001,Female,53,126239
2001,Female,54,129002
2001,Female,55,108720
2001,Female,56,104452
2001,Female,57,99918
2001,Female,58,90496
2001,Female,59,88973
2001,Female,60,85739
2001,Female,61,82924
2001,Female,62,81522
2001,Female,63,78669
2001,Female,64,76431
2001,Female,65,74955
2001,Female,66,69575
2001,Female,67,67435
2001,Female,68,66515
2001,Female,69,66097
2001,Female,70,70015
2001,Female,71,66157
2001,Female,72,66879
2001,Female,73,65910
2001,Female,74,63601
2001,Female,75,63784
2001,Female,76,61126
2001,Female,77,56758
2001,Female,78,55117
2001,Female,79,53242
2001,Female,80,51448
2001,Female,81,44027
2001,Female,82,37174
2001,Female,83,34868
2001,Female,84,32919
2001,Female,85,29902
2001,Female,86,28062
2001,Female,87,24305
2001,Female,88,20387
2001,Female,89,17469
2001,Female,90,14463
2001,Female,91,11650
2001,Female,92,9259
2001,Female,93,7238
2001,Female,94,5574
2001,Female,95,4089
2001,Female,96,3049
2001,Female,97,2180
2001,Female,98,1629
2001,Female,99,1148
2001,Female,100,1671
2002,Male,0,127625
2002,Male,1,129677
2002,Male,2,130585
2002,Male,3,131352
2002,Male,4,131324
2002,Male,5,133972
2002,Male,6,135635
2002,Male,7,138622
2002,Male,8,139173
2002,Male,9,139386
2002,Male,10,140222
2002,Male,11,140987
2002,Male,12,140249
2002,Male,13,137759
2002,Male,14,136594
2002,Male,15,137025
2002,Male,16,138034
2002,Male,17,138078
2002,Male,18,137493
2002,Male,19,139356
2002,Male,20,137639
2002,Male,21,136588
2002,Male,22,132913
2002,Male,23,130602
2002,Male,24,131049
2002,Male,25,130906
2002,Male,26,132750
2002,Male,27,135000
2002,Male,28,139553
2002,Male,29,143880
2002,Male,30,150481
2002,Male,31,155230
2002,Male,32,146788
2002,Male,33,145193
2002,Male,34,141222
2002,Male,35,140163
2002,Male,36,141584
2002,Male,37,144107
2002,Male,38,149788
2002,Male,39,152704
2002,Male,40,152512
2002,Male,41,152859
2002,Male,42,148695
2002,Male,43,147705
2002,Male,44,143335
2002,Male,45,138903
2002,Male,46,140042
2002,Male,47,136012
2002,Male,48,133133
2002,Male,49,132989
2002,Male,50,130410
2002,Male,51,130334
2002,Male,52,128844
2002,Male,53,126713
2002,Male,54,128283
2002,Male,55,131363
2002,Male,56,111914
2002,Male,57,107260
2002,Male,58,102343
2002,Male,59,93004
2002,Male,60,92201
2002,Male,61,87075
2002,Male,62,84279
2002,Male,63,81699
2002,Male,64,77804
2002,Male,65,75674
2002,Male,66,72374
2002,Male,67,66035
2002,Male,68,64726
2002,Male,69,62593
2002,Male,70,62096
2002,Male,71,63177
2002,Male,72,60658
2002,Male,73,58957
2002,Male,74,56534
2002,Male,75,52999
2002,Male,76,50945
2002,Male,77,46570
2002,Male,78,41985
2002,Male,79,38805
2002,Male,80,35837
2002,Male,81,32451
2002,Male,82,27378
2002,Male,83,21208
2002,Male,84,18858
2002,Male,85,16725
2002,Male,86,14243
2002,Male,87,12379
2002,Male,88,10032
2002,Male,89,8003
2002,Male,90,6119
2002,Male,91,4700
2002,Male,92,3529
2002,Male,93,2624
2002,Male,94,1903
2002,Male,95,1349
2002,Male,96,975
2002,Male,97,696
2002,Male,98,422
2002,Male,99,338
2002,Male,100,587
2002,Female,0,121195
2002,Female,1,122957
2002,Female,2,124640
2002,Female,3,124915
2002,Female,4,124772
2002,Female,5,127113
2002,Female,6,128366
2002,Female,7,131621
2002,Female,8,131266
2002,Female,9,132277
2002,Female,10,133332
2002,Female,11,133993
2002,Female,12,132810
2002,Female,13,131548
2002,Female,14,130639
2002,Female,15,130788
2002,Female,16,132245
2002,Female,17,133493
2002,Female,18,131952
2002,Female,19,133447
2002,Female,20,132637
2002,Female,21,131664
2002,Female,22,128109
2002,Female,23,127159
2002,Female,24,127323
2002,Female,25,128718
2002,Female,26,131225
2002,Female,27,135325
2002,Female,28,140403
2002,Female,29,146044
2002,Female,30,153652
2002,Female,31,158109
2002,Female,32,148728
2002,Female,33,148055
2002,Female,34,143232
2002,Female,35,141739
2002,Female,36,143898
2002,Female,37,146690
2002,Female,38,151382
2002,Female,39,154039
2002,Female,40,153966
2002,Female,41,154608
2002,Female,42,151423
2002,Female,43,149253
2002,Female,44,146209
2002,Female,45,140794
2002,Female,46,141414
2002,Female,47,138465
2002,Female,48,134859
2002,Female,49,134093
2002,Female,50,131016
2002,Female,51,131629
2002,Female,52,129316
2002,Female,53,126027
2002,Female,54,125724
2002,Female,55,128835
2002,Female,56,108468
2002,Female,57,104364
2002,Female,58,99849
2002,Female,59,90504
2002,Female,60,88943
2002,Female,61,85425
2002,Female,62,82631
2002,Female,63,81123
2002,Female,64,78104
2002,Female,65,76036
2002,Female,66,74107
2002,Female,67,69139
2002,Female,68,66849
2002,Female,69,65925
2002,Female,70,65349
2002,Female,71,68751
2002,Female,72,65560
2002,Female,73,65588
2002,Female,74,64477
2002,Female,75,62235
2002,Female,76,62063
2002,Female,77,59425
2002,Female,78,55103
2002,Female,79,53225
2002,Female,80,51066
2002,Female,81,48892
2002,Female,82,42032
2002,Female,83,34982
2002,Female,84,32453
2002,Female,85,30402
2002,Female,86,27399
2002,Female,87,25478
2002,Female,88,21767
2002,Female,89,17890
2002,Female,90,15232
2002,Female,91,12323
2002,Female,92,9774
2002,Female,93,7596
2002,Female,94,5818
2002,Female,95,4334
2002,Female,96,3157
2002,Female,97,2305
2002,Female,98,1583
2002,Female,99,1176
2002,Female,100,1694
2003,Male,0,127686
2003,Male,1,128410
2003,Male,2,130672
2003,Male,3,131470
2003,Male,4,132378
2003,Male,5,132379
2003,Male,6,134752
2003,Male,7,136299
2003,Male,8,139341
2003,Male,9,139830
2003,Male,10,140286
2003,Male,11,141088
2003,Male,12,141880
2003,Male,13,141362
2003,Male,14,138646
2003,Male,15,137316
2003,Male,16,137670
2003,Male,17,139072
2003,Male,18,139969
2003,Male,19,139621
2003,Male,20,141332
2003,Male,21,139513
2003,Male,22,138366
2003,Male,23,134838
2003,Male,24,132701
2003,Male,25,132573
2003,Male,26,132120
2003,Male,27,134104
2003,Male,28,136493
2003,Male,29,140998
2003,Male,30,145711
2003,Male,31,151911
2003,Male,32,156072
2003,Male,33,147886
2003,Male,34,146144
2003,Male,35,142103
2003,Male,36,141060
2003,Male,37,142461
2003,Male,38,144776
2003,Male,39,150477
2003,Male,40,153116
2003,Male,41,153069
2003,Male,42,152948
2003,Male,43,148734
2003,Male,44,147387
2003,Male,45,143471
2003,Male,46,139599
2003,Male,47,140377
2003,Male,48,136178
2003,Male,49,133134
2003,Male,50,133105
2003,Male,51,130215
2003,Male,52,129762
2003,Male,53,128389
2003,Male,54,125780
2003,Male,55,127485
2003,Male,56,130983
2003,Male,57,111362
2003,Male,58,106542
2003,Male,59,101730
2003,Male,60,92256
2003,Male,61,91459
2003,Male,62,86134
2003,Male,63,83445
2003,Male,64,80571
2003,Male,65,76630
2003,Male,66,74417
2003,Male,67,71067
2003,Male,68,65018
2003,Male,69,63563
2003,Male,70,61431
2003,Male,71,60579
2003,Male,72,61351
2003,Male,73,59004
2003,Male,74,56839
2003,Male,75,54416
2003,Male,76,50859
2003,Male,77,48508
2003,Male,78,44196
2003,Male,79,39617
2003,Male,80,36345
2003,Male,81,33335
2003,Male,82,29827
2003,Male,83,25260
2003,Male,84,19191
2003,Male,85,16718
2003,Male,86,14682
2003,Male,87,12381
2003,Male,88,10547
2003,Male,89,8500
2003,Male,90,6627
2003,Male,91,4959
2003,Male,92,3730
2003,Male,93,2710
2003,Male,94,1973
2003,Male,95,1403
2003,Male,96,965
2003,Male,97,674
2003,Male,98,461
2003,Male,99,270
2003,Male,100,547
2003,Female,0,121273
2003,Female,1,121946
2003,Female,2,123931
2003,Female,3,125555
2003,Female,4,125815
2003,Female,5,125792
2003,Female,6,127879
2003,Female,7,129015
2003,Female,8,132331
2003,Female,9,132064
2003,Female,10,133082
2003,Female,11,134061
2003,Female,12,134687
2003,Female,13,133722
2003,Female,14,132037
2003,Female,15,131326
2003,Female,16,131683
2003,Female,17,133880
2003,Female,18,135672
2003,Female,19,134159
2003,Female,20,135729
2003,Female,21,134760
2003,Female,22,133535
2003,Female,23,129813
2003,Female,24,129425
2003,Female,25,129368
2003,Female,26,131046
2003,Female,27,133186
2003,Female,28,137195
2003,Female,29,142227
2003,Female,30,148110
2003,Female,31,155232
2003,Female,32,159067
2003,Female,33,149856
2003,Female,34,148961
2003,Female,35,144170
2003,Female,36,142628
2003,Female,37,144697
2003,Female,38,147254
2003,Female,39,152186
2003,Female,40,154885
2003,Female,41,154628
2003,Female,42,155157
2003,Female,43,151756
2003,Female,44,149296
2003,Female,45,146396
2003,Female,46,141544
2003,Female,47,141573
2003,Female,48,138453
2003,Female,49,134951
2003,Female,50,134273
2003,Female,51,130780
2003,Female,52,130958
2003,Female,53,128826
2003,Female,54,125290
2003,Female,55,125248
2003,Female,56,128748
2003,Female,57,108176
2003,Female,58,104202
2003,Female,59,99706
2003,Female,60,90382
2003,Female,61,88872
2003,Female,62,84960
2003,Female,63,82381
2003,Female,64,80617
2003,Female,65,77460
2003,Female,66,75468
2003,Female,67,73237
2003,Female,68,68604
2003,Female,69,66182
2003,Female,70,65191
2003,Female,71,64450
2003,Female,72,67356
2003,Female,73,64768
2003,Female,74,64210
2003,Female,75,63022
2003,Female,76,60713
2003,Female,77,60207
2003,Female,78,57531
2003,Female,79,53300
2003,Female,80,51192
2003,Female,81,48779
2003,Female,82,46176
2003,Female,83,39839
2003,Female,84,32726
2003,Female,85,29995
2003,Female,86,27876
2003,Female,87,24897
2003,Female,88,22779
2003,Female,89,19182
2003,Female,90,15567
2003,Female,91,12981
2003,Female,92,10306
2003,Female,93,8005
2003,Female,94,6037
2003,Female,95,4522
2003,Female,96,3298
2003,Female,97,2351
2003,Female,98,1639
2003,Female,99,1124
2003,Female,100,1757
2004,Male,0,129525
2004,Male,1,128539
2004,Male,2,129222
2004,Male,3,131697
2004,Male,4,132519
2004,Male,5,133421
2004,Male,6,133404
2004,Male,7,135526
2004,Male,8,136954
2004,Male,9,140178
2004,Male,10,140515
2004,Male,11,141075
2004,Male,12,141899
2004,Male,13,142642
2004,Male,14,142256
2004,Male,15,139283
2004,Male,16,137918
2004,Male,17,138481
2004,Male,18,140456
2004,Male,19,141721
2004,Male,20,141446
2004,Male,21,143203
2004,Male,22,141573
2004,Male,23,140593
2004,Male,24,136676
2004,Male,25,134251
2004,Male,26,133721
2004,Male,27,133405
2004,Male,28,135544
2004,Male,29,138168
2004,Male,30,142514
2004,Male,31,147038
2004,Male,32,153403
2004,Male,33,156694
2004,Male,34,149133
2004,Male,35,147264
2004,Male,36,142974
2004,Male,37,141945
2004,Male,38,143038
2004,Male,39,145310
2004,Male,40,150925
2004,Male,41,153505
2004,Male,42,153453
2004,Male,43,152915
2004,Male,44,148675
2004,Male,45,146897
2004,Male,46,143381
2004,Male,47,140247
2004,Male,48,140432
2004,Male,49,136028
2004,Male,50,132925
2004,Male,51,132962
2004,Male,52,129746
2004,Male,53,128946
2004,Male,54,127653
2004,Male,55,124711
2004,Male,56,126371
2004,Male,57,130376
2004,Male,58,110579
2004,Male,59,105770
2004,Male,60,100962
2004,Male,61,91378
2004,Male,62,90582
2004,Male,63,85140
2004,Male,64,82428
2004,Male,65,79243
2004,Male,66,75307
2004,Male,67,73025
2004,Male,68,69660
2004,Male,69,63889
2004,Male,70,62166
2004,Male,71,60125
2004,Male,72,58881
2004,Male,73,59372
2004,Male,74,57196
2004,Male,75,54593
2004,Male,76,52140
2004,Male,77,48600
2004,Male,78,46016
2004,Male,79,41668
2004,Male,80,37268
2004,Male,81,33881
2004,Male,82,30799
2004,Male,83,27146
2004,Male,84,23072
2004,Male,85,17237
2004,Male,86,14666
2004,Male,87,12752
2004,Male,88,10599
2004,Male,89,8869
2004,Male,90,7038
2004,Male,91,5354
2004,Male,92,3937
2004,Male,93,2892
2004,Male,94,2048
2004,Male,95,1433
2004,Male,96,995
2004,Male,97,694
2004,Male,98,460
2004,Male,99,321
2004,Male,100,498
2004,Female,0,122284
2004,Female,1,122074
2004,Female,2,122786
2004,Female,3,124992
2004,Female,4,126538
2004,Female,5,126674
2004,Female,6,126707
2004,Female,7,128698
2004,Female,8,129811
2004,Female,9,133140
2004,Female,10,132856
2004,Female,11,133752
2004,Female,12,134726
2004,Female,13,135335
2004,Female,14,134479
2004,Female,15,132498
2004,Female,16,131856
2004,Female,17,132717
2004,Female,18,135531
2004,Female,19,137428
2004,Female,20,136357
2004,Female,21,137799
2004,Female,22,136356
2004,Female,23,135197
2004,Female,24,131526
2004,Female,25,131202
2004,Female,26,131229
2004,Female,27,132638
2004,Female,28,134756
2004,Female,29,138804
2004,Female,30,143825
2004,Female,31,149548
2004,Female,32,156503
2004,Female,33,159723
2004,Female,34,150719
2004,Female,35,149495
2004,Female,36,144959
2004,Female,37,143465
2004,Female,38,145206
2004,Female,39,147733
2004,Female,40,152759
2004,Female,41,155471
2004,Female,42,155211
2004,Female,43,155384
2004,Female,44,151934
2004,Female,45,149167
2004,Female,46,146365
2004,Female,47,142065
2004,Female,48,141481
2004,Female,49,138254
2004,Female,50,134816
2004,Female,51,134197
2004,Female,52,130400
2004,Female,53,130128
2004,Female,54,128243
2004,Female,55,124375
2004,Female,56,124630
2004,Female,57,128405
2004,Female,58,107773
2004,Female,59,103944
2004,Female,60,99528
2004,Female,61,90304
2004,Female,62,88717
2004,Female,63,84372
2004,Female,64,81909
2004,Female,65,79974
2004,Female,66,76722
2004,Female,67,74794
2004,Female,68,72180
2004,Female,69,67880
2004,Female,70,65410
2004,Female,71,64390
2004,Female,72,63503
2004,Female,73,65843
2004,Female,74,63844
2004,Female,75,62622
2004,Female,76,61307
2004,Female,77,58949
2004,Female,78,58065
2004,Female,79,55558
2004,Female,80,51447
2004,Female,81,48912
2004,Female,82,46272
2004,Female,83,43303
2004,Female,84,37557
2004,Female,85,30348
2004,Female,86,27443
2004,Female,87,25222
2004,Female,88,22318
2004,Female,89,20221
2004,Female,90,16713
2004,Female,91,13309
2004,Female,92,10828
2004,Female,93,8424
2004,Female,94,6437
2004,Female,95,4688
2004,Female,96,3434
2004,Female,97,2422
2004,Female,98,1663
2004,Female,99,1162
2004,Female,100,1853
2005,Male,0,132477
2005,Male,1,130491
2005,Male,2,129727
2005,Male,3,130419
2005,Male,4,132929
2005,Male,5,133784
2005,Male,6,134584
2005,Male,7,134560
2005,Male,8,136583
2005,Male,9,137930
2005,Male,10,141138
2005,Male,11,141440
2005,Male,12,141996
2005,Male,13,142902
2005,Male,14,143502
2005,Male,15,143415
2005,Male,16,140285
2005,Male,17,139338
2005,Male,18,140193
2005,Male,19,142701
2005,Male,20,144185
2005,Male,21,143860
2005,Male,22,145455
2005,Male,23,144147
2005,Male,24,142207
2005,Male,25,138085
2005,Male,26,135677
2005,Male,27,134873
2005,Male,28,134909
2005,Male,29,137143
2005,Male,30,139946
2005,Male,31,144057
2005,Male,32,148477
2005,Male,33,154923
2005,Male,34,157630
2005,Male,35,150478
2005,Male,36,148574
2005,Male,37,144025
2005,Male,38,142909
2005,Male,39,143904
2005,Male,40,146137
2005,Male,41,151680
2005,Male,42,153822
2005,Male,43,153869
2005,Male,44,152740
2005,Male,45,148646
2005,Male,46,146441
2005,Male,47,143135
2005,Male,48,140752
2005,Male,49,140512
2005,Male,50,135850
2005,Male,51,132804
2005,Male,52,132864
2005,Male,53,129369
2005,Male,54,128041
2005,Male,55,126885
2005,Male,56,123625
2005,Male,57,125438
2005,Male,58,129748
2005,Male,59,109904
2005,Male,60,104979
2005,Male,61,100192
2005,Male,62,90586
2005,Male,63,89660
2005,Male,64,84091
2005,Male,65,81352
2005,Male,66,77921
2005,Male,67,73966
2005,Male,68,71520
2005,Male,69,68182
2005,Male,70,62759
2005,Male,71,60801
2005,Male,72,58831
2005,Male,73,57212
2005,Male,74,57436
2005,Male,75,55316
2005,Male,76,52283
2005,Male,77,49892
2005,Male,78,46252
2005,Male,79,43469
2005,Male,80,39152
2005,Male,81,34905
2005,Male,82,31418
2005,Male,83,28286
2005,Male,84,24541
2005,Male,85,20956
2005,Male,86,15396
2005,Male,87,12816
2005,Male,88,11046
2005,Male,89,9017
2005,Male,90,7371
2005,Male,91,5727
2005,Male,92,4291
2005,Male,93,3113
2005,Male,94,2235
2005,Male,95,1564
2005,Male,96,1009
2005,Male,97,703
2005,Male,98,478
2005,Male,99,322
2005,Male,100,467
2005,Female,0,124742
2005,Female,1,123405
2005,Female,2,123149
2005,Female,3,123940
2005,Female,4,126260
2005,Female,5,127782
2005,Female,6,127826
2005,Female,7,127710
2005,Female,8,129588
2005,Female,9,130694
2005,Female,10,134044
2005,Female,11,133691
2005,Female,12,134657
2005,Female,13,135470
2005,Female,14,135971
2005,Female,15,135315
2005,Female,16,133322
2005,Female,17,133062
2005,Female,18,134222
2005,Female,19,137679
2005,Female,20,140003
2005,Female,21,139154
2005,Female,22,140070
2005,Female,23,138552
2005,Female,24,137015
2005,Female,25,133673
2005,Female,26,133410
2005,Female,27,133228
2005,Female,28,134771
2005,Female,29,136784
2005,Female,30,140653
2005,Female,31,145449
2005,Female,32,150758
2005,Female,33,157857
2005,Female,34,160768
2005,Female,35,151845
2005,Female,36,150537
2005,Female,37,145823
2005,Female,38,144375
2005,Female,39,145928
2005,Female,40,148280
2005,Female,41,153514
2005,Female,42,156067
2005,Female,43,155918
2005,Female,44,155619
2005,Female,45,152170
2005,Female,46,149003
2005,Female,47,146366
2005,Female,48,142677
2005,Female,49,141390
2005,Female,50,138050
2005,Female,51,134837
2005,Female,52,134264
2005,Female,53,130016
2005,Female,54,129361
2005,Female,55,127654
2005,Female,56,123515
2005,Female,57,124039
2005,Female,58,128156
2005,Female,59,107481
2005,Female,60,103764
2005,Female,61,99415
2005,Female,62,90187
2005,Female,63,88611
2005,Female,64,83801
2005,Female,65,81480
2005,Female,66,79304
2005,Female,67,75982
2005,Female,68,74090
2005,Female,69,71068
2005,Female,70,67167
2005,Female,71,64568
2005,Female,72,63533
2005,Female,73,62490
2005,Female,74,64309
2005,Female,75,62849
2005,Female,76,61009
2005,Female,77,59574
2005,Female,78,57243
2005,Female,79,55942
2005,Female,80,53461
2005,Female,81,49441
2005,Female,82,46592
2005,Female,83,43696
2005,Female,84,40396
2005,Female,85,35228
2005,Female,86,27964
2005,Female,87,24911
2005,Female,88,22576
2005,Female,89,19825
2005,Female,90,17637
2005,Female,91,14391
2005,Female,92,11239
2005,Female,93,8942
2005,Female,94,6824
2005,Female,95,5111
2005,Female,96,3570
2005,Female,97,2591
2005,Female,98,1753
2005,Female,99,1183
2005,Female,100,1935
2006,Male,0,136681
2006,Male,1,133184
2006,Male,2,131752
2006,Male,3,131114
2006,Male,4,131725
2006,Male,5,134345
2006,Male,6,135142
2006,Male,7,135780
2006,Male,8,135941
2006,Male,9,137693
2006,Male,10,138961
2006,Male,11,142191
2006,Male,12,142338
2006,Male,13,142966
2006,Male,14,143929
2006,Male,15,144349
2006,Male,16,144793
2006,Male,17,141665
2006,Male,18,141023
2006,Male,19,142786
2006,Male,20,145707
2006,Male,21,147325
2006,Male,22,147279
2006,Male,23,149015
2006,Male,24,147092
2006,Male,25,144646
2006,Male,26,140210
2006,Male,27,137691
2006,Male,28,136648
2006,Male,29,137016
2006,Male,30,139358
2006,Male,31,142002
2006,Male,32,145797
2006,Male,33,150105
2006,Male,34,156656
2006,Male,35,158763
2006,Male,36,152211
2006,Male,37,149713
2006,Male,38,145328
2006,Male,39,143937
2006,Male,40,144904
2006,Male,41,146952
2006,Male,42,152386
2006,Male,43,154363
2006,Male,44,154360
2006,Male,45,152785
2006,Male,46,148641
2006,Male,47,146066
2006,Male,48,142925
2006,Male,49,141175
2006,Male,50,140393
2006,Male,51,135648
2006,Male,52,132578
2006,Male,53,132635
2006,Male,54,128908
2006,Male,55,127138
2006,Male,56,126103
2006,Male,57,122403
2006,Male,58,124287
2006,Male,59,128963
2006,Male,60,109205
2006,Male,61,103949
2006,Male,62,99286
2006,Male,63,89750
2006,Male,64,88717
2006,Male,65,82859
2006,Male,66,80127
2006,Male,67,76527
2006,Male,68,72528
2006,Male,69,69994
2006,Male,70,66595
2006,Male,71,61503
2006,Male,72,59361
2006,Male,73,57421
2006,Male,74,55463
2006,Male,75,55300
2006,Male,76,53391
2006,Male,77,49878
2006,Male,78,47535
2006,Male,79,43891
2006,Male,80,40820
2006,Male,81,36510
2006,Male,82,32459
2006,Male,83,28851
2006,Male,84,25768
2006,Male,85,21943
2006,Male,86,18819
2006,Male,87,13554
2006,Male,88,10964
2006,Male,89,9356
2006,Male,90,7589
2006,Male,91,6003
2006,Male,92,4572
2006,Male,93,3383
2006,Male,94,2368
2006,Male,95,1646
2006,Male,96,1146
2006,Male,97,674
2006,Male,98,470
2006,Male,99,324
2006,Male,100,455
2006,Female,0,130206
2006,Female,1,125440
2006,Female,2,124714
2006,Female,3,124395
2006,Female,4,125327
2006,Female,5,127549
2006,Female,6,129050
2006,Female,7,129084
2006,Female,8,129008
2006,Female,9,130716
2006,Female,10,131697
2006,Female,11,135007
2006,Female,12,134643
2006,Female,13,135596
2006,Female,14,136213
2006,Female,15,136694
2006,Female,16,136389
2006,Female,17,134315
2006,Female,18,134344
2006,Female,19,136324
2006,Female,20,140690
2006,Female,21,143321
2006,Female,22,142752
2006,Female,23,143656
2006,Female,24,141598
2006,Female,25,139748
2006,Female,26,136694
2006,Female,27,136247
2006,Female,28,135631
2006,Female,29,137057
2006,Female,30,139133
2006,Female,31,142540
2006,Female,32,147217
2006,Female,33,152178
2006,Female,34,159158
2006,Female,35,161893
2006,Female,36,153244
2006,Female,37,151581
2006,Female,38,146766
2006,Female,39,145392
2006,Female,40,146740
2006,Female,41,149044
2006,Female,42,154243
2006,Female,43,156847
2006,Female,44,156605
2006,Female,45,155785
2006,Female,46,152365
2006,Female,47,148673
2006,Female,48,146193
2006,Female,49,143124
2006,Female,50,141318
2006,Female,51,137806
2006,Female,52,134737
2006,Female,53,134220
2006,Female,54,129592
2006,Female,55,128456
2006,Female,56,126972
2006,Female,57,122552
2006,Female,58,123316
2006,Female,59,127802
2006,Female,60,107084
2006,Female,61,103405
2006,Female,62,99219
2006,Female,63,89926
2006,Female,64,88294
2006,Female,65,83282
2006,Female,66,80906
2006,Female,67,78528
2006,Female,68,75112
2006,Female,69,73258
2006,Female,70,69956
2006,Female,71,66360
2006,Female,72,63629
2006,Female,73,62535
2006,Female,74,61309
2006,Female,75,62534
2006,Female,76,61739
2006,Female,77,59328
2006,Female,78,57748
2006,Female,79,55337
2006,Female,80,53663
2006,Female,81,51136
2006,Female,82,47189
2006,Female,83,44068
2006,Female,84,40974
2006,Female,85,37270
2006,Female,86,32686
2006,Female,87,25453
2006,Female,88,22199
2006,Female,89,19920
2006,Female,90,17339
2006,Female,91,15122
2006,Female,92,12119
2006,Female,93,9232
2006,Female,94,7198
2006,Female,95,5330
2006,Female,96,3902
2006,Female,97,2658
2006,Female,98,1844
2006,Female,99,1195
2006,Female,100,1959
2007,Male,0,145930
2007,Male,1,138494
2007,Male,2,135371
2007,Male,3,133673
2007,Male,4,132783
2007,Male,5,133356
2007,Male,6,135930
2007,Male,7,136453
2007,Male,8,137062
2007,Male,9,137471
2007,Male,10,139077
2007,Male,11,140352
2007,Male,12,143496
2007,Male,13,143253
2007,Male,14,143734
2007,Male,15,144669
2007,Male,16,145608
2007,Male,17,147205
2007,Male,18,145871
2007,Male,19,146238
2007,Male,20,147703
2007,Male,21,150617
2007,Male,22,152442
2007,Male,23,152842
2007,Male,24,154022
2007,Male,25,150840
2007,Male,26,148018
2007,Male,27,143319
2007,Male,28,140858
2007,Male,29,139491
2007,Male,30,140022
2007,Male,31,141951
2007,Male,32,144250
2007,Male,33,147873
2007,Male,34,152166
2007,Male,35,158748
2007,Male,36,161071
2007,Male,37,154112
2007,Male,38,151594
2007,Male,39,146937
2007,Male,40,145240
2007,Male,41,145983
2007,Male,42,147737
2007,Male,43,153023
2007,Male,44,154851
2007,Male,45,155066
2007,Male,46,153579
2007,Male,47,149093
2007,Male,48,146670
2007,Male,49,143290
2007,Male,50,141379
2007,Male,51,140431
2007,Male,52,135730
2007,Male,53,132268
2007,Male,54,132090
2007,Male,55,128318
2007,Male,56,126625
2007,Male,57,125333
2007,Male,58,121803
2007,Male,59,123589
2007,Male,60,128325
2007,Male,61,108776
2007,Male,62,103497
2007,Male,63,98820
2007,Male,64,89314
2007,Male,65,88107
2007,Male,66,82198
2007,Male,67,79472
2007,Male,68,75703
2007,Male,69,71638
2007,Male,70,69013
2007,Male,71,65282
2007,Male,72,60296
2007,Male,73,57897
2007,Male,74,55823
2007,Male,75,53748
2007,Male,76,53430
2007,Male,77,51252
2007,Male,78,47708
2007,Male,79,45201
2007,Male,80,41546
2007,Male,81,38331
2007,Male,82,34015
2007,Male,83,29998
2007,Male,84,26323
2007,Male,85,23350
2007,Male,86,19702
2007,Male,87,16540
2007,Male,88,11722
2007,Male,89,9367
2007,Male,90,7876
2007,Male,91,6234
2007,Male,92,4840
2007,Male,93,3610
2007,Male,94,2591
2007,Male,95,1778
2007,Male,96,1206
2007,Male,97,803
2007,Male,98,477
2007,Male,99,319
2007,Male,100,508
2007,Female,0,137923
2007,Female,1,132033
2007,Female,2,127478
2007,Female,3,126564
2007,Female,4,126230
2007,Female,5,127028
2007,Female,6,129029
2007,Female,7,130467
2007,Female,8,130490
2007,Female,9,130278
2007,Female,10,132116
2007,Female,11,132832
2007,Female,12,136151
2007,Female,13,135558
2007,Female,14,136249
2007,Female,15,137031
2007,Female,16,138297
2007,Female,17,139143
2007,Female,18,138018
2007,Female,19,138641
2007,Female,20,140414
2007,Female,21,144025
2007,Female,22,146487
2007,Female,23,146843
2007,Female,24,147746
2007,Female,25,145193
2007,Female,26,143679
2007,Female,27,140684
2007,Female,28,139932
2007,Female,29,139004
2007,Female,30,140173
2007,Female,31,141962
2007,Female,32,144967
2007,Female,33,149368
2007,Female,34,154352
2007,Female,35,161483
2007,Female,36,164227
2007,Female,37,155319
2007,Female,38,153678
2007,Female,39,148516
2007,Female,40,146840
2007,Female,41,147889
2007,Female,42,150098
2007,Female,43,155030
2007,Female,44,157541
2007,Female,45,157212
2007,Female,46,156548
2007,Female,47,152653
2007,Female,48,149205
2007,Female,49,146534
2007,Female,50,143360
2007,Female,51,141454
2007,Female,52,137845
2007,Female,53,134630
2007,Female,54,133871
2007,Female,55,129194
2007,Female,56,127993
2007,Female,57,126382
2007,Female,58,122108
2007,Female,59,122848
2007,Female,60,127359
2007,Female,61,106975
2007,Female,62,103371
2007,Female,63,98986
2007,Female,64,89746
2007,Female,65,88040
2007,Female,66,82851
2007,Female,67,80356
2007,Female,68,77873
2007,Female,69,74400
2007,Female,70,72318
2007,Female,71,69330
2007,Female,72,65724
2007,Female,73,62893
2007,Female,74,61671
2007,Female,75,60323
2007,Female,76,61433
2007,Female,77,60443
2007,Female,78,57936
2007,Female,79,56236
2007,Female,80,53546
2007,Female,81,51673
2007,Female,82,48959
2007,Female,83,44952
2007,Female,84,41536
2007,Female,85,38368
2007,Female,86,34543
2007,Female,87,29881
2007,Female,88,22913
2007,Female,89,19781
2007,Female,90,17534
2007,Female,91,14928
2007,Female,92,12755
2007,Female,93,9969
2007,Female,94,7499
2007,Female,95,5632
2007,Female,96,4109
2007,Female,97,2969
2007,Female,98,1953
2007,Female,99,1308
2007,Female,100,2071
2008,Male,0,149299
2008,Male,1,146337
2008,Male,2,141116
2008,Male,3,137727
2008,Male,4,135773
2008,Male,5,134691
2008,Male,6,135031
2008,Male,7,137435
2008,Male,8,137974
2008,Male,9,138540
2008,Male,10,138998
2008,Male,11,140450
2008,Male,12,141786
2008,Male,13,144809
2008,Male,14,144263
2008,Male,15,144724
2008,Male,16,146068
2008,Male,17,148299
2008,Male,18,152369
2008,Male,19,152297
2008,Male,20,152510
2008,Male,21,154005
2008,Male,22,157095
2008,Male,23,159714
2008,Male,24,159613
2008,Male,25,159682
2008,Male,26,155510
2008,Male,27,152341
2008,Male,28,147329
2008,Male,29,144785
2008,Male,30,143015
2008,Male,31,143120
2008,Male,32,144690
2008,Male,33,146816
2008,Male,34,150365
2008,Male,35,154595
2008,Male,36,161053
2008,Male,37,163378
2008,Male,38,156120
2008,Male,39,153599
2008,Male,40,148678
2008,Male,41,146637
2008,Male,42,147047
2008,Male,43,148545
2008,Male,44,153731
2008,Male,45,155289
2008,Male,46,155716
2008,Male,47,154301
2008,Male,48,149544
2008,Male,49,147154
2008,Male,50,143623
2008,Male,51,141564
2008,Male,52,140470
2008,Male,53,135680
2008,Male,54,132018
2008,Male,55,131623
2008,Male,56,127749
2008,Male,57,126086
2008,Male,58,124613
2008,Male,59,121223
2008,Male,60,122976
2008,Male,61,127596
2008,Male,62,108120
2008,Male,63,102974
2008,Male,64,98261
2008,Male,65,88660
2008,Male,66,87365
2008,Male,67,81484
2008,Male,68,78603
2008,Male,69,74795
2008,Male,70,70629
2008,Male,71,67861
2008,Male,72,63953
2008,Male,73,58861
2008,Male,74,56359
2008,Male,75,53963
2008,Male,76,51848
2008,Male,77,51271
2008,Male,78,49041
2008,Male,79,45416
2008,Male,80,42589
2008,Male,81,38970
2008,Male,82,35664
2008,Male,83,31410
2008,Male,84,27422
2008,Male,85,23715
2008,Male,86,20766
2008,Male,87,17272
2008,Male,88,14307
2008,Male,89,9966
2008,Male,90,7821
2008,Male,91,6468
2008,Male,92,5044
2008,Male,93,3778
2008,Male,94,2769
2008,Male,95,1930
2008,Male,96,1272
2008,Male,97,858
2008,Male,98,543
2008,Male,99,317
2008,Male,100,516
2008,Female,0,141915
2008,Female,1,138288
2008,Female,2,134270
2008,Female,3,129785
2008,Female,4,128583
2008,Female,5,128183
2008,Female,6,128640
2008,Female,7,130533
2008,Female,8,131761
2008,Female,9,131895
2008,Female,10,131665
2008,Female,11,133480
2008,Female,12,134016
2008,Female,13,137129
2008,Female,14,136524
2008,Female,15,137149
2008,Female,16,138383
2008,Female,17,141005
2008,Female,18,143534
2008,Female,19,143784
2008,Female,20,144354
2008,Female,21,145504
2008,Female,22,148900
2008,Female,23,152342
2008,Female,24,152325
2008,Female,25,152964
2008,Female,26,149982
2008,Female,27,148445
2008,Female,28,145052
2008,Female,29,143918
2008,Female,30,142757
2008,Female,31,143354
2008,Female,32,144834
2008,Female,33,147562
2008,Female,34,151831
2008,Female,35,156774
2008,Female,36,163933
2008,Female,37,166732
2008,Female,38,157482
2008,Female,39,155887
2008,Female,40,150437
2008,Female,41,148355
2008,Female,42,149051
2008,Female,43,151155
2008,Female,44,155773
2008,Female,45,158199
2008,Female,46,157765
2008,Female,47,157141
2008,Female,48,152972
2008,Female,49,149742
2008,Female,50,146881
2008,Female,51,143586
2008,Female,52,141485
2008,Female,53,138025
2008,Female,54,134483
2008,Female,55,133520
2008,Female,56,128877
2008,Female,57,127528
2008,Female,58,125778
2008,Female,59,121598
2008,Female,60,122287
2008,Female,61,126851
2008,Female,62,106628
2008,Female,63,103191
2008,Female,64,98731
2008,Female,65,89429
2008,Female,66,87651
2008,Female,67,82363
2008,Female,68,79735
2008,Female,69,77075
2008,Female,70,73496
2008,Female,71,71204
2008,Female,72,68529
2008,Female,73,64952
2008,Female,74,62033
2008,Female,75,60728
2008,Female,76,59173
2008,Female,77,60235
2008,Female,78,58933
2008,Female,79,56324
2008,Female,80,54445
2008,Female,81,51609
2008,Female,82,49427
2008,Female,83,46641
2008,Female,84,42465
2008,Female,85,38897
2008,Female,86,35552
2008,Female,87,31609
2008,Female,88,26761
2008,Female,89,20228
2008,Female,90,17312
2008,Female,91,15073
2008,Female,92,12521
2008,Female,93,10430
2008,Female,94,7997
2008,Female,95,5852
2008,Female,96,4294
2008,Female,97,3010
2008,Female,98,2147
2008,Female,99,1323
2008,Female,100,2208
2009,Male,0,151627
2009,Male,1,149254
2009,Male,2,147229
2009,Male,3,143766
2009,Male,4,140093
2009,Male,5,138209
2009,Male,6,136545
2009,Male,7,136688
2009,Male,8,139095
2009,Male,9,139449
2009,Male,10,140065
2009,Male,11,140505
2009,Male,12,141835
2009,Male,13,143094
2009,Male,14,146106
2009,Male,15,145578
2009,Male,16,146184
2009,Male,17,148062
2009,Male,18,152447
2009,Male,19,159171
2009,Male,20,159410
2009,Male,21,159611
2009,Male,22,161759
2009,Male,23,165753
2009,Male,24,167089
2009,Male,25,165916
2009,Male,26,165462
2009,Male,27,160731
2009,Male,28,157253
2009,Male,29,151952
2009,Male,30,149097
2009,Male,31,146381
2009,Male,32,146321
2009,Male,33,147117
2009,Male,34,149393
2009,Male,35,152726
2009,Male,36,156803
2009,Male,37,163215
2009,Male,38,165536
2009,Male,39,157991
2009,Male,40,155412
2009,Male,41,150229
2009,Male,42,147723
2009,Male,43,147847
2009,Male,44,149239
2009,Male,45,154189
2009,Male,46,155590
2009,Male,47,156064
2009,Male,48,154763
2009,Male,49,149829
2009,Male,50,147555
2009,Male,51,143966
2009,Male,52,141634
2009,Male,53,140366
2009,Male,54,135596
2009,Male,55,131644
2009,Male,56,131080
2009,Male,57,127178
2009,Male,58,125558
2009,Male,59,123786
2009,Male,60,120560
2009,Male,61,122235
2009,Male,62,126773
2009,Male,63,107508
2009,Male,64,102422
2009,Male,65,97513
2009,Male,66,87896
2009,Male,67,86596
2009,Male,68,80620
2009,Male,69,77754
2009,Male,70,73751
2009,Male,71,69537
2009,Male,72,66576
2009,Male,73,62401
2009,Male,74,57377
2009,Male,75,54671
2009,Male,76,52124
2009,Male,77,49870
2009,Male,78,49145
2009,Male,79,46729
2009,Male,80,43031
2009,Male,81,39999
2009,Male,82,36302
2009,Male,83,32918
2009,Male,84,28716
2009,Male,85,24811
2009,Male,86,21209
2009,Male,87,18339
2009,Male,88,14988
2009,Male,89,12136
2009,Male,90,8248
2009,Male,91,6442
2009,Male,92,5219
2009,Male,93,3985
2009,Male,94,2863
2009,Male,95,2054
2009,Male,96,1408
2009,Male,97,862
2009,Male,98,574
2009,Male,99,350
2009,Male,100,519
2009,Female,0,143634
2009,Female,1,142088
2009,Female,2,139100
2009,Female,3,136677
2009,Female,4,132216
2009,Female,5,130688
2009,Female,6,130034
2009,Female,7,130144
2009,Female,8,132035
2009,Female,9,133213
2009,Female,10,133293
2009,Female,11,133021
2009,Female,12,134896
2009,Female,13,135247
2009,Female,14,138194
2009,Female,15,137729
2009,Female,16,138529
2009,Female,17,140305
2009,Female,18,144757
2009,Female,19,149676
2009,Female,20,150344
2009,Female,21,150720
2009,Female,22,151923
2009,Female,23,155957
2009,Female,24,158810
2009,Female,25,158313
2009,Female,26,158752
2009,Female,27,155466
2009,Female,28,153655
2009,Female,29,149809
2009,Female,30,148012
2009,Female,31,146067
2009,Female,32,146486
2009,Female,33,147464
2009,Female,34,150039
2009,Female,35,154170
2009,Female,36,159064
2009,Female,37,166223
2009,Female,38,168996
2009,Female,39,159556
2009,Female,40,157921
2009,Female,41,152106
2009,Female,42,149586
2009,Female,43,149990
2009,Female,44,152010
2009,Female,45,156321
2009,Female,46,158618
2009,Female,47,158154
2009,Female,48,157698
2009,Female,49,153204
2009,Female,50,150251
2009,Female,51,147227
2009,Female,52,143840
2009,Female,53,141536
2009,Female,54,138111
2009,Female,55,134317
2009,Female,56,133103
2009,Female,57,128371
2009,Female,58,127052
2009,Female,59,125083
2009,Female,60,121056
2009,Female,61,121633
2009,Female,62,126165
2009,Female,63,106308
2009,Female,64,102860
2009,Female,65,98397
2009,Female,66,89067
2009,Female,67,87199
2009,Female,68,81805
2009,Female,69,79016
2009,Female,70,76196
2009,Female,71,72525
2009,Female,72,70055
2009,Female,73,67735
2009,Female,74,64145
2009,Female,75,61075
2009,Female,76,59704
2009,Female,77,58033
2009,Female,78,58846
2009,Female,79,57368
2009,Female,80,54576
2009,Female,81,52517
2009,Female,82,49479
2009,Female,83,47021
2009,Female,84,44052
2009,Female,85,39784
2009,Female,86,36034
2009,Female,87,32646
2009,Female,88,28606
2009,Female,89,23660
2009,Female,90,17591
2009,Female,91,14852
2009,Female,92,12666
2009,Female,93,10247
2009,Female,94,8408
2009,Female,95,6221
2009,Female,96,4436
2009,Female,97,3223
2009,Female,98,2152
2009,Female,99,1461
2009,Female,100,2235
2010,Male,0,152773
2010,Male,1,150573
2010,Male,2,149392
2010,Male,3,147633
2010,Male,4,145951
2010,Male,5,142049
2010,Male,6,139854
2010,Male,7,137922
2010,Male,8,137848
2010,Male,9,140237
2010,Male,10,140433
2010,Male,11,141070
2010,Male,12,141551
2010,Male,13,142884
2010,Male,14,144081
2010,Male,15,147354
2010,Male,16,146978
2010,Male,17,147964
2010,Male,18,150568
2010,Male,19,156457
2010,Male,20,163224
2010,Male,21,163174
2010,Male,22,163172
2010,Male,23,165837
2010,Male,24,168661
2010,Male,25,169015
2010,Male,26,167310
2010,Male,27,167449
2010,Male,28,162884
2010,Male,29,159711
2010,Male,30,154197
2010,Male,31,151150
2010,Male,32,148036
2010,Male,33,147820
2010,Male,34,148373
2010,Male,35,150829
2010,Male,36,153988
2010,Male,37,158001
2010,Male,38,164585
2010,Male,39,166904
2010,Male,40,159027
2010,Male,41,156468
2010,Male,42,151063
2010,Male,43,148254
2010,Male,44,148042
2010,Male,45,149489
2010,Male,46,154198
2010,Male,47,155618
2010,Male,48,156226
2010,Male,49,155036
2010,Male,50,149973
2010,Male,51,147836
2010,Male,52,144103
2010,Male,53,141595
2010,Male,54,140247
2010,Male,55,135456
2010,Male,56,131310
2010,Male,57,130515
2010,Male,58,126550
2010,Male,59,124946
2010,Male,60,123008
2010,Male,61,119820
2010,Male,62,121483
2010,Male,63,125896
2010,Male,64,106831
2010,Male,65,101678
2010,Male,66,96786
2010,Male,67,87187
2010,Male,68,85844
2010,Male,69,79746
2010,Male,70,76802
2010,Male,71,72695
2010,Male,72,68395
2010,Male,73,65288
2010,Male,74,60850
2010,Male,75,55798
2010,Male,76,52936
2010,Male,77,50226
2010,Male,78,47819
2010,Male,79,46984
2010,Male,80,44405
2010,Male,81,40631
2010,Male,82,37488
2010,Male,83,33628
2010,Male,84,30179
2010,Male,85,26167
2010,Male,86,22243
2010,Male,87,18802
2010,Male,88,16090
2010,Male,89,12896
2010,Male,90,10175
2010,Male,91,6772
2010,Male,92,5189
2010,Male,93,4091
2010,Male,94,3042
2010,Male,95,2110
2010,Male,96,1478
2010,Male,97,1018
2010,Male,98,592
2010,Male,99,394
2010,Male,100,525
2010,Female,0,144664
2010,Female,1,142837
2010,Female,2,142144
2010,Female,3,139506
2010,Female,4,138539
2010,Female,5,134034
2010,Female,6,132246
2010,Female,7,131390
2010,Female,8,131455
2010,Female,9,133147
2010,Female,10,134150
2010,Female,11,134342
2010,Female,12,133981
2010,Female,13,135880
2010,Female,14,136132
2010,Female,15,139145
2010,Female,16,138970
2010,Female,17,140235
2010,Female,18,143032
2010,Female,19,149345
2010,Female,20,154423
2010,Female,21,154739
2010,Female,22,154890
2010,Female,23,157183
2010,Female,24,159751
2010,Female,25,162068
2010,Female,26,161397
2010,Female,27,161898
2010,Female,28,158695
2010,Female,29,156829
2010,Female,30,152755
2010,Female,31,150404
2010,Female,32,148230
2010,Female,33,148194
2010,Female,34,149038
2010,Female,35,151623
2010,Female,36,155729
2010,Female,37,160560
2010,Female,38,167723
2010,Female,39,170604
2010,Female,40,160907
2010,Female,41,159379
2010,Female,42,153224
2010,Female,43,150333
2010,Female,44,150405
2010,Female,45,152475
2010,Female,46,156573
2010,Female,47,158778
2010,Female,48,158341
2010,Female,49,158070
2010,Female,50,153292
2010,Female,51,150580
2010,Female,52,147447
2010,Female,53,143942
2010,Female,54,141568
2010,Female,55,138188
2010,Female,56,134152
2010,Female,57,132738
2010,Female,58,127984
2010,Female,59,126564
2010,Female,60,124281
2010,Female,61,120500
2010,Female,62,121018
2010,Female,63,125586
2010,Female,64,105961
2010,Female,65,102511
2010,Female,66,97988
2010,Female,67,88757
2010,Female,68,86697
2010,Female,69,81201
2010,Female,70,78303
2010,Female,71,75342
2010,Female,72,71540
2010,Female,73,68864
2010,Female,74,66815
2010,Female,75,63246
2010,Female,76,60096
2010,Female,77,58557
2010,Female,78,56731
2010,Female,79,57415
2010,Female,80,55623
2010,Female,81,52731
2010,Female,82,50552
2010,Female,83,47181
2010,Female,84,44566
2010,Female,85,41343
2010,Female,86,37101
2010,Female,87,33209
2010,Female,88,29724
2010,Female,89,25568
2010,Female,90,20650
2010,Female,91,15091
2010,Female,92,12619
2010,Female,93,10502
2010,Female,94,8256
2010,Female,95,6638
2010,Female,96,4756
2010,Female,97,3319
2010,Female,98,2289
2010,Female,99,1527
2010,Female,100,2418
2011,Male,0,149027
2011,Male,1,151366
2011,Male,2,150320
2011,Male,3,149673
2011,Male,4,148141
2011,Male,5,148229
2011,Male,6,144049
2011,Male,7,141402
2011,Male,8,139417
2011,Male,9,139108
2011,Male,10,141445
2011,Male,11,141421
2011,Male,12,142100
2011,Male,13,142585
2011,Male,14,143992
2011,Male,15,145265
2011,Male,16,148891
2011,Male,17,148744
2011,Male,18,150442
2011,Male,19,153257
2011,Male,20,159078
2011,Male,21,165562
2011,Male,22,165309
2011,Male,23,165991
2011,Male,24,167530
2011,Male,25,169468
2011,Male,26,169736
2011,Male,27,168334
2011,Male,28,168837
2011,Male,29,164709
2011,Male,30,161964
2011,Male,31,155898
2011,Male,32,152785
2011,Male,33,149373
2011,Male,34,149191
2011,Male,35,149645
2011,Male,36,152132
2011,Male,37,155299
2011,Male,38,159131
2011,Male,39,165997
2011,Male,40,168239
2011,Male,41,160004
2011,Male,42,157549
2011,Male,43,152125
2011,Male,44,148831
2011,Male,45,148328
2011,Male,46,149725
2011,Male,47,154192
2011,Male,48,155625
2011,Male,49,156277
2011,Male,50,155388
2011,Male,51,150059
2011,Male,52,148242
2011,Male,53,144347
2011,Male,54,141591
2011,Male,55,140047
2011,Male,56,135211
2011,Male,57,130958
2011,Male,58,129906
2011,Male,59,125947
2011,Male,60,124329
2011,Male,61,122104
2011,Male,62,119089
2011,Male,63,120640
2011,Male,64,125036
2011,Male,65,105917
2011,Male,66,100885
2011,Male,67,95977
2011,Male,68,86379
2011,Male,69,85095
2011,Male,70,78811
2011,Male,71,75721
2011,Male,72,71654
2011,Male,73,67211
2011,Male,74,63899
2011,Male,75,59213
2011,Male,76,54156
2011,Male,77,51134
2011,Male,78,48253
2011,Male,79,45655
2011,Male,80,44694
2011,Male,81,41975
2011,Male,82,38139
2011,Male,83,34802
2011,Male,84,30962
2011,Male,85,27482
2011,Male,86,23461
2011,Male,87,19744
2011,Male,88,16374
2011,Male,89,13877
2011,Male,90,10891
2011,Male,91,8273
2011,Male,92,5406
2011,Male,93,4063
2011,Male,94,3088
2011,Male,95,2257
2011,Male,96,1531
2011,Male,97,1007
2011,Male,98,667
2011,Male,99,397
2011,Male,100,552
2011,Female,0,141370
2011,Female,1,143250
2011,Female,2,142664
2011,Female,3,142261
2011,Female,4,140042
2011,Female,5,140424
2011,Female,6,135789
2011,Female,7,133778
2011,Female,8,132800
2011,Female,9,132638
2011,Female,10,134241
2011,Female,11,135020
2011,Female,12,135369
2011,Female,13,134869
2011,Female,14,136823
2011,Female,15,137200
2011,Female,16,140445
2011,Female,17,140430
2011,Female,18,142483
2011,Female,19,146302
2011,Female,20,153141
2011,Female,21,157922
2011,Female,22,158050
2011,Female,23,158953
2011,Female,24,160127
2011,Female,25,162070
2011,Female,26,164517
2011,Female,27,164276
2011,Female,28,164858
2011,Female,29,161365
2011,Female,30,159796
2011,Female,31,154884
2011,Female,32,152299
2011,Female,33,150079
2011,Female,34,149892
2011,Female,35,150437
2011,Female,36,153143
2011,Female,37,157159
2011,Female,38,161766
2011,Female,39,169201
2011,Female,40,172268
2011,Female,41,162190
2011,Female,42,160747
2011,Female,43,154234
2011,Female,44,151057
2011,Female,45,150860
2011,Female,46,152792
2011,Female,47,156716
2011,Female,48,158875
2011,Female,49,158447
2011,Female,50,158425
2011,Female,51,153354
2011,Female,52,150907
2011,Female,53,147676
2011,Female,54,144074
2011,Female,55,141654
2011,Female,56,138267
2011,Female,57,134090
2011,Female,58,132341
2011,Female,59,127572
2011,Female,60,126033
2011,Female,61,123657
2011,Female,62,119844
2011,Female,63,120371
2011,Female,64,124897
2011,Female,65,105612
2011,Female,66,102186
2011,Female,67,97632
2011,Female,68,88353
2011,Female,69,86224
2011,Female,70,80543
2011,Female,71,77532
2011,Female,72,74316
2011,Female,73,70426
2011,Female,74,67558
2011,Female,75,65895
2011,Female,76,62244
2011,Female,77,59049
2011,Female,78,57418
2011,Female,79,55324
2011,Female,80,55872
2011,Female,81,53719
2011,Female,82,50708
2011,Female,83,48347
2011,Female,84,44814
2011,Female,85,41815
2011,Female,86,38461
2011,Female,87,34237
2011,Female,88,30248
2011,Female,89,26574
2011,Female,90,22481
2011,Female,91,17705
2011,Female,92,12718
2011,Female,93,10416
2011,Female,94,8452
2011,Female,95,6442
2011,Female,96,5091
2011,Female,97,3444
2011,Female,98,2377
2011,Female,99,1576
2011,Female,100,2500
2012,Male,0,156689
2012,Male,1,151351
2012,Male,2,153940
2012,Male,3,152827
2012,Male,4,152415
2012,Male,5,150939
2012,Male,6,149781
2012,Male,7,145136
2012,Male,8,142746
2012,Male,9,140610
2012,Male,10,140316
2012,Male,11,142659
2012,Male,12,142619
2012,Male,13,143227
2012,Male,14,143631
2012,Male,15,145048
2012,Male,16,146915
2012,Male,17,151306
2012,Male,18,151992
2012,Male,19,154379
2012,Male,20,157511
2012,Male,21,163335
2012,Male,22,170006
2012,Male,23,169943
2012,Male,24,170356
2012,Male,25,170843
2012,Male,26,172715
2012,Male,27,172646
2012,Male,28,171586
2012,Male,29,172222
2012,Male,30,168088
2012,Male,31,164808
2012,Male,32,158485
2012,Male,33,154908
2012,Male,34,151692
2012,Male,35,151437
2012,Male,36,152049
2012,Male,37,154130
2012,Male,38,157424
2012,Male,39,161022
2012,Male,40,167349
2012,Male,41,169485
2012,Male,42,160846
2012,Male,43,158097
2012,Male,44,152776
2012,Male,45,149347
2012,Male,46,149118
2012,Male,47,150076
2012,Male,48,154794
2012,Male,49,156165
2012,Male,50,156466
2012,Male,51,155470
2012,Male,52,150085
2012,Male,53,147853
2012,Male,54,143993
2012,Male,55,140973
2012,Male,56,139459
2012,Male,57,134214
2012,Male,58,130147
2012,Male,59,129178
2012,Male,60,125359
2012,Male,61,123842
2012,Male,62,121516
2012,Male,63,118530
2012,Male,64,119932
2012,Male,65,123979
2012,Male,66,104706
2012,Male,67,99573
2012,Male,68,94608
2012,Male,69,84941
2012,Male,70,83577
2012,Male,71,77260
2012,Male,72,74026
2012,Male,73,69763
2012,Male,74,65397
2012,Male,75,61995
2012,Male,76,57402
2012,Male,77,52187
2012,Male,78,49054
2012,Male,79,46092
2012,Male,80,43406
2012,Male,81,42210
2012,Male,82,39377
2012,Male,83,35515
2012,Male,84,32074
2012,Male,85,28246
2012,Male,86,24809
2012,Male,87,20827
2012,Male,88,17405
2012,Male,89,14095
2012,Male,90,11740
2012,Male,91,9003
2012,Male,92,6759
2012,Male,93,4261
2012,Male,94,3136
2012,Male,95,2292
2012,Male,96,1640
2012,Male,97,1079
2012,Male,98,681
2012,Male,99,447
2012,Male,100,615
2012,Female,0,148029
2012,Female,1,143649
2012,Female,2,145990
2012,Female,3,144948
2012,Female,4,144852
2012,Female,5,142675
2012,Female,6,141860
2012,Female,7,136936
2012,Female,8,134803
2012,Female,9,133905
2012,Female,10,133689
2012,Female,11,135294
2012,Female,12,136184
2012,Female,13,136346
2012,Female,14,135948
2012,Female,15,138014
2012,Female,16,139073
2012,Female,17,142898
2012,Female,18,143855
2012,Female,19,146824
2012,Female,20,150783
2012,Female,21,157462
2012,Female,22,162347
2012,Female,23,163227
2012,Female,24,163808
2012,Female,25,164428
2012,Female,26,167087
2012,Female,27,168898
2012,Female,28,168915
2012,Female,29,169428
2012,Female,30,165422
2012,Female,31,162793
2012,Female,32,157275
2012,Female,33,154431
2012,Female,34,151992
2012,Female,35,151710
2012,Female,36,152340
2012,Female,37,154651
2012,Female,38,158797
2012,Female,39,163523
2012,Female,40,170735
2012,Female,41,173915
2012,Female,42,163468
2012,Female,43,161901
2012,Female,44,155639
2012,Female,45,152023
2012,Female,46,151906
2012,Female,47,153342
2012,Female,48,157544
2012,Female,49,159434
2012,Female,50,158844
2012,Female,51,158728
2012,Female,52,153556
2012,Female,53,150702
2012,Female,54,147735
2012,Female,55,144001
2012,Female,56,141541
2012,Female,57,137873
2012,Female,58,134058
2012,Female,59,132251
2012,Female,60,127440
2012,Female,61,126012
2012,Female,62,123467
2012,Female,63,119571
2012,Female,64,120035
2012,Female,65,124178
2012,Female,66,104886
2012,Female,67,101168
2012,Female,68,96629
2012,Female,69,87369
2012,Female,70,85286
2012,Female,71,79672
2012,Female,72,76636
2012,Female,73,73336
2012,Female,74,69523
2012,Female,75,66572
2012,Female,76,64528
2012,Female,77,60689
2012,Female,78,57450
2012,Female,79,55753
2012,Female,80,53483
2012,Female,81,53711
2012,Female,82,51494
2012,Female,83,48188
2012,Female,84,45635
2012,Female,85,42135
2012,Female,86,38888
2012,Female,87,35291
2012,Female,88,31083
2012,Female,89,27079
2012,Female,90,23416
2012,Female,91,19423
2012,Female,92,14989
2012,Female,93,10551
2012,Female,94,8546
2012,Female,95,6683
2012,Female,96,4912
2012,Female,97,3735
2012,Female,98,2486
2012,Female,99,1653
2012,Female,100,2620
2013,Male,0,159365
2013,Male,1,157765
2013,Male,2,154130
2013,Male,3,156387
2013,Male,4,155193
2013,Male,5,154963
2013,Male,6,153492
2013,Male,7,151078
2013,Male,8,146165
2013,Male,9,143922
2013,Male,10,141633
2013,Male,11,141323
2013,Male,12,143792
2013,Male,13,143726
2013,Male,14,144354
2013,Male,15,144829
2013,Male,16,146542
2013,Male,17,148965
2013,Male,18,154967
2013,Male,19,157059
2013,Male,20,158860
2013,Male,21,162086
2013,Male,22,168599
2013,Male,23,175687
2013,Male,24,174278
2013,Male,25,174145
2013,Male,26,173939
2013,Male,27,176038
2013,Male,28,175621
2013,Male,29,174971
2013,Male,30,175423
2013,Male,31,170556
2013,Male,32,166965
2013,Male,33,160560
2013,Male,34,156646
2013,Male,35,153481
2013,Male,36,153138
2013,Male,37,153968
2013,Male,38,155705
2013,Male,39,159256
2013,Male,40,162238
2013,Male,41,168448
2013,Male,42,170067
2013,Male,43,161178
2013,Male,44,158230
2013,Male,45,153109
2013,Male,46,149487
2013,Male,47,149573
2013,Male,48,150172
2013,Male,49,155114
2013,Male,50,156422
2013,Male,51,156419
2013,Male,52,155274
2013,Male,53,149764
2013,Male,54,147252
2013,Male,55,143446
2013,Male,56,140255
2013,Male,57,138762
2013,Male,58,133120
2013,Male,59,129142
2013,Male,60,128258
2013,Male,61,124735
2013,Male,62,123328
2013,Male,63,120887
2013,Male,64,117883
2013,Male,65,119124
2013,Male,66,122793
2013,Male,67,103546
2013,Male,68,98157
2013,Male,69,93187
2013,Male,70,83527
2013,Male,71,82117
2013,Male,72,75716
2013,Male,73,72253
2013,Male,74,67848
2013,Male,75,63455
2013,Male,76,59985
2013,Male,77,55497
2013,Male,78,50228
2013,Male,79,47004
2013,Male,80,43858
2013,Male,81,41070
2013,Male,82,39614
2013,Male,83,36761
2013,Male,84,32764
2013,Male,85,29349
2013,Male,86,25486
2013,Male,87,22243
2013,Male,88,18374
2013,Male,89,15049
2013,Male,90,12020
2013,Male,91,9796
2013,Male,92,7343
2013,Male,93,5387
2013,Male,94,3359
2013,Male,95,2425
2013,Male,96,1668
2013,Male,97,1166
2013,Male,98,727
2013,Male,99,459
2013,Male,100,675
2013,Female,0,150574
2013,Female,1,149164
2013,Female,2,146286
2013,Female,3,148397
2013,Female,4,147114
2013,Female,5,147182
2013,Female,6,145067
2013,Female,7,143088
2013,Female,8,137887
2013,Female,9,135792
2013,Female,10,134912
2013,Female,11,134534
2013,Female,12,136260
2013,Female,13,137230
2013,Female,14,137151
2013,Female,15,137168
2013,Female,16,139719
2013,Female,17,141262
2013,Female,18,146742
2013,Female,19,149069
2013,Female,20,151622
2013,Female,21,155406
2013,Female,22,162240
2013,Female,23,168806
2013,Female,24,168078
2013,Female,25,168759
2013,Female,26,169437
2013,Female,27,172280
2013,Female,28,173623
2013,Female,29,173251
2013,Female,30,173306
2013,Female,31,168162
2013,Female,32,165181
2013,Female,33,159529
2013,Female,34,156227
2013,Female,35,153696
2013,Female,36,153250
2013,Female,37,154046
2013,Female,38,156006
2013,Female,39,160258
2013,Female,40,164827
2013,Female,41,171983
2013,Female,42,175138
2013,Female,43,164415
2013,Female,44,162843
2013,Female,45,156662
2013,Female,46,152950
2013,Female,47,152674
2013,Female,48,153647
2013,Female,49,158111
2013,Female,50,159852
2013,Female,51,159124
2013,Female,52,158863
2013,Female,53,153784
2013,Female,54,150554
2013,Female,55,147776
2013,Female,56,143867
2013,Female,57,141403
2013,Female,58,137534
2013,Female,59,133904
2013,Female,60,132063
2013,Female,61,127394
2013,Female,62,126025
2013,Female,63,123241
2013,Female,64,119221
2013,Female,65,119592
2013,Female,66,123402
2013,Female,67,104128
2013,Female,68,100142
2013,Female,69,95605
2013,Female,70,86368
2013,Female,71,84413
2013,Female,72,78920
2013,Female,73,75736
2013,Female,74,72479
2013,Female,75,68583
2013,Female,76,65484
2013,Female,77,63140
2013,Female,78,58963
2013,Female,79,55783
2013,Female,80,53916
2013,Female,81,51522
2013,Female,82,51520
2013,Female,83,49041
2013,Female,84,45379
2013,Female,85,42766
2013,Female,86,39176
2013,Female,87,35753
2013,Female,88,32014
2013,Female,89,27903
2013,Female,90,24020
2013,Female,91,20315
2013,Female,92,16608
2013,Female,93,12435
2013,Female,94,8497
2013,Female,95,6775
2013,Female,96,5185
2013,Female,97,3623
2013,Female,98,2686
2013,Female,99,1747
2013,Female,100,2729
2014,Male,0,157172
2014,Male,1,160025
2014,Male,2,159012
2014,Male,3,156510
2014,Male,4,158489
2014,Male,5,157298
2014,Male,6,157033
2014,Male,7,155646
2014,Male,8,152080
2014,Male,9,146942
2014,Male,10,144888
2014,Male,11,142464
2014,Male,12,142156
2014,Male,13,144729
2014,Male,14,144701
2014,Male,15,145455
2014,Male,16,146302
2014,Male,17,148065
2014,Male,18,152993
2014,Male,19,161574
2014,Male,20,163016
2014,Male,21,163898
2014,Male,22,167366
2014,Male,23,174303
2014,Male,24,179600
2014,Male,25,176437
2014,Male,26,176068
2014,Male,27,175396
2014,Male,28,177780
2014,Male,29,176939
2014,Male,30,176589
2014,Male,31,176361
2014,Male,32,171454
2014,Male,33,168034
2014,Male,34,161614
2014,Male,35,157194
2014,Male,36,154353
2014,Male,37,153744
2014,Male,38,154866
2014,Male,39,156341
2014,Male,40,160298
2014,Male,41,162790
2014,Male,42,168682
2014,Male,43,169957
2014,Male,44,160833
2014,Male,45,157784
2014,Male,46,152845
2014,Male,47,149133
2014,Male,48,149474
2014,Male,49,149674
2014,Male,50,154976
2014,Male,51,156197
2014,Male,52,156039
2014,Male,53,154779
2014,Male,54,149241
2014,Male,55,146313
2014,Male,56,142610
2014,Male,57,139270
2014,Male,58,137724
2014,Male,59,131843
2014,Male,60,128024
2014,Male,61,127153
2014,Male,62,123816
2014,Male,63,122692
2014,Male,64,120115
2014,Male,65,116996
2014,Male,66,118072
2014,Male,67,121527
2014,Male,68,102242
2014,Male,69,96591
2014,Male,70,91673
2014,Male,71,81948
2014,Male,72,80532
2014,Male,73,74006
2014,Male,74,70375
2014,Male,75,65890
2014,Male,76,61387
2014,Male,77,57927
2014,Male,78,53365
2014,Male,79,48131
2014,Male,80,44905
2014,Male,81,41588
2014,Male,82,38710
2014,Male,83,36980
2014,Male,84,34050
2014,Male,85,30010
2014,Male,86,26661
2014,Male,87,22767
2014,Male,88,19594
2014,Male,89,15938
2014,Male,90,12878
2014,Male,91,10070
2014,Male,92,8028
2014,Male,93,5931
2014,Male,94,4268
2014,Male,95,2603
2014,Male,96,1837
2014,Male,97,1217
2014,Male,98,823
2014,Male,99,486
2014,Male,100,731
2014,Female,0,149161
2014,Female,1,151391
2014,Female,2,150569
2014,Female,3,148535
2014,Female,4,150567
2014,Female,5,148994
2014,Female,6,149051
2014,Female,7,147113
2014,Female,8,144058
2014,Female,9,138585
2014,Female,10,136463
2014,Female,11,135613
2014,Female,12,135214
2014,Female,13,137085
2014,Female,14,138178
2014,Female,15,138123
2014,Female,16,138820
2014,Female,17,141715
2014,Female,18,145254
2014,Female,19,152408
2014,Female,20,154214
2014,Female,21,156320
2014,Female,22,160294
2014,Female,23,168894
2014,Female,24,173728
2014,Female,25,172397
2014,Female,26,173319
2014,Female,27,173922
2014,Female,28,176828
2014,Female,29,177099
2014,Female,30,176631
2014,Female,31,175587
2014,Female,32,170128
2014,Female,33,167056
2014,Female,34,161095
2014,Female,35,157456
2014,Female,36,154905
2014,Female,37,154137
2014,Female,38,155198
2014,Female,39,156855
2014,Female,40,161398
2014,Female,41,165712
2014,Female,42,172781
2014,Female,43,176035
2014,Female,44,165061
2014,Female,45,163326
2014,Female,46,157354
2014,Female,47,153394
2014,Female,48,153160
2014,Female,49,153754
2014,Female,50,158560
2014,Female,51,160062
2014,Female,52,159195
2014,Female,53,158829
2014,Female,54,153756
2014,Female,55,150194
2014,Female,56,147632
2014,Female,57,143650
2014,Female,58,141119
2014,Female,59,137067
2014,Female,60,133638
2014,Female,61,131838
2014,Female,62,127172
2014,Female,63,125804
2014,Female,64,122938
2014,Female,65,118721
2014,Female,66,119106
2014,Female,67,122570
2014,Female,68,103312
2014,Female,69,98983
2014,Female,70,94436
2014,Female,71,85251
2014,Female,72,83419
2014,Female,73,77989
2014,Female,74,74657
2014,Female,75,71358
2014,Female,76,67490
2014,Female,77,64359
2014,Female,78,61512
2014,Female,79,57241
2014,Female,80,53915
2014,Female,81,51934
2014,Female,82,49433
2014,Female,83,49066
2014,Female,84,46367
2014,Female,85,42517
2014,Female,86,39779
2014,Female,87,36101
2014,Female,88,32631
2014,Female,89,28745
2014,Female,90,24688
2014,Female,91,20870
2014,Female,92,17381
2014,Female,93,13945
2014,Female,94,10288
2014,Female,95,6846
2014,Female,96,5267
2014,Female,97,3927
2014,Female,98,2581
2014,Female,99,1854
2014,Female,100,2872
2015,Male,0,158281
2015,Male,1,158130
2015,Male,2,161280
2015,Male,3,160379
2015,Male,4,158968
2015,Male,5,160578
2015,Male,6,158970
2015,Male,7,158801
2015,Male,8,157422
2015,Male,9,152876
2015,Male,10,147431
2015,Male,11,145602
2015,Male,12,143147
2015,Male,13,142825
2015,Male,14,145619
2015,Male,15,146014
2015,Male,16,147119
2015,Male,17,148067
2015,Male,18,151892
2015,Male,19,159405
2015,Male,20,167109
2015,Male,21,167716
2015,Male,22,168988
2015,Male,23,173708
2015,Male,24,178853
2015,Male,25,182077
2015,Male,26,178686
2015,Male,27,178156
2015,Male,28,177170
2015,Male,29,179577
2015,Male,30,178330
2015,Male,31,177699
2015,Male,32,177051
2015,Male,33,172716
2015,Male,34,169071
2015,Male,35,162412
2015,Male,36,157754
2015,Male,37,155034
2015,Male,38,154313
2015,Male,39,155804
2015,Male,40,156783
2015,Male,41,161049
2015,Male,42,163103
2015,Male,43,168663
2015,Male,44,169650
2015,Male,45,160350
2015,Male,46,157149
2015,Male,47,152415
2015,Male,48,148569
2015,Male,49,149199
2015,Male,50,149134
2015,Male,51,154759
2015,Male,52,155966
2015,Male,53,155577
2015,Male,54,154180
2015,Male,55,148473
2015,Male,56,145323
2015,Male,57,141719
2015,Male,58,138236
2015,Male,59,136590
2015,Male,60,130479
2015,Male,61,126915
2015,Male,62,126060
2015,Male,63,122979
2015,Male,64,122015
2015,Male,65,119165
2015,Male,66,116025
2015,Male,67,117013
2015,Male,68,120141
2015,Male,69,100887
2015,Male,70,95053
2015,Male,71,90028
2015,Male,72,80260
2015,Male,73,78795
2015,Male,74,72136
2015,Male,75,68351
2015,Male,76,63753
2015,Male,77,59195
2015,Male,78,55630
2015,Male,79,51157
2015,Male,80,45866
2015,Male,81,42537
2015,Male,82,39000
2015,Male,83,36219
2015,Male,84,34194
2015,Male,85,31221
2015,Male,86,27085
2015,Male,87,23838
2015,Male,88,20083
2015,Male,89,17086
2015,Male,90,13611
2015,Male,91,10784
2015,Male,92,8277
2015,Male,93,6446
2015,Male,94,4684
2015,Male,95,3296
2015,Male,96,1936
2015,Male,97,1362
2015,Male,98,895
2015,Male,99,529
2015,Male,100,749
2015,Female,0,150165
2015,Female,1,150162
2015,Female,2,152568
2015,Female,3,151757
2015,Female,4,150877
2015,Female,5,152593
2015,Female,6,150559
2015,Female,7,150739
2015,Female,8,148938
2015,Female,9,144786
2015,Female,10,139190
2015,Female,11,137019
2015,Female,12,136150
2015,Female,13,135857
2015,Female,14,137848
2015,Female,15,139494
2015,Female,16,139643
2015,Female,17,141005
2015,Female,18,145786
2015,Female,19,151431
2015,Female,20,157752
2015,Female,21,158969
2015,Female,22,161413
2015,Female,23,167696
2015,Female,24,174075
2015,Female,25,178100
2015,Female,26,176674
2015,Female,27,177568
2015,Female,28,177553
2015,Female,29,180465
2015,Female,30,179997
2015,Female,31,179205
2015,Female,32,177664
2015,Female,33,171984
2015,Female,34,168574
2015,Female,35,162442
2015,Female,36,158387
2015,Female,37,155806
2015,Female,38,154842
2015,Female,39,156164
2015,Female,40,157407
2015,Female,41,162189
2015,Female,42,166446
2015,Female,43,173338
2015,Female,44,176582
2015,Female,45,165357
2015,Female,46,163648
2015,Female,47,157884
2015,Female,48,153630
2015,Female,49,153629
2015,Female,50,153684
2015,Female,51,158827
2015,Female,52,160107
2015,Female,53,159043
2015,Female,54,158650
2015,Female,55,153725
2015,Female,56,149834
2015,Female,57,147532
2015,Female,58,143390
2015,Female,59,140810
2015,Female,60,136606
2015,Female,61,133278
2015,Female,62,131372
2015,Female,63,126876
2015,Female,64,125585
2015,Female,65,122593
2015,Female,66,118286
2015,Female,67,118447
2015,Female,68,121569
2015,Female,69,102253
2015,Female,70,97748
2015,Female,71,93148
2015,Female,72,83976
2015,Female,73,82255
2015,Female,74,76912
2015,Female,75,73513
2015,Female,76,70018
2015,Female,77,66168
2015,Female,78,62950
2015,Female,79,59797
2015,Female,80,55252
2015,Female,81,51895
2015,Female,82,49694
2015,Female,83,47053
2015,Female,84,46427
2015,Female,85,43431
2015,Female,86,39414
2015,Female,87,36528
2015,Female,88,32868
2015,Female,89,29290
2015,Female,90,25481
2015,Female,91,21451
2015,Female,92,17781
2015,Female,93,14515
2015,Female,94,11477
2015,Female,95,8173
2015,Female,96,5211
2015,Female,97,3937
2015,Female,98,2835
2015,Female,99,1742
2015,Female,100,2929
2016,Male,0,164034
2016,Male,1,160005
2016,Male,2,159736
2016,Male,3,162613
2016,Male,4,161505
2016,Male,5,161432
2016,Male,6,162362
2016,Male,7,160540
2016,Male,8,160537
2016,Male,9,159348
2016,Male,10,153699
2016,Male,11,148006
2016,Male,12,146382
2016,Male,13,143766
2016,Male,14,143595
2016,Male,15,147017
2016,Male,16,147904
2016,Male,17,149189
2016,Male,18,152710
2016,Male,19,158755
2016,Male,20,164986
2016,Male,21,171579
2016,Male,22,172952
2016,Male,23,176276
2016,Male,24,179181
2016,Male,25,182254
2016,Male,26,184570
2016,Male,27,181067
2016,Male,28,180722
2016,Male,29,179122
2016,Male,30,181456
2016,Male,31,179401
2016,Male,32,179004
2016,Male,33,178318
2016,Male,34,173882
2016,Male,35,169915
2016,Male,36,163169
2016,Male,37,158194
2016,Male,38,155621
2016,Male,39,154969
2016,Male,40,156612
2016,Male,41,157212
2016,Male,42,161588
2016,Male,43,163489
2016,Male,44,168739
2016,Male,45,169393
2016,Male,46,159785
2016,Male,47,156528
2016,Male,48,151916
2016,Male,49,148046
2016,Male,50,148924
2016,Male,51,148603
2016,Male,52,154503
2016,Male,53,155667
2016,Male,54,155091
2016,Male,55,153527
2016,Male,56,147737
2016,Male,57,144293
2016,Male,58,140896
2016,Male,59,137285
2016,Male,60,135624
2016,Male,61,129208
2016,Male,62,125620
2016,Male,63,124974
2016,Male,64,122160
2016,Male,65,121072
2016,Male,66,118211
2016,Male,67,115074
2016,Male,68,116015
2016,Male,69,118738
2016,Male,70,99537
2016,Male,71,93455
2016,Male,72,88338
2016,Male,73,78540
2016,Male,74,76971
2016,Male,75,70234
2016,Male,76,66271
2016,Male,77,61539
2016,Male,78,56835
2016,Male,79,53276
2016,Male,80,48897
2016,Male,81,43463
2016,Male,82,40058
2016,Male,83,36419
2016,Male,84,33665
2016,Male,85,31394
2016,Male,86,28344
2016,Male,87,24168
2016,Male,88,21115
2016,Male,89,17423
2016,Male,90,14635
2016,Male,91,11477
2016,Male,92,8961
2016,Male,93,6668
2016,Male,94,5090
2016,Male,95,3620
2016,Male,96,2480
2016,Male,97,1465
2016,Male,98,1030
2016,Male,99,632
2016,Male,100,736
2016,Female,0,154826
2016,Female,1,152039
2016,Female,2,151771
2016,Female,3,154066
2016,Female,4,153031
2016,Female,5,153204
2016,Female,6,154557
2016,Female,7,152072
2016,Female,8,152504
2016,Female,9,150725
2016,Female,10,145612
2016,Female,11,139656
2016,Female,12,137611
2016,Female,13,136763
2016,Female,14,136600
2016,Female,15,139194
2016,Female,16,141340
2016,Female,17,141702
2016,Female,18,145450
2016,Female,19,151893
2016,Female,20,156862
2016,Female,21,162809
2016,Female,22,165096
2016,Female,23,170289
2016,Female,24,174044
2016,Female,25,178997
2016,Female,26,182916
2016,Female,27,181293
2016,Female,28,182090
2016,Female,29,181265
2016,Female,30,184092
2016,Female,31,182452
2016,Female,32,181615
2016,Female,33,179813
2016,Female,34,174052
2016,Female,35,170169
2016,Female,36,163705
2016,Female,37,159387
2016,Female,38,156690
2016,Female,39,155643
2016,Female,40,157153
2016,Female,41,157994
2016,Female,42,162954
2016,Female,43,167200
2016,Female,44,173835
2016,Female,45,177107
2016,Female,46,165787
2016,Female,47,163993
2016,Female,48,158402
2016,Female,49,153973
2016,Female,50,153931
2016,Female,51,153514
2016,Female,52,159116
2016,Female,53,160164
2016,Female,54,158963
2016,Female,55,158527
2016,Female,56,153626
2016,Female,57,149500
2016,Female,58,147391
2016,Female,59,143133
2016,Female,60,140569
2016,Female,61,136092
2016,Female,62,133012
2016,Female,63,130948
2016,Female,64,126684
2016,Female,65,125387
2016,Female,66,122310
2016,Female,67,117830
2016,Female,68,117822
2016,Female,69,120614
2016,Female,70,101258
2016,Female,71,96438
2016,Female,72,91848
2016,Female,73,82726
2016,Female,74,81085
2016,Female,75,75763
2016,Female,76,72256
2016,Female,77,68682
2016,Female,78,64852
2016,Female,79,61492
2016,Female,80,57853
2016,Female,81,53150
2016,Female,82,49723
2016,Female,83,47316
2016,Female,84,44559
2016,Female,85,43526
2016,Female,86,40422
2016,Female,87,36217
2016,Female,88,33226
2016,Female,89,29574
2016,Female,90,26058
2016,Female,91,22054
2016,Female,92,18314
2016,Female,93,14928
2016,Female,94,11920
2016,Female,95,9235
2016,Female,96,6299
2016,Female,97,3881
2016,Female,98,2993
2016,Female,99,2008
2016,Female,100,2786
2017,Male,0,157563
2017,Male,1,164270
2017,Male,2,161252
2017,Male,3,161453
2017,Male,4,164472
2017,Male,5,163479
2017,Male,6,163043
2017,Male,7,163943
2017,Male,8,162218
2017,Male,9,162202
2017,Male,10,160992
2017,Male,11,154992
2017,Male,12,149509
2017,Male,13,147437
2017,Male,14,144900
2017,Male,15,145148
2017,Male,16,149044
2017,Male,17,150392
2017,Male,18,154748
2017,Male,19,160629
2017,Male,20,164859
2017,Male,21,169440
2017,Male,22,177329
2017,Male,23,181326
2017,Male,24,182475
2017,Male,25,183072
2017,Male,26,185693
2017,Male,27,187484
2017,Male,28,183864
2017,Male,29,183279
2017,Male,30,182008
2017,Male,31,183801
2017,Male,32,181747
2017,Male,33,181543
2017,Male,34,180861
2017,Male,35,175920
2017,Male,36,171542
2017,Male,37,164355
2017,Male,38,159471
2017,Male,39,156518
2017,Male,40,156046
2017,Male,41,157491
2017,Male,42,158119
2017,Male,43,162130
2017,Male,44,164207
2017,Male,45,169518
2017,Male,46,170278
2017,Male,47,160391
2017,Male,48,157099
2017,Male,49,152223
2017,Male,50,148487
2017,Male,51,149066
2017,Male,52,148993
2017,Male,53,154571
2017,Male,54,155712
2017,Male,55,154902
2017,Male,56,153202
2017,Male,57,147199
2017,Male,58,143838
2017,Male,59,140317
2017,Male,60,136615
2017,Male,61,134858
2017,Male,62,128627
2017,Male,63,124931
2017,Male,64,124302
2017,Male,65,121200
2017,Male,66,119973
2017,Male,67,117079
2017,Male,68,113867
2017,Male,69,114598
2017,Male,70,117178
2017,Male,71,97909
2017,Male,72,91799
2017,Male,73,86486
2017,Male,74,76673
2017,Male,75,74931
2017,Male,76,68174
2017,Male,77,64218
2017,Male,78,59424
2017,Male,79,54706
2017,Male,80,50934
2017,Male,81,46397
2017,Male,82,41043
2017,Male,83,37480
2017,Male,84,33868
2017,Male,85,30979
2017,Male,86,28486
2017,Male,87,25463
2017,Male,88,21345
2017,Male,89,18349
2017,Male,90,14856
2017,Male,91,12274
2017,Male,92,9349
2017,Male,93,7147
2017,Male,94,5190
2017,Male,95,3858
2017,Male,96,2672
2017,Male,97,1761
2017,Male,98,994
2017,Male,99,688
2017,Male,100,844
2017,Female,0,148611
2017,Female,1,155001
2017,Female,2,152923
2017,Female,3,153421
2017,Female,4,155466
2017,Female,5,154847
2017,Female,6,154738
2017,Female,7,155990
2017,Female,8,153598
2017,Female,9,153930
2017,Female,10,151983
2017,Female,11,146661
2017,Female,12,140677
2017,Female,13,138470
2017,Female,14,137780
2017,Female,15,137882
2017,Female,16,140902
2017,Female,17,143754
2017,Female,18,146777
2017,Female,19,152267
2017,Female,20,157472
2017,Female,21,161232
2017,Female,22,168500
2017,Female,23,174243
2017,Female,24,176815
2017,Female,25,179188
2017,Female,26,183980
2017,Female,27,187382
2017,Female,28,185406
2017,Female,29,185682
2017,Female,30,184972
2017,Female,31,186640
2017,Female,32,185041
2017,Female,33,183998
2017,Female,34,182381
2017,Female,35,176553
2017,Female,36,172330
2017,Female,37,165779
2017,Female,38,161415
2017,Female,39,158334
2017,Female,40,157343
2017,Female,41,158271
2017,Female,42,159340
2017,Female,43,163799
2017,Female,44,167964
2017,Female,45,174650
2017,Female,46,177603
2017,Female,47,165958
2017,Female,48,164088
2017,Female,49,158240
2017,Female,50,153957
2017,Female,51,153810
2017,Female,52,153854
2017,Female,53,159125
2017,Female,54,160311
2017,Female,55,159179
2017,Female,56,158581
2017,Female,57,153660
2017,Female,58,149659
2017,Female,59,147404
2017,Female,60,143211
2017,Female,61,140308
2017,Female,62,136063
2017,Female,63,132879
2017,Female,64,130654
2017,Female,65,126434
2017,Female,66,125020
2017,Female,67,122037
2017,Female,68,117612
2017,Female,69,117347
2017,Female,70,119960
2017,Female,71,100338
2017,Female,72,95488
2017,Female,73,90505
2017,Female,74,81369
2017,Female,75,79542
2017,Female,76,74124
2017,Female,77,70730
2017,Female,78,67115
2017,Female,79,63130
2017,Female,80,59580
2017,Female,81,55768
2017,Female,82,51043
2017,Female,83,47452
2017,Female,84,44868
2017,Female,85,41905
2017,Female,86,40526
2017,Female,87,37335
2017,Female,88,33029
2017,Female,89,29754
2017,Female,90,26130
2017,Female,91,22655
2017,Female,92,18844
2017,Female,93,15247
2017,Female,94,12063
2017,Female,95,9412
2017,Female,96,7093
2017,Female,97,4713
2017,Female,98,2790
2017,Female,99,2128
2017,Female,100,2983
2018,Male,0,155668
2018,Male,1,158037
2018,Male,2,164646
2018,Male,3,162346
2018,Male,4,163079
2018,Male,5,165987
2018,Male,6,164799
2018,Male,7,164238
2018,Male,8,165288
2018,Male,9,163731
2018,Male,10,163606
2018,Male,11,162357
2018,Male,12,156155
2018,Male,13,150824
2018,Male,14,148358
2018,Male,15,146180
2018,Male,16,146756
2018,Male,17,151044
2018,Male,18,156832
2018,Male,19,163795
2018,Male,20,166840
2018,Male,21,169407
2018,Male,22,175724
2018,Male,23,185956
2018,Male,24,187554
2018,Male,25,186215
2018,Male,26,185917
2018,Male,27,188453
2018,Male,28,189774
2018,Male,29,186243
2018,Male,30,185293
2018,Male,31,184096
2018,Male,32,185501
2018,Male,33,183896
2018,Male,34,183345
2018,Male,35,182827
2018,Male,36,177524
2018,Male,37,172740
2018,Male,38,164972
2018,Male,39,160395
2018,Male,40,157124
2018,Male,41,156499
2018,Male,42,157923
2018,Male,43,158651
2018,Male,44,162419
2018,Male,45,164842
2018,Male,46,170063
2018,Male,47,170930
2018,Male,48,160806
2018,Male,49,157605
2018,Male,50,152375
2018,Male,51,148809
2018,Male,52,149037
2018,Male,53,149320
2018,Male,54,154319
2018,Male,55,155606
2018,Male,56,154516
2018,Male,57,152638
2018,Male,58,146560
2018,Male,59,143198
2018,Male,60,139573
2018,Male,61,135827
2018,Male,62,133854
2018,Male,63,127874
2018,Male,64,124117
2018,Male,65,123335
2018,Male,66,119943
2018,Male,67,118562
2018,Male,68,115849
2018,Male,69,112459
2018,Male,70,113107
2018,Male,71,115412
2018,Male,72,96050
2018,Male,73,90038
2018,Male,74,84460
2018,Male,75,74742
2018,Male,76,72810
2018,Male,77,66073
2018,Male,78,62065
2018,Male,79,57219
2018,Male,80,52510
2018,Male,81,48617
2018,Male,82,43765
2018,Male,83,38408
2018,Male,84,34903
2018,Male,85,31180
2018,Male,86,28119
2018,Male,87,25562
2018,Male,88,22677
2018,Male,89,18624
2018,Male,90,15627
2018,Male,91,12507
2018,Male,92,10035
2018,Male,93,7486
2018,Male,94,5637
2018,Male,95,3927
2018,Male,96,2849
2018,Male,97,1899
2018,Male,98,1248
2018,Male,99,663
2018,Male,100,971
2018,Female,0,146846
2018,Female,1,149167
2018,Female,2,155447
2018,Female,3,153550
2018,Female,4,154629
2018,Female,5,156876
2018,Female,6,156237
2018,Female,7,155728
2018,Female,8,157057
2018,Female,9,154775
2018,Female,10,155103
2018,Female,11,152944
2018,Female,12,147537
2018,Female,13,141503
2018,Female,14,139276
2018,Female,15,138891
2018,Female,16,139272
2018,Female,17,142759
2018,Female,18,149033
2018,Female,19,153734
2018,Female,20,157815
2018,Female,21,162075
2018,Female,22,167373
2018,Female,23,177528
2018,Female,24,180200
2018,Female,25,181065
2018,Female,26,183654
2018,Female,27,188251
2018,Female,28,190770
2018,Female,29,188768
2018,Female,30,188624
2018,Female,31,187488
2018,Female,32,188480
2018,Female,33,187264
2018,Female,34,185782
2018,Female,35,184268
2018,Female,36,178430
2018,Female,37,174180
2018,Female,38,167244
2018,Female,39,163219
2018,Female,40,159752
2018,Female,41,158668
2018,Female,42,159095
2018,Female,43,160430
2018,Female,44,164329
2018,Female,45,168483
2018,Female,46,175149
2018,Female,47,177900
2018,Female,48,166062
2018,Female,49,164061
2018,Female,50,157957
2018,Female,51,153758
2018,Female,52,153499
2018,Female,53,153934
2018,Female,54,158975
2018,Female,55,160311
2018,Female,56,159133
2018,Female,57,158478
2018,Female,58,153418
2018,Female,59,149634
2018,Female,60,147135
2018,Female,61,143036
2018,Female,62,139940
2018,Female,63,135789
2018,Female,64,132464
2018,Female,65,130279
2018,Female,66,126050
2018,Female,67,124606
2018,Female,68,121573
2018,Female,69,117199
2018,Female,70,116724
2018,Female,71,119084
2018,Female,72,99242
2018,Female,73,94413
2018,Female,74,89137
2018,Female,75,79946
2018,Female,76,77831
2018,Female,77,72305
2018,Female,78,68961
2018,Female,79,65401
2018,Female,80,61333
2018,Female,81,57605
2018,Female,82,53512
2018,Female,83,48867
2018,Female,84,44991
2018,Female,85,42214
2018,Female,86,38995
2018,Female,87,37424
2018,Female,88,34073
2018,Female,89,29787
2018,Female,90,26457
2018,Female,91,22596
2018,Female,92,19350
2018,Female,93,15706
2018,Female,94,12384
2018,Female,95,9579
2018,Female,96,7219
2018,Female,97,5324
2018,Female,98,3410
2018,Female,99,2025
2018,Female,100,3203
2019,Male,0,155871
2019,Male,1,156009
2019,Male,2,159055
2019,Male,3,165178
2019,Male,4,163539
2019,Male,5,164675
2019,Male,6,167155
2019,Male,7,166035
2019,Male,8,165407
2019,Male,9,166631
2019,Male,10,165241
2019,Male,11,165082
2019,Male,12,163806
2019,Male,13,157280
2019,Male,14,152084
2019,Male,15,149491
2019,Male,16,147635
2019,Male,17,148380
2019,Male,18,157448
2019,Male,19,166737
2019,Male,20,169934
2019,Male,21,171560
2019,Male,22,176378
2019,Male,23,184753
2019,Male,24,191627
2019,Male,25,190405
2019,Male,26,188561
2019,Male,27,188075
2019,Male,28,190919
2019,Male,29,192025
2019,Male,30,188476
2019,Male,31,186846
2019,Male,32,186064
2019,Male,33,187379
2019,Male,34,185796
2019,Male,35,184851
2019,Male,36,184549
2019,Male,37,178903
2019,Male,38,173741
2019,Male,39,165549
2019,Male,40,161077
2019,Male,41,157423
2019,Male,42,156726
2019,Male,43,158291
2019,Male,44,159116
2019,Male,45,162524
2019,Male,46,165239
2019,Male,47,170399
2019,Male,48,171397
2019,Male,49,160941
2019,Male,50,157956
2019,Male,51,152363
2019,Male,52,148959
2019,Male,53,148957
2019,Male,54,149607
2019,Male,55,154131
2019,Male,56,155610
2019,Male,57,154131
2019,Male,58,152229
2019,Male,59,146101
2019,Male,60,142812
2019,Male,61,139067
2019,Male,62,135309
2019,Male,63,133052
2019,Male,64,127348
2019,Male,65,123429
2019,Male,66,122418
2019,Male,67,118929
2019,Male,68,117426
2019,Male,69,114703
2019,Male,70,111094
2019,Male,71,111668
2019,Male,72,113644
2019,Male,73,94184
2019,Male,74,88149
2019,Male,75,82472
2019,Male,76,72692
2019,Male,77,70651
2019,Male,78,63856
2019,Male,79,59748
2019,Male,80,54810
2019,Male,81,50129
2019,Male,82,46081
2019,Male,83,41056
2019,Male,84,35885
2019,Male,85,32161
2019,Male,86,28369
2019,Male,87,25244
2019,Male,88,22743
2019,Male,89,19884
2019,Male,90,16019
2019,Male,91,13090
2019,Male,92,10306
2019,Male,93,8164
2019,Male,94,5913
2019,Male,95,4278
2019,Male,96,2930
2019,Male,97,2031
2019,Male,98,1317
2019,Male,99,846
2019,Male,100,1007
2019,Female,0,146484
2019,Female,1,147209
2019,Female,2,150195
2019,Female,3,156050
2019,Female,4,154439
2019,Female,5,156023
2019,Female,6,157863
2019,Female,7,157544
2019,Female,8,156756
2019,Female,9,158274
2019,Female,10,156010
2019,Female,11,156336
2019,Female,12,154058
2019,Female,13,148418
2019,Female,14,142527
2019,Female,15,140373
2019,Female,16,140243
2019,Female,17,140881
2019,Female,18,147690
2019,Female,19,155948
2019,Female,20,158668
2019,Female,21,161849
2019,Female,22,167698
2019,Female,23,175334
2019,Female,24,182322
2019,Female,25,183430
2019,Female,26,185092
2019,Female,27,187752
2019,Female,28,192090
2019,Female,29,193894
2019,Female,30,191634
2019,Female,31,191027
2019,Female,32,189480
2019,Female,33,190272
2019,Female,34,189385
2019,Female,35,187448
2019,Female,36,186019
2019,Female,37,180187
2019,Female,38,175942
2019,Female,39,168485
2019,Female,40,164793
2019,Female,41,161059
2019,Female,42,159724
2019,Female,43,159666
2019,Female,44,161238
2019,Female,45,164750
2019,Female,46,168840
2019,Female,47,175504
2019,Female,48,177997
2019,Female,49,166026
2019,Female,50,163982
2019,Female,51,157624
2019,Female,52,153681
2019,Female,53,153378
2019,Female,54,154309
2019,Female,55,159179
2019,Female,56,160687
2019,Female,57,159372
2019,Female,58,158660
2019,Female,59,153607
2019,Female,60,149992
2019,Female,61,147316
2019,Female,62,143158
2019,Female,63,139929
2019,Female,64,135974
2019,Female,65,132358
2019,Female,66,130019
2019,Female,67,125851
2019,Female,68,124152
2019,Female,69,121338
2019,Female,70,116871
2019,Female,71,116144
2019,Female,72,118301
2019,Female,73,98161
2019,Female,74,93206
2019,Female,75,87640
2019,Female,76,78491
2019,Female,77,76106
2019,Female,78,70464
2019,Female,79,67262
2019,Female,80,63670
2019,Female,81,59395
2019,Female,82,55444
2019,Female,83,51150
2019,Female,84,46381
2019,Female,85,42382
2019,Female,86,39410
2019,Female,87,36068
2019,Female,88,34190
2019,Female,89,30832
2019,Female,90,26585
2019,Female,91,23123
2019,Female,92,19268
2019,Female,93,16218
2019,Female,94,13000
2019,Female,95,9894
2019,Female,96,7409
2019,Female,97,5404
2019,Female,98,3852
2019,Female,99,2420
2019,Female,100,3372
2020,Male,0,152279
2020,Male,1,155503
2020,Male,2,156444
2020,Male,3,159783
2020,Male,4,165562
2020,Male,5,164602
2020,Male,6,165989
2020,Male,7,168119
2020,Male,8,167158
2020,Male,9,166481
2020,Male,10,167907
2020,Male,11,166698
2020,Male,12,166427
2020,Male,13,165123
2020,Male,14,158427
2020,Male,15,153309
2020,Male,16,150483
2020,Male,17,148589
2020,Male,18,151343
2020,Male,19,162536
2020,Male,20,168604
2020,Male,21,169849
2020,Male,22,173350
2020,Male,23,179623
2020,Male,24,185829
2020,Male,25,190398
2020,Male,26,189182
2020,Male,27,188231
2020,Male,28,188251
2020,Male,29,191800
2020,Male,30,192743
2020,Male,31,189505
2020,Male,32,187671
2020,Male,33,187354
2020,Male,34,188977
2020,Male,35,187396
2020,Male,36,186221
2020,Male,37,186024
2020,Male,38,180169
2020,Male,39,174661
2020,Male,40,165990
2020,Male,41,161904
2020,Male,42,157791
2020,Male,43,157165
2020,Male,44,158628
2020,Male,45,159763
2020,Male,46,162667
2020,Male,47,165812
2020,Male,48,171024
2020,Male,49,172121
2020,Male,50,161438
2020,Male,51,158634
2020,Male,52,152726
2020,Male,53,149523
2020,Male,54,149222
2020,Male,55,150276
2020,Male,56,154625
2020,Male,57,156138
2020,Male,58,154525
2020,Male,59,152420
2020,Male,60,146332
2020,Male,61,143283
2020,Male,62,139365
2020,Male,63,135678
2020,Male,64,133183
2020,Male,65,127836
2020,Male,66,123657
2020,Male,67,122570
2020,Male,68,118853
2020,Male,69,117046
2020,Male,70,114307
2020,Male,71,110475
2020,Male,72,110735
2020,Male,73,112335
2020,Male,74,92846
2020,Male,75,86590
2020,Male,76,80711
2020,Male,77,70819
2020,Male,78,68672
2020,Male,79,61705
2020,Male,80,57581
2020,Male,81,52520
2020,Male,82,47749
2020,Male,83,43617
2020,Male,84,38471
2020,Male,85,33254
2020,Male,86,29406
2020,Male,87,25720
2020,Male,88,22582
2020,Male,89,20034
2020,Male,90,17181
2020,Male,91,13708
2020,Male,92,10826
2020,Male,93,8307
2020,Male,94,6483
2020,Male,95,4611
2020,Male,96,3168
2020,Male,97,2093
2020,Male,98,1387
2020,Male,99,842
2020,Male,100,1109
2020,Female,0,144244
2020,Female,1,146259
2020,Female,2,147613
2020,Female,3,150890
2020,Female,4,156429
2020,Female,5,155168
2020,Female,6,157082
2020,Female,7,158543
2020,Female,8,158678
2020,Female,9,157664
2020,Female,10,159424
2020,Female,11,157148
2020,Female,12,157391
2020,Female,13,154945
2020,Female,14,149332
2020,Female,15,143496
2020,Female,16,141359
2020,Female,17,141075
2020,Female,18,143124
2020,Female,19,151117
2020,Female,20,157268
2020,Female,21,159211
2020,Female,22,163351
2020,Female,23,170814
2020,Female,24,176390
2020,Female,25,182089
2020,Female,26,184319
2020,Female,27,186744
2020,Female,28,189785
2020,Female,29,194239
2020,Female,30,195392
2020,Female,31,193057
2020,Female,32,191953
2020,Female,33,190777
2020,Female,34,191472
2020,Female,35,190789
2020,Female,36,188698
2020,Female,37,187477
2020,Female,38,181595
2020,Female,39,177478
2020,Female,40,169739
2020,Female,41,166358
2020,Female,42,162359
2020,Female,43,160919
2020,Female,44,160309
2020,Female,45,162192
2020,Female,46,165318
2020,Female,47,169449
2020,Female,48,176105
2020,Female,49,178409
2020,Female,50,166378
2020,Female,51,164441
2020,Female,52,157823
2020,Female,53,154165
2020,Female,54,153974
2020,Female,55,155575
2020,Female,56,160441
2020,Female,57,162273
2020,Female,58,160723
2020,Female,59,160101
2020,Female,60,155116
2020,Female,61,151747
2020,Female,62,148769
2020,Female,63,144789
2020,Female,64,141263
2020,Female,65,137307
2020,Female,66,133407
2020,Female,67,130830
2020,Female,68,126577
2020,Female,69,124699
2020,Female,70,121809
2020,Female,71,117162
2020,Female,72,116101
2020,Female,73,117950
2020,Female,74,97333
2020,Female,75,92354
2020,Female,76,86405
2020,Female,77,77314
2020,Female,78,74632
2020,Female,79,68814
2020,Female,80,65522
2020,Female,81,61916
2020,Female,82,57397
2020,Female,83,53258
2020,Female,84,48704
2020,Female,85,43943
2020,Female,86,39709
2020,Female,87,36525
2020,Female,88,33065
2020,Female,89,30990
2020,Female,90,27549
2020,Female,91,23340
2020,Female,92,19897
2020,Female,93,16102
2020,Female,94,13355
2020,Female,95,10377
2020,Female,96,7653
2020,Female,97,5611
2020,Female,98,3946
2020,Female,99,2733
2020,Female,100,3709
2021,Male,0,153350
2021,Male,1,151459
2021,Male,2,155086
2021,Male,3,156156
2021,Male,4,159848
2021,Male,5,165026
2021,Male,6,164477
2021,Male,7,166175
2021,Male,8,168229
2021,Male,9,167474
2021,Male,10,166767
2021,Male,11,168370
2021,Male,12,167359
2021,Male,13,167019
2021,Male,14,165805
2021,Male,15,158809
2021,Male,16,153696
2021,Male,17,150484
2021,Male,18,148319
2021,Male,19,150573
2021,Male,20,160207
2021,Male,21,165688
2021,Male,22,166674
2021,Male,23,169551
2021,Male,24,174945
2021,Male,25,180001
2021,Male,26,184746
2021,Male,27,184419
2021,Male,28,184454
2021,Male,29,184914
2021,Male,30,189319
2021,Male,31,190393
2021,Male,32,187911
2021,Male,33,186241
2021,Male,34,186707
2021,Male,35,188531
2021,Male,36,187351
2021,Male,37,186063
2021,Male,38,186124
2021,Male,39,180059
2021,Male,40,174585
2021,Male,41,165523
2021,Male,42,161590
2021,Male,43,157372
2021,Male,44,156821
2021,Male,45,158452
2021,Male,46,159672
2021,Male,47,162257
2021,Male,48,165812
2021,Male,49,171153
2021,Male,50,172229
2021,Male,51,161372
2021,Male,52,158729
2021,Male,53,152510
2021,Male,54,149423
2021,Male,55,148820
2021,Male,56,150281
2021,Male,57,154065
2021,Male,58,155570
2021,Male,59,153950
2021,Male,60,151630
2021,Male,61,145250
2021,Male,62,142301
2021,Male,63,138002
2021,Male,64,134152
2021,Male,65,131413
2021,Male,66,126217
2021,Male,67,122071
2021,Male,68,120904
2021,Male,69,117109
2021,Male,70,115169
2021,Male,71,112420
2021,Male,72,108519
2021,Male,73,108559
2021,Male,74,110061
2021,Male,75,90620
2021,Male,76,84418
2021,Male,77,78269
2021,Male,78,68488
2021,Male,79,66092
2021,Male,80,59106
2021,Male,81,55042
2021,Male,82,49923
2021,Male,83,45137
2021,Male,84,40755
2021,Male,85,35693
2021,Male,86,30567
2021,Male,87,26512
2021,Male,88,23098
2021,Male,89,19887
2021,Male,90,17390
2021,Male,91,14597
2021,Male,92,11458
2021,Male,93,8755
2021,Male,94,6574
2021,Male,95,5059
2021,Male,96,3496
2021,Male,97,2303
2021,Male,98,1454
2021,Male,99,894
2021,Male,100,1081
2021,Female,0,145431
2021,Female,1,143483
2021,Female,2,145899
2021,Female,3,147375
2021,Female,4,150914
2021,Female,5,155841
2021,Female,6,154738
2021,Female,7,157026
2021,Female,8,158433
2021,Female,9,158888
2021,Female,10,157848
2021,Female,11,159786
2021,Female,12,157649
2021,Female,13,157737
2021,Female,14,155234
2021,Female,15,149491
2021,Female,16,143665
2021,Female,17,141328
2021,Female,18,140621
2021,Female,19,142226
2021,Female,20,148866
2021,Female,21,154526
2021,Female,22,156315
2021,Female,23,159922
2021,Female,24,166210
2021,Female,25,171375
2021,Female,26,178105
2021,Female,27,180967
2021,Female,28,184492
2021,Female,29,188028
2021,Female,30,192618
2021,Female,31,193468
2021,Female,32,191550
2021,Female,33,190896
2021,Female,34,190132
2021,Female,35,190843
2021,Female,36,190467
2021,Female,37,188306
2021,Female,38,187604
2021,Female,39,181748
2021,Female,40,177908
2021,Female,41,169959
2021,Female,42,166894
2021,Female,43,162540
2021,Female,44,161199
2021,Female,45,160283
2021,Female,46,162306
2021,Female,47,165100
2021,Female,48,169108
2021,Female,49,175821
2021,Female,50,177878
2021,Female,51,165657
2021,Female,52,163722
2021,Female,53,156839
2021,Female,54,153386
2021,Female,55,152946
2021,Female,56,154905
2021,Female,57,159288
2021,Female,58,161170
2021,Female,59,159808
2021,Female,60,158954
2021,Female,61,153799
2021,Female,62,150573
2021,Female,63,147390
2021,Female,64,143409
2021,Female,65,139631
2021,Female,66,136077
2021,Female,67,132037
2021,Female,68,129631
2021,Female,69,125385
2021,Female,70,123497
2021,Female,71,120781
2021,Female,72,116204
2021,Female,73,114976
2021,Female,74,116641
2021,Female,75,95880
2021,Female,76,90793
2021,Female,77,84601
2021,Female,78,75539
2021,Female,79,72571
2021,Female,80,66618
2021,Female,81,63314
2021,Female,82,59725
2021,Female,83,54999
2021,Female,84,50799
2021,Female,85,45940
2021,Female,86,41321
2021,Female,87,36782
2021,Female,88,33524
2021,Female,89,29974
2021,Female,90,27625
2021,Female,91,24197
2021,Female,92,20161
2021,Female,93,16895
2021,Female,94,13319
2021,Female,95,10764
2021,Female,96,8086
2021,Female,97,5777
2021,Female,98,4039
2021,Female,99,2788
2021,Female,100,4218
2022,Male,0,157795
2022,Male,1,153734
2022,Male,2,152266
2022,Male,3,156305
2022,Male,4,157328
2022,Male,5,161231
2022,Male,6,166185
2022,Male,7,165536
2022,Male,8,167208
2022,Male,9,169254
2022,Male,10,168547
2022,Male,11,167679
2022,Male,12,169399
2022,Male,13,168309
2022,Male,14,168084
2022,Male,15,166752
2022,Male,16,159802
2022,Male,17,154727
2022,Male,18,153757
2022,Male,19,155751
2022,Male,20,159878
2022,Male,21,168204
2022,Male,22,172107
2022,Male,23,172389
2022,Male,24,174952
2022,Male,25,179144
2022,Male,26,183508
2022,Male,27,188238
2022,Male,28,187343
2022,Male,29,187171
2022,Male,30,187488
2022,Male,31,191447
2022,Male,32,192030
2022,Male,33,189557
2022,Male,34,187689
2022,Male,35,188218
2022,Male,36,189792
2022,Male,37,188530
2022,Male,38,187245
2022,Male,39,186989
2022,Male,40,180921
2022,Male,41,175313
2022,Male,42,166108
2022,Male,43,161997
2022,Male,44,157702
2022,Male,45,157011
2022,Male,46,158620
2022,Male,47,159738
2022,Male,48,162205
2022,Male,49,165631
2022,Male,50,170834
2022,Male,51,171892
2022,Male,52,161030
2022,Male,53,158244
2022,Male,54,151997
2022,Male,55,148871
2022,Male,56,148160
2022,Male,57,149639
2022,Male,58,153300
2022,Male,59,154597
2022,Male,60,153010
2022,Male,61,150590
2022,Male,62,144199
2022,Male,63,141103
2022,Male,64,136666
2022,Male,65,132871
2022,Male,66,130174
2022,Male,67,124724
2022,Male,68,120488
2022,Male,69,119062
2022,Male,70,115135
2022,Male,71,113252
2022,Male,72,110311
2022,Male,73,106293
2022,Male,74,106181
2022,Male,75,107242
2022,Male,76,88148
2022,Male,77,81870
2022,Male,78,75507
2022,Male,79,65909
2022,Male,80,63219
2022,Male,81,56175
2022,Male,82,52053
2022,Male,83,46802
2022,Male,84,42037
2022,Male,85,37649
2022,Male,86,32496
2022,Male,87,27432
2022,Male,88,23509
2022,Male,89,20168
2022,Male,90,17005
2022,Male,91,14535
2022,Male,92,12004
2022,Male,93,9163
2022,Male,94,6783
2022,Male,95,4988
2022,Male,96,3789
2022,Male,97,2541
2022,Male,98,1574
2022,Male,99,1010
2022,Male,100,1175
2022,Female,0,150193
2022,Female,1,145777
2022,Female,2,144296
2022,Female,3,147019
2022,Female,4,148710
2022,Female,5,152290
2022,Female,6,157110
2022,Female,7,155771
2022,Female,8,157991
2022,Female,9,159436
2022,Female,10,159947
2022,Female,11,158776
2022,Female,12,160747
2022,Female,13,158556
2022,Female,14,158619
2022,Female,15,156247
2022,Female,16,150503
2022,Female,17,144837
2022,Female,18,144458
2022,Female,19,146993
2022,Female,20,149589
2022,Female,21,155021
2022,Female,22,159681
2022,Female,23,161765
2022,Female,24,165751
2022,Female,25,171091
2022,Female,26,176087
2022,Female,27,182457
2022,Female,28,184891
2022,Female,29,188098
2022,Female,30,191041
2022,Female,31,195242
2022,Female,32,195686
2022,Female,33,193313
2022,Female,34,192744
2022,Female,35,191763
2022,Female,36,192293
2022,Female,37,191801
2022,Female,38,189612
2022,Female,39,188716
2022,Female,40,182750
2022,Female,41,178775
2022,Female,42,170919
2022,Female,43,167590
2022,Female,44,163040
2022,Female,45,161648
2022,Female,46,160639
2022,Female,47,162589
2022,Female,48,165292
2022,Female,49,169245
2022,Female,50,175938
2022,Female,51,177872
2022,Female,52,165603
2022,Female,53,163648
2022,Female,54,156723
2022,Female,55,153230
2022,Female,56,152681
2022,Female,57,154655
2022,Female,58,158944
2022,Female,59,160793
2022,Female,60,159331
2022,Female,61,158303
2022,Female,62,152973
2022,Female,63,149739
2022,Female,64,146561
2022,Female,65,142369
2022,Female,66,138719
2022,Female,67,135135
2022,Female,68,130906
2022,Female,69,128498
2022,Female,70,124163
2022,Female,71,122125
2022,Female,72,119325
2022,Female,73,114744
2022,Female,74,113386
2022,Female,75,114732
2022,Female,76,94164
2022,Female,77,89021
2022,Female,78,82651
2022,Female,79,73613
2022,Female,80,70389
2022,Female,81,64428
2022,Female,82,60924
2022,Female,83,57162
2022,Female,84,52287
2022,Female,85,47872
2022,Female,86,42969
2022,Female,87,38253
2022,Female,88,33554
2022,Female,89,30241
2022,Female,90,26666
2022,Female,91,24031
2022,Female,92,20774
2022,Female,93,16832
2022,Female,94,13795
2022,Female,95,10593
2022,Female,96,8306
2022,Female,97,6133
2022,Female,98,4161
2022,Female,99,2798
2022,Female,100,4383
2023,Male,0,149717
2023,Male,1,159217
2023,Male,2,155340
2023,Male,3,154201
2023,Male,4,158527
2023,Male,5,159777
2023,Male,6,163487
2023,Male,7,168224
2023,Male,8,167534
2023,Male,9,169144
2023,Male,10,171135
2023,Male,11,170384
2023,Male,12,169459
2023,Male,13,170946
2023,Male,14,169962
2023,Male,15,169774
2023,Male,16,168609
2023,Male,17,161752
2023,Male,18,161941
2023,Male,19,168196
2023,Male,20,169365
2023,Male,21,171763
2023,Male,22,181605
2023,Male,23,187904
2023,Male,24,187655
2023,Male,25,190034
2023,Male,26,193427
2023,Male,27,196316
2023,Male,28,199830
2023,Male,29,197687
2023,Male,30,196863
2023,Male,31,195896
2023,Male,32,198810
2023,Male,33,198805
2023,Male,34,195667
2023,Male,35,192919
2023,Male,36,193029
2023,Male,37,194184
2023,Male,38,192235
2023,Male,39,190678
2023,Male,40,190073
2023,Male,41,183617
2023,Male,42,177488
2023,Male,43,168041
2023,Male,44,163514
2023,Male,45,158811
2023,Male,46,157957
2023,Male,47,159359
2023,Male,48,160347
2023,Male,49,162622
2023,Male,50,165885
2023,Male,51,170828
2023,Male,52,171833
2023,Male,53,160802
2023,Male,54,157950
2023,Male,55,151609
2023,Male,56,148448
2023,Male,57,147682
2023,Male,58,149023
2023,Male,59,152552
2023,Male,60,153761
2023,Male,61,152193
2023,Male,62,149577
2023,Male,63,143101
2023,Male,64,139894
2023,Male,65,135408
2023,Male,66,131577
2023,Male,67,128777
2023,Male,68,123245
2023,Male,69,118983
2023,Male,70,117402
2023,Male,71,113406
2023,Male,72,111368
2023,Male,73,108245
2023,Male,74,104128
2023,Male,75,103638
2023,Male,76,104322
2023,Male,77,85593
2023,Male,78,79178
2023,Male,79,72650
2023,Male,80,63069
2023,Male,81,60126
2023,Male,82,53207
2023,Male,83,48869
2023,Male,84,43656
2023,Male,85,38763
2023,Male,86,34320
2023,Male,87,29298
2023,Male,88,24401
2023,Male,89,20493
2023,Male,90,17293
2023,Male,91,14223
2023,Male,92,11919
2023,Male,93,9583
2023,Male,94,7191
2023,Male,95,5117
2023,Male,96,3712
2023,Male,97,2744
2023,Male,98,1820
2023,Male,99,1079
2023,Male,100,1344
2023,Female,0,141334
2023,Female,1,151475
2023,Female,2,147292
2023,Female,3,146240
2023,Female,4,149289
2023,Female,5,151043
2023,Female,6,154438
2023,Female,7,159150
2023,Female,8,157802
2023,Female,9,159803
2023,Female,10,161122
2023,Female,11,161635
2023,Female,12,160383
2023,Female,13,162332
2023,Female,14,160159
2023,Female,15,160397
2023,Female,16,158051
2023,Female,17,152420
2023,Female,18,151202
2023,Female,19,156125
2023,Female,20,157043
2023,Female,21,158759
2023,Female,22,166285
2023,Female,23,174349
2023,Female,24,177228
2023,Female,25,181775
2023,Female,26,186580
2023,Female,27,190514
2023,Female,28,195134
2023,Female,29,196151
2023,Female,30,198346
2023,Female,31,199562
2023,Female,32,202393
2023,Female,33,202013
2023,Female,34,198950
2023,Female,35,197629
2023,Female,36,196070
2023,Female,37,196160
2023,Female,38,195242
2023,Female,39,192604
2023,Female,40,191308
2023,Female,41,185167
2023,Female,42,180744
2023,Female,43,172634
2023,Female,44,169092
2023,Female,45,164223
2023,Female,46,162646
2023,Female,47,161591
2023,Female,48,163333
2023,Female,49,165913
2023,Female,50,169740
2023,Female,51,176437
2023,Female,52,178244
2023,Female,53,165879
2023,Female,54,163738
2023,Female,55,156885
2023,Female,56,153327
2023,Female,57,152721
2023,Female,58,154594
2023,Female,59,158847
2023,Female,60,160548
2023,Female,61,159106
2023,Female,62,157944
2023,Female,63,152489
2023,Female,64,149223
2023,Female,65,145982
2023,Female,66,141762
2023,Female,67,138152
2023,Female,68,134447
2023,Female,69,130026
2023,Female,70,127562
2023,Female,71,123180
2023,Female,72,121000
2023,Female,73,117979
2023,Female,74,113316
2023,Female,75,111714
2023,Female,76,112816
2023,Female,77,92448
2023,Female,78,87057
2023,Female,79,80640
2023,Female,80,71414
2023,Female,81,68043
2023,Female,82,62055
2023,Female,83,58322
2023,Female,84,54290
2023,Female,85,49365
2023,Female,86,44694
2023,Female,87,39806
2023,Female,88,34998
2023,Female,89,30111
2023,Female,90,26753
2023,Female,91,23217
2023,Female,92,20541
2023,Female,93,17350
2023,Female,94,13733
2023,Female,95,10885
2023,Female,96,8155
2023,Female,97,6291
2023,Female,98,4448
2023,Female,99,2883
2023,Female,100,4523
2024,Male,0,148928
2024,Male,1,151249
2024,Male,2,161058
2024,Male,3,157302
2024,Male,4,156448
2024,Male,5,160930
2024,Male,6,162117
2024,Male,7,165607
2024,Male,8,170310
2024,Male,9,169571
2024,Male,10,171020
2024,Male,11,173022
2024,Male,12,172350
2024,Male,13,171224
2024,Male,14,172673
2024,Male,15,171823
2024,Male,16,171856
2024,Male,17,170840
2024,Male,18,167909
2024,Male,19,173780
2024,Male,20,177153
2024,Male,21,176904
2024,Male,22,181401
2024,Male,23,194536
2024,Male,24,199354
2024,Male,25,198032
2024,Male,26,200264
2024,Male,27,202555
2024,Male,28,204169
2024,Male,29,206794
2024,Male,30,203792
2024,Male,31,202270
2024,Male,32,200450
2024,Male,33,203112
2024,Male,34,202872
2024,Male,35,199574
2024,Male,36,196467
2024,Male,37,196407
2024,Male,38,197208
2024,Male,39,194989
2024,Male,40,193125
2024,Male,41,192144
2024,Male,42,185471
2024,Male,43,179015
2024,Male,44,169440
2024,Male,45,164497
2024,Male,46,159513
2024,Male,47,158464
2024,Male,48,159808
2024,Male,49,160716
2024,Male,50,162701
2024,Male,51,165930
2024,Male,52,170728
2024,Male,53,171601
2024,Male,54,160584
2024,Male,55,157628
2024,Male,56,151237
2024,Male,57,147941
2024,Male,58,147199
2024,Male,59,148330
2024,Male,60,151915
2024,Male,61,152953
2024,Male,62,151273
2024,Male,63,148601
2024,Male,64,141939
2024,Male,65,138637
2024,Male,66,134346
2024,Male,67,130322
2024,Male,68,127398
2024,Male,69,121838
2024,Male,70,117421
2024,Male,71,115699
2024,Male,72,111602
2024,Male,73,109420
2024,Male,74,106000
2024,Male,75,101884
2024,Male,76,101183
2024,Male,77,101309
2024,Male,78,82968
2024,Male,79,76407
2024,Male,80,69758
2024,Male,81,60272
2024,Male,82,57186
2024,Male,83,50128
2024,Male,84,45742
2024,Male,85,40469
2024,Male,86,35441
2024,Male,87,31089
2024,Male,88,26169
2024,Male,89,21365
2024,Male,90,17714
2024,Male,91,14643
2024,Male,92,11780
2024,Male,93,9691
2024,Male,94,7674
2024,Male,95,5591
2024,Male,96,3818
2024,Male,97,2654
2024,Male,98,2037
2024,Male,99,1303
2024,Male,100,1633
2024,Female,0,141344
2024,Female,1,142899
2024,Female,2,153326
2024,Female,3,149178
2024,Female,4,148386
2024,Female,5,151599
2024,Female,6,153167
2024,Female,7,156486
2024,Female,8,161074
2024,Female,9,159699
2024,Female,10,161678
2024,Female,11,162936
2024,Female,12,163492
2024,Female,13,161991
2024,Female,14,163900
2024,Female,15,162014
2024,Female,16,162572
2024,Female,17,160242
2024,Female,18,158786
2024,Female,19,162077
2024,Female,20,163643
2024,Female,21,163091
2024,Female,22,167307
2024,Female,23,178830
2024,Female,24,185939
2024,Female,25,188275
2024,Female,26,192961
2024,Female,27,197236
2024,Female,28,199907
2024,Female,29,203549
2024,Female,30,203384
2024,Female,31,204141
2024,Female,32,204321
2024,Female,33,206611
2024,Female,34,206239
2024,Female,35,202607
2024,Female,36,201015
2024,Female,37,199220
2024,Female,38,199109
2024,Female,39,197915
2024,Female,40,195160
2024,Female,41,193453
2024,Female,42,187124
2024,Female,43,182342
2024,Female,44,174028
2024,Female,45,170304
2024,Female,46,165218
2024,Female,47,163465
2024,Female,48,162325
2024,Female,49,163889
2024,Female,50,166364
2024,Female,51,170086
2024,Female,52,176718
2024,Female,53,178392
2024,Female,54,166108
2024,Female,55,163860
2024,Female,56,156934
2024,Female,57,153205
2024,Female,58,152640
2024,Female,59,154540
2024,Female,60,158637
2024,Female,61,160346
2024,Female,62,158726
2024,Female,63,157577
2024,Female,64,152068
2024,Female,65,148551
2024,Female,66,145536
2024,Female,67,141203
2024,Female,68,137565
2024,Female,69,133717
2024,Female,70,129155
2024,Female,71,126529
2024,Female,72,122030
2024,Female,73,119739
2024,Female,74,116613
2024,Female,75,111821
2024,Female,76,110011
2024,Female,77,110794
2024,Female,78,90643
2024,Female,79,85089
2024,Female,80,78429
2024,Female,81,69259
2024,Female,82,65521
2024,Female,83,59469
2024,Female,84,55602
2024,Female,85,51346
2024,Female,86,46381
2024,Female,87,41538
2024,Female,88,36632
2024,Female,89,31665
2024,Female,90,26808
2024,Female,91,23583
2024,Female,92,19998
2024,Female,93,17338
2024,Female,94,14193
2024,Female,95,10957
2024,Female,96,8380
2024,Female,97,6195
2024,Female,98,4756
2024,Female,99,3190
2024,Female,100,4731
2025,Male,0,149674
2025,Male,1,150182
2025,Male,2,152785
2025,Male,3,162802
2025,Male,4,159118
2025,Male,5,158385
2025,Male,6,162842
2025,Male,7,163910
2025,Male,8,167283
2025,Male,9,172026
2025,Male,10,171312
2025,Male,11,172601
2025,Male,12,174683
2025,Male,13,173956
2025,Male,14,172702
2025,Male,15,174316
2025,Male,16,173421
2025,Male,17,173628
2025,Male,18,176673
2025,Male,19,178815
2025,Male,20,181647
2025,Male,21,182970
2025,Male,22,184658
2025,Male,23,191502
2025,Male,24,202244
2025,Male,25,205371
2025,Male,26,203472
2025,Male,27,205396
2025,Male,28,206862
2025,Male,29,207869
2025,Male,30,210071
2025,Male,31,206160
2025,Male,32,204213
2025,Male,33,202252
2025,Male,34,204994
2025,Male,35,204884
2025,Male,36,201248
2025,Male,37,198096
2025,Male,38,197982
2025,Male,39,198648
2025,Male,40,196446
2025,Male,41,194269
2025,Male,42,193246
2025,Male,43,186348
2025,Male,44,179633
2025,Male,45,169904
2025,Male,46,164919
2025,Male,47,159836
2025,Male,48,158597
2025,Male,49,159797
2025,Male,50,160681
2025,Male,51,162581
2025,Male,52,165718
2025,Male,53,170410
2025,Male,54,171117
2025,Male,55,160110
2025,Male,56,157135
2025,Male,57,150691
2025,Male,58,147243
2025,Male,59,146461
2025,Male,60,147465
2025,Male,61,151048
2025,Male,62,152118
2025,Male,63,150169
2025,Male,64,147421
2025,Male,65,140795
2025,Male,66,137450
2025,Male,67,133158
2025,Male,68,128867
2025,Male,69,125846
2025,Male,70,120351
2025,Male,71,115708
2025,Male,72,113907
2025,Male,73,109623
2025,Male,74,107377
2025,Male,75,103680
2025,Male,76,99437
2025,Male,77,98550
2025,Male,78,98262
2025,Male,79,80292
2025,Male,80,73468
2025,Male,81,66784
2025,Male,82,57231
2025,Male,83,54074
2025,Male,84,47049
2025,Male,85,42580
2025,Male,86,37199
2025,Male,87,32261
2025,Male,88,27779
2025,Male,89,23105
2025,Male,90,18581
2025,Male,91,15099
2025,Male,92,12270
2025,Male,93,9697
2025,Male,94,7730
2025,Male,95,5935
2025,Male,96,4285
2025,Male,97,2780
2025,Male,98,1938
2025,Male,99,1489
2025,Male,100,2076
2025,Female,0,141430
2025,Female,1,142399
2025,Female,2,144414
2025,Female,3,154824
2025,Female,4,150866
2025,Female,5,150399
2025,Female,6,153454
2025,Female,7,154778
2025,Female,8,158141
2025,Female,9,162660
2025,Female,10,161220
2025,Female,11,163278
2025,Female,12,164514
2025,Female,13,164984
2025,Female,14,163432
2025,Female,15,165459
2025,Female,16,163716
2025,Female,17,164436
2025,Female,18,165647
2025,Female,19,168171
2025,Female,20,168591
2025,Female,21,168517
2025,Female,22,170275
2025,Female,23,176885
2025,Female,24,186546
2025,Female,25,193174
2025,Female,26,195334
2025,Female,27,199731
2025,Female,28,203255
2025,Female,29,205015
2025,Female,30,208251
2025,Female,31,206782
2025,Female,32,206622
2025,Female,33,206528
2025,Female,34,208884
2025,Female,35,208343
2025,Female,36,204357
2025,Female,37,203018
2025,Female,38,201099
2025,Female,39,200928
2025,Female,40,199481
2025,Female,41,196653
2025,Female,42,194809
2025,Female,43,188407
2025,Female,44,183265
2025,Female,45,174871
2025,Female,46,170986
2025,Female,47,165747
2025,Female,48,163875
2025,Female,49,162675
2025,Female,50,164106
2025,Female,51,166599
2025,Female,52,170321
2025,Female,53,176749
2025,Female,54,178430
2025,Female,55,166084
2025,Female,56,163882
2025,Female,57,156778
2025,Female,58,153066
2025,Female,59,152491
2025,Female,60,154344
2025,Female,61,158504
2025,Female,62,159977
2025,Female,63,158287
2025,Female,64,156995
2025,Female,65,151395
2025,Female,66,148047
2025,Female,67,145036
2025,Female,68,140408
2025,Female,69,136724
2025,Female,70,132850
2025,Female,71,128165
2025,Female,72,125407
2025,Female,73,120819
2025,Female,74,118442
2025,Female,75,115130
2025,Female,76,110122
2025,Female,77,108092
2025,Female,78,108570
2025,Female,79,88564
2025,Female,80,82943
2025,Female,81,76073
2025,Female,82,67019
2025,Female,83,62976
2025,Female,84,56712
2025,Female,85,52769
2025,Female,86,48213
2025,Female,87,43156
2025,Female,88,38233
2025,Female,89,33326
2025,Female,90,28355
2025,Female,91,23556
2025,Female,92,20375
2025,Female,93,17032
2025,Female,94,14280
2025,Female,95,11357
2025,Female,96,8581
2025,Female,97,6283
2025,Female,98,4570
2025,Female,99,3542
2025,Female,100,5149
