Selected items1,,1978–79,1979–80,1980–81,1981–82,1982–83,1983–84,1984–85,1985–86,1986–87,1987–88,1988–89,1989–90,1990–91,1991–92,1992–93,1993–94,1994–95,1995–96,1996–97,1997–98,1998–99,1999–2000,2000–01,2001–02,2002–03,2003–04,2004–05,2005–06,2006–07,2007–08,2008–09,2009–10,2010–11,2011–12,2012–13,2013–14,2014–15,2015–16,2016–17,2017–18,2018–19,2019–20,2020–21,2021–22,2022–23,
Individuals,no.,6487440,6972725,7330715,7283495,8263255,7604885,7813965,8200615,8343795,8874210,9257035,9421815,9330715,9288825,9272970,9391090,9619010,10188615,10271135,10317585,10364730,10751410,10933145,11093975,11350160,11662875,11946065,12208760,12562515,12994080,12908185,13049455,13275055,13366780,13405941,13651048,13967366,14337401,14741536,15127836,15571381,15842477,16043882,16160962,16108843,
Taxable individuals,no.,5208120,5662415,5998375,5954875,6863065,6338015,6546545,6966075,7181865,7629455,7906140,8074690,7800250,7660355,7661770,7609300,7861135,8406025,8557900,8643240,8485225,9074345,8948110,9064090,9241690,9442995,9723380,9920200,9850200,10083420,9582260,9537600,9815520,10203645,9867053,10094991,10357365,10584639,10874723,11270674,11478095,11805093,12160576,12114579,12647729,
Non-taxable individuals,no.,1279320,1310310,1332340,1328625,1400190,1266865,1267420,1234540,1161930,1244760,1350890,1347130,1530470,1628470,1611200,1781790,1757875,1782590,1713235,1674345,1879510,1677060,1985030,2029885,2108475,2219875,2222685,2288560,2712315,2910660,3325920,3511860,3459530,3163135,3538884,3556057,3610001,3752762,3866813,3857162,4093286,4037384,3883306,4046383,3461114,
Males,no.,na,na,na,na,na,na,na,4626495,4647105,4914610,5082160,5158160,5099715,5076135,5070630,5125870,5219020,5514450,5530600,5557600,5570765,5772065,5834230,5878660,5963295,6089255,6223025,6344865,6523110,6760940,6680150,6755450,6873630,6981476,7013950,7122657,7264970,7426987,7600300,7783610,7981631,8087960,8147162,8181677,8124272,
Females,no.,na,na,na,na,na,na,na,3574115,3696690,3959605,4174875,4263660,4231005,4212690,4202340,4265220,4399990,4674165,4740530,4759985,4793965,4979345,5098915,5215315,5386865,5573620,5723040,5863895,6039405,6233135,6228030,6294005,6401425,6385304,6391991,6528391,6702396,6910414,7141236,7344226,7586313,7749482,7890161,7971593,7976058,
Unknown sex,no.,na,na,na,na,na,na,na,na,na,na,na,na,na,na,na,na,na,na,na,na,na,na,na,na,na,na,na,na,na,na,na,na,na,na,na,na,na,na,na,na,3437,5035,6559,7692,8513,
Residents,no.,na,na,na,na,na,na,na,8178465,8324365,8852485,9235320,9400155,9308890,9264670,9245345,9360385,9588540,10151850,10238385,10291210,10310210,10689300,10869740,11020140,11280350,11591845,11873640,12134830,12481635,12906460,12818545,12954885,13177330,13263698,13299135,13540937,13848644,14177808,14526706,14871926,15297443,15568020,15821815,15953707,15865254,
Non-residents,no.,na,na,na,na,na,na,na,22150,19430,21725,21715,21660,21825,24155,27625,30705,30470,36765,32750,26375,54520,62110,63405,73835,69810,71030,72425,73930,80880,87620,89640,94575,97725,103082,106806,110111,118722,159593,214830,255910,273938,274457,222067,207255,243589,
Number of individuals by state/territory,,,,,,,,,,,,,,,,,,,,,,,,,,,,,,,,,,,,,,,,,,,,,,,
NSW,no.,na,na,na,na,na,na,na,2819065,2834990,3007325,3090075,3147995,3123905,3134075,3112810,3144505,3218860,3387715,3414645,3435905,3459135,3608435,3677280,3701335,3761700,3850320,3920540,3978125,4066365,4174915,4129605,4158110,4219900,4218083,4220655,4261909,4374102,4508683,4650905,4766913,4893619,4950255,4976299,4984485,4950907,
VIC,no.,na,na,na,na,na,na,na,2205755,2249570,2377890,2466200,2490435,2451835,2413545,2387990,2388390,2424270,2551230,2565680,2585675,2599320,2700070,2750965,2793345,2851260,2914455,2976705,3036160,3114550,3213010,3194905,3240915,3306625,3323285,3333819,3389274,3484001,3601499,3728325,3853647,3991700,4053776,4093123,4127511,4117565,
QLD,no.,na,na,na,na,na,na,na,1245295,1287345,1399320,1505430,1519710,1555850,1583065,1614895,1662980,1726890,1836480,1862615,1887205,1910465,1987255,2028830,2087235,2166100,2256385,2339020,2416815,2510670,2619550,2604070,2617765,2656220,2679838,2680415,2705444,2761499,2830477,2911642,2997923,3088632,3161711,3236351,3277830,3273490,
WA,no.,na,na,na,na,na,na,na,768030,791370,842390,887680,903950,885115,882910,893050,921305,952175,1012310,1026845,1039115,1043625,1073110,1083230,1098735,1128160,1165050,1203520,1246295,1303720,1372245,1376445,1392790,1432830,1484720,1516844,1532989,1554045,1565144,1575560,1594756,1632431,1673115,1718405,1744280,1758137,
SA,no.,na,na,na,na,na,na,na,727030,738755,776725,795515,796460,789620,778050,768355,770650,782175,808855,809325,807720,807840,825745,832080,844190,862080,880070,896490,910605,927240,948315,937235,948565,954155,949820,943283,951154,963082,975848,993076,1014780,1041042,1064044,1086490,1100649,1095203,
TAS,no.,na,na,na,na,na,na,na,222585,224295,234820,242705,238795,242295,240795,240365,240870,243110,244705,250745,246500,243800,246665,249045,252340,258690,266955,273805,278320,283265,288620,285815,287970,288170,282058,276753,278329,282894,289093,297150,307285,318671,328176,335357,338001,332312,
ACT,no.,na,na,na,na,na,na,na,145375,148970,163135,192545,196280,200895,176745,173795,177545,183450,202635,188860,190025,192015,198190,202455,205980,210285,214850,218730,224130,231145,238980,236020,240020,244770,250347,251133,253844,259121,267062,276408,285425,293915,302674,307604,310376,308828,
NT,no.,na,na,na,na,na,na,na,67475,68505,72610,76880,80000,81200,79635,81260,84900,87515,95330,98580,99510,98415,101220,99655,101380,102665,104695,107200,107960,111585,117935,118780,119880,122610,126542,128799,131536,133630,135314,137550,138227,139137,139051,138763,137483,134717,
Overseas or unknown,no.,na,na,na,na,na,na,na,na,na,na,na,na,na,na,na,na,na,49355,53835,25925,10120,10710,9600,9440,9225,10095,10050,10345,13980,20505,25300,43435,49775,52087,54240,146569,na,na,na,na,na,na,na,na,na,
Overseas,no.,na,na,na,na,na,na,na,na,na,na,na,na,na,na,na,na,na,na,na,na,na,na,na,na,na,na,na,na,na,na,na,na,na,na,na,na,154813,164000,170463,168311,171089,169675,151490,140347,137684,
Unknown,no.,na,na,na,na,na,na,na,na,na,na,na,na,na,na,na,na,na,na,na,na,na,na,na,na,na,na,na,na,na,na,na,na,na,na,na,na,179,281,457,569,1145,0,0,0,0,
Number of individuals by lodgment method,,,,,,,,,,,,,,,,,,,,,,,,,,,,,,,,,,,,,,,,,,,,,,,
Tax agent returns,no.,na,na,na,na,na,na,na,4982355,5148340,5559020,5838560,6223135,6600540,6881920,6581285,6810775,7072345,7395750,7607695,7839220,8027655,8347220,8397190,8417340,8506530,8669205,8811355,8974240,9147375,9204045,8976365,9451755,9667900,9871946,9961302,10163928,10320632,10355325,10442913,10499516,10360103,10256310,10235657,10231960,10120508,
MyTax returns,no.,na,na,na,na,na,na,na,na,na,na,na,na,na,na,na,na,na,na,na,na,na,na,na,na,na,na,na,na,na,na,na,na,na,na,na,1189412,2024295,3644097,4031354,4407435,5039615,5468059,5717234,5850835,5917039,
Other self-preparer returns,no.,na,na,na,na,na,na,na,3218260,3195450,3315195,3418470,3150490,2730180,2406905,2691685,2580315,2546665,2792855,2663440,2478365,2337075,2292630,2270030,2137520,2041595,1972720,1839710,1734725,1669585,1674930,1762015,1121485,1016535,832556,599540,497727,385312,337979,267269,220885,171663,118108,90991,78167,71296,
e-tax returns,no.,na,na,na,na,na,na,na,na,na,na,na,na,na,na,na,na,na,na,na,na,na,111560,265920,539120,802035,1020950,1294995,1499795,1745555,2115100,2169800,2476215,2590620,2662278,2845099,1799981,1237127,na,na,na,na,na,na,na,na,
Number of individuals by age,,,,,,,,,,,,,,,,,,,,,,,,,,,,,,,,,,,,,,,,,,,,,,,
Under 18,no.,na,na,na,na,na,na,na,na,na,95205,35905,58910,44935,86505,33630,27865,140345,276555,324285,263590,265650,278935,277470,260830,271320,282195,296715,296355,305860,341295,245885,234075,228220,191362,141592,146971,164168,182609,212647,228400,244840,253078,281879,283157,235291,
18 - 24,no.,na,na,na,na,na,na,na,na,na,1433345,1313505,1419725,1337355,1432380,1223540,1217665,1341065,1500765,1481260,1433690,1426410,1468800,1479180,1496755,1527495,1573570,1596215,1619910,1672760,1784290,1715040,1685010,1686630,1674962,1613607,1623482,1664932,1722909,1767935,1825187,1882314,1885044,1871115,1893844,1916851,
25 - 29,no.,na,na,na,na,na,na,na,na,na,1195045,1231765,1202745,1175210,1157680,1142305,1169095,1125295,1175765,1182960,1202910,1192185,1214430,1189365,1167590,1167005,1183365,1203890,1228760,1282915,1366070,1378780,1429880,1463035,1486936,1499863,1532908,1550272,1595962,1639367,1672752,1725805,1741550,1711044,1701808,1737064,
30 - 34,no.,na,na,na,na,na,na,na,na,na,2105920,2237670,2259395,2284375,2285165,2314530,2352305,2247510,2359750,1150040,1128780,1120860,1157645,1200730,1248130,1286475,1312120,1339225,1314660,1298795,1307265,1295630,1321060,1356140,1386774,1433687,1488247,1546590,1601333,1653254,1690191,1739539,1774909,1788350,1790555,1801180,
35 - 39,no.,na,na,na,na,na,na,na,na,na,,,,,,,,,,1188285,1203990,1197275,1214880,1219860,1212655,1213035,1236815,1283145,1328220,1374870,1412340,1408655,1419670,1396330,1352844,1340215,1350403,1379730,1428162,1495956,1568758,1645057,1703646,1742855,1757295,1745985,
40 - 44,no.,na,na,na,na,na,na,na,na,na,1703515,1911410,1972250,2031395,2027270,2133190,2205690,2108010,2195405,1119720,1140490,1151400,1194290,1233015,1261120,1282380,1304900,1324340,1317470,1314830,1323340,1326365,1355470,1397400,1415609,1434415,1442698,1450787,1435542,1429193,1435751,1460947,1489352,1530607,1568099,1584138,
45 - 49,no.,na,na,na,na,na,na,na,na,na,,,,,,,,,,1057800,1068800,1071180,1104885,1133725,1158790,1180655,1213005,1252830,1281965,1315800,1355305,1361985,1365185,1355830,1332539,1320191,1329580,1356310,1403716,1454107,1488705,1507997,1512320,1490955,1457143,1404409,
50 - 54,no.,na,na,na,na,na,na,na,na,na,1080020,1171155,1201940,1228510,1187095,1288975,1351095,781575,804680,844155,921950,950205,1006715,1048175,1048535,1066410,1085330,1109820,1131850,1160710,1197130,1216325,1241355,1268840,1292946,1311729,1327041,1334793,1330780,1326920,1328258,1347307,1371575,1416306,1443913,1419609,
55 - 59,no.,na,na,na,na,na,na,na,na,na,,,,,,,,580705,589800,598960,634220,660485,710490,749905,820030,880390,921575,962915,1001840,1008960,1035655,1043985,1053545,1076885,1101729,1119253,1147995,1179536,1210033,1243085,1275362,1300778,1307696,1304071,1285892,1243727,
60 - 64,no.,na,na,na,na,na,na,na,na,na,426880,453485,453340,434155,398825,387905,371765,410705,407020,412500,435045,450855,484740,504955,528615,555595,592940,626965,669305,740120,782135,807140,832000,869280,877931,888477,904530,923086,947950,976540,1007128,1044542,1076042,1109932,1129276,1126322,
65 - 69,no.,na,na,na,na,na,na,na,na,na,306615,329255,323800,309715,281495,289695,268695,329500,328540,326685,319470,310535,318705,313280,317785,333245,352855,367050,392150,418110,418575,431160,446445,476845,528169,562865,588299,615517,639805,646254,665558,689105,710051,739097,762393,775026,
70 - 74,no.,na,na,na,na,na,na,na,na,na,527670,572880,529710,485065,432415,459200,426920,232905,234250,238235,241200,240595,249940,242950,234035,233665,235265,230855,239570,252875,253160,258485,258645,272675,285830,293624,310956,329382,349411,385994,415125,435585,451785,469041,467606,472334,
75 and over,no.,na,na,na,na,na,na,na,na,na,,,,,,,,321395,316085,346250,323445,327090,346955,340535,339105,352485,368945,352105,386705,415910,417520,418750,407110,426945,439149,446423,457938,472263,489189,510284,526661,547565,565429,588630,619981,646907,
ATO calculated amounts,,,,,,,,,,,,,,,,,,,,,,,,,,,,,,,,,,,,,,,,,,,,,,,
Tax on taxable income,no.,na,na,na,na,na,na,na,na,na,na,na,na,na,na,na,na,na,na,na,na,na,na,na,na,na,na,na,na,na,na,na,11774130,12075175,12320812,10727418,10957906,11236843,11489118,11803231,12178315,12571944,12910768,13523950,13382440,13646896,
Tax on taxable income,$,11963381000,13864776000,16250870000,19524300000,23189347000,24979318000,26955710000,31453890000,35290505000,40085000000,48339000000,46833000000,46089000000,45776000000,48637000000,51024000000,54444000000,61555124669,66086246093,72119711261,77513594417,86909911134,82616841614,86316083504,92838132043,100542894543,109464561643,115525646211,122744641532,127514602293,125808260581,131933456442,144988295727,156410203868,158861873717,170083945039,177280396095,186094400718,191279182928,208376578616,221972375771,232403153204,245395029093,274974351679,283350685187,
Complementary tax,no.,na,na,na,na,na,75230,70375,58185,38110,35335,39465,55455,106120,97580,84125,74815,62215,51915,64155,70390,73445,63295,44920,43315,53520,57675,58480,56275,48220,41185,39905,44465,34410,38708,35275,33594,35585,37691,38247,40389,39411,40248,36225,32016,31457,
Complementary tax,$,na,na,na,na,na,21684000,18795000,14655000,9446000,9000000,11000000,18000000,45000000,41000000,33000000,26000000,19000000,16571001,23261559,26805535,31581841,26547052,15209888,16116244,22967161,27730619,29204600,29240797,22058098,17488777,16988645,19039053,13679227,16673592,27372586,26772459,30513129,35249008,37466346,40768771,41816563,44602609,39260051,33416925,33921655,
Medicare levy,no.,na,na,na,na,na,5438400,5555965,na,na,na,na,6467380,6041845,5977500,5985695,6002070,6293920,6747840,6886210,6956535,7431980,7396620,7403685,7421690,7533285,7765765,8026890,8253100,8512005,8727310,8666605,8669470,9027380,9315961,9332248,9520276,9654540,9785134,9954233,10254505,10558410,10795197,11295965,11314773,11353402,
Medicare levy,$,na,na,na,na,na,395614000,1035350000,1182668000,1499599000,1865000000,2131000000,2224000000,2199000000,2228000000,2295000000,2697000000,2907000000,3452444506,4121303145,3881760755,4335426214,4466202483,4707949218,4858396410,5125909394,5543147887,5999849932,6468919889,7101763428,7607234083,7758722458,8318675268,8880539453,9475603742,9943028297,10441216565,14311636724,14853449846,15267340189,16340493373,17263447291,17945016256,19573532365,21134707511,21654390846,
Medicare levy surcharge,no.,na,na,na,na,na,na,na,na,na,na,na,na,na,na,na,na,na,na,na,167330,267630,276590,166085,203695,245785,346135,452440,535995,680090,760230,221825,241915,254870,264125,218086,203136,190146,214683,232116,294762,373471,449978,551628,660279,768537,
Medicare levy surcharge,$,na,na,na,na,na,na,na,na,na,na,na,na,na,na,na,na,na,na,na,112142940,165980790,166595962,103585909,124659977,151124433,212964034,276814678,334559635,431162935,482765262,195443083,209253201,227110036,247129523,277897180,269155866,258957124,279392345,303894309,385676763,474050718,556504835,731577802,892040779,1013113323,
Total Medicare levy liability,no.,na,na,na,na,na,na,na,na,na,na,na,na,na,na,na,na,na,na,na,na,na,na,na,na,na,na,na,na,na,na,na,na,na,na,na,9512392,9646879,9779123,9946273,10246687,10549661,10791466,11289014,11306672,11351164,
Total Medicare levy liability,$,na,na,na,na,na,na,na,na,na,na,na,na,na,na,na,na,na,na,na,na,na,na,na,na,na,na,na,na,na,na,na,na,na,na,na,10696435054,14550768771,15113309997,15551105362,16705317659,17714892003,18479991287,20281467725,22001635385,22650228983,
Net tax,no.,na,na,na,na,na,na,na,na,na,na,na,na,na,na,na,na,na,na,na,na,na,na,na,na,na,na,na,na,na,na,na,9537600,9815520,10203646,9867053,10094991,10357365,10584639,10874723,11270674,11478095,11805093,12160576,12114579,12647729,
Net tax,$,11078483000,14166311000,16614958000,19749428000,20921530000,23823666000,26420394000,31031250000,35180080000,38945000000,44860000000,45455000000,44207000000,43668000000,45796000000,47653000000,50940000000,58016332830,62811041571,67862497836,72445465843,82049238889,82947910049,86494003024,93206206025,100961716811,109469766072,115231517725,121472183849,126555872057,121920873975,127354003048,139914503907,153422498041,162115139644,173638961959,186222275378,195729662439,201095688094,217985387593,224850229334,235882931406,248482410562,276775836886,298010985918,
Estimated business net tax,no.,na,na,na,na,na,na,na,na,na,na,na,na,na,na,na,na,na,na,na,na,na,na,na,na,na,na,na,na,na,na,na,na,655960,666919,652507,685569,718554,758495,805838,854459,874302,909731,1063475,999583,1066821,
Estimated business net tax,$,na,na,na,na,na,na,na,na,na,na,na,na,na,na,na,na,na,na,na,na,na,na,na,na,na,na,na,na,4684792762,5025102721,4925818008,5135930417,6023356934,6517189250,6708922087,7128072062,7723181218,8108246554,8385731754,8942375372,9122427481,9354941971,11345507048,10957611671,12042657337,
Estimated non-business net tax,no.,na,na,na,na,na,na,na,na,na,na,na,na,na,na,na,na,na,na,na,na,na,na,na,na,na,na,na,na,na,na,na,9309315,9581365,9968972,9684540,9903568,10162638,10377171,10655459,11041166,11246612,11583292,11905916,11881461,12420445,
Estimated non-business net tax,$,na,na,na,na,na,na,na,na,na,na,na,na,na,na,na,na,na,na,na,na,na,na,na,na,na,na,na,na,116779824944,121523758815,116989682370,122218072632,133891146973,146905308791,155406217558,166510889897,178499094160,187621415885,192709956340,209043012221,215727801853,226527989435,237136903514,265818225215,285968328581,
Estimated tax on net capital gains,no.,na,na,na,na,na,na,na,na,na,na,na,na,na,na,na,na,na,na,na,na,na,na,na,na,na,na,na,na,na,na,na,447625,462200,356046,405926,498062,558373,544866,575877,641657,617451,689639,1075270,1203736,934315,
Estimated tax on net capital gains,$,na,na,na,na,na,na,na,na,43000000,126000000,306000000,240000000,174000000,244000000,258766439,562569559,365350699,516176843,762083183,1201330646,1704997845,1811201820,1968050729,2139423692,2314571884,3585208926,4273413176,5483349046,8153388256,7483808610,3239451027,3545154488,3880705908,3072546068,3422263863,5057571529,6348736249,6859018825,7605273584,8880706623,7571025036,7634527367,13007427237,18798287453,12229634530,
HELP compulsory repayment due,no.,na,na,na,na,na,na,na,na,na,na,31240,57205,71585,76875,90395,123955,147675,191210,200630,328090,319955,342990,354840,348515,351530,369220,270190,301650,325025,364250,369430,377430,404610,424012,442634,449581,466345,526221,10,na,na,na,na,na,na,
HELP compulsory repayment due,$,na,na,na,na,na,na,na,na,na,na,9000000,28000000,48000000,55000000,70000000,129000000,164000000,218991184,267269735,485124017,491840483,561684502,606011706,611710892,638941417,704148931,683518081,808905432,938640956,1123990859,1195801691,1270027786,1418884164,1532192796,1632507840,1688655877,1788401803,2156806532,38350,na,na,na,na,na,na,
HELP Australian compulsory repayment due,no.,na,na,na,na,na,na,na,na,na,na,na,na,na,na,na,na,na,na,na,na,na,na,na,na,na,na,na,na,na,na,na,na,na,na,na,na,na,1,603826,644183,831627,1052684,1144035,1184594,1167621,
HELP Australian compulsory repayment due,$,na,na,na,na,na,na,na,na,na,na,na,na,na,na,na,na,na,na,na,na,na,na,na,na,na,na,na,na,na,na,na,na,na,na,na,na,na,3858,2438381859,2805400016,3294079629,3660680383,4191369235,4695484151,4729554556,
HELP overseas levy compulsory repayment due,no.,na,na,na,na,na,na,na,na,na,na,na,na,na,na,na,na,na,na,na,na,na,na,na,na,na,na,na,na,na,na,na,na,na,na,na,na,na,na,7968,10028,12542,14752,12718,10834,9467,
HELP overseas levy compulsory repayment due,$,na,na,na,na,na,na,na,na,na,na,na,na,na,na,na,na,na,na,na,na,na,na,na,na,na,na,na,na,na,na,na,na,na,na,na,na,na,na,49500636,59892261,67665869,76221054,61756446,56121488,51343558,
Student financial supplement scheme compulsory repayment due,no.,na,na,na,na,na,na,na,na,na,na,na,na,na,na,na,na,na,na,na,na,na,na,na,na,na,na,na,na,58430,60175,53215,47685,44230,39291,34960,30154,26356,24831,24798,22410,26390,18190,16218,14682,13106,
Student financial supplement scheme compulsory repayment due,$,na,na,na,na,na,na,na,na,na,na,na,na,na,na,na,na,na,na,na,na,na,na,na,na,na,na,na,na,89127687,96792773,89359659,83067426,80455895,74071537,67661814,59571085,52546472,50532764,47300096,46401724,53785969,49160106,43038571,40083905,35693175,
Trade support loan compulsory repayment due,no.,na,na,na,na,na,na,na,na,na,na,na,na,na,na,na,na,na,na,na,na,na,na,na,na,na,na,na,na,na,na,na,na,na,na,na,na,938,2547,4718,8319,17376,32007,40178,47273,52919,
Trade support loan compulsory repayment due,$,na,na,na,na,na,na,na,na,na,na,na,na,na,na,na,na,na,na,na,na,na,na,na,na,na,na,na,na,na,na,na,na,na,na,na,na,1783164,6332665,11990593,23663438,43203003,58949295,76534282,102186031,130580056,
Trade support loan overseas levy compulsory repayment due,no.,na,na,na,na,na,na,na,na,na,na,na,na,na,na,na,na,na,na,na,na,na,na,na,na,na,na,na,na,na,na,na,na,na,na,na,na,na,na,na,2,7,10,14,12,11,
Trade support loan overseas levy compulsory repayment due,$,na,na,na,na,na,na,na,na,na,na,na,na,na,na,na,na,na,na,na,na,na,na,na,na,na,na,na,na,na,na,na,na,na,na,na,na,na,na,na,4030,17856,27305,20233,25250,14723,
Vocational education and training student loan (VSL) compulsory repayment due,no.,na,na,na,na,na,na,na,na,na,na,na,na,na,na,na,na,na,na,na,na,na,na,na,na,na,na,na,na,na,na,na,na,na,na,na,na,na,na,na,na,na,3169,7707,11632,16446,
Vocational education and training student loan (VSL) compulsory repayment due,$,na,na,na,na,na,na,na,na,na,na,na,na,na,na,na,na,na,na,na,na,na,na,na,na,na,na,na,na,na,na,na,na,na,na,na,na,na,na,na,na,na,5103822,13984149,21458693,32287896,
Vocational education and training student loan (VSL) overseas levy compulsory repayment due,no.,na,na,na,na,na,na,na,na,na,na,na,na,na,na,na,na,na,na,na,na,na,na,na,na,na,na,na,na,na,na,na,na,na,na,na,na,na,na,na,na,na,1,2,3,10,
Vocational education and training student loan (VSL) overseas levy compulsory repayment due,$,na,na,na,na,na,na,na,na,na,na,na,na,na,na,na,na,na,na,na,na,na,na,na,na,na,na,na,na,na,na,na,na,na,na,na,na,na,na,na,na,na,1456,1568,10854,32405,
Student support loan compulsory repayment due,no.,na,na,na,na,na,na,na,na,na,na,na,na,na,na,na,na,na,na,na,na,na,na,na,na,na,na,na,na,na,na,na,na,na,na,na,na,na,16,87,266,638,1317,2245,3530,5150,
Student support loan compulsory repayment due,$,na,na,na,na,na,na,na,na,na,na,na,na,na,na,na,na,na,na,na,na,na,na,na,na,na,na,na,na,na,na,na,na,na,na,na,na,na,19066,103555,358642,894197,1692427,3081486,5420953,9080790,
ABSTUDY student support loan compulsory repayment due,no.,na,na,na,na,na,na,na,na,na,na,na,na,na,na,na,na,na,na,na,na,na,na,na,na,na,na,na,na,na,na,na,na,na,na,na,na,na,2,4,15,36,78,110,162,226,
ABSTUDY student support loan compulsory repayment due,$,na,na,na,na,na,na,na,na,na,na,na,na,na,na,na,na,na,na,na,na,na,na,na,na,na,na,na,na,na,na,na,na,na,na,na,na,na,2361,5212,22728,53127,90303,146586,218050,348319,
Income,,,,,,,,,,,,,,,,,,,,,,,,,,,,,,,,,,,,,,,,,,,,,,,
Salary or wages,no.,5260100,5482095,7965855,5878135,5786025,5833440,7038300,6352480,6413555,6910315,7338955,7407545,7255445,7099835,7088160,7209180,7413070,7819290,7847265,7924380,7986135,8301885,8439340,8509955,8647140,8865995,9121855,9349850,9679410,10184950,10057285,10134375,10348995,10560582,10602801,10780034,10981806,11201274,11460644,11756222,12087597,12308793,12453213,12809967,12843712,
Salary or wages,$,46659998000,54164429000,63427205000,74077557000,81185183000,86093387000,95085801000,105596678000,113735152000,130719000000,145146000000,156640000000,161436000000,163724000000,166544000000,174239000000,186117000000,204460311444,214084762750,226324145443,237440435636,257114064414,274069457330,284852462530,300136845188,321128753043,345302362155,369938753469,401301192824,441910373996,461428908566,483194462126,521048169173,557702984978,587575245059,608638434391,629640575540,655510441166,675030651940,717166582796,757860781830,787394496782,825857417011,893361347705,945449574030,
Tax withheld from salary or wages,no.,na,na,na,na,na,na,na,na,na,na,na,na,na,na,na,na,na,na,na,na,na,na,na,na,na,na,na,na,na,na,na,na,na,na,10314577,10450026,10616950,10818027,11056227,11349359,11668630,11957764,12113283,12469992,12565117,
Tax withheld from salary or wages,$,na,na,na,na,na,na,na,na,na,na,na,na,na,na,na,na,na,na,na,na,na,na,na,na,na,na,na,na,na,na,na,na,na,na,141673951385,148484273254,158383925612,166165924217,171574938894,184065126141,196462184540,207970758357,212582502052,230702617179,249972463794,
"Allowances, earnings, tips, director’s fees etc",no.,888685,936985,1068270,1161775,1157285,1180365,1260270,1405685,1467685,1548965,1801445,1999470,2011970,1946130,1937880,1968085,1983190,2055155,2044495,2048300,2061105,2132865,2079930,2035385,2056340,2097915,2146645,2172910,2172700,2243595,2215425,2264390,2349085,2403969,2375587,2399564,2450044,2463872,2551739,2657577,2782183,4107744,4148536,3518990,4298019,
"Allowances, earnings, tips, director’s fees etc",$,407184000,457898000,583651000,694513000,795416000,852469000,982466000,1099359000,999761000,1074000000,1303000000,2685000000,3007000000,2874000000,2859000000,2981000000,3197000000,3592568970,3784677053,4211232430,4609916519,5059235358,5167068034,5297411404,5441794059,5635877210,6035657544,6396896785,6925888725,7611988203,7829059836,7944407810,8311633313,8906756798,9206982067,9317591404,9471328330,9384669445,9467287657,9980985702,10126833710,14985863072,16006933182,9800458437,15706993595,
Employer lump sum payments - Amount A in lump sum payments box,no.,663915,772515,823620,903860,817695,793070,816315,985195,984285,1082665,1119965,1106350,943490,815265,819390,777025,432385,318690,292555,282330,250340,228095,219020,225160,186555,163165,155395,159575,150210,145115,201455,153885,142750,168768,216201,211216,218464,208777,189104,173564,174219,214089,205260,141622,144817,
Employer lump sum payments - Amount A in lump sum payments box,$,328045000,442709000,551877000,709638000,851175000,879147000,959813000,1315506000,1487539000,1835000000,2010000000,2162000000,2092000000,2210000000,2416000000,2574000000,1629000000,1604533776,1809899783,2044863327,1943591836,1884279019,1876083361,2007497966,1684253167,1496688987,1451238911,1617921434,1631477679,1497159759,2108400593,1779219815,1698971208,2143471622,2930162300,3023833500,3281862487,3222081166,2938196818,2650093509,2564268705,2732565748,3221974000,2130718593,2184410636,
Employer lump sum payments - 5% of amount B in lump sum payments box,no.,267970,190630,201660,212515,269260,191795,131065,139870,125025,128965,111335,91545,86315,85510,81925,77075,49950,45800,47235,45900,38655,34235,30615,27675,23160,19445,19310,19675,18010,18305,16160,14220,13665,14158,14335,13187,11811,9860,8860,7866,7000,2119,5270,4932,3754,
Employer lump sum payments - 5% of amount B in lump sum payments box,$,55641000,56003000,71834000,89233000,157970000,123637000,25143000,44497000,33726000,40000000,28000000,34000000,34000000,37000000,35000000,35000000,21000000,19279059,20751392,20709723,18022671,17428110,15735249,13886343,11915881,10122174,10419439,10267556,9838819,9946209,8956589,7652068,7492687,7894647,8157959,7661320,6603032,4884162,3722603,3989604,3047294,2359820,2238725,2060009,1906947,
Employment termination payments (ETP) - taxable component - code excluded payment,no.,na,na,na,na,na,na,na,na,na,na,na,na,na,na,na,na,na,na,na,na,na,na,na,na,na,na,na,na,na,na,na,na,na,na,75071,67226,62261,46926,38113,33913,32433,548,420,297,299,
Employment termination payments (ETP) - taxable component - code excluded payment,$,na,na,na,na,na,na,na,na,na,na,na,na,na,na,na,na,na,na,na,na,na,na,na,na,na,na,na,na,na,na,na,na,na,na,1903056144,2014569428,2030543039,1813952916,1610181980,1428147510,1347068231,20800425,15143407,9797493,10952540,
Employment termination payments (ETP) - taxable component - code excluded split payment,no.,na,na,na,na,na,na,na,na,na,na,na,na,na,na,na,na,na,na,na,na,na,na,na,na,na,na,na,na,na,na,na,na,na,na,229,180,233,113,124,59,157,88,5,3,6,
Employment termination payments (ETP) - taxable component - code excluded split payment,$,na,na,na,na,na,na,na,na,na,na,na,na,na,na,na,na,na,na,na,na,na,na,na,na,na,na,na,na,na,na,na,na,na,na,3380212,4134046,4461380,2476525,3244253,2311584,4658775,560510,52310,51913,106426,
Employment termination payments (ETP) - taxable component - code non-excluded payment,no.,na,na,na,na,na,na,na,na,na,na,na,na,na,na,na,na,na,na,na,na,na,na,na,na,na,na,na,na,na,na,na,na,na,na,146585,156686,146855,136692,124218,130205,127042,1741,1641,1875,2058,
Employment termination payments (ETP) - taxable component - code non-excluded payment,$,na,na,na,na,na,na,na,na,na,na,na,na,na,na,na,na,na,na,na,na,na,na,na,na,na,na,na,na,na,na,na,na,na,na,1080470108,1255611436,1174135464,1193440200,1161469778,1130739747,1068387834,15248274,12175379,11712491,10955061,
Employment termination payments (ETP) - taxable component - code non-excluded split payment,no.,na,na,na,na,na,na,na,na,na,na,na,na,na,na,na,na,na,na,na,na,na,na,na,na,na,na,na,na,na,na,na,na,na,na,476,682,716,716,602,246,598,28,4,27,19,
Employment termination payments (ETP) - taxable component - code non-excluded split payment,$,na,na,na,na,na,na,na,na,na,na,na,na,na,na,na,na,na,na,na,na,na,na,na,na,na,na,na,na,na,na,na,na,na,na,4209662,6981247,6296624,5618478,5197164,2263294,3181125,367130,859,154799,92314,
Employment termination payments (ETP) - taxable component - ETP death benefits,no.,na,na,na,na,na,na,na,na,na,na,na,na,na,na,na,na,na,na,na,na,na,na,na,na,na,na,na,na,na,na,na,na,na,95,395,312,194,86,74,78,55,4,6,7,6,
Employment termination payments (ETP) - taxable component - ETP death benefits,$,na,na,na,na,na,na,na,na,na,na,na,na,na,na,na,na,na,na,na,na,na,na,na,na,na,na,na,na,na,na,na,na,na,3663228,2995808,2332595,2787819,898988,1249601,1152907,4964979,56871,147469,25838,90905,
Employment termination payments (ETP) - taxable component - ETP death benefits not dependant,no.,na,na,na,na,na,na,na,na,na,na,na,na,na,na,na,na,na,na,na,na,na,na,na,na,na,na,na,na,na,na,na,na,na,798,3403,1786,1106,722,512,406,281,3,8,1,1,
Employment termination payments (ETP) - taxable component - ETP death benefits not dependant,$,na,na,na,na,na,na,na,na,na,na,na,na,na,na,na,na,na,na,na,na,na,na,na,na,na,na,na,na,na,na,na,na,na,6452159,21401608,13912207,8789086,6208096,4290459,2468972,2450025,7276,64308,33954,2312,
Employment termination payments (ETP) - taxable component - multiple,no.,na,na,na,na,na,na,na,na,na,na,na,na,na,na,na,na,na,na,na,na,na,na,na,na,na,na,na,na,na,na,na,na,na,23006,33060,31816,58217,78877,72328,79316,94824,278235,267897,290427,300206,
Employment termination payments (ETP) - taxable component - multiple,$,na,na,na,na,na,na,na,na,na,na,na,na,na,na,na,na,na,na,na,na,na,na,na,na,na,na,na,na,na,na,na,na,na,319311304,609753697,632528793,835363314,1154567787,1085582826,1144066168,1044714628,3546212823,3911941025,3018486149,3185746043,
Employment termination payments (ETP) - taxable component - transitional termination payment,no.,na,na,na,na,na,na,na,na,na,na,na,na,na,na,na,na,na,na,na,na,na,na,na,na,na,na,na,na,na,na,na,na,na,8403,7,2,0,1,1,2,1,1,4,5,4,
Employment termination payments (ETP) - taxable component - transitional termination payment,$,na,na,na,na,na,na,na,na,na,na,na,na,na,na,na,na,na,na,na,na,na,na,na,na,na,na,na,na,na,na,na,na,na,213275519,18779,10813,0,114,2607,37683,2487,2943,4222,56683,9063,
Employment termination payments (ETP) - taxable component (total),no.,na,na,na,na,na,na,na,na,na,na,na,na,na,na,na,na,na,na,na,na,na,na,na,na,na,na,na,na,na,155290,203595,185300,190340,227897,259525,258739,269583,264133,235972,244225,255391,280648,269985,292642,302599,
Employment termination payments (ETP) - taxable component (total),$,na,na,na,na,na,na,na,na,na,na,na,na,na,na,na,na,na,na,na,na,na,na,na,na,na,na,na,na,na,1811043573,2828466915,2480134847,2499594523,3565663141,3627294991,3930466273,4062382099,4177163104,3871218668,3711187865,3475428084,3583256252,3939528979,3040319320,3207954664,
"Australian Government allowances and payments like newstart, youth allowance and austudy payment",no.,376755,374345,389145,416365,563770,573755,547305,619795,714260,560515,799565,751720,912940,1030905,1139715,1184240,1321625,1443560,1383590,1266080,1176605,1164715,1184995,1185135,1146625,1081715,1046890,1013180,996215,971880,968495,1032915,1013300,973894,957029,1020081,1062484,1097267,1073308,1046103,1028321,1817213,1917047,1347252,1002634,
"Australian Government allowances and payments like newstart, youth allowance and austudy payment",$,369950000,376346000,427233000,516585000,940266000,1143755000,1117208000,1508391000,1760166048,1401000000,2197000000,2164000000,2955000000,3907000000,4493000000,4836000000,4501000000,4893226896,4804597220,4447839856,4361728549,4261121395,4509424510,4831909870,4891684504,5097220637,4899335998,4727712212,4703237466,4714811245,4587549014,5243459980,5262820581,5093258045,5130975318,5871511337,6412546991,6739512082,6792371449,6745430298,6788164111,12255249265,22502795242,10531437992,8204154908,
Australian Government pensions and allowances,no.,387700,390780,436510,468975,487260,505085,503070,553615,598340,657030,698420,659860,647720,680995,669450,686705,714795,791930,828065,759105,730170,734575,676575,673010,691840,704395,740470,760900,761470,762615,735820,742800,728165,728754,705840,679097,715325,728380,745209,680623,709739,726440,757704,721535,705020,
Australian Government pensions and allowances,$,790362000,829115000,996250000,1159757000,1398263000,1459831000,1601206000,1945987000,2260545000,2875000000,3244000000,3240000000,3330000000,3483000000,3439000000,3573000000,3760000000,4277423596,4643405772,4212576407,4093157845,4240444377,4068202062,4186105779,4487267412,4953282164,5391775429,5575749918,5783036343,5881763543,5904062312,6255343527,6605466280,6839677105,6642194453,6941519265,7465818383,7951418759,8246966468,8061035772,8658071145,9569895387,11323095231,9925276155,10347140516,
Australian annuities and superannuation income streams - taxable component - taxed element,no.,na,na,na,na,na,na,na,na,na,na,na,na,na,na,na,na,na,na,na,na,na,na,na,na,na,na,na,na,na,112395,122360,125770,132170,138053,139398,142034,152165,148794,138324,108181,90428,69424,52988,43629,36326,
Australian annuities and superannuation income streams - taxable component - taxed element,$,na,na,na,na,na,na,na,na,na,na,na,na,na,na,na,na,na,na,na,na,na,na,na,na,na,na,na,na,na,1825376667,1797153433,1656668147,1727258742,1879364950,1801285106,1989159716,2139007186,2107780992,1964300469,1513601462,1310344502,1062952862,834644772,745682090,616892715,
Australian annuities and superannuation income streams - taxable component - untaxed element,no.,na,na,na,na,na,na,na,na,na,na,na,na,na,na,na,na,na,na,na,na,na,na,na,na,na,na,na,na,na,215910,211050,210330,215230,216114,215538,215928,222961,225299,227483,220152,221222,212678,208123,205816,203074,
Australian annuities and superannuation income streams - taxable component - untaxed element,$,na,na,na,na,na,na,na,na,na,na,na,na,na,na,na,na,na,na,na,na,na,na,na,na,na,na,na,na,na,4826833808,5019510848,5174301649,5585800471,5710820443,5905101552,6163696663,6613227293,6901247255,7165017440,7271591813,7544094094,7517659651,7549017142,7952200110,8098989955,
Australian annuities and superannuation income streams - Assessable amount from capped defined benefit income stream,no.,na,na,na,na,na,na,na,na,na,na,na,na,na,na,na,na,na,na,na,na,na,na,na,na,na,na,na,na,na,na,na,na,na,na,na,na,na,na,na,8035,4236,5061,5323,5070,3666,
Australian annuities and superannuation income streams - Assessable amount from capped defined benefit income stream,$,na,na,na,na,na,na,na,na,na,na,na,na,na,na,na,na,na,na,na,na,na,na,na,na,na,na,na,na,na,na,na,na,na,na,na,na,na,na,na,80097997,86195214,82574826,86756682,94265935,78602629,
Australian annuities and superannuation income streams - lump sum in arrears taxable component - taxed element,no.,na,na,na,na,na,na,na,na,na,na,na,na,na,na,na,na,na,na,na,na,na,na,na,na,na,na,na,na,na,1145,955,835,1180,883,1191,953,1222,781,755,801,807,644,441,331,355,
Australian annuities and superannuation income streams - lump sum in arrears taxable component - taxed element,$,na,na,na,na,na,na,na,na,na,na,na,na,na,na,na,na,na,na,na,na,na,na,na,na,na,na,na,na,na,5533501,7343754,5861145,5704182,4353467,6360475,4641749,6531360,4702824,4745559,5720936,4535454,7365177,3981533,3181515,3699698,
Australian annuities and superannuation income streams - lump sum in arrears taxable component - untaxed element,no.,na,na,na,na,na,na,na,na,na,na,na,na,na,na,na,na,na,na,na,na,na,na,na,na,na,na,na,na,na,2215,1175,935,1480,1254,1455,1266,1798,1288,1385,1233,1171,2406,820,776,1113,
Australian annuities and superannuation income streams - lump sum in arrears taxable component - untaxed element,$,na,na,na,na,na,na,na,na,na,na,na,na,na,na,na,na,na,na,na,na,na,na,na,na,na,na,na,na,na,8693045,10021127,9343065,15134387,11977256,11668784,14796456,20129159,23613123,31137021,26445250,40939903,38376205,16685198,22491003,21445254,
Australian superannuation lump sum payments - taxed element - multiple,no.,na,na,na,na,na,na,na,na,na,na,na,na,na,na,na,na,na,na,na,na,na,na,na,na,na,na,na,na,na,na,na,na,na,na,18564,18639,33978,43676,50161,53388,60162,125662,93536,99174,98234,
Australian superannuation lump sum payments - taxed element - multiple,$,na,na,na,na,na,na,na,na,na,na,na,na,na,na,na,na,na,na,na,na,na,na,na,na,na,na,na,na,na,na,na,na,na,na,802268355,824602343,1144763376,1249897613,1498049864,1382656134,1610325116,3043499318,2662467525,2488757916,2769936824,
Australian superannuation lump sum payments - taxed element - single death benefit,no.,na,na,na,na,na,na,na,na,na,na,na,na,na,na,na,na,na,na,na,na,na,na,na,na,na,na,na,na,na,na,na,na,na,na,5350,5787,5547,5647,6106,6117,5274,128,102,71,63,
Australian superannuation lump sum payments - taxed element - single death benefit,$,na,na,na,na,na,na,na,na,na,na,na,na,na,na,na,na,na,na,na,na,na,na,na,na,na,na,na,na,na,na,na,na,na,na,148585532,156963481,190618059,188513305,225972802,233129829,223379076,3352732,4205515,2666491,2924257,
Australian superannuation lump sum payments - taxed element - unknown,no.,na,na,na,na,na,na,na,na,na,na,na,na,na,na,na,na,na,na,na,na,na,na,na,na,na,na,na,na,na,na,na,na,na,na,80542,81556,65959,56339,60260,54770,58049,7698,1963,1396,1454,
Australian superannuation lump sum payments - taxed element - unknown,$,na,na,na,na,na,na,na,na,na,na,na,na,na,na,na,na,na,na,na,na,na,na,na,na,na,na,na,na,na,na,na,na,na,na,1754161887,1794767636,1806120672,1444158983,1765372549,1400396342,1534464443,46557091,31266022,19685906,23822477,
Australian superannuation lump sum payments - taxed element (total),no.,na,na,na,na,na,na,na,na,na,na,na,na,na,na,na,na,na,na,na,na,na,na,na,na,na,na,na,na,na,92350,88910,95535,103970,100199,104456,105982,105484,105662,116527,114275,123485,133488,95601,100641,99751,
Australian superannuation lump sum payments - taxed element (total),$,na,na,na,na,na,na,na,na,na,na,na,na,na,na,na,na,na,na,na,na,na,na,na,na,na,na,na,na,na,2188028079,2032889806,1974000217,2260344106,2528997612,2705015774,2776333460,3141502107,2882569901,3489395215,3016182305,3368168635,3093409141,2697939062,2511110313,2796683558,
Australian superannuation lump sum payments - untaxed element - multiple,no.,na,na,na,na,na,na,na,na,na,na,na,na,na,na,na,na,na,na,na,na,na,na,na,na,na,na,na,na,na,na,na,na,na,na,3255,2779,3950,5277,5598,6822,6966,17631,25088,23748,26133,
Australian superannuation lump sum payments - untaxed element - multiple,$,na,na,na,na,na,na,na,na,na,na,na,na,na,na,na,na,na,na,na,na,na,na,na,na,na,na,na,na,na,na,na,na,na,na,105233780,98178582,145588503,149518414,161709672,166669636,168239947,420811012,841755290,970738874,1072425502,
Australian superannuation lump sum payments - untaxed element - single death benefit,no.,na,na,na,na,na,na,na,na,na,na,na,na,na,na,na,na,na,na,na,na,na,na,na,na,na,na,na,na,na,na,na,na,na,na,1414,1497,1731,1797,1824,2121,1733,56,50,29,27,
Australian superannuation lump sum payments - untaxed element - single death benefit,$,na,na,na,na,na,na,na,na,na,na,na,na,na,na,na,na,na,na,na,na,na,na,na,na,na,na,na,na,na,na,na,na,na,na,45201674,47952822,69265316,67680908,70076510,84601018,70278713,1843593,1087169,416765,871030,
Australian superannuation lump sum payments - untaxed element - unknown,no.,na,na,na,na,na,na,na,na,na,na,na,na,na,na,na,na,na,na,na,na,na,na,na,na,na,na,na,na,na,na,na,na,na,na,10394,9384,8565,8283,7377,8251,9286,6829,1021,573,502,
Australian superannuation lump sum payments - untaxed element - unknown,$,na,na,na,na,na,na,na,na,na,na,na,na,na,na,na,na,na,na,na,na,na,na,na,na,na,na,na,na,na,na,na,na,na,na,278915450,261552742,240029840,194001185,197826244,214512209,254510985,278685712,33061134,19182661,14547897,
Australian superannuation lump sum payments - untaxed element (total),no.,na,na,na,na,na,na,na,na,na,na,na,na,na,na,na,na,na,na,na,na,na,na,na,na,na,na,na,na,na,13130,11615,14740,15650,15175,15063,13660,14246,15357,14799,17194,17985,24516,26159,24350,26662,
Australian superannuation lump sum payments - untaxed element (total),$,na,na,na,na,na,na,na,na,na,na,na,na,na,na,na,na,na,na,na,na,na,na,na,na,na,na,na,na,na,279888825,307815768,319833401,375036966,423488126,429350904,407684146,454883659,411200507,429612426,465782863,493029645,701340317,875903593,990338300,1087844429,
Attributed personal services income,no.,na,na,na,na,na,na,na,na,na,na,na,na,na,na,na,na,na,na,na,na,na,na,7480,7155,7660,7395,7245,7195,7600,8785,9155,14560,14965,16251,15550,14997,15420,14405,14269,15642,15879,14792,14522,15008,14075,
Attributed personal services income,$,na,na,na,na,na,na,na,na,na,na,na,na,na,na,na,na,na,na,na,na,na,na,156525007,148749122,173180276,183928936,188174560,209662811,233089041,285148928,307415672,430956682,524569872,647866230,689412520,688260027,695246737,685832199,723045186,825088743,916689160,884080810,987172969,1044256308,1012676426,
Gross interest,no.,na,na,na,na,na,na,na,na,4646215,5435580,5646385,5874335,6022305,5907990,5695450,5634645,5718455,6003285,5821715,5105835,4815925,4697850,4532210,4111485,4039060,4161355,4555760,4616330,5109960,6074695,6437015,6541230,7133065,7497290,7497840,7678467,8071698,8232785,8166441,8249727,8651531,8248972,8090592,7974857,10217120,
Gross interest,$,na,2289706000,2771047000,3907659000,na,5075827000,5649374000,7206195000,8710649000,8486000000,9242000000,12629000000,11621000000,9009000000,6591000000,5487000000,5848000000,7751738850,7484402239,6175396307,5607148478,5676501198,6715224132,5885261161,6421899557,7535089074,8976549721,10189869463,12076065771,14286148659,14973906992,11778632480,16009412893,17736668450,15646024037,13812670272,12903325214,11328654684,9980030090,9873453415,10122326802,8255499655,4640134490,3026233218,12908190137,
Tax file number amounts withheld from gross interest,no.,na,na,na,na,na,na,na,na,na,na,na,na,na,na,na,na,na,na,na,na,na,136830,141275,120730,123380,135035,162480,183075,228055,399820,426355,418210,547720,611651,584073,596074,710530,689422,619010,589334,583169,461154,366508,322464,1519031,
Tax file number amounts withheld from gross interest,$,na,na,na,na,na,na,na,na,na,na,na,na,na,na,na,na,na,na,na,na,na,29266338,37669935,31815449,36869489,43775841,52545479,62567050,76381268,109356861,103599291,86298846,123286806,130237232,111599675,108471988,124968453,115334678,100318001,92770002,93940571,90944562,63931187,75191337,255167910,
Dividends - unfranked amount,no.,na,na,na,na,na,na,na,na,na,na,na,na,na,na,na,na,na,na,na,na,na,na,na,na,na,na,na,na,1196090,1212515,1116790,1178520,1209190,1169158,1147128,1100156,1107148,1052364,1111665,1110689,1007641,1170562,1144832,1235152,1315654,
Dividends - unfranked amount,$,na,na,na,na,na,na,na,na,na,na,na,na,na,na,na,na,na,na,na,na,na,na,na,na,na,na,na,na,828994995,854403986,789588438,940225074,1067325829,1003129646,922313433,991589024,1056625229,1156673703,1044808191,1021920592,1286538439,1672743378,1329741186,1675854162,1691150133,
Dividends - franked amount,no.,na,na,na,na,na,na,na,na,na,495790,612020,598010,632485,697695,768875,907255,985830,1115900,1329200,2002435,2446470,2672570,3311650,3274065,3219000,3183850,3136620,3110985,3146410,3165800,3160605,3166155,3145155,3079234,3053019,2977241,2971550,3019998,2972001,2935586,2960871,2786610,2952778,2841628,3045331,
Dividends - franked amount,$,na,na,na,na,na,na,na,na,na,1101000000,2976000000,1807000000,1948000000,1836000000,2108000000,2520000000,3776000000,4509210922,4770776522,5490587848,5998744802,6959419349,9142010570,8286281513,9798695016,11502618710,13451422861,15319337225,18865462410,19880049359,20232654778,18548022079,20697126192,20534949550,21450622426,23512250257,22852046355,23144508817,23187107576,25394314993,28718919559,25614488881,25282294453,34660108128,32089096504,
Dividends - franking credit,no.,na,na,na,na,na,na,na,na,na,561390,716170,714175,757225,837670,926045,1095990,1195015,1114855,1329200,1989385,2431825,2664070,3291625,3253530,3179500,3158615,3124200,3102000,3138375,3158510,3153145,3156960,3127170,3066822,3042120,2970398,2965063,3014956,2965002,2928068,2953597,2775982,2937067,2828037,3018598,
Dividends - franking credit,$,na,na,na,na,na,na,na,na,na,1332000000,3800000000,1442000000,1581000000,1493000000,1724000000,2045000000,2839000000,2546662168,2674863996,3075503927,3363646252,3897561039,4683948868,3537670899,4180653212,4911566061,5752031686,6552242985,8073905501,8509972026,8662624383,7939115606,8863897688,8793875898,9184798109,10070088114,9788828441,9912193543,9680795196,10523262803,11893271832,10536327227,10084464903,13884229317,12730008904,
Tax file number amounts withheld from dividends,no.,na,na,na,na,na,na,na,na,na,na,na,na,na,na,na,na,na,na,na,na,na,114880,111510,79300,87310,79910,70465,62275,61430,70670,64970,79595,89865,107367,81920,74133,74001,63929,98877,62958,48915,62716,108393,135657,97433,
Tax file number amounts withheld from dividends,$,na,na,na,na,na,na,na,na,na,na,na,na,na,na,na,na,na,na,na,na,na,12490865,12056718,7002899,8069729,5653853,6681271,6098508,7160786,6841506,7663839,11422572,11469108,11705450,8303826,7089747,8905905,8658409,10318302,7833332,7930434,11810682,17654940,23817294,19023011,
Employee share schemes - discount from taxed upfront schemes - eligible for reduction,no.,na,na,na,na,na,na,na,na,na,na,na,na,na,na,na,na,na,na,na,na,na,na,na,na,na,na,na,na,na,na,na,83965,153630,166499,186444,207456,190226,185289,195474,204910,180718,179277,251515,176287,166897,
Employee share schemes - discount from taxed upfront schemes - eligible for reduction,$,na,na,na,na,na,na,na,na,na,na,na,na,na,na,na,na,na,na,na,na,na,na,na,na,na,na,na,na,na,na,na,84725673,170208173,166598971,175335330,200696862,189142750,199801334,185026993,197796282,174758586,195888518,238534006,200728110,174597057,
Employee share schemes - discount from taxed upfront schemes - not eligible for reduction,no.,na,na,na,na,na,na,na,na,na,na,na,na,na,na,na,na,na,na,na,na,na,na,na,na,na,na,na,na,na,na,na,10885,11215,12421,12358,14580,12899,17284,11448,12461,13237,14898,16991,21600,19740,
Employee share schemes - discount from taxed upfront schemes - not eligible for reduction,$,na,na,na,na,na,na,na,na,na,na,na,na,na,na,na,na,na,na,na,na,na,na,na,na,na,na,na,na,na,na,na,144721510,111203154,98387794,119577122,143390593,123126606,132392759,188589626,198069134,164567974,132775356,206884668,253983490,162319533,
Employee share schemes - discount from deferral schemes,no.,na,na,na,na,na,na,na,na,na,na,na,na,na,na,na,na,na,na,na,na,na,na,na,na,na,na,na,na,na,na,na,4730,25060,41270,82462,81883,80319,73147,81420,87874,87523,92789,100332,107843,111127,
Employee share schemes - discount from deferral schemes,$,na,na,na,na,na,na,na,na,na,na,na,na,na,na,na,na,na,na,na,na,na,na,na,na,na,na,na,na,na,na,na,117254028,573991937,1016366602,2158569028,2750166571,3566820307,3540327519,3591048189,4540161870,4632615277,5499785682,6094680486,7041265163,5766547449,
Employee share schemes - total assessable discount,no.,na,na,na,na,na,na,na,na,na,na,na,na,na,na,na,na,na,na,na,na,na,na,na,na,na,na,na,na,na,na,6045,57690,86895,86740,116070,115963,109789,108274,108765,119400,119879,126420,132378,152370,153976,
Employee share schemes - total assessable discount,$,na,na,na,na,na,na,na,na,na,na,na,na,na,na,na,na,na,na,na,na,na,na,na,na,na,na,na,na,na,na,121178365,1716699541,2472848030,2440931387,3140024634,3476576378,4090790706,3955422427,4002656466,4991600299,5018281834,5684176799,6329185640,7357425382,5978255576,
Employee share schemes - TFN amounts withheld from discounts,no.,na,na,na,na,na,na,na,na,na,na,na,na,na,na,na,na,na,na,na,na,na,na,na,na,na,na,na,na,na,na,na,195,670,551,262,356,226,369,435,489,603,584,453,170,256,
Employee share schemes - TFN amounts withheld from discounts,$,na,na,na,na,na,na,na,na,na,na,na,na,na,na,na,na,na,na,na,na,na,na,na,na,na,na,na,na,na,na,na,388012,924698,674152,3895361,4763038,4560541,3995730,2679031,7979154,4737195,2314547,2796920,1811627,2687562,
Employee share schemes - foreign source discounts,no.,na,na,na,na,na,na,na,na,na,na,na,na,na,na,na,na,na,na,na,na,na,na,na,na,na,na,na,na,na,na,na,260,370,666,868,1016,1034,911,941,1001,1149,1343,1440,1338,1289,
Employee share schemes - foreign source discounts,$,na,na,na,na,na,na,na,na,na,na,na,na,na,na,na,na,na,na,na,na,na,na,na,na,na,na,na,na,na,na,na,10914989,18748125,24971198,50811899,82788254,92271439,89861314,97475224,113672225,113388710,120449959,186619544,199928929,134796415,
Total supplement income or loss (itemised below)2,no.,na,na,na,na,na,na,na,na,na,na,na,na,na,na,na,na,na,na,na,na,na,na,na,na,na,na,na,na,4706460,4847675,4631315,4791400,5008755,5019962,5029778,5065814,5191020,5107649,5228107,5369375,5492794,5633590,5975054,6159445,5848729,
Total supplement income or loss (itemised below)2,$,na,na,na,na,na,na,na,na,na,na,na,na,na,na,na,na,na,na,na,na,na,na,na,na,na,na,na,na,83214011701,84503374044,73625992375,80146064112,88470073775,89653562522,94804435891,107482080298,115049126287,120696648866,127634503241,137077880417,139618332403,143229816158,184392611839,209992529086,189512645491,
Excess concessional contributions amount for income,no.,na,na,na,na,na,na,na,na,na,na,na,na,na,na,na,na,na,na,na,na,na,na,na,na,na,na,na,na,na,na,na,na,na,na,na,87771,53522,66166,70223,173446,154403,131291,126658,108218,124851,
Excess concessional contributions amount for income,$,na,na,na,na,na,na,na,na,na,na,na,na,na,na,na,na,na,na,na,na,na,na,na,na,na,na,na,na,na,na,na,na,na,na,na,551966733,358338059,406697354,429085331,1042945180,938736017,838450691,860013013,865739634,1035559252,
Excess non-concessional contributions earnings amount,no.,na,na,na,na,na,na,na,na,na,na,na,na,na,na,na,na,na,na,na,na,na,na,na,na,na,na,na,na,na,na,na,na,na,na,na,na,2588,2344,2646,11189,10034,11932,12212,13696,8184,
Excess non-concessional contributions earnings amount,$,na,na,na,na,na,na,na,na,na,na,na,na,na,na,na,na,na,na,na,na,na,na,na,na,na,na,na,na,na,na,na,na,na,na,na,na,31089229,26153303,26186259,65853874,61847632,67234978,66398397,79071910,62566226,
Total Income or Loss2,no.,na,na,na,na,na,na,na,na,na,na,na,na,na,na,na,na,na,na,na,na,na,na,na,na,na,na,na,na,12401780,12886875,12729125,12879055,13110025,13305378,13340688,13572771,13887550,14212988,14573734,14933764,15348380,15609454,15813209,15936026,15935249,
Total Income or Loss2,$,na,na,na,na,na,na,na,na,na,na,na,na,na,na,221832000000,234246000000,249308000000,274678842614,290027340577,306426378841,321360167922,348854939540,356070315208,368697577495,388239211578,419835401618,453002143433,488634174528,566246339823,600894119100,612462321199,637544293764,693508653589,735659086960,771877628136,809672830075,839541813883,870634098345,896142834958,951515048488,1000898846004,1039810182585,1128890927242,1213696334622,1254826444947,
Deductions,,,,,,,,,,,,,,,,,,,,,,,,,,,,,,,,,,,,,,,,,,,,,,,
Work related car expenses - cents per kilometre,no.,na,na,na,na,na,na,na,na,na,na,na,na,na,na,na,na,na,na,na,na,na,na,na,na,na,na,na,na,2303615,2439470,2459335,2559735,2672430,2805417,2861994,2976250,3132908,3294017,3365809,3357609,3188372,3113283,2958281,3042693,3413039,
Work related car expenses - cents per kilometre,$,na,na,na,na,na,na,na,na,na,na,na,na,na,na,na,na,na,na,na,na,na,na,na,na,na,na,na,na,3539830252,3879754815,4251145528,4508883500,4770842791,5097254847,5302833644,5723472131,6163633558,5876636409,5810974775,5598304315,5231741986,5051500191,5149714211,5456921668,6922756680,
Work related car expenses - logbook,no.,na,na,na,na,na,na,na,na,na,na,na,na,na,na,na,na,na,na,na,na,na,na,na,na,na,na,na,na,267325,283055,276155,279405,287025,295883,300239,310654,318403,350548,352901,353502,339609,332359,321287,323696,340218,
Work related car expenses - logbook,$,na,na,na,na,na,na,na,na,na,na,na,na,na,na,na,na,na,na,na,na,na,na,na,na,na,na,na,na,2238608291,2481073518,2458575439,2485361480,2618858750,2730326170,2773099036,2901693138,2934164390,3122677025,3092416564,3087724785,2993772837,2835311675,2659122003,2843821784,3166194072,
"Work related car expenses - motorcycle, taxi, hire car, vehicle over 1 tonne, carrying >9 or more passengers",no.,na,na,na,na,na,na,na,na,na,na,na,na,na,na,na,na,na,na,na,na,na,na,na,na,na,na,na,na,na,na,na,na,na,na,na,na,12,6,10,6,4,5,11,6,2,
"Work related car expenses - motorcycle, taxi, hire car, vehicle over 1 tonne, carrying >9 or more passengers",$,na,na,na,na,na,na,na,na,na,na,na,na,na,na,na,na,na,na,na,na,na,na,na,na,na,na,na,na,na,na,na,na,na,na,na,na,91365,42125,61771,27355,33543,87732,134066,30231,19619,
Work related car expenses - code blank,no.,na,na,na,na,na,na,na,na,na,na,na,na,na,na,na,na,na,na,na,na,na,na,na,na,na,na,na,na,47710,43545,36490,37165,33125,27984,17645,15185,12133,9729,8104,6360,4619,3514,2856,2556,2451,
Work related car expenses - code blank,$,na,na,na,na,na,na,na,na,na,na,na,na,na,na,na,na,na,na,na,na,na,na,na,na,na,na,na,na,71323476,66587423,58527194,60328778,55822110,48741706,32549740,29821838,25732662,19710796,17119516,13665931,10165571,8146718,6539411,7043491,6837368,
Work related car expenses (total),no.,na,na,na,na,na,na,na,na,na,na,na,na,na,1251060,1133580,1198020,1306055,1439265,1505990,1567610,1647515,1806945,1939330,2093695,2224935,2353365,2454495,2548490,2661640,2812390,2818040,2923785,3042485,3181514,3233704,3360194,3521182,3654304,3726824,3717477,3532605,3449161,3282435,3368951,3755710,
Work related car expenses (total),$,na,na,na,na,na,na,na,na,na,na,na,na,na,1547000000,1535000000,1613000000,1855000000,2153674442,2256707623,2445571601,2620775912,3118485024,3634605973,3972950000,4316145747,4684766428,5000689005,5508067545,6036226521,6628565612,6971275093,7263350299,7666160632,8110130199,8353217940,8919099771,9384971599,9019074150,8920572626,8699722386,8235714297,7895046316,7815509691,8307817174,10095807739,
Work related travel expenses,no.,na,na,na,na,na,na,na,na,na,na,na,na,na,501190,427030,400650,404485,457005,443130,442270,454535,497750,527095,565055,604315,647525,704685,753995,812280,895310,915750,1068790,1158330,1212800,1226040,1264947,1302021,1362239,1416359,1446181,1432739,1340160,1180940,1294807,1539048,
Work related travel expenses,$,na,na,na,na,na,na,na,na,na,na,na,na,na,447000000,429000000,433000000,439000000,519494654,502957151,508477124,581930770,679860272,762986812,816692469,887579732,964716529,1072954489,1201356181,1324142814,1505578586,1570326327,1736867249,1911787517,2051767400,2051039177,2126026515,2109409021,2133962262,2105716739,2100403190,2054051925,1885915692,1830542675,1885895384,2524077744,
"Work related uniform/clothing, laundry and dry cleaning expenses - protective clothing",no.,na,na,na,na,na,na,na,na,na,na,na,na,na,na,na,na,na,na,na,na,na,na,na,na,na,na,na,na,1924540,2014180,2000875,2019960,2069380,2149426,2142324,2187988,2226509,2265917,2294904,2297120,2265672,2338945,2422794,2499159,2605589,
"Work related uniform/clothing, laundry and dry cleaning expenses - protective clothing",$,na,na,na,na,na,na,na,na,na,na,na,na,na,na,na,na,na,na,na,na,na,na,na,na,na,na,na,na,494915799,536256873,546216067,564534653,589290463,620970736,628685255,659770089,700853888,743491620,749073265,730444615,694555853,741100017,798638655,862528569,957942973,
"Work related uniform/clothing, laundry and dry cleaning expenses - compulsory work uniform",no.,na,na,na,na,na,na,na,na,na,na,na,na,na,na,na,na,na,na,na,na,na,na,na,na,na,na,na,na,2668090,2864430,2886225,2944260,3033735,3129143,3134894,3174027,3142235,3107355,3159217,3137948,3062337,3073014,3046225,3037306,3157162,
"Work related uniform/clothing, laundry and dry cleaning expenses - compulsory work uniform",$,na,na,na,na,na,na,na,na,na,na,na,na,na,na,na,na,na,na,na,na,na,na,na,na,na,na,na,na,613579840,671668152,686662142,717909917,744009779,769866495,777310654,798755442,824514663,838906170,836377972,799076504,717054311,727904930,744180046,776421640,876341214,
"Work related uniform/clothing, laundry and dry cleaning expenses - non-compulsory work uniform",no.,na,na,na,na,na,na,na,na,na,na,na,na,na,na,na,na,na,na,na,na,na,na,na,na,na,na,na,na,356280,389810,407345,428550,444770,464110,473383,503288,527671,554565,559726,528955,426624,453292,448959,460365,515426,
"Work related uniform/clothing, laundry and dry cleaning expenses - non-compulsory work uniform",$,na,na,na,na,na,na,na,na,na,na,na,na,na,na,na,na,na,na,na,na,na,na,na,na,na,na,na,na,68251661,76120407,80099952,86221668,89854693,94669030,97324471,106247813,117141571,128717932,129438565,118554505,88785467,99206602,104286515,112897457,141825089,
"Work related uniform/clothing, laundry and dry cleaning expenses - occupation-specific clothing",no.,na,na,na,na,na,na,na,na,na,na,na,na,na,na,na,na,na,na,na,na,na,na,na,na,na,na,na,na,431625,470895,487725,478825,493085,507255,514453,513417,522392,542926,568556,566730,529968,538212,559050,578301,641093,
"Work related uniform/clothing, laundry and dry cleaning expenses - occupation-specific clothing",$,na,na,na,na,na,na,na,na,na,na,na,na,na,na,na,na,na,na,na,na,na,na,na,na,na,na,na,na,119869546,133057086,140010575,141337046,147594845,152920565,156858181,160442445,170557615,183721095,189321701,180961260,159110175,167355256,184370297,203587530,246033092,
"Work related uniform/clothing, laundry and dry cleaning expenses - code blank",no.,na,na,na,na,na,na,na,na,na,na,na,na,na,na,na,na,na,na,na,na,na,na,na,na,na,na,na,na,180355,165775,132395,126830,115360,93464,54849,44840,33395,41960,21866,16091,10694,7204,5648,4724,4618,
"Work related uniform/clothing, laundry and dry cleaning expenses - code blank",$,na,na,na,na,na,na,na,na,na,na,na,na,na,na,na,na,na,na,na,na,na,na,na,na,na,na,na,na,40869706,39673563,33884824,35214995,31534233,25658707,15174871,12405673,10012232,13923620,7161473,5974649,4404252,2385449,1815330,1590324,1689843,
"Work related uniform/clothing, laundry and dry cleaning expenses (total)",no.,na,na,na,na,na,na,na,na,na,na,na,na,na,3609975,3234200,3032635,3193560,3404915,3471830,3569215,3718220,3978840,4139675,4470445,4632900,4869855,5116225,5332905,5560895,5905090,5914565,5998425,6156330,6343398,6319903,6423560,6452202,6512723,6604269,6546844,6295295,6410667,6482676,6579855,6923888,
"Work related uniform/clothing, laundry and dry cleaning expenses (total)",$,na,na,na,na,na,na,na,na,na,na,na,na,na,834000000,635000000,545000000,575000000,629757234,641794834,669847625,711778067,794023027,851878284,1127293984,1031993180,1110895143,1182056524,1263559059,1337486552,1456776081,1486873560,1545218279,1602284013,1664085533,1675353432,1737621462,1823079969,1908760437,1911372976,1835011533,1663910058,1737952254,1833290843,1957025520,2223832211,
Work related self-education expenses - maintaining or improving skill,no.,na,na,na,na,na,na,na,na,na,na,na,na,na,na,na,na,na,na,na,na,na,na,na,na,na,na,na,na,416690,457710,466590,460135,471695,487765,470904,480940,488757,419458,399304,391830,420226,429665,449155,476851,757337,
Work related self-education expenses - maintaining or improving skill,$,na,na,na,na,na,na,na,na,na,na,na,na,na,na,na,na,na,na,na,na,na,na,na,na,na,na,na,na,722499374,811525474,854955454,852330434,893185245,915084264,900226171,903491470,938653766,889694561,820556038,790870870,864006194,838195025,926729371,1004734067,1289568907,
Work related self-education expenses - study leading to increased income from work,no.,na,na,na,na,na,na,na,na,na,na,na,na,na,na,na,na,na,na,na,na,na,na,na,na,na,na,na,na,66450,67575,68805,79390,85460,87400,81924,93980,98591,95714,111641,126128,93383,96807,106600,128323,158627,
Work related self-education expenses - study leading to increased income from work,$,na,na,na,na,na,na,na,na,na,na,na,na,na,na,na,na,na,na,na,na,na,na,na,na,na,na,na,na,134308614,141410601,148292431,173454156,188074752,195972541,190491666,215928716,239008228,248345925,284164582,309454697,238149512,236466026,274437567,328690329,387683552,
Work related self-education expenses - other,no.,na,na,na,na,na,na,na,na,na,na,na,na,na,na,na,na,na,na,na,na,na,na,na,na,na,na,na,na,9840,8685,9845,20125,17855,19640,19227,27123,34763,33975,35150,21398,21689,25115,29154,4591,8282,
Work related self-education expenses - other,$,na,na,na,na,na,na,na,na,na,na,na,na,na,na,na,na,na,na,na,na,na,na,na,na,na,na,na,na,14038535,12901336,14777085,31197088,31537152,31261041,29672711,37951410,51516247,57176268,56613621,32569676,31536205,35449962,44308008,10224167,13934925,
Work related self-education expenses - blank,no.,na,na,na,na,na,na,na,na,na,na,na,na,na,na,na,na,na,na,na,na,na,na,na,na,na,na,na,na,131810,192410,144545,131980,26190,24238,13333,11986,9150,7167,5828,4445,2960,2136,1816,1505,1511,
Work related self-education expenses - blank,$,na,na,na,na,na,na,na,na,na,na,na,na,na,na,na,na,na,na,na,na,na,na,na,na,na,na,na,na,84998422,118830392,91866252,86740487,28886056,25926995,14269427,12496847,10548449,8672998,6725389,5697202,4847596,3256485,3122220,3017535,2362687,
Work related self-education expenses (total),no.,na,na,na,na,na,na,na,na,na,na,na,na,na,434580,442840,458570,508435,482425,491310,559280,509030,513065,516350,528065,534980,533720,533405,530665,624790,726380,689785,691635,653220,619043,585388,614029,631261,556314,551923,543801,538258,553723,586725,611270,925757,
Work related self-education expenses (total),$,na,na,na,na,na,na,na,na,na,na,na,na,na,318000000,349000000,385000000,436000000,469022722,530623316,618369361,574636475,625187802,672887563,715778173,752075457,784493134,813352318,866398509,955844945,1084667803,1109891222,1143722165,1201565950,1168244841,1134659975,1169868443,1239726690,1203889752,1168059630,1138592445,1138539507,1113367498,1248597166,1346666098,1693550071,
Other work related expenses,no.,na,na,na,na,na,na,na,na,na,na,na,na,na,4332970,4306265,4333345,4441565,4915645,5017980,5127245,5328405,5618295,5775215,5239105,5287430,5483665,5690545,5906300,6104450,6360155,6347360,6445275,6631200,6875463,6928489,7051228,7233059,7348115,7510019,7612487,7522533,8272430,8503984,8722380,8841886,
Other work related expenses,$,na,na,na,na,na,na,na,na,na,na,na,na,na,2207000000,2082000000,2124000000,2221000000,2614451495,2708537537,2774937779,2827794025,3105454004,3407798556,3675008390,3839997877,4195829639,4542579486,4960686849,5394661617,5867778759,6002676642,6249800321,6639450624,7069880886,7310605063,7588967743,8107916933,8496307557,8606119075,8672698068,8408561593,9816265109,11305431093,11976656413,11734030852,
Total work related expenses,no.,na,na,na,na,na,na,na,na,na,4911490,na,5877335,5940785,5797250,5537290,5506435,5681045,6141875,6230765,6359875,6525590,6847070,7016340,6947750,7066925,7297660,7540715,7771150,8041825,8428670,8355285,8456865,8675620,8857293,8814847,8926135,8963831,8968153,9164169,9253176,9189048,9716126,9976657,10108685,10321491,
Total work related expenses,$,na,na,na,na,na,na,na,na,na,3171000000,na,4804000000,5176000000,5355000000,5032000000,5101000000,5525000000,6385829817,6640620597,7006828647,7316915249,8323000346,9330157188,10307723016,10827791993,11740687595,12611631822,13800068143,15048362449,16543366841,17141042844,17938958313,19021248736,20064108859,20524875587,21541583934,22665104212,22761994158,22711841046,22446427622,21500777380,22448546869,24033371468,25474060589,28271298617,
Low value pool deduction,no.,na,na,na,na,na,na,na,na,na,na,na,na,na,na,na,na,na,na,na,na,na,na,na,103170,143085,178415,204045,230875,249310,265685,272980,283030,293520,310798,299584,309157,315892,313963,312791,304126,283779,290509,288174,282660,274585,
Low value pool deduction,$,na,na,na,na,na,na,na,na,na,na,na,na,na,na,na,na,na,na,na,na,na,na,na,53632965,74070194,93771638,104386771,110930263,112695718,115085261,114740305,116328116,120352069,127224684,129031534,135103362,142496860,143936875,143972049,136133234,119604642,115641798,111937210,109805771,106983429,
Interest deductions,no.,na,na,na,na,na,na,na,na,na,na,na,na,na,na,na,na,na,na,na,na,na,na,na,na,na,na,na,na,na,na,na,535665,498160,450293,381823,344713,319459,285001,258667,228632,191915,169792,146376,128483,145342,
Interest deductions,$,na,na,na,na,na,na,na,na,na,na,na,na,na,na,na,na,na,na,na,na,na,na,na,na,na,na,na,na,na,na,na,1529741420,1394045792,1230900859,971911183,871034731,797200670,768662186,708914141,703089352,679049538,588441696,479627794,462347142,678652287,
Dividend deductions,no.,na,na,na,na,na,na,na,na,na,na,na,na,na,na,na,na,na,na,na,na,na,na,na,na,na,na,na,na,na,na,na,301200,311940,293844,276468,275392,259812,270828,266207,275804,308352,315390,314784,346003,345595,
Dividend deductions,$,na,na,na,na,na,na,na,na,na,na,na,na,na,na,na,na,na,na,na,na,na,na,na,na,na,na,na,na,na,na,na,1514643375,1661774349,1455568844,1265264557,1184140465,1134686863,1063325067,987383680,979257517,972906380,857312377,800609604,847845485,1004386423,
Gifts or donations,no.,na,na,na,na,na,na,na,3925705,3560850,3645335,na,na,na,na,3134555,3156225,3170370,3259235,3232260,3300100,3392450,3471650,3565275,3750205,3854545,4006745,4462255,4346220,4448860,4536475,4780600,4545765,4928310,4663785,4682081,4675588,4708194,4649607,4648539,4545673,4325855,4456992,4319794,4357764,4480670,
Gifts or donations,$,58694000,68456000,122140000,152243000,199689000,213463000,230342000,282782000,308956000,329834000,na,na,na,na,439000000,471000000,495000000,539207259,564627744,610946663,685557681,744131056,867537254,925155255,1000823363,1202353414,1524305412,1615119212,1950764705,2385983131,2140788508,2032990857,2305010412,2297780863,2354985656,2685432841,3152624992,2930731458,3595769023,3851973068,4069647498,4110776506,4525240016,4691517529,9102941477,
Cost of managing tax affairs,no.,1220190,1270935,1378025,1548180,1761740,1980660,2201205,2360410,na,na,na,na,na,na,na,na,na,na,4395795,4650215,4804840,4986900,5022235,5052485,5105485,5176160,5299925,5379390,5466180,5640455,5928905,5888415,6140470,6316893,6368304,6354256,6391881,6277169,6282921,2313,na,na,na,na,na,
Cost of managing tax affairs,$,37252000,42839000,51827000,64812000,81677000,100592000,121867000,147608000,168434000,na,na,na,na,na,na,na,na,na,578145432,633988293,692716288,760745355,900840866,992466474,1071981916,1178269238,1302599141,1403481123,1533316026,1779505944,1985869879,2199647327,2341927738,2473280943,2519738858,2457016000,2490412812,2420715530,2450127000,856692,na,na,na,na,na,
Cost of managing tax affairs - Interest charged by the ATO,no.,na,na,na,na,na,na,na,na,na,na,na,na,na,na,na,na,na,na,na,na,na,na,na,na,na,na,na,na,na,na,na,na,na,na,na,na,na,na,na,238950,265586,220826,209707,213234,302195,
Cost of managing tax affairs - Interest charged by the ATO,$,na,na,na,na,na,na,na,na,na,na,na,na,na,na,na,na,na,na,na,na,na,na,na,na,na,na,na,na,na,na,na,na,na,na,na,na,na,na,na,383587641,436077270,406018757,411436343,513441741,713871201,
Cost of managing tax affairs - Litigation costs,no.,na,na,na,na,na,na,na,na,na,na,na,na,na,na,na,na,na,na,na,na,na,na,na,na,na,na,na,na,na,na,na,na,na,na,na,na,na,na,na,28241,20399,16634,14341,12727,13076,
Cost of managing tax affairs - Litigation costs,$,na,na,na,na,na,na,na,na,na,na,na,na,na,na,na,na,na,na,na,na,na,na,na,na,na,na,na,na,na,na,na,na,na,na,na,na,na,na,na,27128028,25617245,21811500,19643971,21808377,23658299,
Cost of managing tax affairs - Other expenses incurred in managing your tax affairs,no.,na,na,na,na,na,na,na,na,na,na,na,na,na,na,na,na,na,na,na,na,na,na,na,na,na,na,na,na,na,na,na,na,na,na,na,na,na,na,1,6116103,6098748,6076251,6005558,5965337,6067228,
Cost of managing tax affairs - Other expenses incurred in managing your tax affairs,$,na,na,na,na,na,na,na,na,na,na,na,na,na,na,na,na,na,na,na,na,na,na,na,na,na,na,na,na,na,na,na,na,na,na,na,na,na,na,4200,2075693084,2073855990,2064378003,2075706377,2143428223,2247169683,
Total supplement deductions (itemised below)2,no.,na,na,na,na,na,na,na,na,na,na,na,na,na,na,na,na,na,na,na,na,na,na,na,na,na,na,na,na,779050,809985,804375,832565,886815,911508,903640,901231,910797,951410,973805,1084280,1117337,1158031,1230099,1289359,1287578,
Total supplement deductions (itemised below)2,$,na,na,na,na,na,na,na,na,na,na,na,na,na,na,na,na,na,na,na,na,na,na,na,na,na,na,na,na,9812713695,9536876051,8446398035,5938017697,6152910366,6392907774,4901176344,5705818509,6550974389,6867336622,7195339009,7533319663,8338852764,9127598531,11828042280,14452183011,14514188635,
Total Deductions2,no.,na,na,na,na,na,na,na,6100545,6175620,6583760,7092900,7360560,7446495,7554775,7363195,7387915,7582125,8031015,8158185,8275540,8371080,8602780,8694205,8714155,8856570,9136495,9471765,9712860,10036610,10362015,10307535,10385720,10673745,10846338,10776879,10846666,10839634,10766903,10992748,11159470,11243927,11636389,11892025,12019520,12261158,
Total Deductions2,$,na,na,na,na,na,na,na,5044000000,4695000000,6152000000,7938000000,8772000000,9147000000,12391000000,11096000000,11446000000,11947000000,14290028898,14905959754,15949822906,16368204755,14170352868,16085766130,17779939125,18941438452,21158365457,23927124226,28385384773,35881851958,34582105508,33780715488,31270446088,32997269759,34041772826,32666811574,34580129842,36933500798,36956704564,37793350148,38137465901,38216390077,39740527873,44285619738,48716437943,56663149885,
Total income or loss less total deductions2,,,,,,,,,,,,,,,,,,,,,,,,,,,,,,,,,,,,,,,,,,,,,,,
Total income or loss less total deductions2,no.,na,na,na,na,na,na,na,na,na,na,na,na,na,na,na,na,na,na,na,na,na,na,na,na,na,na,na,na,12403230,12887735,12731025,12885285,13111940,13307256,13342974,13575121,13890225,14217391,14578691,14939813,15355919,15616330,15819749,15943174,15941719,
Total income or loss less total deductions2,$,na,na,na,na,na,na,na,na,na,na,na,na,na,na,na,na,na,na,na,na,na,na,na,na,na,na,na,na,530364487865,566312013592,578677509832,606273847676,660511413201,701617314134,739210661574,775092700233,802608313085,833677393781,858349491121,913377582587,962682455927,1000069637009,1084605307504,1164979896679,1198163292132,
Losses,,,,,,,,,,,,,,,,,,,,,,,,,,,,,,,,,,,,,,,,,,,,,,,
Tax losses of earlier income years - Primary production losses carried forward from earlier income years,no.,na,na,na,na,na,na,na,na,na,na,na,na,na,na,na,na,na,na,na,na,na,na,na,na,na,na,41010,39925,44140,50770,48865,52205,56055,51012,48602,52379,49773,44452,42457,39471,40294,43820,49179,44261,37065,
Tax losses of earlier income years - Primary production losses carried forward from earlier income years,$,na,na,na,na,na,na,na,na,na,na,na,na,na,na,na,na,na,na,na,na,na,na,na,na,na,na,2314500859,2558585672,2842815837,3467405277,3973647379,4471897927,5222619254,5179614783,5249356614,5678516511,5755277470,5514606068,5311201527,4953551161,5099240485,13725257860,6716383495,14760128612,5982189217,
Tax losses of earlier income years - Non-primary production losses carried forward from earlier income years,no.,na,na,na,na,na,na,na,na,na,na,na,na,na,na,na,na,na,na,na,na,na,na,na,na,na,na,106730,123070,143825,155605,164260,160420,161320,157588,165073,168492,166395,166728,167204,167849,168706,173047,172426,150380,135118,
Tax losses of earlier income years - Non-primary production losses carried forward from earlier income years,$,na,na,na,na,na,na,na,na,na,na,na,na,na,na,na,na,na,na,na,na,na,na,na,na,na,na,2733760649,3456942317,3890976063,4440973836,5338610574,6441083873,6766350976,6959012632,7354970921,7485288725,7227396522,7137868630,6955361244,6862328006,7047902764,7679191176,7586438023,7264231340,6525297051,
Tax losses of earlier income years carried forward from earlier income years (total),no.,na,na,na,na,na,na,na,na,na,na,na,na,na,na,na,na,na,na,na,na,na,na,na,na,na,na,na,na,182210,199885,206165,204535,226810,199241,204027,209837,205933,201836,201103,199315,200869,208226,212127,185837,164994,
Tax losses of earlier income years carried forward from earlier income years (total),$,na,na,na,na,na,na,na,na,na,na,na,na,na,na,na,na,na,na,na,na,na,na,na,na,na,na,na,na,6733791900,7908379113,9312257953,10912981800,11988970230,12138627415,12604327535,13163805236,12982673992,12652474698,12266562771,11815879167,12147143249,21404449036,14302821518,22024359952,12507486268,
Tax losses of earlier income years - Primary production losses claimed this income year,no.,na,na,na,na,na,na,na,na,na,na,na,na,na,na,na,na,na,na,na,na,na,na,50135,42505,32820,38860,24425,21480,21695,27685,23660,23690,30520,23748,20776,24616,26734,23552,23110,19413,18225,19334,28445,27035,19508,
Tax losses of earlier income years - Primary production losses claimed this income year,$,na,na,na,na,na,na,na,na,na,na,na,na,na,na,na,na,na,na,na,na,na,na,2151769419,1899651113,1468744103,1584625144,487192508,429331953,443413076,579691534,562210447,521124493,882305348,666275891,609266403,734735424,828696480,818698116,840676911,604247140,568642065,603627059,1126785978,1531233954,998317513,
Tax losses of earlier income years - Non-primary production losses claimed this income year,no.,na,na,na,na,na,na,na,na,na,na,na,na,na,na,na,na,na,na,na,na,na,na,67485,79465,80730,85945,62825,64465,74185,77265,80675,84980,83080,79671,79405,80366,77538,76793,76618,75998,73849,79562,88301,75981,66761,
Tax losses of earlier income years - Non-primary production losses claimed this income year,$,na,na,na,na,na,na,na,na,na,na,na,na,na,na,na,na,na,na,na,na,na,na,1716508278,1821043014,1756492058,1796546884,688407065,788160840,926495266,984214264,1086391053,1378416041,1391552513,1296818781,1344099898,1364723538,1241249244,1202638030,1195753281,1140309551,1062375963,1133632508,1504590896,1485119166,1232507046,
Tax losses of earlier income years claimed this income year (total),no.,na,na,na,na,na,na,na,na,na,na,na,na,na,na,na,na,na,na,na,na,na,73310,80500,87185,80195,90485,86075,84755,94560,103410,102715,106845,111115,101278,98164,102772,101824,98210,97739,93779,90647,97332,114394,100632,84766,
Tax losses of earlier income years claimed this income year (total),$,na,na,na,na,na,na,na,na,na,na,na,na,na,na,na,na,na,na,na,na,na,842156636,1084818986,1127033851,991831902,1143097494,1173807715,1217492743,1369908342,1563905798,1648601500,1899540534,2273857861,1963094672,1953366301,2099458962,2069945724,2021336146,2036430192,1744556691,1631018028,1737259567,2631376874,3016353120,2230824559,
Taxable income or loss2,,,,,,,,,,,,,,,,,,,,,,,,,,,,,,,,,,,,,,,,,,,,,,,
Taxable income or loss2,no.,na,na,na,na,na,na,na,na,na,na,na,na,na,na,na,na,na,na,na,na,na,na,na,na,na,na,na,na,12189910,12661075,12497395,12648555,13068025,13265848,13302389,13528820,13847456,14176009,14536795,14900943,15317873,15572824,15768666,15897306,15903065,
Taxable income or loss2,$,na,na,na,na,na,na,na,na,na,na,na,na,na,na,na,na,na,na,na,na,na,na,na,na,na,na,na,na,532310873092,568595402462,581277500867,608133004479,658167177189,699637156136,737257091823,772992984519,800538534476,831655510295,856312353177,911631979660,961049115147,998329457383,1081968833404,1161957047466,1195924724265,
Taxable income (not loss),no.,na,na,na,na,na,na,na,na,na,na,na,na,na,na,na,na,na,na,na,na,na,na,na,na,na,na,na,na,na,na,na,12840430,13068020,13093045,13134679,13372839,13697340,14019916,14380762,14736799,15143702,15396358,15619119,15754592,15758844,
Taxable income (not loss),$,57563107000,68078291000,79045481000,91064326000,99671894000,106099370000,112655931000,130595000000,144857000000,166640000000,189579000000,200215000000,202430000000,203117000000,210903000000,222712000000,236580000000,264563681532,273609356592,294733664539,309083899417,335473326376,354681007196,366689146155,386455167966,416344145771,449105991708,483218599181,532310873092,568595402462,581277500867,610178889876,658167073804,702834200231,740421792742,775670269585,803029436650,834116775498,858636268169,914344622665,964349274005,1002108767521,1085787005065,1164991618837,1199432739600,
Tax offsets - on tax returns,,,,,,,,,,,,,,,,,,,,,,,,,,,,,,,,,,,,,,,,,,,,,,,
Seniors and pensioners tax offset,no.,na,na,na,na,na,na,na,na,na,na,na,na,na,na,na,na,na,na,na,na,na,na,na,na,na,na,na,na,na,na,na,na,na,na,630122,604919,632635,646385,656332,647594,662476,676261,678988,637027,648551,
Seniors and pensioners tax offset,$,na,na,na,na,na,na,na,na,na,na,na,na,na,na,na,na,na,na,na,na,na,na,na,na,na,na,na,na,na,na,na,na,na,na,765945806,725315164,751411170,763876741,764665067,761571621,777890614,804519183,864639172,753741147,780205502,
Australian super income stream tax offset,no.,na,na,na,na,na,na,na,na,na,na,na,na,297765,164105,821450,672390,548360,573585,542165,516110,511965,474785,443525,438275,417850,341030,377335,416805,452940,231205,239975,244690,242415,224744,220456,228884,244546,243672,235575,202233,187712,173007,159368,151494,157407,
Australian super income stream tax offset,$,na,na,na,na,na,na,na,na,na,na,na,na,62000000,34000000,55000000,44000000,35000000,241577947,357522704,376373756,428243696,495190055,560992595,614400924,648266218,697368882,829872290,1015563999,1223455344,590953345,613924394,609295750,613035942,584875757,583699814,642700862,700237164,717073063,714843331,637227195,619815499,605852166,567899093,590262728,642274455,
Total supplement tax offsets (itemised below)2,no.,na,na,na,na,na,na,na,na,na,na,na,na,na,na,na,na,na,na,na,na,na,na,na,na,na,na,na,na,1302800,1402300,1465435,1555015,1466320,1493664,739461,695203,658946,545575,528454,529911,517012,502162,501930,492923,484182,
Total supplement tax offsets (itemised below)2,$,na,na,na,na,na,na,na,na,na,na,na,na,na,na,na,na,na,na,na,na,na,na,na,na,na,na,na,na,755121810,834807691,875328267,957676941,936900201,993846982,461990720,380641511,310314994,232027738,212555991,219098649,231426669,244598911,259892740,256666619,245516193,
Tax offsets  - ATO calculated,,,,,,,,,,,,,,,,,,,,,,,,,,,,,,,,,,,,,,,,,,,,,,,
Life assurance bonus tax offset,no.,na,na,na,na,na,na,na,2630,6715,11960,19275,41930,47475,41990,45110,44335,44820,45235,34255,19490,13855,11770,8445,5290,3685,3000,2660,2320,2280,2030,1445,930,910,651,614,516,484,383,476,504,565,536,527,518,617,
Life assurance bonus tax offset,$,na,na,na,na,na,na,na,1000000,3000000,10000000,14000000,46000000,62000000,59000000,68000000,71000000,76000000,73035066,49622410,25630178,18136882,16240008,13082768,8910812,3784103,3241392,3525690,3923972,5773933,4077740,2465911,1177361,1502344,1004091,1011648,1187099,1280358,1020875,1370621,1779888,1724915,1755882,1370462,2045368,2021078,
Low income tax offset,no.,na,na,na,na,na,na,na,na,na,na,na,na,na,na,na,4017600,3995300,4102315,4045660,3850380,3559305,3686030,3353240,3256365,3181795,3700225,3624040,3506815,5727250,7063495,8500960,8215565,8569695,8676523,6748524,6785541,6865218,6886974,6987867,6987516,6998951,7028336,6943769,6667097,6480941,
Low income tax offset,$,na,na,na,na,na,na,na,na,na,na,na,na,na,na,na,520000000,517000000,532351894,524570962,499933313,458956386,479360329,430269460,417802676,408110862,702296002,686825801,660249053,2405046039,3846718863,7213506422,7273704071,8260980851,8456509854,2141794768,2148741575,2163715349,2159828169,2182889031,2164335282,2149142472,2154592966,2799061357,2686001725,2561944037,
Low and middle income tax offset,no.,na,na,na,na,na,na,na,na,na,na,na,na,na,na,na,na,na,na,na,na,na,na,na,na,na,na,na,na,na,na,na,na,na,na,na,na,na,na,na,na,10277316,10468674,10466070,10388070,na,
Low and middle income tax offset,$,na,na,na,na,na,na,na,na,na,na,na,na,na,na,na,na,na,na,na,na,na,na,na,na,na,na,na,na,na,na,na,na,na,na,na,na,na,na,na,na,7670988611,7815609546,8016632779,12150893216,na,
Excess concessional contributions offset,no.,na,na,na,na,na,na,na,na,na,na,na,na,na,na,na,na,na,na,na,na,na,na,na,na,na,na,na,na,na,na,na,na,na,na,na,87144,53072,65656,69669,172463,153452,130673,126068,107614,124487,
Excess concessional contributions offset,$,na,na,na,na,na,na,na,na,na,na,na,na,na,na,na,na,na,na,na,na,na,na,na,na,na,na,na,na,na,na,na,na,na,na,na,82136540,53219870,60432701,63701117,155368823,139680724,124612561,128171093,128793719,154791902,
Excess non-concessional contributions offset,no.,na,na,na,na,na,na,na,na,na,na,na,na,na,na,na,na,na,na,na,na,na,na,na,na,na,na,na,na,na,na,na,na,na,na,na,na,2167,1968,2198,9884,8975,10451,10623,11468,6990,
Excess non-concessional contributions offset,$,na,na,na,na,na,na,na,na,na,na,na,na,na,na,na,na,na,na,na,na,na,na,na,na,na,na,na,na,na,na,na,na,na,na,na,na,4208418,3515615,3516039,8780322,8210845,8722461,8550828,9632410,7850623,
Averaging tax offset,no.,191280,228675,196985,166960,107355,143920,133945,141515,170090,194920,194260,173260,90600,85600,110490,125675,129655,143435,127330,116200,106630,102115,134155,145480,109530,104510,97055,84920,74090,85300,77330,75265,91140,72905,59681,66176,73848,72946,76687,72152,63816,55167,66575,77837,70075,
Averaging tax offset,$,157398000,209004000,162671000,121951000,55798000,108822000,102453000,112016000,176000000,275000000,291000000,214000000,66000000,70000000,113000000,126000000,154000000,206643841,144313625,122563208,102285219,114413174,212947369,314317446,217804019,152191584,128775605,102509007,89638092,132911889,114291959,97918545,187432114,145282808,164184224,204654686,223803208,219167257,230981905,195317114,190741193,159161071,204190339,319580499,290445722,
Commonwealth of Australia benefits and payments tax offset,no.,na,na,na,na,na,na,na,188465,358590,379140,455560,338500,429495,485045,521250,538295,635420,628895,340525,319475,321210,316215,287545,318770,331240,356510,337085,318395,310730,312000,288780,336610,370700,358486,358266,425708,466679,488111,495968,490518,486823,769965,1367201,716774,543748,
Commonwealth of Australia benefits and payments tax offset,$,na,na,na,na,na,na,na,29000000,68000000,89000000,146000000,92000000,148000000,168000000,189000000,211000000,317000000,268741664,115199298,110881096,120133081,120257901,91467361,112670651,130510590,164845508,158459496,140755388,145092780,158018201,145220367,169805844,190798373,188195202,189860914,237876056,277700883,303251889,318694017,327309853,342524257,610634483,1856777013,647507439,527614166,
Employment termination payment tax offset,no.,na,na,na,na,na,na,na,299410,359765,477175,722610,755255,708340,552925,612790,666830,512840,500975,481500,453380,451085,421840,259665,278280,261005,250055,255140,250150,211870,149530,160055,150740,166485,191180,352883,353874,369734,361064,339057,340108,357681,406226,352869,342512,362806,
Employment termination payment tax offset,$,na,na,na,na,na,na,na,197000000,234000000,264000000,425000000,558000000,651000000,848000000,1264000000,1274000000,1127000000,1173874874,1398467453,1547427682,1548133597,1680230973,1467940139,1591880479,1669274971,1645729266,1827673960,1986967045,1451715666,873272721,936886175,822277911,907297563,1169141836,1263298813,1325203073,1511233606,1390472652,1464904517,1195363148,1244013813,1153873844,1165571817,898446560,1021723085,
Small business income tax offset,no.,na,na,na,na,na,na,na,na,na,na,na,na,na,na,na,na,na,na,na,na,na,na,na,na,na,na,na,na,na,na,na,na,na,na,na,na,na,837181,959170,1038320,1060653,1147378,1299725,1231421,1339947,
Small business income tax offset,$,na,na,na,na,na,na,na,na,na,na,na,na,na,na,na,na,na,na,na,na,na,na,na,na,na,na,na,na,na,na,na,na,na,na,na,na,na,258273708,408482493,447751389,467569875,489121791,720364320,752973986,782114247,
Lump sum payment in arrears tax offset,no.,na,na,na,na,na,na,na,na,na,na,na,na,na,na,na,na,na,na,na,na,na,na,na,na,na,na,na,na,na,na,na,na,na,na,na,1358,1348,1727,2508,3530,2662,5944,4489,5526,4676,
Lump sum payment in arrears tax offset,$,na,na,na,na,na,na,na,na,na,na,na,na,na,na,na,na,na,na,na,na,na,na,na,na,na,na,na,na,na,na,na,na,na,na,na,6637456,7614125,9644957,14688103,17655288,15809448,21907492,19789871,24193654,18842730,
Main tax credits,,,,,,,,,,,,,,,,,,,,,,,,,,,,,,,,,,,,,,,,,,,,,,,
Total tax withheld2,no.,5172940,5449150,5731260,5890925,5798180,5845320,6099520,6407005,6532545,6939170,7303760,7447615,7375940,7287470,7278175,7416350,7634555,8081050,8149885,8245910,8309040,8612750,8736520,8801570,8938735,9146385,9406090,9635260,9958920,10320750,10134750,10203200,10400350,10581375,10527510,10661110,10841962,11051934,11297508,11595209,11918415,12233048,12387991,12709677,12797445,
Total tax withheld2,$,10156840000,12302871000,14609565000,18037070000,19634850000,21244241000,23985871000,27431088000,30077251000,33786000000,39273000000,40114000000,41181000000,41467000000,43000000000,44835000000,48180000000,54609660282,59189562303,63929997287,68488538664,75579570655,72341415966,76449721245,81695017443,87013635182,93878245342,98767865646,102482396766,109532060987,110278329659,114919912445,124290853518,136531011154,144035907270,150989694593,161155346854,169047496927,174498792428,187011774955,199430843024,211133051061,215887730605,233666833424,253049496542,
Credit for PAYG income tax instalments,no.,na,na,na,na,na,na,na,na,na,na,na,na,na,na,na,na,na,na,na,na,na,na,na,na,na,na,na,na,1450395,1432370,1377790,1304950,1271060,1345369,1419582,1454325,1303536,1378829,1404986,1422619,1454439,1423333,1443519,1474382,1457935,
Credit for PAYG income tax instalments,$,na,na,na,na,na,na,na,na,na,na,na,na,na,na,na,na,na,na,na,na,na,na,na,na,na,na,na,na,12838780137,13580876574,13543722002,13660630487,14237414643,16775839533,18090357138,18688839391,20240080765,20998565088,21184436640,21876048488,23577755683,22541373874,23015637095,25342575268,27743683994,
Private health insurance,,,,,,,,,,,,,,,,,,,,,,,,,,,,,,,,,,,,,,,,,,,,,,,
People with private health insurance,no.,na,na,na,na,na,na,na,na,na,na,na,na,na,na,na,na,na,na,na,na,na,4241820,5068900,5279545,5423755,5560370,5715550,5894955,6144225,6416940,6525055,6485075,6867000,7102829,7203971,7657409,7986048,8235073,8378361,8497154,8603520,8673472,8889406,9053073,9069741,
Private health insurance - your Australian Government rebate received,no.,na,na,na,na,na,na,na,na,na,na,na,na,na,na,na,na,na,na,na,na,na,na,na,na,na,na,na,na,na,na,na,na,na,na,5878835,6538619,6756173,6900914,7035077,7129901,7177364,7214438,7337377,7437940,7397967,
Private health insurance - your Australian Government rebate received,$,na,na,na,na,na,na,na,na,na,na,na,na,na,na,na,na,na,na,na,na,na,na,na,na,na,na,na,na,na,na,na,na,na,na,3770702123,4242555661,4447182142,5082098631,4614243569,4602418245,4618216776,4587664753,4755669668,4832007045,4859642572,
Private health insurance rebate credited (rebate increased),no.,na,na,na,na,na,na,na,na,na,na,na,na,na,na,na,na,na,na,na,na,na,na,na,na,na,na,na,na,na,na,na,na,na,na,555563,689180,717591,745936,775323,727601,730384,712060,708787,702570,729412,
Private health insurance rebate credited (rebate increased),$,na,na,na,na,na,na,na,na,na,na,na,na,na,na,na,na,na,na,na,na,na,na,na,na,na,na,na,na,na,na,na,na,na,na,202517718,225346003,242420371,248105435,245119152,236763950,233404033,234964344,232665753,226436975,225627868,
Excess private health reduction or refund (rebate reduced),no.,na,na,na,na,na,na,na,na,na,na,na,na,na,na,na,na,na,na,na,na,na,na,na,na,na,na,na,na,na,na,na,na,na,na,1443765,1739740,1564079,1699040,1756501,1903850,2067254,2141135,2392533,2640425,2807147,
Excess private health reduction or refund (rebate reduced),$,na,na,na,na,na,na,na,na,na,na,na,na,na,na,na,na,na,na,na,na,na,na,na,na,na,na,na,na,na,na,na,na,na,na,514938430,607583206,625250520,666653229,711652163,764656891,832634526,865597376,1007863804,1172081011,1254136499,
Total private health insurance rebate,no.,na,na,na,na,na,na,na,na,na,na,na,na,na,na,na,na,na,na,na,na,na,na,na,na,na,na,na,na,na,na,na,na,na,na,na,na,na,na,na,na,6986981,6980309,6970657,6887154,6776073,
Total private health insurance rebate,$,na,na,na,na,na,na,na,na,na,na,na,na,na,na,na,na,na,na,na,na,na,na,na,na,na,na,na,na,na,na,na,na,na,na,3458281411,3860318458,4064351993,4663550837,4147710558,4074525304,4018986283,3957031721,3980471617,3886363010,3831133941,
Tax payable or refundable,,,,,,,,,,,,,,,,,,,,,,,,,,,,,,,,,,,,,,,,,,,,,,,
Tax payable,no.,na,na,na,na,na,na,na,na,na,na,na,na,na,na,na,na,na,1949260,1956535,1918425,1788545,2150240,2039085,2028655,2096420,2187720,2198890,2158655,2079955,1980650,1562120,1563890,1779930,1928873,1916070,2055499,2215225,2373889,2311873,2536293,2045310,2166483,2435253,2323938,3401412,
Tax payable,$,na,na,na,na,na,na,na,na,na,na,na,na,na,na,6038000000,2887000000,3003000000,3700992304,3617391700,4642830872,5024454449,7028485948,7866220723,8185732970,8821935079,10359322246,11277035718,12247233169,15111787873,15036352683,10955375451,12198670827,14292476224,13937651791,14300772077,16808304765,18906528203,19840668705,20733442006,23383469532,21345935875,23002793304,31895514650,38656380025,32882855269,
Tax refundable,no.,na,na,na,na,na,na,na,na,na,na,na,na,na,na,na,na,na,7530005,7605110,7751410,7890935,7918320,8424450,8596640,8771530,8967305,9250975,9531600,9911095,10432600,10724810,10797900,10808645,10681934,10672568,10717942,10784667,10898086,11238516,11347382,12165629,12247496,12199862,12538239,11655044,
Tax refundable,$,na,na,na,na,na,na,na,na,na,na,na,na,na,na,-6483000000,-7181000000,-7711000000,-8401444318,-8694237673,-9867316330,-10544020337,-11141224506,-10768248211,-11525329551,-12549305573,-13880254375,-15482894477,-17414172368,-19752905205,-22912985561,-24962970077,-24870726543,-25786348206,-26151880292,-26701078736,-26511138068,-27427000642,-27799874795,-28634556289,-28819418596,-35866049213,-35649421937,-36861365456,-40279219820,-34363815134,
Tax payable or refundable,no.,na,na,na,na,na,na,na,na,na,na,na,na,na,na,na,na,na,na,na,na,na,na,na,na,na,na,na,na,11991050,12413250,12286930,12361790,12588575,12610807,12588638,12773441,12999892,13271975,13550389,13883675,14210939,14413979,14635115,14862177,15056456,
Tax payable or refundable,$,na,na,na,na,2499972000,3539751000,3476988000,5101516000,3035452000,2723000000,3061000000,3211000000,-981000000,-1764000000,-445000000,-4294000000,-4708000000,-4700452014,-5076845973,-5224485458,-5519565888,-4112738558,-2902027488,-3339596581,-3727370494,-3520932129,-4205858759,-5166939199,-4641117332,-7876632878,-14007594626,-12672055716,-11493877430,-12214228500,-12400306659,-9702833302,-8520472439,-7959206091,-7901114283,-5435949064,-14520113338,-12646628633,-4965850807,-1622839795,-1480959866,
Adjustments,,,,,,,,,,,,,,,,,,,,,,,,,,,,,,,,,,,,,,,,,,,,,,,
Under 18 income - all income taxed at normal rates,no.,na,na,na,na,na,na,na,na,na,na,na,na,na,na,na,na,na,na,na,na,na,na,na,na,na,na,na,na,na,na,na,na,na,na,na,24778,23831,24416,25535,26885,26657,27634,30845,34111,30741,
Under 18 income - all income taxed at normal rates,$,na,na,na,na,na,na,na,na,na,na,na,na,na,na,na,na,na,na,na,na,na,na,na,na,na,na,na,na,na,na,na,na,na,na,na,287768824,283054395,295875560,363204200,348969088,360923434,430815519,1046383365,481944083,491043627,
Under 18 income - income shown at Item A1 Label J will be taxed at normal rates,no.,na,na,na,na,na,na,na,na,na,na,na,na,na,na,na,na,na,na,na,na,na,na,na,na,na,na,na,na,na,na,na,na,na,na,na,83733,115339,132679,160176,174411,192095,197700,222622,227737,187917,
Under 18 income - income shown at Item A1 Label J will be taxed at normal rates,$,na,na,na,na,na,na,na,na,na,na,na,na,na,na,na,na,na,na,na,na,na,na,na,na,na,na,na,na,na,na,na,na,na,na,na,627309615,800118686,944665674,1099441299,1225338613,1377573883,1477007699,1712932300,1982389917,1945128439,
Under 18 income - income at Label J taxed at normal rates and turned 18 during year,no.,na,na,na,na,na,na,na,na,na,na,na,na,na,na,na,na,na,na,na,na,na,na,na,na,na,na,na,na,na,na,na,na,na,na,na,52,48,147,24,39,71,308,371,435,429,
Under 18 income - income at Label J taxed at normal rates and turned 18 during year,$,na,na,na,na,na,na,na,na,na,na,na,na,na,na,na,na,na,na,na,na,na,na,na,na,na,na,na,na,na,na,na,na,na,na,na,419528,393169,1106264,206932,311616,659970,3795672,4300486,5251949,5892659,
Under 18 income (total),no.,na,na,na,na,na,na,na,na,na,na,na,na,na,na,na,na,na,na,85430,125730,172745,184585,193390,183865,200920,211085,223080,226860,233250,263655,184090,165425,220540,143761,104762,108563,139218,157242,185735,201335,218823,225642,253838,262283,219087,
Under 18 income (total),$,na,na,na,na,na,na,na,na,na,na,na,na,na,na,na,na,na,na,595697484,673626442,928393968,1134972583,1149889698,1072007481,1170654719,1218101915,1504798758,1596351854,1675725501,1830461399,1454894043,1180293418,1224693032,1154741393,899603134,915497967,1083566250,1241647498,1462852431,1574619317,1739157287,1911618890,2763616151,2469585949,2442064725,
"Government super contributions - Income from investment, partnership and other sources",no.,na,na,na,na,na,na,na,na,na,na,na,na,na,na,na,na,na,na,na,na,na,na,na,na,na,na,na,na,na,na,na,75775,96200,72130,98262,67769,57290,42043,38474,26977,23500,19197,15217,13040,12279,
"Government super contributions - Income from investment, partnership and other sources",$,na,na,na,na,na,na,na,na,na,na,na,na,na,na,na,na,na,na,na,na,na,na,na,na,na,na,na,na,na,na,na,623039384,765916184,717483062,932539018,674574345,597671213,465330299,464658996,334245882,289279237,218281955,241867210,157377585,139964004,
Government super contributions - Other income from employment and business,no.,na,na,na,na,na,na,na,na,na,na,na,na,na,na,na,na,na,na,na,na,na,na,na,na,na,na,na,na,na,na,na,37660,40073,33529,48374,25528,21455,15409,14835,12322,9963,7945,6454,5473,4882,
Government super contributions - Other income from employment and business,$,na,na,na,na,na,na,na,na,na,na,na,na,na,na,na,na,na,na,na,na,na,na,na,na,na,na,na,na,na,na,na,865927008,987908028,816668620,1028436870,543635879,461991367,376637761,378767978,320947189,265809206,212956334,185713284,159218305,146550165,
Government super contributions - Other deductions from business income,no.,na,na,na,na,na,na,na,na,na,na,na,na,na,na,na,na,na,na,na,na,na,na,na,na,na,na,na,na,na,na,na,11855,12590,12119,15928,9760,8215,5499,5213,4299,3668,3125,2350,2010,1755,
Government super contributions - Other deductions from business income,$,na,na,na,na,na,na,na,na,na,na,na,na,na,na,na,na,na,na,na,na,na,na,na,na,na,na,na,na,na,na,na,128601542,161261608,159088903,209167351,121900779,94436311,81145969,73267268,78835822,81922977,81721828,59163169,44022048,50830719,
Working holiday maker net income,no.,na,na,na,na,na,na,na,na,na,na,na,na,na,na,na,na,na,na,na,na,na,na,na,na,na,na,na,na,na,na,na,na,na,na,na,na,na,na,77320,100463,103324,92739,54892,46875,107115,
Working holiday maker net income,$,na,na,na,na,na,na,na,na,na,na,na,na,na,na,na,na,na,na,na,na,na,na,na,na,na,na,na,na,na,na,na,na,na,na,na,na,na,na,927134994,1995698566,2194377860,2084523950,1900006288,1510437131,3115770672,
Income tests,,,,,,,,,,,,,,,,,,,,,,,,,,,,,,,,,,,,,,,,,,,,,,,
Total reportable fringe benefits amounts - Employers exempt from FBT under section 57A of the FBTAA 1986,no.,na,na,na,na,na,na,na,na,na,na,na,na,na,na,na,na,na,na,na,na,na,na,na,na,na,na,na,na,na,na,na,na,na,na,na,na,na,na,542743,609645,662100,706857,742902,778879,800114,
Total reportable fringe benefits amounts - Employers exempt from FBT under section 57A of the FBTAA 1986,$,na,na,na,na,na,na,na,na,na,na,na,na,na,na,na,na,na,na,na,na,na,na,na,na,na,na,na,na,na,na,na,na,na,na,na,na,na,na,12116797056,13388199836,14652201467,15836351360,16761927608,17607927561,18539133466,
Total reportable fringe benefits amounts - Employers not exempt from FBT under section 57A of the FBTAA 1986,no.,na,na,na,na,na,na,na,na,na,na,na,na,na,na,na,na,na,na,na,na,na,na,na,na,na,na,na,na,na,na,na,na,na,na,na,na,na,na,349410,306379,287397,283550,255640,263989,266974,
Total reportable fringe benefits amounts - Employers not exempt from FBT under section 57A of the FBTAA 1986,$,na,na,na,na,na,na,na,na,na,na,na,na,na,na,na,na,na,na,na,na,na,na,na,na,na,na,na,na,na,na,na,na,na,na,na,na,na,na,6315871022,5003124559,4505435240,4381512149,3801217378,3977501059,5278735523,
Total reportable fringe benefits amount,no.,na,na,na,na,na,na,na,na,na,na,na,na,na,na,na,na,na,na,na,na,na,448395,469035,500065,545055,610490,674765,717580,785685,699955,726835,759085,772230,802457,840795,852907,864703,872527,876881,904127,935667,976347,985789,1030986,1054662,
Total reportable fringe benefits amount,$,na,na,na,na,na,na,na,na,na,na,na,na,na,na,na,na,na,na,na,na,na,5476706279,5929182921,5703191038,6549941124,7681367660,9256425965,9890788376,10575070112,11081223311,11828372437,12343727216,12914808488,13676598162,14909992697,15821869781,16363425277,17376277523,18415500691,18377743967,19142291948,20202458299,20548456286,21570735343,22540718715,
Reportable employer superannuation contributions,no.,na,na,na,na,na,na,na,na,na,na,na,na,na,na,na,na,na,na,na,na,na,na,na,na,na,na,na,na,na,na,na,1210295,1215415,1257445,1324771,1360648,1421440,1483955,1504872,1529777,1541498,1509855,1541614,1595375,1516964,
Reportable employer superannuation contributions,$,na,na,na,na,na,na,na,na,na,na,na,na,na,na,na,na,na,na,na,na,na,na,na,na,na,na,na,na,na,na,na,11393549608,12322524673,13068638961,9741729470,10884565365,13332968239,13590520357,14136115948,11288479528,10752767605,10364420960,10639676768,11510430447,10723861453,
Tax-free government pensions,no.,na,na,na,na,na,na,na,na,na,na,na,na,na,na,na,na,na,na,na,na,na,na,na,na,na,na,na,na,na,na,na,80840,122195,168313,207223,206401,233643,231941,226521,233757,263932,258487,266926,270549,265689,
Tax-free government pensions,$,na,na,na,na,na,na,na,na,na,na,na,na,na,na,na,na,na,na,na,na,na,na,na,na,na,na,na,na,na,na,na,867641235,1344520697,1965697181,2501441954,2741453276,3305719421,3312222524,3531242624,3737153277,4480222830,4648850574,5069990866,5421037901,5732246811,
Target foreign income,no.,na,na,na,na,na,na,na,na,na,na,na,na,na,na,na,na,na,na,na,na,na,na,na,na,na,na,na,na,na,na,na,11660,10010,9289,17143,11230,12331,12832,11418,11728,13445,11689,9339,8889,8751,
Target foreign income,$,na,na,na,na,na,na,na,na,na,na,na,na,na,na,na,na,na,na,na,na,na,na,na,na,na,na,na,na,na,na,na,406007330,357173280,373924690,704175340,536942024,595220486,507326946,518136243,566509295,616028345,655555540,516284062,461447782,465934012,
Net financial investment loss,no.,na,na,na,na,na,na,na,na,na,na,na,na,na,na,na,na,na,na,na,na,na,na,na,na,na,na,na,na,na,na,na,131155,130290,124603,135222,105804,100378,97804,96248,93729,90650,106897,111075,100979,102642,
Net financial investment loss,$,na,na,na,na,na,na,na,na,na,na,na,na,na,na,na,na,na,na,na,na,na,na,na,na,na,na,na,na,na,na,na,909704586,901167690,807836461,874890200,656261870,634362147,576057628,502547522,506329625,528832589,653722077,550653811,544344180,548821296,
Net rental property loss,no.,na,na,na,na,na,na,na,na,na,na,na,na,na,na,na,na,na,na,na,na,na,na,na,na,na,na,na,na,na,na,na,969770,1028205,1097168,1353198,1343820,1366333,1381035,1394711,1416665,1398204,1292260,1145450,1015085,1145221,
Net rental property loss,$,na,na,na,na,na,na,na,na,na,na,na,na,na,na,na,na,na,na,na,na,na,na,na,na,na,na,na,na,na,na,na,9101103461,11285367886,12915488586,13032201609,11850289498,11985354144,12201645620,12661898430,13030991708,13237951782,10536309797,8139662618,6524991660,10706386456,
Child support you paid,no.,na,na,na,na,na,na,na,na,na,na,na,na,na,na,na,na,na,na,na,na,na,na,na,na,na,na,na,na,na,na,na,93795,98875,105103,159713,135973,153017,142372,139095,139998,158673,156549,154855,152425,148347,
Child support you paid,$,na,na,na,na,na,na,na,na,na,na,na,na,na,na,na,na,na,na,na,na,na,na,na,na,na,na,na,na,na,na,na,561736238,657212102,677584834,1209667043,1151302574,1278279342,1237630857,1097779711,1176402440,1352694818,1382346289,1366890455,1394711410,1472884863,
Supplementary section,,,,,,,,,,,,,,,,,,,,,,,,,,,,,,,,,,,,,,,,,,,,,,,
Partnerships and trusts - primary production,,,,,,,,,,,,,,,,,,,,,,,,,,,,,,,,,,,,,,,,,,,,,,,
Distribution from partnerships - primary production – profit,no.,na,na,na,na,na,na,na,na,na,na,na,na,na,na,na,na,na,na,na,na,na,na,na,na,na,na,na,na,101445,106485,96040,91325,103450,94609,82403,87849,96969,96942,97963,88718,78079,71317,82992,87403,71768,
Distribution from partnerships - primary production – profit,$,na,na,na,na,na,na,na,na,na,na,na,na,na,na,na,na,na,na,na,na,na,na,na,na,na,na,na,na,2395892048,2979178479,2567438776,2166754758,3576439013,3042217980,2638978941,3167992096,3711928614,3819934288,4301093680,3611914566,3227930820,2717677175,3512526035,4947404270,4113090427,
Distribution from partnerships - primary production – loss,no.,na,na,na,na,na,na,na,na,na,na,na,na,na,na,na,na,na,na,na,na,na,na,na,na,na,na,na,na,142705,130235,130540,129415,110075,113281,120974,110189,96994,93205,88044,92892,99271,101798,87947,79482,86382,
Distribution from partnerships - primary production – loss,$,na,na,na,na,na,na,na,na,na,na,na,na,na,na,na,na,na,na,na,na,na,na,na,na,na,na,na,na,-2789756259,-2705438283,-2738401053,-2857697326,-2121592267,-2267176173,-2576068133,-2275103212,-1835493812,-1905780161,-1735465838,-2119556871,-2795744391,-3462557989,-3094229393,-2399674059,-3029641664,
Distribution from partnerships - primary production (total),no.,na,na,na,na,na,na,na,na,na,na,na,na,na,na,na,na,na,na,na,na,na,na,na,na,na,na,na,na,244150,236720,226575,220740,213525,207890,203377,198038,193963,190147,186007,181610,177350,173115,170939,166885,158150,
Distribution from partnerships - primary production (total),$,na,na,na,na,na,na,na,na,na,na,na,na,na,na,na,na,na,na,na,na,na,na,na,na,na,na,na,na,-393864211,273740196,-170962277,-690942568,1454846746,775041807,62910808,892888884,1876434802,1914154127,2565627842,1492357695,432186429,-744880814,418296642,2547730211,1083448763,
Share of net income from trusts - primary production – profit,no.,na,na,na,na,na,na,na,na,na,na,na,na,na,na,na,na,na,na,na,na,na,na,na,na,na,na,na,na,34370,35775,33030,34570,37260,36941,36119,38064,41368,41983,45224,45364,44227,41639,45732,55951,54155,
Share of net income from trusts - primary production – profit,$,na,na,na,na,na,na,na,na,na,na,na,na,na,na,na,na,na,na,na,na,na,na,na,na,na,na,na,na,1000975958,1173206701,1164141357,1046094234,1550983077,1583817569,1686541929,1951941644,2302503984,2338256385,2783374110,2589226106,2634191592,2225805636,2220092250,3119308278,3121610817,
Share of net income from trusts - primary production – loss,no.,na,na,na,na,na,na,na,na,na,na,na,na,na,na,na,na,na,na,na,na,na,na,na,na,na,na,na,na,8115,7955,7365,7340,7500,8164,8302,8039,7698,7585,7630,7875,8073,7964,8048,7932,8276,
Share of net income from trusts - primary production – loss,$,na,na,na,na,na,na,na,na,na,na,na,na,na,na,na,na,na,na,na,na,na,na,na,na,na,na,na,na,-246842043,-298096917,-263375252,-258076873,-270670944,-311277263,-334075334,-287266028,-276711201,-306274787,-301828847,-348908749,-369537852,-447468290,-505780608,-508457883,-570318322,
Share of net income from trusts - primary production (total),no.,na,na,na,na,na,na,na,na,na,na,na,na,na,na,na,na,na,na,na,na,na,na,na,na,na,na,na,na,42485,43730,40395,41910,44760,45105,44421,46103,49066,49568,52854,53239,52300,49603,53780,63883,62431,
Share of net income from trusts - primary production (total),$,na,na,na,na,na,na,na,na,na,na,na,na,na,na,na,na,na,na,na,na,na,na,na,na,na,na,na,na,754133915,875109784,900766105,788017361,1280312133,1272540306,1352466595,1664675616,2025792783,2031981598,2481545263,2240317357,2264653740,1778337346,1714311642,2610850395,2551292495,
"Landcare operations and deduction for decline in value of water facility, fencing asset and fodder storage asset - primary production",no.,na,na,na,na,na,na,na,na,na,na,na,na,na,na,na,na,na,na,na,17935,18130,17315,14960,15215,15190,14295,14470,15745,15785,15095,14605,13790,12420,11009,8319,8587,8733,8864,7029,4929,4615,4482,4030,3496,3100,
"Landcare operations and deduction for decline in value of water facility, fencing asset and fodder storage asset - primary production",$,na,na,na,na,na,na,na,na,na,na,na,na,na,na,na,na,na,na,na,56943341,60945354,59702321,50738725,58021988,55228489,55679185,51003587,53816855,55040548,55247194,54047788,50992586,43611693,35052150,29315025,35726177,45518697,83675174,78994444,67489643,78041733,75895027,70872640,62749758,74130393,
Other deductions relating to amounts shown at N and L - primary production - all of the amount consists of prior year deferred non-commercial losses,no.,na,na,na,na,na,na,na,na,na,na,na,na,na,na,na,na,na,na,na,na,na,na,na,na,na,na,na,na,na,na,na,na,na,na,na,4416,4128,3515,2366,1720,1737,3715,3515,3278,2967,
Other deductions relating to amounts shown at N and L - primary production - all of the amount consists of prior year deferred non-commercial losses,$,na,na,na,na,na,na,na,na,na,na,na,na,na,na,na,na,na,na,na,na,na,na,na,na,na,na,na,na,na,na,na,na,na,na,na,123891356,126451888,110707092,71388141,51417648,52637873,142986647,149440685,141485614,134345177,
Other deductions relating to amounts shown at N and L - primary production - part of the amount consists of prior year deferred non-commercial losses,no.,na,na,na,na,na,na,na,na,na,na,na,na,na,na,na,na,na,na,na,na,na,na,na,na,na,na,na,na,na,na,na,na,na,na,na,319,344,320,255,268,485,418,402,355,372,
Other deductions relating to amounts shown at N and L - primary production - part of the amount consists of prior year deferred non-commercial losses,$,na,na,na,na,na,na,na,na,na,na,na,na,na,na,na,na,na,na,na,na,na,na,na,na,na,na,na,na,na,na,na,na,na,na,na,13089814,12877028,9110495,9690915,10379590,9078130,10044838,11292323,13669193,12880771,
Other deductions relating to amounts shown at N and L - primary production - none of the amount consists of prior year deferred non-commercial losses,no.,na,na,na,na,na,na,na,na,na,na,na,na,na,na,na,na,na,na,na,na,na,na,na,na,na,na,na,na,na,na,na,na,na,na,na,na,na,na,552,570,370,434,442,474,442,
Other deductions relating to amounts shown at N and L - primary production - none of the amount consists of prior year deferred non-commercial losses,$,na,na,na,na,na,na,na,na,na,na,na,na,na,na,na,na,na,na,na,na,na,na,na,na,na,na,na,na,na,na,na,na,na,na,na,na,na,na,6457280,6198520,3836117,5314710,5105741,5514986,5328844,
Other deductions relating to amounts shown at N and L - primary production - blank,no.,na,na,na,na,na,na,na,na,na,na,na,na,na,na,na,na,na,na,na,na,na,na,na,na,na,na,na,na,na,na,na,na,na,na,na,37336,36303,34590,32996,31093,28160,21657,20748,19374,17774,
Other deductions relating to amounts shown at N and L - primary production - blank,$,na,na,na,na,na,na,na,na,na,na,na,na,na,na,na,na,na,na,na,na,na,na,na,na,na,na,na,na,na,na,na,na,na,na,na,192022341,199370800,219478001,241250070,265245955,258931589,196692271,195589670,187774243,185076559,
Other deductions relating to amounts shown at N and L - primary production (total),no.,na,na,na,na,na,na,na,na,na,na,na,na,na,na,na,na,na,na,na,77235,73450,69875,66600,96470,77605,74735,70905,63580,59780,57340,52910,49510,47595,45544,42984,42071,40775,38864,36169,33651,30752,26224,25107,23481,21555,
Other deductions relating to amounts shown at N and L - primary production (total),$,na,na,na,na,na,na,na,na,na,na,na,na,na,na,na,na,na,na,na,239467092,228922916,233930186,231377625,283512535,256608817,262083567,272675931,261394648,266545799,276561771,264527114,257362267,292563374,309462243,347774139,329003511,338699716,343357871,328786406,333241713,324483709,355038466,361428419,348444036,337631351,
(P&T) Net primary production distribution amount,no.,275670,353240,364295,365675,355120,353745,355200,359510,341030,357425,368005,394405,379540,380525,385520,384340,364300,374265,387825,373275,356500,347400,334555,325005,315135,305160,297480,289455,280945,274585,261975,257865,252975,247676,242506,238693,237308,234439,233121,229624,224700,218201,220436,225607,215638,
(P&T) Net primary production distribution amount,$,1475219000,2027416000,1701948000,1388910000,366007000,1210381000,874644000,779526000,1502000000,2619000000,3064000000,2851000000,736000000,816000000,1643000000,1893000000,1995000000,2330971138,1943755574,1738398791,4610767440,881183425,2772718122,4431447759,2453632579,1955714785,1714386220,787119196,38683357,817041015,411452350,-211265111,2398983812,1703067720,1038288239,2192834812,3518009172,3519102680,4639392255,3331943696,2294314727,602523039,1700307225,4747386812,3222979514,
Partnerships and trusts - non-primary production,,,,,,,,,,,,,,,,,,,,,,,,,,,,,,,,,,,,,,,,,,,,,,,
Distribution from partnerships less foreign income - non-primary production – profit,no.,na,na,na,na,na,na,na,na,na,na,na,na,na,na,na,na,na,na,na,na,na,na,na,na,na,na,na,na,603435,577710,537325,515765,501130,478703,458419,443892,429042,411511,396166,378822,361673,342494,340473,318656,293095,
Distribution from partnerships less foreign income - non-primary production – profit,$,na,na,na,na,na,na,na,na,na,na,na,na,na,na,na,na,na,na,na,na,na,na,na,na,na,na,na,na,16104200787,16460677376,15744810954,15325929841,15765876690,15643076002,14867244162,14798962425,14592013834,14082571148,13780308980,13652314729,13482819461,13117609967,14578386289,14439550558,13911306474,
Distribution from partnerships less foreign income - non-primary production – loss,no.,na,na,na,na,na,na,na,na,na,na,na,na,na,na,na,na,na,na,na,na,na,na,na,na,na,na,na,na,129765,128065,123835,117280,109685,104602,99131,91844,89821,85628,80323,75855,73216,73840,63688,62754,57762,
Distribution from partnerships less foreign income - non-primary production – loss,$,na,na,na,na,na,na,na,na,na,na,na,na,na,na,na,na,na,na,na,na,na,na,na,na,na,na,na,na,-1358954221,-1541036761,-1560913677,-1378483355,-1273535259,-1200121991,-1130514129,-1009522915,-982031156,-924163658,-877585431,-864858589,-849762611,-937195633,-996677743,-902699871,-892868793,
Distribution from partnerships less foreign income - non-primary production (total),no.,na,na,na,na,na,na,na,na,na,na,na,na,na,na,na,na,na,na,na,na,na,na,na,na,na,na,na,na,733200,705775,661160,633045,610815,583305,557550,535736,518863,497139,476489,454677,434889,416334,404161,381410,350857,
Distribution from partnerships less foreign income - non-primary production (total),$,na,na,na,na,na,na,na,na,na,na,na,na,na,na,na,na,na,na,na,na,na,na,na,na,na,na,na,na,14745246566,14919640615,14183897277,13947446486,14492341431,14442954011,13736730033,13789439510,13609982678,13158407490,12902723549,12787456140,12633056850,12180414334,13581708546,13536850687,13018437681,
"Share of net income from trusts less capital gains, foreign income and franked distributions - non-primary production – profit",no.,na,na,na,na,na,na,na,na,na,na,na,na,na,na,na,na,na,na,na,na,na,na,na,na,na,na,na,na,1542195,1618895,1532430,1531905,1523910,1330778,1295884,1255479,1297545,1288418,1273815,1287682,1309224,1334183,1446893,1538575,1513978,
"Share of net income from trusts less capital gains, foreign income and franked distributions - non-primary production – profit",$,na,na,na,na,na,na,na,na,na,na,na,na,na,na,na,na,na,na,na,na,na,na,na,na,na,na,na,na,23694765730,26701515636,27189062708,29207609151,33797157982,26138367710,25996343984,26324901724,27031896739,27828181568,28665064062,30274269318,30689563531,30020269249,35144473130,35454682427,34868249271,
"Share of net income from trusts less capital gains, foreign income and franked distributions - non-primary production – loss",no.,na,na,na,na,na,na,na,na,na,na,na,na,na,na,na,na,na,na,na,na,na,na,na,na,na,na,na,na,11345,11100,6775,7460,7355,44164,40487,44580,49692,55312,61451,69918,75859,80044,85451,95577,91199,
"Share of net income from trusts less capital gains, foreign income and franked distributions - non-primary production – loss",$,na,na,na,na,na,na,na,na,na,na,na,na,na,na,na,na,na,na,na,na,na,na,na,na,na,na,na,na,-440949261,-413680609,-205420183,-187564004,-211824441,-966809562,-776965613,-835712790,-933560960,-1053877619,-1067166361,-1297166960,-1414221335,-1583331620,-1570040410,-1849854272,-2065766824,
"Share of net income from trusts less capital gains, foreign income and franked distributions - non-primary production (total)",no.,na,na,na,na,na,na,na,na,na,na,na,na,na,na,na,na,na,na,na,na,na,na,na,na,na,na,na,na,1553540,1629995,1539200,1539365,1531265,1374942,1336371,1300059,1347237,1343730,1335266,1357600,1385083,1414227,1532344,1634152,1605177,
"Share of net income from trusts less capital gains, foreign income and franked distributions - non-primary production (total)",$,na,na,na,na,na,na,na,na,na,na,na,na,na,na,na,na,na,na,na,na,na,na,na,na,na,na,na,na,23253816469,26287835027,26983642525,29020045147,33585333541,25171558148,25219378371,25489188934,26098335779,26774303949,27597897701,28977102358,29275342196,28436937629,33574432720,33604828155,32802482447,
Franked distributions from trusts - non-primary production,no.,na,na,na,na,na,na,na,na,na,na,na,na,na,na,na,na,na,na,na,na,na,na,na,na,na,na,na,na,na,na,na,na,na,423751,508434,649183,689049,696679,738824,774392,833200,898385,1038368,1177970,1186615,
Franked distributions from trusts - non-primary production,$,na,na,na,na,na,na,na,na,na,na,na,na,na,na,na,na,na,na,na,na,na,na,na,na,na,na,na,na,na,na,na,na,na,11159702033,12839658257,14924007992,15009806107,16500086649,17775281170,20489179667,23530628986,24456618505,27474663458,32965953895,35354119176,
Landcare operations expenses - non-primary production,no.,na,na,na,na,na,na,na,na,na,na,na,na,na,na,na,na,na,na,na,2935,1815,1875,1690,1460,1420,1320,1355,3170,3275,2950,2605,2320,2410,2083,716,723,771,796,782,612,577,633,488,396,353,
Landcare operations expenses - non-primary production,$,na,na,na,na,na,na,na,na,na,na,na,na,na,na,na,na,na,na,na,9851521,4548526,5006888,5307309,4386783,4764681,4733158,5094550,8955736,10917861,10162863,8098110,7100781,7820604,6780054,2753090,3504981,6567374,6962770,6097787,3950962,3130394,3181088,3195860,6103830,2259106,
"Other deductions relating to amounts shown at O, U and C - non-primary production - all of the amount consists of prior year deferred non-commercial losses",no.,na,na,na,na,na,na,na,na,na,na,na,na,na,na,na,na,na,na,na,na,na,na,na,na,na,na,na,na,na,na,na,na,na,na,na,7883,7483,6927,6535,6710,6398,4561,4717,4243,3964,
"Other deductions relating to amounts shown at O, U and C - non-primary production - all of the amount consists of prior year deferred non-commercial losses",$,na,na,na,na,na,na,na,na,na,na,na,na,na,na,na,na,na,na,na,na,na,na,na,na,na,na,na,na,na,na,na,na,na,na,na,86488518,75765110,73830834,75083163,74731760,70670684,72952630,76476428,72424160,68685638,
"Other deductions relating to amounts shown at O, U and C - non-primary production - part of the amount consists of prior year deferred non-commercial losses",no.,na,na,na,na,na,na,na,na,na,na,na,na,na,na,na,na,na,na,na,na,na,na,na,na,na,na,na,na,na,na,na,na,na,na,na,810,1050,974,902,997,1402,865,921,848,745,
"Other deductions relating to amounts shown at O, U and C - non-primary production - part of the amount consists of prior year deferred non-commercial losses",$,na,na,na,na,na,na,na,na,na,na,na,na,na,na,na,na,na,na,na,na,na,na,na,na,na,na,na,na,na,na,na,na,na,na,na,11984566,13367672,10790142,9663078,10973431,17343040,17945711,19727839,13195319,13754006,
"Other deductions relating to amounts shown at O, U and C - non-primary production - none of the amount consists of prior year deferred non-commercial losses ",no.,na,na,na,na,na,na,na,na,na,na,na,na,na,na,na,na,na,na,na,na,na,na,na,na,na,na,na,na,na,na,na,na,na,na,na,na,na,1063,1113,1106,781,837,852,845,831,
"Other deductions relating to amounts shown at O, U and C - non-primary production - none of the amount consists of prior year deferred non-commercial losses ",$,na,na,na,na,na,na,na,na,na,na,na,na,na,na,na,na,na,na,na,na,na,na,na,na,na,na,na,na,na,na,na,na,na,na,na,na,na,8642907,11113489,11121859,8812313,9980790,9397683,14121531,21316262,
"Other deductions relating to amounts shown at O, U and C - non-primary production - blank",no.,na,na,na,na,na,na,na,na,na,na,na,na,na,na,na,na,na,na,na,na,na,na,na,na,na,na,na,na,na,na,na,na,na,na,na,298336,287113,271408,264053,255169,248594,221988,221320,214650,201295,
"Other deductions relating to amounts shown at O, U and C - non-primary production - blank",$,na,na,na,na,na,na,na,na,na,na,na,na,na,na,na,na,na,na,na,na,na,na,na,na,na,na,na,na,na,na,na,na,na,na,na,1621665266,1648478834,1407037028,1333366691,1303371998,1250266160,1052216372,964453467,945153804,982796164,
"Other deductions relating to amounts shown at O, U and C - non-primary production (total)",no.,na,na,na,na,na,na,na,na,na,na,na,na,na,na,na,na,na,na,na,226120,255455,288840,324700,360660,357145,369300,378765,387830,414845,423940,401575,394935,379825,354808,323358,307029,295646,280372,272603,263982,257175,228251,227810,220586,206835,
"Other deductions relating to amounts shown at O, U and C - non-primary production (total)",$,na,na,na,na,na,na,na,na,na,na,na,na,na,na,na,na,na,na,na,836037627,924521992,1054305448,1187666364,1260108950,1334648986,1489509834,1695228767,1966351859,2394288128,2768690196,2380204715,2262681199,2341147898,2182676529,1896410264,1720138350,1737611616,1500300911,1429226421,1400199048,1347092197,1153095503,1070055417,1044894814,1086552070,
(P&T) Net non-primary production distribution amount,no.,884390,1047915,1128755,1168685,1217535,1262350,1221970,1316610,1319095,1391280,1480055,1470830,1468075,1502580,1545585,1622830,1650430,1757290,1812960,1888830,1954510,2048720,2163450,2121835,2097645,2099045,2121315,2137630,2172790,2219895,2096695,2073405,2047365,1920349,1877529,1822799,1868012,1865006,1868199,1894511,1933594,1958825,2082296,2183429,2122433,
(P&T) Net non-primary production distribution amount,$,3935344000,4999382000,5820810000,6289912000,6533663000,7567017000,7742128000,9468457000,10548000000,12163000000,14644000000,13931000000,13170000000,13044000000,13818000000,14883000000,16539000000,16845186923,17550393336,18982494823,22260899184,22780264396,22179582953,22353754558,24508973536,26696341181,28713105143,30789919313,35593857442,38428642248,38779356940,40697845756,45728760217,48584757609,49896603307,52478993105,52973945574,54925534407,56840578212,60849588155,64088805441,63917693877,73557553447,79056634093,80086228128,
Total distribution from partnerships,no.,na,na,na,na,na,na,na,na,na,na,na,na,na,na,na,na,na,na,na,na,na,na,na,na,na,na,na,na,826300,800070,755825,732320,824340,680679,655925,632535,614422,593904,574326,553365,533532,514284,502980,480441,443458,
Total distribution from partnerships,$,na,na,na,na,na,na,na,na,na,na,na,na,na,na,na,na,na,na,na,na,na,na,na,na,na,na,na,na,14351382355,15193380811,14012935000,13256503918,15947188177,15217995818,13799640841,14682328394,15486417480,15072561617,15468351391,14279813835,13065243279,11435533520,14000005188,16084580898,14101886444,
Total share of net income from trusts,no.,na,na,na,na,na,na,na,na,na,na,na,na,na,na,na,na,na,na,na,na,na,na,na,na,na,na,na,na,1566585,1643225,1550855,1552420,1576025,1437180,1413378,1374333,1438114,1454538,1477186,1523701,1581238,1622164,1758576,1884193,1848417,
Total share of net income from trusts,$,na,na,na,na,na,na,na,na,na,na,na,na,na,na,na,na,na,na,na,na,na,na,na,na,na,na,na,na,24007950384,27162944811,27884408630,29808062508,34865645674,37603800487,39411503223,42077872542,43133934669,45306372196,47854724134,51706599382,55070624922,54671893480,62763407820,69181632445,70707894118,
Total distribution from partnerships and trusts,no.,na,na,na,na,na,na,na,na,na,na,na,na,na,na,na,na,na,na,na,na,na,na,na,na,na,na,na,na,2252760,2298865,2175060,2157485,2400365,2001881,1961467,1907016,1953358,1952589,1958228,1986386,2025409,2050302,2173919,2275920,2208734,
Total distribution from partnerships and trusts,$,na,na,na,na,na,na,na,na,na,na,na,na,na,na,na,na,na,na,na,na,na,na,na,na,na,na,na,na,38359332739,42356325622,41897343630,43064566426,50812833851,52821796305,53211144064,56760200936,58620352149,60378933813,63323075525,65986413217,68135868201,66107427000,76763413008,85266213343,84809780562,
Total landcare operations expenses from partnerships and trusts,no.,na,na,na,na,na,na,na,na,na,na,na,na,na,na,na,na,na,na,na,na,na,na,na,na,na,na,na,na,19035,18030,17200,16100,14830,13083,9022,9289,9491,9653,7798,5534,5184,5053,4498,3882,3444,
Total landcare operations expenses from partnerships and trusts,$,na,na,na,na,na,na,na,na,na,na,na,na,na,na,na,na,na,na,na,na,na,na,na,na,na,na,na,na,65958409,65410057,62145898,58093367,51432297,41832204,32068115,39231158,52086071,90637944,85092231,71440605,81172127,79076115,74068500,68853588,76389499,
Total other deductions relating to amounts shown from partnerships and trusts,no.,na,na,na,na,na,na,na,na,na,na,na,na,na,na,na,na,na,na,na,na,na,na,na,na,na,na,na,na,470705,477470,451075,441150,427420,397485,363698,346567,334153,317096,306801,295844,286318,253142,251553,242863,227262,
Total other deductions relating to amounts shown from partnerships and trusts,$,na,na,na,na,na,na,na,na,na,na,na,na,na,na,na,na,na,na,na,na,na,na,na,na,na,na,na,na,2660833927,3045251967,2644731829,2520043466,2633711272,2492138772,2244184403,2049141861,2076311332,1843658782,1758012827,1733440761,1671575906,1508133969,1431483836,1393338850,1424183421,
Total net amounts from partnerships and trusts,no.,na,na,1299935,1328695,1373650,1406120,1373330,1462100,1447175,1517215,1605625,1616550,1604040,1634920,1680705,1749250,1764525,1870190,1937840,2003105,2063850,2157115,2258780,2213845,2189640,2189830,2211340,2226040,2259980,2307130,2184055,2165970,2300340,2010756,1969466,1914037,1958951,1958116,1963560,1991255,2030031,2054017,2177453,2279463,2212416,
Total net amounts from partnerships and trusts,$,5410563000,7026798000,7522759000,7678822000,7009581000,8777398000,8616771000,10248000000,12050000000,14782000000,17708000000,16782000000,13906000000,13860000000,15460000000,16774000000,18534000000,19176158061,19494148910,20720893614,26871666624,23661447821,24952301075,26785202317,26962606115,28652055966,30427491363,31577038509,35632540799,39245683263,39190809290,40486580645,48127744029,50287825329,50934891546,54671827917,56491954746,58444637087,61479970467,64181531851,66383120168,64520216916,75257860672,83804020905,83309207642,
Partnership share of net small business income less deductions attributable to that share,no.,na,na,na,na,na,na,na,na,na,na,na,na,na,na,na,na,na,na,na,na,na,na,na,na,na,na,na,na,na,na,na,na,na,na,na,na,na,243566,262584,257346,244475,238727,250774,241648,216437,
Partnership share of net small business income less deductions attributable to that share,$,na,na,na,na,na,na,na,na,na,na,na,na,na,na,na,na,na,na,na,na,na,na,na,na,na,na,na,na,na,na,na,na,na,na,na,na,na,8049341133,9836908549,9511315629,9071349076,8599746332,10243120873,11123030447,11174562615,
Trust share of net small business income less deductions attributable to that share,no.,na,na,na,na,na,na,na,na,na,na,na,na,na,na,na,na,na,na,na,na,na,na,na,na,na,na,na,na,na,na,na,na,na,na,na,na,na,199869,254621,280066,289566,292425,305812,304731,294670,
Trust share of net small business income less deductions attributable to that share,$,na,na,na,na,na,na,na,na,na,na,na,na,na,na,na,na,na,na,na,na,na,na,na,na,na,na,na,na,na,na,na,na,na,na,na,na,na,9455044055,13338770313,15027097220,15968829318,16071542997,19092126693,20390743644,20447551811,
Partnerships and trusts - Share of credits from income and tax offsets,,,,,,,,,,,,,,,,,,,,,,,,,,,,,,,,,,,,,,,,,,,,,,,
Share of credit for tax withheld where Australian business number not quoted,no.,na,na,na,na,na,na,na,na,na,na,na,na,na,na,na,na,na,na,na,na,na,na,6145,4875,4495,4395,4260,4005,3760,3875,3075,3020,2315,3283,1420,1410,1365,1234,1204,1172,1123,1232,1370,1236,1198,
Share of credit for tax withheld where Australian business number not quoted,$,na,na,na,na,na,na,na,na,na,na,na,na,na,na,na,na,na,na,na,na,na,na,8015112,3795865,6110949,3128792,3060182,3888609,3784897,3920830,3957932,4529857,3031090,3959223,1894540,2364218,1808313,1746569,1326023,2134304,1680715,1928354,2019464,4886449,3560641,
Share of franking credit from franked dividends,no.,na,na,na,na,na,na,na,na,na,na,na,na,na,na,na,na,na,na,na,na,na,798660,932515,1000255,986710,951840,960700,971825,987575,968295,891310,873420,854680,780077,728667,719792,741337,743177,787187,812666,869458,938356,1101015,1229229,1246885,
Share of franking credit from franked dividends,$,na,na,na,na,na,na,na,na,na,na,na,na,na,na,na,na,na,na,na,na,na,1253695714,1464902932,1053483429,1291821929,1543697692,1867052993,2155893936,2880206541,3238853800,3402063623,3455128280,3975496977,4169644336,4451226906,4955628398,4939333850,5415525634,5612269905,6351588702,7247545773,7427275426,8045235754,9613254061,10273269848,
"Share of credit for tax file number amounts withheld from interest, dividends and unit trust distributions",no.,na,na,na,na,na,na,na,na,na,na,na,na,na,na,na,na,na,na,na,na,na,77730,76485,66330,65645,70525,71660,71445,73910,83680,67620,66005,62700,54257,59832,59943,59273,59347,51494,50135,55811,73816,119924,140718,125438,
"Share of credit for tax file number amounts withheld from interest, dividends and unit trust distributions",$,na,na,na,na,na,na,na,na,na,na,na,na,na,na,na,na,na,na,na,na,na,24807805,24214993,20208653,22584354,28034599,37539119,45978750,57268771,47605495,31636717,24989465,28202872,24230545,21383370,22164787,23992363,24844685,26661691,29828561,28123270,27880776,41625517,45875288,45316760,
Credit for TFN amounts withheld from payments from closely held trusts,no.,na,na,na,na,na,na,na,na,na,na,na,na,na,na,na,na,na,na,na,na,na,na,na,na,na,na,na,na,na,na,na,na,950,815,991,1053,1001,1057,961,833,784,1238,918,866,752,
Credit for TFN amounts withheld from payments from closely held trusts,$,na,na,na,na,na,na,na,na,na,na,na,na,na,na,na,na,na,na,na,na,na,na,na,na,na,na,na,na,na,na,na,na,1378114,1757460,1114611,1133165,774259,1045253,1453868,1550546,1236322,1741838,1427524,1001475,1045791,
Share of credit for tax paid by trustee,no.,na,na,na,na,na,na,na,11065,9725,3740,3150,na,975,930,840,3790,3025,3225,5575,4450,4810,4265,4840,3045,2630,3200,3450,2865,2980,3195,3075,7940,6000,10806,3893,3468,3571,3338,3471,3794,3980,4517,3589,4118,3348,
Share of credit for tax paid by trustee,$,na,na,na,na,na,na,na,102000000,88000000,30000000,22000000,na,6000000,5000000,4000000,7000000,7000000,5540256,10702979,9019566,9887825,9188255,8685869,8408614,7222044,9808534,16634047,13300888,18316088,16315748,20671601,27527214,28303994,34372549,20462188,21594590,23912281,30454409,28287432,28135399,30546796,30336655,39665462,38426600,28531607,
Share of credit for amounts withheld from foreign resident withholding,no.,na,na,na,na,na,na,na,na,na,na,na,na,na,na,na,na,na,na,na,na,na,na,na,na,na,na,3945,3995,3995,4690,4575,3475,3100,3591,3935,3522,3497,3336,2996,3663,2712,2957,2973,3177,3233,
Share of credit for amounts withheld from foreign resident withholding,$,na,na,na,na,na,na,na,na,na,na,na,na,na,na,na,na,na,na,na,na,na,na,na,na,na,na,1428519,1974016,2322064,24294583,2437341,2494432,3525969,3736136,4864319,3483517,5824927,5669148,4859673,6403739,6937357,7607732,7637269,10207836,11266075,
Share of National rental affordability scheme tax offset,no.,na,na,na,na,na,na,na,na,na,na,na,na,na,na,na,na,na,na,na,na,na,na,na,na,na,na,na,na,na,na,190,315,1060,2841,6539,10820,14425,15591,16387,15953,15735,15555,15095,13961,10660,
Share of National rental affordability scheme tax offset,$,na,na,na,na,na,na,na,na,na,na,na,na,na,na,na,na,na,na,na,na,na,na,na,na,na,na,na,na,na,na,148059,906821,3304113,10061390,28534412,62473025,100826802,124283079,140418532,119217292,117579562,116908426,113468808,98749909,72489617,
Personal services income (PSI),,,,,,,,,,,,,,,,,,,,,,,,,,,,,,,,,,,,,,,,,,,,,,,
Personal services income - Tax withheld - voluntary agreement,no.,na,na,na,na,na,na,na,na,na,na,na,na,na,na,na,na,na,na,na,na,na,na,6900,7315,7670,7860,7925,6750,6265,5990,5195,4880,4775,4582,3859,3839,3724,4149,3015,3047,3519,2882,2641,3635,3660,
Personal services income - Tax withheld - voluntary agreement,$,na,na,na,na,na,na,na,na,na,na,na,na,na,na,na,na,na,na,na,na,na,na,28309029,31992830,39205549,42522201,46478242,45143853,44233211,41640813,38371052,36085722,36668066,37967566,31111961,29477898,29635575,28793368,22219175,22785501,23937317,20474669,13661476,13259918,11777655,
Personal services income - Tax withheld where Australian business number not quoted,no.,na,na,na,na,na,na,na,na,na,na,na,na,na,na,na,na,na,na,na,na,na,na,1800,1470,1350,1275,1175,1055,915,855,845,845,895,937,927,895,770,1246,1035,1062,1522,1345,1342,1396,1454,
Personal services income - Tax withheld where Australian business number not quoted,$,na,na,na,na,na,na,na,na,na,na,na,na,na,na,na,na,na,na,na,na,na,na,2779429,3030833,3188445,2498111,2106539,2383752,1712224,1980181,1703419,1957976,2283417,2965451,2551828,4435350,2389180,2403757,2072757,1907337,3037717,2904911,2450379,4606087,3136843,
Personal services income - Tax withheld - labour hire or other specified payments,no.,na,na,na,na,na,na,na,na,na,na,na,na,na,na,na,na,na,na,na,na,na,na,9190,17660,19665,22685,25175,27840,27755,32600,30785,39850,49580,54192,52253,51428,57357,68828,57770,56348,68107,64222,75233,80110,57697,
Personal services income - Tax withheld - labour hire or other specified payments,$,na,na,na,na,na,na,na,na,na,na,na,na,na,na,na,na,na,na,na,na,na,na,30592384,59363154,71705908,85649494,104047473,121944593,121293118,144055236,158064851,210966630,286330230,365282212,378512620,350844225,369382362,385573770,329473840,357907674,493640204,562702269,616817171,679106257,578276754,
Personal services income - Net PSI - transferred from item P1,no.,na,na,na,na,na,na,na,na,na,na,na,na,na,na,na,na,na,na,na,na,na,na,na,na,na,na,na,na,97010,107375,105345,118470,131545,138197,134175,134694,143255,173102,174316,179174,201328,193978,206826,220589,203625,
Personal services income - Net PSI - transferred from item P1,$,na,na,na,na,na,na,na,na,na,na,na,na,na,na,na,na,na,na,na,na,na,na,na,na,na,na,na,na,1643921508,1917758337,2034125873,2343389549,2754957379,3105879105,3149107637,3089280885,3244529369,3599081923,3498897675,3737042296,4375894550,4501966476,4922679354,5447661344,5233935546,
Net income or loss from business,,,,,,,,,,,,,,,,,,,,,,,,,,,,,,,,,,,,,,,,,,,,,,,
Net income or loss from business - primary production - transferred from item P8,no.,85290,113870,115110,113475,111945,109430,108010,113205,110695,117360,119985,123640,118790,120820,122340,124185,119280,122815,123845,125890,125525,124095,116620,115810,117515,121910,128745,134565,136180,130795,118520,114030,107220,103226,103651,98732,95358,95954,99869,101872,80753,81659,86799,83595,78897,
Net income or loss from business - primary production - transferred from item P8,$,280103000,322659000,175012000,87331000,-104784000,71145000,-57029000,-111516000,6121000,136000000,121000000,14000000,-345000000,-384000000,-249000000,-148000000,-291000000,-373322978,-576465647,-692599591,-708163569,-729597416,-302259062,-146136835,-672755368,-837704283,-1172118477,-1498630806,-1802602773,-1565582638,-1346851845,-1012695512,-617808778,-806645681,-951002405,-850626452,-515367278,-399397679,-243006999,-577726659,-1113172774,-1301650277,-802533518,-488244196,-1027858991,
Net income or loss from business - non-primary production transferred from item P8,no.,209180,287835,303930,317605,324765,374560,396920,422695,437395,495100,549390,577540,584200,632020,686290,725120,747820,796115,789045,815455,844660,898215,790130,821855,862790,903140,933550,965445,1005240,1047165,1041140,1086455,1109445,1118112,1127819,1158839,1206875,1257018,1315191,1370661,1455966,1515646,1598294,1612599,1617354,
Net income or loss from business - non-primary production transferred from item P8,$,1163344000,1689002000,1907287000,1881573000,1965133000,2363407000,2678204000,3136435000,3555000000,4118000000,4876000000,5336000000,5169000000,5590000000,6363000000,7119000000,7856000000,8411958990,8698548270,9776062798,10960893919,12792307295,11185239938,12727828351,14029264793,15639962329,16699570540,18200223287,20553158257,21989025585,21920294717,24343088463,26991804285,27847042215,28290025809,30043500694,31196281406,32859807122,34455983414,36792276152,38859600770,39082574270,48092658163,45547062025,48097585121,
Net small business income,no.,na,na,na,na,na,na,na,na,na,na,na,na,na,na,na,na,na,na,na,na,na,na,na,na,na,na,na,na,na,na,na,na,na,na,na,na,1,712951,774716,834269,887075,1018808,1122606,1138634,1167766,
Net small business income,$,na,na,na,na,na,na,na,na,na,na,na,na,na,na,na,na,na,na,na,na,na,na,na,na,na,na,na,na,na,na,na,na,na,na,na,na,86,32815454572,29093003429,31722763931,33842596716,37591765805,47770858599,45989163279,48163417196,
Total small business income,no.,na,na,na,na,na,na,na,na,na,na,na,na,na,na,na,na,na,na,na,na,na,na,na,na,na,na,na,na,na,na,na,na,na,na,na,na,1,1115458,1250877,1333118,1384224,1512376,1639368,1647177,1643663,
Total small business income,$,na,na,na,na,na,na,na,na,na,na,na,na,na,na,na,na,na,na,na,na,na,na,na,na,na,na,na,na,na,na,na,na,na,na,na,na,86,39600250934,47816804244,52393156742,54969536508,58334954080,71226622647,72201211039,74601459354,
Net income or loss from business - Tax withheld - voluntary agreement,no.,na,na,na,na,na,na,na,na,na,na,na,na,na,na,na,na,na,na,na,na,na,na,23915,17510,13890,11975,11035,9865,8840,8170,6975,6220,5450,4617,3676,3201,2926,3158,2642,2501,2885,2946,3177,3722,3529,
Net income or loss from business - Tax withheld - voluntary agreement,$,na,na,na,na,na,na,na,na,na,na,na,na,na,na,na,na,na,na,na,na,na,na,123471579,99572863,84243496,77444435,77970737,76090147,70870239,67080893,61145673,53127397,49524259,45824496,35721732,31339624,29340804,28655202,25685779,23806027,24934647,23070853,21855303,21652517,19428801,
Net income or loss from business - Tax withheld where Australian business number not quoted,no.,na,na,na,na,na,na,na,na,na,na,na,na,na,na,na,na,na,na,na,na,na,na,3185,2020,1780,1710,1580,1350,1070,1035,995,950,835,917,936,1141,755,1345,1161,1293,2190,2482,2987,3046,2821,
Net income or loss from business - Tax withheld where Australian business number not quoted,$,na,na,na,na,na,na,na,na,na,na,na,na,na,na,na,na,na,na,na,na,na,na,4850210,4450413,3979568,3592166,3375667,2894562,2531603,2272732,2843188,2697148,2551247,3737731,2886808,3367351,2874059,2973076,2733849,3390890,9972733,16562786,23478327,3545268,3526653,
Net income or loss from business - Tax withheld - foreign resident withholding,no.,na,na,na,na,na,na,na,na,na,na,na,na,na,na,na,na,na,na,na,na,na,na,na,na,na,na,165,175,315,435,540,585,695,737,913,904,825,862,932,874,959,868,441,619,973,
Net income or loss from business - Tax withheld - foreign resident withholding,$,na,na,na,na,na,na,na,na,na,na,na,na,na,na,na,na,na,na,na,na,na,na,na,na,na,na,4699354,4033683,4389481,14532859,12046267,9002147,8907208,10624222,14542498,15864143,19341542,18859013,25816914,18473064,31580664,28310665,17716884,21709254,42851129,
Net income or loss from business - Tax withheld - labour hire or other specified payments,no.,na,na,na,na,na,na,na,na,na,na,na,na,na,na,na,na,na,na,na,na,na,na,5485,4615,4590,4955,4825,4890,4760,5640,5245,6485,7225,6648,5388,4641,4549,10379,6528,6943,9298,10292,12742,13660,11440,
Net income or loss from business - Tax withheld - labour hire or other specified payments,$,na,na,na,na,na,na,na,na,na,na,na,na,na,na,na,na,na,na,na,na,na,na,24487482,21963471,22499064,24562476,26215233,28761691,27055625,31216986,30262186,35804571,44601585,49548551,41291553,33161856,33557182,42697591,35215214,41094601,54287193,64759676,72697215,75545056,65384707,
Deferred non-commercial business losses,,,,,,,,,,,,,,,,,,,,,,,,,,,,,,,,,,,,,,,,,,,,,,,
Deferred non-commercial business losses - your share of deferred losses from partnership activities,no.,na,na,na,na,na,na,na,na,na,na,na,na,na,na,na,na,na,na,na,na,na,na,38980,41880,43980,43690,44165,44395,44490,41890,41360,42530,40940,40330,40114,38115,36999,35241,34919,31372,29752,28460,26926,26259,23863,
Deferred non-commercial business losses - your share of deferred losses from partnership activities,$,na,na,na,na,na,na,na,na,na,na,na,na,na,na,na,na,na,na,na,na,na,na,156219215,177507221,217312363,231100390,267691122,295298637,330418453,335051267,361716024,482397033,513746952,542439858,558276537,530165069,519018095,516776784,531329386,526416853,566955839,597751723,581817841,595844844,574625706,
Deferred non-commercial business losses - deferred losses from sole trader activities,no.,na,na,na,na,na,na,na,na,na,na,na,na,na,na,na,na,na,na,na,na,na,na,63985,78145,89990,98910,106020,113355,117715,117525,126260,135235,135675,137245,141004,142981,152907,158669,164952,168133,174270,184440,193512,201675,195989,
Deferred non-commercial business losses - deferred losses from sole trader activities,$,na,na,na,na,na,na,na,na,na,na,na,na,na,na,na,na,na,na,na,na,na,na,297281817,399473008,520526570,620952261,731179430,829815621,953717822,1035096182,1166790377,1478607706,1557548480,1753486655,1903493614,1973288976,2105326730,2278968489,2367987933,2475366967,2679773901,3013534965,3152844927,3449191383,3375303304,
Deferred non-commercial business losses - primary production deferred losses,no.,na,na,na,na,na,na,na,na,na,na,na,na,na,na,na,na,na,na,na,na,na,na,na,na,na,na,na,na,34945,32200,31430,33430,32325,31990,30980,28586,26203,25644,26166,26237,26227,25634,25802,25921,25319,
Deferred non-commercial business losses - primary production deferred losses,$,na,na,na,na,na,na,na,na,na,na,na,na,na,na,na,na,na,na,na,na,na,na,na,na,na,na,na,na,377377613,375382571,396285136,619545335,661404620,735226765,785254075,808639593,781057844,793105777,824213495,877859816,962744327,1066706208,1095774148,1117209614,1147700101,
Deferred non-commercial business losses - non-primary production deferred losses,no.,na,na,na,na,na,na,na,na,na,na,na,na,na,na,na,na,na,na,na,na,na,na,na,na,na,na,na,na,127325,127440,136470,144700,144740,146114,150680,153026,164137,168953,174455,174149,179185,188863,196307,203947,196416,
Deferred non-commercial business losses - non-primary production deferred losses,$,na,na,na,na,na,na,na,na,na,na,na,na,na,na,na,na,na,na,na,na,na,na,na,na,na,na,na,na,907017714,995076139,1133314751,1344548497,1410244068,1560726625,1676631404,1696257547,1842990583,2003185522,2053681722,2123964959,2284447849,2544588313,2639035267,2928944405,2802278273,
Net farm management deposits or repayments,,,,,,,,,,,,,,,,,,,,,,,,,,,,,,,,,,,,,,,,,,,,,,,
Net farm management deposits or repayments - deductible deposits,no.,na,na,na,na,na,na,na,na,na,na,na,na,na,na,na,na,na,na,na,na,na,na,na,na,na,na,na,na,na,na,na,na,na,15047,14178,15004,17940,18176,21831,19129,16954,13417,13234,15713,13486,
Net farm management deposits or repayments - deductible deposits,$,na,na,na,na,na,na,na,na,na,na,na,na,na,na,na,na,na,na,na,na,na,na,na,na,na,na,na,na,na,na,na,na,na,860615529,959859045,1002917893,1278214429,1396076541,2114624838,1728527387,1779555052,1366960022,1344948026,1786644884,1650177309,
Net farm management deposits or repayments - early repayments natural disaster,no.,na,na,na,na,na,na,na,na,na,na,na,na,na,na,na,na,na,na,na,na,na,na,na,na,na,na,na,na,na,na,na,na,na,34,19,29,65,91,185,243,349,349,276,251,293,
Net farm management deposits or repayments - early repayments natural disaster,$,na,na,na,na,na,na,na,na,na,na,na,na,na,na,na,na,na,na,na,na,na,na,na,na,na,na,na,na,na,na,na,na,na,1386705,454391,730996,5365905,7930331,15558520,18426673,32404028,28511959,28093507,25413851,26014651,
Net farm management deposits or repayments - other repayments,no.,na,na,na,na,na,na,na,na,na,na,na,na,na,na,na,na,na,na,na,na,na,na,na,na,na,na,na,na,na,na,na,na,na,11721,13724,12718,12516,14048,14404,15172,17612,17948,15912,12273,12529,
Net farm management deposits or repayments - other repayments,$,na,na,na,na,na,na,na,na,na,na,na,na,na,na,na,na,na,na,na,na,na,na,na,na,na,na,na,na,na,na,na,na,na,600445567,723505758,711271068,808752604,949763986,1074635695,1222911701,1596602046,1618229545,1608901535,1199480640,1250333320,
Net farm management deposits,no.,na,na,na,na,na,na,na,na,na,na,na,na,na,855,1570,1780,2390,4930,4190,4770,6310,6115,12380,27165,18985,14730,14540,12220,11415,12930,10220,8150,15470,12634,11049,12108,14800,14630,18253,15272,12484,9272,9606,12987,10611,
Net farm management deposits,$,na,na,na,na,na,na,na,na,na,na,na,na,na,-18000000,-33000000,-38000000,-55000000,-117336143,-90754282,-115957901,-158916709,-167658225,-411593479,-1022239655,-720930409,-463027874,-488584500,-404264190,-491189856,-571696233,-447665212,-317243778,-789606075,-586673172,-583110935,-637301298,-814568453,-867936084,-1437771721,-1011315493,-914890364,-651449068,-663851442,-1141808878,-1004738910,
Net farm management repayment,no.,na,na,na,na,na,na,na,1975,965,650,315,na,655,1360,950,910,1215,1080,1590,2000,2770,3650,2675,2355,9165,12570,11485,12205,12790,11355,10875,12310,8620,8938,10178,9201,8150,9661,9155,10159,13082,14714,13142,9126,9684,
Net farm management repayment,$,na,na,na,na,na,na,na,20000000,11000000,8000000,3000000,na,8000000,21000000,14000000,13000000,19000000,17344718,28176189,39650276,59448502,79013534,62516224,59692751,252399002,384069587,333220735,381668531,430946291,452671195,411040370,453992086,314971106,331415807,351085423,353105850,350472533,429553860,413341098,524126480,764341386,931230550,955898458,580058485,630909572,
Net farm management deposits or repayments,no.,na,na,na,na,na,na,na,na,na,na,na,na,na,na,na,na,na,na,na,na,na,na,na,na,na,na,na,na,na,na,na,20460,24090,21572,21227,21309,22950,24291,27408,25431,25566,23986,22748,22113,20295,
Net farm management deposits or repayments,$,na,na,na,na,na,na,na,na,na,na,na,na,na,na,na,na,na,na,na,na,na,na,na,na,na,na,na,na,na,na,na,136748308,-474634969,-255257365,-232025512,-284195448,-464095920,-438382224,-1024430623,-487189013,-150548978,279781482,292047016,-561750393,-373829338,
Capital gains,,,,,,,,,,,,,,,,,,,,,,,,,,,,,,,,,,,,,,,,,,,,,,,
Net capital gain,no.,na,na,na,na,na,na,na,na,25165,72210,151470,175780,160210,202250,251035,414630,332525,441800,695455,855740,972620,1031175,1441125,1140830,840580,1014565,1200660,1248545,1434310,1406695,544475,572415,587400,448197,531558,638955,706746,697726,737530,814620,789584,885543,1326455,1475992,1128827,
Net capital gain,$,na,na,na,na,na,na,na,na,103000000,350000000,970000000,951000000,735000000,918000000,1131000000,2440000000,1656000000,2311565029,3282635607,5147334900,6171731083,6325314900,6131267704,6837506302,7247383925,10981476028,13208972584,17297841077,27064478297,24348501048,11084491410,11819049644,12541830391,9837818636,10773957996,15343961120,18698468402,19454549056,21775476850,25509909782,21767661363,22485890515,38689889610,54198870451,37759697803,
Total current year capital gains,no.,na,na,na,na,na,na,na,na,na,na,na,na,na,na,na,na,na,na,na,na,na,1154970,1616905,1331010,1083260,1506670,1450705,1426670,1592150,1589720,761720,818610,849265,699451,799055,889161,943014,929911,963674,1040772,1005776,1131147,1631576,1813305,1466552,
Total current year capital gains,$,na,na,na,na,na,na,na,na,na,na,na,na,na,na,na,na,na,na,na,na,na,10767733746,13064179896,15692704245,17158109215,25624315011,30915500887,38884892415,58789071674,57086596868,28587908398,29923427203,31259860875,25708748639,27226021396,37056912237,43803745477,46033732151,51138365825,57531346276,49625408864,51420514296,83047324962,117718595280,84262124996,
Net capital losses carried forward to later income years,no.,na,na,na,na,na,na,na,na,na,na,na,na,na,na,na,na,na,169040,216680,268265,321960,334800,391925,490435,610320,869170,821075,707275,630350,638045,877600,927565,1006150,1070592,1083662,1036346,996782,969152,936190,918858,895687,966026,1048093,1174614,1169962,
Net capital losses carried forward to later income years,$,na,na,na,na,na,na,na,na,na,na,na,na,na,na,na,na,na,2000002046,2733144354,3499022311,3972571142,4657290779,4808237520,6022283516,7499732529,8130083082,8281109103,8166708309,8130279402,9808064029,18532579507,20106682369,22122718327,25783274117,27849138741,28408850270,28690840722,29009432544,28961873158,28964495714,29378479768,32754658223,34059197723,34500005940,35179346262,
Credit for foreign capital gains withholding amounts,no.,na,na,na,na,na,na,na,na,na,na,na,na,na,na,na,na,na,na,na,na,na,na,na,na,na,na,na,na,na,na,na,na,na,na,na,na,na,na,822,2473,2240,2797,4619,5710,4777,
Credit for foreign capital gains withholding amounts,$,na,na,na,na,na,na,na,na,na,na,na,na,na,na,na,na,na,na,na,na,na,na,na,na,na,na,na,na,na,na,na,na,na,na,na,na,na,na,84507982,222976695,175358799,217393302,364326782,488853480,426260008,
Foreign entities,,,,,,,,,,,,,,,,,,,,,,,,,,,,,,,,,,,,,,,,,,,,,,,
Foreign entities - controlled foreign company income,no.,na,na,na,na,na,na,na,na,na,na,na,na,na,na,na,na,na,na,na,na,na,na,na,na,na,na,na,na,10770,23770,8005,6780,7190,2930,1359,1110,3294,3819,713,969,1298,800,490,548,583,
Foreign entities - controlled foreign company income,$,na,na,na,na,na,na,na,na,na,na,na,na,na,na,na,na,na,na,na,na,na,na,na,na,na,na,na,na,35952476,31970673,14978352,8317631,7061306,17341204,21390405,32357740,29109886,41771992,30515436,31515492,33752811,31512129,29904617,48506504,13363018,
Foreign entities - transferor trust income,no.,na,na,na,na,na,na,na,na,na,na,na,na,na,na,na,na,na,na,na,na,na,na,na,na,na,na,na,na,80,135,675,335,540,465,543,580,440,410,312,332,248,62,66,66,51,
Foreign entities - transferor trust income,$,na,na,na,na,na,na,na,na,na,na,na,na,na,na,na,na,na,na,na,na,na,na,na,na,na,na,na,na,4178466,2402009,2380464,1379496,3335434,6500731,12011611,13591153,19866812,18165185,2027052,2126076,4205788,2663428,3231132,2796569,2270266,
Foreign source income and foreign assets or property,,,,,,,,,,,,,,,,,,,,,,,,,,,,,,,,,,,,,,,,,,,,,,,
Assessable foreign source income,no.,na,na,na,na,na,na,na,na,na,na,na,na,na,na,na,na,na,na,na,na,na,669315,731900,831365,915295,943490,1014775,1069880,1107095,1100500,993275,944855,897545,824141,780331,732738,744795,775528,763664,814942,834111,866744,1010161,1193194,1204190,
Assessable foreign source income,$,na,na,na,na,na,na,na,na,na,na,na,na,na,na,na,na,na,na,na,na,na,1746589220,1901128331,1851715819,2007711319,2161761148,2372235033,2672389365,3276516867,3538452973,3526631476,3567707326,3606987037,3782187037,4064149046,4944700465,6499831513,6315763638,6439577846,97020277085,7521622065,8025158682,8390528595,8782379898,8644676059,
Other net foreign employment income,no.,na,na,na,na,na,na,na,na,na,na,na,na,na,na,na,na,na,na,na,na,na,na,na,na,na,na,na,na,na,na,na,23890,23330,23958,25867,24396,25082,28466,31206,34152,34757,35177,26304,25192,26271,
Other net foreign employment income,$,na,na,na,na,na,na,na,na,na,na,na,na,na,na,na,na,na,na,na,na,na,na,na,na,na,na,na,na,na,na,na,1105723063,1178780820,1374972303,1568874770,1752457483,1936351733,1895771992,1898611481,2230693885,2258819640,2343562505,2043533437,2000422160,2011587558,
Net foreign pension or annuity income without an undeducted purchase price,no.,na,na,na,na,na,na,na,na,na,na,na,na,na,na,na,na,na,na,na,na,na,na,na,na,na,na,na,na,na,na,na,54190,55210,56074,56673,57106,58137,58634,59123,59651,60733,64398,66122,66422,65951,
Net foreign pension or annuity income without an undeducted purchase price,$,na,na,na,na,na,na,na,na,na,na,na,na,na,na,na,na,na,na,na,na,na,na,na,na,na,na,na,na,na,na,na,473715799,454530341,450116714,475838178,553861210,608347198,682943641,640490934,684975177,755746978,860525543,888201879,936896453,971061135,
Net foreign pension or annuity income with an undeducted purchase price,no.,na,na,na,na,na,na,na,na,na,na,na,na,na,na,na,na,na,na,na,68655,72480,77760,58950,53805,54050,56180,59725,61005,60205,56745,53835,51635,49870,48244,46132,45246,44393,42451,41242,40025,38765,33093,32096,30818,30444,
Net foreign pension or annuity income with an undeducted purchase price,$,na,na,na,na,na,na,na,na,na,na,na,na,na,na,na,na,na,na,na,385199943,447099789,468557107,415183433,407138920,421349746,410245598,445130068,449385498,455954399,428052703,434686851,376403504,334531972,320722513,320898166,376602783,405470413,434709047,388557826,405040386,426170122,401826954,393713634,396340530,413849735,
Net foreign rent,no.,na,na,na,na,na,na,na,na,na,na,na,na,na,na,na,na,na,na,na,na,na,na,na,na,na,na,na,na,na,na,19975,26580,31340,37409,41595,44124,44997,44349,44268,45532,46554,50754,50433,49759,47772,
Net foreign rent,$,na,na,na,na,na,na,na,na,na,na,na,na,na,na,na,na,na,na,na,na,na,na,na,na,na,na,na,na,na,na,28799877,39209143,36076946,57207573,75244036,110283789,143509531,182046413,199869312,256395578,286451622,349310649,346813166,385329220,372644773,
Other net foreign source income,no.,na,na,na,na,na,na,na,na,na,na,na,na,na,144130,186265,243695,248065,296340,333340,386835,453780,538345,626660,734690,823750,849530,910810,963555,1004660,1003110,887730,845720,796990,719412,671765,623942,633390,652603,632044,673056,687952,721850,872515,1055194,1063463,
Other net foreign source income,$,na,na,na,na,na,na,na,na,na,na,na,na,na,256000000,291000000,298000000,269000000,347948934,392110227,548774573,576485248,626988920,744276220,799860245,870904977,957915599,1068604167,1332878340,1694020116,2057106839,1788475179,1462504768,1484564766,1449874393,1487676718,2001353830,2335707190,2573949209,2625642214,2702343234,3088927458,3367591465,3946712399,4399485848,4056928942,
Australian franking credits from a New Zealand franking company,no.,na,na,na,na,na,na,na,na,na,na,na,na,na,na,na,na,na,na,na,na,na,na,na,na,na,6735,7980,8905,6560,7220,5480,4980,8980,26667,28161,18553,16200,7910,5575,9530,10320,8110,10455,18889,20677,
Australian franking credits from a New Zealand franking company,$,na,na,na,na,na,na,na,na,na,na,na,na,na,na,na,na,na,na,na,na,na,na,na,na,na,725578,991562,1276827,1403123,1853791,1545617,1308068,1333958,1787373,2433458,1979260,1696590,1216534,1527597,1904676,1953881,2984701,2341385,3891298,3788900,
Net foreign employment income - payment summary,no.,na,na,na,na,na,na,na,na,na,na,na,na,na,na,na,na,na,na,na,na,na,na,na,na,na,na,na,na,na,na,na,5355,6165,6478,6684,8932,10399,8931,8762,8336,9173,8326,6062,6376,6152,
Net foreign employment income - payment summary,$,na,na,na,na,na,na,na,na,na,na,na,na,na,na,na,na,na,na,na,na,na,na,na,na,na,na,na,na,na,na,na,383647266,459132128,542130462,605672314,702594748,785896278,770613861,704993774,576653127,610428356,579035254,464024479,459709875,458434260,
Exempt foreign employment income,no.,na,na,na,na,na,na,na,na,na,na,na,na,na,na,na,na,na,14815,na,na,na,18095,19810,22270,22795,25045,25040,26420,28170,28725,24840,8155,6165,5576,5163,4274,4314,5837,5322,5102,4795,4824,3066,2960,3058,
Exempt foreign employment income,$,na,na,na,na,na,na,na,na,na,na,na,na,na,na,na,na,na,486834438,na,na,na,802989545,992735743,1212504740,1185851193,1179228206,1278094064,1365073575,1630647403,1763501410,1898135008,425068486,362406767,336234951,326576072,303364628,283370040,300288697,264393548,265524146,254383134,217593242,170942703,173513660,182901322,
Foreign income tax offset,no.,na,na,na,na,na,na,na,na,na,34285,33030,82140,93865,122860,162385,192125,168270,266940,292190,323315,354295,332215,411705,481465,570475,628080,684270,761405,772735,742335,651010,741610,691350,626634,618389,566473,590871,616170,596569,615580,621280,686560,831692,990080,1024283,
Foreign income tax offset,$,na,na,na,na,na,na,na,na,na,20000000,21000000,46000000,44000000,46000000,50000000,51000000,51000000,62014049,80191206,94214961,102622836,108466157,134264917,131598564,136410653,150199020,178849949,224957333,245085504,267283528,244395182,483565730,563581848,651300893,771563846,937139454,1068682215,1075084614,1077383783,1213781859,1255764317,1251703408,1368401870,1422642495,1304464433,
Rent,,,,,,,,,,,,,,,,,,,,,,,,,,,,,,,,,,,,,,,,,,,,,,,
Rent - gross rent,no.,274040,330065,367140,398840,na,na,na,504830,510810,561525,607865,na,na,na,na,969570,1034110,1139855,1196790,1239295,1276350,1352200,1381970,1426555,1480480,1553565,1588005,1642300,1700340,1756935,1766595,1831570,1886485,1966949,2034929,2098593,2145508,2192661,2252792,2303981,2335511,2368203,2388065,2370900,2270671,
Rent - gross rent,$,736666000,991812000,1188078000,1433287000,na,na,na,2603485000,2870000000,3199000000,3617000000,na,5706000000,6334000000,6916000000,7439000000,8204000000,9360556789,10100514242,10750599049,11369255419,12402571705,13454798381,14337280240,15553863159,17259507886,18881342594,20520296684,22491658271,25053768178,27682808644,29846238411,32625707605,35891037904,38477631022,40662775479,42475309202,44430177886,46418033330,48659152597,50652611304,51646192048,52073838992,52833192422,56103387603,
Rent - interest deductions,no.,na,na,na,na,na,na,na,na,na,na,na,na,na,na,581865,647835,700535,785055,831785,872605,913350,990170,1030690,1085525,1149830,1228425,1263240,1313900,1368475,1427435,1434635,1491330,1543135,1612217,1669158,1724146,1762624,1796594,1838176,1870131,1878695,1882013,1872671,1838088,1740960,
Rent - interest deductions,$,na,na,na,na,na,na,na,na,na,na,na,na,na,na,3405000000,3501000000,4217000000,5228416592,5206008833,4902710947,5001371247,5848682492,7226796301,7235387046,8625647434,10867625327,13062002276,14926458448,17465169502,21103962351,20698701840,19678211311,24163374178,25605226320,23777820301,22472268815,22659328322,22992641201,23135374002,25005622695,25467845863,22776052907,19108044244,16771184762,23998246472,
Rent - capital works deductions,no.,na,na,na,na,na,na,na,na,na,na,na,na,na,na,na,na,na,na,na,201155,245500,293780,321770,367655,413025,467795,509315,550815,596965,639310,670370,725475,775560,838578,899012,962274,1021044,1072989,1132087,1170158,1196083,1231460,1254196,1249355,1208377,
Rent - capital works deductions,$,na,na,na,na,na,na,na,na,na,na,na,na,na,na,na,na,na,na,na,330714849,404041774,491470006,572576125,664306865,761039191,898287848,1035350123,1169519735,1319012685,1461928165,1615867449,1811281971,2044851832,2292925406,2574197843,2870943468,3173152487,3444468051,3760295022,4037396005,4285342432,4535683709,4689345892,4654740671,4591416121,
Rent - other rental deductions,no.,na,na,na,na,na,na,na,na,na,na,na,na,na,na,881920,959790,1024710,1130425,1188015,1232490,1271735,1350630,1378010,1427660,1483110,1555860,1589810,1645640,1704720,1762455,1769655,1837750,1894210,1974970,2043983,2109838,2158533,2205174,2264801,2314244,2342243,2368589,2389366,2371804,2269261,
Rent - other rental deductions,$,na,na,na,na,na,na,na,na,na,na,na,na,na,na,3287000000,3539000000,3981000000,4550435909,4875523095,4932207891,5265410313,5906740098,6456410661,7060370749,7692634752,8549238644,9243162593,9952775810,10680881047,11552546512,12413133654,13606961407,14847606907,16368802045,17857654101,19254380902,20499458222,21740698520,22908197038,23427880988,24085424640,24467400979,24870476604,25208450396,25876383408,
Rent - total deductions,no.,na,na,na,na,na,na,na,na,na,na,na,na,na,na,na,na,na,na,na,na,na,na,na,na,na,na,na,na,na,na,na,na,na,na,na,na,na,na,na,na,2350959,2375696,2396328,2378879,2276226,
Rent - total deductions,$,na,na,na,na,na,na,na,na,na,na,na,na,na,na,na,na,na,na,na,10165633687,10670823334,12246892596,14255783087,14960064660,17079321377,20315151819,23340514992,26048753993,29465063234,34118437028,34727702943,35096454689,41055832917,44266953771,44209672245,44597593185,46331939031,48177807772,49803866062,52470899688,53838612935,51779137595,48667866740,46634375829,54466046001,
Net rent – profit,no.,na,na,na,na,na,na,na,na,na,na,na,na,na,na,na,480735,482505,505855,555755,607300,636555,628980,582670,616700,596840,574160,554500,553730,549885,542680,606710,676490,629940,660709,740081,811256,835643,865679,910210,935426,980706,1109882,1275522,1386138,1153490,
Net rent – profit,$,na,na,na,na,na,na,na,na,na,na,na,na,na,na,na,2270000000,2350000000,2550190113,2796411835,3011974543,3194420389,3266612704,3252070646,3421754510,3466336692,3524479024,3605852890,3766451723,3979153116,4247247908,4957624208,5609027651,5754778053,6214690979,6943473906,7542017662,7826134911,8169702010,8580878859,8968129477,9410539965,10196496452,11370054408,12586860433,12145665536,
Net rent – neutral,no.,na,na,na,na,na,na,na,na,na,na,na,na,na,na,na,na,na,na,na,na,na,na,na,na,na,na,na,na,na,na,na,na,na,na,2855,3039,3435,3574,3782,3872,3857,3855,3700,3878,4001,
Net rent – loss,no.,na,na,na,na,na,na,na,na,na,na,na,na,na,na,na,499735,561630,643555,650405,623620,649680,736810,809280,825080,900840,996835,1050270,1106470,1170485,1236215,1178155,1177340,1280935,1330377,1319730,1314239,1338286,1354683,1369988,1394519,1377248,1272939,1127932,1000238,1129248,
Net rent – loss,$,na,na,na,na,na,na,na,na,na,na,na,na,na,na,na,-1872000000,-2345000000,-2968110454,-2777190348,-2412679911,-2495966765,-3110944665,-4053057665,-4044538930,-4991797313,-6580122957,-8065025288,-9294909032,-10952558079,-13311916758,-12002518507,-10859243929,-14115137656,-14574254038,-12676789164,-11513026280,-11682573164,-11917279725,-11966211441,-12779624231,-12596599515,-10321382613,-7960996725,-6386892826,-10553964557,
Net rent2,no.,na,na,na,na,na,na,na,na,na,na,na,696355,764405,837865,907130,980470,1044135,1149410,1206160,1230920,1286230,1365790,1391950,1441780,1497685,1570995,1604770,1660200,1720370,1778890,1784865,1853830,1910875,1991086,2062666,2128534,2177364,2223936,2283980,2333817,2361811,2386676,2407154,2390254,2286739,
Net rent2,$,na,na,na,na,na,na,na,na,na,na,na,-275000000,-390000000,-122000000,224000000,399000000,6000000,-417920341,19221487,599294631,698453624,155668039,-800987019,-622784420,-1525460621,-3055643933,-4459172398,-5528457309,-6973404963,-9064668850,-7044894299,-5250216278,-8360359603,-8359563059,-5733315258,-3971008618,-3856438253,-3747577715,-3385332582,-3811494754,-3186059550,-124886161,3409057683,6199967607,1591700979,
Bonuses from life insurance companies and friendly societies,no.,na,na,na,na,na,na,na,3815,6720,11970,19290,41950,47510,42610,45995,45335,45960,47005,35280,19825,14060,11960,8570,5355,3725,3010,2670,2330,2300,2070,1485,1100,1040,887,929,741,661,532,659,689,762,709,676,656,730,
Bonuses from life insurance companies and friendly societies,$,na,na,na,na,na,na,na,3000000,12000000,33000000,48000000,129000000,178000000,166000000,192000000,208000000,230000000,219755123,146990881,71824257,49838890,43983757,35107213,26720846,12619123,10808940,11763138,13095257,19324006,13710764,8529720,4758261,6050567,4510953,4812176,5086486,5355525,4394957,5812801,6951448,6873778,6922108,5625028,8021405,7933956,
Forestry managed investment scheme income,no.,na,na,na,na,na,na,na,na,na,na,na,na,na,na,na,na,na,na,na,na,na,na,na,na,na,na,na,na,na,1170,1880,3460,1750,2290,3562,3259,1110,1213,2232,625,417,332,216,202,132,
Forestry managed investment scheme income,$,na,na,na,na,na,na,na,na,na,na,na,na,na,na,na,na,na,na,na,na,na,na,na,na,na,na,na,na,na,13349140,15853944,31005714,14040491,14023671,41661071,12799503,7761056,8863955,8693650,6044810,6998270,8015192,3237416,2518222,3499010,
Other income - category 1,no.,na,na,na,na,na,na,na,na,na,na,na,na,na,na,na,na,na,na,na,38875,4475,40390,79185,63665,60095,70440,82665,86715,103570,209800,284500,412305,774245,880532,789842,752020,700069,251267,233385,147358,144280,107094,117051,163283,148980,
Other income - category 1,$,na,na,na,na,na,na,na,na,na,na,na,na,na,na,na,na,na,na,na,195691248,40771782,278883489,359846650,426881947,436779652,568761979,809723159,1128165278,1601344198,1911209962,2041410498,1156349226,1287200150,1361379291,1387446237,1370153275,1377237764,1365503471,1448197454,1417251917,1394988416,993973613,1136356928,1274243416,1072554565,
Other income - category 2,no.,na,na,na,na,na,na,na,na,na,na,na,na,na,na,na,na,na,na,na,114500,90140,108440,114435,112970,81865,112350,116600,122075,122885,133655,123300,128245,152515,159386,172207,135359,121530,104700,102459,na,na,na,37148,33991,37834,
Other income - category 2,$,na,na,na,na,na,na,na,na,na,na,na,na,na,na,na,na,na,na,na,552611932,712297453,873199597,995125153,1021964588,847053414,908799029,1031338621,1091633892,1282714945,1117156335,946213618,641707881,627385602,642073233,712589075,703916548,758572406,918317060,882717031,na,na,na,105131877,127640301,121340122,
Other income - category 2 (ATO interest),no.,na,na,na,na,na,na,na,na,na,na,na,na,na,na,na,na,na,na,na,na,na,na,na,na,na,na,na,na,na,na,na,na,na,na,na,na,na,na,na,70806,68541,54001,37148,33991,37834,
Other income - category 2 (ATO interest),$,na,na,na,na,na,na,na,na,na,na,na,na,na,na,na,na,na,na,na,na,na,na,na,na,na,na,na,na,na,na,na,na,na,na,na,na,na,na,na,125118897,116126183,127226011,105131877,127641954,121340122,
Other income - category 3,no.,na,na,na,na,na,na,na,na,na,na,na,na,na,na,na,na,na,na,na,na,na,na,na,na,na,na,na,na,na,na,na,na,na,na,na,na,na,na,na,na,26,na,na,na,na,
Other income - category 3,$,na,na,na,na,na,na,na,na,na,na,na,na,na,na,na,na,na,na,na,na,na,na,na,na,na,na,na,na,na,na,na,na,na,na,na,na,na,na,na,na,853199,na,na,na,na,
Other income - category 3 (FHSS),no.,na,na,na,na,na,na,na,na,na,na,na,na,na,na,na,na,na,na,na,na,na,na,na,na,na,na,na,na,na,na,na,na,na,na,na,na,na,na,na,na,5038,7541,9383,8737,8200,
Other income - category 3 (FHSS),$,na,na,na,na,na,na,na,na,na,na,na,na,na,na,na,na,na,na,na,na,na,na,na,na,na,na,na,na,na,na,na,na,na,na,na,na,na,na,na,na,46246949,78412316,112527387,106975639,118674805,
Other income - category 4,no.,na,na,na,na,na,na,na,na,na,na,na,na,na,na,na,na,na,na,na,na,na,na,na,na,na,na,na,na,na,na,na,na,na,na,na,na,na,na,na,na,149822,211308,212438,313134,185888,
Other income - category 4,$,na,na,na,na,na,na,na,na,na,na,na,na,na,na,na,na,na,na,na,na,na,na,na,na,na,na,na,na,na,na,na,na,na,na,na,na,na,na,na,na,1006529582,1600005257,1778820114,2105650149,1802698194,
Other income - tax withheld - lump sum payments in arrears,no.,na,na,na,na,na,na,na,na,na,na,na,na,na,na,na,na,na,na,na,na,na,2475,5335,3640,4185,3255,4055,3305,2785,2500,2150,2650,2800,2913,3041,3434,3524,3218,4421,4365,4449,5503,6813,13517,9654,
Other income - tax withheld - lump sum payments in arrears,$,na,na,na,na,na,na,na,na,na,na,na,na,na,na,na,na,na,na,na,na,na,7358089,8185287,7526476,10003286,10229906,12716324,11497231,11185811,9186878,8113769,9113901,8216048,8675899,10789844,11632556,12556781,16228863,34483662,30238258,22670976,20374094,29754323,31156220,23100444,
Other income - taxable professional income,no.,na,na,na,na,na,na,na,na,na,na,na,na,na,na,na,na,na,na,na,na,na,4105,3950,4455,4860,5425,5790,5950,6680,7615,9175,12045,15725,16012,17643,17610,18000,17323,18575,19680,20531,21392,21635,22460,21164,
Other income - taxable professional income,$,na,na,na,na,na,na,na,na,na,na,na,na,na,na,na,na,na,na,na,na,na,132037037,134773055,176990985,203019683,235404370,251438723,264360505,312265272,392577070,458958150,504855586,604761536,682740902,745540288,846528429,919468511,1041307846,1189661419,1303775636,1390352617,1349488821,1457881640,1673832127,1735181218,
Other income - tax withheld - assessable FHSS released amount,no.,na,na,na,na,na,na,na,na,na,na,na,na,na,na,na,na,na,na,na,na,na,na,na,na,na,na,na,na,na,na,na,na,na,na,na,na,na,na,na,na,2903,5793,7692,7008,6814,
Other income - tax withheld - assessable FHSS released amount,$,na,na,na,na,na,na,na,na,na,na,na,na,na,na,na,na,na,na,na,na,na,na,na,na,na,na,na,na,na,na,na,na,na,na,na,na,na,na,na,na,2397406,5062220,6742814,5975771,7514559,
Total supplement income or loss2,no.,na,na,na,na,na,na,na,na,na,na,na,na,na,na,na,na,na,na,na,na,na,na,na,na,na,na,na,na,4706460,4847675,4631315,4791400,5008755,5019962,5029777,5065814,5190987,5107653,5228125,5369375,5492794,5633590,5975054,6159445,5848729,
Total supplement income or loss2,$,na,na,na,na,na,na,na,na,na,na,na,na,na,na,na,na,na,na,na,na,na,na,na,na,na,na,na,na,83214011701,84503374044,73625992375,80146064112,88470073775,89653562522,94804401193,107482080298,115048001188,120696679614,127634951573,137077880417,139618332403,143229816158,184392611839,209992529086,189512645491,
Supplementary section - Deductions,,,,,,,,,,,,,,,,,,,,,,,,,,,,,,,,,,,,,,,,,,,,,,,
Deductible amount of undeducted purchase price of a foreign pension or annuity,no.,na,na,na,na,na,na,na,na,na,na,na,na,na,na,na,na,na,na,na,na,na,68455,50370,45975,46905,49360,52615,50915,50260,46650,44910,41575,40085,38369,35974,35452,35096,34832,33721,32646,31361,32572,31687,30441,30103,
Deductible amount of undeducted purchase price of a foreign pension or annuity,$,na,na,na,na,na,na,na,na,na,na,na,na,na,na,na,na,na,na,na,na,na,61691483,48953946,46001207,48752990,48562604,52769362,51904094,51981621,49159105,52163931,43746753,37455033,35100852,33740594,38695116,40650828,44839059,41065821,41493601,44164233,52957832,51737697,51427761,57188477,
Personal superannuation contributions,no.,na,na,na,na,na,na,na,547895,623060,739840,894515,1214680,1373985,1312325,287920,243810,226070,225270,211375,205585,203300,193185,186405,190110,174970,179005,185790,209825,260690,235385,198595,186990,193600,190315,187850,200392,211040,212393,218302,363074,447114,488898,591114,663660,679004,
Personal superannuation contributions,$,na,na,na,na,na,na,na,425748000,556000000,698000000,1091000000,1493000000,2003000000,2142000000,791000000,809000000,694000000,883474700,849647232,961375319,1097333270,1132960376,1191145367,1358774757,1375499745,1649981105,2077254655,3985399405,8306898346,7504047215,6347226543,3951155820,4327123856,4490444567,2964496221,3719730605,4472750101,4619965036,4913970333,5198711715,6012109738,6648473158,9216499910,11755583424,11801068319,
Deduction for project pool,no.,na,na,na,na,na,na,na,na,na,na,na,na,na,na,na,na,na,na,na,na,na,na,na,7090,1155,1145,1000,795,915,590,820,1005,2270,2371,2632,1955,1487,1616,1392,1207,585,900,1213,1170,1660,
Deduction for project pool,$,na,na,na,na,na,na,na,na,na,na,na,na,na,na,na,na,na,na,na,na,na,na,na,4514222,2779987,2953854,3208392,3309801,4057657,3667864,2058904,1932976,2823715,2712245,2266806,1808139,1386265,2185181,1904722,2079987,2111652,14234917,8273214,8128295,11028165,
Forestry managed investment scheme deduction,no.,na,na,na,na,na,na,na,na,na,na,na,na,na,na,na,na,na,na,na,na,na,na,na,na,na,na,na,na,na,12385,13540,14695,13620,12230,9258,5490,4578,3736,3041,2519,2123,1836,1592,1561,1440,
Forestry managed investment scheme deduction,$,na,na,na,na,na,na,na,na,na,na,na,na,na,na,na,na,na,na,na,na,na,na,na,na,na,na,na,na,na,276354189,158275825,96419647,90351871,74757881,86409038,67149641,76785700,63251401,22622734,15578908,13469939,11822539,14670990,8749617,7135226,
Election expenses,no.,na,na,na,na,na,na,na,na,na,na,na,na,na,na,na,na,na,na,na,na,na,na,na,na,na,na,na,na,2315,2175,2140,2000,2175,2174,6132,5067,4604,6538,7226,6857,6114,4865,4665,6614,6362,
Election expenses,$,na,na,na,na,na,na,na,na,na,na,na,na,na,na,na,na,na,na,na,na,na,na,na,na,na,na,na,na,9558481,7937494,6463460,6037650,4900393,4660197,14296279,13173978,12906419,12632032,14987170,15425385,13312918,7645786,9826694,11464288,8844866,
Other deductions,no.,2650310,na,2876865,3101075,3214620,3319625,3637825,3999525,3946815,na,na,4566305,4694420,5147320,3754520,3904785,4084225,4280690,172995,127170,214990,275020,316370,350645,371515,411105,435120,460820,498400,547920,578670,621525,660390,704841,699741,690700,692962,732282,750774,738677,699733,705775,687904,683426,663223,
Other deductions,$,507398000,550810000,700771000,889926000,1065032000,1291987000,1683746000,2458151000,2210112000,na,na,1003000000,1129000000,1398000000,1009000000,1139000000,1385000000,1337465974,247151553,328364719,702208391,906216310,1007260078,989035933,1043632399,1159414712,1208222760,1302652415,1423873770,1679780247,1811844498,1835660045,1690200722,1785233843,1799946536,1865261030,1946482956,2124443863,2199536798,2259920477,2253578734,2391743111,2526125804,2616065598,2628145083,
Total supplement deductions2,no.,na,na,na,na,na,na,na,na,na,na,na,na,na,na,na,na,na,na,na,na,na,na,na,na,na,na,na,na,779050,809985,804375,832565,886815,911506,903636,901231,910792,951408,973805,1084273,1117321,1157955,1230024,1289298,1287535,
Total supplement deductions2,$,na,na,na,na,na,na,na,na,na,na,na,na,na,na,na,na,na,na,na,na,na,na,na,na,na,na,na,na,9812713695,9536876051,8446398035,5938017697,6152910366,6392905757,4901155474,5705818509,6550962269,6867316572,7194087578,7533210073,8338747214,9126877343,11827134309,14451418983,14513410136,
Supplementary section - Tax offsets,,,,,,,,,,,,,,,,,,,,,,,,,,,,,,,,,,,,,,,,,,,,,,,
Superannuation contributions on behalf of your spouse tax offset,no.,na,na,na,na,na,na,na,na,na,na,na,na,na,na,na,na,na,na,na,na,na,27575,32005,33870,30675,33455,35665,35320,26140,20985,16730,16360,15185,13507,12503,12217,11751,10427,10708,18648,21448,22863,25570,24901,23919,
Superannuation contributions on behalf of your spouse tax offset,$,na,na,na,na,na,na,na,na,na,na,na,na,na,na,na,na,na,na,na,na,na,11742560,13635232,14641367,13027148,14408568,15411307,15427449,10768958,8404142,6582235,6614768,6125973,5404397,5039221,5055019,4978498,4591729,4808999,8835952,10086524,10843854,12299592,12040271,11601619,
Zone or overseas forces tax offset,no.,259205,466345,303035,322155,332880,342490,351810,367550,373015,387195,406430,na,429935,436705,441415,454035,470750,508130,515775,515440,512795,510520,504025,509320,518850,528960,543650,562615,584395,609255,609745,613955,592490,665642,677842,672516,640104,519067,501939,495783,479078,462509,456382,447919,441873,
Zone or overseas forces tax offset,$,33072000,46061000,43311000,85717000,93166000,98912000,111868000,119846000,117000000,125000000,128000000,na,145000000,150000000,163000000,179000000,183000000,199325382,205017836,208876221,208667981,204640427,201270856,208118577,214391055,219375654,226265276,234806688,247025221,266347474,268465304,271529891,269007060,309917713,333833862,335628807,277893572,170008260,160646104,158369606,151687445,143601377,141289213,138467881,139607086,
Invalid and carer tax offset (dependent),no.,na,na,na,na,na,na,na,na,na,na,na,na,na,na,na,na,na,na,na,na,na,11780,12945,12750,12280,13960,18070,25165,29600,30135,31915,32670,30860,17543,13861,5925,6587,4737,4021,3477,2886,2609,2202,1915,1905,
Invalid and carer tax offset (dependent),$,6774000,3830000,5728000,5800000,5530000,5976000,6399000,na,na,na,na,na,na,na,na,na,na,na,na,na,na,13690500,16406068,15945550,14571634,17179945,23203074,33496986,43346423,44726544,46418617,47737302,45252414,24527862,25661331,8476975,9613983,7386212,6058629,5438432,4740011,4598784,3950071,3406685,3562420,
Landcare and water facility tax offset,no.,na,na,na,na,na,na,na,na,na,na,na,na,na,na,na,na,na,na,na,na,na,490,425,355,225,125,145,100,60,55,185,240,220,211,680,194,88,60,66,66,106,125,182,168,152,
Landcare and water facility tax offset,$,na,na,na,na,na,na,na,na,na,na,na,na,na,na,na,na,na,na,na,na,na,244881,309399,349600,269787,95506,147621,103418,52631,42982,196859,301763,244882,201099,415702,135366,120379,84967,160324,100049,184694,347788,510273,433520,402367,
Early stage venture capital limited partnership tax offset - Current year tax offset,no.,na,na,na,na,na,na,na,na,na,na,na,na,na,na,na,na,na,na,na,na,na,na,na,na,na,na,na,na,na,na,na,na,na,na,na,na,na,na,1664,2185,2862,1463,3531,4280,4279,
Early stage venture capital limited partnership tax offset - Current year tax offset,$,na,na,na,na,na,na,na,na,na,na,na,na,na,na,na,na,na,na,na,na,na,na,na,na,na,na,na,na,na,na,na,na,na,na,na,na,na,na,3157222,6260079,6735859,9471170,12104536,15710960,12301963,
Early stage venture capital limited partnership tax offset - Tax offset carried forward from previous year,no.,na,na,na,na,na,na,na,na,na,na,na,na,na,na,na,na,na,na,na,na,na,na,na,na,na,na,na,na,na,na,na,na,na,na,na,na,na,na,na,na,464,477,512,802,1004,
Early stage venture capital limited partnership tax offset - Tax offset carried forward from previous year,$,na,na,na,na,na,na,na,na,na,na,na,na,na,na,na,na,na,na,na,na,na,na,na,na,na,na,na,na,na,na,na,na,na,na,na,na,na,na,na,na,1116682,1316967,3007418,3303149,3776328,
Early stage investor tax offset - Current year tax offset,no.,na,na,na,na,na,na,na,na,na,na,na,na,na,na,na,na,na,na,na,na,na,na,na,na,na,na,na,na,na,na,na,na,na,na,na,na,na,na,2029,1918,2012,2089,2849,2854,1944,
Early stage investor tax offset - Current year tax offset,$,na,na,na,na,na,na,na,na,na,na,na,na,na,na,na,na,na,na,na,na,na,na,na,na,na,na,na,na,na,na,na,na,na,na,na,na,na,na,26073687,21906005,24104565,26872715,32803227,29624661,19806727,
Early stage investor tax offset - Tax offset carried forward from previous year,no.,na,na,na,na,na,na,na,na,na,na,na,na,na,na,na,na,na,na,na,na,na,na,na,na,na,na,na,na,na,na,na,na,na,na,na,na,na,na,na,na,383,472,617,778,815,
Early stage investor tax offset - Tax offset carried forward from previous year,$,na,na,na,na,na,na,na,na,na,na,na,na,na,na,na,na,na,na,na,na,na,na,na,na,na,na,na,na,na,na,na,na,na,na,na,na,na,na,na,na,4848681,6345202,9317085,11307971,11829804,
Other non-refundable tax offsets - land transport facilities or infrastructure borrowings,no.,na,na,na,na,na,na,na,na,na,na,na,na,na,na,na,na,na,na,na,na,na,na,na,na,na,na,na,na,na,na,na,na,na,na,na,87,58,100,119,113,95,67,na,na,na,
Other non-refundable tax offsets - land transport facilities or infrastructure borrowings,$,na,na,na,na,na,na,na,na,na,na,na,na,na,na,na,na,na,na,na,na,na,na,na,na,na,na,na,na,na,na,na,na,na,na,na,142296,102191,164198,213765,267140,248226,100757,na,na,na,
Other non-refundable tax offsets - heritage conservation work or a JPDA tax offset,no.,na,na,na,na,na,na,na,na,na,na,na,na,na,na,na,na,na,na,na,na,na,na,na,na,na,na,na,na,na,na,na,na,na,na,na,159,252,251,134,154,159,408,na,na,na,
Other non-refundable tax offsets - heritage conservation work or a JPDA tax offset,$,na,na,na,na,na,na,na,na,na,na,na,na,na,na,na,na,na,na,na,na,na,na,na,na,na,na,na,na,na,na,na,na,na,na,na,6080629,6973369,3314090,1758510,2161889,1962276,1854494,na,na,na,
Other non-refundable tax offsets - blank,no.,na,na,na,na,na,na,na,na,na,na,na,na,na,na,na,na,na,na,na,na,na,na,na,na,na,na,na,na,na,na,na,na,na,na,na,2547,652,671,566,596,2497,506,na,na,na,
Other non-refundable tax offsets - blank,$,na,na,na,na,na,na,na,na,na,na,na,na,na,na,na,na,na,na,na,na,na,na,na,na,na,na,na,na,na,na,na,na,na,na,na,4709746,4353726,2183389,2362680,2154299,3169052,5320345,na,na,na,
Other non-refundable tax offsets (total),no.,na,na,na,na,na,na,na,na,na,na,na,na,na,na,na,na,na,na,na,na,na,na,na,na,na,na,na,na,na,na,na,na,na,na,848,2793,962,1022,819,863,2751,981,na,na,na,
Other non-refundable tax offsets (total),$,na,na,na,na,na,na,na,na,na,na,na,na,na,na,na,na,na,na,na,na,na,na,na,na,na,na,na,na,na,na,na,na,na,na,4984247,10932671,11429286,5661677,4334955,4583328,5379554,7275596,na,na,na,
Other refundable tax offsets - special beneficiary trust - principle beneficiary,no.,na,na,na,na,na,na,na,na,na,na,na,na,na,na,na,na,na,na,na,na,na,na,na,na,na,na,na,na,na,na,na,na,na,na,na,139,449,259,263,299,270,369,337,363,328,
Other refundable tax offsets - special beneficiary trust - principle beneficiary,$,na,na,na,na,na,na,na,na,na,na,na,na,na,na,na,na,na,na,na,na,na,na,na,na,na,na,na,na,na,na,na,na,na,na,na,605112,1780406,1230169,1391853,1154284,1629908,2527919,1897682,1769983,1524546,
Other refundable tax offsets - multiple codes,no.,na,na,na,na,na,na,na,na,na,na,na,na,na,na,na,na,na,na,na,na,na,na,na,na,na,na,na,na,na,na,na,na,na,na,na,522,773,783,695,661,536,1001,832,803,647,
Other refundable tax offsets - multiple codes,$,na,na,na,na,na,na,na,na,na,na,na,na,na,na,na,na,na,na,na,na,na,na,na,na,na,na,na,na,na,na,na,na,na,na,na,2241506,4350274,4301130,3504520,3270090,2981447,4023460,4856292,5115321,2777844,
Other refundable tax offsets - exploration credit,no.,na,na,na,na,na,na,na,na,na,na,na,na,na,na,na,na,na,na,na,na,na,na,na,na,na,na,na,na,na,na,na,na,na,na,na,na,na,6609,7170,7028,1141,1505,1830,1990,1473,
Other refundable tax offsets - exploration credit,$,na,na,na,na,na,na,na,na,na,na,na,na,na,na,na,na,na,na,na,na,na,na,na,na,na,na,na,na,na,na,na,na,na,na,na,na,na,2644422,2557826,3896053,3558624,3352135,3445574,2718579,2291317,
Other refundable tax offsets - blank,no.,na,na,na,na,na,na,na,na,na,na,na,na,na,na,na,na,na,na,na,na,na,na,na,na,na,na,na,na,na,na,na,na,na,na,na,412,381,366,278,278,163,171,187,176,154,
Other refundable tax offsets - blank,$,na,na,na,na,na,na,na,na,na,na,na,na,na,na,na,na,na,na,na,na,na,na,na,na,na,na,na,na,na,na,na,na,na,na,na,1021236,1128989,865402,494355,679891,476771,501416,652941,668171,442406,
Other refundable tax offsets (total),no.,na,na,na,na,na,na,na,na,na,na,na,na,na,na,na,na,na,na,na,na,na,na,na,na,na,na,na,na,na,na,na,na,na,na,2280,2373,1603,8017,8406,8266,2110,3046,3177,3301,2436,
Other refundable tax offsets (total),$,na,na,na,na,na,na,na,na,na,na,na,na,na,na,na,na,na,na,na,na,na,na,na,na,na,na,na,na,na,na,na,na,na,na,13197386,18257036,7259669,9041123,7948554,9000318,8646750,10404930,10820543,10200489,6529808,
Total supplement tax offsets2,no.,na,na,na,na,na,na,na,na,na,na,na,na,na,na,na,na,na,na,na,na,na,na,na,na,na,na,na,na,1302800,1402300,1465435,1555015,1466320,1493664,739461,695203,658946,545575,528454,529911,517012,502162,499968,488272,461523,
Total supplement tax offsets2,$,na,na,na,na,na,na,na,na,na,na,na,na,na,na,na,na,na,na,na,na,na,na,na,na,na,na,na,na,755121810,834807691,875328267,957676941,936900201,993846982,461990720,380641511,310314994,232027738,212555991,219098649,231426669,244598911,258425905,253456292,230911416,
Adjustment,,,,,,,,,,,,,,,,,,,,,,,,,,,,,,,,,,,,,,,,,,,,,,,
Amount on which family trust distribution tax has been paid,no.,na,na,na,na,na,na,na,na,na,na,na,na,na,na,na,na,na,na,na,na,na,380,600,415,225,215,375,465,510,530,510,425,415,370,372,283,220,106,168,182,167,187,172,163,198,
Amount on which family trust distribution tax has been paid,$,na,na,na,na,na,na,na,na,na,na,na,na,na,na,na,na,na,na,na,na,na,961887,1263645,2187692,1904930,1364428,41563101,9167878,11538362,12800812,6778948,4833863,5652813,4382360,3171562,3434342,3517546,2208874,2300758,17730187,9986723,3019600,4808731,4240636,5941085,
Credit for interest on tax paid,,,,,,,,,,,,,,,,,,,,,,,,,,,,,,,,,,,,,,,,,,,,,,,
Credit for interest on early payments - amount of interest,no.,na,na,na,na,na,na,na,na,na,na,na,na,na,na,na,na,na,na,na,na,na,6065,3850,3915,3600,4270,5565,6735,7655,8485,7625,3820,4925,6179,5949,4064,2977,1487,1318,1190,1138,841,na,na,na,
Credit for interest on early payments - amount of interest,$,na,na,na,na,na,na,na,na,na,na,na,na,na,na,na,na,na,na,na,na,na,248013,159169,119797,135975,150425,220472,240789,290834,345501,277824,72536,559264,613326,498384,369943,472724,654732,1404522,1508996,2244414,2860698,na,na,na,
Business and professional items section,,,,,,,,,,,,,,,,,,,,,,,,,,,,,,,,,,,,,,,,,,,,,,,
Personal services income (PSI),,,,,,,,,,,,,,,,,,,,,,,,,,,,,,,,,,,,,,,,,,,,,,,
PSI – voluntary agreement,no.,na,na,na,na,na,na,na,na,na,na,na,na,na,na,na,na,na,na,na,na,na,na,na,na,na,na,na,na,6590,6255,5445,5115,4940,4707,3888,3861,3807,4166,3031,3068,3540,2898,2691,3671,3683,
PSI – voluntary agreement,$,na,na,na,na,na,na,na,na,na,na,na,na,na,na,na,na,na,na,na,na,na,na,na,na,na,na,na,na,207425518,199046280,187082516,174490727,174636795,177233130,146251564,142588541,142207407,145320674,111891866,111464953,118520488,95253951,72440657,75995224,67807189,
PSI – where Australian business number not quoted,no.,na,na,na,na,na,na,na,na,na,na,na,na,na,na,na,na,na,na,na,na,na,na,na,na,na,na,na,na,970,920,920,895,960,998,937,911,807,1261,1046,1068,1542,1379,1395,1441,1484,
PSI – where Australian business number not quoted,$,na,na,na,na,na,na,na,na,na,na,na,na,na,na,na,na,na,na,na,na,na,na,na,na,na,na,na,na,4820159,5844609,5582969,6211951,7469488,9345579,8217001,12247931,7887901,13543922,11062253,10051838,17817437,16239626,17945658,23480154,21744480,
PSI – labour hire or other specified payments,no.,na,na,na,na,na,na,na,na,na,na,na,na,na,na,na,na,na,na,na,na,na,na,na,na,na,na,na,na,28475,33250,31350,40295,50105,54600,52334,51496,59710,73828,74874,76092,96417,92055,104916,112205,91423,
PSI – labour hire or other specified payments,$,na,na,na,na,na,na,na,na,na,na,na,na,na,na,na,na,na,na,na,na,na,na,na,na,na,na,na,na,492537344,585570183,643217533,855705268,1146726750,1387604332,1425395290,1347446221,1445441035,1613873203,1520348729,1639431313,2189701857,2359102531,2645655880,2909731143,2531097814,
PSI – other,no.,na,na,na,na,na,na,na,na,na,na,na,na,na,na,na,na,na,na,na,na,na,na,na,na,na,na,na,na,62510,68600,69080,73520,77280,79647,78543,79874,80497,95651,97074,100528,101601,99258,99391,105051,108820,
PSI – other,$,na,na,na,na,na,na,na,na,na,na,na,na,na,na,na,na,na,na,na,na,na,na,na,na,na,na,na,na,1212655079,1434896662,1516273784,1646717246,1786558670,1917425260,1966748815,2000267791,2107845327,2321067884,2347791036,2473297026,2553107085,2534547943,2730869627,3010177832,3225438374,
PSI – deductions for payments to associates for principal work,no.,na,na,na,na,na,na,na,na,na,na,na,na,na,na,na,na,na,na,na,na,na,na,na,na,na,na,na,na,2670,2790,2560,2910,3045,3124,2812,2921,3220,5749,6436,7333,7892,8397,9093,9676,9994,
PSI – deductions for payments to associates for principal work,$,na,na,na,na,na,na,na,na,na,na,na,na,na,na,na,na,na,na,na,na,na,na,na,na,na,na,na,na,15649646,18223510,19259501,19294910,21563235,22069653,19963264,22401115,24811112,41420141,55951110,52852053,59076627,54642783,60783282,67208163,73761614,
PSI – total amount of other deductions against PSI,no.,na,na,na,na,na,na,na,na,na,na,na,na,na,na,na,na,na,na,na,na,na,na,na,na,na,na,na,na,56290,60465,59870,63340,66405,68136,65391,65283,66929,70541,69856,69946,68879,67132,68596,71799,72924,
PSI – total amount of other deductions against PSI,$,na,na,na,na,na,na,na,na,na,na,na,na,na,na,na,na,na,na,na,na,na,na,na,na,na,na,na,na,257850381,289375627,298686976,327487533,338880701,363624749,377535979,390839206,434041210,453303610,436245175,444688731,444175684,448443582,483418228,504512928,538383574,
Net PSI,no.,na,na,na,na,na,na,na,na,na,na,na,na,na,na,na,na,na,na,na,na,na,na,41780,54860,64995,79195,86020,90440,97015,107380,105355,118210,131525,138180,134174,134692,143255,173102,174313,179164,201329,193981,206827,220590,203626,
Net PSI,$,na,na,na,na,na,na,na,na,na,na,na,na,na,na,na,na,na,na,na,na,na,na,516970494,724220339,962234648,1201255813,1357356672,1485011568,1643938073,1917758597,2034210312,2336342751,2754947798,3105913869,3149113426,3089310161,3244529348,3599081932,3498897599,3736704346,4375894556,4502057684,4922710322,5447663227,5233942664,
Sold goods or services using the internet,no.,na,na,na,na,na,na,na,na,na,na,na,na,na,na,na,na,na,na,na,na,na,na,na,na,na,na,na,na,na,na,na,na,na,32326,33351,34712,39238,45923,52512,60138,68742,82153,na,na,na,
Business income and expenses,,,,,,,,,,,,,,,,,,,,,,,,,,,,,,,,,,,,,,,,,,,,,,,
Business income,,,,,,,,,,,,,,,,,,,,,,,,,,,,,,,,,,,,,,,,,,,,,,,
Gross payments where Australian business number not quoted – primary production,no.,na,na,na,na,na,na,na,na,na,na,na,na,na,na,na,na,na,na,na,na,na,na,590,520,510,505,435,475,390,365,405,370,340,320,146,390,166,335,324,334,281,303,398,399,337,
Gross payments where Australian business number not quoted – primary production,$,na,na,na,na,na,na,na,na,na,na,na,na,na,na,na,na,na,na,na,na,na,na,6401737,8053133,5785060,6035991,6151998,6525681,9345449,9546198,8101117,7175807,12958008,11311843,3034738,3370207,2508549,4064126,3945346,5485460,6533736,5506690,7091160,6600684,6598103,
Gross payments where Australian business number not quoted – non-primary production,no.,na,na,na,na,na,na,na,na,na,na,na,na,na,na,na,na,na,na,na,na,na,na,5700,4240,3965,3875,3705,3385,3125,2720,2540,2535,2515,2414,1399,1305,1211,1413,1154,1295,2267,2551,3072,3040,2849,
Gross payments where Australian business number not quoted – non-primary production,$,na,na,na,na,na,na,na,na,na,na,na,na,na,na,na,na,na,na,na,na,na,na,105270645,109554457,117998885,119277942,118281556,121854439,107668999,97609161,95582671,97239887,95449434,92398794,31347732,25450518,38178527,28913597,23984924,27661242,121642621,134637459,109440206,56899413,50732289,
Gross payments where Australian business number not quoted (total),no.,na,na,na,na,na,na,na,na,na,na,na,na,na,na,na,na,na,na,na,na,na,na,na,na,na,na,na,na,3490,3055,2915,2875,2825,2706,1536,1681,1375,1747,1471,1620,2547,2849,3480,3441,3187,
Gross payments where Australian business number not quoted (total),$,na,na,na,na,na,na,na,na,na,na,na,na,na,na,na,na,na,na,na,na,na,na,na,na,na,na,na,na,117014448,107155359,103683788,104415694,108424845,103741288,34382470,28820294,40836114,33029794,27930270,33213723,126903714,140840630,118485817,64875722,57787292,
Gross payments subject to foreign resident withholding – non-primary production,no.,na,na,na,na,na,na,na,na,na,na,na,na,na,na,na,na,na,na,na,na,na,na,na,na,na,na,330,220,485,615,735,710,815,893,1165,1061,1019,1189,1227,1209,1263,1102,551,721,1186,
Gross payments subject to foreign resident withholding – non-primary production,$,na,na,na,na,na,na,na,na,na,na,na,na,na,na,na,na,na,na,na,na,na,na,na,na,na,na,23705105,13687043,29220266,52572308,54479926,43150231,39081469,48733866,61817612,99073057,63478986,93960830,111249754,99479956,134359999,133783545,93571193,107016628,170675952,
Gross payments subject to foreign resident withholding (total),no.,na,na,na,na,na,na,na,na,na,na,na,na,na,na,na,na,na,na,na,na,na,na,na,na,na,na,na,na,490,615,740,715,795,891,1166,1062,1019,1189,1227,1208,1263,1101,552,721,1186,
Gross payments subject to foreign resident withholding (total),$,na,na,na,na,na,na,na,na,na,na,na,na,na,na,na,na,na,na,na,na,na,na,na,na,na,na,na,na,39596250,52580655,54604326,43162991,38390650,48457689,61819814,99099622,63478986,93806030,111249754,99470670,134359999,133684569,93671193,107016628,170675952,
Gross payments – voluntary agreement – primary production,no.,na,na,na,na,na,na,na,na,na,na,na,na,na,na,na,na,na,na,na,na,na,na,615,580,605,585,510,450,420,425,380,360,320,293,250,259,233,343,328,363,196,256,351,284,286,
Gross payments – voluntary agreement – primary production,$,na,na,na,na,na,na,na,na,na,na,na,na,na,na,na,na,na,na,na,na,na,na,18671084,15435260,15802874,14450098,13610364,12496875,11750671,12890986,11081611,11098655,10640354,9906003,8084764,8954378,8671606,11598360,10028662,10182349,6648230,7304171,8452800,8149379,7339672,
Gross payments – voluntary agreement – non-primary production,no.,na,na,na,na,na,na,na,na,na,na,na,na,na,na,na,na,na,na,na,na,na,na,24875,18360,14490,12525,11550,10240,9225,8515,7315,6480,5655,4875,3788,3397,3194,3472,2958,3083,3765,3583,3782,4352,4296,
Gross payments – voluntary agreement – non-primary production,$,na,na,na,na,na,na,na,na,na,na,na,na,na,na,na,na,na,na,na,na,na,na,654207755,525643084,434670506,393358213,397969495,370991585,352907709,333648149,303415922,267342659,248952018,230922330,180992298,162832254,149192645,158043973,140019035,145009078,165625634,148554177,145203989,149921755,152164029,
Gross payments – voluntary agreement (total),no.,na,na,na,na,na,na,na,na,na,na,na,na,na,na,na,na,na,na,na,na,na,na,na,na,na,na,na,na,9635,8930,7690,6835,5965,5157,4024,3642,3411,3810,3283,3447,3961,3834,4126,4633,4580,
Gross payments – voluntary agreement (total),$,na,na,na,na,na,na,na,na,na,na,na,na,na,na,na,na,na,na,na,na,na,na,na,na,na,na,na,na,364658380,346539135,314497533,278441314,259533697,240806971,188517062,171794118,158052294,169696887,150107509,155228389,172678059,155788788,153777501,159138774,159535350,
Gross payments – labour hire or other specified payments – primary production,no.,na,na,na,na,na,na,na,na,na,na,na,na,na,na,na,na,na,na,na,na,na,na,215,155,215,275,195,255,255,320,295,330,355,323,290,353,386,2384,4365,5585,3365,4135,5402,5588,5148,
Gross payments – labour hire or other specified payments – primary production,$,na,na,na,na,na,na,na,na,na,na,na,na,na,na,na,na,na,na,na,na,na,na,3235359,2233361,2714435,3618062,3125923,5269983,4819914,5296628,4934428,6873166,5562719,5281678,5333001,6666461,7572877,40987750,67063923,91087124,62187423,70645586,95073357,95903643,100082899,
Gross payments – labour hire or other specified payments – non-primary production,no.,na,na,na,na,na,na,na,na,na,na,na,na,na,na,na,na,na,na,na,na,na,na,7880,6705,6745,7070,7030,7000,6675,7205,6730,8030,8540,8052,6263,5731,5849,9789,14996,17386,33755,40119,48491,53700,56490,
Gross payments – labour hire or other specified payments – non-primary production,$,na,na,na,na,na,na,na,na,na,na,na,na,na,na,na,na,na,na,na,na,na,na,151899907,126162809,131365334,145172134,146598150,160379039,160722638,173963263,161587165,186452783,217038552,225323577,179659337,152936094,159888068,225910571,310925988,363826116,692827136,805458551,964749484,1092821399,1128715890,
Gross payments – labour hire or other specified payments (total),no.,na,na,na,na,na,na,na,na,na,na,na,na,na,na,na,na,na,na,na,na,na,na,na,na,na,na,na,na,6925,7515,7020,8355,8890,8371,6547,6067,6223,12137,19260,22850,37032,44145,53760,59155,61509,
Gross payments – labour hire or other specified payments (total),$,na,na,na,na,na,na,na,na,na,na,na,na,na,na,na,na,na,na,na,na,na,na,na,na,na,na,na,na,165542552,179259891,166521593,193325949,222952909,230753856,184908982,159706188,167665074,267252410,378563992,454917256,754747659,876970091,1062428632,1189920337,1229859104,
Assessable government industry payments – primary production,no.,na,na,na,na,na,na,na,na,na,na,na,na,na,na,na,na,na,na,na,5955,6210,7085,10445,10550,11340,11775,11940,12430,13880,15305,13665,14110,14585,15311,17115,17549,17601,15483,15800,16431,15435,17696,22566,16211,15318,
Assessable government industry payments – primary production,$,na,na,na,na,na,na,na,na,na,na,na,na,na,na,na,na,na,na,na,18696377,19182579,24491260,53870561,67811633,62799203,65536021,68820858,83768760,95638796,125923510,87044418,80901856,79896120,89741884,96630284,124254033,126175123,92385788,76977491,85537537,67832852,107185128,256407017,88632640,111177935,
Assessable government industry payments – non-primary production,no.,na,na,na,na,na,na,na,na,na,na,na,na,na,na,na,na,na,na,na,3960,3135,3055,10465,9460,10530,10800,11265,11200,12985,15425,15655,16815,17575,17350,17501,18137,17394,13557,14752,16278,16891,136817,258898,47805,24286,
Assessable government industry payments – non-primary production,$,na,na,na,na,na,na,na,na,na,na,na,na,na,na,na,na,na,na,na,71675015,67535266,69192989,260765258,249998127,309698920,288331994,238878468,231282203,246447034,286975211,242694395,310986066,344867915,234574078,296413557,292516058,275102036,180563544,245469338,271819562,285233045,1302298964,5594571332,763237082,364182976,
Assessable government industry payments (total),no.,na,na,na,na,na,na,na,na,na,na,na,na,na,na,na,na,na,na,3855,na,9305,10105,20815,19895,21720,22425,23055,23475,26695,30515,29125,30730,31935,32422,34395,35407,34734,28816,30329,32438,32064,154054,280870,63734,39354,
Assessable government industry payments (total),$,na,na,na,na,na,na,na,na,na,na,na,na,na,na,na,na,na,na,24868928,90371392,86717845,93684249,314635819,317809760,372498123,353868015,307699326,315050963,342085830,412898721,329738813,391887922,424936384,324291395,393599466,417201239,401919841,272932822,322522144,357370801,353065983,1409623078,5851820217,851511925,475378118,
Other business income – primary production,no.,na,na,na,na,na,na,na,na,na,na,na,na,na,na,na,na,na,na,na,na,na,na,na,na,na,na,na,na,85155,87385,82185,84435,79320,78235,82611,81079,79012,80379,82632,82841,66128,66448,67055,65921,61763,
Other business income – primary production,$,na,na,na,na,na,na,na,na,na,na,na,na,na,na,na,na,na,na,na,na,na,na,na,na,na,na,na,na,4139779776,4515748132,4523893896,4514714432,4888975428,8149988512,4759139087,5092922630,5653308903,6048094744,6272571499,6090956881,5579070378,5947688425,6708644757,7442603426,6697399076,
Other business income – non-primary production,no.,na,na,na,na,na,na,na,na,na,na,na,na,na,na,na,na,na,na,na,na,na,na,na,na,na,na,na,na,969555,1012845,1003020,1043735,1068360,1076902,1087735,1117522,1165024,1214198,1266618,1318441,1384534,1431950,1487634,1511308,1511394,
Other business income – non-primary production,$,na,na,na,na,na,na,na,na,na,na,na,na,na,na,na,na,na,na,na,na,na,na,na,na,na,na,na,na,93937413030,106564125489,100001924838,107879765520,104617538658,105077118409,103719793303,102295852573,104523763871,112660234124,112280174808,120924195143,122963933869,129957967470,150126656416,159686278238,150261179937,
Other business income (total),no.,na,na,na,na,na,na,na,na,na,na,na,na,na,na,na,na,na,na,na,na,na,na,na,na,na,na,na,na,1041465,1086570,1072095,1114920,1135160,1142900,1158083,1186554,1232418,1283188,1337917,1390185,1439840,1487343,1543740,1566384,1562817,
Other business income (total),$,na,na,na,na,na,na,na,na,na,na,na,na,na,na,na,na,na,na,na,na,na,na,na,na,na,na,na,na,98077192806,111079873621,104525818734,112394479952,109379436927,113094260411,108081823146,107490722758,110070091378,119378293460,118555814980,127021499050,128550149016,135915906381,156842393012,167142706058,156952441483,
Total business income primary production2,no.,na,na,112135,110230,111460,108875,107165,113420,109345,115540,117875,121010,117160,108015,109860,110800,103970,103660,101845,99985,99515,95160,90040,88645,87450,89290,88930,89610,88820,91405,84480,87280,82165,81181,86548,85301,82758,84579,89179,90952,70864,72367,76749,73473,68793,
Total business income primary production2,$,na,na,1389415000,1389070000,1263709000,1579008000,1540491000,1847113000,1985000000,2356000000,2467000000,2269000000,1849000000,2082000000,2382000000,2643000000,2645000000,2841849368,2837366716,2890478805,2986483488,3216512316,3695242604,4242291376,3851087316,4009918644,4171668954,4314737452,4261442830,4669413801,4635179870,4628362519,4999120589,4932147097,4874282619,5239312019,5780981570,6197185188,6433647180,6285941410,5722047280,6141189829,7077804988,7642138190,6923196450,
Total business income non-primary production2,no.,na,na,301680,315305,325100,na,397370,423825,438240,495585,549385,577515,585815,616725,675085,714170,734175,780405,772480,783075,834380,886490,782555,812715,852915,890925,919050,949110,987360,1030555,1019250,1063130,1084525,1091856,1101087,1130778,1177542,1227831,1285099,1339990,1423102,1477577,1555574,1569557,1573998,
Total business income non-primary production2,$,na,na,5769025000,6214832000,7056817000,na,9704155000,15219968000,16263000000,18692000000,20826000000,21302000000,20021000000,24982000000,28552000000,31379000000,33312000000,37651763605,38904295111,40859349201,44878883728,53637294490,51671615559,57548839446,63831305939,70889836214,79178249845,86303408403,94844647436,107508893581,100859684917,109089249921,105346427254,105810964475,104048142392,103010448390,105062050880,110211159405,113075954350,121817558951,124357022237,132464368912,157009182943,161841120729,152125050558,
Total business income (total)2,no.,318925,383250,396100,408715,360730,467980,489245,520020,533285,596355,651825,682165,685885,na,768620,808485,822230,866235,853940,866370,916915,965630,859090,887990,927155,966440,994305,1024910,1062630,1107965,1090395,1136895,1154090,1160741,1174936,1203733,1248418,1300685,1362431,1419202,1482528,1537906,1618968,1631342,1631698,
Total business income (total)2,$,4436838000,6525294000,7158024000,7603900000,8320526000,10133586000,11245877000,17067083000,18248000000,21047000000,23293000000,23571000000,21871000000,27064000000,30933000000,34022000000,35957000000,40420701631,41486917803,43768697359,47865367216,56853806806,55366858163,61791130822,67682393255,74899754858,83349918799,90618145855,99106090266,112178307382,105494864787,113717612440,110377271067,110768963682,108920241070,108235258713,110851130891,116411521752,119534717016,128107878797,130081473069,138620446075,164095552339,169494071509,159037034370,
Business expenses,,,,,,,,,,,,,,,,,,,,,,,,,,,,,,,,,,,,,,,,,,,,,,,
Opening stock,no.,86320,na,100160,98990,96980,97130,98110,120540,120895,125640,108815,105780,118765,129315,133550,138950,139760,149070,144890,149460,145950,143330,132755,130275,128965,128995,129650,129450,128770,128020,126050,127600,129215,127866,125973,124159,122325,121868,121413,121027,122026,121070,124490,126033,118947,
Opening stock,$,373009000,604609000,670365000,708217000,739144000,762289000,848999000,1066773000,1147000000,1349000000,1308000000,1438000000,1566000000,1661000000,1775000000,1947000000,2071000000,2369744805,2528627759,2587877511,2632264430,3008224562,3350585838,3745345676,3744278516,3915204061,4371047745,4688764499,5193503946,5970969523,5999366456,5529471533,5845339159,5956672503,5629791116,5422695653,5162210439,5199751313,5399408203,5651155619,5654081664,5441290563,5787618979,6517902146,6391181826,
Purchases and other costs,no.,79890,94695,92140,91340,84985,91360,93355,152460,na,na,na,na,na,na,na,na,na,na,na,na,na,212605,217540,222165,229725,236610,242200,246995,248955,255275,249055,256805,257570,255903,250179,251711,259641,268975,277111,287433,295815,311371,346342,348640,333963,
Purchases and other costs,$,1769185000,2537786000,2716362000,2836287000,2888305000,3349261000,3707685000,4919948000,na,na,na,na,na,na,na,na,na,na,na,na,na,18261727941,17916241849,20197266222,22471505681,26001578069,31137254608,34824237305,38300223057,45662239539,38617754565,43297223581,37466601098,36234126736,29957984572,29366720870,29102804929,31323465501,31920620704,35929873099,35440222423,42426904139,54791614423,54922128776,47372881186,
Closing stock - cost,no.,na,na,na,na,na,na,na,na,na,na,na,na,na,na,na,na,na,na,na,na,na,na,na,na,na,na,na,na,na,na,na,na,na,na,na,118273,116841,116594,115247,114871,113912,113818,118804,116820,107194,
Closing stock - cost,$,na,na,na,na,na,na,na,na,na,na,na,na,na,na,na,na,na,na,na,na,na,na,na,na,na,na,na,na,na,na,na,na,na,na,na,4372766027,4452573303,4643494371,4765053695,4744896927,4565799179,4646744309,5337378112,5697817711,5217457325,
Closing stock - market selling value,no.,na,na,na,na,na,na,na,na,na,na,na,na,na,na,na,na,na,na,na,na,na,na,na,na,na,na,na,na,na,na,na,na,na,na,na,9234,9026,8984,9378,10238,10286,11154,13570,13757,11685,
Closing stock - market selling value,$,na,na,na,na,na,na,na,na,na,na,na,na,na,na,na,na,na,na,na,na,na,na,na,na,na,na,na,na,na,na,na,na,na,na,na,786309904,709865783,772438171,878367503,914698588,803202370,891952981,1324387132,1335976585,1360504741,
Closing stock - replacement value,no.,na,na,na,na,na,na,na,na,na,na,na,na,na,na,na,na,na,na,na,na,na,na,na,na,na,na,na,na,na,na,na,na,na,na,na,1412,1429,1576,1645,1727,1803,1826,2076,2028,1921,
Closing stock - replacement value,$,na,na,na,na,na,na,na,na,na,na,na,na,na,na,na,na,na,na,na,na,na,na,na,na,na,na,na,na,na,na,na,na,na,na,na,40227039,43681100,41454339,47614742,47614742,49743205,51436458,61343249,65463928,52237720,
Closing stock - blank,no.,na,na,na,na,na,na,na,na,na,na,na,na,na,na,na,na,na,na,na,na,na,na,na,na,na,na,na,na,na,na,na,na,na,na,na,675,613,408,305,294,220,193,165,130,115,
Closing stock - blank,$,na,na,na,na,na,na,na,na,na,na,na,na,na,na,na,na,na,na,na,na,na,na,na,na,na,na,na,na,na,na,na,na,na,na,na,154061254,29730094,40636741,15980820,59335692,12213681,8628332,13291753,9065631,24414602,
Closing stock (total),no.,87730,105165,101845,101140,99005,101195,102790,126670,128000,132995,114720,115095,129180,133695,147545,152360,150340,158830,153180,155790,151810,149605,139460,136820,136185,137775,137905,136970,136200,136230,133445,135095,134440,132890,130973,129594,127909,127562,126575,127130,126221,126991,134615,132735,120915,
Closing stock (total),$,440705000,698495000,734172000,753990000,753027000,870264000,966557000,1167258000,1284000000,1440000000,1431000000,1512000000,1604000000,1636000000,1897000000,2094000000,2172000000,2505137504,2459320997,2611004686,2808723138,3335937451,3529686684,3989250642,3880215344,4384030843,4772713462,5176072722,5814814899,6136621509,5637044740,5740355523,5853913699,5546687483,5461458348,5353364224,5235850280,5498023622,5702978365,5767803985,5430958435,5598762080,6736400246,7108323855,6654614388,
Cost of sales,no.,na,na,na,na,na,na,na,na,180030,191195,144510,156970,173110,212035,231400,242225,236375,243825,234970,238100,234155,240495,241920,244685,253255,258455,263865,268115,270655,275295,269105,276470,277305,275293,271273,273489,280942,289361,296641,306817,317015,332512,365185,367579,353127,
Cost of sales,$,na,na,na,na,na,na,na,na,5510000000,6290000000,5466000000,6663000000,6782000000,7774000000,9073000000,9968000000,10044000000,11457043415,11758971396,12723014024,13666200112,17934004102,17737141003,19953361256,22335568853,25532751287,30735588891,34336929082,37678912104,45496587553,38980076281,43086482471,37458026558,36644111756,30126317340,29436052298,29029165088,31025193192,31617050542,35813224733,35663345652,42269432622,53842833156,54331707068,47109448624,
Foreign resident withholding expenses,no.,na,na,na,na,na,na,na,na,na,na,na,na,na,na,na,na,na,na,na,na,na,na,na,na,na,na,165,60,80,180,265,450,425,455,559,661,648,574,891,812,835,750,376,411,625,
Foreign resident withholding expenses,$,na,na,na,na,na,na,na,na,na,na,na,na,na,na,na,na,na,na,na,na,na,na,na,na,na,na,3718143,1669457,2349674,6053571,9169738,12932153,8818619,12538858,8500750,10908849,13752275,9770690,17732268,12146430,17325853,15143360,7244065,7427398,17221099,
"Contractor, subcontractor and commission expenses",no.,na,na,na,na,na,na,na,na,na,na,na,48175,48815,72790,74005,74025,71190,75245,77435,80765,84940,89575,91790,97770,104150,110525,114795,120375,123275,127735,126185,132620,135150,135063,138780,142354,146657,153041,158451,162773,165195,166602,166886,160563,155799,
"Contractor, subcontractor and commission expenses",$,na,na,na,na,na,na,na,na,na,na,na,734000000,634000000,1102000000,1157000000,1193000000,1181000000,1261216744,1286978118,1305026117,1358539347,1548260514,1523033412,1763954007,2007476037,2279963217,2482191876,2699594802,2946797365,3275753452,3197292197,3371586295,3582491122,3569531360,3517733551,3664140081,3887016123,4120523503,4238762090,4317696992,4440215009,4168124271,4428802423,4658215718,4812869197,
Superannuation expenses,no.,na,na,na,na,na,na,na,na,na,na,na,na,na,na,56125,67105,66305,69750,68285,70475,70420,72240,69925,71350,73600,78490,78615,79270,80975,82140,77520,76875,77040,75885,75151,76493,78159,80294,81227,82196,81616,84368,91101,88692,83471,
Superannuation expenses,$,na,na,na,na,na,na,na,na,na,na,na,na,na,na,133000000,164000000,175000000,230689671,242843589,270353230,308066812,328910502,350832945,388508851,431892310,464794510,483081073,574469979,714638088,750595987,728919443,634740886,647205260,649640317,585863247,626619105,687765451,710693144,715876875,674087716,652716428,647165661,724693153,729857489,728947308,
Bad debts,no.,na,na,na,na,na,na,na,na,na,na,na,na,na,na,7015,7390,8150,8870,9070,9330,9190,9965,9540,9600,9280,9445,9380,9400,9270,9430,9375,9410,9855,10043,10394,10764,10452,10694,10722,10284,10359,9972,10015,9115,8715,
Bad debts,$,na,na,na,na,na,na,na,na,na,na,na,na,na,na,34000000,25000000,30000000,33742765,35376624,31047598,37370003,43820253,39874058,37778805,37757902,41911993,52515439,47045620,47331332,61806281,56095281,62772514,65203315,61653608,64253452,72502313,60127416,59782745,56639099,54486533,62335205,49194336,53023848,48656196,53652538,
Lease expenses,no.,na,53810,56680,53185,53600,na,na,na,na,na,na,na,na,na,40420,46165,46495,49930,50020,53135,56680,58520,54345,54150,53095,52405,51765,43725,42025,40375,36515,33595,31560,29265,27358,26560,25841,25142,24927,24467,24170,22949,21315,19098,19187,
Lease expenses,$,na,155412000,188736000,202970000,217830000,na,na,na,na,na,na,na,na,na,255000000,272000000,279000000,321308631,342821695,365656379,396432895,418008029,390452475,378915365,374657313,370618374,375298492,362265033,368115198,382709262,422273313,342691732,393082215,322682151,315008640,307035223,299195565,288093913,266446473,252038957,241068281,218600301,201900810,186557816,196647240,
Rent expenses,no.,na,na,na,na,na,na,na,na,na,na,na,na,na,na,132305,141160,142270,158020,157560,162305,165330,171275,163380,166800,171565,177810,181210,183150,186270,189955,182920,185440,189495,193589,197656,205991,214377,217462,219492,220242,221876,221121,226008,217697,211496,
Rent expenses,$,na,na,na,na,na,na,na,na,na,na,na,na,na,na,989000000,1067000000,1121000000,1294201056,1330329790,1378045518,1418481260,1530535222,1591980894,1695585134,1826057978,1971099193,2087669734,2207302421,2365429034,2536351205,2617987514,2733848831,2873872395,2981940746,3056101820,3170182572,3286802566,3354920338,3395459141,3419656054,3465274144,3259657684,3363513959,3271672420,3303451053,
Interest expenses within Australia,no.,na,na,na,na,na,na,na,na,na,na,na,na,na,na,na,na,na,na,na,210525,207535,217095,210275,213240,219780,228090,237360,242955,247340,249180,235475,231095,224070,216481,207571,203104,199601,197421,193471,187853,179878,169232,157516,146693,137528,
Interest expenses within Australia,$,na,na,na,na,na,na,na,na,na,na,na,na,na,na,na,na,na,na,na,929279244,894226296,982967171,1067528407,1046034671,1130468963,1267598488,1447069562,1632149668,1889399732,2181803634,2089566953,1907819230,2071768786,2007422941,1799523756,1633774501,1530567963,1424101301,1360688768,1328830495,1293947125,1134661493,955160817,880775482,1171048040,
Interest expenses overseas,no.,na,na,na,na,na,na,na,na,na,na,na,na,na,855,170,305,360,na,na,3840,2950,3390,4205,4310,4265,4130,4765,4775,5630,6000,5730,5570,5575,5203,4913,4605,4551,4589,4376,4173,3966,3588,3172,2934,2804,
Interest expenses overseas,$,na,na,na,na,na,na,na,na,na,na,na,na,na,4000000,2000000,2000000,3000000,na,na,18757951,13921653,15894657,21539270,20382469,20089743,20790744,25658203,28535318,38475974,52480274,49691859,40771397,44357255,46273646,43542424,43530532,49603772,44983316,42632177,26877962,30183708,24005801,20351265,17741727,24509603,
Depreciation expenses,no.,na,na,na,na,na,na,na,733530,na,na,na,371045,431935,434835,476865,509385,526590,564185,553975,566510,574845,592100,547670,550370,571250,596325,616435,632200,644240,655150,649575,661060,660170,651031,629449,597020,607537,578443,559052,543664,529544,540743,557379,520714,511966,
Depreciation expenses,$,na,na,na,na,na,na,na,901504000,na,na,na,850000000,913000000,895000000,995000000,1114000000,1230000000,1409687056,1435218865,1511500682,1579120513,1762994436,1657992365,1828524862,1948516587,2108112383,2292785847,2454335928,2595238332,2720107110,2777075912,2944030898,2933299655,2883573345,3287794606,2841892868,3447383715,3756176570,3753886155,3661024251,3865084760,5675093160,6491736411,5617218535,5812967242,
Motor vehicle expenses - cents per kilometre method,no.,na,na,na,na,na,na,na,na,na,na,na,na,na,na,na,na,na,na,na,na,na,na,na,na,na,na,na,na,na,na,na,na,na,na,na,354060,373837,396670,409302,415606,420558,424089,442856,446749,448164,
Motor vehicle expenses - cents per kilometre method,$,na,na,na,na,na,na,na,na,na,na,na,na,na,na,na,na,na,na,na,na,na,na,na,na,na,na,na,na,na,na,na,na,na,na,na,931379122,990471085,953763366,969838121,973268345,992800880,980020527,1075907165,1086742387,1191128375,
Motor vehicle expenses - logbook method,no.,na,na,na,na,na,na,na,na,na,na,na,na,na,na,na,na,na,na,na,na,na,na,na,na,na,na,na,na,na,na,na,na,na,na,na,268776,276429,300860,313815,322577,326964,333192,346228,352196,356994,
Motor vehicle expenses - logbook method,$,na,na,na,na,na,na,na,na,na,na,na,na,na,na,na,na,na,na,na,na,na,na,na,na,na,na,na,na,na,na,na,na,na,na,na,1906454123,1924401905,2015785653,2109831789,2243713150,2313669281,2341228127,2508778285,2734555722,3071345372,
"Motor vehicle expenses - motorcycle, taxi, hire car, vehicle over 1 tonne, carry 9 or more passengers",no.,na,na,na,na,na,na,na,na,na,na,na,na,na,na,na,na,na,na,na,na,na,na,na,na,na,na,na,na,na,na,na,na,na,na,na,123232,125192,128096,129921,130551,134208,136434,140982,140781,138069,
"Motor vehicle expenses - motorcycle, taxi, hire car, vehicle over 1 tonne, carry 9 or more passengers",$,na,na,na,na,na,na,na,na,na,na,na,na,na,na,na,na,na,na,na,na,na,na,na,na,na,na,na,na,na,na,na,na,na,na,na,1141614086,1114874839,1100443703,1114599566,1148636741,1198288605,1176500426,1233242105,1367763050,1479700751,
Motor vehicle expenses - blank,no.,na,na,na,na,na,na,na,na,na,na,na,na,na,na,na,na,na,na,na,na,na,na,na,na,na,na,na,na,na,na,na,na,na,na,na,2785,2556,1780,1554,1218,956,814,677,590,518,
Motor vehicle expenses - blank,$,na,na,na,na,na,na,na,na,na,na,na,na,na,na,na,na,na,na,na,na,na,na,na,na,na,na,na,na,na,na,na,na,na,na,na,15278312,32243638,9912375,8569066,7038404,6084974,4978221,3963873,3843483,3759322,
Motor vehicle expenses (total),no.,na,na,na,na,na,na,na,na,na,na,na,388130,437340,483880,533255,559140,571335,605315,595915,619850,637735,671745,608700,635500,662280,686355,701760,714900,729910,745835,734380,756880,765865,765314,758405,772784,800742,827407,854592,869952,882686,894529,930743,940316,943745,
Motor vehicle expenses (total),$,na,na,na,na,na,na,na,na,na,na,na,1507000000,1565000000,1636000000,1763000000,1842000000,1954000000,2170103222,2180086045,2295257158,2410215305,2716303702,2567632305,2687433793,2877131444,3038319948,3202318639,3453871140,3600263246,3856821274,3779967729,3858826665,5401944249,4054026602,3981570232,4093522793,4155986095,4079906949,4202838542,4372656640,4510843740,4502727301,4821891428,5192904642,5745933820,
Repairs and maintenance expenses,no.,na,358455,na,na,na,624235,na,na,na,na,na,207370,227495,247565,267280,278360,282765,302095,297080,304375,303600,306950,289995,294225,298295,300335,298090,294055,291330,289535,279405,279110,277110,270891,267424,270179,274445,277587,281733,282805,284219,289919,308604,303565,300985,
Repairs and maintenance expenses,$,na,299202000,na,na,na,571373000,na,na,na,na,na,404000000,411000000,422000000,477000000,513000000,523000000,582390298,581949004,611967853,624960419,673796136,647592983,723934563,719006267,743678089,759456552,767633547,794646512,837850346,824894718,819776631,884971593,880474119,871549127,879573234,933249435,957529758,994361759,1008538663,984165620,1043189723,1205376863,1250507081,1281801308,
All other expenses,no.,na,na,na,na,na,na,na,na,na,na,na,na,na,616270,684245,722040,740845,791975,789440,817985,848390,894825,824760,855110,895110,933995,965700,996925,1029480,1055075,1037335,1064270,1077625,1080031,1076293,1097563,1140239,1181085,1229256,1274561,1316500,1360964,1423308,1429074,1424181,
All other expenses,$,na,na,na,na,na,na,na,na,na,na,na,na,na,9298000000,9186000000,10118000000,11023000000,12743418837,13402233413,14359089508,14898230244,16803996063,16849458338,18439155809,20298139198,21846437163,23352162769,24593447060,26155271186,27832879569,27014963228,27242165958,27795167510,28310942860,28948007003,29974246305,31170598849,32365845850,32782255282,33936124809,34725807589,35218952720,37599864993,38343172517,38751405982,
Total business expenses primary production2,no.,na,na,na,na,na,na,na,na,na,na,na,na,na,na,na,na,na,na,na,na,na,na,na,na,na,na,na,na,131935,126050,114910,108400,102520,98418,95223,89014,86846,85509,86745,87559,73243,73176,75850,73894,69786,
Total business expenses primary production2,$,na,na,na,na,na,na,na,na,na,na,na,na,na,na,na,na,na,na,na,na,na,na,na,na,na,na,na,na,5890667179,6048858448,5705928078,5305634617,5333913109,5388940081,5446051831,5609240126,5793905401,6064789890,6143063697,6243232581,6185064600,6769021293,7084136886,7349187713,7186333537,
Total business expenses non-primary production2,no.,na,na,na,na,na,na,na,na,na,na,na,na,na,na,na,na,na,na,na,na,na,na,na,na,na,na,na,na,968265,1003330,995550,1033665,1052145,1058873,1061334,1085483,1131120,1173878,1224645,1270631,1331635,1381848,1454834,1469666,1468884,
Total business expenses non-primary production2,$,na,na,na,na,na,na,na,na,na,na,na,na,na,na,na,na,na,na,na,na,na,na,na,na,na,na,na,na,73938715700,84880056155,77841987383,83188700533,77681699661,77381688456,70436811757,71833812960,72872071547,76232196251,77312111330,82472071220,83892306686,91417260086,106608367648,113792089665,101814227012,
Total business expenses (total)2,no.,na,na,na,na,na,na,na,na,na,na,na,na,na,na,na,na,na,na,na,na,na,na,na,na,na,na,na,na,1082165,1111750,1093875,1126350,1139490,1142505,1143173,1162055,1205712,1247732,1299975,1346846,1393849,1443982,1519453,1532359,1527803,
Total business expenses (total)2,$,na,na,na,na,na,na,na,na,na,na,na,na,na,na,na,na,na,na,na,na,na,na,na,na,na,na,na,na,79829382879,90928914603,83547915461,88494335150,82967160647,82724764111,75875288088,77579772114,78583336335,82307498421,83454480784,88716190108,90152975632,98198373392,113710578388,121151373272,109138727996,
Business income and expenses: Reconciliation items,,,,,,,,,,,,,,,,,,,,,,,,,,,,,,,,,,,,,,,,,,,,,,,
Section 40-880 deduction,no.,na,na,na,na,na,na,na,na,na,na,na,na,na,na,na,na,na,na,na,na,na,na,na,280,385,440,515,660,720,700,850,1045,1060,1046,1401,1110,1138,1286,1223,1221,1098,1145,1303,1214,1106,
Section 40-880 deduction,$,na,na,na,na,na,na,na,na,na,na,na,na,na,na,na,na,na,na,na,na,na,na,na,655790,1225500,1307750,1505334,1784646,1947189,1492393,2649000,4438831,2341895,2382792,3881918,3838131,3958433,6102283,5746066,7375683,7421626,7629987,13285137,9848393,8615664,
Business deduction for project pool,no.,na,na,na,na,na,na,na,na,na,na,na,na,na,na,na,na,na,na,na,na,na,na,na,190,170,160,175,170,180,150,260,245,160,172,227,167,207,315,350,325,354,423,578,378,338,
Business deduction for project pool,$,na,na,na,na,na,na,na,na,na,na,na,na,na,na,na,na,na,na,na,na,na,na,na,305854,687950,742565,388450,462138,841646,593088,1486325,1427138,560534,725838,1073239,558981,760615,2784425,1819847,1517632,3966713,2875140,3407460,3184014,2446068,
"Landcare operations and business deduction for decline in value of water facility, fencing asset and fodder storage asset",no.,na,na,na,na,na,na,na,na,na,na,na,na,na,4175,1645,1780,1635,1445,1400,3385,3525,3300,2770,2470,2330,2190,2150,2080,2220,2085,2110,1990,1760,1624,1420,1473,1549,1751,1463,1246,1218,1223,1231,1069,986,
"Landcare operations and business deduction for decline in value of water facility, fencing asset and fodder storage asset",$,na,na,na,na,na,na,na,na,na,na,na,na,na,21000000,5000000,4000000,5000000,5058620,4816823,15271371,13852914,13561990,11915571,9891341,9894480,10544878,10221032,10446133,12012326,11971852,11305181,10437309,9037544,6777175,6064176,6784249,8906744,17577473,24957339,19868432,20490583,17862387,17843365,18155461,14207081,
Income reconciliation adjustments,no.,na,na,na,na,na,na,na,na,na,na,na,na,na,na,na,na,na,na,na,na,na,8730,8045,10405,13535,15845,17440,18330,19590,20045,21965,27095,25250,24238,22010,20873,18645,16928,17263,17450,17895,37551,44167,42751,22110,
Income reconciliation adjustments,$,na,na,na,na,na,na,na,na,na,na,na,na,na,na,na,na,na,na,na,na,na,-38075893,-50447570,-121354463,-72742630,-66736975,-50349039,-28244693,-49486410,13542012,-1097765055,-2495024916,-1495240278,-7958152692,-4736888029,-125174834,-58885066,-3027437550,-6945948,-1131496127,-116040755,-296952644,-401167502,-546886115,-16491647,
Expense reconciliation adjustments,no.,na,na,na,na,na,na,na,na,na,na,na,na,na,na,na,na,na,na,na,na,na,18930,19485,33360,38665,41155,44015,41985,41600,38830,40115,40705,39895,40083,40515,41258,42337,42167,41596,42127,42688,45915,50290,53853,132329,
Expense reconciliation adjustments,$,na,na,na,na,na,na,na,na,na,na,na,na,na,na,na,na,na,na,na,na,na,20945728,24778347,18455677,4982225,-19246531,-59870059,-811393,15063815,-190689654,-13002556,-7243642,11632102,39158122,-13704244,11177386,-7585005,11633413,9369062,-338383,13128539,-65594703,-95376125,-85881345,-194507275,
Net income or loss from business,,,,,,,,,,,,,,,,,,,,,,,,,,,,,,,,,,,,,,,,,,,,,,,
Net income or loss from business this year – primary production2,no.,na,na,na,na,na,na,na,na,na,na,na,na,na,na,na,na,na,na,na,na,na,na,na,na,na,na,na,na,135090,129660,117365,112305,105920,101854,102698,97681,94079,94707,98590,100515,79362,80338,85433,82241,77540,
Net income or loss from business this year – primary production2,$,na,na,na,na,na,na,na,na,na,na,na,na,na,na,na,na,na,na,na,na,na,na,na,na,na,na,na,na,-1668528524,-1137746504,-1186844264,-839584121,-368692401,-496996660,-580418411,-428792782,-58243685,67580193,222306145,-6162303,-505262608,-716870826,-133679143,199908656,-347548122,
Net income or loss from business this year – non-primary production2,no.,na,na,na,na,na,na,na,na,na,na,na,na,na,na,na,na,na,na,na,na,na,na,na,na,na,na,na,na,996450,1038400,1031580,1074050,1098845,1106784,1118200,1148122,1196084,1245323,1302724,1357358,1442128,1500270,1580943,1593910,1597528,
Net income or loss from business this year – non-primary production2,$,na,na,na,na,na,na,na,na,na,na,na,na,na,na,na,na,na,na,na,na,na,na,na,na,na,na,na,na,28415620696,22319773783,22413967954,24780308152,27598478721,28535094022,29084935491,31104944198,32149845824,36394743286,35756740066,38178199732,40356192359,40772337643,49951746848,47480431267,50031679468,
Net income or loss from business this year (total)2,no.,na,na,na,na,na,na,na,na,na,na,na,na,na,na,na,na,na,na,na,na,na,na,na,na,na,na,na,na,1110915,1147915,1129900,1168085,1186345,1190866,1204625,1230307,1275092,1325662,1386935,1443719,1507754,1566351,1650590,1661815,1661238,
Net income or loss from business this year (total)2,$,na,na,na,na,na,na,na,na,na,na,na,na,na,na,na,na,na,na,na,na,na,na,na,na,na,na,na,na,26747092172,21182027279,21227123690,23940724031,27212259637,28041774259,28493551186,35997433851,32090999701,36461855919,35977390993,38178747121,39858237808,40060088973,44828844646,47692514737,49692068446,
Deferred non-commercial business losses from a prior year – primary production,no.,na,na,na,na,na,na,na,na,na,na,na,na,na,na,na,na,na,na,na,na,na,na,na,na,na,na,na,na,6245,6640,6635,7110,7850,8191,8445,8479,8521,8478,8265,8077,7979,8344,8668,8457,8161,
Deferred non-commercial business losses from a prior year – primary production,$,na,na,na,na,na,na,na,na,na,na,na,na,na,na,na,na,na,na,na,na,na,na,na,na,na,na,na,na,127136072,145503426,143569925,168621977,244929525,307574236,368235699,426514043,455967020,480149385,465524098,578596566,609455338,579599770,668055733,687423973,679886927,
Deferred non-commercial business losses from a prior year – non-primary production,no.,na,na,na,na,na,na,na,na,na,na,na,na,na,na,na,na,na,na,na,na,na,na,na,na,na,na,na,na,47590,48675,48655,55985,59300,61100,62900,68927,73876,80718,86110,90434,93588,98643,111138,112998,115651,
Deferred non-commercial business losses from a prior year – non-primary production,$,na,na,na,na,na,na,na,na,na,na,na,na,na,na,na,na,na,na,na,na,na,na,na,na,na,na,na,na,447798733,488182311,534766499,662955868,772637313,869433896,991238833,1077070011,1123109852,1264238777,1379087716,1450959673,1523730041,1683804766,1928124164,1946542726,2064080833,
Deferred non-commercial business losses from a prior year (total)2,no.,na,na,na,na,na,na,na,na,na,na,na,na,na,na,na,na,na,na,na,na,na,na,na,na,na,na,na,na,53575,55025,55010,62790,66565,68691,70857,76849,81792,88639,93858,98026,101061,106452,119225,120902,123248,
Deferred non-commercial business losses from a prior year (total)2,$,na,na,na,na,na,na,na,na,na,na,na,na,na,na,na,na,na,na,na,na,na,na,na,na,na,na,na,na,574934805,633685737,678336424,831577845,1014600599,1170364108,1340141316,1481865442,1577519709,1741818605,1842255420,2025843461,2128850904,2262434601,2595846377,2633010958,2742376721,
Net income or loss from business – primary production,no.,85290,113870,115110,113475,111945,109430,108010,113205,110695,117360,119985,123640,118790,120820,122340,124185,119280,122815,123845,125890,125525,124095,116620,115810,117515,121910,128745,134565,136180,130795,118520,113715,107220,103226,103651,98732,95358,95954,99869,101867,80753,81659,86799,83595,78897,
Net income or loss from business – primary production,$,280103000,322659000,175012000,87331000,-104784000,71145000,-57029000,-111516000,6121000,136000000,121000000,14000000,-345000000,-384000000,-249000000,-148000000,-291000000,-373322978,-576465647,-692599591,-708163569,-729597416,-302259062,-146136835,-672755368,-837704283,-1172118477,-1498630806,-1802602773,-1565582638,-1346851845,-1010094119,-617808778,-806645681,-951002405,-850626452,-515367278,-399397679,-243006999,-577728099,-1113172774,-1301650277,-802533518,-488244196,-1027858991,
Net income or loss from business – non-primary production,no.,209180,287835,303930,317605,324765,374560,396920,422695,437395,495100,549390,577540,584200,632020,686290,725120,747820,796115,789045,815455,844660,898215,790130,821855,862790,903140,933550,965445,1005240,1047165,1041140,1084140,1109445,1118112,1127819,1158839,1206884,1257019,1315191,1370583,1455966,1515646,1598294,1612600,1617354,
Net income or loss from business – non-primary production,$,1163344000,1689002000,1907287000,1881573000,1965133000,2363407000,2678204000,3136435000,3555000000,4118000000,4876000000,5336000000,5169000000,5590000000,6363000000,7119000000,7856000000,8411958990,8698548270,9776062798,10960893919,12792307295,11185239938,12727828351,14029264793,15639962329,16699570540,18200223287,20553158257,21989025585,21920294717,24282539432,26991804285,27847042215,28290025809,30043500694,31196391143,32859819025,34455983414,36787119596,38859600770,39082574270,48092658163,45547117421,48097585121,
Net income or loss from business (total)2,no.,na,na,400630,413640,420525,467665,488910,519165,532600,595870,651515,680240,684910,734930,789985,830055,848045,898450,606545,918990,948200,1000470,888575,919505,961800,1005810,1042110,1079120,1120535,1157515,1140225,1181695,1216665,1204199,1215174,1241983,1287315,1338407,1400471,1457966,1522543,1582597,1668803,1681322,1681884,
Net income or loss from business (total)2,$,1443447000,2011661000,1997598000,1968903000,1860350000,2434552000,2621176000,3024919000,3561000000,4254000000,4996000000,5350000000,4825000000,5205000000,6115000000,6972000000,7566000000,8038636011,8122082623,9083463206,10252730350,12062709879,10882980876,12581691516,13356509425,14802258046,15527452063,16701592481,18750555484,20423442947,20573442872,23330392951,26373995507,27040396534,27339023404,29192874242,30680914128,32460409443,34212976415,36214549493,37746427996,37780923993,47290124645,45058817829,47069726130,
Small business entity simplified depreciation,,,,,,,,,,,,,,,,,,,,,,,,,,,,,,,,,,,,,,,,,,,,,,,
Deduction for certain assets,no.,na,na,na,na,na,na,na,na,na,na,na,na,na,na,na,na,na,na,na,na,na,na,na,na,na,na,na,na,na,na,na,na,na,na,98018,80383,127597,156140,164822,162486,160754,177609,177832,108102,93428,
Deduction for certain assets,$,na,na,na,na,na,na,na,na,na,na,na,na,na,na,na,na,na,na,na,na,na,na,na,na,na,na,na,na,na,na,na,na,na,na,289842799,171208258,401539484,803049316,875939564,849617285,943000764,1669155620,2072903586,1371311233,1274629415,
Deduction for general small business pool,no.,na,na,na,na,na,na,na,na,na,na,na,na,na,na,na,na,na,na,na,na,na,na,na,na,na,na,na,na,na,na,na,na,na,na,161432,138928,155773,115179,103676,96345,84596,68882,47784,30990,26877,
Deduction for general small business pool,$,na,na,na,na,na,na,na,na,na,na,na,na,na,na,na,na,na,na,na,na,na,na,na,na,na,na,na,na,na,na,na,na,na,na,994251195,837460025,1162014622,1040120381,999378519,961174770,1001289608,1410332848,979619755,400239917,337107825,
Temporary full expensing,,,,,,,,,,,,,,,,,,,,,,,,,,,,,,,,,,,,,,,,,,,,,,,
Value of assets you are opting out for,no.,na,na,na,na,na,na,na,na,na,na,na,na,na,na,na,na,na,na,na,na,na,na,na,na,na,na,na,na,na,na,na,na,na,na,na,na,na,na,na,na,na,na,7840,9959,9952,
Value of assets you are opting out for,$,na,na,na,na,na,na,na,na,na,na,na,na,na,na,na,na,na,na,na,na,na,na,na,na,na,na,na,na,na,na,na,na,na,na,na,na,na,na,na,na,na,na,234276437,271556920,257765786,
Temporary full expensing deductions,no.,na,na,na,na,na,na,na,na,na,na,na,na,na,na,na,na,na,na,na,na,na,na,na,na,na,na,na,na,na,na,na,na,na,na,na,na,na,na,na,na,na,na,54239,73750,84867,
Temporary full expensing deductions,$,na,na,na,na,na,na,na,na,na,na,na,na,na,na,na,na,na,na,na,na,na,na,na,na,na,na,na,na,na,na,na,na,na,na,na,na,na,na,na,na,na,na,999310055,1410303243,1762314373,
Backing business investment,,,,,,,,,,,,,,,,,,,,,,,,,,,,,,,,,,,,,,,,,,,,,,,
Value of assets you are opting out for ,no.,na,na,na,na,na,na,na,na,na,na,na,na,na,na,na,na,na,na,na,na,na,na,na,na,na,na,na,na,na,na,na,na,na,na,na,na,na,na,na,na,na,na,2486,na,na,
Value of assets you are opting out for ,$,na,na,na,na,na,na,na,na,na,na,na,na,na,na,na,na,na,na,na,na,na,na,na,na,na,na,na,na,na,na,na,na,na,na,na,na,na,na,na,na,na,na,61180253,na,na,
Small business boost,,,,,,,,,,,,,,,,,,,,,,,,,,,,,,,,,,,,,,,,,,,,,,,
Small business skills and training boost,no.,na,na,na,na,na,na,na,na,na,na,na,na,na,na,na,na,na,na,na,na,na,na,na,na,na,na,na,na,na,na,na,na,na,na,na,na,na,na,na,na,na,na,na,na,4950,
Small business skills and training boost,$,na,na,na,na,na,na,na,na,na,na,na,na,na,na,na,na,na,na,na,na,na,na,na,na,na,na,na,na,na,na,na,na,na,na,na,na,na,na,na,na,na,na,na,na,4543018,
Small business technology investment boost,no.,na,na,na,na,na,na,na,na,na,na,na,na,na,na,na,na,na,na,na,na,na,na,na,na,na,na,na,na,na,na,na,na,na,na,na,na,na,na,na,na,na,na,na,na,80573,
Small business technology investment boost,$,na,na,na,na,na,na,na,na,na,na,na,na,na,na,na,na,na,na,na,na,na,na,na,na,na,na,na,na,na,na,na,na,na,na,na,na,na,na,na,na,na,na,na,na,79730356,
Other business and professional items,,,,,,,,,,,,,,,,,,,,,,,,,,,,,,,,,,,,,,,,,,,,,,,
Trade debtors,no.,na,na,na,na,na,na,na,na,na,na,na,na,na,na,na,na,na,na,na,na,na,na,na,na,na,na,na,na,23215,23385,23360,23070,22545,21715,20841,19907,19972,19766,19691,19840,20013,22015,22375,22843,21856,
Trade debtors,$,na,na,na,na,na,na,na,na,na,na,na,na,na,na,na,na,na,na,na,na,na,na,na,na,na,na,na,na,739525235,737716585,734988091,720286102,719862076,700597386,671180592,627760442,3123395419,3181315481,636366922,609636681,612828451,592126742,637778299,646439671,574384568,
Trade creditors,no.,na,na,na,na,na,na,na,na,na,na,na,na,na,na,na,na,na,na,na,na,na,na,na,na,na,na,na,na,26015,25535,24540,23655,22895,21803,20563,19381,18896,18189,17571,17291,16676,17120,17064,16647,15246,
Trade creditors,$,na,na,na,na,na,na,na,na,na,na,na,na,na,na,na,na,na,na,na,na,na,na,na,na,na,na,na,na,982204862,1056263530,1012398052,921774122,924475790,880290386,964069046,743523302,747042935,730696795,727622988,719370377,695692916,635898800,675712993,724170470,615677467,
Salary and wage expenses - all other expenses,no.,na,na,na,na,na,na,na,na,na,na,na,na,na,na,na,na,na,na,na,na,na,na,na,na,na,na,na,na,na,na,na,na,na,na,na,73291,73555,73395,72207,70254,67381,69297,66319,61520,53366,
Salary and wage expenses - all other expenses,$,na,na,na,na,na,na,na,na,na,na,na,na,na,na,na,na,na,na,na,na,na,na,na,na,na,na,na,na,na,na,na,na,na,na,na,4157986821,4192053344,4237516973,4178101562,4175418225,4045831671,4093925412,4297853670,3974566468,3756105069,
Salary and wage expenses - included in both cost of sales and all other expenses,no.,na,na,na,na,na,na,na,na,na,na,na,na,na,na,na,na,na,na,na,na,na,na,na,na,na,na,na,na,na,na,na,na,na,na,na,1275,1247,1142,1268,1335,1650,2388,1823,2268,2137,
Salary and wage expenses - included in both cost of sales and all other expenses,$,na,na,na,na,na,na,na,na,na,na,na,na,na,na,na,na,na,na,na,na,na,na,na,na,na,na,na,na,na,na,na,na,na,na,na,61459120,55356619,53377545,54449576,44789115,48856904,50617618,52809459,46176623,43775593,
Salary and wage expenses - cost of sales,no.,na,na,na,na,na,na,na,na,na,na,na,na,na,na,na,na,na,na,na,na,na,na,na,na,na,na,na,na,na,na,na,na,na,na,na,1667,1660,1822,2502,2649,3434,5641,4747,6062,6034,
Salary and wage expenses - cost of sales,$,na,na,na,na,na,na,na,na,na,na,na,na,na,na,na,na,na,na,na,na,na,na,na,na,na,na,na,na,na,na,na,na,na,na,na,62067645,69149730,61599834,79696913,79420287,87933573,95804573,113856986,118546022,132482734,
Salary and wage expenses - cost of sales and/or all other expenses,no.,na,na,na,na,na,na,na,na,na,na,na,na,na,na,na,na,na,na,na,na,na,na,na,na,na,na,na,na,na,na,na,na,na,na,na,4340,4032,3603,3464,3360,3613,4453,3813,4099,3661,
Salary and wage expenses - cost of sales and/or all other expenses,$,na,na,na,na,na,na,na,na,na,na,na,na,na,na,na,na,na,na,na,na,na,na,na,na,na,na,na,na,na,na,na,na,na,na,na,208650308,213626132,184110327,172584494,165918822,168001105,155602246,172587440,157552716,140888119,
Salary and wage expenses - blank,no.,na,na,na,na,na,na,na,na,na,na,na,na,na,na,na,na,na,na,na,na,na,na,na,na,na,na,na,na,na,na,na,na,na,na,na,202,175,116,80,61,47,45,46,38,27,
Salary and wage expenses - blank,$,na,na,na,na,na,na,na,na,na,na,na,na,na,na,na,na,na,na,na,na,na,na,na,na,na,na,na,na,na,na,na,na,na,na,na,10396937,10768217,7334830,5305589,2588653,1909140,1877247,1832606,1767034,1436269,
Salary and wage expenses (total),no.,96420,133045,132500,131070,129325,133925,130035,135450,129665,130950,na,71430,103670,94145,99440,103810,102825,110755,107670,104420,100995,99370,84360,82355,81055,81205,80555,81830,81785,81295,78195,77615,78375,78330,79550,80775,80669,80078,79521,77659,76125,81824,76748,73987,65225,
Salary and wage expenses (total),$,642293000,1002053000,1086952000,1132165000,1152805000,1290828000,1377278000,1573168000,1614000000,1790000000,na,1417000000,1966000000,1899000000,2048000000,2212000000,2299000000,2557614574,2545241514,2608812000,2633834912,2845436815,3006357622,2913659834,3105428964,3248363873,3249287071,3415005889,3650105131,3891003411,3889612354,3952762305,4072425919,4186921808,4330599492,4500560831,4540954042,4543939509,4490138134,4468135102,4352532393,4397827096,4638940161,4298608863,4074687784,
Payments to associated persons,no.,na,na,na,na,na,na,na,na,na,na,na,34965,36790,35490,36975,35805,35245,36525,35260,34545,30670,29205,21600,20925,20090,19455,19105,20000,19620,19765,19520,20490,21160,21655,22828,23948,24156,23499,23049,22253,21083,20535,19690,17209,15092,
Payments to associated persons,$,na,na,na,na,na,na,na,na,na,na,na,353000000,416000000,410000000,447000000,455000000,466000000,499315856,490909920,497635862,649248556,709629837,643020232,572555496,459888489,425403652,436380756,462962003,496404743,509425885,531025133,563104463,570549026,607928748,630142643,664301283,668191705,682642505,659312327,636950700,622726134,626174684,643329284,581212498,553919225,
Intangible depreciating assets first deducted,no.,na,na,na,na,na,na,na,na,na,na,na,na,na,na,na,na,na,na,na,na,na,na,na,2015,1505,1270,1250,1235,1295,1455,1305,1350,1165,1093,2000,2169,2116,1487,1195,1214,988,984,2294,2157,2314,
Intangible depreciating assets first deducted,$,na,na,na,na,na,na,na,na,na,na,na,na,na,na,na,na,na,na,na,na,na,na,na,26296851,15886596,16686390,15059636,20025510,16399722,25117562,19406522,15726453,15403966,13652160,24767129,26267776,26731071,21565577,16976905,18106013,15783498,17299894,42557417,44511478,50771312,
Other depreciating assets first deducted,no.,na,na,na,na,na,na,na,na,na,na,na,na,na,na,na,na,na,na,na,na,na,na,na,117990,122155,127285,125045,103710,91915,113000,111245,115155,104640,97944,70762,81999,75422,64677,56271,52013,49205,51059,53444,55369,53973,
Other depreciating assets first deducted,$,na,na,na,na,na,na,na,na,na,na,na,na,na,na,na,na,na,na,na,na,na,na,na,1534781334,1530550437,1831564636,1724267596,1381911687,1322649791,1600098085,1616658474,1756198117,1351063957,1273864105,1025715798,1100198327,1119436456,1091737440,1011718256,923007823,869451209,849270995,997125436,1125100935,1183627299,
Termination value of intangible depreciating assets,no.,na,na,na,na,na,na,na,na,na,na,na,na,na,na,na,na,na,na,na,na,na,na,na,880,765,740,630,540,560,605,560,520,420,439,532,500,409,417,359,355,326,348,346,274,234,
Termination value of intangible depreciating assets,$,na,na,na,na,na,na,na,na,na,na,na,na,na,na,na,na,na,na,na,na,na,na,na,16415912,17335954,23171316,20331013,19077402,17555961,18836554,15073555,17272067,14334693,10405928,16948344,10974970,8179352,13263935,8595985,8005373,8882707,6212911,10827589,5124734,4625384,
Termination value of other depreciating assets,no.,na,na,na,na,na,na,na,na,na,na,na,na,na,na,na,na,na,na,na,na,na,na,na,42720,37680,35520,32215,26195,23850,26800,25495,26195,23195,21707,17186,15726,14891,13519,11711,10415,9320,8375,7606,6636,6196,
Termination value of other depreciating assets,$,na,na,na,na,na,na,na,na,na,na,na,na,na,na,na,na,na,na,na,na,na,na,na,871585740,721159033,742538595,723505337,596818290,584953000,715777676,635529275,650990001,555486003,522027303,419607124,362146145,441729617,438548620,366055744,355213305,284393168,290403701,234904544,214360218,218628679,
