Percentile,Ranged Taxable Income,State/territory5,Sex4,Individuals no.,Taxable income or loss $,Net tax $,Total Income or Loss2 $,Total deductions2 $,Net rent2 no.,Net rent2 $,Total business income2 no.,Total business income2 $,Total business expenses2 no.,Total business expenses2 $,HELP debt balance no.,HELP debt balance $,SFSS debt balance no.,SFSS debt balance $,TSL debt balance no.,TSL debt balance $,VSL debt balance no.,VSL debt balance $,SSL debt balance no.,SSL debt balance $,Tax payable no.,Tax payable $,Tax refundable no.,Tax refundable $,People with private health insurance no.,Net capital gain no.,Net capital gain $,Estimated tax on net capital gain no.,Estimated tax on net capital gain $,Total current year capital gain no.,Total current year capital gain $
1.0,"$22,240 or less",ACT,Female,517.0,7989079.0,344664.0,9016771.0,1001372.0,104.0,134723.0,19.0,331380.0,14.0,165465.0,82.0,2485689.0,1.0,9545.0,1.0,1526.0,3.0,27694.0,2.0,2447.0,132.0,119674.0,379.0,-949781.0,200.0,22.0,351584.0,20.0,2213.0,26.0,714547.0
1.0,"$22,240 or less",ACT,Male,464.0,6700989.0,427767.0,7723779.0,966487.0,90.0,277957.0,27.0,711995.0,26.0,498573.0,59.0,1377344.0,1.0,46952.0,3.0,40350.0,3.0,92169.0,7.0,30109.0,143.0,167832.0,312.0,-886586.0,147.0,25.0,311870.0,25.0,14146.0,38.0,707808.0
1.0,"$22,240 or less",NSW,Female,15449.0,232171219.0,15716780.0,270964167.0,37421058.0,2764.0,17300309.0,764.0,19762769.0,649.0,14956631.0,1614.0,40768267.0,32.0,465483.0,14.0,65943.0,30.0,290750.0,97.0,338123.0,3546.0,4108112.0,11573.0,-24489261.0,4591.0,604.0,4199457.0,584.0,180022.0,728.0,10468046.0
1.0,"$22,240 or less",NSW,Male,13415.0,194955301.0,14704851.0,231402520.0,34025835.0,2617.0,19030601.0,1159.0,51636924.0,1022.0,44333861.0,1081.0,29734045.0,26.0,398926.0,85.0,617088.0,19.0,624749.0,66.0,212566.0,3781.0,4500195.0,9407.0,-22786192.0,3481.0,582.0,4968634.0,569.0,267076.0,752.0,29422790.0
1.0,"$22,240 or less",NT,Female,403.0,5249427.0,539377.0,6122454.0,841921.0,18.0,80596.0,20.0,166545.0,14.0,74586.0,8.0,274133.0,1.0,1229.0,0.0,0.0,1.0,3397.0,1.0,1223.0,63.0,37070.0,327.0,-405173.0,46.0,3.0,818.0,3.0,243.0,4.0,1735.0
1.0,"$22,240 or less",NT,Male,411.0,5297557.0,546520.0,6380397.0,990292.0,15.0,55092.0,34.0,737048.0,27.0,468129.0,12.0,268193.0,1.0,32428.0,1.0,4731.0,0.0,0.0,1.0,1132.0,64.0,48017.0,337.0,-550430.0,51.0,5.0,3689.0,5.0,261.0,8.0,11733.0
1.0,"$22,240 or less",Overseas or Unknown,Female,17187.0,139090422.0,38442711.0,160183060.0,14708826.0,12230.0,101539530.0,302.0,5362996.0,215.0,1820566.0,1196.0,36464423.0,31.0,449406.0,1.0,5752.0,7.0,57310.0,50.0,159273.0,12018.0,21038067.0,4873.0,-11640633.0,1045.0,1137.0,5941177.0,1135.0,884752.0,1301.0,9178368.0
1.0,"$22,240 or less",Overseas or Unknown,Male,18903.0,150938066.0,43300972.0,180286103.0,20045516.0,13125.0,108759844.0,446.0,14340590.0,332.0,8834915.0,943.0,30273556.0,34.0,480726.0,1.0,4773.0,7.0,161571.0,56.0,173367.0,13421.0,23802547.0,5078.0,-15120819.0,1216.0,1631.0,10725586.0,1630.0,1431832.0,1958.0,16536686.0
1.0,"$22,240 or less",QLD,Female,10395.0,152458636.0,9855983.0,178200236.0,25162323.0,1106.0,7097863.0,573.0,11245013.0,455.0,8488345.0,1032.0,23671470.0,31.0,425888.0,22.0,212200.0,61.0,458280.0,65.0,270132.0,1946.0,1825140.0,8167.0,-15262673.0,2545.0,319.0,3742489.0,312.0,88547.0,387.0,12136368.0
1.0,"$22,240 or less",QLD,Male,8332.0,119749242.0,8829811.0,145430741.0,24767449.0,1116.0,7757203.0,780.0,37296929.0,658.0,30809339.0,591.0,15631383.0,12.0,212563.0,65.0,458778.0,22.0,271448.0,38.0,162765.0,1976.0,2088557.0,6148.0,-14318156.0,1816.0,317.0,4053920.0,307.0,110798.0,409.0,16087161.0
1.0,"$22,240 or less",SA,Female,2514.0,41319155.0,1616057.0,47467186.0,5944396.0,366.0,2254856.0,140.0,3725221.0,117.0,2689840.0,376.0,8749263.0,11.0,149480.0,0.0,0.0,19.0,111107.0,21.0,90866.0,545.0,538683.0,1940.0,-4852052.0,1075.0,134.0,1637484.0,131.0,27051.0,152.0,9999986.0
1.0,"$22,240 or less",SA,Male,2212.0,33938133.0,1910702.0,40745144.0,6490926.0,359.0,2377104.0,231.0,11632320.0,206.0,9440238.0,195.0,4523609.0,9.0,134265.0,25.0,156029.0,8.0,210851.0,11.0,55446.0,585.0,586434.0,1599.0,-4684506.0,784.0,139.0,1463518.0,136.0,32319.0,160.0,6921564.0
1.0,"$22,240 or less",TAS,Female,789.0,13783744.0,488081.0,16204799.0,2409038.0,97.0,505440.0,36.0,911961.0,31.0,713499.0,86.0,1598232.0,1.0,3058.0,4.0,18056.0,2.0,12682.0,3.0,9736.0,110.0,69013.0,665.0,-1443488.0,287.0,32.0,814748.0,31.0,2546.0,41.0,1722094.0
1.0,"$22,240 or less",TAS,Male,571.0,9225743.0,464618.0,10866605.0,1636879.0,61.0,426205.0,55.0,3307043.0,51.0,2744314.0,37.0,719361.0,1.0,38858.0,9.0,52250.0,0.0,0.0,5.0,9606.0,111.0,88097.0,452.0,-1151857.0,145.0,24.0,283020.0,24.0,2518.0,31.0,1628752.0
1.0,"$22,240 or less",VIC,Female,12835.0,193317331.0,11958149.0,224466786.0,29750501.0,2359.0,11538426.0,671.0,17900395.0,557.0,13554581.0,1505.0,37982119.0,21.0,375666.0,11.0,81579.0,56.0,424944.0,99.0,343350.0,3055.0,3411776.0,9508.0,-22054742.0,3506.0,572.0,6269856.0,556.0,175317.0,675.0,20378808.0
1.0,"$22,240 or less",VIC,Male,11060.0,158363428.0,11489653.0,186590218.0,26706418.0,2253.0,13605847.0,1067.0,50130702.0,939.0,41323539.0,989.0,26873787.0,22.0,404784.0,74.0,510733.0,49.0,608828.0,75.0,258621.0,3328.0,3742670.0,7523.0,-20867090.0,2757.0,594.0,5511820.0,578.0,194799.0,747.0,24190909.0
1.0,"$22,240 or less",WA,Female,5754.0,88056126.0,5539442.0,103300543.0,14675844.0,657.0,3762162.0,255.0,4358464.0,223.0,2994125.0,575.0,13227993.0,16.0,175386.0,11.0,75529.0,24.0,195914.0,34.0,122038.0,1065.0,1131212.0,4515.0,-9398302.0,2007.0,208.0,2823506.0,199.0,64129.0,252.0,8060305.0
1.0,"$22,240 or less",WA,Male,5303.0,75014129.0,6308577.0,91354612.0,15654869.0,669.0,5020292.0,401.0,184473487.0,348.0,181935279.0,301.0,7441725.0,8.0,218604.0,10.0,91825.0,10.0,51239.0,22.0,68846.0,1247.0,1452294.0,3921.0,-9664969.0,1327.0,188.0,1820308.0,186.0,96560.0,235.0,5050957.0
2.0,"$22,241 to $23,506",ACT,Female,954.0,21821558.0,187270.0,23315874.0,1491601.0,84.0,26835.0,90.0,2697612.0,82.0,1473458.0,285.0,6354536.0,1.0,25974.0,2.0,3007.0,4.0,11987.0,15.0,48146.0,69.0,20202.0,883.0,-2436103.0,518.0,40.0,253971.0,40.0,2179.0,53.0,628952.0
2.0,"$22,241 to $23,506",ACT,Male,777.0,17781193.0,169388.0,19304070.0,1449461.0,51.0,41212.0,162.0,6322286.0,157.0,4321086.0,165.0,4005574.0,3.0,18405.0,16.0,77775.0,4.0,138911.0,16.0,62360.0,96.0,28874.0,678.0,-2208362.0,338.0,39.0,292329.0,39.0,1555.0,53.0,627553.0
2.0,"$22,241 to $23,506",NSW,Female,22037.0,504373025.0,5198163.0,545115501.0,39014349.0,2916.0,11043066.0,3005.0,123853248.0,2742.0,82726041.0,4947.0,116432991.0,80.0,1063963.0,30.0,178871.0,143.0,1289972.0,291.0,1106241.0,2748.0,716248.0,19249.0,-51496174.0,11331.0,943.0,7213637.0,938.0,32492.0,1193.0,25871197.0
2.0,"$22,241 to $23,506",NSW,Male,18070.0,413674853.0,4290721.0,449670732.0,34117132.0,1992.0,7284304.0,4359.0,222680885.0,4111.0,153430811.0,2907.0,75267986.0,66.0,875047.0,240.0,1693711.0,82.0,1475186.0,207.0,690704.0,3543.0,699031.0,14465.0,-45700638.0,7237.0,744.0,5550009.0,730.0,54766.0,998.0,16013379.0
2.0,"$22,241 to $23,506",NT,Female,198.0,4532184.0,109204.0,4792469.0,260285.0,20.0,-262.0,15.0,478973.0,12.0,264047.0,33.0,623249.0,2.0,27321.0,2.0,11199.0,1.0,7101.0,1.0,1132.0,8.0,1474.0,190.0,-549594.0,73.0,1.0,43921.0,1.0,80.0,3.0,116825.0
2.0,"$22,241 to $23,506",NT,Male,182.0,4165715.0,95235.0,4421426.0,255705.0,1.0,-8927.0,26.0,1831509.0,23.0,1521933.0,16.0,319585.0,1.0,5913.0,2.0,17799.0,0.0,0.0,1.0,1132.0,15.0,2860.0,167.0,-532058.0,45.0,4.0,2264.0,4.0,13.0,4.0,2386.0
2.0,"$22,241 to $23,506",Overseas or Unknown,Female,541.0,12364103.0,1833420.0,13357401.0,687653.0,199.0,3284400.0,24.0,457097.0,13.0,124166.0,47.0,1550646.0,0.0,0.0,0.0,0.0,0.0,0.0,4.0,13339.0,170.0,743142.0,364.0,-1229031.0,95.0,39.0,735412.0,39.0,101018.0,43.0,886111.0
2.0,"$22,241 to $23,506",Overseas or Unknown,Male,597.0,13654885.0,2442199.0,14784960.0,926165.0,235.0,4483688.0,25.0,969150.0,19.0,670037.0,31.0,1156341.0,0.0,0.0,0.0,0.0,1.0,17556.0,4.0,12091.0,238.0,1013622.0,347.0,-1343826.0,80.0,41.0,663787.0,41.0,121243.0,53.0,916695.0
2.0,"$22,241 to $23,506",QLD,Female,14103.0,322704908.0,3350072.0,350136600.0,25827965.0,1175.0,5084158.0,1815.0,57730097.0,1660.0,35566355.0,3254.0,74204317.0,75.0,909708.0,56.0,450961.0,255.0,2376456.0,237.0,838314.0,1383.0,321387.0,12693.0,-33564737.0,6344.0,588.0,6280265.0,584.0,34709.0,763.0,20653474.0
2.0,"$22,241 to $23,506",QLD,Male,10358.0,237061697.0,2520651.0,261391582.0,22683624.0,806.0,4144429.0,2037.0,117789918.0,1911.0,88680301.0,1650.0,41708619.0,35.0,426585.0,271.0,2074385.0,83.0,1232871.0,168.0,616612.0,1409.0,294674.0,8927.0,-29214358.0,3787.0,468.0,4539281.0,466.0,36992.0,635.0,28803696.0
2.0,"$22,241 to $23,506",SA,Female,4927.0,112730080.0,978304.0,122846111.0,9944161.0,443.0,1295701.0,536.0,14783094.0,477.0,7962346.0,1215.0,27160781.0,29.0,412663.0,15.0,140043.0,48.0,348953.0,102.0,398251.0,436.0,89723.0,4484.0,-11387773.0,2646.0,225.0,2814538.0,222.0,12608.0,273.0,6735629.0
2.0,"$22,241 to $23,506",SA,Male,3495.0,80000167.0,728485.0,88300923.0,8072077.0,300.0,1472527.0,853.0,42368111.0,808.0,29845685.0,643.0,15837933.0,19.0,310340.0,82.0,656366.0,29.0,397727.0,50.0,189504.0,568.0,85897.0,2917.0,-9096710.0,1515.0,167.0,1747125.0,164.0,8938.0,217.0,6713436.0
2.0,"$22,241 to $23,506",TAS,Female,1490.0,34059880.0,302716.0,36829449.0,2700279.0,126.0,736927.0,173.0,6088697.0,164.0,4249190.0,263.0,5169886.0,7.0,100103.0,11.0,90503.0,14.0,95034.0,21.0,67456.0,112.0,14641.0,1376.0,-3402890.0,686.0,50.0,579096.0,49.0,2816.0,62.0,1177092.0
2.0,"$22,241 to $23,506",TAS,Male,993.0,22741913.0,217015.0,25089059.0,2196127.0,80.0,515040.0,236.0,14480128.0,221.0,11137083.0,120.0,2434538.0,8.0,116660.0,16.0,157283.0,2.0,15171.0,7.0,30098.0,150.0,34901.0,840.0,-2755965.0,376.0,48.0,461069.0,48.0,2619.0,57.0,1042477.0
2.0,"$22,241 to $23,506",VIC,Female,19520.0,446530279.0,4335025.0,481081497.0,33509052.0,2109.0,3482038.0,2679.0,93450022.0,2464.0,59209367.0,4713.0,113989283.0,106.0,1416212.0,40.0,331699.0,251.0,2107709.0,326.0,1119380.0,1988.0,407789.0,17509.0,-47009993.0,8845.0,900.0,6552139.0,895.0,58127.0,1119.0,18981019.0
2.0,"$22,241 to $23,506",VIC,Male,15004.0,343426243.0,3387162.0,376029713.0,31311263.0,1360.0,3615657.0,3837.0,507220429.0,3602.0,447180227.0,2660.0,69829145.0,41.0,784963.0,243.0,1904031.0,194.0,2324378.0,233.0,894334.0,2707.0,547608.0,12241.0,-39546093.0,5285.0,765.0,5977739.0,758.0,45953.0,996.0,20020639.0
2.0,"$22,241 to $23,506",WA,Female,7951.0,181925838.0,1955432.0,195755008.0,13502415.0,657.0,1559782.0,888.0,26564183.0,830.0,15918910.0,1631.0,34899573.0,39.0,446863.0,22.0,149804.0,81.0,537008.0,92.0,305454.0,693.0,162996.0,7243.0,-19469817.0,5069.0,339.0,2678647.0,337.0,21897.0,438.0,7095087.0
2.0,"$22,241 to $23,506",WA,Male,5318.0,121680232.0,1503342.0,133511192.0,11070176.0,400.0,1753198.0,1091.0,51245920.0,1042.0,34513934.0,954.0,23844643.0,22.0,330056.0,53.0,364314.0,25.0,524431.0,80.0,296261.0,793.0,172579.0,4513.0,-14911119.0,2577.0,240.0,2717250.0,238.0,22069.0,338.0,7577444.0
3.0,"$23,507 to $24,679",ACT,Female,930.0,22426483.0,377552.0,23834020.0,1339444.0,91.0,-8338.0,81.0,3426264.0,73.0,2604819.0,254.0,5309598.0,4.0,54366.0,3.0,21041.0,3.0,43508.0,21.0,77001.0,99.0,31210.0,831.0,-2279961.0,528.0,45.0,285429.0,44.0,4257.0,53.0,673837.0
3.0,"$23,507 to $24,679",ACT,Male,782.0,18861526.0,319932.0,20300991.0,1264265.0,49.0,-121593.0,162.0,8603935.0,154.0,5778255.0,165.0,4050484.0,4.0,50497.0,15.0,91926.0,2.0,193643.0,15.0,34702.0,122.0,41715.0,660.0,-2025860.0,339.0,39.0,107652.0,39.0,1413.0,54.0,373784.0
3.0,"$23,507 to $24,679",NSW,Female,21588.0,520417872.0,9549216.0,559793188.0,37726742.0,2566.0,9903675.0,2932.0,110156765.0,2723.0,65428082.0,5040.0,127896166.0,91.0,994871.0,36.0,248993.0,159.0,1464985.0,397.0,1400719.0,3073.0,1138662.0,18502.0,-48967137.0,10899.0,918.0,5970261.0,912.0,89976.0,1188.0,17257275.0
3.0,"$23,507 to $24,679",NSW,Male,17916.0,431877677.0,7857622.0,468065529.0,34059983.0,1776.0,6517470.0,4565.0,253221363.0,4362.0,169520661.0,3027.0,83172539.0,65.0,1064770.0,270.0,1930081.0,65.0,673432.0,267.0,948364.0,4043.0,1407998.0,13859.0,-43499190.0,6828.0,742.0,5061702.0,738.0,63474.0,1001.0,20294426.0
3.0,"$23,507 to $24,679",NT,Female,370.0,8936713.0,153114.0,9502884.0,566171.0,32.0,124664.0,21.0,769925.0,17.0,538410.0,53.0,1037432.0,2.0,24617.0,0.0,0.0,2.0,9727.0,4.0,15653.0,12.0,2070.0,357.0,-994607.0,145.0,5.0,6804.0,5.0,42.0,7.0,14342.0
3.0,"$23,507 to $24,679",NT,Male,298.0,7216308.0,112820.0,7821371.0,605063.0,20.0,68038.0,36.0,2459245.0,36.0,2106782.0,30.0,669991.0,0.0,0.0,1.0,4291.0,2.0,181036.0,2.0,4779.0,26.0,4492.0,272.0,-1033504.0,99.0,6.0,48502.0,6.0,734.0,7.0,121903.0
3.0,"$23,507 to $24,679",Overseas or Unknown,Female,491.0,11848903.0,1864859.0,12564846.0,471383.0,165.0,3310682.0,12.0,427221.0,8.0,78501.0,45.0,1331113.0,0.0,0.0,0.0,0.0,0.0,0.0,6.0,21874.0,171.0,756413.0,315.0,-1020699.0,89.0,30.0,630471.0,30.0,106109.0,36.0,768957.0
3.0,"$23,507 to $24,679",Overseas or Unknown,Male,521.0,12555261.0,2250508.0,13562296.0,718862.0,191.0,3537286.0,30.0,750438.0,24.0,136839.0,38.0,1338456.0,1.0,44084.0,0.0,0.0,0.0,0.0,3.0,12099.0,221.0,978398.0,293.0,-1325974.0,80.0,38.0,986334.0,38.0,142004.0,47.0,1243745.0
3.0,"$23,507 to $24,679",QLD,Female,14341.0,345818359.0,6249813.0,371182363.0,24143474.0,1194.0,4529802.0,1860.0,62867824.0,1725.0,37971403.0,3600.0,83979830.0,94.0,1245582.0,48.0,358795.0,268.0,2534098.0,334.0,1250915.0,1626.0,572072.0,12706.0,-33260832.0,6361.0,615.0,4403342.0,615.0,51184.0,768.0,15098207.0
3.0,"$23,507 to $24,679",QLD,Male,10381.0,250248137.0,4527724.0,272060940.0,20776589.0,702.0,3358771.0,2068.0,119554464.0,1950.0,87829327.0,1845.0,48065350.0,45.0,759825.0,244.0,1866396.0,93.0,1557052.0,240.0,889157.0,1660.0,623008.0,8714.0,-27895856.0,3584.0,462.0,3769963.0,460.0,44870.0,611.0,12561154.0
3.0,"$23,507 to $24,679",SA,Female,5049.0,121727008.0,2083345.0,130906846.0,9009054.0,467.0,1242696.0,616.0,21794248.0,569.0,13614408.0,1328.0,30566873.0,37.0,348865.0,25.0,175822.0,55.0,404704.0,135.0,499613.0,529.0,200909.0,4516.0,-11359735.0,2745.0,208.0,2007337.0,208.0,19807.0,253.0,5549333.0
3.0,"$23,507 to $24,679",SA,Male,3593.0,86653815.0,1403053.0,93912667.0,7069712.0,262.0,1027819.0,842.0,40529263.0,809.0,27706250.0,674.0,17098977.0,27.0,600138.0,85.0,694724.0,26.0,395430.0,93.0,389181.0,641.0,190397.0,2951.0,-8782191.0,1477.0,154.0,1444040.0,154.0,12528.0,201.0,5539053.0
3.0,"$23,507 to $24,679",TAS,Female,1523.0,36733130.0,630212.0,39283068.0,2418514.0,128.0,565560.0,144.0,8032070.0,136.0,6115504.0,297.0,5998983.0,14.0,188659.0,8.0,31598.0,15.0,80258.0,25.0,104638.0,156.0,44572.0,1367.0,-3390351.0,696.0,51.0,545112.0,50.0,6313.0,64.0,1383925.0
3.0,"$23,507 to $24,679",TAS,Male,1002.0,24176305.0,410104.0,26687429.0,2291539.0,75.0,554412.0,216.0,12731464.0,209.0,8820290.0,142.0,3206821.0,7.0,69431.0,41.0,308388.0,6.0,257036.0,21.0,80987.0,155.0,43980.0,846.0,-2608567.0,363.0,49.0,363432.0,49.0,4983.0,61.0,1277794.0
3.0,"$23,507 to $24,679",VIC,Female,19145.0,461492865.0,8221375.0,494616574.0,32614223.0,1940.0,2025606.0,2533.0,93801932.0,2340.0,57549600.0,4861.0,121934611.0,94.0,1217376.0,30.0,277087.0,267.0,2232866.0,402.0,1457173.0,2236.0,758970.0,16899.0,-45653891.0,8393.0,927.0,5423993.0,923.0,72947.0,1155.0,15806111.0
3.0,"$23,507 to $24,679",VIC,Male,15188.0,366165753.0,6360376.0,396536318.0,29095391.0,1255.0,2418903.0,4110.0,221307671.0,3905.0,149451831.0,2942.0,83470107.0,56.0,897222.0,237.0,1777207.0,212.0,2201221.0,370.0,1320573.0,3238.0,1011915.0,11938.0,-38171157.0,5158.0,716.0,4845193.0,713.0,64256.0,954.0,14738788.0
3.0,"$23,507 to $24,679",WA,Female,8002.0,192826818.0,3570254.0,206329178.0,13368352.0,675.0,2108053.0,993.0,30895228.0,932.0,17050499.0,1743.0,38739213.0,40.0,605576.0,20.0,148950.0,89.0,528637.0,145.0,531438.0,862.0,311235.0,7127.0,-19354037.0,5030.0,323.0,2137813.0,322.0,29565.0,400.0,5249026.0
3.0,"$23,507 to $24,679",WA,Male,5352.0,129027460.0,2480430.0,138656551.0,9391156.0,331.0,1355543.0,1153.0,55203841.0,1096.0,36540806.0,946.0,24323129.0,23.0,428472.0,69.0,488586.0,36.0,362380.0,100.0,311767.0,914.0,316890.0,4435.0,-15040869.0,2465.0,222.0,1806445.0,222.0,28499.0,311.0,5520230.0
4.0,"$24,680 to $25,761",ACT,Female,979.0,24690238.0,590955.0,26312079.0,1621215.0,89.0,88488.0,84.0,2716731.0,76.0,1658177.0,252.0,7119930.0,1.0,2977.0,1.0,8689.0,4.0,57647.0,30.0,92957.0,127.0,45149.0,852.0,-2416512.0,528.0,50.0,252057.0,50.0,4587.0,61.0,509782.0
4.0,"$24,680 to $25,761",ACT,Male,796.0,20065143.0,494916.0,21466016.0,1369918.0,47.0,150733.0,177.0,8546211.0,170.0,5614226.0,181.0,4867010.0,2.0,14557.0,15.0,129114.0,3.0,21004.0,25.0,78667.0,142.0,71145.0,654.0,-1953918.0,345.0,37.0,94102.0,37.0,1719.0,53.0,373094.0
4.0,"$24,680 to $25,761",NSW,Female,21445.0,540849557.0,14465550.0,579066473.0,35943067.0,2389.0,7447873.0,2814.0,101088458.0,2611.0,57956104.0,5318.0,136520042.0,103.0,1334025.0,42.0,335901.0,165.0,1324071.0,526.0,2128207.0,3150.0,1673395.0,18286.0,-46906975.0,10720.0,957.0,5046473.0,955.0,108894.0,1199.0,17915144.0
4.0,"$24,680 to $25,761",NSW,Male,17623.0,444391726.0,11438035.0,481737418.0,34517521.0,1629.0,7599370.0,4129.0,231638605.0,3978.0,154524884.0,3237.0,90471458.0,71.0,1036822.0,290.0,2228845.0,67.0,1313997.0,390.0,1464636.0,3939.0,2126650.0,13666.0,-41168006.0,6507.0,758.0,5454595.0,757.0,111096.0,1013.0,14845740.0
4.0,"$24,680 to $25,761",NT,Female,452.0,11394344.0,212929.0,11986063.0,589719.0,35.0,150179.0,44.0,2357163.0,41.0,1679599.0,76.0,1770601.0,2.0,10628.0,0.0,0.0,1.0,675.0,2.0,5979.0,32.0,7569.0,420.0,-1103529.0,165.0,7.0,16593.0,7.0,166.0,11.0,34025.0
4.0,"$24,680 to $25,761",NT,Male,435.0,10969362.0,236061.0,11799111.0,829749.0,29.0,111706.0,61.0,3017773.0,56.0,1956956.0,33.0,1044434.0,2.0,23643.0,2.0,6723.0,0.0,0.0,6.0,20422.0,49.0,17576.0,386.0,-1217835.0,113.0,13.0,22741.0,13.0,247.0,17.0,73295.0
4.0,"$24,680 to $25,761",Overseas or Unknown,Female,449.0,11317949.0,1831122.0,12072460.0,650903.0,159.0,3332274.0,20.0,669486.0,11.0,124251.0,37.0,1206245.0,0.0,0.0,1.0,13040.0,0.0,0.0,6.0,31395.0,142.0,632799.0,295.0,-1073980.0,78.0,24.0,428634.0,24.0,66166.0,29.0,529357.0
4.0,"$24,680 to $25,761",Overseas or Unknown,Male,433.0,10904530.0,2004386.0,11496228.0,534246.0,154.0,3245673.0,22.0,635827.0,15.0,309306.0,24.0,720532.0,2.0,20008.0,0.0,0.0,0.0,0.0,2.0,7212.0,177.0,848224.0,248.0,-1394930.0,59.0,29.0,319770.0,29.0,84382.0,37.0,399226.0
4.0,"$24,680 to $25,761",QLD,Female,14352.0,361943583.0,9589182.0,384877265.0,22133097.0,1045.0,4118589.0,1743.0,62345728.0,1625.0,38273720.0,3644.0,87717655.0,94.0,1208494.0,61.0,573216.0,318.0,3017924.0,427.0,1595662.0,1628.0,819668.0,12715.0,-31195491.0,6052.0,566.0,3909788.0,566.0,73952.0,704.0,12141662.0
4.0,"$24,680 to $25,761",QLD,Male,10678.0,269276551.0,6819705.0,291061414.0,20853685.0,687.0,3396921.0,1995.0,110801729.0,1885.0,78930253.0,1897.0,51728601.0,45.0,761492.0,299.0,2233228.0,100.0,1885163.0,313.0,1207138.0,1710.0,866254.0,8960.0,-26981498.0,3364.0,402.0,3113568.0,401.0,49750.0,547.0,8996762.0
4.0,"$24,680 to $25,761",SA,Female,5190.0,130881619.0,3323923.0,139638558.0,8548706.0,435.0,778778.0,538.0,19791524.0,503.0,12384431.0,1349.0,31329087.0,44.0,781454.0,22.0,222001.0,66.0,463617.0,168.0,680534.0,603.0,288881.0,4586.0,-11214734.0,2682.0,182.0,1804165.0,182.0,33702.0,232.0,3836136.0
4.0,"$24,680 to $25,761",SA,Male,3831.0,96591494.0,2312699.0,104397637.0,7337616.0,262.0,1024161.0,845.0,41196348.0,790.0,26801302.0,784.0,19631541.0,27.0,472433.0,86.0,708382.0,35.0,421016.0,121.0,516265.0,707.0,351512.0,3122.0,-9207349.0,1522.0,154.0,1237600.0,154.0,23522.0,212.0,4916277.0
4.0,"$24,680 to $25,761",TAS,Female,1543.0,38922636.0,967704.0,42052743.0,3093997.0,113.0,553240.0,157.0,5627732.0,154.0,3729050.0,311.0,6232625.0,10.0,139530.0,4.0,35523.0,20.0,178494.0,40.0,143854.0,152.0,67569.0,1391.0,-3351188.0,650.0,51.0,584483.0,50.0,8988.0,62.0,1650684.0
4.0,"$24,680 to $25,761",TAS,Male,1054.0,26565179.0,608350.0,28567821.0,1993993.0,57.0,302381.0,217.0,11952251.0,209.0,8867236.0,162.0,3400821.0,14.0,295577.0,41.0,317772.0,3.0,8183.0,31.0,105712.0,172.0,79105.0,881.0,-2583139.0,389.0,44.0,358262.0,44.0,4417.0,55.0,769070.0
4.0,"$24,680 to $25,761",VIC,Female,18979.0,478588036.0,12659396.0,510970226.0,31769759.0,1749.0,2053921.0,2365.0,78661888.0,2192.0,45999553.0,5120.0,132055247.0,114.0,1542059.0,49.0,453423.0,291.0,2255952.0,608.0,2290528.0,2435.0,1186194.0,16534.0,-41796863.0,8257.0,884.0,5187118.0,883.0,118244.0,1085.0,16819323.0
4.0,"$24,680 to $25,761",VIC,Male,14862.0,374795919.0,9624509.0,405158638.0,28161134.0,1089.0,2359122.0,3716.0,207113987.0,3524.0,142393171.0,3025.0,86140300.0,56.0,792423.0,282.0,2280350.0,213.0,2212550.0,423.0,1707510.0,3157.0,1641008.0,11691.0,-36469319.0,4759.0,693.0,4042624.0,691.0,92037.0,906.0,14953748.0
4.0,"$24,680 to $25,761",WA,Female,7902.0,199337197.0,5397687.0,211948082.0,12167445.0,617.0,1719352.0,921.0,29027361.0,867.0,16199427.0,1791.0,40981449.0,45.0,682471.0,15.0,124578.0,107.0,726686.0,176.0,680091.0,929.0,465170.0,6968.0,-17742793.0,4902.0,322.0,1825868.0,322.0,38985.0,429.0,4998617.0
4.0,"$24,680 to $25,761",WA,Male,5407.0,136365320.0,3758637.0,146433014.0,9603433.0,340.0,1703316.0,1036.0,50452713.0,978.0,33949704.0,989.0,26496407.0,34.0,558534.0,82.0,666103.0,46.0,441390.0,141.0,543302.0,891.0,480932.0,4511.0,-14160955.0,2407.0,213.0,1376186.0,213.0,26002.0,293.0,4195345.0
5.0,"$25,762 to $26,856",ACT,Female,984.0,25874033.0,896297.0,27495904.0,1609637.0,89.0,-53942.0,77.0,2893084.0,70.0,1758037.0,264.0,6476285.0,5.0,62581.0,3.0,28734.0,6.0,71723.0,26.0,99720.0,114.0,83830.0,870.0,-2393758.0,534.0,53.0,186904.0,53.0,6716.0,63.0,410060.0
5.0,"$25,762 to $26,856",ACT,Male,792.0,20828918.0,710713.0,22294418.0,1422965.0,49.0,-54231.0,155.0,6910464.0,147.0,4603498.0,166.0,4646565.0,3.0,33985.0,17.0,154761.0,2.0,48203.0,15.0,65822.0,137.0,94881.0,655.0,-1957166.0,348.0,34.0,57353.0,34.0,1837.0,40.0,125765.0
5.0,"$25,762 to $26,856",NSW,Female,21384.0,562603942.0,20274360.0,599685597.0,36461596.0,2308.0,7806431.0,2571.0,105922168.0,2427.0,67821144.0,5378.0,136681210.0,109.0,1533703.0,49.0,276680.0,154.0,1275768.0,584.0,2109087.0,3106.0,2118817.0,18269.0,-46084175.0,10529.0,837.0,5676694.0,837.0,139165.0,1054.0,17972923.0
5.0,"$25,762 to $26,856",NSW,Male,17531.0,461185584.0,16106973.0,497057714.0,34250293.0,1698.0,8138076.0,3984.0,234973881.0,3830.0,160691181.0,3202.0,92518339.0,70.0,1205605.0,303.0,2362196.0,69.0,1208661.0,401.0,1556135.0,3672.0,2638676.0,13848.0,-41197164.0,6594.0,709.0,4815505.0,709.0,120999.0,932.0,21174466.0
5.0,"$25,762 to $26,856",NT,Female,490.0,12894825.0,348264.0,13699763.0,780045.0,38.0,-28417.0,36.0,2177612.0,36.0,1635235.0,75.0,1505877.0,0.0,0.0,0.0,0.0,0.0,0.0,3.0,7165.0,29.0,12831.0,461.0,-1363078.0,185.0,11.0,90950.0,11.0,1604.0,15.0,279710.0
5.0,"$25,762 to $26,856",NT,Male,392.0,10312408.0,273898.0,10884412.0,539585.0,22.0,89901.0,50.0,3059347.0,47.0,2059484.0,34.0,716082.0,4.0,61392.0,2.0,11789.0,8.0,497965.0,4.0,15780.0,37.0,17735.0,355.0,-1057029.0,86.0,11.0,54134.0,11.0,1299.0,14.0,116966.0
5.0,"$25,762 to $26,856",Overseas or Unknown,Female,392.0,10301885.0,1659844.0,10845247.0,513635.0,140.0,2760407.0,10.0,192069.0,6.0,37866.0,36.0,915086.0,1.0,14253.0,0.0,0.0,1.0,16486.0,3.0,13345.0,138.0,690265.0,250.0,-845480.0,76.0,28.0,392388.0,28.0,94089.0,32.0,524298.0
5.0,"$25,762 to $26,856",Overseas or Unknown,Male,417.0,10977596.0,1963152.0,11879688.0,736535.0,153.0,2966227.0,19.0,521625.0,13.0,131237.0,31.0,1033448.0,1.0,3430.0,0.0,0.0,1.0,9245.0,2.0,7581.0,158.0,812139.0,255.0,-1334660.0,73.0,47.0,732383.0,47.0,135611.0,54.0,2242060.0
5.0,"$25,762 to $26,856",QLD,Female,14586.0,383774705.0,13681421.0,408932409.0,24459052.0,1074.0,3688100.0,1773.0,57674069.0,1665.0,33606800.0,3883.0,94118462.0,95.0,1191924.0,82.0,632632.0,320.0,3305887.0,483.0,1794440.0,1781.0,1196365.0,12801.0,-31042626.0,6124.0,588.0,4378545.0,588.0,110732.0,754.0,12056873.0
5.0,"$25,762 to $26,856",QLD,Male,10821.0,284708752.0,9730037.0,306839710.0,21172313.0,719.0,2759846.0,1935.0,113791560.0,1823.0,82674052.0,2021.0,55232736.0,67.0,818785.0,301.0,2441727.0,97.0,1899168.0,294.0,1159546.0,1709.0,1153770.0,9104.0,-27820799.0,3471.0,435.0,2393480.0,434.0,73412.0,570.0,13806137.0
5.0,"$25,762 to $26,856",SA,Female,5097.0,134101815.0,4675395.0,141872892.0,7416457.0,394.0,1196655.0,561.0,18204421.0,524.0,10370526.0,1421.0,32395547.0,60.0,592657.0,19.0,166608.0,59.0,494714.0,196.0,733467.0,604.0,348609.0,4489.0,-10355596.0,2692.0,206.0,1265540.0,206.0,41027.0,254.0,3481077.0
5.0,"$25,762 to $26,856",SA,Male,3886.0,102244383.0,3394635.0,110930772.0,8229613.0,270.0,1364672.0,833.0,44142237.0,780.0,30268389.0,786.0,21588686.0,34.0,534244.0,99.0,716845.0,27.0,409564.0,156.0,557468.0,653.0,445859.0,3231.0,-8975026.0,1498.0,150.0,1237782.0,150.0,32894.0,205.0,2824393.0
5.0,"$25,762 to $26,856",TAS,Female,1616.0,42526871.0,1460976.0,45017866.0,2465746.0,109.0,335398.0,133.0,5581612.0,125.0,3643134.0,341.0,7304060.0,15.0,140029.0,9.0,97959.0,18.0,208055.0,48.0,168587.0,164.0,96109.0,1452.0,-3400261.0,738.0,59.0,452010.0,59.0,11641.0,68.0,1324222.0
5.0,"$25,762 to $26,856",TAS,Male,1100.0,28927533.0,921493.0,31001739.0,2028712.0,79.0,419997.0,212.0,11312211.0,198.0,8027243.0,181.0,4012900.0,18.0,323906.0,35.0,286488.0,10.0,82082.0,41.0,161229.0,165.0,109688.0,934.0,-2593761.0,385.0,45.0,191552.0,45.0,5531.0,62.0,581919.0
5.0,"$25,762 to $26,856",VIC,Female,19026.0,500586359.0,18039108.0,533489635.0,32396147.0,1867.0,2406247.0,2274.0,74756901.0,2129.0,42716521.0,5069.0,134356126.0,109.0,1290781.0,45.0,361328.0,314.0,2576985.0,586.0,2240151.0,2592.0,1711852.0,16427.0,-40548168.0,8151.0,874.0,5824511.0,873.0,160324.0,1062.0,15712511.0
5.0,"$25,762 to $26,856",VIC,Male,14668.0,385913195.0,13430931.0,416763578.0,30015694.0,1119.0,2509137.0,3528.0,187820782.0,3375.0,124551387.0,2984.0,89221859.0,65.0,1111620.0,302.0,2270682.0,223.0,2544337.0,432.0,1716201.0,3038.0,2121451.0,11626.0,-35218983.0,4716.0,654.0,4328765.0,654.0,146080.0,883.0,12681996.0
5.0,"$25,762 to $26,856",WA,Female,8041.0,211560048.0,7832811.0,225815707.0,13920839.0,643.0,1806067.0,889.0,54453087.0,832.0,42555011.0,1804.0,43470063.0,54.0,589964.0,18.0,123141.0,113.0,919518.0,206.0,814088.0,960.0,639900.0,7078.0,-17554422.0,4934.0,343.0,2567498.0,342.0,77289.0,434.0,7713089.0
5.0,"$25,762 to $26,856",WA,Male,5290.0,139159154.0,4937675.0,149063825.0,9457521.0,326.0,1253696.0,1036.0,50813685.0,997.0,33981995.0,953.0,25109364.0,31.0,521128.0,93.0,640418.0,53.0,644477.0,139.0,532673.0,831.0,553684.0,4453.0,-13877357.0,2431.0,218.0,1616334.0,218.0,44446.0,292.0,4032973.0
6.0,"$26,857 to $27,939",ACT,Female,1050.0,28780824.0,1210718.0,30300035.0,1519210.0,99.0,-130972.0,90.0,2742914.0,81.0,1189612.0,264.0,6457673.0,3.0,108701.0,2.0,7998.0,14.0,127044.0,35.0,113687.0,156.0,114768.0,894.0,-2321412.0,608.0,62.0,332579.0,62.0,12647.0,77.0,693855.0
6.0,"$26,857 to $27,939",ACT,Male,815.0,22317136.0,910451.0,23885155.0,1543801.0,44.0,-79317.0,150.0,6484721.0,140.0,4075477.0,192.0,5670564.0,8.0,253774.0,16.0,115054.0,5.0,117877.0,17.0,86438.0,116.0,84283.0,699.0,-2147032.0,350.0,37.0,178891.0,37.0,4469.0,48.0,386581.0
6.0,"$26,857 to $27,939",NSW,Female,21204.0,580864366.0,25879954.0,617910018.0,35744211.0,2242.0,7329249.0,2481.0,96203957.0,2323.0,57144734.0,5281.0,137771698.0,98.0,1124198.0,56.0,462763.0,181.0,1398667.0,551.0,2069155.0,3194.0,2630407.0,17999.0,-44536978.0,10478.0,881.0,4564088.0,881.0,178150.0,1112.0,13079158.0
6.0,"$26,857 to $27,939",NSW,Male,17205.0,471319781.0,20141480.0,506451165.0,33438246.0,1501.0,5693271.0,3651.0,224483531.0,3521.0,153509229.0,3229.0,93260219.0,72.0,1098790.0,342.0,2551114.0,90.0,1845005.0,400.0,1602180.0,3400.0,2970124.0,13793.0,-40450273.0,6312.0,675.0,4230876.0,675.0,137835.0,937.0,12908364.0
6.0,"$26,857 to $27,939",NT,Female,443.0,12143444.0,452005.0,12878040.0,734529.0,46.0,76596.0,31.0,846898.0,31.0,555514.0,76.0,1818911.0,3.0,32447.0,1.0,15731.0,3.0,26302.0,5.0,14276.0,33.0,15579.0,409.0,-1109213.0,162.0,13.0,74857.0,13.0,2286.0,18.0,207632.0
6.0,"$26,857 to $27,939",NT,Male,408.0,11162101.0,360866.0,11791762.0,579301.0,19.0,77637.0,50.0,3146643.0,49.0,2717816.0,36.0,696461.0,4.0,21756.0,2.0,13910.0,1.0,69888.0,6.0,17964.0,36.0,24306.0,371.0,-1195096.0,115.0,8.0,39529.0,8.0,1632.0,14.0,111490.0
6.0,"$26,857 to $27,939",Overseas or Unknown,Female,380.0,10419395.0,1554820.0,11098363.0,572506.0,105.0,2107027.0,17.0,788137.0,10.0,148422.0,38.0,1221117.0,0.0,0.0,2.0,27992.0,1.0,4410.0,3.0,13346.0,105.0,483627.0,269.0,-1011212.0,71.0,22.0,389015.0,22.0,70197.0,27.0,455272.0
6.0,"$26,857 to $27,939",Overseas or Unknown,Male,423.0,11593996.0,2111498.0,12228070.0,620022.0,146.0,2983447.0,19.0,647702.0,14.0,174956.0,30.0,1166258.0,0.0,0.0,2.0,7577.0,1.0,13503.0,4.0,10776.0,163.0,783517.0,254.0,-1007332.0,63.0,28.0,260242.0,28.0,66170.0,35.0,490901.0
6.0,"$26,857 to $27,939",QLD,Female,14753.0,404159501.0,17925313.0,428948624.0,24320874.0,1102.0,4157146.0,1758.0,59203244.0,1644.0,35702155.0,3775.0,91105407.0,118.0,1538191.0,76.0,621311.0,298.0,3258083.0,490.0,1913593.0,1944.0,1576935.0,12805.0,-30400115.0,6215.0,600.0,4398163.0,600.0,147469.0,735.0,12448841.0
6.0,"$26,857 to $27,939",QLD,Male,10778.0,295300774.0,12498308.0,317395939.0,20790169.0,661.0,3038676.0,1850.0,117513702.0,1763.0,84898964.0,2014.0,53590029.0,72.0,1216986.0,298.0,2504028.0,123.0,2142002.0,301.0,1116122.0,1684.0,1505756.0,9092.0,-26446102.0,3429.0,439.0,3836149.0,439.0,129531.0,572.0,10269447.0
6.0,"$26,857 to $27,939",SA,Female,5362.0,146858095.0,6338100.0,155971821.0,8828407.0,448.0,1386721.0,562.0,17931682.0,527.0,9887293.0,1372.0,32325847.0,47.0,738880.0,25.0,217525.0,81.0,673545.0,179.0,696400.0,730.0,543314.0,4631.0,-10593925.0,2833.0,232.0,1734556.0,232.0,58606.0,271.0,4034172.0
6.0,"$26,857 to $27,939",SA,Male,3860.0,105772432.0,4353115.0,114325796.0,8161898.0,274.0,549755.0,788.0,39699126.0,760.0,25937315.0,726.0,19731723.0,36.0,650127.0,112.0,894268.0,26.0,664262.0,120.0,499762.0,688.0,556359.0,3170.0,-8868408.0,1520.0,176.0,1691212.0,176.0,47669.0,231.0,4603947.0
6.0,"$26,857 to $27,939",TAS,Female,1556.0,42627141.0,1816943.0,44897932.0,2261989.0,95.0,430906.0,163.0,7074730.0,157.0,4965609.0,330.0,6879899.0,18.0,269330.0,8.0,78645.0,21.0,136877.0,46.0,168275.0,175.0,111702.0,1381.0,-3054268.0,645.0,45.0,266406.0,45.0,8338.0,60.0,596479.0
6.0,"$26,857 to $27,939",TAS,Male,1154.0,31626158.0,1292679.0,33691105.0,1958013.0,69.0,435785.0,206.0,14132138.0,196.0,10355729.0,161.0,4421635.0,17.0,244344.0,35.0,257612.0,7.0,345144.0,23.0,80555.0,173.0,137514.0,981.0,-2693851.0,367.0,40.0,119985.0,40.0,4782.0,55.0,320884.0
6.0,"$26,857 to $27,939",VIC,Female,18987.0,520184225.0,23321982.0,554203043.0,33455636.0,1769.0,234163.0,2207.0,85508660.0,2069.0,55136435.0,5121.0,133488450.0,117.0,1588483.0,61.0,524277.0,264.0,2062508.0,582.0,2310183.0,2631.0,2018057.0,16346.0,-40683221.0,8181.0,833.0,5247053.0,833.0,178776.0,994.0,15085213.0
6.0,"$26,857 to $27,939",VIC,Male,14643.0,401108578.0,17129352.0,434104007.0,30642934.0,1162.0,1256780.0,3434.0,210920380.0,3301.0,147395375.0,2984.0,88082784.0,75.0,1216235.0,313.0,2704287.0,222.0,2780876.0,437.0,1733013.0,2996.0,2619550.0,11639.0,-36084459.0,4730.0,687.0,4552565.0,687.0,176418.0,921.0,16680958.0
6.0,"$26,857 to $27,939",WA,Female,8032.0,220046748.0,10015783.0,232492948.0,11885547.0,647.0,1189050.0,889.0,27007389.0,833.0,14979955.0,1835.0,43052780.0,49.0,588453.0,22.0,127061.0,95.0,600372.0,195.0,718453.0,1015.0,816936.0,7008.0,-16704884.0,4960.0,309.0,2045212.0,309.0,67822.0,421.0,5917537.0
6.0,"$26,857 to $27,939",WA,Male,5417.0,148359089.0,6476221.0,159606925.0,10153592.0,325.0,1678968.0,980.0,49021897.0,942.0,32273092.0,1002.0,27215054.0,20.0,405548.0,96.0,613658.0,44.0,564010.0,131.0,581557.0,855.0,774711.0,4557.0,-13459533.0,2360.0,218.0,1808726.0,218.0,62840.0,298.0,5345869.0
7.0,"$27,940 to $29,022",ACT,Female,1029.0,29324727.0,1460738.0,31250034.0,1917870.0,80.0,2192.0,68.0,2473012.0,60.0,1450833.0,302.0,7746487.0,3.0,48745.0,0.0,0.0,9.0,143211.0,31.0,130185.0,135.0,113382.0,894.0,-2489525.0,581.0,56.0,219531.0,56.0,11914.0,72.0,571315.0
7.0,"$27,940 to $29,022",ACT,Male,840.0,23927261.0,1210162.0,25352533.0,1417585.0,55.0,140164.0,135.0,6000629.0,126.0,3652261.0,197.0,5585880.0,3.0,71324.0,18.0,127650.0,5.0,72430.0,29.0,105654.0,138.0,126328.0,702.0,-1963191.0,366.0,45.0,153512.0,45.0,8859.0,60.0,1006541.0
7.0,"$27,940 to $29,022",NSW,Female,21478.0,611704500.0,32509270.0,651141884.0,37677679.0,2254.0,7047159.0,2478.0,113603474.0,2320.0,76359739.0,5277.0,136761825.0,124.0,1437666.0,52.0,450944.0,194.0,1693912.0,578.0,2185848.0,3278.0,3107900.0,18190.0,-44704636.0,10637.0,868.0,4586091.0,868.0,197753.0,1103.0,15327856.0
7.0,"$27,940 to $29,022",NSW,Male,17106.0,487109352.0,25063674.0,524416459.0,35402304.0,1568.0,6971211.0,3621.0,233600717.0,3442.0,161717632.0,3070.0,88443787.0,64.0,1296790.0,371.0,2962334.0,82.0,1063030.0,411.0,1593839.0,3497.0,3635010.0,13601.0,-39864122.0,6311.0,680.0,3848974.0,680.0,164105.0,941.0,18797923.0
7.0,"$27,940 to $29,022",NT,Female,485.0,13821804.0,571680.0,14498182.0,621818.0,36.0,97859.0,41.0,1340649.0,39.0,740912.0,86.0,1987749.0,3.0,20251.0,0.0,0.0,4.0,199778.0,5.0,12611.0,38.0,36420.0,447.0,-1185829.0,186.0,20.0,164847.0,20.0,5364.0,23.0,514103.0
7.0,"$27,940 to $29,022",NT,Male,435.0,12389588.0,530340.0,13291188.0,888072.0,23.0,102900.0,62.0,4365415.0,59.0,3333778.0,39.0,1055438.0,4.0,86209.0,2.0,16054.0,4.0,463956.0,3.0,8386.0,37.0,26887.0,398.0,-1295879.0,118.0,11.0,239040.0,11.0,3161.0,13.0,489418.0
7.0,"$27,940 to $29,022",Overseas or Unknown,Female,345.0,9819532.0,1622425.0,10445495.0,540960.0,108.0,2173621.0,15.0,657782.0,8.0,262607.0,43.0,1455390.0,0.0,0.0,0.0,0.0,1.0,14623.0,8.0,42987.0,120.0,639346.0,222.0,-944503.0,64.0,25.0,599504.0,25.0,143407.0,31.0,693669.0
7.0,"$27,940 to $29,022",Overseas or Unknown,Male,357.0,10172083.0,1840819.0,10769630.0,481885.0,103.0,2174470.0,24.0,546370.0,20.0,174279.0,22.0,841696.0,1.0,6227.0,0.0,0.0,0.0,0.0,4.0,10870.0,124.0,667195.0,224.0,-947189.0,55.0,30.0,485504.0,30.0,118903.0,37.0,665469.0
7.0,"$27,940 to $29,022",QLD,Female,14851.0,423024930.0,22330869.0,449949718.0,25031307.0,1112.0,3296634.0,1748.0,85147215.0,1644.0,59458057.0,3897.0,93118794.0,102.0,1357031.0,68.0,504331.0,318.0,2749796.0,483.0,1891730.0,2052.0,1884347.0,12787.0,-29592059.0,6210.0,562.0,3890655.0,562.0,134369.0,688.0,13406213.0
7.0,"$27,940 to $29,022",QLD,Male,10832.0,308504441.0,15811701.0,334365789.0,24025382.0,650.0,2530600.0,1939.0,113225006.0,1833.0,79109552.0,2088.0,57613751.0,52.0,933157.0,334.0,2734380.0,115.0,2053374.0,334.0,1339535.0,1806.0,1844563.0,9025.0,-26727336.0,3451.0,442.0,3561228.0,442.0,137121.0,576.0,11009553.0
7.0,"$27,940 to $29,022",SA,Female,5438.0,154860746.0,8134487.0,164264789.0,9322289.0,465.0,1298076.0,556.0,20368926.0,513.0,12269529.0,1478.0,36110347.0,41.0,506919.0,16.0,125416.0,87.0,707160.0,201.0,836128.0,774.0,686872.0,4660.0,-10609648.0,2871.0,241.0,1955661.0,241.0,80127.0,286.0,5324627.0
7.0,"$27,940 to $29,022",SA,Male,3662.0,104295180.0,5193576.0,112504985.0,7925866.0,240.0,885230.0,804.0,43913582.0,771.0,29177432.0,706.0,17805585.0,28.0,356330.0,101.0,891834.0,22.0,481557.0,117.0,443900.0,708.0,677490.0,2954.0,-8185524.0,1423.0,168.0,1186367.0,168.0,44846.0,216.0,3996049.0
7.0,"$27,940 to $29,022",TAS,Female,1687.0,48061465.0,2469717.0,50779473.0,2655691.0,104.0,417763.0,166.0,5901276.0,158.0,3548454.0,354.0,7729735.0,20.0,369228.0,9.0,64922.0,22.0,140680.0,65.0,242846.0,231.0,191691.0,1456.0,-3338032.0,750.0,58.0,405206.0,58.0,17553.0,74.0,1198456.0
7.0,"$27,940 to $29,022",TAS,Male,1153.0,32850115.0,1618589.0,35594462.0,2568932.0,64.0,228975.0,208.0,12024854.0,199.0,8087769.0,171.0,3852823.0,5.0,168629.0,38.0,338669.0,5.0,36471.0,30.0,121342.0,183.0,182693.0,970.0,-2761127.0,383.0,55.0,449923.0,55.0,14657.0,72.0,1290585.0
7.0,"$27,940 to $29,022",VIC,Female,19231.0,547703396.0,29173994.0,585381680.0,37173871.0,1795.0,1010210.0,2188.0,79692039.0,2045.0,47484210.0,5239.0,140180304.0,109.0,1302591.0,57.0,450548.0,312.0,2718030.0,613.0,2398743.0,2956.0,2673071.0,16267.0,-40457943.0,8227.0,931.0,5708662.0,930.0,240784.0,1155.0,14402689.0
7.0,"$27,940 to $29,022",VIC,Male,14238.0,405528546.0,20755384.0,436744277.0,30147923.0,1056.0,1562593.0,3305.0,186614938.0,3153.0,123561318.0,2901.0,86439696.0,51.0,697519.0,319.0,2744367.0,239.0,2320009.0,445.0,1761024.0,3023.0,3071250.0,11214.0,-33416521.0,4656.0,655.0,4204339.0,655.0,170107.0,875.0,15417949.0
7.0,"$27,940 to $29,022",WA,Female,8056.0,229449669.0,12417305.0,242761220.0,12774339.0,648.0,792892.0,813.0,26443724.0,777.0,14799661.0,1774.0,41648399.0,54.0,750725.0,27.0,228753.0,91.0,670695.0,231.0,836284.0,1089.0,995226.0,6966.0,-16918526.0,4943.0,343.0,2057198.0,342.0,99250.0,430.0,4633661.0
7.0,"$27,940 to $29,022",WA,Male,5238.0,149199948.0,7856899.0,160826760.0,11086931.0,337.0,1568043.0,1025.0,53741156.0,983.0,35508710.0,966.0,26042941.0,30.0,544129.0,83.0,552062.0,42.0,412726.0,151.0,651589.0,961.0,1025804.0,4273.0,-13282419.0,2403.0,236.0,2544522.0,236.0,93348.0,323.0,6576531.0
8.0,"$29,023 to $30,076",ACT,Female,960.0,28384677.0,1608072.0,30390567.0,1996737.0,104.0,298958.0,68.0,2955750.0,62.0,1755769.0,250.0,6329163.0,3.0,104161.0,3.0,18581.0,11.0,87128.0,32.0,121533.0,160.0,135676.0,800.0,-2108268.0,558.0,75.0,346083.0,75.0,14150.0,87.0,692807.0
8.0,"$29,023 to $30,076",ACT,Male,718.0,21218547.0,1237911.0,22613680.0,1269300.0,50.0,-24734.0,121.0,5108578.0,113.0,2757007.0,195.0,5340396.0,5.0,57494.0,17.0,136995.0,5.0,106295.0,30.0,138975.0,131.0,132251.0,587.0,-1624151.0,304.0,29.0,134239.0,29.0,7993.0,39.0,336467.0
8.0,"$29,023 to $30,076",NSW,Female,21522.0,636244653.0,38348987.0,674938608.0,37717824.0,2361.0,7639593.0,2319.0,94127987.0,2202.0,57205763.0,5262.0,136291276.0,141.0,2049213.0,56.0,478822.0,219.0,1685285.0,585.0,2260173.0,3570.0,3740500.0,17941.0,-43062371.0,10776.0,916.0,5916336.0,912.0,244044.0,1147.0,16343136.0
8.0,"$29,023 to $30,076",NSW,Male,16953.0,501241409.0,29188649.0,538315571.0,35700830.0,1533.0,7381567.0,3444.0,217559019.0,3282.0,148713809.0,2988.0,88532334.0,61.0,968364.0,366.0,3244500.0,79.0,1072607.0,390.0,1564809.0,3652.0,4467866.0,13288.0,-38445305.0,6502.0,723.0,4462079.0,718.0,209621.0,958.0,15473895.0
8.0,"$29,023 to $30,076",NT,Female,480.0,14186626.0,706540.0,14952881.0,716067.0,47.0,-26384.0,46.0,1670258.0,45.0,947016.0,80.0,1944560.0,4.0,32168.0,1.0,12527.0,7.0,45464.0,13.0,36865.0,49.0,40191.0,430.0,-1253144.0,202.0,17.0,128090.0,17.0,6126.0,24.0,386343.0
8.0,"$29,023 to $30,076",NT,Male,432.0,12764410.0,582634.0,13594202.0,800800.0,30.0,-64129.0,51.0,3843502.0,51.0,2958050.0,34.0,853257.0,1.0,17782.0,8.0,51585.0,4.0,14598.0,3.0,12086.0,44.0,40064.0,388.0,-1239414.0,108.0,13.0,134393.0,13.0,5472.0,18.0,257063.0
8.0,"$29,023 to $30,076",Overseas or Unknown,Female,300.0,8861208.0,1379898.0,9311437.0,439507.0,79.0,1718631.0,12.0,303171.0,7.0,26312.0,31.0,1170966.0,0.0,0.0,0.0,0.0,1.0,11933.0,6.0,29018.0,98.0,445533.0,198.0,-917643.0,60.0,17.0,307138.0,17.0,77539.0,19.0,453856.0
8.0,"$29,023 to $30,076",Overseas or Unknown,Male,357.0,10545522.0,1897409.0,11313092.0,673870.0,98.0,1978327.0,22.0,582513.0,14.0,90713.0,22.0,610372.0,0.0,0.0,2.0,17572.0,1.0,23368.0,3.0,6069.0,113.0,667169.0,232.0,-1022507.0,62.0,27.0,443539.0,27.0,96216.0,33.0,734488.0
8.0,"$29,023 to $30,076",QLD,Female,14918.0,440953576.0,26382847.0,466553706.0,24722083.0,1117.0,3836433.0,1656.0,59083000.0,1569.0,33605210.0,3825.0,94081535.0,120.0,1365403.0,73.0,626071.0,337.0,3342015.0,479.0,1853253.0,2210.0,2226927.0,12700.0,-28350734.0,6324.0,626.0,3988124.0,623.0,196263.0,753.0,9456260.0
8.0,"$29,023 to $30,076",QLD,Male,10741.0,317581446.0,18492053.0,342587448.0,23704185.0,734.0,3449981.0,1739.0,105946055.0,1654.0,73590761.0,1923.0,53906398.0,46.0,938232.0,353.0,3090634.0,110.0,2089839.0,310.0,1277018.0,1851.0,2146358.0,8883.0,-26161793.0,3555.0,492.0,4064131.0,490.0,175670.0,672.0,14054333.0
8.0,"$29,023 to $30,076",SA,Female,5401.0,159653916.0,9460395.0,168871873.0,8980199.0,389.0,1003730.0,528.0,17460378.0,498.0,9568146.0,1400.0,33656609.0,45.0,730426.0,23.0,156892.0,89.0,770883.0,213.0,862811.0,815.0,760103.0,4582.0,-10466350.0,2861.0,199.0,1221380.0,199.0,58924.0,259.0,3877141.0
8.0,"$29,023 to $30,076",SA,Male,3949.0,116680271.0,6626697.0,125327424.0,8189412.0,268.0,1201882.0,801.0,41449381.0,763.0,26009138.0,775.0,20325118.0,23.0,351552.0,117.0,997767.0,25.0,765360.0,132.0,538256.0,799.0,917484.0,3149.0,-8601035.0,1638.0,157.0,1318518.0,157.0,67112.0,206.0,3755204.0
8.0,"$29,023 to $30,076",TAS,Female,1641.0,48503217.0,2830241.0,51745563.0,3141106.0,99.0,537259.0,131.0,4817510.0,122.0,3436294.0,344.0,7294047.0,20.0,224855.0,12.0,93124.0,20.0,143890.0,52.0,256398.0,209.0,182889.0,1432.0,-3221200.0,762.0,52.0,703324.0,52.0,15808.0,61.0,1464832.0
8.0,"$29,023 to $30,076",TAS,Male,1112.0,32871059.0,1869085.0,35363256.0,2245360.0,96.0,526248.0,197.0,12948709.0,193.0,9380488.0,162.0,3806624.0,7.0,139671.0,43.0,354992.0,3.0,15372.0,21.0,85368.0,185.0,203353.0,925.0,-2722264.0,384.0,37.0,308372.0,37.0,13388.0,50.0,917742.0
8.0,"$29,023 to $30,076",VIC,Female,19284.0,569973930.0,34360226.0,604911963.0,34482812.0,1783.0,1914507.0,2171.0,72829854.0,2010.0,40088880.0,5089.0,136800009.0,110.0,1664252.0,60.0,548785.0,312.0,2300192.0,642.0,2640133.0,3190.0,3270518.0,16084.0,-38884008.0,8370.0,848.0,5723396.0,848.0,250431.0,1047.0,18293650.0
8.0,"$29,023 to $30,076",VIC,Male,14538.0,429813443.0,25058909.0,462509382.0,31759316.0,1147.0,2897756.0,3327.0,188198915.0,3198.0,122385757.0,2914.0,87808830.0,86.0,1614521.0,335.0,2916691.0,221.0,2479210.0,460.0,1812901.0,3282.0,3973833.0,11251.0,-33990563.0,4863.0,704.0,4405565.0,700.0,213225.0,932.0,11897868.0
8.0,"$29,023 to $30,076",WA,Female,7946.0,234819087.0,14322964.0,248564264.0,13402498.0,579.0,1423893.0,850.0,26277859.0,810.0,13337141.0,1726.0,42950562.0,43.0,633105.0,26.0,177385.0,88.0,669823.0,215.0,893530.0,1192.0,1244270.0,6749.0,-15677066.0,4918.0,347.0,2783581.0,346.0,121643.0,441.0,7316867.0
8.0,"$29,023 to $30,076",WA,Male,5279.0,156058955.0,9152639.0,167164321.0,10647950.0,377.0,1654971.0,1020.0,68260400.0,981.0,49757950.0,958.0,28045177.0,24.0,446553.0,109.0,824112.0,44.0,633522.0,149.0,599524.0,966.0,1125295.0,4312.0,-13155279.0,2448.0,233.0,2065258.0,233.0,96254.0,322.0,7138955.0
9.0,"$30,077 to $31,105",ACT,Female,978.0,29920484.0,1874426.0,31537291.0,1615767.0,103.0,15068.0,83.0,2948078.0,73.0,1728938.0,267.0,7365268.0,2.0,21781.0,2.0,25169.0,11.0,69778.0,25.0,110064.0,178.0,148330.0,799.0,-2143785.0,579.0,62.0,309285.0,62.0,16888.0,75.0,634664.0
9.0,"$30,077 to $31,105",ACT,Male,757.0,23158685.0,1433938.0,24631083.0,1472398.0,52.0,354400.0,159.0,7019684.0,149.0,4014416.0,157.0,4164107.0,4.0,71646.0,24.0,161964.0,3.0,42828.0,14.0,66175.0,160.0,182088.0,595.0,-1688437.0,328.0,36.0,143098.0,36.0,5460.0,43.0,263648.0
9.0,"$30,077 to $31,105",NSW,Female,21342.0,652856313.0,42342178.0,691794152.0,38095681.0,2354.0,10549621.0,2326.0,94614372.0,2182.0,55632948.0,5092.0,132713321.0,138.0,1443516.0,49.0,417264.0,174.0,1337131.0,546.0,2186727.0,3765.0,4132524.0,17565.0,-42489407.0,10917.0,1005.0,5574035.0,1005.0,267457.0,1253.0,18416557.0
9.0,"$30,077 to $31,105",NSW,Male,17039.0,521178882.0,32291393.0,558783867.0,36536147.0,1675.0,8461113.0,3460.0,207117285.0,3330.0,136509388.0,2919.0,85841790.0,66.0,932834.0,372.0,3046289.0,88.0,1286127.0,392.0,1552133.0,3754.0,4700501.0,13275.0,-39272968.0,6902.0,790.0,5122857.0,790.0,252043.0,1091.0,17934262.0
9.0,"$30,077 to $31,105",NT,Female,457.0,13989450.0,763312.0,14686801.0,673825.0,32.0,-20175.0,42.0,2713746.0,40.0,2064453.0,74.0,1431859.0,3.0,39551.0,0.0,0.0,1.0,4536.0,9.0,24093.0,47.0,39220.0,410.0,-1114129.0,171.0,9.0,87412.0,9.0,11049.0,11.0,97817.0
9.0,"$30,077 to $31,105",NT,Male,415.0,12688001.0,669275.0,13443134.0,743643.0,20.0,9712.0,53.0,2764104.0,51.0,1648227.0,39.0,770842.0,1.0,2209.0,7.0,29781.0,4.0,210589.0,9.0,39800.0,53.0,45466.0,362.0,-1119370.0,116.0,10.0,148320.0,10.0,5102.0,13.0,520875.0
9.0,"$30,077 to $31,105",Overseas or Unknown,Female,291.0,8900450.0,1375580.0,9316762.0,384729.0,83.0,1510081.0,10.0,567011.0,7.0,83536.0,32.0,1058781.0,0.0,0.0,0.0,0.0,0.0,0.0,2.0,9633.0,88.0,430579.0,198.0,-641765.0,61.0,24.0,539635.0,24.0,119135.0,25.0,630713.0
9.0,"$30,077 to $31,105",Overseas or Unknown,Male,307.0,9392074.0,1756722.0,10344480.0,540969.0,91.0,1805186.0,22.0,672856.0,18.0,164496.0,22.0,725751.0,0.0,0.0,0.0,0.0,0.0,0.0,5.0,22979.0,100.0,553520.0,200.0,-993832.0,44.0,26.0,910870.0,26.0,128879.0,30.0,1054503.0
9.0,"$30,077 to $31,105",QLD,Female,15100.0,461890277.0,30057416.0,488275825.0,25463954.0,1208.0,4783553.0,1658.0,59880420.0,1568.0,34815926.0,3809.0,96014357.0,110.0,1126680.0,72.0,650074.0,305.0,3053393.0,489.0,1987170.0,2324.0,2459704.0,12767.0,-29085777.0,6586.0,668.0,4614539.0,667.0,210087.0,861.0,13530970.0
9.0,"$30,077 to $31,105",QLD,Male,10846.0,331778272.0,20586498.0,356904532.0,24078730.0,757.0,4195467.0,1900.0,106090116.0,1807.0,72034421.0,1906.0,53288119.0,56.0,801242.0,362.0,3203679.0,113.0,2028440.0,301.0,1226512.0,1955.0,2372792.0,8885.0,-26299658.0,3782.0,490.0,4480055.0,489.0,180224.0,655.0,13088234.0
9.0,"$30,077 to $31,105",SA,Female,5282.0,161596791.0,10424734.0,170986102.0,9316305.0,456.0,1326876.0,532.0,19741508.0,501.0,12112405.0,1311.0,32085585.0,57.0,737569.0,28.0,285123.0,69.0,391287.0,200.0,788292.0,868.0,893121.0,4414.0,-10224993.0,2877.0,217.0,1431931.0,217.0,77305.0,268.0,3254112.0
9.0,"$30,077 to $31,105",SA,Male,4012.0,122750834.0,7524651.0,132311364.0,9332257.0,318.0,1736044.0,827.0,39660398.0,782.0,24820931.0,687.0,19273864.0,20.0,343995.0,126.0,1192131.0,22.0,308664.0,116.0,484574.0,800.0,918774.0,3209.0,-9125844.0,1640.0,227.0,1615639.0,227.0,78316.0,290.0,3916697.0
9.0,"$30,077 to $31,105",TAS,Female,1681.0,51424632.0,3291571.0,54089828.0,2598861.0,109.0,486470.0,153.0,6267824.0,142.0,4180280.0,336.0,7022045.0,19.0,351187.0,14.0,137779.0,26.0,273578.0,45.0,174656.0,225.0,207939.0,1455.0,-3366004.0,746.0,50.0,200547.0,50.0,5443.0,65.0,552475.0
9.0,"$30,077 to $31,105",TAS,Male,1217.0,37209197.0,2231344.0,40188652.0,2789696.0,76.0,403740.0,200.0,11383933.0,190.0,8002973.0,150.0,3859833.0,8.0,87946.0,47.0,413496.0,8.0,224823.0,31.0,124774.0,234.0,247672.0,983.0,-2608756.0,447.0,54.0,487628.0,54.0,22588.0,63.0,992427.0
9.0,"$30,077 to $31,105",VIC,Female,19101.0,584279027.0,38193890.0,620164111.0,35273199.0,1824.0,2460965.0,2121.0,75970166.0,1998.0,43709950.0,4925.0,130565733.0,108.0,1224727.0,58.0,498252.0,312.0,2478032.0,632.0,2498059.0,3346.0,3551952.0,15749.0,-39090822.0,8388.0,904.0,5474199.0,903.0,235654.0,1161.0,18747514.0
9.0,"$30,077 to $31,105",VIC,Male,14372.0,439629379.0,27463145.0,472746573.0,31968824.0,1150.0,2862296.0,3148.0,221965515.0,3011.0,157268872.0,2859.0,85839970.0,57.0,932305.0,381.0,3593547.0,215.0,2251647.0,437.0,1733708.0,3162.0,4001477.0,11202.0,-34026008.0,4985.0,736.0,5211839.0,733.0,254722.0,1005.0,15127966.0
9.0,"$30,077 to $31,105",WA,Female,7910.0,241993764.0,15862596.0,254845033.0,12639441.0,675.0,1600680.0,729.0,24372285.0,698.0,13762348.0,1732.0,41672906.0,53.0,722184.0,16.0,106972.0,120.0,867520.0,201.0,760392.0,1142.0,1166968.0,6761.0,-16198047.0,5030.0,345.0,2778205.0,345.0,142330.0,453.0,8790796.0
9.0,"$30,077 to $31,105",WA,Male,5449.0,166681302.0,10421525.0,178671202.0,10719452.0,408.0,2022573.0,1075.0,60868638.0,1032.0,39611037.0,895.0,24792364.0,26.0,260192.0,108.0,838695.0,44.0,537010.0,117.0,479245.0,1059.0,1273848.0,4386.0,-13261598.0,2636.0,282.0,2233759.0,282.0,99658.0,388.0,7273761.0
10.0,"$31,106 to $32,134",ACT,Female,975.0,30839819.0,2079814.0,32647052.0,1784169.0,99.0,-219464.0,87.0,3728712.0,77.0,2008698.0,246.0,6080002.0,3.0,31525.0,2.0,10142.0,5.0,28222.0,36.0,148707.0,163.0,164673.0,812.0,-2252967.0,547.0,60.0,344136.0,60.0,21067.0,79.0,1102544.0
10.0,"$31,106 to $32,134",ACT,Male,738.0,23331426.0,1507538.0,24841503.0,1502606.0,68.0,-427347.0,126.0,7635925.0,121.0,5069179.0,155.0,4588096.0,0.0,0.0,18.0,146640.0,3.0,16696.0,21.0,86757.0,145.0,161732.0,593.0,-1884777.0,340.0,47.0,243765.0,47.0,11614.0,61.0,570027.0
10.0,"$31,106 to $32,134",NSW,Female,20955.0,662651493.0,46540379.0,701223468.0,37667812.0,2356.0,10418909.0,2267.0,94053960.0,2143.0,55292512.0,5062.0,135119006.0,109.0,1347469.0,51.0,524147.0,190.0,1706492.0,610.0,2284827.0,3667.0,4378016.0,17278.0,-41989033.0,10724.0,946.0,5733038.0,945.0,313944.0,1211.0,15757575.0
10.0,"$31,106 to $32,134",NSW,Male,16849.0,532806281.0,35892138.0,569857055.0,35650254.0,1696.0,7926090.0,3360.0,352915510.0,3220.0,282555738.0,2892.0,87719046.0,65.0,1097898.0,418.0,3729291.0,69.0,1176679.0,365.0,1347971.0,3544.0,4869083.0,13299.0,-39305741.0,6746.0,845.0,5115145.0,844.0,257518.0,1115.0,19395932.0
10.0,"$31,106 to $32,134",NT,Female,481.0,15208645.0,887660.0,15948950.0,740305.0,44.0,32842.0,35.0,1605939.0,34.0,1334787.0,78.0,1996060.0,5.0,52281.0,1.0,9272.0,2.0,15213.0,6.0,14398.0,42.0,30842.0,439.0,-1238779.0,175.0,16.0,82917.0,16.0,3877.0,17.0,144311.0
10.0,"$31,106 to $32,134",NT,Male,415.0,13125776.0,770623.0,13713960.0,587892.0,19.0,117311.0,45.0,2057527.0,42.0,1350135.0,36.0,920289.0,3.0,47300.0,6.0,44323.0,3.0,162884.0,6.0,24153.0,49.0,47628.0,366.0,-1092197.0,113.0,7.0,39882.0,7.0,2550.0,12.0,89082.0
10.0,"$31,106 to $32,134",Overseas or Unknown,Female,330.0,10424382.0,1654639.0,11254634.0,625045.0,103.0,2143363.0,9.0,372978.0,4.0,29828.0,34.0,1069425.0,0.0,0.0,0.0,0.0,0.0,0.0,5.0,20472.0,106.0,515047.0,218.0,-721222.0,74.0,23.0,577987.0,23.0,91451.0,25.0,824978.0
10.0,"$31,106 to $32,134",Overseas or Unknown,Male,319.0,10093722.0,1888429.0,10967615.0,532329.0,94.0,2118415.0,14.0,244395.0,13.0,73012.0,25.0,900152.0,0.0,0.0,1.0,4206.0,0.0,0.0,4.0,18172.0,111.0,658320.0,202.0,-845315.0,39.0,21.0,784187.0,21.0,107559.0,24.0,884940.0
10.0,"$31,106 to $32,134",QLD,Female,15118.0,478073385.0,33435184.0,504266964.0,25789129.0,1135.0,3844921.0,1531.0,63358969.0,1452.0,40984188.0,3847.0,96493909.0,121.0,1486899.0,83.0,667862.0,381.0,3646166.0,506.0,1977475.0,2260.0,2543341.0,12851.0,-28656426.0,6582.0,630.0,4216539.0,629.0,224100.0,805.0,11810288.0
10.0,"$31,106 to $32,134",QLD,Male,11001.0,347851357.0,23367227.0,374425479.0,25583580.0,746.0,4194784.0,1899.0,126993723.0,1801.0,89937182.0,1952.0,54913622.0,55.0,765762.0,389.0,3369674.0,122.0,2292638.0,331.0,1385839.0,1987.0,2544886.0,9010.0,-26430519.0,3776.0,506.0,4131247.0,506.0,205660.0,677.0,12678635.0
10.0,"$31,106 to $32,134",SA,Female,5439.0,171968766.0,11977688.0,180847930.0,8733850.0,492.0,1307243.0,481.0,17411796.0,450.0,10392443.0,1331.0,31136946.0,47.0,762082.0,28.0,269888.0,76.0,640210.0,199.0,875623.0,842.0,879250.0,4595.0,-10094410.0,2927.0,248.0,1946887.0,248.0,104226.0,306.0,4933792.0
10.0,"$31,106 to $32,134",SA,Male,3931.0,124288705.0,8235421.0,133553233.0,9183679.0,260.0,1017065.0,786.0,54424362.0,755.0,39949528.0,684.0,17738939.0,27.0,501613.0,140.0,1340893.0,34.0,467308.0,113.0,493974.0,749.0,927880.0,3181.0,-8702860.0,1660.0,215.0,2241330.0,215.0,110543.0,281.0,6488432.0
10.0,"$31,106 to $32,134",TAS,Female,1694.0,53577263.0,3670116.0,55992838.0,2398435.0,132.0,581009.0,136.0,5319058.0,128.0,3157097.0,339.0,7130535.0,18.0,322302.0,6.0,72175.0,17.0,99006.0,47.0,187141.0,255.0,243277.0,1439.0,-3024636.0,764.0,62.0,254852.0,62.0,15001.0,74.0,547517.0
10.0,"$31,106 to $32,134",TAS,Male,1233.0,38986065.0,2563246.0,41741401.0,2672898.0,92.0,611731.0,197.0,12738132.0,189.0,9191661.0,166.0,4276937.0,13.0,139633.0,52.0,496815.0,13.0,457576.0,31.0,140671.0,199.0,243055.0,1034.0,-2796404.0,453.0,61.0,629950.0,61.0,28234.0,81.0,1410706.0
10.0,"$31,106 to $32,134",VIC,Female,19021.0,601554361.0,42436354.0,636750238.0,34569446.0,1872.0,1870672.0,2001.0,79024117.0,1866.0,47016231.0,4954.0,135821733.0,121.0,1476906.0,72.0,609201.0,320.0,2514696.0,611.0,2484296.0,3171.0,3601678.0,15842.0,-38356542.0,8360.0,918.0,5610769.0,918.0,308695.0,1142.0,15031691.0
10.0,"$31,106 to $32,134",VIC,Male,14229.0,449895217.0,30322352.0,489820238.0,33790833.0,1138.0,2847404.0,3201.0,214891999.0,3065.0,148971042.0,2739.0,81460832.0,60.0,946426.0,362.0,3194733.0,204.0,2070956.0,389.0,1502231.0,3170.0,4329038.0,11057.0,-34707542.0,5022.0,741.0,8081702.0,741.0,262451.0,1002.0,19889445.0
10.0,"$31,106 to $32,134",WA,Female,8157.0,257940327.0,18103537.0,272146805.0,13916159.0,672.0,1702932.0,771.0,26466019.0,736.0,15229383.0,1732.0,42891236.0,46.0,769680.0,28.0,216259.0,97.0,639502.0,197.0,739561.0,1195.0,1316287.0,6958.0,-16704436.0,5195.0,358.0,2564005.0,358.0,133972.0,474.0,7094845.0
10.0,"$31,106 to $32,134",WA,Male,5503.0,173987542.0,11672646.0,185127749.0,10892223.0,382.0,1992863.0,1029.0,53060588.0,987.0,34816496.0,925.0,24986593.0,30.0,578038.0,105.0,787599.0,41.0,668945.0,137.0,486342.0,1061.0,1383036.0,4438.0,-13734776.0,2721.0,268.0,1928364.0,268.0,91378.0,383.0,4929490.0
11.0,"$32,135 to $33,160",ACT,Female,1016.0,33186524.0,2339476.0,35252122.0,2041909.0,99.0,57955.0,75.0,2032922.0,69.0,910092.0,240.0,6260561.0,5.0,44120.0,7.0,62842.0,9.0,81031.0,27.0,99461.0,168.0,176847.0,848.0,-2291298.0,571.0,62.0,249548.0,62.0,15027.0,80.0,663366.0
11.0,"$32,135 to $33,160",ACT,Male,738.0,24083898.0,1684110.0,25850089.0,1766190.0,49.0,-102721.0,143.0,9555533.0,137.0,8417965.0,175.0,4923829.0,3.0,34197.0,19.0,145203.0,5.0,38322.0,26.0,103428.0,124.0,154997.0,614.0,-1827192.0,326.0,48.0,140622.0,48.0,10114.0,60.0,2766695.0
11.0,"$32,135 to $33,160",NSW,Female,21289.0,695062220.0,51365508.0,736674021.0,40550524.0,2442.0,9218623.0,2139.0,94713427.0,2055.0,58654430.0,5018.0,130030062.0,127.0,1463004.0,43.0,358751.0,177.0,1197611.0,561.0,2223372.0,3533.0,4490036.0,17745.0,-43462823.0,10934.0,1002.0,5822915.0,1000.0,325971.0,1257.0,22321956.0
11.0,"$32,135 to $33,160",NSW,Male,16607.0,542148346.0,38633728.0,580863499.0,36484960.0,1675.0,8480544.0,3383.0,247319726.0,3265.0,174387426.0,2833.0,84787883.0,56.0,819075.0,429.0,3903188.0,82.0,1169568.0,369.0,1421745.0,3460.0,5178109.0,13134.0,-39548531.0,6799.0,798.0,5510603.0,798.0,283981.0,1103.0,19276058.0
11.0,"$32,135 to $33,160",NT,Female,520.0,16966935.0,1087269.0,17681061.0,714126.0,31.0,79414.0,42.0,1267434.0,36.0,742326.0,83.0,1749401.0,4.0,34059.0,0.0,0.0,4.0,16496.0,8.0,20623.0,67.0,65760.0,453.0,-1134186.0,192.0,10.0,142985.0,10.0,7224.0,14.0,260156.0
11.0,"$32,135 to $33,160",NT,Male,437.0,14259435.0,884945.0,15113231.0,853796.0,27.0,111039.0,67.0,4600426.0,64.0,3469597.0,30.0,688830.0,1.0,46997.0,7.0,70667.0,1.0,97333.0,4.0,8313.0,44.0,49596.0,393.0,-1292257.0,116.0,9.0,63852.0,9.0,4616.0,11.0,138788.0
11.0,"$32,135 to $33,160",Overseas or Unknown,Female,258.0,8415108.0,1255182.0,8878012.0,424735.0,67.0,1378378.0,8.0,240699.0,7.0,57342.0,25.0,739174.0,0.0,0.0,0.0,0.0,0.0,0.0,5.0,25258.0,61.0,332634.0,195.0,-811862.0,55.0,21.0,312800.0,21.0,68239.0,25.0,394328.0
11.0,"$32,135 to $33,160",Overseas or Unknown,Male,277.0,9038137.0,1690255.0,9551016.0,437230.0,76.0,1456553.0,19.0,571438.0,14.0,177340.0,26.0,1061332.0,0.0,0.0,1.0,3309.0,1.0,33936.0,4.0,13296.0,91.0,580036.0,179.0,-691254.0,40.0,28.0,594328.0,28.0,122288.0,35.0,815854.0
11.0,"$32,135 to $33,160",QLD,Female,15243.0,497697306.0,36637621.0,525968119.0,27863774.0,1224.0,3402880.0,1614.0,61454688.0,1521.0,35600980.0,3806.0,93206205.0,114.0,1513481.0,67.0,532407.0,334.0,3551496.0,481.0,1919424.0,2242.0,2784762.0,12997.0,-29833038.0,6618.0,671.0,4912201.0,670.0,269837.0,872.0,12952760.0
11.0,"$32,135 to $33,160",QLD,Male,10925.0,356694778.0,25400705.0,382462927.0,24821373.0,757.0,3967069.0,1841.0,109069181.0,1747.0,73002653.0,1828.0,51789992.0,52.0,879404.0,436.0,3980749.0,120.0,1946351.0,292.0,1219739.0,1957.0,2806337.0,8964.0,-26044000.0,3799.0,513.0,3726260.0,512.0,171858.0,670.0,12321554.0
11.0,"$32,135 to $33,160",SA,Female,5500.0,179563786.0,13118930.0,188855480.0,9206768.0,465.0,1243642.0,527.0,18002743.0,500.0,10082116.0,1342.0,31232287.0,57.0,716801.0,26.0,276947.0,82.0,539237.0,202.0,840707.0,866.0,970013.0,4633.0,-10311986.0,2902.0,261.0,2089760.0,261.0,103043.0,312.0,5055955.0
11.0,"$32,135 to $33,160",SA,Male,3996.0,130500418.0,9203474.0,140111291.0,9016458.0,319.0,1501410.0,829.0,44863756.0,796.0,28811891.0,661.0,18415592.0,24.0,539885.0,128.0,1254074.0,38.0,286084.0,119.0,431855.0,781.0,1084642.0,3212.0,-9120414.0,1661.0,208.0,1561563.0,207.0,73855.0,280.0,3819310.0
11.0,"$32,135 to $33,160",TAS,Female,1780.0,58109780.0,4191786.0,61171039.0,3043862.0,127.0,754133.0,162.0,7987399.0,153.0,5073501.0,318.0,7333427.0,19.0,230366.0,8.0,78118.0,17.0,123791.0,40.0,166586.0,259.0,291563.0,1520.0,-3356962.0,801.0,58.0,372108.0,58.0,24035.0,76.0,887454.0
11.0,"$32,135 to $33,160",TAS,Male,1223.0,39929479.0,2811005.0,42847052.0,2750058.0,78.0,495106.0,194.0,12185705.0,190.0,8270556.0,148.0,3621272.0,7.0,164319.0,50.0,490804.0,4.0,128107.0,22.0,101199.0,198.0,246912.0,1023.0,-2639903.0,464.0,52.0,338658.0,52.0,19388.0,69.0,828430.0
11.0,"$32,135 to $33,160",VIC,Female,19047.0,621850123.0,46418198.0,657815261.0,35157738.0,1877.0,1691790.0,1999.0,81777684.0,1862.0,50589236.0,4970.0,135519093.0,116.0,1732290.0,69.0,664951.0,311.0,2238462.0,599.0,2328400.0,3090.0,3742366.0,15948.0,-39042852.0,8468.0,921.0,5340426.0,918.0,306576.0,1155.0,15161180.0
11.0,"$32,135 to $33,160",VIC,Male,14222.0,464335045.0,33248968.0,498979041.0,33422273.0,1172.0,1552220.0,3206.0,204459447.0,3062.0,135611355.0,2789.0,82743917.0,55.0,918351.0,408.0,3835804.0,210.0,1900988.0,424.0,1625362.0,3085.0,4588587.0,11132.0,-34582681.0,5040.0,778.0,4485675.0,778.0,256592.0,1020.0,14128194.0
11.0,"$32,135 to $33,160",WA,Female,8121.0,265195759.0,19750511.0,278984420.0,13544471.0,641.0,1894185.0,775.0,26484236.0,731.0,14626683.0,1678.0,41614096.0,69.0,1015421.0,24.0,181795.0,114.0,1021885.0,187.0,723194.0,1190.0,1424838.0,6929.0,-16748424.0,5139.0,350.0,2623581.0,350.0,141533.0,467.0,8929098.0
11.0,"$32,135 to $33,160",WA,Male,5239.0,171050250.0,12230650.0,183460776.0,11776420.0,341.0,1385369.0,947.0,59568752.0,911.0,40753301.0,911.0,24701903.0,25.0,546252.0,116.0,880753.0,43.0,362199.0,127.0,487075.0,991.0,1416909.0,4243.0,-13611333.0,2569.0,314.0,2830522.0,313.0,142715.0,415.0,7737642.0
12.0,"$33,161 to $34,111",ACT,Female,986.0,33170385.0,2262918.0,34967897.0,1797405.0,98.0,73714.0,84.0,3108635.0,82.0,1793806.0,232.0,5643421.0,9.0,124760.0,4.0,41603.0,9.0,71918.0,26.0,93388.0,162.0,155406.0,823.0,-2247651.0,539.0,61.0,342926.0,61.0,18845.0,74.0,757759.0
12.0,"$33,161 to $34,111",ACT,Male,715.0,24035398.0,1755819.0,25589569.0,1492174.0,60.0,-38605.0,114.0,5010356.0,111.0,2831954.0,160.0,4519550.0,0.0,0.0,19.0,179357.0,3.0,106650.0,25.0,88713.0,128.0,173029.0,587.0,-1749806.0,324.0,49.0,311100.0,49.0,19795.0,60.0,839329.0
12.0,"$33,161 to $34,111",NSW,Female,22057.0,741869107.0,52165768.0,783622541.0,40868062.0,2544.0,13782740.0,2151.0,91466663.0,2036.0,53354182.0,4994.0,129817973.0,138.0,1601278.0,60.0,525415.0,183.0,1313730.0,518.0,1872604.0,3752.0,4717474.0,18294.0,-44761049.0,11088.0,1036.0,6356020.0,1029.0,333452.0,1324.0,18719712.0
12.0,"$33,161 to $34,111",NSW,Male,15870.0,533835551.0,38889797.0,571562066.0,35665184.0,1707.0,10416420.0,3020.0,281928853.0,2908.0,215014696.0,2599.0,78062673.0,51.0,862383.0,429.0,3988789.0,63.0,1083074.0,354.0,1420257.0,3317.0,5114291.0,12549.0,-38106531.0,6568.0,793.0,4746971.0,791.0,293106.0,1091.0,13555048.0
12.0,"$33,161 to $34,111",NT,Female,525.0,17658753.0,1103800.0,18382314.0,723561.0,51.0,96507.0,34.0,1969224.0,33.0,1430309.0,101.0,2039956.0,3.0,28553.0,1.0,4736.0,4.0,21665.0,9.0,53666.0,59.0,61617.0,466.0,-1220756.0,205.0,10.0,101822.0,10.0,6178.0,14.0,165475.0
12.0,"$33,161 to $34,111",NT,Male,399.0,13421056.0,873644.0,14218762.0,797706.0,27.0,-47661.0,49.0,3054461.0,45.0,2197649.0,28.0,649987.0,4.0,51629.0,5.0,43978.0,1.0,10787.0,3.0,7078.0,41.0,53202.0,358.0,-1085909.0,105.0,14.0,170218.0,14.0,6954.0,18.0,318620.0
12.0,"$33,161 to $34,111",Overseas or Unknown,Female,256.0,8608151.0,1397152.0,9186684.0,367023.0,77.0,1561669.0,10.0,291336.0,5.0,129092.0,33.0,1135790.0,1.0,6680.0,0.0,0.0,1.0,1448.0,5.0,26439.0,87.0,439815.0,166.0,-649070.0,71.0,18.0,661677.0,18.0,98888.0,20.0,916935.0
12.0,"$33,161 to $34,111",Overseas or Unknown,Male,233.0,7836848.0,1337439.0,8541876.0,510042.0,60.0,1373004.0,15.0,388524.0,10.0,92420.0,12.0,311987.0,0.0,0.0,0.0,0.0,0.0,0.0,1.0,7199.0,64.0,378861.0,165.0,-837914.0,44.0,19.0,481904.0,19.0,65442.0,27.0,669156.0
12.0,"$33,161 to $34,111",QLD,Female,15937.0,536080595.0,37791009.0,563594855.0,27150381.0,1189.0,4484695.0,1467.0,52768894.0,1378.0,29708046.0,4004.0,97526744.0,173.0,1971910.0,82.0,673514.0,344.0,3265488.0,507.0,1947566.0,2240.0,2674927.0,13689.0,-31307849.0,6905.0,712.0,4795466.0,712.0,270345.0,900.0,16238856.0
12.0,"$33,161 to $34,111",QLD,Male,10582.0,355911403.0,25867370.0,379826599.0,23324383.0,780.0,4413219.0,1702.0,101930614.0,1635.0,70375176.0,1797.0,51606275.0,67.0,1167072.0,387.0,3690436.0,104.0,1876958.0,303.0,1183186.0,1875.0,2814074.0,8703.0,-26363225.0,3622.0,475.0,3245193.0,475.0,187095.0,697.0,12314351.0
12.0,"$33,161 to $34,111",SA,Female,5703.0,191838132.0,13543928.0,201592467.0,9684018.0,501.0,1843358.0,510.0,16847654.0,486.0,9611398.0,1327.0,30537467.0,67.0,882373.0,25.0,245381.0,80.0,539284.0,166.0,648234.0,879.0,992525.0,4823.0,-11350939.0,3065.0,308.0,1816227.0,306.0,104849.0,370.0,4865795.0
12.0,"$33,161 to $34,111",SA,Male,3757.0,126369228.0,9147265.0,134634634.0,8023777.0,271.0,1378170.0,760.0,45150548.0,725.0,29411720.0,659.0,18489505.0,26.0,693746.0,118.0,1237914.0,22.0,421382.0,111.0,484910.0,753.0,1121158.0,3004.0,-8866888.0,1596.0,188.0,1564662.0,187.0,87592.0,253.0,6375467.0
12.0,"$33,161 to $34,111",TAS,Female,1791.0,60233934.0,4160555.0,63096915.0,2806809.0,137.0,419044.0,153.0,5804039.0,145.0,3529081.0,338.0,7364434.0,15.0,138909.0,12.0,112785.0,26.0,194130.0,48.0,164069.0,255.0,253882.0,1536.0,-3515139.0,826.0,79.0,406865.0,79.0,27953.0,92.0,978636.0
12.0,"$33,161 to $34,111",TAS,Male,1165.0,39187286.0,2814777.0,41615135.0,2403791.0,89.0,559710.0,206.0,11916133.0,198.0,8209916.0,164.0,3878045.0,8.0,139047.0,56.0,545668.0,5.0,131847.0,25.0,110116.0,182.0,240945.0,983.0,-2577828.0,451.0,54.0,284015.0,54.0,15952.0,74.0,829868.0
12.0,"$33,161 to $34,111",VIC,Female,19305.0,649370562.0,46587125.0,684917389.0,34916911.0,1951.0,4349410.0,1965.0,70156092.0,1854.0,39665591.0,4686.0,123762328.0,105.0,1442120.0,60.0,475593.0,286.0,2198577.0,573.0,2295724.0,3054.0,3770740.0,16249.0,-41278205.0,8594.0,1086.0,5758885.0,1080.0,341227.0,1357.0,15355094.0
12.0,"$33,161 to $34,111",VIC,Male,13663.0,459639680.0,33697842.0,493008926.0,32596778.0,1153.0,3141915.0,2985.0,182114342.0,2852.0,120227070.0,2549.0,77001944.0,54.0,738580.0,366.0,3353142.0,183.0,2107304.0,378.0,1534977.0,2941.0,4606613.0,10714.0,-33558276.0,4885.0,783.0,4487440.0,783.0,281935.0,1054.0,19543708.0
12.0,"$33,161 to $34,111",WA,Female,8480.0,285223828.0,20355616.0,299441907.0,13891159.0,684.0,2365031.0,757.0,26639584.0,733.0,14513543.0,1773.0,42941211.0,76.0,1149881.0,26.0,232735.0,99.0,797278.0,205.0,715814.0,1202.0,1414876.0,7269.0,-17786668.0,5331.0,392.0,2686779.0,391.0,165663.0,520.0,7500433.0
12.0,"$33,161 to $34,111",WA,Male,5076.0,170739428.0,12330658.0,180939232.0,9896974.0,358.0,1927795.0,952.0,53221306.0,905.0,34000368.0,786.0,22040483.0,28.0,659526.0,99.0,898036.0,38.0,633335.0,119.0,473379.0,998.0,1515707.0,4076.0,-12941583.0,2518.0,258.0,1714760.0,256.0,110850.0,356.0,7006638.0
13.0,"$34,112 to $35,053",ACT,Female,940.0,32497818.0,2395400.0,34238064.0,1740278.0,107.0,-115063.0,79.0,3430121.0,72.0,2159339.0,230.0,6264481.0,5.0,59082.0,4.0,44551.0,11.0,115665.0,23.0,76174.0,166.0,168332.0,774.0,-2187001.0,548.0,73.0,314032.0,73.0,21245.0,81.0,626228.0
13.0,"$34,112 to $35,053",ACT,Male,776.0,26838152.0,2086524.0,28508698.0,1617561.0,61.0,-157178.0,145.0,7604633.0,133.0,4626187.0,183.0,4972966.0,6.0,58156.0,18.0,191316.0,3.0,53945.0,25.0,95005.0,146.0,223297.0,630.0,-1986439.0,351.0,41.0,287874.0,41.0,25072.0,54.0,621507.0
13.0,"$34,112 to $35,053",NSW,Female,21910.0,757810700.0,56527329.0,799456446.0,40336748.0,2539.0,13971440.0,2167.0,106996520.0,2058.0,68206225.0,4913.0,129665516.0,128.0,1556311.0,53.0,456553.0,220.0,2067358.0,502.0,2070350.0,3791.0,4986329.0,18103.0,-45542651.0,11221.0,1136.0,6698991.0,1136.0,389938.0,1447.0,19668448.0
13.0,"$34,112 to $35,053",NSW,Male,16227.0,561255794.0,42950537.0,597693370.0,35135339.0,1622.0,10681292.0,3114.0,214242133.0,3015.0,146955856.0,2607.0,78135473.0,61.0,973702.0,409.0,3753852.0,76.0,1064177.0,372.0,1454159.0,3450.0,5674590.0,12763.0,-38429033.0,6617.0,820.0,5181961.0,820.0,295110.0,1105.0,17525231.0
13.0,"$34,112 to $35,053",NT,Female,491.0,16977785.0,1120875.0,17695157.0,717372.0,40.0,33996.0,34.0,1245952.0,33.0,769024.0,83.0,1796960.0,3.0,70483.0,1.0,6304.0,1.0,37949.0,6.0,17771.0,45.0,41945.0,446.0,-1229040.0,193.0,14.0,136367.0,14.0,3967.0,16.0,265146.0
13.0,"$34,112 to $35,053",NT,Male,414.0,14316060.0,984451.0,15152139.0,836079.0,27.0,-9906.0,53.0,3176260.0,48.0,2052054.0,32.0,734243.0,1.0,1872.0,5.0,34163.0,3.0,357709.0,4.0,17976.0,52.0,66625.0,362.0,-1135122.0,110.0,4.0,24721.0,4.0,1795.0,7.0,70134.0
13.0,"$34,112 to $35,053",Overseas or Unknown,Female,250.0,8642744.0,1367962.0,9003570.0,340541.0,66.0,1099744.0,10.0,128719.0,9.0,42402.0,25.0,894521.0,0.0,0.0,0.0,0.0,0.0,0.0,1.0,1212.0,58.0,385853.0,190.0,-713501.0,56.0,21.0,467205.0,21.0,130995.0,23.0,636682.0
13.0,"$34,112 to $35,053",Overseas or Unknown,Male,270.0,9335456.0,1666464.0,10025233.0,687429.0,79.0,1560437.0,8.0,464219.0,7.0,64460.0,21.0,755732.0,0.0,0.0,1.0,12015.0,0.0,0.0,4.0,19242.0,86.0,559248.0,182.0,-873276.0,43.0,27.0,534357.0,27.0,149921.0,33.0,830874.0
13.0,"$34,112 to $35,053",QLD,Female,15700.0,542995907.0,40805964.0,571644362.0,28334979.0,1216.0,5118347.0,1552.0,56135728.0,1455.0,30953421.0,3778.0,93611803.0,120.0,1363553.0,101.0,879783.0,341.0,3113679.0,401.0,1598713.0,2337.0,2936239.0,13354.0,-31371171.0,6719.0,708.0,4758355.0,708.0,279456.0,912.0,12962589.0
13.0,"$34,112 to $35,053",QLD,Male,10853.0,375375560.0,28953494.0,401703159.0,25893285.0,805.0,4616446.0,1831.0,106225524.0,1765.0,70215284.0,1825.0,51999001.0,52.0,853601.0,441.0,4060238.0,107.0,1652198.0,295.0,1244012.0,1890.0,3019986.0,8958.0,-27676445.0,3845.0,496.0,3908971.0,496.0,226178.0,712.0,11426276.0
13.0,"$34,112 to $35,053",SA,Female,5522.0,190977278.0,14361956.0,200676138.0,9653845.0,470.0,1697692.0,525.0,17236659.0,503.0,9156773.0,1326.0,31068855.0,57.0,1003279.0,23.0,248307.0,76.0,464644.0,172.0,671315.0,864.0,1042234.0,4654.0,-10789032.0,3045.0,261.0,1665523.0,261.0,100534.0,333.0,4989465.0
13.0,"$34,112 to $35,053",SA,Male,3763.0,130135308.0,9907886.0,138771507.0,8236397.0,257.0,1471722.0,749.0,42147003.0,717.0,26925506.0,643.0,16916416.0,22.0,338084.0,144.0,1393520.0,20.0,274038.0,108.0,416027.0,733.0,1180193.0,3029.0,-8644895.0,1607.0,180.0,1418990.0,180.0,87417.0,245.0,5069063.0
13.0,"$34,112 to $35,053",TAS,Female,1890.0,65342654.0,4865919.0,68155179.0,2773041.0,132.0,654722.0,154.0,6766167.0,153.0,4273741.0,359.0,7713433.0,16.0,340559.0,10.0,103609.0,14.0,95995.0,46.0,184966.0,237.0,270669.0,1653.0,-3541018.0,826.0,68.0,328230.0,68.0,23467.0,91.0,1457871.0
13.0,"$34,112 to $35,053",TAS,Male,1157.0,40005109.0,3039325.0,42668371.0,2609180.0,78.0,581742.0,170.0,9298605.0,168.0,6115159.0,147.0,3511480.0,5.0,126983.0,38.0,342722.0,3.0,111022.0,29.0,94399.0,197.0,290701.0,959.0,-2640893.0,433.0,48.0,506003.0,48.0,16703.0,67.0,1164220.0
13.0,"$34,112 to $35,053",VIC,Female,19373.0,670044770.0,51165636.0,708570060.0,36848167.0,1934.0,3622969.0,1961.0,70569387.0,1848.0,40123666.0,4637.0,125433983.0,123.0,1445488.0,64.0,601017.0,307.0,2428314.0,592.0,2373706.0,3190.0,3997438.0,16172.0,-40402007.0,8580.0,1089.0,6687651.0,1089.0,397160.0,1360.0,17180093.0
13.0,"$34,112 to $35,053",VIC,Male,13762.0,476046611.0,36841454.0,509749900.0,33079702.0,1153.0,3327100.0,2980.0,197036428.0,2863.0,130643489.0,2495.0,77763084.0,72.0,1062674.0,407.0,3921216.0,167.0,1770892.0,351.0,1444735.0,3119.0,5404678.0,10636.0,-33851427.0,4939.0,727.0,6029382.0,727.0,334660.0,982.0,16712406.0
13.0,"$34,112 to $35,053",WA,Female,8140.0,281516186.0,21448900.0,295831830.0,13533906.0,695.0,2223211.0,736.0,25493791.0,708.0,13585508.0,1610.0,38600646.0,68.0,805748.0,18.0,131161.0,103.0,974411.0,191.0,756493.0,1176.0,1490106.0,6961.0,-17227586.0,5102.0,379.0,2031833.0,379.0,128308.0,492.0,5079024.0
13.0,"$34,112 to $35,053",WA,Male,5134.0,177549186.0,13544139.0,189211484.0,11345364.0,387.0,2008747.0,903.0,46386753.0,864.0,27875799.0,816.0,22472951.0,30.0,490034.0,93.0,790900.0,34.0,214370.0,113.0,408637.0,972.0,1569701.0,4158.0,-13254185.0,2566.0,285.0,2191782.0,285.0,139387.0,406.0,8245051.0
14.0,"$35,054 to $35,999",ACT,Female,980.0,34819722.0,2651450.0,36592254.0,1764851.0,114.0,-9807.0,71.0,3203833.0,66.0,2104753.0,240.0,5880435.0,1.0,2802.0,5.0,38071.0,11.0,249906.0,23.0,97261.0,163.0,173727.0,817.0,-2295051.0,554.0,68.0,342818.0,68.0,25043.0,77.0,789658.0
14.0,"$35,054 to $35,999",ACT,Male,707.0,25115264.0,1998171.0,27094758.0,1978742.0,52.0,77182.0,134.0,5658548.0,127.0,2828366.0,145.0,4682290.0,3.0,130228.0,20.0,168364.0,3.0,108928.0,17.0,76103.0,124.0,181910.0,583.0,-1957557.0,328.0,39.0,109079.0,39.0,6279.0,48.0,258083.0
14.0,"$35,054 to $35,999",NSW,Female,21880.0,777310505.0,61680384.0,818953251.0,40969292.0,2535.0,11876676.0,2135.0,100393280.0,2006.0,62752584.0,4896.0,128309013.0,104.0,1571588.0,57.0,487895.0,221.0,1878100.0,545.0,2127070.0,3863.0,5145822.0,18012.0,-46604748.0,11311.0,1147.0,6533892.0,1147.0,417286.0,1424.0,20983701.0
14.0,"$35,054 to $35,999",NSW,Male,16057.0,570449383.0,45897584.0,607951538.0,36173028.0,1685.0,9215796.0,3166.0,203707438.0,3039.0,131162781.0,2543.0,75061344.0,65.0,867214.0,410.0,3816106.0,58.0,1276079.0,320.0,1233441.0,3357.0,5888811.0,12693.0,-39573335.0,6587.0,814.0,5745191.0,814.0,364711.0,1115.0,20605532.0
14.0,"$35,054 to $35,999",NT,Female,527.0,18728285.0,1274051.0,19522340.0,794055.0,41.0,-14225.0,37.0,2752214.0,34.0,2069227.0,87.0,2338670.0,4.0,54912.0,3.0,26941.0,4.0,33539.0,9.0,40743.0,53.0,44845.0,474.0,-1415847.0,192.0,9.0,21254.0,9.0,1159.0,10.0,35353.0
14.0,"$35,054 to $35,999",NT,Male,411.0,14604130.0,1063476.0,15457960.0,845806.0,18.0,18845.0,49.0,2131105.0,46.0,1426594.0,38.0,1170354.0,6.0,74189.0,6.0,26972.0,3.0,155020.0,7.0,28711.0,43.0,79915.0,368.0,-1074507.0,112.0,7.0,155875.0,7.0,5179.0,8.0,369385.0
14.0,"$35,054 to $35,999",Overseas or Unknown,Female,225.0,7995306.0,1212036.0,8542456.0,470499.0,53.0,917114.0,11.0,405546.0,8.0,141816.0,35.0,1206217.0,0.0,0.0,0.0,0.0,1.0,5685.0,6.0,19397.0,53.0,307421.0,167.0,-769243.0,59.0,15.0,337013.0,15.0,78261.0,16.0,425687.0
14.0,"$35,054 to $35,999",Overseas or Unknown,Male,228.0,8099502.0,1446586.0,8869114.0,398573.0,59.0,1072919.0,8.0,458385.0,7.0,283214.0,13.0,633314.0,0.0,0.0,1.0,6390.0,1.0,5619.0,3.0,16907.0,64.0,377021.0,162.0,-1603556.0,39.0,21.0,801024.0,21.0,127136.0,23.0,1107348.0
14.0,"$35,054 to $35,999",QLD,Female,15724.0,558672914.0,44479052.0,587280942.0,28344116.0,1286.0,5273111.0,1575.0,62708637.0,1498.0,35701553.0,3866.0,95726225.0,143.0,1709700.0,88.0,812361.0,351.0,3344434.0,510.0,2014195.0,2417.0,3284025.0,13302.0,-31490963.0,6766.0,694.0,4604267.0,694.0,298812.0,871.0,14585991.0
14.0,"$35,054 to $35,999",QLD,Male,10712.0,380565398.0,30788956.0,406911310.0,25332259.0,771.0,4275900.0,1802.0,1284718552.0,1716.0,1245144949.0,1808.0,52075355.0,62.0,975139.0,416.0,3982770.0,88.0,1191340.0,289.0,1180668.0,1935.0,3349631.0,8773.0,-26984680.0,3719.0,536.0,3726452.0,535.0,256931.0,722.0,10297573.0
14.0,"$35,054 to $35,999",SA,Female,5589.0,198572825.0,15811710.0,208447701.0,9658460.0,479.0,1245073.0,472.0,17627852.0,444.0,10244500.0,1304.0,29890890.0,53.0,834215.0,23.0,172410.0,69.0,403660.0,175.0,665574.0,833.0,1069403.0,4754.0,-11018523.0,3017.0,279.0,1841015.0,279.0,128685.0,333.0,4825591.0
14.0,"$35,054 to $35,999",SA,Male,3828.0,135976028.0,10834417.0,144983752.0,8739148.0,291.0,1462483.0,775.0,43084838.0,744.0,26827006.0,592.0,16038702.0,21.0,332626.0,146.0,1455249.0,29.0,348707.0,115.0,447134.0,761.0,1268597.0,3063.0,-8881762.0,1582.0,201.0,1425344.0,201.0,89912.0,279.0,5677185.0
14.0,"$35,054 to $35,999",TAS,Female,1823.0,64777734.0,5112110.0,68082934.0,3248038.0,140.0,606691.0,166.0,6148799.0,151.0,3207462.0,328.0,7312128.0,19.0,249032.0,12.0,113292.0,22.0,176690.0,46.0,194324.0,283.0,353640.0,1539.0,-3404570.0,858.0,81.0,785134.0,81.0,52309.0,91.0,1603429.0
14.0,"$35,054 to $35,999",TAS,Male,1174.0,41708756.0,3284666.0,44278573.0,2513160.0,95.0,652368.0,196.0,11674474.0,188.0,7672618.0,159.0,3638125.0,10.0,187445.0,47.0,490941.0,3.0,18399.0,31.0,119442.0,187.0,281439.0,987.0,-2792508.0,441.0,57.0,338870.0,57.0,28094.0,76.0,1239003.0
14.0,"$35,054 to $35,999",VIC,Female,19580.0,695575064.0,55989947.0,732442924.0,36517336.0,1882.0,2893677.0,2030.0,82185070.0,1917.0,47598157.0,4810.0,125825828.0,128.0,1828496.0,70.0,611278.0,302.0,2245387.0,525.0,2019446.0,3364.0,4712139.0,16211.0,-41845917.0,8698.0,1059.0,7244566.0,1059.0,437197.0,1319.0,19076092.0
14.0,"$35,054 to $35,999",VIC,Male,13676.0,485833460.0,39343850.0,520156445.0,33808652.0,1135.0,2452694.0,3020.0,189465622.0,2912.0,122273825.0,2469.0,74971927.0,59.0,1135820.0,420.0,4074267.0,182.0,1863688.0,352.0,1351427.0,3039.0,5466384.0,10635.0,-33922368.0,4897.0,749.0,5178106.0,749.0,340827.0,1008.0,15465427.0
14.0,"$35,054 to $35,999",WA,Female,8137.0,289033634.0,23226105.0,303168255.0,13984186.0,687.0,2419518.0,747.0,29229739.0,706.0,16181340.0,1553.0,36664946.0,60.0,841823.0,20.0,159043.0,100.0,694074.0,175.0,706485.0,1204.0,1614801.0,6929.0,-17357572.0,5235.0,389.0,2922963.0,389.0,173682.0,487.0,7960601.0
14.0,"$35,054 to $35,999",WA,Male,5161.0,183371629.0,14757260.0,194758444.0,11207552.0,412.0,2118643.0,903.0,47074620.0,865.0,28067751.0,770.0,23071405.0,22.0,392945.0,119.0,961543.0,38.0,403226.0,132.0,531185.0,1017.0,1735917.0,4141.0,-13561999.0,2561.0,293.0,2447395.0,293.0,167884.0,396.0,5996261.0
15.0,"$36,000 to $36,949",ACT,Female,985.0,35923017.0,2873142.0,37675485.0,1752414.0,97.0,47470.0,62.0,1974139.0,56.0,922793.0,243.0,6786217.0,1.0,13163.0,5.0,45069.0,10.0,104243.0,31.0,138164.0,156.0,194975.0,829.0,-2279202.0,567.0,53.0,295782.0,53.0,22776.0,64.0,1467051.0
15.0,"$36,000 to $36,949",ACT,Male,713.0,26008738.0,2150027.0,27866925.0,1858187.0,49.0,-73798.0,127.0,7023398.0,126.0,4166700.0,161.0,4590598.0,3.0,42497.0,15.0,157186.0,5.0,97357.0,27.0,114011.0,137.0,215949.0,575.0,-1728273.0,308.0,32.0,141339.0,32.0,10814.0,42.0,278229.0
15.0,"$36,000 to $36,949",NSW,Female,21786.0,794683093.0,66032433.0,836566053.0,41226969.0,2499.0,11317763.0,2178.0,96525329.0,2063.0,56072915.0,4841.0,126872343.0,132.0,1729859.0,57.0,505688.0,242.0,2055425.0,497.0,1979338.0,3792.0,5449809.0,17988.0,-46520725.0,11350.0,1083.0,6594471.0,1083.0,451495.0,1359.0,19514866.0
15.0,"$36,000 to $36,949",NSW,Male,15975.0,582602001.0,48988161.0,623022981.0,37923608.0,1704.0,8154093.0,3081.0,220758293.0,2967.0,146921745.0,2587.0,80444741.0,72.0,1048482.0,422.0,4075186.0,86.0,1240185.0,321.0,1287445.0,3333.0,6274294.0,12636.0,-40207178.0,6809.0,798.0,5926748.0,797.0,384247.0,1073.0,15631457.0
15.0,"$36,000 to $36,949",NT,Female,534.0,19481072.0,1430317.0,20262302.0,759750.0,47.0,123397.0,42.0,1908744.0,38.0,1132651.0,71.0,1288284.0,4.0,59271.0,3.0,18411.0,3.0,22575.0,6.0,12175.0,58.0,70224.0,476.0,-1363302.0,195.0,17.0,108825.0,17.0,4850.0,17.0,215481.0
15.0,"$36,000 to $36,949",NT,Male,376.0,13717597.0,1040318.0,14404450.0,616298.0,26.0,112645.0,56.0,4695644.0,55.0,3272533.0,33.0,777016.0,2.0,65291.0,3.0,11140.0,2.0,5845.0,6.0,20537.0,47.0,80898.0,329.0,-1048604.0,107.0,16.0,99729.0,16.0,7212.0,16.0,288899.0
15.0,"$36,000 to $36,949",Overseas or Unknown,Female,235.0,8577990.0,1428921.0,9206469.0,548868.0,68.0,1560942.0,13.0,635554.0,8.0,36924.0,31.0,1101666.0,1.0,10263.0,0.0,0.0,0.0,0.0,4.0,24312.0,65.0,398469.0,165.0,-553301.0,54.0,20.0,411553.0,20.0,110763.0,23.0,449685.0
15.0,"$36,000 to $36,949",Overseas or Unknown,Male,223.0,8132682.0,1464403.0,8990364.0,577148.0,55.0,1243231.0,17.0,1711259.0,11.0,993722.0,20.0,839622.0,0.0,0.0,0.0,0.0,0.0,0.0,3.0,7184.0,66.0,454972.0,152.0,-688372.0,40.0,31.0,689227.0,31.0,122008.0,34.0,832555.0
15.0,"$36,000 to $36,949",QLD,Female,15921.0,580765409.0,48166613.0,609135143.0,27648917.0,1259.0,4691936.0,1480.0,60850518.0,1407.0,35693126.0,4000.0,98868883.0,130.0,1468815.0,78.0,681654.0,367.0,3592334.0,495.0,1967142.0,2486.0,3487545.0,13432.0,-31820066.0,6874.0,743.0,4923717.0,743.0,346584.0,954.0,15336292.0
15.0,"$36,000 to $36,949",QLD,Male,10772.0,392892607.0,33139381.0,419133164.0,25628449.0,741.0,4678003.0,1752.0,113552360.0,1675.0,75174606.0,1839.0,53941351.0,47.0,903108.0,435.0,4205118.0,96.0,1519733.0,269.0,1081060.0,1852.0,3349071.0,8913.0,-26936104.0,3782.0,551.0,4447523.0,551.0,304119.0,724.0,12418921.0
15.0,"$36,000 to $36,949",SA,Female,5749.0,209656158.0,17506485.0,220979198.0,11015296.0,528.0,1970487.0,516.0,19396928.0,486.0,11133742.0,1321.0,31107610.0,67.0,959318.0,26.0,275926.0,89.0,506989.0,197.0,816416.0,890.0,1174899.0,4858.0,-11485737.0,3093.0,291.0,2090976.0,291.0,127004.0,357.0,7280578.0
15.0,"$36,000 to $36,949",SA,Male,3889.0,141858502.0,11812844.0,151673470.0,9202070.0,295.0,1334925.0,786.0,51344284.0,765.0,34258084.0,618.0,15080747.0,23.0,477384.0,147.0,1702958.0,31.0,498536.0,107.0,471498.0,760.0,1365184.0,3128.0,-9106026.0,1667.0,191.0,1593376.0,191.0,107449.0,247.0,3432735.0
15.0,"$36,000 to $36,949",TAS,Female,1815.0,66204548.0,5430076.0,69249365.0,3027477.0,140.0,481280.0,140.0,6396659.0,134.0,4351632.0,322.0,7131512.0,21.0,242626.0,9.0,79362.0,13.0,79105.0,36.0,145332.0,243.0,275603.0,1571.0,-3591860.0,787.0,66.0,572273.0,66.0,35556.0,85.0,1581700.0
15.0,"$36,000 to $36,949",TAS,Male,1192.0,43465087.0,3562400.0,46583965.0,2947401.0,75.0,372218.0,187.0,12701805.0,178.0,9362668.0,145.0,3450591.0,12.0,178678.0,59.0,600425.0,6.0,140195.0,27.0,127964.0,220.0,348719.0,972.0,-2683765.0,445.0,69.0,738727.0,69.0,49575.0,81.0,1807033.0
15.0,"$36,000 to $36,949",VIC,Female,19200.0,700254214.0,59195706.0,738256013.0,37648065.0,1966.0,2570274.0,1840.0,73848376.0,1747.0,42423883.0,4574.0,125449792.0,105.0,1247015.0,55.0,384244.0,318.0,2348053.0,522.0,2191520.0,3210.0,4662584.0,15987.0,-41740344.0,8639.0,1062.0,7406421.0,1062.0,469908.0,1316.0,20420215.0
15.0,"$36,000 to $36,949",VIC,Male,13752.0,501578835.0,42588594.0,536898740.0,34795092.0,1241.0,2600792.0,2885.0,173424939.0,2785.0,107381907.0,2464.0,75141107.0,59.0,860076.0,369.0,3551289.0,168.0,1594740.0,369.0,1479252.0,2880.0,5580236.0,10862.0,-34874499.0,5004.0,773.0,5437333.0,772.0,363822.0,1027.0,14738621.0
15.0,"$36,000 to $36,949",WA,Female,8212.0,299528315.0,25284575.0,313162433.0,13448905.0,680.0,2020637.0,722.0,28408144.0,688.0,15094152.0,1611.0,38640558.0,67.0,801271.0,24.0,223383.0,101.0,576838.0,179.0,652540.0,1311.0,1774277.0,6899.0,-16792882.0,5322.0,405.0,2291365.0,405.0,200924.0,525.0,5996709.0
15.0,"$36,000 to $36,949",WA,Male,5090.0,185636394.0,15648835.0,198851367.0,12535973.0,412.0,2540872.0,934.0,57717058.0,894.0,36552204.0,751.0,21496316.0,21.0,284122.0,119.0,1029351.0,39.0,473805.0,107.0,424150.0,991.0,1872929.0,4097.0,-13840546.0,2502.0,275.0,2253634.0,275.0,157305.0,378.0,7358165.0
16.0,"$36,950 to $37,897",ACT,Female,958.0,35854423.0,2963243.0,37663109.0,1804110.0,114.0,4049.0,79.0,3079593.0,70.0,1802982.0,196.0,5721073.0,5.0,43969.0,4.0,53403.0,4.0,18089.0,22.0,80611.0,133.0,162144.0,823.0,-2245352.0,555.0,63.0,250759.0,63.0,20757.0,80.0,598778.0
16.0,"$36,950 to $37,897",ACT,Male,759.0,28414929.0,2447872.0,29906120.0,1486441.0,51.0,-425327.0,125.0,12834055.0,119.0,10172092.0,166.0,5119757.0,4.0,113666.0,19.0,132522.0,11.0,163493.0,28.0,110818.0,161.0,271979.0,598.0,-1839303.0,327.0,39.0,323835.0,39.0,15292.0,48.0,734868.0
16.0,"$36,950 to $37,897",NSW,Female,21852.0,817798543.0,71406371.0,864167493.0,45444431.0,2544.0,12384306.0,2059.0,90879090.0,1954.0,51584649.0,4760.0,125990058.0,118.0,1306749.0,60.0,489118.0,206.0,1408256.0,466.0,1778920.0,3737.0,5832373.0,18103.0,-46795447.0,11383.0,1091.0,7793015.0,1091.0,467190.0,1358.0,21124946.0
16.0,"$36,950 to $37,897",NSW,Male,16008.0,599077165.0,52841929.0,637460256.0,37849585.0,1744.0,9124217.0,2989.0,204846566.0,2878.0,134418581.0,2569.0,79666370.0,67.0,1239642.0,427.0,4101494.0,69.0,1415408.0,365.0,1491523.0,3192.0,6331320.0,12810.0,-41216988.0,6845.0,856.0,5316823.0,855.0,404256.0,1145.0,14979025.0
16.0,"$36,950 to $37,897",NT,Female,534.0,19990251.0,1606482.0,21100560.0,1103316.0,54.0,142053.0,33.0,1595393.0,34.0,1183599.0,86.0,1813865.0,8.0,66667.0,1.0,140.0,5.0,197796.0,16.0,66382.0,56.0,65057.0,478.0,-1448647.0,214.0,14.0,96838.0,14.0,8490.0,16.0,181246.0
16.0,"$36,950 to $37,897",NT,Male,409.0,15307738.0,1174492.0,16049549.0,729714.0,29.0,-6431.0,66.0,4646682.0,64.0,3453462.0,34.0,788647.0,4.0,51285.0,2.0,8507.0,2.0,9689.0,7.0,37328.0,52.0,82809.0,356.0,-1183740.0,124.0,15.0,48343.0,15.0,4309.0,18.0,185664.0
16.0,"$36,950 to $37,897",Overseas or Unknown,Female,236.0,8826591.0,1429683.0,9557577.0,502482.0,66.0,1293685.0,9.0,658107.0,7.0,302192.0,33.0,1291210.0,0.0,0.0,0.0,0.0,0.0,0.0,4.0,10744.0,61.0,399539.0,172.0,-879175.0,65.0,20.0,569027.0,20.0,88773.0,23.0,700542.0
16.0,"$36,950 to $37,897",Overseas or Unknown,Male,224.0,8389002.0,1566610.0,9083319.0,488983.0,57.0,1208660.0,21.0,587023.0,15.0,76673.0,15.0,774421.0,0.0,0.0,1.0,16215.0,1.0,2306.0,4.0,16975.0,67.0,394408.0,150.0,-726672.0,44.0,14.0,471364.0,14.0,76120.0,15.0,555753.0
16.0,"$36,950 to $37,897",QLD,Female,16002.0,598891709.0,51995302.0,629931650.0,30386566.0,1278.0,4587040.0,1608.0,71981584.0,1523.0,43645979.0,3910.0,95726837.0,126.0,1621172.0,85.0,737080.0,359.0,3272567.0,454.0,1883872.0,2461.0,3702655.0,13537.0,-33140672.0,7059.0,705.0,5476383.0,705.0,382787.0,883.0,13106585.0
16.0,"$36,950 to $37,897",QLD,Male,11003.0,411749116.0,36096950.0,440388472.0,27765351.0,809.0,4818961.0,1795.0,118077461.0,1714.0,80301074.0,1860.0,52164620.0,67.0,696776.0,402.0,3807819.0,117.0,1656598.0,294.0,1137757.0,1941.0,3756391.0,9057.0,-28491858.0,3921.0,576.0,4313781.0,576.0,322688.0,769.0,11949558.0
16.0,"$36,950 to $37,897",SA,Female,5679.0,212526366.0,18599792.0,222903221.0,10292860.0,511.0,1639074.0,496.0,18200204.0,465.0,9744136.0,1243.0,29422472.0,60.0,977101.0,30.0,280435.0,86.0,666390.0,140.0,547147.0,834.0,1199557.0,4843.0,-11452680.0,3179.0,281.0,1780549.0,281.0,129815.0,344.0,7872468.0
16.0,"$36,950 to $37,897",SA,Male,3960.0,148201508.0,12863092.0,158276073.0,9579351.0,316.0,1314198.0,754.0,42148536.0,715.0,25878397.0,640.0,17138519.0,23.0,391849.0,150.0,1578738.0,27.0,295305.0,89.0,395799.0,752.0,1383743.0,3208.0,-9483127.0,1787.0,225.0,1597321.0,225.0,115759.0,288.0,3869813.0
16.0,"$36,950 to $37,897",TAS,Female,1847.0,69129934.0,5964980.0,72088973.0,2940655.0,132.0,606715.0,141.0,5912273.0,135.0,3560239.0,362.0,8215678.0,19.0,296682.0,13.0,137410.0,26.0,441545.0,49.0,219359.0,256.0,327961.0,1591.0,-3719736.0,841.0,62.0,283964.0,62.0,21165.0,80.0,707401.0
16.0,"$36,950 to $37,897",TAS,Male,1190.0,44533748.0,3871357.0,47573729.0,2976148.0,86.0,416098.0,207.0,10382471.0,191.0,6070111.0,158.0,4318476.0,13.0,261615.0,44.0,373193.0,4.0,115861.0,26.0,109157.0,183.0,322418.0,1006.0,-2861568.0,474.0,64.0,479761.0,64.0,31663.0,87.0,1150522.0
16.0,"$36,950 to $37,897",VIC,Female,19221.0,719325762.0,63453498.0,758162692.0,38416549.0,1920.0,3248442.0,1823.0,80910442.0,1734.0,50789682.0,4545.0,118892230.0,123.0,1336649.0,65.0,542359.0,290.0,2065269.0,496.0,1874785.0,3153.0,4676596.0,16059.0,-42409392.0,8626.0,1071.0,7248062.0,1070.0,490892.0,1333.0,109674355.0
16.0,"$36,950 to $37,897",VIC,Male,13509.0,505579714.0,44596104.0,539367420.0,32788201.0,1237.0,2735405.0,2894.0,198385066.0,2794.0,130337494.0,2520.0,77884329.0,59.0,1279662.0,429.0,4036032.0,176.0,1677934.0,377.0,1503204.0,2933.0,5896833.0,10564.0,-33574968.0,4807.0,778.0,5606112.0,778.0,408692.0,1034.0,18277232.0
16.0,"$36,950 to $37,897",WA,Female,8048.0,301200901.0,26435476.0,315513076.0,14129011.0,725.0,2053580.0,647.0,25730606.0,621.0,14706849.0,1538.0,36426185.0,58.0,818558.0,36.0,307285.0,102.0,779959.0,177.0,694882.0,1242.0,1792287.0,6804.0,-17405773.0,5229.0,380.0,2315315.0,378.0,184075.0,483.0,7584257.0
16.0,"$36,950 to $37,897",WA,Male,5117.0,191461006.0,16835489.0,204312859.0,12633399.0,419.0,1508915.0,966.0,64591502.0,935.0,43182566.0,770.0,21066496.0,19.0,249859.0,123.0,1090306.0,33.0,449440.0,132.0,501673.0,956.0,1883792.0,4160.0,-14328940.0,2494.0,273.0,2192017.0,273.0,174295.0,394.0,10580935.0
17.0,"$37,898 to $38,834",ACT,Female,1035.0,39712986.0,3359897.0,41518527.0,1805541.0,109.0,301035.0,67.0,2117349.0,63.0,936212.0,262.0,7706020.0,2.0,58742.0,4.0,20334.0,12.0,63295.0,35.0,164414.0,159.0,194305.0,876.0,-2472658.0,588.0,54.0,203019.0,54.0,16067.0,76.0,572312.0
17.0,"$37,898 to $38,834",ACT,Male,742.0,28468403.0,2462232.0,30346057.0,1854860.0,62.0,235440.0,134.0,7260826.0,129.0,4240556.0,163.0,4725888.0,7.0,156130.0,29.0,237817.0,5.0,115334.0,28.0,103258.0,146.0,266553.0,596.0,-1959355.0,367.0,21.0,98203.0,21.0,7884.0,33.0,312076.0
17.0,"$37,898 to $38,834",NSW,Female,21825.0,837302674.0,76347611.0,882303087.0,44224401.0,2615.0,12209182.0,2025.0,95768429.0,1926.0,57031746.0,4817.0,126235532.0,132.0,1334586.0,58.0,495251.0,222.0,1871721.0,491.0,1866806.0,3688.0,6088631.0,18130.0,-47146242.0,11344.0,1117.0,7212241.0,1115.0,570678.0,1394.0,18809458.0
17.0,"$37,898 to $38,834",NSW,Male,16111.0,618081917.0,56415146.0,658470397.0,38463793.0,1713.0,11016523.0,3009.0,204650894.0,2898.0,132026647.0,2545.0,77997416.0,63.0,1207304.0,443.0,4412323.0,74.0,1752601.0,331.0,1310377.0,3290.0,6827034.0,12816.0,-40207293.0,6761.0,809.0,6836290.0,809.0,439032.0,1110.0,20754233.0
17.0,"$37,898 to $38,834",NT,Female,549.0,21064139.0,1718899.0,22062230.0,979809.0,41.0,84257.0,33.0,1973264.0,28.0,1258166.0,84.0,1849061.0,6.0,38892.0,1.0,13525.0,2.0,22697.0,4.0,15620.0,70.0,88851.0,479.0,-1342228.0,214.0,14.0,91451.0,14.0,6728.0,17.0,440712.0
17.0,"$37,898 to $38,834",NT,Male,409.0,15692581.0,1302053.0,16579688.0,841234.0,28.0,196209.0,40.0,2616054.0,39.0,1809608.0,33.0,849247.0,1.0,12660.0,4.0,21817.0,4.0,49832.0,3.0,8367.0,38.0,63846.0,371.0,-1245715.0,126.0,13.0,115898.0,13.0,8301.0,16.0,326966.0
17.0,"$37,898 to $38,834",Overseas or Unknown,Female,188.0,7213820.0,1099144.0,7487933.0,271035.0,42.0,798089.0,11.0,299240.0,6.0,36662.0,27.0,1022500.0,1.0,3241.0,0.0,0.0,0.0,0.0,5.0,20642.0,47.0,242764.0,138.0,-519253.0,48.0,18.0,365277.0,18.0,85501.0,20.0,480255.0
17.0,"$37,898 to $38,834",Overseas or Unknown,Male,198.0,7596232.0,1439898.0,8064699.0,348730.0,54.0,1255889.0,14.0,268685.0,12.0,98688.0,18.0,682401.0,1.0,33365.0,1.0,2289.0,0.0,0.0,2.0,3656.0,58.0,434253.0,140.0,-575220.0,42.0,23.0,540226.0,23.0,117321.0,30.0,719538.0
17.0,"$37,898 to $38,834",QLD,Female,16212.0,622030138.0,56741953.0,654565245.0,31832015.0,1289.0,4934532.0,1499.0,60776579.0,1406.0,33401082.0,3869.0,95873954.0,123.0,1550770.0,99.0,869420.0,368.0,3494160.0,498.0,2044045.0,2491.0,3896600.0,13717.0,-32984090.0,6945.0,758.0,6172437.0,758.0,404396.0,953.0,17257896.0
17.0,"$37,898 to $38,834",QLD,Male,10766.0,413062970.0,37734661.0,443512272.0,29046852.0,808.0,4214836.0,1757.0,307084472.0,1689.0,267977472.0,1706.0,47073710.0,48.0,632487.0,408.0,3931678.0,94.0,1755417.0,259.0,963645.0,1908.0,3903898.0,8854.0,-28160909.0,3721.0,512.0,4596312.0,512.0,321904.0,678.0,20130284.0
17.0,"$37,898 to $38,834",SA,Female,5640.0,216393985.0,19650231.0,226862275.0,10294990.0,520.0,1584423.0,472.0,16793799.0,450.0,9135571.0,1266.0,29833699.0,55.0,678224.0,23.0,247947.0,78.0,510369.0,160.0,583474.0,877.0,1310160.0,4762.0,-11244459.0,3166.0,269.0,2016305.0,269.0,151361.0,323.0,4518040.0
17.0,"$37,898 to $38,834",SA,Male,3935.0,150979425.0,13602015.0,161278099.0,10108627.0,338.0,1106887.0,794.0,44360935.0,772.0,26988454.0,631.0,17318102.0,18.0,284158.0,156.0,1728440.0,23.0,185470.0,102.0,396445.0,747.0,1518920.0,3187.0,-9792711.0,1714.0,187.0,1563204.0,187.0,122001.0,269.0,7669710.0
17.0,"$37,898 to $38,834",TAS,Female,1767.0,67803742.0,6040827.0,70560723.0,2741360.0,143.0,822762.0,134.0,6781169.0,124.0,4335835.0,316.0,6701910.0,25.0,340679.0,16.0,147657.0,17.0,149761.0,43.0,184923.0,252.0,348351.0,1512.0,-3353904.0,864.0,65.0,466876.0,65.0,31500.0,87.0,1463310.0
17.0,"$37,898 to $38,834",TAS,Male,1197.0,45934950.0,4055829.0,49330065.0,2800378.0,88.0,667639.0,205.0,13678363.0,200.0,9317982.0,138.0,3566732.0,4.0,108100.0,49.0,493334.0,3.0,166085.0,19.0,67226.0,184.0,326992.0,1013.0,-2737612.0,437.0,43.0,180027.0,43.0,14986.0,61.0,951002.0
17.0,"$37,898 to $38,834",VIC,Female,19113.0,733342564.0,67671032.0,772389517.0,38686289.0,1985.0,2233699.0,1923.0,85285884.0,1807.0,51610730.0,4494.0,119422710.0,109.0,1245712.0,71.0,637021.0,306.0,2284301.0,500.0,2100075.0,3033.0,4978837.0,16074.0,-42010083.0,8542.0,979.0,5998209.0,977.0,445774.0,1216.0,15987287.0
17.0,"$37,898 to $38,834",VIC,Male,13651.0,523781147.0,48115484.0,559522894.0,35006199.0,1211.0,2466643.0,2919.0,174633747.0,2811.0,107604634.0,2425.0,73663591.0,61.0,1065548.0,393.0,3773330.0,152.0,1518176.0,345.0,1360217.0,2854.0,6145333.0,10790.0,-35411917.0,4847.0,741.0,5308761.0,738.0,409026.0,993.0,15006385.0
17.0,"$37,898 to $38,834",WA,Female,8015.0,307505745.0,28166250.0,322445184.0,14739246.0,684.0,1822405.0,692.0,24802712.0,652.0,13100146.0,1540.0,38794442.0,60.0,854292.0,33.0,264107.0,118.0,702844.0,169.0,712387.0,1265.0,1929173.0,6745.0,-17607614.0,5139.0,366.0,2681062.0,366.0,207704.0,467.0,7586811.0
17.0,"$37,898 to $38,834",WA,Male,5030.0,192969701.0,17601172.0,205549047.0,12001460.0,384.0,1786285.0,918.0,61723023.0,879.0,41471452.0,696.0,19457002.0,18.0,356448.0,134.0,1234089.0,40.0,415308.0,104.0,387071.0,906.0,1863030.0,4120.0,-13726067.0,2471.0,270.0,1856504.0,270.0,147900.0,367.0,5405522.0
18.0,"$38,835 to $39,759",ACT,Female,1111.0,43651842.0,3784668.0,45662064.0,2010221.0,125.0,193696.0,71.0,2067426.0,70.0,900848.0,263.0,7339472.0,6.0,31418.0,6.0,47746.0,16.0,165641.0,17.0,67123.0,183.0,220143.0,928.0,-2430255.0,655.0,66.0,256054.0,66.0,26306.0,84.0,587035.0
18.0,"$38,835 to $39,759",ACT,Male,736.0,28917149.0,2536532.0,30702096.0,1705299.0,49.0,-90921.0,127.0,6216278.0,123.0,3480023.0,134.0,4206655.0,4.0,45690.0,16.0,136004.0,6.0,49106.0,18.0,55394.0,140.0,275910.0,596.0,-1784048.0,319.0,48.0,204877.0,48.0,13036.0,59.0,567380.0
18.0,"$38,835 to $39,759",NSW,Female,21797.0,856567828.0,81805844.0,902196909.0,44878703.0,2663.0,13152450.0,1915.0,87290021.0,1848.0,51774415.0,4727.0,124731846.0,142.0,1777117.0,53.0,403381.0,212.0,1496454.0,473.0,1981935.0,3712.0,6367095.0,18080.0,-47377809.0,11443.0,1106.0,7407875.0,1105.0,580897.0,1405.0,19658539.0
18.0,"$38,835 to $39,759",NSW,Male,16256.0,638870110.0,60919098.0,680563239.0,40681703.0,1681.0,10270217.0,2934.0,203705307.0,2824.0,132313086.0,2536.0,77463065.0,52.0,747920.0,454.0,4399286.0,85.0,1331018.0,324.0,1315369.0,3260.0,6998377.0,12989.0,-40470731.0,6912.0,787.0,5693827.0,787.0,447503.0,1045.0,17372379.0
18.0,"$38,835 to $39,759",NT,Female,528.0,20747943.0,1802851.0,21692438.0,943495.0,49.0,-48624.0,35.0,1751154.0,33.0,1031574.0,98.0,2384579.0,9.0,198623.0,0.0,0.0,4.0,36431.0,10.0,27381.0,66.0,78861.0,462.0,-1340585.0,215.0,12.0,104521.0,12.0,7028.0,16.0,279774.0
18.0,"$38,835 to $39,759",NT,Male,459.0,18028859.0,1582045.0,19080314.0,1037719.0,42.0,207867.0,58.0,7498386.0,53.0,6248209.0,38.0,1056526.0,1.0,8575.0,7.0,51073.0,0.0,0.0,5.0,27939.0,56.0,113573.0,403.0,-1438100.0,156.0,10.0,107591.0,10.0,16602.0,16.0,141917.0
18.0,"$38,835 to $39,759",Overseas or Unknown,Female,211.0,8293923.0,1349502.0,8908926.0,515736.0,53.0,1003104.0,7.0,175311.0,5.0,7070.0,29.0,1084876.0,0.0,0.0,0.0,0.0,1.0,2127.0,7.0,20637.0,58.0,389088.0,150.0,-690146.0,54.0,14.0,576316.0,14.0,102664.0,16.0,675707.0
18.0,"$38,835 to $39,759",Overseas or Unknown,Male,193.0,7584058.0,1413751.0,8026998.0,433700.0,52.0,1193997.0,12.0,666785.0,6.0,208960.0,16.0,562483.0,0.0,0.0,1.0,8980.0,0.0,0.0,2.0,3671.0,54.0,396421.0,136.0,-707628.0,35.0,18.0,459159.0,18.0,121408.0,24.0,698583.0
18.0,"$38,835 to $39,759",QLD,Female,16046.0,630598891.0,59955997.0,663060506.0,31818432.0,1217.0,3621915.0,1476.0,66376246.0,1378.0,40035364.0,3849.0,96137254.0,140.0,1694283.0,88.0,746018.0,289.0,2602153.0,501.0,1907986.0,2512.0,4098984.0,13526.0,-32194462.0,7001.0,731.0,5884050.0,730.0,447090.0,913.0,14679089.0
18.0,"$38,835 to $39,759",QLD,Male,10984.0,431674072.0,41136122.0,460408512.0,28342899.0,705.0,3099673.0,1677.0,115065561.0,1617.0,76761325.0,1769.0,51901142.0,71.0,882364.0,396.0,3888168.0,128.0,1847186.0,273.0,1097619.0,1850.0,4028602.0,9128.0,-28812082.0,3870.0,499.0,4364496.0,499.0,312500.0,650.0,14731781.0
18.0,"$38,835 to $39,759",SA,Female,5703.0,224131195.0,21271059.0,234173094.0,9927057.0,508.0,1484036.0,489.0,15697795.0,460.0,7515144.0,1167.0,29528119.0,56.0,633813.0,27.0,248951.0,70.0,482982.0,128.0,587499.0,923.0,1461909.0,4779.0,-10987923.0,3235.0,273.0,2271393.0,273.0,178912.0,323.0,6186919.0
18.0,"$38,835 to $39,759",SA,Male,3781.0,148573291.0,13847279.0,158295284.0,9484545.0,313.0,910936.0,682.0,39479615.0,647.0,23895182.0,593.0,16041386.0,13.0,230588.0,142.0,1403313.0,18.0,152295.0,111.0,453126.0,666.0,1305113.0,3113.0,-9296781.0,1641.0,178.0,1353572.0,178.0,109757.0,238.0,5266431.0
18.0,"$38,835 to $39,759",TAS,Female,1826.0,71754753.0,6615330.0,74882688.0,3074001.0,117.0,491700.0,123.0,4262516.0,123.0,2232583.0,325.0,6845764.0,18.0,277069.0,7.0,63917.0,12.0,113351.0,46.0,177110.0,269.0,388720.0,1557.0,-3653740.0,865.0,62.0,613746.0,62.0,44343.0,79.0,2086188.0
18.0,"$38,835 to $39,759",TAS,Male,1194.0,46917114.0,4313438.0,50045572.0,3115192.0,81.0,460258.0,168.0,16412651.0,163.0,12730881.0,135.0,3313948.0,10.0,143260.0,49.0,460802.0,4.0,39273.0,15.0,56753.0,177.0,365736.0,1017.0,-3004188.0,473.0,52.0,537081.0,52.0,47455.0,72.0,1302788.0
18.0,"$38,835 to $39,759",VIC,Female,18865.0,741404234.0,71483734.0,778995916.0,37322652.0,1994.0,2806499.0,1820.0,71589056.0,1723.0,39112595.0,4435.0,120075485.0,120.0,1327891.0,53.0,363621.0,297.0,2001176.0,507.0,2054199.0,3084.0,5292298.0,15774.0,-40431916.0,8474.0,951.0,6089601.0,951.0,484428.0,1198.0,16260167.0
18.0,"$38,835 to $39,759",VIC,Male,13525.0,531522522.0,50907018.0,567161276.0,34720705.0,1188.0,2302976.0,2785.0,165809601.0,2670.0,99186891.0,2317.0,69662070.0,53.0,1036522.0,427.0,4141141.0,131.0,1157984.0,304.0,1211969.0,2810.0,6458142.0,10710.0,-34207408.0,4739.0,717.0,5453029.0,716.0,446826.0,936.0,15531684.0
18.0,"$38,835 to $39,759",WA,Female,8023.0,315286871.0,30117184.0,330022770.0,14541298.0,745.0,2489654.0,686.0,24817708.0,664.0,12379395.0,1503.0,35317196.0,61.0,841428.0,20.0,221890.0,106.0,716689.0,166.0,668003.0,1332.0,2169088.0,6683.0,-17019046.0,5189.0,376.0,2813904.0,375.0,239965.0,492.0,8171696.0
18.0,"$38,835 to $39,759",WA,Male,5295.0,208079613.0,19821752.0,220934991.0,12726750.0,400.0,1311122.0,970.0,59517357.0,916.0,36910631.0,796.0,23235354.0,32.0,409614.0,132.0,1254782.0,42.0,485689.0,110.0,438719.0,1029.0,2208210.0,4263.0,-14292923.0,2600.0,289.0,2516803.0,289.0,217821.0,385.0,7927907.0
19.0,"$39,760 to $40,668",ACT,Female,1035.0,41617104.0,3697859.0,43424228.0,1747923.0,104.0,42168.0,83.0,3638626.0,76.0,1708116.0,230.0,5666167.0,4.0,69555.0,5.0,29626.0,8.0,114863.0,28.0,99762.0,169.0,270144.0,866.0,-2229067.0,593.0,57.0,278227.0,57.0,24320.0,71.0,1578848.0
19.0,"$39,760 to $40,668",ACT,Male,784.0,31514005.0,2893842.0,33738496.0,2201878.0,57.0,-179299.0,130.0,6280156.0,126.0,3842984.0,145.0,4432652.0,0.0,0.0,21.0,192843.0,2.0,41952.0,21.0,89694.0,136.0,251296.0,648.0,-2146166.0,360.0,30.0,195893.0,30.0,16517.0,44.0,479430.0
19.0,"$39,760 to $40,668",NSW,Female,21456.0,862855731.0,86092327.0,908393158.0,44695366.0,2483.0,10574374.0,1983.0,95634310.0,1854.0,56733129.0,4605.0,122823433.0,123.0,1429306.0,48.0,479741.0,197.0,1668325.0,485.0,1983499.0,3934.0,7302462.0,17517.0,-45644515.0,11316.0,1037.0,6810002.0,1037.0,542602.0,1333.0,18101987.0
19.0,"$39,760 to $40,668",NSW,Male,16246.0,653193481.0,64969051.0,694690238.0,40179733.0,1768.0,8447703.0,3009.0,223071038.0,2885.0,144837080.0,2431.0,76071192.0,73.0,1201615.0,381.0,3739839.0,63.0,914579.0,295.0,1207782.0,3479.0,8436753.0,12759.0,-41007462.0,6891.0,826.0,6122875.0,826.0,483494.0,1113.0,18887421.0
19.0,"$39,760 to $40,668",NT,Female,510.0,20513221.0,1851475.0,21293940.0,778141.0,47.0,208698.0,39.0,951769.0,35.0,568759.0,81.0,2011017.0,6.0,160615.0,1.0,3514.0,3.0,18915.0,8.0,19172.0,54.0,76931.0,455.0,-1222938.0,216.0,11.0,77350.0,11.0,7251.0,12.0,117891.0
19.0,"$39,760 to $40,668",NT,Male,416.0,16728079.0,1462949.0,17613302.0,844559.0,29.0,150727.0,63.0,4773233.0,64.0,3535994.0,40.0,1465833.0,4.0,89343.0,7.0,50812.0,1.0,94230.0,5.0,29022.0,67.0,120290.0,349.0,-1123791.0,135.0,11.0,51891.0,11.0,3425.0,16.0,149317.0
19.0,"$39,760 to $40,668",Overseas or Unknown,Female,196.0,7881480.0,1202294.0,8481873.0,377250.0,39.0,746978.0,8.0,417216.0,6.0,192634.0,25.0,832748.0,0.0,0.0,0.0,0.0,1.0,704.0,2.0,4856.0,41.0,243346.0,153.0,-653467.0,62.0,14.0,576270.0,14.0,86997.0,18.0,706431.0
19.0,"$39,760 to $40,668",Overseas or Unknown,Male,198.0,7967093.0,1666347.0,8580458.0,403329.0,60.0,1225647.0,11.0,1441681.0,9.0,1179075.0,21.0,599629.0,0.0,0.0,0.0,0.0,1.0,7250.0,1.0,2451.0,71.0,454994.0,124.0,-1091278.0,31.0,18.0,574092.0,18.0,99226.0,22.0,697498.0
19.0,"$39,760 to $40,668",QLD,Female,15764.0,633917080.0,62933547.0,665133950.0,30459904.0,1215.0,4236092.0,1392.0,59824698.0,1331.0,33869161.0,3759.0,90950235.0,140.0,1816200.0,94.0,863819.0,321.0,3349269.0,422.0,1709864.0,2604.0,4542062.0,13157.0,-31511933.0,6939.0,667.0,5332625.0,667.0,442686.0,852.0,13697082.0
19.0,"$39,760 to $40,668",QLD,Male,11235.0,451744541.0,44786624.0,482048957.0,29580088.0,832.0,3238837.0,1721.0,115330188.0,1644.0,75440103.0,1903.0,53030892.0,64.0,873285.0,456.0,4511477.0,129.0,2823197.0,279.0,1198870.0,2026.0,4669922.0,9206.0,-29048730.0,3937.0,568.0,5253797.0,568.0,436991.0,747.0,17920205.0
19.0,"$39,760 to $40,668",SA,Female,5643.0,226948605.0,22376942.0,237672365.0,10684373.0,525.0,1872799.0,428.0,15090363.0,407.0,7178662.0,1266.0,30340804.0,52.0,652902.0,25.0,244366.0,64.0,323137.0,168.0,680450.0,946.0,1536711.0,4695.0,-11343858.0,3190.0,276.0,2082069.0,275.0,178152.0,347.0,5105867.0
19.0,"$39,760 to $40,668",SA,Male,3943.0,158531574.0,15453736.0,169031319.0,10202951.0,321.0,1404817.0,735.0,47938362.0,710.0,31280775.0,622.0,16775889.0,22.0,267799.0,151.0,1609026.0,27.0,192519.0,84.0,357824.0,742.0,1577752.0,3200.0,-9632531.0,1750.0,219.0,1685840.0,219.0,136264.0,280.0,5082462.0
19.0,"$39,760 to $40,668",TAS,Female,1777.0,71449367.0,6906457.0,74577741.0,3127596.0,154.0,824895.0,123.0,5291164.0,118.0,3394219.0,317.0,6461320.0,14.0,213235.0,11.0,138452.0,20.0,182224.0,32.0,97647.0,261.0,405095.0,1516.0,-3345265.0,892.0,69.0,561900.0,69.0,51136.0,84.0,1241136.0
19.0,"$39,760 to $40,668",TAS,Male,1186.0,47681588.0,4547852.0,50504351.0,2806997.0,88.0,658054.0,174.0,10245546.0,166.0,6206576.0,131.0,3535462.0,5.0,74771.0,56.0,586979.0,6.0,177118.0,27.0,136065.0,193.0,377622.0,993.0,-2930946.0,505.0,57.0,387361.0,57.0,38823.0,73.0,2806071.0
19.0,"$39,760 to $40,668",VIC,Female,19121.0,768873222.0,77590559.0,808404962.0,39250764.0,1992.0,2430584.0,1850.0,78408660.0,1760.0,44098329.0,4504.0,120820221.0,109.0,1273537.0,71.0,668521.0,296.0,2306023.0,534.0,2142878.0,3301.0,6078212.0,15808.0,-40739041.0,8584.0,977.0,6400511.0,977.0,567062.0,1226.0,15383697.0
19.0,"$39,760 to $40,668",VIC,Male,13809.0,555292100.0,55097942.0,591796892.0,35954132.0,1211.0,2020600.0,2880.0,228720061.0,2776.0,155355275.0,2299.0,68716653.0,56.0,762163.0,450.0,4499565.0,147.0,1415952.0,308.0,1235647.0,3140.0,7674681.0,10665.0,-34830358.0,4987.0,728.0,5442193.0,728.0,464113.0,1010.0,21553000.0
19.0,"$39,760 to $40,668",WA,Female,7958.0,320051049.0,31872107.0,335265910.0,14825488.0,637.0,1246091.0,627.0,26418805.0,601.0,14859599.0,1540.0,36510173.0,47.0,673527.0,28.0,296937.0,95.0,605152.0,157.0,590220.0,1323.0,2336255.0,6634.0,-17127191.0,5095.0,363.0,2600452.0,363.0,236757.0,477.0,6551665.0
19.0,"$39,760 to $40,668",WA,Male,5179.0,208265923.0,20620910.0,221521374.0,12919180.0,441.0,1864243.0,915.0,60468727.0,856.0,37771020.0,749.0,19677992.0,23.0,294565.0,119.0,1061948.0,43.0,400513.0,98.0,406293.0,1126.0,2582550.0,4051.0,-14005197.0,2542.0,263.0,3028333.0,263.0,218077.0,362.0,9309565.0
20.0,"$40,669 to $41,590",ACT,Female,1087.0,44709226.0,4071449.0,46948147.0,2238921.0,118.0,118578.0,71.0,2249772.0,71.0,1257190.0,211.0,5600660.0,6.0,37498.0,7.0,38157.0,13.0,78953.0,23.0,98994.0,163.0,229249.0,923.0,-2543652.0,631.0,68.0,335588.0,68.0,29791.0,90.0,684949.0
20.0,"$40,669 to $41,590",ACT,Male,768.0,31585125.0,2951644.0,33597609.0,2012459.0,70.0,186724.0,133.0,6342918.0,126.0,3552198.0,126.0,3433145.0,2.0,27475.0,16.0,148435.0,5.0,73615.0,21.0,85733.0,141.0,277879.0,626.0,-2097814.0,399.0,43.0,323388.0,43.0,30420.0,55.0,800112.0
20.0,"$40,669 to $41,590",NSW,Female,21488.0,883830230.0,91718423.0,932944905.0,48444396.0,2507.0,10350910.0,1893.0,89430001.0,1798.0,51030808.0,4481.0,118519346.0,111.0,1381269.0,53.0,445823.0,207.0,1587934.0,448.0,1780518.0,3816.0,7170189.0,17665.0,-46061452.0,11363.0,1084.0,8073929.0,1084.0,661310.0,1361.0,20961557.0
20.0,"$40,669 to $41,590",NSW,Male,16267.0,669020045.0,68797516.0,711526295.0,41667508.0,1709.0,8341749.0,2980.0,229088396.0,2873.0,152524545.0,2518.0,78181451.0,78.0,1247842.0,428.0,4147472.0,77.0,1047778.0,336.0,1362627.0,3242.0,7947988.0,13018.0,-41558494.0,6920.0,795.0,5518238.0,794.0,482087.0,1065.0,18934544.0
20.0,"$40,669 to $41,590",NT,Female,557.0,22909155.0,2136126.0,23883554.0,920152.0,55.0,73353.0,32.0,1544542.0,32.0,810430.0,73.0,1383856.0,5.0,70307.0,3.0,27316.0,2.0,26996.0,7.0,27737.0,64.0,109542.0,492.0,-1415642.0,205.0,6.0,21596.0,6.0,2185.0,10.0,68822.0
20.0,"$40,669 to $41,590",NT,Male,401.0,16502652.0,1566472.0,17517180.0,1012980.0,29.0,100166.0,57.0,4202413.0,56.0,2893233.0,44.0,1027423.0,2.0,41043.0,9.0,63488.0,3.0,281733.0,5.0,23584.0,47.0,86953.0,354.0,-1265214.0,130.0,4.0,35981.0,4.0,3492.0,9.0,313228.0
20.0,"$40,669 to $41,590",Overseas or Unknown,Female,191.0,7854235.0,1327405.0,8323316.0,335529.0,66.0,1348305.0,6.0,124596.0,5.0,13868.0,34.0,1033637.0,0.0,0.0,0.0,0.0,0.0,0.0,9.0,45621.0,65.0,420707.0,126.0,-634136.0,55.0,26.0,711531.0,26.0,171113.0,30.0,923164.0
20.0,"$40,669 to $41,590",Overseas or Unknown,Male,169.0,6955394.0,1289570.0,7479031.0,454229.0,43.0,872899.0,9.0,729200.0,8.0,336694.0,16.0,532997.0,1.0,19762.0,2.0,22380.0,0.0,0.0,4.0,12048.0,46.0,349311.0,120.0,-603130.0,39.0,14.0,352554.0,14.0,96074.0,19.0,458233.0
20.0,"$40,669 to $41,590",QLD,Female,16181.0,665514859.0,68900558.0,699261921.0,33245828.0,1288.0,4387834.0,1468.0,60187336.0,1383.0,32124449.0,3955.0,100763143.0,127.0,1647570.0,88.0,844027.0,347.0,3427069.0,473.0,1957935.0,2600.0,4669423.0,13575.0,-32665713.0,7085.0,712.0,5271447.0,712.0,429098.0,906.0,13057094.0
20.0,"$40,669 to $41,590",QLD,Male,10863.0,446826550.0,45999020.0,476712741.0,28871881.0,800.0,4371384.0,1623.0,128668070.0,1541.0,90429341.0,1783.0,54383197.0,54.0,816491.0,422.0,4082752.0,107.0,1858870.0,289.0,1274106.0,1928.0,4487301.0,8929.0,-28035510.0,3813.0,490.0,4323137.0,490.0,393339.0,696.0,13058630.0
20.0,"$40,669 to $41,590",SA,Female,5584.0,229661876.0,23418107.0,241321008.0,10749619.0,462.0,1707342.0,424.0,15709868.0,402.0,13019477.0,1293.0,30160425.0,47.0,637162.0,35.0,393135.0,77.0,515630.0,162.0,698952.0,915.0,1554754.0,4669.0,-11165695.0,3150.0,269.0,2031535.0,269.0,177782.0,331.0,6278931.0
20.0,"$40,669 to $41,590",SA,Male,4061.0,167018017.0,16848309.0,178398938.0,10720894.0,290.0,647264.0,706.0,47271540.0,683.0,30471514.0,580.0,16401784.0,23.0,426753.0,166.0,1895737.0,23.0,321008.0,98.0,408010.0,792.0,1818820.0,3269.0,-9379066.0,1814.0,224.0,2118307.0,224.0,168730.0,300.0,6695713.0
20.0,"$40,669 to $41,590",TAS,Female,1825.0,75044919.0,7568707.0,78083184.0,3034225.0,142.0,763409.0,122.0,6561628.0,118.0,4525042.0,307.0,6850383.0,10.0,324145.0,11.0,123071.0,9.0,158271.0,40.0,172501.0,286.0,401404.0,1539.0,-3389306.0,869.0,68.0,701156.0,68.0,50229.0,84.0,3148102.0
20.0,"$40,669 to $41,590",TAS,Male,1210.0,49782782.0,4995322.0,52905636.0,3077145.0,77.0,566376.0,176.0,11280019.0,173.0,7663976.0,133.0,3393381.0,10.0,181197.0,53.0,505077.0,2.0,4829.0,22.0,100145.0,171.0,331651.0,1037.0,-2848743.0,433.0,52.0,435173.0,52.0,30192.0,69.0,1734402.0
20.0,"$40,669 to $41,590",VIC,Female,19015.0,782110861.0,81895370.0,822688472.0,40334143.0,2041.0,2368643.0,1774.0,73814920.0,1690.0,40237360.0,4521.0,121044165.0,113.0,1422337.0,65.0,520265.0,290.0,2262165.0,502.0,1927082.0,3339.0,6251849.0,15670.0,-40956059.0,8578.0,1002.0,6524065.0,1002.0,596314.0,1235.0,18164960.0
20.0,"$40,669 to $41,590",VIC,Male,13775.0,566537958.0,58608567.0,604550293.0,37241965.0,1231.0,1624864.0,2833.0,211092981.0,2715.0,142515210.0,2278.0,69428148.0,54.0,780146.0,431.0,4482251.0,146.0,1640994.0,324.0,1277906.0,2951.0,7369051.0,10822.0,-35316826.0,4854.0,708.0,5552888.0,708.0,508690.0,949.0,15730854.0
20.0,"$40,669 to $41,590",WA,Female,8040.0,330695189.0,34343030.0,346683547.0,15811099.0,748.0,1837528.0,698.0,24058563.0,668.0,12365954.0,1445.0,35126777.0,59.0,858359.0,26.0,292892.0,94.0,556806.0,140.0,532537.0,1346.0,2392854.0,6691.0,-17055059.0,5266.0,411.0,2797001.0,411.0,259643.0,517.0,8144548.0
20.0,"$40,669 to $41,590",WA,Male,5044.0,207450860.0,21226691.0,220004415.0,12035360.0,381.0,1321737.0,909.0,50570893.0,877.0,29186872.0,722.0,20948846.0,24.0,406120.0,129.0,1104515.0,33.0,397508.0,108.0,367344.0,987.0,2353335.0,4056.0,-13479814.0,2550.0,239.0,2145043.0,239.0,180275.0,328.0,4839821.0
21.0,"$41,591 to $42,499",ACT,Female,1105.0,46463345.0,4393107.0,48885337.0,2406861.0,113.0,139113.0,83.0,2861414.0,80.0,1429797.0,226.0,6450354.0,1.0,25125.0,5.0,48132.0,7.0,19812.0,16.0,58717.0,167.0,271940.0,938.0,-2598963.0,659.0,67.0,313308.0,67.0,28756.0,84.0,731075.0
21.0,"$41,591 to $42,499",ACT,Male,830.0,34889994.0,3332984.0,36962787.0,2072793.0,77.0,82135.0,142.0,7386193.0,132.0,4209552.0,154.0,4477480.0,4.0,63428.0,28.0,305584.0,4.0,110836.0,26.0,115708.0,163.0,328073.0,666.0,-1996615.0,398.0,52.0,384282.0,52.0,32189.0,72.0,782909.0
21.0,"$41,591 to $42,499",NSW,Female,21626.0,909265365.0,97602800.0,955237464.0,45420097.0,2561.0,10053587.0,1909.0,97072593.0,1828.0,56583138.0,4593.0,121246203.0,120.0,1187502.0,54.0,447694.0,213.0,1274865.0,452.0,1851819.0,3885.0,7518059.0,17733.0,-46086013.0,11439.0,1033.0,8045004.0,1033.0,632899.0,1322.0,22116854.0
21.0,"$41,591 to $42,499",NSW,Male,15980.0,671866998.0,71753626.0,716509339.0,42220286.0,1770.0,8157010.0,2880.0,218706824.0,2775.0,146063729.0,2405.0,74155833.0,69.0,967623.0,407.0,4084047.0,67.0,1162311.0,286.0,1208809.0,3230.0,8288069.0,12742.0,-41231482.0,6715.0,759.0,5699238.0,758.0,506069.0,1045.0,21178968.0
21.0,"$41,591 to $42,499",NT,Female,539.0,22656798.0,2163010.0,23679088.0,1022290.0,55.0,-51986.0,43.0,1739959.0,41.0,894995.0,82.0,1789889.0,9.0,68284.0,3.0,28486.0,4.0,7458.0,10.0,25216.0,72.0,91613.0,467.0,-1516533.0,224.0,9.0,15593.0,9.0,1398.0,13.0,31742.0
21.0,"$41,591 to $42,499",NT,Male,445.0,18716846.0,1848464.0,19803435.0,1080575.0,28.0,25863.0,53.0,4103896.0,48.0,3062291.0,51.0,1979756.0,6.0,86630.0,5.0,42509.0,1.0,17385.0,3.0,18017.0,47.0,98994.0,398.0,-1325084.0,133.0,10.0,15187.0,10.0,1782.0,15.0,164885.0
21.0,"$41,591 to $42,499",Overseas or Unknown,Female,193.0,8110147.0,1336264.0,8774292.0,327343.0,49.0,922691.0,11.0,452515.0,8.0,189331.0,23.0,857114.0,0.0,0.0,0.0,0.0,0.0,0.0,3.0,8501.0,46.0,319230.0,145.0,-666529.0,55.0,23.0,790330.0,23.0,118695.0,24.0,1078343.0
21.0,"$41,591 to $42,499",Overseas or Unknown,Male,193.0,8115983.0,1477093.0,8604869.0,400697.0,35.0,809472.0,12.0,379344.0,9.0,95719.0,9.0,302250.0,1.0,24047.0,0.0,0.0,0.0,0.0,2.0,3635.0,49.0,310067.0,138.0,-785295.0,40.0,17.0,443240.0,17.0,91775.0,21.0,598299.0
21.0,"$41,591 to $42,499",QLD,Female,16242.0,682871267.0,72980843.0,717345088.0,34027152.0,1267.0,3957158.0,1464.0,62088602.0,1395.0,33151569.0,3902.0,96835144.0,143.0,1678431.0,87.0,699021.0,359.0,3244117.0,452.0,1891231.0,2680.0,5004787.0,13559.0,-32129288.0,7147.0,744.0,5280575.0,744.0,475700.0,937.0,14878940.0
21.0,"$41,591 to $42,499",QLD,Male,11245.0,472769534.0,50162115.0,505359310.0,31260146.0,815.0,2959254.0,1639.0,106661874.0,1569.0,68279500.0,1726.0,51275456.0,56.0,976605.0,442.0,4387658.0,86.0,1454621.0,252.0,1110977.0,1953.0,4943756.0,9291.0,-30136904.0,3883.0,531.0,5114064.0,531.0,449770.0,724.0,13760355.0
21.0,"$41,591 to $42,499",SA,Female,5478.0,230308663.0,24455537.0,241688683.0,11267817.0,532.0,1089163.0,444.0,18074778.0,420.0,9205231.0,1149.0,27148419.0,50.0,500721.0,21.0,229016.0,77.0,441436.0,141.0,600216.0,917.0,1641969.0,4560.0,-10783993.0,3077.0,243.0,2126513.0,243.0,190493.0,313.0,5184943.0
21.0,"$41,591 to $42,499",SA,Male,4029.0,169439488.0,17664167.0,181032983.0,11316713.0,326.0,1013358.0,734.0,42931475.0,698.0,29805907.0,583.0,16521591.0,21.0,275222.0,133.0,1522739.0,21.0,392818.0,89.0,374665.0,797.0,1909679.0,3230.0,-9345988.0,1749.0,188.0,2042069.0,188.0,194647.0,255.0,6933292.0
21.0,"$41,591 to $42,499",TAS,Female,1838.0,77284991.0,8170810.0,81198887.0,3820360.0,173.0,1014279.0,150.0,7172045.0,141.0,4604351.0,295.0,6445532.0,20.0,370091.0,18.0,122169.0,14.0,77133.0,33.0,153298.0,279.0,511557.0,1559.0,-3840500.0,921.0,77.0,664355.0,77.0,63788.0,98.0,3294838.0
21.0,"$41,591 to $42,499",TAS,Male,1356.0,57015143.0,5844820.0,60856453.0,3787461.0,114.0,624741.0,193.0,15149841.0,192.0,11380155.0,172.0,4358875.0,10.0,249723.0,60.0,688915.0,12.0,279420.0,33.0,133841.0,206.0,473404.0,1149.0,-3319369.0,556.0,57.0,510404.0,57.0,46303.0,85.0,1253505.0
21.0,"$41,591 to $42,499",VIC,Female,19076.0,802080999.0,87010068.0,842943033.0,40549594.0,2015.0,1493158.0,1714.0,69080548.0,1636.0,36831154.0,4481.0,118716936.0,105.0,1415069.0,71.0,689624.0,273.0,2086898.0,456.0,1821323.0,3291.0,6411306.0,15776.0,-41205399.0,8635.0,951.0,7378129.0,951.0,702602.0,1225.0,18143480.0
21.0,"$41,591 to $42,499",VIC,Male,13526.0,568658948.0,60971431.0,607408681.0,37332859.0,1212.0,1020604.0,2713.0,176143071.0,2589.0,111571050.0,2326.0,70662643.0,54.0,1035402.0,429.0,4381700.0,141.0,1210863.0,362.0,1487866.0,2806.0,7194521.0,10712.0,-35208043.0,4726.0,693.0,5657381.0,693.0,532937.0,935.0,24317008.0
21.0,"$41,591 to $42,499",WA,Female,7776.0,326933655.0,35173517.0,342150606.0,15158129.0,702.0,1052528.0,601.0,25013148.0,584.0,14093750.0,1474.0,36142095.0,50.0,558535.0,20.0,186940.0,91.0,587103.0,154.0,592915.0,1249.0,2231874.0,6526.0,-16784195.0,5118.0,372.0,3004053.0,372.0,294351.0,468.0,7441548.0
21.0,"$41,591 to $42,499",WA,Male,5011.0,210672385.0,22382364.0,223942590.0,12848520.0,363.0,1275176.0,875.0,50890396.0,850.0,29908662.0,726.0,21072471.0,30.0,370281.0,109.0,1022885.0,25.0,201945.0,111.0,421022.0,972.0,2464368.0,4036.0,-14272278.0,2463.0,240.0,1875096.0,239.0,177273.0,347.0,5774408.0
22.0,"$42,500 to $43,400",ACT,Female,1145.0,49162458.0,4831663.0,51261322.0,2097463.0,126.0,-15687.0,81.0,3192358.0,76.0,1569668.0,236.0,6785595.0,8.0,113785.0,2.0,17823.0,9.0,116999.0,31.0,109564.0,199.0,324329.0,945.0,-2399053.0,657.0,87.0,352789.0,87.0,36005.0,103.0,903755.0
22.0,"$42,500 to $43,400",ACT,Male,814.0,34958118.0,3455394.0,36833791.0,1839627.0,91.0,7746.0,124.0,7825659.0,113.0,5196724.0,143.0,4616237.0,5.0,153695.0,21.0,190075.0,4.0,78266.0,17.0,86730.0,163.0,365600.0,651.0,-2069155.0,399.0,50.0,403211.0,50.0,37799.0,58.0,870495.0
22.0,"$42,500 to $43,400",NSW,Female,21457.0,921676643.0,102605042.0,972165137.0,49549945.0,2518.0,9493251.0,1810.0,89207660.0,1727.0,52218755.0,4516.0,119563704.0,130.0,1621656.0,62.0,589581.0,204.0,1508263.0,451.0,1830469.0,3828.0,7972199.0,17616.0,-47413955.0,11284.0,1013.0,6810231.0,1013.0,620827.0,1301.0,22577551.0
22.0,"$42,500 to $43,400",NSW,Male,15794.0,678373439.0,74778013.0,723683267.0,44569225.0,1750.0,7172231.0,2787.0,215120706.0,2703.0,141003650.0,2476.0,74911121.0,55.0,932031.0,489.0,4649067.0,75.0,1042667.0,305.0,1242737.0,3203.0,8412092.0,12585.0,-41352504.0,6770.0,792.0,6052402.0,792.0,570239.0,1079.0,20193928.0
22.0,"$42,500 to $43,400",NT,Female,553.0,23762204.0,2349795.0,24827009.0,1064756.0,57.0,-27636.0,27.0,1056230.0,26.0,587334.0,81.0,1639204.0,5.0,60732.0,4.0,23610.0,0.0,0.0,6.0,30233.0,75.0,108974.0,478.0,-1402579.0,222.0,17.0,168932.0,17.0,17891.0,20.0,333357.0
22.0,"$42,500 to $43,400",NT,Male,398.0,17097848.0,1740827.0,17952100.0,853487.0,31.0,16812.0,65.0,3514508.0,62.0,2032420.0,38.0,936624.0,0.0,0.0,5.0,39213.0,3.0,113775.0,4.0,9644.0,56.0,139303.0,342.0,-1144999.0,120.0,14.0,108162.0,14.0,12110.0,18.0,209244.0
22.0,"$42,500 to $43,400",Overseas or Unknown,Female,173.0,7429290.0,1213670.0,7819717.0,311666.0,46.0,790242.0,10.0,874846.0,7.0,488914.0,16.0,546715.0,0.0,0.0,0.0,0.0,0.0,0.0,0.0,0.0,40.0,307241.0,129.0,-517871.0,45.0,13.0,277977.0,13.0,56757.0,17.0,353194.0
22.0,"$42,500 to $43,400",Overseas or Unknown,Male,206.0,8846966.0,1711227.0,9423787.0,373181.0,46.0,967584.0,12.0,900038.0,10.0,428694.0,23.0,992111.0,0.0,0.0,0.0,0.0,0.0,0.0,2.0,3626.0,57.0,431268.0,146.0,-704244.0,48.0,26.0,692359.0,26.0,153407.0,29.0,1295185.0
22.0,"$42,500 to $43,400",QLD,Female,16105.0,691750692.0,76804844.0,726657444.0,34290568.0,1325.0,3429473.0,1376.0,64010688.0,1300.0,38394923.0,3845.0,95377917.0,127.0,1525310.0,80.0,752591.0,319.0,2900684.0,421.0,1759939.0,2575.0,4942261.0,13525.0,-33801015.0,7224.0,718.0,5297159.0,718.0,488297.0,926.0,14144408.0
22.0,"$42,500 to $43,400",QLD,Male,11108.0,477152605.0,52454715.0,509303846.0,30964182.0,805.0,3101528.0,1686.0,114172085.0,1618.0,72870405.0,1870.0,55367532.0,56.0,759533.0,392.0,3991835.0,134.0,2419641.0,296.0,1161977.0,2032.0,5230321.0,9073.0,-29758465.0,3877.0,531.0,4897897.0,531.0,440048.0,722.0,13996210.0
22.0,"$42,500 to $43,400",SA,Female,5609.0,240894436.0,26483919.0,252685895.0,11695253.0,524.0,1494810.0,436.0,15922115.0,418.0,8336525.0,1178.0,28152003.0,35.0,502668.0,34.0,326788.0,84.0,576062.0,146.0,531675.0,922.0,1744081.0,4683.0,-11244027.0,3200.0,264.0,2241127.0,264.0,211616.0,325.0,6570184.0
22.0,"$42,500 to $43,400",SA,Male,4186.0,179792726.0,19330619.0,191359534.0,11436488.0,336.0,1100589.0,734.0,47536150.0,706.0,30147420.0,582.0,15225573.0,21.0,349808.0,163.0,1810017.0,32.0,370907.0,78.0,313210.0,830.0,2024276.0,3354.0,-10183098.0,1907.0,220.0,1846732.0,220.0,177490.0,274.0,4327967.0
22.0,"$42,500 to $43,400",TAS,Female,1773.0,76120267.0,8248312.0,79951107.0,3829601.0,160.0,508038.0,108.0,3502827.0,102.0,1645664.0,292.0,6165094.0,18.0,263030.0,9.0,83272.0,18.0,288603.0,34.0,121365.0,244.0,406092.0,1527.0,-3647005.0,877.0,80.0,740708.0,80.0,59741.0,97.0,2014654.0
22.0,"$42,500 to $43,400",TAS,Male,1241.0,53309219.0,5655928.0,56416494.0,3095199.0,86.0,344146.0,203.0,17111646.0,194.0,12855164.0,140.0,3333602.0,12.0,284336.0,52.0,590416.0,1.0,1723.0,24.0,98903.0,209.0,470454.0,1032.0,-2916911.0,459.0,49.0,303494.0,49.0,28904.0,63.0,921076.0
22.0,"$42,500 to $43,400",VIC,Female,19165.0,823140396.0,92302574.0,867771654.0,44392731.0,2015.0,1982327.0,1781.0,118950320.0,1671.0,84688257.0,4486.0,123731517.0,117.0,1107448.0,65.0,627526.0,294.0,2204262.0,503.0,2085061.0,3210.0,6612329.0,15945.0,-42403718.0,8608.0,983.0,6475628.0,983.0,637482.0,1206.0,20317899.0
22.0,"$42,500 to $43,400",VIC,Male,13787.0,592138644.0,65548126.0,631665713.0,39140871.0,1304.0,1617533.0,2756.0,202924965.0,2643.0,132284515.0,2402.0,76048037.0,52.0,753821.0,430.0,4276600.0,147.0,1319189.0,323.0,1355179.0,2862.0,7842642.0,10920.0,-35885468.0,4872.0,737.0,6123030.0,737.0,617152.0,981.0,16752794.0
22.0,"$42,500 to $43,400",WA,Female,7777.0,334009237.0,37108960.0,350033823.0,15804480.0,737.0,2125163.0,654.0,26868638.0,614.0,14127404.0,1440.0,33680087.0,50.0,803139.0,21.0,207116.0,64.0,383933.0,157.0,676578.0,1373.0,2680871.0,6401.0,-16936426.0,5129.0,421.0,2963806.0,421.0,311134.0,511.0,7513150.0
22.0,"$42,500 to $43,400",WA,Male,5144.0,220946161.0,24173932.0,234917193.0,13668448.0,399.0,1828719.0,917.0,50799770.0,875.0,29218477.0,727.0,20471717.0,26.0,387786.0,129.0,1183470.0,36.0,604804.0,102.0,400780.0,1007.0,2609161.0,4136.0,-14151429.0,2523.0,270.0,2212769.0,270.0,224056.0,363.0,7579806.0
23.0,"$43,401 to $44,274",ACT,Female,1164.0,51029414.0,5099612.0,53455547.0,2421982.0,130.0,-156518.0,72.0,2891921.0,67.0,1653695.0,239.0,6682386.0,2.0,14743.0,6.0,31639.0,5.0,23389.0,28.0,121892.0,220.0,345229.0,944.0,-2569166.0,712.0,69.0,486112.0,69.0,42209.0,92.0,1018041.0
23.0,"$43,401 to $44,274",ACT,Male,837.0,36700384.0,3708876.0,38642085.0,1895232.0,81.0,-103890.0,133.0,6248668.0,127.0,3630054.0,128.0,4263466.0,4.0,74315.0,24.0,229462.0,2.0,39595.0,21.0,93737.0,163.0,354063.0,674.0,-2145976.0,401.0,47.0,271211.0,47.0,27225.0,62.0,571908.0
23.0,"$43,401 to $44,274",NSW,Female,21245.0,931362130.0,107030607.0,982987776.0,50656457.0,2566.0,7804173.0,1909.0,92367760.0,1821.0,51211734.0,4549.0,122735285.0,119.0,1461772.0,58.0,531662.0,201.0,1489116.0,442.0,1790338.0,3918.0,8440644.0,17325.0,-47063018.0,11438.0,1039.0,6392329.0,1039.0,675185.0,1304.0,25362878.0
23.0,"$43,401 to $44,274",NSW,Male,16063.0,704275574.0,80059920.0,750642020.0,45263897.0,1693.0,6279858.0,2768.0,228268068.0,2680.0,154086212.0,2460.0,75744491.0,53.0,774693.0,441.0,4441766.0,66.0,1151840.0,310.0,1274830.0,3260.0,8972499.0,12793.0,-42735502.0,6996.0,825.0,6817434.0,825.0,691332.0,1119.0,19565206.0
23.0,"$43,401 to $44,274",NT,Female,556.0,24376385.0,2514945.0,25441441.0,1035139.0,56.0,-4826.0,46.0,2489340.0,43.0,1792286.0,91.0,1914558.0,7.0,56378.0,1.0,1376.0,5.0,128800.0,8.0,41123.0,75.0,149984.0,481.0,-1467267.0,233.0,11.0,51347.0,11.0,5721.0,14.0,134549.0
23.0,"$43,401 to $44,274",NT,Male,425.0,18631121.0,1936845.0,20104641.0,1318649.0,34.0,140215.0,55.0,2690502.0,52.0,1922748.0,33.0,933272.0,1.0,8070.0,12.0,91812.0,2.0,150048.0,6.0,18155.0,51.0,116071.0,374.0,-1381943.0,154.0,16.0,264592.0,16.0,26920.0,19.0,686594.0
23.0,"$43,401 to $44,274",Overseas or Unknown,Female,162.0,7111891.0,1220729.0,7453814.0,253674.0,42.0,1055593.0,10.0,481739.0,8.0,213586.0,38.0,1117000.0,0.0,0.0,0.0,0.0,1.0,32283.0,6.0,31595.0,45.0,301981.0,116.0,-656905.0,46.0,12.0,402921.0,12.0,84234.0,14.0,497913.0
23.0,"$43,401 to $44,274",Overseas or Unknown,Male,157.0,6887368.0,1284491.0,7321912.0,300441.0,47.0,919911.0,7.0,364564.0,8.0,152202.0,16.0,395627.0,0.0,0.0,0.0,0.0,1.0,13655.0,1.0,1201.0,51.0,409909.0,104.0,-767320.0,37.0,15.0,487876.0,15.0,103345.0,25.0,655403.0
23.0,"$43,401 to $44,274",QLD,Female,15995.0,701219384.0,80281040.0,736999240.0,34994189.0,1286.0,3217494.0,1329.0,62770394.0,1247.0,36651407.0,3745.0,92183476.0,132.0,1729732.0,75.0,634847.0,339.0,3043104.0,416.0,1753575.0,2696.0,5569841.0,13292.0,-32605429.0,7130.0,732.0,5766122.0,732.0,567300.0,906.0,15431578.0
23.0,"$43,401 to $44,274",QLD,Male,11236.0,492665958.0,55628257.0,525835448.0,32135057.0,820.0,3054410.0,1677.0,115846874.0,1600.0,74930208.0,1813.0,51216840.0,55.0,649312.0,422.0,4160192.0,120.0,1244894.0,285.0,1229234.0,2151.0,5845135.0,9080.0,-28970813.0,4074.0,492.0,4519335.0,492.0,466383.0,706.0,16392739.0
23.0,"$43,401 to $44,274",SA,Female,5606.0,245731170.0,27816681.0,258538794.0,11938934.0,479.0,1295452.0,419.0,16441540.0,401.0,8842218.0,1207.0,29020432.0,48.0,569426.0,19.0,188966.0,72.0,608493.0,152.0,662512.0,1023.0,2028269.0,4582.0,-11538770.0,3228.0,257.0,1728058.0,257.0,186230.0,319.0,4820799.0
23.0,"$43,401 to $44,274",SA,Male,4029.0,176667781.0,19597929.0,188329721.0,11366175.0,309.0,621356.0,701.0,39351651.0,676.0,22703329.0,588.0,16511536.0,28.0,555101.0,175.0,1945273.0,22.0,294323.0,82.0,372642.0,799.0,2127525.0,3229.0,-9823369.0,1771.0,189.0,1205377.0,189.0,128504.0,254.0,3152804.0
23.0,"$43,401 to $44,274",TAS,Female,1708.0,74884368.0,8432786.0,78329311.0,3327847.0,137.0,604022.0,141.0,5161864.0,135.0,2893455.0,279.0,5767525.0,20.0,268327.0,10.0,75500.0,12.0,102781.0,33.0,128772.0,285.0,537840.0,1423.0,-3454223.0,870.0,85.0,700582.0,85.0,70087.0,101.0,1529163.0
23.0,"$43,401 to $44,274",TAS,Male,1331.0,58344647.0,6422640.0,62187370.0,3718168.0,102.0,558793.0,199.0,16345330.0,196.0,11501305.0,139.0,3620094.0,9.0,120321.0,65.0,733355.0,2.0,15611.0,21.0,76056.0,222.0,556383.0,1109.0,-3201632.0,528.0,63.0,1216770.0,63.0,86356.0,75.0,2574547.0
23.0,"$43,401 to $44,274",VIC,Female,19004.0,833171101.0,96206377.0,875590082.0,42201197.0,2063.0,1571826.0,1710.0,68637900.0,1622.0,39579112.0,4370.0,120005825.0,123.0,1633068.0,57.0,530411.0,300.0,2250115.0,460.0,1855978.0,3485.0,7572833.0,15513.0,-40959536.0,8768.0,996.0,7373070.0,996.0,765737.0,1239.0,21020449.0
23.0,"$43,401 to $44,274",VIC,Male,13966.0,612298652.0,69663467.0,652568849.0,39614924.0,1288.0,1378471.0,2672.0,258176180.0,2577.0,190510383.0,2381.0,71556484.0,48.0,752171.0,474.0,4781504.0,133.0,1100738.0,316.0,1330645.0,2985.0,8318936.0,10974.0,-37024182.0,5042.0,794.0,6367635.0,794.0,616698.0,1049.0,20011887.0
23.0,"$43,401 to $44,274",WA,Female,7941.0,348165698.0,39864875.0,366415057.0,17798556.0,734.0,1732944.0,672.0,28226295.0,632.0,14622133.0,1443.0,36212529.0,63.0,760455.0,22.0,225193.0,84.0,624762.0,137.0,548225.0,1460.0,3135590.0,6478.0,-17827600.0,5256.0,421.0,3648902.0,421.0,376698.0,525.0,10034404.0
23.0,"$43,401 to $44,274",WA,Male,5165.0,226435408.0,25530674.0,241697039.0,14688341.0,449.0,1557555.0,968.0,58746416.0,922.0,35271314.0,693.0,18782461.0,26.0,379475.0,141.0,1301798.0,30.0,359838.0,119.0,463103.0,1036.0,2867671.0,4125.0,-15008665.0,2557.0,255.0,2302269.0,255.0,201234.0,367.0,6412204.0
24.0,"$44,275 to $45,011",ACT,Female,1039.0,46401260.0,4938592.0,48821959.0,2417624.0,102.0,204052.0,86.0,4909105.0,83.0,3175811.0,199.0,5220116.0,3.0,23033.0,2.0,3835.0,8.0,80256.0,22.0,93805.0,213.0,442212.0,824.0,-2577356.0,624.0,62.0,371807.0,62.0,35766.0,83.0,1176289.0
24.0,"$44,275 to $45,011",ACT,Male,822.0,36710596.0,3769935.0,39394115.0,2683519.0,81.0,78544.0,118.0,6834876.0,112.0,4158123.0,128.0,3109206.0,3.0,66643.0,21.0,186019.0,2.0,11575.0,11.0,48093.0,149.0,371119.0,673.0,-2448699.0,427.0,53.0,365801.0,53.0,27548.0,74.0,1323278.0
24.0,"$44,275 to $45,011",NSW,Female,20567.0,918659548.0,108341163.0,970967657.0,51198735.0,2436.0,7471745.0,1880.0,87993065.0,1754.0,48168029.0,4284.0,112930184.0,125.0,1267030.0,63.0,524816.0,190.0,1546885.0,395.0,1495901.0,4298.0,10814075.0,16245.0,-46256853.0,11444.0,1063.0,8072169.0,1063.0,852375.0,1306.0,24932377.0
24.0,"$44,275 to $45,011",NSW,Male,16336.0,729822158.0,85405077.0,780844591.0,48579758.0,1862.0,6688977.0,2665.0,225660668.0,2498.0,153263631.0,2372.0,71493102.0,68.0,1169751.0,405.0,3918577.0,57.0,1029744.0,249.0,1091698.0,3883.0,12039018.0,12412.0,-43233514.0,7642.0,806.0,6817314.0,806.0,706699.0,1090.0,25177506.0
24.0,"$44,275 to $45,011",NT,Female,512.0,22858406.0,2483573.0,23923788.0,1065382.0,54.0,39060.0,43.0,1451150.0,38.0,644900.0,88.0,2051258.0,7.0,109154.0,3.0,20456.0,4.0,33144.0,8.0,31369.0,56.0,114236.0,456.0,-1353252.0,220.0,13.0,97048.0,13.0,6973.0,17.0,220947.0
24.0,"$44,275 to $45,011",NT,Male,393.0,17550444.0,1860083.0,18461639.0,899048.0,33.0,160107.0,55.0,3615900.0,51.0,2419383.0,31.0,860851.0,3.0,33946.0,9.0,64199.0,1.0,3473.0,4.0,21628.0,71.0,201280.0,322.0,-1158847.0,122.0,7.0,101163.0,7.0,6053.0,8.0,257369.0
24.0,"$44,275 to $45,011",Overseas or Unknown,Female,125.0,5581561.0,899285.0,5935470.0,353896.0,21.0,591874.0,11.0,256078.0,10.0,77652.0,27.0,1118190.0,0.0,0.0,0.0,0.0,0.0,0.0,3.0,6057.0,27.0,164277.0,97.0,-393625.0,41.0,10.0,83135.0,10.0,24817.0,12.0,121509.0
24.0,"$44,275 to $45,011",Overseas or Unknown,Male,139.0,6209301.0,1151782.0,6658157.0,349142.0,30.0,662395.0,13.0,534650.0,5.0,18707.0,18.0,840554.0,0.0,0.0,0.0,0.0,0.0,0.0,0.0,0.0,41.0,265376.0,96.0,-427178.0,33.0,11.0,250390.0,11.0,45495.0,13.0,271519.0
24.0,"$44,275 to $45,011",QLD,Female,15566.0,695299035.0,81713109.0,733242929.0,37401562.0,1332.0,2989284.0,1397.0,62764676.0,1295.0,34907401.0,3587.0,88365618.0,128.0,1337649.0,78.0,629869.0,294.0,2780873.0,371.0,1475332.0,3146.0,7814659.0,12401.0,-32939639.0,7316.0,688.0,6594717.0,688.0,644054.0,879.0,23743931.0
24.0,"$44,275 to $45,011",QLD,Male,11601.0,518333887.0,60248868.0,554764552.0,35845628.0,949.0,3319626.0,1652.0,114954560.0,1539.0,74388310.0,1705.0,48803604.0,51.0,729977.0,421.0,4286827.0,108.0,2309669.0,248.0,973198.0,2582.0,8110392.0,9008.0,-30838037.0,4582.0,584.0,6234175.0,584.0,655658.0,799.0,22966095.0
24.0,"$44,275 to $45,011",SA,Female,5459.0,243911347.0,28378299.0,257264243.0,13316836.0,583.0,1263746.0,435.0,19565733.0,394.0,10673950.0,1132.0,26470693.0,53.0,906309.0,19.0,214666.0,51.0,389238.0,101.0,413660.0,1155.0,2861377.0,4304.0,-12093510.0,3345.0,280.0,2497904.0,280.0,272312.0,344.0,6657685.0
24.0,"$44,275 to $45,011",SA,Male,4298.0,192032773.0,21989149.0,205876566.0,13736477.0,418.0,1148696.0,714.0,43556467.0,670.0,25319821.0,620.0,17774084.0,21.0,345953.0,137.0,1494475.0,24.0,271529.0,93.0,410054.0,1032.0,2989427.0,3263.0,-11173974.0,2137.0,231.0,2264316.0,231.0,249394.0,296.0,6738039.0
24.0,"$44,275 to $45,011",TAS,Female,1670.0,74584601.0,8603953.0,78975310.0,4381755.0,142.0,570263.0,145.0,6358418.0,131.0,3981422.0,299.0,7010285.0,13.0,179965.0,10.0,95072.0,11.0,94197.0,34.0,143255.0,322.0,674990.0,1345.0,-3636153.0,836.0,84.0,1118682.0,84.0,103228.0,93.0,2193975.0
24.0,"$44,275 to $45,011",TAS,Male,1288.0,57527526.0,6512480.0,61458038.0,3871031.0,103.0,498325.0,194.0,13052957.0,190.0,8779051.0,143.0,2981168.0,11.0,261248.0,52.0,563405.0,8.0,70907.0,25.0,112354.0,240.0,656824.0,1048.0,-3100417.0,523.0,52.0,699692.0,52.0,79979.0,73.0,2776721.0
24.0,"$44,275 to $45,011",VIC,Female,18825.0,840985154.0,99626863.0,890559306.0,49094936.0,2126.0,1335656.0,1807.0,74038822.0,1662.0,38443403.0,4292.0,112032063.0,115.0,1444806.0,59.0,553468.0,261.0,1844258.0,434.0,1935097.0,4242.0,11028703.0,14565.0,-41464927.0,9129.0,1018.0,8183411.0,1018.0,781360.0,1263.0,21510263.0
24.0,"$44,275 to $45,011",VIC,Male,14838.0,663024991.0,77661748.0,708447414.0,44496443.0,1480.0,890628.0,2737.0,183344134.0,2570.0,109783718.0,2339.0,69306695.0,59.0,945539.0,393.0,4000015.0,155.0,1352618.0,263.0,1016966.0,4124.0,13697609.0,10690.0,-38020865.0,5926.0,787.0,6864037.0,787.0,751596.0,1055.0,25054920.0
24.0,"$44,275 to $45,011",WA,Female,7672.0,342708689.0,40377953.0,361989299.0,18792140.0,731.0,1244225.0,624.0,23031435.0,585.0,11383110.0,1464.0,34802646.0,55.0,825643.0,20.0,157361.0,73.0,484552.0,167.0,676734.0,1581.0,3789589.0,6086.0,-18121872.0,5199.0,416.0,3872199.0,416.0,394121.0,516.0,8925889.0
24.0,"$44,275 to $45,011",WA,Male,5303.0,236935444.0,27523141.0,254328680.0,17122758.0,466.0,1899761.0,888.0,54960881.0,809.0,32804715.0,745.0,20781901.0,32.0,436089.0,114.0,994098.0,37.0,468325.0,103.0,404521.0,1341.0,4192301.0,3955.0,-15390341.0,2941.0,294.0,2845347.0,294.0,283472.0,397.0,7258583.0
25.0,"$45,012 to $45,833",ACT,Female,1100.0,49953333.0,5381105.0,52629468.0,2666940.0,100.0,88647.0,65.0,3384464.0,65.0,1952536.0,206.0,5885146.0,5.0,79333.0,6.0,72684.0,4.0,29129.0,33.0,136064.0,204.0,352280.0,896.0,-2638384.0,653.0,78.0,437401.0,78.0,40105.0,103.0,1041905.0
25.0,"$45,012 to $45,833",ACT,Male,825.0,37475393.0,4090055.0,39835331.0,2335537.0,74.0,-170714.0,113.0,5457505.0,108.0,3251465.0,137.0,4018870.0,1.0,9551.0,24.0,219318.0,9.0,270292.0,17.0,57713.0,140.0,357236.0,685.0,-2159478.0,400.0,47.0,136118.0,47.0,15736.0,66.0,301871.0
25.0,"$45,012 to $45,833",NSW,Female,20885.0,948501138.0,115204415.0,1003316024.0,54417006.0,2610.0,7731237.0,1800.0,92310423.0,1695.0,55479222.0,4303.0,113711613.0,132.0,1479684.0,59.0,500344.0,207.0,1457770.0,423.0,1656566.0,4078.0,9447241.0,16796.0,-46821628.0,11383.0,1035.0,8456788.0,1035.0,884026.0,1294.0,25820955.0
25.0,"$45,012 to $45,833",NSW,Male,16086.0,730524543.0,87592055.0,780614638.0,48890596.0,1833.0,6477559.0,2743.0,246921566.0,2607.0,170138885.0,2432.0,74462324.0,68.0,1144846.0,420.0,4104046.0,66.0,717594.0,298.0,1244674.0,3438.0,10032842.0,12640.0,-41784353.0,7101.0,827.0,6303459.0,827.0,632905.0,1126.0,20593769.0
25.0,"$45,012 to $45,833",NT,Female,570.0,25887337.0,2890955.0,27125683.0,1238346.0,61.0,-19262.0,26.0,1790028.0,27.0,1239090.0,88.0,2014830.0,2.0,31048.0,3.0,26301.0,5.0,37755.0,6.0,36789.0,83.0,153356.0,487.0,-1405719.0,233.0,13.0,270396.0,13.0,26113.0,20.0,657903.0
25.0,"$45,012 to $45,833",NT,Male,439.0,19934365.0,2200681.0,21205696.0,1210859.0,26.0,87376.0,53.0,2897994.0,52.0,1519722.0,39.0,1271268.0,6.0,61523.0,10.0,73390.0,1.0,4745.0,5.0,15622.0,67.0,166532.0,372.0,-1281871.0,150.0,3.0,29015.0,3.0,3425.0,7.0,190961.0
25.0,"$45,012 to $45,833",Overseas or Unknown,Female,127.0,5767049.0,1011249.0,6242775.0,196163.0,38.0,883010.0,2.0,66931.0,2.0,20093.0,25.0,995105.0,0.0,0.0,0.0,0.0,2.0,8494.0,4.0,8502.0,35.0,259790.0,92.0,-459458.0,43.0,12.0,409541.0,12.0,68946.0,14.0,565659.0
25.0,"$45,012 to $45,833",Overseas or Unknown,Male,165.0,7493429.0,1437411.0,7974627.0,305587.0,38.0,874247.0,13.0,601403.0,8.0,80921.0,13.0,510240.0,0.0,0.0,2.0,14864.0,0.0,0.0,2.0,6016.0,51.0,352081.0,110.0,-570587.0,26.0,14.0,605472.0,14.0,127720.0,17.0,760991.0
25.0,"$45,012 to $45,833",QLD,Female,15761.0,715783948.0,86415653.0,753453248.0,36811229.0,1318.0,4152230.0,1301.0,58035009.0,1208.0,32032011.0,3707.0,93369880.0,129.0,1335062.0,85.0,768075.0,343.0,2994923.0,418.0,1703807.0,2822.0,6600820.0,12932.0,-32623100.0,7221.0,714.0,5399327.0,714.0,571897.0,886.0,16455060.0
25.0,"$45,012 to $45,833",QLD,Male,11537.0,523896756.0,62418537.0,559197866.0,34637030.0,861.0,3194070.0,1625.0,118838429.0,1553.0,77642002.0,1822.0,53723877.0,56.0,903664.0,453.0,4616398.0,109.0,1900020.0,266.0,1178039.0,2207.0,6508141.0,9326.0,-29864554.0,4175.0,581.0,5314355.0,581.0,575129.0,778.0,15567850.0
25.0,"$45,012 to $45,833",SA,Female,5513.0,250347733.0,29996206.0,262883211.0,12502976.0,502.0,1222936.0,435.0,15537325.0,401.0,7537092.0,1112.0,26558670.0,49.0,595059.0,25.0,263494.0,60.0,339193.0,132.0,605223.0,1101.0,2360399.0,4412.0,-11327287.0,3220.0,319.0,2413530.0,319.0,258084.0,371.0,5958659.0
25.0,"$45,012 to $45,833",SA,Male,4361.0,198037995.0,23211886.0,211419921.0,13280069.0,393.0,1149277.0,711.0,52959195.0,691.0,36112040.0,634.0,17619543.0,21.0,303001.0,146.0,1684913.0,22.0,243438.0,96.0,450709.0,878.0,2374454.0,3483.0,-11162440.0,2038.0,221.0,1954830.0,221.0,216547.0,297.0,4232004.0
25.0,"$45,012 to $45,833",TAS,Female,1618.0,73479192.0,8767097.0,77088891.0,3567045.0,128.0,717445.0,107.0,4918783.0,99.0,3060625.0,275.0,5712464.0,13.0,202348.0,8.0,73064.0,7.0,39865.0,35.0,142281.0,264.0,475026.0,1354.0,-3284199.0,809.0,59.0,688190.0,59.0,80881.0,81.0,2229592.0
25.0,"$45,012 to $45,833",TAS,Male,1326.0,60223356.0,7035365.0,63958107.0,3681627.0,102.0,547744.0,193.0,14625076.0,192.0,9761908.0,134.0,2959396.0,8.0,117408.0,59.0,616787.0,3.0,16722.0,18.0,68127.0,229.0,577964.0,1097.0,-3273934.0,556.0,62.0,721189.0,62.0,83034.0,82.0,1902077.0
25.0,"$45,012 to $45,833",VIC,Female,18773.0,852585040.0,103847399.0,898277498.0,45467528.0,2109.0,939850.0,1744.0,69936487.0,1632.0,36819014.0,4285.0,114575568.0,103.0,1404664.0,51.0,505433.0,253.0,1773742.0,442.0,1855452.0,3670.0,9018223.0,15100.0,-41404916.0,8823.0,974.0,7953237.0,974.0,843702.0,1210.0,21180217.0
25.0,"$45,012 to $45,833",VIC,Male,14220.0,645737690.0,77382289.0,688700954.0,41869584.0,1336.0,991289.0,2817.0,292978710.0,2693.0,217997623.0,2367.0,71464952.0,62.0,1035150.0,415.0,4242348.0,159.0,1371870.0,318.0,1296871.0,3385.0,10660649.0,10833.0,-36854292.0,5340.0,747.0,5760569.0,747.0,626815.0,997.0,18572277.0
25.0,"$45,012 to $45,833",WA,Female,7797.0,354083063.0,42914958.0,382001591.0,27801683.0,706.0,1809793.0,623.0,26128898.0,589.0,13655956.0,1395.0,33354086.0,44.0,408490.0,30.0,202172.0,86.0,530099.0,125.0,453684.0,1426.0,3304342.0,6367.0,-19218610.0,5281.0,367.0,3217241.0,367.0,312498.0,483.0,8407521.0
25.0,"$45,012 to $45,833",WA,Male,5254.0,238600738.0,28433096.0,255319922.0,16343059.0,436.0,905742.0,898.0,60762902.0,841.0,37505206.0,687.0,18527387.0,28.0,389820.0,142.0,1298529.0,25.0,285281.0,97.0,415349.0,1120.0,3294392.0,4130.0,-15456305.0,2741.0,285.0,2120257.0,285.0,243468.0,391.0,6544381.0
26.0,"$45,834 to $46,702",ACT,Female,1124.0,51992804.0,5701308.0,54604644.0,2571137.0,121.0,64610.0,54.0,1446278.0,55.0,581356.0,216.0,6165154.0,1.0,26863.0,5.0,47843.0,11.0,71794.0,23.0,113450.0,204.0,333966.0,919.0,-2634438.0,681.0,67.0,301678.0,67.0,33804.0,82.0,690454.0
26.0,"$45,834 to $46,702",ACT,Male,890.0,41182105.0,4435090.0,44088921.0,2906816.0,90.0,-30004.0,120.0,6859562.0,115.0,4309773.0,149.0,4213029.0,2.0,109860.0,28.0,272531.0,0.0,0.0,19.0,99115.0,191.0,427356.0,699.0,-2310739.0,452.0,72.0,194495.0,72.0,18562.0,86.0,666114.0
26.0,"$45,834 to $46,702",NSW,Female,21250.0,983223572.0,123849805.0,1036248722.0,52748964.0,2604.0,10326935.0,1749.0,83964157.0,1665.0,45485127.0,4323.0,113379142.0,126.0,1444140.0,57.0,444759.0,200.0,1553214.0,415.0,1684304.0,3965.0,9026327.0,17274.0,-45167309.0,11325.0,1020.0,6802481.0,1020.0,768480.0,1284.0,17927365.0
26.0,"$45,834 to $46,702",NSW,Male,16263.0,752428208.0,93122835.0,799018852.0,45412214.0,1711.0,6572601.0,2663.0,226131360.0,2556.0,153225568.0,2384.0,76506590.0,64.0,985747.0,454.0,4315673.0,75.0,1189236.0,294.0,1258315.0,3228.0,9247962.0,13033.0,-41490422.0,6938.0,814.0,6475987.0,814.0,690402.0,1093.0,18969336.0
26.0,"$45,834 to $46,702",NT,Female,540.0,24989131.0,2892273.0,26115807.0,1119581.0,66.0,19415.0,43.0,3537939.0,39.0,2743535.0,81.0,1659754.0,2.0,3381.0,2.0,15507.0,5.0,31127.0,7.0,26522.0,86.0,169266.0,454.0,-1410915.0,238.0,15.0,89872.0,15.0,11659.0,18.0,245405.0
26.0,"$45,834 to $46,702",NT,Male,463.0,21418054.0,2517572.0,22926911.0,1508857.0,30.0,50302.0,44.0,2851141.0,42.0,1871931.0,43.0,1093207.0,4.0,47889.0,6.0,36916.0,3.0,236306.0,5.0,21330.0,48.0,114052.0,415.0,-1530093.0,138.0,10.0,102600.0,10.0,9256.0,18.0,156114.0
26.0,"$45,834 to $46,702",Overseas or Unknown,Female,148.0,6851936.0,1202419.0,7247425.0,317235.0,38.0,548395.0,5.0,313537.0,3.0,23111.0,17.0,659437.0,0.0,0.0,0.0,0.0,1.0,6887.0,3.0,10885.0,41.0,280646.0,106.0,-571403.0,50.0,20.0,490381.0,20.0,137643.0,22.0,705408.0
26.0,"$45,834 to $46,702",Overseas or Unknown,Male,179.0,8283242.0,1602364.0,8639011.0,277934.0,45.0,959028.0,12.0,5124996.0,9.0,5302103.0,14.0,497723.0,0.0,0.0,0.0,0.0,0.0,0.0,1.0,2344.0,60.0,426703.0,117.0,-582748.0,38.0,17.0,433234.0,17.0,85390.0,21.0,875322.0
26.0,"$45,834 to $46,702",QLD,Female,15939.0,737487941.0,92673992.0,773061307.0,35239402.0,1313.0,3213196.0,1234.0,55251456.0,1184.0,30033826.0,3667.0,89220008.0,147.0,1656840.0,83.0,798864.0,367.0,3463266.0,412.0,1687386.0,2800.0,6042165.0,13136.0,-31830758.0,6994.0,648.0,5215467.0,648.0,584702.0,807.0,13593534.0
26.0,"$45,834 to $46,702",QLD,Male,11308.0,523133854.0,64669633.0,557542270.0,33886244.0,831.0,3381116.0,1533.0,100961520.0,1448.0,61821852.0,1766.0,51542847.0,60.0,818444.0,467.0,4805307.0,101.0,2173476.0,262.0,1058440.0,1979.0,5618042.0,9326.0,-28891541.0,3925.0,513.0,3889144.0,513.0,458143.0,691.0,10617153.0
26.0,"$45,834 to $46,702",SA,Female,5539.0,256259610.0,31861149.0,267827724.0,11520562.0,542.0,1381474.0,410.0,16336276.0,397.0,8971270.0,1160.0,28095211.0,35.0,481586.0,28.0,331779.0,74.0,430001.0,156.0,669906.0,960.0,1926225.0,4579.0,-10807906.0,3226.0,259.0,1454069.0,259.0,176628.0,311.0,3984879.0
26.0,"$45,834 to $46,702",SA,Male,4294.0,198669027.0,24101364.0,211216950.0,12158552.0,353.0,766683.0,650.0,42315350.0,623.0,26579266.0,627.0,16630233.0,28.0,451874.0,143.0,1593382.0,26.0,488192.0,85.0,356006.0,809.0,2078223.0,3483.0,-10406553.0,1925.0,213.0,2067013.0,213.0,213557.0,274.0,5137592.0
26.0,"$45,834 to $46,702",TAS,Female,1678.0,77655670.0,9679422.0,81152834.0,3497164.0,136.0,696724.0,123.0,8511162.0,121.0,6161413.0,296.0,5906923.0,13.0,148478.0,9.0,70680.0,14.0,99660.0,29.0,116253.0,291.0,578075.0,1387.0,-3075102.0,826.0,77.0,807952.0,77.0,86553.0,90.0,1700023.0
26.0,"$45,834 to $46,702",TAS,Male,1400.0,64774790.0,7821289.0,68979209.0,4098861.0,97.0,819003.0,189.0,19421512.0,183.0,14887740.0,134.0,3024839.0,11.0,230528.0,54.0,574939.0,4.0,14744.0,13.0,43730.0,255.0,620982.0,1145.0,-3188158.0,529.0,65.0,634707.0,65.0,71367.0,83.0,3437812.0
26.0,"$45,834 to $46,702",VIC,Female,18574.0,859353416.0,108667100.0,904308885.0,44459008.0,2013.0,885434.0,1617.0,71814207.0,1515.0,39428456.0,4235.0,113596843.0,111.0,1406304.0,52.0,504327.0,265.0,1911750.0,454.0,1898240.0,3406.0,7736924.0,15164.0,-40051193.0,8534.0,939.0,5699961.0,939.0,661175.0,1162.0,14727510.0
26.0,"$45,834 to $46,702",VIC,Male,13987.0,647137090.0,80521901.0,689709683.0,41393277.0,1271.0,594840.0,2624.0,214084652.0,2514.0,146345745.0,2460.0,74021425.0,67.0,1020959.0,453.0,4403950.0,160.0,1412428.0,297.0,1197066.0,2910.0,8856418.0,11073.0,-35735415.0,5037.0,731.0,5631606.0,731.0,604116.0,953.0,14360938.0
26.0,"$45,834 to $46,702",WA,Female,7729.0,357621853.0,44974808.0,375249321.0,17445417.0,663.0,1286961.0,613.0,26507005.0,569.0,14583645.0,1413.0,32980339.0,54.0,642220.0,21.0,159897.0,74.0,534046.0,144.0,610122.0,1397.0,3005924.0,6330.0,-17184608.0,5119.0,344.0,3166998.0,344.0,368631.0,470.0,7338533.0
26.0,"$45,834 to $46,702",WA,Male,5168.0,239116543.0,29495968.0,254613532.0,14886893.0,408.0,1484871.0,860.0,68702143.0,812.0,47929798.0,748.0,21727751.0,23.0,445795.0,116.0,1117409.0,28.0,560233.0,103.0,421167.0,1073.0,3129800.0,4093.0,-14546222.0,2675.0,292.0,2781854.0,292.0,323193.0,404.0,7930658.0
27.0,"$46,703 to $47,578",ACT,Female,1109.0,52285320.0,6108286.0,54586327.0,2301007.0,122.0,-192886.0,77.0,2839706.0,74.0,1266032.0,217.0,4898003.0,2.0,54377.0,2.0,23215.0,19.0,159206.0,20.0,85722.0,232.0,425057.0,877.0,-2341267.0,666.0,73.0,545636.0,73.0,55605.0,90.0,1333506.0
27.0,"$46,703 to $47,578",ACT,Male,854.0,40234195.0,4558663.0,42807990.0,2573795.0,85.0,-109658.0,124.0,5863959.0,122.0,3047746.0,133.0,3405777.0,1.0,17723.0,25.0,291929.0,4.0,83893.0,16.0,74137.0,163.0,385508.0,690.0,-2105359.0,410.0,48.0,327332.0,48.0,37384.0,71.0,758833.0
27.0,"$46,703 to $47,578",NSW,Female,21433.0,1010346096.0,131888637.0,1063230282.0,51795572.0,2588.0,8741184.0,1754.0,85456814.0,1668.0,48049556.0,4343.0,115375247.0,135.0,1961279.0,65.0,495227.0,203.0,1559804.0,437.0,1766320.0,4030.0,9542951.0,17399.0,-45092072.0,11442.0,1051.0,8490690.0,1051.0,1006496.0,1300.0,22354492.0
27.0,"$46,703 to $47,578",NSW,Male,16107.0,759299018.0,97602779.0,810250139.0,48930681.0,1754.0,5890185.0,2631.0,211940646.0,2534.0,138857778.0,2336.0,74529215.0,66.0,1106555.0,479.0,4755071.0,65.0,1418174.0,285.0,1200996.0,3246.0,9636201.0,12854.0,-40089099.0,6802.0,825.0,6553693.0,825.0,752998.0,1112.0,21360458.0
27.0,"$46,703 to $47,578",NT,Female,567.0,26730787.0,3259547.0,27946537.0,1179267.0,58.0,107256.0,32.0,1528688.0,32.0,996955.0,110.0,2532436.0,7.0,89748.0,3.0,22554.0,5.0,71456.0,9.0,47120.0,70.0,147190.0,497.0,-1473556.0,256.0,13.0,63258.0,13.0,7878.0,13.0,124317.0
27.0,"$46,703 to $47,578",NT,Male,460.0,21677973.0,2574312.0,22843504.0,1161684.0,25.0,-7139.0,59.0,2954287.0,61.0,1826300.0,38.0,838496.0,7.0,124944.0,14.0,85754.0,1.0,166831.0,5.0,16861.0,52.0,139702.0,408.0,-1438272.0,151.0,7.0,5421.0,7.0,590.0,11.0,15134.0
27.0,"$46,703 to $47,578",Overseas or Unknown,Female,143.0,6743994.0,1209638.0,7108646.0,292466.0,33.0,638667.0,5.0,391548.0,2.0,12368.0,19.0,538375.0,0.0,0.0,0.0,0.0,0.0,0.0,5.0,20609.0,40.0,284775.0,101.0,-532376.0,31.0,14.0,411441.0,14.0,92498.0,15.0,479102.0
27.0,"$46,703 to $47,578",Overseas or Unknown,Male,160.0,7546526.0,1472980.0,7888843.0,231448.0,47.0,1080465.0,6.0,206411.0,6.0,106799.0,14.0,516995.0,0.0,0.0,1.0,11994.0,1.0,6870.0,3.0,6060.0,57.0,331538.0,103.0,-645586.0,45.0,12.0,397184.0,12.0,108440.0,20.0,486838.0
27.0,"$46,703 to $47,578",QLD,Female,16050.0,756609854.0,98530529.0,793558808.0,36397778.0,1292.0,3084416.0,1239.0,52347570.0,1173.0,28311130.0,3825.0,93403338.0,166.0,2092952.0,85.0,730160.0,315.0,2826141.0,388.0,1642070.0,2733.0,6081762.0,13315.0,-30957872.0,7093.0,696.0,5838058.0,696.0,664659.0,898.0,15133401.0
27.0,"$46,703 to $47,578",QLD,Male,11333.0,534250093.0,68353204.0,568717743.0,33731251.0,792.0,3133307.0,1620.0,110188192.0,1551.0,70376009.0,1761.0,49612350.0,55.0,948573.0,439.0,4337947.0,104.0,2032576.0,254.0,1011373.0,2006.0,5872461.0,9325.0,-28448310.0,3878.0,486.0,3939866.0,486.0,479105.0,657.0,16250102.0
27.0,"$46,703 to $47,578",SA,Female,5345.0,251971103.0,32605575.0,264300141.0,12318652.0,511.0,1451079.0,385.0,13879622.0,362.0,7156403.0,1185.0,27948018.0,47.0,535577.0,8.0,74154.0,81.0,543038.0,131.0,536208.0,975.0,2089701.0,4370.0,-10344827.0,3186.0,261.0,2477136.0,261.0,283722.0,309.0,7159789.0
27.0,"$46,703 to $47,578",SA,Male,4435.0,209052480.0,26148345.0,221202676.0,12056407.0,360.0,774533.0,687.0,45501870.0,660.0,29513260.0,637.0,17444336.0,18.0,237609.0,156.0,1686674.0,31.0,514355.0,96.0,413018.0,866.0,2249491.0,3569.0,-10451019.0,2026.0,219.0,2629721.0,219.0,282056.0,303.0,6622876.0
27.0,"$46,703 to $47,578",TAS,Female,1645.0,77540548.0,9916824.0,81125124.0,3186157.0,115.0,253112.0,126.0,4919955.0,125.0,2428592.0,264.0,5213936.0,19.0,180150.0,7.0,54058.0,14.0,130082.0,24.0,101534.0,289.0,599852.0,1355.0,-2988068.0,796.0,68.0,506008.0,68.0,53050.0,87.0,1231087.0
27.0,"$46,703 to $47,578",TAS,Male,1387.0,65389770.0,8184747.0,69298994.0,3794645.0,105.0,277333.0,181.0,10526597.0,179.0,6543055.0,143.0,3560203.0,13.0,264517.0,64.0,680798.0,3.0,55803.0,24.0,105031.0,216.0,559139.0,1170.0,-3049414.0,533.0,47.0,328653.0,47.0,42684.0,73.0,678542.0
27.0,"$46,703 to $47,578",VIC,Female,18650.0,879128518.0,115198186.0,922959931.0,43032952.0,2016.0,1448909.0,1644.0,72611902.0,1545.0,39838704.0,4345.0,119027885.0,111.0,1401745.0,74.0,615284.0,256.0,1883166.0,453.0,1898679.0,3402.0,7920300.0,15242.0,-38932554.0,8564.0,930.0,6198470.0,930.0,746614.0,1140.0,17267203.0
27.0,"$46,703 to $47,578",VIC,Male,13848.0,652776603.0,84012475.0,693098230.0,39666030.0,1274.0,797255.0,2578.0,180609389.0,2476.0,113817424.0,2381.0,72679702.0,69.0,974011.0,465.0,4595651.0,154.0,1371835.0,310.0,1267643.0,2837.0,8699700.0,11003.0,-34679303.0,4849.0,675.0,5509088.0,675.0,610323.0,914.0,17963680.0
27.0,"$46,703 to $47,578",WA,Female,7784.0,366964313.0,47869499.0,384073279.0,16809860.0,716.0,1003693.0,585.0,22314732.0,567.0,11330612.0,1453.0,34112578.0,56.0,725938.0,29.0,263628.0,95.0,579467.0,137.0,508617.0,1406.0,3098664.0,6374.0,-16765932.0,5226.0,360.0,3179551.0,360.0,386910.0,464.0,8391578.0
27.0,"$46,703 to $47,578",WA,Male,5194.0,244856974.0,31295667.0,260060182.0,14777061.0,400.0,1263841.0,844.0,53884187.0,808.0,30659613.0,720.0,20839310.0,26.0,347794.0,101.0,955110.0,33.0,405789.0,106.0,399867.0,1082.0,3238911.0,4112.0,-13602979.0,2577.0,256.0,2485932.0,256.0,282543.0,344.0,11417769.0
28.0,"$47,579 to $48,441",ACT,Female,1116.0,53578955.0,6393983.0,56258407.0,2672914.0,123.0,121294.0,64.0,2180644.0,62.0,947680.0,204.0,5743227.0,6.0,60461.0,3.0,38249.0,6.0,63679.0,25.0,100127.0,237.0,508030.0,879.0,-2419606.0,698.0,60.0,291800.0,60.0,35094.0,74.0,706896.0
28.0,"$47,579 to $48,441",ACT,Male,916.0,43970019.0,5142345.0,46498969.0,2507314.0,85.0,56984.0,146.0,6886611.0,139.0,3456760.0,151.0,4164034.0,2.0,50469.0,20.0,201904.0,4.0,147962.0,15.0,56691.0,182.0,478791.0,734.0,-2239442.0,443.0,49.0,111708.0,49.0,14283.0,60.0,239046.0
28.0,"$47,579 to $48,441",NSW,Female,21177.0,1016723840.0,137287813.0,1067195511.0,49715707.0,2488.0,8914241.0,1664.0,94012462.0,1566.0,59321133.0,4598.0,120874959.0,132.0,1570596.0,60.0,507325.0,216.0,1621427.0,437.0,1803870.0,3978.0,9432407.0,17190.0,-42703994.0,11058.0,897.0,5980926.0,897.0,761944.0,1132.0,17227665.0
28.0,"$47,579 to $48,441",NSW,Male,16509.0,792651439.0,105230261.0,841766218.0,47912685.0,1734.0,6972461.0,2460.0,190728742.0,2379.0,123001979.0,2581.0,81181695.0,73.0,1085061.0,471.0,4641175.0,68.0,967399.0,312.0,1240990.0,3337.0,10123694.0,13166.0,-39586477.0,6909.0,847.0,5948597.0,847.0,729474.0,1108.0,20567982.0
28.0,"$47,579 to $48,441",NT,Female,510.0,24485920.0,3074319.0,25577890.0,1088078.0,50.0,23640.0,24.0,944451.0,24.0,556596.0,90.0,2146145.0,4.0,66766.0,3.0,24987.0,4.0,37517.0,5.0,38646.0,78.0,154729.0,432.0,-1222175.0,214.0,12.0,104353.0,12.0,13528.0,15.0,206724.0
28.0,"$47,579 to $48,441",NT,Male,470.0,22560868.0,2795167.0,23841276.0,1280408.0,34.0,127662.0,61.0,3034005.0,59.0,1768611.0,40.0,1023814.0,3.0,33733.0,13.0,94885.0,3.0,139621.0,7.0,22865.0,65.0,204493.0,405.0,-1333808.0,151.0,12.0,199499.0,12.0,14091.0,16.0,400219.0
28.0,"$47,579 to $48,441",Overseas or Unknown,Female,145.0,6954498.0,1266683.0,7297924.0,251180.0,31.0,425603.0,9.0,442278.0,6.0,74566.0,28.0,1122136.0,0.0,0.0,0.0,0.0,1.0,5109.0,4.0,14472.0,41.0,224509.0,102.0,-474600.0,38.0,15.0,453612.0,15.0,100936.0,17.0,523493.0
28.0,"$47,579 to $48,441",Overseas or Unknown,Male,169.0,8104110.0,1611338.0,8477417.0,298661.0,45.0,812592.0,7.0,633030.0,4.0,200272.0,16.0,610360.0,0.0,0.0,1.0,13186.0,0.0,0.0,1.0,1224.0,51.0,457389.0,113.0,-787026.0,37.0,18.0,538341.0,18.0,147801.0,23.0,634325.0
28.0,"$47,579 to $48,441",QLD,Female,15714.0,754469742.0,101624732.0,793122529.0,38315742.0,1285.0,3083113.0,1225.0,53535216.0,1172.0,27041588.0,3827.0,94937946.0,138.0,1620884.0,84.0,754348.0,353.0,3226111.0,404.0,1497753.0,2808.0,6546773.0,12904.0,-29811306.0,6954.0,633.0,5065519.0,633.0,578495.0,797.0,14154829.0
28.0,"$47,579 to $48,441",QLD,Male,11586.0,556235563.0,73587399.0,590882770.0,34062456.0,829.0,2520229.0,1501.0,98379840.0,1439.0,60773229.0,1920.0,54811204.0,78.0,1149408.0,487.0,4869244.0,108.0,1054494.0,274.0,1105469.0,1986.0,5951125.0,9595.0,-28381411.0,3949.0,490.0,4136133.0,490.0,489042.0,681.0,10678667.0
28.0,"$47,579 to $48,441",SA,Female,5353.0,256983076.0,34278041.0,269100799.0,12051706.0,537.0,1599141.0,426.0,16517806.0,407.0,9041280.0,1234.0,31405862.0,43.0,639467.0,21.0,220786.0,71.0,628558.0,136.0,584469.0,1075.0,2423441.0,4278.0,-9973857.0,3245.0,249.0,2321377.0,249.0,294843.0,302.0,6910369.0
28.0,"$47,579 to $48,441",SA,Male,4446.0,213468251.0,27603550.0,225549838.0,11851722.0,328.0,592685.0,648.0,39268380.0,615.0,23936235.0,673.0,18479981.0,34.0,806138.0,196.0,2197753.0,35.0,486446.0,97.0,371079.0,830.0,2345829.0,3613.0,-9539312.0,1939.0,214.0,1929249.0,214.0,237019.0,276.0,5956838.0
28.0,"$47,579 to $48,441",TAS,Female,1651.0,79271631.0,10499262.0,82883333.0,3585751.0,127.0,415928.0,120.0,6177943.0,112.0,3448074.0,279.0,5581119.0,14.0,127373.0,13.0,120917.0,16.0,76111.0,29.0,111676.0,311.0,657852.0,1340.0,-3121240.0,800.0,76.0,924894.0,76.0,120083.0,85.0,2971044.0
28.0,"$47,579 to $48,441",TAS,Male,1473.0,70723626.0,9056256.0,74674830.0,3907752.0,82.0,169348.0,200.0,12951812.0,196.0,8430067.0,164.0,3672345.0,11.0,261125.0,93.0,1003113.0,3.0,33576.0,25.0,124264.0,245.0,595205.0,1227.0,-3068521.0,572.0,72.0,534140.0,72.0,55174.0,83.0,1839476.0
28.0,"$47,579 to $48,441",VIC,Female,18838.0,904425226.0,122602532.0,948558732.0,43749589.0,1997.0,457450.0,1619.0,71095943.0,1556.0,37867662.0,4703.0,127721373.0,99.0,1037348.0,91.0,872426.0,282.0,2003959.0,501.0,2154976.0,3592.0,8475272.0,15243.0,-38383122.0,8570.0,928.0,6317789.0,928.0,770584.0,1152.0,14968265.0
28.0,"$47,579 to $48,441",VIC,Male,13809.0,663019937.0,88072960.0,703675805.0,39760015.0,1211.0,547694.0,2407.0,185090504.0,2320.0,122885352.0,2464.0,76166324.0,51.0,714730.0,452.0,4800376.0,162.0,1408703.0,306.0,1349278.0,2842.0,8756040.0,10958.0,-33020044.0,4855.0,724.0,5034982.0,724.0,633605.0,965.0,17374402.0
28.0,"$47,579 to $48,441",WA,Female,7522.0,361173523.0,48683117.0,377239310.0,15650807.0,708.0,1779158.0,561.0,22823124.0,531.0,11653037.0,1506.0,37420956.0,59.0,874269.0,25.0,234038.0,83.0,484154.0,153.0,612504.0,1422.0,3190816.0,6098.0,-15034262.0,5040.0,356.0,2829364.0,356.0,357108.0,467.0,6475528.0
28.0,"$47,579 to $48,441",WA,Male,5097.0,244718081.0,32207881.0,259082293.0,13802840.0,373.0,1145775.0,880.0,49185451.0,843.0,27203731.0,751.0,20989727.0,20.0,380530.0,142.0,1425981.0,41.0,585706.0,102.0,375398.0,1060.0,3168076.0,4036.0,-13465154.0,2595.0,272.0,2452603.0,272.0,308583.0,358.0,6277790.0
29.0,"$48,442 to $49,330",ACT,Female,1217.0,59497295.0,7502921.0,62492357.0,2994790.0,135.0,-105254.0,57.0,2186993.0,55.0,917146.0,223.0,6252783.0,4.0,57944.0,5.0,39572.0,4.0,21445.0,20.0,110480.0,272.0,499797.0,944.0,-2582077.0,747.0,70.0,470160.0,70.0,56388.0,96.0,1026654.0
29.0,"$48,442 to $49,330",ACT,Male,912.0,44585812.0,5384069.0,47530113.0,2847747.0,77.0,-209071.0,138.0,8527589.0,131.0,5404129.0,126.0,4152515.0,4.0,10699.0,15.0,150504.0,1.0,15630.0,17.0,83095.0,205.0,463958.0,707.0,-2237182.0,463.0,52.0,255892.0,52.0,29823.0,65.0,518147.0
29.0,"$48,442 to $49,330",NSW,Female,21065.0,1029765412.0,143460714.0,1080917503.0,50788172.0,2514.0,6505586.0,1589.0,83867742.0,1505.0,49797590.0,4162.0,108705721.0,109.0,1527426.0,57.0,422740.0,195.0,1260057.0,366.0,1496525.0,4253.0,9665251.0,16800.0,-41545248.0,11226.0,931.0,6526401.0,931.0,806936.0,1191.0,17227799.0
29.0,"$48,442 to $49,330",NSW,Male,16334.0,798516799.0,109194831.0,847455984.0,48293968.0,1646.0,5960479.0,2454.0,184594080.0,2402.0,115816682.0,2284.0,72956257.0,66.0,949769.0,380.0,3849030.0,61.0,830099.0,254.0,979160.0,3389.0,10213530.0,12942.0,-38184256.0,6799.0,742.0,5025463.0,742.0,674837.0,988.0,11755118.0
29.0,"$48,442 to $49,330",NT,Female,574.0,28062085.0,3645254.0,29417150.0,1355065.0,60.0,32066.0,36.0,2104417.0,37.0,1303473.0,93.0,2005797.0,2.0,18936.0,4.0,27584.0,4.0,39697.0,5.0,16962.0,85.0,183736.0,489.0,-1324049.0,255.0,23.0,107086.0,23.0,13950.0,27.0,357305.0
29.0,"$48,442 to $49,330",NT,Male,436.0,21320893.0,2726396.0,22715009.0,1379053.0,32.0,-35874.0,51.0,4524456.0,48.0,3156054.0,40.0,1263305.0,3.0,17626.0,10.0,83454.0,8.0,307231.0,2.0,9520.0,56.0,126171.0,380.0,-1326376.0,155.0,15.0,7300.0,15.0,997.0,20.0,175825.0
29.0,"$48,442 to $49,330",Overseas or Unknown,Female,134.0,6547080.0,1280744.0,6802308.0,205156.0,36.0,808373.0,7.0,663732.0,5.0,32143.0,17.0,575470.0,0.0,0.0,0.0,0.0,0.0,0.0,1.0,2442.0,46.0,304380.0,87.0,-573181.0,38.0,10.0,287005.0,10.0,69489.0,10.0,389362.0
29.0,"$48,442 to $49,330",Overseas or Unknown,Male,170.0,8313483.0,1603854.0,8849687.0,476700.0,45.0,870871.0,15.0,820606.0,12.0,264970.0,14.0,446420.0,1.0,29826.0,1.0,12984.0,0.0,0.0,1.0,2411.0,51.0,407363.0,119.0,-964274.0,35.0,22.0,757579.0,22.0,195159.0,24.0,1129519.0
29.0,"$48,442 to $49,330",QLD,Female,15803.0,772581710.0,107288844.0,810054849.0,37078944.0,1266.0,3376653.0,1239.0,106141658.0,1171.0,81480576.0,3629.0,89101055.0,113.0,1324671.0,90.0,810651.0,356.0,3172080.0,410.0,1686289.0,2973.0,6582541.0,12825.0,-28288161.0,6965.0,625.0,5084536.0,625.0,625503.0,836.0,14810129.0
29.0,"$48,442 to $49,330",QLD,Male,11751.0,574466776.0,78323934.0,610290895.0,35369575.0,820.0,2783796.0,1476.0,114737158.0,1407.0,75567886.0,1695.0,47213689.0,62.0,743319.0,423.0,4271037.0,97.0,1623314.0,221.0,897403.0,2216.0,6356363.0,9533.0,-26806325.0,3912.0,484.0,4420616.0,484.0,502453.0,672.0,21254790.0
29.0,"$48,442 to $49,330",SA,Female,5401.0,264060234.0,36521747.0,276159712.0,11824743.0,541.0,1037508.0,351.0,15322438.0,327.0,8359003.0,1085.0,25504243.0,55.0,603915.0,21.0,253642.0,65.0,395092.0,119.0,474637.0,1058.0,2054734.0,4341.0,-9967156.0,3085.0,222.0,1931068.0,222.0,249593.0,281.0,5139351.0
29.0,"$48,442 to $49,330",SA,Male,4625.0,226103023.0,30037456.0,239304648.0,13154112.0,338.0,722806.0,646.0,38992430.0,630.0,22433451.0,609.0,16450025.0,35.0,650949.0,153.0,1814710.0,27.0,369743.0,90.0,364639.0,933.0,2355774.0,3690.0,-9786522.0,2132.0,226.0,1187591.0,226.0,156014.0,306.0,4682153.0
29.0,"$48,442 to $49,330",TAS,Female,1712.0,83670686.0,11539864.0,87359968.0,3518917.0,128.0,418956.0,96.0,5229615.0,91.0,3342810.0,293.0,5729291.0,15.0,189220.0,11.0,97668.0,19.0,133533.0,29.0,111719.0,320.0,649020.0,1392.0,-3094539.0,827.0,51.0,574789.0,51.0,72722.0,69.0,2593901.0
29.0,"$48,442 to $49,330",TAS,Male,1480.0,72340393.0,9541171.0,76480351.0,4139768.0,103.0,367832.0,183.0,9251088.0,181.0,5705581.0,144.0,3771274.0,4.0,123676.0,71.0,734957.0,4.0,27492.0,16.0,79289.0,251.0,569549.0,1229.0,-3041052.0,557.0,51.0,560427.0,51.0,61933.0,75.0,1306532.0
29.0,"$48,442 to $49,330",VIC,Female,18482.0,903507719.0,126382361.0,949001812.0,45098364.0,2012.0,935509.0,1553.0,64829772.0,1485.0,32917139.0,4037.0,106788876.0,110.0,1140253.0,72.0,678894.0,282.0,1842572.0,446.0,1828310.0,3729.0,8584962.0,14750.0,-35395758.0,8402.0,916.0,7006020.0,916.0,831471.0,1129.0,18732257.0
29.0,"$48,442 to $49,330",VIC,Male,13957.0,682322257.0,93492363.0,724702314.0,41914853.0,1301.0,146665.0,2412.0,164510312.0,2335.0,100971993.0,2161.0,68433198.0,57.0,857434.0,403.0,3930554.0,139.0,1243604.0,258.0,1046239.0,2949.0,8962313.0,11001.0,-32057038.0,4897.0,691.0,6076893.0,691.0,737565.0,907.0,16760041.0
29.0,"$48,442 to $49,330",WA,Female,7337.0,358600749.0,49971420.0,374797871.0,16111104.0,697.0,1168328.0,574.0,24827417.0,544.0,13369968.0,1295.0,31729665.0,47.0,576257.0,17.0,112075.0,98.0,599132.0,137.0,528712.0,1498.0,3295830.0,5836.0,-14095504.0,4873.0,312.0,2730521.0,312.0,358663.0,404.0,6462798.0
29.0,"$48,442 to $49,330",WA,Male,5151.0,251822340.0,34226645.0,266720145.0,14064627.0,428.0,865155.0,840.0,76317890.0,819.0,54762646.0,653.0,19565252.0,26.0,389444.0,114.0,1055299.0,28.0,637156.0,102.0,427925.0,1100.0,3300290.0,4048.0,-12822784.0,2566.0,251.0,2293027.0,251.0,276635.0,347.0,7643316.0
30.0,"$49,331 to $50,201",ACT,Female,1080.0,53736077.0,7099632.0,56393493.0,2656865.0,119.0,-216649.0,72.0,2942903.0,68.0,1375977.0,221.0,6010662.0,2.0,42113.0,3.0,37844.0,11.0,99347.0,14.0,71182.0,218.0,419580.0,862.0,-2229514.0,638.0,52.0,314619.0,52.0,38983.0,66.0,663490.0
30.0,"$49,331 to $50,201",ACT,Male,915.0,45540560.0,5695020.0,48091331.0,2538271.0,82.0,234129.0,123.0,5999009.0,115.0,3518026.0,129.0,4287731.0,6.0,107569.0,16.0,134050.0,3.0,4619.0,18.0,75679.0,208.0,512154.0,706.0,-2151973.0,457.0,55.0,141127.0,55.0,19524.0,77.0,468484.0
30.0,"$49,331 to $50,201",NSW,Female,20830.0,1036718476.0,148855473.0,1089128968.0,51767337.0,2557.0,6877799.0,1586.0,92267081.0,1504.0,56302792.0,4246.0,113722568.0,110.0,1258082.0,55.0,459835.0,175.0,1352097.0,421.0,1613900.0,4428.0,10609194.0,16387.0,-39925030.0,11160.0,933.0,6279789.0,933.0,766740.0,1198.0,16664318.0
30.0,"$49,331 to $50,201",NSW,Male,16720.0,832220203.0,117374005.0,886829185.0,53804186.0,1706.0,5547566.0,2491.0,189562985.0,2358.0,118856440.0,2259.0,70735544.0,67.0,1173306.0,478.0,4717612.0,64.0,601324.0,296.0,1289827.0,3639.0,11932470.0,13068.0,-38762836.0,6984.0,746.0,5997809.0,746.0,742757.0,976.0,19472397.0
30.0,"$49,331 to $50,201",NT,Female,544.0,27067388.0,3637381.0,28306872.0,1230954.0,52.0,-89096.0,33.0,1025842.0,30.0,494025.0,76.0,1746775.0,5.0,41724.0,0.0,0.0,4.0,12382.0,10.0,45939.0,87.0,173902.0,457.0,-1270548.0,241.0,15.0,154797.0,15.0,14767.0,17.0,405351.0
30.0,"$49,331 to $50,201",NT,Male,454.0,22591896.0,2959272.0,23788212.0,1196316.0,39.0,-52870.0,62.0,3991834.0,59.0,2446481.0,42.0,1223903.0,0.0,0.0,7.0,76105.0,4.0,186228.0,7.0,30198.0,64.0,174152.0,390.0,-1263410.0,154.0,12.0,50233.0,12.0,6982.0,18.0,263586.0
30.0,"$49,331 to $50,201",Overseas or Unknown,Female,118.0,5876093.0,1164839.0,6264664.0,243359.0,27.0,583542.0,4.0,280082.0,3.0,79247.0,22.0,855712.0,0.0,0.0,0.0,0.0,0.0,0.0,3.0,12142.0,33.0,291561.0,83.0,-381366.0,45.0,12.0,455297.0,12.0,87843.0,13.0,582743.0
30.0,"$49,331 to $50,201",Overseas or Unknown,Male,141.0,7017592.0,1413371.0,7332196.0,306423.0,35.0,730600.0,5.0,282819.0,4.0,135648.0,13.0,506314.0,0.0,0.0,0.0,0.0,0.0,0.0,4.0,7282.0,48.0,343035.0,91.0,-749480.0,37.0,15.0,420381.0,15.0,121004.0,17.0,498159.0
30.0,"$49,331 to $50,201",QLD,Female,15748.0,783736641.0,112082250.0,819637966.0,35574786.0,1238.0,2644082.0,1212.0,57179379.0,1177.0,30662139.0,3568.0,86178180.0,128.0,1395571.0,86.0,707874.0,308.0,2524190.0,388.0,1547808.0,3232.0,7430920.0,12509.0,-26694149.0,7059.0,667.0,6276285.0,667.0,773381.0,830.0,19699705.0
30.0,"$49,331 to $50,201",QLD,Male,11957.0,595107712.0,83585037.0,631462701.0,35743711.0,832.0,2863435.0,1539.0,205733485.0,1475.0,163632553.0,1700.0,49066733.0,53.0,708700.0,460.0,4611230.0,122.0,1830245.0,266.0,1075827.0,2252.0,6972141.0,9702.0,-27008977.0,3953.0,515.0,4865441.0,515.0,608082.0,692.0,12756138.0
30.0,"$49,331 to $50,201",SA,Female,5289.0,263249024.0,37577564.0,275652942.0,12255127.0,527.0,974396.0,364.0,13478016.0,345.0,6372803.0,1040.0,23928161.0,58.0,866853.0,23.0,242616.0,59.0,333497.0,112.0,463344.0,1086.0,2400095.0,4202.0,-9444257.0,3199.0,250.0,2676953.0,250.0,336683.0,312.0,5566070.0
30.0,"$49,331 to $50,201",SA,Male,4499.0,223922169.0,30700461.0,236899040.0,12468563.0,334.0,605286.0,612.0,43407403.0,585.0,27962502.0,592.0,16639674.0,28.0,398447.0,155.0,1845660.0,41.0,385854.0,79.0,423527.0,947.0,2530020.0,3551.0,-9434391.0,2043.0,211.0,1514011.0,211.0,208339.0,274.0,5585020.0
30.0,"$49,331 to $50,201",TAS,Female,1603.0,79773898.0,11325056.0,83047868.0,3271075.0,111.0,540941.0,93.0,3780789.0,92.0,1937149.0,292.0,6168567.0,13.0,225757.0,13.0,144826.0,17.0,103103.0,31.0,133210.0,319.0,731332.0,1283.0,-2620845.0,795.0,67.0,853058.0,67.0,102879.0,79.0,3237913.0
30.0,"$49,331 to $50,201",TAS,Male,1493.0,74295795.0,10143269.0,78197317.0,3844224.0,93.0,105714.0,203.0,12525497.0,196.0,8060527.0,152.0,3394590.0,11.0,227773.0,52.0,603301.0,2.0,134775.0,30.0,107290.0,245.0,585425.0,1246.0,-3009044.0,569.0,50.0,498734.0,50.0,62303.0,75.0,2696328.0
30.0,"$49,331 to $50,201",VIC,Female,18141.0,902815437.0,129944349.0,946452920.0,43331409.0,1949.0,902020.0,1524.0,69251323.0,1446.0,37900650.0,4023.0,109649507.0,98.0,1383447.0,69.0,607618.0,263.0,1958303.0,439.0,1770895.0,3851.0,9045387.0,14281.0,-34196781.0,8285.0,912.0,6290074.0,912.0,835969.0,1116.0,17751097.0
30.0,"$49,331 to $50,201",VIC,Male,14265.0,709962651.0,100128722.0,753407621.0,42177964.0,1256.0,2499.0,2404.0,169655486.0,2325.0,101899355.0,2229.0,66323882.0,59.0,874535.0,407.0,4073595.0,149.0,1540818.0,291.0,1146151.0,3219.0,10642447.0,11041.0,-32135924.0,4957.0,711.0,6170405.0,710.0,863688.0,937.0,16704523.0
30.0,"$49,331 to $50,201",WA,Female,7510.0,373748650.0,53598163.0,391677133.0,17608569.0,717.0,1349214.0,546.0,22533275.0,528.0,13939316.0,1352.0,32664561.0,52.0,579238.0,26.0,246606.0,94.0,655389.0,156.0,574933.0,1546.0,3630597.0,5964.0,-14686789.0,5038.0,355.0,3567761.0,355.0,467787.0,444.0,10848606.0
30.0,"$49,331 to $50,201",WA,Male,5134.0,255497870.0,35717856.0,269806727.0,13873505.0,422.0,1174000.0,839.0,56623489.0,818.0,34120472.0,599.0,16862500.0,22.0,511139.0,127.0,1153914.0,32.0,710042.0,80.0,356006.0,1154.0,3617547.0,3979.0,-12734691.0,2617.0,226.0,2087451.0,226.0,274059.0,312.0,7355622.0
31.0,"$50,202 to $51,089",ACT,Female,1142.0,57845791.0,7762455.0,61064653.0,3218862.0,133.0,19674.0,73.0,2555145.0,72.0,1299688.0,229.0,6108990.0,4.0,42542.0,5.0,42934.0,5.0,38103.0,25.0,88478.0,247.0,450524.0,894.0,-2394105.0,694.0,68.0,376137.0,68.0,41429.0,78.0,747242.0
31.0,"$50,202 to $51,089",ACT,Male,964.0,48822591.0,6102432.0,52159984.0,3272060.0,81.0,-140161.0,123.0,8649037.0,119.0,5681287.0,127.0,3549366.0,1.0,8063.0,23.0,260207.0,3.0,83142.0,24.0,106235.0,240.0,548731.0,724.0,-2198587.0,491.0,45.0,282343.0,45.0,27130.0,70.0,716841.0
31.0,"$50,202 to $51,089",NSW,Female,21048.0,1066004049.0,157277368.0,1117490193.0,50653845.0,2563.0,8192820.0,1644.0,82393548.0,1547.0,47264356.0,4302.0,116159149.0,129.0,1610379.0,59.0,495447.0,191.0,1439527.0,378.0,1608467.0,4487.0,11052165.0,16556.0,-39532365.0,11279.0,945.0,6648762.0,945.0,904192.0,1205.0,19293361.0
31.0,"$50,202 to $51,089",NSW,Male,16547.0,838019168.0,121108189.0,892293940.0,48743316.0,1680.0,4169197.0,2499.0,208573614.0,2448.0,137453058.0,2188.0,68531451.0,64.0,1094626.0,438.0,4239379.0,78.0,1314743.0,259.0,1008306.0,3526.0,11301383.0,13018.0,-37137401.0,6849.0,724.0,5223404.0,724.0,682633.0,999.0,16645430.0
31.0,"$50,202 to $51,089",NT,Female,553.0,28004155.0,3896567.0,29308301.0,1241378.0,64.0,-56578.0,35.0,1806183.0,35.0,1008239.0,97.0,1782072.0,8.0,115649.0,1.0,7664.0,3.0,88640.0,8.0,28937.0,87.0,175473.0,466.0,-1287658.0,257.0,11.0,93915.0,11.0,11713.0,14.0,195059.0
31.0,"$50,202 to $51,089",NT,Male,475.0,24066353.0,3293908.0,25446720.0,1379378.0,36.0,188092.0,66.0,3415064.0,63.0,2070746.0,42.0,1395003.0,0.0,0.0,10.0,76979.0,2.0,175890.0,7.0,25441.0,68.0,207924.0,407.0,-1325417.0,153.0,17.0,160956.0,17.0,22976.0,20.0,388637.0
31.0,"$50,202 to $51,089",Overseas or Unknown,Female,129.0,6528052.0,1243956.0,6932526.0,235800.0,39.0,712794.0,7.0,365380.0,7.0,58615.0,16.0,723977.0,0.0,0.0,0.0,0.0,1.0,6854.0,2.0,7159.0,40.0,331423.0,89.0,-413331.0,39.0,14.0,675677.0,14.0,133966.0,14.0,799281.0
31.0,"$50,202 to $51,089",Overseas or Unknown,Male,142.0,7193436.0,1424564.0,7937873.0,371069.0,36.0,409820.0,9.0,425859.0,5.0,65848.0,14.0,584545.0,0.0,0.0,0.0,0.0,1.0,874.0,0.0,0.0,36.0,308885.0,104.0,-599253.0,33.0,17.0,912006.0,17.0,150500.0,17.0,1289567.0
31.0,"$50,202 to $51,089",QLD,Female,15657.0,792975947.0,116785822.0,830362052.0,37178156.0,1262.0,2932381.0,1124.0,49769513.0,1066.0,25530441.0,3594.0,89023620.0,114.0,1311575.0,73.0,711719.0,306.0,2785122.0,400.0,1613436.0,3191.0,7397036.0,12463.0,-27001959.0,7021.0,654.0,5922600.0,654.0,774132.0,820.0,13838257.0
31.0,"$50,202 to $51,089",QLD,Male,11699.0,592517613.0,85596926.0,627675954.0,34691008.0,837.0,2621392.0,1471.0,107669857.0,1411.0,69274451.0,1647.0,46449834.0,66.0,851136.0,440.0,4252733.0,120.0,1783786.0,227.0,942428.0,2164.0,6628670.0,9531.0,-26480726.0,3859.0,493.0,4096579.0,493.0,556867.0,654.0,11455451.0
31.0,"$50,202 to $51,089",SA,Female,5225.0,264612407.0,38788680.0,276668632.0,11857143.0,489.0,1334342.0,356.0,15085998.0,340.0,8072820.0,1080.0,25566327.0,41.0,443625.0,33.0,360478.0,72.0,444111.0,117.0,455537.0,1102.0,2363608.0,4122.0,-8751594.0,3097.0,228.0,2665481.0,228.0,294726.0,269.0,5169695.0
31.0,"$50,202 to $51,089",SA,Male,4625.0,234263113.0,32951582.0,247727133.0,13288667.0,353.0,750064.0,703.0,39633328.0,671.0,22703503.0,585.0,16169434.0,22.0,393659.0,177.0,1948445.0,20.0,132007.0,77.0,349311.0,983.0,2624957.0,3640.0,-9406405.0,2123.0,183.0,1320993.0,183.0,179323.0,238.0,4244848.0
31.0,"$50,202 to $51,089",TAS,Female,1683.0,85227395.0,12388249.0,88847016.0,3619637.0,128.0,519120.0,107.0,4533281.0,100.0,2673452.0,281.0,6692473.0,11.0,164834.0,9.0,56863.0,10.0,64319.0,37.0,132799.0,337.0,703022.0,1344.0,-2967894.0,888.0,68.0,784720.0,68.0,111033.0,82.0,1832597.0
31.0,"$50,202 to $51,089",TAS,Male,1526.0,77285066.0,10866709.0,81378217.0,3924856.0,84.0,465005.0,197.0,12813292.0,192.0,8917712.0,133.0,3324071.0,9.0,62554.0,63.0,636224.0,4.0,70642.0,18.0,101455.0,243.0,643310.0,1282.0,-3112806.0,564.0,52.0,470257.0,52.0,68449.0,70.0,1285294.0
31.0,"$50,202 to $51,089",VIC,Female,18082.0,915775421.0,135390230.0,960220040.0,43994457.0,1979.0,-365466.0,1502.0,70678185.0,1431.0,40049723.0,4055.0,110067379.0,117.0,1458810.0,54.0,429936.0,252.0,1891660.0,417.0,1714110.0,3819.0,8983186.0,14257.0,-33633666.0,8274.0,898.0,7625851.0,898.0,1014106.0,1100.0,17038303.0
31.0,"$50,202 to $51,089",VIC,Male,14223.0,720339492.0,104326514.0,764370080.0,43510191.0,1257.0,446204.0,2471.0,167779029.0,2395.0,101624310.0,2263.0,70954448.0,64.0,909542.0,438.0,4588113.0,138.0,1320021.0,320.0,1311091.0,3104.0,10188020.0,11115.0,-31994172.0,4940.0,759.0,5252440.0,759.0,714706.0,1015.0,15801536.0
31.0,"$50,202 to $51,089",WA,Female,7506.0,380161894.0,56044319.0,396576648.0,16343700.0,671.0,1139501.0,559.0,25407890.0,534.0,13990719.0,1295.0,30819531.0,62.0,750867.0,23.0,196343.0,89.0,645140.0,138.0,555026.0,1575.0,3647172.0,5930.0,-13888216.0,4979.0,358.0,3131709.0,358.0,430106.0,437.0,7205348.0
31.0,"$50,202 to $51,089",WA,Male,5165.0,261593783.0,37586955.0,276094325.0,14042263.0,396.0,998024.0,802.0,54139951.0,772.0,33519539.0,683.0,18825673.0,30.0,419112.0,116.0,1068794.0,24.0,155652.0,84.0,304188.0,1184.0,3705358.0,3978.0,-12192409.0,2569.0,252.0,2474626.0,252.0,337286.0,344.0,7024131.0
32.0,"$51,090 to $51,978",ACT,Female,1081.0,55704157.0,7816111.0,58480654.0,2776495.0,122.0,154998.0,47.0,1355459.0,48.0,592385.0,203.0,5711332.0,0.0,0.0,4.0,28354.0,9.0,121426.0,15.0,80689.0,237.0,472782.0,844.0,-2087999.0,647.0,82.0,474312.0,82.0,67161.0,104.0,1124762.0
32.0,"$51,090 to $51,978",ACT,Male,976.0,50299598.0,6475488.0,53771213.0,3425013.0,81.0,-32952.0,119.0,6312844.0,117.0,3514594.0,136.0,4369538.0,2.0,34522.0,25.0,245759.0,3.0,29496.0,17.0,79962.0,239.0,535888.0,736.0,-2352239.0,488.0,47.0,280347.0,47.0,39445.0,64.0,617765.0
32.0,"$51,090 to $51,978",NSW,Female,20951.0,1079700044.0,163251496.0,1132393237.0,52188057.0,2608.0,6482627.0,1454.0,74797294.0,1404.0,44086312.0,4186.0,112354202.0,116.0,1228775.0,52.0,485746.0,210.0,1426485.0,436.0,1751309.0,4475.0,10571721.0,16470.0,-38793420.0,11056.0,948.0,7137302.0,948.0,962882.0,1190.0,18734538.0
32.0,"$51,090 to $51,978",NSW,Male,16630.0,857085385.0,127395915.0,906097543.0,47870085.0,1770.0,5307778.0,2448.0,295081635.0,2371.0,225504667.0,2243.0,69354519.0,74.0,1197439.0,421.0,4103873.0,65.0,676824.0,244.0,1014778.0,3567.0,11258643.0,13058.0,-36311015.0,6973.0,772.0,5499582.0,772.0,772034.0,1015.0,20683329.0
32.0,"$51,090 to $51,978",NT,Female,569.0,29327706.0,4179577.0,30818669.0,1490124.0,51.0,-99284.0,36.0,1704654.0,33.0,1176906.0,83.0,1998000.0,4.0,55096.0,1.0,3697.0,3.0,20422.0,6.0,27682.0,76.0,168228.0,493.0,-1351545.0,268.0,17.0,231833.0,17.0,17037.0,20.0,476195.0
32.0,"$51,090 to $51,978",NT,Male,439.0,22618323.0,3162076.0,23677128.0,1057147.0,32.0,-56200.0,59.0,3395348.0,54.0,2065372.0,43.0,945984.0,7.0,114375.0,6.0,62936.0,5.0,531534.0,4.0,19238.0,71.0,162408.0,368.0,-1173742.0,132.0,13.0,22699.0,13.0,3161.0,18.0,75824.0
32.0,"$51,090 to $51,978",Overseas or Unknown,Female,131.0,6751080.0,1299949.0,6948568.0,184355.0,34.0,731764.0,5.0,199739.0,3.0,22789.0,32.0,1505682.0,1.0,21070.0,0.0,0.0,0.0,0.0,8.0,35192.0,39.0,298181.0,91.0,-570003.0,44.0,17.0,458309.0,17.0,130196.0,17.0,575059.0
32.0,"$51,090 to $51,978",Overseas or Unknown,Male,130.0,6700941.0,1343468.0,7066909.0,278403.0,26.0,321297.0,3.0,201451.0,2.0,30450.0,13.0,810196.0,0.0,0.0,0.0,0.0,0.0,0.0,4.0,15694.0,37.0,355868.0,92.0,-810253.0,29.0,23.0,873874.0,23.0,221172.0,25.0,3709032.0
32.0,"$51,090 to $51,978",QLD,Female,15646.0,806347648.0,121962264.0,844058797.0,37093596.0,1268.0,3450110.0,1141.0,49862628.0,1086.0,26086387.0,3603.0,89043815.0,139.0,1454756.0,81.0,730372.0,331.0,3311587.0,415.0,1620415.0,3167.0,7313990.0,12474.0,-26116915.0,7011.0,663.0,5748819.0,663.0,780865.0,809.0,16168174.0
32.0,"$51,090 to $51,978",QLD,Male,12213.0,629370668.0,93558238.0,667280412.0,37524708.0,879.0,2500521.0,1442.0,105977976.0,1397.0,66633503.0,1841.0,50091123.0,62.0,1002663.0,458.0,4556516.0,118.0,1771943.0,253.0,1028819.0,2215.0,6671790.0,9997.0,-26808220.0,4059.0,455.0,3722671.0,455.0,472864.0,654.0,11654848.0
32.0,"$51,090 to $51,978",SA,Female,5174.0,266627522.0,39950688.0,278584736.0,11913931.0,531.0,901337.0,334.0,15162572.0,313.0,8326573.0,1082.0,25986731.0,53.0,661397.0,23.0,260047.0,63.0,389059.0,135.0,545967.0,1126.0,2361775.0,4046.0,-8685338.0,3107.0,232.0,2302569.0,232.0,281380.0,288.0,7612612.0
32.0,"$51,090 to $51,978",SA,Male,4628.0,238490549.0,34466478.0,251222345.0,12549780.0,339.0,679260.0,656.0,40882639.0,638.0,24634567.0,616.0,17183785.0,26.0,442230.0,139.0,1630381.0,30.0,349672.0,94.0,388583.0,980.0,2559460.0,3648.0,-9436551.0,2045.0,203.0,1434856.0,203.0,178958.0,271.0,3174472.0
32.0,"$51,090 to $51,978",TAS,Female,1657.0,85376141.0,12793918.0,89085288.0,3583461.0,157.0,537400.0,116.0,3734472.0,116.0,1556082.0,310.0,6738287.0,14.0,126275.0,10.0,78547.0,18.0,136141.0,24.0,99286.0,351.0,673020.0,1305.0,-2841236.0,871.0,44.0,571100.0,44.0,65040.0,50.0,1169793.0
32.0,"$51,090 to $51,978",TAS,Male,1496.0,77113131.0,10950431.0,81092859.0,3975467.0,112.0,651153.0,193.0,11693555.0,185.0,7284149.0,131.0,2572801.0,7.0,104044.0,51.0,636856.0,6.0,42604.0,12.0,43565.0,270.0,685336.0,1225.0,-2915570.0,586.0,65.0,529753.0,65.0,70103.0,85.0,1479334.0
32.0,"$51,090 to $51,978",VIC,Female,17936.0,924296289.0,140150657.0,968673543.0,44113091.0,1943.0,737058.0,1545.0,70016331.0,1451.0,37623585.0,3988.0,109576888.0,117.0,1561327.0,59.0,565259.0,281.0,2057465.0,448.0,1794574.0,3964.0,9554798.0,13966.0,-32940510.0,8202.0,899.0,8052399.0,899.0,1115545.0,1093.0,18670568.0
32.0,"$51,090 to $51,978",VIC,Male,14388.0,741519718.0,110165357.0,787581292.0,45269505.0,1356.0,26006.0,2305.0,149302417.0,2229.0,89802476.0,2276.0,70431347.0,64.0,1080585.0,442.0,4562894.0,134.0,982748.0,323.0,1395829.0,3052.0,9637949.0,11334.0,-32651675.0,4999.0,717.0,5971752.0,717.0,792608.0,971.0,15030135.0
32.0,"$51,090 to $51,978",WA,Female,7474.0,385170453.0,58199683.0,403502604.0,17694858.0,682.0,767099.0,520.0,21777188.0,499.0,10561151.0,1356.0,33355930.0,56.0,773338.0,22.0,188975.0,102.0,672130.0,166.0,609966.0,1575.0,3526509.0,5899.0,-14167728.0,5026.0,323.0,3136750.0,323.0,417561.0,413.0,7833501.0
32.0,"$51,090 to $51,978",WA,Male,5065.0,261032012.0,38476496.0,275299231.0,13776304.0,407.0,617393.0,775.0,49010923.0,743.0,28793164.0,632.0,17838184.0,18.0,283126.0,111.0,924307.0,26.0,380747.0,89.0,361742.0,1096.0,3383980.0,3965.0,-12133937.0,2563.0,235.0,2438464.0,235.0,332266.0,323.0,6688716.0
33.0,"$51,979 to $52,872",ACT,Female,1072.0,56186901.0,8020158.0,58994043.0,2807127.0,137.0,-267141.0,48.0,1835830.0,46.0,965484.0,196.0,4714323.0,5.0,27821.0,5.0,40604.0,6.0,34438.0,28.0,115821.0,266.0,507214.0,806.0,-2100145.0,647.0,60.0,228807.0,60.0,28921.0,81.0,623643.0
33.0,"$51,979 to $52,872",ACT,Male,934.0,48959978.0,6648153.0,51734869.0,2671698.0,77.0,16416.0,129.0,5932844.0,131.0,3556915.0,139.0,4360999.0,2.0,40897.0,15.0,138740.0,0.0,0.0,19.0,94073.0,232.0,661393.0,702.0,-2003047.0,447.0,65.0,419081.0,65.0,58120.0,85.0,1064595.0
33.0,"$51,979 to $52,872",NSW,Female,20975.0,1099563789.0,170561789.0,1153282255.0,53143246.0,2559.0,6275908.0,1575.0,78200818.0,1504.0,45274712.0,4286.0,113963567.0,107.0,1224364.0,47.0,409437.0,223.0,1571148.0,387.0,1639631.0,4668.0,11698012.0,16293.0,-38587812.0,11357.0,982.0,7317848.0,982.0,1032088.0,1217.0,16904838.0
33.0,"$51,979 to $52,872",NSW,Male,16826.0,882054322.0,134169958.0,938686018.0,55589102.0,1771.0,4257808.0,2410.0,188803344.0,2337.0,118968387.0,2258.0,71286822.0,62.0,930695.0,438.0,4377152.0,63.0,1022108.0,269.0,1171342.0,3613.0,11600337.0,13210.0,-38834385.0,7014.0,808.0,5784447.0,808.0,851697.0,1099.0,20171519.0
33.0,"$51,979 to $52,872",NT,Female,633.0,33194738.0,4870393.0,34679149.0,1484411.0,68.0,51047.0,41.0,2157900.0,43.0,1225100.0,66.0,1274830.0,2.0,16416.0,1.0,4276.0,7.0,55445.0,5.0,24177.0,94.0,194289.0,539.0,-1461749.0,294.0,11.0,60384.0,11.0,9147.0,15.0,114711.0
33.0,"$51,979 to $52,872",NT,Male,525.0,27520857.0,3973984.0,28932835.0,1400385.0,46.0,124048.0,64.0,3034121.0,60.0,1872697.0,56.0,1768055.0,1.0,10770.0,5.0,28863.0,9.0,752867.0,4.0,20384.0,66.0,182755.0,459.0,-1481880.0,193.0,8.0,21769.0,8.0,2879.0,15.0,70038.0
33.0,"$51,979 to $52,872",Overseas or Unknown,Female,153.0,8020174.0,1590993.0,8388486.0,329251.0,44.0,825077.0,11.0,839491.0,9.0,254187.0,20.0,582577.0,0.0,0.0,0.0,0.0,2.0,10279.0,3.0,13350.0,54.0,371656.0,96.0,-533055.0,41.0,21.0,611570.0,21.0,163530.0,21.0,735404.0
33.0,"$51,979 to $52,872",Overseas or Unknown,Male,145.0,7600855.0,1595881.0,7926699.0,253857.0,31.0,487039.0,8.0,489121.0,8.0,81299.0,14.0,522412.0,0.0,0.0,0.0,0.0,0.0,0.0,4.0,9707.0,45.0,407029.0,98.0,-983066.0,41.0,26.0,1050089.0,26.0,286822.0,30.0,2626195.0
33.0,"$51,979 to $52,872",QLD,Female,15631.0,819397624.0,126987813.0,855975381.0,36451899.0,1279.0,2367172.0,1042.0,51089451.0,1016.0,29005990.0,3527.0,91489570.0,154.0,1852884.0,68.0,572850.0,312.0,2455129.0,383.0,1479088.0,3199.0,7360163.0,12426.0,-25448445.0,7080.0,604.0,5410083.0,604.0,740935.0,778.0,12517655.0
33.0,"$51,979 to $52,872",QLD,Male,12020.0,630152786.0,95882748.0,667665151.0,36860016.0,791.0,2295025.0,1460.0,113057019.0,1404.0,73235874.0,1694.0,48006932.0,60.0,1045996.0,421.0,4166711.0,105.0,1787948.0,234.0,937672.0,2256.0,7092475.0,9762.0,-25436775.0,3906.0,481.0,4505718.0,481.0,593478.0,660.0,11744606.0
33.0,"$51,979 to $52,872",SA,Female,5178.0,271423248.0,41830529.0,282957064.0,11342241.0,538.0,767100.0,342.0,12756653.0,325.0,6073787.0,1098.0,28417091.0,66.0,980179.0,24.0,201162.0,69.0,428417.0,142.0,654925.0,1125.0,2484917.0,4051.0,-8729826.0,3137.0,247.0,2697854.0,247.0,388095.0,294.0,6656225.0
33.0,"$51,979 to $52,872",SA,Male,4500.0,235886760.0,35117820.0,249412733.0,13438220.0,353.0,815936.0,599.0,39033817.0,582.0,24415959.0,547.0,16074450.0,30.0,442993.0,159.0,1786460.0,23.0,181828.0,88.0,332350.0,904.0,2498170.0,3594.0,-8757397.0,2072.0,201.0,1837332.0,201.0,261925.0,264.0,18915800.0
33.0,"$51,979 to $52,872",TAS,Female,1739.0,91144447.0,13983183.0,95080515.0,3934669.0,152.0,440408.0,104.0,4082765.0,104.0,2125665.0,276.0,5778164.0,19.0,328118.0,15.0,170891.0,19.0,130234.0,29.0,128022.0,369.0,783304.0,1367.0,-2854368.0,901.0,83.0,822614.0,83.0,112788.0,99.0,2094707.0
33.0,"$51,979 to $52,872",TAS,Male,1556.0,81575937.0,12112336.0,85881738.0,4181162.0,117.0,495116.0,191.0,15172258.0,192.0,10643453.0,145.0,2972835.0,9.0,115122.0,52.0,470495.0,7.0,192854.0,15.0,38776.0,290.0,855192.0,1265.0,-3088927.0,618.0,63.0,700344.0,63.0,106909.0,82.0,2550356.0
33.0,"$51,979 to $52,872",VIC,Female,17780.0,932116140.0,144835328.0,977755832.0,45345500.0,2007.0,1164458.0,1371.0,64643392.0,1315.0,34947798.0,3909.0,105104745.0,106.0,1308488.0,57.0,567159.0,266.0,1839637.0,420.0,1780609.0,3987.0,9623037.0,13786.0,-31681638.0,8093.0,878.0,7534518.0,878.0,975258.0,1074.0,17026857.0
33.0,"$51,979 to $52,872",VIC,Male,14403.0,755074129.0,115041082.0,800696149.0,45209058.0,1258.0,190123.0,2322.0,152777165.0,2245.0,92948680.0,2270.0,70988640.0,54.0,736945.0,416.0,4299348.0,121.0,1034939.0,322.0,1372791.0,3021.0,10091566.0,11381.0,-31874224.0,5016.0,697.0,5641517.0,697.0,753459.0,940.0,16980350.0
33.0,"$51,979 to $52,872",WA,Female,7209.0,377946743.0,58457735.0,394738020.0,16778044.0,668.0,1226792.0,514.0,22066894.0,496.0,11497341.0,1247.0,28742863.0,48.0,648002.0,17.0,163594.0,69.0,362599.0,113.0,474714.0,1608.0,3694467.0,5599.0,-12984035.0,4860.0,337.0,2808354.0,337.0,399252.0,430.0,6661805.0
33.0,"$51,979 to $52,872",WA,Male,5165.0,270762194.0,40948416.0,285840000.0,14799586.0,395.0,981790.0,775.0,47530970.0,743.0,26335269.0,684.0,19695828.0,16.0,241625.0,107.0,979762.0,22.0,212781.0,89.0,285297.0,1084.0,3542229.0,4078.0,-12414838.0,2608.0,246.0,2052254.0,246.0,313372.0,336.0,8662350.0
34.0,"$52,873 to $53,769",ACT,Female,1138.0,60667514.0,8847695.0,63592055.0,2895309.0,141.0,-101811.0,69.0,1686711.0,63.0,638989.0,211.0,5222129.0,3.0,18443.0,0.0,0.0,6.0,50225.0,18.0,66236.0,279.0,596434.0,859.0,-2087272.0,674.0,75.0,312360.0,75.0,44469.0,91.0,705189.0
34.0,"$52,873 to $53,769",ACT,Male,935.0,49849168.0,6815783.0,52810969.0,2959940.0,85.0,-196649.0,118.0,5133009.0,116.0,2664232.0,128.0,4739923.0,2.0,21280.0,14.0,154979.0,4.0,11954.0,17.0,77278.0,200.0,475734.0,734.0,-2354090.0,483.0,46.0,175027.0,46.0,25157.0,65.0,451870.0
34.0,"$52,873 to $53,769",NSW,Female,20852.0,1111852690.0,176442358.0,1165613694.0,53124893.0,2575.0,6205169.0,1473.0,118700215.0,1405.0,86115176.0,4167.0,114695069.0,121.0,1253024.0,46.0,389323.0,200.0,1280016.0,403.0,1642385.0,4547.0,11356676.0,16290.0,-37254670.0,11233.0,912.0,7884245.0,912.0,1127520.0,1172.0,23571836.0
34.0,"$52,873 to $53,769",NSW,Male,16537.0,881755519.0,137297870.0,941514600.0,58629463.0,1790.0,5951459.0,2301.0,197306662.0,2217.0,131918626.0,2193.0,71512619.0,73.0,1235454.0,433.0,4112568.0,61.0,1209649.0,256.0,986738.0,3502.0,11323775.0,13030.0,-37814400.0,6878.0,773.0,6001679.0,773.0,859878.0,1033.0,21336471.0
34.0,"$52,873 to $53,769",NT,Female,593.0,31627487.0,4739914.0,32952737.0,1323745.0,54.0,-172669.0,32.0,1311473.0,30.0,626913.0,104.0,2231067.0,2.0,18888.0,0.0,0.0,3.0,23213.0,8.0,33908.0,82.0,172806.0,511.0,-1325783.0,276.0,19.0,87113.0,19.0,12500.0,27.0,204490.0
34.0,"$52,873 to $53,769",NT,Male,507.0,27029716.0,4004581.0,28432401.0,1399485.0,36.0,63214.0,58.0,4582875.0,58.0,3126452.0,47.0,1434839.0,4.0,52235.0,12.0,74674.0,4.0,310619.0,6.0,39585.0,86.0,255773.0,421.0,-1268170.0,193.0,18.0,263158.0,18.0,37080.0,23.0,500916.0
34.0,"$52,873 to $53,769",Overseas or Unknown,Female,123.0,6553641.0,1236560.0,6932645.0,314111.0,33.0,570940.0,8.0,273852.0,9.0,106022.0,23.0,912352.0,0.0,0.0,0.0,0.0,3.0,32166.0,2.0,9753.0,30.0,210326.0,93.0,-401166.0,49.0,13.0,442218.0,13.0,71977.0,13.0,653978.0
34.0,"$52,873 to $53,769",Overseas or Unknown,Male,128.0,6825141.0,1341288.0,7117449.0,289945.0,28.0,688316.0,13.0,757952.0,9.0,298363.0,18.0,668707.0,0.0,0.0,0.0,0.0,0.0,0.0,3.0,13334.0,46.0,332263.0,81.0,-411791.0,42.0,15.0,387781.0,15.0,113334.0,21.0,755694.0
34.0,"$52,873 to $53,769",QLD,Female,15497.0,826215948.0,130821952.0,864067356.0,36784583.0,1265.0,2943997.0,1126.0,50084595.0,1069.0,25941070.0,3554.0,87454180.0,136.0,1690711.0,73.0,738684.0,290.0,2501137.0,366.0,1448527.0,3343.0,7917592.0,12147.0,-25092302.0,6937.0,630.0,4983670.0,630.0,735293.0,797.0,15604213.0
34.0,"$52,873 to $53,769",QLD,Male,12208.0,650946075.0,101299616.0,688757871.0,37455489.0,912.0,2238699.0,1433.0,122196997.0,1370.0,84306846.0,1702.0,51078464.0,63.0,999946.0,419.0,4239389.0,91.0,1800795.0,276.0,1139136.0,2360.0,7376511.0,9847.0,-25745923.0,4057.0,509.0,5432994.0,509.0,747994.0,692.0,17825222.0
34.0,"$52,873 to $53,769",SA,Female,5218.0,278199897.0,43824073.0,290275546.0,12067052.0,551.0,991829.0,345.0,19628295.0,338.0,13037440.0,1075.0,26233795.0,58.0,673578.0,21.0,211048.0,55.0,375639.0,117.0,481147.0,1153.0,2463362.0,4063.0,-8683932.0,3181.0,251.0,1882115.0,251.0,280537.0,299.0,6254243.0
34.0,"$52,873 to $53,769",SA,Male,4643.0,247572085.0,37620569.0,261080510.0,13433424.0,374.0,1021924.0,630.0,39398640.0,597.0,24104545.0,587.0,17390944.0,21.0,367138.0,133.0,1460767.0,32.0,428276.0,107.0,474188.0,989.0,2778925.0,3654.0,-8833953.0,2149.0,206.0,1673415.0,206.0,243238.0,270.0,3805805.0
34.0,"$52,873 to $53,769",TAS,Female,1673.0,89194779.0,14057861.0,92662023.0,3458370.0,140.0,330128.0,116.0,5306984.0,112.0,3143346.0,289.0,6741600.0,21.0,347495.0,8.0,94362.0,20.0,252776.0,34.0,118188.0,336.0,742666.0,1337.0,-2589398.0,846.0,66.0,597572.0,66.0,84279.0,76.0,1275036.0
34.0,"$52,873 to $53,769",TAS,Male,1524.0,81271903.0,12367400.0,85324073.0,4048626.0,92.0,343211.0,171.0,9937632.0,168.0,6786645.0,150.0,3060085.0,14.0,229049.0,69.0,733953.0,5.0,46435.0,14.0,70246.0,289.0,653903.0,1234.0,-2867190.0,565.0,63.0,615162.0,63.0,94986.0,77.0,1698787.0
34.0,"$52,873 to $53,769",VIC,Female,17806.0,949458243.0,150946551.0,995302671.0,45545885.0,2021.0,720357.0,1371.0,61168219.0,1316.0,33647365.0,4054.0,110899045.0,105.0,1149019.0,44.0,360782.0,279.0,1902360.0,436.0,1796050.0,3861.0,9359658.0,13938.0,-31160130.0,8024.0,875.0,6029231.0,875.0,879815.0,1074.0,17107534.0
34.0,"$52,873 to $53,769",VIC,Male,14491.0,772672789.0,120524899.0,816982151.0,43793252.0,1272.0,231522.0,2282.0,160085525.0,2215.0,98862197.0,2297.0,73738552.0,62.0,1000848.0,414.0,4310330.0,113.0,997848.0,312.0,1225601.0,3089.0,10047102.0,11396.0,-30666648.0,4867.0,681.0,5434655.0,681.0,790764.0,941.0,18272742.0
34.0,"$52,873 to $53,769",WA,Female,7238.0,385961672.0,61160374.0,402506973.0,16525071.0,646.0,851111.0,499.0,26623323.0,473.0,15849435.0,1242.0,30441672.0,40.0,505553.0,30.0,270718.0,90.0,693876.0,137.0,558468.0,1609.0,3673345.0,5625.0,-12827899.0,4866.0,287.0,2226996.0,287.0,333895.0,373.0,5088411.0
34.0,"$52,873 to $53,769",WA,Male,5299.0,282556524.0,43798423.0,297808339.0,15157131.0,386.0,181697.0,789.0,80678542.0,761.0,60153505.0,657.0,17770311.0,25.0,446665.0,126.0,1214947.0,27.0,606026.0,83.0,330014.0,1131.0,3552172.0,4166.0,-12405898.0,2613.0,218.0,2315835.0,218.0,334262.0,313.0,6442449.0
35.0,"$53,770 to $54,663",ACT,Female,1130.0,61258667.0,9273372.0,64093771.0,2835076.0,121.0,-93774.0,65.0,2598685.0,57.0,1320235.0,216.0,5657851.0,3.0,70361.0,4.0,19979.0,8.0,52263.0,22.0,81694.0,247.0,523649.0,883.0,-2241650.0,678.0,72.0,515643.0,72.0,73383.0,83.0,2479538.0
35.0,"$53,770 to $54,663",ACT,Male,1047.0,56770448.0,8009476.0,60160089.0,3377270.0,90.0,-242852.0,142.0,8413583.0,134.0,5479203.0,157.0,4499187.0,1.0,44214.0,26.0,195350.0,5.0,76637.0,15.0,47994.0,244.0,611310.0,803.0,-2363664.0,525.0,57.0,180906.0,57.0,26642.0,87.0,838198.0
35.0,"$53,770 to $54,663",NSW,Female,20578.0,1115732357.0,180899864.0,1167325416.0,51134128.0,2509.0,7901506.0,1457.0,88764204.0,1401.0,54922233.0,4150.0,111553977.0,133.0,1434491.0,58.0,461140.0,186.0,1376551.0,422.0,1791588.0,4591.0,11407917.0,15976.0,-35786913.0,11211.0,891.0,5957130.0,891.0,910679.0,1120.0,17804299.0
35.0,"$53,770 to $54,663",NSW,Male,16779.0,909695248.0,144839692.0,961857470.0,51190272.0,1737.0,3764109.0,2335.0,186068623.0,2248.0,118223268.0,2326.0,72408828.0,64.0,928972.0,399.0,3714796.0,57.0,1436018.0,292.0,1273325.0,3604.0,11946847.0,13165.0,-35061613.0,6955.0,694.0,5704635.0,694.0,857966.0,957.0,17010984.0
35.0,"$53,770 to $54,663",NT,Female,594.0,32206641.0,4945449.0,33561003.0,1354362.0,49.0,45806.0,32.0,1293294.0,30.0,743771.0,91.0,2042441.0,2.0,37633.0,2.0,6007.0,3.0,23272.0,17.0,65163.0,104.0,201872.0,490.0,-1326601.0,278.0,23.0,180210.0,23.0,27241.0,26.0,362569.0
35.0,"$53,770 to $54,663",NT,Male,506.0,27441519.0,4172028.0,29485062.0,2017003.0,33.0,-51764.0,73.0,3450273.0,72.0,2318552.0,48.0,1367728.0,1.0,8698.0,11.0,100028.0,3.0,140226.0,6.0,23023.0,75.0,231614.0,431.0,-1637323.0,178.0,8.0,10590.0,8.0,1637.0,16.0,319923.0
35.0,"$53,770 to $54,663",Overseas or Unknown,Female,131.0,7105309.0,1330892.0,7396556.0,221478.0,29.0,302450.0,3.0,530722.0,3.0,113891.0,23.0,806263.0,1.0,2672.0,0.0,0.0,1.0,2942.0,2.0,12137.0,32.0,242079.0,98.0,-582053.0,39.0,16.0,596632.0,16.0,151607.0,20.0,829601.0
35.0,"$53,770 to $54,663",Overseas or Unknown,Male,141.0,7647989.0,1635675.0,8116743.0,450708.0,44.0,1083011.0,6.0,332306.0,4.0,117532.0,8.0,286496.0,0.0,0.0,0.0,0.0,0.0,0.0,3.0,7122.0,40.0,292345.0,101.0,-570894.0,38.0,10.0,333844.0,10.0,88249.0,14.0,387678.0
35.0,"$53,770 to $54,663",QLD,Female,15654.0,848706970.0,137582717.0,887654272.0,37848016.0,1313.0,2640255.0,1037.0,44115977.0,975.0,21381626.0,3636.0,90551791.0,139.0,1627213.0,61.0,515178.0,319.0,2847820.0,395.0,1452387.0,3212.0,7576415.0,12438.0,-24811913.0,7119.0,600.0,4961610.0,600.0,748554.0,774.0,14952883.0
35.0,"$53,770 to $54,663",QLD,Male,12336.0,668822434.0,106666442.0,706387700.0,36811657.0,839.0,1618646.0,1463.0,127309194.0,1409.0,88934459.0,1708.0,50265419.0,74.0,1156479.0,441.0,4167578.0,109.0,1511493.0,225.0,892517.0,2267.0,7243150.0,10062.0,-25869825.0,4157.0,508.0,4236522.0,508.0,637463.0,679.0,18920987.0
35.0,"$53,770 to $54,663",SA,Female,5126.0,277909172.0,44781300.0,289672232.0,11690390.0,506.0,801885.0,311.0,12485929.0,300.0,5563371.0,1137.0,27644241.0,41.0,571722.0,28.0,270859.0,66.0,408595.0,135.0,537592.0,1162.0,2481470.0,3962.0,-8391043.0,3096.0,221.0,1901146.0,221.0,281867.0,272.0,4585576.0
35.0,"$53,770 to $54,663",SA,Male,4739.0,256905888.0,40093795.0,270476335.0,13389180.0,352.0,433869.0,656.0,40819539.0,620.0,24057472.0,578.0,16600675.0,28.0,428562.0,141.0,1657315.0,18.0,211976.0,85.0,340400.0,1052.0,3026308.0,3686.0,-8562450.0,2177.0,201.0,1693683.0,201.0,259516.0,261.0,4574127.0
35.0,"$53,770 to $54,663",TAS,Female,1541.0,83540136.0,13496990.0,86967734.0,3410422.0,126.0,709886.0,120.0,6215528.0,112.0,3756232.0,241.0,5294349.0,13.0,215382.0,11.0,104504.0,17.0,174974.0,28.0,116111.0,295.0,676992.0,1246.0,-2553874.0,820.0,47.0,391370.0,47.0,63002.0,62.0,936582.0
35.0,"$53,770 to $54,663",TAS,Male,1582.0,85770035.0,13398314.0,89758253.0,3956064.0,107.0,628720.0,240.0,12549506.0,232.0,7807183.0,126.0,3331659.0,13.0,301405.0,71.0,744794.0,6.0,235178.0,19.0,73870.0,325.0,887201.0,1257.0,-2699244.0,600.0,55.0,507753.0,55.0,80459.0,74.0,1140053.0
35.0,"$53,770 to $54,663",VIC,Female,17792.0,964667429.0,156659371.0,1010090596.0,43869414.0,1917.0,794684.0,1405.0,60127314.0,1338.0,31630442.0,4057.0,109087509.0,104.0,1347799.0,70.0,598779.0,256.0,1631388.0,393.0,1564335.0,3963.0,9798302.0,13824.0,-31699766.0,8154.0,880.0,6915421.0,880.0,957600.0,1113.0,17384719.0
35.0,"$53,770 to $54,663",VIC,Male,14330.0,776938396.0,123951290.0,822465498.0,45380960.0,1268.0,-116585.0,2196.0,144532793.0,2134.0,85834240.0,2218.0,68724794.0,57.0,779076.0,424.0,4319125.0,131.0,1302574.0,293.0,1151699.0,3072.0,9895022.0,11250.0,-30272555.0,4957.0,674.0,5317477.0,674.0,750908.0,910.0,15397852.0
35.0,"$53,770 to $54,663",WA,Female,7271.0,394206997.0,63827416.0,412748885.0,17794375.0,680.0,1507710.0,514.0,23628757.0,495.0,13051606.0,1288.0,30619012.0,55.0,727534.0,13.0,119143.0,65.0,428077.0,138.0,538199.0,1636.0,3938413.0,5631.0,-12740808.0,4973.0,359.0,3593956.0,359.0,506115.0,461.0,9542164.0
35.0,"$53,770 to $54,663",WA,Male,5339.0,289459394.0,45947792.0,304891598.0,15165957.0,387.0,697230.0,740.0,47842922.0,716.0,27137134.0,666.0,19390383.0,13.0,198168.0,140.0,1289659.0,36.0,754864.0,113.0,502075.0,1117.0,3647736.0,4219.0,-12306847.0,2641.0,255.0,2783497.0,255.0,378981.0,334.0,7043865.0
36.0,"$54,664 to $55,554",ACT,Female,1145.0,63091979.0,9750687.0,65900185.0,2770589.0,123.0,-281901.0,64.0,2246806.0,59.0,900387.0,211.0,5629329.0,4.0,44580.0,2.0,33510.0,11.0,223957.0,16.0,56699.0,261.0,607508.0,884.0,-2107586.0,705.0,76.0,556467.0,76.0,78880.0,92.0,1138386.0
36.0,"$54,664 to $55,554",ACT,Male,1039.0,57255748.0,8324567.0,60407498.0,3146463.0,81.0,8293.0,150.0,18489824.0,141.0,15331130.0,174.0,4913871.0,1.0,13829.0,18.0,176456.0,2.0,6792.0,27.0,105122.0,236.0,633161.0,803.0,-2068220.0,503.0,53.0,709839.0,53.0,89406.0,68.0,1470283.0
36.0,"$54,664 to $55,554",NSW,Female,20551.0,1132529773.0,187421311.0,1185825261.0,52802338.0,2548.0,4835231.0,1425.0,79547521.0,1370.0,47693200.0,4275.0,117573110.0,112.0,1466990.0,41.0,314529.0,193.0,1284185.0,380.0,1549629.0,4647.0,11728760.0,15896.0,-35640240.0,11155.0,932.0,6579918.0,932.0,980851.0,1176.0,16949246.0
36.0,"$54,664 to $55,554",NSW,Male,16727.0,921796741.0,149869415.0,974910611.0,52091854.0,1768.0,3627154.0,2342.0,195743198.0,2271.0,126137885.0,2317.0,75282480.0,60.0,867386.0,402.0,3815660.0,74.0,927985.0,283.0,1216774.0,3680.0,12267486.0,13041.0,-35288709.0,7133.0,758.0,5738856.0,758.0,802609.0,1039.0,17868210.0
36.0,"$54,664 to $55,554",NT,Female,582.0,32081437.0,5061706.0,33721637.0,1609859.0,61.0,-69103.0,37.0,1710012.0,35.0,887285.0,98.0,2283891.0,6.0,108988.0,2.0,10276.0,6.0,18519.0,6.0,43708.0,82.0,176384.0,500.0,-1236426.0,267.0,20.0,95671.0,20.0,12902.0,22.0,208721.0
36.0,"$54,664 to $55,554",NT,Male,506.0,27878994.0,4342372.0,29544926.0,1643442.0,33.0,-44310.0,58.0,3557041.0,54.0,2128904.0,36.0,915945.0,4.0,30983.0,6.0,57558.0,4.0,258346.0,3.0,7232.0,77.0,212705.0,429.0,-1247242.0,191.0,19.0,309035.0,19.0,43628.0,21.0,682756.0
36.0,"$54,664 to $55,554",Overseas or Unknown,Female,117.0,6446781.0,1289773.0,6871171.0,214900.0,25.0,493419.0,10.0,713200.0,7.0,70240.0,30.0,1070287.0,0.0,0.0,0.0,0.0,0.0,0.0,4.0,20653.0,36.0,274521.0,79.0,-429758.0,39.0,10.0,543334.0,10.0,91196.0,12.0,634604.0
36.0,"$54,664 to $55,554",Overseas or Unknown,Male,144.0,7939335.0,1749578.0,8453746.0,314011.0,36.0,601574.0,4.0,526386.0,2.0,301169.0,16.0,562215.0,1.0,1855.0,1.0,3840.0,0.0,0.0,4.0,23090.0,37.0,391151.0,106.0,-804485.0,41.0,21.0,749983.0,21.0,159811.0,26.0,958082.0
36.0,"$54,664 to $55,554",QLD,Female,15272.0,841560884.0,139169872.0,877376406.0,35646385.0,1279.0,2884583.0,1074.0,53066552.0,1034.0,28164109.0,3642.0,91664145.0,127.0,1434425.0,70.0,621590.0,291.0,2385028.0,387.0,1552496.0,3251.0,7783908.0,12015.0,-23652344.0,7018.0,621.0,5272276.0,621.0,808110.0,777.0,13658899.0
36.0,"$54,664 to $55,554",QLD,Male,12475.0,687521003.0,111655073.0,725952199.0,38074650.0,873.0,2214183.0,1430.0,105003635.0,1379.0,67386978.0,1811.0,52057649.0,70.0,1036132.0,481.0,4761065.0,112.0,1887316.0,229.0,917037.0,2378.0,7458640.0,10090.0,-25057318.0,4171.0,535.0,4408175.0,535.0,679375.0,716.0,13029933.0
36.0,"$54,664 to $55,554",SA,Female,5131.0,282744015.0,46610101.0,294760202.0,11979938.0,507.0,924199.0,371.0,17981465.0,350.0,10272717.0,1142.0,27821570.0,39.0,454923.0,18.0,175801.0,63.0,388865.0,136.0,572119.0,1152.0,2701835.0,3978.0,-8308344.0,3085.0,216.0,2411384.0,216.0,376005.0,266.0,5926457.0
36.0,"$54,664 to $55,554",SA,Male,4674.0,257554820.0,40903687.0,271193262.0,13521336.0,388.0,367437.0,651.0,42884844.0,629.0,25569606.0,583.0,17052606.0,26.0,388879.0,136.0,1424083.0,28.0,366923.0,72.0,289778.0,1045.0,3226596.0,3625.0,-8635562.0,2189.0,205.0,1909353.0,205.0,279023.0,259.0,6696915.0
36.0,"$54,664 to $55,554",TAS,Female,1555.0,85672964.0,14048455.0,88808278.0,3134438.0,130.0,510869.0,89.0,4285908.0,87.0,2433117.0,290.0,6166368.0,16.0,201096.0,4.0,51852.0,19.0,134455.0,34.0,135354.0,346.0,614964.0,1208.0,-2412374.0,853.0,50.0,380186.0,50.0,58630.0,63.0,1302502.0
36.0,"$54,664 to $55,554",TAS,Male,1543.0,85044865.0,13516342.0,89448178.0,4403071.0,98.0,443879.0,191.0,11167890.0,187.0,6892879.0,140.0,3329341.0,9.0,112662.0,63.0,640849.0,5.0,20800.0,20.0,81920.0,319.0,926947.0,1224.0,-2937719.0,642.0,64.0,468071.0,64.0,76228.0,89.0,1188068.0
36.0,"$54,664 to $55,554",VIC,Female,17538.0,966526840.0,160211587.0,1010286430.0,43595941.0,1992.0,576303.0,1314.0,54467730.0,1255.0,28411687.0,4050.0,111221908.0,98.0,1323416.0,59.0,546898.0,247.0,1527749.0,425.0,1716870.0,3998.0,10024718.0,13532.0,-30353157.0,8169.0,818.0,5738895.0,818.0,906064.0,1027.0,13626296.0
36.0,"$54,664 to $55,554",VIC,Male,14826.0,817013735.0,133216616.0,863056246.0,45456566.0,1361.0,-379568.0,2256.0,160091619.0,2192.0,101283914.0,2404.0,75548078.0,62.0,1024566.0,432.0,4473577.0,131.0,1165276.0,347.0,1381524.0,3139.0,11041237.0,11681.0,-30761705.0,5113.0,685.0,5009575.0,685.0,744008.0,924.0,16408597.0
36.0,"$54,664 to $55,554",WA,Female,7306.0,402641300.0,66609971.0,419359392.0,16528756.0,666.0,1648055.0,525.0,23489199.0,513.0,11664664.0,1419.0,33745944.0,52.0,765298.0,18.0,136865.0,95.0,596571.0,122.0,497431.0,1667.0,3938006.0,5631.0,-12361032.0,4904.0,282.0,2548157.0,282.0,385638.0,370.0,5616647.0
36.0,"$54,664 to $55,554",WA,Male,5314.0,292851802.0,47387765.0,307772141.0,14764306.0,434.0,939363.0,804.0,53648040.0,772.0,31273188.0,692.0,20045541.0,19.0,411260.0,117.0,1064849.0,35.0,270236.0,100.0,426300.0,1205.0,4075969.0,4105.0,-11771618.0,2697.0,250.0,2188565.0,250.0,329256.0,348.0,5389244.0
37.0,"$55,555 to $56,458",ACT,Female,1195.0,66935998.0,10587386.0,70171287.0,3226881.0,166.0,88539.0,62.0,2313937.0,55.0,1030983.0,227.0,6339497.0,2.0,50520.0,8.0,81541.0,6.0,38656.0,18.0,72415.0,295.0,589830.0,900.0,-2197296.0,687.0,72.0,382983.0,72.0,60957.0,95.0,887656.0
37.0,"$55,555 to $56,458",ACT,Male,979.0,54833514.0,8229292.0,57695023.0,2842749.0,72.0,47311.0,131.0,12435188.0,130.0,9409258.0,144.0,4074773.0,3.0,44578.0,16.0,130370.0,4.0,131688.0,17.0,64355.0,235.0,681611.0,744.0,-1952315.0,486.0,54.0,258692.0,54.0,36700.0,73.0,733653.0
37.0,"$55,555 to $56,458",NSW,Female,20562.0,1151512824.0,194278419.0,1206905101.0,52704112.0,2481.0,5618075.0,1400.0,73731374.0,1346.0,42043583.0,4240.0,119521306.0,118.0,1209179.0,37.0,371979.0,196.0,1437834.0,419.0,1649294.0,5062.0,12609453.0,15492.0,-34614402.0,11151.0,947.0,7299909.0,947.0,1140400.0,1188.0,25797971.0
37.0,"$55,555 to $56,458",NSW,Male,17029.0,953663302.0,158452801.0,1009581749.0,55251074.0,1767.0,3363518.0,2161.0,184640855.0,2099.0,119456155.0,2379.0,78170443.0,52.0,623575.0,391.0,3781343.0,68.0,865931.0,279.0,1146692.0,3832.0,12530572.0,13192.0,-34907025.0,7175.0,764.0,6489476.0,764.0,968171.0,1001.0,21908991.0
37.0,"$55,555 to $56,458",NT,Female,611.0,34211170.0,5456720.0,35586443.0,1368904.0,64.0,88565.0,47.0,1964721.0,46.0,868800.0,104.0,2712219.0,4.0,45791.0,2.0,5472.0,5.0,43786.0,14.0,48373.0,110.0,289197.0,501.0,-1330384.0,291.0,18.0,103248.0,18.0,17048.0,24.0,272474.0
37.0,"$55,555 to $56,458",NT,Male,510.0,28562280.0,4498644.0,30093655.0,1531345.0,36.0,-156041.0,77.0,3888733.0,76.0,2074737.0,41.0,1397567.0,2.0,22768.0,9.0,88431.0,2.0,212286.0,9.0,26596.0,99.0,288961.0,411.0,-1313307.0,175.0,8.0,69255.0,8.0,10867.0,11.0,79146.0
37.0,"$55,555 to $56,458",Overseas or Unknown,Female,130.0,7282771.0,1458048.0,7610299.0,204481.0,28.0,327968.0,2.0,109671.0,2.0,44588.0,29.0,1187259.0,0.0,0.0,0.0,0.0,1.0,3856.0,6.0,21887.0,33.0,256383.0,96.0,-445959.0,45.0,14.0,637824.0,14.0,147485.0,17.0,653081.0
37.0,"$55,555 to $56,458",Overseas or Unknown,Male,125.0,7000579.0,1510355.0,7578362.0,401447.0,36.0,495716.0,7.0,793092.0,8.0,450592.0,13.0,396986.0,0.0,0.0,2.0,27638.0,0.0,0.0,1.0,3636.0,32.0,257981.0,93.0,-656977.0,27.0,11.0,781812.0,11.0,134091.0,15.0,851705.0
37.0,"$55,555 to $56,458",QLD,Female,15181.0,850110119.0,143207890.0,888038355.0,37552772.0,1290.0,2250196.0,997.0,49574286.0,957.0,26931075.0,3606.0,92601721.0,148.0,1920837.0,67.0,548117.0,305.0,3003931.0,399.0,1559826.0,3432.0,8045728.0,11740.0,-23636154.0,7075.0,611.0,5412308.0,611.0,812177.0,772.0,16919611.0
37.0,"$55,555 to $56,458",QLD,Male,12493.0,699643083.0,116049799.0,740047426.0,39945674.0,891.0,2251924.0,1362.0,121761997.0,1322.0,85956023.0,1743.0,52374789.0,55.0,646461.0,391.0,3966933.0,85.0,1289682.0,263.0,1047978.0,2489.0,7920300.0,10001.0,-25064793.0,4283.0,500.0,5017142.0,500.0,723047.0,684.0,15414146.0
37.0,"$55,555 to $56,458",SA,Female,4983.0,279071412.0,46898662.0,291575555.0,11537234.0,512.0,857524.0,315.0,13116600.0,299.0,6992708.0,1076.0,27473765.0,46.0,600017.0,15.0,165503.0,60.0,539328.0,117.0,477163.0,1209.0,2776571.0,3769.0,-7706786.0,3047.0,236.0,1898014.0,236.0,320577.0,283.0,4225529.0
37.0,"$55,555 to $56,458",SA,Male,4725.0,264589454.0,42982481.0,278462996.0,13597431.0,374.0,360906.0,633.0,39875374.0,617.0,23876758.0,552.0,15496069.0,35.0,601937.0,138.0,1481688.0,28.0,252452.0,76.0,338022.0,1132.0,3287285.0,3591.0,-8246738.0,2241.0,194.0,1799413.0,194.0,279492.0,274.0,4173996.0
37.0,"$55,555 to $56,458",TAS,Female,1551.0,86866589.0,14537243.0,89972946.0,3099593.0,129.0,179376.0,104.0,4226658.0,97.0,1957016.0,279.0,5875764.0,14.0,281547.0,5.0,53931.0,14.0,83589.0,28.0,107336.0,389.0,909361.0,1162.0,-2246929.0,844.0,69.0,494082.0,69.0,80528.0,85.0,1865434.0
37.0,"$55,555 to $56,458",TAS,Male,1551.0,86867484.0,14168741.0,91214732.0,4340339.0,102.0,212235.0,182.0,10859154.0,174.0,6731524.0,127.0,3423770.0,16.0,254069.0,55.0,547254.0,3.0,34314.0,28.0,109928.0,308.0,768613.0,1243.0,-2747645.0,583.0,57.0,464131.0,57.0,70807.0,75.0,1132728.0
37.0,"$55,555 to $56,458",VIC,Female,17589.0,985034739.0,166520598.0,1030867298.0,45491908.0,2023.0,-1293319.0,1291.0,57524722.0,1235.0,29686660.0,4103.0,111128585.0,109.0,1635304.0,50.0,400342.0,264.0,1759665.0,432.0,1864485.0,4247.0,10176518.0,13333.0,-29961210.0,8232.0,848.0,6568823.0,848.0,1051469.0,1055.0,16519559.0
37.0,"$55,555 to $56,458",VIC,Male,14690.0,822693322.0,136584862.0,870711052.0,47442631.0,1355.0,-738848.0,2278.0,154944161.0,2185.0,93491421.0,2245.0,72835306.0,63.0,930698.0,426.0,4148670.0,128.0,1093418.0,329.0,1351039.0,3318.0,10934790.0,11366.0,-30069903.0,5089.0,665.0,5175794.0,665.0,768736.0,905.0,16256483.0
37.0,"$55,555 to $56,458",WA,Female,7298.0,408730403.0,68975832.0,426167802.0,17274266.0,675.0,951573.0,460.0,17499192.0,445.0,8090946.0,1245.0,29920972.0,42.0,573322.0,21.0,195403.0,86.0,571448.0,129.0,456140.0,1697.0,3994560.0,5600.0,-12152617.0,5001.0,327.0,3408850.0,327.0,492729.0,416.0,8595920.0
37.0,"$55,555 to $56,458",WA,Male,5220.0,292321361.0,48396509.0,309017025.0,16447978.0,422.0,494336.0,746.0,43333151.0,719.0,23214115.0,656.0,18499807.0,23.0,447348.0,100.0,903647.0,34.0,662315.0,80.0,331317.0,1217.0,4099803.0,4001.0,-11576317.0,2742.0,258.0,2786005.0,258.0,407743.0,335.0,6443546.0
38.0,"$56,459 to $57,374",ACT,Female,1083.0,61654437.0,10076078.0,64453203.0,2794145.0,133.0,-177379.0,54.0,2334820.0,52.0,1362090.0,219.0,6110450.0,5.0,63067.0,4.0,32292.0,6.0,32301.0,17.0,73790.0,258.0,544846.0,825.0,-2061080.0,642.0,70.0,555967.0,70.0,91747.0,86.0,1907326.0
38.0,"$56,459 to $57,374",ACT,Male,1033.0,58787830.0,8899149.0,62166294.0,3284533.0,87.0,-122301.0,134.0,7024512.0,129.0,4214459.0,133.0,3624668.0,1.0,22411.0,25.0,226177.0,3.0,7361.0,12.0,51973.0,287.0,698695.0,745.0,-2120157.0,495.0,66.0,299614.0,66.0,50642.0,83.0,854324.0
38.0,"$56,459 to $57,374",NSW,Female,20553.0,1169816160.0,201136038.0,1223347276.0,53121186.0,2674.0,5743766.0,1409.0,68915814.0,1356.0,36924851.0,4091.0,114618450.0,124.0,1118641.0,47.0,377133.0,195.0,1303741.0,369.0,1598975.0,5035.0,12580678.0,15510.0,-34458209.0,11348.0,951.0,7991488.0,951.0,1165726.0,1173.0,23472111.0
38.0,"$56,459 to $57,374",NSW,Male,16908.0,962306532.0,162922205.0,1021056144.0,57916347.0,1713.0,4083971.0,2195.0,178415494.0,2135.0,112113678.0,2166.0,69322146.0,68.0,981967.0,346.0,3059819.0,46.0,869385.0,249.0,1006208.0,3798.0,12780539.0,13098.0,-34947479.0,7168.0,704.0,5531659.0,704.0,812231.0,977.0,16162902.0
38.0,"$56,459 to $57,374",NT,Female,579.0,32957911.0,5402317.0,34229755.0,1258399.0,54.0,2656.0,25.0,1760613.0,25.0,1023287.0,85.0,2119093.0,3.0,15628.0,1.0,6479.0,4.0,4524.0,7.0,20580.0,102.0,217434.0,477.0,-1065377.0,272.0,20.0,18999.0,20.0,3068.0,21.0,36414.0
38.0,"$56,459 to $57,374",NT,Male,494.0,28111312.0,4509490.0,29506114.0,1376549.0,31.0,25881.0,56.0,2486463.0,52.0,1410507.0,35.0,1113967.0,1.0,17474.0,4.0,9065.0,2.0,169687.0,3.0,19326.0,78.0,250638.0,416.0,-1090531.0,159.0,15.0,146333.0,15.0,21650.0,22.0,405512.0
38.0,"$56,459 to $57,374",Overseas or Unknown,Female,123.0,7006629.0,1466299.0,7294939.0,187947.0,38.0,731825.0,8.0,702054.0,7.0,370716.0,20.0,709687.0,0.0,0.0,1.0,5234.0,0.0,0.0,1.0,1223.0,34.0,238560.0,88.0,-473960.0,50.0,14.0,521812.0,14.0,126380.0,17.0,555287.0
38.0,"$56,459 to $57,374",Overseas or Unknown,Male,143.0,8142142.0,1829572.0,8607944.0,376797.0,41.0,783170.0,8.0,522058.0,5.0,89834.0,12.0,535535.0,0.0,0.0,0.0,0.0,0.0,0.0,1.0,1206.0,38.0,192517.0,100.0,-615868.0,37.0,12.0,518738.0,12.0,117123.0,18.0,600335.0
38.0,"$56,459 to $57,374",QLD,Female,15028.0,855315448.0,146864435.0,891496117.0,35881731.0,1294.0,2452695.0,982.0,44909551.0,950.0,23951430.0,3424.0,87229133.0,111.0,1449778.0,81.0,745344.0,284.0,2100621.0,338.0,1330095.0,3717.0,8718879.0,11301.0,-22089873.0,7141.0,671.0,5617478.0,671.0,897595.0,841.0,16192227.0
38.0,"$56,459 to $57,374",QLD,Male,12568.0,715346311.0,121186514.0,754574987.0,38933963.0,875.0,1471911.0,1368.0,123264176.0,1331.0,86949146.0,1712.0,52092836.0,62.0,878933.0,383.0,3586209.0,84.0,981057.0,241.0,899294.0,2608.0,8313013.0,9956.0,-24464033.0,4330.0,526.0,4482892.0,526.0,728704.0,697.0,13119523.0
38.0,"$56,459 to $57,374",SA,Female,4892.0,278451007.0,47619353.0,290138339.0,11504012.0,554.0,1154773.0,310.0,13101302.0,301.0,6696873.0,1008.0,26050201.0,42.0,511560.0,19.0,222358.0,63.0,572123.0,98.0,423970.0,1226.0,2852024.0,3662.0,-7090757.0,3116.0,218.0,2533128.0,218.0,404665.0,271.0,6310953.0
38.0,"$56,459 to $57,374",SA,Male,4852.0,276159202.0,45724236.0,290124730.0,13947034.0,387.0,522264.0,644.0,42714858.0,622.0,26098752.0,602.0,17999363.0,26.0,421943.0,162.0,1755619.0,27.0,389603.0,80.0,306281.0,1184.0,3198925.0,3667.0,-8237384.0,2317.0,211.0,1810160.0,211.0,284452.0,259.0,3787326.0
38.0,"$56,459 to $57,374",TAS,Female,1528.0,86974632.0,14849617.0,90273960.0,3298282.0,117.0,408743.0,78.0,4571018.0,75.0,2672946.0,252.0,6016633.0,11.0,84933.0,4.0,47305.0,21.0,158968.0,29.0,119276.0,370.0,796528.0,1156.0,-2407150.0,789.0,67.0,771821.0,67.0,125779.0,83.0,1877609.0
38.0,"$56,459 to $57,374",TAS,Male,1650.0,93890740.0,15565082.0,98624987.0,4725756.0,106.0,310897.0,204.0,14909442.0,203.0,9981955.0,135.0,3625686.0,15.0,261100.0,52.0,558652.0,5.0,90311.0,22.0,93128.0,347.0,982195.0,1302.0,-2919984.0,620.0,75.0,681842.0,75.0,110307.0,94.0,1419701.0
38.0,"$56,459 to $57,374",VIC,Female,17577.0,1000422513.0,172199134.0,1046432440.0,45573312.0,1970.0,553742.0,1280.0,52288138.0,1217.0,25695671.0,4034.0,113959634.0,100.0,1331948.0,53.0,480772.0,240.0,1433743.0,414.0,1804932.0,4550.0,10946913.0,13024.0,-28663868.0,8430.0,861.0,6181363.0,861.0,961686.0,1072.0,18623507.0
38.0,"$56,459 to $57,374",VIC,Male,14734.0,838600399.0,141954136.0,886817726.0,47831531.0,1375.0,-1467433.0,2180.0,169181657.0,2106.0,111994927.0,2194.0,68277020.0,69.0,1120499.0,371.0,3774641.0,115.0,775919.0,286.0,1182073.0,3311.0,10969815.0,11415.0,-30579107.0,5170.0,656.0,5212102.0,656.0,768839.0,880.0,14551551.0
38.0,"$56,459 to $57,374",WA,Female,7267.0,413597599.0,71046777.0,430609032.0,16872111.0,715.0,905381.0,441.0,20239770.0,429.0,10619458.0,1218.0,30646484.0,43.0,568554.0,20.0,155634.0,82.0,485014.0,127.0,517495.0,1727.0,4152556.0,5533.0,-11904150.0,5067.0,329.0,3130663.0,329.0,527339.0,407.0,6628438.0
38.0,"$56,459 to $57,374",WA,Male,5418.0,308380424.0,51992671.0,325889790.0,16515128.0,414.0,664473.0,736.0,49828753.0,719.0,29976804.0,686.0,20852488.0,14.0,312421.0,118.0,1028757.0,28.0,231028.0,92.0,426663.0,1217.0,4060917.0,4196.0,-12418077.0,2795.0,284.0,2751644.0,284.0,453900.0,407.0,6405822.0
39.0,"$57,375 to $58,297",ACT,Female,1172.0,67791409.0,11252758.0,71018167.0,3226758.0,110.0,-208866.0,49.0,1848377.0,49.0,989760.0,232.0,6963594.0,2.0,65213.0,3.0,20706.0,5.0,37002.0,34.0,117563.0,303.0,619427.0,869.0,-2157945.0,715.0,63.0,671868.0,63.0,103877.0,84.0,1363381.0
39.0,"$57,375 to $58,297",ACT,Male,1028.0,59461168.0,9462454.0,62648898.0,3187771.0,93.0,-241636.0,120.0,7682425.0,115.0,4914004.0,148.0,4340739.0,5.0,107838.0,19.0,213099.0,4.0,30046.0,15.0,61566.0,263.0,698691.0,764.0,-2005312.0,513.0,48.0,186879.0,48.0,32050.0,64.0,420854.0
39.0,"$57,375 to $58,297",NSW,Female,20322.0,1175440562.0,205753067.0,1230433693.0,54304831.0,2532.0,4963549.0,1382.0,76974792.0,1322.0,44726790.0,4163.0,113972810.0,110.0,1284055.0,53.0,382723.0,189.0,1243678.0,362.0,1509698.0,5175.0,13076432.0,15136.0,-34039637.0,11269.0,971.0,7757601.0,971.0,1249848.0,1191.0,20147269.0
39.0,"$57,375 to $58,297",NSW,Male,17341.0,1002891183.0,172862700.0,1058143477.0,54054029.0,1808.0,3962588.0,2154.0,177555689.0,2091.0,115867953.0,2325.0,74613179.0,67.0,1032464.0,417.0,3955492.0,69.0,693294.0,279.0,1170322.0,3928.0,12981683.0,13405.0,-35300474.0,7388.0,770.0,6855839.0,770.0,1019867.0,1047.0,25541838.0
39.0,"$57,375 to $58,297",NT,Female,584.0,33788644.0,5663855.0,35087303.0,1292320.0,53.0,29796.0,26.0,1016235.0,26.0,676118.0,95.0,2211759.0,1.0,5102.0,1.0,17463.0,5.0,32479.0,8.0,40028.0,96.0,188253.0,487.0,-1207528.0,288.0,17.0,66991.0,17.0,11470.0,24.0,163673.0
39.0,"$57,375 to $58,297",NT,Male,512.0,29606187.0,4884159.0,31250220.0,1644033.0,42.0,-17180.0,58.0,3707758.0,57.0,2379977.0,36.0,1306075.0,2.0,37766.0,8.0,47681.0,2.0,96396.0,7.0,28858.0,81.0,252304.0,431.0,-1246555.0,194.0,15.0,10768.0,15.0,1722.0,21.0,23195.0
39.0,"$57,375 to $58,297",Overseas or Unknown,Female,121.0,7003874.0,1396469.0,7303142.0,288751.0,35.0,594658.0,4.0,129729.0,2.0,29705.0,26.0,935539.0,0.0,0.0,0.0,0.0,1.0,18469.0,4.0,17007.0,30.0,273513.0,91.0,-429681.0,49.0,15.0,263402.0,15.0,77207.0,16.0,287909.0
39.0,"$57,375 to $58,297",Overseas or Unknown,Male,120.0,6944586.0,1481872.0,7212070.0,238597.0,28.0,632264.0,9.0,607624.0,7.0,41450.0,10.0,376090.0,0.0,0.0,1.0,9887.0,1.0,28764.0,1.0,4856.0,26.0,250343.0,91.0,-646653.0,34.0,13.0,370495.0,13.0,114568.0,15.0,447381.0
39.0,"$57,375 to $58,297",QLD,Female,14843.0,858377035.0,150131416.0,895809023.0,37159077.0,1288.0,3181708.0,1022.0,46325662.0,971.0,22922915.0,3460.0,88217299.0,107.0,1594295.0,50.0,412249.0,311.0,2459286.0,333.0,1359235.0,3706.0,9200269.0,11125.0,-21592949.0,7023.0,608.0,4691709.0,608.0,789418.0,787.0,16858791.0
39.0,"$57,375 to $58,297",QLD,Male,12730.0,736200781.0,127191158.0,776427442.0,39585997.0,880.0,2125084.0,1389.0,122934879.0,1332.0,86190432.0,1761.0,50651906.0,68.0,975385.0,383.0,3783745.0,91.0,1414275.0,247.0,998594.0,2608.0,8021946.0,10118.0,-24511660.0,4396.0,497.0,4432542.0,497.0,669475.0,674.0,15915419.0
39.0,"$57,375 to $58,297",SA,Female,4953.0,286425600.0,49869539.0,299098127.0,12616949.0,526.0,1161661.0,325.0,13425603.0,305.0,7134065.0,1085.0,27318002.0,41.0,441591.0,18.0,129551.0,59.0,379458.0,121.0,578467.0,1310.0,3056290.0,3640.0,-7411362.0,3106.0,231.0,2772890.0,231.0,374798.0,287.0,6838855.0
39.0,"$57,375 to $58,297",SA,Male,4633.0,267976140.0,45234370.0,282061933.0,13805739.0,412.0,807656.0,575.0,33947710.0,555.0,19441866.0,556.0,15492648.0,32.0,548598.0,133.0,1443695.0,27.0,595651.0,59.0,236354.0,1074.0,2968131.0,3555.0,-7930831.0,2283.0,204.0,2026392.0,204.0,289793.0,275.0,4774278.0
39.0,"$57,375 to $58,297",TAS,Female,1540.0,89070999.0,15526637.0,92609662.0,3491192.0,139.0,418582.0,81.0,3646900.0,77.0,2150157.0,271.0,6004254.0,8.0,65082.0,8.0,48860.0,17.0,450461.0,31.0,130180.0,378.0,817826.0,1161.0,-2439928.0,885.0,64.0,483482.0,64.0,85518.0,81.0,1122388.0
39.0,"$57,375 to $58,297",TAS,Male,1567.0,90641362.0,15327624.0,95195272.0,4549121.0,107.0,372592.0,190.0,14255674.0,188.0,9717304.0,132.0,3481715.0,9.0,193684.0,60.0,604827.0,4.0,95072.0,24.0,125371.0,319.0,795327.0,1247.0,-2683990.0,601.0,57.0,328916.0,57.0,41543.0,71.0,789232.0
39.0,"$57,375 to $58,297",VIC,Female,17472.0,1010508011.0,177096985.0,1056178249.0,45526745.0,1943.0,-710928.0,1292.0,53818492.0,1250.0,24924554.0,4127.0,116605680.0,90.0,1174633.0,42.0,330870.0,231.0,1309283.0,412.0,1657341.0,4519.0,10690247.0,12941.0,-28530248.0,8397.0,936.0,5918330.0,936.0,979909.0,1127.0,18890144.0
39.0,"$57,375 to $58,297",VIC,Male,15018.0,868586282.0,149841056.0,916748154.0,47623504.0,1442.0,-1597532.0,2196.0,144618159.0,2120.0,88877710.0,2305.0,74950901.0,50.0,905340.0,372.0,3787728.0,129.0,1013361.0,323.0,1298453.0,3393.0,11386521.0,11614.0,-30254547.0,5272.0,704.0,5088062.0,704.0,831072.0,949.0,16906375.0
39.0,"$57,375 to $58,297",WA,Female,7250.0,419289647.0,73252416.0,436546028.0,17177738.0,704.0,1130016.0,502.0,24067627.0,483.0,13767988.0,1256.0,31456447.0,36.0,588213.0,20.0,179291.0,73.0,374488.0,130.0,528579.0,1790.0,4449215.0,5455.0,-11687716.0,4964.0,335.0,3202909.0,335.0,506684.0,436.0,7467973.0
39.0,"$57,375 to $58,297",WA,Male,5288.0,305835257.0,52489556.0,322445572.0,15714345.0,434.0,357326.0,729.0,48947308.0,705.0,29754504.0,688.0,19769638.0,17.0,291491.0,112.0,1041474.0,30.0,541097.0,93.0,354974.0,1206.0,3897291.0,4079.0,-12064753.0,2726.0,251.0,2325931.0,251.0,364989.0,350.0,7430543.0
40.0,"$58,298 to $59,215",ACT,Female,1153.0,67768972.0,11483126.0,70962003.0,3191829.0,131.0,119990.0,68.0,2189821.0,59.0,1144245.0,246.0,6569727.0,6.0,79876.0,3.0,41550.0,10.0,45907.0,19.0,81889.0,292.0,613485.0,861.0,-2086971.0,685.0,60.0,231940.0,60.0,33963.0,84.0,690938.0
40.0,"$58,298 to $59,215",ACT,Male,1063.0,62446693.0,10129903.0,65453919.0,3007226.0,92.0,-149187.0,143.0,6334950.0,138.0,3215858.0,146.0,4425646.0,2.0,16328.0,28.0,291608.0,0.0,0.0,12.0,55591.0,295.0,772189.0,768.0,-1961019.0,516.0,56.0,218142.0,56.0,36563.0,75.0,505851.0
40.0,"$58,298 to $59,215",NSW,Female,20389.0,1197947663.0,213195409.0,1252407257.0,54069163.0,2511.0,6105140.0,1320.0,71613714.0,1267.0,39422788.0,4317.0,120183117.0,104.0,1257729.0,46.0,446335.0,206.0,1455532.0,423.0,1662945.0,5081.0,13085582.0,15295.0,-33845906.0,11374.0,933.0,7452347.0,933.0,1191913.0,1159.0,19039339.0
40.0,"$58,298 to $59,215",NSW,Male,17416.0,1023292095.0,179542498.0,1081655493.0,56278312.0,1870.0,1974049.0,2175.0,192408063.0,2111.0,127336517.0,2402.0,76289916.0,68.0,956896.0,366.0,3314153.0,66.0,971746.0,284.0,1099682.0,3842.0,13206813.0,13564.0,-35641487.0,7540.0,827.0,7982301.0,827.0,1103543.0,1103.0,20580223.0
40.0,"$58,298 to $59,215",NT,Female,609.0,35773419.0,6107487.0,37375278.0,1598730.0,52.0,-134503.0,23.0,851108.0,23.0,351772.0,93.0,1820860.0,7.0,105800.0,1.0,7355.0,2.0,9509.0,8.0,33653.0,107.0,269484.0,502.0,-1145177.0,275.0,15.0,182800.0,15.0,29654.0,18.0,306263.0
40.0,"$58,298 to $59,215",NT,Male,520.0,30550289.0,5122864.0,32042837.0,1492548.0,33.0,-100306.0,59.0,3177436.0,60.0,1920905.0,36.0,1265349.0,3.0,111501.0,7.0,33208.0,3.0,36843.0,3.0,4862.0,76.0,193833.0,444.0,-1270724.0,193.0,14.0,137648.0,14.0,24190.0,23.0,275683.0
40.0,"$58,298 to $59,215",Overseas or Unknown,Female,102.0,5989729.0,1243840.0,6231306.0,224082.0,32.0,572093.0,5.0,330889.0,5.0,60755.0,26.0,1097315.0,1.0,50863.0,1.0,7165.0,0.0,0.0,6.0,27938.0,25.0,228059.0,76.0,-315736.0,38.0,6.0,276250.0,6.0,80914.0,11.0,363131.0
40.0,"$58,298 to $59,215",Overseas or Unknown,Male,117.0,6875318.0,1496521.0,7137753.0,243973.0,31.0,575496.0,7.0,525528.0,7.0,213414.0,13.0,486778.0,1.0,64287.0,0.0,0.0,1.0,6488.0,6.0,16288.0,34.0,264113.0,80.0,-715648.0,30.0,15.0,395875.0,15.0,102690.0,16.0,438450.0
40.0,"$58,298 to $59,215",QLD,Female,14604.0,858074545.0,152697140.0,896000525.0,37536416.0,1290.0,2415971.0,941.0,43406417.0,909.0,20559023.0,3493.0,90452091.0,94.0,1064306.0,54.0,466323.0,304.0,2589836.0,360.0,1476553.0,3569.0,8980684.0,11031.0,-21445800.0,6904.0,619.0,5702867.0,619.0,887869.0,766.0,20025603.0
40.0,"$58,298 to $59,215",QLD,Male,12714.0,747021694.0,131215332.0,786891133.0,39206768.0,904.0,1705141.0,1345.0,117673061.0,1312.0,80677566.0,1861.0,54790700.0,76.0,994287.0,364.0,3408830.0,95.0,1542434.0,229.0,946373.0,2592.0,8267156.0,10118.0,-23787515.0,4311.0,531.0,4244885.0,531.0,702516.0,724.0,14924307.0
40.0,"$58,298 to $59,215",SA,Female,4935.0,289947389.0,51488824.0,301848273.0,11608292.0,540.0,1536893.0,318.0,12317051.0,311.0,6124993.0,1122.0,28436220.0,38.0,399760.0,22.0,224509.0,46.0,220213.0,126.0,567115.0,1300.0,2997807.0,3634.0,-7109156.0,3099.0,228.0,1703507.0,228.0,295091.0,281.0,3703319.0
40.0,"$58,298 to $59,215",SA,Male,4770.0,280253083.0,48190853.0,294749447.0,14367291.0,396.0,464066.0,611.0,37803220.0,586.0,22227259.0,612.0,17867002.0,24.0,398194.0,143.0,1734530.0,30.0,311050.0,88.0,397145.0,1114.0,3361750.0,3656.0,-8234161.0,2356.0,203.0,1722435.0,203.0,290176.0,288.0,5244002.0
40.0,"$58,298 to $59,215",TAS,Female,1525.0,89595013.0,15872983.0,93488471.0,3829662.0,159.0,453398.0,89.0,6003043.0,82.0,4078038.0,254.0,5577593.0,16.0,288724.0,5.0,50199.0,15.0,130320.0,25.0,107034.0,374.0,929297.0,1151.0,-2356129.0,841.0,74.0,1211241.0,74.0,175351.0,80.0,2423593.0
40.0,"$58,298 to $59,215",TAS,Male,1631.0,95819700.0,16579145.0,100534591.0,4714891.0,99.0,571855.0,188.0,9222071.0,181.0,6256414.0,143.0,3295251.0,5.0,76596.0,49.0,538357.0,2.0,31339.0,22.0,91962.0,346.0,862773.0,1285.0,-2702982.0,633.0,66.0,497977.0,66.0,79204.0,85.0,1026068.0
40.0,"$58,298 to $59,215",VIC,Female,17248.0,1013432815.0,180613596.0,1058292859.0,44770693.0,1968.0,-464109.0,1232.0,53278595.0,1170.0,27214640.0,4077.0,116610192.0,98.0,1246219.0,62.0,527148.0,229.0,1615448.0,429.0,1833326.0,4380.0,11237437.0,12863.0,-27698890.0,8308.0,921.0,7151206.0,921.0,1224003.0,1120.0,18558359.0
40.0,"$58,298 to $59,215",VIC,Male,15246.0,895856371.0,157354793.0,945295135.0,49199861.0,1436.0,-1084167.0,2168.0,143700882.0,2099.0,90503442.0,2390.0,76331556.0,75.0,1090720.0,347.0,3388924.0,116.0,1312546.0,327.0,1353954.0,3412.0,11493985.0,11829.0,-29955149.0,5369.0,704.0,6047705.0,704.0,945776.0,982.0,16885301.0
40.0,"$58,298 to $59,215",WA,Female,7061.0,414883959.0,73771434.0,431655351.0,16544692.0,714.0,956108.0,461.0,20698377.0,443.0,10289474.0,1241.0,30596506.0,46.0,582686.0,19.0,198820.0,78.0,654876.0,117.0,452164.0,1795.0,4415179.0,5262.0,-11259747.0,4911.0,328.0,3057712.0,328.0,516532.0,413.0,7434764.0
40.0,"$58,298 to $59,215",WA,Male,5451.0,320295923.0,55953760.0,336687237.0,15762739.0,437.0,946557.0,715.0,43321025.0,699.0,24255609.0,706.0,20777723.0,22.0,416523.0,95.0,839339.0,33.0,259196.0,78.0,264949.0,1260.0,4356931.0,4189.0,-11581158.0,2829.0,236.0,2694709.0,236.0,445051.0,324.0,6263402.0
41.0,"$59,216 to $60,133",ACT,Female,1120.0,66837657.0,11422366.0,69991183.0,3147290.0,140.0,-306398.0,69.0,2473470.0,68.0,1106135.0,216.0,6401483.0,4.0,119494.0,4.0,29747.0,9.0,41284.0,41.0,158976.0,314.0,665671.0,806.0,-2214138.0,703.0,59.0,299771.0,59.0,47225.0,73.0,625129.0
41.0,"$59,216 to $60,133",ACT,Male,1061.0,63310782.0,10358405.0,66515130.0,3204348.0,98.0,-241046.0,129.0,5571379.0,125.0,3089756.0,145.0,4409357.0,3.0,66801.0,17.0,110521.0,0.0,0.0,20.0,89120.0,306.0,783300.0,754.0,-2007512.0,518.0,70.0,567128.0,70.0,78618.0,98.0,1372031.0
41.0,"$59,216 to $60,133",NSW,Female,20368.0,1215477169.0,219726264.0,1269004079.0,53068871.0,2586.0,5831961.0,1329.0,68057150.0,1287.0,37420858.0,3997.0,115120940.0,105.0,1211711.0,31.0,258836.0,182.0,1143548.0,382.0,1574858.0,5384.0,14130931.0,14974.0,-32359335.0,11577.0,967.0,8199954.0,967.0,1311193.0,1183.0,22027290.0
41.0,"$59,216 to $60,133",NSW,Male,17686.0,1055470592.0,188232083.0,1112751250.0,56580281.0,1867.0,2937871.0,2070.0,169097349.0,1987.0,108725287.0,2212.0,70662771.0,61.0,967581.0,369.0,3407523.0,64.0,855567.0,232.0,978956.0,4126.0,14698752.0,13552.0,-34339931.0,7712.0,768.0,6896998.0,768.0,1168008.0,1064.0,24461867.0
41.0,"$59,216 to $60,133",NT,Female,642.0,38310029.0,6612052.0,40208570.0,1882135.0,83.0,-196213.0,32.0,1494464.0,31.0,818679.0,89.0,1592156.0,3.0,19281.0,0.0,0.0,3.0,28795.0,9.0,57664.0,124.0,241275.0,518.0,-1300179.0,321.0,22.0,270141.0,22.0,30685.0,30.0,648418.0
41.0,"$59,216 to $60,133",NT,Male,513.0,30609104.0,5247481.0,32000613.0,1381287.0,30.0,-73765.0,51.0,3235279.0,51.0,2196135.0,49.0,1161678.0,3.0,19248.0,9.0,111326.0,3.0,14421.0,4.0,7310.0,82.0,253216.0,430.0,-1098644.0,196.0,12.0,34787.0,12.0,5929.0,19.0,121755.0
41.0,"$59,216 to $60,133",Overseas or Unknown,Female,109.0,6506252.0,1384844.0,6795685.0,243805.0,32.0,680579.0,7.0,287309.0,5.0,16297.0,17.0,846829.0,0.0,0.0,0.0,0.0,0.0,0.0,1.0,4875.0,32.0,219133.0,74.0,-859380.0,44.0,9.0,367009.0,9.0,92967.0,15.0,483502.0
41.0,"$59,216 to $60,133",Overseas or Unknown,Male,119.0,7100700.0,1625672.0,7495849.0,329449.0,40.0,773668.0,9.0,429998.0,8.0,98111.0,16.0,752153.0,0.0,0.0,0.0,0.0,0.0,0.0,2.0,8774.0,42.0,413822.0,74.0,-691201.0,34.0,18.0,555383.0,18.0,146292.0,24.0,948521.0
41.0,"$59,216 to $60,133",QLD,Female,14524.0,866794313.0,156710094.0,902811778.0,35205879.0,1352.0,3129084.0,984.0,48198266.0,952.0,25675689.0,3403.0,88811106.0,114.0,1538665.0,52.0,457019.0,249.0,1841193.0,356.0,1420112.0,3878.0,9626479.0,10639.0,-20053848.0,7075.0,643.0,5263526.0,643.0,865853.0,789.0,10991008.0
41.0,"$59,216 to $60,133",QLD,Male,12771.0,762189113.0,136136030.0,803390194.0,40218537.0,873.0,1744462.0,1364.0,103017151.0,1331.0,66625485.0,1605.0,48012673.0,62.0,994171.0,322.0,3087320.0,74.0,1446465.0,213.0,823577.0,2699.0,9033760.0,10068.0,-23862168.0,4422.0,540.0,4547248.0,540.0,725123.0,735.0,11455897.0
41.0,"$59,216 to $60,133",SA,Female,4750.0,283455303.0,51060448.0,294460725.0,10996283.0,510.0,1181869.0,276.0,13361938.0,260.0,6676329.0,984.0,25682957.0,45.0,501542.0,15.0,156587.0,61.0,346661.0,108.0,485579.0,1263.0,3300988.0,3484.0,-6570636.0,2967.0,220.0,2460636.0,220.0,393407.0,269.0,5318622.0
41.0,"$59,216 to $60,133",SA,Male,4878.0,291075259.0,50942711.0,304368274.0,13193394.0,405.0,613493.0,628.0,104944820.0,599.0,88509166.0,590.0,17013051.0,22.0,533605.0,130.0,1394733.0,16.0,410302.0,83.0,346985.0,1228.0,3832951.0,3648.0,-8301936.0,2328.0,198.0,1333142.0,198.0,225074.0,261.0,3003885.0
41.0,"$59,216 to $60,133",TAS,Female,1436.0,85708431.0,15414686.0,89309647.0,3597297.0,142.0,496619.0,104.0,5864669.0,94.0,3464339.0,271.0,6420629.0,16.0,266119.0,7.0,73590.0,11.0,108430.0,21.0,87412.0,345.0,783068.0,1089.0,-2300811.0,791.0,63.0,565671.0,63.0,91759.0,71.0,1184234.0
41.0,"$59,216 to $60,133",TAS,Male,1494.0,89159899.0,15725151.0,93265130.0,4053106.0,82.0,151574.0,183.0,12268121.0,173.0,8485963.0,146.0,3624515.0,8.0,71460.0,46.0,479411.0,5.0,57633.0,18.0,61340.0,330.0,958288.0,1163.0,-2561113.0,590.0,62.0,377940.0,62.0,65829.0,85.0,2318781.0
41.0,"$59,216 to $60,133",VIC,Female,16999.0,1014374838.0,183613782.0,1060071804.0,45523441.0,1950.0,214406.0,1208.0,59263607.0,1156.0,32826454.0,3940.0,114151423.0,110.0,1379958.0,43.0,322888.0,209.0,1420461.0,402.0,1620906.0,4594.0,12044206.0,12399.0,-27265221.0,8329.0,855.0,6879650.0,855.0,1163672.0,1056.0,18194850.0
41.0,"$59,216 to $60,133",VIC,Male,15376.0,917697233.0,163916814.0,965772837.0,47763257.0,1490.0,-1964621.0,2126.0,151097468.0,2066.0,94320465.0,2352.0,72859336.0,66.0,938053.0,376.0,3705103.0,115.0,926232.0,291.0,1298660.0,3638.0,12604438.0,11732.0,-29286119.0,5411.0,718.0,5295439.0,718.0,883712.0,956.0,17833643.0
41.0,"$59,216 to $60,133",WA,Female,7100.0,423690750.0,76535168.0,440289808.0,16557053.0,721.0,999410.0,441.0,19520620.0,432.0,9165118.0,1262.0,31413967.0,47.0,720595.0,13.0,138028.0,76.0,579294.0,125.0,509706.0,1882.0,4556109.0,5210.0,-11944715.0,4929.0,325.0,2545492.0,325.0,441526.0,415.0,6650496.0
41.0,"$59,216 to $60,133",WA,Male,5524.0,329669227.0,58648409.0,346020798.0,16181685.0,441.0,342942.0,757.0,62124611.0,726.0,42025299.0,603.0,18081156.0,27.0,590269.0,105.0,999761.0,33.0,584199.0,89.0,322151.0,1355.0,4939582.0,4167.0,-11563084.0,2966.0,263.0,2447774.0,263.0,425365.0,385.0,5928492.0
42.0,"$60,134 to $61,073",ACT,Female,1196.0,72479915.0,12646393.0,75613148.0,3133233.0,148.0,-1142.0,41.0,1401817.0,42.0,464533.0,228.0,5900449.0,4.0,35713.0,2.0,32402.0,9.0,44477.0,22.0,95613.0,367.0,763356.0,829.0,-1923595.0,747.0,68.0,270266.0,68.0,45766.0,93.0,1006693.0
42.0,"$60,134 to $61,073",ACT,Male,1090.0,66054990.0,11093780.0,69478751.0,3422063.0,88.0,161496.0,117.0,6036532.0,111.0,3429665.0,148.0,4107513.0,6.0,123022.0,26.0,230458.0,6.0,21694.0,11.0,50775.0,306.0,839906.0,784.0,-1983029.0,510.0,69.0,246631.0,69.0,42257.0,83.0,851146.0
42.0,"$60,134 to $61,073",NSW,Female,19762.0,1197582275.0,220060240.0,1251042035.0,52986809.0,2568.0,5038193.0,1300.0,92275116.0,1245.0,61273596.0,4105.0,115407533.0,101.0,1005641.0,31.0,245406.0,178.0,1049328.0,372.0,1480456.0,5282.0,13546356.0,14467.0,-31983161.0,11305.0,943.0,7838170.0,943.0,1296808.0,1185.0,20289244.0
42.0,"$60,134 to $61,073",NSW,Male,17557.0,1064033923.0,192782528.0,1120982805.0,56141338.0,1883.0,2068835.0,2181.0,176422912.0,2112.0,114628447.0,2360.0,77593775.0,52.0,922201.0,370.0,3497403.0,57.0,496425.0,272.0,1152939.0,4189.0,14588266.0,13360.0,-33723829.0,7692.0,828.0,6782561.0,828.0,1188992.0,1110.0,21035684.0
42.0,"$60,134 to $61,073",NT,Female,615.0,37267912.0,6577128.0,38782728.0,1511827.0,66.0,-63669.0,45.0,2453838.0,42.0,1452315.0,106.0,1928022.0,4.0,61004.0,1.0,9680.0,5.0,23751.0,13.0,53206.0,119.0,271298.0,496.0,-1166190.0,287.0,17.0,125385.0,17.0,17762.0,22.0,326030.0
42.0,"$60,134 to $61,073",NT,Male,553.0,33509765.0,5860769.0,35295932.0,1786134.0,48.0,-64093.0,52.0,3333277.0,52.0,2444043.0,43.0,1080391.0,2.0,25804.0,8.0,39941.0,5.0,443751.0,5.0,35198.0,78.0,230667.0,475.0,-1339250.0,179.0,15.0,171172.0,15.0,30646.0,23.0,506674.0
42.0,"$60,134 to $61,073",Overseas or Unknown,Female,106.0,6423754.0,1342918.0,6695685.0,195088.0,25.0,347351.0,8.0,701037.0,6.0,28968.0,23.0,929549.0,0.0,0.0,0.0,0.0,0.0,0.0,2.0,8486.0,36.0,251021.0,69.0,-299799.0,34.0,11.0,417540.0,11.0,90946.0,12.0,538977.0
42.0,"$60,134 to $61,073",Overseas or Unknown,Male,119.0,7208516.0,1572207.0,7652048.0,329398.0,28.0,639187.0,5.0,455525.0,4.0,80043.0,15.0,576407.0,0.0,0.0,1.0,2259.0,1.0,136786.0,3.0,8486.0,36.0,319920.0,79.0,-779021.0,31.0,16.0,498445.0,16.0,120000.0,18.0,621515.0
42.0,"$60,134 to $61,073",QLD,Female,14356.0,870000119.0,159884899.0,907736924.0,37431040.0,1335.0,2484247.0,961.0,54553922.0,930.0,34074424.0,3411.0,88157373.0,111.0,1446957.0,42.0,365645.0,256.0,1978897.0,371.0,1422280.0,3858.0,9711644.0,10492.0,-20507709.0,7110.0,644.0,5844546.0,644.0,971682.0,801.0,14685714.0
42.0,"$60,134 to $61,073",QLD,Male,12928.0,783493566.0,142151636.0,825400266.0,41480250.0,927.0,1753977.0,1381.0,109563221.0,1354.0,71545882.0,1721.0,50836230.0,70.0,1142482.0,379.0,3642754.0,98.0,1252402.0,243.0,962496.0,2825.0,9298164.0,10098.0,-23497903.0,4461.0,567.0,5676492.0,567.0,891631.0,785.0,19172107.0
42.0,"$60,134 to $61,073",SA,Female,4810.0,291465322.0,53317613.0,303660084.0,12115419.0,508.0,931403.0,282.0,12376898.0,274.0,6815814.0,1038.0,26599267.0,50.0,667293.0,10.0,92447.0,63.0,346777.0,113.0,508898.0,1316.0,3107267.0,3492.0,-7079404.0,3008.0,227.0,2214278.0,227.0,377026.0,274.0,6878916.0
42.0,"$60,134 to $61,073",SA,Male,4913.0,297749691.0,53041638.0,312273415.0,14225235.0,453.0,617596.0,593.0,41780417.0,579.0,25778359.0,629.0,18302603.0,29.0,444643.0,131.0,1363924.0,14.0,246124.0,87.0,349051.0,1232.0,3834295.0,3679.0,-8252495.0,2358.0,216.0,2000950.0,216.0,348165.0,292.0,4735451.0
42.0,"$60,134 to $61,073",TAS,Female,1481.0,89759647.0,16365208.0,92859328.0,3094848.0,145.0,557040.0,101.0,7054634.0,101.0,3844095.0,247.0,5487183.0,7.0,100701.0,6.0,49812.0,6.0,22509.0,34.0,116167.0,419.0,1095521.0,1062.0,-2127858.0,823.0,73.0,705081.0,73.0,130006.0,87.0,1634321.0
42.0,"$60,134 to $61,073",TAS,Male,1621.0,98246760.0,17582928.0,103243554.0,4989995.0,109.0,574986.0,154.0,11516244.0,146.0,8238218.0,159.0,4239686.0,11.0,156627.0,41.0,492010.0,6.0,160429.0,20.0,84921.0,346.0,1037022.0,1273.0,-2578401.0,673.0,56.0,654123.0,56.0,106022.0,87.0,1498619.0
42.0,"$60,134 to $61,073",VIC,Female,16920.0,1025434882.0,188547865.0,1071621645.0,46007644.0,1982.0,-821836.0,1216.0,56614891.0,1162.0,28899328.0,4089.0,116193166.0,90.0,1285736.0,41.0,401912.0,193.0,1192144.0,431.0,1685596.0,4779.0,12350153.0,12133.0,-26017507.0,8290.0,885.0,7485857.0,885.0,1245430.0,1053.0,17366679.0
42.0,"$60,134 to $61,073",VIC,Male,15394.0,932931633.0,169166691.0,983680369.0,50235936.0,1475.0,-2375784.0,2177.0,140650543.0,2092.0,83151300.0,2397.0,78691176.0,53.0,962595.0,366.0,3576096.0,122.0,1057239.0,343.0,1478975.0,3638.0,12377375.0,11752.0,-29151816.0,5531.0,726.0,5919918.0,726.0,1004882.0,999.0,17441675.0
42.0,"$60,134 to $61,073",WA,Female,7265.0,440271683.0,80667146.0,458263967.0,17889508.0,708.0,1348714.0,472.0,24494307.0,453.0,13616095.0,1330.0,31763954.0,40.0,676097.0,13.0,134164.0,66.0,323980.0,126.0,507181.0,1987.0,4917917.0,5276.0,-11541079.0,5115.0,347.0,3274378.0,347.0,569582.0,442.0,7992017.0
42.0,"$60,134 to $61,073",WA,Male,5709.0,345958862.0,62433112.0,364101178.0,17582906.0,469.0,459873.0,771.0,51313613.0,759.0,29336602.0,666.0,20424511.0,12.0,268254.0,103.0,893572.0,25.0,280695.0,95.0,394047.0,1333.0,4707121.0,4371.0,-11882331.0,3019.0,294.0,2374552.0,294.0,409905.0,401.0,7054456.0
43.0,"$61,074 to $62,029",ACT,Female,1165.0,71702651.0,12834248.0,74684913.0,2981530.0,158.0,-135326.0,64.0,3048371.0,60.0,1415517.0,225.0,6192004.0,0.0,0.0,0.0,0.0,8.0,30855.0,21.0,91963.0,326.0,694645.0,839.0,-1974469.0,732.0,80.0,336070.0,80.0,55133.0,96.0,710410.0
43.0,"$61,074 to $62,029",ACT,Male,1071.0,65921159.0,11026359.0,69280253.0,3312177.0,106.0,-209690.0,119.0,6211127.0,117.0,3544566.0,150.0,4374720.0,4.0,54472.0,25.0,216635.0,1.0,8089.0,22.0,81024.0,285.0,770121.0,785.0,-1964711.0,556.0,49.0,262211.0,49.0,47543.0,66.0,541929.0
43.0,"$61,074 to $62,029",NSW,Female,19913.0,1225627039.0,228364294.0,1279653828.0,53628491.0,2739.0,6127688.0,1241.0,67940844.0,1210.0,37028690.0,4114.0,115954828.0,99.0,1156960.0,36.0,264080.0,209.0,1373272.0,384.0,1591488.0,5502.0,14326084.0,14399.0,-31886806.0,11427.0,957.0,6804921.0,957.0,1159766.0,1196.0,18493597.0
43.0,"$61,074 to $62,029",NSW,Male,17524.0,1078654855.0,198340701.0,1137363258.0,57306449.0,1888.0,2387941.0,2066.0,166365552.0,2028.0,106489525.0,2245.0,72492647.0,66.0,1123425.0,355.0,3422192.0,59.0,847409.0,253.0,1072214.0,4106.0,14084810.0,13414.0,-35291335.0,7656.0,823.0,6705554.0,823.0,1179600.0,1103.0,21209662.0
43.0,"$61,074 to $62,029",NT,Female,638.0,39274564.0,7009791.0,40865327.0,1590762.0,82.0,-208813.0,38.0,2695383.0,41.0,2109385.0,103.0,2553081.0,4.0,25877.0,0.0,0.0,5.0,32545.0,5.0,26570.0,109.0,224515.0,529.0,-1224479.0,329.0,19.0,76868.0,19.0,3394.0,22.0,199012.0
43.0,"$61,074 to $62,029",NT,Male,541.0,33293847.0,5931157.0,34917503.0,1623656.0,45.0,-77427.0,45.0,2840222.0,44.0,1926903.0,48.0,1337812.0,2.0,56237.0,6.0,59352.0,4.0,50208.0,6.0,19335.0,107.0,274401.0,434.0,-1121066.0,188.0,11.0,139782.0,11.0,19116.0,15.0,338235.0
43.0,"$61,074 to $62,029",Overseas or Unknown,Female,113.0,6956194.0,1460293.0,7229836.0,165753.0,29.0,439431.0,4.0,335626.0,3.0,3954.0,26.0,991555.0,1.0,14138.0,0.0,0.0,0.0,0.0,7.0,30641.0,37.0,233020.0,75.0,-476355.0,40.0,19.0,641969.0,19.0,161987.0,20.0,878560.0
43.0,"$61,074 to $62,029",Overseas or Unknown,Male,120.0,7387504.0,1612336.0,8350327.0,557967.0,24.0,321090.0,10.0,877508.0,9.0,257214.0,18.0,778608.0,0.0,0.0,1.0,14014.0,0.0,0.0,1.0,1212.0,45.0,366357.0,73.0,-625915.0,40.0,20.0,1007655.0,20.0,123054.0,22.0,1369669.0
43.0,"$61,074 to $62,029",QLD,Female,14094.0,867525782.0,161674805.0,903344432.0,35627534.0,1279.0,2042881.0,905.0,43642773.0,865.0,23604281.0,3242.0,84015750.0,98.0,1102916.0,54.0,417626.0,244.0,1918383.0,296.0,1215558.0,3766.0,9456822.0,10322.0,-19331699.0,6929.0,625.0,5878101.0,625.0,1021045.0,781.0,15336432.0
43.0,"$61,074 to $62,029",QLD,Male,12935.0,796174314.0,146873518.0,838210356.0,41726859.0,942.0,1397380.0,1311.0,96506742.0,1267.0,59726739.0,1774.0,53888974.0,55.0,694890.0,357.0,3486871.0,75.0,1146353.0,207.0,881230.0,2828.0,8870263.0,10104.0,-22853186.0,4626.0,543.0,4424515.0,543.0,732366.0,719.0,10535541.0
43.0,"$61,074 to $62,029",SA,Female,4760.0,292979398.0,54429422.0,305019093.0,11979882.0,511.0,425180.0,299.0,12128965.0,282.0,6069888.0,1052.0,26291136.0,42.0,479344.0,12.0,90017.0,55.0,379538.0,105.0,489347.0,1290.0,3068069.0,3466.0,-6970837.0,3027.0,249.0,2580951.0,249.0,446921.0,311.0,6851055.0
43.0,"$61,074 to $62,029",SA,Male,4981.0,306579897.0,55370071.0,321433016.0,14778616.0,459.0,735468.0,574.0,38663543.0,558.0,22929855.0,555.0,17267411.0,22.0,324218.0,117.0,1292158.0,18.0,85590.0,78.0,346431.0,1196.0,3534989.0,3781.0,-8320034.0,2480.0,237.0,1601736.0,237.0,274138.0,310.0,4618274.0
43.0,"$61,074 to $62,029",TAS,Female,1471.0,90545583.0,16819158.0,93965064.0,3413286.0,134.0,568953.0,90.0,3746099.0,86.0,1560284.0,266.0,5848309.0,14.0,192802.0,9.0,86314.0,15.0,96471.0,32.0,146995.0,403.0,995284.0,1067.0,-1985880.0,821.0,52.0,577494.0,52.0,108486.0,68.0,1348716.0
43.0,"$61,074 to $62,029",TAS,Male,1622.0,99830201.0,18172505.0,104845265.0,4986455.0,127.0,298684.0,201.0,14387982.0,197.0,10303749.0,136.0,4374042.0,11.0,171358.0,51.0,473855.0,0.0,0.0,20.0,67988.0,354.0,941943.0,1268.0,-2749011.0,624.0,76.0,713032.0,76.0,118283.0,101.0,2046294.0
43.0,"$61,074 to $62,029",VIC,Female,16996.0,1046111458.0,195395746.0,1092051272.0,45809022.0,2068.0,-1088534.0,1230.0,54567502.0,1180.0,28443340.0,3945.0,112208125.0,89.0,991589.0,44.0,389085.0,188.0,1145383.0,455.0,1880339.0,4768.0,12407752.0,12218.0,-26614439.0,8527.0,925.0,6949428.0,925.0,1256613.0,1130.0,16435195.0
43.0,"$61,074 to $62,029",VIC,Male,15807.0,972994099.0,179314904.0,1025598895.0,51684498.0,1507.0,-1719771.0,2129.0,143501680.0,2077.0,87928658.0,2431.0,79022863.0,60.0,746479.0,383.0,3687158.0,114.0,880606.0,308.0,1331794.0,3790.0,12835021.0,12009.0,-29724929.0,5794.0,735.0,5537870.0,735.0,1000150.0,1006.0,18636693.0
43.0,"$61,074 to $62,029",WA,Female,7098.0,436873513.0,81320399.0,454956531.0,17778699.0,720.0,1236810.0,443.0,21862246.0,419.0,11242705.0,1239.0,30546547.0,36.0,349467.0,22.0,126505.0,63.0,435373.0,113.0,427608.0,1901.0,4719810.0,5195.0,-11292570.0,5040.0,349.0,3003750.0,349.0,537983.0,444.0,6994663.0
43.0,"$61,074 to $62,029",WA,Male,5657.0,348178654.0,63972985.0,366946624.0,18460767.0,446.0,341344.0,699.0,46452822.0,671.0,27412493.0,638.0,18541517.0,14.0,193192.0,100.0,821838.0,36.0,546657.0,86.0,318572.0,1270.0,4398275.0,4384.0,-11957876.0,2998.0,256.0,2712336.0,256.0,400229.0,345.0,8468580.0
44.0,"$62,030 to $62,998",ACT,Female,1212.0,75754916.0,13717224.0,79163009.0,3407580.0,156.0,78127.0,67.0,3077293.0,59.0,1646968.0,254.0,7056286.0,0.0,0.0,5.0,41874.0,8.0,40621.0,26.0,128405.0,319.0,704264.0,893.0,-2081661.0,778.0,73.0,320552.0,73.0,57260.0,88.0,711009.0
44.0,"$62,030 to $62,998",ACT,Male,1140.0,71266811.0,12251924.0,74959659.0,3692218.0,108.0,-56495.0,112.0,7331557.0,110.0,5172209.0,138.0,4305232.0,3.0,23031.0,32.0,279698.0,4.0,22662.0,12.0,50991.0,313.0,810854.0,825.0,-2091600.0,564.0,73.0,472191.0,73.0,93008.0,94.0,1301120.0
44.0,"$62,030 to $62,998",NSW,Female,19858.0,1241367878.0,234641130.0,1297641984.0,55859724.0,2702.0,5252528.0,1320.0,69853445.0,1282.0,38734015.0,4165.0,119605269.0,82.0,1054194.0,38.0,383380.0,204.0,1169240.0,410.0,1584617.0,5389.0,14183183.0,14461.0,-32767983.0,11489.0,1073.0,8108784.0,1073.0,1425597.0,1283.0,22358344.0
44.0,"$62,030 to $62,998",NSW,Male,18079.0,1130105087.0,211289946.0,1190439746.0,59573383.0,1967.0,3167239.0,2168.0,178843196.0,2097.0,116212333.0,2471.0,83072758.0,71.0,1117153.0,372.0,3460847.0,74.0,1270287.0,301.0,1196501.0,4271.0,14747460.0,13801.0,-33782488.0,8132.0,809.0,6918259.0,809.0,1153396.0,1091.0,24248150.0
44.0,"$62,030 to $62,998",NT,Female,602.0,37643498.0,6832604.0,39202857.0,1559359.0,60.0,47886.0,28.0,1036304.0,28.0,461205.0,96.0,1962934.0,4.0,67939.0,1.0,15662.0,2.0,11667.0,12.0,47212.0,110.0,295496.0,492.0,-1129645.0,331.0,18.0,59763.0,18.0,10997.0,22.0,129422.0
44.0,"$62,030 to $62,998",NT,Male,512.0,31999155.0,5725984.0,33635161.0,1636055.0,45.0,64108.0,66.0,3342257.0,67.0,2024778.0,32.0,822491.0,3.0,20258.0,9.0,86945.0,4.0,153737.0,6.0,36403.0,84.0,280248.0,428.0,-1293692.0,189.0,11.0,88552.0,11.0,16807.0,17.0,187834.0
44.0,"$62,030 to $62,998",Overseas or Unknown,Female,102.0,6376941.0,1365176.0,6669149.0,175067.0,25.0,349333.0,5.0,151178.0,2.0,48585.0,23.0,734902.0,1.0,6195.0,0.0,0.0,0.0,0.0,2.0,6067.0,31.0,185098.0,69.0,-447039.0,46.0,9.0,435192.0,9.0,86453.0,12.0,577760.0
44.0,"$62,030 to $62,998",Overseas or Unknown,Male,115.0,7192137.0,1641130.0,7610064.0,355219.0,27.0,191381.0,9.0,892662.0,5.0,59518.0,15.0,850900.0,0.0,0.0,0.0,0.0,1.0,28420.0,1.0,2441.0,34.0,312410.0,76.0,-483909.0,30.0,13.0,620609.0,13.0,165924.0,17.0,794483.0
44.0,"$62,030 to $62,998",QLD,Female,14101.0,881453985.0,166640163.0,918423014.0,36683275.0,1339.0,2259710.0,945.0,47363540.0,927.0,23650448.0,3259.0,85203220.0,93.0,1287974.0,32.0,219859.0,253.0,1913341.0,312.0,1279403.0,3785.0,9758382.0,10308.0,-19470736.0,7116.0,692.0,6255948.0,692.0,1029486.0,839.0,14366907.0
44.0,"$62,030 to $62,998",QLD,Male,13091.0,818332990.0,153064533.0,862318623.0,43660034.0,990.0,2222864.0,1393.0,135058210.0,1339.0,93888473.0,1763.0,52450026.0,59.0,949799.0,377.0,3678603.0,85.0,1482388.0,222.0,809472.0,2881.0,9721938.0,10203.0,-23584899.0,4653.0,568.0,6147507.0,568.0,981877.0,792.0,16987287.0
44.0,"$62,030 to $62,998",SA,Female,4529.0,283113327.0,53282419.0,295188069.0,11645492.0,518.0,1418511.0,269.0,10712698.0,257.0,5058830.0,973.0,24923166.0,37.0,548095.0,9.0,78282.0,59.0,268290.0,116.0,472072.0,1303.0,3230275.0,3222.0,-5971818.0,2853.0,192.0,2426202.0,192.0,389836.0,237.0,6516324.0
44.0,"$62,030 to $62,998",SA,Male,4830.0,301938224.0,55485781.0,316964635.0,14595850.0,419.0,828121.0,585.0,46663484.0,570.0,32258783.0,568.0,16853143.0,19.0,165031.0,135.0,1374807.0,17.0,75417.0,75.0,317993.0,1262.0,3914923.0,3566.0,-8034377.0,2400.0,214.0,2753607.0,214.0,490484.0,283.0,7863076.0
44.0,"$62,030 to $62,998",TAS,Female,1436.0,89769944.0,16914954.0,93272320.0,3502032.0,134.0,625514.0,87.0,5401487.0,83.0,3686366.0,255.0,6397564.0,10.0,114651.0,1.0,1801.0,8.0,70634.0,31.0,138013.0,396.0,841587.0,1040.0,-2562250.0,836.0,64.0,506876.0,64.0,90767.0,79.0,1460176.0
44.0,"$62,030 to $62,998",TAS,Male,1679.0,104953980.0,19357582.0,109902930.0,4946898.0,122.0,264160.0,191.0,11211723.0,185.0,6729675.0,163.0,4295489.0,6.0,136112.0,47.0,509491.0,5.0,16340.0,25.0,86143.0,363.0,1066930.0,1315.0,-2725566.0,665.0,56.0,507903.0,56.0,92193.0,80.0,1671342.0
44.0,"$62,030 to $62,998",VIC,Female,16825.0,1051813085.0,199200702.0,1099469771.0,47316977.0,2029.0,-280805.0,1210.0,53545521.0,1176.0,28217860.0,4044.0,116959476.0,89.0,1064358.0,32.0,269285.0,203.0,1394427.0,401.0,1644921.0,4690.0,12403291.0,12122.0,-26570004.0,8453.0,881.0,7242288.0,881.0,1228562.0,1096.0,17923124.0
44.0,"$62,030 to $62,998",VIC,Male,15678.0,980097352.0,183367060.0,1033386910.0,52573766.0,1595.0,-1839011.0,2045.0,130579047.0,1968.0,76222016.0,2466.0,82025465.0,75.0,1277806.0,390.0,3733549.0,98.0,781484.0,301.0,1140408.0,3811.0,12825583.0,11859.0,-29504976.0,5688.0,755.0,5736726.0,755.0,985969.0,1057.0,16568993.0
44.0,"$62,030 to $62,998",WA,Female,6939.0,433724138.0,81982255.0,450825900.0,16590763.0,720.0,1008693.0,380.0,18988079.0,366.0,9618863.0,1245.0,30765341.0,36.0,628798.0,13.0,125011.0,72.0,378747.0,115.0,484096.0,1888.0,4857768.0,5043.0,-10662557.0,4934.0,343.0,3342093.0,343.0,582833.0,435.0,8075420.0
44.0,"$62,030 to $62,998",WA,Male,5722.0,357674730.0,66665187.0,375609750.0,17225731.0,475.0,892262.0,715.0,57878042.0,683.0,38285713.0,718.0,20726940.0,24.0,373493.0,92.0,764718.0,28.0,297488.0,98.0,346494.0,1358.0,4671821.0,4364.0,-11103289.0,3058.0,267.0,2362839.0,267.0,418640.0,397.0,5772686.0
45.0,"$62,999 to $63,986",ACT,Female,1120.0,71105675.0,13110139.0,74165137.0,2980734.0,139.0,-249739.0,44.0,949699.0,41.0,466818.0,219.0,6809481.0,5.0,80683.0,2.0,23358.0,7.0,40389.0,24.0,84260.0,319.0,630055.0,800.0,-1877329.0,709.0,69.0,232670.0,69.0,39328.0,82.0,490456.0
45.0,"$62,999 to $63,986",ACT,Male,1097.0,69641757.0,12161785.0,72856722.0,3214393.0,117.0,55070.0,117.0,6218347.0,112.0,3797858.0,165.0,5094777.0,2.0,75389.0,16.0,117636.0,2.0,48297.0,17.0,66671.0,332.0,816086.0,763.0,-1952863.0,565.0,83.0,378331.0,83.0,51819.0,105.0,824890.0
45.0,"$62,999 to $63,986",NSW,Female,20004.0,1270068005.0,243511136.0,1324920390.0,54471307.0,2679.0,5747128.0,1234.0,77398810.0,1186.0,48881491.0,4011.0,116312749.0,96.0,1367877.0,16.0,120043.0,135.0,867773.0,381.0,1565222.0,5592.0,14905426.0,14396.0,-32252547.0,11651.0,1012.0,7212133.0,1012.0,1303454.0,1247.0,18844671.0
45.0,"$62,999 to $63,986",NSW,Male,18190.0,1154927494.0,218609744.0,1213579133.0,58310643.0,1966.0,1883953.0,2154.0,182090398.0,2080.0,119344945.0,2306.0,76437307.0,59.0,888621.0,327.0,2902694.0,68.0,727821.0,266.0,1095785.0,4403.0,14727583.0,13776.0,-33546652.0,8139.0,892.0,7509282.0,892.0,1235911.0,1184.0,22539425.0
45.0,"$62,999 to $63,986",NT,Female,626.0,39740782.0,7367180.0,41215729.0,1474947.0,78.0,-176245.0,38.0,1506127.0,35.0,760849.0,94.0,2070503.0,3.0,27457.0,1.0,3159.0,6.0,33307.0,12.0,40816.0,132.0,303627.0,494.0,-1067761.0,305.0,17.0,108945.0,17.0,19762.0,21.0,236503.0
45.0,"$62,999 to $63,986",NT,Male,542.0,34415086.0,6312636.0,36331159.0,1908482.0,41.0,-61443.0,52.0,4429066.0,51.0,3081324.0,37.0,1101894.0,1.0,1981.0,8.0,42011.0,1.0,9983.0,3.0,12189.0,89.0,280969.0,453.0,-1178764.0,194.0,9.0,170885.0,9.0,38487.0,14.0,501136.0
45.0,"$62,999 to $63,986",Overseas or Unknown,Female,88.0,5587444.0,1312484.0,5847870.0,129488.0,23.0,547431.0,4.0,291865.0,4.0,92638.0,14.0,392255.0,0.0,0.0,0.0,0.0,0.0,0.0,4.0,18216.0,35.0,307293.0,52.0,-277470.0,27.0,12.0,763369.0,12.0,177902.0,13.0,768368.0
45.0,"$62,999 to $63,986",Overseas or Unknown,Male,131.0,8317808.0,1889678.0,8765466.0,361439.0,38.0,413515.0,10.0,868598.0,5.0,41549.0,16.0,672308.0,0.0,0.0,0.0,0.0,0.0,0.0,4.0,13372.0,43.0,393616.0,84.0,-546799.0,40.0,18.0,773384.0,18.0,185775.0,22.0,1118866.0
45.0,"$62,999 to $63,986",QLD,Female,13899.0,882443928.0,169154965.0,919339309.0,36631882.0,1335.0,2210001.0,891.0,44495688.0,860.0,21894018.0,3237.0,87464118.0,100.0,1313801.0,51.0,443101.0,222.0,1723573.0,325.0,1311647.0,3874.0,10089383.0,10018.0,-19391324.0,7083.0,666.0,5667397.0,666.0,1037632.0,819.0,15397983.0
45.0,"$62,999 to $63,986",QLD,Male,13109.0,832328622.0,157848745.0,875673961.0,42992234.0,1027.0,1414891.0,1405.0,102895879.0,1365.0,64914231.0,1714.0,51548674.0,50.0,608585.0,358.0,3292477.0,80.0,1402337.0,223.0,920722.0,2944.0,9474278.0,10161.0,-23492589.0,4768.0,562.0,4461504.0,562.0,744794.0,793.0,13217267.0
45.0,"$62,999 to $63,986",SA,Female,4526.0,287329079.0,54860568.0,299115795.0,11759464.0,528.0,379649.0,274.0,13333288.0,264.0,7282299.0,938.0,24595652.0,43.0,640416.0,10.0,77185.0,49.0,276262.0,115.0,467935.0,1333.0,3298477.0,3189.0,-6532120.0,3020.0,245.0,2292729.0,245.0,400990.0,299.0,7904421.0
45.0,"$62,999 to $63,986",SA,Male,5077.0,322365744.0,60036924.0,337971320.0,15518208.0,454.0,710401.0,605.0,39918861.0,592.0,23967945.0,632.0,18263793.0,28.0,370446.0,111.0,1162019.0,18.0,233732.0,76.0,288454.0,1362.0,3836907.0,3711.0,-8108685.0,2566.0,243.0,2256719.0,243.0,404940.0,322.0,5099175.0
45.0,"$62,999 to $63,986",TAS,Female,1399.0,88821403.0,16932717.0,92031354.0,3209951.0,135.0,338782.0,93.0,3907695.0,86.0,2045154.0,281.0,6364781.0,12.0,154706.0,7.0,70609.0,11.0,91265.0,34.0,167582.0,405.0,1046905.0,992.0,-2012196.0,803.0,68.0,612793.0,68.0,113856.0,77.0,1233047.0
45.0,"$62,999 to $63,986",TAS,Male,1508.0,95759997.0,17992001.0,100134163.0,4374169.0,131.0,517887.0,174.0,14140661.0,171.0,10486428.0,141.0,3843026.0,11.0,212021.0,46.0,420311.0,3.0,21516.0,19.0,57581.0,342.0,952416.0,1164.0,-2488651.0,650.0,52.0,475962.0,52.0,86334.0,69.0,1311531.0
45.0,"$62,999 to $63,986",VIC,Female,16555.0,1051050468.0,201779020.0,1098763990.0,47389623.0,2090.0,-1543505.0,1159.0,49639192.0,1109.0,25561868.0,3818.0,110036083.0,81.0,1006169.0,41.0,348716.0,184.0,1090562.0,376.0,1530150.0,4710.0,12383544.0,11836.0,-26243070.0,8441.0,921.0,8509015.0,921.0,1407619.0,1129.0,20916464.0
45.0,"$62,999 to $63,986",VIC,Male,15992.0,1015305804.0,192569300.0,1068826411.0,52441527.0,1599.0,-3256121.0,2124.0,166526827.0,2051.0,109222598.0,2404.0,79840280.0,71.0,1257533.0,360.0,3610972.0,94.0,755467.0,312.0,1287161.0,3933.0,13127115.0,12051.0,-29481715.0,5928.0,815.0,6125476.0,815.0,1106548.0,1083.0,15544723.0
45.0,"$62,999 to $63,986",WA,Female,6818.0,432902660.0,82956405.0,450543951.0,17107689.0,786.0,920702.0,464.0,19859534.0,450.0,10186591.0,1189.0,30180488.0,35.0,412655.0,16.0,142295.0,75.0,600421.0,98.0,364029.0,1976.0,5016304.0,4839.0,-10702761.0,4876.0,368.0,3527841.0,368.0,665496.0,453.0,7553314.0
45.0,"$62,999 to $63,986",WA,Male,5886.0,373730984.0,70512442.0,392653999.0,17881675.0,528.0,300617.0,732.0,60898438.0,710.0,41713671.0,689.0,20478778.0,25.0,394985.0,103.0,910839.0,32.0,532651.0,77.0,305815.0,1455.0,5114185.0,4426.0,-11942177.0,3269.0,271.0,3567598.0,271.0,468679.0,375.0,8359326.0
46.0,"$63,987 to $64,983",ACT,Female,1156.0,74542183.0,13898924.0,77690148.0,3143078.0,148.0,-291409.0,71.0,3593393.0,68.0,1854378.0,236.0,7143370.0,8.0,117637.0,2.0,4649.0,8.0,64881.0,32.0,149325.0,334.0,774667.0,821.0,-1929159.0,740.0,77.0,448513.0,77.0,77788.0,94.0,1035516.0
46.0,"$63,987 to $64,983",ACT,Male,1202.0,77506251.0,13898097.0,81494888.0,3744930.0,115.0,-488212.0,123.0,7138639.0,119.0,4634307.0,186.0,6008756.0,5.0,46937.0,22.0,167427.0,1.0,1237.0,19.0,72298.0,367.0,911535.0,835.0,-2086507.0,582.0,70.0,301142.0,70.0,56628.0,96.0,943958.0
46.0,"$63,987 to $64,983",NSW,Female,19673.0,1268559853.0,246382622.0,1324098216.0,54647729.0,2719.0,4756870.0,1298.0,66806041.0,1265.0,37178499.0,3994.0,117391253.0,92.0,1064576.0,32.0,206763.0,151.0,942416.0,396.0,1649931.0,5572.0,15615480.0,14089.0,-31409234.0,11705.0,1047.0,8477019.0,1047.0,1517570.0,1309.0,25778899.0
46.0,"$63,987 to $64,983",NSW,Male,18313.0,1180947324.0,226971792.0,1242473168.0,60963621.0,2090.0,3180962.0,2074.0,187277206.0,2026.0,125830996.0,2344.0,78937550.0,62.0,964933.0,335.0,2978291.0,69.0,905027.0,256.0,1039279.0,4481.0,15273691.0,13819.0,-34411344.0,8307.0,886.0,6980465.0,886.0,1220999.0,1166.0,22367442.0
46.0,"$63,987 to $64,983",NT,Female,610.0,39336232.0,7318842.0,40809659.0,1473427.0,79.0,34514.0,26.0,1235561.0,26.0,755732.0,86.0,1819776.0,1.0,23195.0,1.0,16271.0,4.0,17428.0,10.0,38678.0,126.0,292761.0,484.0,-1184652.0,311.0,19.0,94071.0,19.0,17923.0,19.0,193789.0
46.0,"$63,987 to $64,983",NT,Male,543.0,35016993.0,6487982.0,36816860.0,1762840.0,44.0,-97636.0,60.0,3249757.0,59.0,1972007.0,43.0,1148954.0,0.0,0.0,13.0,99538.0,3.0,172289.0,3.0,14467.0,86.0,321552.0,457.0,-1096094.0,210.0,22.0,204124.0,22.0,32633.0,30.0,436979.0
46.0,"$63,987 to $64,983",Overseas or Unknown,Female,94.0,6059969.0,1277445.0,6199909.0,120715.0,24.0,284682.0,4.0,438760.0,3.0,180926.0,26.0,891690.0,0.0,0.0,0.0,0.0,0.0,0.0,2.0,4801.0,30.0,207481.0,63.0,-425045.0,48.0,9.0,230394.0,9.0,53832.0,11.0,280163.0
46.0,"$63,987 to $64,983",Overseas or Unknown,Male,125.0,8058005.0,1804664.0,8302464.0,233107.0,25.0,449428.0,11.0,631062.0,10.0,242810.0,20.0,809246.0,0.0,0.0,0.0,0.0,0.0,0.0,3.0,7312.0,33.0,244064.0,90.0,-536821.0,38.0,12.0,335373.0,12.0,81386.0,17.0,508128.0
46.0,"$63,987 to $64,983",QLD,Female,13604.0,877286899.0,170507158.0,913596226.0,36156724.0,1356.0,2605714.0,847.0,37534839.0,803.0,17887403.0,3179.0,86737264.0,98.0,1163266.0,46.0,438064.0,201.0,1491937.0,327.0,1353134.0,3741.0,10188060.0,9853.0,-18235672.0,7088.0,664.0,7139506.0,664.0,1203758.0,836.0,18145697.0
46.0,"$63,987 to $64,983",QLD,Male,13109.0,845303811.0,162634399.0,889919351.0,43653820.0,1034.0,922515.0,1328.0,118157297.0,1283.0,80874375.0,1712.0,52154395.0,66.0,1201743.0,339.0,3203032.0,78.0,1202546.0,221.0,870214.0,3013.0,10184285.0,10088.0,-23749371.0,4831.0,580.0,6369091.0,580.0,1081475.0,796.0,17196276.0
46.0,"$63,987 to $64,983",SA,Female,4516.0,291193256.0,56413327.0,302716572.0,11439300.0,518.0,998421.0,284.0,13645085.0,271.0,6732941.0,944.0,25004718.0,33.0,411571.0,15.0,161395.0,45.0,237399.0,110.0,453029.0,1326.0,3408692.0,3187.0,-6251127.0,2999.0,230.0,1562931.0,230.0,297173.0,279.0,4483449.0
46.0,"$63,987 to $64,983",SA,Male,5151.0,332176324.0,62757567.0,348845910.0,16509176.0,489.0,85788.0,549.0,33977089.0,532.0,19657517.0,611.0,17985648.0,15.0,238404.0,122.0,1211584.0,19.0,257457.0,83.0,330519.0,1316.0,3996880.0,3834.0,-8388779.0,2665.0,248.0,2011433.0,248.0,344088.0,327.0,4687364.0
46.0,"$63,987 to $64,983",TAS,Female,1375.0,88649316.0,17155338.0,92141738.0,3491921.0,156.0,577318.0,79.0,4650118.0,80.0,3049734.0,272.0,6638335.0,10.0,135603.0,9.0,67164.0,8.0,44599.0,34.0,135338.0,410.0,991927.0,964.0,-2138219.0,819.0,81.0,810602.0,81.0,157933.0,88.0,1619085.0
46.0,"$63,987 to $64,983",TAS,Male,1620.0,104461641.0,19904550.0,109472760.0,5008161.0,127.0,284568.0,160.0,10975007.0,157.0,7621790.0,142.0,3883071.0,3.0,47721.0,35.0,345608.0,6.0,61861.0,28.0,118703.0,344.0,946955.0,1276.0,-2751057.0,662.0,70.0,633598.0,70.0,107532.0,95.0,1757521.0
46.0,"$63,987 to $64,983",VIC,Female,16369.0,1055548387.0,205350307.0,1102371141.0,46476572.0,2091.0,-1924173.0,1155.0,59542964.0,1116.0,32584742.0,3948.0,116866224.0,90.0,1118970.0,30.0,240060.0,155.0,833872.0,432.0,1709835.0,4813.0,13421920.0,11552.0,-25885367.0,8632.0,967.0,8608143.0,967.0,1526542.0,1160.0,19874091.0
46.0,"$63,987 to $64,983",VIC,Male,16259.0,1048491739.0,201853454.0,1103212478.0,54298617.0,1620.0,-3177097.0,2141.0,153180610.0,2073.0,97242862.0,2520.0,82069221.0,58.0,808252.0,341.0,3311851.0,100.0,769095.0,303.0,1197793.0,3914.0,13750850.0,12335.0,-29295849.0,6042.0,807.0,6811526.0,807.0,1149117.0,1070.0,15953830.0
46.0,"$63,987 to $64,983",WA,Female,6682.0,430887137.0,83684676.0,447470398.0,16485894.0,701.0,883248.0,403.0,18706362.0,387.0,9362854.0,1156.0,30038588.0,31.0,316860.0,15.0,109635.0,62.0,369329.0,134.0,533154.0,1910.0,4793323.0,4768.0,-10529608.0,4750.0,323.0,3034855.0,323.0,540206.0,407.0,7960117.0
46.0,"$63,987 to $64,983",WA,Male,5995.0,386610348.0,74332934.0,405160600.0,18503195.0,471.0,367663.0,720.0,47023897.0,704.0,25952578.0,671.0,20660903.0,23.0,330006.0,83.0,760176.0,25.0,222804.0,86.0,361465.0,1402.0,5140055.0,4590.0,-11885586.0,3228.0,290.0,2259224.0,290.0,428961.0,397.0,6493661.0
47.0,"$64,984 to $65,996",ACT,Female,1161.0,76034255.0,14477359.0,79287300.0,3253045.0,144.0,-186674.0,57.0,2913049.0,56.0,1553854.0,256.0,6453600.0,4.0,39275.0,2.0,25260.0,4.0,19634.0,28.0,126039.0,366.0,861316.0,795.0,-1841065.0,760.0,77.0,432895.0,77.0,81867.0,97.0,1136074.0
47.0,"$64,984 to $65,996",ACT,Male,1203.0,78770955.0,14166808.0,82429071.0,3655094.0,124.0,-417037.0,126.0,6264049.0,120.0,3313200.0,165.0,4826800.0,4.0,34945.0,21.0,206064.0,4.0,55437.0,14.0,56989.0,366.0,894663.0,836.0,-2290904.0,620.0,63.0,127229.0,63.0,22163.0,81.0,295135.0
47.0,"$64,984 to $65,996",NSW,Female,19279.0,1262531815.0,248853954.0,1320166349.0,57288853.0,2713.0,5168445.0,1274.0,78006178.0,1209.0,46283025.0,4117.0,120644748.0,92.0,1020830.0,30.0,254345.0,138.0,887113.0,389.0,1605717.0,5599.0,16288494.0,13673.0,-30344908.0,11421.0,1024.0,9231694.0,1024.0,1641987.0,1251.0,23635201.0
47.0,"$64,984 to $65,996",NSW,Male,18265.0,1196099903.0,232729899.0,1261167467.0,64436418.0,2049.0,1481314.0,2129.0,260393178.0,2083.0,193983497.0,2384.0,79909472.0,47.0,695037.0,316.0,2879784.0,58.0,646502.0,268.0,1089362.0,4563.0,15913142.0,13697.0,-34207263.0,8297.0,878.0,9613342.0,878.0,1228455.0,1174.0,24566551.0
47.0,"$64,984 to $65,996",NT,Female,609.0,39881660.0,7596956.0,41371138.0,1488080.0,89.0,-30103.0,29.0,1616556.0,28.0,826045.0,104.0,2914244.0,6.0,78211.0,1.0,11424.0,6.0,38245.0,13.0,54416.0,128.0,372804.0,481.0,-1076364.0,334.0,21.0,95065.0,21.0,18418.0,26.0,207353.0
47.0,"$64,984 to $65,996",NT,Male,578.0,37840311.0,7093459.0,39615811.0,1775008.0,51.0,10975.0,68.0,3548697.0,64.0,2551305.0,39.0,1026078.0,2.0,33295.0,6.0,50686.0,2.0,136914.0,5.0,13243.0,111.0,285465.0,467.0,-1159817.0,209.0,19.0,194169.0,19.0,36576.0,21.0,412210.0
47.0,"$64,984 to $65,996",Overseas or Unknown,Female,98.0,6420059.0,1400143.0,6746624.0,294842.0,28.0,431500.0,5.0,101777.0,5.0,81691.0,23.0,881770.0,0.0,0.0,0.0,0.0,0.0,0.0,2.0,4868.0,25.0,184545.0,73.0,-415309.0,47.0,12.0,306844.0,12.0,87181.0,15.0,362035.0
47.0,"$64,984 to $65,996",Overseas or Unknown,Male,114.0,7472376.0,1669991.0,7771325.0,237262.0,31.0,445400.0,6.0,806041.0,5.0,445714.0,11.0,372791.0,0.0,0.0,1.0,5607.0,0.0,0.0,0.0,0.0,35.0,282741.0,74.0,-669728.0,33.0,17.0,460546.0,17.0,134606.0,21.0,780440.0
47.0,"$64,984 to $65,996",QLD,Female,13651.0,893943073.0,176000520.0,931294376.0,37034387.0,1449.0,2647774.0,895.0,49811915.0,863.0,26826241.0,3219.0,87427680.0,97.0,1053440.0,42.0,355250.0,192.0,1539129.0,312.0,1242058.0,3876.0,10838737.0,9767.0,-19224263.0,7192.0,681.0,6629259.0,681.0,1194566.0,834.0,14612883.0
47.0,"$64,984 to $65,996",QLD,Male,13394.0,877135869.0,170994059.0,923097828.0,45675967.0,1018.0,1537836.0,1389.0,121326750.0,1333.0,83232802.0,1791.0,57304286.0,49.0,859192.0,328.0,3096532.0,87.0,1219141.0,235.0,885272.0,3053.0,10450576.0,10333.0,-24081893.0,4972.0,636.0,5274618.0,636.0,966408.0,839.0,12574737.0
47.0,"$64,984 to $65,996",SA,Female,4563.0,298831999.0,58640793.0,311025775.0,11934963.0,535.0,722809.0,301.0,15683119.0,292.0,8054675.0,1011.0,27300425.0,36.0,550871.0,10.0,105429.0,30.0,135549.0,118.0,537613.0,1365.0,3701584.0,3196.0,-6432160.0,3037.0,232.0,2461080.0,232.0,459921.0,297.0,7915403.0
47.0,"$64,984 to $65,996",SA,Male,5173.0,338778858.0,65050191.0,355531288.0,16672032.0,489.0,484130.0,568.0,35356122.0,557.0,18981938.0,600.0,18034627.0,24.0,355025.0,104.0,992203.0,20.0,101154.0,86.0,370053.0,1405.0,4381319.0,3765.0,-8241204.0,2614.0,241.0,2139721.0,241.0,360251.0,331.0,5042871.0
47.0,"$64,984 to $65,996",TAS,Female,1406.0,92074028.0,18021053.0,95657155.0,3582641.0,151.0,379187.0,82.0,3869532.0,76.0,2054399.0,243.0,6013210.0,10.0,180270.0,2.0,21572.0,7.0,42583.0,29.0,128029.0,393.0,1083731.0,1012.0,-2297862.0,807.0,68.0,730912.0,68.0,137738.0,76.0,1459618.0
47.0,"$64,984 to $65,996",TAS,Male,1680.0,110032873.0,21310350.0,115328912.0,5244926.0,114.0,491681.0,179.0,10368896.0,175.0,6663435.0,150.0,3946964.0,12.0,266967.0,54.0,570394.0,4.0,70710.0,21.0,74533.0,387.0,1191558.0,1293.0,-2641381.0,697.0,70.0,567273.0,70.0,103891.0,92.0,1383082.0
47.0,"$64,984 to $65,996",VIC,Female,16227.0,1062655139.0,209549379.0,1108708652.0,45589156.0,2083.0,-1491682.0,1124.0,59671147.0,1090.0,34301527.0,3880.0,115195643.0,81.0,1099140.0,39.0,326610.0,171.0,1069374.0,421.0,1659791.0,4817.0,13416722.0,11402.0,-24698179.0,8494.0,880.0,6944570.0,880.0,1265554.0,1115.0,18511620.0
47.0,"$64,984 to $65,996",VIC,Male,16337.0,1069865527.0,208689465.0,1124294934.0,53430955.0,1665.0,-3097432.0,2051.0,128445979.0,1976.0,74461356.0,2489.0,80891534.0,66.0,951428.0,361.0,3418728.0,95.0,676191.0,301.0,1191900.0,4142.0,14908425.0,12189.0,-29013026.0,6120.0,832.0,7592938.0,832.0,1377634.0,1081.0,17351345.0
47.0,"$64,984 to $65,996",WA,Female,6677.0,437207089.0,86085587.0,453844364.0,16627692.0,757.0,1156249.0,472.0,26590192.0,457.0,16223534.0,1182.0,30354741.0,39.0,511688.0,21.0,180827.0,45.0,413681.0,109.0,429389.0,1928.0,5432930.0,4744.0,-10281540.0,4829.0,354.0,3411567.0,354.0,651081.0,436.0,7519047.0
47.0,"$64,984 to $65,996",WA,Male,6052.0,396291863.0,76915638.0,415125179.0,18723409.0,523.0,67382.0,765.0,62922568.0,742.0,41259819.0,686.0,19925786.0,18.0,403316.0,100.0,904006.0,28.0,474160.0,90.0,348552.0,1486.0,5295446.0,4564.0,-12050280.0,3356.0,318.0,2924586.0,318.0,511077.0,427.0,8614068.0
48.0,"$65,997 to $67,030",ACT,Female,1193.0,79353664.0,15300279.0,82474382.0,3113569.0,152.0,151754.0,59.0,2136660.0,52.0,1257659.0,240.0,6750215.0,7.0,81142.0,4.0,17899.0,9.0,54894.0,26.0,106324.0,376.0,795027.0,817.0,-1810354.0,776.0,84.0,623849.0,84.0,115719.0,104.0,1628971.0
48.0,"$65,997 to $67,030",ACT,Male,1161.0,77229735.0,14161516.0,80938064.0,3705828.0,101.0,-50591.0,123.0,4818290.0,116.0,2558429.0,153.0,5489314.0,5.0,72343.0,21.0,240040.0,2.0,4658.0,19.0,80845.0,355.0,929967.0,806.0,-2031246.0,611.0,74.0,484045.0,74.0,86022.0,96.0,1212651.0
48.0,"$65,997 to $67,030",NSW,Female,19284.0,1282613963.0,255645577.0,1340146724.0,56513337.0,2815.0,3977054.0,1276.0,71660604.0,1211.0,38232980.0,4126.0,121299160.0,70.0,758347.0,26.0,254939.0,132.0,703331.0,407.0,1641847.0,5671.0,16169958.0,13604.0,-30882741.0,11734.0,1063.0,7585724.0,1063.0,1424257.0,1301.0,23126582.0
48.0,"$65,997 to $67,030",NSW,Male,18536.0,1232854954.0,243430155.0,1295851487.0,62524942.0,2131.0,1595844.0,2048.0,172561310.0,1994.0,113233543.0,2485.0,85451961.0,57.0,899823.0,349.0,3106983.0,64.0,528039.0,332.0,1353116.0,4743.0,16420601.0,13781.0,-33606977.0,8543.0,932.0,8173556.0,932.0,1449648.0,1279.0,19896487.0
48.0,"$65,997 to $67,030",NT,Female,674.0,44828070.0,8627463.0,46464379.0,1636309.0,75.0,-201062.0,38.0,1768460.0,32.0,1177323.0,95.0,2505592.0,6.0,73198.0,2.0,23607.0,4.0,11725.0,11.0,45437.0,132.0,366406.0,542.0,-1258271.0,361.0,20.0,106700.0,20.0,20587.0,24.0,228271.0
48.0,"$65,997 to $67,030",NT,Male,620.0,41225079.0,7845546.0,43114221.0,1877174.0,40.0,-8793.0,75.0,4152426.0,77.0,2622925.0,56.0,1760158.0,5.0,47973.0,5.0,49279.0,2.0,13288.0,8.0,34434.0,136.0,388606.0,484.0,-1257668.0,225.0,18.0,139091.0,18.0,26304.0,22.0,307720.0
48.0,"$65,997 to $67,030",Overseas or Unknown,Female,99.0,6583244.0,1394107.0,6784004.0,189703.0,29.0,405135.0,5.0,528915.0,5.0,321506.0,20.0,639160.0,0.0,0.0,0.0,0.0,0.0,0.0,2.0,4859.0,27.0,271341.0,72.0,-382123.0,41.0,10.0,231440.0,10.0,61805.0,10.0,333879.0
48.0,"$65,997 to $67,030",Overseas or Unknown,Male,114.0,7582037.0,1708012.0,7956929.0,207316.0,27.0,551466.0,7.0,650903.0,5.0,203875.0,18.0,636449.0,0.0,0.0,0.0,0.0,0.0,0.0,2.0,6059.0,39.0,362891.0,74.0,-488344.0,32.0,17.0,890368.0,17.0,211266.0,22.0,1142365.0
48.0,"$65,997 to $67,030",QLD,Female,13368.0,889104249.0,177356163.0,926295520.0,36789134.0,1331.0,2646604.0,854.0,43296347.0,836.0,20944941.0,3178.0,86034114.0,105.0,1243835.0,37.0,355822.0,192.0,1601772.0,309.0,1270930.0,3899.0,10626675.0,9462.0,-18709949.0,7184.0,667.0,6592200.0,667.0,1189958.0,839.0,15115370.0
48.0,"$65,997 to $67,030",QLD,Male,13273.0,882803335.0,174207153.0,930036405.0,46380952.0,1013.0,997221.0,1232.0,91354246.0,1199.0,56426718.0,1734.0,53912982.0,45.0,614176.0,319.0,2862014.0,68.0,899638.0,225.0,892672.0,3045.0,10271810.0,10219.0,-23761004.0,4873.0,571.0,5302426.0,571.0,949990.0,812.0,14095222.0
48.0,"$65,997 to $67,030",SA,Female,4276.0,284401786.0,56544935.0,295905864.0,11495762.0,528.0,772788.0,244.0,13168297.0,229.0,7557432.0,976.0,25350356.0,36.0,380018.0,12.0,131236.0,45.0,246261.0,113.0,432644.0,1305.0,3665881.0,2966.0,-5977847.0,2894.0,246.0,2793499.0,246.0,546047.0,294.0,8363471.0
48.0,"$65,997 to $67,030",SA,Male,5171.0,343940802.0,66968175.0,360806606.0,16809449.0,524.0,413053.0,547.0,41941520.0,536.0,25952777.0,627.0,19338962.0,29.0,458958.0,106.0,1066708.0,19.0,108597.0,77.0,334282.0,1386.0,4667718.0,3783.0,-8330704.0,2725.0,236.0,2023592.0,236.0,357379.0,320.0,7361463.0
48.0,"$65,997 to $67,030",TAS,Female,1422.0,94591980.0,18812221.0,98227491.0,3633842.0,154.0,230439.0,72.0,3512320.0,69.0,2099138.0,277.0,6276289.0,10.0,76906.0,8.0,89534.0,9.0,45598.0,33.0,143906.0,422.0,998018.0,999.0,-2055553.0,843.0,76.0,616205.0,76.0,124200.0,87.0,1608695.0
48.0,"$65,997 to $67,030",TAS,Male,1629.0,108339380.0,21148861.0,113447722.0,5085635.0,141.0,437726.0,188.0,15873248.0,183.0,11747346.0,129.0,3339608.0,7.0,127796.0,41.0,373662.0,5.0,116795.0,17.0,57697.0,385.0,1198353.0,1242.0,-2692187.0,679.0,61.0,410311.0,61.0,81630.0,98.0,1281706.0
48.0,"$65,997 to $67,030",VIC,Female,16333.0,1086309518.0,216854391.0,1133463571.0,47060567.0,2191.0,-1390511.0,1166.0,57702431.0,1108.0,30443957.0,3930.0,118052640.0,94.0,1042508.0,37.0,357380.0,171.0,851843.0,425.0,1689464.0,4860.0,13743842.0,11469.0,-26313687.0,8663.0,928.0,7332825.0,928.0,1357176.0,1139.0,16572168.0
48.0,"$65,997 to $67,030",VIC,Male,16630.0,1106040840.0,218725427.0,1162286378.0,55903618.0,1743.0,-3055225.0,2045.0,137618034.0,1982.0,85795388.0,2532.0,83105201.0,56.0,887704.0,324.0,2965562.0,91.0,595905.0,329.0,1360253.0,4139.0,14373107.0,12484.0,-30398016.0,6255.0,870.0,7466418.0,870.0,1339487.0,1168.0,18242669.0
48.0,"$65,997 to $67,030",WA,Female,6601.0,439042150.0,87428677.0,456371560.0,17264773.0,716.0,906732.0,414.0,21022205.0,402.0,10888552.0,1194.0,30606277.0,35.0,423562.0,15.0,91638.0,55.0,287071.0,123.0,479899.0,1928.0,5118790.0,4670.0,-10161542.0,4825.0,331.0,2989020.0,331.0,576068.0,422.0,7143689.0
48.0,"$65,997 to $67,030",WA,Male,6132.0,407845903.0,80395421.0,426898550.0,18848924.0,518.0,97083.0,727.0,52168629.0,706.0,31481201.0,675.0,20687532.0,26.0,340934.0,85.0,708977.0,25.0,305536.0,85.0,344482.0,1468.0,5141623.0,4659.0,-12497399.0,3450.0,293.0,2767310.0,293.0,530092.0,414.0,6419620.0
49.0,"$67,031 to $68,089",ACT,Female,1199.0,81002339.0,15776381.0,84112449.0,3110109.0,173.0,-163676.0,69.0,2913075.0,66.0,1271015.0,236.0,7344878.0,5.0,58289.0,0.0,0.0,4.0,34842.0,19.0,71426.0,377.0,869648.0,821.0,-1872676.0,788.0,88.0,316243.0,88.0,58509.0,104.0,862661.0
49.0,"$67,031 to $68,089",ACT,Male,1207.0,81535167.0,15224505.0,85253508.0,3717283.0,125.0,-698449.0,131.0,7068937.0,127.0,4321301.0,188.0,6731606.0,4.0,83515.0,22.0,162860.0,2.0,37637.0,25.0,93745.0,367.0,1002612.0,839.0,-2241853.0,635.0,83.0,286557.0,83.0,49196.0,102.0,626039.0
49.0,"$67,031 to $68,089",NSW,Female,19026.0,1285429283.0,259358082.0,1339483542.0,53783265.0,2738.0,4048497.0,1196.0,66226118.0,1162.0,35560935.0,4001.0,118121540.0,70.0,825199.0,27.0,223639.0,155.0,1055597.0,379.0,1439705.0,5730.0,15807439.0,13284.0,-30085046.0,11625.0,1066.0,8781848.0,1066.0,1684317.0,1312.0,21882882.0
49.0,"$67,031 to $68,089",NSW,Male,18352.0,1239838583.0,247710592.0,1302618676.0,61968726.0,2134.0,3095294.0,2004.0,176343366.0,1933.0,118982920.0,2422.0,82861220.0,48.0,770538.0,329.0,2943079.0,55.0,613637.0,302.0,1262227.0,4712.0,15796356.0,13634.0,-32617931.0,8566.0,911.0,6890958.0,911.0,1279946.0,1219.0,19887233.0
49.0,"$67,031 to $68,089",NT,Female,623.0,42098537.0,8208996.0,43776633.0,1677343.0,76.0,-90763.0,32.0,1379521.0,32.0,745499.0,92.0,2058457.0,2.0,28889.0,2.0,15629.0,4.0,22179.0,9.0,49220.0,134.0,348723.0,489.0,-1094519.0,322.0,22.0,94816.0,22.0,18884.0,26.0,190642.0
49.0,"$67,031 to $68,089",NT,Male,558.0,37698712.0,7266092.0,39654304.0,1952472.0,45.0,143730.0,58.0,3153325.0,57.0,2100122.0,45.0,1566673.0,3.0,113302.0,10.0,70693.0,2.0,43274.0,8.0,20093.0,107.0,340383.0,449.0,-1260122.0,207.0,18.0,87015.0,18.0,15761.0,24.0,217379.0
49.0,"$67,031 to $68,089",Overseas or Unknown,Female,95.0,6414427.0,1381429.0,6651313.0,224447.0,27.0,510168.0,8.0,167382.0,6.0,37932.0,21.0,657727.0,0.0,0.0,0.0,0.0,0.0,0.0,2.0,4859.0,38.0,259943.0,56.0,-320690.0,40.0,16.0,548009.0,16.0,146811.0,17.0,854310.0
49.0,"$67,031 to $68,089",Overseas or Unknown,Male,110.0,7430041.0,1707038.0,7727634.0,260684.0,26.0,340739.0,7.0,691620.0,7.0,304226.0,15.0,683854.0,0.0,0.0,2.0,20289.0,0.0,0.0,4.0,14560.0,29.0,368058.0,77.0,-515402.0,30.0,13.0,518680.0,13.0,150921.0,13.0,614774.0
49.0,"$67,031 to $68,089",QLD,Female,13223.0,893281726.0,180146790.0,930439219.0,37070263.0,1439.0,2235254.0,845.0,42461906.0,807.0,22940186.0,3074.0,83579923.0,96.0,1101307.0,28.0,250665.0,175.0,1274149.0,320.0,1316560.0,3860.0,10712143.0,9352.0,-18459459.0,7164.0,693.0,6655339.0,693.0,1264384.0,831.0,14974429.0
49.0,"$67,031 to $68,089",QLD,Male,13646.0,921923983.0,184452037.0,969964280.0,47204137.0,1106.0,686165.0,1329.0,103224396.0,1295.0,64534045.0,1768.0,55441621.0,58.0,775102.0,335.0,2930507.0,62.0,1016853.0,219.0,853614.0,3189.0,10914840.0,10446.0,-24245450.0,5140.0,626.0,6236094.0,626.0,1160911.0,847.0,17355997.0
49.0,"$67,031 to $68,089",SA,Female,4464.0,301567868.0,60560996.0,313660555.0,12058578.0,581.0,858664.0,273.0,15370725.0,262.0,8959897.0,1003.0,28205608.0,28.0,378096.0,9.0,109498.0,24.0,142539.0,103.0,444531.0,1415.0,3501516.0,3047.0,-6464592.0,3035.0,254.0,2575620.0,254.0,480458.0,326.0,6456272.0
49.0,"$67,031 to $68,089",SA,Male,5170.0,349236072.0,68716090.0,366214038.0,16531288.0,513.0,657262.0,539.0,43324701.0,520.0,28194820.0,588.0,17815756.0,22.0,408186.0,113.0,1067783.0,26.0,205711.0,84.0,363183.0,1371.0,4119843.0,3795.0,-7856636.0,2743.0,228.0,1845245.0,228.0,321105.0,331.0,6703641.0
49.0,"$67,031 to $68,089",TAS,Female,1346.0,90945827.0,18250776.0,94175974.0,3215497.0,140.0,565442.0,69.0,4491262.0,64.0,2332860.0,237.0,5961008.0,9.0,107616.0,6.0,53828.0,12.0,85691.0,25.0,104224.0,428.0,1138041.0,918.0,-1756467.0,812.0,68.0,830815.0,68.0,169217.0,80.0,1829787.0
49.0,"$67,031 to $68,089",TAS,Male,1686.0,113888452.0,22552382.0,119515618.0,5539591.0,116.0,311727.0,196.0,16673596.0,186.0,11737046.0,142.0,4110972.0,8.0,62671.0,40.0,447093.0,3.0,47824.0,23.0,77017.0,431.0,1268452.0,1254.0,-2753858.0,675.0,78.0,617440.0,78.0,121204.0,99.0,1987560.0
49.0,"$67,031 to $68,089",VIC,Female,16065.0,1085320342.0,219369647.0,1133477385.0,47926018.0,2166.0,-2484022.0,1161.0,62288470.0,1115.0,34860772.0,3844.0,113569794.0,68.0,623546.0,38.0,303925.0,162.0,850551.0,412.0,1672680.0,4924.0,14749789.0,11128.0,-25999804.0,8818.0,975.0,9522555.0,975.0,1676690.0,1181.0,22542527.0
49.0,"$67,031 to $68,089",VIC,Male,16664.0,1125825452.0,225421161.0,1184709526.0,58155207.0,1806.0,-4098966.0,2068.0,132741358.0,2010.0,77395804.0,2443.0,81964700.0,50.0,635969.0,330.0,3248644.0,114.0,987500.0,310.0,1392426.0,4236.0,15336672.0,12413.0,-30144333.0,6467.0,888.0,8091429.0,888.0,1453761.0,1191.0,19519999.0
49.0,"$67,031 to $68,089",WA,Female,6687.0,451804390.0,91052721.0,470108848.0,18252081.0,795.0,754076.0,390.0,19876686.0,384.0,10107310.0,1151.0,29783774.0,30.0,435145.0,15.0,97945.0,55.0,274277.0,94.0,395657.0,2068.0,5829905.0,4614.0,-10481764.0,4943.0,396.0,4433010.0,396.0,844528.0,478.0,9948663.0
49.0,"$67,031 to $68,089",WA,Male,6332.0,427795398.0,85226148.0,448798816.0,20162763.0,567.0,803117.0,725.0,49536044.0,709.0,28497050.0,727.0,21487253.0,15.0,202184.0,102.0,753135.0,30.0,697929.0,85.0,367294.0,1610.0,5960755.0,4717.0,-12397821.0,3571.0,325.0,2893290.0,325.0,521772.0,442.0,6741599.0
50.0,"$68,090 to $69,161",ACT,Female,1211.0,83097977.0,16428609.0,86173975.0,3053473.0,165.0,-245903.0,72.0,2370707.0,66.0,855098.0,268.0,8285393.0,5.0,112769.0,4.0,19106.0,3.0,26000.0,38.0,165938.0,402.0,924819.0,809.0,-1841695.0,787.0,75.0,467910.0,75.0,85982.0,92.0,1011434.0
50.0,"$68,090 to $69,161",ACT,Male,1238.0,84956620.0,15953485.0,88692183.0,3735563.0,136.0,-201610.0,132.0,7844425.0,124.0,4669668.0,214.0,7315593.0,6.0,50613.0,17.0,167661.0,2.0,11342.0,28.0,147628.0,370.0,994723.0,867.0,-2078650.0,662.0,74.0,222021.0,74.0,42042.0,100.0,736825.0
50.0,"$68,090 to $69,161",NSW,Female,18897.0,1296795791.0,264381052.0,1353068100.0,55936660.0,2742.0,5347996.0,1311.0,74411408.0,1280.0,41095598.0,4068.0,123025706.0,67.0,879538.0,31.0,271589.0,140.0,764589.0,383.0,1602486.0,5660.0,16741783.0,13229.0,-30348505.0,11539.0,1004.0,9953674.0,1004.0,1812758.0,1246.0,25024239.0
50.0,"$68,090 to $69,161",NSW,Male,18847.0,1293377988.0,261333467.0,1361243813.0,67023204.0,2235.0,3479191.0,2026.0,173181355.0,1975.0,110662610.0,2426.0,82261121.0,53.0,894771.0,352.0,3177245.0,65.0,459163.0,279.0,1083167.0,4774.0,16933544.0,14060.0,-35360579.0,8854.0,876.0,6529298.0,876.0,1233449.0,1220.0,19783050.0
50.0,"$68,090 to $69,161",NT,Female,700.0,48041853.0,9482845.0,50087293.0,2045445.0,94.0,-75574.0,34.0,1824135.0,31.0,925674.0,118.0,2519454.0,2.0,16696.0,1.0,13999.0,6.0,24460.0,5.0,13358.0,134.0,350705.0,566.0,-1265527.0,391.0,20.0,150373.0,20.0,28484.0,25.0,296484.0
50.0,"$68,090 to $69,161",NT,Male,620.0,42544130.0,8338149.0,44600558.0,2054478.0,46.0,-24165.0,60.0,2676516.0,58.0,1499487.0,46.0,1222014.0,0.0,0.0,7.0,40991.0,6.0,176316.0,5.0,25436.0,100.0,313656.0,520.0,-1301378.0,242.0,17.0,51360.0,17.0,9207.0,24.0,118794.0
50.0,"$68,090 to $69,161",Overseas or Unknown,Female,111.0,7611979.0,1742450.0,7861759.0,186164.0,32.0,580469.0,7.0,566133.0,8.0,67182.0,18.0,702670.0,1.0,17172.0,0.0,0.0,0.0,0.0,3.0,12161.0,45.0,429971.0,65.0,-485307.0,37.0,18.0,831138.0,18.0,231473.0,21.0,1261559.0
50.0,"$68,090 to $69,161",Overseas or Unknown,Male,116.0,7957869.0,1948798.0,8451324.0,325666.0,30.0,11727.0,4.0,190783.0,3.0,43682.0,12.0,416160.0,1.0,26879.0,0.0,0.0,0.0,0.0,4.0,12133.0,38.0,380177.0,77.0,-542215.0,30.0,13.0,874435.0,13.0,222919.0,20.0,1228561.0
50.0,"$68,090 to $69,161",QLD,Female,13050.0,895561690.0,182526053.0,932174547.0,36413812.0,1425.0,1324344.0,846.0,45668977.0,829.0,24619351.0,3056.0,82385092.0,89.0,1122558.0,36.0,301957.0,189.0,1343404.0,293.0,1162252.0,3828.0,10927796.0,9213.0,-19774260.0,6999.0,659.0,6364446.0,659.0,1258126.0,835.0,18638859.0
50.0,"$68,090 to $69,161",QLD,Male,13675.0,938495002.0,189651607.0,988081722.0,49117915.0,1168.0,1183600.0,1367.0,105807626.0,1347.0,64659382.0,1772.0,53728729.0,53.0,789428.0,350.0,3205352.0,95.0,1880376.0,225.0,923758.0,3178.0,10889720.0,10490.0,-24906422.0,5220.0,638.0,5451036.0,638.0,1043793.0,869.0,17608551.0
50.0,"$68,090 to $69,161",SA,Female,4349.0,298441460.0,60707904.0,310513550.0,12023100.0,558.0,1123167.0,298.0,15712457.0,300.0,7560024.0,952.0,25685904.0,45.0,710749.0,3.0,23198.0,46.0,255296.0,108.0,380916.0,1381.0,4091497.0,2967.0,-6195251.0,3042.0,238.0,2503988.0,238.0,492025.0,305.0,5680848.0
50.0,"$68,090 to $69,161",SA,Male,5100.0,350023567.0,69794892.0,366096851.0,15865587.0,477.0,311273.0,582.0,39769329.0,574.0,23094047.0,632.0,19619412.0,30.0,513223.0,121.0,1156551.0,21.0,248111.0,93.0,388078.0,1350.0,4426995.0,3744.0,-7977447.0,2764.0,247.0,2331034.0,247.0,412546.0,327.0,5430865.0
50.0,"$68,090 to $69,161",TAS,Female,1248.0,85626447.0,17428029.0,88828261.0,3172662.0,151.0,341587.0,76.0,6222193.0,73.0,3813267.0,246.0,5200961.0,7.0,136914.0,5.0,48765.0,10.0,94358.0,25.0,84842.0,382.0,945412.0,863.0,-1943862.0,758.0,52.0,403339.0,52.0,81477.0,70.0,1396394.0
50.0,"$68,090 to $69,161",TAS,Male,1669.0,114549001.0,23000659.0,119988404.0,5422201.0,135.0,349686.0,166.0,12683528.0,171.0,8971487.0,188.0,5039409.0,11.0,228403.0,41.0,432344.0,4.0,31027.0,23.0,95663.0,401.0,1246693.0,1267.0,-2882096.0,711.0,62.0,434070.0,62.0,87925.0,84.0,1589158.0
50.0,"$68,090 to $69,161",VIC,Female,16107.0,1105334356.0,225773788.0,1152979039.0,47435510.0,2139.0,-2288004.0,1179.0,54358387.0,1129.0,27601243.0,3928.0,117732631.0,84.0,954221.0,29.0,283195.0,153.0,786436.0,399.0,1652917.0,4823.0,14236407.0,11276.0,-25426073.0,8832.0,957.0,7483894.0,957.0,1472547.0,1155.0,17180637.0
50.0,"$68,090 to $69,161",VIC,Male,16711.0,1146800268.0,232033675.0,1205338599.0,57745737.0,1860.0,-3318399.0,2051.0,165982009.0,2011.0,113563276.0,2548.0,86354706.0,53.0,873583.0,335.0,3107505.0,82.0,677307.0,293.0,1177765.0,4279.0,14984076.0,12427.0,-30279623.0,6508.0,873.0,8135002.0,873.0,1485504.0,1176.0,24622770.0
50.0,"$68,090 to $69,161",WA,Female,6606.0,453286568.0,92341704.0,470856801.0,17433730.0,745.0,489311.0,420.0,18500296.0,411.0,9129249.0,1143.0,30227427.0,32.0,430290.0,7.0,36655.0,38.0,186765.0,102.0,428567.0,2000.0,5645166.0,4601.0,-9980834.0,4968.0,362.0,3387723.0,362.0,666102.0,465.0,7505857.0
50.0,"$68,090 to $69,161",WA,Male,6205.0,425830260.0,85956366.0,446413129.0,20365765.0,543.0,21142.0,687.0,44879743.0,671.0,25857117.0,697.0,21027697.0,22.0,304068.0,105.0,780965.0,31.0,608530.0,93.0,372411.0,1502.0,5359850.0,4701.0,-12750474.0,3484.0,299.0,3364379.0,299.0,622479.0,413.0,9130700.0
51.0,"$69,162 to $70,240",ACT,Female,1256.0,87556358.0,17494934.0,90917863.0,3361504.0,185.0,-338164.0,50.0,1801713.0,49.0,792410.0,280.0,8406297.0,2.0,38951.0,2.0,19514.0,4.0,14560.0,27.0,115785.0,384.0,882455.0,871.0,-2001827.0,833.0,89.0,484291.0,89.0,96436.0,108.0,1098726.0
51.0,"$69,162 to $70,240",ACT,Male,1231.0,85788994.0,16284346.0,89346923.0,3554892.0,136.0,-418698.0,118.0,6106285.0,108.0,3279133.0,185.0,6573605.0,1.0,1653.0,18.0,133880.0,3.0,105714.0,16.0,79807.0,357.0,905023.0,874.0,-2091702.0,689.0,89.0,456093.0,89.0,87351.0,118.0,1122356.0
51.0,"$69,162 to $70,240",NSW,Female,18800.0,1310403922.0,270118537.0,1366871103.0,55816684.0,2792.0,3022121.0,1210.0,87682385.0,1162.0,57162480.0,4210.0,126767730.0,64.0,855539.0,27.0,181152.0,124.0,801902.0,390.0,1689560.0,5676.0,17165397.0,13119.0,-30917307.0,11678.0,1096.0,10008748.0,1096.0,1947198.0,1327.0,28711322.0
51.0,"$69,162 to $70,240",NSW,Male,19086.0,1330382438.0,271914649.0,1397120304.0,65877395.0,2310.0,1809447.0,2042.0,206533683.0,1983.0,145777360.0,2506.0,85694413.0,44.0,650939.0,304.0,2684857.0,68.0,591266.0,257.0,1009663.0,4848.0,18083963.0,14232.0,-35624388.0,9055.0,948.0,8128070.0,948.0,1573266.0,1291.0,31051300.0
51.0,"$69,162 to $70,240",NT,Female,629.0,43846734.0,8767757.0,45454018.0,1596254.0,85.0,-58932.0,32.0,977547.0,34.0,367920.0,109.0,2585288.0,2.0,23712.0,2.0,11326.0,4.0,23682.0,13.0,38831.0,143.0,407579.0,486.0,-1119679.0,339.0,29.0,168852.0,29.0,33998.0,32.0,365708.0
51.0,"$69,162 to $70,240",NT,Male,626.0,43626866.0,8603742.0,45917517.0,2290651.0,51.0,-32948.0,77.0,4390509.0,75.0,2734377.0,65.0,1827298.0,3.0,36639.0,7.0,94752.0,2.0,98889.0,8.0,33933.0,131.0,448091.0,495.0,-1396523.0,238.0,26.0,228575.0,26.0,30795.0,34.0,664476.0
51.0,"$69,162 to $70,240",Overseas or Unknown,Female,86.0,5992953.0,1380755.0,6255848.0,169318.0,23.0,278225.0,6.0,471751.0,6.0,135152.0,21.0,853382.0,0.0,0.0,0.0,0.0,1.0,4826.0,5.0,18245.0,33.0,290205.0,53.0,-774030.0,31.0,17.0,851076.0,17.0,220903.0,20.0,1079184.0
51.0,"$69,162 to $70,240",Overseas or Unknown,Male,97.0,6756813.0,1554786.0,7073152.0,252242.0,25.0,138563.0,4.0,472436.0,2.0,342151.0,15.0,515075.0,1.0,68168.0,0.0,0.0,0.0,0.0,1.0,7283.0,28.0,221968.0,68.0,-545928.0,32.0,16.0,660950.0,16.0,183653.0,19.0,923652.0
51.0,"$69,162 to $70,240",QLD,Female,13018.0,907303428.0,187086941.0,945187940.0,37504306.0,1386.0,1100386.0,867.0,49761691.0,839.0,27596329.0,3175.0,89993682.0,102.0,1310867.0,27.0,278621.0,189.0,1482034.0,294.0,1251762.0,3775.0,11890074.0,9232.0,-18167801.0,7175.0,687.0,6451412.0,687.0,1265982.0,848.0,18550355.0
51.0,"$69,162 to $70,240",QLD,Male,13745.0,958087023.0,195717664.0,1006327090.0,47688278.0,1100.0,1533322.0,1353.0,104236641.0,1317.0,64902695.0,1782.0,53068448.0,60.0,938957.0,357.0,3354485.0,62.0,1354471.0,239.0,864013.0,3300.0,12063092.0,10438.0,-23739474.0,5323.0,641.0,6912082.0,641.0,1259848.0,861.0,17648914.0
51.0,"$69,162 to $70,240",SA,Female,4244.0,295794206.0,60704512.0,307131598.0,11150946.0,492.0,867997.0,221.0,11888244.0,214.0,6215543.0,979.0,27452468.0,37.0,458750.0,6.0,39073.0,24.0,135131.0,107.0,447733.0,1319.0,3830216.0,2924.0,-5869254.0,2945.0,251.0,2398116.0,251.0,481631.0,297.0,5778514.0
51.0,"$69,162 to $70,240",SA,Male,5274.0,367626162.0,74108784.0,384884899.0,17139834.0,527.0,423048.0,557.0,33860695.0,535.0,19335369.0,659.0,20245234.0,22.0,325098.0,114.0,1208036.0,16.0,327119.0,95.0,400483.0,1353.0,4471674.0,3919.0,-8412493.0,2828.0,240.0,2031919.0,240.0,372163.0,329.0,5541102.0
51.0,"$69,162 to $70,240",TAS,Female,1261.0,87906080.0,18081366.0,91183168.0,3273245.0,143.0,477020.0,87.0,4094661.0,87.0,2156326.0,259.0,6327077.0,10.0,152930.0,7.0,68662.0,8.0,77148.0,28.0,122620.0,365.0,1058381.0,895.0,-1945714.0,755.0,69.0,1077760.0,69.0,212650.0,83.0,2200578.0
51.0,"$69,162 to $70,240",TAS,Male,1579.0,110064211.0,22350177.0,114836853.0,4740592.0,124.0,252590.0,174.0,14775583.0,172.0,10337576.0,134.0,3930823.0,6.0,127122.0,46.0,415973.0,5.0,20979.0,23.0,112853.0,385.0,1162498.0,1193.0,-2621509.0,709.0,81.0,702402.0,81.0,140579.0,107.0,1533915.0
51.0,"$69,162 to $70,240",VIC,Female,15952.0,1111960896.0,229666092.0,1158606113.0,46414387.0,2157.0,-1846079.0,1126.0,57015701.0,1082.0,29757169.0,3925.0,116164801.0,81.0,1055292.0,19.0,160992.0,141.0,1043238.0,416.0,1696726.0,4899.0,15144671.0,11050.0,-24503653.0,8783.0,966.0,8799709.0,966.0,1690407.0,1166.0,23718779.0
51.0,"$69,162 to $70,240",VIC,Male,16937.0,1180587994.0,241645188.0,1243860101.0,62783614.0,1850.0,-5210552.0,2012.0,162524778.0,1941.0,102626847.0,2527.0,81727765.0,54.0,870878.0,300.0,2826107.0,85.0,646960.0,294.0,1205344.0,4240.0,15448532.0,12689.0,-30455305.0,6659.0,906.0,8387656.0,906.0,1563241.0,1227.0,23552327.0
51.0,"$69,162 to $70,240",WA,Female,6485.0,451995989.0,93059899.0,469268660.0,17246951.0,696.0,447911.0,402.0,19545343.0,401.0,9196077.0,1177.0,30920220.0,29.0,365334.0,7.0,67919.0,48.0,247250.0,110.0,421419.0,1935.0,5696933.0,4544.0,-10049564.0,4840.0,355.0,4136149.0,355.0,784779.0,444.0,8976126.0
51.0,"$69,162 to $70,240",WA,Male,6236.0,434637383.0,88637008.0,455546726.0,20174009.0,562.0,200738.0,745.0,48284502.0,716.0,26901322.0,710.0,20629832.0,17.0,342013.0,81.0,705543.0,28.0,254641.0,89.0,330707.0,1500.0,5989335.0,4734.0,-12462518.0,3599.0,308.0,3514406.0,308.0,657798.0,432.0,8286522.0
52.0,"$70,241 to $71,349",ACT,Female,1237.0,87588732.0,17799337.0,90859747.0,3230552.0,163.0,-203859.0,52.0,2202899.0,43.0,700728.0,312.0,10335313.0,2.0,34255.0,0.0,0.0,7.0,56417.0,33.0,155237.0,397.0,900724.0,840.0,-1888072.0,826.0,71.0,428756.0,71.0,70079.0,88.0,1221311.0
52.0,"$70,241 to $71,349",ACT,Male,1243.0,88002521.0,17077594.0,92075599.0,4073105.0,120.0,-468186.0,122.0,5990847.0,117.0,3582925.0,193.0,6756716.0,2.0,18148.0,25.0,221427.0,2.0,1994.0,23.0,107793.0,358.0,935957.0,883.0,-2262606.0,667.0,77.0,241240.0,77.0,44145.0,114.0,714505.0
52.0,"$70,241 to $71,349",NSW,Female,18808.0,1331480554.0,277391085.0,1389298212.0,56881573.0,2849.0,5584894.0,1224.0,80582779.0,1215.0,48857929.0,4160.0,128174910.0,52.0,734560.0,16.0,133906.0,95.0,541012.0,399.0,1690891.0,5605.0,17519234.0,13193.0,-30266210.0,11835.0,1091.0,10816434.0,1091.0,1945416.0,1344.0,25790414.0
52.0,"$70,241 to $71,349",NSW,Male,19244.0,1362306616.0,281274634.0,1430500435.0,67664177.0,2336.0,2953998.0,2081.0,171892338.0,2024.0,108320020.0,2503.0,85685817.0,40.0,717707.0,315.0,2671616.0,56.0,628472.0,273.0,1084160.0,4946.0,18283699.0,14285.0,-36201304.0,9376.0,1001.0,9282905.0,1001.0,1756420.0,1331.0,20306946.0
52.0,"$70,241 to $71,349",NT,Female,622.0,44032712.0,8888595.0,45727075.0,1685388.0,78.0,-183514.0,37.0,1952767.0,34.0,1136620.0,101.0,2422032.0,2.0,36818.0,4.0,26566.0,3.0,28217.0,11.0,45988.0,139.0,352809.0,483.0,-1163041.0,361.0,16.0,89348.0,16.0,18294.0,23.0,211264.0
52.0,"$70,241 to $71,349",NT,Male,694.0,49126393.0,9847201.0,51296054.0,2167337.0,73.0,140570.0,66.0,4662350.0,63.0,3272574.0,70.0,1806391.0,2.0,34059.0,8.0,44508.0,0.0,0.0,10.0,51554.0,136.0,364383.0,558.0,-1431033.0,284.0,19.0,252894.0,19.0,44940.0,32.0,501774.0
52.0,"$70,241 to $71,349",Overseas or Unknown,Female,102.0,7219357.0,1646916.0,7386182.0,166825.0,28.0,203059.0,7.0,360930.0,3.0,36381.0,18.0,925707.0,0.0,0.0,0.0,0.0,1.0,3084.0,6.0,23051.0,25.0,190132.0,74.0,-576683.0,44.0,12.0,424878.0,12.0,119278.0,13.0,610798.0
52.0,"$70,241 to $71,349",Overseas or Unknown,Male,126.0,8929244.0,2125898.0,9386159.0,239837.0,30.0,368853.0,8.0,473035.0,5.0,83799.0,14.0,589766.0,0.0,0.0,0.0,0.0,0.0,0.0,5.0,12231.0,35.0,293849.0,88.0,-505353.0,40.0,19.0,1074933.0,19.0,249895.0,26.0,1535976.0
52.0,"$70,241 to $71,349",QLD,Female,12878.0,911684562.0,190100620.0,948704295.0,36848924.0,1438.0,2067691.0,771.0,43463710.0,755.0,23203978.0,2983.0,84311012.0,99.0,1357784.0,36.0,265218.0,154.0,1300438.0,297.0,1221804.0,3869.0,11143958.0,9002.0,-18045590.0,7284.0,711.0,7329251.0,711.0,1423803.0,898.0,17670140.0
52.0,"$70,241 to $71,349",QLD,Male,13454.0,952456618.0,196928750.0,1001733542.0,49080698.0,1196.0,1968700.0,1299.0,100225332.0,1264.0,62775463.0,1763.0,55689972.0,56.0,826905.0,293.0,2502555.0,76.0,861748.0,230.0,884744.0,3245.0,11586792.0,10201.0,-24230694.0,5187.0,627.0,5455698.0,627.0,1090532.0,840.0,13375245.0
52.0,"$70,241 to $71,349",SA,Female,4416.0,312631831.0,64892995.0,325202239.0,12546251.0,555.0,851553.0,296.0,14267265.0,286.0,6717703.0,1026.0,28780971.0,23.0,285471.0,6.0,62120.0,33.0,200621.0,135.0,563929.0,1444.0,4282865.0,2971.0,-6417216.0,3048.0,266.0,2670894.0,266.0,526800.0,315.0,6111685.0
52.0,"$70,241 to $71,349",SA,Male,5266.0,372788361.0,75814443.0,390045517.0,17157581.0,517.0,651633.0,519.0,41675076.0,497.0,26921186.0,640.0,20011736.0,21.0,278458.0,118.0,1206684.0,8.0,75905.0,75.0,346387.0,1380.0,4556581.0,3883.0,-8253489.0,2870.0,278.0,2004743.0,278.0,370792.0,363.0,4857188.0
52.0,"$70,241 to $71,349",TAS,Female,1343.0,95083323.0,19763253.0,98639475.0,3553912.0,149.0,352928.0,76.0,4690441.0,76.0,2916449.0,292.0,6927759.0,9.0,122926.0,1.0,13567.0,13.0,90393.0,35.0,157959.0,403.0,1079869.0,940.0,-1927184.0,863.0,65.0,891700.0,65.0,172811.0,81.0,5154892.0
52.0,"$70,241 to $71,349",TAS,Male,1630.0,115381157.0,23654907.0,120637494.0,5255869.0,135.0,568775.0,181.0,14122463.0,183.0,9700000.0,139.0,3771834.0,6.0,157623.0,38.0,373231.0,3.0,137444.0,10.0,50953.0,413.0,1250101.0,1217.0,-2473405.0,700.0,85.0,847217.0,85.0,157701.0,107.0,1738870.0
52.0,"$70,241 to $71,349",VIC,Female,15794.0,1118063808.0,233352350.0,1165321496.0,47130939.0,2194.0,-2997059.0,1125.0,61343139.0,1078.0,32884723.0,3879.0,117776428.0,80.0,1090697.0,34.0,314379.0,120.0,614210.0,404.0,1686650.0,4820.0,14599070.0,10970.0,-25366718.0,8796.0,974.0,9532797.0,974.0,1924016.0,1179.0,25647289.0
52.0,"$70,241 to $71,349",VIC,Male,16819.0,1190662007.0,245947063.0,1249044289.0,57781601.0,1869.0,-4095661.0,2060.0,160133450.0,1996.0,100607948.0,2567.0,86040157.0,44.0,596136.0,294.0,2651917.0,87.0,493402.0,302.0,1177209.0,4415.0,16630067.0,12401.0,-29102395.0,6764.0,908.0,7346841.0,908.0,1424913.0,1205.0,18640293.0
52.0,"$70,241 to $71,349",WA,Female,6423.0,454733557.0,94586383.0,472581917.0,17636557.0,740.0,257266.0,367.0,19245326.0,364.0,10491885.0,1161.0,30660479.0,37.0,575598.0,6.0,39457.0,37.0,171582.0,104.0,404760.0,1938.0,5374966.0,4478.0,-10012581.0,4792.0,315.0,3358883.0,315.0,639535.0,399.0,7655372.0
52.0,"$70,241 to $71,349",WA,Male,6340.0,448871228.0,92477542.0,470291337.0,21208907.0,614.0,75595.0,740.0,52886517.0,720.0,30047951.0,681.0,20167395.0,17.0,311867.0,104.0,825464.0,23.0,292068.0,93.0,359655.0,1712.0,6620208.0,4622.0,-12595431.0,3620.0,301.0,3855135.0,301.0,676854.0,434.0,9002496.0
53.0,"$71,350 to $72,480",ACT,Female,1331.0,95716649.0,19679550.0,99136178.0,3418673.0,164.0,-281833.0,53.0,2043223.0,52.0,861829.0,343.0,10427027.0,2.0,48310.0,5.0,54341.0,9.0,36619.0,27.0,106121.0,422.0,897939.0,907.0,-1925703.0,920.0,92.0,348428.0,92.0,66222.0,120.0,790709.0
53.0,"$71,350 to $72,480",ACT,Male,1261.0,90682239.0,17875035.0,94618397.0,3933922.0,129.0,-594205.0,100.0,5152837.0,102.0,2897246.0,204.0,6880283.0,5.0,89186.0,18.0,185093.0,1.0,6249.0,27.0,98356.0,354.0,906079.0,904.0,-2294827.0,680.0,74.0,199594.0,74.0,38618.0,113.0,400386.0
53.0,"$71,350 to $72,480",NSW,Female,18844.0,1355221084.0,285394665.0,1412046287.0,56592677.0,2894.0,4174990.0,1201.0,77456796.0,1150.0,45530515.0,4248.0,129663804.0,68.0,979581.0,32.0,283619.0,119.0,819210.0,418.0,1795610.0,5602.0,17067064.0,13228.0,-30613254.0,11922.0,1107.0,8636902.0,1107.0,1706393.0,1358.0,26572730.0
53.0,"$71,350 to $72,480",NSW,Male,19311.0,1388800302.0,289779382.0,1458163452.0,68858518.0,2369.0,1753853.0,2057.0,178179754.0,2004.0,114350925.0,2559.0,86498152.0,57.0,933838.0,284.0,2490063.0,56.0,988160.0,297.0,1175230.0,4903.0,17962649.0,14390.0,-35890206.0,9639.0,1020.0,7832306.0,1020.0,1467340.0,1404.0,19888482.0
53.0,"$71,350 to $72,480",NT,Female,601.0,43203012.0,8785744.0,44761524.0,1558512.0,78.0,-29086.0,28.0,1547494.0,28.0,886904.0,109.0,2756777.0,1.0,15015.0,1.0,4195.0,2.0,6921.0,11.0,21824.0,144.0,358743.0,457.0,-1153906.0,325.0,24.0,84262.0,24.0,17376.0,27.0,185532.0
53.0,"$71,350 to $72,480",NT,Male,605.0,43516443.0,8799417.0,45531887.0,1989559.0,46.0,-32554.0,72.0,3997373.0,64.0,2562746.0,51.0,1558715.0,2.0,48807.0,18.0,130345.0,2.0,9528.0,7.0,32650.0,129.0,427650.0,476.0,-1234337.0,239.0,19.0,75589.0,19.0,15561.0,23.0,129184.0
53.0,"$71,350 to $72,480",Overseas or Unknown,Female,100.0,7189799.0,1719553.0,7375406.0,185593.0,25.0,264366.0,11.0,800258.0,8.0,103424.0,24.0,698018.0,0.0,0.0,0.0,0.0,0.0,0.0,2.0,15356.0,26.0,303514.0,71.0,-329481.0,40.0,20.0,687365.0,20.0,204463.0,22.0,1094482.0
53.0,"$71,350 to $72,480",Overseas or Unknown,Male,108.0,7765083.0,1880343.0,8104139.0,291306.0,26.0,392039.0,6.0,451382.0,4.0,94622.0,14.0,393252.0,2.0,53600.0,0.0,0.0,0.0,0.0,3.0,7289.0,37.0,345346.0,68.0,-670489.0,33.0,11.0,442727.0,11.0,120457.0,13.0,575793.0
53.0,"$71,350 to $72,480",QLD,Female,12877.0,925982560.0,194912534.0,963151252.0,36995879.0,1494.0,2273203.0,806.0,44662666.0,777.0,21941458.0,3114.0,86041679.0,92.0,1201275.0,26.0,205133.0,155.0,1503168.0,323.0,1256808.0,3882.0,11839261.0,8982.0,-18330827.0,7350.0,723.0,6861961.0,723.0,1340480.0,888.0,17754555.0
53.0,"$71,350 to $72,480",QLD,Male,13620.0,979493306.0,204488415.0,1029215674.0,49231488.0,1186.0,1982440.0,1256.0,98595876.0,1230.0,61631039.0,1715.0,53798208.0,57.0,757822.0,314.0,2771724.0,55.0,816681.0,212.0,871806.0,3264.0,12002674.0,10348.0,-24649241.0,5300.0,691.0,6775992.0,691.0,1262554.0,927.0,19043356.0
53.0,"$71,350 to $72,480",SA,Female,4220.0,303463250.0,63642764.0,315053102.0,11584163.0,591.0,978478.0,248.0,10759950.0,245.0,4751501.0,1021.0,27591790.0,34.0,569365.0,5.0,68194.0,32.0,173080.0,115.0,494163.0,1374.0,3991761.0,2844.0,-5970439.0,2980.0,261.0,2649472.0,261.0,538009.0,310.0,5556579.0
53.0,"$71,350 to $72,480",SA,Male,5187.0,372998645.0,76722260.0,389761166.0,16534618.0,549.0,253704.0,487.0,29276246.0,474.0,16269171.0,627.0,18753111.0,17.0,323245.0,99.0,945683.0,19.0,150221.0,88.0,367741.0,1365.0,4416449.0,3817.0,-8104729.0,2844.0,247.0,2124496.0,247.0,434879.0,345.0,5368082.0
53.0,"$71,350 to $72,480",TAS,Female,1288.0,92623826.0,19361570.0,96318456.0,3634461.0,163.0,555714.0,79.0,5969416.0,82.0,3682747.0,261.0,6516725.0,8.0,146970.0,3.0,28333.0,11.0,71210.0,38.0,184420.0,386.0,1173229.0,901.0,-2100738.0,799.0,64.0,789497.0,64.0,144460.0,72.0,2284921.0
53.0,"$71,350 to $72,480",TAS,Male,1615.0,116145347.0,24058499.0,121329263.0,5160286.0,148.0,173747.0,153.0,14815766.0,150.0,11034916.0,161.0,3879649.0,4.0,29072.0,53.0,572417.0,2.0,2610.0,20.0,80158.0,396.0,1170789.0,1217.0,-2621478.0,763.0,73.0,392811.0,73.0,75793.0,92.0,800064.0
53.0,"$71,350 to $72,480",VIC,Female,15769.0,1133990844.0,239077214.0,1181244347.0,46920934.0,2147.0,-1574719.0,1102.0,52920099.0,1046.0,25912884.0,3880.0,120708369.0,79.0,1058631.0,21.0,208898.0,128.0,843485.0,438.0,1673755.0,4852.0,14623797.0,10914.0,-25417561.0,8943.0,1014.0,7458508.0,1014.0,1520514.0,1231.0,18780519.0
53.0,"$71,350 to $72,480",VIC,Male,16902.0,1215487108.0,254106645.0,1277842782.0,61949421.0,1914.0,-3946508.0,2059.0,150385394.0,2004.0,93130163.0,2508.0,85458444.0,65.0,822682.0,270.0,2486000.0,66.0,665394.0,314.0,1274763.0,4435.0,16532332.0,12461.0,-30787574.0,6844.0,915.0,8795704.0,915.0,1728798.0,1237.0,21499976.0
53.0,"$71,350 to $72,480",WA,Female,6454.0,464097836.0,97596964.0,481561411.0,17445897.0,749.0,723393.0,361.0,16526623.0,341.0,7901217.0,1187.0,33297221.0,33.0,502537.0,7.0,62800.0,40.0,197606.0,109.0,413336.0,2068.0,6077931.0,4383.0,-10011215.0,4843.0,351.0,3414578.0,351.0,705793.0,436.0,7659665.0
53.0,"$71,350 to $72,480",WA,Male,6370.0,458076409.0,95431091.0,479584482.0,21319307.0,581.0,-128102.0,721.0,51964133.0,702.0,31146875.0,713.0,22754389.0,20.0,407902.0,98.0,874370.0,23.0,448312.0,79.0,316584.0,1606.0,6008062.0,4760.0,-12649269.0,3643.0,326.0,3629648.0,326.0,693910.0,448.0,8899467.0
54.0,"$72,481 to $73,634",ACT,Female,1383.0,101011106.0,21019513.0,105182171.0,4168574.0,196.0,-478728.0,52.0,1335355.0,50.0,470764.0,352.0,11355558.0,1.0,28821.0,4.0,31308.0,9.0,38681.0,41.0,196607.0,383.0,870523.0,997.0,-3089727.0,918.0,77.0,710995.0,77.0,125632.0,104.0,1880940.0
54.0,"$72,481 to $73,634",ACT,Male,1334.0,97460732.0,19410270.0,101752010.0,4290167.0,138.0,-196081.0,150.0,6538084.0,137.0,3611537.0,220.0,8239571.0,6.0,119676.0,11.0,94225.0,3.0,123703.0,23.0,129861.0,397.0,1001142.0,936.0,-2309699.0,707.0,89.0,407088.0,89.0,71984.0,132.0,1137673.0
54.0,"$72,481 to $73,634",NSW,Female,18744.0,1369334149.0,291091545.0,1429730500.0,59443531.0,2944.0,5305718.0,1204.0,75819123.0,1155.0,44425893.0,4334.0,130847466.0,61.0,601752.0,23.0,187953.0,144.0,796101.0,430.0,1824369.0,5576.0,17331694.0,13159.0,-31432633.0,11982.0,1109.0,10020348.0,1109.0,1953493.0,1373.0,26936901.0
54.0,"$72,481 to $73,634",NSW,Male,19603.0,1432106453.0,301841961.0,1503435070.0,70792620.0,2476.0,666691.0,2074.0,209684150.0,2005.0,146711368.0,2549.0,89008998.0,40.0,603481.0,276.0,2475413.0,67.0,768636.0,283.0,1209843.0,4817.0,18187314.0,14774.0,-36957076.0,9593.0,974.0,7997330.0,974.0,1536973.0,1338.0,21404998.0
54.0,"$72,481 to $73,634",NT,Female,638.0,46616630.0,9592287.0,48583426.0,1966796.0,81.0,-16566.0,34.0,2134644.0,33.0,1389735.0,110.0,2624104.0,3.0,39673.0,0.0,0.0,3.0,3062.0,13.0,48031.0,138.0,392086.0,499.0,-1225804.0,382.0,17.0,120362.0,17.0,22999.0,21.0,227937.0
54.0,"$72,481 to $73,634",NT,Male,661.0,48290380.0,9844432.0,50473748.0,2183148.0,93.0,88966.0,65.0,4380023.0,64.0,2727225.0,58.0,1416653.0,3.0,21022.0,8.0,47994.0,3.0,160479.0,6.0,15806.0,149.0,481633.0,512.0,-1320340.0,262.0,23.0,206378.0,23.0,42350.0,40.0,399547.0
54.0,"$72,481 to $73,634",Overseas or Unknown,Female,86.0,6283730.0,1522202.0,6483045.0,150105.0,20.0,396479.0,5.0,478556.0,3.0,6167.0,17.0,613721.0,0.0,0.0,0.0,0.0,0.0,0.0,0.0,0.0,21.0,251456.0,56.0,-274370.0,35.0,19.0,533123.0,19.0,152232.0,21.0,711042.0
54.0,"$72,481 to $73,634",Overseas or Unknown,Male,129.0,9423702.0,2337692.0,9756710.0,303560.0,29.0,803212.0,7.0,1285040.0,5.0,854944.0,10.0,437664.0,0.0,0.0,0.0,0.0,0.0,0.0,1.0,1201.0,44.0,412166.0,80.0,-526383.0,38.0,12.0,429852.0,12.0,121541.0,18.0,679646.0
54.0,"$72,481 to $73,634",QLD,Female,12408.0,906459295.0,192525914.0,943800635.0,37228725.0,1463.0,1372989.0,794.0,41626180.0,763.0,18905919.0,3004.0,85041653.0,94.0,1240316.0,22.0,166009.0,147.0,936386.0,284.0,1158002.0,3654.0,11771158.0,8743.0,-17756119.0,7158.0,711.0,8231694.0,711.0,1694330.0,885.0,17501501.0
54.0,"$72,481 to $73,634",QLD,Male,13870.0,1013271151.0,213517396.0,1064470071.0,50740120.0,1325.0,1595197.0,1294.0,117492478.0,1250.0,78608231.0,1710.0,52422424.0,61.0,820778.0,346.0,3237558.0,60.0,884583.0,200.0,788445.0,3272.0,12140065.0,10593.0,-25593453.0,5495.0,721.0,6185604.0,721.0,1218507.0,1016.0,16782717.0
54.0,"$72,481 to $73,634",SA,Female,4087.0,298538333.0,63206289.0,310272778.0,11700577.0,578.0,987829.0,271.0,14248226.0,256.0,7530402.0,951.0,26402647.0,24.0,308523.0,6.0,61415.0,42.0,231236.0,114.0,474874.0,1230.0,3781400.0,2856.0,-6317080.0,2871.0,235.0,2591199.0,235.0,545269.0,285.0,5950149.0
54.0,"$72,481 to $73,634",SA,Male,5088.0,371754736.0,77168037.0,388406437.0,16372414.0,576.0,504613.0,480.0,37054015.0,472.0,23080610.0,648.0,19836063.0,14.0,210834.0,98.0,923924.0,16.0,183380.0,90.0,356944.0,1353.0,4442284.0,3733.0,-8125261.0,2804.0,224.0,2072383.0,224.0,424337.0,298.0,6408037.0
54.0,"$72,481 to $73,634",TAS,Female,1244.0,90886766.0,19272284.0,94531131.0,3611332.0,165.0,325605.0,72.0,5326142.0,71.0,3182794.0,259.0,5845289.0,10.0,135207.0,4.0,41009.0,9.0,70891.0,33.0,150485.0,355.0,1153958.0,889.0,-2086607.0,789.0,64.0,1066899.0,64.0,219299.0,80.0,5284248.0
54.0,"$72,481 to $73,634",TAS,Male,1553.0,113452905.0,23812288.0,118772235.0,5279724.0,128.0,251089.0,159.0,16940207.0,155.0,12808087.0,138.0,3298561.0,11.0,193466.0,37.0,314646.0,1.0,4346.0,15.0,65513.0,371.0,1265013.0,1181.0,-2628194.0,689.0,64.0,1115205.0,64.0,200706.0,82.0,2278469.0
54.0,"$72,481 to $73,634",VIC,Female,15789.0,1153425172.0,245350035.0,1203730981.0,49846292.0,2202.0,-2704992.0,1140.0,57532665.0,1083.0,28069129.0,3917.0,121271503.0,73.0,1036353.0,17.0,115744.0,129.0,629544.0,403.0,1726099.0,4833.0,15654087.0,10944.0,-25377932.0,8953.0,1024.0,10478718.0,1024.0,1928993.0,1227.0,24642942.0
54.0,"$72,481 to $73,634",VIC,Male,17065.0,1246747296.0,263382122.0,1309358196.0,62020378.0,2023.0,-4029811.0,1979.0,144185318.0,1930.0,91963203.0,2550.0,88791441.0,47.0,749281.0,275.0,2482601.0,77.0,690332.0,313.0,1257864.0,4267.0,16267059.0,12793.0,-31587833.0,7105.0,946.0,8055350.0,946.0,1565756.0,1276.0,19849381.0
54.0,"$72,481 to $73,634",WA,Female,6410.0,468323336.0,99426812.0,486423846.0,17534034.0,753.0,560482.0,373.0,20011034.0,354.0,11069599.0,1160.0,32002717.0,20.0,285217.0,8.0,53776.0,42.0,218807.0,122.0,484937.0,1984.0,6001163.0,4425.0,-10204954.0,4879.0,380.0,3511172.0,380.0,706551.0,460.0,7893974.0
54.0,"$72,481 to $73,634",WA,Male,6443.0,470690363.0,99216593.0,492440591.0,21654366.0,646.0,332822.0,736.0,52768627.0,710.0,31374739.0,719.0,22467288.0,18.0,241996.0,73.0,670424.0,20.0,346884.0,89.0,383842.0,1600.0,6324588.0,4842.0,-12857380.0,3824.0,301.0,3079878.0,301.0,637877.0,459.0,7479587.0
55.0,"$73,635 to $74,800",ACT,Female,1423.0,105622512.0,22339196.0,109278959.0,3643369.0,195.0,-395137.0,62.0,2051126.0,61.0,908513.0,366.0,11835664.0,4.0,19214.0,2.0,19117.0,9.0,27839.0,44.0,194161.0,430.0,950826.0,991.0,-2234639.0,963.0,89.0,757403.0,89.0,142082.0,105.0,1781362.0
55.0,"$73,635 to $74,800",ACT,Male,1381.0,102495517.0,20740398.0,107458789.0,4953284.0,142.0,-319834.0,127.0,6168356.0,121.0,3492588.0,267.0,9665143.0,2.0,32931.0,22.0,221693.0,2.0,46046.0,44.0,187971.0,430.0,1246024.0,949.0,-2454734.0,768.0,109.0,643919.0,109.0,104272.0,135.0,1451777.0
55.0,"$73,635 to $74,800",NSW,Female,18611.0,1381209507.0,296378631.0,1439410514.0,57597115.0,2908.0,3701915.0,1236.0,75468561.0,1173.0,41319316.0,4412.0,138781043.0,68.0,858101.0,21.0,138673.0,87.0,708577.0,469.0,2111406.0,5481.0,18292172.0,13118.0,-31605334.0,12042.0,1181.0,11640156.0,1181.0,2251965.0,1434.0,27635886.0
55.0,"$73,635 to $74,800",NSW,Male,19401.0,1439860170.0,306532184.0,1512306897.0,71478266.0,2491.0,719837.0,1942.0,167352456.0,1878.0,110628986.0,2688.0,95289703.0,50.0,677057.0,288.0,2450287.0,49.0,540769.0,340.0,1470097.0,4776.0,17918621.0,14622.0,-37019088.0,9637.0,999.0,7742578.0,999.0,1519224.0,1376.0,26041917.0
55.0,"$73,635 to $74,800",NT,Female,650.0,48249586.0,10074500.0,49998705.0,1749119.0,93.0,-94859.0,38.0,1484870.0,34.0,971190.0,119.0,3089703.0,1.0,4353.0,1.0,3316.0,2.0,8080.0,16.0,61847.0,147.0,424762.0,503.0,-1261187.0,382.0,18.0,47488.0,18.0,9009.0,22.0,100328.0
55.0,"$73,635 to $74,800",NT,Male,694.0,51505085.0,10648050.0,54029363.0,2523903.0,72.0,-258517.0,65.0,4491520.0,61.0,3222986.0,52.0,1265129.0,3.0,22666.0,13.0,91149.0,5.0,191045.0,7.0,29059.0,122.0,386542.0,572.0,-1424334.0,277.0,24.0,327552.0,24.0,70083.0,41.0,681220.0
55.0,"$73,635 to $74,800",Overseas or Unknown,Female,116.0,8609252.0,2069622.0,9006346.0,327564.0,31.0,716268.0,9.0,536060.0,4.0,33797.0,19.0,623999.0,0.0,0.0,0.0,0.0,0.0,0.0,3.0,17001.0,31.0,381600.0,83.0,-505226.0,48.0,15.0,723235.0,15.0,182244.0,18.0,1062491.0
55.0,"$73,635 to $74,800",Overseas or Unknown,Male,120.0,8904491.0,2207085.0,9159610.0,236489.0,33.0,561597.0,6.0,268897.0,4.0,10851.0,16.0,566895.0,0.0,0.0,1.0,3370.0,1.0,17999.0,1.0,1201.0,43.0,456577.0,76.0,-542003.0,37.0,21.0,926483.0,21.0,283256.0,25.0,1337377.0
55.0,"$73,635 to $74,800",QLD,Female,12466.0,925168850.0,198601576.0,962463784.0,37127667.0,1420.0,1408602.0,796.0,52468441.0,781.0,30001530.0,3071.0,87860320.0,81.0,1111581.0,20.0,170216.0,144.0,936674.0,313.0,1327126.0,3685.0,12033928.0,8773.0,-18083434.0,7304.0,737.0,7846491.0,737.0,1559357.0,921.0,20256405.0
55.0,"$73,635 to $74,800",QLD,Male,13770.0,1021992443.0,217918348.0,1074401178.0,51871954.0,1214.0,390227.0,1270.0,97469246.0,1214.0,61137926.0,1725.0,56257434.0,40.0,476667.0,305.0,2702193.0,60.0,757300.0,230.0,945684.0,3098.0,11775249.0,10667.0,-25602385.0,5543.0,650.0,4856069.0,650.0,969551.0,891.0,14305528.0
55.0,"$73,635 to $74,800",SA,Female,4000.0,296839675.0,63415807.0,308730261.0,11863687.0,586.0,840563.0,233.0,15146605.0,218.0,8073773.0,930.0,24510550.0,26.0,300938.0,6.0,43362.0,20.0,90409.0,115.0,483531.0,1210.0,3867724.0,2786.0,-6127648.0,2823.0,229.0,2665243.0,229.0,554726.0,279.0,6466363.0
55.0,"$73,635 to $74,800",SA,Male,5272.0,391277830.0,82384245.0,409989231.0,18653652.0,613.0,344879.0,500.0,52393205.0,491.0,37860935.0,641.0,19577005.0,16.0,361582.0,108.0,1127977.0,14.0,109654.0,80.0,309755.0,1359.0,4693616.0,3913.0,-8728118.0,2968.0,266.0,3112182.0,266.0,628823.0,363.0,6835251.0
55.0,"$73,635 to $74,800",TAS,Female,1297.0,96245594.0,20536566.0,100071966.0,3826040.0,157.0,854122.0,67.0,2816200.0,67.0,1312082.0,246.0,5249503.0,5.0,69999.0,1.0,14260.0,11.0,51618.0,33.0,124723.0,391.0,1223455.0,905.0,-2194342.0,869.0,93.0,1283138.0,93.0,274215.0,110.0,2695005.0
55.0,"$73,635 to $74,800",TAS,Male,1520.0,112789628.0,23929684.0,117936777.0,5016201.0,119.0,48452.0,157.0,12666875.0,151.0,8798559.0,137.0,3690926.0,3.0,47405.0,35.0,281915.0,0.0,0.0,16.0,66680.0,376.0,1273853.0,1144.0,-2335434.0,728.0,71.0,748544.0,71.0,131557.0,89.0,2261593.0
55.0,"$73,635 to $74,800",VIC,Female,15656.0,1161950841.0,249993814.0,1210314267.0,48224436.0,2278.0,-2967896.0,1090.0,56911627.0,1073.0,30186233.0,4015.0,127737552.0,75.0,901662.0,21.0,161778.0,123.0,936429.0,453.0,1903909.0,4659.0,14669842.0,10989.0,-25687755.0,9031.0,1016.0,8350886.0,1016.0,1713738.0,1229.0,18728475.0
55.0,"$73,635 to $74,800",VIC,Male,17212.0,1277400383.0,272502140.0,1339902639.0,62178446.0,1994.0,-3886919.0,1978.0,142645202.0,1922.0,90434687.0,2589.0,88941908.0,43.0,682360.0,299.0,2840163.0,78.0,718261.0,286.0,1191060.0,4246.0,16572530.0,12960.0,-31519300.0,7280.0,995.0,7614946.0,995.0,1485440.0,1327.0,18637203.0
55.0,"$73,635 to $74,800",WA,Female,6235.0,462768707.0,99180109.0,480674382.0,17744811.0,819.0,169875.0,385.0,21274477.0,366.0,10782730.0,1153.0,30835758.0,24.0,325701.0,9.0,53594.0,40.0,184632.0,119.0,461172.0,1856.0,5823071.0,4375.0,-10062171.0,4759.0,339.0,3429912.0,339.0,712382.0,437.0,7647188.0
55.0,"$73,635 to $74,800",WA,Male,6615.0,490885362.0,104424117.0,513285444.0,22310360.0,628.0,646503.0,692.0,52219135.0,668.0,31725334.0,732.0,22166628.0,19.0,330870.0,101.0,796495.0,27.0,232768.0,69.0,231991.0,1631.0,6508814.0,4980.0,-13163936.0,3898.0,319.0,3216676.0,319.0,655168.0,473.0,8018408.0
56.0,"$74,801 to $75,997",ACT,Female,1445.0,108971706.0,23252076.0,112498437.0,3526731.0,194.0,-578543.0,66.0,2151479.0,64.0,904276.0,354.0,11304183.0,4.0,28821.0,2.0,14674.0,10.0,50898.0,34.0,131239.0,462.0,1031047.0,983.0,-2169670.0,954.0,81.0,530841.0,81.0,110102.0,93.0,1456974.0
56.0,"$74,801 to $75,997",ACT,Male,1399.0,105459080.0,21584650.0,110072971.0,4597720.0,176.0,-301656.0,124.0,6707023.0,124.0,4345822.0,244.0,8386175.0,5.0,100008.0,16.0,128224.0,1.0,31296.0,29.0,98254.0,441.0,1184141.0,958.0,-2451878.0,804.0,84.0,551952.0,84.0,112093.0,126.0,1324161.0
56.0,"$74,801 to $75,997",NSW,Female,17986.0,1356104599.0,293706923.0,1413537916.0,57069171.0,3007.0,4219568.0,1189.0,68784350.0,1148.0,36684703.0,4011.0,124785559.0,64.0,738565.0,17.0,111087.0,97.0,507523.0,404.0,1659138.0,5697.0,18492691.0,12279.0,-31061042.0,11710.0,1155.0,10743984.0,1155.0,2212805.0,1421.0,28123518.0
56.0,"$74,801 to $75,997",NSW,Male,19849.0,1496481617.0,322002583.0,1568818098.0,71771576.0,2551.0,225536.0,2046.0,193189778.0,1986.0,130145078.0,2711.0,94696646.0,47.0,701914.0,273.0,2299266.0,34.0,472829.0,304.0,1250382.0,5152.0,19792747.0,14684.0,-37647329.0,10023.0,1057.0,8061763.0,1057.0,1598341.0,1446.0,21257317.0
56.0,"$74,801 to $75,997",NT,Female,596.0,44935104.0,9427781.0,46926425.0,1991319.0,91.0,-124738.0,34.0,2593759.0,33.0,1546715.0,113.0,2479556.0,2.0,8638.0,0.0,0.0,6.0,42926.0,15.0,46029.0,117.0,354915.0,479.0,-1124122.0,345.0,29.0,161529.0,29.0,34876.0,31.0,338927.0
56.0,"$74,801 to $75,997",NT,Male,701.0,52842986.0,10967539.0,55369280.0,2521285.0,70.0,-101762.0,78.0,5659701.0,80.0,3629785.0,46.0,1358260.0,1.0,8615.0,9.0,60787.0,5.0,151185.0,5.0,12088.0,147.0,590898.0,554.0,-1428126.0,265.0,16.0,161406.0,16.0,29652.0,22.0,465287.0
56.0,"$74,801 to $75,997",Overseas or Unknown,Female,108.0,8140564.0,1915491.0,8403872.0,203927.0,28.0,376796.0,8.0,703242.0,5.0,159426.0,17.0,700191.0,0.0,0.0,0.0,0.0,0.0,0.0,1.0,6090.0,35.0,344656.0,71.0,-344712.0,47.0,24.0,898873.0,24.0,247924.0,26.0,1325432.0
56.0,"$74,801 to $75,997",Overseas or Unknown,Male,118.0,8897352.0,2156917.0,9302193.0,271847.0,31.0,139148.0,7.0,290693.0,6.0,29533.0,22.0,788435.0,0.0,0.0,0.0,0.0,1.0,1298.0,2.0,4851.0,34.0,339505.0,84.0,-465637.0,37.0,25.0,1153705.0,25.0,300239.0,29.0,1564949.0
56.0,"$74,801 to $75,997",QLD,Female,12141.0,915347480.0,198262567.0,952203297.0,36788746.0,1473.0,1436289.0,788.0,45979421.0,766.0,24641698.0,2945.0,85229483.0,88.0,1238318.0,21.0,134351.0,127.0,1036769.0,316.0,1408120.0,3719.0,12348627.0,8419.0,-17265340.0,7207.0,727.0,7327108.0,727.0,1497068.0,880.0,16776304.0
56.0,"$74,801 to $75,997",QLD,Male,13974.0,1053564139.0,226608663.0,1105281762.0,51275771.0,1293.0,1216728.0,1297.0,107054724.0,1244.0,67382502.0,1762.0,56040665.0,39.0,625929.0,308.0,2637213.0,59.0,905635.0,221.0,912083.0,3417.0,13116340.0,10551.0,-25063201.0,5742.0,708.0,7624696.0,708.0,1516066.0,939.0,22695840.0
56.0,"$74,801 to $75,997",SA,Female,4082.0,307759302.0,66499887.0,319075205.0,11266136.0,572.0,1325551.0,217.0,11787128.0,207.0,6004689.0,914.0,24542625.0,20.0,373242.0,5.0,60720.0,34.0,152712.0,114.0,519551.0,1314.0,3834032.0,2764.0,-5986634.0,2925.0,248.0,2122246.0,248.0,441209.0,292.0,4699604.0
56.0,"$74,801 to $75,997",SA,Male,5240.0,395062378.0,83783978.0,414157755.0,18290782.0,613.0,515716.0,501.0,35264888.0,480.0,20509677.0,640.0,18528647.0,15.0,302241.0,99.0,1017257.0,14.0,195496.0,82.0,317133.0,1388.0,5050907.0,3846.0,-8405311.0,2978.0,306.0,3029652.0,306.0,637168.0,394.0,6843093.0
56.0,"$74,801 to $75,997",TAS,Female,1296.0,97697937.0,21130981.0,101304058.0,3519775.0,157.0,429098.0,83.0,8940582.0,80.0,6639852.0,252.0,6919223.0,12.0,143038.0,2.0,24638.0,11.0,64980.0,36.0,124930.0,396.0,1223891.0,900.0,-2130453.0,866.0,52.0,441019.0,52.0,92183.0,64.0,1266237.0
56.0,"$74,801 to $75,997",TAS,Male,1601.0,120725883.0,25897316.0,126272982.0,5522477.0,133.0,309343.0,157.0,12864840.0,153.0,8404979.0,156.0,4439915.0,5.0,141458.0,37.0,354793.0,4.0,7827.0,17.0,57526.0,395.0,1261026.0,1206.0,-2734965.0,743.0,71.0,698400.0,71.0,149451.0,87.0,1805409.0
56.0,"$74,801 to $75,997",VIC,Female,15500.0,1168646751.0,253704711.0,1217312219.0,48513242.0,2220.0,-2160135.0,1086.0,93752943.0,1065.0,63278825.0,4036.0,129223550.0,81.0,1170069.0,15.0,127156.0,103.0,543898.0,465.0,1932069.0,4755.0,15599854.0,10739.0,-25631391.0,9019.0,969.0,7785168.0,969.0,1583474.0,1202.0,17151407.0
56.0,"$74,801 to $75,997",VIC,Male,17302.0,1304475957.0,281148396.0,1369627604.0,64729637.0,2078.0,-4823176.0,1994.0,147313204.0,1925.0,92828451.0,2543.0,86798290.0,42.0,622597.0,272.0,2504057.0,65.0,822258.0,297.0,1247729.0,4478.0,17795875.0,12818.0,-32160966.0,7456.0,1020.0,8512316.0,1020.0,1674957.0,1373.0,24470285.0
56.0,"$74,801 to $75,997",WA,Female,6367.0,480037963.0,103956604.0,498347465.0,18228711.0,784.0,237787.0,352.0,21232107.0,338.0,10622585.0,1207.0,33004913.0,28.0,405527.0,10.0,95522.0,38.0,289809.0,119.0,495238.0,1970.0,6343876.0,4395.0,-10330940.0,4934.0,380.0,4169491.0,380.0,852189.0,483.0,9775858.0
56.0,"$74,801 to $75,997",WA,Male,6809.0,513382240.0,110236165.0,536782836.0,23012578.0,637.0,9702.0,738.0,51637229.0,715.0,29337480.0,713.0,21505296.0,16.0,206136.0,93.0,830595.0,17.0,292669.0,82.0,286633.0,1710.0,6886463.0,5098.0,-13561552.0,4083.0,358.0,3016411.0,358.0,634180.0,496.0,8127074.0
57.0,"$75,998 to $77,220",ACT,Female,1440.0,110319674.0,23753070.0,114069542.0,3749870.0,206.0,-713851.0,64.0,2826175.0,63.0,1536217.0,383.0,11713856.0,6.0,68240.0,2.0,26284.0,8.0,83346.0,44.0,172251.0,468.0,1071559.0,971.0,-2297925.0,992.0,98.0,628838.0,98.0,131021.0,123.0,1302318.0
57.0,"$75,998 to $77,220",ACT,Male,1388.0,106324566.0,22044216.0,111094850.0,4739312.0,193.0,-174262.0,118.0,5230961.0,117.0,2439274.0,237.0,8029279.0,2.0,45540.0,18.0,86375.0,1.0,1017.0,34.0,142995.0,411.0,1074738.0,977.0,-2529575.0,767.0,97.0,401043.0,97.0,82447.0,129.0,888219.0
57.0,"$75,998 to $77,220",NSW,Female,18145.0,1390045429.0,303947127.0,1446040713.0,55818885.0,2983.0,2010162.0,1141.0,62949897.0,1101.0,32235202.0,3924.0,123164497.0,58.0,694142.0,13.0,90838.0,93.0,547926.0,376.0,1530620.0,5473.0,17703748.0,12662.0,-31101303.0,12059.0,1073.0,9049960.0,1073.0,1799761.0,1338.0,23309350.0
57.0,"$75,998 to $77,220",NSW,Male,19625.0,1503374668.0,326656859.0,1575497562.0,71450003.0,2599.0,1332253.0,1960.0,172016874.0,1907.0,111337684.0,2588.0,90982330.0,40.0,529293.0,286.0,2503752.0,51.0,518434.0,306.0,1226727.0,5004.0,18708913.0,14611.0,-37472479.0,10083.0,1081.0,7639963.0,1081.0,1556906.0,1452.0,23835402.0
57.0,"$75,998 to $77,220",NT,Female,624.0,47805381.0,10145167.0,49757271.0,1947776.0,79.0,91074.0,43.0,2160887.0,43.0,1246161.0,123.0,2611917.0,4.0,65935.0,0.0,0.0,6.0,131866.0,19.0,65724.0,133.0,399850.0,491.0,-1065234.0,366.0,18.0,48171.0,18.0,9850.0,23.0,127976.0
57.0,"$75,998 to $77,220",NT,Male,749.0,57385950.0,12060987.0,59953888.0,2567938.0,83.0,-194126.0,73.0,8320101.0,70.0,6584423.0,66.0,1689648.0,2.0,33832.0,10.0,59166.0,3.0,228044.0,9.0,29009.0,152.0,512801.0,597.0,-1525556.0,283.0,29.0,218052.0,29.0,45380.0,36.0,478161.0
57.0,"$75,998 to $77,220",Overseas or Unknown,Female,82.0,6284111.0,1541201.0,6396140.0,111657.0,19.0,225004.0,10.0,843348.0,6.0,103737.0,14.0,431508.0,0.0,0.0,0.0,0.0,0.0,0.0,2.0,7283.0,30.0,225439.0,49.0,-410663.0,30.0,11.0,332533.0,11.0,104071.0,12.0,532495.0
57.0,"$75,998 to $77,220",Overseas or Unknown,Male,122.0,9340257.0,2269909.0,9694129.0,295824.0,37.0,643718.0,11.0,632601.0,8.0,262997.0,18.0,557427.0,0.0,0.0,0.0,0.0,0.0,0.0,2.0,8528.0,48.0,404585.0,73.0,-654427.0,47.0,19.0,917034.0,19.0,226286.0,24.0,1658338.0
57.0,"$75,998 to $77,220",QLD,Female,12138.0,929878750.0,203418658.0,966545584.0,36584992.0,1550.0,2266253.0,730.0,46868363.0,693.0,27640028.0,2925.0,85611131.0,68.0,858228.0,32.0,280246.0,122.0,768381.0,318.0,1365946.0,3675.0,12188330.0,8460.0,-18119980.0,7260.0,751.0,7193329.0,751.0,1497471.0,909.0,19884601.0
57.0,"$75,998 to $77,220",QLD,Male,14036.0,1075256380.0,233302365.0,1128498086.0,52726229.0,1368.0,-311611.0,1244.0,112649041.0,1215.0,72720284.0,1746.0,53180297.0,58.0,902256.0,250.0,2177245.0,66.0,1004395.0,203.0,796615.0,3242.0,13059317.0,10785.0,-25671038.0,5883.0,690.0,7072634.0,690.0,1439060.0,960.0,19513140.0
57.0,"$75,998 to $77,220",SA,Female,3952.0,302737461.0,65957889.0,315334861.0,12499939.0,582.0,1211030.0,228.0,14771567.0,221.0,7931195.0,935.0,27351476.0,30.0,419465.0,2.0,21907.0,25.0,107098.0,110.0,483106.0,1197.0,4007326.0,2755.0,-6092374.0,2855.0,274.0,3521593.0,274.0,721635.0,318.0,9865853.0
57.0,"$75,998 to $77,220",SA,Male,5204.0,398696341.0,85696125.0,417202806.0,18370809.0,571.0,45480.0,503.0,40779603.0,489.0,25256060.0,649.0,19427041.0,14.0,269951.0,88.0,816916.0,6.0,59584.0,83.0,346263.0,1369.0,4793960.0,3828.0,-8395284.0,2993.0,312.0,2853010.0,312.0,592962.0,396.0,7376720.0
57.0,"$75,998 to $77,220",TAS,Female,1185.0,90784871.0,19863583.0,93987258.0,3202376.0,183.0,344584.0,73.0,3266729.0,71.0,1861222.0,223.0,5433260.0,10.0,188463.0,0.0,0.0,6.0,29131.0,33.0,139597.0,352.0,1064180.0,833.0,-1892020.0,747.0,66.0,937312.0,66.0,203836.0,77.0,1958753.0
57.0,"$75,998 to $77,220",TAS,Male,1565.0,119882921.0,25910439.0,125397184.0,5514263.0,144.0,394703.0,157.0,11045218.0,160.0,6590365.0,149.0,4940143.0,9.0,220399.0,30.0,291724.0,2.0,9789.0,26.0,107088.0,361.0,1258383.0,1201.0,-2673936.0,744.0,86.0,733164.0,86.0,155127.0,120.0,1499077.0
57.0,"$75,998 to $77,220",VIC,Female,15514.0,1188524315.0,260435404.0,1237681910.0,48987589.0,2323.0,-1038393.0,1074.0,63116683.0,1038.0,34465573.0,3983.0,127086043.0,67.0,1129413.0,18.0,171222.0,109.0,613675.0,441.0,1823162.0,4767.0,16647583.0,10741.0,-25123048.0,9221.0,1041.0,10252675.0,1041.0,2161050.0,1263.0,24050673.0
57.0,"$75,998 to $77,220",VIC,Male,17525.0,1342641018.0,291791449.0,1408238589.0,65009479.0,2163.0,-4261955.0,1961.0,160803258.0,1912.0,107672246.0,2712.0,95188785.0,42.0,730088.0,257.0,2184868.0,62.0,490685.0,331.0,1324745.0,4376.0,17506077.0,13143.0,-32594570.0,7634.0,1040.0,10107886.0,1040.0,2003127.0,1365.0,22896045.0
57.0,"$75,998 to $77,220",WA,Female,6329.0,484868301.0,105819139.0,502925664.0,18032984.0,783.0,1202580.0,390.0,21237517.0,379.0,11018473.0,1186.0,34987832.0,31.0,414911.0,9.0,87534.0,34.0,180047.0,141.0,584975.0,2034.0,6714130.0,4288.0,-9771034.0,4865.0,382.0,4157904.0,382.0,888904.0,463.0,9440093.0
57.0,"$75,998 to $77,220",WA,Male,6784.0,519666580.0,112895718.0,542606953.0,22830983.0,674.0,200138.0,678.0,52309584.0,670.0,29312550.0,730.0,22251350.0,14.0,165970.0,82.0,694773.0,24.0,314242.0,76.0,283620.0,1664.0,6755046.0,5116.0,-13765790.0,4143.0,364.0,3519922.0,364.0,739314.0,487.0,9744626.0
58.0,"$77,221 to $78,459",ACT,Female,1485.0,115580412.0,25201519.0,119545164.0,3964752.0,223.0,-768981.0,73.0,2548408.0,72.0,1065039.0,409.0,12521037.0,2.0,22711.0,3.0,23126.0,10.0,69495.0,44.0,183070.0,442.0,1048293.0,1043.0,-2459961.0,1053.0,118.0,475749.0,118.0,97567.0,129.0,1001179.0
58.0,"$77,221 to $78,459",ACT,Male,1365.0,106237659.0,22234194.0,111031249.0,4790768.0,179.0,-523765.0,125.0,7444614.0,120.0,4634176.0,261.0,9032272.0,4.0,42794.0,14.0,121592.0,1.0,15630.0,29.0,116547.0,379.0,1075174.0,982.0,-2584410.0,776.0,95.0,939015.0,95.0,162210.0,142.0,2412222.0
58.0,"$77,221 to $78,459",NSW,Female,18008.0,1401769749.0,309535391.0,1458389647.0,56093062.0,3000.0,3363604.0,1208.0,76561466.0,1167.0,42580952.0,3978.0,123182928.0,67.0,782652.0,13.0,107313.0,90.0,421281.0,375.0,1559532.0,5581.0,19154461.0,12421.0,-30907186.0,12065.0,1106.0,9342457.0,1106.0,1934771.0,1366.0,23733722.0
58.0,"$77,221 to $78,459",NSW,Male,19914.0,1550065788.0,339840340.0,1626008721.0,75223222.0,2712.0,485040.0,2007.0,182053642.0,1940.0,118372203.0,2608.0,90118966.0,51.0,643255.0,256.0,2047888.0,33.0,474169.0,299.0,1179291.0,4968.0,19560485.0,14935.0,-39001754.0,10188.0,1155.0,9870092.0,1155.0,2016411.0,1555.0,26716464.0
58.0,"$77,221 to $78,459",NT,Female,613.0,47711725.0,10233276.0,49433530.0,1721804.0,86.0,-35917.0,32.0,2142390.0,26.0,1160260.0,135.0,2817221.0,0.0,0.0,0.0,0.0,1.0,6144.0,17.0,70052.0,155.0,562476.0,458.0,-1156728.0,372.0,28.0,115597.0,28.0,25130.0,29.0,226105.0
58.0,"$77,221 to $78,459",NT,Male,667.0,51918996.0,11063202.0,54532081.0,2605684.0,75.0,-80441.0,58.0,4528683.0,58.0,2902510.0,61.0,1542461.0,2.0,54973.0,6.0,35078.0,1.0,586.0,6.0,26362.0,97.0,394386.0,570.0,-1552123.0,287.0,28.0,24202.0,28.0,4977.0,38.0,93696.0
58.0,"$77,221 to $78,459",Overseas or Unknown,Female,98.0,7624102.0,1759983.0,7855575.0,231036.0,31.0,267962.0,5.0,232017.0,2.0,21557.0,27.0,876435.0,1.0,17970.0,0.0,0.0,1.0,3465.0,5.0,15722.0,28.0,183144.0,69.0,-540178.0,48.0,15.0,698835.0,15.0,188904.0,18.0,875689.0
58.0,"$77,221 to $78,459",Overseas or Unknown,Male,110.0,8567774.0,2140871.0,8807850.0,189553.0,24.0,390533.0,8.0,699501.0,5.0,113691.0,8.0,245450.0,0.0,0.0,0.0,0.0,0.0,0.0,1.0,8502.0,27.0,282456.0,75.0,-524869.0,34.0,16.0,699720.0,16.0,200725.0,18.0,773619.0
58.0,"$77,221 to $78,459",QLD,Female,11979.0,932487390.0,205893383.0,969615580.0,36699229.0,1503.0,1535809.0,741.0,43082450.0,714.0,21163589.0,2960.0,83735931.0,62.0,521623.0,19.0,177617.0,128.0,890283.0,277.0,1197077.0,3635.0,12261909.0,8336.0,-18304202.0,7228.0,747.0,8196979.0,747.0,1716555.0,889.0,24170084.0
58.0,"$77,221 to $78,459",QLD,Male,13958.0,1086478871.0,237996593.0,1141835456.0,55180866.0,1393.0,577819.0,1223.0,100099547.0,1192.0,61871710.0,1822.0,57676738.0,42.0,712566.0,278.0,2388655.0,62.0,1094791.0,250.0,1033005.0,3107.0,12724458.0,10843.0,-26537286.0,5922.0,725.0,7911654.0,725.0,1591759.0,989.0,26564134.0
58.0,"$77,221 to $78,459",SA,Female,4038.0,314338370.0,69243343.0,326267013.0,11665986.0,600.0,645160.0,232.0,14494941.0,224.0,7299386.0,913.0,24958950.0,29.0,409453.0,5.0,44473.0,25.0,204943.0,93.0,384340.0,1243.0,3980689.0,2793.0,-6429104.0,2980.0,257.0,3712113.0,257.0,692864.0,304.0,8241526.0
58.0,"$77,221 to $78,459",SA,Male,5299.0,412464056.0,89455702.0,431412192.0,18828143.0,614.0,384848.0,501.0,42163249.0,481.0,26786612.0,608.0,18241301.0,16.0,212175.0,86.0,919905.0,17.0,147093.0,78.0,340300.0,1384.0,4987076.0,3909.0,-8907373.0,3071.0,314.0,2781081.0,314.0,586892.0,418.0,8760444.0
58.0,"$77,221 to $78,459",TAS,Female,1137.0,88495627.0,19513528.0,91838117.0,3268646.0,142.0,331834.0,72.0,3363125.0,71.0,1459962.0,241.0,6207912.0,6.0,89537.0,0.0,0.0,7.0,29595.0,32.0,156554.0,355.0,1157344.0,782.0,-1920961.0,775.0,63.0,567225.0,63.0,126823.0,73.0,1105507.0
58.0,"$77,221 to $78,459",TAS,Male,1568.0,122037415.0,26717703.0,127634789.0,5574697.0,140.0,209183.0,166.0,11160671.0,161.0,6833073.0,143.0,4017182.0,4.0,55304.0,43.0,330291.0,5.0,44979.0,18.0,95848.0,364.0,1311082.0,1202.0,-2795624.0,766.0,71.0,693194.0,71.0,150199.0,95.0,1433750.0
58.0,"$77,221 to $78,459",VIC,Female,15577.0,1212493420.0,268060749.0,1261226339.0,48550780.0,2285.0,-1624466.0,1091.0,60840752.0,1045.0,31571674.0,4119.0,132051787.0,65.0,793370.0,24.0,241367.0,81.0,343695.0,526.0,2266736.0,4697.0,16755975.0,10876.0,-25220296.0,9283.0,1037.0,8817731.0,1037.0,1846518.0,1243.0,21084364.0
58.0,"$77,221 to $78,459",VIC,Male,17629.0,1372107606.0,301381742.0,1438485539.0,65947450.0,2170.0,-6325123.0,1874.0,133851837.0,1841.0,83137745.0,2676.0,90336461.0,50.0,927405.0,259.0,2295469.0,72.0,434015.0,356.0,1447835.0,4242.0,17529320.0,13381.0,-33412496.0,7750.0,1056.0,8548521.0,1056.0,1742602.0,1452.0,22247211.0
58.0,"$77,221 to $78,459",WA,Female,6250.0,486512130.0,107296856.0,504382881.0,17634017.0,811.0,651617.0,351.0,20056148.0,342.0,11893619.0,1175.0,33523628.0,32.0,531902.0,12.0,101153.0,35.0,212145.0,131.0,526996.0,1950.0,6299595.0,4292.0,-10139113.0,4871.0,390.0,4058739.0,390.0,851544.0,476.0,9256448.0
58.0,"$77,221 to $78,459",WA,Male,6847.0,532953442.0,116776228.0,558376156.0,24008750.0,646.0,-154264.0,704.0,61138240.0,686.0,38840270.0,743.0,22680872.0,15.0,191556.0,100.0,934629.0,17.0,58332.0,103.0,418326.0,1668.0,7000099.0,5176.0,-13786277.0,4194.0,356.0,3390764.0,356.0,714759.0,528.0,9027034.0
59.0,"$78,460 to $79,719",ACT,Female,1525.0,120617863.0,26452382.0,124858323.0,4228876.0,243.0,-837567.0,63.0,3114651.0,61.0,1556022.0,389.0,12452479.0,5.0,84285.0,2.0,21499.0,10.0,90521.0,51.0,250096.0,464.0,1073090.0,1059.0,-2581784.0,1064.0,106.0,540561.0,106.0,103068.0,133.0,1393978.0
59.0,"$78,460 to $79,719",ACT,Male,1457.0,115255982.0,24435296.0,119840579.0,4572918.0,163.0,-349887.0,128.0,5784964.0,122.0,3242321.0,285.0,10065136.0,2.0,41286.0,22.0,182610.0,2.0,8143.0,36.0,154041.0,443.0,1200477.0,1013.0,-2547945.0,813.0,108.0,325965.0,108.0,65004.0,140.0,768323.0
59.0,"$78,460 to $79,719",NSW,Female,17934.0,1418224333.0,315905452.0,1476385737.0,57744039.0,3049.0,3623101.0,1179.0,79663786.0,1129.0,44431820.0,3968.0,126654437.0,60.0,872042.0,14.0,139606.0,73.0,552283.0,388.0,1638103.0,5502.0,19519100.0,12423.0,-30829196.0,12020.0,1225.0,10203614.0,1225.0,2212831.0,1484.0,27777622.0
59.0,"$78,460 to $79,719",NSW,Male,20025.0,1583815111.0,350582699.0,1659847250.0,75513005.0,2639.0,-191108.0,1860.0,160103119.0,1822.0,106152453.0,2726.0,93657604.0,40.0,757173.0,263.0,2154137.0,53.0,488151.0,302.0,1315780.0,4915.0,19217564.0,15105.0,-39177156.0,10428.0,1102.0,8918554.0,1102.0,1807818.0,1515.0,26152198.0
59.0,"$78,460 to $79,719",NT,Female,659.0,52124926.0,11306732.0,54000514.0,1875588.0,93.0,-91234.0,33.0,2999859.0,31.0,2080609.0,129.0,3501290.0,3.0,47109.0,0.0,0.0,1.0,8220.0,7.0,19292.0,142.0,393433.0,516.0,-1214899.0,399.0,22.0,124888.0,22.0,27158.0,27.0,327278.0
59.0,"$78,460 to $79,719",NT,Male,758.0,59970938.0,12867888.0,62876885.0,2905946.0,89.0,-214894.0,60.0,3950590.0,59.0,2409670.0,61.0,1880050.0,0.0,0.0,13.0,53899.0,0.0,0.0,9.0,33999.0,125.0,555623.0,633.0,-1764595.0,326.0,28.0,131380.0,28.0,28415.0,45.0,282375.0
59.0,"$78,460 to $79,719",Overseas or Unknown,Female,92.0,7283296.0,1718710.0,7541452.0,237786.0,21.0,222819.0,5.0,291465.0,4.0,36092.0,18.0,688483.0,0.0,0.0,0.0,0.0,0.0,0.0,2.0,2439.0,24.0,243699.0,68.0,-355727.0,46.0,9.0,353835.0,9.0,103476.0,10.0,445924.0
59.0,"$78,460 to $79,719",Overseas or Unknown,Male,116.0,9173960.0,2272921.0,9540396.0,211399.0,25.0,435995.0,8.0,733357.0,6.0,292320.0,16.0,721693.0,0.0,0.0,0.0,0.0,0.0,0.0,2.0,6076.0,30.0,410953.0,84.0,-560060.0,46.0,18.0,1043899.0,18.0,283245.0,25.0,1174887.0
59.0,"$78,460 to $79,719",QLD,Female,11957.0,945654393.0,210618229.0,983758377.0,37667676.0,1522.0,863946.0,711.0,46104433.0,691.0,24253335.0,3009.0,87520899.0,69.0,1023611.0,12.0,83131.0,101.0,707592.0,309.0,1264968.0,3521.0,12498598.0,8427.0,-18458300.0,7273.0,738.0,8845610.0,738.0,1806106.0,902.0,21624653.0
59.0,"$78,460 to $79,719",QLD,Male,13991.0,1106420931.0,244700962.0,1160953664.0,54094687.0,1333.0,510554.0,1226.0,138199632.0,1197.0,96952765.0,1726.0,56299454.0,45.0,643844.0,254.0,2060197.0,60.0,741893.0,206.0,794196.0,3192.0,13518920.0,10793.0,-26229475.0,5954.0,750.0,8588862.0,750.0,1744588.0,1016.0,28810924.0
59.0,"$78,460 to $79,719",SA,Female,3901.0,308519403.0,68368295.0,320316716.0,11724471.0,589.0,548894.0,248.0,13777156.0,235.0,6283729.0,865.0,22831991.0,26.0,383499.0,2.0,15513.0,18.0,75467.0,93.0,358733.0,1201.0,4219838.0,2697.0,-6210422.0,2863.0,251.0,3102236.0,251.0,701427.0,302.0,6827990.0
59.0,"$78,460 to $79,719",SA,Male,5208.0,411883863.0,90243833.0,430791375.0,18831967.0,644.0,461117.0,491.0,39653567.0,473.0,25610125.0,660.0,20066272.0,14.0,231203.0,87.0,747367.0,10.0,67915.0,75.0,321273.0,1335.0,5179284.0,3868.0,-8689159.0,3013.0,315.0,3264715.0,315.0,675670.0,404.0,7006637.0
59.0,"$78,460 to $79,719",TAS,Female,1154.0,91297962.0,20230038.0,94815557.0,3515132.0,170.0,273839.0,68.0,4021891.0,66.0,1820213.0,215.0,5271336.0,6.0,69997.0,2.0,19913.0,5.0,42584.0,29.0,122269.0,356.0,1305151.0,798.0,-2022062.0,801.0,78.0,1153100.0,78.0,253786.0,94.0,2646824.0
59.0,"$78,460 to $79,719",TAS,Male,1476.0,116731013.0,25735072.0,121910171.0,4995824.0,136.0,315067.0,150.0,15920146.0,148.0,11764336.0,118.0,2890239.0,7.0,129300.0,29.0,303723.0,5.0,59103.0,16.0,71571.0,345.0,1168734.0,1129.0,-2476483.0,740.0,73.0,502485.0,73.0,111260.0,90.0,1142520.0
59.0,"$78,460 to $79,719",VIC,Female,15657.0,1238315389.0,276248030.0,1288374990.0,48835959.0,2341.0,-2197123.0,1076.0,59262494.0,1026.0,29558984.0,4127.0,130193259.0,70.0,956197.0,12.0,68969.0,78.0,399987.0,466.0,1919275.0,4827.0,16684476.0,10825.0,-25719689.0,9458.0,1101.0,8973987.0,1101.0,1832863.0,1310.0,23292384.0
59.0,"$78,460 to $79,719",VIC,Male,17587.0,1390935373.0,308189801.0,1458305165.0,66709068.0,2187.0,-5524724.0,1963.0,139839850.0,1903.0,86352437.0,2712.0,90360832.0,56.0,847790.0,272.0,2359888.0,65.0,385052.0,304.0,1208405.0,4334.0,17652140.0,13245.0,-33017600.0,7821.0,993.0,7549209.0,993.0,1591700.0,1376.0,25212707.0
59.0,"$78,460 to $79,719",WA,Female,6138.0,485424800.0,108053662.0,503472946.0,17689273.0,797.0,434720.0,369.0,27970624.0,360.0,17537569.0,1226.0,34758334.0,30.0,383438.0,5.0,40753.0,34.0,157911.0,113.0,501590.0,1891.0,6268008.0,4244.0,-10248220.0,4847.0,365.0,3811747.0,365.0,824984.0,454.0,7816191.0
59.0,"$78,460 to $79,719",WA,Male,6835.0,540641405.0,119597752.0,565621593.0,24248996.0,693.0,-34080.0,681.0,62359044.0,664.0,41043219.0,719.0,23413601.0,17.0,225292.0,71.0,593437.0,18.0,353523.0,77.0,254894.0,1594.0,6734642.0,5236.0,-14657079.0,4163.0,376.0,3380554.0,376.0,719399.0,506.0,8096546.0
60.0,"$79,720 to $81,008",ACT,Female,1505.0,120975299.0,26790199.0,124785782.0,3810153.0,218.0,-447390.0,61.0,2353396.0,62.0,1020152.0,371.0,12000933.0,5.0,85815.0,3.0,22135.0,8.0,87650.0,39.0,173059.0,487.0,1142431.0,1017.0,-2309482.0,1053.0,101.0,547283.0,101.0,122620.0,121.0,1105852.0
60.0,"$79,720 to $81,008",ACT,Male,1450.0,116521046.0,24984602.0,121418654.0,4896552.0,185.0,-550883.0,128.0,7619231.0,125.0,4593545.0,245.0,7992827.0,2.0,12715.0,7.0,51848.0,1.0,14099.0,23.0,92285.0,436.0,1344949.0,1013.0,-2589213.0,840.0,104.0,564569.0,104.0,114950.0,133.0,1435555.0
60.0,"$79,720 to $81,008",NSW,Female,17640.0,1417484938.0,318377906.0,1475993175.0,58139448.0,3091.0,3688681.0,1161.0,69175469.0,1128.0,37554537.0,3815.0,117452459.0,49.0,637535.0,20.0,144806.0,78.0,375358.0,349.0,1434838.0,5439.0,19446975.0,12192.0,-30461309.0,12042.0,1195.0,10344700.0,1195.0,2189046.0,1469.0,33387291.0
60.0,"$79,720 to $81,008",NSW,Male,20295.0,1630858719.0,364063020.0,1708932394.0,77728428.0,2738.0,-72331.0,2004.0,187604147.0,1942.0,121143705.0,2566.0,87271980.0,46.0,565610.0,220.0,1820507.0,40.0,447600.0,261.0,1036081.0,5228.0,22013698.0,15053.0,-38679539.0,10865.0,1165.0,9414013.0,1165.0,1947407.0,1581.0,26469640.0
60.0,"$79,720 to $81,008",NT,Female,579.0,46536980.0,10155458.0,48185843.0,1646119.0,99.0,-44248.0,35.0,2347427.0,35.0,1346775.0,108.0,2529318.0,1.0,4335.0,0.0,0.0,2.0,4124.0,14.0,48376.0,125.0,410233.0,454.0,-1070261.0,369.0,28.0,310586.0,28.0,69122.0,36.0,679395.0
60.0,"$79,720 to $81,008",NT,Male,708.0,56893006.0,12312101.0,59458892.0,2565870.0,92.0,-84319.0,59.0,3837892.0,59.0,2604433.0,66.0,2017868.0,3.0,55707.0,13.0,92145.0,1.0,5651.0,15.0,75115.0,131.0,396618.0,577.0,-1521833.0,304.0,22.0,192921.0,22.0,43696.0,40.0,747342.0
60.0,"$79,720 to $81,008",Overseas or Unknown,Female,86.0,6908790.0,1681954.0,7249543.0,160469.0,24.0,66135.0,10.0,741125.0,7.0,60936.0,17.0,568251.0,0.0,0.0,0.0,0.0,0.0,0.0,1.0,4836.0,19.0,171412.0,64.0,-461474.0,42.0,14.0,974278.0,14.0,208614.0,16.0,1159395.0
60.0,"$79,720 to $81,008",Overseas or Unknown,Male,119.0,9560313.0,2314769.0,9922724.0,288223.0,32.0,468576.0,10.0,1376042.0,7.0,453812.0,14.0,418187.0,0.0,0.0,0.0,0.0,0.0,0.0,3.0,16993.0,36.0,390973.0,78.0,-501261.0,42.0,19.0,874762.0,19.0,240722.0,24.0,1218661.0
60.0,"$79,720 to $81,008",QLD,Female,11889.0,955351402.0,214563984.0,994441488.0,39040435.0,1550.0,1204688.0,693.0,41504993.0,677.0,22814287.0,2891.0,84871308.0,59.0,615001.0,20.0,166074.0,100.0,695891.0,335.0,1437346.0,3539.0,12308670.0,8342.0,-18999473.0,7382.0,829.0,8783142.0,829.0,1859825.0,1029.0,20782199.0
60.0,"$79,720 to $81,008",QLD,Male,14177.0,1139273506.0,254297277.0,1193630221.0,54066988.0,1431.0,131378.0,1185.0,108780355.0,1158.0,68973807.0,1624.0,51763998.0,41.0,417663.0,246.0,2200295.0,42.0,432986.0,192.0,821912.0,3338.0,14351752.0,10832.0,-27400623.0,6189.0,820.0,7126702.0,820.0,1521117.0,1071.0,17155235.0
60.0,"$79,720 to $81,008",SA,Female,3978.0,319655769.0,71640750.0,332970606.0,13114546.0,611.0,912713.0,255.0,13958874.0,247.0,6076150.0,919.0,25123026.0,18.0,297013.0,4.0,26085.0,17.0,97988.0,131.0,582144.0,1313.0,4610470.0,2662.0,-6009298.0,2980.0,285.0,3139749.0,285.0,684076.0,334.0,6648907.0
60.0,"$79,720 to $81,008",SA,Male,5224.0,419763477.0,92778135.0,439536399.0,19643598.0,679.0,123485.0,437.0,37282494.0,431.0,23676990.0,659.0,19929963.0,12.0,176394.0,105.0,1000997.0,13.0,63151.0,83.0,369852.0,1366.0,5442638.0,3854.0,-9101727.0,3131.0,294.0,3811749.0,294.0,749209.0,415.0,8968577.0
60.0,"$79,720 to $81,008",TAS,Female,1119.0,89909642.0,20108280.0,93036727.0,3127085.0,164.0,412339.0,84.0,4231593.0,83.0,1785209.0,258.0,6353567.0,12.0,156085.0,1.0,800.0,1.0,4951.0,41.0,191769.0,375.0,1173236.0,744.0,-2029144.0,782.0,70.0,552217.0,70.0,122943.0,86.0,1437292.0
60.0,"$79,720 to $81,008",TAS,Male,1512.0,121485862.0,26977905.0,126997820.0,5490256.0,165.0,354104.0,151.0,13949311.0,148.0,9183212.0,140.0,3940840.0,3.0,92070.0,20.0,192080.0,3.0,32728.0,28.0,149303.0,380.0,1468541.0,1128.0,-2676153.0,732.0,82.0,1116338.0,82.0,206829.0,106.0,2604828.0
60.0,"$79,720 to $81,008",VIC,Female,15178.0,1219664583.0,274386053.0,1269599683.0,49806554.0,2374.0,-2769514.0,1064.0,61454907.0,1038.0,30926499.0,3835.0,120164073.0,40.0,536850.0,17.0,174187.0,67.0,417921.0,446.0,1759857.0,4811.0,17734416.0,10359.0,-26797114.0,9257.0,1046.0,9532156.0,1046.0,1990200.0,1277.0,20863418.0
60.0,"$79,720 to $81,008",VIC,Male,17908.0,1439026022.0,321917179.0,1508802579.0,69268995.0,2329.0,-6111175.0,1949.0,176267499.0,1883.0,116240822.0,2663.0,89039736.0,49.0,726186.0,238.0,2098716.0,65.0,564806.0,321.0,1309311.0,4632.0,20056473.0,13271.0,-34896894.0,8167.0,1075.0,9006534.0,1075.0,1802380.0,1450.0,27788770.0
60.0,"$79,720 to $81,008",WA,Female,6165.0,495419598.0,111164404.0,513164121.0,17671031.0,812.0,261432.0,361.0,22489905.0,346.0,14269164.0,1191.0,34321886.0,19.0,183400.0,10.0,51338.0,28.0,132429.0,117.0,501167.0,1908.0,6633070.0,4254.0,-10520270.0,4870.0,365.0,3508319.0,365.0,765053.0,472.0,8798185.0
60.0,"$79,720 to $81,008",WA,Male,6934.0,557176475.0,124369167.0,582249863.0,24456795.0,727.0,575566.0,685.0,53045960.0,671.0,31861850.0,731.0,23214023.0,12.0,150400.0,84.0,626718.0,16.0,187464.0,74.0,281613.0,1693.0,7509266.0,5237.0,-14064815.0,4361.0,387.0,3659606.0,387.0,780733.0,540.0,9721482.0
61.0,"$81,009 to $82,353",ACT,Female,1533.0,125201176.0,28013489.0,128866199.0,3665025.0,205.0,-327092.0,58.0,2644164.0,57.0,1239985.0,390.0,12986822.0,4.0,18332.0,3.0,12417.0,5.0,23324.0,50.0,169603.0,477.0,1135158.0,1055.0,-2413003.0,1088.0,114.0,552863.0,114.0,122550.0,136.0,1158046.0
61.0,"$81,009 to $82,353",ACT,Male,1499.0,122446457.0,26408689.0,127268551.0,4705691.0,185.0,-353400.0,94.0,3693477.0,97.0,1905839.0,276.0,9315155.0,3.0,42917.0,12.0,86106.0,2.0,11266.0,33.0,138321.0,439.0,1208842.0,1060.0,-2557172.0,867.0,137.0,632467.0,137.0,121192.0,181.0,2207370.0
61.0,"$81,009 to $82,353",NSW,Female,17727.0,1447978616.0,328187084.0,1506836332.0,58079538.0,3207.0,3619369.0,1145.0,81410299.0,1114.0,48726287.0,3937.0,119434851.0,66.0,1032744.0,10.0,91052.0,89.0,473611.0,375.0,1507527.0,5352.0,19351823.0,12363.0,-32908403.0,12208.0,1225.0,12679947.0,1225.0,2630326.0,1502.0,33653846.0
61.0,"$81,009 to $82,353",NSW,Male,20273.0,1655921710.0,373040681.0,1737591045.0,79726911.0,2922.0,1263513.0,1975.0,187364228.0,1915.0,124570635.0,2674.0,90524574.0,36.0,653041.0,254.0,1966178.0,44.0,574597.0,290.0,1239470.0,5143.0,20029763.0,15121.0,-39190739.0,10835.0,1138.0,8522015.0,1138.0,1823246.0,1532.0,24854299.0
61.0,"$81,009 to $82,353",NT,Female,584.0,47689487.0,10521752.0,49541379.0,1851892.0,106.0,11600.0,32.0,2124506.0,32.0,1115459.0,114.0,3193770.0,3.0,15712.0,0.0,0.0,2.0,17532.0,15.0,57249.0,138.0,431766.0,446.0,-1041585.0,362.0,26.0,177742.0,26.0,39977.0,32.0,387749.0
61.0,"$81,009 to $82,353",NT,Male,692.0,56533924.0,12331378.0,59066500.0,2518728.0,73.0,-58872.0,68.0,3601333.0,66.0,2049831.0,70.0,1776310.0,4.0,51749.0,9.0,49313.0,2.0,1192.0,6.0,18877.0,122.0,473328.0,570.0,-1461139.0,279.0,32.0,150121.0,32.0,32608.0,46.0,442540.0
61.0,"$81,009 to $82,353",Overseas or Unknown,Female,99.0,8083881.0,1925812.0,8288549.0,192565.0,35.0,305298.0,3.0,159597.0,2.0,6835.0,20.0,694710.0,0.0,0.0,0.0,0.0,0.0,0.0,5.0,14103.0,27.0,240271.0,70.0,-362119.0,51.0,14.0,693088.0,14.0,196441.0,16.0,863860.0
61.0,"$81,009 to $82,353",Overseas or Unknown,Male,102.0,8332461.0,2114269.0,9705075.0,597654.0,31.0,492074.0,3.0,262801.0,2.0,61003.0,14.0,678866.0,1.0,15480.0,0.0,0.0,0.0,0.0,4.0,15764.0,43.0,416020.0,58.0,-482605.0,34.0,24.0,1884933.0,24.0,296043.0,25.0,2654732.0
61.0,"$81,009 to $82,353",QLD,Female,11510.0,940097072.0,213089962.0,978127129.0,37981003.0,1500.0,2060293.0,751.0,48651940.0,742.0,24827288.0,2873.0,82139698.0,59.0,674109.0,18.0,139470.0,78.0,466920.0,291.0,1252610.0,3456.0,12853325.0,8045.0,-18174072.0,7169.0,757.0,9516140.0,757.0,1975478.0,922.0,21354145.0
61.0,"$81,009 to $82,353",QLD,Male,14442.0,1179575671.0,265596167.0,1237033485.0,57076729.0,1453.0,108692.0,1265.0,138600395.0,1234.0,99261633.0,1795.0,55675081.0,30.0,514873.0,283.0,2439101.0,48.0,1019445.0,220.0,824026.0,3270.0,14008057.0,11165.0,-27980023.0,6428.0,791.0,7568109.0,791.0,1595685.0,1071.0,21350072.0
61.0,"$81,009 to $82,353",SA,Female,3834.0,313156619.0,70723896.0,325235220.0,11979257.0,586.0,839257.0,235.0,18290307.0,223.0,11481617.0,888.0,24976997.0,18.0,253333.0,4.0,51375.0,22.0,82085.0,92.0,369690.0,1213.0,4368912.0,2619.0,-6066780.0,2895.0,266.0,3811444.0,266.0,833866.0,318.0,10096291.0
61.0,"$81,009 to $82,353",SA,Male,5054.0,412797922.0,92167266.0,431819463.0,18444680.0,612.0,581604.0,456.0,42168582.0,443.0,27569425.0,608.0,18601529.0,16.0,289539.0,88.0,751598.0,5.0,75283.0,75.0,310539.0,1297.0,4912347.0,3755.0,-8777463.0,2983.0,300.0,3075270.0,300.0,659582.0,404.0,8026153.0
61.0,"$81,009 to $82,353",TAS,Female,1166.0,95225772.0,21528164.0,99232518.0,3892263.0,163.0,390101.0,77.0,5430887.0,76.0,3218871.0,256.0,5887147.0,14.0,228391.0,3.0,29386.0,3.0,17672.0,32.0,136441.0,341.0,1234497.0,825.0,-2208860.0,814.0,67.0,754843.0,67.0,172274.0,79.0,2428356.0
61.0,"$81,009 to $82,353",TAS,Male,1582.0,129204653.0,29072154.0,134910575.0,5680281.0,161.0,45642.0,152.0,36729846.0,145.0,31994380.0,162.0,4246828.0,6.0,34447.0,25.0,228859.0,1.0,19463.0,27.0,127389.0,405.0,1535169.0,1177.0,-2882312.0,787.0,86.0,1210511.0,86.0,271137.0,110.0,3494502.0
61.0,"$81,009 to $82,353",VIC,Female,15293.0,1249123936.0,283845415.0,1298736811.0,49512083.0,2410.0,-1578886.0,1059.0,58428777.0,1004.0,28645708.0,3971.0,123726699.0,60.0,1018917.0,14.0,112569.0,81.0,401362.0,436.0,1805164.0,4732.0,17287587.0,10555.0,-25593745.0,9486.0,1067.0,9381335.0,1067.0,1998204.0,1304.0,19897744.0
61.0,"$81,009 to $82,353",VIC,Male,17957.0,1466721694.0,330675918.0,1536737301.0,69061826.0,2354.0,-6221656.0,1890.0,152565331.0,1858.0,93525258.0,2615.0,90424103.0,38.0,545025.0,242.0,2135162.0,53.0,433920.0,289.0,1177378.0,4573.0,19234148.0,13378.0,-34450424.0,8270.0,1153.0,9339675.0,1153.0,2036951.0,1526.0,23046885.0
61.0,"$81,009 to $82,353",WA,Female,6135.0,501053407.0,113372519.0,520166892.0,19051848.0,858.0,905101.0,394.0,26991057.0,387.0,15496900.0,1157.0,31451719.0,34.0,472614.0,6.0,28989.0,37.0,204052.0,116.0,442575.0,1911.0,6912469.0,4219.0,-9997629.0,4878.0,382.0,5351685.0,382.0,1137724.0,477.0,11321733.0
61.0,"$81,009 to $82,353",WA,Male,6999.0,571686841.0,128870286.0,597477981.0,25340999.0,736.0,-112354.0,666.0,52769500.0,638.0,31667813.0,709.0,22385113.0,20.0,332998.0,94.0,878974.0,15.0,430503.0,78.0,264840.0,1694.0,7251339.0,5303.0,-14678507.0,4441.0,394.0,3446068.0,394.0,740738.0,566.0,8813219.0
62.0,"$82,354 to $83,722",ACT,Female,1574.0,130702194.0,29554004.0,135002592.0,4293971.0,243.0,-540890.0,64.0,3052237.0,61.0,1323962.0,399.0,11632338.0,5.0,58372.0,0.0,0.0,4.0,10770.0,38.0,143302.0,472.0,1156147.0,1102.0,-2387827.0,1132.0,124.0,910999.0,124.0,202173.0,146.0,2059941.0
62.0,"$82,354 to $83,722",ACT,Male,1476.0,122550479.0,26812710.0,127439536.0,4881779.0,183.0,-631760.0,105.0,4122292.0,97.0,2413374.0,267.0,8414235.0,4.0,37521.0,13.0,91899.0,0.0,0.0,35.0,152745.0,439.0,1275297.0,1037.0,-2725284.0,888.0,106.0,789023.0,106.0,153879.0,143.0,1772915.0
62.0,"$82,354 to $83,722",NSW,Female,17777.0,1476055685.0,337505072.0,1536582853.0,60111335.0,3288.0,2834687.0,1234.0,97259146.0,1194.0,60168611.0,4015.0,123092786.0,61.0,765267.0,15.0,143408.0,77.0,450130.0,433.0,1738463.0,5323.0,19793826.0,12445.0,-32399471.0,12490.0,1234.0,11335884.0,1234.0,2422717.0,1506.0,26553076.0
62.0,"$82,354 to $83,722",NSW,Male,20271.0,1683217569.0,382592236.0,1763304967.0,79516270.0,2972.0,-1210730.0,1890.0,213998350.0,1833.0,152980294.0,2581.0,89379060.0,44.0,816911.0,226.0,1730400.0,40.0,672433.0,267.0,1067005.0,5036.0,20215624.0,15220.0,-39731977.0,11046.0,1217.0,10454383.0,1217.0,2230557.0,1628.0,28935421.0
62.0,"$82,354 to $83,722",NT,Female,588.0,48820841.0,10938696.0,50383358.0,1549319.0,112.0,-234468.0,40.0,2061489.0,41.0,1233918.0,117.0,2764901.0,3.0,59264.0,0.0,0.0,2.0,15408.0,11.0,39898.0,146.0,469024.0,442.0,-1029153.0,380.0,25.0,101243.0,25.0,20592.0,30.0,274282.0
62.0,"$82,354 to $83,722",NT,Male,716.0,59460006.0,13076005.0,62072815.0,2594669.0,71.0,-66092.0,53.0,3925230.0,52.0,2641068.0,66.0,1919650.0,3.0,36508.0,9.0,41033.0,6.0,181933.0,7.0,40032.0,138.0,490551.0,578.0,-1541791.0,285.0,22.0,56291.0,22.0,11286.0,27.0,126445.0
62.0,"$82,354 to $83,722",Overseas or Unknown,Female,97.0,8055092.0,1915208.0,8256129.0,201037.0,32.0,494167.0,8.0,587885.0,4.0,74356.0,24.0,931995.0,0.0,0.0,0.0,0.0,0.0,0.0,3.0,10918.0,32.0,286176.0,62.0,-524934.0,53.0,16.0,597163.0,16.0,166909.0,19.0,894928.0
62.0,"$82,354 to $83,722",Overseas or Unknown,Male,106.0,8803179.0,2118470.0,9037530.0,228129.0,27.0,410332.0,4.0,538092.0,3.0,266110.0,13.0,369257.0,0.0,0.0,0.0,0.0,0.0,0.0,2.0,3613.0,34.0,315750.0,70.0,-557207.0,42.0,17.0,415680.0,17.0,125237.0,18.0,1392505.0
62.0,"$82,354 to $83,722",QLD,Female,11723.0,973428610.0,222467903.0,1011660328.0,37778107.0,1586.0,1314687.0,724.0,43549339.0,718.0,22251645.0,2931.0,86190713.0,46.0,444789.0,22.0,150800.0,80.0,479501.0,336.0,1439368.0,3484.0,12559264.0,8238.0,-18795918.0,7494.0,782.0,7449267.0,782.0,1616073.0,961.0,17947196.0
62.0,"$82,354 to $83,722",QLD,Male,14214.0,1180277124.0,268095076.0,1238165397.0,57350195.0,1508.0,501481.0,1151.0,108268471.0,1125.0,69797561.0,1686.0,52336157.0,43.0,488510.0,229.0,1979997.0,39.0,461838.0,199.0,861506.0,3277.0,13847218.0,10929.0,-27125860.0,6441.0,795.0,7296365.0,795.0,1577442.0,1083.0,20007798.0
62.0,"$82,354 to $83,722",SA,Female,3831.0,318088419.0,72530800.0,329856986.0,11759502.0,591.0,989480.0,245.0,15344397.0,236.0,7785034.0,928.0,25353508.0,22.0,302612.0,3.0,24952.0,14.0,40164.0,113.0,435810.0,1271.0,4910360.0,2558.0,-5975992.0,2932.0,265.0,3425301.0,265.0,768270.0,314.0,7247795.0
62.0,"$82,354 to $83,722",SA,Male,5214.0,432915181.0,97682607.0,452401875.0,19457856.0,662.0,376164.0,439.0,35945809.0,429.0,21210746.0,643.0,21362076.0,13.0,229594.0,86.0,775670.0,5.0,26419.0,75.0,325579.0,1343.0,5414224.0,3870.0,-9204970.0,3188.0,326.0,3484056.0,326.0,752430.0,432.0,9138550.0
62.0,"$82,354 to $83,722",TAS,Female,1132.0,94001327.0,21406768.0,97318642.0,3314740.0,167.0,546404.0,62.0,3649736.0,62.0,2159954.0,239.0,6249968.0,10.0,107656.0,2.0,25148.0,3.0,6829.0,36.0,155594.0,354.0,1171255.0,777.0,-1843769.0,815.0,66.0,1169940.0,66.0,239380.0,78.0,2799490.0
62.0,"$82,354 to $83,722",TAS,Male,1567.0,130108463.0,29509342.0,135549298.0,5415697.0,180.0,360031.0,141.0,13251364.0,139.0,9062005.0,173.0,4961964.0,8.0,139718.0,39.0,357386.0,5.0,34627.0,28.0,124429.0,390.0,1406402.0,1176.0,-2630670.0,819.0,92.0,1319297.0,92.0,289174.0,120.0,2678368.0
62.0,"$82,354 to $83,722",VIC,Female,15009.0,1246293025.0,285477741.0,1296109895.0,49431987.0,2369.0,-3283276.0,1039.0,57593644.0,984.0,28195066.0,3922.0,119180951.0,60.0,785165.0,7.0,54072.0,76.0,318231.0,421.0,1675567.0,4630.0,16618146.0,10371.0,-26151421.0,9478.0,1116.0,10801879.0,1116.0,2369054.0,1349.0,26164678.0
62.0,"$82,354 to $83,722",VIC,Male,17943.0,1489887757.0,339182315.0,1560207470.0,69217672.0,2457.0,-6356194.0,1861.0,170540101.0,1797.0,114594397.0,2627.0,88896631.0,41.0,663849.0,213.0,1875326.0,48.0,272704.0,321.0,1243298.0,4488.0,19110890.0,13448.0,-34093491.0,8377.0,1107.0,9004860.0,1107.0,1992762.0,1510.0,23250425.0
62.0,"$82,354 to $83,722",WA,Female,6038.0,501384703.0,114438477.0,520272419.0,18801669.0,889.0,896458.0,391.0,21590425.0,379.0,11133499.0,1130.0,31120048.0,21.0,297279.0,12.0,106782.0,27.0,178911.0,121.0,518932.0,1831.0,6790888.0,4204.0,-10415907.0,4853.0,406.0,5069033.0,406.0,1115298.0,510.0,11400451.0
62.0,"$82,354 to $83,722",WA,Male,7181.0,596278412.0,135396261.0,623545568.0,26974052.0,827.0,-312311.0,600.0,51087188.0,577.0,31396490.0,708.0,22590941.0,17.0,371023.0,88.0,674703.0,17.0,266028.0,89.0,407925.0,1668.0,7508577.0,5511.0,-15452873.0,4542.0,426.0,4762440.0,426.0,1052893.0,592.0,10948434.0
63.0,"$83,723 to $85,127",ACT,Female,1599.0,134987305.0,30752882.0,139262767.0,4275462.0,251.0,-255821.0,61.0,2559017.0,60.0,1133965.0,408.0,12957031.0,7.0,150131.0,1.0,4954.0,7.0,44766.0,49.0,188862.0,537.0,1431108.0,1061.0,-2508406.0,1198.0,125.0,1098351.0,125.0,225139.0,148.0,2380837.0
63.0,"$83,723 to $85,127",ACT,Male,1539.0,129908469.0,28530925.0,135132077.0,5222983.0,201.0,-694201.0,110.0,4065285.0,108.0,2086349.0,278.0,9543915.0,2.0,23384.0,13.0,111590.0,3.0,21656.0,30.0,136489.0,451.0,1535553.0,1087.0,-2951455.0,929.0,103.0,578126.0,103.0,123777.0,141.0,2146452.0
63.0,"$83,723 to $85,127",NSW,Female,17440.0,1472331017.0,339533368.0,1533142729.0,60571293.0,3177.0,2715164.0,1147.0,82769228.0,1121.0,49018175.0,3726.0,113776886.0,44.0,764702.0,13.0,122737.0,67.0,324331.0,355.0,1337358.0,5175.0,19760849.0,12261.0,-33139736.0,12321.0,1198.0,12453289.0,1198.0,2741567.0,1480.0,28177132.0
63.0,"$83,723 to $85,127",NSW,Male,20729.0,1749973852.0,401511178.0,1832243036.0,81576691.0,2994.0,-20882.0,1966.0,191720138.0,1931.0,127263731.0,2845.0,95451589.0,44.0,569953.0,221.0,1804604.0,41.0,564853.0,278.0,1062064.0,5290.0,22489271.0,15427.0,-40759057.0,11238.0,1192.0,10202316.0,1192.0,2145127.0,1613.0,25453388.0
63.0,"$83,723 to $85,127",NT,Female,643.0,54275531.0,12230440.0,56285953.0,1979799.0,105.0,-16711.0,31.0,2200846.0,33.0,1444385.0,125.0,3054412.0,3.0,33954.0,0.0,0.0,6.0,41064.0,15.0,71118.0,158.0,540953.0,485.0,-1273489.0,419.0,27.0,220661.0,27.0,48403.0,32.0,463679.0
63.0,"$83,723 to $85,127",NT,Male,761.0,64207841.0,14277264.0,67008289.0,2798302.0,78.0,203639.0,69.0,4737622.0,68.0,2643579.0,68.0,1995185.0,4.0,60196.0,7.0,27618.0,3.0,174797.0,9.0,37999.0,142.0,544772.0,619.0,-1685834.0,326.0,31.0,166265.0,31.0,29805.0,42.0,415466.0
63.0,"$83,723 to $85,127",Overseas or Unknown,Female,80.0,6748446.0,1670848.0,6923920.0,175463.0,19.0,344608.0,8.0,491761.0,7.0,155263.0,17.0,634068.0,1.0,3995.0,0.0,0.0,0.0,0.0,2.0,5637.0,23.0,229870.0,55.0,-299629.0,36.0,11.0,425296.0,11.0,136420.0,14.0,555681.0
63.0,"$83,723 to $85,127",Overseas or Unknown,Male,107.0,9029264.0,2311585.0,9326436.0,297172.0,26.0,170082.0,7.0,739963.0,3.0,58589.0,15.0,509817.0,0.0,0.0,0.0,0.0,0.0,0.0,3.0,8463.0,24.0,226022.0,79.0,-488941.0,41.0,18.0,590117.0,18.0,172549.0,24.0,736249.0
63.0,"$83,723 to $85,127",QLD,Female,11453.0,966851431.0,222801705.0,1004914725.0,37990825.0,1542.0,1954139.0,736.0,51083603.0,711.0,28200132.0,2827.0,81626170.0,64.0,828782.0,18.0,120416.0,83.0,643481.0,279.0,1104864.0,3564.0,13414857.0,7881.0,-18490962.0,7405.0,780.0,9461020.0,780.0,1956136.0,952.0,23480877.0
63.0,"$83,723 to $85,127",QLD,Male,14319.0,1208888176.0,277119673.0,1266271026.0,57157196.0,1501.0,1030940.0,1228.0,123418801.0,1186.0,81423715.0,1764.0,54735278.0,45.0,566653.0,227.0,1746208.0,35.0,380879.0,200.0,839872.0,3380.0,14843800.0,10932.0,-27566915.0,6603.0,821.0,7324692.0,821.0,1615768.0,1138.0,22265577.0
63.0,"$83,723 to $85,127",SA,Female,3814.0,321948087.0,74054433.0,335111740.0,13157174.0,628.0,623590.0,201.0,14552623.0,190.0,8121365.0,871.0,23403788.0,26.0,346854.0,6.0,57266.0,22.0,256317.0,83.0,348852.0,1202.0,4432677.0,2611.0,-6758723.0,2893.0,280.0,3298954.0,280.0,721962.0,327.0,7223580.0
63.0,"$83,723 to $85,127",SA,Male,5089.0,429608925.0,97780089.0,449444015.0,19792951.0,623.0,20751.0,455.0,39419574.0,439.0,25480809.0,611.0,18685940.0,20.0,318136.0,76.0,749367.0,5.0,17721.0,62.0,211150.0,1301.0,5271553.0,3786.0,-9001934.0,3167.0,345.0,3078359.0,345.0,675277.0,460.0,6970629.0
63.0,"$83,723 to $85,127",TAS,Female,1085.0,91599661.0,21096390.0,94948280.0,3335074.0,157.0,582623.0,65.0,4120891.0,64.0,2226112.0,231.0,6294645.0,7.0,160827.0,1.0,11962.0,3.0,10961.0,33.0,148156.0,338.0,1248584.0,747.0,-1860558.0,751.0,68.0,1069870.0,68.0,236981.0,89.0,2308538.0
63.0,"$83,723 to $85,127",TAS,Male,1609.0,135835708.0,31025763.0,141670975.0,5835133.0,194.0,552601.0,159.0,14854254.0,158.0,9913856.0,128.0,3687680.0,11.0,194993.0,25.0,234788.0,1.0,9392.0,16.0,49679.0,387.0,1536187.0,1221.0,-2858817.0,810.0,110.0,1289943.0,110.0,281543.0,137.0,2855491.0
63.0,"$83,723 to $85,127",VIC,Female,14956.0,1262626382.0,291461193.0,1313105112.0,50332830.0,2552.0,-2637762.0,978.0,56477163.0,966.0,26958167.0,3780.0,114779435.0,46.0,669221.0,13.0,117127.0,72.0,384347.0,392.0,1538561.0,4737.0,18368777.0,10209.0,-25817240.0,9629.0,1114.0,12765351.0,1114.0,2758395.0,1380.0,28879759.0
63.0,"$83,723 to $85,127",VIC,Male,17963.0,1516453897.0,348289296.0,1587715400.0,70697181.0,2524.0,-6780792.0,1912.0,164594784.0,1872.0,109409455.0,2561.0,83626619.0,44.0,883817.0,208.0,1950384.0,59.0,452061.0,294.0,1079236.0,4651.0,20426483.0,13303.0,-34903869.0,8562.0,1186.0,11050310.0,1186.0,2411394.0,1610.0,26869327.0
63.0,"$83,723 to $85,127",WA,Female,6168.0,520675242.0,119843979.0,539320310.0,18634586.0,864.0,283709.0,346.0,21598978.0,324.0,11769693.0,1208.0,32976055.0,19.0,226147.0,5.0,43024.0,29.0,142240.0,132.0,536136.0,1964.0,6950732.0,4199.0,-10369577.0,4946.0,398.0,3930197.0,398.0,888497.0,512.0,10114458.0
63.0,"$83,723 to $85,127",WA,Male,7080.0,597672698.0,137077627.0,623809775.0,25644533.0,723.0,-203170.0,649.0,48584140.0,631.0,27904509.0,710.0,22948613.0,12.0,168847.0,75.0,545915.0,20.0,323553.0,86.0,358040.0,1698.0,7256717.0,5378.0,-15307545.0,4523.0,400.0,3708405.0,400.0,828808.0,553.0,10151319.0
64.0,"$85,128 to $86,573",ACT,Female,1659.0,142419026.0,32706960.0,147737281.0,4824298.0,288.0,-986607.0,83.0,3524673.0,83.0,1789059.0,391.0,11963506.0,3.0,56357.0,0.0,0.0,3.0,13954.0,29.0,109257.0,518.0,1325178.0,1137.0,-2757532.0,1235.0,119.0,1300082.0,119.0,188796.0,153.0,2775663.0
64.0,"$85,128 to $86,573",ACT,Male,1528.0,131149351.0,29505665.0,136413277.0,5255633.0,207.0,-504704.0,113.0,4588171.0,106.0,2388279.0,275.0,9206825.0,3.0,42596.0,22.0,161005.0,2.0,3414.0,27.0,112738.0,480.0,1443015.0,1046.0,-2666132.0,931.0,118.0,801517.0,118.0,167534.0,148.0,1937891.0
64.0,"$85,128 to $86,573",NSW,Female,17182.0,1475074500.0,342881107.0,1534262543.0,58845973.0,3260.0,4076884.0,1127.0,79342921.0,1100.0,43652614.0,3719.0,110526292.0,40.0,406133.0,20.0,197154.0,54.0,284033.0,320.0,1231915.0,5328.0,20477237.0,11846.0,-32110245.0,12161.0,1193.0,11673099.0,1193.0,2629680.0,1479.0,28998428.0
64.0,"$85,128 to $86,573",NSW,Male,20737.0,1780182275.0,411741658.0,1864268023.0,83510262.0,3254.0,-1228189.0,1934.0,187705376.0,1891.0,123027671.0,2705.0,90478441.0,29.0,310361.0,182.0,1621755.0,35.0,482893.0,261.0,1019640.0,5341.0,22936184.0,15391.0,-41858203.0,11572.0,1244.0,10484364.0,1244.0,2295251.0,1696.0,31554891.0
64.0,"$85,128 to $86,573",NT,Female,667.0,57269703.0,13021757.0,59267798.0,1992643.0,120.0,-141534.0,32.0,2328181.0,27.0,1616993.0,138.0,3727489.0,5.0,90149.0,2.0,8015.0,3.0,8194.0,21.0,96511.0,149.0,379955.0,518.0,-1320377.0,414.0,22.0,132565.0,22.0,28500.0,25.0,268619.0
64.0,"$85,128 to $86,573",NT,Male,728.0,62492899.0,14017831.0,65760163.0,3263922.0,108.0,-84486.0,57.0,5655153.0,57.0,3800894.0,65.0,1930502.0,2.0,18395.0,4.0,38765.0,3.0,59165.0,4.0,13340.0,139.0,597339.0,588.0,-1771681.0,343.0,33.0,318718.0,33.0,69459.0,51.0,833394.0
64.0,"$85,128 to $86,573",Overseas or Unknown,Female,99.0,8497616.0,2056148.0,8893311.0,254806.0,30.0,304460.0,7.0,1082019.0,4.0,397452.0,24.0,688991.0,1.0,4292.0,0.0,0.0,0.0,0.0,1.0,6077.0,33.0,423024.0,63.0,-361293.0,48.0,24.0,1279598.0,24.0,328132.0,26.0,1733832.0
64.0,"$85,128 to $86,573",Overseas or Unknown,Male,120.0,10303158.0,2505191.0,10825564.0,402901.0,38.0,251243.0,6.0,389307.0,5.0,66926.0,19.0,747943.0,1.0,10585.0,1.0,2169.0,0.0,0.0,3.0,21821.0,43.0,532141.0,76.0,-581227.0,52.0,23.0,889861.0,23.0,242592.0,28.0,1103479.0
64.0,"$85,128 to $86,573",QLD,Female,11276.0,968010324.0,225105694.0,1005458434.0,37278829.0,1607.0,1351477.0,709.0,45599654.0,696.0,24475609.0,2805.0,78910729.0,62.0,634913.0,7.0,44796.0,61.0,394354.0,288.0,1216062.0,3441.0,13264530.0,7825.0,-18514970.0,7405.0,794.0,9856629.0,794.0,2204086.0,966.0,23604731.0
64.0,"$85,128 to $86,573",QLD,Male,14451.0,1240648525.0,286813909.0,1299987218.0,58527934.0,1573.0,677183.0,1202.0,124158403.0,1173.0,82078264.0,1720.0,53722223.0,44.0,558104.0,206.0,1627121.0,47.0,1006845.0,228.0,909306.0,3396.0,14934426.0,11049.0,-28520772.0,6664.0,824.0,8818044.0,824.0,1967030.0,1135.0,25142318.0
64.0,"$85,128 to $86,573",SA,Female,3816.0,327567705.0,75942483.0,340435096.0,12774821.0,655.0,900041.0,245.0,17633241.0,243.0,9780199.0,807.0,21984758.0,15.0,171166.0,3.0,10934.0,13.0,96188.0,89.0,329830.0,1288.0,4994775.0,2525.0,-5997656.0,2954.0,300.0,4348583.0,300.0,986594.0,365.0,9914956.0
64.0,"$85,128 to $86,573",SA,Male,4944.0,424432243.0,97455767.0,443982789.0,19258189.0,696.0,409723.0,447.0,41145964.0,430.0,26554594.0,552.0,15943315.0,8.0,155050.0,63.0,580394.0,7.0,83024.0,63.0,290033.0,1268.0,5368176.0,3675.0,-8882708.0,3132.0,364.0,3546096.0,364.0,798658.0,473.0,8417909.0
64.0,"$85,128 to $86,573",TAS,Female,1156.0,99245141.0,23073843.0,103481612.0,4207084.0,172.0,406381.0,68.0,4817908.0,67.0,3099995.0,266.0,6513328.0,7.0,132919.0,0.0,0.0,9.0,62136.0,32.0,129623.0,351.0,1364252.0,805.0,-2045279.0,828.0,83.0,1509409.0,83.0,340050.0,96.0,3275671.0
64.0,"$85,128 to $86,573",TAS,Male,1566.0,134436352.0,30958766.0,140001363.0,5542454.0,183.0,141415.0,155.0,13246309.0,157.0,8430084.0,151.0,4158372.0,2.0,21659.0,16.0,95743.0,3.0,9442.0,19.0,69098.0,382.0,1602405.0,1184.0,-2853328.0,844.0,97.0,890028.0,97.0,201615.0,126.0,2668551.0
64.0,"$85,128 to $86,573",VIC,Female,14863.0,1275994156.0,297255499.0,1326487030.0,50181292.0,2544.0,-2431941.0,1025.0,64947570.0,985.0,35915037.0,3586.0,107773845.0,50.0,632551.0,10.0,66847.0,67.0,405345.0,364.0,1286825.0,4771.0,18300533.0,10090.0,-26265487.0,9731.0,1201.0,11541044.0,1201.0,2557222.0,1445.0,28380732.0
64.0,"$85,128 to $86,573",VIC,Male,17992.0,1544502613.0,357836949.0,1617457779.0,72704325.0,2478.0,-7326937.0,1809.0,151929320.0,1767.0,98446112.0,2586.0,84507848.0,39.0,669106.0,184.0,1574150.0,64.0,356756.0,301.0,1129300.0,4659.0,20392559.0,13321.0,-35434062.0,8658.0,1226.0,10659325.0,1226.0,2394468.0,1625.0,27116926.0
64.0,"$85,128 to $86,573",WA,Female,6180.0,530531465.0,123192428.0,550676946.0,20097240.0,939.0,669206.0,368.0,21351689.0,356.0,10819220.0,1161.0,32241691.0,24.0,394375.0,8.0,59153.0,17.0,110682.0,128.0,564360.0,2011.0,7479464.0,4164.0,-11000752.0,5028.0,413.0,4737706.0,413.0,1069087.0,508.0,11214287.0
64.0,"$85,128 to $86,573",WA,Male,7511.0,644788002.0,148994434.0,673095791.0,27790336.0,813.0,-14765.0,688.0,56146880.0,675.0,34876612.0,732.0,21822137.0,11.0,143706.0,78.0,642401.0,15.0,272012.0,83.0,318092.0,1792.0,7774636.0,5715.0,-16004991.0,4916.0,426.0,3982295.0,426.0,843411.0,609.0,11247462.0
65.0,"$86,574 to $88,052",ACT,Female,1573.0,137332952.0,31864699.0,141581782.0,4248828.0,260.0,-72607.0,63.0,2727237.0,67.0,1211847.0,336.0,11167962.0,4.0,79780.0,2.0,10147.0,2.0,12262.0,28.0,101492.0,538.0,1258074.0,1032.0,-2307623.0,1169.0,129.0,812214.0,129.0,176888.0,157.0,2388893.0
65.0,"$86,574 to $88,052",ACT,Male,1553.0,135588951.0,30788535.0,140948772.0,5209216.0,189.0,-476605.0,107.0,9101025.0,103.0,7025495.0,283.0,8993815.0,1.0,7452.0,13.0,112598.0,2.0,41281.0,36.0,121468.0,428.0,1374179.0,1125.0,-2883339.0,902.0,116.0,433377.0,116.0,79698.0,161.0,879091.0
65.0,"$86,574 to $88,052",NSW,Female,17625.0,1538785351.0,360770093.0,1601181495.0,61492839.0,3409.0,3230306.0,1095.0,73103309.0,1074.0,40305023.0,3798.0,114252374.0,48.0,561122.0,14.0,97932.0,61.0,292908.0,323.0,1296970.0,5326.0,20536075.0,12294.0,-34147557.0,12735.0,1314.0,14470218.0,1314.0,3140065.0,1629.0,33648695.0
65.0,"$86,574 to $88,052",NSW,Male,20791.0,1815247051.0,423319519.0,1902231659.0,86207348.0,3234.0,932070.0,1869.0,175182494.0,1836.0,115315584.0,2675.0,88028927.0,40.0,722029.0,177.0,1487944.0,32.0,468613.0,272.0,939585.0,5156.0,22182821.0,15628.0,-42920453.0,11790.0,1341.0,13673588.0,1341.0,2835434.0,1842.0,39260400.0
65.0,"$86,574 to $88,052",NT,Female,592.0,51692058.0,11858925.0,53311646.0,1618935.0,104.0,-99256.0,28.0,1830052.0,26.0,930244.0,113.0,2769253.0,1.0,23241.0,0.0,0.0,2.0,8158.0,17.0,59994.0,146.0,419862.0,446.0,-1047596.0,386.0,29.0,125723.0,29.0,28857.0,36.0,301153.0
65.0,"$86,574 to $88,052",NT,Male,752.0,65664406.0,14886255.0,68491592.0,2822257.0,101.0,719.0,69.0,4693286.0,67.0,2888282.0,66.0,1484105.0,1.0,264.0,2.0,22729.0,1.0,87872.0,12.0,44938.0,143.0,519954.0,609.0,-1694827.0,339.0,31.0,112300.0,31.0,23929.0,41.0,261514.0
65.0,"$86,574 to $88,052",Overseas or Unknown,Female,83.0,7249277.0,1795484.0,7796565.0,314094.0,22.0,237345.0,3.0,17602.0,2.0,620.0,17.0,523838.0,0.0,0.0,0.0,0.0,0.0,0.0,2.0,4866.0,25.0,320989.0,56.0,-573526.0,36.0,18.0,1260077.0,18.0,267853.0,23.0,1468984.0
65.0,"$86,574 to $88,052",Overseas or Unknown,Male,103.0,8993641.0,2190224.0,9466485.0,289438.0,24.0,113830.0,3.0,266840.0,3.0,80928.0,17.0,458273.0,0.0,0.0,0.0,0.0,0.0,0.0,0.0,0.0,27.0,369809.0,76.0,-390521.0,42.0,19.0,1085371.0,19.0,271588.0,27.0,1801429.0
65.0,"$86,574 to $88,052",QLD,Female,11389.0,994404535.0,233048175.0,1033801479.0,39367702.0,1702.0,1700948.0,734.0,48521575.0,719.0,24445645.0,2705.0,76935502.0,53.0,662528.0,17.0,137259.0,61.0,440977.0,265.0,1026671.0,3512.0,14240194.0,7873.0,-19206411.0,7553.0,812.0,10690494.0,812.0,2348321.0,1005.0,25163252.0
65.0,"$86,574 to $88,052",QLD,Male,14482.0,1264405714.0,295057250.0,1326944124.0,62105019.0,1734.0,666030.0,1246.0,117251770.0,1221.0,74279319.0,1710.0,53261698.0,37.0,533188.0,219.0,1845253.0,52.0,416233.0,188.0,721287.0,3399.0,15657864.0,11073.0,-29134321.0,7011.0,935.0,10769319.0,935.0,2374055.0,1267.0,28480257.0
65.0,"$86,574 to $88,052",SA,Female,3551.0,310030534.0,72526942.0,322118401.0,11964684.0,572.0,1181839.0,207.0,12145858.0,206.0,5722637.0,782.0,21313670.0,12.0,183395.0,6.0,52688.0,12.0,57055.0,93.0,363624.0,1098.0,4614943.0,2452.0,-6272400.0,2801.0,284.0,3893181.0,284.0,890848.0,334.0,8291893.0
65.0,"$86,574 to $88,052",SA,Male,4981.0,434904749.0,100685873.0,454687397.0,19103052.0,650.0,251934.0,434.0,36377687.0,417.0,21327837.0,556.0,17766965.0,18.0,315382.0,75.0,638301.0,6.0,50807.0,68.0,270117.0,1309.0,5320509.0,3669.0,-8776389.0,3113.0,310.0,2345913.0,310.0,547150.0,425.0,5937505.0
65.0,"$86,574 to $88,052",TAS,Female,1195.0,104335634.0,24386276.0,108355544.0,4005925.0,199.0,428434.0,80.0,6388397.0,76.0,3798955.0,246.0,5455209.0,8.0,58380.0,3.0,30064.0,5.0,28847.0,42.0,191745.0,327.0,1294871.0,868.0,-2453285.0,847.0,73.0,1138407.0,73.0,248053.0,87.0,3159142.0
65.0,"$86,574 to $88,052",TAS,Male,1547.0,135052737.0,31510893.0,140995069.0,5822853.0,185.0,294761.0,137.0,10625713.0,132.0,6397940.0,140.0,3841121.0,5.0,159752.0,22.0,186780.0,3.0,15439.0,22.0,90995.0,360.0,1439472.0,1185.0,-2615580.0,869.0,82.0,1459815.0,82.0,250373.0,107.0,3073289.0
65.0,"$86,574 to $88,052",VIC,Female,14821.0,1294042535.0,303805355.0,1348365184.0,54254679.0,2551.0,-2756918.0,1056.0,56280862.0,1020.0,26963344.0,3609.0,109248831.0,43.0,613357.0,5.0,37342.0,60.0,284474.0,356.0,1305355.0,4695.0,18730487.0,10121.0,-27507309.0,9782.0,1207.0,12017299.0,1207.0,2749923.0,1475.0,27749312.0
65.0,"$86,574 to $88,052",VIC,Male,17948.0,1567128769.0,366035154.0,1641650265.0,74024430.0,2523.0,-6284138.0,1817.0,145331324.0,1772.0,90215549.0,2528.0,84083172.0,32.0,385767.0,217.0,1803438.0,39.0,330204.0,285.0,980956.0,4563.0,20385158.0,13375.0,-35920195.0,8638.0,1199.0,11377668.0,1199.0,2480712.0,1617.0,28469213.0
65.0,"$86,574 to $88,052",WA,Female,5973.0,521449905.0,121933703.0,540896894.0,18909482.0,868.0,666683.0,362.0,88492582.0,343.0,76895459.0,1207.0,33521889.0,25.0,363748.0,7.0,54844.0,16.0,86885.0,111.0,447127.0,1884.0,7492758.0,4088.0,-10934152.0,4880.0,459.0,5249656.0,459.0,1201199.0,547.0,11128671.0
65.0,"$86,574 to $88,052",WA,Male,7589.0,662555604.0,154399297.0,691129439.0,28415191.0,858.0,-479468.0,725.0,54599830.0,721.0,30410211.0,746.0,22937132.0,12.0,182299.0,92.0,736007.0,12.0,208566.0,108.0,408169.0,1753.0,8098609.0,5834.0,-16656828.0,5026.0,471.0,4356477.0,471.0,970207.0,639.0,10841976.0
66.0,"$88,053 to $89,536",ACT,Female,1562.0,138668758.0,32507233.0,142911933.0,4210190.0,280.0,-787230.0,64.0,2937932.0,62.0,1536105.0,354.0,10345511.0,5.0,54569.0,2.0,14143.0,1.0,2560.0,40.0,122297.0,502.0,1304706.0,1060.0,-2618356.0,1159.0,121.0,744465.0,121.0,174636.0,146.0,1538199.0
66.0,"$88,053 to $89,536",ACT,Male,1565.0,138975834.0,31585835.0,144785479.0,5772951.0,224.0,-294589.0,135.0,7338703.0,135.0,4225494.0,273.0,9743516.0,0.0,0.0,12.0,97686.0,3.0,9626.0,35.0,147958.0,494.0,1605293.0,1071.0,-2837860.0,979.0,130.0,812878.0,130.0,169712.0,175.0,1910813.0
66.0,"$88,053 to $89,536",NSW,Female,17498.0,1553774842.0,367044249.0,1614031845.0,60115811.0,3324.0,3516502.0,1107.0,68625099.0,1069.0,37658915.0,3882.0,116175348.0,45.0,581016.0,8.0,51422.0,50.0,332283.0,332.0,1277274.0,5414.0,21386604.0,12075.0,-33270337.0,12740.0,1298.0,15182109.0,1298.0,3347524.0,1575.0,36221827.0
66.0,"$88,053 to $89,536",NSW,Male,21005.0,1865214831.0,438591943.0,1953853471.0,87554064.0,3193.0,1203566.0,1984.0,241578184.0,1937.0,177669043.0,2727.0,90399419.0,31.0,376312.0,189.0,1479027.0,34.0,289335.0,295.0,1095728.0,5400.0,24142118.0,15587.0,-42311131.0,11974.0,1340.0,12148792.0,1340.0,2771343.0,1823.0,31897709.0
66.0,"$88,053 to $89,536",NT,Female,624.0,55389617.0,12824547.0,57290689.0,1901072.0,109.0,-3087.0,25.0,1322880.0,24.0,856157.0,137.0,3573929.0,2.0,30119.0,0.0,0.0,1.0,8040.0,12.0,36459.0,136.0,365622.0,487.0,-1302043.0,396.0,21.0,24317.0,21.0,5495.0,25.0,286319.0
66.0,"$88,053 to $89,536",NT,Male,752.0,66784976.0,15257805.0,69745709.0,2960733.0,104.0,-148046.0,57.0,5124634.0,55.0,3725095.0,55.0,1315640.0,0.0,0.0,7.0,33623.0,2.0,4928.0,6.0,19580.0,140.0,477740.0,612.0,-1852372.0,343.0,29.0,62387.0,29.0,15006.0,42.0,179169.0
66.0,"$88,053 to $89,536",Overseas or Unknown,Female,77.0,6834119.0,1694531.0,7241560.0,270555.0,23.0,391760.0,3.0,211997.0,3.0,31467.0,19.0,802483.0,0.0,0.0,0.0,0.0,0.0,0.0,4.0,20641.0,21.0,255319.0,55.0,-595076.0,38.0,11.0,913578.0,11.0,237692.0,11.0,1195438.0
66.0,"$88,053 to $89,536",Overseas or Unknown,Male,111.0,9849706.0,2472422.0,10372611.0,240890.0,35.0,410545.0,6.0,962354.0,5.0,297515.0,13.0,330495.0,1.0,757.0,0.0,0.0,0.0,0.0,0.0,0.0,34.0,444707.0,76.0,-786047.0,41.0,23.0,1243905.0,23.0,321608.0,24.0,2112656.0
66.0,"$88,053 to $89,536",QLD,Female,11072.0,983100492.0,232208950.0,1021278001.0,38090571.0,1648.0,1647603.0,700.0,45208883.0,673.0,24520225.0,2643.0,73271487.0,44.0,548327.0,11.0,87567.0,63.0,550023.0,262.0,951926.0,3416.0,14130238.0,7649.0,-19448027.0,7335.0,853.0,10651720.0,853.0,2377390.0,1022.0,24178401.0
66.0,"$88,053 to $89,536",QLD,Male,14406.0,1279047326.0,300814061.0,1340319831.0,61061749.0,1634.0,283938.0,1157.0,108557655.0,1140.0,66315443.0,1674.0,50529461.0,34.0,482910.0,200.0,1556487.0,36.0,780723.0,181.0,754972.0,3410.0,15368547.0,10987.0,-28679798.0,7041.0,867.0,9033824.0,867.0,2022936.0,1207.0,21816462.0
66.0,"$88,053 to $89,536",SA,Female,3622.0,321607221.0,75727107.0,334022065.0,12079668.0,629.0,1073694.0,257.0,19002990.0,248.0,9961341.0,843.0,21756765.0,14.0,219259.0,3.0,25952.0,7.0,66771.0,84.0,325847.0,1162.0,4744926.0,2459.0,-6238728.0,2826.0,266.0,3116214.0,266.0,702377.0,323.0,7544375.0
66.0,"$88,053 to $89,536",SA,Male,4901.0,435185382.0,101519587.0,455699461.0,20457441.0,753.0,336386.0,441.0,38280835.0,429.0,23628972.0,581.0,16616253.0,15.0,266710.0,45.0,422586.0,6.0,84492.0,61.0,225419.0,1331.0,5962682.0,3567.0,-8802139.0,3173.0,339.0,3724326.0,339.0,824006.0,470.0,9858823.0
66.0,"$88,053 to $89,536",TAS,Female,1060.0,94106760.0,22164491.0,97548377.0,3441617.0,175.0,299014.0,65.0,5230513.0,71.0,3164638.0,208.0,5254010.0,7.0,78987.0,1.0,14267.0,4.0,34374.0,32.0,123584.0,312.0,1323284.0,748.0,-2079257.0,755.0,72.0,1369791.0,72.0,263125.0,89.0,2920979.0
66.0,"$88,053 to $89,536",TAS,Male,1513.0,134331018.0,31518128.0,140101109.0,5671473.0,173.0,461791.0,136.0,17159326.0,137.0,12188991.0,128.0,3473766.0,4.0,29905.0,14.0,113828.0,1.0,1004.0,16.0,64345.0,382.0,1542488.0,1130.0,-2753043.0,837.0,90.0,864023.0,90.0,198658.0,110.0,2032912.0
66.0,"$88,053 to $89,536",VIC,Female,14852.0,1318699617.0,312295249.0,1370316593.0,51435997.0,2612.0,-3984189.0,1015.0,57120966.0,1002.0,29087150.0,3501.0,103349842.0,54.0,729196.0,7.0,55859.0,58.0,225253.0,341.0,1240203.0,4697.0,19444101.0,10152.0,-27813843.0,9861.0,1199.0,12231785.0,1198.0,2737219.0,1467.0,28123422.0
66.0,"$88,053 to $89,536",VIC,Male,18329.0,1627519468.0,383563537.0,1705964123.0,77722143.0,2594.0,-6130328.0,1778.0,143912488.0,1727.0,87613969.0,2640.0,85241955.0,32.0,679078.0,191.0,1669527.0,42.0,287017.0,264.0,978510.0,4680.0,21781793.0,13640.0,-37366906.0,9130.0,1259.0,11490863.0,1259.0,2495908.0,1696.0,33596836.0
66.0,"$88,053 to $89,536",WA,Female,5948.0,528142289.0,124509463.0,547252801.0,19004759.0,873.0,128924.0,350.0,21793655.0,354.0,11056447.0,1187.0,33669231.0,25.0,399631.0,8.0,54580.0,23.0,108639.0,130.0,504773.0,1860.0,7335353.0,4085.0,-10654686.0,4839.0,374.0,4759741.0,374.0,1052263.0,487.0,10427052.0
66.0,"$88,053 to $89,536",WA,Male,7591.0,674019711.0,158404978.0,702633285.0,28503217.0,848.0,-1104935.0,659.0,90563653.0,646.0,67942754.0,769.0,23090030.0,6.0,97284.0,92.0,668829.0,10.0,95022.0,95.0,343881.0,1773.0,7927214.0,5816.0,-17017761.0,4977.0,470.0,4253166.0,470.0,955295.0,674.0,12170144.0
67.0,"$89,537 to $91,072",ACT,Female,1578.0,142471851.0,33679233.0,146847101.0,4374278.0,284.0,-985287.0,69.0,4312587.0,65.0,2236061.0,378.0,12651637.0,3.0,39150.0,0.0,0.0,2.0,3245.0,44.0,146862.0,561.0,1301836.0,1016.0,-2652871.0,1199.0,118.0,1017441.0,118.0,227402.0,148.0,2672355.0
67.0,"$89,537 to $91,072",ACT,Male,1516.0,136880988.0,31799936.0,141868130.0,4985512.0,207.0,-691909.0,112.0,7719507.0,109.0,5112610.0,265.0,8261641.0,2.0,34223.0,7.0,89022.0,2.0,1980.0,35.0,128443.0,492.0,1328232.0,1023.0,-2757508.0,968.0,132.0,387606.0,132.0,88353.0,174.0,1016685.0
67.0,"$89,537 to $91,072",NSW,Female,17118.0,1545267049.0,368678110.0,1606479224.0,60807812.0,3312.0,1142608.0,1081.0,74218476.0,1062.0,39257957.0,3605.0,110001139.0,50.0,756358.0,4.0,22238.0,53.0,342246.0,333.0,1292238.0,5623.0,22650867.0,11486.0,-33233503.0,12629.0,1322.0,13917694.0,1322.0,3227392.0,1622.0,31815175.0
67.0,"$89,537 to $91,072",NSW,Male,21236.0,1916871366.0,455602803.0,2007011424.0,89032580.0,3461.0,-547924.0,1919.0,197119823.0,1890.0,132115785.0,2661.0,88841153.0,29.0,516270.0,172.0,1419911.0,31.0,184588.0,272.0,1001407.0,5792.0,24947508.0,15436.0,-45163433.0,12480.0,1327.0,10959512.0,1327.0,2379640.0,1827.0,30952861.0
67.0,"$89,537 to $91,072",NT,Female,618.0,55789745.0,13098315.0,57788896.0,1999151.0,121.0,-125247.0,40.0,2761316.0,39.0,1878658.0,112.0,2742320.0,4.0,48880.0,3.0,32618.0,2.0,2423.0,16.0,50887.0,146.0,485575.0,472.0,-1311268.0,417.0,23.0,128877.0,23.0,29833.0,33.0,286336.0
67.0,"$89,537 to $91,072",NT,Male,740.0,66801026.0,15450596.0,69593752.0,2790737.0,90.0,-317094.0,68.0,3678574.0,68.0,1849838.0,67.0,2049954.0,1.0,9649.0,8.0,61557.0,1.0,3905.0,8.0,32955.0,159.0,708302.0,581.0,-1691718.0,348.0,39.0,236513.0,39.0,52149.0,51.0,520189.0
67.0,"$89,537 to $91,072",Overseas or Unknown,Female,102.0,9201448.0,2332188.0,9496625.0,295223.0,27.0,585578.0,9.0,391335.0,5.0,85800.0,13.0,490882.0,0.0,0.0,0.0,0.0,0.0,0.0,2.0,12142.0,25.0,205270.0,74.0,-534285.0,55.0,12.0,345469.0,12.0,105048.0,13.0,679803.0
67.0,"$89,537 to $91,072",Overseas or Unknown,Male,120.0,10830772.0,2750210.0,11075640.0,231088.0,39.0,438677.0,6.0,298382.0,5.0,34965.0,16.0,577498.0,0.0,0.0,0.0,0.0,0.0,0.0,1.0,2404.0,38.0,409409.0,79.0,-727313.0,54.0,24.0,820220.0,24.0,242034.0,35.0,1148001.0
67.0,"$89,537 to $91,072",QLD,Female,11113.0,1003268207.0,239497541.0,1042568697.0,39188549.0,1657.0,1529620.0,644.0,46515490.0,624.0,25700108.0,2574.0,70863308.0,61.0,815401.0,8.0,58067.0,59.0,379059.0,228.0,887846.0,3727.0,14529210.0,7376.0,-18736627.0,7581.0,884.0,10349148.0,884.0,2337066.0,1056.0,26289875.0
67.0,"$89,537 to $91,072",QLD,Male,14489.0,1308010194.0,310957056.0,1369777033.0,60968094.0,1749.0,-297873.0,1160.0,120521668.0,1148.0,78780389.0,1542.0,47923682.0,31.0,402600.0,200.0,1788358.0,27.0,211527.0,169.0,649528.0,3701.0,17393528.0,10777.0,-28940784.0,7136.0,950.0,9478193.0,950.0,2181436.0,1287.0,25513278.0
67.0,"$89,537 to $91,072",SA,Female,3626.0,327323409.0,77857208.0,340249873.0,12916887.0,670.0,1075959.0,196.0,11133084.0,190.0,5417479.0,730.0,18171891.0,18.0,258212.0,2.0,14255.0,8.0,35688.0,63.0,266664.0,1207.0,5241170.0,2419.0,-6618396.0,2866.0,298.0,4681603.0,298.0,1062468.0,355.0,10327392.0
67.0,"$89,537 to $91,072",SA,Male,4891.0,441490169.0,104017533.0,461481610.0,19768153.0,694.0,311086.0,395.0,30905379.0,387.0,17054380.0,570.0,17021319.0,16.0,365665.0,45.0,421412.0,10.0,26252.0,59.0,225895.0,1451.0,6516506.0,3438.0,-8661921.0,3198.0,338.0,3889058.0,338.0,881039.0,433.0,11092072.0
67.0,"$89,537 to $91,072",TAS,Female,1050.0,94781497.0,22562952.0,98636095.0,3854598.0,178.0,493131.0,67.0,5446475.0,64.0,2924109.0,232.0,5021757.0,7.0,92296.0,2.0,4923.0,9.0,163548.0,30.0,116076.0,339.0,1481541.0,711.0,-2138310.0,771.0,89.0,1821596.0,89.0,404659.0,108.0,4366654.0
67.0,"$89,537 to $91,072",TAS,Male,1535.0,138594309.0,32918519.0,144289941.0,5690604.0,185.0,628345.0,143.0,9973146.0,140.0,5606038.0,132.0,3328392.0,2.0,31676.0,19.0,194873.0,2.0,32869.0,19.0,63546.0,405.0,1720899.0,1130.0,-2838249.0,874.0,80.0,744068.0,80.0,179131.0,114.0,1698694.0
67.0,"$89,537 to $91,072",VIC,Female,14732.0,1329840331.0,318020935.0,1382714091.0,52657766.0,2600.0,-2902195.0,967.0,64689585.0,940.0,36980540.0,3265.0,96867316.0,46.0,582553.0,10.0,76608.0,36.0,169358.0,268.0,1057719.0,4925.0,20308683.0,9800.0,-27670188.0,10021.0,1148.0,12778359.0,1148.0,2939181.0,1372.0,28068772.0
67.0,"$89,537 to $91,072",VIC,Male,18275.0,1649662541.0,392892175.0,1727992080.0,77893647.0,2788.0,-7949057.0,1723.0,171681851.0,1673.0,118596793.0,2451.0,79043056.0,41.0,474155.0,181.0,1558202.0,34.0,243299.0,224.0,894286.0,5092.0,23245527.0,13174.0,-37753650.0,9310.0,1278.0,13111600.0,1278.0,2956633.0,1699.0,35185375.0
67.0,"$89,537 to $91,072",WA,Female,5866.0,529600452.0,126155582.0,548886747.0,19038284.0,906.0,650342.0,343.0,19996294.0,331.0,9594262.0,1095.0,29834899.0,27.0,598968.0,12.0,92907.0,12.0,48179.0,128.0,544405.0,1953.0,7876108.0,3908.0,-10645227.0,4869.0,429.0,5007152.0,429.0,1102993.0,530.0,10919653.0
67.0,"$89,537 to $91,072",WA,Male,7855.0,709086192.0,168317917.0,739945762.0,30623472.0,927.0,-119946.0,665.0,53949820.0,650.0,31147811.0,739.0,22709503.0,15.0,220308.0,81.0,679703.0,15.0,136040.0,92.0,378152.0,2051.0,9559744.0,5801.0,-17187346.0,5226.0,472.0,4793398.0,472.0,1096087.0,672.0,12822238.0
68.0,"$91,073 to $92,726",ACT,Female,1609.0,147855700.0,35327625.0,152411533.0,4539854.0,283.0,-519915.0,73.0,2798155.0,71.0,965589.0,351.0,10147450.0,4.0,57581.0,1.0,8640.0,3.0,29659.0,26.0,90992.0,605.0,1381515.0,1003.0,-2605968.0,1247.0,155.0,1177146.0,155.0,269762.0,180.0,2606789.0
68.0,"$91,073 to $92,726",ACT,Male,1527.0,140344367.0,32946908.0,145689440.0,5325378.0,255.0,-704367.0,122.0,6375429.0,119.0,3728422.0,247.0,8341527.0,5.0,73534.0,11.0,69734.0,1.0,86577.0,29.0,110554.0,529.0,1521079.0,996.0,-2777806.0,983.0,111.0,882873.0,111.0,194207.0,163.0,1955115.0
68.0,"$91,073 to $92,726",NSW,Female,16995.0,1561713922.0,376456735.0,1625168970.0,62708876.0,3592.0,2944924.0,1105.0,76729205.0,1073.0,41149895.0,3559.0,106848568.0,38.0,624737.0,7.0,63187.0,40.0,194251.0,322.0,1164561.0,5630.0,21623890.0,11356.0,-34186377.0,13007.0,1355.0,15187952.0,1355.0,3411915.0,1645.0,37610383.0
68.0,"$91,073 to $92,726",NSW,Male,21030.0,1932607180.0,464221832.0,2023756518.0,90489598.0,3491.0,-1619896.0,1859.0,201247304.0,1840.0,137927563.0,2494.0,83024476.0,28.0,438193.0,183.0,1466557.0,33.0,624295.0,261.0,998898.0,6037.0,24514050.0,14983.0,-43293969.0,12668.0,1480.0,13605153.0,1480.0,3143017.0,2030.0,40079153.0
68.0,"$91,073 to $92,726",NT,Female,624.0,57346019.0,13519083.0,59281008.0,1921620.0,137.0,-143980.0,39.0,1406337.0,37.0,829990.0,127.0,2921628.0,1.0,4024.0,0.0,0.0,0.0,0.0,16.0,60628.0,164.0,584517.0,459.0,-1374961.0,430.0,33.0,358751.0,33.0,77860.0,41.0,727320.0
68.0,"$91,073 to $92,726",NT,Male,737.0,67745696.0,15870747.0,70639082.0,2886939.0,108.0,-211533.0,59.0,4186610.0,56.0,2392277.0,72.0,1947279.0,0.0,0.0,8.0,81186.0,1.0,115919.0,5.0,16910.0,163.0,476536.0,574.0,-1634532.0,390.0,36.0,211515.0,36.0,50177.0,48.0,818251.0
68.0,"$91,073 to $92,726",Overseas or Unknown,Female,102.0,9375164.0,2437377.0,9709435.0,221740.0,29.0,384430.0,5.0,420401.0,3.0,19092.0,14.0,343336.0,0.0,0.0,0.0,0.0,0.0,0.0,3.0,15807.0,39.0,478521.0,60.0,-710929.0,51.0,18.0,1395410.0,18.0,363971.0,21.0,1859251.0
68.0,"$91,073 to $92,726",Overseas or Unknown,Male,132.0,12131221.0,3098895.0,12592420.0,335015.0,32.0,217280.0,4.0,410047.0,3.0,49578.0,15.0,524924.0,0.0,0.0,0.0,0.0,0.0,0.0,2.0,6051.0,52.0,532601.0,79.0,-662110.0,57.0,20.0,996926.0,20.0,252085.0,27.0,1329448.0
68.0,"$91,073 to $92,726",QLD,Female,11169.0,1026413794.0,247347702.0,1067812540.0,41011548.0,1761.0,1053870.0,706.0,51109528.0,700.0,27215930.0,2605.0,69198131.0,47.0,654889.0,15.0,126376.0,58.0,430628.0,209.0,786949.0,3779.0,14850360.0,7389.0,-20106016.0,7828.0,887.0,11101721.0,887.0,2559801.0,1056.0,27085264.0
68.0,"$91,073 to $92,726",QLD,Male,14517.0,1334019475.0,320564273.0,1399472101.0,63806535.0,1751.0,373552.0,1133.0,109351076.0,1116.0,71133041.0,1607.0,49665544.0,26.0,344794.0,187.0,1636854.0,35.0,522105.0,164.0,634674.0,3967.0,16568408.0,10545.0,-29418887.0,7533.0,975.0,10246504.0,975.0,2232738.0,1325.0,29933456.0
68.0,"$91,073 to $92,726",SA,Female,3501.0,321678917.0,77252463.0,334181122.0,12409889.0,616.0,1180107.0,219.0,13622973.0,215.0,6817463.0,710.0,18023610.0,14.0,143872.0,1.0,12835.0,7.0,28091.0,75.0,288728.0,1229.0,5275483.0,2271.0,-6108540.0,2788.0,288.0,4335003.0,288.0,972885.0,339.0,10942295.0
68.0,"$91,073 to $92,726",SA,Male,5110.0,469626080.0,112147143.0,491381135.0,21536820.0,779.0,236180.0,412.0,39491692.0,416.0,24965894.0,573.0,16954704.0,14.0,214955.0,50.0,451873.0,5.0,58760.0,72.0,296165.0,1498.0,6092113.0,3609.0,-9451194.0,3426.0,366.0,3807071.0,366.0,892390.0,492.0,12207101.0
68.0,"$91,073 to $92,726",TAS,Female,1080.0,99243893.0,23848295.0,103060915.0,3785459.0,172.0,491215.0,61.0,3732864.0,58.0,1610699.0,218.0,4963625.0,10.0,171809.0,0.0,0.0,3.0,11057.0,23.0,105699.0,341.0,1448562.0,739.0,-2202628.0,807.0,70.0,1225384.0,70.0,294844.0,86.0,3289474.0
68.0,"$91,073 to $92,726",TAS,Male,1608.0,147779298.0,35383078.0,154533875.0,6723008.0,240.0,501671.0,156.0,16398230.0,150.0,10915014.0,120.0,2966879.0,5.0,127201.0,16.0,157935.0,0.0,0.0,12.0,48686.0,430.0,1737550.0,1178.0,-2969170.0,958.0,128.0,1702081.0,128.0,391938.0,162.0,4052025.0
68.0,"$91,073 to $92,726",VIC,Female,14414.0,1324530039.0,319848369.0,1376173775.0,51437587.0,2648.0,-3563838.0,990.0,67965055.0,958.0,36900251.0,3198.0,95378076.0,41.0,437172.0,5.0,28679.0,50.0,264865.0,301.0,1135346.0,5073.0,20251563.0,9335.0,-27481318.0,10104.0,1247.0,13409669.0,1247.0,3135632.0,1494.0,30596256.0
68.0,"$91,073 to $92,726",VIC,Male,18441.0,1694724593.0,408084859.0,1778246483.0,83249327.0,2850.0,-7866907.0,1807.0,136511271.0,1750.0,82803777.0,2389.0,76602134.0,28.0,338912.0,159.0,1238661.0,34.0,212521.0,256.0,996663.0,5244.0,22284445.0,13188.0,-38297845.0,9739.0,1313.0,12125691.0,1313.0,2855395.0,1801.0,127729451.0
68.0,"$91,073 to $92,726",WA,Female,6005.0,551851401.0,132538313.0,571792520.0,19940318.0,933.0,288808.0,328.0,20521309.0,325.0,10599089.0,1100.0,30136657.0,18.0,223884.0,4.0,27465.0,22.0,99376.0,117.0,442237.0,2049.0,7867826.0,3953.0,-11329472.0,5089.0,479.0,5914321.0,479.0,1355255.0,589.0,13225482.0
68.0,"$91,073 to $92,726",WA,Male,7880.0,724139764.0,173776149.0,755471408.0,31124165.0,924.0,-489521.0,659.0,65504510.0,635.0,43478803.0,751.0,20771778.0,15.0,243952.0,65.0,504222.0,20.0,360623.0,82.0,333523.0,2115.0,8878138.0,5763.0,-17372446.0,5412.0,488.0,4482537.0,488.0,1050863.0,684.0,13695984.0
69.0,"$92,727 to $94,422",ACT,Female,1594.0,149186004.0,35789506.0,153862077.0,4664045.0,299.0,-785446.0,62.0,2039501.0,59.0,975354.0,355.0,10653017.0,4.0,43629.0,2.0,19381.0,3.0,10974.0,33.0,86346.0,545.0,1544511.0,1049.0,-2821966.0,1247.0,131.0,1170771.0,131.0,257264.0,160.0,2472546.0
69.0,"$92,727 to $94,422",ACT,Male,1571.0,147016617.0,34575173.0,152702239.0,5676796.0,244.0,-555491.0,98.0,5219656.0,97.0,2338268.0,267.0,9501680.0,1.0,45658.0,17.0,112496.0,1.0,5126.0,30.0,82137.0,538.0,1659606.0,1033.0,-2889217.0,1066.0,140.0,713893.0,140.0,170265.0,183.0,1446030.0
69.0,"$92,727 to $94,422",NSW,Female,17216.0,1610838304.0,391061369.0,1675610934.0,64413417.0,3631.0,3344859.0,1112.0,69760795.0,1063.0,35055432.0,3527.0,102359998.0,47.0,678144.0,6.0,46359.0,36.0,123810.0,278.0,1013035.0,5769.0,22759832.0,11439.0,-34899964.0,13277.0,1425.0,17060357.0,1425.0,3945949.0,1722.0,39427367.0
69.0,"$92,727 to $94,422",NSW,Male,21238.0,1987112459.0,481443408.0,2081577352.0,93173710.0,3681.0,-1412463.0,1868.0,191601168.0,1808.0,130446103.0,2492.0,84279215.0,25.0,407250.0,162.0,1398075.0,20.0,205317.0,260.0,1068124.0,5935.0,25596169.0,15291.0,-45148280.0,13045.0,1462.0,15293197.0,1462.0,3576456.0,1967.0,40729555.0
69.0,"$92,727 to $94,422",NT,Female,595.0,55682147.0,13271400.0,57645645.0,1929236.0,138.0,-17087.0,32.0,1319881.0,29.0,900682.0,130.0,3365454.0,3.0,42647.0,0.0,0.0,3.0,130426.0,16.0,61858.0,141.0,480506.0,453.0,-1263300.0,433.0,34.0,573200.0,34.0,136468.0,41.0,1180225.0
69.0,"$92,727 to $94,422",NT,Male,739.0,69151010.0,16414231.0,72251392.0,3099803.0,121.0,-146927.0,65.0,5502183.0,63.0,3453704.0,49.0,1393344.0,1.0,6211.0,3.0,19705.0,0.0,0.0,9.0,30347.0,181.0,676311.0,558.0,-1675884.0,396.0,39.0,301705.0,39.0,64264.0,47.0,699082.0
69.0,"$92,727 to $94,422",Overseas or Unknown,Female,93.0,8706053.0,2197203.0,9128433.0,417413.0,33.0,478307.0,4.0,301018.0,4.0,49082.0,19.0,609098.0,0.0,0.0,0.0,0.0,0.0,0.0,1.0,6078.0,30.0,292596.0,63.0,-603085.0,46.0,17.0,795420.0,17.0,231569.0,26.0,1160672.0
69.0,"$92,727 to $94,422",Overseas or Unknown,Male,111.0,10379169.0,2670446.0,10902737.0,384245.0,31.0,101634.0,6.0,428260.0,6.0,58360.0,11.0,339050.0,0.0,0.0,0.0,0.0,0.0,0.0,3.0,11771.0,35.0,441738.0,76.0,-592806.0,48.0,19.0,1328480.0,19.0,353553.0,21.0,1678565.0
69.0,"$92,727 to $94,422",QLD,Female,10937.0,1023375292.0,248405959.0,1062192277.0,38502263.0,1737.0,1455208.0,678.0,46350361.0,669.0,23580373.0,2425.0,65189731.0,51.0,582657.0,8.0,52144.0,51.0,228251.0,213.0,810312.0,3693.0,15006587.0,7236.0,-19324375.0,7685.0,866.0,10995245.0,866.0,2599204.0,1040.0,25077293.0
69.0,"$92,727 to $94,422",QLD,Male,14402.0,1347780230.0,326366818.0,1413259066.0,65010178.0,1797.0,-774507.0,1192.0,114095901.0,1181.0,70135215.0,1584.0,47807464.0,17.0,343594.0,187.0,1531187.0,31.0,321415.0,167.0,614679.0,3773.0,17761810.0,10623.0,-30207723.0,7475.0,988.0,11656058.0,988.0,2617689.0,1317.0,27477725.0
69.0,"$92,727 to $94,422",SA,Female,3661.0,342551600.0,82932762.0,355728456.0,12993389.0,660.0,819458.0,194.0,13385966.0,189.0,6384745.0,735.0,18346429.0,8.0,100538.0,5.0,39527.0,11.0,50349.0,68.0,253158.0,1301.0,5591255.0,2358.0,-6612232.0,2942.0,290.0,4888537.0,290.0,1106902.0,348.0,10771333.0
69.0,"$92,727 to $94,422",SA,Male,5066.0,474010978.0,114084585.0,495757641.0,21047659.0,755.0,337553.0,413.0,41817221.0,394.0,25875651.0,531.0,15444686.0,17.0,215053.0,56.0,587204.0,4.0,20781.0,58.0,190919.0,1464.0,6154411.0,3598.0,-9162803.0,3427.0,358.0,4191365.0,358.0,976759.0,494.0,13025436.0
69.0,"$92,727 to $94,422",TAS,Female,1052.0,98438781.0,23892390.0,102081230.0,3596528.0,193.0,620392.0,69.0,4807106.0,67.0,2126230.0,173.0,4194867.0,9.0,94754.0,0.0,0.0,4.0,33514.0,24.0,91957.0,372.0,1617396.0,679.0,-2012206.0,800.0,92.0,1814999.0,92.0,432563.0,101.0,4020540.0
69.0,"$92,727 to $94,422",TAS,Male,1495.0,139905102.0,33813037.0,145491875.0,5449891.0,210.0,396137.0,135.0,11184623.0,136.0,7108784.0,119.0,3231825.0,4.0,31753.0,23.0,230655.0,3.0,15626.0,14.0,37689.0,420.0,1740586.0,1074.0,-2611017.0,865.0,112.0,1413113.0,112.0,337683.0,139.0,5407764.0
69.0,"$92,727 to $94,422",VIC,Female,14369.0,1344357852.0,327132446.0,1398493873.0,53938678.0,2660.0,-3656477.0,1016.0,63281274.0,986.0,29063472.0,3210.0,95375686.0,56.0,764727.0,9.0,58585.0,45.0,195017.0,274.0,977221.0,4961.0,20807226.0,9404.0,-27709954.0,10131.0,1195.0,13353026.0,1195.0,3072498.0,1461.0,33207632.0
69.0,"$92,727 to $94,422",VIC,Male,18292.0,1711570254.0,415099020.0,1795026543.0,82632108.0,2863.0,-8519457.0,1718.0,170589107.0,1675.0,117657256.0,2400.0,78026454.0,31.0,555022.0,160.0,1314625.0,31.0,322173.0,230.0,883800.0,5095.0,23034334.0,13188.0,-38398520.0,9793.0,1332.0,13536487.0,1332.0,3071895.0,1800.0,31714265.0
69.0,"$92,727 to $94,422",WA,Female,5887.0,550884270.0,133194200.0,570593313.0,19695809.0,904.0,378164.0,343.0,22180076.0,338.0,12245060.0,1105.0,28615801.0,23.0,341296.0,8.0,56687.0,19.0,96358.0,115.0,441025.0,1994.0,7867765.0,3888.0,-11049571.0,5009.0,418.0,5049873.0,418.0,1171876.0,509.0,11062939.0
69.0,"$92,727 to $94,422",WA,Male,8132.0,760913591.0,184047382.0,793752091.0,32740632.0,1004.0,-671509.0,670.0,72802708.0,656.0,50370183.0,780.0,23443869.0,9.0,152130.0,66.0,521849.0,14.0,227931.0,80.0,269843.0,2150.0,9313465.0,5977.0,-17556974.0,5615.0,538.0,5815656.0,538.0,1333218.0,756.0,14930683.0
70.0,"$94,423 to $96,173",ACT,Female,1600.0,152489944.0,36975011.0,157240654.0,4591146.0,298.0,-634223.0,58.0,2306269.0,54.0,1059596.0,331.0,9647270.0,6.0,67954.0,0.0,0.0,4.0,37485.0,27.0,118687.0,600.0,1509172.0,999.0,-2804224.0,1277.0,128.0,670623.0,128.0,156976.0,156.0,1628404.0
70.0,"$94,423 to $96,173",ACT,Male,1676.0,159717755.0,38123162.0,165343514.0,5524536.0,279.0,-1127776.0,120.0,12152046.0,120.0,9111235.0,263.0,8124723.0,1.0,7825.0,5.0,58017.0,0.0,0.0,24.0,84806.0,583.0,1702165.0,1090.0,-3163248.0,1144.0,177.0,750020.0,177.0,171080.0,226.0,1712264.0
70.0,"$94,423 to $96,173",NSW,Female,17022.0,1622089553.0,396909015.0,1686243613.0,64020364.0,3649.0,3308429.0,1086.0,79690644.0,1054.0,43528914.0,3244.0,95733012.0,48.0,692350.0,6.0,54114.0,28.0,110333.0,274.0,1007458.0,5807.0,23275377.0,11210.0,-34548943.0,13221.0,1400.0,16320203.0,1400.0,3758041.0,1679.0,37232440.0
70.0,"$94,423 to $96,173",NSW,Male,21493.0,2048107794.0,499613794.0,2144910804.0,96150739.0,3831.0,-3894945.0,1855.0,215641404.0,1804.0,149096996.0,2418.0,76466327.0,22.0,440803.0,123.0,870387.0,27.0,348056.0,222.0,826591.0,6156.0,26486093.0,15333.0,-46970783.0,13384.0,1557.0,16305327.0,1557.0,3505022.0,2069.0,44474589.0
70.0,"$94,423 to $96,173",NT,Female,565.0,53837729.0,12903615.0,55892952.0,2054942.0,118.0,-164899.0,34.0,3224449.0,33.0,2114209.0,109.0,2532105.0,1.0,22785.0,0.0,0.0,1.0,9579.0,13.0,47310.0,137.0,557983.0,428.0,-1256792.0,417.0,41.0,363325.0,41.0,86780.0,46.0,706093.0
70.0,"$94,423 to $96,173",NT,Male,754.0,71846818.0,17110285.0,75059916.0,3191102.0,110.0,-211851.0,64.0,6637071.0,63.0,4559177.0,74.0,1731919.0,2.0,7415.0,5.0,37519.0,4.0,397530.0,10.0,26598.0,172.0,789641.0,582.0,-1833522.0,411.0,42.0,363576.0,42.0,85038.0,51.0,713964.0
70.0,"$94,423 to $96,173",Overseas or Unknown,Female,92.0,8771055.0,2329952.0,8919414.0,142513.0,29.0,178919.0,2.0,276445.0,1.0,25221.0,18.0,889272.0,0.0,0.0,0.0,0.0,0.0,0.0,1.0,1201.0,37.0,384348.0,54.0,-642393.0,44.0,17.0,1033105.0,17.0,316028.0,17.0,1334023.0
70.0,"$94,423 to $96,173",Overseas or Unknown,Male,109.0,10377181.0,2723052.0,10716975.0,251610.0,32.0,422305.0,5.0,457955.0,3.0,81675.0,19.0,722240.0,0.0,0.0,0.0,0.0,0.0,0.0,2.0,7284.0,39.0,598440.0,67.0,-412905.0,44.0,17.0,1124736.0,17.0,333081.0,21.0,1275846.0
70.0,"$94,423 to $96,173",QLD,Female,10898.0,1038596651.0,254104117.0,1081519811.0,42479153.0,1826.0,499392.0,632.0,51644310.0,617.0,27920050.0,2307.0,59744041.0,52.0,839606.0,10.0,58647.0,41.0,398248.0,219.0,866624.0,3770.0,14832815.0,7124.0,-21083590.0,7870.0,870.0,11171566.0,870.0,2536732.0,1073.0,29219673.0
70.0,"$94,423 to $96,173",QLD,Male,14884.0,1418403386.0,346018707.0,1486268806.0,67310945.0,1934.0,-759286.0,1157.0,130487793.0,1155.0,88478868.0,1508.0,46001266.0,28.0,305061.0,176.0,1312036.0,20.0,224595.0,163.0,704020.0,3941.0,18019935.0,10934.0,-30710370.0,8041.0,1016.0,11682640.0,1016.0,2660215.0,1366.0,29844513.0
70.0,"$94,423 to $96,173",SA,Female,3406.0,324528001.0,79073455.0,337176495.0,12633964.0,605.0,564864.0,222.0,16321241.0,217.0,8476801.0,641.0,15373346.0,11.0,77798.0,0.0,0.0,6.0,28080.0,57.0,178925.0,1249.0,5571438.0,2156.0,-6188780.0,2766.0,301.0,4392217.0,301.0,1051944.0,363.0,8796984.0
70.0,"$94,423 to $96,173",SA,Male,5075.0,483597761.0,117257966.0,506482688.0,22692217.0,825.0,80390.0,421.0,43731677.0,401.0,27168716.0,522.0,14899552.0,15.0,276598.0,51.0,504281.0,6.0,96103.0,51.0,187049.0,1496.0,6912014.0,3576.0,-10054696.0,3400.0,400.0,4380504.0,400.0,1061251.0,525.0,10186378.0
70.0,"$94,423 to $96,173",TAS,Female,1055.0,100520743.0,24574837.0,104348899.0,3825996.0,197.0,641850.0,54.0,3999075.0,56.0,1934264.0,185.0,4192323.0,4.0,36812.0,0.0,0.0,0.0,0.0,18.0,74018.0,334.0,1231582.0,720.0,-2128028.0,808.0,92.0,1348705.0,92.0,317335.0,106.0,2769094.0
70.0,"$94,423 to $96,173",TAS,Male,1574.0,150003349.0,36550698.0,156186619.0,6131149.0,208.0,626640.0,130.0,13424028.0,126.0,8769115.0,97.0,2239920.0,5.0,71696.0,14.0,58132.0,1.0,9463.0,16.0,55768.0,420.0,1594080.0,1153.0,-2828593.0,953.0,119.0,1232325.0,119.0,300092.0,148.0,2644854.0
70.0,"$94,423 to $96,173",VIC,Female,13886.0,1323239392.0,324516317.0,1375946718.0,52566272.0,2638.0,-4057623.0,1041.0,77536422.0,1001.0,43527120.0,2934.0,86716825.0,43.0,514352.0,5.0,58641.0,36.0,143462.0,259.0,967722.0,4956.0,20691632.0,8925.0,-26429981.0,9893.0,1249.0,14727681.0,1249.0,3462310.0,1548.0,33007202.0
70.0,"$94,423 to $96,173",VIC,Male,18452.0,1758502000.0,430210244.0,1841624689.0,82549366.0,2987.0,-9587093.0,1697.0,174993104.0,1658.0,123038774.0,2211.0,70575408.0,31.0,410633.0,146.0,1239108.0,40.0,445302.0,213.0,835530.0,5213.0,23007117.0,13233.0,-39245632.0,10215.0,1367.0,13462040.0,1367.0,3161158.0,1855.0,34655828.0
70.0,"$94,423 to $96,173",WA,Female,5789.0,551697310.0,134507079.0,571686461.0,19911044.0,949.0,614020.0,327.0,18776101.0,305.0,9796295.0,1045.0,27797773.0,23.0,291166.0,7.0,58497.0,15.0,80224.0,104.0,415235.0,2043.0,8440182.0,3742.0,-10978275.0,4872.0,482.0,6923601.0,482.0,1609746.0,588.0,16061893.0
70.0,"$94,423 to $96,173",WA,Male,8141.0,775736291.0,189162486.0,809338513.0,33401024.0,989.0,-1211670.0,693.0,64337426.0,670.0,37644423.0,699.0,21193696.0,8.0,169417.0,52.0,411749.0,12.0,88675.0,87.0,337843.0,2120.0,9288205.0,6018.0,-18074655.0,5728.0,516.0,4800860.0,516.0,1134375.0,734.0,13047197.0
71.0,"$96,174 to $97,995",ACT,Female,1666.0,161750332.0,39627334.0,166680022.0,4929658.0,313.0,-1067914.0,72.0,2756382.0,64.0,835793.0,332.0,9963344.0,8.0,68131.0,2.0,18077.0,1.0,1475.0,35.0,132057.0,585.0,1474349.0,1080.0,-3070597.0,1329.0,150.0,807538.0,150.0,196671.0,172.0,1722226.0
71.0,"$96,174 to $97,995",ACT,Male,1668.0,161969476.0,39044716.0,168112802.0,6117955.0,293.0,-1031109.0,118.0,6056993.0,114.0,3133848.0,246.0,7662684.0,0.0,0.0,16.0,135736.0,4.0,10821.0,21.0,61199.0,531.0,1654257.0,1136.0,-3344340.0,1135.0,150.0,859323.0,150.0,195082.0,196.0,2222690.0
71.0,"$96,174 to $97,995",NSW,Female,17249.0,1674597681.0,412877563.0,1741506203.0,66614004.0,3729.0,2257395.0,1129.0,79765572.0,1107.0,42499627.0,3236.0,94764373.0,33.0,382441.0,11.0,88602.0,31.0,175719.0,250.0,910802.0,5742.0,23463790.0,11501.0,-37186493.0,13497.0,1393.0,16155542.0,1393.0,3798661.0,1695.0,38194467.0
71.0,"$96,174 to $97,995",NSW,Male,21497.0,2087044383.0,513655594.0,2183879013.0,96028350.0,3967.0,-1974127.0,1851.0,463410487.0,1817.0,399083115.0,2340.0,77308393.0,21.0,310645.0,134.0,1033425.0,32.0,313691.0,231.0,900245.0,5931.0,26456781.0,15555.0,-47281635.0,13682.0,1544.0,17167886.0,1544.0,3168048.0,2079.0,42435337.0
71.0,"$96,174 to $97,995",NT,Female,615.0,59689661.0,14437045.0,61732525.0,2042864.0,122.0,198075.0,29.0,1382859.0,30.0,711966.0,127.0,3171665.0,1.0,28575.0,1.0,4381.0,4.0,20458.0,19.0,77554.0,164.0,486839.0,451.0,-1332970.0,448.0,33.0,288363.0,33.0,67232.0,39.0,612068.0
71.0,"$96,174 to $97,995",NT,Male,796.0,77284259.0,18606884.0,80549223.0,3264940.0,111.0,-9253.0,64.0,3659349.0,61.0,2249228.0,55.0,1190077.0,0.0,0.0,7.0,57786.0,0.0,0.0,5.0,10921.0,162.0,552111.0,634.0,-1756271.0,445.0,38.0,157521.0,38.0,37570.0,54.0,341300.0
71.0,"$96,174 to $97,995",Overseas or Unknown,Female,95.0,9223278.0,2361716.0,9641701.0,290703.0,26.0,80928.0,7.0,590547.0,5.0,36121.0,18.0,644122.0,0.0,0.0,0.0,0.0,0.0,0.0,4.0,16950.0,21.0,128810.0,73.0,-684777.0,55.0,16.0,978493.0,16.0,231534.0,18.0,1192456.0
71.0,"$96,174 to $97,995",Overseas or Unknown,Male,113.0,10980157.0,2731464.0,11278270.0,272750.0,33.0,126543.0,6.0,707920.0,4.0,188660.0,15.0,612773.0,0.0,0.0,0.0,0.0,0.0,0.0,2.0,10961.0,27.0,276888.0,85.0,-605643.0,53.0,23.0,1069885.0,23.0,314911.0,30.0,1547215.0
71.0,"$96,174 to $97,995",QLD,Female,10741.0,1042796560.0,257127750.0,1084963142.0,40847580.0,1865.0,695205.0,635.0,46580402.0,617.0,23974512.0,2093.0,55113763.0,50.0,736272.0,10.0,91315.0,38.0,173871.0,182.0,746620.0,3601.0,15110256.0,7137.0,-20514485.0,7735.0,854.0,13005325.0,854.0,2999983.0,1043.0,30328469.0
71.0,"$96,174 to $97,995",QLD,Male,14823.0,1438974100.0,353782643.0,1507737550.0,67281995.0,1951.0,-141735.0,1159.0,117691592.0,1140.0,74914374.0,1434.0,42876788.0,29.0,507631.0,156.0,1173819.0,29.0,649367.0,149.0,644699.0,3956.0,18750223.0,10864.0,-30782098.0,7996.0,982.0,11256256.0,982.0,2551540.0,1336.0,33686102.0
71.0,"$96,174 to $97,995",SA,Female,3414.0,331411707.0,81433674.0,344078847.0,12621261.0,689.0,686276.0,200.0,13695039.0,188.0,6281909.0,634.0,16119232.0,15.0,286944.0,1.0,15086.0,2.0,7568.0,57.0,212648.0,1215.0,5283956.0,2197.0,-6145435.0,2794.0,331.0,5150995.0,331.0,1211060.0,381.0,10855721.0
71.0,"$96,174 to $97,995",SA,Male,4987.0,484160282.0,118234089.0,506366781.0,21855138.0,761.0,515206.0,408.0,52211398.0,398.0,36311946.0,507.0,14392183.0,10.0,149606.0,48.0,396115.0,7.0,88738.0,56.0,219551.0,1462.0,7156975.0,3523.0,-9497826.0,3445.0,360.0,4231363.0,360.0,1005548.0,502.0,10791001.0
71.0,"$96,174 to $97,995",TAS,Female,1042.0,101166577.0,24831636.0,104381164.0,3192203.0,183.0,550252.0,70.0,6954607.0,70.0,4446517.0,180.0,4241138.0,10.0,145871.0,1.0,13033.0,1.0,5574.0,14.0,58732.0,373.0,1512430.0,668.0,-2376005.0,785.0,72.0,1063430.0,72.0,256429.0,87.0,2548028.0
71.0,"$96,174 to $97,995",TAS,Male,1548.0,150310093.0,36842892.0,156418399.0,6105978.0,214.0,405285.0,116.0,19913339.0,113.0,14899705.0,113.0,2806111.0,5.0,79053.0,19.0,102390.0,1.0,4385.0,14.0,54577.0,463.0,1760708.0,1084.0,-2927212.0,938.0,112.0,995045.0,112.0,242456.0,141.0,2634937.0
71.0,"$96,174 to $97,995",VIC,Female,13889.0,1348188003.0,332819991.0,1403369535.0,54856297.0,2682.0,-3315616.0,936.0,64701891.0,902.0,33371412.0,2662.0,78755113.0,35.0,490419.0,3.0,26590.0,38.0,190884.0,237.0,878019.0,4704.0,19984106.0,9180.0,-29421685.0,10085.0,1230.0,15645436.0,1230.0,3611751.0,1484.0,33681294.0
71.0,"$96,174 to $97,995",VIC,Male,18246.0,1771327830.0,436410358.0,1856522670.0,84184188.0,3043.0,-9115999.0,1675.0,162320794.0,1627.0,104890397.0,2133.0,68763537.0,39.0,665280.0,123.0,954206.0,31.0,194968.0,194.0,712654.0,4999.0,22486976.0,13238.0,-40491792.0,10163.0,1408.0,14434793.0,1408.0,3370572.0,1893.0,36680990.0
71.0,"$96,174 to $97,995",WA,Female,5781.0,561191579.0,137874431.0,581375924.0,20021893.0,929.0,1255660.0,344.0,25597059.0,327.0,14038806.0,1061.0,26704174.0,7.0,197196.0,6.0,46139.0,16.0,75341.0,110.0,432382.0,1944.0,8331165.0,3832.0,-11374406.0,4917.0,474.0,6699234.0,474.0,1500643.0,572.0,15131349.0
71.0,"$96,174 to $97,995",WA,Male,8327.0,808398826.0,198680257.0,842779612.0,34269948.0,1076.0,311132.0,627.0,54834609.0,603.0,33007423.0,720.0,20542921.0,9.0,140508.0,68.0,495292.0,11.0,372275.0,85.0,304202.0,2147.0,9618513.0,6178.0,-18747853.0,5899.0,518.0,5406004.0,518.0,1298109.0,726.0,13086985.0
72.0,"$97,996 to $99,840",ACT,Female,1659.0,164113932.0,40507823.0,168431674.0,4317719.0,330.0,-852112.0,64.0,2302924.0,61.0,891762.0,305.0,8644261.0,3.0,32656.0,0.0,0.0,4.0,24234.0,24.0,89475.0,578.0,1637655.0,1081.0,-2791185.0,1373.0,142.0,1053806.0,142.0,255306.0,178.0,2117682.0
72.0,"$97,996 to $99,840",ACT,Male,1667.0,164910757.0,40163240.0,170631226.0,5670291.0,244.0,-812512.0,110.0,6132913.0,105.0,3238634.0,210.0,6664845.0,3.0,66536.0,8.0,52062.0,0.0,0.0,21.0,76966.0,528.0,1757675.0,1139.0,-3200624.0,1152.0,140.0,1021977.0,140.0,241149.0,190.0,1961337.0
72.0,"$97,996 to $99,840",NSW,Female,17092.0,1690645993.0,419877692.0,1756818857.0,65776277.0,3624.0,2270256.0,1058.0,73075854.0,1039.0,35324115.0,3054.0,88464390.0,42.0,820824.0,3.0,21989.0,37.0,188026.0,222.0,808539.0,5564.0,23796308.0,11519.0,-36828541.0,13622.0,1483.0,16553855.0,1483.0,3943504.0,1788.0,39590638.0
72.0,"$97,996 to $99,840",NSW,Male,21766.0,2153081818.0,533732860.0,2253983507.0,99091665.0,3893.0,-2177933.0,1800.0,231369537.0,1762.0,166582163.0,2411.0,77169945.0,25.0,315658.0,130.0,1094170.0,26.0,328899.0,210.0,716052.0,5996.0,27064697.0,15763.0,-49643521.0,13965.0,1609.0,15935581.0,1609.0,3720672.0,2138.0,44611798.0
72.0,"$97,996 to $99,840",NT,Female,572.0,56583866.0,13761799.0,58689323.0,2104709.0,109.0,78672.0,35.0,1495230.0,34.0,842613.0,105.0,2268533.0,0.0,0.0,0.0,0.0,0.0,0.0,16.0,77350.0,150.0,548697.0,421.0,-1296834.0,426.0,25.0,318323.0,25.0,65224.0,32.0,744566.0
72.0,"$97,996 to $99,840",NT,Male,759.0,75083770.0,18218703.0,77980620.0,2870364.0,131.0,-314877.0,57.0,5545626.0,62.0,3458313.0,59.0,1666195.0,4.0,69042.0,4.0,17010.0,1.0,7728.0,5.0,21855.0,145.0,619568.0,614.0,-1932744.0,426.0,47.0,429521.0,47.0,92099.0,56.0,863601.0
72.0,"$97,996 to $99,840",Overseas or Unknown,Female,96.0,9494516.0,2535840.0,9790747.0,199299.0,38.0,103071.0,10.0,1216378.0,8.0,227772.0,15.0,350961.0,0.0,0.0,0.0,0.0,0.0,0.0,1.0,4859.0,32.0,505396.0,60.0,-547825.0,45.0,22.0,1537467.0,22.0,414788.0,25.0,2124190.0
72.0,"$97,996 to $99,840",Overseas or Unknown,Male,140.0,13853202.0,3655547.0,14565442.0,515477.0,41.0,316384.0,3.0,441768.0,3.0,30518.0,11.0,406825.0,0.0,0.0,0.0,0.0,0.0,0.0,1.0,2290.0,34.0,350764.0,102.0,-1052679.0,60.0,23.0,1513561.0,23.0,366015.0,31.0,2022735.0
72.0,"$97,996 to $99,840",QLD,Female,10873.0,1075548355.0,267190597.0,1118011179.0,41470269.0,1828.0,963239.0,683.0,49516294.0,678.0,25205082.0,2085.0,54154167.0,42.0,479425.0,4.0,33465.0,31.0,127015.0,158.0,534969.0,3535.0,15595355.0,7332.0,-21531905.0,8046.0,893.0,10941018.0,893.0,2658278.0,1090.0,29616093.0
72.0,"$97,996 to $99,840",QLD,Male,14873.0,1471164619.0,364493882.0,1540864061.0,68139610.0,1953.0,-990901.0,1134.0,186977627.0,1093.0,145062575.0,1410.0,42067284.0,27.0,452304.0,147.0,1272823.0,29.0,531790.0,138.0,551068.0,3917.0,18447296.0,10949.0,-32408799.0,8308.0,959.0,11914094.0,959.0,2674947.0,1322.0,43108300.0
72.0,"$97,996 to $99,840",SA,Female,3297.0,326126814.0,80693471.0,339021547.0,12794160.0,630.0,926744.0,188.0,17341203.0,181.0,9789889.0,526.0,13009188.0,8.0,315038.0,4.0,40059.0,8.0,44921.0,51.0,204301.0,1184.0,5977553.0,2111.0,-6422975.0,2709.0,283.0,5266890.0,283.0,1283484.0,338.0,12404537.0
72.0,"$97,996 to $99,840",SA,Male,4916.0,486194527.0,119836519.0,507678515.0,21435469.0,756.0,264817.0,383.0,37025682.0,382.0,21623837.0,493.0,12853803.0,10.0,114739.0,54.0,494067.0,4.0,19548.0,42.0,147444.0,1430.0,6704587.0,3482.0,-9628243.0,3372.0,356.0,3851505.0,356.0,935172.0,466.0,10392235.0
72.0,"$97,996 to $99,840",TAS,Female,1005.0,99403235.0,24733193.0,103000561.0,3533637.0,161.0,959740.0,71.0,8212835.0,72.0,5565765.0,153.0,2996036.0,9.0,122812.0,0.0,0.0,3.0,9693.0,12.0,41233.0,339.0,1306768.0,666.0,-2041629.0,785.0,68.0,864292.0,68.0,211502.0,76.0,1801697.0
72.0,"$97,996 to $99,840",TAS,Male,1534.0,151724234.0,37516795.0,157479447.0,5753334.0,222.0,449219.0,131.0,13263437.0,127.0,8004002.0,101.0,2809176.0,3.0,51668.0,12.0,111481.0,2.0,8730.0,9.0,33971.0,428.0,1769128.0,1103.0,-2752229.0,993.0,95.0,1026003.0,95.0,250807.0,127.0,2892721.0
72.0,"$97,996 to $99,840",VIC,Female,13810.0,1365995587.0,339701102.0,1420173009.0,53891024.0,2711.0,-4439195.0,950.0,72079379.0,914.0,40599129.0,2521.0,76688168.0,31.0,452667.0,6.0,46925.0,34.0,145071.0,221.0,809479.0,4681.0,21536303.0,9120.0,-28346748.0,10248.0,1288.0,15939748.0,1288.0,3707919.0,1538.0,35410829.0
72.0,"$97,996 to $99,840",VIC,Male,18249.0,1805196730.0,447873550.0,1889780994.0,83594253.0,3049.0,-9642771.0,1633.0,177273909.0,1575.0,122343108.0,2081.0,66582153.0,21.0,271424.0,144.0,1239614.0,25.0,88749.0,200.0,737237.0,5122.0,24871935.0,13121.0,-40891576.0,10330.0,1382.0,13778532.0,1382.0,3218921.0,1863.0,32760883.0
72.0,"$97,996 to $99,840",WA,Female,5689.0,562665743.0,139383384.0,582970464.0,20275097.0,982.0,1081167.0,369.0,22882325.0,356.0,11591698.0,1003.0,24152356.0,20.0,328985.0,6.0,33811.0,10.0,134654.0,91.0,339573.0,1874.0,8151918.0,3810.0,-11848575.0,4922.0,443.0,5308384.0,443.0,1291087.0,571.0,12888074.0
72.0,"$97,996 to $99,840",WA,Male,8462.0,837036411.0,207221517.0,873274812.0,35768429.0,1070.0,28121.0,656.0,91867709.0,641.0,68257644.0,697.0,21167217.0,8.0,137637.0,79.0,639710.0,16.0,289594.0,100.0,426214.0,2143.0,10461461.0,6315.0,-19891107.0,6065.0,594.0,5972812.0,594.0,1475947.0,800.0,13750882.0
73.0,"$99,841 to $101,761",ACT,Female,1669.0,168200035.0,41678616.0,172829861.0,4613052.0,343.0,-965656.0,56.0,2467329.0,54.0,821823.0,296.0,8172219.0,3.0,19201.0,1.0,3998.0,5.0,43911.0,22.0,79046.0,590.0,1851253.0,1078.0,-3400283.0,1366.0,155.0,1106114.0,155.0,251561.0,197.0,2472231.0
73.0,"$99,841 to $101,761",ACT,Male,1655.0,166811309.0,40865979.0,172928523.0,6088817.0,299.0,-1171714.0,108.0,11192784.0,108.0,8242222.0,228.0,7151446.0,1.0,6991.0,10.0,64279.0,2.0,19782.0,17.0,75346.0,552.0,1851088.0,1102.0,-3583723.0,1156.0,158.0,1201651.0,158.0,266559.0,214.0,3084258.0
73.0,"$99,841 to $101,761",NSW,Female,16996.0,1712884012.0,428050941.0,1779299089.0,65323690.0,3784.0,1740275.0,1115.0,95737273.0,1095.0,56877478.0,2908.0,80077166.0,25.0,380567.0,3.0,24340.0,40.0,179162.0,229.0,882730.0,5675.0,25045849.0,11315.0,-38531267.0,13634.0,1474.0,18343091.0,1474.0,4247277.0,1778.0,44191248.0
73.0,"$99,841 to $101,761",NSW,Male,21857.0,2202941432.0,549620452.0,2305126533.0,101370161.0,4084.0,-3261707.0,1834.0,257849494.0,1803.0,192755583.0,2221.0,70647149.0,21.0,314753.0,116.0,828709.0,32.0,291143.0,194.0,751214.0,6117.0,28927883.0,15731.0,-50783291.0,14285.0,1581.0,16363198.0,1581.0,3838306.0,2132.0,51970182.0
73.0,"$99,841 to $101,761",NT,Female,606.0,61073476.0,14991150.0,63242456.0,2168993.0,131.0,-307345.0,33.0,1915623.0,32.0,986924.0,116.0,2649930.0,1.0,1402.0,0.0,0.0,0.0,0.0,14.0,61843.0,140.0,494087.0,466.0,-1615336.0,456.0,34.0,259328.0,34.0,61995.0,39.0,523107.0
73.0,"$99,841 to $101,761",NT,Male,742.0,74782264.0,18282899.0,77974417.0,3190053.0,147.0,-269315.0,60.0,4221625.0,59.0,2765698.0,50.0,1394925.0,1.0,9627.0,5.0,34705.0,1.0,102460.0,4.0,9710.0,170.0,751864.0,572.0,-1864208.0,409.0,49.0,557172.0,49.0,135312.0,60.0,1250696.0
73.0,"$99,841 to $101,761",Overseas or Unknown,Female,92.0,9269142.0,2405006.0,9550786.0,200083.0,27.0,60283.0,5.0,711602.0,4.0,105962.0,14.0,370013.0,0.0,0.0,0.0,0.0,0.0,0.0,2.0,9755.0,32.0,391153.0,58.0,-465325.0,44.0,24.0,1008930.0,24.0,293095.0,26.0,1065848.0
73.0,"$99,841 to $101,761",Overseas or Unknown,Male,122.0,12307623.0,3170657.0,12646312.0,337301.0,35.0,23939.0,14.0,1544385.0,10.0,198138.0,9.0,304904.0,0.0,0.0,1.0,1730.0,0.0,0.0,0.0,0.0,45.0,500216.0,73.0,-601524.0,50.0,25.0,935614.0,25.0,289666.0,28.0,1430843.0
73.0,"$99,841 to $101,761",QLD,Female,10819.0,1090399730.0,272577077.0,1131438203.0,40826066.0,1897.0,1125078.0,663.0,48287315.0,635.0,23167041.0,1976.0,49174283.0,54.0,582764.0,10.0,65833.0,29.0,136484.0,143.0,573684.0,3672.0,16719687.0,7141.0,-21810715.0,8019.0,885.0,12597253.0,885.0,3027676.0,1093.0,36147676.0
73.0,"$99,841 to $101,761",QLD,Male,14849.0,1496487866.0,373335490.0,1568931417.0,72058478.0,2037.0,-720005.0,1144.0,120601825.0,1126.0,77200503.0,1348.0,40332288.0,28.0,353985.0,121.0,987731.0,27.0,772422.0,113.0,434901.0,3982.0,19664369.0,10861.0,-33410698.0,8401.0,1056.0,12852308.0,1056.0,2954513.0,1468.0,64214666.0
73.0,"$99,841 to $101,761",SA,Female,3457.0,348385746.0,86854174.0,361614842.0,13191235.0,735.0,431415.0,194.0,14532295.0,185.0,7737642.0,514.0,13575451.0,14.0,202469.0,4.0,19238.0,8.0,45121.0,35.0,114695.0,1197.0,5637861.0,2258.0,-7349138.0,2903.0,300.0,4809182.0,300.0,1180735.0,355.0,11440423.0
73.0,"$99,841 to $101,761",SA,Male,4947.0,498566780.0,123557482.0,520850237.0,22110475.0,831.0,1014543.0,376.0,37195808.0,370.0,22221948.0,473.0,13718812.0,9.0,142058.0,38.0,332423.0,7.0,109851.0,60.0,225549.0,1448.0,7432534.0,3496.0,-10014553.0,3522.0,413.0,5536796.0,413.0,1307470.0,544.0,14461532.0
73.0,"$99,841 to $101,761",TAS,Female,998.0,100588285.0,25004283.0,103997084.0,3408798.0,159.0,365371.0,76.0,7818568.0,71.0,4756937.0,172.0,4450977.0,7.0,142456.0,0.0,0.0,1.0,10666.0,20.0,75309.0,341.0,1658245.0,657.0,-1993756.0,791.0,80.0,1257958.0,80.0,311396.0,89.0,2413528.0
73.0,"$99,841 to $101,761",TAS,Male,1510.0,152173485.0,37925609.0,158252032.0,6066662.0,219.0,367975.0,133.0,11989059.0,137.0,7182001.0,107.0,2839705.0,4.0,62452.0,11.0,111276.0,0.0,0.0,16.0,67061.0,419.0,1675699.0,1089.0,-3041750.0,980.0,104.0,1552550.0,104.0,361566.0,144.0,3738282.0
73.0,"$99,841 to $101,761",VIC,Female,13512.0,1361887196.0,341112489.0,1416627356.0,54606444.0,2675.0,-4059412.0,950.0,85805320.0,926.0,53869414.0,2441.0,70245439.0,40.0,554782.0,9.0,83430.0,25.0,102080.0,209.0,789688.0,4727.0,21359370.0,8777.0,-29125906.0,10130.0,1256.0,16286915.0,1256.0,3853299.0,1523.0,36377204.0
73.0,"$99,841 to $101,761",VIC,Male,18378.0,1852336696.0,462904301.0,1937982281.0,85310296.0,3153.0,-11205541.0,1681.0,157575659.0,1670.0,103117542.0,2014.0,65237949.0,29.0,516635.0,132.0,1043695.0,28.0,240036.0,178.0,706564.0,5138.0,24871013.0,13234.0,-41895581.0,10738.0,1454.0,13884087.0,1454.0,3343341.0,1957.0,35963369.0
73.0,"$99,841 to $101,761",WA,Female,5665.0,570958271.0,142267590.0,590791567.0,19639866.0,994.0,566378.0,284.0,21265769.0,280.0,10594363.0,998.0,24859129.0,5.0,46933.0,6.0,23268.0,8.0,43825.0,95.0,403312.0,1983.0,8906897.0,3679.0,-11478086.0,4922.0,446.0,6265490.0,446.0,1543919.0,539.0,14087718.0
73.0,"$99,841 to $101,761",WA,Male,8576.0,864305712.0,215270904.0,901082136.0,35787805.0,1125.0,-961886.0,710.0,75974924.0,696.0,49021025.0,674.0,19818238.0,6.0,82426.0,54.0,364022.0,4.0,74925.0,84.0,296413.0,2219.0,10765010.0,6351.0,-19889387.0,6274.0,558.0,6807108.0,558.0,1655893.0,788.0,16746675.0
74.0,"$101,762 to $103,776",ACT,Female,1585.0,162870580.0,40830207.0,167530744.0,4658771.0,320.0,-335299.0,52.0,3318780.0,54.0,1929182.0,283.0,8400337.0,2.0,26116.0,1.0,4723.0,1.0,10272.0,25.0,96635.0,582.0,1474544.0,1003.0,-2766015.0,1304.0,146.0,881034.0,146.0,214992.0,176.0,1848676.0
74.0,"$101,762 to $103,776",ACT,Male,1672.0,171822448.0,42494188.0,177745713.0,5919081.0,290.0,-535134.0,107.0,8052273.0,104.0,5025732.0,233.0,7575760.0,3.0,57224.0,6.0,38027.0,3.0,9497.0,22.0,93560.0,547.0,1974264.0,1125.0,-3203101.0,1214.0,155.0,1038645.0,155.0,242381.0,221.0,2196876.0
74.0,"$101,762 to $103,776",NSW,Female,16659.0,1711896572.0,431230317.0,1777737739.0,65651825.0,3773.0,348901.0,1069.0,81719188.0,1056.0,45915962.0,2857.0,82065493.0,31.0,463121.0,1.0,11561.0,29.0,102965.0,225.0,859594.0,5415.0,23885475.0,11238.0,-38835646.0,13401.0,1481.0,20352970.0,1481.0,4923450.0,1776.0,47696518.0
74.0,"$101,762 to $103,776",NSW,Male,21927.0,2253435767.0,566360357.0,2357014195.0,103056950.0,4295.0,-1301481.0,1874.0,236189183.0,1873.0,170099191.0,2241.0,71711820.0,18.0,224772.0,98.0,726771.0,23.0,157878.0,198.0,725832.0,6038.0,28061342.0,15878.0,-51429116.0,14562.0,1674.0,18111511.0,1674.0,4325329.0,2201.0,42689833.0
74.0,"$101,762 to $103,776",NT,Female,550.0,56512433.0,13945377.0,58551291.0,2037607.0,140.0,-36227.0,31.0,2765393.0,32.0,1666182.0,102.0,2292893.0,1.0,12860.0,0.0,0.0,1.0,13563.0,17.0,70314.0,122.0,547335.0,428.0,-1528880.0,429.0,36.0,407184.0,36.0,100500.0,37.0,874577.0
74.0,"$101,762 to $103,776",NT,Male,727.0,74729202.0,18395136.0,77872931.0,3126799.0,137.0,-270050.0,51.0,8439871.0,54.0,6891064.0,52.0,1107521.0,0.0,0.0,4.0,22356.0,0.0,0.0,6.0,19408.0,137.0,445176.0,590.0,-1946547.0,410.0,35.0,352893.0,35.0,70953.0,49.0,746643.0
74.0,"$101,762 to $103,776",Overseas or Unknown,Female,70.0,7199426.0,1886133.0,7420857.0,221431.0,21.0,196175.0,2.0,282102.0,0.0,0.0,8.0,213772.0,0.0,0.0,0.0,0.0,0.0,0.0,1.0,3648.0,28.0,377805.0,40.0,-219670.0,37.0,19.0,855995.0,19.0,243684.0,20.0,1232852.0
74.0,"$101,762 to $103,776",Overseas or Unknown,Male,135.0,13878507.0,3783375.0,14178856.0,296680.0,36.0,269257.0,6.0,484098.0,4.0,56036.0,25.0,949616.0,1.0,18213.0,0.0,0.0,0.0,0.0,2.0,12127.0,43.0,631460.0,87.0,-862994.0,52.0,27.0,1531698.0,27.0,472753.0,31.0,2051277.0
74.0,"$101,762 to $103,776",QLD,Female,10906.0,1120732109.0,282390234.0,1163497677.0,42582319.0,1940.0,817807.0,690.0,52636135.0,673.0,26713899.0,1842.0,45844742.0,32.0,441812.0,8.0,62712.0,36.0,224321.0,147.0,570666.0,3608.0,16169897.0,7292.0,-22380567.0,8148.0,911.0,13523211.0,911.0,3202037.0,1122.0,37808561.0
74.0,"$101,762 to $103,776",QLD,Male,15027.0,1544244756.0,388073547.0,1617036924.0,72170695.0,2223.0,-118707.0,1141.0,136570836.0,1116.0,89839355.0,1353.0,41908454.0,24.0,369605.0,125.0,1008498.0,17.0,285420.0,125.0,479817.0,4066.0,19828630.0,10950.0,-33771269.0,8825.0,1102.0,12242211.0,1102.0,2958689.0,1516.0,33009046.0
74.0,"$101,762 to $103,776",SA,Female,3351.0,344382748.0,86374570.0,357699596.0,13288296.0,693.0,1047884.0,208.0,15518984.0,203.0,6817867.0,477.0,11313965.0,11.0,212153.0,3.0,20298.0,3.0,16703.0,41.0,179053.0,1106.0,5677434.0,2243.0,-7503197.0,2854.0,353.0,4867081.0,353.0,1195311.0,407.0,11170720.0
74.0,"$101,762 to $103,776",SA,Male,4953.0,508950308.0,126948863.0,532576153.0,23176206.0,843.0,105966.0,412.0,44071456.0,406.0,27714094.0,394.0,11313149.0,14.0,224330.0,42.0,359021.0,7.0,86328.0,35.0,130662.0,1436.0,7266049.0,3514.0,-10621448.0,3549.0,410.0,5470046.0,410.0,1314977.0,528.0,15586049.0
74.0,"$101,762 to $103,776",TAS,Female,1002.0,102942738.0,25941213.0,106640634.0,3640241.0,170.0,651858.0,52.0,4894008.0,50.0,2759678.0,155.0,3660757.0,6.0,106026.0,1.0,9287.0,0.0,0.0,15.0,65664.0,323.0,1596680.0,679.0,-2232466.0,782.0,87.0,1736712.0,87.0,434690.0,96.0,3563324.0
74.0,"$101,762 to $103,776",TAS,Male,1506.0,154768922.0,38922391.0,160640957.0,5865488.0,215.0,578966.0,119.0,13443340.0,123.0,8778874.0,109.0,3036337.0,2.0,1867.0,9.0,83523.0,1.0,6500.0,10.0,38997.0,396.0,1685802.0,1109.0,-2968229.0,994.0,105.0,1478759.0,105.0,372486.0,136.0,3329648.0
74.0,"$101,762 to $103,776",VIC,Female,13298.0,1366484555.0,344857839.0,1420504693.0,53807710.0,2759.0,-3603736.0,942.0,76054021.0,905.0,42884787.0,2319.0,69405516.0,38.0,459207.0,9.0,51741.0,23.0,218880.0,215.0,827757.0,4561.0,22387204.0,8730.0,-28529665.0,10030.0,1298.0,16185699.0,1298.0,4004100.0,1572.0,34636982.0
74.0,"$101,762 to $103,776",VIC,Male,18587.0,1910088586.0,480905613.0,2001549940.0,91041698.0,3326.0,-10669571.0,1644.0,171132632.0,1609.0,112639826.0,1937.0,60530548.0,21.0,321005.0,110.0,859865.0,29.0,168344.0,192.0,750314.0,5195.0,26601627.0,13385.0,-43223370.0,11085.0,1464.0,16962052.0,1464.0,4122056.0,2008.0,43220942.0
74.0,"$101,762 to $103,776",WA,Female,5806.0,596655835.0,149760392.0,619269643.0,22508920.0,994.0,262581.0,339.0,25225305.0,331.0,13680245.0,931.0,23644187.0,14.0,271767.0,6.0,54895.0,7.0,24451.0,89.0,376745.0,1935.0,8695535.0,3869.0,-12229838.0,5070.0,474.0,6636109.0,474.0,1573039.0,593.0,17139582.0
74.0,"$101,762 to $103,776",WA,Male,8767.0,900931862.0,226237620.0,939920043.0,38915995.0,1238.0,-1506235.0,672.0,66923145.0,658.0,41400407.0,709.0,20439951.0,13.0,200563.0,59.0,386650.0,15.0,298212.0,76.0,289458.0,2163.0,10832953.0,6599.0,-21556991.0,6388.0,676.0,7985670.0,676.0,1851877.0,920.0,24730002.0
75.0,"$103,777 to $105,847",ACT,Female,1583.0,165866989.0,41853208.0,170924594.0,4990120.0,335.0,-564151.0,64.0,4724487.0,58.0,2672315.0,299.0,9175392.0,7.0,121793.0,0.0,0.0,2.0,5771.0,16.0,66691.0,550.0,1477144.0,1032.0,-3411844.0,1302.0,142.0,1255158.0,142.0,279283.0,172.0,2646576.0
75.0,"$103,777 to $105,847",ACT,Male,1667.0,174677045.0,43545103.0,181023773.0,6287319.0,306.0,-1206616.0,80.0,5317671.0,80.0,2939922.0,232.0,7770568.0,6.0,33819.0,12.0,82726.0,3.0,8672.0,16.0,57004.0,541.0,1762327.0,1126.0,-3384758.0,1204.0,172.0,1400934.0,172.0,313207.0,229.0,3503879.0
75.0,"$103,777 to $105,847",NSW,Female,16628.0,1742774365.0,442467895.0,1810940331.0,67828699.0,3954.0,2004752.0,990.0,73996362.0,956.0,38265369.0,2749.0,77986664.0,38.0,439637.0,4.0,35609.0,26.0,123319.0,170.0,661174.0,5413.0,25158245.0,11209.0,-39954152.0,13594.0,1514.0,20700978.0,1514.0,4814533.0,1818.0,45844361.0
75.0,"$103,777 to $105,847",NSW,Male,22050.0,2310788306.0,585354955.0,2417165330.0,105213082.0,4398.0,-2175411.0,1813.0,199040461.0,1788.0,129859130.0,2200.0,70147763.0,19.0,291435.0,105.0,781234.0,24.0,141554.0,188.0,647708.0,5898.0,28713299.0,16141.0,-53046398.0,14893.0,1604.0,17861925.0,1604.0,4132099.0,2150.0,50053293.0
75.0,"$103,777 to $105,847",NT,Female,567.0,59404794.0,14836043.0,61358951.0,1954157.0,148.0,-192401.0,23.0,2944593.0,23.0,2337333.0,112.0,2583471.0,1.0,1433.0,0.0,0.0,1.0,10262.0,10.0,41227.0,128.0,551698.0,437.0,-1563962.0,439.0,38.0,496202.0,38.0,124521.0,49.0,1021854.0
75.0,"$103,777 to $105,847",NT,Male,764.0,80078387.0,19863581.0,83533870.0,3455270.0,146.0,-442562.0,53.0,7528730.0,50.0,5732345.0,51.0,1104328.0,1.0,13407.0,8.0,45992.0,1.0,257.0,3.0,21802.0,162.0,676823.0,601.0,-2153008.0,438.0,38.0,169708.0,38.0,43332.0,54.0,415204.0
75.0,"$103,777 to $105,847",Overseas or Unknown,Female,95.0,9958296.0,2610265.0,10201818.0,231223.0,32.0,182025.0,3.0,231315.0,3.0,25943.0,16.0,444748.0,1.0,7523.0,0.0,0.0,0.0,0.0,3.0,7252.0,35.0,454408.0,60.0,-362518.0,49.0,19.0,917015.0,19.0,285717.0,20.0,1069871.0
75.0,"$103,777 to $105,847",Overseas or Unknown,Male,131.0,13738465.0,3649188.0,14351976.0,510141.0,30.0,328307.0,7.0,937921.0,6.0,516611.0,21.0,689826.0,0.0,0.0,1.0,3870.0,0.0,0.0,4.0,13378.0,46.0,630608.0,83.0,-634916.0,49.0,29.0,1664545.0,29.0,434393.0,32.0,2405434.0
75.0,"$103,777 to $105,847",QLD,Female,11003.0,1153144786.0,292217796.0,1197993557.0,44667127.0,1977.0,1496818.0,652.0,68034896.0,641.0,42362205.0,1692.0,43880169.0,42.0,628798.0,6.0,41435.0,31.0,200788.0,121.0,496025.0,3525.0,17393860.0,7474.0,-23336097.0,8492.0,969.0,15055737.0,969.0,3639020.0,1175.0,32743485.0
75.0,"$103,777 to $105,847",QLD,Male,15170.0,1589902361.0,402712849.0,1665819491.0,75138493.0,2154.0,-103879.0,1098.0,119229452.0,1085.0,76225317.0,1241.0,37963408.0,19.0,213292.0,142.0,989397.0,26.0,391460.0,111.0,417244.0,4006.0,20168669.0,11161.0,-35670021.0,8941.0,1149.0,13886951.0,1149.0,3383108.0,1559.0,34404947.0
75.0,"$103,777 to $105,847",SA,Female,3083.0,323094340.0,81753474.0,335560265.0,12446532.0,670.0,946454.0,174.0,13366075.0,169.0,6193025.0,424.0,9523787.0,8.0,115582.0,1.0,5954.0,3.0,12193.0,37.0,149331.0,1034.0,5122357.0,2048.0,-6496863.0,2622.0,289.0,4817505.0,289.0,1210375.0,344.0,9818879.0
75.0,"$103,777 to $105,847",SA,Male,4707.0,493273556.0,124317549.0,516186170.0,22740170.0,817.0,234917.0,380.0,38960262.0,376.0,23918992.0,386.0,10455615.0,12.0,148659.0,44.0,430164.0,4.0,119437.0,36.0,135812.0,1353.0,7133005.0,3350.0,-10072841.0,3377.0,408.0,5087462.0,408.0,1209520.0,536.0,12004452.0
75.0,"$103,777 to $105,847",TAS,Female,1028.0,107753728.0,27300727.0,111219532.0,3465847.0,197.0,471642.0,74.0,7588218.0,72.0,4625142.0,127.0,2706413.0,4.0,77505.0,0.0,0.0,1.0,863.0,11.0,42563.0,323.0,1580048.0,705.0,-2312787.0,820.0,70.0,1193161.0,70.0,299867.0,79.0,2457550.0
75.0,"$103,777 to $105,847",TAS,Male,1524.0,159736477.0,40406178.0,165861098.0,6124454.0,238.0,436521.0,123.0,19868943.0,123.0,14160352.0,104.0,2918160.0,5.0,42484.0,8.0,69259.0,1.0,7992.0,10.0,38774.0,439.0,1979661.0,1084.0,-2980150.0,975.0,104.0,1358525.0,104.0,323778.0,137.0,3912531.0
75.0,"$103,777 to $105,847",VIC,Female,13317.0,1395732976.0,354807445.0,1450943585.0,55058148.0,2819.0,-4259248.0,845.0,57990352.0,831.0,28336159.0,2233.0,66304158.0,40.0,466038.0,8.0,66852.0,21.0,125762.0,205.0,788249.0,4621.0,22200218.0,8691.0,-29088366.0,10294.0,1346.0,17470925.0,1346.0,4177587.0,1597.0,36638222.0
75.0,"$103,777 to $105,847",VIC,Male,18616.0,1950958424.0,495091028.0,2042807317.0,91604877.0,3332.0,-11790741.0,1558.0,148095815.0,1540.0,94251621.0,1939.0,61983275.0,22.0,377907.0,108.0,840090.0,26.0,136828.0,176.0,679024.0,5063.0,25856023.0,13548.0,-43937091.0,11298.0,1500.0,16780204.0,1500.0,3886607.0,2056.0,45151167.0
75.0,"$103,777 to $105,847",WA,Female,5793.0,607061130.0,153567551.0,628586925.0,21509584.0,1072.0,906215.0,339.0,28678466.0,341.0,15734988.0,954.0,24927602.0,13.0,204644.0,2.0,21397.0,12.0,40814.0,98.0,348523.0,1941.0,8884144.0,3850.0,-13111092.0,5058.0,451.0,5647964.0,451.0,1384403.0,576.0,14521586.0
75.0,"$103,777 to $105,847",WA,Male,8765.0,918601563.0,232544297.0,957107162.0,38184953.0,1222.0,-1779596.0,621.0,67929618.0,616.0,43303631.0,692.0,20042928.0,12.0,281580.0,46.0,324864.0,12.0,283710.0,80.0,332045.0,2134.0,10428488.0,6628.0,-21694430.0,6469.0,590.0,6445561.0,590.0,1541071.0,840.0,21373769.0
76.0,"$105,848 to $108,012",ACT,Female,1589.0,169916356.0,43281652.0,174942038.0,5020364.0,347.0,-841042.0,62.0,2465754.0,57.0,914810.0,260.0,7828189.0,0.0,0.0,0.0,0.0,1.0,710.0,25.0,86485.0,563.0,1454405.0,1026.0,-3260736.0,1342.0,147.0,1065526.0,147.0,263114.0,170.0,2206540.0
76.0,"$105,848 to $108,012",ACT,Male,1706.0,182375428.0,45830476.0,188704395.0,6323323.0,329.0,-1001546.0,128.0,10783490.0,127.0,6695368.0,228.0,7354597.0,3.0,63369.0,5.0,50360.0,3.0,77236.0,30.0,87384.0,541.0,1887069.0,1162.0,-3706329.0,1275.0,190.0,931468.0,190.0,206306.0,245.0,2107716.0
76.0,"$105,848 to $108,012",NSW,Female,16946.0,1812055355.0,463026289.0,1880332294.0,67835926.0,4091.0,2305739.0,1079.0,97393178.0,1034.0,56713735.0,2612.0,73098333.0,35.0,492321.0,6.0,36293.0,19.0,70492.0,175.0,689712.0,5641.0,26820822.0,11298.0,-41047815.0,13999.0,1534.0,20162771.0,1534.0,4873509.0,1828.0,46951881.0
76.0,"$105,848 to $108,012",NSW,Male,22055.0,2358155623.0,601778557.0,2464218276.0,105166984.0,4476.0,-2669312.0,1761.0,218006604.0,1737.0,149011959.0,2083.0,66779983.0,26.0,336306.0,104.0,894246.0,22.0,235971.0,192.0,748642.0,6087.0,28962355.0,15959.0,-54102672.0,15023.0,1712.0,17402561.0,1712.0,4216707.0,2348.0,49924931.0
76.0,"$105,848 to $108,012",NT,Female,600.0,64134817.0,16107052.0,66398182.0,2263364.0,138.0,-287160.0,33.0,3076510.0,32.0,1972184.0,96.0,1884024.0,1.0,35918.0,0.0,0.0,1.0,834.0,9.0,31501.0,137.0,593745.0,463.0,-1629032.0,466.0,31.0,232095.0,31.0,60828.0,41.0,645182.0
76.0,"$105,848 to $108,012",NT,Male,722.0,77200043.0,19338959.0,80244318.0,2964194.0,146.0,-281815.0,49.0,5308149.0,51.0,3947602.0,59.0,1666085.0,0.0,0.0,6.0,34932.0,2.0,22850.0,6.0,29180.0,129.0,434202.0,593.0,-1850040.0,442.0,33.0,114652.0,33.0,28134.0,50.0,316392.0
76.0,"$105,848 to $108,012",Overseas or Unknown,Female,86.0,9195741.0,2359765.0,9561105.0,236973.0,28.0,205000.0,2.0,342307.0,1.0,6738.0,18.0,941198.0,0.0,0.0,0.0,0.0,0.0,0.0,1.0,4866.0,34.0,347740.0,51.0,-390366.0,47.0,21.0,1059883.0,21.0,284775.0,24.0,1351039.0
76.0,"$105,848 to $108,012",Overseas or Unknown,Male,116.0,12395900.0,3243702.0,12792788.0,286970.0,37.0,520966.0,4.0,352988.0,3.0,116319.0,9.0,315778.0,0.0,0.0,0.0,0.0,0.0,0.0,0.0,0.0,41.0,434121.0,75.0,-784905.0,52.0,17.0,1457407.0,17.0,423544.0,22.0,1794782.0
76.0,"$105,848 to $108,012",QLD,Female,10858.0,1161014424.0,296617838.0,1205179363.0,43726262.0,1999.0,2009723.0,614.0,66997711.0,597.0,43740906.0,1560.0,40265980.0,33.0,460995.0,7.0,46714.0,26.0,152564.0,136.0,557914.0,3643.0,17718684.0,7212.0,-22890717.0,8384.0,933.0,16154122.0,933.0,3604816.0,1170.0,34699731.0
76.0,"$105,848 to $108,012",QLD,Male,14954.0,1598882194.0,408164502.0,1676466561.0,77275772.0,2190.0,-124134.0,1050.0,113758122.0,1042.0,71612079.0,1176.0,35178995.0,20.0,328936.0,132.0,1066337.0,12.0,64373.0,121.0,466817.0,3899.0,19954397.0,11050.0,-35707686.0,9085.0,1072.0,13246390.0,1072.0,3243458.0,1491.0,38630198.0
76.0,"$105,848 to $108,012",SA,Female,3223.0,344559448.0,87795759.0,357326268.0,12504677.0,599.0,573966.0,173.0,18296855.0,166.0,9529570.0,430.0,10071549.0,8.0,162653.0,1.0,3164.0,3.0,21172.0,30.0,106882.0,1053.0,5548862.0,2168.0,-7279398.0,2740.0,279.0,4555392.0,279.0,1154950.0,335.0,9767115.0
76.0,"$105,848 to $108,012",SA,Male,4752.0,508118943.0,128928959.0,530568150.0,22436032.0,812.0,415489.0,367.0,54412768.0,359.0,37928545.0,385.0,11041148.0,8.0,173329.0,29.0,298684.0,2.0,113834.0,36.0,144590.0,1416.0,7647388.0,3332.0,-10081547.0,3484.0,401.0,5198649.0,401.0,1310779.0,524.0,16829144.0
76.0,"$105,848 to $108,012",TAS,Female,943.0,100801315.0,25659945.0,104262146.0,3460832.0,160.0,715642.0,75.0,5448987.0,75.0,2460671.0,125.0,2857960.0,4.0,84793.0,0.0,0.0,1.0,7295.0,12.0,43618.0,338.0,1786311.0,604.0,-2017077.0,757.0,80.0,1348041.0,80.0,340908.0,101.0,4983753.0
76.0,"$105,848 to $108,012",TAS,Male,1449.0,154923828.0,39547009.0,160502073.0,5576661.0,223.0,220159.0,130.0,15330980.0,129.0,10833122.0,90.0,2621894.0,2.0,23978.0,9.0,46996.0,1.0,9516.0,11.0,48820.0,396.0,1966991.0,1050.0,-2990659.0,973.0,104.0,1545446.0,104.0,368117.0,147.0,6419831.0
76.0,"$105,848 to $108,012",VIC,Female,13177.0,1408852504.0,360738217.0,1464307798.0,55257983.0,2878.0,-4813099.0,920.0,67989703.0,879.0,33025751.0,2050.0,61529379.0,39.0,739113.0,2.0,16382.0,26.0,87614.0,157.0,615164.0,4638.0,23368662.0,8536.0,-29285053.0,10183.0,1363.0,19706017.0,1363.0,4730291.0,1637.0,49032507.0
76.0,"$105,848 to $108,012",VIC,Male,18596.0,1988409696.0,508363123.0,2082428205.0,93467066.0,3432.0,-10435606.0,1603.0,165552645.0,1567.0,110145337.0,1775.0,57325827.0,22.0,421642.0,99.0,845017.0,15.0,70832.0,162.0,679619.0,5149.0,25494465.0,13442.0,-44391196.0,11399.0,1557.0,14290104.0,1557.0,3594952.0,2096.0,37086008.0
76.0,"$105,848 to $108,012",WA,Female,5754.0,615222006.0,156780705.0,637488239.0,22179483.0,1078.0,581424.0,308.0,18823762.0,293.0,8011932.0,814.0,19279853.0,15.0,168956.0,10.0,71918.0,3.0,20662.0,69.0,238848.0,1962.0,8838132.0,3791.0,-12706575.0,5083.0,488.0,6464643.0,488.0,1598290.0,625.0,13940020.0
76.0,"$105,848 to $108,012",WA,Male,8888.0,950477740.0,242507858.0,989641264.0,38799705.0,1275.0,-1333218.0,630.0,98391922.0,620.0,72976743.0,647.0,18440439.0,6.0,87149.0,68.0,500477.0,13.0,113558.0,60.0,248342.0,2244.0,11162957.0,6638.0,-22173776.0,6662.0,622.0,7671310.0,622.0,1815560.0,847.0,18343725.0
77.0,"$108,013 to $110,228",ACT,Female,1595.0,174008208.0,44631908.0,179366467.0,5347400.0,342.0,-583007.0,75.0,3308592.0,76.0,1577274.0,259.0,8022303.0,4.0,77713.0,0.0,0.0,3.0,6894.0,19.0,55714.0,538.0,1667894.0,1055.0,-3386716.0,1333.0,150.0,1675570.0,150.0,408931.0,182.0,3425165.0
77.0,"$108,013 to $110,228",ACT,Male,1708.0,186390789.0,47207350.0,193307200.0,6913072.0,357.0,-1198114.0,89.0,8898047.0,87.0,5407679.0,209.0,6527871.0,2.0,2887.0,5.0,36971.0,0.0,0.0,15.0,35186.0,579.0,2035895.0,1128.0,-3777034.0,1284.0,198.0,1537381.0,198.0,372701.0,256.0,3258799.0
77.0,"$108,013 to $110,228",NSW,Female,17637.0,1924642959.0,495586896.0,1996798435.0,72012403.0,3922.0,4260402.0,987.0,89102124.0,961.0,49757522.0,2521.0,68060657.0,44.0,734585.0,4.0,17225.0,20.0,66410.0,147.0,513503.0,5448.0,26302472.0,12183.0,-43816241.0,14679.0,1512.0,20710831.0,1512.0,5099610.0,1852.0,47353631.0
77.0,"$108,013 to $110,228",NSW,Male,22539.0,2459338956.0,631958288.0,2571149948.0,110764990.0,4548.0,-4403296.0,1752.0,222774603.0,1723.0,160002893.0,2082.0,63340116.0,28.0,411967.0,85.0,660811.0,15.0,121162.0,167.0,519762.0,5871.0,28901658.0,16659.0,-57669056.0,15699.0,1833.0,19822290.0,1833.0,4774095.0,2478.0,50656978.0
77.0,"$108,013 to $110,228",NT,Female,567.0,61882500.0,15707437.0,63954460.0,2068369.0,147.0,-214617.0,31.0,2983930.0,29.0,1951654.0,88.0,1748415.0,0.0,0.0,1.0,14550.0,2.0,8534.0,9.0,41285.0,134.0,646795.0,433.0,-1528175.0,452.0,32.0,507355.0,32.0,128046.0,40.0,967407.0
77.0,"$108,013 to $110,228",NT,Male,731.0,79769118.0,20136846.0,82704392.0,2935274.0,148.0,-123583.0,42.0,3694451.0,37.0,2811665.0,52.0,1448530.0,0.0,0.0,5.0,40790.0,0.0,0.0,6.0,16525.0,142.0,632405.0,589.0,-1936094.0,446.0,22.0,176617.0,22.0,44541.0,33.0,389723.0
77.0,"$108,013 to $110,228",Overseas or Unknown,Female,88.0,9600636.0,2570442.0,9918335.0,206611.0,31.0,138360.0,5.0,200935.0,2.0,2410.0,12.0,316742.0,0.0,0.0,0.0,0.0,0.0,0.0,1.0,2424.0,32.0,454408.0,55.0,-389236.0,43.0,22.0,1519148.0,22.0,438763.0,22.0,1913663.0
77.0,"$108,013 to $110,228",Overseas or Unknown,Male,126.0,13746628.0,3667972.0,14133730.0,380260.0,37.0,-114102.0,4.0,604229.0,4.0,202234.0,12.0,497704.0,0.0,0.0,1.0,2476.0,0.0,0.0,1.0,3648.0,45.0,670245.0,79.0,-1042018.0,62.0,27.0,1874684.0,27.0,520664.0,33.0,4265781.0
77.0,"$108,013 to $110,228",QLD,Female,10375.0,1131939593.0,290903317.0,1174497351.0,42492987.0,1930.0,2302093.0,577.0,52392650.0,569.0,27509516.0,1435.0,38108005.0,23.0,398483.0,6.0,49717.0,23.0,129207.0,100.0,413682.0,3396.0,17495897.0,6973.0,-23480192.0,8110.0,969.0,15835882.0,969.0,3887880.0,1173.0,39433092.0
77.0,"$108,013 to $110,228",QLD,Male,14944.0,1630633835.0,419047960.0,1706607174.0,75730092.0,2319.0,573140.0,1108.0,112935329.0,1085.0,70710798.0,1090.0,32801573.0,8.0,103710.0,104.0,856235.0,26.0,423600.0,101.0,413125.0,3966.0,20672853.0,10973.0,-35969807.0,9219.0,1129.0,12104550.0,1129.0,3028993.0,1544.0,31742092.0
77.0,"$108,013 to $110,228",SA,Female,3081.0,336170512.0,86258608.0,349735240.0,13348342.0,639.0,846704.0,195.0,15328361.0,186.0,6696487.0,393.0,9653349.0,8.0,117865.0,1.0,14493.0,3.0,21277.0,25.0,123687.0,1084.0,6072691.0,1996.0,-6655229.0,2628.0,296.0,6077011.0,296.0,1495740.0,342.0,13992998.0
77.0,"$108,013 to $110,228",SA,Male,4840.0,528110172.0,135055078.0,551218133.0,22828904.0,850.0,246441.0,363.0,47350641.0,356.0,31128340.0,417.0,12337498.0,2.0,17392.0,22.0,166807.0,5.0,33988.0,44.0,179239.0,1433.0,8017616.0,3405.0,-9987610.0,3572.0,438.0,5178719.0,438.0,1309765.0,576.0,15189869.0
77.0,"$108,013 to $110,228",TAS,Female,847.0,92413767.0,23732262.0,95499080.0,3084467.0,164.0,563934.0,53.0,21805801.0,54.0,19464221.0,105.0,2238037.0,4.0,38175.0,0.0,0.0,2.0,15073.0,13.0,40060.0,284.0,1457918.0,563.0,-2091712.0,686.0,88.0,1631716.0,88.0,415758.0,102.0,3384065.0
77.0,"$108,013 to $110,228",TAS,Male,1431.0,156130762.0,40076685.0,161517283.0,5385970.0,218.0,524493.0,118.0,13613365.0,117.0,9034291.0,94.0,2356898.0,3.0,48207.0,7.0,49348.0,1.0,8998.0,8.0,23088.0,406.0,1849172.0,1024.0,-2901548.0,956.0,124.0,1628201.0,124.0,418554.0,155.0,3588099.0
77.0,"$108,013 to $110,228",VIC,Female,12814.0,1398139834.0,360280739.0,1453626329.0,55265538.0,2884.0,-4750701.0,920.0,75196514.0,903.0,37331291.0,1887.0,56090108.0,27.0,318368.0,5.0,44412.0,25.0,152895.0,134.0,514038.0,4372.0,23242293.0,8434.0,-30270780.0,10028.0,1300.0,19007513.0,1300.0,4704144.0,1564.0,41663802.0
77.0,"$108,013 to $110,228",VIC,Male,18482.0,2016828526.0,519121562.0,2110267443.0,93266354.0,3525.0,-12702898.0,1496.0,176941317.0,1459.0,123405753.0,1671.0,53163066.0,25.0,471381.0,96.0,803517.0,20.0,139385.0,141.0,543382.0,5007.0,26997526.0,13471.0,-46773808.0,11505.0,1562.0,16113261.0,1562.0,4013710.0,2123.0,41830714.0
77.0,"$108,013 to $110,228",WA,Female,5526.0,602938028.0,154799399.0,623833753.0,20810356.0,1028.0,450618.0,285.0,23577841.0,279.0,12886834.0,740.0,17978884.0,20.0,274967.0,6.0,53643.0,9.0,50133.0,56.0,209690.0,1794.0,9262970.0,3728.0,-12775174.0,4886.0,440.0,5980778.0,440.0,1404418.0,574.0,13827707.0
77.0,"$108,013 to $110,228",WA,Male,9190.0,1002729447.0,257547481.0,1043629991.0,40461441.0,1296.0,-1048909.0,670.0,73785656.0,670.0,44896892.0,611.0,17208830.0,9.0,101549.0,58.0,361020.0,7.0,276417.0,64.0,265571.0,2203.0,11408022.0,6985.0,-24046778.0,6927.0,597.0,5439520.0,597.0,1343991.0,871.0,15045250.0
78.0,"$110,229 to $112,526",ACT,Female,1722.0,191808816.0,49397091.0,197294350.0,5485505.0,407.0,-539650.0,66.0,5182841.0,60.0,2944921.0,240.0,6590227.0,1.0,2642.0,0.0,0.0,1.0,2119.0,15.0,50366.0,558.0,1801487.0,1164.0,-3806042.0,1490.0,167.0,1174066.0,167.0,301438.0,218.0,2392512.0
78.0,"$110,229 to $112,526",ACT,Male,1750.0,194947692.0,49615621.0,201858879.0,6840857.0,399.0,-1026734.0,104.0,7674627.0,98.0,3822114.0,216.0,6854309.0,2.0,53747.0,2.0,31663.0,0.0,0.0,21.0,76367.0,543.0,1945671.0,1206.0,-3846961.0,1343.0,176.0,1512251.0,176.0,359614.0,242.0,3258700.0
78.0,"$110,229 to $112,526",NSW,Female,17804.0,1982722825.0,513916601.0,2065953994.0,83026548.0,4042.0,4729430.0,986.0,77729878.0,951.0,40453257.0,2481.0,66772244.0,34.0,415638.0,6.0,45601.0,23.0,85143.0,141.0,547329.0,5409.0,27142163.0,12391.0,-46634808.0,15023.0,1595.0,29171457.0,1595.0,5523625.0,1919.0,68062266.0
78.0,"$110,229 to $112,526",NSW,Male,22675.0,2525238167.0,653882965.0,2637149828.0,110388702.0,4647.0,-4284580.0,1769.0,221394817.0,1719.0,157071283.0,2012.0,65162555.0,19.0,303067.0,83.0,633140.0,19.0,293018.0,173.0,668958.0,5986.0,29137595.0,16675.0,-59788692.0,15929.0,1958.0,20772039.0,1958.0,5119067.0,2556.0,55106799.0
78.0,"$110,229 to $112,526",NT,Female,586.0,65259230.0,16703508.0,67345577.0,2086345.0,151.0,-51894.0,33.0,2242802.0,30.0,1276007.0,109.0,2022700.0,1.0,1840.0,0.0,0.0,0.0,0.0,12.0,59533.0,144.0,692763.0,442.0,-1781822.0,473.0,33.0,274462.0,33.0,70389.0,49.0,561942.0
78.0,"$110,229 to $112,526",NT,Male,735.0,81841138.0,20811344.0,85187303.0,3335751.0,154.0,-138651.0,45.0,3824135.0,45.0,2158877.0,44.0,1075447.0,0.0,0.0,4.0,9498.0,0.0,0.0,10.0,59269.0,161.0,771206.0,574.0,-2033198.0,463.0,40.0,378241.0,40.0,92503.0,52.0,793274.0
78.0,"$110,229 to $112,526",Overseas or Unknown,Female,89.0,9912118.0,2569119.0,10354107.0,417108.0,36.0,381494.0,3.0,238417.0,2.0,8246.0,12.0,257780.0,0.0,0.0,0.0,0.0,0.0,0.0,1.0,2424.0,33.0,416289.0,55.0,-530394.0,54.0,24.0,1231445.0,24.0,354129.0,26.0,1468780.0
78.0,"$110,229 to $112,526",Overseas or Unknown,Male,144.0,16045624.0,4306057.0,16656143.0,516201.0,48.0,677379.0,8.0,719076.0,5.0,60357.0,14.0,474330.0,0.0,0.0,0.0,0.0,0.0,0.0,3.0,15814.0,46.0,781208.0,96.0,-957993.0,60.0,26.0,1320397.0,26.0,344186.0,31.0,1569552.0
78.0,"$110,229 to $112,526",QLD,Female,10051.0,1119337971.0,290002282.0,1160968578.0,41583483.0,1957.0,1282761.0,626.0,54895528.0,605.0,28329829.0,1414.0,40594895.0,33.0,404246.0,4.0,33304.0,18.0,145708.0,118.0,483113.0,3391.0,17978625.0,6656.0,-22673634.0,7948.0,982.0,15737599.0,982.0,3971101.0,1208.0,36322921.0
78.0,"$110,229 to $112,526",QLD,Male,14728.0,1640393150.0,424592266.0,1715801816.0,74512961.0,2316.0,-749495.0,1025.0,957550530.0,1018.0,914049176.0,1056.0,31562445.0,15.0,321095.0,98.0,808487.0,20.0,285601.0,110.0,415530.0,3870.0,22074733.0,10852.0,-36382245.0,9188.0,1119.0,14678874.0,1119.0,3647278.0,1509.0,36445496.0
78.0,"$110,229 to $112,526",SA,Female,2777.0,309260501.0,79758957.0,322281551.0,12560293.0,615.0,532601.0,154.0,16260166.0,151.0,8588724.0,347.0,8219468.0,7.0,107253.0,2.0,19586.0,5.0,9817.0,23.0,110393.0,993.0,5776688.0,1784.0,-6196797.0,2383.0,268.0,5679288.0,268.0,1416806.0,319.0,11129825.0
78.0,"$110,229 to $112,526",SA,Male,4675.0,520585211.0,133943684.0,544790238.0,23516261.0,853.0,630001.0,375.0,42366759.0,366.0,27789805.0,347.0,9858626.0,4.0,39511.0,32.0,313187.0,3.0,4478.0,27.0,105608.0,1341.0,7501715.0,3333.0,-10793721.0,3467.0,436.0,6485526.0,436.0,1576222.0,579.0,14169512.0
78.0,"$110,229 to $112,526",TAS,Female,859.0,95685614.0,24766989.0,99117945.0,3425960.0,179.0,472349.0,56.0,6077844.0,53.0,3207670.0,111.0,2262911.0,5.0,49783.0,1.0,6772.0,0.0,0.0,13.0,46076.0,320.0,1642256.0,539.0,-1938868.0,707.0,85.0,1820431.0,85.0,455163.0,93.0,4033982.0
78.0,"$110,229 to $112,526",TAS,Male,1382.0,153926787.0,39795578.0,159687059.0,5533626.0,242.0,579995.0,103.0,12209835.0,100.0,8979466.0,75.0,1921751.0,2.0,53701.0,10.0,81465.0,2.0,6992.0,12.0,47341.0,391.0,1859694.0,989.0,-3228008.0,959.0,121.0,1966706.0,121.0,504382.0,146.0,5681834.0
78.0,"$110,229 to $112,526",VIC,Female,12982.0,1445947744.0,375174509.0,1502537249.0,56382064.0,2824.0,-5055027.0,863.0,68749109.0,846.0,32986863.0,1838.0,54517687.0,31.0,413804.0,3.0,14947.0,24.0,120819.0,128.0,470817.0,4303.0,23798414.0,8672.0,-31045182.0,10222.0,1305.0,20176516.0,1305.0,4795023.0,1557.0,47035152.0
78.0,"$110,229 to $112,526",VIC,Male,18658.0,2077885096.0,538980482.0,2173209977.0,94766357.0,3469.0,-11466925.0,1516.0,183537172.0,1490.0,124691022.0,1795.0,54286412.0,16.0,201225.0,93.0,756223.0,21.0,104548.0,162.0,623583.0,5134.0,29146961.0,13515.0,-46863845.0,11836.0,1634.0,19028594.0,1634.0,4845701.0,2182.0,47065544.0
78.0,"$110,229 to $112,526",WA,Female,5626.0,626490923.0,161741952.0,648901888.0,22204629.0,1067.0,377217.0,303.0,27198857.0,292.0,14068302.0,723.0,17366501.0,11.0,173536.0,6.0,51638.0,10.0,49040.0,54.0,216683.0,1774.0,9802457.0,3849.0,-13593426.0,5032.0,468.0,7272987.0,468.0,1797663.0,593.0,17360195.0
78.0,"$110,229 to $112,526",WA,Male,9222.0,1027144902.0,265572326.0,1070845714.0,43078334.0,1411.0,-1218038.0,609.0,236312326.0,604.0,212783458.0,555.0,16239787.0,10.0,203101.0,39.0,288805.0,6.0,18826.0,49.0,184128.0,2247.0,11795311.0,6974.0,-24104786.0,7019.0,697.0,6857230.0,697.0,1680793.0,951.0,17943553.0
79.0,"$112,527 to $114,916",ACT,Female,1675.0,190455883.0,49518940.0,195591876.0,5132082.0,333.0,-701187.0,59.0,2308682.0,56.0,832998.0,240.0,6024596.0,2.0,11273.0,0.0,0.0,3.0,8789.0,12.0,36377.0,543.0,1757316.0,1132.0,-3741958.0,1457.0,148.0,1365229.0,148.0,336045.0,174.0,2995206.0
79.0,"$112,527 to $114,916",ACT,Male,1864.0,211982075.0,54757340.0,219383020.0,7155399.0,389.0,-875906.0,94.0,8816982.0,99.0,5470399.0,203.0,5619286.0,2.0,14387.0,7.0,79224.0,1.0,3126.0,11.0,25451.0,566.0,2001708.0,1295.0,-4467114.0,1441.0,183.0,1081198.0,183.0,272708.0,249.0,2680173.0
79.0,"$112,527 to $114,916",NSW,Female,16594.0,1886746234.0,492058463.0,1956444432.0,69282007.0,3992.0,2553536.0,974.0,90076461.0,935.0,50690980.0,2138.0,58998484.0,20.0,209205.0,3.0,13593.0,7.0,47468.0,126.0,484016.0,5386.0,28136725.0,11200.0,-43500464.0,14142.0,1563.0,22399295.0,1563.0,5652884.0,1899.0,50719305.0
79.0,"$112,527 to $114,916",NSW,Male,22648.0,2575434290.0,670747668.0,2688289134.0,111985489.0,4839.0,-5244195.0,1688.0,202812144.0,1662.0,132662800.0,1828.0,58075052.0,22.0,315914.0,84.0,684425.0,12.0,103510.0,158.0,664450.0,6195.0,32144085.0,16449.0,-59433432.0,16198.0,1826.0,21818060.0,1826.0,5369391.0,2488.0,60621329.0
79.0,"$112,527 to $114,916",NT,Female,636.0,72351882.0,18589668.0,74905669.0,2553504.0,168.0,-242396.0,35.0,2528571.0,36.0,1072460.0,95.0,1784841.0,1.0,9996.0,0.0,0.0,1.0,7621.0,7.0,26763.0,156.0,827311.0,480.0,-1838886.0,511.0,37.0,575152.0,37.0,145957.0,49.0,1227527.0
79.0,"$112,527 to $114,916",NT,Male,691.0,78606114.0,20118873.0,81933404.0,3327166.0,164.0,-151657.0,48.0,3831474.0,46.0,2304692.0,46.0,1097243.0,2.0,10253.0,0.0,0.0,3.0,56411.0,3.0,10896.0,153.0,722578.0,538.0,-2026240.0,465.0,43.0,395516.0,43.0,100591.0,59.0,2415742.0
79.0,"$112,527 to $114,916",Overseas or Unknown,Female,61.0,6930949.0,1905380.0,7084206.0,153258.0,19.0,132346.0,7.0,473904.0,6.0,24349.0,8.0,152615.0,0.0,0.0,0.0,0.0,0.0,0.0,1.0,6038.0,19.0,314476.0,40.0,-220475.0,33.0,9.0,583695.0,9.0,184874.0,9.0,717242.0
79.0,"$112,527 to $114,916",Overseas or Unknown,Male,143.0,16266714.0,4373004.0,16732412.0,374014.0,34.0,352476.0,7.0,582744.0,3.0,330892.0,23.0,972986.0,0.0,0.0,0.0,0.0,0.0,0.0,3.0,18174.0,46.0,702711.0,95.0,-961645.0,58.0,26.0,1452372.0,26.0,424302.0,34.0,1651823.0
79.0,"$112,527 to $114,916",QLD,Female,9874.0,1122767669.0,292297757.0,1165554822.0,41381214.0,1859.0,2185399.0,555.0,46594526.0,524.0,23354937.0,1202.0,32400277.0,27.0,360439.0,4.0,23874.0,23.0,91258.0,90.0,327463.0,3223.0,17683863.0,6651.0,-22819602.0,7967.0,923.0,16179815.0,923.0,3973343.0,1115.0,34978084.0
79.0,"$112,527 to $114,916",QLD,Male,14970.0,1702371325.0,443791202.0,1780884916.0,77756119.0,2403.0,1212165.0,996.0,117220251.0,972.0,77055943.0,1063.0,29692120.0,14.0,236091.0,104.0,731440.0,20.0,265143.0,93.0,361316.0,3966.0,22231543.0,11003.0,-37475014.0,9582.0,1215.0,13947401.0,1215.0,3520523.0,1686.0,36465843.0
79.0,"$112,527 to $114,916",SA,Female,2802.0,318649407.0,82912041.0,332321266.0,13671857.0,617.0,1049950.0,150.0,13995823.0,140.0,6432337.0,324.0,7694319.0,4.0,39289.0,1.0,203.0,1.0,19756.0,23.0,101723.0,996.0,6061587.0,1805.0,-6372782.0,2423.0,292.0,5598446.0,292.0,1449320.0,338.0,15795741.0
79.0,"$112,527 to $114,916",SA,Male,4749.0,539956060.0,139886742.0,563987501.0,23725148.0,879.0,-114340.0,337.0,42587375.0,331.0,28038644.0,314.0,8318961.0,7.0,78733.0,23.0,227771.0,2.0,92155.0,35.0,150663.0,1357.0,7873167.0,3391.0,-10967746.0,3608.0,455.0,6776836.0,455.0,1712718.0,574.0,15302230.0
79.0,"$112,527 to $114,916",TAS,Female,865.0,98324104.0,25482111.0,101674061.0,3349017.0,182.0,461622.0,54.0,4798234.0,47.0,2239706.0,99.0,1970588.0,4.0,68928.0,1.0,18963.0,0.0,0.0,11.0,47280.0,288.0,1769843.0,575.0,-2188666.0,715.0,84.0,2315280.0,84.0,580093.0,105.0,4928979.0
79.0,"$112,527 to $114,916",TAS,Male,1356.0,154205556.0,40065815.0,159911354.0,5652618.0,213.0,543180.0,113.0,13342955.0,107.0,8906850.0,66.0,1721789.0,2.0,22077.0,7.0,67672.0,0.0,0.0,6.0,16954.0,384.0,1991728.0,969.0,-2808045.0,940.0,110.0,1960915.0,110.0,475374.0,160.0,4152077.0
79.0,"$112,527 to $114,916",VIC,Female,13451.0,1529594506.0,399312693.0,1586846787.0,57136439.0,2844.0,-3395392.0,880.0,77862212.0,856.0,44693263.0,1705.0,48267948.0,40.0,516538.0,1.0,16241.0,12.0,62043.0,125.0,509369.0,4543.0,25166402.0,8898.0,-32144908.0,10746.0,1369.0,20392739.0,1369.0,5129024.0,1644.0,45820773.0
79.0,"$112,527 to $114,916",VIC,Male,18836.0,2142014491.0,559376021.0,2242431041.0,100196854.0,3681.0,-13266606.0,1502.0,146815562.0,1466.0,93477744.0,1529.0,46017854.0,20.0,295409.0,77.0,573145.0,19.0,163349.0,130.0,499817.0,4932.0,27054169.0,13895.0,-49896447.0,12338.0,1638.0,18642146.0,1638.0,4500577.0,2173.0,54585447.0
79.0,"$112,527 to $114,916",WA,Female,5801.0,659665417.0,171470227.0,682714788.0,22893354.0,1119.0,1061616.0,329.0,31774637.0,323.0,16269921.0,707.0,16737881.0,11.0,231402.0,2.0,14757.0,6.0,37426.0,45.0,167621.0,1841.0,10249109.0,3960.0,-14021574.0,5205.0,481.0,6798566.0,481.0,1740381.0,613.0,17414509.0
79.0,"$112,527 to $114,916",WA,Male,9457.0,1075545867.0,279883972.0,1118677488.0,42737301.0,1464.0,-1574659.0,606.0,62886535.0,580.0,39968958.0,587.0,16353995.0,10.0,112114.0,53.0,400853.0,6.0,64493.0,79.0,284755.0,2242.0,11686779.0,7213.0,-26034650.0,7385.0,666.0,6316895.0,666.0,1621941.0,940.0,16976500.0
80.0,"$114,917 to $117,412",ACT,Female,1759.0,204351749.0,53506640.0,209935952.0,5575996.0,379.0,-814850.0,69.0,7663092.0,68.0,6086930.0,244.0,6788529.0,3.0,53258.0,0.0,0.0,2.0,19889.0,17.0,70322.0,568.0,2057589.0,1189.0,-4021513.0,1536.0,201.0,2257015.0,201.0,563397.0,239.0,4791082.0
80.0,"$114,917 to $117,412",ACT,Male,1839.0,213658945.0,55529667.0,220876194.0,7215878.0,391.0,-1070318.0,90.0,6202544.0,82.0,3457353.0,210.0,5942978.0,3.0,41070.0,1.0,5517.0,1.0,4261.0,14.0,58212.0,582.0,1796988.0,1255.0,-4103625.0,1451.0,202.0,1056471.0,202.0,263982.0,285.0,2454915.0
80.0,"$114,917 to $117,412",NSW,Female,16100.0,1870221120.0,490689026.0,1942427207.0,71984513.0,4192.0,4191458.0,990.0,89137135.0,952.0,48348843.0,1957.0,55183456.0,21.0,215705.0,5.0,53432.0,9.0,29672.0,127.0,554385.0,5322.0,30678125.0,10771.0,-43032858.0,13841.0,1610.0,26653310.0,1610.0,6565413.0,1972.0,60256771.0
80.0,"$114,917 to $117,412",NSW,Male,22861.0,2655448325.0,696358541.0,2772721277.0,116068459.0,5014.0,-4321661.0,1811.0,252744339.0,1776.0,178646408.0,1791.0,59460664.0,23.0,276187.0,89.0,727962.0,26.0,471202.0,148.0,611889.0,6322.0,35451381.0,16534.0,-62071539.0,16672.0,2037.0,23063238.0,2037.0,5772516.0,2750.0,61373711.0
80.0,"$114,917 to $117,412",NT,Female,615.0,71451430.0,18500738.0,73941725.0,2463792.0,146.0,-160445.0,25.0,4561373.0,27.0,3719196.0,86.0,1391005.0,2.0,28070.0,0.0,0.0,0.0,0.0,12.0,38674.0,134.0,637932.0,481.0,-2011199.0,499.0,36.0,375397.0,36.0,96999.0,48.0,922551.0
80.0,"$114,917 to $117,412",NT,Male,768.0,89230584.0,23037578.0,92793811.0,3550072.0,147.0,-240521.0,44.0,3906761.0,41.0,2139987.0,41.0,1033909.0,3.0,53616.0,2.0,6243.0,1.0,721.0,5.0,29112.0,146.0,804820.0,622.0,-2316430.0,525.0,51.0,305174.0,51.0,78695.0,70.0,693419.0
80.0,"$114,917 to $117,412",Overseas or Unknown,Female,92.0,10686212.0,2904159.0,10868494.0,178297.0,29.0,293484.0,3.0,686746.0,3.0,460832.0,10.0,522037.0,0.0,0.0,0.0,0.0,0.0,0.0,0.0,0.0,38.0,320909.0,53.0,-653407.0,50.0,14.0,1057851.0,14.0,336638.0,14.0,1432663.0
80.0,"$114,917 to $117,412",Overseas or Unknown,Male,148.0,17202122.0,4729638.0,17631898.0,325682.0,49.0,95486.0,6.0,709704.0,5.0,215440.0,14.0,435446.0,0.0,0.0,0.0,0.0,0.0,0.0,0.0,0.0,50.0,626542.0,96.0,-685717.0,72.0,29.0,1764812.0,29.0,524303.0,34.0,2267969.0
80.0,"$114,917 to $117,412",QLD,Female,9734.0,1130477850.0,296600758.0,1173257367.0,42751496.0,2038.0,1924924.0,549.0,52444584.0,518.0,28038211.0,1224.0,31150942.0,15.0,155206.0,5.0,35117.0,12.0,78459.0,72.0,277221.0,3396.0,20081978.0,6335.0,-23391689.0,8006.0,1036.0,19219969.0,1036.0,4834845.0,1237.0,48506740.0
80.0,"$114,917 to $117,412",QLD,Male,15408.0,1789882049.0,469552024.0,1871828289.0,81260661.0,2570.0,-527995.0,1006.0,128398674.0,1013.0,85683306.0,1006.0,30735433.0,10.0,200662.0,87.0,650058.0,12.0,229616.0,88.0,355376.0,3984.0,24469802.0,11420.0,-40071151.0,9970.0,1295.0,18909946.0,1295.0,4715477.0,1735.0,51190028.0
80.0,"$114,917 to $117,412",SA,Female,2816.0,327084556.0,85600505.0,340738865.0,13632926.0,644.0,1087995.0,165.0,14553139.0,147.0,5639835.0,332.0,7947763.0,3.0,29028.0,2.0,22110.0,4.0,13554.0,25.0,106608.0,1065.0,7478168.0,1750.0,-6951781.0,2468.0,295.0,6575712.0,295.0,1704581.0,349.0,13810097.0
80.0,"$114,917 to $117,412",SA,Male,4819.0,559758047.0,146064858.0,585888849.0,25886604.0,903.0,886365.0,372.0,49737823.0,361.0,32825365.0,342.0,9950768.0,9.0,113032.0,33.0,277080.0,3.0,93891.0,31.0,109537.0,1456.0,9287235.0,3363.0,-11585036.0,3695.0,467.0,7942374.0,467.0,1992146.0,604.0,17334729.0
80.0,"$114,917 to $117,412",TAS,Female,763.0,88612748.0,23144891.0,91814927.0,3201971.0,175.0,620950.0,67.0,6940535.0,62.0,3363122.0,99.0,2278033.0,1.0,6348.0,0.0,0.0,1.0,6549.0,8.0,26700.0,317.0,2100998.0,446.0,-1697048.0,639.0,91.0,1880823.0,91.0,466928.0,113.0,3520269.0
80.0,"$114,917 to $117,412",TAS,Male,1330.0,154457853.0,40401174.0,160088373.0,5630515.0,234.0,510932.0,109.0,10961290.0,105.0,6688495.0,70.0,1968342.0,0.0,0.0,6.0,45732.0,0.0,0.0,7.0,26678.0,416.0,2254005.0,913.0,-2805794.0,923.0,125.0,2009810.0,125.0,504662.0,155.0,4675823.0
80.0,"$114,917 to $117,412",VIC,Female,12659.0,1470324417.0,386285391.0,1528313027.0,57363640.0,2806.0,-3427728.0,940.0,76328685.0,900.0,34736622.0,1583.0,44544730.0,24.0,392824.0,3.0,22078.0,18.0,86505.0,102.0,341542.0,4479.0,27597334.0,8175.0,-32236726.0,10233.0,1387.0,19963345.0,1387.0,5056209.0,1647.0,47123543.0
80.0,"$114,917 to $117,412",VIC,Male,18893.0,2194630670.0,576894967.0,2300239007.0,104911902.0,3889.0,-12767959.0,1477.0,155385884.0,1461.0,101863810.0,1519.0,46858086.0,16.0,229558.0,74.0,574326.0,26.0,211475.0,124.0,514725.0,5204.0,31186209.0,13686.0,-52001083.0,12542.0,1763.0,22867855.0,1763.0,5472999.0,2362.0,52975710.0
80.0,"$114,917 to $117,412",WA,Female,5944.0,690309383.0,180551017.0,715012551.0,24381827.0,1140.0,1418955.0,305.0,23845337.0,289.0,11521686.0,632.0,15076994.0,15.0,251863.0,1.0,4571.0,9.0,52868.0,68.0,277944.0,1906.0,11628044.0,4032.0,-14941581.0,5387.0,555.0,9122200.0,555.0,2250979.0,672.0,20746289.0
80.0,"$114,917 to $117,412",WA,Male,9901.0,1150231962.0,301337383.0,1197578876.0,47052873.0,1496.0,-1689133.0,627.0,66404417.0,603.0,39323340.0,570.0,15754101.0,8.0,107800.0,62.0,440494.0,18.0,462958.0,53.0,226661.0,2312.0,13658194.0,7586.0,-27555780.0,7763.0,710.0,8559454.0,710.0,2187781.0,1002.0,21408066.0
81.0,"$117,413 to $119,840",ACT,Female,1706.0,202385222.0,53287799.0,208169042.0,5764841.0,372.0,-699159.0,58.0,4105050.0,60.0,1890853.0,226.0,6443759.0,2.0,8021.0,0.0,0.0,1.0,3106.0,14.0,50673.0,549.0,2029667.0,1157.0,-3568337.0,1511.0,159.0,1559378.0,159.0,404253.0,182.0,3303502.0
81.0,"$117,413 to $119,840",ACT,Male,1825.0,216536798.0,56672567.0,223563918.0,7011537.0,385.0,-1536098.0,96.0,12755569.0,97.0,8599115.0,184.0,5571082.0,0.0,0.0,4.0,17995.0,1.0,1175.0,17.0,56852.0,553.0,2357085.0,1272.0,-4344359.0,1470.0,183.0,1654834.0,183.0,421787.0,246.0,4658084.0
81.0,"$117,413 to $119,840",NSW,Female,15950.0,1892328760.0,499424427.0,1967355945.0,74281666.0,4162.0,5945662.0,1008.0,89078385.0,977.0,49337508.0,1821.0,51694605.0,23.0,330599.0,3.0,28374.0,21.0,130147.0,119.0,472910.0,5512.0,33610001.0,10432.0,-44424577.0,13867.0,1689.0,26114989.0,1689.0,6460978.0,2016.0,63026780.0
81.0,"$117,413 to $119,840",NSW,Male,22823.0,2708340316.0,714793921.0,2826931529.0,116907995.0,5153.0,-996368.0,1621.0,289555980.0,1577.0,226832715.0,1771.0,55132908.0,14.0,232709.0,76.0,545137.0,14.0,209022.0,134.0,448495.0,6381.0,39019148.0,16428.0,-63259976.0,17143.0,2107.0,25581067.0,2107.0,6424641.0,2817.0,84569555.0
81.0,"$117,413 to $119,840",NT,Female,589.0,69858497.0,18222430.0,72014135.0,2140482.0,148.0,-196099.0,37.0,4725907.0,37.0,3163522.0,73.0,1397030.0,2.0,5199.0,0.0,0.0,1.0,6780.0,8.0,37661.0,135.0,824123.0,454.0,-2024129.0,487.0,43.0,531885.0,43.0,135213.0,50.0,1168745.0
81.0,"$117,413 to $119,840",NT,Male,740.0,87793870.0,22845860.0,91352643.0,3527702.0,171.0,155948.0,49.0,7616975.0,48.0,5305186.0,45.0,1177824.0,3.0,97954.0,1.0,4225.0,2.0,4005.0,3.0,16983.0,157.0,1030395.0,583.0,-2270323.0,507.0,57.0,482490.0,57.0,124051.0,72.0,1039902.0
81.0,"$117,413 to $119,840",Overseas or Unknown,Female,69.0,8182007.0,2220480.0,8358362.0,73930.0,17.0,231867.0,2.0,509757.0,1.0,1769.0,6.0,227804.0,0.0,0.0,0.0,0.0,0.0,0.0,1.0,4848.0,19.0,249175.0,49.0,-533695.0,36.0,25.0,1411387.0,25.0,398045.0,27.0,1707584.0
81.0,"$117,413 to $119,840",Overseas or Unknown,Male,157.0,18638076.0,5141834.0,19548244.0,345457.0,57.0,251560.0,4.0,735643.0,2.0,301583.0,14.0,560260.0,0.0,0.0,0.0,0.0,0.0,0.0,2.0,7317.0,49.0,884349.0,106.0,-744443.0,77.0,30.0,2532121.0,30.0,614339.0,44.0,3355733.0
81.0,"$117,413 to $119,840",QLD,Female,9627.0,1142500526.0,301163181.0,1190643680.0,47957681.0,2054.0,4012408.0,627.0,63699485.0,613.0,34332489.0,1144.0,28583707.0,23.0,387507.0,7.0,59672.0,22.0,145189.0,77.0,292919.0,3615.0,25571892.0,6009.0,-22739943.0,7949.0,1087.0,19580513.0,1087.0,5017711.0,1328.0,43363916.0
81.0,"$117,413 to $119,840",QLD,Male,15478.0,1836605026.0,484802612.0,1924289553.0,86805660.0,2607.0,1373189.0,1063.0,133049689.0,1050.0,86529949.0,964.0,27837279.0,18.0,399667.0,75.0,562987.0,15.0,349801.0,96.0,380792.0,4461.0,29742136.0,11007.0,-40233329.0,10445.0,1359.0,19005750.0,1359.0,4788041.0,1833.0,46707535.0
81.0,"$117,413 to $119,840",SA,Female,3052.0,362208721.0,95181600.0,380192462.0,17878651.0,662.0,1125344.0,201.0,17235576.0,187.0,8221680.0,314.0,7225451.0,7.0,138903.0,1.0,10600.0,1.0,1036.0,22.0,76768.0,1221.0,9031742.0,1830.0,-7379843.0,2702.0,314.0,6881633.0,314.0,1745959.0,379.0,13922439.0
81.0,"$117,413 to $119,840",SA,Male,4768.0,565802938.0,148550411.0,594480981.0,28510018.0,961.0,-538025.0,350.0,45362598.0,337.0,30675469.0,294.0,6968958.0,2.0,25748.0,19.0,130199.0,1.0,3325.0,19.0,64166.0,1522.0,10798381.0,3243.0,-12435256.0,3778.0,500.0,7524550.0,500.0,1953197.0,654.0,19336611.0
81.0,"$117,413 to $119,840",TAS,Female,744.0,88281283.0,23240153.0,91656319.0,3257187.0,178.0,781459.0,54.0,4681832.0,52.0,2413246.0,90.0,1990241.0,1.0,41843.0,0.0,0.0,0.0,0.0,7.0,21854.0,301.0,2022117.0,443.0,-1924485.0,615.0,91.0,1345370.0,91.0,352607.0,102.0,2720130.0
81.0,"$117,413 to $119,840",TAS,Male,1316.0,156111458.0,41154986.0,162337098.0,6104904.0,229.0,586030.0,103.0,14827777.0,105.0,9388990.0,79.0,2065964.0,0.0,0.0,3.0,25120.0,2.0,50701.0,6.0,30376.0,419.0,2946311.0,896.0,-2939817.0,940.0,125.0,2259460.0,125.0,596976.0,156.0,4859397.0
81.0,"$117,413 to $119,840",VIC,Female,12557.0,1490053885.0,393701929.0,1552153594.0,61948064.0,2937.0,-2153945.0,913.0,72253038.0,842.0,36592504.0,1609.0,43132008.0,17.0,311153.0,1.0,2828.0,21.0,97568.0,109.0,402410.0,4650.0,34520331.0,7904.0,-33865396.0,10439.0,1533.0,24830755.0,1533.0,6139315.0,1836.0,57565979.0
81.0,"$117,413 to $119,840",VIC,Male,18994.0,2253767050.0,595760302.0,2364063151.0,109796774.0,3793.0,-11917173.0,1500.0,182946347.0,1493.0,123150231.0,1519.0,45396360.0,23.0,302918.0,76.0,672518.0,22.0,218398.0,127.0,457630.0,5626.0,38539973.0,13363.0,-54052866.0,13146.0,1805.0,24612607.0,1805.0,6138159.0,2425.0,59506679.0
81.0,"$117,413 to $119,840",WA,Female,5798.0,688061797.0,180911789.0,715128987.0,26800954.0,1124.0,1819451.0,301.0,24721667.0,281.0,12951264.0,583.0,14504814.0,10.0,98113.0,4.0,28783.0,5.0,26460.0,54.0,223604.0,2043.0,14297397.0,3752.0,-14779768.0,5297.0,557.0,9616315.0,557.0,2473790.0,681.0,21679447.0
81.0,"$117,413 to $119,840",WA,Male,10318.0,1224390665.0,322911757.0,1293627438.0,68878214.0,1644.0,-910703.0,670.0,66694561.0,663.0,40789493.0,579.0,15990745.0,10.0,136768.0,45.0,324281.0,9.0,127950.0,43.0,177515.0,2503.0,16910316.0,7815.0,-30434431.0,8216.0,830.0,10352447.0,830.0,2522260.0,1172.0,30165169.0
82.0,"$119,841 to $122,416",ACT,Female,1759.0,212977299.0,56490117.0,219062701.0,6075055.0,410.0,-799003.0,68.0,4032513.0,67.0,2383504.0,196.0,5318306.0,0.0,0.0,0.0,0.0,1.0,3540.0,11.0,37648.0,577.0,2242893.0,1181.0,-3786583.0,1569.0,189.0,2362187.0,189.0,586869.0,233.0,4725036.0
82.0,"$119,841 to $122,416",ACT,Male,2058.0,249159280.0,65713473.0,256975308.0,7809771.0,428.0,-600899.0,96.0,8438869.0,100.0,4790204.0,176.0,4664653.0,3.0,26458.0,4.0,33981.0,2.0,117663.0,16.0,43743.0,640.0,2956248.0,1417.0,-4542948.0,1688.0,227.0,2305065.0,227.0,599563.0,313.0,4927805.0
82.0,"$119,841 to $122,416",NSW,Female,15423.0,1866724618.0,496022456.0,1939325562.0,71907479.0,4097.0,6101451.0,977.0,83765408.0,940.0,43352997.0,1672.0,46782915.0,14.0,173056.0,5.0,46361.0,14.0,44173.0,64.0,235291.0,5456.0,35756705.0,9960.0,-42445374.0,13541.0,1709.0,28301707.0,1709.0,6889959.0,2060.0,67275941.0
82.0,"$119,841 to $122,416",NSW,Male,23175.0,2805758144.0,745359097.0,2929163364.0,121453796.0,5172.0,-2916491.0,1732.0,232319039.0,1676.0,160765999.0,1711.0,51923828.0,9.0,146636.0,78.0,517808.0,11.0,79004.0,128.0,512089.0,6718.0,40338027.0,16453.0,-64598722.0,17536.0,2158.0,28103534.0,2158.0,7031111.0,2937.0,78059735.0
82.0,"$119,841 to $122,416",NT,Female,596.0,72130875.0,18957700.0,74396096.0,2264649.0,170.0,175884.0,23.0,2104215.0,18.0,1604993.0,75.0,1535272.0,0.0,0.0,1.0,8896.0,0.0,0.0,5.0,25285.0,147.0,755761.0,449.0,-1777100.0,490.0,51.0,1061582.0,51.0,274627.0,62.0,2304613.0
82.0,"$119,841 to $122,416",NT,Male,767.0,92897226.0,24288817.0,96603594.0,3704398.0,173.0,-165027.0,45.0,4872044.0,42.0,2900842.0,41.0,1192313.0,1.0,2054.0,4.0,25470.0,0.0,0.0,7.0,23013.0,153.0,870852.0,613.0,-2313497.0,545.0,44.0,170793.0,44.0,44849.0,63.0,361555.0
82.0,"$119,841 to $122,416",Overseas or Unknown,Female,85.0,10281508.0,2903828.0,10621622.0,248319.0,25.0,54315.0,9.0,1590436.0,4.0,500809.0,13.0,579308.0,0.0,0.0,0.0,0.0,0.0,0.0,2.0,6095.0,32.0,435784.0,49.0,-429097.0,43.0,21.0,1482655.0,21.0,433204.0,22.0,1804684.0
82.0,"$119,841 to $122,416",Overseas or Unknown,Male,129.0,15598464.0,4307131.0,16224735.0,339516.0,45.0,132719.0,4.0,2032454.0,5.0,1866992.0,11.0,219665.0,0.0,0.0,0.0,0.0,0.0,0.0,1.0,3632.0,26.0,531564.0,98.0,-890232.0,69.0,31.0,2234470.0,31.0,590853.0,36.0,3426220.0
82.0,"$119,841 to $122,416",QLD,Female,9525.0,1152849618.0,306152163.0,1199638599.0,46751685.0,2028.0,2545544.0,582.0,60605902.0,556.0,35066468.0,1113.0,27758980.0,23.0,263752.0,1.0,10292.0,22.0,149469.0,85.0,367286.0,3499.0,25860168.0,6023.0,-24598064.0,7924.0,1089.0,19712571.0,1089.0,5099169.0,1288.0,48044627.0
82.0,"$119,841 to $122,416",QLD,Male,15448.0,1869979150.0,497220213.0,1955287040.0,84249818.0,2574.0,-573721.0,1026.0,142056048.0,1001.0,99616989.0,928.0,25271719.0,7.0,125375.0,73.0,521113.0,14.0,296004.0,67.0,217635.0,4293.0,29480533.0,11151.0,-42884395.0,10423.0,1376.0,19977352.0,1376.0,5075568.0,1870.0,61311798.0
82.0,"$119,841 to $122,416",SA,Female,2842.0,343712259.0,90876379.0,359516683.0,15742509.0,665.0,1467264.0,206.0,19265622.0,185.0,8427093.0,333.0,8287721.0,8.0,131295.0,2.0,26073.0,4.0,15372.0,31.0,146020.0,1181.0,10418635.0,1661.0,-7206247.0,2506.0,345.0,6838269.0,345.0,1797728.0,406.0,15066028.0
82.0,"$119,841 to $122,416",SA,Male,4865.0,588707462.0,155748571.0,617772446.0,28520334.0,939.0,1248131.0,333.0,49288005.0,320.0,33714325.0,295.0,7668581.0,3.0,125340.0,19.0,169133.0,2.0,113161.0,27.0,100430.0,1581.0,11592100.0,3280.0,-13310540.0,3856.0,500.0,7735705.0,500.0,1989144.0,668.0,18610610.0
82.0,"$119,841 to $122,416",TAS,Female,717.0,86762869.0,22980276.0,90086697.0,3321168.0,163.0,434383.0,33.0,3574932.0,34.0,2057913.0,68.0,1535647.0,3.0,39538.0,1.0,13954.0,1.0,2460.0,5.0,18244.0,278.0,1956971.0,439.0,-1889532.0,613.0,87.0,1968952.0,87.0,523988.0,102.0,3922738.0
82.0,"$119,841 to $122,416",TAS,Male,1265.0,153159329.0,40691500.0,159384060.0,6224730.0,206.0,523089.0,106.0,16087424.0,102.0,10449226.0,67.0,1665934.0,3.0,44607.0,3.0,21503.0,1.0,2000.0,9.0,32711.0,428.0,2522308.0,837.0,-2856903.0,939.0,115.0,1662931.0,115.0,442014.0,144.0,4878620.0
82.0,"$119,841 to $122,416",VIC,Female,12377.0,1498028642.0,398616610.0,1562347194.0,63853731.0,2869.0,-3041306.0,851.0,77538482.0,818.0,41475743.0,1422.0,39471178.0,15.0,261630.0,2.0,4585.0,19.0,100367.0,103.0,423964.0,4748.0,35785755.0,7623.0,-33038597.0,10283.0,1436.0,25531464.0,1436.0,6410152.0,1712.0,56460976.0
82.0,"$119,841 to $122,416",VIC,Male,19368.0,2344325058.0,624600530.0,2457548015.0,112663778.0,3933.0,-12862592.0,1484.0,197294797.0,1459.0,134689614.0,1398.0,40945109.0,12.0,174373.0,73.0,587102.0,15.0,243730.0,108.0,407304.0,5750.0,41516385.0,13610.0,-54341548.0,13672.0,1864.0,23913845.0,1864.0,6134450.0,2470.0,60864637.0
82.0,"$119,841 to $122,416",WA,Female,5586.0,675987766.0,179054065.0,702703252.0,26458641.0,1152.0,1717307.0,314.0,30606267.0,299.0,17236997.0,556.0,12302973.0,7.0,73293.0,6.0,37398.0,6.0,16502.0,34.0,157263.0,1999.0,14771517.0,3578.0,-14702520.0,5114.0,544.0,10946961.0,544.0,2736281.0,688.0,26749678.0
82.0,"$119,841 to $122,416",WA,Male,10449.0,1265044679.0,336029237.0,1317014743.0,51640082.0,1715.0,-1443907.0,598.0,71515377.0,594.0,47220973.0,566.0,13749638.0,7.0,128395.0,46.0,357524.0,10.0,89711.0,61.0,252227.0,2613.0,17406370.0,7827.0,-30671744.0,8440.0,797.0,10840647.0,797.0,2805067.0,1134.0,36073083.0
83.0,"$122,417 to $125,431",ACT,Female,1771.0,219486689.0,58816216.0,224857726.0,5370887.0,381.0,-271135.0,80.0,3946343.0,74.0,1933274.0,203.0,4833313.0,1.0,32016.0,1.0,3194.0,0.0,0.0,9.0,33694.0,601.0,2092886.0,1168.0,-3416513.0,1582.0,211.0,2500399.0,211.0,650564.0,246.0,4921507.0
83.0,"$122,417 to $125,431",ACT,Male,2113.0,261839151.0,69994901.0,269942877.0,8097796.0,429.0,-1104586.0,99.0,5082754.0,97.0,3575096.0,179.0,5084075.0,6.0,99467.0,4.0,38435.0,0.0,0.0,11.0,36391.0,660.0,2367909.0,1453.0,-4811146.0,1716.0,212.0,2742502.0,212.0,674243.0,299.0,5896687.0
83.0,"$122,417 to $125,431",NSW,Female,15769.0,1953926779.0,525114897.0,2024658504.0,70514608.0,4162.0,5193528.0,987.0,89880933.0,946.0,45204675.0,1713.0,48315039.0,8.0,136576.0,1.0,12694.0,11.0,21996.0,128.0,463684.0,5169.0,30457543.0,10594.0,-44946771.0,13773.0,1665.0,25719103.0,1665.0,6608050.0,1996.0,55062919.0
83.0,"$122,417 to $125,431",NSW,Male,23860.0,2956614272.0,794218707.0,3084249573.0,126658010.0,5468.0,-6477439.0,1684.0,320562345.0,1647.0,251253784.0,1632.0,49830077.0,15.0,268009.0,60.0,459734.0,20.0,97430.0,118.0,395459.0,6491.0,36329545.0,17366.0,-67745687.0,18152.0,2247.0,27167282.0,2247.0,7034866.0,3038.0,73421693.0
83.0,"$122,417 to $125,431",NT,Female,542.0,67195960.0,17824414.0,69273755.0,2077795.0,173.0,135756.0,27.0,4760437.0,24.0,3664594.0,81.0,1796146.0,2.0,47226.0,0.0,0.0,0.0,0.0,8.0,31469.0,131.0,716956.0,411.0,-1717311.0,463.0,44.0,761390.0,44.0,194466.0,56.0,1561547.0
83.0,"$122,417 to $125,431",NT,Male,797.0,98745688.0,26193782.0,102156481.0,3401832.0,191.0,-548820.0,48.0,5280480.0,44.0,3707857.0,48.0,986954.0,0.0,0.0,2.0,10531.0,1.0,803.0,4.0,16420.0,134.0,795177.0,663.0,-2566206.0,578.0,49.0,704868.0,49.0,188616.0,67.0,1640694.0
83.0,"$122,417 to $125,431",Overseas or Unknown,Female,85.0,10543309.0,2873584.0,10891511.0,163732.0,26.0,125841.0,3.0,421963.0,3.0,52969.0,14.0,650898.0,0.0,0.0,0.0,0.0,0.0,0.0,2.0,4829.0,32.0,539856.0,52.0,-373880.0,49.0,23.0,1531073.0,23.0,430311.0,26.0,1885039.0
83.0,"$122,417 to $125,431",Overseas or Unknown,Male,162.0,20082218.0,5597880.0,20778928.0,438596.0,56.0,117131.0,7.0,851750.0,7.0,171245.0,10.0,427144.0,0.0,0.0,0.0,0.0,0.0,0.0,1.0,1201.0,51.0,992301.0,110.0,-1020354.0,65.0,45.0,3857899.0,45.0,1127183.0,51.0,4604636.0
83.0,"$122,417 to $125,431",QLD,Female,9201.0,1140025962.0,306287533.0,1183451394.0,43154317.0,2023.0,1786827.0,506.0,66643441.0,499.0,42047415.0,1063.0,24967916.0,14.0,213015.0,1.0,2996.0,13.0,53310.0,85.0,313431.0,3091.0,19948663.0,6109.0,-23307148.0,7641.0,1034.0,19975148.0,1034.0,5259812.0,1296.0,47546954.0
83.0,"$122,417 to $125,431",QLD,Male,15901.0,1970207652.0,529944169.0,2056572406.0,85700898.0,2726.0,-923074.0,1052.0,134257890.0,1040.0,88963551.0,944.0,26997346.0,13.0,186618.0,73.0,584218.0,17.0,279692.0,84.0,351726.0,4122.0,25984794.0,11776.0,-43654319.0,10796.0,1463.0,19313485.0,1463.0,4959585.0,1952.0,57402690.0
83.0,"$122,417 to $125,431",SA,Female,2479.0,307084378.0,82116902.0,319841722.0,12723080.0,597.0,637353.0,168.0,17370066.0,158.0,7747508.0,239.0,5792924.0,8.0,81873.0,0.0,0.0,4.0,31762.0,17.0,65277.0,979.0,7035903.0,1499.0,-6278837.0,2228.0,306.0,7697808.0,306.0,1964775.0,363.0,16532693.0
83.0,"$122,417 to $125,431",SA,Male,4635.0,574188468.0,153778611.0,598640208.0,24240347.0,946.0,1448183.0,354.0,48078471.0,348.0,31049698.0,241.0,6275687.0,1.0,3387.0,28.0,230581.0,0.0,0.0,24.0,105400.0,1405.0,9140872.0,3228.0,-11078725.0,3664.0,455.0,7188635.0,455.0,1829201.0,599.0,21260397.0
83.0,"$122,417 to $125,431",TAS,Female,700.0,86714219.0,23213732.0,90478508.0,3764289.0,169.0,778173.0,58.0,7500101.0,58.0,3307403.0,65.0,1803650.0,0.0,0.0,0.0,0.0,1.0,9515.0,7.0,37625.0,259.0,1781907.0,440.0,-2053360.0,577.0,78.0,2227579.0,78.0,585985.0,90.0,5880034.0
83.0,"$122,417 to $125,431",TAS,Male,1324.0,164036759.0,44019843.0,170315559.0,6234516.0,260.0,573746.0,107.0,18533671.0,105.0,11896937.0,47.0,925539.0,0.0,0.0,3.0,35754.0,1.0,393.0,7.0,15690.0,403.0,2647102.0,921.0,-3290052.0,991.0,120.0,2267151.0,120.0,576317.0,161.0,5187129.0
83.0,"$122,417 to $125,431",VIC,Female,11866.0,1470142670.0,395364267.0,1527386292.0,57158521.0,2788.0,-3145365.0,832.0,74549620.0,810.0,36335642.0,1312.0,37960191.0,16.0,156139.0,1.0,7691.0,16.0,74964.0,94.0,363142.0,4176.0,28794728.0,7688.0,-31575201.0,9931.0,1454.0,24029012.0,1454.0,6118764.0,1727.0,53214764.0
83.0,"$122,417 to $125,431",VIC,Male,19298.0,2391274044.0,644144108.0,2501138205.0,108999043.0,4041.0,-14306842.0,1485.0,166014603.0,1450.0,103675787.0,1343.0,40002844.0,11.0,189015.0,57.0,442119.0,16.0,120964.0,114.0,427232.0,5292.0,33301554.0,13998.0,-55175299.0,13426.0,1905.0,24951081.0,1905.0,6408437.0,2504.0,59151116.0
83.0,"$122,417 to $125,431",WA,Female,5211.0,645670392.0,173175629.0,669061259.0,23311614.0,1133.0,1538579.0,304.0,25391316.0,296.0,12775681.0,468.0,10725127.0,11.0,249040.0,6.0,47625.0,7.0,72101.0,43.0,196150.0,1811.0,11909024.0,3396.0,-13787503.0,4752.0,543.0,9774895.0,543.0,2545518.0,672.0,21753044.0
83.0,"$122,417 to $125,431",WA,Male,10791.0,1337061260.0,359127823.0,1387826888.0,50532889.0,1736.0,-1833630.0,648.0,79654848.0,640.0,53397459.0,550.0,14395340.0,11.0,314702.0,59.0,399201.0,13.0,90231.0,62.0,249811.0,2561.0,14800329.0,8225.0,-30747020.0,8649.0,886.0,11677997.0,886.0,3057794.0,1239.0,32094635.0
84.0,"$125,432 to $128,713",ACT,Female,1602.0,203501843.0,55161483.0,208694561.0,5192678.0,382.0,-662161.0,53.0,2937235.0,50.0,1229202.0,148.0,4110945.0,1.0,5140.0,0.0,0.0,0.0,0.0,7.0,14508.0,549.0,2211512.0,1051.0,-3626121.0,1427.0,187.0,2595500.0,187.0,698912.0,220.0,5133924.0
84.0,"$125,432 to $128,713",ACT,Male,2038.0,258873165.0,69654987.0,267272890.0,8361259.0,440.0,-1671055.0,103.0,8643775.0,103.0,5414182.0,154.0,4258373.0,0.0,0.0,3.0,30944.0,0.0,0.0,11.0,35185.0,665.0,2553445.0,1372.0,-5057412.0,1665.0,250.0,2176618.0,250.0,563933.0,333.0,5511582.0
84.0,"$125,432 to $128,713",NSW,Female,16189.0,2056827727.0,558510537.0,2128698545.0,71488677.0,4340.0,5412766.0,976.0,91685484.0,962.0,47054350.0,1621.0,44514250.0,17.0,201178.0,1.0,15922.0,12.0,32118.0,78.0,307382.0,5381.0,32313303.0,10799.0,-45311948.0,14279.0,1760.0,29538942.0,1760.0,7717216.0,2124.0,70162063.0
84.0,"$125,432 to $128,713",NSW,Male,24990.0,3175199708.0,862743105.0,3307366447.0,131714941.0,5890.0,-7072649.0,1762.0,266006233.0,1759.0,193398798.0,1670.0,49283649.0,8.0,185590.0,54.0,444752.0,11.0,81869.0,116.0,454237.0,6738.0,38979508.0,18245.0,-72059562.0,19124.0,2393.0,30368043.0,2393.0,8006439.0,3212.0,74345858.0
84.0,"$125,432 to $128,713",NT,Female,571.0,72519108.0,19523938.0,74685319.0,2166211.0,161.0,-77618.0,35.0,1361646.0,31.0,520273.0,72.0,1925897.0,0.0,0.0,1.0,2968.0,1.0,10846.0,7.0,36585.0,144.0,685380.0,427.0,-1814100.0,476.0,35.0,502473.0,35.0,136068.0,43.0,1071513.0
84.0,"$125,432 to $128,713",NT,Male,758.0,96275365.0,25810598.0,100362553.0,4075846.0,170.0,-418980.0,56.0,5273124.0,52.0,3365074.0,29.0,792232.0,1.0,1184.0,2.0,11391.0,0.0,0.0,4.0,14501.0,151.0,822656.0,607.0,-2509085.0,514.0,61.0,488413.0,61.0,109827.0,83.0,976393.0
84.0,"$125,432 to $128,713",Overseas or Unknown,Female,98.0,12450509.0,3474251.0,12858810.0,284348.0,41.0,426233.0,8.0,706505.0,7.0,414205.0,19.0,588603.0,2.0,12162.0,0.0,0.0,0.0,0.0,0.0,0.0,39.0,671019.0,58.0,-519709.0,52.0,22.0,2127311.0,22.0,615621.0,26.0,2965394.0
84.0,"$125,432 to $128,713",Overseas or Unknown,Male,155.0,19697972.0,5516108.0,20321044.0,496599.0,59.0,297521.0,13.0,1657306.0,12.0,247418.0,11.0,251950.0,0.0,0.0,0.0,0.0,0.0,0.0,0.0,0.0,51.0,798431.0,102.0,-1093255.0,71.0,32.0,2448772.0,32.0,725167.0,39.0,3124970.0
84.0,"$125,432 to $128,713",QLD,Female,8860.0,1125555392.0,305772599.0,1167961139.0,42207579.0,1889.0,1759274.0,545.0,58221997.0,537.0,28844155.0,952.0,22696693.0,18.0,287417.0,4.0,18660.0,17.0,107326.0,74.0,268530.0,3047.0,21427691.0,5809.0,-22297550.0,7391.0,1029.0,22523067.0,1029.0,5907989.0,1266.0,53238040.0
84.0,"$125,432 to $128,713",QLD,Male,16102.0,2045744110.0,555960839.0,2133647014.0,87334861.0,2794.0,-777965.0,970.0,169239981.0,965.0,130610879.0,912.0,26900058.0,14.0,256515.0,78.0,531201.0,11.0,82479.0,88.0,367700.0,4228.0,25034309.0,11873.0,-44713279.0,11117.0,1429.0,22318953.0,1429.0,5821886.0,1946.0,56368902.0
84.0,"$125,432 to $128,713",SA,Female,2224.0,282482634.0,76369095.0,294806192.0,12323556.0,539.0,843685.0,159.0,16449323.0,158.0,7010819.0,204.0,5544467.0,2.0,1837.0,0.0,0.0,5.0,23791.0,18.0,92131.0,931.0,6729677.0,1291.0,-5306089.0,1997.0,292.0,5641096.0,292.0,1512278.0,350.0,13713112.0
84.0,"$125,432 to $128,713",SA,Male,4522.0,574440659.0,155325182.0,599358928.0,24692020.0,886.0,46892.0,318.0,51410215.0,319.0,35374402.0,243.0,6236655.0,1.0,22197.0,26.0,240940.0,0.0,0.0,17.0,58880.0,1360.0,8611894.0,3158.0,-11482208.0,3511.0,465.0,6997525.0,465.0,1867692.0,593.0,17175986.0
84.0,"$125,432 to $128,713",TAS,Female,594.0,75478549.0,20401577.0,78391362.0,2912329.0,161.0,548604.0,45.0,7237584.0,44.0,4202359.0,53.0,1407551.0,1.0,28649.0,2.0,10303.0,1.0,688.0,6.0,18147.0,247.0,1770200.0,346.0,-1595883.0,510.0,80.0,2014094.0,80.0,543927.0,93.0,6413666.0
84.0,"$125,432 to $128,713",TAS,Male,1299.0,165067998.0,44749681.0,171448526.0,6379121.0,283.0,582498.0,117.0,16755251.0,119.0,11264426.0,48.0,1046203.0,0.0,0.0,11.0,74930.0,1.0,31419.0,3.0,6057.0,409.0,2563215.0,889.0,-3044430.0,952.0,116.0,2058330.0,116.0,543276.0,157.0,7655953.0
84.0,"$125,432 to $128,713",VIC,Female,11284.0,1433316225.0,389609426.0,1489049428.0,55623823.0,2792.0,-3549843.0,848.0,81455656.0,805.0,41105359.0,1190.0,33356290.0,19.0,203199.0,1.0,3796.0,18.0,89289.0,84.0,300975.0,4099.0,29302449.0,7178.0,-30998468.0,9551.0,1464.0,24046389.0,1464.0,6375103.0,1735.0,55537147.0
84.0,"$125,432 to $128,713",VIC,Male,19373.0,2461489274.0,670348938.0,2576586241.0,114448039.0,4317.0,-16338839.0,1398.0,170403281.0,1365.0,107819691.0,1236.0,38358938.0,7.0,128025.0,67.0,531224.0,20.0,246981.0,126.0,481772.0,5279.0,34393333.0,14087.0,-58238655.0,13799.0,1943.0,28036778.0,1943.0,7294903.0,2597.0,66904308.0
84.0,"$125,432 to $128,713",WA,Female,4891.0,621294819.0,168364698.0,643618704.0,22256551.0,1088.0,829743.0,295.0,31803590.0,281.0,16264798.0,438.0,10879376.0,5.0,58205.0,7.0,58145.0,8.0,61133.0,42.0,167132.0,1754.0,11299893.0,3137.0,-12984257.0,4470.0,531.0,9876244.0,531.0,2598862.0,649.0,21972367.0
84.0,"$125,432 to $128,713",WA,Male,10912.0,1386424141.0,376442716.0,1440141285.0,53390042.0,1751.0,-950611.0,628.0,90984905.0,630.0,62997910.0,494.0,13667937.0,5.0,83286.0,49.0,345576.0,8.0,125092.0,60.0,214849.0,2478.0,14823341.0,8432.0,-32406985.0,8709.0,848.0,10705869.0,848.0,2810631.0,1182.0,26168535.0
85.0,"$128,714 to $132,329",ACT,Female,1533.0,200044505.0,54733590.0,205266588.0,5205345.0,386.0,-971684.0,66.0,5183381.0,64.0,1788663.0,156.0,3604194.0,1.0,18567.0,0.0,0.0,1.0,4030.0,3.0,6053.0,563.0,2386395.0,970.0,-3728986.0,1390.0,195.0,1985850.0,195.0,542576.0,222.0,4037949.0
85.0,"$128,714 to $132,329",ACT,Male,1940.0,253169841.0,69064069.0,261252719.0,8065523.0,487.0,-1609352.0,130.0,10559089.0,128.0,5432332.0,160.0,4476865.0,3.0,60762.0,0.0,0.0,1.0,129973.0,11.0,56532.0,668.0,2993180.0,1272.0,-4876026.0,1585.0,265.0,2380829.0,265.0,605705.0,353.0,5775737.0
85.0,"$128,714 to $132,329",NSW,Female,15223.0,1986052411.0,545201812.0,2062439596.0,76055724.0,4372.0,4398730.0,995.0,101746851.0,960.0,51595133.0,1439.0,40845629.0,13.0,137924.0,2.0,24203.0,13.0,50826.0,91.0,329038.0,5257.0,33621161.0,9958.0,-43844556.0,13574.0,1854.0,32324533.0,1854.0,8701181.0,2215.0,77555653.0
85.0,"$128,714 to $132,329",NSW,Male,24989.0,3260843123.0,895150681.0,3398192714.0,136337808.0,6205.0,-1894278.0,1845.0,285162189.0,1821.0,200565765.0,1586.0,48768738.0,15.0,254735.0,42.0,243826.0,16.0,44884.0,107.0,359679.0,7060.0,42812091.0,17919.0,-71700922.0,19493.0,2485.0,33805343.0,2485.0,8945422.0,3350.0,92614423.0
85.0,"$128,714 to $132,329",NT,Female,475.0,61952974.0,16827995.0,63875019.0,1922045.0,122.0,88757.0,26.0,1278656.0,27.0,305099.0,53.0,989930.0,2.0,18430.0,0.0,0.0,0.0,0.0,6.0,15772.0,109.0,515506.0,366.0,-1809474.0,385.0,37.0,363006.0,37.0,100148.0,44.0,729041.0
85.0,"$128,714 to $132,329",NT,Male,824.0,107510249.0,29106680.0,111340799.0,3818524.0,196.0,-633118.0,52.0,5964745.0,50.0,3406839.0,40.0,781583.0,1.0,17751.0,1.0,12317.0,0.0,0.0,4.0,20650.0,175.0,1126568.0,649.0,-2495541.0,584.0,48.0,446868.0,48.0,122160.0,76.0,1572081.0
85.0,"$128,714 to $132,329",Overseas or Unknown,Female,90.0,11779451.0,3275990.0,12154118.0,233541.0,30.0,232312.0,6.0,998827.0,4.0,98742.0,14.0,538190.0,0.0,0.0,0.0,0.0,0.0,0.0,1.0,1202.0,27.0,321832.0,61.0,-632556.0,50.0,18.0,1357634.0,18.0,388859.0,23.0,1665000.0
85.0,"$128,714 to $132,329",Overseas or Unknown,Male,162.0,21163467.0,6048798.0,21930912.0,325387.0,47.0,409788.0,3.0,456542.0,3.0,58077.0,13.0,319672.0,0.0,0.0,0.0,0.0,0.0,0.0,0.0,0.0,57.0,896306.0,104.0,-1360068.0,76.0,40.0,2716092.0,40.0,691911.0,50.0,3287186.0
85.0,"$128,714 to $132,329",QLD,Female,8689.0,1133691501.0,311137320.0,1175693118.0,41975167.0,1895.0,2552808.0,521.0,52623828.0,509.0,25884086.0,927.0,22222486.0,15.0,286762.0,4.0,31973.0,9.0,90974.0,68.0,232703.0,2999.0,21381799.0,5688.0,-22430971.0,7338.0,1008.0,22036224.0,1008.0,5855095.0,1216.0,46282372.0
85.0,"$128,714 to $132,329",QLD,Male,16393.0,2139293263.0,588062735.0,2230923477.0,91339132.0,2908.0,-200551.0,999.0,141582454.0,1002.0,95449953.0,873.0,24429363.0,12.0,154046.0,82.0,575447.0,9.0,123927.0,67.0,244780.0,4414.0,27461109.0,11973.0,-45673104.0,11688.0,1566.0,24700102.0,1566.0,6507761.0,2110.0,56472237.0
85.0,"$128,714 to $132,329",SA,Female,2148.0,280264100.0,76480012.0,292415596.0,12069818.0,550.0,1487259.0,144.0,18322853.0,143.0,9455368.0,190.0,4483288.0,3.0,24744.0,3.0,27956.0,6.0,30816.0,20.0,69028.0,890.0,7344481.0,1257.0,-5010762.0,1931.0,292.0,7556164.0,292.0,2014791.0,336.0,15388184.0
85.0,"$128,714 to $132,329",SA,Male,4441.0,579663783.0,158710786.0,605152911.0,25461701.0,904.0,-216601.0,306.0,42939677.0,299.0,27088400.0,232.0,5761419.0,3.0,69821.0,22.0,123514.0,2.0,9938.0,14.0,76045.0,1397.0,9710073.0,3044.0,-11377121.0,3530.0,452.0,8366443.0,452.0,2153048.0,585.0,20734825.0
85.0,"$128,714 to $132,329",TAS,Female,568.0,74114918.0,20283845.0,76931817.0,2815184.0,139.0,273697.0,44.0,3146288.0,45.0,1187838.0,45.0,1047679.0,2.0,58808.0,0.0,0.0,0.0,0.0,5.0,18180.0,228.0,1754804.0,340.0,-1296884.0,476.0,80.0,1936418.0,80.0,530894.0,88.0,4243591.0
85.0,"$128,714 to $132,329",TAS,Male,1288.0,168070398.0,46135329.0,174944228.0,6873830.0,261.0,343683.0,107.0,66344761.0,108.0,59104504.0,61.0,1734967.0,2.0,44028.0,4.0,38696.0,0.0,0.0,9.0,36385.0,412.0,3083620.0,875.0,-3126584.0,975.0,133.0,3207442.0,133.0,871280.0,162.0,6927249.0
85.0,"$128,714 to $132,329",VIC,Female,10929.0,1426127135.0,392087608.0,1481909116.0,55480632.0,2790.0,-2217223.0,831.0,78928118.0,802.0,36170222.0,1133.0,33485723.0,15.0,269593.0,4.0,53566.0,9.0,28539.0,67.0,263358.0,4089.0,28896265.0,6840.0,-28717853.0,9329.0,1379.0,27908792.0,1379.0,7190503.0,1655.0,59418296.0
85.0,"$128,714 to $132,329",VIC,Male,20094.0,2622161408.0,722068700.0,2739931181.0,117396591.0,4458.0,-16824864.0,1482.0,224432450.0,1463.0,158402442.0,1274.0,41353199.0,8.0,121632.0,71.0,627579.0,8.0,40988.0,124.0,515891.0,5508.0,36376957.0,14584.0,-59979779.0,14571.0,2123.0,30829923.0,2123.0,8182022.0,2851.0,76559371.0
85.0,"$128,714 to $132,329",WA,Female,4983.0,650184452.0,178095226.0,673962374.0,23658657.0,1079.0,1211850.0,291.0,33437777.0,280.0,18288171.0,428.0,10464939.0,7.0,93499.0,3.0,34521.0,5.0,9746.0,38.0,153559.0,1781.0,12380726.0,3200.0,-13344135.0,4573.0,529.0,10767665.0,529.0,2875523.0,657.0,22719702.0
85.0,"$128,714 to $132,329",WA,Male,11713.0,1528555069.0,420074097.0,1586422991.0,57424809.0,1965.0,-3065787.0,667.0,64774863.0,651.0,36783065.0,508.0,13644539.0,6.0,49419.0,49.0,351100.0,9.0,71431.0,44.0,181912.0,2762.0,15913435.0,8945.0,-34676894.0,9527.0,989.0,13140077.0,989.0,3452079.0,1363.0,31633663.0
86.0,"$132,330 to $136,319",ACT,Female,1482.0,199049603.0,55163261.0,204109731.0,5049739.0,398.0,-655720.0,47.0,3416193.0,47.0,1266497.0,140.0,3372088.0,0.0,0.0,1.0,667.0,1.0,943.0,8.0,40148.0,508.0,2488468.0,973.0,-3768216.0,1325.0,200.0,3025065.0,200.0,817898.0,239.0,6520876.0
86.0,"$132,330 to $136,319",ACT,Male,1828.0,245496964.0,67661965.0,252759467.0,7262076.0,444.0,-1098923.0,99.0,6939642.0,96.0,3609375.0,150.0,4359200.0,1.0,18193.0,1.0,12535.0,0.0,0.0,15.0,64378.0,646.0,2810875.0,1181.0,-4189457.0,1526.0,252.0,1924026.0,252.0,514963.0,337.0,5781712.0
86.0,"$132,330 to $136,319",NSW,Female,15240.0,2046710203.0,567938399.0,2121681790.0,74090635.0,4474.0,7621901.0,1034.0,124213119.0,1010.0,70918577.0,1353.0,38787938.0,11.0,85259.0,2.0,13560.0,10.0,93342.0,80.0,276253.0,5614.0,38615736.0,9620.0,-43656764.0,13624.0,1877.0,39220082.0,1877.0,10565165.0,2277.0,84821106.0
86.0,"$132,330 to $136,319",NSW,Male,25508.0,3425524825.0,951028094.0,3568781949.0,142428264.0,6356.0,-7146866.0,1868.0,275521124.0,1855.0,191307508.0,1463.0,43252121.0,8.0,111128.0,60.0,403975.0,23.0,272299.0,103.0,387592.0,7426.0,43885261.0,18079.0,-74521193.0,20169.0,2574.0,37167735.0,2574.0,9854591.0,3449.0,84627319.0
86.0,"$132,330 to $136,319",NT,Female,486.0,65262732.0,17943980.0,67614890.0,2169980.0,162.0,-126529.0,22.0,2074512.0,19.0,992961.0,55.0,893247.0,2.0,9562.0,0.0,0.0,1.0,4763.0,6.0,14564.0,125.0,884970.0,361.0,-1807539.0,414.0,39.0,562478.0,39.0,139156.0,43.0,1260077.0
86.0,"$132,330 to $136,319",NT,Male,824.0,110654665.0,30345369.0,114778342.0,4123677.0,208.0,-349028.0,41.0,3721478.0,42.0,2391350.0,44.0,1125741.0,0.0,0.0,2.0,7373.0,0.0,0.0,3.0,10914.0,156.0,879164.0,668.0,-2613322.0,617.0,56.0,529891.0,56.0,146321.0,83.0,3100282.0
86.0,"$132,330 to $136,319",Overseas or Unknown,Female,85.0,11408608.0,3270058.0,11767579.0,340232.0,43.0,323970.0,6.0,698702.0,5.0,51971.0,6.0,195162.0,0.0,0.0,0.0,0.0,0.0,0.0,0.0,0.0,34.0,482357.0,50.0,-712333.0,49.0,23.0,1847858.0,23.0,582723.0,25.0,2562109.0
86.0,"$132,330 to $136,319",Overseas or Unknown,Male,187.0,25127216.0,7095223.0,25788384.0,516548.0,52.0,159488.0,10.0,1397980.0,9.0,570225.0,12.0,367457.0,0.0,0.0,0.0,0.0,0.0,0.0,0.0,0.0,45.0,756672.0,140.0,-1338976.0,91.0,40.0,1770003.0,40.0,520701.0,49.0,2081694.0
86.0,"$132,330 to $136,319",QLD,Female,8167.0,1096561210.0,304488622.0,1138258271.0,41341288.0,1946.0,2593435.0,528.0,59615906.0,515.0,30676383.0,827.0,21547708.0,9.0,84426.0,6.0,24569.0,17.0,83109.0,63.0,235190.0,3062.0,24212850.0,5099.0,-21171621.0,6974.0,1064.0,27609102.0,1064.0,7401467.0,1267.0,62587354.0
86.0,"$132,330 to $136,319",QLD,Male,16719.0,2245035018.0,624295527.0,2340493525.0,94500617.0,3074.0,-678528.0,1090.0,167407409.0,1115.0,117490695.0,801.0,23373374.0,11.0,166795.0,72.0,527579.0,14.0,215176.0,74.0,276813.0,4558.0,29329832.0,12157.0,-46389690.0,11901.0,1619.0,23994527.0,1619.0,6478539.0,2169.0,58714289.0
86.0,"$132,330 to $136,319",SA,Female,2086.0,280092724.0,77242017.0,292137377.0,12025526.0,538.0,724834.0,174.0,22560061.0,169.0,12788118.0,196.0,4588477.0,3.0,51687.0,2.0,20657.0,4.0,44828.0,11.0,38881.0,885.0,7627110.0,1198.0,-5215705.0,1853.0,299.0,7637200.0,299.0,2075468.0,356.0,16377898.0
86.0,"$132,330 to $136,319",SA,Male,4574.0,614235861.0,170236198.0,641005412.0,26738953.0,996.0,-146991.0,334.0,40812257.0,331.0,24474139.0,217.0,4685429.0,4.0,14160.0,15.0,131087.0,0.0,0.0,13.0,50850.0,1427.0,10014502.0,3146.0,-11806827.0,3692.0,549.0,10411755.0,549.0,2862403.0,690.0,23697832.0
86.0,"$132,330 to $136,319",TAS,Female,614.0,82466361.0,22789911.0,85998857.0,3532496.0,138.0,696176.0,51.0,6497878.0,50.0,2644681.0,55.0,1224929.0,1.0,18648.0,2.0,17952.0,0.0,0.0,8.0,23515.0,258.0,2484458.0,356.0,-1731047.0,524.0,80.0,2765012.0,80.0,724426.0,99.0,5120025.0
86.0,"$132,330 to $136,319",TAS,Male,1198.0,160860363.0,44670967.0,166873119.0,5946058.0,229.0,213869.0,108.0,20631620.0,106.0,13472400.0,44.0,827037.0,2.0,32436.0,6.0,58315.0,2.0,18571.0,4.0,13328.0,403.0,3225103.0,794.0,-3184553.0,887.0,119.0,2843926.0,119.0,762219.0,159.0,6465355.0
86.0,"$132,330 to $136,319",VIC,Female,10443.0,1402290390.0,389547945.0,1458671353.0,56123442.0,2767.0,-4631864.0,779.0,92931489.0,757.0,48318998.0,997.0,29014263.0,12.0,163956.0,1.0,15133.0,8.0,25207.0,66.0,216166.0,3919.0,30125988.0,6522.0,-30733574.0,9034.0,1459.0,27932052.0,1459.0,7457904.0,1732.0,68124733.0
86.0,"$132,330 to $136,319",VIC,Male,20162.0,2707375126.0,753622070.0,2826852968.0,119124669.0,4585.0,-16841944.0,1541.0,180817737.0,1508.0,111136523.0,1190.0,34022243.0,10.0,155851.0,55.0,388047.0,15.0,72841.0,105.0,392006.0,5671.0,39056740.0,14484.0,-60594467.0,14783.0,2093.0,31496222.0,2093.0,8543814.0,2877.0,83446148.0
86.0,"$132,330 to $136,319",WA,Female,4872.0,654171830.0,181129178.0,677791605.0,23479106.0,1093.0,1516441.0,307.0,33810102.0,305.0,16290812.0,405.0,9305211.0,8.0,46407.0,6.0,62900.0,4.0,25517.0,28.0,123636.0,1808.0,12817719.0,3059.0,-12100837.0,4514.0,564.0,11811191.0,564.0,3178783.0,692.0,26651324.0
86.0,"$132,330 to $136,319",WA,Male,12004.0,1612030486.0,448006021.0,1673324006.0,60962132.0,2063.0,-3377594.0,646.0,74047462.0,647.0,44368597.0,500.0,12873979.0,7.0,104401.0,51.0,335303.0,11.0,93249.0,48.0,174325.0,2733.0,16123107.0,9264.0,-37318540.0,9722.0,968.0,12601926.0,968.0,3388434.0,1379.0,31325431.0
87.0,"$136,320 to $140,679",ACT,Female,1408.0,194989147.0,54402338.0,200470726.0,5481662.0,413.0,-172405.0,51.0,3597936.0,52.0,1574715.0,120.0,2939190.0,3.0,77238.0,0.0,0.0,0.0,0.0,6.0,19359.0,518.0,2444932.0,890.0,-3292278.0,1291.0,159.0,2411551.0,159.0,657600.0,196.0,5099718.0
87.0,"$136,320 to $140,679",ACT,Male,1923.0,266267468.0,74237465.0,274300805.0,8027474.0,483.0,-1780515.0,110.0,33511866.0,104.0,29413114.0,130.0,3531427.0,0.0,0.0,2.0,18994.0,1.0,983.0,8.0,36429.0,621.0,2736397.0,1300.0,-5240551.0,1613.0,249.0,2617273.0,249.0,719336.0,330.0,6166613.0
87.0,"$136,320 to $140,679",NSW,Female,14576.0,2018569045.0,566608689.0,2091730227.0,72834210.0,4299.0,5293705.0,996.0,106176057.0,967.0,51719900.0,1202.0,33201101.0,6.0,43763.0,0.0,0.0,10.0,27977.0,71.0,265637.0,5394.0,39748237.0,9181.0,-40783260.0,13170.0,1833.0,39692996.0,1833.0,10932195.0,2232.0,87671763.0
87.0,"$136,320 to $140,679",NSW,Male,25953.0,3594002695.0,1010270138.0,3741715459.0,146685335.0,6586.0,-4832442.0,1773.0,276779902.0,1763.0,188751373.0,1465.0,40385795.0,9.0,147313.0,52.0,411375.0,14.0,150871.0,99.0,330350.0,7567.0,48730562.0,18379.0,-76286853.0,20888.0,2680.0,38863337.0,2680.0,10710718.0,3600.0,100991424.0
87.0,"$136,320 to $140,679",NT,Female,443.0,61351308.0,17039314.0,63254444.0,1897024.0,146.0,-6412.0,20.0,1896746.0,19.0,907338.0,44.0,798014.0,0.0,0.0,0.0,0.0,0.0,0.0,2.0,8484.0,109.0,573460.0,333.0,-1640518.0,374.0,30.0,350273.0,30.0,97829.0,40.0,1007531.0
87.0,"$136,320 to $140,679",NT,Male,821.0,113695261.0,31572206.0,117954650.0,4229919.0,208.0,-419276.0,52.0,5455133.0,53.0,3102025.0,40.0,547927.0,0.0,0.0,0.0,0.0,0.0,0.0,0.0,0.0,183.0,1083220.0,638.0,-2686641.0,625.0,71.0,928041.0,71.0,253608.0,92.0,3737607.0
87.0,"$136,320 to $140,679",Overseas or Unknown,Female,96.0,13288999.0,3736398.0,13875311.0,189972.0,35.0,401784.0,7.0,1312738.0,5.0,23189.0,11.0,426127.0,0.0,0.0,0.0,0.0,0.0,0.0,1.0,1201.0,31.0,397147.0,59.0,-817705.0,51.0,26.0,2786933.0,26.0,745790.0,28.0,3547760.0
87.0,"$136,320 to $140,679",Overseas or Unknown,Male,202.0,27977713.0,7955294.0,28726759.0,568186.0,72.0,559998.0,6.0,836902.0,6.0,214379.0,16.0,512006.0,0.0,0.0,0.0,0.0,0.0,0.0,0.0,0.0,78.0,1038793.0,123.0,-1261117.0,90.0,47.0,2873994.0,47.0,818801.0,52.0,3574571.0
87.0,"$136,320 to $140,679",QLD,Female,7724.0,1069259626.0,299740244.0,1109340105.0,39939042.0,1911.0,2678558.0,489.0,60917501.0,491.0,33059129.0,770.0,20020254.0,16.0,253409.0,4.0,46800.0,13.0,39769.0,62.0,277503.0,3034.0,25292535.0,4687.0,-20599624.0,6702.0,1077.0,27428202.0,1077.0,7608167.0,1305.0,60640958.0
87.0,"$136,320 to $140,679",QLD,Male,16715.0,2314862006.0,651415616.0,2409723251.0,94175253.0,3221.0,-2171819.0,1040.0,167988428.0,1034.0,115815275.0,819.0,24002201.0,4.0,123051.0,67.0,520030.0,14.0,105191.0,65.0,265546.0,4523.0,31822597.0,12185.0,-48153934.0,12276.0,1654.0,27711219.0,1654.0,7561694.0,2185.0,69816365.0
87.0,"$136,320 to $140,679",SA,Female,2000.0,276861575.0,77160090.0,289018002.0,12026858.0,523.0,1566543.0,192.0,21073110.0,174.0,8750972.0,157.0,4251700.0,5.0,38900.0,0.0,0.0,3.0,34345.0,13.0,50604.0,854.0,8655971.0,1146.0,-5376448.0,1815.0,314.0,7464143.0,314.0,2034434.0,369.0,15926236.0
87.0,"$136,320 to $140,679",SA,Male,4524.0,626298633.0,175489134.0,654283187.0,27552089.0,1010.0,77347.0,325.0,43328540.0,312.0,25820090.0,189.0,5250103.0,1.0,4645.0,19.0,162824.0,3.0,7261.0,21.0,114047.0,1455.0,11501661.0,3069.0,-12789773.0,3725.0,507.0,10447640.0,507.0,2739337.0,672.0,21667854.0
87.0,"$136,320 to $140,679",TAS,Female,527.0,72934651.0,20425988.0,75647658.0,2713007.0,134.0,772002.0,50.0,6367417.0,45.0,3111346.0,39.0,942811.0,2.0,43094.0,0.0,0.0,0.0,0.0,4.0,14527.0,228.0,2287820.0,299.0,-1416558.0,459.0,67.0,2333647.0,67.0,611635.0,86.0,5122411.0
87.0,"$136,320 to $140,679",TAS,Male,1166.0,161453673.0,45221920.0,166986278.0,5517327.0,242.0,788428.0,105.0,14642209.0,101.0,9116716.0,50.0,1127009.0,0.0,0.0,3.0,25652.0,1.0,10170.0,3.0,13329.0,397.0,3224121.0,768.0,-3285249.0,906.0,140.0,3376647.0,140.0,901136.0,168.0,8019839.0
87.0,"$136,320 to $140,679",VIC,Female,10334.0,1430777033.0,401933824.0,1489004493.0,58017153.0,2817.0,-3972297.0,757.0,94061760.0,718.0,47845817.0,859.0,26979774.0,13.0,138509.0,2.0,23180.0,9.0,56488.0,72.0,255896.0,3869.0,32244928.0,6461.0,-29448689.0,8972.0,1406.0,28720351.0,1406.0,7756709.0,1708.0,61982035.0
87.0,"$136,320 to $140,679",VIC,Male,20677.0,2863114753.0,807014142.0,2992763520.0,129039412.0,4814.0,-17723878.0,1488.0,200709613.0,1479.0,125279305.0,1108.0,31956342.0,8.0,113108.0,43.0,351885.0,17.0,114619.0,90.0,333626.0,5771.0,41803987.0,14902.0,-65326191.0,15406.0,2248.0,35508095.0,2248.0,9665444.0,3049.0,85246939.0
87.0,"$136,320 to $140,679",WA,Female,4663.0,645660625.0,180608989.0,668821625.0,22761600.0,1097.0,1841231.0,305.0,39364082.0,292.0,21046091.0,393.0,9878550.0,6.0,106956.0,6.0,24815.0,5.0,33349.0,38.0,173371.0,1776.0,13993363.0,2885.0,-12011464.0,4303.0,572.0,11548017.0,572.0,3159965.0,728.0,25215795.0
87.0,"$136,320 to $140,679",WA,Male,12714.0,1760525221.0,495008879.0,1823674734.0,62318715.0,2214.0,-3099776.0,636.0,76498919.0,623.0,47961043.0,507.0,13099544.0,5.0,54499.0,48.0,376798.0,5.0,74877.0,57.0,250901.0,3029.0,18731783.0,9682.0,-38546912.0,10448.0,1025.0,13096109.0,1025.0,3606315.0,1485.0,32709927.0
88.0,"$140,680 to $145,490",ACT,Female,1447.0,206880684.0,58430969.0,212873574.0,5992638.0,427.0,-739662.0,67.0,7696580.0,67.0,3738363.0,96.0,2381148.0,5.0,80382.0,0.0,0.0,0.0,0.0,9.0,21781.0,538.0,2644326.0,909.0,-3528708.0,1314.0,185.0,2925720.0,185.0,780174.0,227.0,6219149.0
88.0,"$140,680 to $145,490",ACT,Male,2037.0,291412579.0,82012894.0,300665854.0,9232422.0,573.0,-1424664.0,81.0,7325492.0,75.0,4064728.0,120.0,3487642.0,0.0,0.0,0.0,0.0,1.0,421.0,15.0,43692.0,693.0,3371628.0,1343.0,-5288731.0,1712.0,275.0,2812284.0,275.0,776631.0,364.0,6649616.0
88.0,"$140,680 to $145,490",NSW,Female,14336.0,2050826593.0,582377775.0,2124251147.0,73013256.0,4353.0,4072624.0,1001.0,119879677.0,964.0,64357302.0,1080.0,31337671.0,12.0,111813.0,3.0,14440.0,11.0,46412.0,69.0,266892.0,5501.0,40546235.0,8829.0,-41042146.0,13051.0,1864.0,39210984.0,1864.0,10807348.0,2265.0,96076521.0
88.0,"$140,680 to $145,490",NSW,Male,26821.0,3837093984.0,1091078302.0,3991286712.0,153484763.0,6972.0,-6579574.0,1866.0,346966856.0,1849.0,257448197.0,1342.0,38243476.0,11.0,66019.0,32.0,221918.0,13.0,215447.0,80.0,263810.0,7969.0,51313083.0,18843.0,-78963669.0,21933.0,2921.0,43872033.0,2921.0,12020929.0,3933.0,105247671.0
88.0,"$140,680 to $145,490",NT,Female,425.0,60727354.0,17081916.0,62856725.0,2129371.0,147.0,40605.0,23.0,1994712.0,21.0,758537.0,43.0,490365.0,0.0,0.0,0.0,0.0,0.0,0.0,3.0,10915.0,109.0,840431.0,316.0,-1576029.0,381.0,39.0,789089.0,39.0,221711.0,53.0,1627600.0
88.0,"$140,680 to $145,490",NT,Male,864.0,123600982.0,34818222.0,128027513.0,4403610.0,230.0,-460629.0,55.0,11239954.0,55.0,7684322.0,39.0,1180073.0,0.0,0.0,3.0,14839.0,0.0,0.0,2.0,6028.0,203.0,1356894.0,661.0,-2691432.0,649.0,66.0,814381.0,66.0,206029.0,95.0,1855266.0
88.0,"$140,680 to $145,490",Overseas or Unknown,Female,94.0,13468580.0,3844025.0,14029557.0,292669.0,47.0,391665.0,2.0,281713.0,1.0,29943.0,7.0,222584.0,0.0,0.0,0.0,0.0,0.0,0.0,0.0,0.0,41.0,688084.0,51.0,-598898.0,40.0,35.0,3576534.0,35.0,1065900.0,36.0,4379136.0
88.0,"$140,680 to $145,490",Overseas or Unknown,Male,200.0,28644838.0,8263033.0,29215665.0,477712.0,59.0,491745.0,8.0,1017348.0,4.0,118964.0,16.0,421043.0,1.0,43503.0,0.0,0.0,0.0,0.0,2.0,6062.0,54.0,1058604.0,142.0,-1427945.0,83.0,52.0,3842148.0,52.0,1206146.0,59.0,5212152.0
88.0,"$140,680 to $145,490",QLD,Female,7210.0,1031195965.0,292820334.0,1072439916.0,40344403.0,1893.0,2595062.0,504.0,58401161.0,499.0,27640697.0,648.0,17477646.0,11.0,142221.0,4.0,25543.0,13.0,87614.0,47.0,163973.0,2919.0,25737579.0,4287.0,-20011373.0,6260.0,1021.0,24905859.0,1021.0,6924819.0,1232.0,56254446.0
88.0,"$140,680 to $145,490",QLD,Male,16924.0,2420962952.0,689526368.0,2522261565.0,99045894.0,3377.0,-2389903.0,1026.0,154265948.0,1046.0,100826558.0,731.0,18917765.0,9.0,120498.0,54.0,394286.0,12.0,102712.0,64.0,248810.0,4824.0,33906848.0,12095.0,-48640525.0,12575.0,1738.0,30294840.0,1738.0,8285083.0,2351.0,77763928.0
88.0,"$140,680 to $145,490",SA,Female,1910.0,273209663.0,77302540.0,287101781.0,13709987.0,555.0,1029644.0,175.0,25606766.0,172.0,13193782.0,140.0,3808591.0,4.0,41642.0,2.0,26620.0,0.0,0.0,10.0,27892.0,853.0,8579386.0,1056.0,-4736455.0,1729.0,311.0,8952785.0,311.0,2392613.0,356.0,22899295.0
88.0,"$140,680 to $145,490",SA,Male,4519.0,646480172.0,183151372.0,673023224.0,26385024.0,1020.0,214287.0,338.0,52584382.0,328.0,34198707.0,180.0,4699794.0,0.0,0.0,18.0,155317.0,2.0,13082.0,9.0,35153.0,1517.0,12036725.0,2999.0,-11747209.0,3711.0,528.0,10598126.0,528.0,2890729.0,670.0,24138551.0
88.0,"$140,680 to $145,490",TAS,Female,478.0,68417625.0,19351845.0,71306790.0,2889164.0,127.0,599877.0,38.0,4932677.0,37.0,2811563.0,39.0,627382.0,0.0,0.0,1.0,8650.0,1.0,8756.0,2.0,4851.0,201.0,1784939.0,277.0,-1271043.0,413.0,66.0,1962420.0,66.0,536116.0,81.0,4232909.0
88.0,"$140,680 to $145,490",TAS,Male,1074.0,153568764.0,43609720.0,159092546.0,5523550.0,230.0,1007982.0,79.0,13736670.0,82.0,9165201.0,36.0,905866.0,1.0,18027.0,1.0,16572.0,0.0,0.0,7.0,21799.0,368.0,2546628.0,706.0,-2773751.0,829.0,111.0,1994900.0,111.0,566234.0,144.0,4978455.0
88.0,"$140,680 to $145,490",VIC,Female,10254.0,1466907438.0,417105492.0,1525978264.0,58535650.0,2807.0,-4488913.0,784.0,107100088.0,749.0,57727566.0,849.0,24687727.0,11.0,137479.0,4.0,46074.0,16.0,151882.0,61.0,185872.0,3929.0,35915691.0,6324.0,-29509134.0,9023.0,1492.0,35234834.0,1492.0,9565528.0,1770.0,77466280.0
88.0,"$140,680 to $145,490",VIC,Male,20361.0,2912400586.0,830765926.0,3041467861.0,127991403.0,4862.0,-19884559.0,1490.0,208768224.0,1476.0,135771940.0,1032.0,30593125.0,11.0,211629.0,37.0,262853.0,14.0,65942.0,74.0,284394.0,5786.0,43342807.0,14566.0,-64390441.0,15595.0,2257.0,35439906.0,2257.0,9785902.0,3036.0,103877310.0
88.0,"$140,680 to $145,490",WA,Female,4398.0,629106164.0,178187442.0,652102694.0,22887223.0,1047.0,1926533.0,280.0,38121319.0,271.0,20862803.0,363.0,8246626.0,6.0,146393.0,10.0,69631.0,3.0,7636.0,32.0,114135.0,1756.0,14298819.0,2640.0,-11663209.0,4075.0,552.0,12038399.0,552.0,3390850.0,703.0,26995900.0
88.0,"$140,680 to $145,490",WA,Male,13135.0,1879260507.0,535278406.0,1946428362.0,66774467.0,2352.0,-2641554.0,670.0,99773806.0,668.0,65937746.0,470.0,11733011.0,6.0,121305.0,42.0,289054.0,8.0,113232.0,54.0,233786.0,3080.0,19836591.0,10049.0,-41015591.0,10931.0,1053.0,13690205.0,1053.0,3768274.0,1511.0,37124746.0
89.0,"$145,491 to $150,730",ACT,Female,1460.0,216224494.0,61940338.0,221680573.0,5454588.0,409.0,-929317.0,54.0,4559274.0,58.0,1798310.0,92.0,2053912.0,2.0,80986.0,0.0,0.0,1.0,6000.0,3.0,8482.0,498.0,2645457.0,962.0,-3722743.0,1336.0,180.0,2827847.0,180.0,807259.0,219.0,5773685.0
89.0,"$145,491 to $150,730",ACT,Male,2111.0,312576790.0,89309593.0,321983796.0,9390233.0,548.0,-2075869.0,89.0,10314321.0,89.0,5247141.0,101.0,2770899.0,1.0,3906.0,2.0,7884.0,1.0,7623.0,4.0,13314.0,675.0,3614800.0,1433.0,-5604621.0,1827.0,278.0,3336580.0,278.0,926209.0,363.0,8373669.0
89.0,"$145,491 to $150,730",NSW,Female,14179.0,2099559923.0,603622892.0,2175378205.0,75374476.0,4416.0,5988597.0,960.0,128965271.0,932.0,68354996.0,1009.0,29044941.0,5.0,55488.0,2.0,19124.0,8.0,63256.0,47.0,152226.0,5497.0,45628597.0,8676.0,-39907636.0,13018.0,1983.0,48236347.0,1983.0,13293971.0,2405.0,112941298.0
89.0,"$145,491 to $150,730",NSW,Male,27077.0,4009566544.0,1154455851.0,4167535790.0,156735690.0,7063.0,-5952249.0,1875.0,309443763.0,1844.0,330456914.0,1196.0,33845120.0,13.0,156907.0,38.0,294783.0,13.0,152106.0,85.0,291698.0,8140.0,56434645.0,18924.0,-81894039.0,22548.0,2992.0,47047807.0,2992.0,13371537.0,3986.0,110004974.0
89.0,"$145,491 to $150,730",NT,Female,413.0,61130567.0,17499933.0,63131962.0,2001329.0,152.0,249744.0,18.0,3753009.0,21.0,2395895.0,30.0,574345.0,1.0,2702.0,0.0,0.0,0.0,0.0,1.0,2424.0,126.0,897346.0,287.0,-1591683.0,359.0,42.0,973578.0,42.0,279545.0,47.0,2119012.0
89.0,"$145,491 to $150,730",NT,Male,804.0,119081435.0,33902831.0,123358053.0,4276358.0,252.0,165549.0,56.0,8607186.0,56.0,5965079.0,31.0,668408.0,0.0,0.0,2.0,17122.0,1.0,605.0,2.0,7289.0,184.0,1431937.0,620.0,-2653715.0,646.0,70.0,1236236.0,70.0,345749.0,99.0,2623008.0
89.0,"$145,491 to $150,730",Overseas or Unknown,Female,101.0,14965680.0,4367426.0,15365409.0,319275.0,36.0,401537.0,8.0,1250151.0,2.0,46016.0,7.0,315085.0,0.0,0.0,0.0,0.0,0.0,0.0,1.0,2307.0,36.0,580704.0,60.0,-549794.0,58.0,29.0,2231049.0,29.0,700437.0,33.0,2831862.0
89.0,"$145,491 to $150,730",Overseas or Unknown,Male,191.0,28235959.0,8221906.0,28794392.0,512047.0,68.0,309985.0,9.0,1511388.0,7.0,597297.0,13.0,268013.0,0.0,0.0,0.0,0.0,0.0,0.0,0.0,0.0,67.0,765769.0,122.0,-1299268.0,87.0,45.0,2691872.0,45.0,822549.0,59.0,3418283.0
89.0,"$145,491 to $150,730",QLD,Female,6837.0,1012170849.0,290245337.0,1052605008.0,40230145.0,1797.0,4020363.0,507.0,73090400.0,499.0,35202185.0,617.0,16948388.0,8.0,119558.0,3.0,20369.0,11.0,103504.0,42.0,173558.0,2789.0,28450289.0,4047.0,-19063766.0,6017.0,1084.0,31373520.0,1084.0,8761372.0,1274.0,85731151.0
89.0,"$145,491 to $150,730",QLD,Male,17113.0,2534002556.0,730679820.0,2635762372.0,101040865.0,3518.0,-2364435.0,1061.0,159871550.0,1045.0,103242143.0,729.0,20301206.0,7.0,129987.0,40.0,298375.0,10.0,128549.0,46.0,188436.0,4877.0,37862061.0,12229.0,-51217732.0,12985.0,1793.0,31589713.0,1793.0,8856036.0,2438.0,73839979.0
89.0,"$145,491 to $150,730",SA,Female,1879.0,278191549.0,79510482.0,291109401.0,12677013.0,525.0,1597668.0,163.0,22610434.0,156.0,11288209.0,132.0,3394131.0,1.0,27541.0,0.0,0.0,2.0,9396.0,9.0,33938.0,872.0,9571343.0,1007.0,-4989823.0,1705.0,338.0,10328840.0,338.0,2923690.0,383.0,22169542.0
89.0,"$145,491 to $150,730",SA,Male,4384.0,649252985.0,186297734.0,674703996.0,25213660.0,1013.0,65806.0,296.0,41095686.0,293.0,22718781.0,200.0,5203531.0,1.0,13473.0,15.0,154404.0,3.0,37819.0,20.0,77340.0,1461.0,11893682.0,2922.0,-12016364.0,3644.0,518.0,10958580.0,518.0,3110367.0,676.0,27027894.0
89.0,"$145,491 to $150,730",TAS,Female,496.0,73482690.0,21062954.0,76457167.0,2974476.0,155.0,626030.0,51.0,6205152.0,52.0,2148555.0,38.0,762662.0,1.0,29876.0,0.0,0.0,1.0,6413.0,6.0,25536.0,243.0,2746523.0,252.0,-1391168.0,447.0,81.0,3778926.0,81.0,1096093.0,96.0,8064026.0
89.0,"$145,491 to $150,730",TAS,Male,1087.0,160894522.0,46227767.0,166380279.0,5467673.0,257.0,615587.0,93.0,12132865.0,89.0,7720537.0,36.0,937282.0,2.0,13335.0,5.0,38531.0,1.0,3879.0,5.0,20626.0,388.0,3423666.0,699.0,-3038586.0,872.0,139.0,3287645.0,139.0,941668.0,170.0,7437694.0
89.0,"$145,491 to $150,730",VIC,Female,10005.0,1481690262.0,426650488.0,1541431070.0,59612066.0,2850.0,-5154477.0,795.0,99187089.0,768.0,48953556.0,734.0,21419748.0,10.0,129790.0,5.0,35792.0,7.0,25166.0,57.0,173286.0,3995.0,38651237.0,6009.0,-29716080.0,8905.0,1477.0,38258696.0,1477.0,10702211.0,1813.0,81413899.0
89.0,"$145,491 to $150,730",VIC,Male,20522.0,3038493174.0,876841170.0,3169505767.0,130486953.0,5088.0,-18869729.0,1455.0,209624028.0,1426.0,132977216.0,948.0,28361592.0,9.0,177399.0,41.0,343564.0,6.0,37837.0,79.0,283520.0,6101.0,48108915.0,14412.0,-65328616.0,16099.0,2462.0,37839655.0,2462.0,10640125.0,3243.0,90581405.0
89.0,"$145,491 to $150,730",WA,Female,4169.0,617213600.0,177202134.0,639502609.0,22010887.0,1036.0,359503.0,288.0,34040458.0,283.0,17480668.0,292.0,6592807.0,1.0,4033.0,1.0,6904.0,3.0,13417.0,26.0,90570.0,1618.0,15115548.0,2550.0,-12747203.0,3889.0,550.0,12601672.0,550.0,3570850.0,681.0,27146742.0
89.0,"$145,491 to $150,730",WA,Male,13650.0,2021532381.0,582713551.0,2091190147.0,69143259.0,2507.0,-3432417.0,686.0,147218915.0,691.0,113047581.0,418.0,9297275.0,4.0,92173.0,42.0,266612.0,7.0,57335.0,38.0,159955.0,3384.0,21902695.0,10262.0,-42099051.0,11564.0,1250.0,17963352.0,1250.0,4996430.0,1708.0,43531818.0
90.0,"$150,731 to $156,592",ACT,Female,1452.0,223063856.0,64770845.0,229389412.0,6305263.0,385.0,-491665.0,69.0,6535293.0,64.0,2190448.0,90.0,2305289.0,1.0,27357.0,0.0,0.0,1.0,6787.0,3.0,17001.0,545.0,3379317.0,906.0,-3866866.0,1340.0,189.0,2885727.0,189.0,824175.0,232.0,5672365.0
90.0,"$150,731 to $156,592",ACT,Male,2192.0,336860374.0,97492729.0,346545927.0,9685197.0,557.0,-2048953.0,113.0,13789691.0,106.0,7358652.0,92.0,2346053.0,1.0,41484.0,1.0,2436.0,0.0,0.0,6.0,13350.0,741.0,3916274.0,1450.0,-5718434.0,1928.0,274.0,3245903.0,274.0,912967.0,373.0,11092195.0
90.0,"$150,731 to $156,592",NSW,Female,14007.0,2151193677.0,626021430.0,2230687971.0,77503763.0,4515.0,7081022.0,1017.0,131165873.0,983.0,63899656.0,893.0,24669682.0,9.0,73205.0,0.0,0.0,5.0,47552.0,38.0,135773.0,5524.0,48347571.0,8481.0,-40434395.0,12818.0,1948.0,51765914.0,1948.0,14192263.0,2407.0,114568863.0
90.0,"$150,731 to $156,592",NSW,Male,27300.0,4193609556.0,1222633243.0,4357608026.0,161683577.0,7493.0,-10008452.0,1863.0,299622294.0,1822.0,198756248.0,1181.0,33956614.0,9.0,71730.0,26.0,146747.0,13.0,50273.0,78.0,251584.0,8223.0,59134295.0,19069.0,-84535600.0,23083.0,3204.0,53152272.0,3204.0,14955137.0,4290.0,121442181.0
90.0,"$150,731 to $156,592",NT,Female,382.0,58616317.0,16810367.0,60924022.0,2306611.0,131.0,-52224.0,24.0,2066035.0,22.0,906185.0,38.0,883094.0,0.0,0.0,0.0,0.0,0.0,0.0,2.0,6062.0,120.0,1132072.0,262.0,-1395949.0,341.0,49.0,921873.0,49.0,265158.0,58.0,2218195.0
90.0,"$150,731 to $156,592",NT,Male,831.0,127714577.0,36879248.0,131946377.0,4063723.0,232.0,-570212.0,54.0,7113398.0,56.0,4011492.0,27.0,801239.0,1.0,18739.0,1.0,6446.0,0.0,0.0,2.0,7271.0,176.0,1551629.0,655.0,-3049803.0,658.0,57.0,675695.0,57.0,195459.0,77.0,1663141.0
90.0,"$150,731 to $156,592",Overseas or Unknown,Female,89.0,13681622.0,4122542.0,14274564.0,367762.0,38.0,539824.0,1.0,32061.0,1.0,13844.0,7.0,204131.0,0.0,0.0,0.0,0.0,0.0,0.0,1.0,2426.0,35.0,536315.0,53.0,-808331.0,48.0,32.0,3327600.0,32.0,958349.0,34.0,4130313.0
90.0,"$150,731 to $156,592",Overseas or Unknown,Male,211.0,32467695.0,9534935.0,33467969.0,738470.0,75.0,171020.0,11.0,1373745.0,8.0,168855.0,6.0,190848.0,0.0,0.0,0.0,0.0,0.0,0.0,1.0,1206.0,66.0,1353124.0,144.0,-1842307.0,100.0,52.0,4400065.0,52.0,1255337.0,64.0,6197038.0
90.0,"$150,731 to $156,592",QLD,Female,6536.0,1003969813.0,291670189.0,1047191182.0,43035111.0,1832.0,4687130.0,486.0,65757721.0,490.0,30339909.0,503.0,12951708.0,9.0,113658.0,4.0,24000.0,3.0,9872.0,40.0,161578.0,2828.0,29398284.0,3705.0,-18160101.0,5837.0,1107.0,35838438.0,1107.0,9924807.0,1303.0,86214601.0
90.0,"$150,731 to $156,592",QLD,Male,16777.0,2577392001.0,751798953.0,2678698040.0,100699380.0,3663.0,-3711367.0,1043.0,151283802.0,1039.0,92078639.0,623.0,17094721.0,5.0,72582.0,29.0,177574.0,10.0,82612.0,49.0,209395.0,4812.0,38511817.0,11964.0,-51609465.0,13011.0,1865.0,37554046.0,1865.0,10663457.0,2542.0,90149325.0
90.0,"$150,731 to $156,592",SA,Female,1773.0,272213222.0,78534231.0,284335351.0,12026896.0,499.0,767589.0,174.0,26498044.0,164.0,13734106.0,129.0,3078661.0,2.0,13286.0,1.0,16065.0,2.0,12312.0,18.0,77592.0,849.0,9874794.0,923.0,-5522524.0,1640.0,296.0,10164231.0,296.0,2937215.0,350.0,21692170.0
90.0,"$150,731 to $156,592",SA,Male,4305.0,661370231.0,192091562.0,687671890.0,26091821.0,1053.0,795078.0,302.0,56931303.0,291.0,37570091.0,173.0,4770404.0,4.0,25916.0,17.0,126477.0,1.0,35760.0,10.0,32759.0,1458.0,12513835.0,2847.0,-12032029.0,3661.0,532.0,12268179.0,532.0,3500574.0,686.0,26540338.0
90.0,"$150,731 to $156,592",TAS,Female,486.0,74631430.0,21593773.0,77822869.0,3184825.0,159.0,391428.0,41.0,6456007.0,41.0,3455693.0,24.0,644758.0,1.0,480.0,0.0,0.0,0.0,0.0,1.0,3627.0,240.0,2897258.0,246.0,-1346963.0,438.0,84.0,4318664.0,84.0,1241767.0,98.0,9123198.0
90.0,"$150,731 to $156,592",TAS,Male,1127.0,173064948.0,50461512.0,180122320.0,7019357.0,280.0,600621.0,111.0,24514603.0,109.0,16263593.0,29.0,618341.0,0.0,0.0,1.0,14101.0,0.0,0.0,4.0,15651.0,425.0,4163530.0,701.0,-3532203.0,902.0,153.0,5120572.0,153.0,1462628.0,194.0,11028769.0
90.0,"$150,731 to $156,592",VIC,Female,9819.0,1508139629.0,438955784.0,1570071623.0,60898252.0,2976.0,-4806093.0,820.0,113043892.0,785.0,58289662.0,639.0,17474019.0,7.0,126490.0,1.0,793.0,9.0,39218.0,42.0,153229.0,3882.0,39759516.0,5935.0,-30936524.0,8770.0,1555.0,37370328.0,1555.0,10746170.0,1871.0,82616573.0
90.0,"$150,731 to $156,592",VIC,Male,20887.0,3208513547.0,937407888.0,3347785152.0,138022350.0,5282.0,-22954406.0,1383.0,199084814.0,1328.0,125374525.0,841.0,25500554.0,13.0,187345.0,38.0,291794.0,9.0,60599.0,83.0,346766.0,6152.0,50068902.0,14731.0,-68966083.0,16836.0,2570.0,47828353.0,2570.0,12088702.0,3411.0,111039631.0
90.0,"$150,731 to $156,592",WA,Female,4159.0,638933235.0,185174287.0,662985867.0,23937345.0,1110.0,1622653.0,290.0,50874138.0,282.0,30035676.0,290.0,6464809.0,4.0,47185.0,3.0,12643.0,3.0,6381.0,21.0,84572.0,1763.0,16789569.0,2395.0,-10993641.0,3914.0,609.0,14027009.0,609.0,4030569.0,739.0,29992013.0
90.0,"$150,731 to $156,592",WA,Male,14131.0,2170563144.0,633587309.0,2242890095.0,72080045.0,2639.0,-4214575.0,706.0,85792888.0,714.0,49155335.0,412.0,8893564.0,8.0,167210.0,38.0,245408.0,9.0,33262.0,44.0,151714.0,3503.0,23824980.0,10622.0,-45236026.0,12064.0,1259.0,18157305.0,1259.0,5185476.0,1789.0,43735629.0
91.0,"$156,593 to $163,262",ACT,Female,1350.0,215729864.0,63199821.0,222023148.0,6290805.0,407.0,-871650.0,72.0,6986843.0,66.0,2720622.0,70.0,1410925.0,1.0,4098.0,0.0,0.0,0.0,0.0,1.0,1201.0,521.0,3936007.0,829.0,-3622797.0,1244.0,211.0,4857258.0,211.0,1382854.0,264.0,10226486.0
91.0,"$156,593 to $163,262",ACT,Male,2151.0,343782406.0,100846705.0,353826747.0,10043021.0,586.0,-1733689.0,100.0,16033115.0,99.0,10408319.0,93.0,2253388.0,1.0,4966.0,3.0,22109.0,0.0,0.0,5.0,19159.0,741.0,4281301.0,1409.0,-5556767.0,1877.0,290.0,4042210.0,290.0,1157128.0,386.0,9307095.0
91.0,"$156,593 to $163,262",NSW,Female,13605.0,2174779491.0,640487465.0,2253780873.0,78559776.0,4502.0,7369102.0,943.0,136244448.0,923.0,71976758.0,836.0,22036028.0,5.0,80706.0,2.0,14143.0,5.0,32438.0,35.0,112667.0,5369.0,50737447.0,8234.0,-41440094.0,12708.0,2052.0,51474617.0,2052.0,14829725.0,2456.0,120682567.0
91.0,"$156,593 to $163,262",NSW,Male,27815.0,4446455011.0,1312528715.0,4619344889.0,170466606.0,7632.0,-5045645.0,1812.0,394389525.0,1758.0,287430157.0,1083.0,29507882.0,3.0,9254.0,32.0,224128.0,8.0,24271.0,65.0,224977.0,8665.0,66900108.0,19141.0,-85674556.0,23892.0,3306.0,58837956.0,3306.0,16900642.0,4492.0,149031354.0
91.0,"$156,593 to $163,262",NT,Female,340.0,54373031.0,15828084.0,56395015.0,2021146.0,123.0,539419.0,30.0,3418011.0,28.0,1305828.0,28.0,642548.0,0.0,0.0,0.0,0.0,0.0,0.0,2.0,3627.0,109.0,929120.0,231.0,-1172013.0,316.0,34.0,1091915.0,34.0,317482.0,37.0,2462587.0
91.0,"$156,593 to $163,262",NT,Male,808.0,129253029.0,37804867.0,133724262.0,4469888.0,237.0,-143083.0,49.0,9505834.0,53.0,5806496.0,26.0,635506.0,0.0,0.0,2.0,20198.0,0.0,0.0,1.0,4866.0,189.0,1671379.0,618.0,-2877126.0,665.0,71.0,1423072.0,71.0,383403.0,92.0,3126672.0
91.0,"$156,593 to $163,262",Overseas or Unknown,Female,91.0,14529282.0,4497459.0,15334991.0,578458.0,49.0,317902.0,8.0,1024821.0,6.0,375082.0,8.0,236029.0,0.0,0.0,0.0,0.0,0.0,0.0,1.0,3627.0,41.0,1066913.0,49.0,-718904.0,41.0,36.0,4965116.0,36.0,1425193.0,41.0,6014935.0
91.0,"$156,593 to $163,262",Overseas or Unknown,Male,219.0,35061742.0,10441746.0,36583543.0,669389.0,80.0,106672.0,7.0,1294922.0,6.0,221429.0,9.0,242197.0,0.0,0.0,0.0,0.0,0.0,0.0,0.0,0.0,87.0,1754060.0,131.0,-1592803.0,94.0,55.0,7153390.0,55.0,1979713.0,68.0,9522191.0
91.0,"$156,593 to $163,262",QLD,Female,6410.0,1024571278.0,301243846.0,1068370358.0,43624894.0,1817.0,3565597.0,497.0,82103467.0,483.0,42879766.0,473.0,12946124.0,6.0,56456.0,2.0,19389.0,4.0,10918.0,41.0,155894.0,2840.0,31917672.0,3569.0,-19427708.0,5774.0,1108.0,37888183.0,1108.0,10659075.0,1350.0,81212432.0
91.0,"$156,593 to $163,262",QLD,Male,16836.0,2691099967.0,795200349.0,2805899623.0,113036895.0,3679.0,-1019916.0,1076.0,196026779.0,1074.0,132704602.0,592.0,15457853.0,4.0,37041.0,43.0,295198.0,2.0,4570.0,50.0,202961.0,5015.0,42722141.0,11815.0,-54579135.0,13418.0,1879.0,41598652.0,1879.0,10540763.0,2541.0,98359126.0
91.0,"$156,593 to $163,262",SA,Female,1738.0,277914693.0,81205357.0,291259499.0,13344798.0,510.0,871872.0,185.0,31342561.0,175.0,16269790.0,126.0,2725793.0,2.0,120884.0,2.0,18070.0,0.0,0.0,13.0,64300.0,818.0,10721831.0,920.0,-4861416.0,1622.0,333.0,11596292.0,333.0,3303363.0,386.0,23916227.0
91.0,"$156,593 to $163,262",SA,Male,4277.0,683560038.0,201396576.0,713463226.0,29885688.0,1040.0,92658.0,302.0,66242137.0,282.0,44997464.0,161.0,3699981.0,1.0,4231.0,11.0,73430.0,2.0,56809.0,20.0,89554.0,1499.0,13891857.0,2777.0,-12915503.0,3657.0,590.0,15140452.0,590.0,4408826.0,758.0,34226878.0
91.0,"$156,593 to $163,262",TAS,Female,464.0,74232318.0,21747207.0,77120384.0,2861490.0,144.0,610776.0,57.0,11344062.0,56.0,6826583.0,25.0,487269.0,1.0,10001.0,0.0,0.0,0.0,0.0,0.0,0.0,236.0,2983665.0,228.0,-1335532.0,418.0,91.0,3741881.0,91.0,1093676.0,103.0,9534608.0
91.0,"$156,593 to $163,262",TAS,Male,1039.0,166065098.0,48930247.0,172518109.0,6453010.0,266.0,978060.0,115.0,21894613.0,111.0,13656491.0,22.0,590592.0,1.0,21699.0,2.0,16771.0,0.0,0.0,4.0,9689.0,437.0,4521900.0,601.0,-2552233.0,850.0,138.0,5208130.0,138.0,1482058.0,183.0,12302085.0
91.0,"$156,593 to $163,262",VIC,Female,9969.0,1593523918.0,469875873.0,1660791449.0,66077848.0,2966.0,-4760704.0,814.0,116168105.0,785.0,56150685.0,639.0,16858740.0,9.0,168539.0,0.0,0.0,5.0,18693.0,50.0,182099.0,3986.0,46367762.0,5979.0,-31530112.0,9004.0,1640.0,50948092.0,1640.0,14384473.0,1970.0,107264013.0
91.0,"$156,593 to $163,262",VIC,Male,21013.0,3358910743.0,993710856.0,3503979346.0,143395974.0,5524.0,-21007536.0,1439.0,210264728.0,1376.0,130074117.0,744.0,21145448.0,13.0,194431.0,36.0,319688.0,6.0,19486.0,46.0,161292.0,6127.0,54037358.0,14875.0,-74224026.0,17176.0,2645.0,51716779.0,2645.0,14884212.0,3550.0,119925993.0
91.0,"$156,593 to $163,262",WA,Female,3979.0,635829076.0,186668465.0,660804597.0,24858533.0,1039.0,2172909.0,277.0,58813578.0,274.0,37044612.0,243.0,5493159.0,2.0,61106.0,1.0,629.0,3.0,23743.0,19.0,74954.0,1697.0,17953867.0,2280.0,-11823725.0,3755.0,575.0,14797884.0,575.0,4233763.0,718.0,34176423.0
91.0,"$156,593 to $163,262",WA,Male,14374.0,2298051188.0,679098430.0,2373545845.0,75200194.0,2762.0,-5376853.0,632.0,138471524.0,644.0,104301484.0,389.0,9396433.0,4.0,35081.0,40.0,277668.0,7.0,98314.0,49.0,173473.0,3579.0,26283273.0,10791.0,-49336104.0,12451.0,1398.0,22479632.0,1398.0,6465933.0,1944.0,53177590.0
92.0,"$163,263 to $170,833",ACT,Female,1176.0,196161987.0,58305775.0,202115452.0,5911564.0,351.0,-373211.0,54.0,5610752.0,55.0,1523598.0,48.0,1089338.0,0.0,0.0,0.0,0.0,0.0,0.0,1.0,2425.0,491.0,3742816.0,685.0,-3406215.0,1079.0,189.0,4467942.0,189.0,1335452.0,233.0,9312775.0
92.0,"$163,263 to $170,833",ACT,Male,2015.0,336574491.0,100008535.0,346725975.0,10149060.0,652.0,-1709935.0,110.0,11564679.0,117.0,5931287.0,76.0,1849436.0,0.0,0.0,2.0,3424.0,1.0,499.0,3.0,19434.0,695.0,4812407.0,1320.0,-6268621.0,1747.0,317.0,5047698.0,317.0,1411149.0,420.0,10960931.0
92.0,"$163,263 to $170,833",NSW,Female,13449.0,2245308888.0,669772631.0,2326829840.0,80781047.0,4657.0,7057253.0,1009.0,157439089.0,984.0,82513524.0,726.0,19999508.0,7.0,70620.0,0.0,0.0,7.0,37614.0,51.0,171293.0,5622.0,59758392.0,7822.0,-41467219.0,12631.0,2137.0,68286334.0,2137.0,19294290.0,2561.0,148602212.0
92.0,"$163,263 to $170,833",NSW,Male,27411.0,4576865233.0,1368337652.0,4749472758.0,171509340.0,7923.0,-9621858.0,1828.0,326798813.0,1798.0,216710231.0,910.0,26743566.0,4.0,35353.0,27.0,192704.0,6.0,42784.0,69.0,321360.0,8759.0,73963507.0,18642.0,-90418870.0,24020.0,3527.0,66940441.0,3527.0,19524970.0,4787.0,168309438.0
92.0,"$163,263 to $170,833",NT,Female,263.0,43846524.0,13035065.0,45348892.0,1502368.0,98.0,232863.0,24.0,2756899.0,21.0,1438585.0,25.0,471811.0,0.0,0.0,0.0,0.0,0.0,0.0,0.0,0.0,77.0,901214.0,186.0,-903274.0,226.0,27.0,1002231.0,27.0,306260.0,32.0,2160474.0
92.0,"$163,263 to $170,833",NT,Male,808.0,134819191.0,39938266.0,139528958.0,4704584.0,292.0,-172578.0,42.0,6812363.0,42.0,3998945.0,29.0,457926.0,0.0,0.0,0.0,0.0,0.0,0.0,1.0,6060.0,193.0,1522243.0,615.0,-3214854.0,666.0,79.0,1332311.0,79.0,390813.0,107.0,5117241.0
92.0,"$163,263 to $170,833",Overseas or Unknown,Female,103.0,17203047.0,5219813.0,17581764.0,299636.0,48.0,652743.0,5.0,591011.0,5.0,39310.0,11.0,410574.0,0.0,0.0,0.0,0.0,0.0,0.0,3.0,7239.0,43.0,1026402.0,60.0,-785433.0,53.0,34.0,3796199.0,34.0,1223927.0,39.0,5173844.0
92.0,"$163,263 to $170,833",Overseas or Unknown,Male,231.0,38539468.0,11608594.0,39442868.0,690484.0,77.0,240916.0,15.0,2224132.0,12.0,482238.0,8.0,299292.0,0.0,0.0,0.0,0.0,0.0,0.0,0.0,0.0,84.0,1658010.0,145.0,-1466267.0,110.0,47.0,4548867.0,47.0,1365525.0,59.0,6020595.0
92.0,"$163,263 to $170,833",QLD,Female,6162.0,1028365784.0,306515651.0,1070575172.0,41902425.0,1781.0,2478089.0,493.0,87101318.0,483.0,48250233.0,449.0,11963331.0,2.0,15644.0,3.0,23412.0,5.0,47704.0,29.0,109409.0,2787.0,34432701.0,3372.0,-19485235.0,5604.0,1042.0,36239929.0,1042.0,10574973.0,1258.0,81883048.0
92.0,"$163,263 to $170,833",QLD,Male,17263.0,2882027741.0,861867005.0,2994547036.0,111766090.0,3944.0,-4016430.0,1064.0,186205432.0,1051.0,121215025.0,536.0,14412948.0,7.0,140693.0,23.0,169951.0,14.0,289329.0,38.0,155078.0,5121.0,47321194.0,12138.0,-57034755.0,14137.0,2088.0,43428657.0,2088.0,12523004.0,2775.0,109380244.0
92.0,"$163,263 to $170,833",SA,Female,1746.0,291640257.0,86546997.0,306232347.0,14483891.0,516.0,973109.0,155.0,24265944.0,146.0,11756949.0,113.0,2301598.0,1.0,8523.0,0.0,0.0,0.0,0.0,13.0,54287.0,846.0,11182734.0,900.0,-5693853.0,1619.0,333.0,12351502.0,333.0,3608214.0,396.0,25544735.0
92.0,"$163,263 to $170,833",SA,Male,4294.0,717040857.0,213398453.0,747195635.0,29917513.0,1123.0,-155379.0,317.0,57681556.0,313.0,34712925.0,132.0,2685357.0,0.0,0.0,3.0,13654.0,1.0,50044.0,6.0,16946.0,1590.0,16285795.0,2702.0,-13625553.0,3723.0,645.0,16906421.0,645.0,5053824.0,798.0,310332227.0
92.0,"$163,263 to $170,833",TAS,Female,422.0,70425506.0,20928073.0,74083833.0,3658326.0,131.0,326252.0,50.0,12604390.0,48.0,7927221.0,26.0,781495.0,0.0,0.0,1.0,4651.0,0.0,0.0,5.0,22555.0,215.0,2930711.0,206.0,-1275831.0,389.0,94.0,4582925.0,94.0,1249860.0,102.0,10474570.0
92.0,"$163,263 to $170,833",TAS,Male,994.0,165971696.0,49536862.0,172236118.0,6204957.0,237.0,710832.0,98.0,28044901.0,96.0,21559578.0,35.0,1058036.0,0.0,0.0,3.0,13394.0,0.0,0.0,8.0,23078.0,376.0,4350718.0,618.0,-3288921.0,821.0,152.0,5530383.0,152.0,1652888.0,182.0,13382535.0
92.0,"$163,263 to $170,833",VIC,Female,9880.0,1649580826.0,492333837.0,1719897907.0,69833193.0,3073.0,-2980605.0,806.0,114952634.0,770.0,53571607.0,587.0,15520731.0,11.0,106774.0,0.0,0.0,6.0,24151.0,36.0,129693.0,4093.0,52256039.0,5781.0,-32199974.0,9019.0,1727.0,54423238.0,1727.0,15566883.0,2062.0,117160537.0
92.0,"$163,263 to $170,833",VIC,Male,21373.0,3568974350.0,1069152724.0,3717573133.0,147959084.0,5762.0,-25077225.0,1505.0,256469396.0,1453.0,157825842.0,716.0,20844010.0,9.0,145554.0,39.0,320189.0,8.0,40791.0,57.0,196180.0,6544.0,63014552.0,14820.0,-76367029.0,17905.0,2843.0,57201863.0,2843.0,16637311.0,3871.0,140502742.0
92.0,"$163,263 to $170,833",WA,Female,4038.0,674247599.0,200569864.0,702504639.0,28204555.0,1072.0,2409442.0,284.0,55282251.0,279.0,32832739.0,261.0,5335455.0,2.0,31894.0,0.0,0.0,1.0,396.0,18.0,65521.0,1834.0,21338317.0,2204.0,-12878180.0,3845.0,633.0,17024739.0,633.0,4947872.0,804.0,40277477.0
92.0,"$163,263 to $170,833",WA,Male,14852.0,2480313884.0,742498700.0,2560268235.0,79685571.0,3085.0,-6253072.0,685.0,114559840.0,679.0,75475858.0,358.0,7864674.0,2.0,21364.0,30.0,199322.0,1.0,3409.0,31.0,114777.0,3829.0,29485970.0,11019.0,-51670705.0,12985.0,1510.0,23168022.0,1510.0,6785221.0,2134.0,61179410.0
93.0,"$170,834 to $178,890",ACT,Female,1115.0,194983550.0,58764100.0,201574540.0,6588023.0,387.0,-724427.0,62.0,7793922.0,58.0,3392791.0,57.0,1439332.0,0.0,0.0,1.0,2029.0,0.0,0.0,0.0,0.0,458.0,4788413.0,657.0,-3672478.0,1030.0,193.0,5652915.0,193.0,1685579.0,230.0,11893100.0
93.0,"$170,834 to $178,890",ACT,Male,1999.0,349324767.0,105009197.0,361403608.0,12038038.0,675.0,-3068527.0,104.0,14222284.0,104.0,7291694.0,74.0,1563534.0,1.0,803.0,0.0,0.0,0.0,0.0,4.0,15748.0,671.0,6282256.0,1327.0,-6833784.0,1731.0,328.0,7545483.0,328.0,2161841.0,423.0,16518034.0
93.0,"$170,834 to $178,890",NSW,Female,13569.0,2373797314.0,717493316.0,2464848492.0,90260276.0,4634.0,7137396.0,1040.0,169953494.0,1003.0,91337505.0,648.0,16538625.0,3.0,59903.0,0.0,0.0,4.0,11657.0,27.0,95914.0,5922.0,71395401.0,7639.0,-47645597.0,12781.0,2337.0,74932052.0,2337.0,22163114.0,2776.0,169070244.0
93.0,"$170,834 to $178,890",NSW,Male,27013.0,4723860350.0,1431396045.0,4905898423.0,179008481.0,8138.0,-2892522.0,1733.0,357356445.0,1709.0,238826853.0,858.0,23604434.0,6.0,87214.0,22.0,170895.0,10.0,158578.0,50.0,195917.0,9215.0,87605753.0,17792.0,-95443830.0,24129.0,3761.0,80039946.0,3761.0,23294204.0,5024.0,205970944.0
93.0,"$170,834 to $178,890",NT,Female,290.0,50712039.0,15213428.0,52394442.0,1682401.0,111.0,335238.0,18.0,2842840.0,17.0,1714602.0,24.0,379539.0,0.0,0.0,0.0,0.0,0.0,0.0,1.0,6078.0,110.0,1160074.0,180.0,-906997.0,267.0,29.0,445420.0,29.0,134388.0,36.0,1386652.0
93.0,"$170,834 to $178,890",NT,Male,763.0,133308740.0,40049074.0,137608643.0,4231601.0,265.0,-21196.0,52.0,9592378.0,51.0,6461140.0,14.0,103388.0,0.0,0.0,2.0,13155.0,0.0,0.0,1.0,3749.0,193.0,1704196.0,570.0,-2899180.0,646.0,67.0,1232234.0,67.0,370260.0,101.0,2994827.0
93.0,"$170,834 to $178,890",Overseas or Unknown,Female,81.0,14194679.0,4455253.0,14426427.0,167824.0,33.0,74712.0,0.0,0.0,1.0,430.0,6.0,260053.0,0.0,0.0,0.0,0.0,0.0,0.0,0.0,0.0,27.0,803361.0,54.0,-656968.0,32.0,32.0,4897592.0,32.0,1613281.0,36.0,5472867.0
93.0,"$170,834 to $178,890",Overseas or Unknown,Male,243.0,42447292.0,12997848.0,44332477.0,968601.0,83.0,288739.0,8.0,1043604.0,7.0,216265.0,12.0,417068.0,0.0,0.0,0.0,0.0,0.0,0.0,2.0,13373.0,86.0,1815179.0,155.0,-1892047.0,121.0,70.0,6800413.0,70.0,1968627.0,82.0,8554233.0
93.0,"$170,834 to $178,890",QLD,Female,6706.0,1173341960.0,354714165.0,1228241052.0,54388391.0,2012.0,4801220.0,528.0,83656654.0,511.0,43855152.0,417.0,11137075.0,3.0,35801.0,1.0,3406.0,3.0,23123.0,21.0,84907.0,3264.0,46469056.0,3441.0,-22773918.0,6148.0,1263.0,50586294.0,1263.0,14931528.0,1510.0,116056317.0
93.0,"$170,834 to $178,890",QLD,Male,16686.0,2917549861.0,883693508.0,3036011548.0,116778581.0,3998.0,-697237.0,1007.0,201349582.0,1006.0,134069173.0,526.0,14024382.0,5.0,112140.0,21.0,121516.0,5.0,59613.0,38.0,137289.0,5433.0,58906229.0,11249.0,-57250313.0,14004.0,2205.0,56645834.0,2205.0,16851157.0,2941.0,134108791.0
93.0,"$170,834 to $178,890",SA,Female,2009.0,351830322.0,105740112.0,369524972.0,17612758.0,600.0,1714191.0,197.0,26330211.0,179.0,11518870.0,106.0,2174333.0,1.0,2120.0,0.0,0.0,1.0,525.0,6.0,19374.0,1077.0,16384993.0,932.0,-6552934.0,1922.0,388.0,15479635.0,388.0,4577138.0,447.0,34505506.0
93.0,"$170,834 to $178,890",SA,Male,4404.0,770662998.0,232579591.0,806746410.0,35288432.0,1114.0,-247172.0,348.0,77515903.0,342.0,48664581.0,144.0,2618611.0,1.0,12388.0,7.0,46466.0,1.0,14127.0,5.0,7169.0,1705.0,20381203.0,2699.0,-14911806.0,3950.0,675.0,18509559.0,675.0,5516634.0,864.0,49151658.0
93.0,"$170,834 to $178,890",TAS,Female,462.0,80823292.0,24352828.0,84320525.0,3497231.0,127.0,846938.0,57.0,10335273.0,54.0,5778358.0,21.0,504517.0,0.0,0.0,0.0,0.0,0.0,0.0,2.0,8474.0,237.0,3450316.0,225.0,-1641689.0,415.0,88.0,3566473.0,88.0,1079232.0,97.0,8518315.0
93.0,"$170,834 to $178,890",TAS,Male,927.0,162026308.0,48885990.0,168175721.0,6149412.0,232.0,1353896.0,82.0,19823442.0,84.0,11082940.0,26.0,537241.0,1.0,7539.0,1.0,2289.0,0.0,0.0,3.0,16977.0,395.0,4836026.0,532.0,-2919246.0,793.0,149.0,5258246.0,149.0,1577771.0,196.0,13081621.0
93.0,"$170,834 to $178,890",VIC,Female,10172.0,1779730813.0,538403690.0,1858526929.0,78546846.0,3074.0,-3586936.0,834.0,236170192.0,800.0,174319201.0,631.0,16110091.0,8.0,143325.0,1.0,4005.0,6.0,27814.0,39.0,128892.0,4594.0,66415359.0,5567.0,-40428584.0,9445.0,1852.0,64575170.0,1852.0,19229826.0,2213.0,131451574.0
93.0,"$170,834 to $178,890",VIC,Male,21303.0,3725205184.0,1130034154.0,3886389964.0,160674473.0,5748.0,-23338814.0,1299.0,228763548.0,1287.0,144967986.0,719.0,18263807.0,4.0,43581.0,24.0,166551.0,6.0,37338.0,44.0,136988.0,6959.0,77684866.0,14330.0,-86656536.0,18341.0,3073.0,72127929.0,3073.0,21240717.0,4082.0,164520747.0
93.0,"$170,834 to $178,890",WA,Female,4310.0,754520918.0,227586915.0,788030625.0,33393698.0,1142.0,1982984.0,306.0,46800606.0,300.0,23028898.0,237.0,4302252.0,4.0,81607.0,1.0,18067.0,2.0,3922.0,13.0,56918.0,2114.0,27006758.0,2193.0,-15871517.0,4156.0,680.0,19809537.0,680.0,5744959.0,836.0,50476285.0
93.0,"$170,834 to $178,890",WA,Male,14432.0,2523372072.0,765263392.0,2611666505.0,87135023.0,3114.0,-3805623.0,657.0,99527379.0,660.0,60602049.0,334.0,6954688.0,2.0,52963.0,22.0,143400.0,5.0,20987.0,22.0,75206.0,4036.0,34972606.0,10392.0,-53295900.0,12892.0,1577.0,29498405.0,1577.0,8755076.0,2236.0,80641206.0
94.0,"$178,891 to $187,520",ACT,Female,1058.0,193006762.0,58912683.0,200425145.0,7418134.0,371.0,-1114056.0,65.0,7977821.0,56.0,3395807.0,62.0,1246787.0,1.0,33211.0,0.0,0.0,0.0,0.0,3.0,24278.0,496.0,6096185.0,562.0,-4179650.0,994.0,193.0,5942474.0,193.0,1727976.0,236.0,15975215.0
94.0,"$178,891 to $187,520",ACT,Male,1956.0,357499097.0,109304336.0,371312695.0,13807208.0,625.0,-3035622.0,95.0,11715699.0,93.0,7040194.0,87.0,1644958.0,1.0,1736.0,0.0,0.0,0.0,0.0,8.0,26555.0,749.0,6803603.0,1206.0,-7516368.0,1731.0,347.0,8093773.0,347.0,2353015.0,440.0,16549005.0
94.0,"$178,891 to $187,520",NSW,Female,14406.0,2629003290.0,807457790.0,2743766639.0,111840594.0,4895.0,10631891.0,1106.0,160515432.0,1059.0,78336484.0,728.0,18153438.0,12.0,98532.0,1.0,2371.0,6.0,54249.0,40.0,108540.0,6894.0,93569752.0,7507.0,-55414112.0,13686.0,2627.0,102009122.0,2627.0,28748248.0,3121.0,222133364.0
94.0,"$178,891 to $187,520",NSW,Male,26244.0,4796817266.0,1476713499.0,4988251376.0,189306556.0,8007.0,2367444.0,1735.0,318393763.0,1709.0,198436244.0,848.0,22034369.0,5.0,79819.0,12.0,68924.0,10.0,86018.0,49.0,164801.0,9886.0,102098753.0,16347.0,-98774954.0,23838.0,3830.0,97460767.0,3830.0,28822019.0,5106.0,245923230.0
94.0,"$178,891 to $187,520",NT,Female,259.0,47336661.0,14323204.0,49226619.0,1889958.0,101.0,285723.0,24.0,3696064.0,24.0,1557192.0,17.0,157659.0,0.0,0.0,0.0,0.0,1.0,691.0,1.0,1486.0,111.0,1457267.0,148.0,-1070916.0,246.0,42.0,1584550.0,42.0,475577.0,47.0,3288440.0
94.0,"$178,891 to $187,520",NT,Male,689.0,126002948.0,38451336.0,130060411.0,4057462.0,239.0,406672.0,34.0,7547295.0,32.0,4128123.0,18.0,236739.0,0.0,0.0,2.0,8566.0,2.0,9704.0,0.0,0.0,186.0,1806030.0,503.0,-2831626.0,613.0,67.0,1466367.0,67.0,449683.0,93.0,3451336.0
94.0,"$178,891 to $187,520",Overseas or Unknown,Female,91.0,16676589.0,5256420.0,17283930.0,442779.0,40.0,-49859.0,4.0,607693.0,3.0,102066.0,3.0,9226.0,0.0,0.0,0.0,0.0,0.0,0.0,0.0,0.0,40.0,876582.0,47.0,-768275.0,56.0,30.0,4037402.0,30.0,1193587.0,35.0,4674520.0
94.0,"$178,891 to $187,520",Overseas or Unknown,Male,222.0,40648838.0,12648525.0,41447610.0,518115.0,81.0,52780.0,7.0,453333.0,5.0,168071.0,6.0,172694.0,0.0,0.0,0.0,0.0,0.0,0.0,0.0,0.0,74.0,1556012.0,143.0,-2159928.0,124.0,56.0,5156872.0,56.0,1582056.0,69.0,6665205.0
94.0,"$178,891 to $187,520",QLD,Female,7068.0,1288863985.0,395304339.0,1347689800.0,58408551.0,1987.0,4065891.0,526.0,85265619.0,506.0,42300274.0,408.0,10198713.0,7.0,75518.0,1.0,23314.0,6.0,35438.0,20.0,76426.0,3633.0,54420705.0,3435.0,-25909837.0,6604.0,1277.0,49860121.0,1277.0,15094144.0,1527.0,119413092.0
94.0,"$178,891 to $187,520",QLD,Male,15987.0,2920940049.0,899366542.0,3041070585.0,119486248.0,3827.0,-1071026.0,907.0,165252639.0,895.0,99954319.0,460.0,11874503.0,3.0,13304.0,21.0,115189.0,5.0,180259.0,28.0,96754.0,5858.0,66819940.0,10128.0,-58053640.0,13712.0,2215.0,61354751.0,2215.0,18257762.0,2955.0,153966697.0
94.0,"$178,891 to $187,520",SA,Female,2322.0,422747362.0,128952761.0,446848060.0,23804415.0,620.0,1247526.0,232.0,31516310.0,213.0,14713123.0,129.0,2327980.0,2.0,53886.0,0.0,0.0,0.0,0.0,8.0,29141.0,1328.0,21207924.0,994.0,-8751615.0,2226.0,465.0,18161773.0,465.0,5445540.0,532.0,36456593.0
94.0,"$178,891 to $187,520",SA,Male,4427.0,808003952.0,247185332.0,845474534.0,37304100.0,1132.0,-16110.0,313.0,60483293.0,290.0,34915035.0,121.0,2712696.0,3.0,20499.0,6.0,46253.0,1.0,275.0,8.0,30322.0,1972.0,24577229.0,2454.0,-15854215.0,4038.0,703.0,20264609.0,703.0,6167749.0,905.0,49585281.0
94.0,"$178,891 to $187,520",TAS,Female,463.0,84420694.0,25732203.0,88341322.0,3877071.0,123.0,660526.0,50.0,10640087.0,47.0,5046459.0,28.0,686508.0,1.0,34622.0,0.0,0.0,0.0,0.0,2.0,4857.0,266.0,4337185.0,197.0,-1735020.0,425.0,97.0,4521315.0,97.0,1370075.0,108.0,9536519.0
94.0,"$178,891 to $187,520",TAS,Male,891.0,162756779.0,49977514.0,169510459.0,6503356.0,221.0,725255.0,89.0,19323678.0,87.0,11552063.0,17.0,285198.0,0.0,0.0,1.0,17371.0,0.0,0.0,3.0,7290.0,419.0,5204564.0,472.0,-2983261.0,781.0,135.0,5456644.0,135.0,1660111.0,177.0,12219177.0
94.0,"$178,891 to $187,520",VIC,Female,10978.0,2003073103.0,615425476.0,2098358742.0,95054048.0,3271.0,-2982797.0,908.0,171624525.0,837.0,106098577.0,631.0,15401145.0,8.0,122298.0,0.0,0.0,10.0,35941.0,22.0,92301.0,5446.0,87671311.0,5526.0,-42443268.0,10206.0,2159.0,83318469.0,2159.0,24783158.0,2561.0,175816835.0
94.0,"$178,891 to $187,520",VIC,Male,20631.0,3770476066.0,1162626449.0,3944032971.0,173179463.0,5652.0,-20632938.0,1356.0,276292720.0,1317.0,175055423.0,657.0,17838599.0,5.0,61673.0,25.0,189669.0,9.0,162418.0,50.0,173344.0,7653.0,95572344.0,12971.0,-81380709.0,18067.0,2998.0,84050317.0,2998.0,24683835.0,4000.0,189728021.0
94.0,"$178,891 to $187,520",WA,Female,4603.0,839213039.0,256834624.0,878499950.0,38804143.0,1157.0,3156392.0,343.0,54691549.0,320.0,29717392.0,234.0,4656326.0,1.0,4581.0,0.0,0.0,2.0,9092.0,14.0,50001.0,2508.0,37199409.0,2087.0,-15477628.0,4454.0,811.0,34064155.0,811.0,9697924.0,969.0,76850828.0
94.0,"$178,891 to $187,520",WA,Male,14171.0,2590741068.0,798352416.0,2684984197.0,93031032.0,3182.0,-2918237.0,623.0,113620998.0,645.0,71350166.0,295.0,5706161.0,4.0,58375.0,13.0,90744.0,5.0,29073.0,19.0,79978.0,4590.0,46147704.0,9573.0,-52365626.0,12866.0,1764.0,40484482.0,1764.0,11559628.0,2435.0,103515309.0
95.0,"$187,521 to $200,515",ACT,Female,1030.0,199491011.0,62452900.0,205592526.0,6101512.0,409.0,-397954.0,63.0,10097053.0,60.0,4403161.0,33.0,710316.0,2.0,13725.0,0.0,0.0,2.0,13168.0,2.0,6071.0,449.0,5332842.0,580.0,-4174004.0,949.0,185.0,5573031.0,185.0,1700582.0,222.0,11755045.0
95.0,"$187,521 to $200,515",ACT,Male,2168.0,420412238.0,132387693.0,433352672.0,12889015.0,730.0,-2696170.0,112.0,13929060.0,102.0,5802004.0,62.0,1326467.0,1.0,29096.0,0.0,0.0,0.0,0.0,5.0,18198.0,810.0,7787757.0,1358.0,-7541255.0,1934.0,344.0,7431705.0,344.0,2305889.0,464.0,15880271.0
95.0,"$187,521 to $200,515",NSW,Female,13502.0,2615234062.0,825704186.0,2715590113.0,99532195.0,4962.0,12079060.0,1076.0,195617528.0,1044.0,96949147.0,558.0,14639889.0,2.0,34168.0,0.0,0.0,1.0,10881.0,23.0,66396.0,6375.0,89957017.0,7123.0,-50248170.0,12894.0,2579.0,102245906.0,2579.0,31596206.0,3077.0,224187166.0
95.0,"$187,521 to $200,515",NSW,Male,28591.0,5541307709.0,1755353533.0,5753944607.0,211782850.0,9216.0,-7340810.0,1831.0,396765194.0,1803.0,251913387.0,705.0,19191393.0,6.0,65706.0,16.0,81861.0,3.0,104421.0,44.0,167278.0,10974.0,113392283.0,17605.0,-103699448.0,26180.0,4427.0,119451997.0,4427.0,34722541.0,5911.0,269615154.0
95.0,"$187,521 to $200,515",NT,Female,259.0,50135558.0,15642580.0,51608732.0,1473174.0,111.0,-262161.0,25.0,6256068.0,23.0,3707344.0,16.0,227896.0,0.0,0.0,0.0,0.0,0.0,0.0,0.0,0.0,103.0,1555829.0,156.0,-1117397.0,236.0,43.0,1521968.0,43.0,483058.0,53.0,2992101.0
95.0,"$187,521 to $200,515",NT,Male,730.0,141391701.0,44468070.0,145837872.0,4443931.0,263.0,2309.0,49.0,11494924.0,49.0,7516735.0,23.0,484909.0,0.0,0.0,0.0,0.0,0.0,0.0,3.0,12150.0,207.0,2030546.0,523.0,-2671270.0,658.0,78.0,1077170.0,78.0,335917.0,106.0,2385383.0
95.0,"$187,521 to $200,515",Overseas or Unknown,Female,108.0,20965800.0,6610739.0,21502961.0,360971.0,42.0,-61889.0,6.0,1071672.0,5.0,183784.0,5.0,231198.0,0.0,0.0,0.0,0.0,0.0,0.0,0.0,0.0,45.0,1223265.0,62.0,-751032.0,56.0,41.0,5262691.0,41.0,1658937.0,43.0,6538591.0
95.0,"$187,521 to $200,515",Overseas or Unknown,Male,292.0,56618038.0,17894545.0,59128027.0,1435633.0,99.0,234985.0,12.0,4252776.0,7.0,1623996.0,11.0,343834.0,0.0,0.0,0.0,0.0,0.0,0.0,0.0,0.0,98.0,2239132.0,184.0,-2616222.0,149.0,82.0,10379370.0,82.0,2985022.0,95.0,11976939.0
95.0,"$187,521 to $200,515",QLD,Female,5925.0,1147441782.0,361835418.0,1196065201.0,48134746.0,1943.0,2305368.0,533.0,105268681.0,521.0,52694249.0,276.0,8573466.0,6.0,122576.0,1.0,21284.0,6.0,29586.0,16.0,56992.0,3013.0,48602727.0,2910.0,-20639297.0,5497.0,1236.0,56379483.0,1236.0,17494093.0,1465.0,125400370.0
95.0,"$187,521 to $200,515",QLD,Male,16850.0,3262770523.0,1032497895.0,3384364955.0,119943010.0,4429.0,-2313232.0,1029.0,242103549.0,1007.0,155665135.0,413.0,10698697.0,4.0,62965.0,20.0,140618.0,3.0,15374.0,40.0,135022.0,6264.0,68871614.0,10581.0,-58504729.0,14724.0,2300.0,65788773.0,2300.0,20604045.0,3120.0,156767086.0
95.0,"$187,521 to $200,515",SA,Female,1646.0,318807509.0,99720320.0,334099868.0,15284338.0,516.0,1412441.0,185.0,39198850.0,181.0,21158359.0,74.0,1923047.0,2.0,17648.0,0.0,0.0,2.0,11520.0,4.0,24278.0,925.0,16027467.0,720.0,-5416566.0,1557.0,351.0,15884376.0,351.0,4896981.0,426.0,33170709.0
95.0,"$187,521 to $200,515",SA,Male,4078.0,789597730.0,248666248.0,821575416.0,31894924.0,1218.0,-411417.0,325.0,74736156.0,309.0,39811141.0,106.0,2138869.0,0.0,0.0,3.0,18790.0,1.0,984.0,10.0,41191.0,1752.0,22454033.0,2326.0,-14167136.0,3722.0,686.0,20620873.0,686.0,6487433.0,863.0,47444980.0
95.0,"$187,521 to $200,515",TAS,Female,451.0,87510950.0,27279847.0,91425472.0,3753580.0,147.0,528784.0,66.0,13309508.0,56.0,6946034.0,23.0,562002.0,0.0,0.0,0.0,0.0,0.0,0.0,1.0,7301.0,236.0,4382481.0,215.0,-1621427.0,424.0,106.0,4999868.0,106.0,1577692.0,121.0,10793277.0
95.0,"$187,521 to $200,515",TAS,Male,900.0,174362618.0,54775018.0,180493951.0,6114240.0,253.0,1093049.0,102.0,29245462.0,98.0,19275114.0,20.0,331587.0,1.0,3188.0,1.0,3692.0,0.0,0.0,0.0,0.0,429.0,6344843.0,471.0,-2901266.0,801.0,147.0,5523352.0,147.0,1767528.0,178.0,12614868.0
95.0,"$187,521 to $200,515",VIC,Female,9504.0,1840603660.0,580900413.0,1918962608.0,78243351.0,2986.0,-5362354.0,853.0,158067879.0,830.0,75341485.0,433.0,11409109.0,4.0,62821.0,1.0,11385.0,3.0,145838.0,20.0,77266.0,4526.0,69632429.0,4975.0,-37108875.0,8903.0,1911.0,76599376.0,1911.0,22213597.0,2299.0,162449359.0
95.0,"$187,521 to $200,515",VIC,Male,21481.0,4161616201.0,1319254641.0,4330192009.0,167199200.0,6250.0,-26512558.0,1458.0,314447057.0,1427.0,200141135.0,514.0,13970536.0,6.0,117777.0,19.0,147637.0,3.0,24086.0,30.0,83346.0,7727.0,89694565.0,13747.0,-85779312.0,19041.0,3171.0,81315702.0,3171.0,25135012.0,4324.0,184152742.0
95.0,"$187,521 to $200,515",WA,Female,3784.0,733048113.0,230328448.0,763902407.0,30178919.0,1086.0,2807776.0,313.0,71889009.0,300.0,42123329.0,152.0,3187974.0,5.0,82040.0,1.0,200.0,0.0,0.0,11.0,43679.0,1984.0,29867364.0,1794.0,-13657166.0,3667.0,663.0,25293276.0,663.0,7696640.0,806.0,61623669.0
95.0,"$187,521 to $200,515",WA,Male,15181.0,2940520288.0,931432651.0,3031518573.0,90232849.0,3433.0,-3391491.0,709.0,127524115.0,732.0,75161910.0,293.0,5465415.0,1.0,3999.0,12.0,117263.0,4.0,7909.0,18.0,69551.0,5031.0,45571900.0,10146.0,-54312333.0,13848.0,1892.0,33186427.0,1892.0,10053689.0,2619.0,84074143.0
96.0,"$200,516 to $218,176",ACT,Female,1193.0,249486593.0,81218721.0,257073944.0,7572563.0,468.0,-1308135.0,71.0,10842440.0,64.0,4492326.0,43.0,1126982.0,0.0,0.0,0.0,0.0,0.0,0.0,4.0,15057.0,535.0,6394486.0,658.0,-4057281.0,1133.0,210.0,6679167.0,210.0,2156414.0,267.0,14153947.0
96.0,"$200,516 to $218,176",ACT,Male,2366.0,494423269.0,160652097.0,508496762.0,14066180.0,854.0,-2621249.0,122.0,21129605.0,118.0,11174348.0,59.0,1288234.0,0.0,0.0,1.0,3871.0,0.0,0.0,2.0,2479.0,900.0,9956673.0,1466.0,-8595026.0,2127.0,375.0,9994302.0,375.0,3234891.0,505.0,21918379.0
96.0,"$200,516 to $218,176",NSW,Female,13871.0,2897710857.0,945090762.0,3006175385.0,103972309.0,5255.0,16600765.0,1218.0,262255372.0,1186.0,133528809.0,476.0,12336437.0,2.0,32017.0,0.0,0.0,1.0,4320.0,17.0,82585.0,6997.0,111899545.0,6869.0,-50641622.0,13322.0,2783.0,119970599.0,2783.0,38468642.0,3379.0,271300279.0
96.0,"$200,516 to $218,176",NSW,Male,29002.0,6058363198.0,1981940020.0,6272202938.0,209580167.0,9693.0,-8788925.0,1961.0,524278061.0,1952.0,342141101.0,667.0,17438107.0,2.0,67005.0,6.0,48592.0,2.0,79571.0,45.0,191062.0,11813.0,144909282.0,17180.0,-108712924.0,27049.0,4717.0,136774404.0,4717.0,43396204.0,6318.0,333844859.0
96.0,"$200,516 to $218,176",NT,Female,225.0,47009413.0,15229999.0,48783349.0,1744919.0,95.0,210593.0,18.0,3755969.0,17.0,2028624.0,16.0,177647.0,0.0,0.0,0.0,0.0,0.0,0.0,0.0,0.0,101.0,1313572.0,124.0,-856907.0,217.0,36.0,1261185.0,36.0,413867.0,45.0,2582478.0
96.0,"$200,516 to $218,176",NT,Male,605.0,126000140.0,40836672.0,129512180.0,3512040.0,238.0,43399.0,31.0,10242831.0,31.0,6599567.0,11.0,271190.0,0.0,0.0,0.0,0.0,0.0,0.0,0.0,0.0,218.0,2420339.0,387.0,-2001091.0,548.0,74.0,2056182.0,74.0,672022.0,98.0,4665127.0
96.0,"$200,516 to $218,176",Overseas or Unknown,Female,129.0,26981948.0,8952209.0,27972963.0,710201.0,69.0,827994.0,9.0,1685491.0,4.0,36726.0,5.0,234269.0,0.0,0.0,0.0,0.0,0.0,0.0,0.0,0.0,56.0,1839991.0,68.0,-855584.0,58.0,50.0,7799217.0,50.0,2510956.0,55.0,9417657.0
96.0,"$200,516 to $218,176",Overseas or Unknown,Male,295.0,61733613.0,20224972.0,64116144.0,1640758.0,106.0,9462.0,19.0,4409788.0,14.0,1287399.0,8.0,411353.0,0.0,0.0,0.0,0.0,0.0,0.0,1.0,2441.0,120.0,2611756.0,168.0,-2910244.0,151.0,78.0,10084574.0,78.0,3029019.0,93.0,12106377.0
96.0,"$200,516 to $218,176",QLD,Female,5857.0,1223275897.0,397931461.0,1275200214.0,50981261.0,1982.0,5130305.0,558.0,123492990.0,539.0,59189069.0,257.0,6701179.0,0.0,0.0,1.0,12625.0,3.0,5491.0,12.0,66734.0,3276.0,60911044.0,2579.0,-19681150.0,5485.0,1267.0,71531607.0,1267.0,22419684.0,1536.0,169139361.0
96.0,"$200,516 to $218,176",QLD,Male,16297.0,3402452776.0,1110824192.0,3522883237.0,119792641.0,4524.0,-3720280.0,1028.0,251282585.0,1027.0,152409471.0,376.0,9630116.0,5.0,76608.0,15.0,78480.0,4.0,22365.0,21.0,92106.0,6671.0,85912450.0,9623.0,-56351017.0,14545.0,2469.0,78785045.0,2469.0,25310423.0,3289.0,188370460.0
96.0,"$200,516 to $218,176",SA,Female,1667.0,348077777.0,112193634.0,364526019.0,16301952.0,527.0,2391763.0,197.0,39167341.0,187.0,16507314.0,76.0,1424909.0,1.0,798.0,0.0,0.0,2.0,10616.0,7.0,20572.0,987.0,20092956.0,680.0,-5634242.0,1583.0,362.0,20055511.0,362.0,6507164.0,435.0,47815758.0
96.0,"$200,516 to $218,176",SA,Male,4056.0,847247382.0,275214367.0,881685752.0,34316041.0,1194.0,54427.0,344.0,93145929.0,332.0,53001308.0,94.0,2069776.0,0.0,0.0,4.0,45478.0,1.0,15290.0,7.0,20634.0,1947.0,28500613.0,2107.0,-13702767.0,3713.0,751.0,24129939.0,751.0,7803221.0,962.0,58361510.0
96.0,"$200,516 to $218,176",TAS,Female,420.0,87825583.0,28539664.0,91822632.0,3985894.0,160.0,540150.0,66.0,13451900.0,65.0,5480697.0,5.0,113499.0,0.0,0.0,0.0,0.0,0.0,0.0,0.0,0.0,261.0,4764943.0,159.0,-1564632.0,402.0,91.0,5148306.0,91.0,1670639.0,110.0,10823285.0
96.0,"$200,516 to $218,176",TAS,Male,964.0,201541539.0,65604119.0,209316961.0,7681673.0,294.0,1183710.0,102.0,26265709.0,100.0,14017425.0,19.0,273921.0,1.0,30879.0,0.0,0.0,0.0,0.0,0.0,0.0,516.0,8857183.0,448.0,-2816831.0,865.0,186.0,8952094.0,186.0,2886487.0,227.0,19604305.0
96.0,"$200,516 to $218,176",VIC,Female,9454.0,1974861081.0,643710565.0,2061004959.0,84814868.0,3284.0,-892860.0,948.0,202988732.0,927.0,100561948.0,345.0,8256553.0,7.0,57317.0,0.0,0.0,4.0,18357.0,14.0,44023.0,4842.0,86043410.0,4610.0,-38183087.0,8978.0,1933.0,91033905.0,1933.0,28357544.0,2317.0,186269563.0
96.0,"$200,516 to $218,176",VIC,Male,21379.0,4466161747.0,1462843973.0,4651333778.0,184196424.0,6444.0,-26833167.0,1502.0,550636856.0,1449.0,402577187.0,491.0,12927507.0,6.0,63017.0,12.0,78146.0,3.0,6854.0,24.0,90633.0,8400.0,113999840.0,12972.0,-88605835.0,19261.0,3467.0,105555206.0,3467.0,32211160.0,4645.0,240330216.0
96.0,"$200,516 to $218,176",WA,Female,3786.0,790643988.0,256296447.0,822264839.0,31176175.0,1134.0,3042683.0,301.0,64492303.0,284.0,33074632.0,155.0,3015382.0,7.0,68271.0,1.0,648.0,2.0,7078.0,5.0,16912.0,2075.0,34096911.0,1711.0,-13036637.0,3671.0,773.0,28285199.0,773.0,9069124.0,946.0,64856042.0
96.0,"$200,516 to $218,176",WA,Male,14907.0,3111463503.0,1017083569.0,3204152933.0,91572160.0,3782.0,-3882280.0,722.0,144152762.0,728.0,87911097.0,261.0,4144508.0,1.0,25473.0,11.0,72296.0,2.0,7053.0,8.0,29051.0,5577.0,58353896.0,9321.0,-51631822.0,13924.0,2129.0,45411291.0,2129.0,14544587.0,2899.0,103897286.0
97.0,"$218,177 to $244,451",ACT,Female,1302.0,299109743.0,101180139.0,307404913.0,8295169.0,485.0,-1224836.0,78.0,14720670.0,79.0,6644542.0,36.0,723499.0,2.0,62667.0,0.0,0.0,0.0,0.0,3.0,17015.0,629.0,8653562.0,673.0,-4340717.0,1249.0,254.0,10680675.0,254.0,3544206.0,305.0,21629577.0
97.0,"$218,177 to $244,451",ACT,Male,2597.0,598516719.0,202308743.0,613988991.0,15434035.0,970.0,-4164200.0,121.0,21654862.0,120.0,10384629.0,50.0,966662.0,0.0,0.0,0.0,0.0,0.0,0.0,2.0,4828.0,1114.0,14260286.0,1483.0,-8616837.0,2421.0,489.0,14473803.0,489.0,4843726.0,651.0,34966315.0
97.0,"$218,177 to $244,451",NSW,Female,14094.0,3242233365.0,1097585880.0,3359407300.0,115401773.0,5334.0,17125180.0,1215.0,284226448.0,1143.0,147093917.0,404.0,9974895.0,3.0,12001.0,0.0,0.0,2.0,4229.0,18.0,69019.0,7359.0,137705117.0,6734.0,-54116536.0,13599.0,2910.0,148688307.0,2910.0,49441048.0,3576.0,328898024.0
97.0,"$218,177 to $244,451",NSW,Male,29917.0,6886836469.0,2336204939.0,7117710356.0,229278050.0,10324.0,-4963070.0,2078.0,638616221.0,2049.0,417417813.0,602.0,15554001.0,6.0,80539.0,10.0,63282.0,6.0,99369.0,33.0,125719.0,13010.0,191215729.0,16892.0,-114414220.0,28187.0,5079.0,174181528.0,5079.0,58701612.0,6846.0,411412889.0
97.0,"$218,177 to $244,451",NT,Female,214.0,49091453.0,16530387.0,50585990.0,1494536.0,113.0,132665.0,9.0,5177767.0,8.0,4274240.0,8.0,112816.0,0.0,0.0,0.0,0.0,0.0,0.0,1.0,3627.0,94.0,1554427.0,120.0,-974842.0,201.0,36.0,1742501.0,36.0,590809.0,45.0,3464056.0
97.0,"$218,177 to $244,451",NT,Male,515.0,118539681.0,39650890.0,122174118.0,3608476.0,249.0,70995.0,34.0,10396740.0,32.0,6123988.0,11.0,394449.0,1.0,96.0,0.0,0.0,0.0,0.0,1.0,7283.0,210.0,3326366.0,305.0,-2054147.0,469.0,91.0,3127046.0,91.0,1026751.0,115.0,7811521.0
97.0,"$218,177 to $244,451",Overseas or Unknown,Female,147.0,34079280.0,11497963.0,35536600.0,586145.0,74.0,925784.0,7.0,1803511.0,3.0,35407.0,4.0,85671.0,0.0,0.0,0.0,0.0,0.0,0.0,0.0,0.0,66.0,1655859.0,76.0,-972985.0,77.0,58.0,10362319.0,58.0,3384371.0,62.0,13413308.0
97.0,"$218,177 to $244,451",Overseas or Unknown,Male,377.0,87063107.0,29347378.0,88841044.0,1537253.0,146.0,162537.0,20.0,5209512.0,13.0,1484192.0,13.0,260674.0,0.0,0.0,0.0,0.0,0.0,0.0,1.0,3648.0,177.0,4557620.0,193.0,-2523184.0,211.0,97.0,12684651.0,97.0,4397735.0,123.0,16146925.0
97.0,"$218,177 to $244,451",QLD,Female,5664.0,1302714291.0,439225975.0,1354054984.0,50499008.0,1989.0,4301600.0,580.0,136092114.0,570.0,61379671.0,214.0,5254058.0,5.0,150416.0,0.0,0.0,1.0,8864.0,12.0,36405.0,3195.0,71008483.0,2468.0,-20844394.0,5351.0,1297.0,80200388.0,1297.0,26663583.0,1543.0,176209884.0
97.0,"$218,177 to $244,451",QLD,Male,15674.0,3606834162.0,1220399831.0,3733582790.0,125719431.0,4613.0,-3324672.0,1095.0,318607418.0,1108.0,194883863.0,309.0,8308793.0,5.0,94502.0,2.0,11928.0,5.0,173647.0,15.0,48497.0,7058.0,111637198.0,8609.0,-58060268.0,14270.0,2697.0,110254432.0,2697.0,36943291.0,3565.0,248157811.0
97.0,"$218,177 to $244,451",SA,Female,1663.0,382063331.0,127725094.0,398082111.0,15793105.0,520.0,1250517.0,210.0,42725274.0,197.0,20276595.0,52.0,899577.0,1.0,7960.0,0.0,0.0,0.0,0.0,1.0,3627.0,972.0,22035481.0,691.0,-7255282.0,1592.0,396.0,25212895.0,396.0,8405719.0,472.0,52377984.0
97.0,"$218,177 to $244,451",SA,Male,4036.0,928567243.0,312831735.0,965989161.0,37092761.0,1269.0,-963134.0,384.0,119221965.0,369.0,68876764.0,72.0,1480962.0,0.0,0.0,0.0,0.0,0.0,0.0,5.0,19417.0,1996.0,34886398.0,2039.0,-15723211.0,3763.0,796.0,34133171.0,796.0,11352187.0,993.0,81349647.0
97.0,"$218,177 to $244,451",TAS,Female,454.0,104540565.0,34922669.0,108799144.0,4258579.0,139.0,726397.0,60.0,13369084.0,56.0,5580892.0,15.0,290280.0,0.0,0.0,0.0,0.0,0.0,0.0,1.0,1224.0,286.0,6719607.0,168.0,-1468628.0,429.0,114.0,7567011.0,114.0,2568817.0,126.0,14334522.0
97.0,"$218,177 to $244,451",TAS,Male,865.0,198722598.0,66737754.0,206109669.0,7227729.0,273.0,708984.0,104.0,40685445.0,105.0,25346921.0,27.0,668558.0,1.0,33528.0,1.0,7187.0,0.0,0.0,1.0,2426.0,484.0,9629985.0,381.0,-2667749.0,769.0,174.0,8048099.0,174.0,2652209.0,215.0,16285627.0
97.0,"$218,177 to $244,451",VIC,Female,9579.0,2203800128.0,744890744.0,2288803740.0,84880546.0,3278.0,-897608.0,985.0,195853482.0,955.0,91346420.0,279.0,6597506.0,5.0,89735.0,1.0,8217.0,2.0,11877.0,11.0,37503.0,5101.0,108536845.0,4477.0,-37586580.0,9146.0,2089.0,108159799.0,2089.0,35731384.0,2500.0,226061033.0
97.0,"$218,177 to $244,451",VIC,Male,21779.0,5011168907.0,1701644387.0,5203226621.0,190648443.0,6786.0,-29925419.0,1568.0,390532893.0,1503.0,215799641.0,427.0,12104914.0,2.0,45793.0,8.0,54118.0,8.0,89454.0,24.0,93015.0,9033.0,149056313.0,12742.0,-89568089.0,20030.0,3664.0,135772353.0,3664.0,44845482.0,4966.0,304236726.0
97.0,"$218,177 to $244,451",WA,Female,3602.0,829392619.0,279076954.0,859781439.0,30145652.0,1163.0,4989510.0,328.0,99764379.0,321.0,57669172.0,99.0,1359249.0,0.0,0.0,0.0,0.0,0.0,0.0,1.0,1217.0,2129.0,42205321.0,1473.0,-11878220.0,3512.0,758.0,33534180.0,758.0,11243390.0,958.0,72674770.0
97.0,"$218,177 to $244,451",WA,Male,13998.0,3219271280.0,1090103204.0,3320982367.0,100475202.0,3797.0,-5219882.0,680.0,231486214.0,690.0,153709240.0,229.0,3380551.0,0.0,0.0,3.0,24542.0,2.0,16444.0,10.0,30167.0,5823.0,77992548.0,8165.0,-48805149.0,13249.0,2172.0,53835544.0,2172.0,18093604.0,3040.0,126917010.0
98.0,"$244,452 to $292,593",ACT,Female,1165.0,309383929.0,109299402.0,318578529.0,9177606.0,520.0,-1312816.0,91.0,18906047.0,83.0,6897879.0,28.0,476442.0,0.0,0.0,0.0,0.0,0.0,0.0,1.0,3445.0,596.0,12992388.0,569.0,-4036069.0,1113.0,263.0,16316660.0,263.0,5712886.0,307.0,36106332.0
98.0,"$244,452 to $292,593",ACT,Male,2617.0,692961654.0,245096990.0,710399221.0,17415907.0,1017.0,-5391797.0,127.0,27266936.0,121.0,12409228.0,58.0,887495.0,0.0,0.0,1.0,11948.0,0.0,0.0,2.0,4866.0,1252.0,21140486.0,1365.0,-9818193.0,2453.0,533.0,18836178.0,533.0,6652759.0,684.0,40508265.0
98.0,"$244,452 to $292,593",NSW,Female,14327.0,3809679577.0,1349905338.0,3934400492.0,121027509.0,5816.0,14956584.0,1409.0,390035001.0,1369.0,190970924.0,305.0,6352764.0,4.0,96945.0,0.0,0.0,1.0,3537.0,10.0,38837.0,7900.0,198333346.0,6426.0,-55329334.0,13844.0,3275.0,213909963.0,3275.0,75013100.0,3950.0,473913378.0
98.0,"$244,452 to $292,593",NSW,Male,31398.0,8349841518.0,2963449390.0,8622138840.0,266977376.0,11525.0,-12755201.0,2506.0,847165422.0,2454.0,518235553.0,478.0,11687505.0,4.0,40061.0,2.0,7786.0,1.0,10034.0,27.0,114217.0,14954.0,297313189.0,16433.0,-126156042.0,29974.0,5979.0,268154613.0,5979.0,94301128.0,7986.0,614320578.0
98.0,"$244,452 to $292,593",NT,Female,194.0,51413386.0,17874132.0,53241913.0,1828526.0,105.0,49530.0,20.0,3679069.0,17.0,1534364.0,8.0,138955.0,0.0,0.0,0.0,0.0,0.0,0.0,0.0,0.0,104.0,2535364.0,90.0,-942244.0,184.0,40.0,2265007.0,40.0,795920.0,48.0,4904694.0
98.0,"$244,452 to $292,593",NT,Male,511.0,135516951.0,47435844.0,138854379.0,3337427.0,256.0,297303.0,38.0,15026263.0,38.0,10189529.0,9.0,75071.0,0.0,0.0,0.0,0.0,0.0,0.0,0.0,0.0,232.0,4562606.0,279.0,-1896435.0,469.0,86.0,3538792.0,86.0,1263596.0,107.0,8854732.0
98.0,"$244,452 to $292,593",Overseas or Unknown,Female,207.0,55460873.0,19400069.0,56866004.0,938494.0,111.0,848461.0,8.0,1853383.0,6.0,138035.0,3.0,76783.0,0.0,0.0,0.0,0.0,0.0,0.0,0.0,0.0,107.0,3620138.0,97.0,-1539313.0,96.0,93.0,19390634.0,93.0,6840865.0,101.0,23457252.0
98.0,"$244,452 to $292,593",Overseas or Unknown,Male,509.0,136197455.0,48151484.0,139010203.0,2113508.0,197.0,570796.0,25.0,5744065.0,23.0,1317339.0,5.0,102882.0,0.0,0.0,0.0,0.0,0.0,0.0,0.0,0.0,226.0,7298024.0,273.0,-4294725.0,254.0,137.0,24438839.0,137.0,8705740.0,158.0,30140360.0
98.0,"$244,452 to $292,593",QLD,Female,5465.0,1451718705.0,511248741.0,1505550397.0,53346346.0,2071.0,5706848.0,650.0,203175356.0,614.0,105846212.0,170.0,3735027.0,4.0,43446.0,0.0,0.0,5.0,37743.0,4.0,15673.0,3259.0,97759115.0,2205.0,-20373287.0,5186.0,1350.0,109056958.0,1350.0,38190243.0,1631.0,229909300.0
98.0,"$244,452 to $292,593",QLD,Male,15390.0,4086180232.0,1440582072.0,4222640570.0,133183162.0,4990.0,-8942147.0,1207.0,379914631.0,1196.0,212203195.0,248.0,6333737.0,3.0,66591.0,3.0,19853.0,1.0,1012.0,20.0,94704.0,7441.0,155495098.0,7943.0,-57181376.0,14381.0,2976.0,150290519.0,2976.0,52217769.0,3886.0,343880142.0
98.0,"$244,452 to $292,593",SA,Female,1669.0,443585452.0,155237253.0,462707773.0,18582591.0,569.0,1456547.0,260.0,97137495.0,246.0,60890615.0,50.0,980842.0,3.0,22517.0,0.0,0.0,1.0,7769.0,2.0,3665.0,1065.0,28712440.0,604.0,-6122400.0,1603.0,402.0,30599562.0,402.0,10478681.0,468.0,66936649.0
98.0,"$244,452 to $292,593",SA,Male,3749.0,995637078.0,349120076.0,1033963785.0,37747352.0,1220.0,-157367.0,466.0,150744382.0,443.0,88683658.0,49.0,980209.0,4.0,55466.0,0.0,0.0,0.0,0.0,6.0,13285.0,1996.0,44038554.0,1751.0,-15437836.0,3567.0,793.0,41429173.0,793.0,14382794.0,990.0,94544273.0
98.0,"$244,452 to $292,593",TAS,Female,406.0,107915766.0,37864241.0,112159445.0,4243407.0,156.0,1143540.0,67.0,19665303.0,58.0,9645039.0,10.0,99720.0,0.0,0.0,0.0,0.0,0.0,0.0,1.0,4875.0,244.0,6705300.0,162.0,-1814943.0,387.0,93.0,7047614.0,93.0,2442280.0,104.0,17022459.0
98.0,"$244,452 to $292,593",TAS,Male,875.0,232858312.0,81769051.0,240574508.0,7710207.0,291.0,1198577.0,137.0,61569496.0,131.0,41345967.0,15.0,314694.0,0.0,0.0,0.0,0.0,1.0,1433.0,0.0,0.0,502.0,12275434.0,373.0,-2811520.0,823.0,164.0,12219164.0,164.0,4361793.0,211.0,29419081.0
98.0,"$244,452 to $292,593",VIC,Female,9219.0,2450335880.0,867325158.0,2539404078.0,88088524.0,3399.0,-2746068.0,1055.0,294135154.0,1013.0,148500096.0,225.0,5000671.0,2.0,10868.0,0.0,0.0,2.0,3024.0,2.0,3634.0,5223.0,144772330.0,3990.0,-38568877.0,8840.0,2304.0,153657509.0,2304.0,53536704.0,2769.0,324838475.0
98.0,"$244,452 to $292,593",VIC,Male,21942.0,5828473888.0,2067016968.0,6052281987.0,219145384.0,7432.0,-39497002.0,1916.0,673280086.0,1857.0,411362483.0,346.0,8578733.0,4.0,83719.0,3.0,26562.0,4.0,18307.0,13.0,55896.0,10102.0,220493506.0,11826.0,-97435652.0,20620.0,4159.0,197162355.0,4159.0,69781756.0,5532.0,460617931.0
98.0,"$244,452 to $292,593",WA,Female,3499.0,930135947.0,326669249.0,961197402.0,30645586.0,1216.0,3885440.0,396.0,121584349.0,381.0,64784054.0,75.0,1064225.0,0.0,0.0,0.0,0.0,0.0,0.0,2.0,9711.0,2131.0,54237857.0,1368.0,-11793609.0,3407.0,766.0,40296644.0,766.0,14203678.0,968.0,92094260.0
98.0,"$244,452 to $292,593",WA,Male,13334.0,3538793640.0,1251261530.0,3634438870.0,94884154.0,4020.0,-6260066.0,790.0,238395028.0,786.0,126542032.0,185.0,2646579.0,0.0,0.0,3.0,7196.0,2.0,98841.0,3.0,16988.0,6367.0,109392876.0,6961.0,-45566581.0,12798.0,2332.0,78399667.0,2332.0,27537968.0,3255.0,189265799.0
99.0,"$292,594 to $408,973",ACT,Female,996.0,339104540.0,127425904.0,348535137.0,9427082.0,454.0,-573235.0,113.0,36258335.0,113.0,14053260.0,13.0,283265.0,0.0,0.0,0.0,0.0,0.0,0.0,0.0,0.0,619.0,20112049.0,377.0,-3952490.0,965.0,255.0,22476879.0,255.0,8554121.0,295.0,46499162.0
99.0,"$292,594 to $408,973",ACT,Male,2084.0,705304394.0,264813267.0,727406810.0,22099004.0,885.0,-3672123.0,169.0,44740136.0,160.0,17472668.0,16.0,200168.0,1.0,445.0,0.0,0.0,0.0,0.0,0.0,0.0,1182.0,30780109.0,902.0,-8620248.0,2015.0,506.0,28843676.0,506.0,10882450.0,632.0,62973849.0
99.0,"$292,594 to $408,973",NSW,Female,14861.0,5050866620.0,1904436167.0,5203073903.0,148694460.0,6283.0,15553276.0,1696.0,619645033.0,1649.0,312667729.0,218.0,4610466.0,4.0,22354.0,0.0,0.0,3.0,22437.0,3.0,14552.0,9168.0,322135006.0,5691.0,-65938126.0,14456.0,3882.0,325691542.0,3882.0,121916842.0,4720.0,702185875.0
99.0,"$292,594 to $408,973",NSW,Male,33157.0,11290499566.0,4261570722.0,11633961054.0,338538770.0,12528.0,-21127591.0,3341.0,1577002992.0,3255.0,961263279.0,386.0,8780757.0,0.0,0.0,2.0,8227.0,1.0,133626.0,19.0,67808.0,18066.0,537958249.0,15074.0,-151003342.0,32019.0,7106.0,452293732.0,7106.0,170240376.0,9677.0,1016326591.0
99.0,"$292,594 to $408,973",NT,Female,220.0,75716458.0,28273903.0,78342185.0,2625737.0,115.0,349464.0,31.0,7986825.0,28.0,3136858.0,8.0,85744.0,0.0,0.0,0.0,0.0,0.0,0.0,0.0,0.0,118.0,4191418.0,102.0,-1602760.0,210.0,47.0,2977312.0,47.0,1137978.0,54.0,6370385.0
99.0,"$292,594 to $408,973",NT,Male,508.0,172046817.0,64371300.0,175777428.0,3694725.0,232.0,-316966.0,48.0,12183274.0,41.0,5359744.0,9.0,282085.0,0.0,0.0,0.0,0.0,0.0,0.0,0.0,0.0,252.0,6005437.0,256.0,-2630186.0,484.0,68.0,3308710.0,68.0,1255253.0,97.0,7199177.0
99.0,"$292,594 to $408,973",Overseas or Unknown,Female,251.0,85660443.0,32145694.0,87612955.0,963855.0,131.0,1429316.0,9.0,4711396.0,6.0,566490.0,7.0,141931.0,0.0,0.0,0.0,0.0,0.0,0.0,0.0,0.0,145.0,6992108.0,102.0,-1963915.0,124.0,123.0,31139711.0,123.0,11643885.0,130.0,37221719.0
99.0,"$292,594 to $408,973",Overseas or Unknown,Male,597.0,203950755.0,75671015.0,209057289.0,2276546.0,211.0,-107098.0,35.0,13711440.0,30.0,2030948.0,7.0,101593.0,0.0,0.0,0.0,0.0,0.0,0.0,0.0,0.0,302.0,11689010.0,274.0,-5292890.0,304.0,181.0,40922121.0,181.0,14570253.0,210.0,50746130.0
99.0,"$292,594 to $408,973",QLD,Female,5674.0,1933327968.0,724232590.0,2004759916.0,69451608.0,2247.0,9238058.0,746.0,263409265.0,723.0,137797693.0,131.0,2796653.0,4.0,81957.0,0.0,0.0,3.0,11803.0,4.0,8524.0,3540.0,143358762.0,2133.0,-26453050.0,5443.0,1504.0,156797829.0,1504.0,58068122.0,1788.0,331964408.0
99.0,"$292,594 to $408,973",QLD,Male,14518.0,4935267197.0,1844717570.0,5096574990.0,159068462.0,5090.0,-2686494.0,1508.0,656682723.0,1461.0,378004049.0,190.0,5220026.0,3.0,64537.0,2.0,6608.0,0.0,0.0,7.0,27700.0,8053.0,247718601.0,6459.0,-64134376.0,13787.0,3115.0,217275826.0,3115.0,81027020.0,4040.0,488931183.0
99.0,"$292,594 to $408,973",SA,Female,1686.0,576470579.0,216012439.0,598278072.0,21747546.0,607.0,892995.0,318.0,79791116.0,290.0,32640095.0,30.0,368997.0,0.0,0.0,0.0,0.0,0.0,0.0,1.0,4866.0,1110.0,43467764.0,574.0,-7841965.0,1638.0,460.0,43813011.0,460.0,16488271.0,542.0,89672779.0
99.0,"$292,594 to $408,973",SA,Male,3797.0,1290978764.0,482081361.0,1340656605.0,49348444.0,1348.0,-1557178.0,641.0,242844831.0,614.0,122369605.0,36.0,605781.0,1.0,38483.0,1.0,5575.0,0.0,0.0,2.0,4829.0,2246.0,74531998.0,1548.0,-19023507.0,3668.0,888.0,65905097.0,888.0,24631576.0,1141.0,144707246.0
99.0,"$292,594 to $408,973",TAS,Female,528.0,179669689.0,66578970.0,187206934.0,7442545.0,188.0,772605.0,100.0,37996146.0,97.0,20831030.0,11.0,397510.0,0.0,0.0,0.0,0.0,0.0,0.0,0.0,0.0,318.0,12653352.0,210.0,-3007877.0,506.0,152.0,13530076.0,152.0,5207147.0,171.0,26522649.0
99.0,"$292,594 to $408,973",TAS,Male,930.0,316403851.0,117574449.0,327820007.0,11051530.0,325.0,1827523.0,149.0,86192105.0,142.0,58708485.0,10.0,201711.0,0.0,0.0,0.0,0.0,1.0,100609.0,0.0,0.0,575.0,20180796.0,355.0,-3372663.0,886.0,222.0,18029115.0,222.0,6842557.0,270.0,36234619.0
99.0,"$292,594 to $408,973",VIC,Female,9513.0,3238230870.0,1223162677.0,3356538194.0,114113370.0,3709.0,-6731835.0,1333.0,420848459.0,1282.0,207401245.0,153.0,3435776.0,2.0,15858.0,0.0,0.0,3.0,29872.0,4.0,13355.0,5781.0,234116999.0,3730.0,-44073983.0,9199.0,2572.0,243064170.0,2572.0,90125191.0,3079.0,494299631.0
99.0,"$292,594 to $408,973",VIC,Male,21428.0,7292965585.0,2751531370.0,7573917547.0,278518912.0,7743.0,-49286269.0,2356.0,961405704.0,2287.0,559522642.0,232.0,5559997.0,3.0,44640.0,3.0,31713.0,1.0,35297.0,15.0,50007.0,11334.0,358832691.0,10089.0,-108550682.0,20602.0,4554.0,299348669.0,4554.0,112131864.0,6084.0,653081847.0
99.0,"$292,594 to $408,973",WA,Female,3671.0,1253743672.0,467608986.0,1297795982.0,43250308.0,1336.0,6350621.0,439.0,147943081.0,415.0,71362551.0,56.0,857422.0,0.0,0.0,0.0,0.0,0.0,0.0,0.0,0.0,2363.0,84214582.0,1306.0,-16059048.0,3595.0,831.0,61978221.0,831.0,23248434.0,1032.0,129851471.0
99.0,"$292,594 to $408,973",WA,Male,12058.0,4087637307.0,1529344887.0,4197991520.0,108728863.0,3946.0,-4764376.0,953.0,480240235.0,940.0,300820447.0,116.0,1566712.0,1.0,50601.0,1.0,1944.0,0.0,0.0,5.0,15740.0,6726.0,169137934.0,5324.0,-46251755.0,11735.0,2317.0,108370024.0,2317.0,40343320.0,3275.0,246617119.0
100.0,"$408,974 or more",ACT,Female,705.0,502688702.0,212081642.0,518792825.0,16085548.0,346.0,-1615001.0,105.0,53734386.0,95.0,18711719.0,7.0,92116.0,0.0,0.0,0.0,0.0,0.0,0.0,0.0,0.0,514.0,51967255.0,191.0,-4540351.0,688.0,243.0,55619119.0,243.0,23095915.0,282.0,101465681.0
100.0,"$408,974 or more",ACT,Male,1516.0,1181869674.0,501423197.0,1208730422.0,26825224.0,702.0,-3647633.0,252.0,242256149.0,241.0,125342997.0,10.0,143202.0,0.0,0.0,0.0,0.0,0.0,0.0,1.0,6060.0,1010.0,125022643.0,506.0,-12894701.0,1466.0,436.0,138163558.0,436.0,61044846.0,537.0,260218632.0
100.0,"$408,974 or more",NSW,Female,14326.0,13683925766.0,5896488128.0,14048376021.0,355429370.0,6356.0,24697521.0,1816.0,1360474195.0,1735.0,697426013.0,124.0,2397595.0,1.0,2423.0,0.0,0.0,2.0,10224.0,3.0,9671.0,10451.0,1985572539.0,3869.0,-116275148.0,14036.0,4933.0,2730720875.0,4931.0,1201481678.0,5949.0,5486549030.0
100.0,"$408,974 or more",NSW,Male,36551.0,36756081841.0,15883690961.0,37650356550.0,881225005.0,14977.0,-25625800.0,5742.0,8632762768.0,5583.0,5512121356.0,178.0,3465145.0,2.0,13771.0,1.0,3110.0,1.0,6824.0,4.0,13338.0,23833.0,4297719838.0,12708.0,-377412410.0,35697.0,10073.0,5618917462.0,10067.0,2428073113.0,13377.0,11425832497.0
100.0,"$408,974 or more",NT,Female,148.0,116231323.0,49471855.0,118352573.0,2121250.0,75.0,807754.0,21.0,5749003.0,21.0,1667326.0,0.0,0.0,0.0,0.0,0.0,0.0,0.0,0.0,0.0,0.0,102.0,17436598.0,46.0,-776399.0,147.0,30.0,13209135.0,30.0,5743209.0,41.0,28110236.0
100.0,"$408,974 or more",NT,Male,382.0,263452088.0,110225709.0,270874503.0,7386851.0,197.0,537953.0,64.0,44005619.0,56.0,25256872.0,2.0,11402.0,0.0,0.0,0.0,0.0,0.0,0.0,0.0,0.0,239.0,20275486.0,143.0,-4158662.0,363.0,86.0,14964143.0,86.0,6342752.0,114.0,31732596.0
100.0,"$408,974 or more",Overseas or Unknown,Female,328.0,319359851.0,133397919.0,325102649.0,2060180.0,165.0,274926.0,19.0,33511204.0,8.0,9276680.0,6.0,131885.0,0.0,0.0,0.0,0.0,0.0,0.0,0.0,0.0,227.0,41190063.0,87.0,-6214462.0,116.0,188.0,169154937.0,188.0,70231602.0,201.0,203149891.0
100.0,"$408,974 or more",Overseas or Unknown,Male,835.0,879143859.0,359060494.0,891886481.0,6578760.0,337.0,-253719.0,44.0,53320168.0,32.0,9746548.0,8.0,86552.0,1.0,24479.0,0.0,0.0,0.0,0.0,1.0,2433.0,512.0,92831997.0,302.0,-15578466.0,426.0,286.0,198747155.0,286.0,81510060.0,341.0,257859599.0
100.0,"$408,974 or more",QLD,Female,5124.0,4594744996.0,1981351202.0,4711909134.0,111799130.0,2033.0,14035439.0,790.0,516870765.0,754.0,252536272.0,74.0,1309157.0,1.0,13095.0,0.0,0.0,2.0,16593.0,0.0,0.0,3746.0,765128865.0,1377.0,-38461116.0,4989.0,1767.0,1150559193.0,1767.0,508247383.0,2066.0,2275572313.0
100.0,"$408,974 or more",QLD,Male,14168.0,12100718539.0,5156540862.0,12386241852.0,274760408.0,5519.0,8637742.0,2612.0,2381187463.0,2527.0,1107045730.0,99.0,1525050.0,2.0,18853.0,1.0,4272.0,1.0,24.0,4.0,13208.0,9422.0,1414651473.0,4740.0,-123764179.0,13735.0,3826.0,1736658590.0,3826.0,769316102.0,4868.0,3419747360.0
100.0,"$408,974 or more",SA,Female,1491.0,1223169891.0,523362435.0,1259404092.0,34954483.0,529.0,2194855.0,272.0,129385880.0,264.0,56453934.0,13.0,187687.0,0.0,0.0,0.0,0.0,0.0,0.0,0.0,0.0,1072.0,180878591.0,419.0,-11802733.0,1455.0,514.0,234825860.0,514.0,103966296.0,607.0,446478648.0
100.0,"$408,974 or more",SA,Male,3778.0,3014009400.0,1283374012.0,3098720948.0,80858751.0,1278.0,-525699.0,1006.0,892994929.0,972.0,460767182.0,20.0,177961.0,0.0,0.0,0.0,0.0,0.0,0.0,0.0,0.0,2479.0,304086757.0,1295.0,-39281946.0,3690.0,1005.0,293800805.0,1005.0,128774240.0,1273.0,603621328.0
100.0,"$408,974 or more",TAS,Female,359.0,279052228.0,118536355.0,286067227.0,6796556.0,158.0,990064.0,66.0,30834915.0,62.0,13698268.0,4.0,14963.0,0.0,0.0,0.0,0.0,0.0,0.0,0.0,0.0,271.0,30271347.0,88.0,-1734955.0,348.0,117.0,25835263.0,117.0,11016481.0,137.0,60519991.0
100.0,"$408,974 or more",TAS,Male,900.0,684601087.0,288660036.0,702692669.0,17962171.0,343.0,1266425.0,242.0,197824765.0,241.0,97083320.0,3.0,13702.0,0.0,0.0,0.0,0.0,0.0,0.0,0.0,0.0,610.0,68334511.0,289.0,-6552350.0,880.0,238.0,64863911.0,238.0,28665343.0,301.0,135579838.0
100.0,"$408,974 or more",VIC,Female,9194.0,8619766130.0,3735859650.0,8877312268.0,255527367.0,3695.0,2817836.0,1340.0,973926807.0,1300.0,556863203.0,103.0,1518529.0,0.0,0.0,1.0,7491.0,2.0,9993.0,1.0,6090.0,6705.0,1279348161.0,2485.0,-96682999.0,9015.0,3307.0,1820607839.0,3306.0,790206689.0,3892.0,3556048215.0
100.0,"$408,974 or more",VIC,Male,22533.0,20581147054.0,8845574293.0,21263532398.0,675003789.0,8481.0,-76278970.0,4130.0,4393180808.0,4023.0,2601255953.0,127.0,2325723.0,1.0,26581.0,1.0,3839.0,1.0,3157.0,2.0,8479.0,14634.0,2243940962.0,7885.0,-246981313.0,21993.0,6155.0,2645783017.0,6150.0,1171703115.0,7909.0,5233185702.0
100.0,"$408,974 or more",WA,Female,3641.0,3342233211.0,1438135504.0,5320946195.0,1976890692.0,1348.0,10930724.0,448.0,275573179.0,429.0,121436943.0,28.0,412068.0,0.0,0.0,0.0,0.0,0.0,0.0,0.0,0.0,2779.0,468762020.0,861.0,-200303694.0,3568.0,1126.0,1902560931.0,1125.0,246138410.0,1372.0,3792782354.0
100.0,"$408,974 or more",WA,Male,10497.0,8999814474.0,3825828653.0,12231950134.0,3226656703.0,3695.0,2966136.0,1537.0,1528192168.0,1487.0,767280273.0,65.0,950717.0,2.0,85433.0,0.0,0.0,0.0,0.0,3.0,7286.0,7265.0,955648589.0,3228.0,-586652353.0,10249.0,2649.0,2194968816.0,2649.0,375823380.0,3586.0,4434046249.0
