Sex5,State/Territory1,Broad industry2,Individuals | count,Taxable income or loss4 | count,Taxable income or loss4 | dollars,Tax on taxable income | count,Tax on taxable income | dollars,Medicare levy | count,Medicare levy | dollars,Medicare levy surcharge | count,Medicare levy surcharge | dollars,Total Medicare levy liability | count,Total Medicare levy liability | dollars,Net tax | count,Net tax | dollars,HELP Australian compulsory repayment due | count,HELP Australian compulsory repayment due | dollars,Salary or wages | count,Salary or wages | dollars,Tax withheld from salary or wages | count,Tax withheld from salary or wages | dollars,Allowances earnings tips directors fees etc | count,Allowances earnings tips directors fees etc | dollars,Employer lump sum payments amount A | count,Employer lump sum payments amount A | dollars,Employment termination payments taxable component | count,Employment termination payments taxable component | dollars,Australian government allowances and payments | count,Australian government allowances and payments | dollars,Australian government pensions and allowances | count,Australian government pensions and allowances | dollars,Australian annuities and superannuation income streams taxable component taxed element | count,Australian annuities and superannuation income streams taxable component taxed element | dollars,Australian annuities and superannuation income streams taxable component untaxed element | count,Australian annuities and superannuation income streams taxable component untaxed element | dollars,Gross interest | count,Gross interest | dollars,Dividends unfranked | count,Dividends unfranked | dollars,Dividends franked | count,Dividends franked | dollars,Dividends franking credit | count,Dividends franking credit | dollars,Total Income or Loss4 | count,Total Income or Loss4 | dollars,Total work related car expenses | count,Total work related car expenses | dollars,Work related travel expenses | count,Work related travel expenses | dollars,Total work related uniform/clothing expenses | count,Total work related uniform/clothing expenses | dollars,Total work related self education expenses | count,Total work related self education expenses | dollars,Other work related expenses | count,Other work related expenses | dollars,Total work related expenses | count,Total work related expenses | dollars,Low value pool deduction | count,Low value pool deduction | dollars,Interest deductions | count,Interest deductions | dollars,Dividend deductions | count,Dividend deductions | dollars,Gifts or donations | count,Gifts or donations | dollars,Cost of managing tax affairs - Interest charged by the ATO | count,Cost of managing tax affairs - Interest charged by the ATO | dollars,Cost of managing tax affairs - Litigation costs | count,Cost of managing tax affairs - Litigation costs | dollars,Cost of managing tax affairs - Other expenses incurred in managing your tax affairs | count,Cost of managing tax affairs - Other expenses incurred in managing your tax affairs | dollars,Total deductions4 | count,Total deductions4 | dollars,Total reportable fringe benefits amounts - Employers exempt from FBT under section 57A of the FBTAA 1986 | count,Total reportable fringe benefits amounts - Employers exempt from FBT under section 57A of the FBTAA 1986 | dollars,Total reportable fringe benefits amounts - Employers not exempt from FBT under section 57A of the FBTAA 1986 | count,Total reportable fringe benefits amounts - Employers not exempt from FBT under section 57A of the FBTAA 1986 | dollars,Reportable employer superannuation contributions | count,Reportable employer superannuation contributions | dollars,P&T net primary production amount | count,P&T net primary production amount | dollars,P&T net non-primary production amount | count,P&T net non-primary production amount | dollars,Share of franking credit from franked dividends | count,Share of franking credit from franked dividends | dollars,Net PSI transferred | count,Net PSI transferred | dollars,Deferred non-commercial business losses primary production deferred losses | count,Deferred non-commercial business losses primary production deferred losses | dollars,Deferred non-commercial business losses non-primary production deferred losses | count,Deferred non-commercial business losses non-primary production deferred losses | dollars,Capital gains net capital gain | count,Capital gains net capital gain | dollars,Estimated tax on net capital gains | count,Estimated tax on net capital gains | dollars,Capital gains total current year capital gains | count,Capital gains total current year capital gains | dollars,Capital gains net capital losses carried forward | count,Capital gains net capital losses carried forward | dollars,Foreign source income assessable foreign source income | count,Foreign source income assessable foreign source income | dollars,Foreign source income other net foreign source income | count,Foreign source income other net foreign source income | dollars,Foreign source income foreign income tax offset | count,Foreign source income foreign income tax offset | dollars,Gross rent | count,Gross rent | dollars,Rent interest deductions | count,Rent interest deductions | dollars,Rent capital works deductions | count,Rent capital works deductions | dollars,Rent other rental deductions | count,Rent other rental deductions | dollars,Net rent - profit | count,Net rent - profit | dollars,Net rent - loss | count,Net rent - loss | dollars,Net rent4 | count,Net rent4 | dollars,Other income category 1 | count,Other income category 1 | dollars,Other income category 2 (ATO Interest) | count,Other income category 2 (ATO Interest) | dollars,Other income category 3 (FHSS) | count,Other income category 3 (FHSS) | dollars,Other income category 4 | count,Other income category 4 | dollars,Personal superannuation contributions | count,Personal superannuation contributions | dollars,Other deductions | count,Other deductions | dollars,Estimated business net tax | count,Estimated business net tax | dollars,Australian superannuation income stream tax offset | count,Australian superannuation income stream tax offset | dollars,Low income tax offset | count,Low income tax offset | dollars,Employment termination payment tax offset | count,Employment termination payment tax offset | dollars,HELP debt balance | count,HELP debt balance | dollars,SFSS debt balance | count,SFSS debt balance | dollars,TSL debt balance | count,TSL debt balance | dollars,VSL debt balance | count,VSL debt balance | dollars,SSL debt balance | count,SSL debt balance | dollars,People with private health insurance | count,People with private health insurance | dollars,Private health insurance - your Australian Government rebate received $ | count,Private health insurance - your Australian Government rebate received $ | dollars,Private health insurance rebate credited (rebate increased) $ | count,Private health insurance rebate credited (rebate increased) $ | dollars,Excess private health reduction or refund (rebate reduced) $ | count,Excess private health reduction or refund (rebate reduced) $ | dollars,Total private health insurance rebate $ | count,Total private health insurance rebate $ | dollars,Total Gross payments where Australian business number not quoted $ | count,Total Gross payments where Australian business number not quoted $ | dollars,Total Gross payments – voluntary agreement $ | count,Total Gross payments – voluntary agreement $ | dollars,Total Gross payments – labour hire or other specified payments $ | count,Total Gross payments – labour hire or other specified payments $ | dollars,Total Assessable government industry payments $ | count,Total Assessable government industry payments $ | dollars,Total Other business income $ | count,Total Other business income $ | dollars,Total business income primary production2 $ | count,Total business income primary production2 $ | dollars,Total business income non-primary production2 $ | count,Total business income non-primary production2 $ | dollars,Total business income4 $ | count,Total business income4 $ | dollars,Opening stock $ | count,Opening stock $ | dollars,Purchases and other costs $ | count,Purchases and other costs $ | dollars,Closing stock $ | count,Closing stock $ | dollars,Cost of sales $ | count,Cost of sales $ | dollars,"Contractor, subcontractor and commission expenses $ | count","Contractor, subcontractor and commission expenses $ | dollars",Superannuation expenses $ | count,Superannuation expenses $ | dollars,Bad debts $ | count,Bad debts $ | dollars,Lease expenses $ | count,Lease expenses $ | dollars,Rent expenses $ | count,Rent expenses $ | dollars,Interest expenses within Australia $ | count,Interest expenses within Australia $ | dollars,Interest expenses overseas $ | count,Interest expenses overseas $ | dollars,Depreciation expenses $ | count,Depreciation expenses $ | dollars,Motor vehicle expenses $ | count,Motor vehicle expenses $ | dollars,Repairs and maintenance expenses $ | count,Repairs and maintenance expenses $ | dollars,All other expenses $ | count,All other expenses $ | dollars,Total business expenses4 $ | count,Total business expenses4 $ | dollars,Total net income or loss from business this year $ | count,Total net income or loss from business this year $ | dollars,Total deferred non-commercial business losses from a prior year $ | count,Total deferred non-commercial business losses from a prior year $ | dollars,Net income or loss from business4 $ | count,Net income or loss from business4 $ | dollars,Partnership share of net small business income less deductions attributable to that share $ | count,Partnership share of net small business income less deductions attributable to that share $ | dollars,Trust share of net small business income less deductions attributable to that share $ | count,Trust share of net small business income less deductions attributable to that share $ | dollars,Net small business income $ | count,Net small business income $ | dollars,Total small business income $ | count,Total small business income $ | dollars,Small business income tax offset $ | count,Small business income tax offset $ | dollars
Female,ACT,"a. Agriculture, Forestry and Fishing",58,57,6099165,49,1747964,43,116860,3,2187,43,119047,47,1783898,1,788,26,2460312,26,652017,6,14768,0,0,0,0,0,0,0,0,0,0,14,795743,51,406299,21,51833,33,584144,33,248996,58,6519889,5,10831,0,0,8,1362,0,0,21,25600,22,37793,1,289,3,3993,10,28217,27,28043,3,4713,0,0,23,31133,47,282751,0,0,0,0,7,54425,2,5835,17,789045,9,61108,0,0,9,543239,0,0,13,818776,13,287892,17,1776378,10,193206,12,59181,11,53834,9,1689,17,538655,8,150267,13,27305,16,222551,11,212798,6,-74266,17,138532,0,0,0,0,0,0,1,1831,8,147323,1,1247,25,141450,10,49155,16,6236,1,2314,3,37767,0,0,0,0,0,0,0,0,49,37,35376,7,5674,15,14801,31,26249,1,165,0,0,1,640,4,11960,52,2941672,36,1435518,20,1518919,53,2954437,28,751904,16,242386,28,729000,30,265290,10,63341,5,14194,0,0,0,0,6,70829,7,82614,0,0,27,139027,34,155840,24,146271,52,2185862,54,3123268,57,-173339,6,242251,57,-415590,0,0,0,0,25,595957,25,593177,21,11641,
Female,ACT,c. Manufacturing,231,227,13308052,188,2589203,158,232690,13,12697,158,245387,171,2720377,23,118224,150,9215686,147,2281251,30,82970,1,13754,3,1983,6,27960,6,57963,2,10262,11,323261,174,192153,23,2831,39,124651,39,50230,230,13842726,32,40814,6,2979,41,8021,4,2700,100,89566,111,144080,3,618,1,586,6,1633,74,48193,3,489,0,0,85,43106,170,510276,5,96643,0,0,16,82680,0,0,36,614156,29,104949,1,18920,4,23305,66,602643,21,225072,18,52751,25,437345,13,284974,28,47950,24,18716,27,2956,35,761755,28,226323,19,60793,35,419019,19,143932,16,-88312,35,55620,1,116,0,0,0,0,4,12203,19,245798,6,25424,109,461543,8,19279,97,42755,2,15,50,1215149,2,38823,1,11633,1,3708,3,9712,170,152,77673,12,2568,57,17027,146,63214,1,44101,0,0,3,21644,1,714,222,8016352,6,29172,221,8053639,226,8082811,30,363630,103,1705541,29,350993,104,1718178,16,81362,6,72292,1,210,0,0,24,298199,9,8444,0,0,45,92580,92,201841,25,42663,184,2836815,216,5352584,226,2715585,51,583918,229,2131667,1,41616,1,83757,124,2508631,126,2515475,96,35730,
Female,ACT,e. Construction,129,128,6956291,109,1327175,78,110577,6,7726,77,118279,98,1356502,4,8040,66,2847177,65,634071,15,8321,0,0,0,0,3,25190,1,4814,3,19670,5,144994,90,84316,7,260,17,12388,17,5304,129,7257142,10,16927,6,1544,26,6477,2,245,35,29644,43,54837,2,806,4,4795,2,306,30,11362,8,9527,0,0,52,21866,89,300851,1,29998,0,0,2,172,0,0,14,758378,8,59054,0,0,0,0,16,163270,6,9903,5,2041,7,19255,11,163904,9,34115,8,2547,8,422,18,390430,15,140083,10,26906,18,147207,12,102845,6,-26611,18,76234,0,0,0,0,0,0,0,0,12,187119,5,10233,79,492189,4,7315,76,39237,0,0,14,281398,0,0,2,15374,0,0,0,0,78,67,36263,8,1769,28,10198,59,27834,0,0,0,0,5,269424,0,0,117,7581385,1,6085,120,7752624,121,7758709,3,14635,30,1341758,2,691476,29,664917,18,924046,5,42946,0,0,0,0,14,82834,12,26142,0,0,27,235612,72,354651,13,25403,100,2273901,115,4630452,124,3231917,9,158612,128,3062808,2,241490,1,283709,98,3237689,98,3535227,80,40429,
Female,ACT,f. Wholesale Trade,16,16,933178,14,174999,13,17828,1,449,13,18277,13,187674,2,3371,13,738130,12,166757,2,426,1,24383,0,0,0,0,0,0,0,0,0,0,15,8987,1,14,1,131,1,56,16,970515,4,14904,2,2986,3,919,1,428,11,11655,12,30892,0,0,1,28,1,35,2,947,0,0,0,0,5,2093,12,37336,3,93722,0,0,0,0,0,0,1,153,1,32,0,0,0,0,4,26169,1,109919,1,28756,3,219984,4,36272,2,53,2,53,1,6,4,24902,3,11361,2,5821,4,16459,1,681,3,-9420,4,-8739,0,0,0,0,0,0,0,0,0,0,1,3341,8,15572,0,0,7,2795,1,610,3,54971,1,1678,0,0,0,0,0,0,12,9,4284,1,323,4,2092,9,2515,0,0,0,0,1,24799,0,0,15,621397,1,14862,16,631334,16,646196,2,50392,7,330115,2,26280,7,354227,1,8764,0,0,0,0,0,0,1,5000,1,791,0,0,4,12042,8,23986,1,178,14,163411,14,568399,16,76625,2,5792,16,70833,0,0,0,0,9,90717,9,90717,7,2138,
Female,ACT,g. Retail Trade,553,543,33188000,448,6758207,381,590833,23,22438,381,613222,411,6985141,62,237894,387,24507476,375,6143589,85,270423,2,25926,6,5295,23,186110,12,161967,13,95334,36,1167350,415,344727,70,39924,120,283201,118,119749,549,34706641,93,209063,35,26397,116,25031,25,51858,265,295025,291,607374,22,9939,5,25331,20,42734,182,81254,6,4193,0,0,216,98694,409,1382942,19,420861,7,75587,46,256574,3,-2199,95,1120845,76,147779,3,155321,4,17056,184,1355691,59,472453,49,112567,75,1092844,56,3344165,84,251366,80,183288,77,18602,116,3017046,102,1363095,78,259584,116,1629006,45,379413,71,-614052,116,-234639,5,6458,2,43,0,0,11,76144,35,463437,21,49986,224,952004,21,60047,228,98464,11,120750,125,2728949,1,14462,0,0,4,31035,9,35005,411,358,188741,32,9916,148,55748,326,142910,0,0,1,2792,19,184022,2,6092,492,27366761,10,237515,503,27322152,512,27559667,150,3685203,277,11660364,156,3702831,284,11642736,21,253458,33,238601,4,1597,1,2463,95,1821422,31,76414,3,3043,98,421710,216,689805,59,110581,438,7784935,505,23046765,531,4508222,88,801694,545,3706528,5,55150,2,154966,251,5180561,254,5070094,189,71803,
Female,ACT,h. Accommodation and Food Services,133,130,5809719,105,936965,81,87164,8,9333,81,96497,96,967979,4,18079,83,4159796,81,850089,29,51938,1,8256,1,19,4,46755,3,57673,0,0,2,62484,102,46750,6,2136,14,82082,14,33175,132,6074152,25,39498,9,22875,45,10492,6,12896,54,44181,69,129942,2,398,0,0,1,5078,21,5355,8,7617,0,0,59,45657,92,216267,12,267378,0,0,7,17589,0,0,8,67175,4,4146,0,0,1,3678,22,346550,8,51376,8,6820,8,58428,6,122666,5,7830,4,7757,4,1075,20,496006,17,209984,15,35863,20,251735,8,121240,12,-122816,20,-1576,0,0,1,788,0,0,0,0,3,17500,2,4720,74,215233,2,5096,74,29814,3,404,11,325389,1,4080,0,0,0,0,1,1132,63,56,27246,6,110,11,3772,55,23584,0,0,0,0,4,51430,1,10000,129,8657204,5,253054,129,8465580,133,8718634,11,55588,61,2703338,14,67828,61,2691098,5,39295,18,118420,0,0,2,1930,35,853894,11,53538,1,1,43,291789,72,311583,41,96745,114,2786877,123,7245170,132,1402550,16,356410,132,1046140,1,15921,1,42707,82,1348222,83,1365698,65,20742,
Female,ACT,"i. Transport, Postal and Warehousing",440,439,18518636,361,2682356,167,174411,4,3676,167,178088,319,2702830,13,48893,376,16214485,370,3011714,149,142960,3,7913,5,2983,9,29380,7,114272,1,3906,2,46381,316,81925,10,6002,23,19649,23,8415,440,19231484,114,245542,41,22270,235,76069,30,77027,249,168317,294,589225,0,0,1,50,6,7579,77,28495,2,268,1,550,188,33913,325,712839,24,603347,1,18978,10,44349,0,0,17,69089,11,3838,3,23210,3,467,11,40983,12,29604,9,4272,17,78629,16,91668,11,2136,11,2136,11,74,22,472716,21,268133,13,48771,22,251850,8,16741,14,-112779,22,-96038,3,5198,0,0,0,0,1,254,2,15040,6,37719,290,228612,1,2913,296,114820,5,75,27,927843,0,0,0,0,1,15357,2,4861,108,68,24086,30,3888,12,1558,93,26416,0,0,2,105,56,277523,4,14295,380,4132251,6,54126,434,4365048,440,4424174,0,0,9,18743,0,0,9,18743,9,151925,2,20203,1,513,4,12392,6,13611,0,0,0,0,53,224248,204,620009,52,51662,284,851560,346,1964866,430,2464008,2,3603,430,2460405,3,55588,0,0,313,2272165,313,2321685,237,34687,
Female,ACT,j. Information Media and Telecommunications,123,122,8086585,102,1717262,90,147627,11,12592,90,160219,94,1797300,16,39204,94,5754364,91,1514718,24,74185,0,0,0,0,8,98391,3,44195,0,0,10,308026,96,173049,10,3406,19,75588,18,31911,122,8575680,15,33633,13,26230,20,10914,6,8892,64,98378,68,178047,2,5,4,318,6,13327,40,32543,2,5982,0,0,48,28127,93,489085,1,27692,3,37056,16,89341,0,0,13,215322,9,2707,0,0,0,0,19,155408,9,72877,6,8325,15,155142,13,63663,17,150308,15,56751,12,5224,14,184937,12,99803,8,17596,15,106966,6,17426,9,-56854,15,-39428,3,2671,1,58,0,0,4,9813,12,228426,2,2131,72,295821,9,28655,48,19193,0,0,33,1078242,2,56815,0,0,1,481,4,12167,76,68,38048,10,4179,24,8470,63,33757,1,1200,2,15300,13,268617,2,24351,106,2447377,1,19672,122,2738523,123,2758195,5,37862,12,125118,5,33495,14,129485,6,28584,3,38453,0,0,0,0,8,33785,1,299,0,0,28,102550,32,48163,9,12996,86,903337,97,1297652,122,1466437,7,95945,122,1370492,0,0,1,404,69,1202099,69,1174460,53,16332,
Female,ACT,k. Financial and Insurance Services,94,90,8716712,82,2276459,74,165034,4,4310,74,169344,75,2368919,5,24029,64,5946453,63,1668372,11,40073,1,26298,0,0,3,27598,1,25037,1,1052,9,360968,77,175976,26,86362,40,351164,40,148859,94,9336334,15,26696,5,6822,11,2247,5,13048,51,74391,53,123204,3,2204,1,18291,6,35148,37,32556,6,2775,0,0,51,51145,77,529311,2,34112,1,9622,13,90488,1,-34213,20,1454286,12,219549,0,0,1,573,25,1465123,15,257346,14,55068,25,698033,24,3344204,14,51664,11,30621,13,12640,42,1395158,40,768516,32,176027,43,750680,17,128882,26,-428947,43,-300065,1,1292,0,0,0,0,3,8035,6,158178,11,105803,37,227133,7,27409,32,13776,0,0,8,193330,0,0,0,0,0,0,0,0,74,65,43070,5,3288,33,17242,51,29117,0,0,0,0,2,41646,1,8158,78,13192872,2,196070,79,13046606,81,13242676,31,2325180,36,12336667,27,2488141,42,12173706,2,451,1,1200,0,0,0,0,1,1334,12,77593,1,75,16,75886,17,170613,3,8892,54,329502,75,12839252,83,402748,19,1198326,91,-795578,1,113326,2,346960,34,958808,37,1309457,33,15593,
Female,ACT,"l. Rental, Hiring and Real Estate Services",175,174,11851961,151,2473878,129,208535,10,11373,129,219909,142,2574999,8,48881,113,7226743,110,1852318,23,34756,1,4617,0,0,0,0,3,65277,1,15209,12,440274,120,191234,26,25813,53,255527,52,109487,175,13100163,31,72331,9,17188,41,9063,7,3536,85,82365,92,184483,15,11454,2,5113,8,26961,46,81369,7,12886,0,0,71,38757,136,740056,8,144140,2,40351,19,97300,0,0,38,778994,26,131585,0,0,0,0,20,292378,24,1128295,22,133847,30,2435719,22,388835,24,76926,20,60462,23,6721,70,1730671,59,651033,50,213363,70,995038,34,237739,36,-366502,71,-128763,2,14283,1,735,0,0,3,119318,19,358461,9,19075,121,432440,11,36964,77,34999,1,693,21,468677,0,0,0,0,0,0,0,0,141,121,82887,13,5034,68,37187,101,50734,0,0,2,46819,6,70076,1,25960,161,5219276,4,27082,166,5335049,170,5362131,2,3444,8,84302,1,1000,8,86746,12,169798,1,12342,0,0,3,54910,5,78548,20,125515,2,9364,74,641300,54,220134,15,26787,101,1335611,142,2761055,172,2611536,15,167174,175,2449163,2,103256,1,75000,106,2198714,107,2287800,88,34448,
Female,ACT,"m. Professional, Scientific and Technical Services",1466,1457,132664619,1326,33241487,1194,2512698,84,99009,1193,2611015,1255,34221063,144,646229,991,71975832,964,19997348,191,692104,15,271606,27,725209,25,192021,22,255594,54,655282,156,9485993,1132,1508569,233,232206,397,1627208,394,655247,1463,141061327,224,357523,127,117542,204,48030,60,156057,710,959106,768,1638258,62,27207,15,21076,71,107224,636,773892,66,117154,1,9705,682,421859,1221,8323941,53,1367187,19,350084,132,786420,7,12374,243,6295898,189,1118546,17,384488,6,18686,255,2443010,176,3138461,159,991628,234,7048443,160,2510074,218,954793,191,305842,188,77613,360,10216690,300,5093401,252,974543,359,5926392,160,1384167,200,-3161813,361,-1777646,12,65402,6,5428,1,12798,18,85904,261,4854409,94,346404,982,10196425,107,506955,501,201758,37,320044,256,7328892,3,40911,0,0,6,30209,19,73935,1205,1007,622539,133,43221,512,230769,874,434991,2,54787,1,112157,89,1989267,6,194582,1264,60713447,17,171585,1338,62892655,1354,63064240,16,302377,115,1385365,14,282638,121,1405104,87,1080549,37,274774,7,5845,6,139079,115,918296,39,105022,0,0,374,1268004,538,1655804,76,79144,1159,14429634,1233,21343763,1415,41524396,163,1785639,1453,39818509,5,147823,14,698317,937,38798799,941,37614465,838,456776,
Female,ACT,n. Administrative and Support Services,760,760,36088961,631,6120180,374,498116,30,34233,374,532310,530,6122152,35,133654,430,18816741,408,4092979,124,201015,7,73495,3,42741,31,274086,33,495237,15,214526,38,1711603,523,400062,58,18385,103,591539,103,253474,760,37824169,109,252897,35,32912,196,62455,26,41755,259,215072,317,605091,13,2446,2,1038,12,19601,171,97790,16,24019,1,220,258,88266,498,1716157,20,518365,5,73356,46,294081,5,-10289,56,1150428,36,189580,6,77789,3,574,38,200967,42,376042,35,80035,50,773756,33,810526,44,109814,41,66724,37,12885,75,1495030,63,654623,48,179194,77,789151,27,247858,50,-375796,77,-127938,3,11845,0,0,1,52,4,18892,58,818167,16,58856,486,1650630,24,100438,430,205702,5,2670,85,2090168,4,59022,1,2367,5,61578,6,12083,332,281,146757,41,7679,91,34263,271,120173,3,31432,3,26052,55,783213,4,56675,682,20902606,13,305381,733,21494597,746,21799978,7,14428,83,722531,8,59916,84,677043,49,1540744,30,107142,4,38874,2,15043,33,227026,8,6535,2,2244,122,525325,365,1384684,69,75424,573,4252366,614,8852450,751,12973686,19,62320,754,12911366,7,90280,3,191047,557,11005307,559,10900967,414,156010,
Female,ACT,o. Public Administration and Safety,13,13,717467,12,126366,9,10921,1,1046,9,11967,11,125595,0,0,9,194101,8,36830,5,6870,0,0,0,0,1,2194,0,0,2,22839,2,64785,11,22704,1,87,3,2052,3,877,13,766314,3,9469,0,0,5,1178,0,0,2,725,5,11372,1,2095,0,0,0,0,2,948,1,436,0,0,7,1996,9,48847,0,0,0,0,0,0,0,0,1,321,1,114,0,0,0,0,0,0,2,74653,2,19052,2,149306,0,0,1,6,1,6,1,2,3,145205,3,70133,2,21802,3,47721,2,9269,1,-3720,3,5549,1,1279,0,0,0,0,0,0,2,32000,0,0,11,60923,1,2953,9,3446,0,0,1,13476,0,0,0,0,0,0,0,0,4,3,2168,1,780,1,821,3,2127,0,0,0,0,0,0,0,0,13,701109,0,0,13,701109,13,701109,0,0,0,0,0,0,0,0,1,1984,1,18424,0,0,0,0,1,9918,1,1276,0,0,3,1303,7,24932,1,1052,10,274013,11,332902,13,367997,0,0,13,367997,0,0,0,0,12,362397,12,362397,11,6337,
Female,ACT,p. Education and Training,638,634,42898816,539,9180854,466,778762,26,26492,466,805254,496,9538364,71,290717,444,27594442,426,7141506,109,165698,5,18121,5,22317,19,191514,19,274269,17,269275,50,1754705,520,607814,79,43720,141,732073,140,300663,636,45142816,100,144827,45,81200,97,19422,37,89120,294,372591,318,707160,20,2982,3,1202,21,50802,239,187430,22,23789,1,372,289,148353,508,2222709,24,495841,7,91974,64,505663,5,-26640,88,1959824,77,467606,3,11646,6,55861,72,573453,62,661360,51,160582,80,1543955,59,1002969,87,339755,78,157084,67,12731,121,2327811,79,987951,80,243666,122,1264603,65,406087,58,-574496,123,-168409,8,18711,1,164,1,28621,13,90362,64,1031242,20,69377,418,1722903,37,110685,268,108106,11,15196,156,4207684,3,28211,0,0,1,818,13,41743,487,402,241754,53,15895,147,59630,377,198019,0,0,8,21968,35,233787,2,3620,565,15587579,5,50786,603,15796168,607,15808614,6,41335,43,255397,8,77647,44,219085,34,834558,3,23298,2,1752,1,286,63,608351,16,5749,0,0,135,418939,235,656973,41,31423,466,2999208,504,5799622,618,9995400,47,480713,635,9553027,4,66252,4,192981,417,9297495,417,9071286,341,147454,
Female,ACT,q. Health Care and Social Assistance,1722,1717,211153811,1610,61430824,1437,4020376,110,147123,1437,4167393,1527,63794089,185,1196674,994,77274127,968,22926524,260,655140,11,278400,13,66527,47,358741,31,437514,20,204891,94,2823769,1308,2026377,205,177206,362,1415937,360,587915,1721,225269101,237,476326,115,189849,284,66252,118,357044,668,1388321,755,2477792,77,41286,10,51363,51,112546,636,927295,128,222027,1,99,694,444353,1413,14056726,213,4469322,8,142173,180,1036802,5,-34834,272,5976357,203,764983,4,34720,5,252849,140,1249162,199,9534512,183,3938177,249,19474375,153,4533207,230,1131020,207,930585,204,187292,425,12995818,349,5836276,310,1386618,431,6963887,204,1983674,226,-3174637,433,-1190963,15,60296,15,4806,0,0,27,458105,473,8386750,213,1390456,1397,35181100,69,204409,605,250022,22,115761,331,11219927,9,90177,1,11639,11,51184,37,160793,1374,1122,658255,143,47829,619,295001,843,411083,2,5675,5,10343,56,2056425,8,339049,1622,191391136,13,753523,1670,193049105,1681,193802628,18,194775,126,4577359,19,245988,131,4526146,100,4624624,67,848858,12,59195,9,47983,330,4734114,65,479741,2,2145,402,2002864,730,2590911,109,211345,1510,51835493,1559,71963419,1704,121697440,90,1091973,1716,120604881,4,137242,16,2228784,1336,111916296,1341,107839969,1229,876138,
Female,ACT,r. Arts and Recreation Services,1042,1034,68172328,879,14344835,782,1253192,66,70853,782,1323403,828,14860986,136,532539,717,45453874,680,11778870,193,619830,4,101378,14,121645,45,301146,25,291447,19,164644,106,3916749,820,1052795,148,59967,264,1532308,263,640811,1039,72347099,160,274307,97,141951,171,43585,53,88465,492,726122,540,1274430,51,21967,7,8872,55,168973,400,573959,17,20556,1,207,538,256542,858,4119117,27,567702,9,130744,118,659214,4,-83780,159,2467329,128,441261,6,181694,1,1123,304,4815658,120,1304812,103,385167,154,3179945,87,2033410,165,796378,151,457328,139,48612,179,4216313,131,1429262,105,373395,178,2187194,97,965492,82,-739030,179,226462,7,36308,0,0,2,6222,23,101152,116,1699972,36,92648,537,2388019,74,297465,446,190827,16,51603,313,8815367,6,103762,1,15658,5,16463,22,79994,781,651,400544,83,32938,232,100462,599,333020,4,5526,5,85759,48,297454,13,153843,895,25388384,16,268356,933,25543344,949,25811700,28,255247,112,1148370,34,231302,118,1172315,69,674942,18,131126,3,3264,4,23417,142,1342107,16,105723,0,0,227,596517,359,845473,56,71059,818,8958493,900,13924436,1000,11862400,215,3896620,1033,8085046,5,367831,7,190976,528,11971486,531,11897691,434,165858,
Female,ACT,s. Other Services,910,908,52220193,790,9903653,647,918208,48,59335,647,977543,720,10269403,61,195100,482,26559900,461,6504729,125,218233,6,62419,12,48440,34,275987,30,442869,7,111342,31,997733,670,451402,62,8174,136,247271,135,102870,909,54623811,114,186796,38,48518,148,30435,27,54386,311,279621,355,599756,26,11599,4,6180,16,25154,246,112140,37,69637,0,0,362,150211,647,2368094,22,637203,2,38437,45,237035,0,0,99,2427799,77,333311,5,47640,4,4601,116,1100611,53,748826,47,225070,68,1418904,57,968644,67,66000,60,26314,58,4440,135,2544578,112,1078972,87,245769,137,1306565,62,416513,74,-503241,137,-86728,2,5580,1,129,1,2964,6,44114,105,1304826,31,88591,595,3359848,18,64110,485,213587,14,3666,144,2972542,4,14776,6,53395,18,205805,5,16633,598,525,261507,58,15705,173,63050,500,214162,2,18492,2,68467,32,715788,11,66406,830,43999372,8,207661,862,44660864,869,44868525,46,297976,217,2651696,52,457657,218,2492015,25,386119,58,369765,1,1595,7,39779,175,2998619,58,144339,2,2356,246,1197453,438,1334070,142,175584,786,14078513,828,23220207,889,21627250,81,956555,902,20670695,7,192786,8,383890,639,20312994,640,19881611,527,279043,
Female,ACT,z. Other,438,434,41992678,386,11354235,336,785210,25,38513,336,823723,357,11795533,24,86329,299,23321364,292,6525493,99,292552,3,136880,5,80802,12,81603,20,303291,7,51111,46,1890107,339,526683,67,40267,116,1359705,116,570026,437,44261335,79,185691,42,99444,98,24682,29,62377,222,351202,242,723396,34,22322,9,36780,15,39800,178,432775,16,36408,0,0,215,130903,370,2150440,19,451212,2,58513,49,353591,0,0,79,2388715,59,291309,1,933,22,282600,176,1480023,63,1380686,54,453572,74,2981799,49,988000,65,224079,60,134571,59,38561,125,3642420,97,1594029,88,435248,127,1969159,50,474284,77,-830300,127,-356016,2,53210,3,19706,0,0,6,1325,31,580542,26,147514,158,3952579,34,129966,169,68455,6,23920,58,1675038,2,15869,1,3871,5,27762,3,10720,321,264,181624,27,7257,115,55845,227,133036,1,31498,1,28894,18,420566,2,1483,241,39271048,25,1088930,238,38645009,259,39733939,40,4755378,65,15904045,40,4478922,65,16180501,15,226990,16,206821,2,9375,1,3022,29,1002893,17,163887,0,0,89,374650,117,473390,36,73014,278,10261542,326,28976085,366,10796683,126,1160858,435,9625636,1,2451,4,359809,170,11517123,173,11243060,138,67908,
Female,NSW,"a. Agriculture, Forestry and Fishing",5311,5110,488411050,3682,171099949,2814,9840508,121,176937,2811,10015536,3093,148111483,165,588007,2661,176829399,2561,46280035,818,2039825,27,291826,37,459554,244,2274932,378,6448371,29,593364,98,4089195,4285,21831903,1541,2243635,2254,60058374,2240,23647196,5298,527387381,500,1263220,168,320538,1333,334660,91,184348,1521,1864596,1965,3967362,104,37838,69,373018,198,898319,1129,4405472,166,277429,2,6923,1672,3079528,3339,23891414,169,3742656,44,902958,342,3018569,332,-415845,1151,51867693,704,7515545,32,935036,666,49064723,268,7489314,654,43961946,453,15664766,849,143885028,586,279689365,627,91550311,595,87845056,523,28740212,1473,55242855,699,11194660,663,2377688,1443,24634404,1107,21675564,373,-4639461,1484,17036103,32,11102419,24,34926,1,4746,97,51092280,399,8801697,170,2013574,1403,8452303,53,218153,1949,840030,43,71010,528,12433293,28,374320,6,41056,23,131260,27,79818,4131,3685,2918030,366,153973,945,591476,3417,2480527,6,76635,3,58645,33,318375,797,7925745,4638,302462633,3672,249233390,1441,61608643,4710,310842033,2820,104234269,1883,62455321,2841,105256118,3051,61433472,913,10952074,260,1453317,14,120154,92,1181247,411,5194077,1044,11791699,19,221721,2632,49872930,3172,15980857,2944,31997259,4747,166251260,4998,356558169,5176,-48564584,654,49128957,5253,-98362313,151,5410239,77,8144501,1807,53320316,1941,60217401,1309,691280,
Female,NSW,b. Mining,26,26,2104437,22,591246,18,39026,1,1358,18,40384,20,619497,1,410,14,586678,13,120970,4,15268,0,0,0,0,0,0,2,23446,0,0,0,0,20,102195,4,337,6,7947,6,3405,26,2185205,4,9445,0,0,10,3873,0,0,7,5533,12,18851,0,0,0,0,0,0,7,3175,0,0,0,0,11,2722,19,79748,1,22000,0,0,0,0,1,-13655,2,75883,0,0,0,0,0,0,4,14125,2,762641,2,322050,2,1534306,1,8322,0,0,0,0,0,0,4,390076,2,9234,3,44697,4,217801,3,130373,1,-12029,4,118344,0,0,0,0,0,0,0,0,1,55000,0,0,16,96710,0,0,12,5957,0,0,3,11729,0,0,0,0,0,0,0,0,17,15,11107,3,246,2,937,15,10415,0,0,0,0,5,145446,1,1348,21,1127816,3,200238,25,1074372,26,1274610,1,6895,2,57497,1,4859,3,59533,0,0,0,0,0,0,0,0,3,28844,0,0,0,0,6,130294,14,33802,4,3095,19,478448,21,734016,26,540594,2,52003,26,488591,0,0,0,0,14,387085,14,374953,11,5222,
Female,NSW,c. Manufacturing,6011,5940,288481477,4659,53270642,3527,4863147,203,240736,3524,5101941,4017,55361892,418,1386840,3556,179831319,3404,41644789,876,1779886,45,500701,50,333674,377,3270883,282,4634319,11,113957,18,440553,4266,4795949,543,242392,1051,5989959,1044,2431062,5970,302861639,810,1584073,305,238057,1510,379918,140,228025,2265,2485545,2664,4915618,81,28405,48,382340,99,113868,1320,718978,121,162204,0,0,2260,936402,3901,12934363,167,3623241,41,498098,272,1390931,56,-629315,659,15857541,426,2216359,47,818551,59,2274353,1618,16132198,415,9345845,333,2531947,507,21185554,371,10403767,454,1316077,413,762877,400,143241,947,21441485,737,8606561,447,1396575,950,9141590,549,5372163,403,-3075405,954,2296758,35,115469,20,17182,1,168,49,112861,318,5332157,130,305463,2516,9712793,9,26098,3056,1390225,80,113377,1188,30300154,62,886687,15,108218,49,367307,91,338593,3743,3256,1922241,328,82484,910,360329,3165,1644396,12,41688,7,44066,130,2209833,37,766361,5435,224076336,98,1898868,5494,225243395,5581,227141397,974,10886768,2512,58115174,1011,11630843,2558,57371099,302,4528467,206,1163518,17,37351,39,240238,1082,13153040,249,713204,4,13430,1370,7075340,2565,8173433,831,1213618,4944,69714225,5454,163407569,5779,63420574,1023,14514254,5946,48906320,74,1857605,54,3412684,3117,63101114,3183,65584453,2229,843440,
Female,NSW,"d. Electricity, Gas, Water and Waste Services",52,51,3099719,45,613147,40,55586,0,0,40,55586,44,634513,1,3510,37,1943243,36,411813,12,11730,0,0,0,0,3,31528,0,0,0,0,0,0,39,39874,3,868,5,6709,4,2874,51,3195496,9,15462,1,209,21,5813,0,0,22,18980,27,40464,1,2713,0,0,0,0,8,2436,1,26,0,0,28,10874,37,95777,2,34203,0,0,2,9420,0,0,6,40061,3,434,0,0,0,0,6,28593,5,310402,4,121699,5,676738,2,33,2,473,2,473,2,60,12,465042,10,201026,6,16516,12,225397,4,122098,8,-99995,12,22103,0,0,0,0,0,0,0,0,4,38500,1,764,35,118189,0,0,25,11734,1,8387,4,203729,0,0,0,0,1,4107,0,0,33,29,13229,1,14,3,1810,29,11433,0,0,0,0,0,0,3,30482,51,2204220,0,0,52,2234702,52,2234702,2,9500,8,334991,3,35711,8,308780,4,88896,2,1702,1,1151,2,27415,6,80635,2,16133,0,0,15,69119,31,167196,9,27308,46,740162,51,1528497,52,712257,2,4758,52,707499,0,0,2,35800,35,719374,37,750756,34,11821,
Female,NSW,e. Construction,3342,3319,166628488,2768,32498355,1873,2715835,91,111941,1872,2827298,2362,33223502,175,675464,1604,66680257,1507,15180321,438,1124594,26,166559,40,317773,152,1329965,73,1144214,2,9142,4,165517,2350,3189526,225,174630,473,4040279,471,1506202,3332,175691246,344,907363,160,174980,610,166426,52,135625,869,888470,1065,2272864,38,16680,21,318247,36,142924,546,449324,144,248371,5,819,1025,487038,1895,7888825,29,615548,10,79870,84,500913,30,-552374,368,15183830,211,2983843,14,82045,10,299765,320,4888580,195,6088723,163,1554353,234,12926837,182,8760931,196,1027536,177,625331,178,53303,586,17679904,476,7734858,291,1101080,588,7343117,324,4623262,266,-3122413,590,1500849,12,38498,23,20576,0,0,17,87508,200,3779271,71,170440,2012,11873550,2,8215,1976,948181,43,36473,433,12238036,23,289784,19,150591,24,206370,19,72217,1809,1561,921349,190,41712,516,243114,1456,719947,3,115167,1,91380,138,3767129,28,261678,3083,222985074,33,1015454,3192,226204974,3214,227220428,87,20751016,817,63970603,95,24923985,818,59797634,342,10517671,121,751541,11,7801,21,123154,434,3984489,187,1512517,4,9899,786,7869228,1811,8748081,357,908894,2767,60977896,2921,155208805,3271,71530078,224,4241291,3319,67288787,29,632174,23,751495,2464,71407037,2481,70549915,1888,886013,
Female,NSW,f. Wholesale Trade,1314,1293,67608548,1014,13586060,780,1176435,50,60176,779,1235727,875,14105200,71,277824,725,38999343,697,9344105,194,363200,12,173475,13,71864,69,653678,60,996731,2,8622,6,145385,965,1383394,128,51723,268,1175015,266,474304,1307,71702577,153,371025,79,79311,309,84899,39,61113,465,518637,532,1114985,17,8669,13,60604,20,56959,275,124667,41,74416,1,165,517,230123,833,3291103,46,1074580,9,85595,57,297559,14,189951,162,3011893,96,354643,11,173284,19,742331,290,3922692,109,2399778,79,640060,132,7218888,111,3629871,107,370533,97,208631,92,21367,312,9318445,249,3476217,166,689824,313,3678759,186,2456369,126,-982723,313,1473646,5,22769,4,125,0,0,16,125632,86,1497028,31,123130,564,3791218,2,10519,627,290992,20,46357,205,5164105,5,61880,0,0,7,38325,14,52970,868,787,504873,60,14693,237,106110,742,413456,2,62000,2,30785,38,780103,24,274336,1181,104504057,74,4226386,1157,101364895,1222,105651281,333,9908490,669,51460882,336,9180611,704,52188761,68,1653178,56,406537,9,25641,14,78545,218,3439269,81,339873,1,130,286,2358515,614,2853495,206,733643,1092,23292433,1188,87370020,1242,18353318,195,3781592,1288,14511966,12,520800,11,534032,686,19617746,693,19538544,493,225381,
Female,NSW,g. Retail Trade,15889,15616,829769504,12042,170060756,9482,14634102,547,594252,9481,15225489,10497,177764893,1169,4553813,9492,534296446,9130,128869202,2408,5784544,138,1559666,183,1672162,914,8169326,711,11462835,29,329778,52,1751927,11406,14045288,1481,1022608,2947,16914761,2915,6579074,15751,875625637,2082,4652337,879,742321,3650,899826,468,957115,6246,7356009,7123,14607608,238,101779,135,408401,253,542056,3533,2414997,521,923549,12,2499,5952,2502788,10439,38596849,506,11555140,126,1642699,724,4473067,183,1057624,1958,53233401,1257,7227850,119,1941456,115,1211957,4530,51974307,1273,25663057,998,7503915,1599,65061937,1201,35458509,1257,5420503,1163,2742367,1116,347527,3219,89202918,2674,41978356,1718,7032338,3210,37945860,1586,17810392,1647,-15564027,3235,2246365,102,446273,68,102630,8,34611,168,672351,896,15923117,451,1158333,6100,34788173,36,107255,7251,3158020,245,414704,2981,86498583,87,1348543,13,88538,81,448894,180,617148,10641,9489,5589869,807,201740,2974,1272566,8813,4519043,29,526730,22,432304,291,7871045,142,6839948,14254,1541994446,230,5750242,14393,1551823633,14588,1557653865,4687,167516755,8676,865154592,4854,170523786,9038,862147561,928,13088235,1161,9893703,100,310679,117,830313,3891,85446979,1191,8222558,16,71287,3372,19718544,6842,24203015,2476,4865434,13236,361271055,14569,1390069364,15172,165598224,2798,39236506,15691,126259283,243,10301393,142,8610614,7703,179370594,7859,186064912,5469,2221742,
Female,NSW,h. Accommodation and Food Services,4430,4330,181994446,3214,33246918,2171,2932714,115,162303,2173,3094719,2696,33771545,156,529969,2205,95233667,2098,21109418,621,1148389,18,306749,43,382031,333,3012134,203,3401349,1,6179,10,262944,3065,2523825,323,240664,614,2644550,606,1025749,4401,193337932,452,1032494,167,206772,1076,294390,108,183871,1190,1172172,1522,2889699,40,12737,17,7747,50,91840,661,359710,329,634956,3,1023,1243,590602,2526,7832081,93,2096517,17,235362,132,835657,46,546,375,7423194,190,531425,26,392258,22,438608,524,9528494,253,4613214,173,941590,316,12066449,262,7985301,180,397187,165,174217,164,39923,737,20763056,583,8185677,327,1301078,735,8510820,416,5425712,324,-2660231,741,2765481,20,52377,24,18274,0,0,20,323532,197,2999229,75,242922,2165,11602755,5,16633,2284,1049548,41,204517,546,13638418,38,440256,9,58534,15,54677,43,195176,2288,2042,1182935,207,52016,433,184153,2023,1050798,8,174281,6,84258,160,2003541,104,1445909,4105,525785724,57,2179475,4240,527313522,4288,529495083,748,6451548,2282,192160912,739,6034880,2295,192577580,312,4982680,941,7964860,18,69573,107,859456,1602,43055578,603,4074367,11,76765,1572,14554661,2501,10654476,1773,6824910,3811,181381891,4063,467055079,4354,63278418,324,6936301,4402,56294814,68,2027119,32,1737655,2689,72013868,2720,71955019,1871,868494,
Female,NSW,"i. Transport, Postal and Warehousing",8813,8774,365210503,6780,58453391,3962,4843332,165,179011,3962,5021563,5761,59488486,406,1402196,6176,257934844,5924,53124587,2129,2682640,53,400165,138,502665,759,6282331,361,5818680,5,87340,13,272646,5798,3344956,399,431254,791,3552072,784,1440964,8790,380413440,1515,3249177,703,728328,3440,1033156,371,771187,3971,3836988,4736,9618836,52,38637,43,84122,52,49598,1608,574828,121,152501,13,1710,3191,784428,5796,14272216,235,5273585,41,506203,256,886227,30,38968,375,9056682,250,1830909,79,805603,43,252219,477,3132195,305,6838544,248,2071728,406,18218789,418,17746264,264,634126,236,239877,226,55850,837,21221644,710,10350627,439,1816096,838,9272003,357,3865042,486,-4082124,843,-217082,56,170056,16,3313,4,32670,49,198208,177,2754912,122,185125,5160,7896632,9,23763,4959,2242459,155,118101,1174,31247541,47,444865,9,62335,47,513771,148,560703,3183,2607,1393543,399,64772,485,165048,2771,1293268,30,268791,47,477450,859,7030099,156,790394,7739,171926207,163,1391434,8577,179114263,8731,180516207,64,1127579,342,8429574,62,1053193,348,8503960,286,7101610,123,739634,5,4570,99,679848,318,3034466,225,1136195,3,5764,1263,9351294,4519,22579807,1042,2032471,6045,47614043,7125,102783662,8674,77513145,187,2010988,8699,75454958,47,1357396,22,704467,5974,68183986,5987,68542103,4152,881338,
Female,NSW,j. Information Media and Telecommunications,2714,2700,181695214,2294,38799910,1969,3326362,129,160874,1960,3474744,2100,40505941,328,1282951,1833,112349909,1792,30103614,489,1310029,35,263222,49,731674,164,1325030,79,1183386,8,54899,23,621595,2133,2958289,312,209093,580,3108678,574,1245001,2709,191047400,429,911789,294,347011,422,107887,102,160472,1295,2165751,1403,3692910,48,20802,21,19477,74,147790,880,689269,73,71020,5,9050,1266,665183,2081,9088979,55,1276302,16,271526,138,878589,16,76917,375,6310802,296,1259144,33,864976,14,18478,507,6430925,250,1778604,213,380069,312,3766726,228,6115983,372,3105358,333,1683153,319,346647,497,12171702,377,4804647,243,836029,497,5252952,275,3116924,225,-1838850,501,1278074,30,172654,11,8594,4,63784,46,46179,247,3471361,100,300806,1639,10065230,19,46598,1170,491753,60,103123,748,24502253,16,209537,1,7511,24,163954,52,189212,1890,1606,970642,175,45848,623,259466,1470,757024,14,356109,17,211054,236,3902648,20,707228,2306,76405351,36,394961,2487,81153771,2520,81582390,45,532264,209,2691278,51,528418,221,2695124,193,2782194,36,214292,8,39300,11,30431,341,1953372,44,122323,0,0,652,2415177,834,2441918,182,189011,2108,19516809,2256,32400813,2627,49199787,337,4792098,2693,44374031,13,127293,19,909185,1639,44297883,1652,43678169,1367,607448,
Female,NSW,k. Financial and Insurance Services,2864,2757,209548489,2259,56342832,1879,4074703,91,203450,1879,4276315,2046,59015875,117,481190,1662,122878494,1608,32060839,395,2812076,24,571529,34,531949,57,440851,86,1363554,4,112744,14,394408,2287,6413669,827,1473770,1367,20428288,1359,8514026,2855,232883261,323,814481,155,248839,528,136057,99,248997,1182,1747723,1315,3196097,80,31169,68,477293,155,782104,778,799808,113,250580,5,757,1323,939419,2153,12809965,105,2637560,28,368690,270,2534096,42,-411378,673,26813916,415,6042124,18,308950,16,266753,630,28263927,425,11647837,351,3161302,618,29428418,595,57344839,556,2287662,529,1304184,468,245219,1193,46878988,1009,22523307,759,4673306,1192,20538754,602,7661755,590,-8518214,1193,-856459,31,371794,25,34777,2,26742,48,238842,273,5779775,167,545429,1176,9724876,8,23475,1116,479702,44,120688,243,6559541,6,77165,0,0,5,20706,11,48321,2325,2097,1439684,140,41685,868,438418,1762,1042950,3,50819,3,86341,29,1352825,6,56670,2488,1965332103,17,724126,2507,1966135594,2519,1966857218,974,171681141,1124,1869958655,929,159788673,1276,1881851123,167,3467940,43,317294,4,26166,14,102032,135,1384505,306,3215740,6,77024,449,2529788,612,2772644,106,204574,1874,49040314,2527,1944060828,2670,22515672,470,25489459,2817,-3025974,32,1278387,46,2514764,1180,40215092,1225,40989022,972,506518,
Female,NSW,"l. Rental, Hiring and Real Estate Services",3288,3247,237047689,2725,59606472,2173,4330008,120,184363,2174,4513522,2393,61957842,124,532040,1704,100530942,1618,25105581,442,2457617,18,252420,35,534748,91,693060,153,2545215,7,145486,15,426149,2485,7971003,511,433570,948,9933651,944,3827531,3275,251349357,423,1251827,159,196812,622,148610,95,281486,1142,1439050,1286,3317785,85,48994,57,641577,81,271854,734,574006,175,321747,1,264,1354,921057,2259,12575221,77,1672243,20,269946,171,1610499,75,-1330666,560,21902965,304,3558937,12,466807,22,637165,424,7854669,345,30670794,290,12052320,468,68417179,489,35045069,288,1198035,252,765480,240,93564,1282,58276648,1008,25367608,760,5007873,1280,25342327,649,12142632,640,-9583793,1290,2558839,21,196945,26,45806,0,0,27,182490,267,6173767,99,302281,1861,13189725,9,15418,1503,664895,48,225582,301,7563021,7,41267,1,5531,11,71912,9,38711,2495,2258,1612965,215,59025,828,460244,1981,1211746,3,46380,4,17898,62,932630,19,644191,3030,153363404,67,1418209,3060,153586294,3107,155004503,55,3601345,210,10061153,57,3058805,233,10603693,217,3697733,63,439423,8,13702,26,196309,228,3950537,390,9907253,13,237405,1082,11345593,1399,6999178,611,3288321,2442,42475870,2782,93155017,3171,61898281,282,5910773,3220,55987508,46,2119553,57,4321827,1962,58300337,1996,60345623,1545,766638,
Female,NSW,"m. Professional, Scientific and Technical Services",34433,34263,2655474146,30192,636697591,25568,49119723,1467,1674834,25565,50778967,27744,663105920,3115,12444829,20565,1249014947,19838,326161561,3963,10576738,478,6236791,647,16949640,1115,8524652,912,13408618,75,1234407,221,9568845,26405,46308764,4501,3915460,8462,54619257,8388,22088045,34360,2816394347,4597,9858107,2429,2755019,5380,1242706,1114,2895807,13738,18927088,15205,35678727,582,219600,462,1584352,950,2481348,10320,9381235,1424,2444671,28,42529,13553,7132454,25574,154516385,958,22962755,265,4445493,1998,14334558,430,-5362704,5601,145186771,3907,23259548,338,9883872,128,2610727,4139,41351189,3540,95902434,3102,33476553,4560,208725099,3489,101272166,4264,20623489,3947,10055857,3732,2022856,8305,239697265,6770,110470903,4598,19170152,8313,106401105,4279,47023080,4059,-43367405,8348,3655675,223,1969293,206,247829,28,439274,484,9336035,5106,84191896,1622,11205298,23441,248054780,165,550316,15629,6621614,822,1996505,6609,198514499,177,2435976,14,131442,163,936954,383,1423503,26040,22708,14445064,2234,687894,9371,4482214,19796,10650744,50,642602,67,2838823,1128,24019575,150,3692268,31684,1717629338,289,5882697,32564,1743004106,32793,1748911655,416,10403126,2906,57437338,436,9563904,2962,58276560,2322,38216561,1251,9414961,221,960469,166,924298,4260,47793248,1609,6756759,22,207854,8630,38856323,14747,50671261,2726,4419290,28513,414901699,29856,671402746,33651,1072472817,2821,33277407,34166,1039291668,352,10528215,305,16750884,23940,966887112,24098,946326370,20289,10982325,
Female,NSW,n. Administrative and Support Services,21353,21299,844090857,16798,125832146,9981,11469294,394,411639,9974,11878092,13551,124005372,663,2201139,10757,366393850,10056,73836696,3127,4363363,119,1069701,191,1350700,1665,15110934,1032,16116790,26,427726,38,776604,13968,12007584,1450,768633,2643,10412029,2622,4270336,21326,878275911,1976,4094110,983,973849,4908,1319655,437,928737,5743,4915807,7328,12232158,149,64777,83,219105,225,272797,3732,1420018,442,742253,17,2616,7009,2269163,12218,32433280,403,8869157,45,454177,548,2744256,98,396647,1480,29198238,877,3804852,182,2658090,61,418670,1039,7560044,932,11725418,719,2683209,1139,27805691,914,21313975,960,2703509,859,1014336,803,212441,2654,61951048,2091,26027918,1269,3979758,2654,25688925,1486,15149010,1180,-8894108,2668,6254902,85,507298,49,55029,5,109230,152,638464,1100,14389106,345,802063,12524,44546439,29,67884,13087,6445107,222,496555,2321,57043181,134,1438290,19,148482,98,570560,131,493754,9681,8455,4824544,869,175658,1892,787030,8395,4213172,53,579696,48,888918,1183,19331232,169,2347694,19749,684080404,267,4633260,20826,702605591,21060,707279330,188,4544063,2613,55787929,186,3437923,2637,56894069,1358,38386690,648,3639848,75,181457,83,391574,1634,9056557,505,1087267,14,16502,3527,18379605,10617,40647071,1794,2027433,16482,149869019,17602,320606348,21142,386224007,636,5411512,21222,380757978,183,3955884,102,4325389,16154,341681341,16205,340862949,11121,4308688,
Female,NSW,o. Public Administration and Safety,884,883,50850250,778,9906059,565,823027,50,67973,564,889831,688,10075655,55,201058,576,24053139,551,5400572,278,588881,1,172,10,223320,87,637150,46,580154,4,177804,5,539396,635,688052,77,32285,139,435225,139,182891,884,53458767,160,477664,54,48227,285,76764,24,90562,355,362172,428,1055389,14,3937,7,18855,8,23115,194,81051,25,38250,1,159,393,124704,614,2539980,56,1463267,11,192107,26,141815,3,11912,70,1332197,54,181040,6,86545,0,0,39,266974,52,1223152,46,346265,60,2420098,34,2133623,61,231572,53,31156,58,21583,131,3215105,102,1254233,62,194958,131,1384071,77,708391,54,-326548,131,381843,5,15375,2,1251,2,905,5,317,81,1156348,17,38172,650,3779972,9,57741,493,214859,15,67146,119,2310003,5,101259,2,25905,11,56301,4,13179,455,400,231945,38,9451,119,46586,380,194810,2,22127,1,10809,26,434945,5,68465,844,35122975,2,115953,869,35543368,870,35659321,6,527134,46,1714192,4,50313,47,2191013,23,925245,21,153017,3,1702,3,4889,64,493333,14,34607,0,0,168,989352,500,2280810,63,95333,741,6541565,781,13711566,876,21767929,24,150600,878,21617329,4,42535,5,303781,671,18812671,676,18664100,546,278742,
Female,NSW,p. Education and Training,12384,12334,676219658,10171,131533777,8099,11749145,400,484595,8092,12223544,8926,136154485,1127,3976905,7941,384331718,7466,92983169,1927,3744569,87,1271853,109,1486511,863,6562650,457,7035997,28,622159,68,1946200,9504,13229821,1438,721496,2573,12971247,2554,5268969,12363,713759822,1587,2993505,910,1076963,2542,679889,580,1248833,5064,6702056,5689,12701246,224,67207,109,161673,238,526238,3471,2634307,238,282939,5,744,5301,2225739,8808,35860089,433,9859063,99,1884207,640,4118143,104,-1013657,1782,35649371,1292,5754624,104,788651,26,229609,1311,12535162,1067,22040163,855,7561415,1345,49048501,929,20943934,1398,5982721,1282,3064924,1207,652294,2357,58295481,1779,23825353,1208,4168274,2349,25207688,1335,13864497,1027,-8770331,2368,5094166,91,312162,50,33281,6,41828,173,849517,1063,16120845,351,1063877,7678,31164511,51,169449,6364,2859083,149,308805,3463,96492719,99,1482983,4,18820,50,494302,218,811026,8636,7149,4640672,637,211974,2304,1010040,6656,3842605,26,296406,167,701465,594,6852604,89,2055230,11219,373552353,141,3062233,11850,380517540,11979,383614123,126,1732252,868,11149515,122,1895064,883,10986703,710,14041807,400,2699478,37,60150,52,575140,1917,18546826,293,1247514,7,39515,2776,9687726,5141,16187987,1147,2149171,9839,107069994,10415,183319054,12171,199853060,905,9412536,12311,190451099,124,3040867,89,3869086,8297,178847135,8333,178548624,6396,2584527,
Female,NSW,q. Health Care and Social Assistance,42601,42466,3925709064,38133,1043042157,31714,72893865,1752,2341277,31721,75225868,34995,1084211757,4866,25439131,22598,1288521622,21527,348243478,7702,17037310,210,2222444,466,2385611,2233,17577494,1360,20392654,47,604149,120,3173704,31966,51396721,4651,4448204,8439,67148066,8378,27379163,42544,4163205980,5188,11793087,2159,3101637,8731,2246147,1707,5714237,13725,23364156,15971,46219264,667,275830,387,2584747,837,2741332,11241,13240981,2308,3429264,28,37974,15877,8371367,30584,231977577,4818,102452297,192,3440418,1882,14229370,396,-4689877,5769,147833219,3968,18040722,238,6461771,112,3338035,3056,29860377,3671,78044845,3334,26542820,4538,179922507,3141,100926980,4366,19957293,4004,10669857,3848,2100347,9399,284216612,7684,137297300,5285,23292070,9415,126996620,4748,54491748,4710,-57861129,9465,-3369381,322,2895174,316,370546,19,326157,500,5206551,7628,129488986,3622,25455476,32115,644898724,82,258778,18957,8305418,557,1154397,9976,361178565,317,3927226,17,136223,329,2041227,863,3567955,29460,25150,15595393,2280,663840,11506,6052962,20209,10206271,50,1799323,88,4194316,1059,30099786,324,10653081,40507,4057211416,260,11318207,41510,4092134158,41717,4103655042,571,8654537,3674,91343615,584,8905194,3734,91092958,2591,117523059,1967,17895442,171,336478,193,2658094,9026,163114146,2247,14164734,45,174947,11483,69215067,22811,92438800,4974,10042800,38014,1132804301,39324,1711725612,42092,2388319793,2002,22960443,42379,2365548444,330,9820418,391,32889800,32721,2166105919,32847,2101571439,28406,18737074,
Female,NSW,r. Arts and Recreation Services,17455,17339,1052634668,14408,221319937,11897,18858425,708,899901,11874,19728228,12909,228711099,2083,7252928,11483,595024153,10949,146599812,2840,6464758,135,1256236,234,1918172,1189,9370554,644,10357157,39,765469,103,2757292,13697,20610467,1840,2346218,3356,29766401,3326,12272208,17418,1111335978,2381,4457669,1425,1903820,3464,909239,672,1332263,7227,11605328,8220,20208319,263,86552,136,311244,431,854845,5013,7225039,501,993019,3,730,7796,4075119,12766,55380118,457,10552275,127,1791098,867,5541233,148,-777212,2513,86143639,1753,16290671,261,3309966,89,4088530,3284,44362555,1474,28241770,1215,8023166,1856,65453230,1207,37108246,2067,22856944,1872,15680782,1784,2816572,2688,67952356,1896,23345479,1292,4125213,2678,28920093,1668,19610090,1028,-8048519,2702,11561571,128,1246562,67,75344,6,84956,286,1396849,1293,19731257,468,1830132,9640,45236062,79,261811,8666,3817824,280,718709,5419,159468657,169,2815559,11,67321,166,1655060,402,1486077,11649,9869,6005498,844,259056,3191,1411938,9130,4852616,57,387206,111,3996757,1066,11177822,142,2197176,15567,567589365,214,6498120,16315,580270060,16502,586764610,523,8079275,2172,27912363,550,8673863,2243,27317775,1740,27611628,449,2289619,46,301860,59,404476,3268,34811534,462,1241920,9,15284,4014,17742281,7230,23479824,1533,2874461,14403,195374786,15358,333710879,17017,251600723,2287,37288525,17319,214289059,191,5698168,140,8959098,10447,247392476,10541,252860418,8255,3441518,
Female,NSW,s. Other Services,25019,24839,1114483752,20256,185171176,14840,17903173,725,785718,14850,18686469,17163,186584560,1248,4105718,11375,452264085,10748,100272336,3042,4932124,112,1286662,205,1506242,1677,14581928,1246,20061596,30,558889,61,1577743,17759,15225085,1727,693438,3203,14447017,3173,5600671,24936,1163406742,2318,4908147,876,903468,4643,1157768,506,1075575,6204,6450365,7629,14495323,248,69322,159,270401,246,469713,4214,2264674,898,1367704,27,5280,8266,3078038,14354,43982930,530,11803447,94,1476999,688,3843904,168,-348298,1980,43283625,1172,5876993,147,2598474,84,651421,2811,25999315,1190,23169913,949,6157145,1462,52627115,1250,26997791,1213,2844976,1100,1036860,1036,193086,3666,84636952,2999,38159332,1788,5821273,3657,35032189,1970,19070833,1709,-13446675,3683,5624158,118,598515,105,110899,4,53371,163,927128,1898,20387290,519,1541471,14665,73749588,47,146653,14904,7051220,263,904866,3970,94892166,125,1389200,186,1553438,277,2526948,208,797327,14952,13284,7558835,1230,283482,3112,1225688,13051,6616629,26,435406,27,333969,588,11363433,360,6131936,23697,1333942658,269,5727483,24091,1346481079,24336,1352226477,2390,15149053,8063,135354892,2434,15240712,8151,135263233,1214,21176100,2111,14832118,74,109801,183,1320378,7401,117223863,1798,5341345,35,133904,6822,37933089,13485,45670071,4983,8384283,22381,424089262,23382,811513500,24710,540123045,1801,19576501,24874,520445071,247,6865668,130,7254429,17889,500889457,17973,497875598,13344,6665863,
Female,NSW,z. Other,767,755,74675168,619,24518343,496,1505858,37,80797,496,1586655,548,25408490,43,233710,460,33428836,443,9190713,123,461531,7,64186,9,163761,38,325831,42,608824,0,0,4,85140,540,2205291,112,90362,195,4419427,194,1806949,763,78804519,119,255049,59,101805,198,61943,35,77279,316,529131,360,1025207,16,5350,10,17930,10,35375,185,367163,48,130181,0,0,287,202571,531,3222477,35,814063,8,125479,45,333463,17,274414,103,4829522,58,509579,7,312033,50,30298246,288,5633339,73,3329406,60,790301,94,7716991,74,2891041,65,495480,61,191189,55,37720,204,7284956,153,3159098,106,577869,203,3330437,117,1542187,87,-1324638,204,217549,9,118521,6,52594,0,0,16,67945,48,1011793,43,410262,248,11492682,2,6477,279,115860,20,255770,107,2425553,5,35661,2,9545,6,53465,6,28430,519,444,294828,41,20592,166,97789,380,217631,4,127897,1,54640,29,658337,22,783876,416,459545235,45,39700474,411,421306976,446,460537885,101,33285740,184,300476951,101,31372253,185,302390438,53,17927561,70,1886664,11,23371,11,394714,107,5435697,63,2112779,1,3952,236,7857483,253,2469665,140,3377055,486,94052566,596,437951868,665,20735171,189,32708985,762,-11732570,10,133842,7,767443,257,29871447,267,29488098,216,140190,
Female,NT,"a. Agriculture, Forestry and Fishing",63,61,1100953,42,564186,30,46996,1,2395,30,49391,35,542944,2,9710,31,1411743,30,322907,6,13218,0,0,0,0,4,27420,1,23866,0,0,1,51286,49,59814,4,110,7,9705,7,4156,63,1473460,7,14810,0,0,12,5244,0,0,13,19242,16,39296,0,0,0,0,1,48,11,38601,7,4235,0,0,14,8015,33,146009,0,0,1,4035,2,3440,6,521755,7,166766,4,8477,0,0,2,26683,2,17152,1,1468,0,0,3,336841,3,34509,3,872,3,872,3,45,5,102456,3,13892,2,3308,5,46153,5,39103,0,0,5,39103,1,2176,2,92,0,0,0,0,3,53970,2,1844,27,139320,0,0,26,11507,0,0,3,116230,0,0,0,0,0,0,0,0,34,29,17386,2,449,7,2506,28,15329,0,0,0,0,0,0,2,43583,63,5673276,44,5039984,23,676875,63,5716859,18,2878406,9,302158,14,2432455,20,748109,2,70000,4,38352,0,0,4,58181,0,0,14,541606,0,0,29,704187,37,243737,33,229175,54,3932811,58,6566158,62,-848947,5,90599,61,-939546,3,309413,1,93029,39,1025195,41,1311826,26,14872,
Female,NT,c. Manufacturing,102,102,6576562,82,1464406,68,118552,5,5017,68,123569,76,1479687,9,46079,68,3933487,68,967360,14,15541,0,0,0,0,2,24648,4,57092,0,0,2,95688,75,53516,4,2329,7,109419,7,38558,102,6842395,21,35920,5,1775,42,11350,4,2805,46,88206,56,140056,0,0,2,240,1,54,25,3982,1,246,0,0,43,17993,77,265252,9,248917,1,24229,5,36002,2,193733,10,932604,6,255939,0,0,1,10721,24,186394,6,66971,6,18804,7,176069,5,47387,7,21048,6,14354,5,993,12,132302,11,46109,8,10945,12,75107,8,28545,4,-28404,12,141,0,0,1,2,0,0,1,7233,6,97554,1,5127,49,239062,2,9387,45,18329,0,0,19,284559,2,31998,0,0,0,0,1,3648,69,62,29363,5,878,14,5304,58,24937,1,2170,0,0,5,31011,0,0,96,4242782,1,2170,101,4273793,102,4275963,17,134598,51,1132394,19,147766,50,1119226,5,58054,7,46421,0,0,2,3596,25,225939,7,9501,0,0,35,133068,52,134384,26,44264,85,1340738,96,3115191,102,1158478,7,58514,102,1099964,2,212765,0,0,59,1326598,61,1469775,46,17212,
Female,NT,e. Construction,31,31,1941809,24,410130,18,31089,3,3879,18,34967,23,416526,2,11558,14,793813,14,189749,3,8082,0,0,2,638,0,0,0,0,0,0,0,0,24,4682,1,189,4,18186,4,6299,31,2040112,4,10674,0,0,10,2198,0,0,9,7192,11,20064,1,335,0,0,0,0,5,962,3,6494,0,0,11,3686,22,98141,0,0,0,0,1,3900,0,0,1,1070,0,0,0,0,0,0,3,21985,1,36500,1,3262,1,36500,1,3271,0,0,0,0,0,0,8,238288,7,76712,5,18307,8,114886,5,50047,3,-21664,8,28383,0,0,0,0,0,0,0,0,5,59400,1,7200,20,242681,0,0,12,5936,2,16,5,129772,1,72886,0,0,0,0,0,0,17,14,6797,1,93,9,2892,11,3998,0,0,0,0,1,37775,1,2759,30,2996019,0,0,31,3036553,31,3036553,1,10000,9,365133,1,12150,9,362983,5,161558,4,22435,1,7118,0,0,4,42683,2,4636,1,2666,16,202083,22,140679,7,19915,30,917594,30,1884350,31,1146566,3,26281,31,1120285,0,0,0,0,27,1148557,27,1106181,20,11847,
Female,NT,f. Wholesale Trade,12,12,706798,8,165178,6,12151,0,0,6,12151,7,130016,0,0,3,44132,3,4211,1,213,0,0,0,0,1,642,0,0,0,0,0,0,10,7046,0,0,0,0,0,0,12,707136,0,0,0,0,1,246,0,0,0,0,1,246,0,0,0,0,0,0,1,92,0,0,0,0,0,0,2,338,0,0,0,0,0,0,0,0,1,72125,0,0,0,0,0,0,0,0,1,50413,1,13707,1,201651,0,0,0,0,0,0,0,0,3,53479,3,24552,2,5985,3,30590,1,2936,2,-10584,3,-7648,0,0,0,0,0,0,0,0,0,0,0,0,7,99597,0,0,4,2669,0,0,0,0,0,0,0,0,0,0,0,0,2,2,930,0,0,1,212,2,718,0,0,0,0,1,38000,0,0,11,3323408,5,2653955,7,707453,12,3361408,2,11500,2,526861,2,9000,3,529361,1,104609,0,0,0,0,1,1364,0,0,1,30524,0,0,4,64890,7,72326,2,20624,10,1999237,10,2822935,12,540213,0,0,12,540213,1,72125,0,0,11,502213,11,574338,6,5469,
Female,NT,g. Retail Trade,284,278,16183708,227,3197935,193,291546,9,9524,193,301070,203,3268876,15,49352,190,11406364,185,2760317,37,128104,3,7039,1,6367,7,84276,7,97460,0,0,3,137990,202,158592,13,8287,47,226865,46,94024,281,16833965,48,70422,18,12783,107,25600,13,20417,124,135920,150,265142,11,7197,1,120,3,1866,74,32238,6,6174,0,0,122,59740,196,602918,27,641882,4,135353,18,160211,3,-1267,28,539547,22,117916,0,0,3,6924,87,680540,15,48316,11,5131,21,672022,32,445432,12,1621,12,1485,13,331,58,1258208,50,524515,36,113849,57,596904,29,217057,29,-194117,58,22940,1,1416,3,869,0,0,0,0,14,214675,7,15766,122,745336,2,8601,116,45435,3,11992,40,641074,1,1433,0,0,1,12192,3,7249,195,178,85970,11,2051,68,19223,178,68798,0,0,0,0,7,61230,2,5797,269,20942196,8,198121,268,20811102,274,21009223,86,2040765,154,8868290,87,2225215,161,8683840,15,155133,20,148519,2,13850,0,0,85,1340870,22,36979,1,7500,83,580879,138,447500,62,131594,241,5814101,268,17360765,279,3491688,45,409371,283,3082317,4,57579,1,27412,152,4161643,152,3983366,108,48900,
Female,NT,h. Accommodation and Food Services,149,146,7530200,129,1364772,94,125599,8,9661,94,135260,109,1357215,10,33130,87,4616968,83,1073970,26,30627,0,0,2,6055,6,46387,3,61925,0,0,2,39473,96,47344,4,189,13,15594,13,6175,149,8182392,22,65315,8,9282,57,13207,5,5524,44,40552,70,133880,1,33,1,23767,1,55,30,7527,10,8205,0,0,43,18526,98,317646,6,157140,0,0,9,35121,1,-7489,12,249037,4,1065,0,0,1,674,17,104684,10,332073,6,36536,11,697435,6,127213,2,1743,1,73,2,9,27,501664,21,251584,12,31422,27,234698,12,76677,15,-92717,27,-16040,2,5117,1,13,1,11776,0,0,7,125600,1,53,84,471609,1,1931,82,39313,1,35,19,311295,0,0,0,0,0,0,1,13377,79,70,31122,8,1488,19,4758,72,27852,0,0,0,0,6,280129,2,18662,143,20528164,3,25998,147,20800957,149,20826955,32,156431,84,7268702,27,141824,85,7283309,14,247313,35,380109,4,9065,4,29564,68,1546515,18,97096,0,0,61,614622,101,453038,73,293924,134,7233044,144,18187599,148,2678088,4,48021,148,2630067,4,55469,2,118417,100,3083094,101,3071612,79,40235,
Female,NT,"i. Transport, Postal and Warehousing",127,127,5857663,104,960159,54,63220,1,1461,54,64681,99,952001,3,22654,111,5302782,109,1067229,47,20319,0,0,6,718,3,27078,1,25255,0,0,0,0,89,24907,3,287,6,637,6,273,127,6054784,38,61936,10,4340,80,22090,6,30547,71,55813,90,174726,0,0,1,42,1,229,30,7514,3,2816,0,0,50,8772,97,194602,8,162445,0,0,1,2118,0,0,2,-21548,1,0,0,0,0,0,7,62842,0,0,0,0,0,0,3,9405,1,2284,0,0,1,0,4,62950,4,30918,1,472,4,18072,3,14194,1,-706,4,13488,1,4973,0,0,0,0,1,750,0,0,1,503,91,80179,0,0,73,30276,3,10,7,124014,0,0,0,0,0,0,1,2435,38,23,9085,12,775,5,1280,31,8580,0,0,1,3036,18,163982,0,0,108,1811901,1,34,126,1978885,127,1978919,1,54099,1,7000,0,0,2,61099,6,141104,0,0,0,0,1,200,4,58429,1,2573,0,0,15,168598,76,379676,22,81151,83,491052,101,1383882,127,594472,2,4733,127,589739,1,4319,0,0,93,645739,93,648393,71,9752,
Female,NT,j. Information Media and Telecommunications,10,10,610105,9,106205,9,11850,0,0,9,11850,9,111487,4,9702,9,564267,9,155565,5,4660,0,0,0,0,2,11093,0,0,0,0,0,0,7,1186,1,1,2,89,2,37,10,650658,4,5772,2,4070,5,1441,1,85,6,13905,7,25273,0,0,0,0,1,43,1,63,0,0,0,0,5,3344,7,40553,3,90508,0,0,0,0,0,0,2,10804,2,8297,0,0,0,0,3,5550,2,35,2,5,2,62,0,0,2,85,2,85,1,12,2,35768,1,7101,0,0,2,11431,2,17236,0,0,2,17236,0,0,0,0,0,0,1,3,1,10000,2,1830,6,4318,0,0,6,2175,0,0,6,152123,0,0,0,0,0,0,0,0,8,8,3023,0,0,3,678,6,2345,0,0,0,0,0,0,0,0,10,105996,0,0,10,105996,10,105996,0,0,0,0,0,0,0,0,2,5135,0,0,0,0,0,0,1,1755,0,0,0,0,4,13804,4,9840,0,0,8,23730,8,54264,10,40092,2,4480,10,35612,0,0,0,0,6,39579,6,39579,5,652,
Female,NT,k. Financial and Insurance Services,21,21,1371947,19,284060,16,23288,1,1371,16,24659,16,289107,0,0,16,964783,15,211661,1,634,1,2050,1,1153,1,7902,0,0,0,0,1,28281,18,7320,0,0,4,1140,4,488,21,1540106,2,5461,1,4000,8,1350,2,7195,13,14211,14,32217,3,1753,0,0,0,0,8,5975,1,74,0,0,14,8342,19,168159,4,96464,0,0,1,12920,0,0,7,6174,1,82,1,6864,2,1376,7,324278,4,154971,3,16425,4,469013,3,283073,2,224,2,224,2,31,8,172288,6,91425,4,24052,8,88751,3,10080,5,-42020,8,-31940,0,0,0,0,1,8524,0,0,3,103278,1,16520,7,95969,1,2828,8,4559,0,0,1,32445,0,0,0,0,0,0,0,0,16,15,8871,1,2,5,2071,15,6802,0,0,0,0,0,0,0,0,15,2207657,0,0,15,2207657,15,2207657,9,209788,9,1601998,7,125198,11,1686588,0,0,0,0,0,0,0,0,2,7270,4,11235,0,0,5,73798,2,10573,2,1240,11,47556,17,1838260,18,369397,4,313513,21,55884,2,18692,0,0,9,351701,9,360254,5,2760,
Female,NT,"l. Rental, Hiring and Real Estate Services",64,63,4185836,53,921471,48,82622,2,1211,48,83833,50,956536,4,8046,41,2416278,37,549960,11,107944,0,0,1,1384,2,19333,1,3760,0,0,0,0,46,65105,7,4097,17,199721,17,69829,64,4378375,12,26698,8,2922,24,5786,4,1540,27,34363,35,71309,1,196,2,4392,0,0,15,6365,6,11546,0,0,23,10597,49,179641,5,91624,1,2307,6,72327,1,14961,9,81195,3,2320,0,0,0,0,8,60998,5,8302,4,339,7,32352,7,128995,6,4672,5,2287,3,335,28,586881,21,222451,18,55842,28,302743,13,68322,15,-62477,28,5845,1,4112,1,57,0,0,0,0,6,60332,3,14904,38,286403,0,0,17,7207,1,35,8,252954,0,0,0,0,0,0,0,0,49,42,21001,5,1605,22,8496,38,14110,0,0,0,0,2,39762,0,0,62,3172556,1,30120,63,3182198,64,3212318,3,21026,12,315624,3,21208,12,315442,2,60685,4,9130,1,802,0,0,7,122257,14,168480,0,0,32,256056,24,127899,14,58833,45,786664,58,1906248,63,1321567,5,10794,63,1310773,2,21362,1,146983,40,1254427,42,1393729,32,17091,
Female,NT,"m. Professional, Scientific and Technical Services",634,631,50272368,570,11527529,503,933664,26,33843,503,967505,525,11861317,66,287656,435,28565172,427,7573562,94,212307,10,140511,11,800544,21,163211,29,387136,2,27735,7,460138,483,426344,49,33139,108,492005,105,189369,632,52982391,135,222352,36,61960,192,41772,39,128979,263,359421,314,814484,20,9199,4,1667,16,35355,196,99704,33,79605,0,0,252,106816,502,2638946,42,967686,15,358138,52,283691,3,9592,84,1104730,60,196324,1,6200,2,11,94,735572,66,1175990,56,333113,87,2540249,75,1678650,62,39023,60,37035,58,5181,195,4612848,164,1894779,105,398056,196,2343683,100,775133,97,-798803,197,-23670,2,3043,2,1314,0,0,9,14266,104,1422139,29,69977,431,3936396,5,31016,232,86873,19,49645,120,3090769,3,23835,1,3697,3,23480,5,21831,501,432,203308,66,16804,183,56876,400,163236,2,22891,1,17113,22,249293,6,49908,582,32571682,7,66426,602,32844461,608,32910887,13,334474,65,1353320,11,235015,65,1452779,53,656505,44,177626,6,18165,2,1967,71,918572,46,140401,2,5269,225,1174628,327,1134146,90,100873,535,8716744,568,14497675,625,18344070,51,538929,632,17805141,3,70182,5,208963,442,16868277,445,16183617,379,217966,
Female,NT,n. Administrative and Support Services,601,601,27796584,493,4562754,336,405530,20,27512,336,433041,420,4445184,22,82885,383,16377459,372,3469950,127,148988,3,3124,9,8321,18,179579,18,275065,0,0,2,51218,392,226945,15,3091,46,86289,46,34980,601,29107172,111,195802,32,39841,264,70014,33,71182,226,179919,309,556758,10,2794,4,1212,2,2776,126,59975,20,69229,2,820,241,81501,428,1296629,29,525545,1,26815,16,73322,0,0,21,637999,11,35848,1,2529,2,2,21,146236,21,691338,20,127462,24,1488609,20,587154,12,11838,12,-10959,8,1541,79,1511701,68,602571,43,156458,79,774106,40,235767,40,-257201,80,-21434,2,1384,1,2,0,0,0,0,27,506171,11,15393,396,1410280,2,3013,339,157268,9,29201,44,906469,5,51566,3,18402,0,0,5,16886,276,234,105813,41,7236,73,18900,246,94149,2,32862,5,93104,42,784971,4,46677,552,19784243,9,66012,592,20675845,601,20741857,6,14762,66,1650146,6,19925,67,1644983,47,1216017,26,154993,4,11884,4,6934,30,301075,27,86830,0,0,111,960735,345,1328106,70,129460,467,4718924,513,10559941,599,10233444,10,102240,597,10131204,3,58232,3,669642,477,9552578,479,9698577,353,137486,
Female,NT,o. Public Administration and Safety,8,8,491095,8,89830,5,6533,0,0,5,6533,7,87884,0,0,8,250656,8,53980,5,5830,0,0,1,1631,1,4178,0,0,0,0,0,0,6,11271,1,33,1,86,1,37,8,537665,1,635,0,0,7,2114,1,290,6,4734,8,7773,0,0,0,0,0,0,1,5,1,621,0,0,5,840,8,46570,3,63044,0,0,1,700,0,0,1,13,1,5,0,0,0,0,0,0,0,0,0,0,0,0,1,9178,1,17,1,17,0,0,0,0,0,0,0,0,0,0,0,0,0,0,0,0,0,0,0,0,0,0,0,0,3,37331,0,0,7,50111,0,0,4,2292,1,41,1,6252,1,4267,0,0,0,0,0,0,3,3,1672,1,2,1,2,3,1672,0,0,0,0,0,0,0,0,8,439002,0,0,8,439002,8,439002,0,0,0,0,0,0,0,0,1,17727,1,4553,0,0,0,0,1,16545,1,832,0,0,0,0,5,17082,1,150,6,124413,7,181302,8,263913,0,0,8,263913,0,0,0,0,8,263913,8,260410,8,4242,
Female,NT,p. Education and Training,209,208,13356449,186,2727084,147,234310,11,13427,147,247730,161,2799248,17,64350,166,10295455,160,2740922,38,81799,3,58254,0,0,8,76638,13,239309,0,0,3,118450,161,104688,12,2328,27,162188,27,61260,209,14004399,55,74114,20,22040,84,23355,22,79593,122,148168,145,347270,7,2291,0,0,3,893,69,31860,1,245,1,88,113,41460,179,629015,19,449179,4,41766,16,119145,1,5892,16,93286,13,15683,1,187,1,10014,32,140934,12,122219,12,27342,14,253550,12,494328,15,67534,14,3499,13,833,55,1110290,45,433561,31,117685,55,542894,29,196996,26,-180846,55,16150,3,7573,0,0,0,0,1,39356,13,175465,10,29443,124,431736,2,7753,96,40158,1,1081,46,846741,2,24426,0,0,1,8040,2,4859,140,122,64239,22,4291,29,9992,121,58538,2,13700,0,0,14,100142,5,46804,195,5409590,4,12445,205,5557791,209,5570236,3,47509,22,139658,5,54172,22,132995,17,236339,5,31084,1,3846,3,11033,20,279641,7,31144,0,0,44,350919,90,265601,27,62301,170,1710717,177,3115620,208,2422171,17,101276,207,2320895,1,1000,0,0,134,2505643,135,2391773,105,39392,
Female,NT,q. Health Care and Social Assistance,706,702,66640420,645,17160582,565,1252496,44,65646,565,1318142,600,17711675,83,485868,455,33803210,441,10272915,150,520890,8,133199,8,19431,24,168231,15,181544,2,20871,5,157347,538,523390,49,34272,91,233584,89,99605,702,70656678,111,233683,62,96376,223,56279,59,215559,303,814429,352,1416326,21,3846,2,841,22,45719,213,318132,33,88000,0,0,306,134273,554,3942486,129,2967121,9,100078,45,224367,2,13756,87,956040,63,72063,3,60304,0,0,66,420715,46,482499,43,94998,69,1108048,64,1075118,76,216447,68,69305,66,37717,173,3996965,147,1775333,91,385847,174,1864817,97,677578,77,-706610,174,-29032,8,70119,4,1843,2,38900,16,243496,112,1669860,57,265489,532,8248471,2,4720,279,107972,16,20391,134,3923964,2,18160,0,0,2,7607,25,88024,512,441,197612,51,10714,205,63878,376,144448,1,780,3,13220,23,703999,12,111855,667,61159552,5,117554,690,61871852,694,61989406,13,56509,64,988141,11,38957,67,1005693,49,1957186,50,464858,3,4477,2,7869,138,1842349,60,328661,3,2214,236,1925073,384,1853830,129,368035,622,19795798,647,29556043,695,32409871,29,211109,698,32198762,8,359886,2,100017,521,28592065,522,28017439,459,305088,
Female,NT,r. Arts and Recreation Services,403,400,23290092,346,4422925,300,427485,16,15366,300,442851,316,4550428,71,244199,295,16697216,287,4135045,92,199438,2,87952,5,6298,22,166461,13,201211,0,0,5,119845,314,239021,24,7731,63,309316,62,131850,402,24496460,90,152415,41,46201,151,34409,24,33918,207,259850,238,526793,10,2270,4,1281,10,16449,126,97733,10,5508,0,0,193,79532,320,1117996,30,705669,2,55399,28,152678,1,-1431,53,906154,32,32538,3,15509,4,9567,76,686118,26,328073,17,85148,36,769599,27,597469,34,114086,31,89374,30,5688,84,2010247,56,671419,43,132307,84,1199613,52,319005,32,-312097,84,6908,2,6862,1,9679,0,0,3,18766,28,310060,12,77508,242,769926,3,10407,198,84326,3,3923,139,3444266,5,130969,0,0,1,10570,11,43668,251,221,92478,18,5637,80,22377,211,75738,3,5249,2,274167,18,148722,20,241053,372,11007849,7,42300,391,11634740,396,11677040,26,346239,70,607715,27,392442,72,561512,45,575167,10,25636,1,25,2,4099,95,573659,12,20863,0,0,113,332769,192,544549,55,61514,348,4118847,367,6818640,399,4860966,50,633511,403,4225327,8,52651,6,363151,263,4940744,267,5201107,226,82334,
Female,NT,s. Other Services,482,480,24125722,412,4121057,322,407359,9,8075,321,415411,353,4087575,35,77779,270,12388909,263,2827548,76,95334,1,9879,2,2170,20,124288,14,255678,1,9501,3,46582,349,241030,19,1999,44,72513,42,30894,480,25278425,69,116170,19,24502,154,38195,24,49835,167,188979,209,417681,8,958,3,1029,6,3356,91,32112,24,55826,0,0,198,63308,343,1135258,28,708812,4,37449,22,98726,0,0,34,648610,24,57607,4,35078,2,40606,66,461902,18,173002,16,23512,27,378661,29,1142013,20,6545,20,6545,18,906,103,1850132,86,882702,64,184614,104,889395,45,238280,59,-344859,104,-106579,3,4962,3,2042,0,0,4,14105,52,500238,13,60750,287,1528531,3,2385,284,117935,6,4721,64,1186052,2,16563,1,13683,2,9578,5,15787,308,267,118225,36,7681,78,20490,273,105416,2,1089,2,8247,16,747806,6,243447,441,26736084,9,144558,453,27557940,463,27736673,31,200163,113,1908025,33,156661,117,1951527,22,316133,39,368571,4,1180,4,21938,142,1989904,44,216207,1,1064,143,1066125,286,1013853,125,248883,425,9534970,445,16730947,471,10943157,41,311465,477,10566501,2,47235,4,121400,347,10306929,348,10067861,259,148258,
Female,NT,z. Other,402,399,27908679,352,6072729,298,508134,26,29301,298,537435,325,6244055,35,123433,309,20802775,303,5455389,54,144445,3,86930,7,8834,13,105118,16,276756,0,0,4,113071,277,238807,29,46269,73,794476,71,327095,401,29522981,94,150678,37,62029,180,49219,36,83439,214,331849,257,677214,12,5193,3,10196,12,4057,111,65099,14,21724,0,0,178,86888,328,1509525,39,938422,3,29266,27,161697,6,47139,50,761960,34,63571,5,162958,18,481578,116,1268979,32,369972,30,88577,40,974441,39,2108930,32,31814,28,5420,27,2626,106,2604236,92,964575,60,167488,106,1412202,50,469947,55,-409976,106,59971,5,75206,0,0,0,0,5,84000,27,532993,19,104578,181,969743,2,7709,161,62166,11,37684,68,1562104,1,26561,1,3514,5,38659,2,15780,268,224,110058,34,6485,92,30005,215,86538,2,29745,9,119027,16,1075182,7,26708,274,28855361,28,1611382,276,28506891,300,30106023,47,1716595,88,11920025,44,1757548,100,11879072,26,1200941,16,170488,5,37780,3,185902,57,737967,27,152165,0,0,123,987340,141,698230,80,379711,297,9262688,335,25708552,369,4230721,70,1140963,397,3078169,7,65706,3,46855,194,5174484,199,4876992,161,70019,
Female,Overseas,"a. Agriculture, Forestry and Fishing",6,5,168386,2,57923,0,0,0,0,0,0,2,57422,0,0,1,869,1,130,0,0,0,0,0,0,0,0,0,0,0,0,0,0,0,0,0,0,0,0,0,0,6,191049,0,0,0,0,1,300,0,0,0,0,1,300,0,0,0,0,0,0,0,0,0,0,0,0,2,8010,3,16703,0,0,0,0,0,0,0,0,2,23669,0,0,1,2904,0,0,0,0,0,0,0,0,0,0,0,0,0,0,0,0,0,0,2,423396,1,13026,2,6233,2,255811,1,154396,1,-6070,2,148326,0,0,0,0,0,0,0,0,1,8393,0,0,2,2631,0,0,0,0,0,0,0,0,0,0,0,0,0,0,0,0,0,0,0,0,0,0,0,0,0,0,0,0,0,0,0,1,2904,5,67736,5,66640,1,4000,6,70640,2,34722,1,24316,1,36791,2,22247,1,4400,0,0,0,0,0,0,0,0,0,0,0,0,2,533,0,0,1,3232,3,24947,4,55359,6,15281,0,0,6,15281,0,0,0,0,3,16347,3,15183,2,483,
Female,Overseas,c. Manufacturing,11,11,484082,9,90530,5,6492,1,475,5,6968,8,71919,2,15570,5,134258,4,38516,1,686,0,0,0,0,0,0,0,0,0,0,0,0,9,1887,1,277,1,4957,1,2124,11,493426,1,2602,0,0,1,60,0,0,3,2844,3,5506,0,0,0,0,0,0,1,52,0,0,0,0,6,3637,7,9344,0,0,0,0,0,0,0,0,1,590,1,164,0,0,0,0,0,0,2,3754,2,307,2,7953,0,0,4,13521,2,9403,1,81,3,103669,2,19730,2,16481,3,29128,3,38330,0,0,3,38330,0,0,0,0,0,0,0,0,0,0,1,149,8,23055,0,0,5,2503,1,19237,2,24562,0,0,0,0,0,0,0,0,5,4,1109,0,0,0,0,4,1109,0,0,0,0,1,4172,0,0,10,280308,0,0,11,284480,11,284480,1,2465,3,4252,1,1890,3,4827,0,0,0,0,0,0,0,0,1,1552,0,0,0,0,2,3574,1,216,0,0,7,86272,9,96441,11,187114,0,0,11,187114,0,0,0,0,9,190534,9,190089,8,3758,
Female,Overseas,e. Construction,5,5,237877,3,48132,3,4722,0,0,3,4722,3,50060,1,3442,0,0,0,0,0,0,0,0,0,0,0,0,0,0,0,0,0,0,3,13401,0,0,2,4835,2,2071,5,239623,0,0,0,0,0,0,0,0,0,0,0,0,0,0,0,0,0,0,1,954,0,0,0,0,2,792,3,1746,0,0,0,0,0,0,0,0,1,14603,1,4839,0,0,0,0,1,5743,3,56378,3,12252,3,160605,0,0,1,5290,1,5290,1,671,2,61400,2,23048,0,0,2,25122,1,19119,1,-5889,2,13230,0,0,0,0,0,0,0,0,0,0,0,0,3,27405,0,0,1,97,0,0,2,34400,0,0,0,0,0,0,0,0,1,1,913,0,0,1,913,0,0,0,0,0,0,1,8000,0,0,4,227733,0,0,5,235733,5,235733,0,0,1,2182,0,0,1,2182,0,0,0,0,0,0,0,0,0,0,0,0,0,0,2,7647,2,9581,0,0,3,84714,4,104124,5,131609,1,7543,5,124066,0,0,0,0,3,121809,3,121809,3,2027,
Female,Overseas,g. Retail Trade,34,33,665205,19,118900,11,12421,1,277,11,12698,16,126668,3,6114,15,581940,14,141813,2,713,0,0,1,12599,0,0,0,0,0,0,0,0,14,17181,1,16,1,115,1,49,32,735020,2,643,1,365,3,543,1,1062,8,9034,9,11647,3,602,0,0,0,0,5,2921,2,34150,0,0,16,11880,21,69815,0,0,0,0,0,0,0,0,4,657,2,214,0,0,0,0,9,209261,5,7526,2,855,7,28780,2,50426,3,999,3,999,2,36,10,298346,8,172870,8,47469,10,163730,4,17421,6,-103144,10,-85723,0,0,0,0,0,0,0,0,1,7204,1,1411,9,12670,0,0,11,3294,0,0,8,202789,0,0,0,0,0,0,1,1201,15,11,3713,6,925,1,58,13,4580,0,0,0,0,0,0,0,0,34,675067,2,19933,32,655134,34,675067,7,61021,15,292028,4,18746,18,334303,0,0,0,0,0,0,0,0,2,19655,2,4385,0,0,4,2415,4,7260,0,0,20,163482,28,531500,33,142181,3,165940,33,-23759,0,0,0,0,14,166270,14,138894,6,1634,
Female,Overseas,h. Accommodation and Food Services,7,6,127742,5,17881,0,0,0,0,0,0,5,16099,0,0,4,119582,4,17978,0,0,0,0,0,0,0,0,0,0,0,0,0,0,3,1450,0,0,0,0,0,0,7,139006,2,3600,0,0,4,848,2,53,2,865,4,5366,0,0,0,0,0,0,2,95,0,0,0,0,0,0,4,5461,0,0,0,0,0,0,0,0,0,0,0,0,0,0,0,0,0,0,0,0,0,0,0,0,0,0,0,0,0,0,0,0,1,16076,1,3,1,6844,1,16256,0,0,1,-7027,1,-7027,0,0,0,0,0,0,0,0,0,0,0,0,5,478,0,0,3,1742,0,0,0,0,0,0,0,0,0,0,0,0,0,0,0,0,0,0,0,0,0,1,422,0,0,0,0,0,0,6,124644,0,0,7,125066,7,125066,1,1800,3,38692,1,550,3,39942,0,0,1,3035,0,0,0,0,0,0,0,0,0,0,0,0,2,530,2,2180,3,58278,6,103965,7,25001,0,0,7,25001,0,0,0,0,3,14488,3,14488,2,40,
Female,Overseas,"i. Transport, Postal and Warehousing",82,81,1553804,57,158795,5,4468,0,0,4,3562,50,138010,0,0,66,1297432,62,187958,10,4909,0,0,0,0,1,150,1,4792,0,0,0,0,23,23659,1,33,2,535,2,229,82,1639959,11,32927,9,6895,33,13325,9,1522,28,25942,45,80611,0,0,0,0,1,35,3,1030,0,0,0,0,9,2114,48,85898,0,0,0,0,2,603,0,0,0,0,0,0,1,4483,0,0,0,0,0,0,0,0,0,0,2,265547,5,156782,3,22171,1,6099,5,123632,5,71287,1,2614,5,57754,3,8647,2,-16670,5,-8023,0,0,0,0,0,0,0,0,0,0,2,2108,50,22914,0,0,30,17260,0,0,1,68409,0,0,0,0,1,4600,0,0,13,4,461,6,608,0,0,10,1069,0,0,0,0,19,64803,9,13226,57,380729,3,4144,80,454614,82,458758,0,0,3,626,0,0,3,626,2,97585,0,0,0,0,2,1480,5,3600,0,0,0,0,3,3868,19,44950,9,2866,32,62971,45,217946,82,240812,0,0,82,240812,0,0,0,0,40,150764,40,150764,26,2213,
Female,Overseas,j. Information Media and Telecommunications,15,13,561014,11,91446,7,7048,0,0,6,6317,8,86921,2,4015,8,206849,8,56184,1,116,0,0,1,2692,0,0,0,0,0,0,0,0,8,2768,3,200,3,746,2,298,14,620960,2,1456,0,0,2,300,0,0,7,6674,8,8430,0,0,0,0,1,42,2,129,0,0,0,0,6,2967,11,59945,0,0,1,18900,0,0,0,0,2,6590,2,1705,0,0,0,0,0,0,2,704,2,111,3,1995,1,2380,6,129692,5,45732,4,7290,3,22852,2,8214,1,10,3,6811,2,8900,1,-1083,3,7817,0,0,0,0,0,0,1,9,0,0,2,48377,8,51547,0,0,9,3006,0,0,5,120493,0,0,0,0,0,0,0,0,9,6,2018,0,0,1,435,6,1583,0,0,0,0,2,58880,0,0,13,257263,1,1900,14,314243,15,316143,0,0,0,0,0,0,0,0,0,0,0,0,0,0,0,0,0,0,0,0,0,0,0,0,2,953,0,0,9,42013,9,42966,14,273177,1,406,14,272771,0,0,0,0,10,226025,10,225927,6,1616,
Female,Overseas,k. Financial and Insurance Services,7,6,161589,5,37603,1,1257,0,0,1,1257,5,38102,0,0,2,65706,2,13504,0,0,0,0,0,0,0,0,0,0,0,0,0,0,1,6629,0,0,1,4610,1,1975,6,172631,0,0,0,0,0,0,0,0,1,2604,1,2604,1,872,0,0,0,0,1,10,0,0,0,0,5,7556,6,11042,0,0,0,0,0,0,0,0,0,0,0,0,0,0,0,0,3,199357,2,74428,2,20669,2,142440,1,33912,0,0,0,0,0,0,4,138228,3,54606,3,19364,3,47032,3,20451,1,-3225,4,17226,0,0,0,0,0,0,0,0,0,0,0,0,3,366,0,0,2,757,0,0,0,0,0,0,0,0,0,0,0,0,3,2,1493,1,258,0,0,3,1751,0,0,0,0,0,0,0,0,7,1474837,0,0,7,1474837,7,1474837,4,306117,4,1583398,3,276640,5,1612875,0,0,0,0,0,0,0,0,0,0,0,0,0,0,1,3791,0,0,0,0,2,25851,7,1642517,6,-167680,1,29620,6,-197300,0,0,0,0,1,17,1,17,1,1,
Female,Overseas,"l. Rental, Hiring and Real Estate Services",12,9,443900,6,164160,2,6461,0,0,2,6461,6,166507,0,0,1,265986,1,97072,0,0,0,0,0,0,0,0,0,0,0,0,0,0,0,0,0,0,1,111,1,47,11,516350,0,0,0,0,0,0,1,1817,1,1544,1,3361,1,52,0,0,0,0,0,0,2,2963,0,0,4,1961,8,41290,0,0,0,0,1,5582,0,0,2,13895,1,1696,0,0,0,0,2,53967,0,0,0,0,1,1764,4,132545,1,425,1,425,1,84,6,276591,5,123795,4,55455,6,151556,2,19572,4,-73787,6,-54215,0,0,0,0,0,0,1,1,1,27500,1,5453,5,69873,0,0,1,30,0,0,0,0,0,0,0,0,0,0,0,0,1,0,0,0,0,0,0,0,0,0,0,0,0,0,0,0,0,12,1025725,1,30529,12,995196,12,1025725,1,30694,2,88735,1,37964,2,81465,2,4374,1,7622,0,0,1,900,1,17017,5,138313,0,0,7,105060,1,10264,2,13116,12,410507,12,788638,12,237446,1,4793,11,232653,1,7770,0,0,6,308386,6,276151,4,4000,
Female,Overseas,"m. Professional, Scientific and Technical Services",262,251,11245968,197,2415571,117,155312,21,20518,117,172458,192,2282799,18,62883,99,4254928,94,1195797,10,4559,4,39358,5,27946,5,19280,1,21080,0,0,0,0,138,96936,5,352,19,32847,18,12148,256,11770776,12,19256,7,7193,9,1289,6,8322,60,72393,62,108453,3,736,0,0,1,275,42,23194,6,2518,0,0,103,62043,150,472177,2,64988,2,21896,10,16367,1,2469,44,230629,24,28220,2,10617,1,5662,32,419918,23,178893,20,40906,29,356570,21,334693,42,919046,28,171360,41,205953,65,1850878,48,577177,31,198201,65,823344,40,490867,25,-238711,65,252156,0,0,3,663,0,0,2,82,20,265270,8,9688,168,1091723,0,0,77,39062,5,2594,57,2272127,1,26602,0,0,0,0,4,15787,111,82,27404,25,5133,25,6593,80,25944,4,200276,2,99330,15,191793,2,68680,227,6956239,4,47241,243,7469077,247,7516318,4,5510,18,135942,4,7824,18,133628,18,178682,2,5188,0,0,1,711,24,136294,5,38144,0,0,41,76210,37,76960,6,21164,185,1360612,195,2027593,250,5496640,23,299159,258,5197481,1,2469,0,0,160,4671976,160,4560020,125,68279,
Female,Overseas,n. Administrative and Support Services,91,90,2322682,68,328630,14,15600,1,1369,14,16968,58,297901,2,2671,62,1247350,62,219648,10,5723,2,6073,2,1093,1,1500,1,6879,0,0,0,0,34,16594,3,299,4,936,4,399,91,2425144,14,28089,9,19790,29,10833,3,4579,37,22963,47,86254,1,1727,0,0,2,115,10,1979,1,240,0,0,17,11457,61,101772,2,33285,0,0,0,0,0,0,3,108,1,2,2,13979,0,0,4,16486,4,17,3,1,6,39,1,25347,7,62502,5,62121,2,11478,5,65764,5,23550,4,7026,5,29084,2,15577,3,-9473,5,6104,0,0,0,0,0,0,0,0,0,0,0,0,56,157677,0,0,41,24641,2,109,7,189796,0,0,0,0,0,0,2,3675,17,9,2276,6,851,0,0,15,3127,0,0,0,0,14,210573,4,9818,73,1600713,3,24267,88,1801336,91,1825603,0,0,7,176189,0,0,7,176189,4,228563,0,0,0,0,0,0,5,22233,0,0,1,1928,3,6469,22,48843,4,3984,44,295099,53,783308,91,1039483,0,0,91,1039483,0,0,1,10634,48,811173,49,805254,31,10320,
Female,Overseas,p. Education and Training,56,53,1501632,39,285194,15,20147,1,284,15,20431,34,267076,1,2345,23,589594,22,146944,2,178,1,1981,2,1971,1,2292,1,1307,0,0,0,0,30,25000,1,16,3,78830,3,33784,53,1792156,1,1404,1,349,0,0,3,5499,12,29626,13,36878,0,0,0,0,0,0,12,108841,0,0,0,0,23,16595,34,281471,1,12422,0,0,0,0,0,0,4,3173,3,239,0,0,0,0,5,102440,5,226780,4,69782,6,474204,2,89394,7,305119,5,106202,5,22031,15,428587,11,169993,9,55019,15,224418,7,38132,8,-58975,15,-20843,0,0,0,0,0,0,1,468,3,109284,0,0,33,59844,0,0,19,8513,1,38,16,530465,0,0,0,0,2,22200,1,8469,17,12,3684,4,1611,5,1816,12,3479,1,1052,0,0,5,62750,1,1500,50,991620,1,9864,55,1047058,56,1056922,0,0,0,0,0,0,0,0,5,182312,1,242,0,0,0,0,5,15861,1,50,1,470,8,8419,7,16631,0,0,44,269520,44,493505,56,562070,4,109312,56,452758,0,0,0,0,36,510031,36,459317,24,7971,
Female,Overseas,q. Health Care and Social Assistance,154,152,8833110,108,2304642,58,104792,11,8011,57,112117,99,2259465,10,48910,68,3256791,65,1042882,13,12035,3,63368,2,1769,3,18553,1,16886,1,11001,1,22524,77,125957,2,96,7,7016,7,3004,152,9282912,4,5062,7,29947,20,3880,5,10755,40,101030,48,150674,1,13,0,0,2,517,18,47627,3,3156,0,0,61,46446,94,449390,14,274677,1,25384,8,48664,2,-9635,17,370162,10,113350,2,7617,0,0,12,117135,15,84229,11,19589,17,183116,10,368197,23,385287,13,86648,18,81373,34,903805,24,221410,18,60535,34,435136,21,242237,13,-55513,34,186724,0,0,0,0,0,0,2,25821,11,168255,11,32095,93,1190543,0,0,35,15860,2,9350,30,1498502,0,0,0,0,1,16135,5,15743,62,45,19988,16,3696,20,7457,42,16227,0,0,1,8854,4,50935,2,41539,149,5947960,1,13768,154,6035520,154,6049288,1,761,6,31416,1,769,6,31408,3,65917,0,0,0,0,0,0,19,111953,2,4989,0,0,21,31280,34,73871,7,8361,123,1056983,129,1384762,153,4653769,7,58333,154,4601704,0,0,0,0,107,3560303,107,3420246,76,49967,
Female,Overseas,r. Arts and Recreation Services,472,438,31103409,384,10746061,45,93491,6,29371,44,121790,378,10751966,12,28950,71,2736028,67,756824,15,57143,1,3065,3,8029,1,1835,2,31181,0,0,0,0,69,37052,5,741,12,11035,12,4590,440,31394678,7,5219,11,15121,11,2937,7,10889,38,90568,43,124734,2,1550,1,41,2,535,28,18896,4,2081,0,0,81,58623,112,279982,0,0,1,11287,5,10246,0,0,24,19595,15,7464,0,0,1,300,35,289728,15,1759460,13,796113,20,3462427,9,263468,27,391136,19,133142,21,48315,44,1017961,26,164790,15,31288,44,550468,34,378557,10,-107142,44,271415,1,364,0,0,0,0,5,6635,9,65681,3,7841,354,9235869,0,0,30,10821,3,5177,64,2143661,2,48616,0,0,0,0,6,18964,58,42,14837,13,2787,9,2556,44,15068,0,0,2,15750,20,360922,1,10000,163,3197190,1,416,458,50437038,458,50437454,3,36131,11,403674,1,12430,12,427375,33,320100,0,0,0,0,1,4000,15,82322,1,1886,1,445,32,37832,15,27311,9,13013,327,21695232,238,5067839,447,25964978,22,224024,453,25740954,0,0,0,0,131,4471683,131,4438992,105,59375,
Female,Overseas,s. Other Services,58,57,1921205,36,335025,18,22186,0,0,18,22186,33,332250,5,13592,27,893944,27,210248,2,2174,0,0,1,2562,2,13040,1,16875,0,0,0,0,26,19586,4,302,6,1284,6,549,55,2018724,1,3510,6,12450,5,2286,1,430,14,11004,18,29680,0,0,0,0,1,33,9,2499,1,1385,0,0,23,18289,36,80909,2,19940,0,0,0,0,0,0,5,2462,4,683,0,0,0,0,6,34767,3,17112,3,160,5,57611,4,23260,6,12814,6,8990,6,1295,9,157949,7,60729,4,16181,9,61192,6,29490,3,-9643,9,19847,0,0,0,0,0,0,1,2,2,29000,1,23,30,165111,0,0,19,9013,1,64,9,178946,1,17970,0,0,0,0,1,1201,19,14,4125,6,1433,1,128,17,5430,0,0,0,0,5,41329,3,66554,50,1677876,1,1100,57,1784659,58,1785759,2,16775,12,57362,0,0,13,74137,1,262,1,3203,0,0,0,0,14,137737,0,0,0,0,6,10830,14,24928,2,813,49,509609,52,761519,58,1022577,4,41173,58,981404,0,0,0,0,43,994952,43,947037,26,13889,
Female,Overseas,z. Other,315,283,23910181,190,9081159,76,114428,10,14796,76,128023,180,9100357,4,20443,106,4618476,104,1308844,15,6908,0,0,2,100429,4,27454,2,40842,0,0,2,96538,101,175997,11,3543,22,46899,22,18280,287,25144045,10,11807,11,4308,25,5272,5,3468,63,57144,71,81999,12,7548,0,0,3,3788,35,78727,9,7869,0,0,115,130520,178,595381,4,89946,5,51684,7,24991,1,19426,43,4065187,18,15166,2,1909,6,420779,103,3196043,28,462502,20,63186,41,841202,35,2560243,30,227231,27,120110,24,17184,105,4125287,77,1613381,57,353836,104,2028349,58,751184,47,-621913,105,129271,1,51662,3,1486,0,0,2,7582,15,259419,6,25511,129,5990496,1,8041,70,32489,1,2839,38,1608833,1,6844,0,0,1,4174,1,3627,87,56,16634,19,6553,10,2513,62,20673,8,39238,3,17713,21,229508,5,38750,168,52986655,18,595524,193,64785862,210,65381386,21,2633803,37,44123157,16,2187779,41,44569181,6,125972,7,24503,1,36,1,6500,25,165282,8,37224,2,29865,58,150659,31,61495,17,44181,170,5110534,202,49427917,257,15022754,92,3980079,312,11030133,2,23701,0,0,104,3540005,105,3492233,80,43011,
Female,QLD,"a. Agriculture, Forestry and Fishing",4434,4199,221964038,3132,59818651,2449,4543908,118,174462,2449,4718209,2692,59797792,188,683356,2321,139495415,2224,34052241,617,1826695,16,147761,60,324336,200,1914977,252,4455650,11,238710,23,705883,3627,12212901,593,626046,1256,15559569,1237,6400028,4418,254767988,445,1220386,191,301445,1437,382729,77,179579,1251,1716550,1797,3800689,127,99247,36,473754,135,529500,817,840410,102,119876,3,15892,1294,1312258,2777,16393486,131,2636457,33,552051,395,2650766,466,8345046,959,39886146,526,7844146,38,698238,496,26404879,262,6539412,488,14281980,341,3489829,670,88000457,588,34571078,468,1552584,438,1243409,388,99797,900,29326637,436,6173075,387,1758480,880,15056821,643,9687750,259,-3349489,908,6338261,22,133170,19,85666,1,31483,80,767642,352,7443560,158,1751315,1439,10517204,19,48550,1798,759974,54,316526,495,10577346,25,317538,11,59764,20,533219,28,101651,3079,2662,2526788,252,135346,692,467867,2473,2194267,3,21789,6,289226,28,703902,519,3153658,3855,313462443,2913,263640031,1383,53990987,3911,317631018,2263,89890181,1430,65658928,2336,97601494,2486,57947615,638,10657359,172,970447,13,15798,87,1669223,241,2502007,894,18052660,18,263831,2047,46671990,2526,12768786,2222,22348662,3837,133107531,4138,306942556,4310,-5653929,519,27292944,4375,-32957994,200,10773250,158,11853210,1818,57656177,2022,72712254,1386,760193,
Female,QLD,b. Mining,17,17,943511,15,168405,11,14980,1,558,11,15538,15,171191,0,0,10,410436,9,96870,4,1753,0,0,0,0,1,15286,0,0,0,0,0,0,12,1418,0,0,0,0,0,0,17,963523,3,5159,2,823,7,1922,0,0,6,3151,7,11055,0,0,0,0,0,0,2,220,1,934,0,0,4,2005,10,14214,0,0,0,0,0,0,2,-2737,0,0,0,0,0,0,0,0,2,25173,0,0,0,0,0,0,0,0,0,0,0,0,0,0,1,17680,1,14970,1,248,1,10853,0,0,1,-8391,1,-8391,0,0,0,0,0,0,0,0,0,0,0,0,15,84569,0,0,11,3516,0,0,1,37409,0,0,0,0,0,0,0,0,5,4,6021,0,0,2,1123,3,4898,0,0,0,0,1,71287,0,0,16,829285,0,0,17,900572,17,900572,1,250,1,13584,1,250,1,13584,2,19438,1,2636,0,0,0,0,4,13948,1,4698,0,0,5,18695,11,66910,6,58222,16,179695,16,377826,17,524114,1,3529,17,520585,1,44671,0,0,15,471691,15,467024,13,7729,
Female,QLD,c. Manufacturing,4124,4057,173013943,2971,29181720,2198,2805929,133,158925,2200,2964201,2514,30067084,290,976181,2403,108855142,2301,23910510,592,1026670,25,283210,58,335486,311,3110863,238,3723395,7,39424,12,344928,2903,2141596,182,139703,499,1691373,491,677239,4085,181020881,536,1003090,175,155258,1094,259846,123,210695,1394,1443043,1726,3071932,59,19255,17,72918,60,75115,828,330986,74,140469,1,263,1365,533235,2575,7062541,124,2609116,21,238187,288,1508203,35,192860,468,10130139,283,1368142,37,604720,40,272105,1233,11039722,250,4175873,190,1147093,312,11161320,271,4537057,258,542318,230,214984,222,29801,502,9474358,393,3441142,218,509710,504,4230041,292,2449346,213,-1155881,505,1293465,25,153024,7,12327,3,58555,46,218231,208,2623342,101,194255,1485,5446611,5,10731,2022,901856,63,147113,879,21481894,45,642971,13,98485,56,429203,61,200861,2262,2045,1329733,166,42402,504,205973,1980,1166162,13,84831,15,227798,101,1749740,19,211132,3748,142298571,97,1453220,3793,143118852,3874,144567604,778,8061680,2012,40836529,852,8549465,2057,40348744,250,2734698,144,723862,24,41573,36,346089,685,6938671,181,460576,7,13260,1052,5034119,1920,5659520,684,950656,3309,43338758,3764,106600746,3981,37572679,772,8558987,4082,29021865,57,1571123,51,2408214,2007,38896268,2051,41250643,1318,511366,
Female,QLD,"d. Electricity, Gas, Water and Waste Services",50,50,2060629,38,319946,27,30837,1,1750,27,32587,33,326799,1,1977,28,1090387,25,207066,10,28289,0,0,1,100,4,31630,2,28350,0,0,0,0,33,14686,3,85,10,12038,10,5156,50,2254804,8,16589,1,98,18,4248,1,1997,13,11052,21,33984,0,0,0,0,0,0,11,1635,1,4788,0,0,19,5266,31,194175,3,72868,0,0,5,16245,0,0,3,91019,0,0,1,1003,0,0,5,34082,4,153782,3,37090,4,307638,4,32738,1,6,1,6,1,2,7,346982,6,158214,4,895,7,167057,4,48771,3,-27955,7,20816,0,0,0,0,0,0,0,0,4,148502,0,0,28,131469,0,0,26,12719,0,0,8,245030,0,0,0,0,0,0,0,0,25,20,13765,3,353,4,1037,23,13082,0,0,0,0,1,374,1,1443,49,2934726,6,413508,45,2523035,50,2936543,3,10624,11,248175,3,14540,11,244259,6,92855,5,29676,0,0,0,0,2,40526,8,9748,0,0,17,213645,26,290681,13,77565,42,1146294,44,2145249,50,786410,4,43493,50,742917,1,83961,0,0,36,841227,36,887568,26,9780,
Female,QLD,e. Construction,1903,1885,93878536,1581,17252758,1086,1497689,75,95523,1084,1586877,1352,17516714,103,399322,995,38400418,956,8290478,242,675326,11,58891,27,176109,89,670368,80,1314922,3,59533,5,217898,1300,1166721,96,101811,230,1903391,227,730770,1897,99671824,248,677283,83,59195,490,124444,31,102714,532,487739,698,1451375,22,12955,13,112620,35,81976,278,103730,79,253304,1,1905,586,274572,1162,4720085,32,698291,2,16363,81,437163,14,30235,235,9032047,133,1564275,14,379379,5,26927,212,3131672,133,2346228,107,542816,161,5367161,134,4090038,116,579267,101,275863,108,104930,274,6275334,220,2110371,133,374172,272,2975328,164,1512952,112,-697399,276,815553,6,49391,7,5351,1,19116,22,38727,141,2345819,53,78794,1142,6274407,1,769,1143,531068,29,32395,283,6577534,16,246953,25,227494,21,129002,12,50841,931,810,540814,90,25177,248,127515,765,438477,7,208975,11,360533,52,1646667,41,480192,1743,121744125,27,412203,1793,123972247,1815,124440492,66,19723985,498,25984342,63,16336386,508,29371941,214,6365402,91,552224,22,53601,10,157467,183,1570141,146,402598,6,151623,511,6469081,1148,6405071,290,981138,1499,31411476,1648,83891763,1846,40033324,132,2492858,1881,37540466,23,787131,35,1545175,1378,38693151,1394,39279782,1078,531509,
Female,QLD,f. Wholesale Trade,746,733,34752277,580,6261977,436,590944,24,28847,436,618662,492,6460197,41,146548,434,20112826,419,4337961,99,153152,5,6995,12,12765,46,438201,59,949814,1,8061,1,52942,538,661731,25,18946,95,528508,93,215697,738,36909325,115,218779,38,28966,207,50084,20,36897,258,256686,313,591412,16,3834,3,656,15,35748,147,64422,21,31483,0,0,267,114285,486,1864404,20,333720,5,86399,52,231145,13,108069,97,2933079,52,530869,5,196646,17,899099,199,2454229,45,781523,35,174086,67,2878468,60,1367921,39,43853,34,19971,33,2827,106,2574772,82,746368,56,154963,106,1251831,66,611862,39,-190252,106,421610,6,98469,3,588,0,0,5,50476,58,953851,25,68713,307,1425411,0,0,378,165357,14,13610,129,3068006,4,57548,2,12544,5,26151,5,15545,435,396,274240,29,11883,107,50264,375,235858,2,23583,1,51037,17,309483,16,209235,655,49837995,54,3991242,630,46440091,677,50425333,163,4111340,358,25451145,166,4647126,368,24915359,44,513942,37,290695,7,16544,5,60184,121,1308069,57,293894,2,1360,167,1384242,386,1684491,120,317784,605,11750308,668,42536872,709,8062943,130,2522282,736,5540661,8,133573,16,941939,374,8848710,385,9120174,276,123060,
Female,QLD,g. Retail Trade,10497,10315,513805932,7833,102017252,6261,9051905,390,441607,6258,9490514,6899,106000635,801,2787967,6305,323974529,6092,73022194,1694,2808061,73,489160,140,544910,695,6668115,518,8295601,19,167146,34,703920,7578,5753362,547,344552,1526,8347875,1504,3352019,10380,538417863,1558,2877205,545,542395,3085,708878,340,563741,3949,4092480,4840,8784699,163,43729,45,98330,188,343878,2306,855620,308,453320,3,19640,3767,1459656,7016,21484404,391,8096734,42,552576,904,4590857,129,-1713944,1363,39333443,856,4548200,95,1298743,115,2043919,3520,36792247,775,26259800,574,9364626,975,57109525,917,21724536,768,2217251,702,1281264,676,173447,1526,31888156,1222,12069981,756,2264636,1521,15215437,832,7046037,703,-4707935,1539,2338102,70,342754,39,57388,7,94398,128,519363,634,8589882,296,818888,3648,19228833,21,40199,4899,2131952,191,677365,2274,58381908,115,1603568,13,101645,97,659599,180,721758,6180,5599,3687285,404,119203,1695,732660,5266,3073828,31,386069,10,61009,215,3776921,100,4384691,9261,751278746,179,5955144,9354,753932292,9510,759866790,3146,85281468,5879,397558392,3291,87590227,6172,395249633,578,6652219,670,4686690,78,294488,88,917246,2279,37021931,749,2529159,15,65963,2388,15092236,4770,16444664,1621,3187665,8527,186211446,9609,668507785,9936,90796022,2154,27741968,10352,62964241,140,5281289,253,13108572,4753,108625523,4941,119960866,3393,1464872,
Female,QLD,h. Accommodation and Food Services,2590,2530,102286699,1872,17428286,1324,1618181,70,72976,1324,1691155,1616,17624315,112,351397,1397,52703583,1334,10871239,419,520823,10,71206,31,65459,213,1777221,140,2125128,5,75277,13,328468,1766,1271183,110,101039,262,1003062,257,418420,2576,108943522,317,696782,110,122896,734,173168,76,125508,733,673176,989,1791530,18,19719,8,17143,24,30482,407,192058,193,409662,1,120,695,294388,1557,4506582,53,1151640,7,84725,105,477656,19,92008,200,4432607,103,428143,19,245086,12,241918,322,5728111,153,3913858,115,1020369,194,9948373,189,4454274,104,238026,87,112608,82,13912,319,7192772,240,2512552,129,307607,321,3571199,186,1580690,133,-776323,321,804367,23,210972,10,2660,3,24896,19,79592,121,1502639,56,173286,1310,6336378,5,5434,1340,623573,37,78912,396,9131891,29,504698,4,24981,21,158979,34,128043,1146,1005,661966,122,28203,219,95538,1020,594631,10,195255,11,95580,184,1682492,52,990721,2300,290752336,65,1200706,2452,292515705,2504,293716411,431,3286975,1264,109431669,420,2921543,1280,109797101,215,2916652,556,4341911,11,46362,69,408006,863,20104173,368,1862434,9,84840,952,9821516,1581,6818712,1094,4307668,2091,98279418,2268,258929097,2525,35573743,221,3900812,2561,31672931,35,660281,28,1737905,1483,40618347,1510,40821150,1077,510399,
Female,QLD,"i. Transport, Postal and Warehousing",8141,8108,309794693,6217,44104639,3610,3886527,135,142786,3609,4027041,5386,44377601,447,1154460,6124,233263521,5975,44592473,2244,2068285,50,155871,132,306572,726,5679745,353,5544254,10,82334,10,178729,5136,2212236,196,126241,530,1558460,523,631480,8124,323494291,1684,3400825,704,544984,3769,1052227,475,838182,3707,3051025,4713,8887243,72,196029,25,24485,54,34303,1466,459142,93,150119,7,1044,2534,663469,5547,12831563,242,5278761,23,307208,357,1288494,23,-25738,421,5587989,238,555301,68,984662,60,307680,495,2831394,253,4367674,205,1235587,346,9274364,301,5749375,236,588230,197,133078,209,44900,534,11121337,409,3844473,269,677635,537,5388404,288,2593995,249,-1383170,540,1210825,48,144827,9,3230,5,52304,44,93897,186,2032909,136,259610,4775,5698098,14,22624,4882,2186104,129,124873,1301,34218482,45,498343,27,208814,115,1469149,217,852751,2507,1928,1069710,396,63561,273,100058,2150,1033214,39,118193,45,240958,1025,6223492,295,957361,6765,125638145,237,2461585,7842,130688373,8059,133160683,64,867343,318,6683262,69,1021143,325,6529462,263,6090560,93,687498,12,102743,83,737322,296,1933324,187,678021,3,4553,1012,7776455,4683,19553390,1019,2764651,4831,30287507,6235,77145994,7970,56387701,164,2008010,7995,54264505,75,1310532,58,2244340,5042,49052504,5064,51007057,3512,655192,
Female,QLD,j. Information Media and Telecommunications,1368,1360,79193837,1138,15561512,959,1423501,66,87500,958,1509514,1027,16286506,189,693234,899,46039306,867,11372211,250,543944,16,70304,16,47052,107,813399,68,1063766,3,24377,12,465938,1060,1056193,86,43823,217,949191,214,403242,1363,83191289,239,501212,114,182638,307,69976,51,122674,563,785891,658,1662391,21,6176,12,12060,36,80434,372,214545,30,49522,1,232,572,240376,992,3799168,35,739470,4,85707,113,603080,10,-190925,204,4191305,142,374362,18,203358,7,45081,295,3639387,128,2044885,103,532720,166,4391341,118,1983467,159,1548159,149,1262535,137,74953,165,4441456,129,1550305,79,280548,164,2180577,96,931122,69,-501096,165,430026,10,184132,3,8080,1,16429,22,128048,112,1423428,44,109285,771,4352745,10,38432,664,278329,24,13157,448,13454739,16,276611,4,26477,19,101527,40,134707,805,696,447858,47,9521,227,95539,649,361841,9,97282,9,81316,74,1274882,12,238346,1187,38175736,20,128071,1255,39819720,1275,39947791,45,277273,167,3213244,45,273679,178,3216838,109,1553611,37,191508,6,22052,3,4609,128,658847,31,50017,0,0,334,1088060,437,1147187,99,102900,1065,10002879,1150,18055858,1327,21728789,180,2630853,1354,19138581,17,519135,18,665399,770,20601507,784,21149326,643,278223,
Female,QLD,k. Financial and Insurance Services,1545,1475,96244191,1178,22949743,982,1815925,69,76485,985,1890443,1056,23778969,57,232662,864,54612838,828,13333862,204,529820,18,282196,23,86766,30,287665,79,1193054,6,106768,8,135493,1231,3225552,361,505086,680,6249006,679,2572511,1532,106307635,188,456938,74,94224,343,88411,41,106504,577,752571,663,1498648,68,16478,21,82849,109,626716,389,244878,59,71419,0,0,687,460383,1182,6619385,75,1679364,18,204525,185,1460689,35,335606,438,11900531,265,1683402,12,259796,5,88594,473,18690135,264,8351860,190,2654121,380,18193147,363,14338041,311,910238,293,693773,259,81769,440,12760571,349,4539827,271,832164,442,6254822,256,2687432,188,-1553674,444,1133758,17,86427,9,9567,1,14400,42,464412,187,3446994,80,168628,558,4333392,8,23306,551,230711,39,305739,156,3897764,10,144743,2,28659,5,35934,3,8256,1178,1079,835406,87,33308,413,221237,957,647477,1,2800,1,40013,23,272664,1,5000,1261,635491114,7,1766495,1279,634045096,1284,635811591,552,74925514,631,602348182,529,72488674,727,604785022,77,1307368,23,214694,2,1705,1,1619,60,388877,150,913567,3,55800,227,1113131,291,1319644,53,82684,915,16234402,1293,626419007,1374,9563491,353,16120272,1506,-6776141,22,1292506,72,3920799,529,17608926,599,21136419,474,274233,
Female,QLD,"l. Rental, Hiring and Real Estate Services",2626,2593,184207435,2214,44130568,1758,3361015,118,176797,1758,3536343,1942,45838774,116,504664,1363,73759345,1318,17401928,351,809190,16,210024,33,481683,87,710019,175,3040235,6,44365,13,266966,2023,3869191,235,370812,651,9294096,646,3560751,2616,196735938,351,1022845,124,106585,616,136275,52,134935,823,1057778,1015,2458418,96,38786,34,106354,64,272208,562,367834,150,175768,1,1320,906,595915,1828,10849069,77,1623686,14,271831,235,1641970,80,-50276,587,24110425,272,2900254,14,232276,21,243612,386,5892487,275,15538947,224,5578955,365,36106111,385,12143988,239,731527,211,333163,196,47968,780,28286229,592,8569601,434,1993350,778,13370878,478,7271245,304,-2918845,783,4352400,20,149828,27,75115,1,679,45,405694,328,6557611,112,269760,1455,12771201,10,23735,1187,511156,49,87188,309,6917422,14,298902,1,10039,16,103243,11,31842,1898,1714,1416371,130,48778,613,365482,1500,1099667,4,81226,3,78411,50,870409,21,512444,2398,127888414,43,1402745,2431,128028159,2462,129430904,46,3762763,164,4148037,54,4082474,171,3828326,183,3497791,76,782349,8,52360,25,158677,190,2908121,352,5271996,8,163486,980,11418824,1228,6396679,521,2502799,1946,38452816,2318,75413531,2457,53765839,250,4701710,2504,49064129,67,2548959,132,9465214,1478,50636112,1580,58657054,1257,682994,
Female,QLD,"m. Professional, Scientific and Technical Services",18697,18606,1263811676,16273,277577571,13763,23107691,870,1011188,13750,24091644,14909,287269661,1981,7621944,11435,624576276,11070,153339646,2303,4675620,212,1975820,339,4680545,816,6655177,660,9647302,58,896652,102,4064260,14187,15798736,1414,1224308,3539,17536781,3497,6963153,18651,1338418107,3065,6082612,1234,1571916,4053,849158,611,1532062,7329,9346938,8493,19382686,374,93921,181,813020,493,936854,5129,3029395,691,1304801,6,32714,6764,2966592,13819,71569017,609,14201345,103,1657664,1481,8290507,241,-3375547,2915,74046826,1974,11154006,155,3549196,96,926279,2844,27106731,1703,41311625,1498,13832783,2226,85232535,2055,52537232,2090,10864704,1877,6048299,1790,1041345,3381,78275626,2750,28894518,1811,5273576,3384,38363282,1828,16504179,1564,-10759929,3402,5744250,97,1113953,76,186181,9,102884,229,1580317,2813,39735942,977,3177885,12200,103648751,78,277069,9070,3811376,457,2007524,4464,128588990,163,2342573,17,107386,164,1161334,311,1207737,12826,11470,7773684,996,328719,4286,2029428,10302,6072974,26,382403,64,2278217,614,12346422,156,2148526,16966,812234678,196,4679484,17490,824679017,17644,829370169,291,3502073,2028,32122059,306,3611341,2062,32012791,1402,20378338,725,4786314,192,752907,77,373479,1959,18376943,971,2439524,13,11547,5163,25201664,8860,29566590,1808,2088517,15373,202078088,16301,338075222,18169,488052046,1870,20484170,18545,468013448,191,5105965,345,17417106,12658,453451371,12776,453640292,10696,5659306,
Female,QLD,n. Administrative and Support Services,16076,16028,610221762,12444,86699168,7256,7952445,360,391360,7256,8342432,10104,84722256,497,1495093,8809,279238769,8328,52843153,2502,2497619,68,204597,173,786769,1441,13147771,909,14792863,24,279512,39,832854,10695,6428339,484,348103,1360,4523710,1339,1803716,16058,636099069,1774,3722628,722,690135,4429,1205356,424,948469,4537,3701928,6011,10268516,137,40152,60,67233,131,261907,2738,839329,300,485406,6,8066,5308,1595867,9649,23623486,269,5627816,33,356765,544,2148842,71,94355,1069,21246436,597,2283018,148,1606201,82,411805,929,6599347,625,12146841,483,3049913,781,25085047,814,21262353,620,2237864,532,894069,521,131766,1398,28354777,1073,9759235,656,1609503,1398,13791458,811,6680846,593,-3486265,1405,3194581,74,322895,35,22982,2,8071,112,264319,837,9244808,336,712820,9243,30474051,27,69892,9837,4756501,200,367141,1983,45293092,137,1621989,23,151522,131,1044349,148,571525,5946,5153,3291147,593,122656,1071,462482,5240,2951320,42,478170,77,1620778,1020,14790080,161,1597058,14606,460411946,298,4416154,15509,474466430,15784,478891329,165,1542870,2023,21668546,162,1559667,2036,21651749,1221,31766095,494,3055608,88,200756,52,204096,1021,5792720,434,1026326,11,16520,2814,14542611,8843,32887718,1675,2245973,11983,100476580,13094,213888412,15847,265379203,561,4731030,15934,260542403,136,2784309,170,6491550,11581,232847370,11627,235355526,7995,3062730,
Female,QLD,o. Public Administration and Safety,648,646,35633331,586,6371202,479,612222,47,55687,479,667909,533,6538312,74,226335,447,16324207,426,3451317,202,301531,8,36772,8,28888,71,547881,28,361017,4,104409,5,101530,504,231116,18,2239,53,77444,52,31621,648,37329680,108,285466,36,27076,213,49000,15,48502,251,205314,312,615358,11,3163,0,0,0,0,128,60540,19,45128,0,0,280,89162,471,1612690,29,630317,3,41725,33,92878,5,-39272,40,919161,21,51498,4,116675,2,37824,33,356849,27,734208,22,190355,34,1942032,28,881469,24,72110,22,38989,20,4888,75,1495215,66,708241,40,100584,78,682071,42,244038,36,-239719,78,4319,9,69678,2,1587,2,17009,2,5177,73,789398,7,9391,501,2932145,4,17442,371,149358,17,21745,145,3309415,1,18993,0,0,18,152438,14,54115,297,263,160211,25,6457,55,19861,264,146807,0,0,1,58818,17,687703,1,28577,619,27189676,5,148186,633,27816588,637,27964774,1,13936,29,1132805,2,14576,29,1132165,26,1412208,16,277005,0,0,1,6320,34,266820,14,70588,0,0,102,636823,446,1983823,39,73143,528,5077773,567,10936668,637,16992755,25,331734,641,16661021,5,100978,12,574088,475,14767746,480,15092137,411,229250,
Female,QLD,p. Education and Training,6875,6844,355500749,5673,64787281,4520,6090351,266,290774,4520,6377772,5029,66576368,655,2189213,4472,204794435,4239,47066577,1096,1803754,45,254552,96,473222,497,3989428,322,4963205,18,269124,36,886255,5242,4765065,405,475905,1042,5023213,1030,2076365,6859,374639219,1085,1962409,474,512867,1819,401189,334,647690,2864,3548590,3286,7072745,136,47693,38,119020,139,271835,1786,910668,159,191102,3,706,2828,1050106,4971,18544822,234,5376615,41,510491,668,3573091,60,320957,957,22472797,608,2838983,69,704128,32,225934,960,9302544,543,7251317,446,1559584,685,16013718,552,12022599,651,2537070,579,1354222,560,308278,994,21066570,745,6923981,517,1294841,988,10113895,595,5078086,402,-2344233,998,2733853,49,322938,20,32961,4,75869,87,352654,625,8313256,253,536499,4160,15737163,27,79490,3664,1646790,110,344944,2004,53714038,76,1094669,4,35451,46,396339,167,728363,4390,3793,2650611,282,95103,1116,524753,3583,2220961,34,281673,102,447823,332,4201852,60,763975,6153,192387588,115,1445521,6505,196626195,6607,198073865,100,887366,617,6589493,108,832981,624,6643878,410,5613474,209,889781,31,33320,25,170516,987,7961386,215,521973,5,13659,1695,6159097,3239,10808485,722,960036,5525,54202193,5898,93977798,6716,104000228,626,7112515,6832,96877443,64,1380678,141,7512316,4527,96795502,4588,102076492,3588,1487934,
Female,QLD,q. Health Care and Social Assistance,29461,29343,2358721226,26103,581815160,21799,43244264,1503,1923390,21799,45153053,24022,603476206,3586,17673224,16156,838021382,15393,224011465,5620,10496142,155,707438,520,1460258,1923,14726051,1121,16393214,38,373890,88,2120893,22380,20874232,1580,1700507,3907,21636002,3861,8498287,29391,2500482797,4128,9563495,1625,2392964,7260,1822740,1322,3992428,9549,15421368,11584,33192995,518,181480,149,598293,526,1323114,7065,5011773,1370,1989073,15,12625,10917,4943823,21357,139328009,2938,59883539,145,2450034,2613,14574313,224,-1928845,3577,79730643,2397,9972809,204,5571402,90,1428649,2588,25016736,2166,57383953,1943,19449790,2725,129690278,2283,56052361,2510,9328717,2250,4418578,2207,924100,4714,116231426,3842,48285441,2652,9163249,4727,57407675,2466,21007923,2276,-19632864,4746,1375059,280,1533479,131,196957,30,437434,378,5459159,5275,76245735,2481,15757957,21800,345092321,57,126547,14141,6089694,605,840513,7660,255939899,345,4486838,24,170973,550,4969550,770,3165171,17744,15073,9843747,1448,428451,6030,3112858,12860,7159340,45,1043221,86,3335663,903,23447552,282,10489532,27673,2346456840,236,6372104,28509,2378409140,28711,2384773352,479,3689297,3117,68761387,469,3534805,3168,68915879,1652,60596116,1132,8801068,160,351820,159,1240527,5301,72223675,1469,5198209,24,84784,8083,43586697,17226,70771439,3534,6046917,26045,658498255,27220,996322145,29027,1386864449,1684,18538380,29263,1368374566,225,5355037,427,22498175,22328,1265212399,22483,1235694835,19390,12559120,
Female,QLD,r. Arts and Recreation Services,10472,10409,532692493,8461,97457395,6891,9286833,394,491364,6887,9765522,7556,100718872,1280,4096454,6930,316231794,6618,72683636,1842,2943604,57,415358,136,768653,891,7508348,469,7200237,26,379269,39,1197994,8016,6791205,586,451378,1452,6338518,1434,2588255,10440,559074041,1633,3072926,731,921975,2807,685100,400,930754,4125,5292414,4974,10903169,148,34303,54,114107,196,233814,2566,2340205,234,326676,4,1404,4176,1722100,7352,24504028,273,5713951,54,667938,859,4496930,87,-209344,1491,32954224,974,5018276,128,869042,58,844340,2028,20556282,834,12371583,653,3385792,1026,27473665,751,16890723,1085,10775372,951,5600540,907,706576,1274,26851198,939,8935041,625,1526995,1275,12944679,742,6815365,537,-3370882,1283,3444483,61,332653,36,54272,11,168707,144,707550,707,7988854,274,711479,5641,23312013,29,77265,5505,2452812,152,317760,3606,98836402,132,2005542,18,151841,146,1073329,313,1266544,6035,5184,3342109,374,117417,1503,647748,4931,2811777,43,480727,54,1896103,554,5232358,105,1449246,9386,318047915,183,4503742,9774,322719395,9939,327248613,402,4262028,1583,18184750,417,4582544,1625,17864234,1032,12963535,252,1247173,43,105829,58,342137,1808,16543712,332,787530,5,18633,2555,11177217,4885,15420738,1080,2096445,8592,109200774,9252,187768373,10211,139036947,1354,16180181,10385,122827692,123,3202259,177,8440762,6210,137088482,6313,144673336,4877,1989329,
Female,QLD,s. Other Services,18991,18860,822326837,15326,131203998,11327,13128595,626,641457,11333,13757697,13167,131676490,1018,2910460,8952,325752395,8450,68082633,2505,3696064,93,739084,210,1381089,1316,11261588,1045,15907069,21,203458,41,1173865,13824,7515838,618,326302,1755,5887648,1716,2309185,18929,858588123,2054,4451063,703,676790,4140,1058977,456,842176,4585,4628050,5962,11657056,221,70372,70,160572,180,286968,3169,1012366,658,1056947,6,1983,6283,2144979,11363,33429036,422,9041039,54,704749,766,3879954,113,-279681,1627,38565462,941,5175669,91,1378189,92,316690,2502,22107763,879,15859173,696,3754060,1090,35061840,1103,23045552,881,2560573,760,878690,759,287568,2026,40136765,1632,14283455,930,2341866,2025,18597876,1130,9493168,904,-4579600,2036,4913568,100,849914,62,77342,5,55149,131,590614,1741,15945059,449,1070149,10952,56739775,26,68965,11549,5355690,272,445839,3389,76993354,162,1897273,211,1803907,333,3480970,242,899313,9580,8642,5455429,703,186116,1925,780511,8488,4861034,30,292215,33,804319,445,8271349,310,4004518,17830,936173221,259,6338021,18126,943200561,18364,949603771,1874,9878209,6513,92645727,1853,9972513,6635,92551423,960,13372326,1474,9483746,66,146060,112,741558,5241,66915773,1385,3301831,26,114432,5363,29592843,11103,37471526,4242,6889918,16711,279869361,17752,540453731,18622,408734740,1555,16346709,18846,392169567,182,4237669,305,13207858,13273,384134267,13392,388454677,10019,5206464,
Female,QLD,z. Other,731,714,56085818,565,15329034,470,1063010,36,67275,470,1130259,516,16018157,61,224651,460,27733606,446,6892540,119,353305,8,221375,17,257307,37,282886,38,569701,1,52379,4,149824,511,720940,57,15294,144,1880802,141,762295,726,62555269,128,306675,51,50841,228,63490,32,77091,289,420387,357,918484,15,5826,7,4822,25,79424,179,3034629,38,81336,0,0,230,131342,513,5468064,22,410562,5,65913,84,514882,18,-2495773,100,6601502,56,960104,6,521608,33,507631,316,5275132,68,2280956,53,715509,86,5782744,72,4040927,62,255013,57,44074,55,5211,145,3540591,108,1051862,68,163241,146,1753079,82,1018769,65,-446360,147,572409,6,41331,4,620,0,0,6,42194,56,1109053,24,102551,211,7429073,4,16832,303,122501,20,63577,155,3255073,9,143178,2,14273,5,41851,10,31588,439,391,289864,39,12620,141,88389,339,214095,2,7018,1,7641,32,775298,19,486805,378,218070780,40,5729144,379,213543045,412,219226304,97,8695339,178,119793862,105,8440402,179,120048799,44,7652713,55,1621133,9,90461,10,234741,69,2525101,55,4063121,0,0,229,4792639,232,1749238,129,2121782,436,53504230,557,198403958,620,20122883,179,4305482,722,15778919,7,61427,17,1929771,212,20724627,228,20138118,181,111114,
Female,SA,"a. Agriculture, Forestry and Fishing",1128,1099,63935097,870,15902248,653,1185566,32,38981,653,1224546,736,15665432,29,94315,514,25227197,491,5870949,112,238536,7,249531,10,200235,60,674216,57,981159,4,75663,21,892751,881,2657746,164,110091,352,5335132,344,2184688,1124,69692826,97,241670,26,33912,261,59422,8,24782,266,268084,358,627870,13,3547,19,108985,73,176166,237,1022924,25,18939,0,0,305,304843,653,4688762,37,775056,4,37416,59,950582,67,1840859,234,13760158,128,2321899,3,9288,144,6037147,45,1027663,127,4227151,92,1250457,170,22081226,134,2348067,122,433816,110,313578,96,29883,219,6560942,109,1114593,103,191186,219,2964297,167,2626600,55,-335734,222,2290866,8,46574,8,11165,0,0,28,102009,89,2115178,37,309576,469,2474932,15,65761,540,243401,17,143686,89,2003959,4,101051,3,35943,2,734,7,20576,757,674,609407,48,23252,160,124488,620,508171,2,59498,0,0,12,159535,97,449435,1035,68050608,763,54500797,373,14218279,1053,68719076,336,8965773,289,11175679,330,9151966,421,10989486,171,3400253,53,313356,2,10672,32,471380,97,1171675,174,1602071,2,10792,443,5803461,603,2687705,530,3477830,983,31711087,1028,61649768,1104,5966444,134,6324477,1121,-358033,32,1822810,40,2507596,541,15594987,584,18323325,424,225495,
Female,SA,c. Manufacturing,1477,1460,62791053,1100,10416839,829,1020366,36,36965,829,1053722,950,10620021,94,332159,887,38255659,839,8127450,175,254321,3,71069,11,37885,113,1127347,69,1183936,3,17623,6,205702,1082,737029,74,71447,208,838382,204,328636,1463,65729863,216,359028,62,63281,396,85061,32,71076,539,486816,641,1065262,13,816,6,9453,30,16133,323,134799,21,29146,0,0,530,190232,946,2806176,63,1288924,7,102586,77,379440,20,99431,185,4578927,104,378375,9,40320,16,176483,414,3522565,101,1379981,71,283163,112,3185700,82,708243,90,284021,85,252302,85,59322,161,2781604,118,937604,71,167883,159,1210681,94,727871,68,-262435,162,465436,13,52198,7,3498,0,0,19,65288,81,1299347,27,60436,596,2077361,7,20278,752,346229,21,97000,323,7531844,25,397126,5,38824,20,125983,22,72362,953,834,509888,68,24329,173,70632,822,463584,2,498,1,1003,24,378939,14,284438,1390,45494070,26,211357,1397,45947591,1418,46158948,277,2762078,717,11399554,296,3176071,733,10985561,73,980345,45,259727,5,2075,8,443427,209,1665057,62,129862,1,1002,415,1787612,729,1847977,217,302623,1258,13558470,1387,31964054,1438,13978333,248,2687031,1459,11291302,25,712550,29,2059426,771,14675172,789,16468053,539,204697,
Female,SA,e. Construction,607,598,31085865,491,5880863,353,509085,22,30379,354,537504,425,5979279,35,134121,288,10503532,272,2093895,72,148979,3,5571,4,2051,27,245364,22,346577,0,0,1,18457,417,382137,27,9291,77,288719,76,114161,603,33191356,75,181675,22,29897,146,34473,10,11599,181,143112,215,400756,5,2284,8,3061,5,11973,88,24333,23,62827,0,0,189,84271,346,1950838,20,438336,0,0,17,58439,9,67183,101,4454472,50,474745,1,47303,3,80061,70,1204046,42,1965688,37,547678,46,3931319,37,423921,37,232927,33,195210,32,46155,91,2215759,80,967137,49,133666,92,928809,51,473571,41,-287424,93,186147,4,21277,5,340,0,0,8,56703,50,1326718,11,34615,371,2212857,1,1845,332,153959,7,22871,94,1911060,10,114109,3,43115,4,16597,6,32448,345,304,209362,25,5819,87,48912,286,166269,0,0,2,27850,14,188348,5,42634,574,42674095,3,43346,588,42889581,590,42932927,21,2991684,145,10385493,20,2387068,145,10990109,47,1550953,25,251954,1,592,2,12016,35,270841,36,154347,0,0,115,933456,370,1513236,82,236040,498,13162193,529,29075737,595,13826057,45,1294688,601,12531369,10,151490,21,1614270,459,12815306,473,13896767,360,175073,
Female,SA,f. Wholesale Trade,211,211,9495274,162,1712599,119,160007,9,9255,119,169261,135,1734886,9,32083,120,5448401,112,1231298,32,33321,3,106938,3,128911,10,114468,10,169037,0,0,1,31956,148,197153,10,3928,30,54725,30,22522,211,10002013,24,56067,5,6977,56,14106,3,5128,72,67690,83,149968,2,814,1,72,4,2192,38,7658,4,6372,0,0,63,25265,125,452768,9,221610,2,34303,7,34948,5,116131,25,584474,8,84312,0,0,2,1039,31,597982,10,197723,7,47729,12,539316,16,493270,5,1250,4,382,5,139,38,685002,32,217941,20,44078,38,260763,22,214769,16,-52549,38,162220,0,0,2,10,0,0,0,0,21,257930,4,2497,97,392089,0,0,112,53371,4,31388,32,776336,1,3225,0,0,3,14031,1,1230,152,141,87473,16,5095,33,14330,137,78238,1,387,0,0,1,521,1,3307,209,16491854,12,672325,200,15823744,211,16496069,50,791334,116,7055950,51,938016,121,6909268,8,84637,9,47588,1,5849,1,3714,29,312379,22,49455,0,0,51,265869,120,440671,33,226891,183,5757316,199,14103637,207,2406625,25,530346,208,1876279,5,122389,8,267081,130,2721091,133,2933843,91,39588,
Female,SA,g. Retail Trade,3195,3150,145215604,2365,26545725,1851,2492383,78,102831,1851,2593564,2050,27430574,218,753552,1926,85962003,1851,18281661,443,651497,20,62792,28,32597,225,2210379,145,2255103,8,68135,13,425056,2340,1613341,155,110080,431,3097472,426,1242177,3173,152581256,497,869169,140,139773,865,195936,89,194301,1217,1234718,1422,2633897,44,9807,20,16750,78,68542,669,232097,87,129769,5,3995,1018,381700,2040,6507515,152,3400365,17,183405,152,1051660,68,3991265,489,12328294,260,1538237,17,226743,32,110353,950,9033530,225,6179263,170,1571604,278,17050716,225,4249343,222,621055,193,281008,196,46577,478,8700629,388,3302940,230,493036,483,3777241,283,2136550,201,-1009138,485,1127412,26,192791,11,6502,0,0,29,158629,180,2897603,75,130732,1211,4835371,11,30519,1540,676784,36,93931,667,16526241,42,586725,6,62092,28,224988,56,216482,2166,1953,1199845,152,46423,448,198935,1897,1047333,8,86904,5,10461,47,483822,23,211376,2904,182062207,58,1243630,2916,181655493,2968,182899123,941,26531984,1772,87077131,1001,26686168,1839,86922947,148,1432890,213,993380,19,61880,13,46445,665,10642226,217,760639,8,20000,735,3580242,1537,4425538,515,785949,2634,46059369,2936,155731505,3072,27049608,573,6418390,3158,20629488,60,2735997,99,5024341,1588,31100318,1665,36643511,1148,476315,
Female,SA,h. Accommodation and Food Services,1089,1061,42826746,797,6913339,543,647338,28,32651,543,679989,677,6944818,49,94205,605,22294236,576,4400434,151,401101,9,45597,7,8390,81,720840,56,886510,0,0,5,106617,744,497173,40,64518,123,712945,121,286890,1079,45547117,136,309922,33,58765,322,80809,39,73314,325,270485,409,793295,9,957,6,9757,22,25195,194,101162,68,139522,0,0,288,96581,641,2012990,39,912701,3,24247,32,300180,22,997355,107,2055653,47,243321,6,57728,4,215730,152,1782774,66,1276639,47,233844,83,4602246,67,1023171,47,81443,39,22737,40,4203,142,2929161,119,940462,56,108106,141,1567801,89,785742,53,-472950,142,312792,7,32832,6,628,0,0,14,44345,56,801857,25,35924,542,2298324,1,3552,584,260222,8,11145,150,3655570,11,138943,4,20083,5,29725,10,37553,576,519,311451,43,10791,98,46790,516,275452,2,2309,2,4431,41,304625,16,614561,1009,102080646,11,100392,1043,102906180,1053,103006572,193,1984421,521,36197796,197,1895166,524,36287051,79,828185,189,1407543,2,5968,28,193786,301,6719441,143,984955,5,18308,381,3174236,639,2194861,420,1325049,894,36229539,972,89368922,1074,13807524,93,1803853,1084,12004845,20,738550,22,1021618,695,15036883,708,16035728,490,204198,
Female,SA,"i. Transport, Postal and Warehousing",1779,1775,64480887,1307,9038228,609,652730,17,15588,608,665314,1105,8913223,42,140221,1306,47987927,1266,8909345,459,363417,6,23593,23,31090,113,1074809,50,780433,1,19001,1,38441,1169,615948,32,5613,78,210397,76,80880,1777,67054415,382,770271,99,96699,812,229973,71,163181,805,589162,991,1849286,10,8263,5,21927,11,6497,251,72232,19,18221,2,319,606,124678,1139,2546642,107,2503419,5,55722,27,233615,5,79552,68,836459,44,70092,12,184454,1,377,79,368026,45,438094,32,31245,60,931470,46,1102473,38,142453,36,22237,39,47583,101,1800486,79,571329,42,117720,101,761626,65,558772,36,-208961,101,349811,14,60037,0,0,0,0,11,19353,39,416798,21,28421,1011,1690641,0,0,1061,476728,18,13769,137,3274163,4,79807,4,37828,3,23321,19,91672,563,420,198103,111,15358,48,20933,494,192528,11,99778,3,1946,148,753033,29,114011,1595,27089684,28,122432,1745,27955951,1772,28058452,19,225643,72,1425579,15,218581,74,1432641,46,988605,17,113107,3,1118,10,46489,54,321548,35,146744,0,0,205,1265342,929,4063378,191,385494,1150,5862175,1371,14626641,1757,13487764,19,186984,1757,13289482,8,212494,10,236135,1298,11769278,1301,11874771,846,147920,
Female,SA,j. Information Media and Telecommunications,433,431,22556063,352,4181428,283,387180,18,25841,282,411971,306,4351255,53,177546,282,13382655,274,3200633,74,129573,4,13030,10,154422,24,156411,17,270107,0,0,1,109864,326,286715,22,5693,59,264405,59,109190,433,23778422,83,97885,29,36619,85,18913,15,35875,186,200617,208,389909,5,1272,4,5892,9,802,133,77664,6,11547,0,0,162,63202,303,1208261,12,297173,2,14912,26,205563,1,22172,52,656357,35,95639,2,-3251,1,49124,52,386015,27,1324539,22,503070,33,2653003,28,335754,29,169030,27,34343,28,13105,48,962628,40,447314,23,42187,49,462757,24,151714,25,-141344,49,10370,2,60148,3,3692,0,0,5,4854,42,630122,16,23071,252,967945,1,9625,232,96599,11,18693,142,4050281,6,110765,0,0,4,15903,14,54473,275,233,140001,20,7857,55,22166,237,125692,4,10412,5,44193,33,303520,1,17223,392,9649316,8,97987,420,9926677,427,10024664,10,19190,36,524154,8,15865,40,527479,30,280084,3,5280,3,1641,1,935,30,161599,10,21538,0,0,112,244121,139,312053,22,31424,326,1915345,357,3501499,428,6436234,31,251823,429,6186138,4,57520,3,80063,281,5639924,282,5619655,213,81361,
Female,SA,k. Financial and Insurance Services,406,391,22588893,319,4629414,267,417248,13,13290,266,429894,288,4835823,18,65790,233,13443141,225,3275746,57,138206,3,54790,7,51018,14,143353,24,403189,0,0,1,2213,305,469988,91,94147,166,1263457,166,530778,406,25065742,65,140643,17,107513,92,20396,12,41217,169,183244,190,493013,6,1875,4,20443,33,112218,99,37891,15,16780,0,0,160,86182,297,1719297,28,903409,0,0,31,291131,9,436907,108,2545919,59,233517,2,19403,1,97149,100,2569112,71,734907,52,94898,93,1950332,69,1775127,74,169517,69,47840,64,10261,123,2378864,101,1086811,71,156424,124,1054829,68,442760,56,-361960,124,80800,4,184939,2,115,0,0,9,58731,44,901968,23,46603,170,986859,0,0,176,74519,7,5946,37,526500,1,61,0,0,1,1009,1,1212,318,295,211512,20,6306,94,44441,266,173377,0,0,0,0,11,119789,0,0,344,37262728,3,49942,353,37332575,355,37382517,124,10027246,140,33617817,121,8684229,165,34960834,12,78558,5,13638,0,0,0,0,11,65405,26,114914,2,6942,66,136417,90,329689,15,29303,257,2607677,341,38343377,374,3140221,66,1533663,395,1606558,6,259136,17,837644,185,5295799,200,6010986,155,89284,
Female,SA,"l. Rental, Hiring and Real Estate Services",701,699,53192497,604,12957913,505,971155,31,50286,506,1020519,539,13526791,36,132631,356,18458410,340,4170550,78,161745,3,26623,6,151490,19,128517,31,548524,3,28174,9,279839,544,1412094,84,71228,208,4062646,206,1678774,701,56457818,100,282002,28,31495,155,39777,17,42407,239,298629,273,694310,17,6496,15,39192,36,32475,177,89959,35,62183,1,2500,226,180527,493,3105307,37,898818,4,120916,47,420047,18,117114,177,6498863,86,564620,1,4762,6,139116,83,1100106,96,6255467,84,2368942,111,14164371,80,3184845,74,104813,65,65697,60,6144,202,4908986,142,1451916,116,268887,201,1994850,133,1643345,71,-450012,205,1193333,3,90252,6,1740,0,0,12,52820,83,1909762,25,87903,419,3473057,7,22907,319,127120,7,25364,86,2147143,6,78899,1,7892,5,15760,2,7292,568,521,432800,34,13729,196,116222,465,330306,0,0,4,57307,9,139371,0,0,655,31412034,24,496138,655,31112574,667,31608712,9,85047,44,598400,12,91392,46,592055,32,301636,21,268137,1,125,10,44355,55,1056661,86,867438,5,66930,258,2113973,276,1116959,140,555695,504,9857745,610,16841709,661,14812796,59,939997,674,13872799,16,598298,40,2185411,382,12099947,408,13962556,326,175441,
Female,SA,"m. Professional, Scientific and Technical Services",6195,6171,409889800,5390,87816258,4493,7426421,238,280600,4491,7704460,4906,90795356,620,2309217,3852,195268957,3697,47086754,724,1281708,73,992052,87,2002031,262,2090261,237,3516838,19,183463,58,2664760,4697,5092156,471,289088,1225,6440881,1213,2614658,6183,435303284,1076,1935693,356,464445,1212,241382,190,420882,2546,2884084,2853,5946486,100,22859,64,177005,282,303730,1817,1150272,218,343383,2,607,2153,952250,4598,24820451,273,6607226,33,455208,381,3045631,121,3415526,1099,30623374,662,4044018,53,759589,15,394103,793,6057150,607,12501684,536,3532613,736,26626755,554,13089682,621,2180228,564,1012298,550,229391,1178,22997019,970,9538366,596,1474999,1183,10419390,656,5125196,531,-3560932,1190,1564264,42,236999,27,89082,0,0,83,570995,904,14906683,305,1001828,4145,32543414,44,183131,3034,1250214,133,616759,1380,35367835,83,1076759,4,30629,58,330929,94,350275,4742,4265,2794888,353,111504,1381,673494,3927,2232897,15,58506,14,182229,218,4235360,25,733628,5711,250812388,51,613402,5894,255390719,5931,256013861,82,1150865,531,9706294,92,1354622,539,9502537,399,5566808,212,1133014,52,123649,20,38722,528,4747914,314,761829,4,4341,1687,7179908,2945,8952147,539,656015,5005,59577410,5272,98244294,6051,157122366,521,4423531,6141,152680112,106,3408963,173,9545316,4368,145910281,4433,150061409,3677,1882865,
Female,SA,n. Administrative and Support Services,5594,5586,200319668,4257,26323175,2325,2405993,80,85674,2325,2491667,3388,25314217,147,389481,3086,93495561,2901,16793341,832,861769,23,132815,42,128970,566,5189476,283,4562149,4,47816,20,588225,3575,2127902,166,105594,446,1099736,436,447706,5590,207737705,635,1101163,225,201344,1632,404435,132,274845,1667,1107185,2174,3088972,32,8795,22,32297,78,60590,844,297530,84,119466,4,480,1763,444973,3261,7227752,177,3830753,6,77318,108,574379,33,891178,412,8175110,205,960766,35,497465,14,48680,217,1184020,195,3285405,146,677578,248,6645786,255,4222492,197,510577,175,222151,163,27199,475,7375976,372,2961161,219,442580,479,3201986,281,1785287,197,-1015038,479,770249,31,121882,20,8916,0,0,43,171563,241,2954494,96,218895,3179,8530562,12,37045,3481,1707531,48,90522,598,13320751,51,634610,5,36626,31,228775,46,152189,2454,2130,1216139,239,47261,311,125460,2216,1137940,5,27365,11,139474,290,3642368,30,272715,5239,132554677,79,1064613,5475,135553986,5549,136636599,39,298072,581,3731939,42,417436,588,3612575,347,7402051,98,702703,13,22553,6,125426,154,721319,103,155410,4,15058,906,3332729,3008,10023076,437,429938,4131,26355119,4471,52903458,5550,83775317,120,781935,5559,83005075,59,1759994,81,2448273,4415,74785489,4435,76864876,2882,948217,
Female,SA,o. Public Administration and Safety,275,275,13550299,231,2275372,170,210210,13,15096,170,225306,204,2249428,13,98793,183,5975691,172,1231579,94,146973,0,0,1,1217,32,280715,11,173495,0,0,2,151284,200,85271,5,1238,23,44418,23,16386,275,14247727,68,169003,7,7098,91,19891,4,3939,115,81197,132,281128,1,94,1,80,4,4435,43,11913,3,1435,0,0,120,31329,193,697428,24,501026,0,0,9,46232,1,3596,16,364489,6,47880,2,52783,0,0,12,113754,10,181948,10,31637,13,346677,14,665356,8,13668,7,9834,7,959,29,475093,24,196007,11,14701,29,179749,19,151691,10,-67055,29,84636,1,3264,1,788,0,0,2,3905,18,359697,3,7317,196,1012989,2,15127,156,72897,6,46258,47,1054121,3,27387,4,32018,2,8682,6,31264,150,130,69331,12,2072,26,6865,135,64538,0,0,0,0,5,58626,0,0,270,9626322,4,203981,272,9480967,275,9684948,0,0,11,13799,0,0,11,13799,8,195434,8,83941,0,0,0,0,6,58138,7,36323,0,0,56,343179,187,749300,15,40508,223,1889194,238,3409816,274,6268899,3,6923,274,6261976,2,6737,2,37500,229,5896817,229,5731064,175,83580,
Female,SA,p. Education and Training,2408,2399,122282383,1995,22015543,1555,2071183,56,66638,1554,2136708,1731,22456175,228,721854,1552,66564554,1451,15260750,344,612120,10,41362,20,118832,175,1463969,138,2086055,6,110663,35,1669095,1856,1912312,150,460681,354,1311211,345,538042,2404,129351671,398,614016,148,174444,533,121830,104,224622,973,1292676,1096,2427588,45,18906,19,31772,80,52775,660,392120,40,53968,2,820,1032,385865,1712,6919176,140,2975715,16,252643,130,1180180,29,1085517,336,8328711,188,1138371,26,128812,5,98633,286,2561500,195,3374696,148,647506,230,6696256,160,2444202,203,697373,178,249521,162,42056,364,6838530,266,2390172,177,472328,365,3027854,231,1685770,132,-737594,365,948176,31,233647,4,797,1,13240,21,324249,202,3363850,70,176621,1474,5108661,34,137837,1313,580789,38,173784,730,18780698,20,295265,0,0,14,55252,58,201888,1737,1513,1050621,118,41338,345,151304,1495,940655,5,71008,30,136798,106,972881,15,154506,2196,64372518,23,277508,2314,65381598,2332,65707080,44,569007,164,2322454,43,658908,173,2232553,98,1484633,74,368127,15,34765,8,19092,289,2383234,66,139661,1,622,588,1915957,1152,3220778,231,412395,1928,18003053,2042,30215917,2361,35410540,196,1903901,2391,33520690,27,535722,50,2623563,1659,33022767,1680,34625108,1277,508924,
Female,SA,q. Health Care and Social Assistance,9384,9360,828247942,8405,213034853,7122,15433118,387,514167,7124,15943678,7796,221451343,1139,5732271,5578,321870253,5256,89262580,1819,3335793,76,591833,90,423189,564,4441910,381,5751231,21,221139,50,1230095,7092,7728998,598,612532,1505,7486227,1489,3055328,9368,884702205,1575,3601661,459,754480,2233,527054,379,1185836,3446,5872653,3988,11941684,148,45055,81,337680,340,427598,2588,2624392,435,449335,5,5494,3430,1542261,7140,56012451,1504,35465469,44,873957,552,11065528,118,626517,1452,47128778,879,5059709,41,777817,28,526042,773,8013188,778,12470697,707,3417016,963,30796608,719,14132084,896,2548808,814,1312195,787,251009,1696,35874131,1373,16375280,874,2766973,1695,16419051,871,6949299,830,-6636472,1706,312827,83,658751,48,72925,2,44370,143,2016823,1810,31061144,1146,7553265,7128,117500877,39,104809,4187,1791855,152,250728,2345,76062185,125,1612312,12,95030,110,924010,255,1095659,6884,5904,3774736,480,152218,2399,1266239,4937,2660715,11,214973,10,168068,214,4437028,65,2051744,8928,792283219,63,1307033,9115,797700252,9165,798961596,176,1443061,791,13700797,189,1631852,809,13512006,480,22283447,353,3182737,37,41370,31,347348,1692,21540934,457,1843739,9,46376,2620,13914712,5495,19148466,969,1387720,8338,243939043,8667,341193800,9259,457401883,533,6972047,9325,450465780,85,1869297,225,15034256,7402,430093194,7471,424716051,6526,4237731,
Female,SA,r. Arts and Recreation Services,3311,3293,166521587,2649,30411063,2131,2875060,84,80052,2130,2954376,2351,31184479,402,1178398,2179,95862487,2062,21532918,513,937947,26,146354,32,289761,290,2331620,165,2533564,7,64310,33,1360000,2580,2350494,188,95100,493,2399388,485,990650,3302,175304093,548,956671,198,279323,802,186043,110,186152,1332,1740150,1537,3348339,41,9582,24,71366,112,123678,909,541985,60,59112,1,370,1304,505139,2320,8103576,106,2392253,25,1620412,186,1163772,40,2134467,487,12409261,302,1579488,25,140160,13,455862,635,6224703,255,3808460,209,936402,303,10678589,230,4381465,331,4570672,293,2716972,282,330894,409,8060146,292,2563332,186,439218,403,3624803,255,2303752,155,-870959,410,1432793,27,129839,5,1963,0,0,43,291610,226,3254577,82,185294,1738,6652437,25,99872,1729,760313,47,36056,1211,33109879,56,1252799,5,32987,40,229442,116,401974,2296,1979,1230388,149,51070,470,196037,1929,1085421,6,6762,27,1819301,138,1194920,41,450511,3009,92373656,48,1194847,3116,94647292,3160,95845150,128,1796927,472,4752975,141,1906092,478,4643810,307,4292110,87,330411,14,88026,12,67286,566,5315610,86,233284,3,3978,772,3007682,1468,4114147,318,516700,2753,32197809,2926,54810853,3248,40834437,453,5290252,3291,35546895,44,1503233,53,3013202,1963,40385661,2005,42875625,1499,581242,
Female,SA,s. Other Services,5572,5542,236789329,4542,36233925,3338,3732521,131,123445,3336,3855246,3854,36152844,259,731019,2517,86774445,2375,17220012,703,1038178,18,120496,44,130337,435,3744180,288,4371664,8,36348,23,583871,4009,2348406,193,110129,521,2336045,507,940942,5554,248241772,600,1047614,128,121971,1111,264857,121,287270,1351,1146175,1690,2867887,62,16431,32,29775,82,90003,910,327406,169,188932,1,4600,1704,559573,3229,10378050,203,4895668,11,109840,145,881098,56,1639687,603,16980080,293,1486550,22,348115,19,197231,621,5140732,292,4834054,228,1025206,334,10679766,285,4187120,245,323387,220,145859,214,31955,713,12255025,582,4792352,334,756363,719,5173176,411,3053238,310,-1520104,723,1533134,35,205077,16,3498,1,4425,48,186878,516,5931982,129,353735,3333,15564816,19,40198,3467,1642436,51,101639,927,19619579,70,768318,53,483069,69,530017,80,321559,3596,3270,1930658,232,65817,562,232918,3250,1763557,13,357761,3,8889,98,1235842,73,1015065,5310,266006476,53,1021791,5380,267551899,5431,268624033,753,4336657,2023,28572592,767,4525242,2040,28384007,202,2497640,396,2669976,15,39933,36,274781,1525,18259252,415,993814,13,15462,1687,6796611,3341,9866453,1222,1782685,5014,79528347,5230,151108961,5499,117409826,386,3335151,5538,114040960,83,3176960,139,7172769,4113,109796703,4166,115422454,3049,1528110,
Female,SA,z. Other,586,577,41776346,478,10699709,391,770060,23,36011,390,806015,434,11155875,39,151015,376,19852364,362,4773745,112,265640,4,54306,10,40415,49,455237,28,446485,0,0,7,423019,401,466014,52,38025,126,1177376,124,481670,583,44705553,100,214730,38,46664,174,42186,28,59234,255,317035,290,679849,15,2013,2,23385,24,149132,165,169864,30,67201,0,0,216,121864,429,2711119,29,571359,4,77432,38,685220,11,422731,108,4720122,59,157435,9,161202,33,714531,215,2330865,52,1023423,45,218164,68,2500939,57,1585417,62,141060,57,94953,61,27474,126,2858745,93,1026126,60,167952,125,1381321,73,654642,54,-371296,127,283346,6,55913,6,9327,1,4249,8,175132,59,1329432,30,167379,203,4698038,6,30729,285,124493,13,9945,105,2748392,0,0,2,8828,7,34570,8,39855,405,355,236188,33,13624,105,45457,338,204355,0,0,2,27750,15,291203,10,59678,331,115413050,29,928698,322,114862983,346,115788240,71,3388815,137,79651223,73,4951410,140,78088628,39,4670852,29,348986,1,2000,1,18478,47,1017149,46,312330,1,31231,149,881921,201,1129464,116,416053,388,15265761,455,102217653,492,13564074,157,2531647,578,11039129,16,567340,17,926411,228,14306763,244,15013215,189,98212,
Female,TAS,"a. Agriculture, Forestry and Fishing",436,423,18725940,332,3810483,246,335775,10,16882,246,352654,279,3706019,12,39308,210,10690046,201,2598662,66,627300,1,114,2,38868,17,169515,27,493415,3,11902,9,144246,349,815764,59,89998,148,1080559,147,430118,433,20538175,38,82977,11,40394,119,28196,5,8037,122,185857,162,345461,4,717,3,25949,9,9517,96,63162,10,6828,1,407,143,95708,273,1153981,27,565114,0,0,32,209222,23,289285,74,780505,39,87908,2,22697,57,3356020,23,928489,35,690186,23,118723,43,3437436,48,1202948,48,143340,41,94554,36,5528,91,2465331,39,382169,37,135367,90,1260042,68,866424,25,-178671,93,687753,4,28478,2,2329,0,0,11,5989,26,554294,13,49772,182,1095038,5,5996,226,100256,2,6788,47,981107,5,19051,1,1467,1,9157,1,2425,283,260,232867,28,10946,51,32654,247,211159,0,0,0,0,1,10507,46,110227,420,27840828,308,21582694,138,6378868,421,27961562,187,6166501,160,5132551,198,6928042,221,4371010,86,1220785,28,149830,2,540,7,99343,29,321113,64,594222,1,27358,202,3397970,234,997288,192,1727272,396,13021681,416,25928412,433,2077284,41,3203076,432,-1125792,9,258527,8,519948,222,6552703,231,6897229,162,84985,
Female,TAS,c. Manufacturing,537,530,22197995,406,3638243,306,365609,14,16485,306,381939,348,3616244,37,108893,317,12891349,307,2741435,88,186428,3,4190,2,27869,38,381194,30,416469,3,74699,8,264314,395,434735,24,16026,98,414837,96,175678,532,23038690,64,90828,17,9407,131,26588,7,5572,196,159340,229,291735,5,980,2,12264,13,9563,135,47775,4,3983,0,0,215,59747,356,791008,21,487063,1,34976,20,110165,6,100829,61,849707,37,49314,4,27195,4,129113,146,1404996,36,718841,28,218931,42,1705290,38,307581,45,152489,39,78441,36,9171,62,928278,41,308711,20,12891,62,365224,45,318992,18,-77540,63,241452,7,41737,0,0,0,0,5,112181,28,334205,14,30756,217,681806,9,30839,288,135735,5,91575,134,2770403,13,219644,2,20039,5,38448,9,32774,326,300,194234,18,7573,63,24542,297,177265,0,0,1,700,8,93686,5,12071,502,16469663,13,570803,498,16005317,510,16576120,112,1158463,277,4302562,127,1295210,281,4165815,31,476383,15,94707,0,0,3,5672,91,586538,19,35826,0,0,147,666545,268,687463,83,75221,446,4760389,499,11554559,521,5012515,108,1322235,530,3691080,8,180084,9,334547,273,5255303,280,5628299,196,79543,
Female,TAS,e. Construction,137,136,5921307,108,999857,83,97088,5,5561,83,102649,93,1015642,11,32281,69,2337973,66,468752,27,31046,1,2600,0,0,10,132783,7,92858,1,1291,1,58151,99,49343,5,3900,20,120840,20,47403,137,6337417,13,28668,4,9725,39,10364,2,2138,28,48530,47,99425,2,1928,0,0,0,0,20,5726,9,9617,1,228,51,16549,82,357688,6,106721,1,11917,4,12307,1,7190,17,803201,7,154713,1,23633,0,0,13,172115,11,239404,5,23908,12,466883,4,65929,5,4819,5,4819,5,519,15,428225,11,113747,4,7154,15,213002,11,105102,4,-10780,15,94322,1,1661,1,10731,0,0,1,2637,10,223910,2,305,77,334366,1,5812,85,34595,1,65,26,473821,2,16235,3,26966,1,10347,3,5999,54,51,35942,2,177,15,5334,46,30785,0,0,0,0,4,240240,3,5784,133,6841690,2,53980,136,7045776,137,7087714,5,171844,33,1396567,5,172314,33,1396097,19,429824,7,33359,0,0,1,1440,13,133316,8,16015,0,0,42,468767,87,420261,26,87422,112,1791116,122,4777617,137,2188729,6,86015,137,2083626,2,41974,2,77731,100,2378457,101,2421285,72,36591,
Female,TAS,f. Wholesale Trade,53,52,2300027,37,461842,26,37441,2,5921,26,43362,29,437802,3,15231,31,999650,30,181087,4,4650,0,0,0,0,3,38241,4,55722,1,12660,0,0,42,25756,3,1188,10,21265,10,9111,53,2391193,5,9351,2,374,11,1996,1,695,15,11637,18,24053,0,0,1,32,0,0,12,2857,3,1858,0,0,11,6078,27,83283,1,16999,0,0,3,20699,1,57848,8,196207,4,403,0,0,1,5000,6,35971,5,216163,4,66715,6,449924,4,109330,4,41031,4,560,4,2743,9,188737,8,89700,6,7914,9,72837,4,37977,5,-19691,9,18286,0,0,0,0,0,0,1,3,2,38773,1,9632,21,147890,1,1899,18,8631,2,36774,10,120701,1,17227,0,0,2,10020,0,0,25,19,13047,4,2199,2,841,22,14405,0,0,1,9000,2,12498,1,457,50,4180865,7,478459,46,3724361,53,4202820,11,404020,31,1925108,12,474385,30,1854743,5,54509,6,38428,0,0,1,8840,7,80815,8,20606,0,0,17,44402,28,103267,12,28321,47,1358079,51,3592010,52,562166,3,40324,53,521842,1,8820,2,111946,35,810700,37,910629,23,11389,
Female,TAS,g. Retail Trade,1033,1014,44918889,753,7913408,552,737405,20,27406,552,764482,635,8114604,59,227821,563,23501161,529,5028638,165,381966,3,12893,4,7783,84,850393,66,1115820,3,27229,10,281420,716,609164,44,162263,169,1141579,168,426847,1020,47030577,115,160592,45,35134,241,54226,20,51271,312,264238,380,565461,4,543,5,16655,12,23897,252,90129,34,40319,0,0,367,124066,649,1942098,42,894292,7,156277,39,164739,12,98995,128,2165214,70,331936,1,7227,7,72312,251,2144653,73,970080,56,163185,89,2512478,66,1799030,61,304696,49,56298,53,11172,149,3333060,106,1091894,56,124589,146,1416802,105,961411,43,-261636,150,699775,9,57167,4,9342,0,0,13,61782,79,1052121,25,26616,421,2527757,11,26592,483,212430,11,22987,193,4280815,12,148859,2,11128,1,1753,11,51179,607,545,374764,52,11203,115,46213,546,339754,3,15304,4,59428,15,338373,12,68252,978,87944293,14,232830,982,88192820,992,88415850,368,14072139,638,44764456,378,14590593,655,44246002,73,957203,110,709309,10,18216,6,46121,296,4855067,98,468212,0,0,290,1523958,550,1689698,230,356452,875,20527623,967,75397861,999,13078571,162,1421115,1019,11623455,16,368277,16,475095,556,14373356,566,14469496,394,181877,
Female,TAS,h. Accommodation and Food Services,511,501,21191582,381,3634998,270,340608,13,16831,270,357439,323,3654695,15,49385,270,10030456,256,2078611,71,127159,1,328,5,8716,29,293751,39,687105,2,12388,4,81477,350,265877,20,78972,76,388481,76,141785,508,22832267,52,107686,18,54451,131,30188,3,2206,139,141235,177,335766,3,793,2,1347,4,959,86,34647,30,60969,1,1,174,83807,311,1125847,12,210276,1,30000,24,195207,2,75471,51,835839,19,91281,3,98373,3,998,67,850274,29,628964,18,88471,34,1493744,34,918056,18,58365,14,7805,10,8352,78,1906402,54,422575,30,32177,78,864176,55,698071,24,-110597,79,587474,3,8905,3,4207,0,0,4,2383,30,587436,7,20122,252,1446125,3,6084,270,123131,7,18754,51,806574,7,54762,3,26622,1,10871,3,12036,273,251,167110,20,4811,41,21334,247,150586,0,0,1,1550,5,35124,13,204066,484,60471146,11,250571,485,60461315,491,60711886,88,728925,266,20858971,87,683394,269,20904502,50,372158,104,1115230,1,150,11,102663,163,2987935,114,717356,1,3109,273,2137386,304,1105430,259,912533,465,22471991,487,52830443,501,7951070,41,581695,505,7369375,8,154817,4,457507,317,9381540,322,9076451,232,112235,
Female,TAS,"i. Transport, Postal and Warehousing",377,377,16011520,301,2466452,150,161685,8,9699,150,171383,264,2463695,9,31046,280,11645611,269,2147552,127,165559,3,9469,7,10133,20,147873,20,430289,0,0,1,25877,275,108066,12,23458,30,19281,30,8255,377,16644970,89,176280,25,23477,188,55610,19,28622,175,132615,219,416604,1,5749,0,0,3,543,58,14355,4,2116,0,0,147,26486,264,633450,23,650272,3,41058,8,33061,3,-10540,21,125189,11,1209,0,0,1,1,17,49584,11,123142,10,27448,18,252542,17,161705,9,21843,8,2035,11,207,22,296040,16,108981,6,8953,22,140020,13,72663,9,-34577,22,38086,0,0,0,0,0,0,2,459,9,164930,2,2667,243,573931,1,1328,225,94400,6,375,27,579865,8,138585,0,0,0,0,1,3665,107,75,44693,16,2095,6,4528,85,42259,2,10181,1,934,56,282581,9,49170,318,9572654,8,69223,372,9846297,377,9915520,10,135735,20,754156,9,133368,21,756523,12,301859,10,95034,1,2368,3,6968,14,76808,12,97114,0,0,46,330007,201,800120,75,248531,245,3286868,312,6002200,374,3746312,6,44806,374,3701506,4,70507,3,69844,268,3529356,269,3543007,194,43340,
Female,TAS,j. Information Media and Telecommunications,102,102,6233341,83,1335525,65,109050,3,5012,65,114062,68,1392791,9,18087,63,3551778,61,920642,18,66708,3,3626,1,269,9,95370,7,99821,5,32365,7,229926,81,145736,7,10624,19,173901,19,63207,101,6507645,13,21036,11,11080,13,3723,3,812,43,116053,47,152704,2,61,1,194,4,4102,39,16828,2,503,0,0,42,15379,78,269172,4,60855,2,18447,6,41348,1,-39415,15,109453,10,15283,2,51115,0,0,14,117146,13,479122,9,161567,17,1130742,9,61827,13,12063,12,6923,11,666,23,514419,12,166751,9,5993,23,234297,17,161001,6,-53623,23,107378,1,4290,0,0,0,0,2,184,7,72921,4,6480,54,221416,4,10371,47,17619,1,17,29,887282,2,15476,0,0,1,1461,4,20474,62,56,35817,7,2189,14,5731,56,32275,0,0,1,3000,8,78940,4,23390,93,2155055,3,1864,99,2258521,102,2260385,7,101650,14,69901,7,51018,17,120533,10,61925,2,4673,0,0,0,0,10,35457,2,2290,0,0,23,77227,38,90170,7,1746,74,600873,79,994894,101,1257230,16,96579,101,1160651,0,0,0,0,59,1110987,59,1079321,41,13810,
Female,TAS,k. Financial and Insurance Services,66,66,4728050,50,1158504,42,86282,2,1010,42,87292,44,1208705,1,2925,41,2594696,41,658630,9,23058,0,0,1,5605,0,0,3,34667,1,658,4,87295,55,105458,15,7846,29,339418,29,130184,66,5102769,12,19546,3,1549,25,6112,4,11142,28,30888,33,69237,0,0,0,0,4,10088,24,14097,5,7161,0,0,31,21725,56,288681,4,118638,1,20152,8,62473,1,-349798,19,480267,10,104428,0,0,0,0,20,406830,13,480320,10,144387,16,960048,15,394310,14,31892,13,3459,13,686,25,665414,17,236212,15,41081,25,355164,13,152934,11,-119977,25,32957,0,0,0,0,0,0,2,904,11,158134,3,7776,25,299600,3,7602,18,8812,1,140,4,98473,0,0,0,0,0,0,0,0,49,45,36581,2,397,16,9279,40,27700,0,0,0,0,3,864821,0,0,50,5569792,0,0,53,6434613,53,6434613,32,2185083,26,4698331,31,2012675,37,4870739,2,64861,2,2409,0,0,0,0,3,29523,5,16365,0,0,10,83243,12,32424,2,328,33,296549,60,5396441,62,1055417,15,347018,63,708399,0,0,1,1303,27,1143194,27,1108603,20,11372,
Female,TAS,"l. Rental, Hiring and Real Estate Services",183,182,11594179,148,2625943,115,208376,9,13389,115,221765,128,2675169,7,35100,90,4767255,87,1103571,35,72542,2,2131,0,0,4,25059,10,143498,1,18788,9,223368,146,317673,17,6359,53,311739,53,127766,183,12336146,28,85221,3,46663,49,9682,3,5462,53,83068,68,230096,3,3276,1,91,5,41317,54,55796,6,2335,1,110,63,38261,126,729660,9,235973,1,17843,12,114865,9,-259168,44,1878494,18,106995,0,0,2,20256,28,304598,21,573589,16,163350,25,3236963,18,1095557,21,89545,19,54506,16,2358,56,1704031,34,415161,25,57990,56,730980,37,603850,19,-103950,56,499900,1,2086,2,1172,0,0,1,480,16,341087,4,15313,97,733164,6,17005,76,32403,3,30308,21,372878,1,11875,0,0,1,9892,2,7295,138,127,106613,9,4536,38,19412,116,91737,0,0,0,0,0,0,2,2564,178,7715135,9,390021,172,7327678,178,7717699,6,37164,13,45582,5,37675,13,45071,12,412629,4,19321,0,0,3,202429,4,20662,33,357109,0,0,65,651734,63,244364,52,248432,132,2286213,150,4487964,176,3243446,22,344814,179,2898632,6,123662,10,963515,105,2525831,112,3471350,87,47311,
Female,TAS,"m. Professional, Scientific and Technical Services",1749,1746,114015083,1495,24440132,1261,2074667,75,99612,1260,2174163,1360,25382972,157,574672,1088,54543601,1053,13114972,293,700352,14,178270,32,627708,71,595664,54,745760,11,67329,33,1115979,1326,1349627,115,118685,382,2218419,377,891828,1748,121502201,260,535584,120,148292,358,98923,66,176369,674,820049,797,1779217,26,6294,20,40106,52,103550,599,412851,53,98806,0,0,688,262165,1344,7451079,81,1946389,12,258226,116,545088,28,179294,314,7871184,192,1152098,12,104122,14,276955,246,2426558,143,3058333,117,893241,189,6493431,179,3352632,195,441583,177,179661,168,43674,347,7627327,256,2249811,151,360511,347,3630931,224,2116408,123,-730334,348,1386074,32,170188,9,9264,1,12806,21,87115,266,4441160,74,302061,1127,9337698,33,88617,853,346952,34,82858,386,10136752,32,554584,3,36574,17,169475,30,111391,1197,1094,788101,83,28481,348,173298,1014,643284,2,21863,1,3350,61,905748,19,154709,1628,74036748,23,283938,1670,74838480,1688,75122418,33,237652,180,2303677,35,300385,185,2240944,120,1126947,67,435870,12,14602,8,58682,151,1675764,82,351536,1,14540,519,3003592,864,2424274,166,295340,1469,19271318,1552,30913409,1725,44136054,174,2196353,1743,41913888,30,609565,41,1699503,1252,42100851,1261,42380558,1021,531463,
Female,TAS,n. Administrative and Support Services,1336,1334,49392666,1036,6670287,618,645665,24,27519,619,673184,822,6396521,38,150806,779,23890455,722,4615128,219,261929,10,81649,15,44104,169,1519465,107,1557968,2,3008,11,192519,918,712519,36,33600,166,425014,162,180827,1334,51825825,158,294536,49,72591,394,94537,24,57352,414,294134,545,813150,6,1512,9,6996,9,11710,317,83059,20,61873,1,195,513,126510,903,2381241,43,979273,3,38362,42,272367,9,-50054,102,1155566,47,187923,9,55510,6,96006,88,657799,51,1243016,38,172790,67,2925449,50,1391566,56,141497,45,50344,48,6714,136,2648433,90,789430,58,102603,135,1044950,93,892279,45,-180829,138,711450,16,88587,2,149,0,0,8,14920,68,1220416,24,37140,745,1968910,8,15208,796,385242,22,95191,177,3665732,19,210597,4,14453,8,47148,11,52114,580,518,326018,46,11058,75,31513,529,305564,6,66679,2,50357,72,1408784,15,354711,1229,35306602,23,623062,1296,36575021,1317,37187133,16,343622,166,1217800,18,350985,168,1210437,79,2047098,55,398363,10,53556,2,4741,69,356607,32,48927,0,0,264,1440075,757,2639016,147,198253,1011,10046065,1106,18472128,1317,18608982,48,336024,1325,18301408,20,304136,6,108685,960,16573375,964,16633640,654,217834,
Female,TAS,o. Public Administration and Safety,35,35,2109720,32,413921,28,36893,3,6653,28,43546,31,435747,2,7554,23,858862,23,175073,13,28553,0,0,0,0,2,18152,1,10129,0,0,0,0,24,20387,1,22,4,1883,4,727,35,2185741,8,12081,0,0,14,2813,0,0,12,6673,19,21567,0,0,1,90,0,0,11,4195,2,3439,0,0,15,2953,29,76021,6,135638,0,0,1,400,0,0,3,48707,1,3376,1,2810,0,0,0,0,3,301509,2,114952,3,603938,3,93892,1,2455,1,2455,1,410,8,135371,6,70805,3,2560,8,47242,5,47619,3,-32855,8,14764,0,0,0,0,0,0,0,0,2,37499,2,6278,30,157597,0,0,23,8206,0,0,3,53897,1,10656,0,0,0,0,0,0,14,12,9150,1,865,4,1291,13,8724,0,0,0,0,0,0,0,0,35,1707096,0,0,35,1707096,35,1707096,1,30334,0,0,0,0,1,30334,2,62207,4,34892,0,0,0,0,1,13600,3,16659,0,0,9,181495,26,107794,5,13091,28,394547,30,854619,34,876781,0,0,34,876781,1,23972,1,19262,31,851629,31,852690,28,11736,
Female,TAS,p. Education and Training,578,578,30442769,499,5476245,391,520744,20,23121,391,543865,446,5589705,53,164009,407,19330811,397,4558077,125,185474,7,47582,4,16943,48,441832,27,488881,3,7514,29,1175460,454,368279,36,8488,115,380229,114,157190,577,32285536,105,163438,48,69470,159,40580,27,72267,288,377910,326,723665,7,1035,1,95,15,9623,226,146195,11,18202,1,660,254,90290,461,1826813,32,718543,7,82532,51,401069,3,-39497,82,1206853,45,162223,8,22694,2,61455,64,431491,45,429488,41,86732,54,873223,38,470027,54,134934,48,55586,48,3562,102,2189714,65,617488,52,121241,101,956358,73,653237,29,-158610,102,494627,6,21031,0,0,0,0,7,28331,61,782529,16,54299,383,1018523,27,109493,320,141158,9,5747,159,3861485,6,77968,1,140,4,29468,9,50554,383,353,249182,27,9594,86,35850,340,222926,1,4772,10,25243,22,232744,3,22217,534,13497960,7,343418,560,13439518,566,13782936,12,57490,44,187194,12,52056,44,192628,26,204542,11,56812,4,9189,1,20815,95,631999,19,52168,1,120,148,386894,258,722886,58,79468,460,4179063,498,6536584,570,7231457,43,408116,575,6827341,10,67162,4,331521,392,6683666,394,6888175,316,106677,
Female,TAS,q. Health Care and Social Assistance,2707,2696,236197651,2424,60044432,2039,4368587,133,174300,2040,4541673,2242,61822221,302,1625537,1521,80036300,1458,24321707,729,8399065,8,64328,24,82033,166,1412232,105,1542147,8,54960,30,650655,2038,2197346,139,94676,476,2328000,472,915412,2699,252485047,393,851754,160,267044,604,152122,125,437611,941,1777039,1080,3485570,27,10663,22,69937,55,60718,885,834759,125,126403,2,144,1050,430481,2069,16180013,454,10290572,8,116887,137,744065,24,-680357,321,5719451,201,523596,16,666893,8,736340,214,2028473,222,5161499,201,1646105,272,15736006,209,5932715,222,894988,197,306741,186,73913,526,12229230,417,5160678,248,648889,520,5680792,304,2558726,222,-1819857,527,738869,53,168900,21,20846,0,0,41,204041,591,9599108,263,1557395,2063,34845406,26,54615,1181,506527,41,679765,619,18166373,48,635257,2,26816,34,317520,61,264741,1833,1583,1030473,164,55173,655,311830,1376,773815,1,8127,2,117160,77,2206481,39,1404134,2550,227699649,19,445973,2621,230982703,2637,231503742,44,528004,233,5596608,46,595755,236,5528857,144,5412756,97,1062368,13,40740,12,90218,593,8278328,129,685630,3,2421,787,3835287,1440,4683705,295,692463,2422,63333354,2516,93586127,2666,137686142,138,1352700,2687,136341023,23,1443079,18,1016817,2116,127661226,2123,123445119,1849,1220571,
Female,TAS,r. Arts and Recreation Services,1332,1325,64684954,1053,11682095,843,1119691,39,50594,842,1170149,918,11894778,155,516040,877,39726779,844,9129195,251,511271,5,4166,14,190164,115,1072982,82,1218816,8,82698,31,947973,1028,1035501,72,40102,270,1510131,269,585795,1327,67934634,196,311182,98,127900,294,67082,38,62263,555,615885,639,1184312,11,1553,9,2046,23,48557,443,322116,24,35615,1,143,631,222456,986,3101081,44,972365,8,320357,95,523592,9,33385,166,3706686,100,569734,10,168754,4,10209,297,3313598,84,1467852,67,322480,102,2834120,82,1226177,110,816829,97,530143,85,85323,211,3664824,131,949267,80,106579,214,1568998,155,1313219,60,-273239,216,1039980,27,85969,4,6359,0,0,18,96867,79,1164071,34,118615,654,2034058,25,67879,676,296436,21,156523,492,11530658,39,674726,1,63,6,46798,46,197255,807,717,487930,42,15290,167,72640,702,430580,9,39034,7,382562,48,384908,30,264871,1197,32372035,13,226521,1246,33234856,1256,33461377,88,829819,242,1794945,97,936281,256,1688483,121,1573005,30,123397,7,8877,3,2157,220,1590064,39,101224,1,123958,385,1804816,577,1386116,117,203663,1114,12294398,1192,20900158,1302,12453650,216,2677509,1321,9776141,19,242593,17,776220,751,13467092,763,13856043,573,210303,
Female,TAS,s. Other Services,1503,1495,64690820,1235,9968242,935,1036356,43,41189,937,1077545,1080,9917826,72,197826,671,23178680,639,4794343,183,265796,9,60769,9,23115,121,1017167,85,1390045,3,33568,15,382016,1081,605534,38,16199,178,482695,176,179948,1498,67586477,132,210566,36,21800,283,67028,40,103567,331,260980,428,663941,9,1056,3,5839,16,19245,283,81144,74,108180,0,0,481,145366,914,2776999,53,1241097,6,107142,46,235543,8,200735,135,2514244,63,279659,3,75218,3,13321,157,1352209,62,1332221,50,245845,76,3441368,71,807782,50,183386,40,30029,45,4577,178,3037374,132,1061240,67,122748,175,1263738,115,889030,63,-299382,178,589648,8,32333,2,3496,0,0,15,17058,152,1701264,29,49914,946,4661085,13,32029,940,426517,19,43481,232,5050601,20,222592,21,198632,12,111752,21,98088,858,788,530395,70,20533,134,50553,792,500375,4,22025,1,3500,21,277928,55,813866,1441,92383103,13,262433,1461,93237989,1471,93489502,232,1530800,607,11335503,244,1565526,614,11300777,60,1057118,169,1538884,5,4035,11,33837,487,6532427,156,514859,4,6995,513,2504024,910,2596751,387,561921,1359,32604333,1421,59255961,1483,34432818,108,1026906,1492,33409754,21,649475,18,827644,1139,32925075,1144,33314897,870,459268,
Female,TAS,z. Other,535,528,31559146,425,7077928,362,594255,19,33749,362,628004,386,7380111,44,173011,353,19212859,345,4687595,126,588801,7,12169,11,83585,40,336118,30,327288,1,2611,10,262617,384,678133,42,61642,132,990298,131,399345,529,33401547,115,193652,41,35646,174,49072,20,25532,244,321837,281,625739,7,879,5,21320,8,27405,159,112762,13,31557,0,0,233,95917,396,1632979,45,983443,4,42079,50,385763,9,-376227,72,1384020,34,169490,1,24447,28,843830,184,2156727,50,1477518,40,402595,64,3409627,53,1514683,42,141225,38,80732,35,31289,102,2702899,76,814940,47,159077,106,1312444,64,734467,41,-318029,106,416438,6,22127,2,682,0,0,3,6000,32,606034,18,91349,195,2071498,8,22940,241,98976,15,9882,103,2360923,6,95957,1,7429,5,28572,13,60333,354,326,234740,22,9411,100,45641,306,198510,1,241,2,7945,19,201687,14,115999,330,68737704,37,3375126,319,65688450,352,69027550,71,5081672,134,39860431,75,4023545,137,40918558,32,702548,32,804566,7,61050,4,63630,49,965922,38,278848,2,4002,144,1461329,199,971165,102,602287,359,15352948,413,62186853,463,6557822,129,2404766,528,4100839,6,95367,3,207398,225,8014204,232,8083372,179,87746,
Female,VIC,"a. Agriculture, Forestry and Fishing",4091,3956,270009138,2974,78775885,2305,5317146,127,184644,2305,5501478,2533,80339471,128,444300,1981,120713427,1907,30477463,652,1404291,23,430679,28,186156,153,1463855,237,4298737,13,322893,45,1491919,3275,15795425,705,1619765,1528,32745740,1519,13491387,4077,301421843,459,1085069,171,185080,995,250756,56,149032,1199,1315826,1504,2985763,41,12142,58,1502581,220,1515937,1040,5831743,115,198771,3,828,1243,1589194,2568,21993696,175,3648811,43,558536,278,2520590,209,1575776,1021,78244864,544,16586575,17,550882,550,46009719,208,6846962,482,17304632,350,4961298,627,60145008,465,11082893,439,2801323,411,2046308,372,276622,898,26218308,439,5939848,327,1084789,878,11921216,619,10148679,279,-2876224,903,7272455,42,288032,24,30030,0,0,61,418558,363,7722729,117,624093,1365,8615603,26,111376,1619,694500,41,104219,415,9575522,30,439158,10,93551,14,105459,12,31503,2596,2333,2099838,205,97003,753,476385,2078,1720456,2,9810,1,7950,31,487845,484,2587540,3649,253922589,2716,205401921,1220,51613813,3692,257015734,1956,72908435,1413,45702954,1996,75636440,2193,42974949,706,10488097,178,1088154,7,6342,122,2085216,272,4467432,771,11692386,16,218919,1891,31257228,2308,10670890,2187,18164673,3703,131502596,3865,264674214,4000,-9307985,513,45971951,4065,-55279936,93,2733267,137,9292067,1666,48349871,1798,55858758,1280,679344,
Female,VIC,b. Mining,21,21,1196805,17,231202,11,19137,0,0,11,19137,15,225916,1,1947,9,246421,9,40389,1,14,0,0,0,0,2,8835,0,0,0,0,0,0,14,21616,1,361,4,16741,4,7174,21,1243568,2,1170,1,960,6,2083,1,11545,3,1797,8,17555,1,372,0,0,0,0,4,835,1,290,0,0,4,711,11,46763,1,32953,0,0,0,0,0,0,3,15428,1,2032,0,0,0,0,0,0,1,3852,1,1102,1,7704,2,50775,1,7414,1,7414,1,1267,2,31610,0,0,0,0,2,14936,2,16674,0,0,2,16674,0,0,0,0,0,0,0,0,1,27000,0,0,15,179956,0,0,10,3802,0,0,1,9748,0,0,0,0,0,0,0,0,9,5,4160,1,615,1,696,5,4079,1,141388,0,0,2,19250,0,0,18,1395173,1,111943,20,1443868,21,1555811,0,0,3,384574,0,0,3,384574,1,29644,0,0,0,0,1,15000,0,0,0,0,0,0,2,54310,8,44261,3,9965,14,108608,17,646362,21,899038,0,0,21,899038,0,0,0,0,13,501389,13,501299,11,5787,
Female,VIC,c. Manufacturing,5696,5631,252574579,4292,43074145,3272,4189583,210,226170,3275,4414674,3715,44828477,478,1584025,3497,164572846,3369,36482821,897,1991877,43,457458,68,504403,389,3258859,251,3995672,6,70387,15,326619,4067,3483698,288,232173,830,3597612,818,1445608,5654,263633243,809,1539733,299,258168,1424,341025,137,238131,2285,2331474,2628,4708531,51,11999,32,74117,118,134000,1416,493183,114,151792,6,1560,2230,778558,3771,10183445,201,4685177,23,297621,235,1374304,46,198830,711,14854481,440,1736657,38,408425,51,707457,1603,14339556,381,5327422,281,1347805,467,13758320,329,8378007,405,1170951,369,664208,372,90272,747,13323346,574,6262164,371,911241,750,5965762,366,3068996,389,-2884817,756,184179,59,511319,15,12534,3,41862,52,232513,251,3555283,115,271773,2268,7342892,9,24608,2886,1299390,86,77331,1329,34179212,72,891158,11,70408,66,522655,118,476121,3007,2697,1658192,226,55104,769,305126,2583,1408170,11,139633,7,84343,114,1306575,41,372862,5181,189019183,103,1752157,5216,189148199,5310,190922596,961,13966295,2525,52176999,1006,14223172,2595,51920122,290,5225222,166,869785,26,106219,22,183133,867,8597202,201,623005,6,17892,1343,5649510,2468,7183019,714,1007994,4700,57166106,5189,138558572,5467,51630405,1026,11029102,5635,41115913,53,1401580,95,4014082,2917,53066683,2985,56164083,2012,723213,
Female,VIC,"d. Electricity, Gas, Water and Waste Services",77,77,3021358,60,439782,37,40811,5,5484,37,46296,48,441123,1,1151,43,1831011,41,372120,13,13322,0,0,0,0,3,31197,4,53233,0,0,2,73289,54,64691,5,341,22,42108,22,18038,77,3229110,11,16419,0,0,21,5401,3,5513,26,22535,34,49868,1,2,2,457,3,6856,24,19838,1,213,0,0,41,16790,58,163424,7,180145,0,0,5,8782,0,0,8,21983,5,5093,0,0,2,5587,9,100103,5,174152,3,45404,6,804932,5,179709,4,69961,4,7307,6,28911,17,493574,13,151055,5,8348,17,226080,11,162265,6,-54174,17,108091,1,6100,0,0,0,0,2,15070,2,67000,1,2400,33,64112,2,4104,49,23393,0,0,3,27976,0,0,0,0,0,0,0,0,35,33,24140,2,66,13,3959,31,20247,0,0,0,0,3,44623,2,3507,69,2732292,4,18027,69,2762395,72,2780422,4,32440,13,299667,5,51040,13,281067,1,600,1,3816,0,0,0,0,5,29113,7,131776,0,0,18,213831,32,370507,10,37275,70,1215792,72,2283372,77,662173,7,64434,76,597739,0,0,0,0,41,669422,41,629418,27,8112,
Female,VIC,e. Construction,3432,3402,172732650,2794,34351320,1916,2809035,104,125442,1916,2934103,2399,35215928,163,491967,1709,66981005,1620,14304079,431,784684,23,153615,45,216222,161,1283403,75,913599,4,139999,1,6960,2252,3130758,123,143186,409,3428964,404,1444808,3414,181350816,380,947597,129,162541,723,217554,51,155212,1009,929852,1174,2412756,19,4578,22,105755,53,192350,561,322133,140,253073,1,250,1065,424524,1912,7725074,56,1294190,12,132298,88,653180,21,-705721,395,22774168,229,4423820,14,242131,9,238637,357,11915528,194,5419581,166,1501752,233,13092744,169,4896353,167,350141,155,101193,153,25125,489,12265119,395,6516552,235,899677,488,5339404,209,2747020,283,-3237534,494,-490514,15,33149,23,25416,0,0,19,121848,206,3880301,54,129354,2055,12384020,4,15289,2033,962894,45,52982,441,9699119,24,266337,28,280585,30,215173,24,62707,1594,1413,900252,135,33030,434,222861,1302,710420,3,114554,6,125231,68,1243326,22,405428,3187,234354146,16,475462,3248,235767223,3260,236242685,132,45152520,857,90179627,133,56227435,849,79104712,307,10858945,98,699020,14,33817,15,110715,240,2397729,182,2566881,4,156348,720,5823647,1867,8293607,389,846386,2822,55111596,2993,166035878,3340,71904666,254,9282533,3410,62646248,26,621740,53,3074214,2492,67865911,2513,69236076,1899,886881,
Female,VIC,f. Wholesale Trade,1171,1148,57389946,896,11115274,685,989593,34,45014,685,1034607,778,11537019,86,377590,659,32398200,635,7328250,160,362925,8,37435,16,72585,64,506866,51,896805,5,86365,2,70360,815,1132953,77,624657,214,1728983,212,708832,1156,61415270,151,335615,53,42841,235,56264,30,108060,437,446456,498,989236,9,2840,11,33443,24,40199,257,715794,32,63898,0,0,457,224429,773,3323258,40,991498,6,73924,42,326556,9,-62814,146,4217603,74,473446,5,99610,18,1891810,255,2964285,72,3375065,58,1188168,99,7014658,103,3251297,77,234484,70,158577,64,10315,232,5611543,177,2316334,119,421419,233,2776562,107,1115040,126,-1017812,234,97228,3,6442,4,22985,0,0,10,40402,69,1201191,29,52228,520,2406438,4,10388,586,254542,19,37564,193,4491215,9,129963,0,0,7,56828,15,89706,681,613,409316,61,16682,182,74806,584,351192,1,3085,1,9107,26,690279,8,66191,1085,78556424,62,3367400,1053,75957686,1111,79325086,294,7479162,597,40412265,297,8527176,629,39364251,66,1070196,48,298849,5,6027,6,53101,165,2298172,67,396193,1,2118,268,1661479,589,2220143,162,394842,1002,18825157,1064,66590528,1128,12956798,181,3360592,1157,9596206,9,288613,21,1109028,629,14574286,640,15254912,456,204145,
Female,VIC,g. Retail Trade,13453,13246,685137983,10164,136969145,8058,12028766,554,624927,8059,12649342,8973,143382692,1067,3804799,8212,427379270,7885,98316349,2214,4437417,99,931639,168,814339,775,6777012,521,8636133,26,549740,41,1011441,9656,10143586,839,796565,2351,22704877,2330,9298220,13344,722041700,2024,4094889,714,536919,3187,799710,424,824415,5641,6180984,6327,12436917,137,36315,110,451909,304,739448,3322,1408208,382,622502,8,16270,5032,1959736,8973,31881666,580,13625646,78,955532,589,3471523,108,1596051,1952,56695052,1160,6811705,96,1626305,101,1308200,4015,47274469,1058,16906846,826,4054499,1354,40736742,1033,28731680,1031,3196627,960,1853948,942,253914,2440,49530894,2018,25835415,1164,3736789,2437,22376118,1119,9316003,1340,-11733431,2461,-2417428,90,357538,51,55431,12,73717,133,601270,776,12898650,345,1286978,5225,27563986,25,99915,6322,2791440,205,260333,2751,73945852,105,1311840,19,158644,98,618376,192,785100,7821,7081,4375982,575,142739,2289,956368,6577,3562352,28,224519,17,1311543,254,3802483,126,2873452,12010,1227484761,195,2994470,12134,1232656170,12304,1235648272,4101,146775473,7552,709178849,4309,150940244,7886,705014078,730,8462446,855,8005879,68,283162,73,536267,2762,57324404,874,6906294,18,459841,2864,16503722,5966,19402369,1949,3735792,11125,273696549,12280,1100434804,12815,134514985,2476,35109596,13293,99362718,134,4088662,251,14811316,6599,149732633,6760,159419908,4727,1882517,
Female,VIC,h. Accommodation and Food Services,3863,3777,152406556,2819,25762416,1934,2388069,122,149175,1936,2537244,2407,26158920,161,504116,2087,84198336,1984,17473125,617,737706,20,206281,40,406659,282,2353423,174,2840955,6,106385,6,49955,2655,1877900,152,145823,452,1540786,446,616205,3822,161672974,483,1020999,189,236951,1044,280298,107,176437,1220,1137549,1504,2852234,23,13706,20,36286,37,33275,705,215065,217,336453,1,3288,1128,456777,2310,6891620,112,2679852,12,155463,133,720317,35,750756,404,8092197,197,803434,18,245666,16,342683,509,9745677,257,4623630,187,949930,321,11733403,233,5712744,189,827985,169,481273,164,50959,550,11520708,429,4891998,240,685369,550,5038713,276,2915990,275,-2011362,553,904628,24,138653,22,32196,1,43545,40,174993,185,2746005,71,185750,1908,8449782,5,13377,2031,939607,39,120181,487,11078219,27,412071,8,59260,21,136942,37,121687,1629,1449,887353,158,35283,318,129786,1447,792850,8,554891,7,160017,177,1657082,82,1309499,3526,357918277,62,919825,3699,360679941,3744,361599766,624,4428239,1757,124214118,614,4432630,1765,124209727,248,3785829,611,5025682,17,55706,55,360507,1114,26433609,459,2741503,6,51428,1341,12531885,2131,7980587,1445,5122909,3210,124878469,3446,313193795,3770,48374704,334,8006791,3814,40353313,46,1788441,69,3084377,2282,52922570,2327,54917713,1613,690733,
Female,VIC,"i. Transport, Postal and Warehousing",9716,9685,362895653,7177,51523637,3886,4225029,172,171532,3889,4396561,6127,52057357,391,1176710,7243,286262603,6954,55427640,2499,2803085,63,316532,130,540747,797,6628803,278,4170365,10,78754,8,157281,6275,2820668,207,134938,558,1333703,542,511700,9701,377610245,1891,3909507,693,587166,4233,1301473,463,1089828,4686,4190411,5574,11078385,44,29140,32,54126,63,43207,1645,520765,84,112729,10,1084,3606,753265,6428,14039795,351,8569075,27,321677,195,570227,12,281418,437,4103227,275,365829,83,1004687,25,104316,464,2542663,307,3353596,246,799924,389,7966092,313,7467392,271,646462,245,338403,249,57619,697,12192735,610,7417789,345,1155871,698,5474340,252,1605262,449,-3460528,702,-1855266,43,158858,9,690,3,13261,51,202016,108,1108041,139,319081,5464,5317304,10,13435,5542,2506843,129,74977,1047,28878965,42,656588,18,196331,66,451253,159,614071,2686,1988,917055,506,72535,317,95311,2319,894279,34,234713,30,155616,952,5886352,187,681330,8537,124693402,239,1917715,9402,129567641,9631,131601233,46,615565,288,5724786,56,720271,294,5620080,265,3735756,52,214527,11,42357,79,466693,231,1187031,104,361022,4,2438,1214,7988228,4957,17618147,1380,2588982,6219,29621112,7682,69474727,9536,61988997,171,1546579,9565,60386712,33,442685,67,1806336,6419,53192118,6436,54711136,4289,668622,
Female,VIC,j. Information Media and Telecommunications,2279,2269,141589574,1918,28648882,1664,2567559,119,143315,1662,2709838,1783,29665246,361,1229093,1617,86181845,1577,21935594,456,1078121,27,189747,29,254574,161,1298054,54,939856,2,20092,15,288648,1827,2516545,157,123836,391,3141030,388,1280380,2275,149648539,368,736670,246,346380,403,109607,96,170370,1117,1944652,1214,3307679,26,6482,11,11326,76,73879,767,1232120,65,95086,4,1477,1094,472679,1784,7915011,81,1903703,17,286507,91,568339,7,112461,340,7604727,257,1404992,31,450658,6,17702,401,4350426,208,3105106,181,781966,253,7693887,152,2918156,300,2765954,274,1361797,272,518981,330,6556804,261,3156040,165,406816,328,3164432,159,1335869,171,-1506353,331,-170484,35,201022,7,635,2,35084,39,60026,192,2546435,68,165871,1410,6732324,10,13475,1102,466643,41,39442,797,26082506,16,293219,3,17753,35,259734,89,338374,1404,1191,725141,102,27038,411,174303,1104,577876,12,45064,7,154573,170,2469562,19,220553,1970,56128357,38,415902,2101,58600849,2138,59018217,44,436842,204,1670416,49,495352,208,1611906,160,1958513,19,49144,3,2604,6,17606,231,1130616,19,22853,1,3232,535,2139384,725,1919743,105,102452,1762,13431814,1905,22389867,2220,36589210,264,3343287,2270,33245508,18,324620,18,787298,1376,34279554,1384,34213315,1152,488432,
Female,VIC,k. Financial and Insurance Services,2074,2001,127933063,1618,29868514,1345,2429013,83,101489,1346,2530500,1470,31224307,80,302094,1219,78039362,1168,19225123,294,828472,17,424271,17,355565,50,351059,74,1106665,6,32845,16,592050,1618,3667850,491,1099640,926,9332340,924,3824935,2065,144194558,310,746519,117,117571,371,86062,59,152324,911,1094218,986,2196694,41,13853,43,224549,130,950396,537,954194,61,110043,1,110,917,562145,1509,9137674,94,2322407,8,149151,136,1148351,21,300020,523,15922344,301,1877023,15,708634,6,60605,480,18906517,332,7866549,253,1978645,460,17566263,395,17422887,349,1216960,318,734944,295,97953,729,19887173,634,10833524,418,1742485,732,10159872,285,2831410,451,-5680118,736,-2848708,26,87207,12,12134,0,0,45,324756,200,3747184,105,377139,880,5835603,9,30373,853,363133,26,182935,187,4907480,5,36149,1,298,2,23248,8,44648,1557,1429,996575,120,33289,519,263710,1258,766154,1,459320,1,18000,36,737195,4,40637,1792,872118422,12,339746,1820,873033828,1830,872914254,674,110406120,786,802917506,643,102124952,898,811198674,99,1744021,27,196747,3,104650,6,49489,72,502890,193,1791639,7,266478,300,1669152,463,1778073,71,90609,1321,37477267,1800,856869689,1935,18779502,352,17323082,2040,1312811,15,723500,72,4246130,865,27389089,918,28814723,735,385130,
Female,VIC,"l. Rental, Hiring and Real Estate Services",2399,2370,155921137,1943,35914916,1554,2811402,109,172571,1553,2983057,1723,37571252,108,448757,1283,73927364,1235,17767148,372,985849,12,70079,31,112760,69,478080,69,1068669,5,104109,8,106463,1795,4061731,264,269872,651,7887143,648,3137108,2386,166002154,368,1014743,121,135177,484,120689,60,169433,899,1053582,1017,2493624,30,9888,34,205014,79,146705,579,897480,88,108864,2,305,905,529798,1640,9300846,109,2719987,16,193690,132,1226985,69,1602732,502,23336642,286,4161234,14,99674,17,231770,355,5252923,241,6520104,199,1826673,318,21410934,264,8464850,232,1260060,211,746365,198,54411,704,20591292,538,8786285,347,1398540,706,9651939,368,4742297,341,-3987769,710,754528,25,283917,18,40569,1,38887,31,241037,212,4537483,63,371074,1283,7872586,6,7929,1126,484303,36,19346,262,6662963,10,161542,0,0,12,92618,17,81184,1653,1463,1046327,129,47578,513,266018,1305,827887,2,20196,2,200295,47,732722,18,79152,2226,92906528,63,1902804,2234,93369726,2282,95272530,41,8005673,151,10407883,39,11516447,154,6897109,145,2048774,47,258721,4,19290,15,103298,154,2642687,303,4236110,8,41120,849,8292604,1034,4673602,446,1829528,1823,25835036,2108,56877879,2316,38120216,236,4179713,2348,34121353,24,591350,92,6412377,1366,36025386,1418,40318426,1059,507941,
Female,VIC,"m. Professional, Scientific and Technical Services",29672,29551,2187617787,26020,508269475,22059,40366463,1413,1683102,22053,42026051,23846,528943601,2916,11592191,18141,1047345189,17508,265374002,3754,7757192,395,5704245,527,13053256,1020,7712003,742,11200127,52,1072708,144,5870485,22549,32657751,2645,2686844,6826,42427397,6752,17170799,29607,2320390661,4562,8837947,2072,2274806,4471,1039608,976,2606538,12806,16636168,13844,31395067,389,143721,317,1532244,1039,2075942,9540,8281456,1201,2459786,20,6219,11576,5222838,22318,128611368,1219,31052308,201,3187446,1713,11115114,274,2589123,5223,151102299,3405,20000283,281,7296887,100,1286481,3710,30063328,3024,63440138,2632,20608517,3836,139795782,2831,61159899,3541,15388855,3277,8011975,3088,1737591,6330,138354730,5202,70532524,3294,11266911,6344,67417839,2753,24351923,3623,-35214538,6383,-10862615,234,1323369,154,351774,18,254476,340,2558492,4469,71866900,1418,5561420,20163,197492441,109,428374,13798,5898500,644,2324001,6290,186826229,194,2764294,17,133910,238,1632966,408,1523239,20667,18286,12098004,1627,502588,7545,3583535,15948,9017057,44,702008,52,1409037,978,22346078,165,2848544,27219,1351818420,254,5675238,28006,1373433473,28225,1379348175,386,6720531,2481,51346535,387,6591376,2534,51475690,1855,27806796,921,6657299,174,588552,91,559759,2980,30197162,1136,4048585,26,67577,7449,30858038,12911,41459542,2037,2801157,24534,305367339,25687,502131634,28990,874861175,2492,23509043,29479,851176769,218,6312488,614,34577424,20625,789903607,20842,788740894,17528,9151348,
Female,VIC,n. Administrative and Support Services,19039,18980,734446508,14718,105718766,8430,9469215,447,469385,8431,9934898,12001,104210586,602,1909863,10687,350340058,10061,66951850,2995,2862314,114,944960,165,648081,1452,12921746,825,12868535,27,311017,41,993478,12442,9132983,688,478442,1982,8067441,1948,3251096,19007,765506728,2042,4103807,1066,878832,5116,1473172,432,1072074,6217,5064903,7517,12592788,100,53080,130,227806,234,313890,3570,1320607,356,495585,16,96174,6243,1803395,11340,29591613,440,9929797,28,494690,483,2500718,87,-25067,1461,30505365,822,3497024,143,2244000,47,133834,899,5744258,786,11504636,586,2617781,991,28799248,848,15218161,805,1959300,724,781902,697,170984,1970,37429432,1526,17111197,870,2467359,1967,17065979,950,8229903,1034,-7445007,1985,784896,81,532307,60,40460,4,30681,125,571421,861,11984436,265,697337,11123,34484236,27,82316,11626,5635889,202,355762,2219,54418459,141,1727355,18,126966,136,912353,156,588644,6929,6054,3682585,661,137202,1440,613173,6017,3206614,36,565077,41,874980,1085,14839486,195,2144238,17539,528348028,256,4346906,18514,542346929,18759,546844622,145,1289576,2103,37930840,142,2150911,2121,37069505,1109,26076249,451,2698277,37,164863,51,228334,758,4118156,312,679672,9,12698,3205,15240596,9368,34603645,1557,1884997,14573,113611744,15522,236228319,18846,310677878,541,4366595,18934,306177468,132,2305292,181,8198719,14055,267385435,14101,270817378,9578,3497268,
Female,VIC,o. Public Administration and Safety,1117,1116,65490212,1017,12496185,775,1091450,72,105283,775,1196733,922,12735883,100,358843,768,28727562,731,5916000,350,519992,7,147623,13,135894,111,840802,51,670387,3,46151,7,382987,827,634245,34,8672,129,383314,128,152874,1116,68178727,219,459233,65,55668,396,104346,32,56527,519,446424,608,1122198,12,2972,6,7818,11,6907,281,102770,44,47201,4,405,502,136348,829,2678938,100,2481126,5,83553,45,184219,8,442568,105,2187035,62,168985,7,230240,3,1662,40,282396,57,604712,51,163957,74,1537034,61,835862,64,105627,58,50804,59,6804,129,2424214,99,1196476,64,226258,129,1030110,63,532114,66,-560744,129,-28630,10,33200,7,3662,0,0,4,1351,93,1218143,12,34176,877,5885951,5,22941,663,281869,19,163160,212,5220623,12,171611,2,8655,6,35261,21,94170,450,380,232854,46,9732,123,51503,369,191083,2,45628,0,0,26,351734,1,32642,1082,42273874,5,46563,1103,42655164,1108,42703878,1,9207,51,359217,2,8000,51,360424,23,292576,27,219828,1,5,1,211,38,299294,21,69941,1,2021,202,1348117,726,2843130,82,142421,931,6035066,982,11613034,1111,31123129,21,214811,1113,30905879,7,564264,17,1009118,900,27895396,907,28690251,776,386451,
Female,VIC,p. Education and Training,10347,10318,559153479,8535,106283943,6790,9658767,403,462077,6790,10116098,7562,110638198,1087,3625622,6992,329123799,6588,77434558,1840,3259533,84,939919,105,571362,712,5139038,322,4950807,20,283520,37,713523,7986,9610988,691,548059,1849,10116959,1833,4131264,10336,590607976,1613,2732867,696,725049,2100,520085,507,1237139,4793,6038405,5246,11253545,137,36050,108,255195,254,374631,3165,2082651,207,211802,6,14569,4421,1668664,7611,30439174,442,10521881,75,1273827,624,3851066,63,588977,1583,38656669,1022,4724805,93,1208815,30,838544,1077,8685325,910,19236227,720,6036708,1114,40728813,724,12700435,1054,3432933,961,1730334,903,280652,1699,34617265,1310,14957902,878,2780158,1699,16782694,844,7147409,864,-7050898,1709,96511,120,598593,34,29684,2,62064,149,661956,880,13633016,251,853056,6514,22634367,28,68895,5353,2436787,153,158044,3116,86832786,94,1464694,3,20842,85,571188,216,857742,6587,5606,3761508,485,130456,1827,816188,5225,3075776,33,306780,173,980694,523,5123828,60,741572,9326,267792276,122,1746768,9901,273148438,10009,274859059,112,1775984,738,7269468,120,1674600,762,7370852,569,10176050,278,1190467,34,90704,28,139972,1228,10845354,192,512949,4,16474,2266,7184825,4332,12998538,761,1128601,8159,69739654,8658,121394440,10157,153259321,789,7592947,10280,145638308,80,1968344,197,10819527,6893,133738748,6952,140835624,5402,2063883,
Female,VIC,q. Health Care and Social Assistance,40096,39983,3556049025,36136,917122452,30688,66174000,2389,3044058,30696,69209938,33582,955512321,5470,28101543,23901,1413671160,22783,389979159,9269,17428127,280,3971151,411,2562547,2251,17037576,1172,16758372,57,784782,96,2512031,30121,37165733,2656,4603691,7172,39928466,7096,16214633,40033,3783463647,6156,12998150,2461,3530894,9226,2400791,1829,5612617,15619,27147914,17533,51690366,600,145137,364,1408080,1088,4200932,12130,12875308,2075,2681867,29,56917,15590,7219628,30247,224698014,6714,168815118,182,3411225,2019,14281395,233,-1217644,5944,167595412,3794,18072164,176,2845061,88,2365482,2971,25474081,3386,80243446,3077,28608457,4200,167688675,2836,67470678,4002,12752456,3721,6936898,3555,1245171,7629,173302684,6308,98570740,4030,14827160,7636,86060910,3202,27588273,4468,-53744398,7676,-26156125,755,3514409,278,321299,15,219506,485,8264047,7229,118271876,3654,26069757,30755,499583453,73,193944,18112,7718893,587,1228752,10557,400316812,340,4464986,21,210370,489,3755162,1137,4826635,25377,21740,13895171,1922,537564,10443,5361966,17352,9070769,48,1022047,58,1302807,986,26604880,284,11542025,38101,3381584283,293,7272966,38957,3414554463,39213,3422095772,502,5093438,3466,71153595,513,4881649,3511,71365384,1972,85053113,1544,12947157,147,600780,157,2061937,7232,112297156,1800,14525189,27,253564,10325,61455965,22387,89249212,3707,7034796,35715,1014970784,37028,1471975086,39481,1947966739,1940,19886348,39738,1927773440,253,5350020,664,41722963,30932,1779337346,31102,1738686492,27301,17386688,
Female,VIC,r. Arts and Recreation Services,15633,15550,882373422,12920,172914995,10866,15785358,744,986153,10856,16744794,11688,178362418,2324,7503236,10943,536005792,10444,127449612,2758,4912884,122,957814,199,1601210,1193,9227921,499,7643441,36,664809,58,1497091,12393,13880223,1010,1132542,2637,17209597,2606,7140184,15580,934229424,2535,4469384,1439,1841011,3092,837854,569,1241781,7345,12231477,8041,20621507,172,46800,114,800554,510,889621,5026,6327623,318,505277,6,1017,7245,2997695,11830,49721173,513,12681203,94,1364342,891,5355484,96,-39456,2489,65096773,1686,10309513,178,1706492,69,1186066,3184,37556105,1332,19353084,1071,5351152,1695,40335398,1121,19644274,1960,22712276,1830,18100398,1670,3220193,1892,39702375,1312,13978395,867,2698757,1887,17952958,1061,11079671,842,-6007406,1905,5072265,225,923032,37,19626,9,103405,285,1008293,1127,16283524,356,1225646,8613,36502467,43,143563,8078,3528959,238,501790,5971,173750831,229,3581471,22,138610,216,1793322,571,2197161,9142,7899,4858916,665,195531,2471,1071063,7406,3983385,41,290114,110,4540989,862,7980028,162,2212115,13917,424005831,225,4535265,14504,435021012,14695,439556410,496,5306101,2078,20988852,520,5808362,2132,20486591,1396,17820391,272,1070596,30,108312,44,233450,2465,19713983,338,832557,12,13094,3421,11667703,6080,17533234,1143,1870058,12871,139548082,13678,231094895,15216,207633796,2308,31571377,15511,176053229,159,3250513,199,12558902,9209,203337646,9312,213085244,7341,2884709,
Female,VIC,s. Other Services,21355,21227,939611419,17199,152896425,12547,14977718,740,788108,12551,15763971,14634,154479540,1333,4082437,10073,381104945,9478,80791962,2838,4529583,117,771668,180,758970,1458,12662762,965,15389894,22,516512,36,847163,15299,10906515,745,560533,2262,9874128,2235,3984490,21293,979049810,2208,4089445,710,586159,4147,1080398,447,1016908,5866,5482307,6916,12255217,134,34134,129,398631,252,255514,4110,1621239,724,1098279,16,2172,7045,2333681,12369,35929504,668,15692091,88,1219482,575,3045185,115,1972742,2067,56262492,1075,5712340,117,2384052,51,671042,2487,21822387,979,16260395,769,4205523,1223,36890862,1023,20954664,1013,2920445,928,1380043,907,193564,2769,48893437,2273,23741825,1264,3496135,2778,21296034,1282,10420455,1507,-10061012,2794,359443,128,580566,77,118229,5,54204,147,540963,1590,16774646,358,1142686,12437,61043356,25,95016,12853,6003647,246,578483,3932,96638979,174,1880159,181,1583736,326,2985485,259,953610,10447,9420,5633950,781,179949,2237,891992,9158,4921907,33,516369,30,533339,434,7041859,290,4103172,20226,1004462890,222,4640080,20511,1029159243,20721,1016768350,1982,11339281,7053,95763626,2061,12073147,7137,95029760,935,17144967,1442,9483535,55,301352,95,1056593,5164,74580061,1180,3461334,19,101924,5734,29432384,11699,38722092,3773,6361460,18972,294075786,19825,569880403,21001,446316146,1647,16995438,21233,429536281,171,4400259,408,21469473,14978,404152484,15122,415664812,11083,5513054,
Female,VIC,z. Other,745,729,62060128,614,17503696,500,1185175,29,44354,501,1229529,556,18225809,52,211904,505,34384255,491,8859358,146,438447,4,4084,13,63489,38,372623,19,207789,4,150813,6,478190,533,1053593,70,369547,161,2833956,160,1176528,742,67178326,158,486279,82,149334,207,63803,33,52502,381,621033,418,1372951,17,18910,7,15139,22,138547,232,526165,31,76342,1,160,283,146951,553,3654852,57,1405339,8,80506,53,324702,11,175854,129,4834166,81,768429,5,104918,34,368845,295,5289950,70,1741486,53,473838,93,8153588,80,2225366,67,167545,60,109008,56,6854,145,3456617,114,1784581,73,210059,146,1825967,66,585168,79,-949158,146,-363990,10,42732,5,5972,0,0,9,197249,58,1145630,50,213343,237,6681708,5,44440,302,127677,18,75744,112,2841775,2,46539,4,12809,4,29441,7,37619,460,398,275457,26,10255,159,80522,356,205190,3,81371,0,0,27,576276,9,61033,412,369797341,30,10057192,416,360533114,435,370574914,93,18388279,177,230883662,93,10277641,176,238994300,34,7442920,44,1372675,3,7752,6,121671,66,3714977,57,1339267,1,2480,181,2785147,227,1285454,99,1038008,459,95287846,563,353392713,625,16390680,175,4001946,732,12389530,12,479906,14,946622,240,17921003,254,18699345,198,102870,
Female,WA,"a. Agriculture, Forestry and Fishing",1114,1080,76106472,851,20518211,681,1450585,21,37685,681,1487658,751,20799805,37,121250,567,34193128,543,9142332,143,899965,5,104302,6,65412,34,286729,39,623914,5,103482,9,334284,854,2760681,117,156044,365,5309591,363,2221437,1108,82659709,128,315710,27,35096,293,68462,15,54519,320,328791,423,802578,19,3383,12,87391,45,186242,266,383347,42,69362,0,0,369,320353,729,4472686,34,753267,13,260453,80,1059521,59,-588904,255,14342812,130,2056303,6,146396,148,7154827,77,2270249,130,3382786,100,717647,197,13576047,187,13662428,112,352584,99,136683,92,16540,276,8302896,164,1721212,120,340224,273,3462274,178,3446310,101,-667124,279,2779186,10,59672,2,434,0,0,19,51402,96,2202316,33,133005,433,4916387,9,37007,478,199221,12,21592,103,2093694,7,72753,1,5980,4,117655,7,14541,850,749,580556,51,20837,227,138357,668,463036,2,4837,1,680,6,75863,85,286665,952,73808598,575,51134515,473,23042128,960,74176643,316,10779845,282,11352842,327,11570258,399,10562429,132,2904114,49,309105,6,109832,33,421048,54,956872,176,1821032,6,67554,459,7018120,556,2580741,472,4059874,941,32679005,1016,63489726,1080,10687043,159,6415022,1105,4272021,29,2590526,32,1606924,499,20087335,527,23022565,383,232234,
Female,WA,b. Mining,31,31,2282517,26,532723,22,41541,2,1916,22,43457,24,555900,0,0,15,787242,13,215642,4,4877,0,0,0,0,0,0,1,7085,0,0,0,0,23,18953,1,38,7,62910,7,21307,31,2420337,2,1560,0,0,7,1658,1,1950,8,4186,10,9354,0,0,1,60,0,0,8,5067,1,489,0,0,11,3899,20,137820,1,12692,0,0,2,8009,0,0,2,28932,0,0,1,30545,0,0,3,25712,2,3512,2,476,3,6930,4,19428,1,7138,0,0,0,0,2,42570,0,0,0,0,2,17100,2,25470,0,0,2,25470,0,0,0,0,0,0,0,0,7,118380,0,0,22,342221,0,0,14,5372,0,0,0,0,0,0,0,0,0,0,0,0,24,21,12277,3,600,8,2666,17,10211,0,0,0,0,2,102336,0,0,29,1588871,0,0,31,1691207,31,1691207,1,5000,1,13428,1,9929,1,8499,1,1720,1,180,0,0,0,0,1,8320,0,0,0,0,9,24367,15,44876,6,13847,24,178612,25,280421,31,1407678,2,11062,31,1396616,0,0,0,0,22,1287238,22,1225965,19,13124,
Female,WA,c. Manufacturing,2430,2381,109991158,1778,19898201,1390,1840999,60,53944,1390,1894943,1541,20581822,145,459080,1427,66434721,1378,14710239,345,930235,12,89700,16,66152,136,1284042,122,1881000,3,4361,6,136325,1666,1250461,111,93075,342,1646784,339,657992,2395,115275203,342,549457,85,62406,676,157844,63,88202,845,711079,1045,1568988,30,9833,13,13831,35,82858,531,924106,36,52602,4,2147,844,292102,1543,4894908,84,1822665,12,151893,110,596800,24,843033,299,11530757,190,1257278,15,323872,18,177800,710,5717946,175,1392051,128,292949,227,3066389,215,8215343,188,418720,156,210920,154,37611,317,5439095,236,2010494,164,438785,316,2430543,173,1382344,146,-823071,319,559273,16,95713,2,25,0,0,22,333408,115,1803599,56,141286,939,3400001,3,3374,1183,533181,29,24547,417,9554022,34,460031,6,45559,17,107662,31,133059,1859,1606,843050,144,33453,438,157825,1563,718678,7,112506,1,2900,63,490554,34,246298,2181,70412939,63,985573,2192,70279624,2254,71265197,384,3289645,989,17059612,405,3661310,1015,16687947,103,1093374,65,239039,13,15690,10,31795,287,2366008,79,185690,0,0,642,2123372,1159,3245343,279,433432,1958,21578285,2236,47999975,2350,23205876,446,4242961,2405,18959035,33,1247517,47,2477454,1233,23206608,1259,26084822,837,335030,
Female,WA,"d. Electricity, Gas, Water and Waste Services",15,15,853691,13,165244,9,14829,0,0,9,14829,9,173219,1,8369,10,628558,9,173777,1,4,0,0,0,0,1,9136,0,0,0,0,0,0,11,14492,1,240,2,4390,2,1880,15,893782,5,10854,0,0,5,1208,0,0,6,5781,8,17843,0,0,0,0,0,0,5,488,1,1510,0,0,6,1489,10,24320,2,36874,2,18013,1,4200,0,0,3,40308,1,19,0,0,0,0,0,0,0,0,0,0,1,1725,4,280237,1,12975,1,12975,0,0,1,21840,1,7614,1,5997,1,19878,0,0,1,-11649,1,-11649,0,0,0,0,0,0,0,0,0,0,2,2990,5,31130,0,0,7,3449,0,0,2,30875,0,0,0,0,0,0,0,0,13,11,8668,1,250,4,2348,11,6570,0,0,0,0,1,3660,1,1233,14,634458,0,0,15,639351,15,639351,3,8505,2,17578,0,0,5,26083,4,45600,0,0,0,0,0,0,1,19788,1,1969,0,0,2,611,9,98104,2,3736,11,258320,12,454211,15,193448,0,0,15,193448,0,0,2,31921,9,222943,9,237161,5,2181,
Female,WA,e. Construction,1068,1059,56915269,905,11090828,663,947639,32,51252,664,998891,776,11339791,37,123253,510,20570243,483,4566389,145,399408,4,58588,11,22084,44,366228,34,575289,1,25961,1,1140,702,737639,31,6913,123,268379,123,113467,1063,59803328,134,291037,30,31906,240,54662,14,34077,298,261679,357,673361,17,4986,8,21883,15,24699,210,127566,50,97098,1,121,304,139311,630,2242460,21,428719,3,28018,26,237679,6,263222,138,6421472,77,758902,5,118714,3,16055,111,1124333,66,2881896,50,1016902,89,6201514,86,2402703,64,385547,53,229534,51,40650,141,3296809,108,1137524,78,240867,139,1571691,75,818800,66,-472073,141,346727,5,29685,7,3312,0,0,4,1749,75,1117528,21,35454,673,4219551,1,3586,618,284069,13,6515,122,2545283,3,36077,7,43470,6,50358,9,38772,715,616,321300,82,16869,161,65340,604,272829,3,4839,2,16349,36,869289,22,143914,996,63151026,14,580809,1026,63604608,1037,64185417,25,8893887,216,10365150,25,7226659,212,12032378,128,5434593,47,394894,7,31563,5,30642,67,570445,64,283573,1,450,246,2521253,633,3410614,124,287353,839,13331685,901,38329443,1047,25873434,60,836787,1064,25036647,19,458778,24,1761725,794,24546781,806,25970034,623,326311,
Female,WA,f. Wholesale Trade,387,383,37211213,307,11439157,244,375141,11,10266,244,385407,269,11573490,14,32404,218,10571041,204,2369644,60,227181,1,6533,3,121212,21,160999,19,275969,1,54,3,62983,260,358538,19,5987,76,11535684,76,4932650,385,38395435,54,114679,11,9531,106,26788,5,8340,117,141934,156,301272,7,5195,6,4513,10,2853,84,25019,13,43504,1,664,145,66087,261,1143828,14,267019,4,36746,30,195106,6,811674,61,2670411,35,327673,1,8917,11,1065647,89,984379,34,722553,31,163416,51,1551457,58,2307686,37,80321,34,54799,29,4773,83,1788965,64,655524,47,208778,84,824973,44,406892,41,-307202,85,99690,3,10938,1,1112,0,0,4,12895,39,653679,10,40172,179,1035638,1,3482,176,77930,3,17178,40,825744,4,16413,2,8464,4,19787,2,8480,306,280,157137,21,4710,92,39249,253,122598,0,0,0,0,10,168325,7,25608,361,19101402,13,418920,357,18876415,370,19295335,89,1648320,173,6697944,88,1565954,180,6780310,25,213094,11,31443,2,960,1,2999,58,706145,31,54785,0,0,108,471760,202,770019,57,77128,337,4447987,358,13556630,375,5758983,68,1940124,385,3818859,6,818638,10,709619,216,5727323,227,6945972,171,88307,
Female,WA,g. Retail Trade,5443,5331,281046016,4050,56422123,3251,4919313,156,141811,3250,5059702,3591,58786519,326,1136496,3344,169020591,3211,39068289,841,2280940,29,138818,62,350021,266,2618039,257,4097450,7,27503,17,584974,3803,3368567,247,139453,889,4958526,883,1903400,5371,296031628,830,1470832,193,199578,1560,351484,167,278016,2063,1896927,2478,4196837,94,24403,35,76770,96,64901,1265,686349,182,245944,1,106,1942,807000,3654,12954888,216,4952404,41,532547,305,1771588,59,2279924,798,31231011,450,3874053,29,431820,40,266218,1780,18391938,427,8483264,330,2176540,568,24451514,620,27347729,383,1280736,331,408622,315,69790,827,16458906,670,6577182,440,1337308,831,7873722,435,3437015,401,-2766321,838,670694,38,443543,23,21549,0,0,61,193995,332,6187949,169,603794,2056,11508766,12,30608,2449,1080032,75,145066,922,21390012,48,679627,7,70532,36,180725,68,286350,4360,3844,2138067,339,81445,1230,483079,3610,1736432,8,55177,3,38863,119,1542408,101,1165050,4840,399246345,82,1693993,4890,400415874,4965,402047843,1462,45316282,2755,203706104,1525,46459732,2872,202562654,260,2586621,320,2585556,32,124011,39,394691,968,17922592,350,3561954,10,101653,1297,6160147,2525,7575727,720,1230567,4423,104316875,4955,349165961,5154,54083732,1057,13087775,5369,40951808,90,4713223,154,9042754,2562,60191199,2678,70516141,1887,816665,
Female,WA,h. Accommodation and Food Services,1581,1554,64460000,1169,11163665,821,1045746,42,47459,822,1093205,994,11318089,55,160651,884,35206951,839,7492782,240,530680,4,33418,18,50063,103,1042425,83,1256251,0,0,2,43435,1056,710230,37,30922,163,656022,163,259232,1571,68657016,220,411441,43,30431,464,118577,40,57556,455,393398,615,1011403,20,6673,11,17230,15,12689,265,107274,80,118824,1,154,477,186547,982,2749558,52,1254682,6,68320,57,420211,23,285044,153,3938824,62,360988,5,52841,16,101613,245,4481542,94,1287689,65,254455,120,3701176,126,4381169,60,150634,48,47914,43,3980,205,4908249,165,1595668,102,320396,204,2214424,114,1393362,92,-615601,207,777761,10,101373,4,6563,1,22765,10,105251,66,1192646,32,93599,760,3837564,0,0,807,360755,25,57319,180,4084496,15,154446,5,15558,5,23162,14,50366,1035,903,502974,107,22606,208,79494,909,446086,8,88837,6,34083,69,871500,62,905123,1438,151198369,26,1365912,1501,151748750,1523,153097912,238,2776590,689,51996477,242,2716433,700,52056634,120,2066544,265,2109091,10,42211,29,207117,438,9535042,174,1074102,3,43497,608,5763758,971,3968507,623,2351613,1319,54102367,1450,133321083,1555,19992184,152,3204247,1567,16792777,41,868930,32,1689633,925,22873663,949,24017525,661,304710,
Female,WA,"i. Transport, Postal and Warehousing",3869,3857,146701026,2892,21663643,1578,1698283,45,46462,1578,1744058,2483,21611832,90,227098,2787,105304478,2708,19903841,1034,1316933,16,18643,63,81710,253,2140161,121,1853639,2,7152,2,24817,2436,1116506,69,72530,230,370068,224,145805,3862,152521400,872,1858351,191,178110,1775,498390,158,328301,1702,1303243,2150,4166395,28,8635,22,12545,19,17767,641,131767,36,27619,6,749,1442,294499,2583,5503799,132,2853901,6,114580,79,311455,9,204182,196,3231551,96,141688,26,234280,12,40608,203,1711855,123,4471744,93,1724987,155,9511185,161,5497726,98,237291,85,143705,86,10426,209,3644223,172,1657753,95,290397,208,1786685,96,690069,111,-780681,210,-90612,17,222605,7,2589,3,17143,19,179506,59,759703,64,78600,2141,3453641,2,1442,2276,1055201,43,36686,326,7010166,15,200367,9,83802,24,157950,38,137786,1675,1337,551496,256,35521,198,57433,1465,529584,4,17296,15,387448,364,2396268,79,321347,3437,69550443,68,1589968,3781,71079109,3843,72672802,23,845928,192,5333741,22,832207,193,5347462,127,1485598,48,503699,1,50,44,358476,93,587977,98,411724,3,21988,713,5942164,2457,10479964,656,1291625,2587,15619761,3228,42050488,3807,30716340,68,1319968,3817,29381690,22,561930,46,1714711,2715,29192329,2721,30778810,1814,375595,
Female,WA,j. Information Media and Telecommunications,645,642,36552888,539,7087398,446,651333,13,17400,445,668192,487,7378694,91,329256,439,22999502,427,5781735,104,330118,6,55124,5,19082,41,348133,23,368960,1,1391,4,68667,481,388073,35,17254,111,362838,109,147323,644,38225737,108,185951,47,85486,135,27903,21,45786,287,341950,317,687076,16,2936,3,291,16,13318,187,243692,11,27684,0,0,271,104800,456,1645148,23,555335,4,32430,44,336252,5,105364,98,2222893,66,381906,4,158739,5,73587,132,1050046,60,436558,45,92572,72,931539,58,1491411,83,671551,66,417469,66,29047,81,1695916,63,711362,43,126010,81,860917,43,313043,38,-315416,81,-2373,10,25911,4,5514,1,41336,6,42347,37,529107,18,35575,367,1557625,1,1151,315,139522,7,8572,215,6505472,11,149214,1,7645,6,63113,22,98061,504,442,235466,36,9163,144,55031,414,189598,1,400,3,38569,51,871816,6,203871,568,14639658,14,218895,607,15538598,619,15757493,22,429487,68,1317604,21,446433,74,1300658,47,556089,9,38108,2,9225,1,725,58,361553,8,30194,1,100,157,490457,239,511433,42,21178,492,3695856,547,7015576,630,8696810,70,515308,639,8183422,10,110895,9,380892,367,7996595,377,8158576,300,118294,
Female,WA,k. Financial and Insurance Services,1000,946,65525139,756,16147677,658,1274560,22,25708,658,1298049,706,16829470,34,147331,566,36383167,550,9066303,115,479215,5,17829,10,49842,13,89126,48,675392,1,10285,3,156541,796,1400253,200,248244,462,4220678,461,1716569,992,72548472,122,272348,30,32251,216,46693,27,54752,350,352192,419,758236,45,18623,23,133470,46,229857,254,221362,50,75658,0,0,415,275107,770,4497698,46,1017518,9,100706,84,1155549,27,1303159,277,10295639,148,1409887,6,247053,6,11711,281,7201314,153,2788551,123,648934,206,7765812,260,12070213,190,886744,170,473454,142,82852,319,8634355,245,2967259,215,789874,319,4107448,181,1856231,138,-1086557,319,769674,8,17382,3,96,0,0,16,151849,140,2458936,68,325371,413,3451568,2,7036,352,145160,15,20105,83,1561351,5,95549,1,11943,2,12150,1,2442,889,801,550775,64,14797,347,169162,674,396410,0,0,0,0,10,363608,2,88447,830,431965372,7,362927,833,432054500,839,430812968,407,48551599,424,401463863,396,48984769,498,401030693,46,311958,11,67990,4,4904,5,17807,40,226135,100,687671,6,45438,159,528335,221,852678,29,49578,595,18242860,864,422044986,905,10086936,221,7502113,985,2586164,17,937511,57,4517622,389,14241762,439,18598424,360,214496,
Female,WA,"l. Rental, Hiring and Real Estate Services",1114,1105,78244204,939,17919110,803,1446778,36,53837,803,1500401,855,18662104,55,231830,629,32874869,604,7767795,157,614873,5,32109,7,80711,23,183646,38,629170,1,4775,5,183537,806,1488993,104,143504,295,2465949,295,977097,1110,82881100,152,402466,36,48086,274,56227,37,49475,399,406203,462,962457,24,5980,19,56428,29,46792,264,224310,54,119847,2,13653,373,228593,814,4251018,49,1255401,7,63506,79,1003030,18,354556,234,10546249,113,996791,10,196891,7,22741,174,3091478,112,4668778,99,1434324,167,10386812,188,9828953,92,469969,76,230752,73,30014,311,9408256,234,2960773,181,647006,309,3987884,174,2639728,137,-827135,314,1812593,7,57079,6,12115,0,0,13,119801,113,2296478,52,280310,630,5589571,2,2031,486,208817,10,97817,138,2999125,8,147538,1,4578,3,11507,8,44882,951,815,554025,79,27723,366,185741,688,396007,3,16285,1,35000,23,461917,16,106970,1023,57143488,24,1336100,1031,56427560,1052,57763660,20,658422,104,1614977,25,801694,102,1471705,84,1771740,51,347050,4,9709,17,519911,86,1169362,134,1264662,2,1032,457,4785719,498,2704240,238,1134507,830,19281641,998,34461278,1049,23211954,112,1991107,1070,21225058,15,626540,58,4631736,614,20366239,652,24482384,525,287212,
Female,WA,"m. Professional, Scientific and Technical Services",9441,9390,647418544,8190,142543835,6960,11844202,275,304004,6958,12143513,7504,147753549,801,3129003,5806,315012885,5584,78344322,1170,3502937,84,1140834,127,1882750,321,2624278,335,5236722,14,191060,30,1133407,6970,8400521,723,459983,2006,9532908,1983,3895892,9401,686048494,1559,2961431,480,580390,1985,425140,317,869857,3629,4139997,4186,8976815,213,67349,108,316417,250,279558,2742,1628755,306,462476,6,1349,3234,1529797,6878,37618835,347,8423144,76,1168119,662,4530041,110,-467530,1663,53711092,1067,7538813,81,2393132,35,1973218,1415,18938657,924,14901328,817,4074710,1235,33569818,1342,45135782,1038,5268213,916,1609039,862,525334,1855,39945109,1470,15764230,1012,3166538,1855,19597594,956,8119822,905,-6703077,1867,1416745,59,268660,43,67098,2,26604,135,919541,1388,22590191,486,1725726,6172,51320230,25,71693,4448,1889568,168,788267,1826,47141251,70,962474,2,26063,59,359139,101,334673,7950,7001,4092367,659,195944,2662,1084779,6329,3203532,15,482301,23,490100,332,6896075,146,1414072,8570,387258696,97,2251937,8836,394254880,8928,396544342,128,1713712,858,14798396,126,1937507,876,14574601,676,8887479,327,1896582,80,470510,23,160502,840,7528765,379,983954,9,103459,2711,10729458,4656,14335886,769,1043915,7810,91361598,8243,152082224,9207,243940733,918,15733196,9370,228222210,123,3990748,241,13292110,6388,222055710,6482,227623302,5416,2875481,
Female,WA,n. Administrative and Support Services,7888,7863,313801661,6076,46856321,3726,4257490,167,173050,3727,4430260,5011,46397899,217,671820,4443,149242259,4169,29314998,1316,2221891,35,276905,79,538584,576,5323287,352,5547048,7,88049,16,535867,5185,3090855,224,262200,758,3137163,753,1283394,7874,326346010,1013,1959686,266,305634,2369,606042,195,425000,2422,1689193,3129,4985555,53,12787,53,33175,72,137411,1540,496151,149,233252,10,15337,2554,745098,4815,11680446,204,4637688,35,564776,248,1346588,30,624707,547,13632149,277,1328176,50,654004,24,19018,395,2371340,315,4838871,252,1003144,422,10356560,507,14833557,284,1062995,214,240918,213,45091,749,12924180,598,5039738,353,908587,748,5937722,383,2972065,370,-1933931,753,1038134,27,136401,23,14614,1,4228,41,176917,397,4711346,132,281504,4625,15663946,13,33833,4692,2227684,91,185585,734,15929328,58,673391,8,61767,36,201674,46,131088,4602,4039,2061355,435,96607,890,311510,4036,1846452,14,274130,16,139238,449,5960354,117,1038116,7258,222043001,139,2324935,7636,226993550,7767,229264177,80,342189,843,7041299,78,267066,855,7116422,499,13211662,235,1627097,30,63476,20,79068,337,1933275,185,401739,1,663,1440,6530534,4584,16015391,731,910615,5958,50844088,6511,98736081,7803,130522524,230,1665838,7831,129075139,71,1227617,115,4879843,5930,114713149,5957,118003287,4085,1542812,
Female,WA,o. Public Administration and Safety,206,206,10852283,180,1934132,134,175205,4,5758,134,180963,164,1972480,7,24070,134,5715328,127,1398820,58,171111,2,59458,1,13652,11,77888,14,221834,3,29448,0,0,151,111085,9,5207,34,81069,34,31978,206,11468495,40,82259,8,24024,70,14166,8,8724,79,64570,98,193743,1,48,0,0,4,684,52,15813,5,5743,0,0,97,29767,140,606080,11,241514,2,18853,19,75473,4,-2865,21,299922,12,45072,4,33428,0,0,10,64511,12,268423,9,44214,19,1083819,26,978692,7,40042,6,38925,6,1420,29,468478,22,158352,14,48900,29,200827,18,123338,11,-62939,29,60399,0,0,0,0,0,0,2,46,15,347526,1,12756,154,635274,3,2535,125,56761,3,9542,27,610743,2,9168,0,0,2,4219,0,0,140,120,70826,14,2133,35,15393,117,57567,0,0,0,0,6,41577,0,0,200,5853725,3,24094,205,5871208,206,5895302,0,0,15,80939,0,0,15,80939,15,125252,3,1357,1,207,0,0,10,33603,2,17294,0,0,45,198272,129,496560,14,22112,164,699083,175,1674679,204,4212885,4,60320,204,4152565,1,17754,3,73420,158,3651745,159,3661644,128,58151,
Female,WA,p. Education and Training,3797,3770,211171408,3112,42189801,2497,3674498,92,96878,2496,3768937,2764,43325960,362,1153182,2529,119389332,2404,28702237,578,1410794,15,48031,44,308701,231,1933404,157,2310275,1,4130,13,467249,2840,3225420,237,374938,686,3272076,673,1331298,3785,223405645,639,1036674,207,236448,958,215916,182,406121,1683,2027825,1904,3922984,92,26790,33,60268,65,59518,1126,543982,80,108550,0,0,1584,605565,2801,11587096,147,3309766,25,439938,273,2259684,27,693947,563,13568471,353,1705364,29,196178,17,79113,525,3969628,331,15575404,263,5999999,435,32757904,388,11731455,386,2120755,329,859186,304,210470,613,12051438,454,4106563,328,913910,612,5872592,338,2927984,277,-1769611,617,1158373,28,111421,15,37174,0,0,47,260935,331,5845951,115,396813,2287,7612821,6,31430,1969,864377,59,375141,1011,24344279,40,627401,0,0,25,146190,65,244890,3075,2649,1597153,227,65124,845,338940,2512,1323338,11,138237,20,112057,154,1396696,42,341262,3477,100643583,38,586028,3623,102045807,3655,102631835,56,830022,305,2581383,56,768166,312,2643239,211,3147362,125,649203,16,79887,22,60980,492,4574160,83,227169,7,11603,924,3052212,1876,5820065,358,484891,3042,29354937,3267,50105708,3724,52592729,332,2854904,3766,49731506,45,1066660,75,3470978,2501,48590772,2534,51282016,1958,768658,
Female,WA,q. Health Care and Social Assistance,13115,13059,1186228105,11679,311690432,9856,21995779,430,534664,9849,22522331,10771,323870912,1384,7175593,7302,421374237,6981,115102971,2349,5950913,41,297249,94,618996,697,5582901,426,6366758,12,74202,23,376879,9649,10995339,719,1219799,2123,19101446,2099,7726158,13082,1265318269,1979,4199819,605,1051047,3185,736610,622,1713545,4587,9725647,5380,17426668,374,112340,121,418385,278,554622,3637,3663385,700,988298,7,9458,4787,2210047,9812,78039136,1657,36511680,101,1990721,796,10815805,73,2776483,1896,59157983,1229,8152477,75,3488227,42,1843922,1187,11343332,1106,22127156,985,6912376,1433,53648086,1374,47550778,1319,6621854,1147,3235055,1082,579570,2401,53460713,1920,21845810,1316,4404299,2410,25623632,1205,10696084,1208,-9109112,2425,1586972,130,784325,98,132488,12,194569,149,1746922,2480,44646421,1341,7930761,9704,181106800,17,15855,5874,2551802,134,321274,2897,92708133,106,1348773,6,37928,132,850351,287,1251053,10558,8940,4977189,842,214092,3803,1719865,7474,3471415,26,482109,27,1012380,376,9294358,199,3689966,12328,1169913807,121,3366768,12664,1180935562,12772,1184375644,221,1812923,1035,26649793,220,1904801,1052,26557915,779,42198284,543,4999234,82,203866,55,604979,2397,34909347,542,2534804,12,29080,3778,19158829,7152,24952901,1413,2354439,11470,343109326,12026,501630093,12924,680530435,769,9954312,13032,670578760,98,4425389,256,16734775,9942,619932848,10017,610330006,8678,5626972,
Female,WA,r. Arts and Recreation Services,5766,5726,304809079,4710,57245273,3856,5347769,160,175582,3851,5488289,4221,58139094,624,2037565,3930,180563047,3767,41714910,957,2101586,34,179504,60,197107,403,3353792,251,3775329,9,286264,13,583990,4345,3833472,273,254786,803,5574675,794,2235537,5743,318054582,1012,1775922,347,458366,1425,340867,205,403075,2336,2832665,2767,5810895,111,22201,46,120277,129,420394,1572,902790,125,170306,5,8886,2290,987494,4116,12761792,174,3887126,40,447215,371,2485180,39,933163,840,23314539,506,3179510,68,719646,26,158713,1117,10398775,422,4952312,326,1276565,542,17720256,490,81101329,549,19434866,473,5822078,441,1962405,685,12927770,509,4605696,327,818493,685,5990900,384,3141174,305,-1628493,692,1512681,47,319656,16,6120,2,5885,76,347834,316,3812958,132,489503,3106,12016781,10,42666,3041,1343890,66,105572,1758,43773267,63,961041,6,49677,92,734333,150,547284,4391,3741,1966951,324,81836,1104,410173,3557,1638614,21,297035,35,2522323,288,2429855,104,1276600,5174,160318437,105,2321002,5375,164523248,5471,166844250,282,2539749,839,9453618,298,2698710,859,9294657,602,7494082,132,661221,19,40098,23,157419,994,9052409,131,497484,2,2321,1476,5327611,2828,8776803,526,997393,4742,51665667,5104,93952394,5623,72384265,739,8101661,5729,64324584,75,1493406,130,6980157,3386,72683819,3461,79131925,2696,1081709,
Female,WA,s. Other Services,9237,9170,402213436,7434,64483316,5503,6409240,212,214097,5505,6621842,6349,64767606,381,1096201,4253,156832208,4052,33559576,1094,2368330,50,325708,87,400852,517,4743415,447,7129260,7,69679,9,270622,6457,3627376,275,224726,922,3998395,915,1572401,9193,418501771,984,1934673,208,226501,1931,446290,197,430367,2224,2018909,2847,5056740,113,26275,45,33033,91,125444,1700,557482,294,451355,2,273,3081,1057654,5500,14770331,218,4799885,35,649574,271,1528749,53,3241055,830,25038824,436,2884573,42,592968,37,193295,1215,9625094,458,5545441,355,1093612,562,14440082,676,20309754,422,2077592,347,898495,344,97751,1049,17795766,872,7407557,527,1271573,1051,7797211,552,3813326,507,-2493901,1061,1319425,48,128732,44,21128,4,64444,41,186516,720,6929377,194,516610,5352,25953068,9,24473,5608,2625791,91,117262,1205,23977207,61,620271,71,677710,99,785759,89,307087,6817,6061,3150357,573,137221,1457,507980,5992,2779598,9,144735,11,81585,172,2615558,275,2911637,8746,438999079,106,2793381,8849,441959174,8946,444749094,840,4923900,2836,41882585,885,4877657,2894,41928828,371,4697846,620,4634033,44,105460,60,704625,2157,28973435,544,1362299,10,16072,2704,12815382,5421,16280602,1701,2627884,8251,136130053,8687,250311598,9102,194665023,725,6435957,9190,188228986,82,2735931,177,11266361,6661,183217492,6713,190387421,4963,2500061,
Female,WA,z. Other,725,716,60139517,576,17091769,469,1139096,31,33763,469,1171106,514,17612796,49,192236,458,26379040,445,6493235,127,540135,1,7949,6,21875,37,422673,33,559734,0,0,3,129147,494,771936,42,112341,143,2141226,143,905722,720,64485663,153,309311,46,34586,245,64868,32,57487,309,417102,363,883354,26,5833,13,13097,18,56811,189,1120676,27,47455,1,1500,293,208130,535,4208716,36,752742,6,51150,53,552365,8,237457,89,3169649,50,361913,10,142856,33,1245176,277,4438905,59,1040738,48,293087,78,3253453,100,4357486,49,3427975,38,2711588,37,204206,164,4652247,127,1672121,83,373053,166,2389442,78,1011304,89,-793673,168,217631,5,11810,8,8954,0,0,12,310082,65,1633185,45,235649,235,8499034,3,12914,291,132292,7,27185,121,2678632,5,84864,0,0,3,37933,8,20480,561,490,301752,51,16325,177,80201,444,237876,3,40301,3,58080,13,205693,12,270526,417,136772586,40,6264399,395,131082787,434,137347186,58,8390406,146,68973175,64,7816900,144,69546681,55,1907265,44,1261625,5,226598,13,170536,68,1939148,52,552778,0,0,200,1837379,238,2005420,96,675791,435,33216676,530,113359835,590,21693277,203,3643046,715,18048223,7,274594,11,748661,264,24156705,278,24052245,222,115011,
Male,ACT,"a. Agriculture, Forestry and Fishing",152,150,13825173,127,3745833,111,262283,10,17562,111,279846,120,3735588,4,19322,67,7413177,66,2247377,15,83332,3,44548,1,14604,2,15239,1,26000,3,44931,49,3137064,117,378326,43,167268,69,965967,69,371884,152,14751030,16,66027,7,13604,30,6090,0,0,40,35935,51,121656,10,2273,4,282,11,149105,51,103798,6,9766,0,0,67,95539,117,910814,1,10376,3,70242,7,49029,10,-42385,29,715366,14,77090,1,1000,23,1970841,5,52982,19,599997,16,199077,25,1887701,21,1415261,19,278842,16,20101,15,3913,50,3408544,24,556793,21,122924,49,1878393,34,1162046,16,-311612,50,850434,0,0,1,3318,0,0,1,12000,19,381652,9,33795,55,357718,36,218567,45,18845,3,3282,8,207141,0,0,1,18133,0,0,1,2430,116,98,78181,12,8199,37,19090,92,67290,1,37520,0,0,3,90565,11,76800,121,9227046,77,5131117,55,4300814,125,9431931,65,2670928,47,1764736,66,2848719,75,1586945,26,691171,13,76086,0,0,5,105793,13,153094,27,266097,0,0,80,1351682,97,859873,62,573173,140,4491817,146,10155731,150,-802197,25,1685130,152,-2487327,3,217261,2,128868,49,1526381,50,1776214,42,24514,
Male,ACT,c. Manufacturing,223,220,15897179,196,3600526,167,294293,20,26575,167,320792,185,3686384,11,47138,99,7065960,97,1927670,31,161217,2,27983,6,13952,1,11623,7,81541,1,8909,18,1096559,149,128844,27,57059,44,290061,43,108036,221,16816194,31,84996,9,25040,44,11791,3,3490,71,99506,79,224823,13,5335,1,12948,6,29481,50,32527,19,38727,0,0,99,55905,165,911501,1,16999,1,6170,14,72601,1,3,18,54078,14,2915,2,15106,2,51160,39,370760,13,204132,12,53266,23,450971,19,152925,16,37180,14,5448,14,934,42,1069668,33,444815,31,113978,42,568560,22,144421,20,-202106,42,-57685,3,25856,1,443,0,0,3,32700,27,387133,23,124622,139,1622459,16,80117,91,38886,8,17938,25,382837,2,14171,8,67877,1,5454,0,0,139,124,79212,11,1333,51,19851,118,60694,0,0,1,5240,7,274199,3,164316,214,21829078,5,501564,219,21771269,223,22272833,24,729551,81,3257527,21,727204,84,3259874,29,978494,19,177310,2,6110,4,50149,36,715541,23,46628,0,0,75,725357,134,1012273,37,162338,191,7827571,208,14961645,222,7273200,20,304357,222,6968843,1,23425,1,26000,139,7117292,139,6824896,118,76728,
Male,ACT,e. Construction,2692,2681,164498877,2474,31695546,1918,2823431,148,200775,1918,3024205,2274,32494306,45,183510,1012,53365051,983,13538626,382,1619074,18,386977,60,402451,59,458497,26,320035,9,85078,35,1436956,1706,1013330,164,67117,295,1325374,291,511732,2687,172533603,296,1242565,95,330578,590,166047,50,133473,597,889026,731,2761689,87,36931,9,1286,23,38162,402,150691,240,706789,2,11127,894,492256,1643,7624609,6,125064,5,74438,82,408272,7,-38322,130,2754716,92,363486,5,160612,6,67361,126,2115966,120,1632892,111,393011,158,3437471,182,2968998,94,65483,84,18511,84,8814,296,7124363,264,3576982,187,654119,297,3526229,119,1246656,179,-1879623,298,-632967,7,6351,19,66688,0,0,25,539407,223,2837698,165,587960,2114,18951124,29,105844,1472,634573,57,134969,91,2029368,9,112588,80,689238,2,16643,2,4895,1209,1060,491392,144,26051,336,109911,1061,407532,2,27587,5,128946,47,2000107,30,469184,2603,255640570,17,762304,2646,257539986,2661,258239807,36,6552754,783,38438345,40,8884303,785,36106796,463,19552220,140,1069991,23,67287,22,137415,172,1251351,298,968887,6,24259,872,10756321,1921,15666150,409,758684,2448,64948839,2562,151308200,2665,106186568,106,2070107,2677,104184168,12,674280,4,88240,2196,98865241,2201,95392175,1944,1262515,
Male,ACT,f. Wholesale Trade,10,10,547048,6,124749,3,4936,0,0,3,4936,4,109463,0,0,4,243245,4,56134,3,2511,0,0,0,0,1,6121,1,25037,0,0,0,0,7,2449,2,43,1,31,1,13,10,553518,1,1560,0,0,2,348,0,0,3,972,3,2880,1,286,0,0,1,42,0,0,0,0,0,0,5,3262,7,6470,0,0,0,0,1,3840,0,0,2,42,2,10,0,0,0,0,1,50423,1,1809,1,405,2,3641,2,1685,3,84139,2,24,3,14545,2,57872,2,8182,1,3033,2,36025,1,14198,1,-3566,2,10632,0,0,0,0,0,0,0,0,0,0,0,0,4,33191,0,0,2,674,0,0,0,0,0,0,0,0,0,0,0,0,7,7,4653,1,1,1,231,7,4424,0,0,0,0,0,0,0,0,10,647175,0,0,10,647175,10,647175,2,119248,3,286386,1,177277,4,228357,0,0,0,0,0,0,0,0,3,79574,2,14255,0,0,1,1556,6,17157,2,1142,8,145837,9,487878,10,157715,1,30692,10,127023,0,0,0,0,6,183844,6,179477,4,3127,
Male,ACT,g. Retail Trade,323,319,23905332,279,5329831,249,449161,26,35291,249,482375,266,5617580,26,108917,214,17977604,213,5008251,68,284954,3,35006,9,20060,12,138143,4,64302,2,49338,19,929903,217,269748,35,12000,62,185152,62,70389,322,25026529,58,142442,23,15042,88,22881,16,22502,159,177527,174,380394,17,5204,5,1275,10,33578,91,99675,14,13002,0,0,135,77635,231,933642,4,98267,6,61568,24,99581,0,0,37,391556,29,48732,4,121398,2,116,86,808850,26,554547,19,110404,41,954967,45,1140086,34,7359,32,6260,28,756,67,1639873,58,861000,51,206493,68,915195,30,174725,38,-517540,68,-342815,2,113066,1,4393,0,0,4,50764,20,308187,7,14692,153,828248,16,78847,109,41225,10,3258,43,1104812,2,2746,1,2600,0,0,3,7260,202,170,81455,22,8788,65,21121,162,69122,1,4185,0,0,9,59758,3,5923,289,25071307,6,178075,295,24963098,301,25141173,94,4038600,172,11345183,101,3692123,177,11691660,17,116245,15,85654,1,400,2,8479,58,1466744,27,131163,2,1265,81,400040,138,824509,47,168400,263,6392046,292,21286605,308,3801773,49,536473,317,3265300,1,9186,2,324496,153,4342218,154,4317554,125,59863,
Male,ACT,h. Accommodation and Food Services,318,317,15815348,278,2812330,132,165802,5,5084,132,170870,248,2832037,5,32133,231,11574324,227,2420109,86,100944,0,0,2,5993,8,85613,1,17871,2,18682,2,98976,217,144640,7,181,20,44241,20,18004,316,16680553,92,187891,22,25571,162,58630,16,51492,168,126561,193,450145,1,68,1,13849,2,517,52,11079,11,55315,1,50,154,52218,236,726627,3,60373,0,0,10,16160,1,7500,16,173787,7,4104,3,61978,2,10093,29,318954,15,413859,12,69147,21,1278233,17,228338,9,3351,10,-9083,7,882,25,691484,17,254816,15,61849,25,405555,13,131284,12,-162020,25,-30736,2,3428,2,1138,0,0,1,1,10,129189,1,14197,211,635788,1,1632,187,81164,1,141,17,467130,1,13829,1,15128,1,13818,2,8484,86,67,35618,14,4186,17,7576,69,32229,3,9687,0,0,34,739258,1,2000,280,20194225,4,13725,309,20931445,312,20936170,20,57996,71,5948505,19,75548,72,5930953,12,251155,35,271241,1,21600,12,63042,47,1404587,19,73995,0,0,107,686091,145,779568,83,321149,259,6966214,283,16769595,313,4165922,23,554700,316,3611222,3,60357,1,33586,221,4152759,221,4072621,185,57854,
Male,ACT,"i. Transport, Postal and Warehousing",4415,4409,220261205,3894,36004754,1710,1954829,94,99471,1712,2054300,3597,36029634,45,150536,3363,168896450,3297,33345361,1376,2142268,21,43037,67,157485,71,578481,25,398121,6,128631,27,1088232,2958,645376,71,32984,210,553091,209,201212,4413,229378599,1363,3424648,254,284518,2419,832764,198,477134,2419,2114364,2835,7133428,39,29423,6,18347,14,7769,682,370456,69,86109,8,1042,1998,414180,3212,9031613,107,2558964,8,86282,75,224804,1,-2926,91,818773,72,57300,19,319795,9,748,208,1478391,104,463869,94,110314,142,965781,180,3353004,67,91977,60,27149,62,2529,149,2762282,137,1437997,95,343478,149,1452465,51,384054,99,-855712,150,-471658,54,355486,10,19884,1,25757,20,85266,42,503372,45,467487,3276,5699043,21,80824,2735,1112596,67,9569,123,3620557,3,51417,8,78139,2,43053,10,56612,847,524,163107,248,33221,96,20781,721,175547,10,60813,4,69843,352,5951020,27,352983,4016,119383428,63,1325911,4322,124405682,4385,125828352,11,70012,98,1991860,12,110341,101,1951531,231,3665900,8,58740,3,2206,70,623241,112,608938,60,136477,0,0,1100,9403507,1945,13983812,742,1618581,3589,41899078,3974,73952011,4377,51916371,90,677337,4389,51229442,5,49374,6,339600,3212,47391006,3216,47423451,2731,749062,
Male,ACT,j. Information Media and Telecommunications,314,313,27071832,276,6447805,254,506277,31,39281,254,545558,270,6693679,36,124487,231,19961048,232,5765803,52,371134,3,116176,3,21548,12,108965,1,18452,7,57374,22,1179480,221,180214,42,56240,64,222342,63,95057,313,28049809,59,102649,21,19424,53,12762,13,25277,161,248405,179,408517,11,3026,5,6916,13,14359,106,83004,8,7138,0,0,122,64596,241,966938,2,45049,8,84546,30,211507,0,0,39,344095,36,38021,3,214713,0,0,83,1250813,37,238720,33,65272,52,421578,41,894902,56,222172,49,49119,46,8000,55,1298007,41,445596,33,109237,55,659982,27,290286,27,-207094,55,83192,2,3890,1,8,1,39019,6,4262,20,299699,22,67767,184,875718,15,74809,92,37148,6,94204,63,1966226,1,10957,0,0,3,133732,5,19234,202,168,86321,22,6101,74,27472,155,64950,4,81660,1,4365,28,644283,3,12295,256,7588819,6,271037,285,8060385,290,8331422,4,379028,38,256249,3,4851,39,630426,18,181252,3,2265,0,0,2,3759,25,115867,8,17111,1,1975,85,577573,88,297489,21,25490,227,2388758,265,4241965,305,4082106,62,1152531,310,2929575,3,74743,3,158277,146,3420141,148,3571245,132,60313,
Male,ACT,k. Financial and Insurance Services,334,326,33270064,288,9278041,261,663481,18,26501,261,689982,277,9722040,16,63358,238,28583124,235,8673922,63,399475,5,94014,7,136915,1,1938,9,153508,11,141385,42,1946234,244,329879,74,113390,144,1534741,143,623409,333,37483888,82,280211,24,60468,73,17969,20,70892,185,318142,204,747682,31,16796,8,126742,33,106440,109,176707,14,44615,0,0,210,180305,299,2350276,9,249402,11,178263,44,363715,3,40298,66,1673574,42,154003,5,304761,3,30181,139,11872252,56,2078143,49,573033,78,4561938,93,2440184,61,197914,61,98479,55,10624,132,5364093,115,2464011,102,638337,131,2570220,58,732687,74,-1041162,132,-308475,2,104041,0,0,0,0,4,42517,36,748736,39,201519,94,1008855,29,127741,74,25918,8,27718,23,541813,0,0,1,17714,0,0,1,8519,256,228,136713,23,6103,119,53659,179,89157,0,0,0,0,6,553159,1,176033,273,100203445,1,21955,279,100910682,279,100932637,125,19727029,162,89782551,109,17651050,179,91858530,14,124506,1,1433,0,0,0,0,9,83024,48,392498,2,1328,53,328112,38,153456,12,76187,195,11978011,282,104997085,299,-4134812,105,8695671,331,-12830483,3,288745,4,730590,91,3775174,97,4447732,86,44248,
Male,ACT,"l. Rental, Hiring and Real Estate Services",152,151,16444805,142,4426492,121,295999,12,16550,121,312549,134,4386226,4,19535,99,8581062,95,2480609,26,129354,3,16655,0,0,2,29596,3,38737,5,55380,15,829909,106,132979,22,11635,42,523087,42,201318,152,17420017,32,169772,16,28452,31,9209,5,13060,71,173035,78,393528,9,9210,0,0,13,29234,42,38000,15,41341,0,0,64,45745,122,906416,3,41162,1,5372,11,139773,2,-8057,27,1134125,17,139668,2,211784,0,0,27,506942,18,121481,18,31580,23,512205,19,477558,15,13542,15,13542,11,1857,53,2086211,45,932745,42,264426,53,1111004,23,287527,30,-509491,53,-221964,1,2955,1,4084,2,19851,4,1522,13,274548,12,74810,102,1253901,10,55196,42,18096,4,194014,8,199635,0,0,0,0,2,2025,0,0,110,87,47177,20,3976,39,16761,81,34392,0,0,2,39039,2,2718,3,11257,142,10233281,3,191844,145,10094451,146,10286295,2,26705,11,365270,1,11585,12,380390,10,166384,1,1764,1,14000,1,444917,5,57314,24,426611,0,0,58,812242,66,473357,28,111018,119,2637541,130,5525538,149,4736008,16,378484,151,4357524,3,303822,2,187615,86,4548349,87,4781659,80,51357,
Male,ACT,"m. Professional, Scientific and Technical Services",1967,1962,242023133,1842,68434585,1650,4559738,127,206318,1650,4764364,1761,69568540,136,689495,1194,115642247,1170,35901933,282,1953625,26,1196369,35,906138,29,188494,41,523331,66,1063087,404,29531039,1492,2244694,375,288168,609,3723372,601,1528783,1966,255707160,321,771169,133,263815,267,69490,89,206476,883,1371350,934,2682300,128,67423,33,64917,118,494598,811,1366238,119,266896,3,1226,979,732140,1675,13511654,29,787747,41,510005,144,1140503,5,-24236,311,7527064,249,1641510,19,1932745,9,453984,354,4963667,269,3777344,254,1111477,377,8891338,323,6415356,352,3177193,311,1304450,288,242010,496,14760206,396,6462869,352,1619265,498,8052430,209,1998985,290,-3373343,499,-1374358,19,317882,12,22095,2,26067,48,557856,358,7373639,141,443498,1364,23090600,329,1907753,520,208211,51,386706,221,7356513,8,144724,1,860,3,53064,27,87045,1529,1237,799198,183,80228,632,289432,1056,589994,4,67995,6,728883,128,5253616,7,155924,1640,112756428,28,1090606,1750,117872240,1774,118747100,21,434281,149,2856923,22,327488,151,2963716,145,2686365,70,765907,13,57459,10,57023,149,2240837,76,294980,0,0,559,2841435,759,2939955,128,186034,1523,24506612,1656,39540425,1880,79317011,240,4639245,1951,74676141,4,63000,8,320057,1202,69976517,1202,67455058,1101,683791,
Male,ACT,n. Administrative and Support Services,1013,1009,58927387,875,11534659,594,876468,41,46278,593,922539,800,11632655,20,66863,562,29000987,546,6505065,197,389506,1,25461,9,256095,42,372464,15,246438,19,299244,65,3603882,665,360290,78,419891,134,1704977,132,610543,1011,61653521,173,454928,41,37007,341,103997,23,59606,350,317344,431,972882,22,10292,6,6014,14,35356,194,114638,42,97578,0,0,400,146959,700,2608204,16,328468,2,15989,30,131516,2,12776,69,770252,46,73686,10,609761,3,4787,69,624312,55,1047797,47,253941,83,2312691,83,2399504,53,103282,47,57699,45,5214,104,2433635,82,1135211,67,223972,104,1349565,45,359904,59,-635017,104,-275113,5,11118,4,4780,1,34,4,9848,66,1123041,39,100076,721,3521053,49,266241,544,228638,9,7176,70,1765829,3,62550,7,50287,0,0,2,7278,454,374,203765,47,11515,109,38695,375,176584,1,2347,1,62400,56,1190136,7,11436,936,42328914,19,518762,976,43101471,992,43595233,10,10602,172,2069466,8,5529,173,2074539,78,1417154,52,281535,6,15625,8,36698,40,254383,66,127912,0,0,259,1914300,608,4153629,155,266409,815,11121962,873,21664146,1002,21984551,57,632493,1010,21352058,10,176855,4,48580,751,19683949,752,19160491,612,279562,
Male,ACT,o. Public Administration and Safety,31,31,3150093,29,772271,24,54786,2,4093,24,58879,29,807809,2,2554,22,1651748,22,438975,12,48981,0,0,1,8969,0,0,0,0,3,31005,3,92131,23,12326,2,67,3,729,3,312,31,3296411,6,19402,4,6853,14,3683,2,3474,14,25314,20,58726,1,481,1,6371,2,1044,11,21610,2,1508,0,0,14,3367,25,146318,1,6981,0,0,3,2979,1,12,3,1100,3,3143,0,0,0,0,4,25426,3,84159,2,22439,4,169079,2,14134,5,69285,5,69285,4,1482,2,14427,2,21451,2,3145,3,18706,1,363,2,-29238,3,-28875,0,0,0,0,0,0,1,187,5,46882,2,6329,22,319749,1,1296,7,2621,2,5503,3,22162,0,0,0,0,0,0,0,0,18,17,8978,2,273,9,3604,15,5647,0,0,0,0,1,667,0,0,30,2383564,0,0,31,2384231,31,2384231,1,32358,6,139103,0,0,6,171461,1,12680,1,4817,1,975,0,0,3,16777,1,1886,1,3216,12,112591,17,114244,4,17926,24,524018,25,980591,31,1260692,5,68649,31,1192043,0,0,0,0,20,1238727,20,1226843,18,12643,
Male,ACT,p. Education and Training,456,456,34262041,395,7783321,340,621568,25,36973,341,658541,369,7990455,47,161954,285,20820921,274,5692540,66,257221,0,0,3,6333,12,92562,3,30707,7,130459,42,2550285,334,326339,52,12379,91,433420,90,171147,456,36016778,64,133574,28,36626,105,23752,18,30208,185,270764,215,494924,17,6965,2,307,18,18150,114,193960,20,17701,1,1873,188,96542,333,1750237,10,275078,5,93634,29,199888,2,6,60,1054769,48,110002,3,222353,2,2488,53,1273286,46,591328,42,188640,61,1206386,47,544686,56,131249,47,48022,46,12414,70,1774128,53,609350,37,137627,72,861532,45,362596,26,-196977,72,165619,6,41448,1,4783,1,16818,7,3296,42,727950,18,191020,306,1622403,35,201040,184,74687,4,17753,109,2980985,3,86721,1,9659,1,2404,7,23092,293,225,132178,30,14113,88,35763,213,110528,3,3170,4,124131,30,381490,2,42725,407,14820167,9,147223,430,15224460,438,15367683,8,179700,39,368285,7,229247,40,318738,32,435298,15,74489,1,300,1,16419,47,464310,11,23249,0,0,90,553155,208,980555,48,53641,341,3718364,379,6638518,449,8664296,34,1201277,454,7443119,3,82449,3,326997,291,7667930,292,7667008,248,115688,
Male,ACT,q. Health Care and Social Assistance,872,871,227999619,828,82461527,757,4447613,57,101877,756,4548616,818,85847401,87,796157,511,68285473,505,23719913,145,862542,4,56277,14,87010,15,104267,6,93113,11,142197,47,2978326,683,1391830,152,170564,248,5764406,245,2318153,872,237891053,140,465744,73,170971,186,47904,62,230325,343,934180,396,1849124,39,27347,19,180696,38,210795,273,552608,111,315622,1,132,332,327547,765,9852624,154,3198704,11,199717,93,622898,4,-259849,181,6435308,134,898746,8,133477,5,943447,38,754540,120,1546883,116,563844,169,5949166,134,3980466,165,651053,151,216984,148,62267,272,12547386,217,6182114,196,1401296,277,7126236,129,1631712,149,-3793972,278,-2162260,15,189779,12,6527,2,50545,18,204404,233,4606580,170,1780830,762,55369945,36,156548,164,68995,10,112825,135,5414471,3,30931,0,0,2,12882,27,99981,687,464,292636,61,21283,316,176761,284,137158,3,6996,0,0,26,2179438,10,996154,836,236736469,7,59836,861,239859221,866,239919057,7,1439883,60,8383641,8,557524,62,9266000,58,5531471,77,1130319,5,2745,3,13765,129,6992186,64,1370857,0,0,264,1874036,444,2505825,72,205423,760,65636074,794,94528701,862,146286431,32,1142197,863,145144234,2,139641,14,1569088,707,134124071,708,131444474,673,537835,
Male,ACT,r. Arts and Recreation Services,829,824,65105166,733,15082289,658,1220098,58,77959,656,1297582,689,15379611,100,421918,587,42774779,572,12025741,152,722414,8,222302,9,518510,24,187027,20,181472,14,154566,101,6000669,616,768482,108,32915,191,1730913,189,626429,826,68789049,126,257395,60,144833,132,42652,29,121685,396,651362,431,1217927,37,11235,11,8852,34,45946,307,879449,28,47422,0,0,439,243765,664,3488357,11,288442,10,150180,73,380468,0,0,113,1095779,78,192251,7,80626,3,23635,244,4359472,78,774141,61,207311,111,2977001,99,1414070,119,1919208,110,1357253,99,143944,112,2794412,88,1219054,68,232712,115,1472121,54,486167,61,-615642,115,-129475,8,43452,5,18775,0,0,28,128788,63,877940,34,142392,444,2049221,86,478881,322,127117,12,53972,208,5745388,6,63112,1,4687,1,2434,19,82165,558,470,275988,51,25967,187,59435,463,242520,3,12636,2,29444,42,663357,3,40199,721,21929305,8,100505,754,22574436,760,22669289,22,176640,85,957835,23,189331,90,945144,70,982902,12,95374,2,2500,7,20865,99,1050173,16,37525,0,0,244,896498,324,1160659,74,58884,642,7153579,710,12404103,806,10157099,185,3658194,825,6501757,9,227040,2,176164,403,10107161,407,10117168,350,158165,
Male,ACT,s. Other Services,597,596,40640939,536,8632514,431,706074,36,51151,430,756648,498,8881054,30,104406,312,19011676,305,4815756,90,306934,6,96863,14,63232,15,122413,9,130738,10,175760,39,1811073,397,371090,65,85683,112,471465,110,199419,596,42685039,85,224264,20,17605,162,46504,16,47873,187,246007,231,582253,25,8043,5,1168,16,51061,130,63532,21,48287,0,0,242,132028,401,2007807,4,131047,7,71409,29,124141,4,-76233,50,954892,30,116486,6,282105,1,30,56,580322,37,1048960,33,260389,54,2062667,56,1635650,35,162447,33,82541,28,4354,101,2602457,87,1176342,70,272574,100,1266404,47,355098,54,-467961,101,-112863,4,7215,4,9670,1,28852,6,66451,57,1062935,27,58095,418,3339642,32,124199,286,116667,14,9182,55,1449607,2,15845,9,76121,1,1650,5,26443,337,278,132112,39,8336,83,31446,282,109002,5,223537,1,80556,20,1065721,1,339128,559,40036526,5,209211,579,41536257,584,41745468,29,378434,148,7355055,31,360179,146,7373310,33,712470,35,301089,5,6380,3,12750,104,2030760,35,115235,0,0,160,1591481,332,1603546,71,132312,511,10683273,546,24562606,590,17130667,42,416050,591,16713617,2,50987,3,124543,421,16011335,422,15295728,365,212505,
Male,ACT,z. Other,635,629,67141181,567,19824825,486,1295147,43,61811,486,1356958,528,20416669,32,141442,409,37303113,401,11164334,122,980529,9,394348,12,267069,17,119043,15,192946,14,222428,95,5407989,445,495501,109,86176,177,3416244,177,1440846,632,71096107,135,434041,64,167376,180,59598,32,46749,307,505464,343,1213228,33,14029,3,25817,38,364500,186,176076,33,78674,0,0,304,198220,514,3336622,19,417890,9,150119,66,413939,2,-122973,89,2329125,61,324757,9,659068,29,1238106,230,3302377,75,1461983,68,281634,106,2919798,100,2754854,81,483413,74,191002,73,55984,155,4601811,116,1849712,112,490723,156,2441127,71,825852,86,-1005603,157,-179751,4,19099,2,624,0,0,11,58044,53,1106029,40,159609,250,6204694,75,404981,219,83419,19,51857,59,1655512,4,42573,7,61611,1,4295,7,30016,456,377,239379,34,10816,170,68687,338,181509,1,2808,3,175835,25,568660,10,239256,387,203204206,30,1052794,384,203136971,412,204137105,80,14798908,132,149945055,81,14507007,144,150236956,38,2459134,22,789783,6,91995,10,152098,61,2213038,45,1271183,0,0,193,2013090,231,1559940,83,284544,448,31689724,525,192761485,557,14530755,163,3140836,621,11373123,0,0,2,49455,234,14297251,236,13729740,201,110861,
Male,NSW,"a. Agriculture, Forestry and Fishing",17156,16276,1467058332,12248,514225551,9930,31124325,596,1167362,9927,32266525,10775,524703770,225,1040830,8298,800465053,8090,239949298,2621,17073949,115,3504294,217,6731999,646,5817666,895,14517298,51,2005705,207,11089657,12046,41370219,4062,12947918,5978,131947655,5940,52670857,17109,1626419435,1742,6911024,651,3028359,5122,1293877,118,289007,4766,7262845,6434,18785112,349,129730,188,5277844,489,3288217,2580,16185864,841,1965247,6,218238,4917,6227909,10250,83091566,112,2456956,270,3784174,1083,8749430,1151,2133222,2666,127564500,1336,28291133,79,3655970,1859,160015305,622,14830445,1509,405365262,1042,171170057,2084,999794050,2062,106948656,1266,15876730,1176,-29433,1082,2681696,3633,125251758,2049,34302520,1538,6321115,3541,51951393,2588,45691453,1054,-13014723,3659,32676730,105,1672188,104,248032,1,25710,253,3642750,1159,24396861,1028,6392732,5470,50425392,151,790575,5970,2503927,241,1743628,621,14822663,33,358043,131,1049717,15,328293,53,175943,12391,10847,7562283,1387,504971,2505,1348806,10664,6718448,12,405364,8,224197,84,1885568,4390,42738563,15351,2046118768,11710,1569861935,5687,521009101,15569,2090855619,8758,512220901,6542,343892856,8874,494783091,9632,361330666,3531,77632377,1210,8262118,55,177012,496,11591970,1698,24614078,5439,117316124,98,2329311,10272,369563660,11981,99446215,11148,164673686,15775,926073636,16444,2163423782,16783,-93986076,1786,154262540,17016,-248252928,549,33713289,245,20237091,6856,294506541,7324,311312619,5188,3252967,
Male,NSW,b. Mining,196,189,12901740,159,3313191,123,250774,5,5050,123,255824,144,3414515,5,32913,94,7570554,89,2184278,30,108295,1,6439,4,32178,11,138738,5,79319,1,5135,2,110067,116,355647,23,69460,45,221979,44,90276,193,13789658,20,76687,9,40744,54,15633,3,773,67,97715,77,231552,4,808,2,118,7,7103,26,31523,8,19935,0,0,74,75988,118,572758,1,16998,2,53033,11,41714,2,-22260,21,-892632,9,42478,2,44782,7,237207,32,2481975,14,187948,11,51884,26,1837676,24,6489289,12,5017,12,5017,10,476,32,1077358,16,320185,16,40229,31,396243,21,459581,11,-138880,32,320701,1,5659,1,6,0,0,5,5154,12,171277,7,34454,111,1256889,2,3208,75,35422,5,40690,11,338886,1,31,3,22613,0,0,2,14593,125,111,69769,12,2608,38,18281,105,54096,0,0,0,0,7,339814,22,80929,171,16675505,16,762465,171,16333783,180,17096248,15,344071,36,1175382,13,370201,42,1149252,13,222729,7,80640,0,0,1,4545,16,138364,18,323514,0,0,73,2815416,96,808915,58,454181,158,6842372,172,12695852,186,4223390,22,1736243,192,2487147,0,0,3,161431,115,4384543,117,4391018,96,54267,
Male,NSW,c. Manufacturing,10949,10837,632619018,9355,126328743,7235,10972853,472,703632,7234,11670421,8415,130214557,295,1197306,4619,287222753,4504,75816993,1332,4801987,72,1287963,164,1595920,397,3224161,331,5003175,8,145145,34,1323983,6926,6670482,997,459389,1616,4853120,1601,1980335,10908,663696211,1257,4310451,435,977375,2609,777039,135,279446,2768,3837472,3428,10181783,147,48168,60,225592,97,286537,1463,704691,731,1684238,7,6338,3473,1747852,6297,26658323,69,1560962,67,625004,329,1893946,88,-1055624,730,10223433,448,1417362,52,1714857,82,1766554,1203,21002724,551,10088902,466,2536180,752,25656323,801,17545801,515,3577614,454,2015499,436,448769,1582,40115424,1218,16864662,704,2413752,1572,15644520,932,10766077,654,-5573090,1588,5192987,59,539903,72,217446,1,23233,81,699330,723,10263474,481,1496429,6971,55320620,20,90154,5499,2397755,197,412001,722,19123266,34,465302,271,2351122,23,297437,67,251374,5509,4855,2727640,537,116108,1075,393740,4918,2450008,14,340121,13,414612,228,6369603,226,3179520,10370,1052011634,209,8042314,10471,1054880106,10604,1062322420,1106,25700400,4257,233442522,1138,27637292,4325,231505630,1476,52371884,841,6196868,77,269316,146,1189459,2156,34055656,1429,5621689,29,77795,4135,58355655,7364,58081812,2589,7454099,9770,300309521,10307,755509439,10782,306360605,862,19391138,10860,286836558,72,1238853,36,1629355,7602,295997507,7635,287870171,6299,3813599,
Male,NSW,"d. Electricity, Gas, Water and Waste Services",565,555,33078239,473,6937106,353,575121,26,49058,353,624179,409,7025743,10,29774,219,12994547,209,3434136,75,424303,5,95640,14,222742,43,376082,21,342677,1,92037,8,280486,326,335719,47,26394,89,324681,87,121216,559,34932401,53,236935,21,54567,137,40230,5,8253,121,141458,164,481443,9,5034,2,10873,9,2202,78,38976,45,88221,0,0,165,106086,321,1638997,4,77483,2,11951,31,213491,5,57885,39,905424,15,13786,0,0,7,146855,50,1274166,23,524489,21,110022,28,1220684,51,1052477,13,7226,12,5129,14,1095,106,3300894,85,1205483,56,149301,104,1412480,67,918655,40,-385025,107,533630,2,3032,1,33,0,0,5,189647,44,797446,24,104657,347,3342120,8,29022,267,122689,14,150846,27,657580,0,0,4,37777,0,0,0,0,271,248,156056,26,6640,52,24404,244,138292,0,0,0,0,15,1033074,38,155564,546,64206828,12,338538,556,65056928,560,65395466,19,608524,125,6669489,22,705220,126,6572793,82,2982967,40,283952,4,7591,10,167469,73,1019692,88,595845,2,2069,218,5895225,394,6347155,167,975194,486,24242551,525,49092503,557,16313133,34,1151925,560,15161208,6,225703,5,460064,383,15287272,388,15400598,308,177475,
Male,NSW,e. Construction,72407,71926,3931817316,63271,737655235,48802,67662871,2803,4173090,48801,71820640,57053,754074819,1119,3608095,23996,1168385526,23361,299476269,8001,36544237,356,3475314,1079,7182583,2817,21342231,1284,18639777,51,1789281,75,2494815,43769,37204983,5428,2707998,8477,31657377,8388,11973150,72216,4132117701,6300,24921458,2227,5719828,13223,4133583,623,1452579,12608,17252476,16119,53479924,953,417980,274,1786961,462,1340290,7681,3234040,6320,16138955,37,58337,18983,9948946,37751,162473542,189,3976583,131,1473700,1343,7306060,478,-5916139,3732,53078267,2045,4329036,192,4056742,257,5807490,3339,75464357,2783,72909851,2386,21294708,3648,165000698,4500,97086503,2142,4218622,1924,1474603,1882,505227,10322,270138961,8316,117773443,4470,15674575,10319,103689234,6070,68775718,4301,-35774008,10386,33001710,285,2397467,588,1413432,9,86282,476,4816541,5197,63334861,3662,12642640,52679,448484120,68,379554,41467,18427803,1131,1506683,2924,67302695,170,2249917,2150,19625968,96,971814,221,772291,32397,28989,15293255,3357,693316,5693,2006204,29541,13980367,60,2346700,117,5672876,1403,51854234,2100,29500384,69837,7882472871,724,33952743,70955,7937489173,71312,7971830491,1794,130348569,22842,1331345886,1815,114268413,23011,1347426042,14109,751058702,6205,41140353,499,3228881,815,5349501,7219,53797784,10558,41880435,183,796085,27552,454390769,55403,501581115,14071,38615004,66076,2135432396,68452,5376704940,71674,2589509237,2443,61493624,72001,2528317044,505,15838986,216,11757934,57765,2466026212,57941,2399546992,48659,31532108,
Male,NSW,f. Wholesale Trade,2743,2694,171219753,2282,39136309,1719,3064260,104,155142,1717,3217566,1960,40304956,61,269463,1097,78807327,1057,21255078,332,1987158,26,382811,30,585077,127,1195603,148,2602305,1,10481,10,419239,1710,3085073,360,301333,578,5338958,572,2197598,2726,181088307,309,1119124,112,222874,566,168152,44,127586,649,884387,810,2522123,22,7876,20,49360,40,137975,391,237626,153,249743,3,1380,840,537599,1484,7519140,16,404018,23,300689,113,790535,41,-1126520,230,5589628,113,224193,10,292815,58,3827473,325,7015931,169,4768879,136,1296155,240,17139286,286,15979835,145,849911,125,271087,114,88922,578,20615121,431,6765933,263,1273868,577,7461756,358,7333185,226,-2219621,584,5113564,23,170318,21,29774,0,0,22,263263,197,3323924,78,448078,1500,13629287,6,28125,1275,578551,47,179008,158,4574055,7,164550,17,142923,2,105616,18,60472,1521,1385,903381,118,31981,353,154857,1328,780505,4,11286,2,42889,48,1726421,109,1899430,2571,513255298,254,29180533,2423,487735385,2637,516956646,680,40835517,1372,298324859,674,42370352,1428,296790024,233,5973955,206,1498284,29,75261,46,528211,548,9625504,361,2117824,14,37177,943,15229830,1771,16069614,724,3543891,2422,100388685,2567,451931396,2685,64612839,262,8825945,2717,55774811,33,873527,13,729959,1690,68646178,1704,66710242,1319,773896,
Male,NSW,g. Retail Trade,9120,8988,677154869,7469,171763200,5966,12440633,408,577441,5965,13012271,6701,179636183,560,2702846,4570,343598524,4448,92317318,1282,6047871,80,1342109,122,1188459,401,3367431,303,4715409,14,336120,36,1054251,5924,8697582,1072,932091,1998,31441178,1974,12743621,9069,715784434,1242,3670202,498,791463,2090,615508,277,761879,3171,4489501,3625,10328553,132,56741,77,305830,206,2918084,1644,3225373,515,840820,9,1933,3160,1736351,5728,31865593,134,3137463,113,1385991,373,2473784,50,-1605851,1007,28337283,583,2700482,59,1650775,83,1304627,1772,30201432,749,34099991,630,12721456,1115,90133519,1221,40164343,740,3301184,674,1337562,638,199861,1853,62094944,1476,28075079,929,4526370,1851,25825718,990,14310669,872,-10642892,1863,3667777,63,501123,81,117259,6,95059,112,901373,594,10540248,349,1905005,4558,56940485,30,101274,3847,1692773,164,458755,1143,37102978,57,757315,38,285200,23,270102,113,452002,5078,4444,2606196,419,102697,1407,611945,4134,2096948,24,484929,4,131599,159,4239532,115,3469930,8414,2998479890,153,5996053,8482,3000830491,8597,3006802514,3135,225941387,5289,2017301251,3199,226445201,5474,2016797437,725,20621080,953,12220643,70,464464,127,1250480,2685,88922635,1156,17475753,25,212185,2656,30662477,4763,30664833,2064,7448571,7849,563450688,8528,2790232166,8847,215765810,1063,21931265,9037,193813822,92,6136368,56,3727298,5090,209408366,5158,207273203,4015,2154223,
Male,NSW,h. Accommodation and Food Services,5111,5046,328785727,4073,82491472,2522,5288618,163,234926,2523,5503835,3617,84711439,126,511924,2834,144193276,2730,33728484,938,2766003,29,417002,73,568747,226,1792707,97,1495121,6,81636,9,196706,3201,3611882,309,153091,571,18346200,568,7756490,5087,345765663,791,1883829,251,405304,1675,512740,123,220252,1608,1621688,2103,4643813,47,14454,18,2209190,39,584292,754,686973,360,803072,6,1958,1582,1479647,3081,14261639,54,1193354,27,345290,123,687939,9,-49905,289,4212252,161,331553,34,526793,22,869007,371,8674222,222,56576787,180,24953413,311,124409414,365,12652949,175,1608539,151,957495,152,606781,698,26226565,573,11030315,315,1570029,691,10689080,391,6099061,307,-3161920,700,2937141,25,137805,40,55137,3,40851,23,576628,188,3205553,82,621634,3124,18568160,4,22076,2665,1222153,80,88050,344,8976154,25,423315,14,83452,10,191946,24,93080,1859,1587,882302,215,42584,374,168642,1594,756244,9,394964,7,114530,352,5168561,105,2028513,4611,660353859,75,3774402,4944,664318539,5001,668081524,794,6768292,2033,224300219,793,6805364,2046,224263147,293,6459045,900,9223567,20,56991,298,1747004,1606,57863411,554,5120428,8,58701,1665,22567831,2765,15490563,1832,8364044,4328,222993959,4608,574216068,5039,94511951,238,6931600,5076,87576192,36,1286534,20,658982,3386,98740908,3403,96570074,2648,1178702,
Male,NSW,"i. Transport, Postal and Warehousing",64580,64383,3014208037,53683,508442247,28328,37679882,1371,1661938,28334,39327775,46883,512018765,1331,4770974,38180,1933701731,37108,440482046,13323,28390297,442,5196974,1114,5040106,3129,24342485,1278,20611717,38,993802,78,2972934,37382,18032431,2758,1390037,5280,22469961,5223,8366989,64493,3128378634,10511,26047613,3412,4351574,23070,7399175,1944,4573865,25288,27034550,29868,69406777,404,278432,201,493624,338,787123,8659,3906967,1648,2663487,171,52072,23750,6216412,38472,101831714,906,21456566,316,3644322,1321,6209476,119,-696001,1967,23836426,1377,1998867,564,8531409,169,1822962,2696,29595654,1995,32138337,1694,9217438,2882,74560519,3923,110919019,1529,4839012,1371,2087059,1328,558443,5717,139522556,4946,74839427,2835,11820432,5722,57547904,2554,23328453,3187,-27974575,5747,-4646122,490,2230020,224,153881,18,276372,316,1823729,1097,14198079,991,3789712,42906,101704612,70,337402,38281,18035574,1140,1859631,3697,105350483,198,2830026,160,1252818,158,3723391,427,1706554,16499,13619,6630873,2105,346591,2675,870518,14364,6106946,138,2731498,131,3184317,3709,57398548,1156,8998988,60094,2417974636,926,22873643,63343,2467177955,64102,2490139759,329,9931125,2140,59521542,350,10683331,2201,58769336,3628,81441914,622,4537579,86,355022,2366,20036697,2746,20762742,2205,10936684,62,290775,15752,165301317,30160,294602834,10180,38792336,54413,825974249,58672,1521887539,63976,967388510,1279,20642787,64144,946304359,174,3673333,88,3032520,48557,885822327,48620,874289707,37277,12000970,
Male,NSW,j. Information Media and Telecommunications,5756,5727,443091144,5041,101459486,4366,8254147,362,496292,4363,8745131,4737,106170145,725,2894401,3847,292666953,3745,83462936,1106,3833306,71,1571836,94,1965673,286,2404860,119,1765146,14,220106,53,2451984,4176,4587629,576,361471,1109,4024051,1102,1595421,5732,462345319,895,2489423,552,910903,1057,284489,193,448478,2638,5316011,2908,9449304,103,63603,47,90679,150,161206,1304,1558594,245,412835,5,2932,2412,1289201,4227,18793293,61,1383340,71,1117476,307,1775369,27,-28489,760,8202725,563,1188249,90,1571479,38,186140,1057,12646128,564,4615754,513,1096529,797,10496374,706,12263293,775,5083364,722,3027649,674,659197,850,22061490,682,9533129,426,1783223,846,9978660,428,4370416,422,-3603938,851,766478,53,404296,28,52654,7,102424,102,254829,356,5017645,248,719495,3533,25226123,45,183934,2245,939837,133,490258,1443,50909580,45,909284,10,120073,38,376223,135,510644,3483,2926,1543964,304,76280,1083,397331,2672,1222913,31,292642,41,1066725,436,6822726,42,399782,4905,224670335,113,2522014,5218,230722228,5327,233227787,100,1558028,735,14478918,106,1402640,748,14634306,607,9379090,101,649808,27,68004,42,137869,816,6337993,214,485429,9,7953,1845,13179146,2205,9951658,596,963614,4453,57776756,4962,113571626,5590,118740418,692,10780193,5698,107982707,41,1035098,23,1122477,3251,108367716,3269,107641429,2828,1475943,
Male,NSW,k. Financial and Insurance Services,6910,6663,902609968,5683,305880971,4990,18319695,342,525024,4984,18819461,5326,319745156,320,1876066,4398,554667985,4329,177439446,1168,9763262,103,2994136,155,6366948,126,978437,203,3034451,17,366988,57,2265671,5241,16687315,1774,4345994,3151,69714059,3138,28236477,6888,980093346,1209,4402329,491,887085,1568,407633,232,641711,3435,5851760,3739,12190518,211,85851,181,3128525,434,4143733,1839,3148879,469,1572021,10,7669,3739,3881226,5623,45860875,130,3300572,191,3125145,702,5952408,93,-235004,1579,50221530,920,7256509,58,4613402,39,1385355,2008,133470759,1017,52088426,851,18620176,1616,121942870,1903,116877588,1321,140008069,1240,131787422,1117,1063654,2296,90067166,1937,44711580,1444,8779880,2296,39738417,1075,15140537,1229,-18303248,2305,-3162711,82,976300,67,265734,8,174187,173,3765760,628,12673661,574,4988160,2374,29823349,43,171807,1785,736448,173,1274319,588,18091694,19,343528,10,72640,6,16302,39,157255,5340,4718,3162731,427,150270,2102,1053078,3883,2259923,1,15000,8,288116,76,10426203,25,16415896,5825,9446524394,50,12159360,5880,9461512517,5911,9473660920,2657,493757329,3126,8854030899,2536,498426654,3528,8849361574,401,7827356,100,713742,10,150623,24,229357,327,3303985,873,10862787,44,447141,1097,7155121,1172,6052931,272,1142275,4448,586519610,6032,9598405724,6377,-120110590,1507,115979175,6782,-111473053,72,3424184,118,11273720,2198,98356529,2321,102666171,1957,1118883,
Male,NSW,"l. Rental, Hiring and Real Estate Services",4689,4616,447392491,3989,127995653,3321,8541690,213,377056,3319,8909527,3616,133372929,146,708685,2459,213079939,2399,60617928,703,5485312,38,834878,71,1482040,110,942636,161,2509958,5,76707,17,478756,3178,9703257,755,1868595,1377,28625952,1371,10990488,4678,485081457,692,2948670,267,594938,1138,304825,103,239324,1642,2559065,1964,6646822,102,72487,85,2218819,128,867015,893,1187112,337,785297,4,3424,1813,1626370,3290,24063474,60,1489096,57,837960,273,2639641,186,4507057,864,45600687,402,5582811,26,900623,54,3392260,638,17727708,491,43239378,408,16199113,712,111032357,790,52407352,392,4345679,354,3103466,340,376976,1608,77918123,1253,34045517,911,6255104,1596,32257561,848,16648269,761,-11288328,1614,5359941,42,448563,44,63679,0,0,74,888470,412,9320066,266,1306504,2635,25837791,12,48929,1752,729893,91,461704,281,8309120,10,128765,9,102801,11,232021,22,94987,3277,2955,2020765,280,85991,1062,569767,2623,1536990,9,1534620,5,560401,76,2169557,70,545134,4311,320073662,149,10786167,4318,312731994,4403,323518161,123,9230571,302,34166524,134,8070645,320,35326450,325,7164325,123,1254494,11,76638,53,392740,364,8876388,825,28084691,24,819461,1780,37594795,2128,16347961,944,7850714,3497,85951189,4095,229626314,4448,94176293,452,14166673,4531,79966573,127,9093275,123,11310475,2574,89685780,2697,100092307,2179,1201220,
Male,NSW,"m. Professional, Scientific and Technical Services",36506,36295,4153645256,33016,1199900615,28376,79080409,1874,3007336,28359,82024067,30722,1245074166,2451,12298615,18875,1703346030,18411,509989283,4331,22177411,624,16178960,860,36929984,866,6664282,1056,15516986,105,2673976,450,32506877,26179,54652112,6344,9615916,10669,103258565,10596,41736782,36411,4397660131,5044,15499309,2452,4022721,5514,1432405,994,2657585,13551,23237383,14770,46849403,798,369673,601,4831556,1368,7342539,9954,24115704,2631,7725293,43,392449,14688,11274041,27340,232035513,494,12339523,542,7817335,1881,14606846,300,-5898170,5986,121248079,3994,17460270,349,13731373,179,10064036,4540,62334958,4064,112225930,3618,37249164,6012,269885201,6195,330382521,5090,45973563,4585,21834458,4261,6883562,8909,303960442,6999,137487891,5158,25077935,8926,138672738,4610,61646628,4353,-58931876,8974,2714752,262,2840893,318,600480,23,447912,608,7579769,5634,114366872,2417,14450583,25583,607906301,340,1932996,12658,5254428,1045,5717754,4541,149050738,171,3176519,47,385391,106,719968,354,1356713,26800,22956,15831215,2490,1008556,9892,4970573,19716,11869198,75,1314894,94,5349856,1282,43297188,203,5647567,33103,3693288277,417,17163917,34112,3731858373,34411,3749294578,513,23368548,3427,329559826,517,29495776,3493,323432598,3426,98299706,2354,31570761,305,5986482,341,2544231,5944,109275642,3043,25322716,54,347764,11354,83119706,17187,88995612,4273,9096578,30835,956897496,32446,1735285557,35642,2014698975,3020,59732359,36232,1955158175,266,8859046,246,12413491,24532,1746149269,24649,1684983193,21600,13667945,
Male,NSW,n. Administrative and Support Services,21287,21202,986968436,17623,166128112,11395,14692180,496,689434,11395,15379637,14959,167201491,479,1632845,9639,450944146,9281,104955795,3215,7667902,126,1466874,291,2011271,1309,10998801,650,10183390,47,1458686,67,2556348,12645,10294686,1740,894474,2859,8632565,2828,3512808,21230,1027893663,2242,5934447,931,1321701,5640,1728822,313,652354,5514,5731543,7049,15368867,198,103816,92,245095,182,357361,3132,1669042,720,1318418,15,7007,7116,2675653,12126,37914114,207,4771243,71,1019986,620,3524463,83,-965413,1131,13543857,711,1521346,159,2734681,65,948617,1440,15017800,933,16711548,743,4192427,1271,37931491,1399,29471819,791,2349136,696,950792,664,163173,2694,66810732,2122,28657682,1255,4520652,2698,28462276,1528,14919006,1180,-9748885,2711,5170121,118,884370,115,224656,6,30903,157,776579,1084,14260549,638,1891259,13255,63608690,62,318303,12584,5906518,321,886398,1446,37903201,101,1715753,154,1356023,59,1153391,126,507092,9071,7937,4369367,825,201096,1403,523853,8075,4046610,36,739419,47,868997,968,19881129,329,2984522,19921,1000771338,349,7466941,20679,1017730831,20958,1025082168,259,3475768,3418,60429633,271,3844938,3452,60060463,2085,51827477,995,6010418,124,391384,224,1089613,1649,10843945,1390,3732816,28,54405,6467,60641362,13559,87887514,5099,10752698,17901,265779740,18868,559072625,21068,465757596,935,10942082,21159,454779015,158,3045262,46,1728629,15419,421349848,15456,410966473,11645,5495355,
Male,NSW,o. Public Administration and Safety,1355,1351,89704143,1215,19195440,885,1517927,54,72850,885,1590777,1068,19377710,42,181178,711,43058687,680,11577000,282,1068466,11,875595,31,423479,68,507624,40,656083,18,1251133,9,883855,854,805667,123,18410,220,727570,218,302914,1354,94163391,224,718143,81,117402,415,129986,34,70692,460,630207,546,1666430,22,3683,6,3021,16,19404,247,275428,66,182900,0,0,527,238995,831,4205808,36,909075,9,148042,69,295709,5,-29524,83,1457868,52,99163,9,283020,6,91262,87,863323,65,1259465,56,276175,89,2782595,94,3210917,59,306652,56,124450,48,56283,213,5081744,170,2167369,122,360389,213,2246637,111,1253157,104,-945808,215,307349,8,49056,9,12545,0,0,8,8918,98,1634082,47,181865,946,7055992,21,211550,704,327221,35,258915,118,3224121,8,84017,8,64141,6,80659,9,36155,639,568,344660,68,23415,173,71177,560,296898,1,623,3,66421,41,730523,11,288288,1280,87156503,8,85176,1316,88152880,1321,88240207,42,372744,173,5637542,39,401318,178,5608968,105,3446782,74,798455,14,292402,17,81435,117,1037740,104,407656,1,1013,383,4580129,798,5858619,158,651983,1170,26951880,1224,49717062,1324,38651728,63,728448,1339,37905266,4,48287,3,132578,1005,35246444,1007,34396208,841,445576,
Male,NSW,p. Education and Training,8248,8213,525078225,7076,110527890,5592,9219454,304,394352,5592,9609705,6331,114395203,741,3086197,5022,315080207,4790,84360821,1398,5385433,63,928525,108,1392064,460,3496267,251,3892715,29,1036022,73,3500648,5804,6251958,1072,509261,1781,6004883,1765,2445436,8230,549997835,1221,3437155,614,992750,2000,551145,320,881163,3247,4801843,3694,10664056,147,61498,60,284178,166,327860,1801,1391979,285,425978,3,844,3531,1580571,5616,23172523,194,4547927,116,1895623,477,2911273,42,-115967,1028,13370370,739,1817566,61,1344634,34,235525,871,8918431,729,9927236,610,3122477,1007,20941258,864,21563564,904,4900541,817,2077238,786,453561,1507,41441810,1197,18376114,841,3520166,1508,17515801,831,8330393,685,-6300664,1517,2029729,65,539513,41,106207,7,139802,118,543133,552,7152530,308,1268207,5368,26716947,61,308957,3972,1750603,133,451518,1994,62560930,59,1337364,21,186492,27,478432,155,656835,5135,4201,2563824,357,125463,1243,505742,4001,2183545,20,152584,78,728961,388,5682792,70,633580,7506,314010782,132,2401225,7854,318970614,7970,321312049,93,2263025,603,10432803,105,2339763,615,10356065,563,12965071,229,1307562,24,25591,57,603737,1321,15146829,306,738557,8,14258,2181,12869372,4136,20973934,891,1837907,6615,82019455,7039,158869898,8097,161959594,582,6238764,8198,155704867,72,2394348,43,1930513,5510,142916554,5534,142822019,4484,2139338,
Male,NSW,q. Health Care and Social Assistance,19964,19913,4944445112,18947,1785697268,17170,97051188,989,1808424,17172,98851665,18198,1864326324,2052,15893012,10009,1101574153,9707,367359227,2982,18816126,96,1666305,333,1627944,543,3812144,269,3967035,29,618928,99,4039611,14616,36823309,3822,8116823,6188,91018247,6162,37010641,19951,5183448286,2445,7111834,1134,2830356,3655,1019485,877,4670193,6028,18201969,6945,33833837,460,178770,358,6452334,815,9393712,5456,17881308,2568,6297521,14,6404,6389,7591791,15937,236235018,3135,66285013,109,1906899,884,7931999,154,-922585,4013,176207531,2613,10860562,95,5994329,100,13517195,830,21312163,2484,89136265,2380,35986796,3550,227784368,3136,201542126,3272,29528255,3041,20334551,2934,2113099,6572,329284882,5438,177993380,4153,29883173,6588,161030750,3009,50440827,3598,-90065047,6617,-39624220,178,2413863,328,428955,13,156285,452,11435814,5246,107533713,4313,46931948,17213,1328799540,61,285251,4867,1992442,298,593112,3189,154864886,65,1134026,33,296865,76,490656,546,2472481,15439,11613,7957755,934,331165,7447,4760618,6729,3528303,25,800530,29,1541763,409,17895654,228,7605091,19240,6272138101,148,11278690,19623,6288690810,19705,6299979922,287,26640160,1409,143925930,280,27160515,1446,143405575,1444,107974120,2516,39652372,72,322162,184,3957080,4138,176115474,2885,58735597,43,667823,7018,72052953,11923,71716727,2725,9284069,18085,2039836156,18679,2723838568,19803,3573310814,544,27300103,19863,3545999586,113,16215739,357,56937346,16070,3244915474,16135,3181491304,15121,12248043,
Male,NSW,r. Arts and Recreation Services,14102,13982,1001697119,12118,227903100,10422,18603488,730,1095246,10398,19645638,11074,235986248,1602,6035994,9070,612071408,8782,166299620,2539,8298280,116,1856896,208,3699436,772,6305018,467,7411061,24,450251,127,6049100,10215,12382439,1574,2062374,2814,23239077,2786,9085758,14056,1057513324,2172,6101160,1236,2084783,3216,907311,392,866336,6018,11947598,6824,21907188,247,122858,107,299511,335,778097,3349,6046565,578,955565,8,4402,6611,3781940,10364,49279590,215,5177681,223,3688528,741,4352497,75,-94695,1963,39322667,1254,4312776,216,3042831,53,1837962,2488,36206962,1218,25495114,1018,8486197,1629,61915706,1435,32581117,1821,22787316,1648,13379340,1532,3487175,2106,57077618,1580,22108722,1007,3458025,2101,24566727,1241,14373051,871,-7428907,2119,6944144,122,631846,66,136162,10,101541,336,2844338,897,13496700,507,1851938,8277,51925772,94,419536,6285,2652731,269,766633,3488,113395391,116,2069731,60,521793,63,1116857,286,1020128,8521,7274,4293442,691,232113,2310,973549,6857,3552005,60,562433,93,5877401,726,9463939,109,1657673,12700,605109687,216,8808567,13196,613941286,13379,622849853,363,11883914,1498,36025866,377,12651368,1555,35258412,1629,28693918,374,2371274,43,501826,66,482623,2571,30075251,540,2108830,12,29116,4259,25727060,6800,31488594,1943,4536390,11696,204564405,12450,365924724,13758,256591345,1879,32013171,13980,224400556,200,5043216,95,6587622,8493,252321729,8575,254206323,7022,3381718,
Male,NSW,s. Other Services,16738,16592,932043925,14124,183281840,10590,15889519,663,961385,10591,16845703,12405,188465642,481,1733715,6778,401190655,6543,102604395,2221,7144717,92,1476997,202,2744117,709,5539129,493,7596813,27,685128,66,2432486,10569,10084453,1446,795844,2462,11630616,2433,4666179,16678,977895713,1812,5444958,606,1063266,3835,1136203,281,609725,4187,5806548,5128,14060700,296,132874,102,216393,168,268375,2402,1326405,923,1742732,40,7497,5335,2490816,9485,38525633,168,4067412,91,1167413,479,2749255,114,-855619,1091,15494362,593,1129392,83,1394007,72,1092788,1422,19454987,785,20159653,654,5843350,1090,48368244,1262,28016847,724,2685614,628,637675,602,339075,2651,71177571,2055,30146939,1257,4711838,2659,28538416,1515,17779795,1153,-9999417,2672,7780378,85,574631,92,94456,2,37005,136,1166382,1180,15939175,538,2013327,10662,80374689,61,255443,8775,4012735,259,801007,1222,33302044,66,1114363,223,1834312,47,690167,97,360822,8488,7572,4230319,691,159368,1646,623775,7468,3765911,24,503113,14,1367928,426,9181545,316,4050159,15909,1464300647,254,11864039,16171,1467361887,16352,1479413657,1299,23654413,4982,287404254,1316,23557431,5026,287501236,1339,27309034,1429,10337720,128,757728,203,1545422,4028,84821719,1888,8205585,27,56119,5618,69260057,10693,71942151,3789,11698447,14905,440954080,15573,1014404152,16519,463915279,960,15135902,16648,448504677,125,3362354,53,2359978,11942,434087507,11986,422117403,9519,5323909,
Male,NSW,z. Other,925,907,187156124,775,72149579,675,3838338,57,213625,673,4050555,715,75438577,36,173342,533,85729890,522,30790035,174,927911,14,251443,31,804752,43,366415,22,383195,3,43880,19,921158,612,1735352,157,4134328,249,21585913,245,8517902,923,198575073,196,760634,80,149782,277,95183,49,82838,411,866024,464,1954461,25,5738,18,70715,38,319327,243,2340422,86,1152145,3,19618,365,342836,704,8198700,21,463228,15,174263,76,605673,19,286202,119,3544190,74,349714,21,695110,58,37087419,360,15430647,81,14765740,65,6473823,123,31146498,166,30775571,89,2096717,78,1817098,79,134970,251,9323396,188,3544992,131,555436,252,4267735,144,2516561,110,-1561728,254,954833,9,33692,17,45456,0,0,9,91893,76,1647874,69,341292,262,22632860,14,49629,263,104809,36,96186,74,2118564,3,34694,4,41552,1,3029,4,20831,628,525,368252,60,30218,237,133889,445,264581,5,166155,1,4262,30,5446675,49,1299923,456,920924052,63,102765248,438,825075819,489,927741822,152,64963726,250,434309165,152,75091001,261,424181890,100,20702756,128,5547148,20,3318623,19,446678,132,9029531,151,9981484,3,616346,365,27392456,312,6313120,188,5527084,578,332890477,727,878219748,786,44893423,218,47102096,910,-2219404,10,562441,9,833066,239,48013067,253,46565452,214,155929,
Male,NT,"a. Agriculture, Forestry and Fishing",243,231,13137040,193,3508431,155,279063,21,36792,155,315855,175,3438328,6,28656,121,8383981,120,2322384,22,111656,2,10684,3,10348,9,86274,11,214602,0,0,3,79128,144,119600,11,10341,26,750479,26,291904,242,14464054,25,79086,16,39576,78,30740,3,8160,70,153181,90,310743,5,4496,0,0,3,12410,22,10063,16,25140,0,0,68,47745,139,551353,0,0,0,0,14,155355,10,-642175,17,622711,10,78914,0,0,13,621846,9,375125,13,35875,12,3854,15,371933,16,1252581,7,48703,6,48678,6,249,39,1003364,27,272971,14,36411,37,450331,26,334744,13,-91093,39,243651,0,0,0,0,0,0,1,120,7,80700,11,60056,135,1260002,3,6389,96,42287,6,6393,8,343270,0,0,3,10178,4,290396,0,0,116,95,45967,13,3696,22,8181,94,41482,1,36054,3,264558,3,38192,39,203999,231,27637475,135,16480968,120,11699310,237,28180278,41,3137585,53,3040140,40,2867618,71,3310107,39,1569694,15,87801,1,5589,8,154976,15,146621,60,1057585,0,0,129,4357466,151,1397015,120,1176030,214,10760773,227,24023657,239,3855706,19,691301,239,3164405,6,147610,2,45615,149,6864730,154,6892252,127,81151,
Male,NT,b. Mining,6,6,540622,6,127601,5,10587,0,0,5,10587,6,132600,0,0,4,207045,4,55300,2,3390,0,0,0,0,0,0,0,0,0,0,0,0,2,980,0,0,0,0,0,0,6,556643,3,7975,1,1000,4,2269,0,0,4,3642,4,14886,0,0,0,0,0,0,1,10,0,0,0,0,3,1125,5,16021,0,0,0,0,0,0,0,0,0,0,0,0,0,0,0,0,0,0,0,0,0,0,0,0,0,0,0,0,0,0,0,0,1,8991,0,0,0,0,1,5112,1,3879,0,0,1,3879,0,0,0,0,0,0,0,0,0,0,0,0,6,87889,0,0,0,0,0,0,0,0,0,0,0,0,0,0,0,0,4,3,1545,2,348,2,599,4,1294,0,0,0,0,1,430,0,0,5,449029,0,0,6,449459,6,449459,0,0,0,0,0,0,0,0,0,0,0,0,0,0,0,0,0,0,0,0,0,0,3,2886,4,7441,1,555,5,96938,5,107820,6,341349,0,0,6,341349,0,0,0,0,5,340919,5,340919,5,3687,
Male,NT,c. Manufacturing,147,145,9813047,127,2043135,107,176658,7,8924,107,185582,113,2067614,5,19293,67,4784820,67,1317375,24,131779,3,73759,2,2242,3,32012,3,60605,0,0,2,82087,87,47232,8,670,19,65933,19,23132,147,10228109,28,74004,14,47029,48,21687,5,6436,48,73627,58,222783,9,2029,1,217,0,0,20,7788,10,17091,1,28,49,24185,95,403611,3,59748,1,4232,9,49462,1,20616,15,41915,6,1101,0,0,0,0,14,181763,6,77268,5,17874,11,178756,18,302840,6,1584,5,777,5,127,31,713802,26,314016,23,88960,31,305322,14,100338,17,-94834,31,5504,0,0,0,0,0,0,2,49441,12,114288,8,15202,99,882674,2,8208,50,24599,6,5363,8,182514,0,0,1,5341,0,0,1,3659,80,67,28288,16,3390,14,2794,73,28884,1,21798,0,0,3,124583,3,22433,144,13196529,2,170380,145,13194963,147,13365343,17,274737,54,2362998,16,242787,56,2394948,23,512791,6,50305,2,2255,2,3484,25,292365,23,83511,0,0,78,931708,107,804954,50,112740,128,3620436,137,8809497,146,4558887,8,137102,146,4421785,3,42249,1,6658,114,4491309,116,4402139,93,57142,
Male,NT,"d. Electricity, Gas, Water and Waste Services",5,5,571728,5,155761,4,11051,0,0,4,11051,4,164142,0,0,3,429866,3,134499,1,2610,0,0,0,0,0,0,0,0,0,0,0,0,3,81,0,0,0,0,0,0,5,583284,1,6101,0,0,1,144,0,0,2,201,2,6446,0,0,0,0,0,0,1,10,1,4165,0,0,2,935,3,11556,0,0,0,0,1,1653,0,0,0,0,0,0,0,0,0,0,0,0,0,0,0,0,0,0,1,194,0,0,0,0,0,0,2,18230,2,13143,1,3189,2,14986,1,2075,1,-15163,2,-13088,0,0,0,0,0,0,1,6391,0,0,0,0,3,40968,0,0,2,234,0,0,0,0,0,0,0,0,0,0,0,0,3,3,1222,0,0,1,161,2,1061,0,0,0,0,0,0,1,7775,5,732107,0,0,5,739882,5,739882,0,0,0,0,0,0,0,0,1,1278,1,907,0,0,0,0,1,17000,2,20532,0,0,4,96571,3,28259,2,3618,4,388355,4,556520,5,183362,1,25938,5,157424,0,0,0,0,3,101713,3,101713,2,1045,
Male,NT,e. Construction,1461,1448,100503904,1305,21313400,1147,1872882,108,168635,1147,2041517,1207,21747879,19,57882,636,40602455,632,10956435,214,787398,9,48152,16,33258,43,307583,23,351658,0,0,3,120709,903,438344,61,127151,161,1734924,158,631468,1455,106181289,189,665829,88,286403,431,157360,33,94457,386,662294,491,1866343,46,20542,3,197,8,5085,173,134418,174,472189,0,0,470,258087,945,4783666,13,308753,7,159189,54,294939,6,-243171,79,1864221,37,45735,5,130083,10,136750,86,1016799,80,1089108,67,183925,98,4495345,123,2766798,39,56874,35,16559,33,1985,283,6710036,249,2830805,155,592242,285,2890443,137,1385549,149,-989003,286,396546,5,67639,11,31164,0,0,13,108912,134,1819587,68,205565,1078,11345418,3,12069,623,257710,28,51374,41,854583,1,27937,22,151612,2,240675,2,6734,802,720,310806,118,27303,193,54743,723,283366,0,0,3,171221,24,1313379,37,192600,1418,166180546,11,292792,1440,167188938,1447,167857746,31,750418,424,20506886,35,673752,432,20583552,326,15583279,125,987737,15,22174,15,86980,168,1488051,285,989500,3,6438,693,12608506,1134,10448693,406,1647737,1335,46063891,1399,110516538,1448,56915587,53,816629,1452,56108458,12,427302,10,845418,1190,57439449,1194,55803517,1024,703243,
Male,NT,f. Wholesale Trade,24,23,1653186,21,386434,13,28077,4,9214,13,37291,18,362269,0,0,9,464064,9,112478,2,1181,0,0,0,0,2,36508,0,0,0,0,0,0,15,11868,1,204,2,1832,2,768,24,1739150,1,850,0,0,6,2502,0,0,8,3580,9,6932,0,0,0,0,1,615,4,7606,2,7547,0,0,4,1718,11,29618,0,0,0,0,2,19508,2,94196,2,169,2,25,0,0,1,29547,1,439,2,5392,2,438,3,11375,1,20101,2,168,2,168,2,15,6,124881,4,45354,2,12471,6,52053,4,26815,2,-11812,6,15003,0,0,1,214,0,0,0,0,1,5200,0,0,17,240514,0,0,7,4746,1,6444,0,0,0,0,0,0,0,0,0,0,6,5,1450,1,427,3,690,5,1187,0,0,0,0,1,119572,2,1399,23,4911850,16,4381647,9,651174,24,5032821,1,7000,3,344769,1,30000,3,321769,7,418372,3,6480,0,0,5,166441,1,11273,8,34860,0,0,14,291665,19,112775,15,89480,21,2501382,22,3954497,24,1078324,0,0,24,1078324,2,94196,0,0,18,1003752,18,1084945,15,10292,
Male,NT,g. Retail Trade,119,114,7708687,103,1589309,78,126322,10,12133,78,138456,95,1638064,8,43947,82,5785809,80,1518901,22,85820,0,0,3,27760,3,16545,4,74336,0,0,1,33533,83,73216,12,5024,14,209869,14,75655,117,8295944,26,53226,12,26029,61,18679,6,4304,64,80508,72,182746,2,221,0,0,3,747,24,118483,3,3042,0,0,47,21349,89,511334,3,54978,4,41882,8,48965,1,7,14,101469,7,10644,0,0,1,72233,27,276473,9,12191,8,2402,12,57646,15,825289,9,11525,8,4773,8,682,19,477216,14,198782,4,46128,18,286583,13,67108,7,-121385,20,-54277,1,1552,0,0,0,0,0,0,8,167926,4,16820,56,399169,0,0,48,19882,1,132,8,256762,1,16199,0,0,0,0,2,12148,54,45,18201,10,1470,12,3175,44,16496,0,0,0,0,6,36194,1,1067,109,16146207,0,0,114,16183468,114,16183468,31,4598033,61,7337284,33,4561249,62,7374068,8,247373,6,73009,2,2904,2,19020,37,966740,13,35083,0,0,42,489295,66,350001,34,103912,107,4854968,116,14516373,117,1670103,11,182839,118,1487264,2,6525,2,21459,66,2180617,68,2026605,54,26847,
Male,NT,h. Accommodation and Food Services,181,177,10163613,152,2011220,90,138470,6,6152,91,144622,136,2006156,2,4883,118,6563276,116,1503743,39,155457,2,41081,2,4332,2,18037,2,22180,0,0,0,0,108,41932,3,360,15,349957,15,118508,179,10827928,53,106571,8,3031,92,28446,12,31702,75,67847,101,237597,6,5932,0,0,0,0,31,9318,15,54532,1,31,59,28352,129,567593,6,138735,1,6671,6,16779,0,0,6,4782,3,208,1,3200,4,46765,15,226380,11,136768,9,27440,12,209562,10,152225,4,516,4,516,4,63,37,1059190,33,603817,21,75508,37,519934,16,75130,21,-215199,37,-140069,0,0,3,3623,0,0,0,0,10,223531,4,8300,117,589754,0,0,94,41629,4,4715,6,73216,1,19514,0,0,1,95509,0,0,72,58,27213,10,2846,18,5612,60,24447,0,0,1,4238,12,98666,3,149672,164,23863011,3,78970,175,24036617,176,24115587,25,276886,68,8583771,24,189935,70,8670722,6,117786,37,377330,2,2000,0,0,71,1893736,30,128010,0,0,64,885865,105,405888,79,292426,152,8263990,168,21037753,179,3234209,5,113985,180,3120224,0,0,0,0,123,3585226,123,3367359,99,45823,
Male,NT,"i. Transport, Postal and Warehousing",1787,1779,95701118,1571,16704396,791,969052,54,48403,791,1017455,1453,16550121,19,77958,1415,77581120,1402,16150551,658,1031250,6,52496,31,97797,29,185475,11,181391,1,12289,7,375381,1179,335370,27,13039,95,102796,95,41209,1786,100218593,649,1422646,106,123605,1170,418318,120,253487,1077,957580,1262,3175636,6,2144,3,213,8,40598,360,159494,40,65167,10,5828,788,168868,1394,4001120,86,2188740,15,146647,40,129012,1,33064,31,229870,19,321,5,62362,5,39543,139,981513,39,634378,38,122240,62,1539124,108,1373655,24,39370,18,1244,21,3197,68,1586657,60,659921,35,177949,69,746383,36,214033,33,-211629,69,2404,21,63319,5,3749,1,21420,9,68206,19,331149,27,52023,1250,2425289,3,13364,976,362626,27,17378,36,894567,4,81669,2,4482,0,0,5,19111,499,322,99303,133,12675,59,11931,408,100047,3,75565,2,13333,170,2474764,33,159133,1606,56459251,23,214136,1764,58967910,1787,59182046,6,53681,44,1808712,4,65857,46,1796536,186,3307987,22,86049,4,1073,23,144151,66,370585,58,223863,1,871,528,5331212,884,7160827,408,2020729,1508,20023906,1651,40467789,1776,18704410,54,738746,1776,17971664,5,110049,4,82782,1280,18149488,1281,18166328,1056,287140,
Male,NT,j. Information Media and Telecommunications,85,85,5751499,76,1174918,65,102964,3,6431,65,109394,70,1206198,8,27145,66,3934666,65,975352,17,50596,0,0,2,310,6,70018,1,1021,0,0,1,63949,65,60743,6,960,8,16194,8,6938,85,6004388,20,40999,8,8411,38,8843,2,30156,45,87341,52,175750,1,298,1,293,3,1992,16,2937,2,907,0,0,40,15656,68,246145,4,100863,1,27442,6,32121,0,0,8,206407,9,37248,0,0,1,1,11,104826,4,74614,4,27046,6,139760,5,7138,6,1944,6,1944,7,270,12,198558,10,92711,5,6234,12,110428,5,26433,7,-37248,12,-10815,0,0,0,0,0,0,0,0,4,44926,5,3386,52,257789,1,6394,37,16724,1,0,24,490999,3,35860,1,8731,0,0,5,15725,45,39,13264,5,974,15,3109,41,11129,0,0,0,0,7,99267,2,6425,74,3158642,0,0,80,3264334,80,3264334,0,0,12,396033,1,4500,12,391533,8,95472,0,0,0,0,1,9670,12,53134,4,7791,0,0,31,322367,37,179478,11,16380,67,676910,75,1753599,82,1508024,8,86008,84,1422016,0,0,0,0,57,1503398,57,1449161,48,19828,
Male,NT,k. Financial and Insurance Services,77,74,10469024,69,3222501,63,204227,7,7867,63,212094,68,3321340,4,21479,63,6864940,62,2065488,15,67225,1,17208,2,17545,0,0,3,42621,0,0,0,0,58,124153,14,4245,31,221607,31,80058,77,11059195,21,55675,7,28845,43,11889,4,13511,52,79586,58,189506,11,14463,1,6986,4,1753,22,46413,3,12452,0,0,46,34853,73,465029,5,82493,5,67696,10,92517,2,-13223,17,2864524,13,35560,0,0,2,9586,26,377750,12,209231,11,68911,22,396232,20,242236,12,169399,11,10473,12,67388,37,1494343,31,682965,20,146380,37,617638,18,212512,19,-165152,37,47360,3,30427,1,51,0,0,3,44941,6,111200,8,47403,23,134121,0,0,20,6577,3,3536,7,123740,0,0,0,0,1,101783,0,0,59,50,22337,5,1924,30,9910,40,14351,0,0,0,0,2,88042,0,0,63,6937246,2,50000,63,6975288,65,7025288,33,1461843,38,4010846,31,1513814,45,3958875,4,8305,2,40292,0,0,0,0,1,2386,8,12811,1,620,16,32066,7,33202,4,15086,52,2893335,69,6996978,69,31239,16,253092,74,-221853,0,0,2,394954,18,611669,20,734749,18,10498,
Male,NT,"l. Rental, Hiring and Real Estate Services",101,99,14026686,93,4379609,79,267255,7,11031,79,278285,87,4568726,5,19442,69,7220979,69,2109789,21,137131,1,1140,2,1252,0,0,2,28792,0,0,2,30924,66,125692,10,39599,25,2341858,25,810347,101,14660394,16,48292,6,16620,52,13614,2,2940,45,56593,57,138059,6,1433,3,3993,0,0,16,5860,3,1265,0,0,34,18885,76,412569,2,44534,3,20599,13,218186,2,-192083,15,1717462,8,214169,0,0,1,19500,12,431860,9,66248,9,20626,14,245074,14,343582,7,11663,7,6768,5,351,28,708964,18,223237,17,70811,26,368450,15,159208,13,-112742,28,46466,1,3043,2,1333,0,0,0,0,11,225897,6,16786,59,641437,1,603,29,10955,3,2570,6,85782,0,0,1,6923,0,0,1,1217,77,64,33331,5,1178,25,9253,54,25255,0,0,0,0,2,93851,2,540,100,6774127,0,0,101,6868518,101,6868518,4,157380,12,644815,4,139230,12,662965,3,5263,2,14134,0,0,3,27742,6,159181,24,308892,1,12582,49,1216600,41,285812,24,306777,78,1456327,95,4456275,95,2162549,7,385831,95,1776718,1,61123,4,364157,61,2348592,63,2381360,52,30246,
Male,NT,"m. Professional, Scientific and Technical Services",479,477,45973602,443,11730828,390,867094,24,35187,390,902281,419,12096750,27,107153,309,24657342,306,6779991,77,323183,3,34881,9,43680,5,34482,11,151984,3,34173,18,937054,351,390902,55,17047,122,862666,122,355109,477,48413678,87,231981,33,91993,154,43804,21,68817,196,293687,248,730282,16,6979,3,24067,16,18999,130,140676,26,44653,0,0,191,108354,375,2362146,36,914483,10,164470,36,283845,1,4207,53,615470,31,102465,2,3191,5,371334,52,347122,39,640815,36,177028,60,1596096,69,2572390,44,164390,41,29272,35,16579,127,3518937,97,1423365,76,399583,128,1789005,73,598987,56,-692003,129,-93016,3,11902,4,3778,1,5442,12,23461,72,1140204,34,147932,349,5125879,14,77062,148,56946,10,6948,44,948808,3,52628,1,2289,1,49607,2,8469,341,286,143900,46,14856,131,46046,264,112711,2,8316,1,11704,15,378732,5,31896,454,33883313,8,356315,466,33957646,472,34313961,9,829359,49,1054134,8,1063289,49,820204,47,1576785,19,253081,4,70246,3,18903,67,662976,34,242743,0,0,172,1254343,268,967236,102,217548,416,9057117,438,15141182,475,19135215,42,696620,478,18438595,1,6537,0,0,340,18560948,340,17608362,305,179111,
Male,NT,n. Administrative and Support Services,615,611,34766523,526,6616697,353,501609,23,28434,353,530035,480,6578127,12,33452,398,20272754,388,4599082,128,234924,4,32689,12,61717,16,128023,13,221580,0,0,5,210888,389,158384,19,42914,52,550795,52,196394,613,36378078,111,260721,23,38312,292,88337,26,86713,262,241921,321,716004,14,7368,1,180,6,4758,99,33736,28,63867,0,0,237,80545,436,1474347,24,506858,1,7632,13,61331,1,-23346,31,318777,18,17062,4,13807,1,62690,49,544891,24,418966,20,66757,34,852557,41,691889,14,1917,14,1908,13,235,81,1846648,66,684626,44,142012,81,926356,44,386243,36,-292589,81,93654,6,16522,3,1410,0,0,5,3735,27,516854,18,51035,424,2197168,5,20464,327,125691,16,25634,22,570085,2,13318,3,18574,3,163169,1,3648,247,213,92193,35,7809,64,17159,215,82843,1,22753,0,0,34,417898,13,148970,571,33084019,4,14990,605,33662914,608,33677904,7,122012,88,2548509,8,147001,88,2523520,78,1745287,40,414810,7,3650,3,20141,55,388628,53,183970,0,0,219,3521757,395,2436701,159,485929,512,9129552,541,20853945,610,12797591,28,227227,615,12570364,6,123298,1,24398,457,13312932,457,12305224,375,184667,
Male,NT,o. Public Administration and Safety,23,23,1668763,22,346087,12,18715,0,0,12,18715,21,338704,1,5049,19,989707,19,212112,11,6265,1,959,1,669,0,0,0,0,0,0,1,22393,14,1814,1,18,1,48,1,20,23,1720792,6,12576,2,1352,15,4096,1,1400,14,10338,17,29762,0,0,0,0,1,63,2,300,2,7025,0,0,10,3255,19,41110,1,5833,0,0,1,10250,0,0,1,21594,1,6561,0,0,0,0,0,0,3,44668,3,8527,3,80056,1,8626,0,0,0,0,0,0,3,192767,2,57771,1,6301,3,124746,2,9852,1,-5903,3,3949,0,0,0,0,0,0,0,0,0,0,1,705,20,124029,1,2239,8,4325,2,41,2,23694,0,0,0,0,0,0,0,0,9,8,4219,1,492,3,704,9,4007,0,0,0,0,1,8370,0,0,22,2842016,0,0,23,2850386,23,2850386,0,0,1,4879,1,2400,1,2479,2,9337,5,23892,0,0,0,0,2,13084,1,2333,0,0,5,53593,13,101505,7,11494,18,2004079,20,2221796,23,628688,0,0,23,628688,0,0,0,0,17,566345,17,566345,17,9069,
Male,NT,p. Education and Training,124,124,10580571,119,2487238,103,189459,9,10628,103,200087,114,2566338,14,71414,95,7890052,95,2160683,28,33366,1,177,2,6541,2,18380,0,0,0,0,4,159294,87,83940,8,2075,21,52886,21,20471,124,10990562,29,70403,12,12856,61,19965,10,35180,77,111604,84,250008,2,1029,1,120,1,1266,33,50252,3,525,0,0,64,30844,104,409991,14,362888,4,103792,13,74865,1,27,11,65381,9,2114,0,0,0,0,13,108328,14,192465,12,59920,19,416771,18,771812,5,983,5,945,5,176,26,524220,23,247654,15,54802,28,227842,12,97660,16,-103738,28,-6078,0,0,0,0,0,0,0,0,8,70141,5,5806,94,487979,3,12111,43,18307,3,168,22,700635,1,8615,0,0,0,0,1,3638,75,67,30312,7,1246,26,7517,62,24041,0,0,0,0,6,102916,2,57072,120,4706132,0,0,124,4866120,124,4866120,1,33827,10,63632,1,34315,9,63144,7,10241,10,43407,1,55,1,7171,21,212884,7,10429,0,0,41,351847,67,309078,23,52043,100,1412990,112,2473289,124,2385796,5,47058,124,2338738,0,0,2,66945,88,2324752,88,2341922,82,39859,
Male,NT,q. Health Care and Social Assistance,278,278,54796451,266,18540415,228,1033156,20,36325,228,1069481,255,19262835,20,201440,173,26732209,167,9549513,61,276281,0,0,2,21645,7,52240,4,84787,0,0,2,64553,200,304340,37,42675,62,415589,61,177673,278,57734907,49,114201,29,121988,85,21399,25,94129,119,447719,137,799436,9,2464,3,22249,13,65466,63,638069,25,35572,0,0,102,71584,223,2936962,63,1344056,9,162556,11,86071,1,1,45,753245,33,55424,0,0,1,4762,10,145595,33,244365,33,64723,47,653091,42,736830,47,62960,42,27850,40,8391,83,2940015,68,1082084,55,332819,83,1418981,38,535175,45,-429044,83,106131,2,41993,3,110,1,10857,9,244744,46,969642,44,332480,242,9394185,2,6454,62,27962,2,1055,36,1512862,3,31281,0,0,0,0,7,30180,204,141,64532,23,3999,81,32757,96,35775,0,0,2,50100,10,388249,2,57446,266,47981375,6,260745,274,48216425,278,48477170,0,0,17,836360,1,7502,17,828858,24,954410,26,463691,2,44563,2,55484,48,1420541,16,171378,1,287,95,649780,137,739236,39,60269,235,15229752,246,20618249,277,27856979,9,145177,276,27711802,0,0,3,64673,230,24807684,230,24210113,214,167249,
Male,NT,r. Arts and Recreation Services,202,202,13964905,188,3023748,164,260885,11,14521,164,275406,175,3141615,23,82996,159,10585902,154,2698809,52,120568,1,21051,2,958,8,41212,5,63867,1,559,2,108922,147,112614,9,6490,30,93067,29,39881,202,14614706,32,47048,9,18001,89,19358,12,18782,107,118953,129,222142,5,2174,2,3100,8,823,45,25547,12,7572,0,0,101,42169,167,502698,14,297930,7,89832,14,135615,0,0,23,429207,16,57063,1,1000,0,0,38,425139,17,143810,14,25372,22,318740,23,122066,23,40509,20,6313,17,3032,37,844149,31,258183,15,45645,38,448204,23,205666,15,-113549,38,92117,2,642,2,87,0,0,4,48704,9,169570,8,29181,122,606054,1,2139,88,34131,6,2350,39,1075445,5,96507,1,14543,0,0,2,8525,107,90,37632,14,3250,31,8458,91,32424,1,100,2,13420,7,63873,5,34492,194,10545450,4,33967,198,10623368,202,10657335,9,48456,27,1371250,10,58010,29,1361696,32,590134,9,61207,1,1200,0,0,39,521908,9,17616,1,2348,87,583959,119,533707,41,89400,180,3943538,190,7706713,198,2945285,20,741540,198,2203745,2,34817,1,143662,120,3419063,121,3184670,106,43501,
Male,NT,s. Other Services,558,546,38818235,478,8519508,414,724971,25,30190,414,755161,443,8701752,12,49539,298,22527501,298,6131098,73,364144,2,56523,8,159742,8,35680,14,206158,0,0,7,249943,350,189301,23,19036,66,110111,64,46278,555,40694065,88,258672,27,50150,215,73463,8,31981,194,321130,239,735396,18,8138,0,0,7,3129,89,30838,54,98347,0,0,226,88473,393,1494245,10,242882,10,68381,21,146092,2,-727,25,264688,18,3166,2,68719,3,95244,66,1030964,26,346816,24,68061,41,835512,48,860909,20,71892,16,46219,15,6194,104,2514833,88,1020396,50,226545,107,1078822,50,614826,57,-425756,107,189070,2,2342,1,1295,0,0,4,52203,39,364556,28,163325,358,3064953,6,22878,221,93373,11,30369,22,440830,1,8753,3,13238,1,13107,0,0,341,313,139564,43,9786,98,26895,300,122456,0,0,0,0,19,1621883,18,194296,517,64512970,3,61596,539,66267553,540,66329149,43,916423,163,15399447,46,819995,164,15495875,65,1488659,64,654023,17,62769,6,18565,142,2595919,107,699309,3,7278,229,4398355,400,3206619,177,524007,507,22129438,529,51280816,552,15104660,40,754100,556,14367540,0,0,3,102714,418,16200183,420,15759168,342,204372,
Male,NT,z. Other,523,517,49322718,462,13230424,395,929934,40,65283,395,988609,429,13633505,27,152872,355,31083914,350,8832278,106,601307,4,53230,13,160284,11,68834,13,194498,2,27938,10,538216,350,408945,45,22234,101,1239026,99,485294,522,52802175,114,313890,52,101218,238,71575,26,71069,249,369458,300,927210,26,10084,9,20937,11,20929,107,111344,35,116672,1,461335,244,130940,418,2545304,26,652606,14,195209,49,470650,3,43492,63,1867485,35,150297,4,228706,27,1256092,162,2451262,36,656419,34,153191,54,1603897,72,2845235,42,445221,35,95601,32,110458,142,4187540,107,1522448,76,399387,141,2049456,77,831832,65,-615583,142,216249,5,82635,1,769,0,0,9,32667,32,567030,28,171401,231,4276963,8,39395,168,61891,16,44160,48,1505913,1,35695,5,42035,2,20185,4,18144,336,282,138988,42,12465,124,41309,267,110144,4,223937,6,414504,17,486102,20,190852,345,81193549,35,15001709,343,67507235,367,82507794,68,5744080,142,35577391,70,6871435,152,34450036,45,3214673,32,354321,10,24581,7,64227,73,1675993,65,934323,0,0,211,4019058,231,1754552,125,1569267,370,20790725,442,68851756,476,13477361,109,3121114,520,10356247,9,156114,9,769489,242,13990145,251,14442590,209,120457,
Male,Overseas,"a. Agriculture, Forestry and Fishing",24,22,461583,13,315457,4,10428,1,2509,4,12937,13,324420,2,3946,7,705949,7,257561,1,11923,0,0,1,171,0,0,0,0,0,0,0,0,3,1270,1,125,2,342,2,146,24,551436,1,3900,1,615,2,456,0,0,5,3587,6,8558,1,255,0,0,0,0,2,5070,1,165,0,0,6,14304,11,28562,0,0,0,0,0,0,2,-122942,6,3951,0,0,0,0,2,19677,0,0,7,321359,6,69955,7,384740,0,0,1,290,1,290,1,3924,11,555302,6,95463,4,8717,11,298218,7,224955,4,-72051,11,152904,1,8829,0,0,0,0,0,0,0,0,1,210,8,48124,0,0,0,0,1,4,2,77853,0,0,0,0,0,0,0,0,7,7,2980,2,1046,2,944,5,3082,0,0,0,0,0,0,1,4642,24,2199056,21,2036888,4,166810,24,2203698,12,761492,5,263542,8,443015,13,582019,6,166297,2,22879,0,0,0,0,0,0,7,69722,1,50180,12,324284,3,17567,9,173480,20,1334318,22,2740746,24,-551477,1,1081,24,-552558,0,0,0,0,9,210363,9,208572,6,3969,
Male,Overseas,b. Mining,7,7,1768522,7,676791,1,1167,0,0,1,1167,7,677116,0,0,0,0,0,0,0,0,0,0,0,0,0,0,0,0,0,0,0,0,1,281,0,0,1,15046,1,6449,7,1768772,0,0,0,0,0,0,0,0,0,0,0,0,0,0,0,0,0,0,1,250,0,0,0,0,0,0,1,250,0,0,0,0,0,0,0,0,2,222124,1,190,0,0,0,0,0,0,0,0,0,0,0,0,1,118635,1,6,1,6,0,0,1,22750,0,0,0,0,1,13451,1,9299,0,0,1,9299,0,0,0,0,0,0,0,0,0,0,0,0,7,579911,0,0,1,125,0,0,0,0,0,0,0,0,0,0,0,0,0,0,0,0,0,0,0,0,0,0,0,0,0,0,0,0,0,1,26900,0,0,7,1564351,7,1564351,0,0,0,0,0,0,0,0,0,0,0,0,0,0,0,0,0,0,0,0,0,0,0,0,0,0,0,0,1,54,7,48784,7,1515567,0,0,7,1515567,0,0,0,0,1,26846,1,26846,1,716,
Male,Overseas,e. Construction,65,65,2034715,45,399562,20,22168,3,2466,20,24634,43,393121,2,22334,31,599074,29,114290,1,20,0,0,0,0,0,0,0,0,0,0,0,0,27,21059,2,202,2,918,2,392,64,2380919,8,25134,5,4495,17,8694,3,7472,15,14419,19,60214,1,139,0,0,0,0,7,1329,2,1948,0,0,17,79849,40,345279,0,0,0,0,1,367,0,0,1,5336,1,1464,1,195,0,0,5,23651,4,356462,4,115561,5,542248,4,6216653,4,127796,2,112175,3,2247,10,232499,8,70856,6,14219,10,114686,6,42366,4,-9628,10,32738,1,7135,0,0,0,0,1,4597,1,2400,2,199400,42,188950,0,0,20,10478,1,5728,3,84121,1,1356,1,9041,0,0,0,0,11,9,3043,2,946,2,394,11,3595,0,0,0,0,12,110949,0,0,53,3256011,2,8889,63,3358071,65,3366960,3,1974436,10,433251,3,1527307,9,880380,3,221736,2,3816,0,0,0,0,5,23404,3,1659,0,0,12,24056,28,105944,8,4863,48,908937,51,2174795,65,1191662,2,11685,65,1179977,0,0,0,0,35,931113,35,926781,25,14516,
Male,Overseas,g. Retail Trade,5,4,78416,1,5590,1,212,0,0,1,212,1,5005,0,0,2,30806,2,3165,0,0,0,0,0,0,0,0,0,0,0,0,0,0,3,717,0,0,0,0,0,0,5,111288,1,4374,0,0,1,750,1,699,1,1968,2,7791,0,0,0,0,0,0,0,0,0,0,0,0,2,1281,2,9072,0,0,0,0,0,0,0,0,0,0,0,0,1,2241,0,0,1,47024,0,0,0,0,0,0,1,145778,0,0,0,0,0,0,1,10872,1,7296,0,0,1,4247,0,0,1,-671,1,-671,0,0,0,0,0,0,0,0,0,0,0,0,1,2655,0,0,1,323,0,0,0,0,0,0,0,0,0,0,0,0,3,2,456,0,0,0,0,2,456,0,0,0,0,0,0,0,0,5,189640,0,0,5,189640,5,189640,1,14000,1,67443,1,5476,2,75967,0,0,0,0,0,0,0,0,0,0,0,0,0,0,0,0,1,748,0,0,3,6992,4,83707,5,105933,1,74762,5,31171,0,0,0,0,3,54395,3,54395,1,474,
Male,Overseas,h. Accommodation and Food Services,18,17,469235,11,81811,4,4960,0,0,4,4960,11,80234,0,0,11,249599,11,44274,1,9250,0,0,0,0,0,0,1,7705,0,0,0,0,3,99,1,2798,1,90521,1,30223,18,494248,1,240,2,12058,6,1995,1,90,2,1580,7,15963,0,0,0,0,0,0,0,0,0,0,0,0,2,583,9,16546,0,0,0,0,0,0,0,0,2,2284,1,79,0,0,0,0,3,95953,1,1460,0,0,2,3085,2,3440,2,4308,1,64,1,4,1,56768,1,2227,1,9330,1,24180,1,21031,0,0,1,21031,0,0,0,0,0,0,0,0,0,0,0,0,10,14675,0,0,7,4427,0,0,0,0,0,0,0,0,0,0,0,0,2,2,1695,0,0,1,369,1,1326,1,4195,0,0,1,11485,1,5782,15,189126,1,9864,17,200724,18,210588,1,2454,4,17788,1,11665,4,8577,1,16552,0,0,0,0,1,1900,0,0,0,0,0,0,4,3696,4,7302,5,8402,13,108395,13,154824,18,55764,1,76747,18,-20983,0,0,0,0,6,70879,6,70879,3,1336,
Male,Overseas,"i. Transport, Postal and Warehousing",238,236,5678845,159,772776,36,29617,0,0,36,29617,142,726694,0,0,186,4579511,183,898005,29,20259,2,2690,6,35049,3,5905,1,19647,0,0,0,0,74,11001,5,2217,5,6313,5,2705,237,6017927,36,70171,35,56019,83,30681,28,23258,74,87515,119,267644,0,0,1,5421,2,1736,15,5714,1,1494,0,0,38,11812,143,334900,0,0,0,0,6,23649,0,0,8,46113,4,811,3,31418,0,0,13,83781,9,182466,8,58504,12,259200,14,299538,4,44884,3,599,6,12729,17,421606,15,185540,10,48672,17,215289,9,39377,8,-67272,17,-27895,0,0,0,0,0,0,1,100,5,39498,4,1581,133,66783,0,0,93,50582,4,629,3,152848,0,0,0,0,0,0,0,0,34,13,3349,10,1137,5,1433,21,3053,3,10655,1,3235,66,447371,23,67848,143,1098198,15,141441,219,1487553,233,1628994,0,0,7,65644,0,0,7,65644,3,5960,0,0,2,462,7,11538,13,28950,1,10820,0,0,10,34471,86,255152,39,26579,84,127469,141,567045,232,1060758,8,92534,237,969384,0,0,0,0,101,551315,101,549908,62,7872,
Male,Overseas,j. Information Media and Telecommunications,66,63,2352881,50,510279,25,33379,2,814,24,33716,46,509787,4,10562,23,1153177,21,313935,1,11179,0,0,2,2413,0,0,0,0,0,0,1,46361,23,7471,4,1017,6,4126,6,1767,62,2455019,3,9672,4,9252,6,1191,2,133,14,14159,16,34407,1,109,0,0,2,473,3,11697,2,5257,0,0,19,12131,34,101550,0,0,0,0,1,5953,0,0,6,2067,3,494,0,0,0,0,11,131027,6,39925,3,10156,8,66913,7,168331,6,27810,4,3520,5,4820,15,257971,14,125276,5,11300,15,117570,5,24354,10,-20529,15,3825,1,1735,1,2361,0,0,0,0,4,17099,5,20377,41,213588,1,4636,20,10606,1,12,12,361164,0,0,0,0,0,0,1,7283,17,12,3967,6,1603,4,2336,13,3234,1,991,0,0,4,70718,3,71217,52,1717868,0,0,60,2054728,60,2054728,2,18566,7,75009,2,14393,7,79182,6,62831,2,1622,0,0,0,0,9,38448,1,900,1,153,12,19744,9,24594,0,0,39,510498,43,738072,61,1119518,8,116335,65,1003183,0,0,0,0,34,880869,34,868137,28,14179,
Male,Overseas,k. Financial and Insurance Services,75,67,2414796,31,891496,13,40075,2,3647,13,43722,31,923964,2,14525,18,1614207,17,597635,5,3578,2,14335,0,0,1,11838,1,23074,0,0,2,62684,19,46734,3,3090,6,22058,6,9452,67,2983782,2,4729,0,0,2,158,1,19226,14,24682,15,48795,3,636,1,6379,2,1498,4,149601,7,10908,0,0,37,86468,49,359614,0,0,3,30138,1,14424,0,0,15,38770,5,3246,0,0,0,0,32,1769837,16,397161,11,47201,24,876175,25,1520965,12,29995,11,9977,9,2327,31,1097421,25,496550,19,115650,31,601693,14,188203,17,-304675,31,-116472,0,0,0,0,0,0,2,174620,5,37866,6,17463,15,365319,0,0,4,2701,1,29,5,87450,0,0,0,0,0,0,0,0,25,22,8256,3,705,6,2879,18,6082,0,0,0,0,0,0,0,0,57,11545801,0,0,57,11545801,57,11545801,27,4662638,23,9527256,22,3875585,31,10314309,1,29,1,7048,0,0,0,0,1,14806,4,21422,0,0,5,7067,2,4847,0,0,30,771809,47,11141337,53,387133,26,1780063,71,-1392930,0,0,0,0,13,1231555,13,1160888,10,6639,
Male,Overseas,"l. Rental, Hiring and Real Estate Services",26,24,1776496,21,607857,5,6505,0,0,5,6505,20,581501,2,16315,5,628626,5,257271,2,16157,0,0,1,455,0,0,0,0,0,0,0,0,3,4338,2,145,2,3242,2,1389,25,1885206,0,0,0,0,0,0,0,0,3,2007,3,2007,0,0,0,0,0,0,3,937,1,236,0,0,5,6203,9,64383,1,21999,0,0,1,23400,2,38253,7,114737,2,160,0,0,0,0,2,28977,2,204611,2,69180,4,212561,5,94830,1,257,1,257,2,20,10,681620,8,485224,6,30461,10,355644,5,26930,5,-216639,10,-189709,0,0,0,0,0,0,0,0,2,55000,0,0,17,293068,0,0,2,1109,2,22497,2,68750,0,0,0,0,0,0,1,3627,4,3,1594,1,109,1,386,3,1317,0,0,0,0,0,0,0,0,26,2597058,2,48908,24,2548150,26,2597058,0,0,0,0,0,0,0,0,0,0,0,0,0,0,1,900,1,17017,6,585231,2,56813,10,376932,2,24344,6,21066,23,484640,26,1566943,25,1030115,4,64322,24,965793,3,81947,0,0,12,550009,13,604447,11,8883,
Male,Overseas,"m. Professional, Scientific and Technical Services",301,292,18894190,231,5418402,117,270355,11,20501,116,290471,219,5366921,18,73726,97,8298273,94,2975470,14,12884,7,93097,2,80942,2,11811,4,48554,0,0,3,137095,117,151921,17,18734,32,122436,32,52460,292,20144009,16,16555,12,15214,9,1337,5,6968,71,92619,74,132693,3,1216,2,6298,9,49538,39,58150,14,25701,0,0,123,157986,183,1143652,2,87260,3,49140,1,9383,0,0,39,116334,17,5464,1,376,0,0,40,603429,36,994540,26,142907,51,5995705,46,31597947,37,856586,31,385622,30,175584,93,2932754,70,1359147,50,260677,92,1303744,50,671811,43,-662625,93,9186,3,17402,0,0,0,0,4,30365,23,518795,22,193077,199,2307020,2,13290,78,34279,7,13765,48,1568390,0,0,0,0,0,0,1,1217,109,79,27948,15,3120,22,5943,77,25125,3,25064,1,5148,25,506148,1,628,250,12932338,7,193679,269,13281647,276,13475326,0,0,29,666911,0,0,29,666911,22,560445,1,3207,1,6188,3,6354,35,186812,4,7829,1,2500,48,149739,37,86413,11,3397,206,2754205,229,4441500,285,9019721,36,418201,299,8601320,0,0,2,93563,171,7734245,172,7558562,144,97368,
Male,Overseas,n. Administrative and Support Services,99,99,2632431,77,403967,17,15617,1,1751,17,17369,66,306791,0,0,74,1383700,71,251454,13,6995,0,0,0,0,4,37745,0,0,0,0,0,0,34,13974,1,821,3,2840,3,1217,99,2728645,11,24533,9,16323,27,12813,3,3008,51,34359,59,91036,0,0,0,0,2,539,6,1282,0,0,0,0,11,3357,67,96214,0,0,0,0,0,0,0,0,3,188,2,30,4,221929,0,0,1,300,2,4415,2,519,3,16980,2,132386,3,5935,3,5935,3,2232,5,91907,5,52125,2,5954,5,36849,4,13290,1,-16311,5,-3021,0,0,0,0,0,0,0,0,0,0,0,0,66,99086,0,0,39,20302,1,82981,5,143776,0,0,0,0,0,0,1,1132,13,5,2257,3,369,1,186,7,2440,1,8910,0,0,16,120818,3,36809,79,966591,2,2957,97,1130171,99,1133128,1,2500,3,24216,1,1200,3,25516,5,38422,1,1000,0,0,0,0,4,19651,0,0,0,0,4,14474,25,57020,13,7546,43,160892,50,324521,99,821607,0,0,99,821607,0,0,0,0,39,495898,39,494461,26,7825,
Male,Overseas,p. Education and Training,30,27,1341801,23,364073,9,16296,1,1439,9,17735,21,370558,2,11155,12,773511,12,290149,2,585,0,0,1,2260,1,5030,1,24483,0,0,0,0,9,4530,2,54,2,48,2,20,28,1392529,1,3900,2,2239,2,1150,1,966,8,12751,9,21006,0,0,0,0,0,0,2,9661,0,0,0,0,8,3564,13,49958,0,0,2,120377,1,400,0,0,1,4646,0,0,0,0,0,0,0,0,1,293,1,73,2,12571,3,107293,6,244120,2,6477,0,0,3,62841,2,26735,1,8590,3,28544,1,9364,2,-10392,3,-1028,2,10451,0,0,0,0,0,0,1,15727,0,0,20,80338,0,0,8,2893,0,0,5,146840,1,19263,0,0,0,0,2,3547,9,7,2592,2,1464,1,146,8,3910,0,0,0,0,3,7428,0,0,22,407758,3,50549,27,1023091,30,1073640,0,0,1,937,0,0,1,937,1,13322,0,0,1,227,0,0,1,1112,1,18,0,0,3,13250,2,5595,0,0,19,686460,15,90057,28,390952,0,0,28,390952,0,0,0,0,14,274275,14,273882,11,6127,
Male,Overseas,q. Health Care and Social Assistance,136,135,15973184,122,5044313,61,170434,13,24120,61,194554,119,5103685,3,27502,60,4982009,59,1749096,13,24033,0,0,4,12792,3,7194,1,14000,0,0,0,0,53,95292,7,3343,11,45325,11,19421,134,16674370,9,16105,10,32756,17,4475,4,17252,35,91629,39,162217,3,585,1,5224,3,457,13,12120,9,48626,0,0,51,31840,89,689156,21,427692,2,17462,9,43094,0,0,16,28871,6,914,1,50322,0,0,4,23102,9,69340,9,19528,12,112740,15,553073,20,436226,11,18800,13,46677,23,520503,16,128459,12,63268,23,248705,16,107460,7,-27389,23,80071,3,4787,1,9,0,0,0,0,16,377242,16,50845,117,3378898,0,0,21,10113,1,93,11,513135,0,0,0,0,2,27382,3,17024,55,29,9715,12,3800,15,5289,25,8225,0,0,1,80640,9,527898,1,11000,126,13977883,5,142658,131,14454763,136,14597421,0,0,4,240021,0,0,4,240021,3,77837,3,8900,0,0,0,0,8,102085,2,1150,0,0,23,29785,25,94517,2,9975,114,3245118,117,3809388,136,10784346,4,29833,136,10754513,0,0,0,0,92,9077061,92,8895586,87,74655,
Male,Overseas,r. Arts and Recreation Services,733,669,65813891,576,25258405,44,70105,7,7928,42,74772,569,24838128,11,25606,42,5470927,38,2266739,7,196231,1,13960,4,37325,4,28428,0,0,1,3893,1,11266,41,61012,5,3813,9,130117,9,46156,666,66996580,6,19781,7,141159,6,1126,1,25,22,788143,26,950234,2,45,1,646,1,42,12,8280,8,22844,0,0,61,82736,84,1145816,0,0,0,0,0,0,0,0,15,6627,3,567,0,0,0,0,43,609900,14,247921,12,68181,20,568022,17,237574,16,1239673,13,967923,13,355696,29,735078,22,223448,14,62682,28,340005,24,150275,6,-41332,30,108943,2,6757,1,93,0,0,1,124,4,11583,2,67177,554,22532539,0,0,32,14329,3,915,43,1184085,2,1921,0,0,1,6130,2,5983,34,29,13466,1,767,5,1377,27,12857,9,995993,1,8130,15,1468909,2,5275,148,6538277,6,168938,715,95193302,721,95362240,1,7000,6,507881,1,3000,7,511881,61,1029543,2,24805,0,0,0,0,16,178261,2,289,0,0,23,52663,15,34593,7,4323,325,22351521,510,20405632,685,58348720,32,404076,692,58373299,0,0,0,0,202,18711930,202,18617893,194,145308,
Male,Overseas,s. Other Services,25,24,758731,15,137972,4,8453,1,1448,4,9900,11,138568,0,0,6,339291,7,84442,2,3710,0,0,0,0,0,0,2,6011,0,0,0,0,16,30706,2,69,2,44,2,19,24,821628,1,936,0,0,1,300,0,0,5,8177,5,9413,0,0,0,0,0,0,5,11284,0,0,0,0,8,3300,13,62897,0,0,0,0,0,0,0,0,2,-9779,1,56,0,0,0,0,3,57054,0,0,0,0,0,0,1,1790,3,33274,3,23473,2,877,3,145435,1,29994,2,15157,3,81979,2,23937,1,-5632,3,18305,0,0,0,0,0,0,0,0,3,38900,0,0,9,71191,0,0,6,3008,0,0,2,48459,0,0,0,0,0,0,0,0,11,7,2473,4,527,1,365,10,2635,0,0,0,0,1,658,0,0,24,738032,1,19565,24,719125,25,738690,2,4787,2,33468,2,3772,2,34483,1,9650,1,596,0,0,0,0,4,70744,2,3723,0,0,4,10985,7,17616,3,3276,22,170657,23,321730,25,416906,2,64181,25,352725,0,0,0,0,20,493956,20,422275,10,4781,
Male,Overseas,z. Other,397,362,20511673,254,8457116,95,153716,12,19285,94,169556,240,8385412,11,31262,108,5651265,105,1770225,21,51968,2,44130,5,92049,6,30775,2,11555,0,0,3,110632,99,116889,19,35644,36,207173,36,87924,370,32158797,21,46253,17,68704,32,9134,7,15951,60,109279,73,249321,9,8027,2,3465,3,120,25,9834,13,38503,0,0,128,153494,201,875135,5,113724,1,59229,6,17454,3,-66573,41,279755,16,43727,5,239117,14,695481,96,4537237,43,2462574,29,592782,56,6054733,51,12800098,47,647538,31,56464,34,105109,115,4405784,81,1373363,63,313808,115,2092757,73,1011268,41,-385412,115,625856,2,32239,1,704,0,0,5,7602,20,326903,15,82388,177,5942502,2,7146,87,37930,5,2758,45,1780855,3,33716,3,20920,3,54587,4,15767,93,67,25071,24,8091,16,7145,72,26017,7,73105,3,50133,24,425563,8,407646,246,725466422,25,33019562,268,705453204,289,738472766,48,16543384,70,676776575,39,21732870,81,671587089,23,936069,13,777430,1,819,4,9553,34,4200176,31,3490152,0,0,79,2449860,75,516089,43,2003302,259,30601862,305,714383046,356,21568776,71,5472069,393,16097608,2,4271,0,0,145,5285978,147,4968862,119,67778,
Male,QLD,"a. Agriculture, Forestry and Fishing",13115,12358,838192768,9748,250615437,8097,18002118,489,902011,8095,18891427,8731,252853626,154,778071,6749,661130563,6610,195170140,2061,13590916,72,1843847,198,3970833,385,3922820,554,9249972,24,219942,107,5155580,9340,24551738,1615,2280166,3493,51300580,3442,20178577,13084,963370111,1229,4902375,592,2599802,4890,1290639,109,361706,3769,6154494,5568,15309016,525,163899,119,999259,333,1911480,1838,2512093,475,700943,4,12538,3592,3677436,8233,51567823,60,1181503,232,3235183,1147,8692538,1369,18751944,2329,66088535,1015,7550602,97,3955720,1580,86229735,586,12192881,1196,68138532,866,19328985,1704,313282811,1890,74766523,939,7258548,884,2119759,775,842810,2393,64452702,1372,15629150,1041,3541224,2361,30510770,1637,21166202,764,-6394644,2414,14771558,78,586195,79,125573,0,0,230,3051332,961,21154711,950,5094104,4393,39697376,58,232958,4534,1897785,211,1238261,348,8482712,20,216057,146,1273954,34,2023022,16,49650,8266,7195,6396653,806,403103,1859,1122216,6883,5677541,5,104038,30,1824917,69,1980293,3152,15609223,11574,1421947441,8824,1125353576,4411,316117313,11779,1441494222,6365,343676462,4521,247657871,6500,370625294,6924,220709039,2320,51446480,683,4175608,49,115022,455,8285769,927,11554744,4337,95012955,95,1979220,7878,289883248,8463,67288909,8427,112695106,11802,601521073,12480,1464309288,12710,-42691493,1541,79758365,12942,-122445012,616,34533241,422,39347376,5306,232615349,5903,267216247,4326,2662293,
Male,QLD,b. Mining,257,249,22038577,214,5799005,185,427494,17,35377,185,456890,195,5732336,3,16097,119,10300779,116,2930977,30,79060,3,53736,8,57690,7,74398,9,164195,0,0,0,0,171,325418,22,8709,52,772307,51,303101,255,24816953,33,93787,16,20760,81,24306,1,15500,77,113200,93,267553,3,1149,3,4710,6,3352,55,919736,19,28554,0,0,90,52024,180,1942262,0,0,2,18250,17,69882,3,17479,25,1312465,18,334396,3,109267,0,0,44,2935347,22,789063,17,216518,34,2034625,43,8375531,22,948003,18,125560,20,355065,41,864356,25,269997,21,44768,42,419899,34,227925,8,-98233,42,129692,1,134369,2,305,0,0,7,78259,35,601012,16,64172,155,2099502,0,0,81,29234,9,15916,7,236936,1,56261,2,18988,0,0,1,3606,135,114,90387,19,8821,40,18224,111,80985,2,71140,1,5450,11,175515,14,60872,221,23084463,10,320375,228,23077065,234,23397440,27,1330086,40,1445213,23,1705331,50,1069968,18,1011729,10,96645,1,115,8,45859,21,158366,25,222040,1,12000,112,2417581,140,1231556,73,679444,213,5544242,232,12489545,249,10324851,32,4268932,256,6055919,4,152378,2,151758,160,8769194,163,8325154,135,92547,
Male,QLD,c. Manufacturing,7027,6932,433307992,6009,89082419,4936,7821487,380,570079,4934,8367405,5461,92445537,182,677509,3380,222977108,3329,59111072,1014,3934646,59,471642,123,547552,234,1967854,227,3736432,14,181960,36,1050593,4526,2715794,326,172456,744,2748206,733,1075840,6998,457762311,1027,3573768,376,1078375,2191,641003,102,143458,2065,3151344,2666,8587948,164,80948,18,25218,81,218459,963,401770,460,968598,2,4939,2463,1079437,4505,20058163,38,840551,56,578208,394,2153758,73,-170904,520,7980014,292,641192,28,1171360,62,931141,993,14714981,382,6014225,302,1296162,531,17182497,672,12309226,344,2054704,291,525751,303,444971,897,18512301,684,6687331,421,1094198,889,8309522,537,4514422,363,-2093172,900,2421250,41,250877,39,52358,4,39849,63,413722,562,7467019,396,1199221,4296,37206431,22,65092,3191,1315835,168,279966,408,9963975,30,564835,181,1600647,14,347029,25,98983,3022,2763,1751483,274,76824,645,256006,2706,1572301,11,129389,17,496580,136,3212981,162,2111215,6566,659998268,159,6086549,6641,660008441,6738,666231182,795,18122927,2879,163968881,815,17104793,2930,164987015,844,28766049,556,4223959,93,449071,76,593097,1204,18624929,991,4135496,31,130754,2804,41410755,4814,37010851,1834,5891941,6112,170062359,6568,476286276,6868,189801133,672,11912375,6954,177838775,57,1841609,74,3792974,4709,191430840,4754,188389119,3906,2440542,
Male,QLD,"d. Electricity, Gas, Water and Waste Services",304,299,17894852,251,3822630,204,327496,15,21786,204,348692,224,3949522,3,3389,105,6040846,102,1486293,38,129981,3,18300,9,25740,16,171836,15,250252,1,1642,1,69078,200,326679,19,4708,43,1297795,43,537707,303,19141800,25,113389,10,32097,68,18538,1,565,58,72765,79,237354,6,2053,2,22039,5,22431,40,113949,15,38535,0,0,101,47321,177,963336,1,16999,1,11968,15,122435,6,-66936,23,439327,13,12076,2,64636,0,0,27,374506,23,466425,15,76544,34,1502393,29,742408,18,40768,14,10356,14,5040,44,1295537,34,347895,22,59148,44,632957,30,353370,14,-97833,44,255537,1,19,2,268,0,0,5,23493,25,440441,15,39213,191,1651057,0,0,141,59139,11,15395,13,344379,1,12873,3,13237,0,0,1,1201,120,106,69093,10,4158,18,8613,107,64638,0,0,2,38233,7,302907,20,55503,290,32780677,14,372291,292,32805029,299,33177320,15,250595,78,4728027,14,259118,79,4719504,50,1604582,24,296390,8,35127,0,0,22,207586,55,417773,0,0,135,2647934,229,3294894,99,575163,260,10674040,279,24472993,298,8819860,21,455605,301,8364255,1,14457,2,142457,220,9046400,220,8809585,181,112351,
Male,QLD,e. Construction,41248,40933,2462830085,36216,488746771,29899,44448544,2226,3340980,29892,47744044,33359,503866607,699,2143463,15751,855399109,15455,225789493,5248,24646843,229,1520556,692,2788194,1304,9891985,912,12720045,34,410615,90,2941011,26586,17405576,1614,1793833,3808,14912541,3731,5763139,41143,2601410674,4637,20840466,1976,6023163,9778,3005284,462,973923,8814,14190108,11456,45032944,854,309487,139,484288,325,735070,5046,2010035,4024,10443141,15,6345,12693,6337817,25180,118795227,94,1861127,146,1706071,1523,6876515,303,-4050238,2485,57514269,1203,4951778,192,6218382,206,2987062,2768,48833371,1855,46942960,1604,11356071,2552,113411486,3565,81701528,1337,6042651,1144,1778396,1143,1282025,5047,109040159,3987,40267599,2299,6095087,5066,47364991,2982,27692058,2096,-12379576,5088,15312482,223,2760067,313,1030567,11,88879,354,3569773,3538,43651485,2781,9741763,29728,283778307,48,152886,20939,8731957,813,1332945,1594,31559034,102,1283566,1326,11919092,88,1467400,132,428497,16566,15093,9409382,1660,450312,3316,1318505,15095,8541189,32,1089504,133,8165531,860,36603082,1302,15257786,39240,4449758665,559,26885435,39883,4482845971,40190,4510632342,1198,59086854,13844,758152627,1181,55280906,13968,761958575,8409,376795878,3928,27384911,543,2770003,465,3618348,3395,24713167,6935,26652524,131,649126,17322,302349121,32241,301674225,9550,35308610,36848,1146155513,38804,3010152709,40510,1494892926,1955,42048353,40858,1452600160,292,8970297,516,25509285,31873,1460375147,32107,1436968579,27467,18662677,
Male,QLD,f. Wholesale Trade,1446,1405,85513550,1186,18301680,929,1524663,73,105593,929,1630019,1046,18513111,48,149013,646,46064870,633,12282481,172,743885,11,92971,20,115687,54,439024,100,1720063,4,179178,9,206315,934,1041873,89,229082,222,1474051,218,545049,1429,91164922,174,608072,73,194249,400,110336,13,26775,397,588724,510,1528156,31,12337,11,32640,16,47224,220,209321,87,195648,0,0,449,281954,870,4164373,28,559026,18,262141,89,550452,22,70767,151,2682974,76,217142,10,270576,28,642804,214,5222692,107,2348938,87,573233,149,6291903,185,8275418,85,895784,65,48045,65,292337,200,5061221,140,1643576,91,196935,199,2390663,123,1368704,78,-538657,201,830047,9,26585,7,3748,2,19410,13,121634,100,1686041,55,168718,753,6173343,6,15294,655,285462,26,152007,101,2708894,2,44729,9,65133,3,74451,12,42394,655,583,442558,56,13970,150,70167,573,386361,3,112300,1,29119,43,710295,62,484874,1340,187694172,128,15270014,1285,173746391,1386,189016405,324,13277878,714,96153831,329,14643242,744,94788467,122,4219498,97,594189,21,61672,18,153530,242,3453410,199,1019319,4,56483,487,8410675,940,7817208,410,3287264,1244,35906658,1340,159760528,1404,28956381,165,4411132,1433,24546032,13,346833,19,809626,854,32501828,868,32158514,678,391323,
Male,QLD,g. Retail Trade,5490,5391,363056630,4448,84591418,3618,6605190,296,414790,3615,7013127,3994,88091871,372,1494236,2907,203952982,2843,53165261,920,4046058,40,380827,87,578671,300,2627688,246,3964981,10,112261,35,1173268,3605,3098503,361,654475,843,21627022,831,9136116,5449,382316095,866,2749739,346,625525,1692,450199,156,278283,1907,2615503,2325,6719249,121,33906,23,37102,98,314252,889,1128711,310,652371,5,923,1876,1039257,3577,16604372,78,1898806,73,698891,357,2160837,29,-775780,608,12561215,370,1273606,52,1390331,54,2321322,1314,18743476,464,8836727,375,2588253,687,26669447,783,18087268,429,2913500,376,1474536,364,387721,806,21735947,627,7484219,399,1302405,808,10208534,485,5419972,328,-2679183,814,2740789,40,115025,38,23005,4,48183,80,1035329,349,6017238,234,647390,2499,21210801,21,73895,2252,926760,121,496034,751,22116321,49,877040,59,494893,27,369793,106,462446,2630,2314,1552307,212,62212,608,260353,2225,1354166,16,282056,3,28354,112,2657501,90,4463185,4969,979481403,135,8249076,4999,978445423,5106,986912499,1749,95211084,3213,622809797,1799,99640067,3338,618380814,435,8292013,481,5668249,70,259747,55,437773,1372,29410186,629,3911580,12,33759,1615,19212653,2950,18471757,1324,4660598,4578,187122297,5116,895911934,5291,91251551,773,13866013,5422,77328963,55,2034329,78,5725342,2835,98891186,2887,100681653,2218,1246918,
Male,QLD,h. Accommodation and Food Services,2438,2396,117916833,1921,22497650,1303,1876319,86,141976,1302,2018191,1712,23179248,80,262773,1421,69066499,1374,16025558,442,946995,16,151113,59,273026,143,1226675,54,914356,0,0,9,555741,1562,1176394,111,176828,239,981557,237,390364,2418,125307483,416,1040361,117,169893,866,269575,73,160270,807,784820,1066,2424919,31,9660,9,179639,30,90888,326,162597,180,524103,0,0,623,275798,1526,5671622,28,650678,19,186242,82,368673,6,-51364,158,2794025,70,110906,23,416134,11,51719,249,6153689,135,2707381,110,794996,194,7851106,197,7733436,89,341213,71,73890,78,13825,302,8570547,238,2822679,126,364004,299,3743047,182,2477329,121,-836512,303,1640817,12,76503,20,14004,2,25657,14,508599,127,1814257,57,171823,1406,8066145,6,32460,1227,536745,56,33127,223,6569500,10,178488,23,179502,21,423916,27,120562,842,713,441170,87,22349,131,57001,726,406519,11,314439,12,174041,240,3074694,42,603334,2117,294500610,66,2116118,2304,296551000,2360,298557244,357,3551323,1083,103361444,358,3169947,1093,103742820,204,4037631,489,4356679,14,61744,68,739014,762,22750986,322,2518975,10,48202,849,12198229,1569,8109053,1036,4695951,1903,96885410,2156,260144694,2394,38968269,151,4721249,2418,34274172,19,362658,33,1244195,1412,43038349,1428,42324658,1103,540566,
Male,QLD,"i. Transport, Postal and Warehousing",35564,35393,1569601807,29031,251444677,16609,20017937,768,917176,16610,20917704,25607,251819796,810,2429176,21976,970772185,21450,210081304,7713,14166566,197,1457621,657,1886468,1842,13869478,947,14561735,37,455232,104,3704405,21395,8998160,867,1064841,1969,6910665,1938,2709344,35486,1637367591,5878,14922486,2062,2863817,14400,4544036,1252,2825058,13478,12694843,17208,37850240,319,778544,74,178591,218,346142,4279,1888513,920,1533402,66,27403,12776,3495390,22579,58018656,603,13757006,137,1578964,1067,4654958,81,-45153,1523,22322830,819,1910382,432,7497127,170,1422330,2092,23339933,1149,17020611,948,4731647,1635,39530034,2120,46111898,933,5629634,763,1773900,775,774124,2248,46189941,1862,19030940,1114,3467959,2252,21415331,1116,9379566,1150,-7103855,2267,2275711,208,1216797,97,111975,28,179343,219,835530,809,9656191,670,2138218,22992,63817117,72,235653,21391,9579688,689,898031,2415,69702010,146,2418678,170,1483570,181,4291308,429,1700511,8148,6494,3670317,1221,205063,1053,374764,7139,3500616,104,1689406,120,2323471,2494,34563556,1099,7902090,32199,1345193091,708,21831560,34588,1369619639,35178,1391600984,223,8097069,2003,44479926,228,8220401,2041,44356594,3465,64660146,357,2517660,59,238789,996,10217767,1792,12830844,1716,10400022,44,184923,8982,123823642,22765,221214292,5699,27316754,27850,345745085,31364,863503205,35150,526543633,1040,16983567,35268,509385967,173,3662706,336,11106559,25409,494392605,25512,496923130,19358,6980199,
Male,QLD,j. Information Media and Telecommunications,3029,3018,208430780,2626,44360243,2298,3858113,194,278697,2299,4135285,2445,46845689,436,1661256,2038,138377415,2005,37058430,628,1791023,32,328741,64,318978,208,1750713,74,1184921,7,114693,16,630404,2147,1729124,193,100960,444,2183650,433,834507,3021,216679026,531,1314835,272,355872,774,177343,113,182035,1334,2246070,1554,4276155,59,20260,13,19044,80,64854,550,329712,98,318099,1,229,1124,547004,2144,8075351,46,1092750,29,489607,210,1144736,11,69457,353,4342115,273,782498,28,412607,24,61042,637,6750697,278,1565734,241,330693,395,3821669,394,8402177,347,2447869,323,1427079,303,164088,312,6996647,251,2886176,161,531704,311,3364589,160,1331932,152,-1117754,314,214178,27,65598,16,19404,4,94227,58,322902,195,2120002,141,354291,1748,11526244,15,64806,1281,516523,72,41503,920,31927493,23,563354,16,138294,39,588988,115,444644,1478,1225,748449,107,31118,377,140628,1187,638939,19,51924,9,161210,229,3851414,30,360088,2555,105034742,70,1130685,2742,108340206,2808,109488502,75,1316981,457,7977814,78,1626263,468,7668532,338,4502800,55,282367,23,154484,15,104789,375,2392703,132,281252,2,2900,968,7077153,1203,5547766,405,525850,2286,25537921,2586,54070647,2953,55252130,393,5275993,2995,49958527,20,443482,24,1022213,1599,50043414,1610,50007616,1366,675024,
Male,QLD,k. Financial and Insurance Services,4053,3890,388204013,3323,114864743,2906,7803882,256,433540,2899,8218778,3081,119761718,198,1140215,2486,270155141,2435,81136175,725,6313035,55,1099942,78,1111244,84,630241,182,2724659,14,195367,58,2026119,3032,6906419,901,3202452,1665,32846296,1651,13273954,4030,428245188,758,2788473,335,700643,1229,292295,97,350309,1802,3096373,2092,7228093,182,59729,67,840657,281,2056105,955,1543491,246,909323,2,552,2159,1951275,3352,24629487,93,1950579,98,1145952,552,4448965,70,1497749,1084,34343724,580,4321993,40,1739034,18,923031,1408,60837860,608,26165594,495,7456775,991,62621322,1203,64114803,778,7033126,708,1996800,664,1314001,1090,36713283,873,15120509,698,2943226,1087,18119496,549,6401444,545,-5871392,1096,530052,48,450997,32,49974,5,83361,122,2211192,411,7702973,456,2265419,1218,15543808,42,147206,1077,438424,107,422654,354,11294809,8,137993,10,122358,5,119664,34,119829,2865,2543,1895523,260,95974,1033,535549,2187,1455949,3,81663,3,78763,34,1471351,5,356276,3321,5570259396,26,709940,3339,5571533203,3357,5572247086,1650,307230323,1947,5222693687,1560,260078094,2205,5269845916,177,3718173,49,350413,4,16014,8,59685,138,1180721,467,5251345,20,435336,595,2843732,590,3187323,140,334681,2484,283315227,3481,5570538728,3611,3772509,1065,56072175,3966,-52540326,57,2673078,195,15616180,1103,50589351,1286,64609355,1081,647783,
Male,QLD,"l. Rental, Hiring and Real Estate Services",3897,3816,339400193,3393,90090345,2868,6483372,239,402773,2867,6882031,3084,93539438,97,427831,2018,168815467,1959,46967026,509,3188213,19,218106,49,529147,100,887400,170,2582017,8,46237,29,921132,2726,8099825,440,943465,981,14763905,970,5539093,3885,371256685,509,2500856,226,793088,1194,280073,62,163587,1159,1933725,1599,5671329,153,57000,48,2242722,124,534449,674,1734635,280,622077,1,2252,1243,1064578,2757,24885344,38,914272,34,354600,294,2812210,277,5656794,1005,47270993,409,4433609,22,361824,33,1316526,528,12507238,432,20359123,372,5817780,616,74270584,701,53511510,324,10336260,293,9524793,274,615896,1001,35339747,727,11082244,576,2227603,1000,17206386,615,8903548,390,-4079700,1010,4823848,23,203399,27,109274,2,16890,76,843760,455,9833694,315,3107425,2060,18283788,15,51032,1466,601159,55,151415,204,6015508,10,132855,24,179286,11,358703,15,59155,2611,2363,1928938,216,83647,872,504819,2116,1507766,6,58229,12,246781,65,2063268,72,562790,3566,224790492,121,9070362,3565,218651198,3643,227721560,105,4853988,236,8222109,101,4565704,262,8510393,239,5486989,110,1222237,27,215361,39,537756,240,5551382,817,16989612,30,409998,1735,36286745,1636,13409818,796,6563870,2620,67731747,3454,162915908,3435,66450360,393,10286303,3513,56177144,139,8083245,374,31953004,1982,71286930,2269,100946052,1903,1145773,
Male,QLD,"m. Professional, Scientific and Technical Services",17667,17565,1800545320,15971,493011266,13802,34204432,1024,1634363,13787,35801984,14800,512650019,1500,7216076,9446,778668331,9254,224446945,2303,10574726,258,3760075,399,10199436,513,4054054,652,9467314,53,939373,231,13927753,12552,17155116,1820,2320579,3864,38308598,3820,15585502,17636,1906144754,2793,8210867,1305,2394881,3824,882332,486,1260740,6510,10515417,7455,23264237,499,180338,219,1926320,585,1841222,4193,5230546,1110,3082314,14,99727,6899,4895318,13257,100466403,295,7244370,221,3854220,1285,8743502,127,-2117090,2770,57068366,1865,6928209,179,7025402,105,5415461,2597,29762959,1917,49643682,1707,16513589,2793,116405394,3086,105155534,2282,23148307,2031,12901469,1941,2908774,3304,95039907,2535,35556205,1906,7315357,3320,49647530,1779,18117915,1547,-15597100,3331,2520815,138,1637468,144,271311,21,388936,351,3488449,2786,52406454,1417,7237423,11925,243549396,173,857926,6300,2563548,522,1854825,2739,86921200,117,2006173,63,550909,69,987345,260,1037999,11586,10051,7434206,1048,434572,3801,1997898,8914,5870880,28,881517,62,3091145,670,21773525,137,3717781,15704,1485684322,214,6712195,16295,1509018384,16453,1515756781,320,13050807,2035,84562187,312,13006674,2079,84606320,1550,36994353,957,12768278,221,2920817,128,1175153,2393,41907004,1545,10146472,31,122125,5770,46589760,8803,43262460,2211,4712531,14395,382187436,15417,667418662,17089,842592062,1776,29295190,17477,813355134,122,5310387,285,13680665,11664,761072714,11775,743424678,10243,6443973,
Male,QLD,n. Administrative and Support Services,14231,14152,649275227,11638,107791233,7490,9512199,400,531340,7487,10035843,10020,108476128,285,823575,7317,322510671,7098,73417723,2312,5115850,88,700133,230,1158426,852,7584958,506,7632001,24,312872,79,2579323,8556,4910177,528,349879,1314,4971937,1291,1978453,14183,679373657,1789,5105045,692,1290348,4559,1416648,268,593506,4065,4171820,5380,12577367,189,85132,38,88527,135,227231,1962,1012623,448,1147808,9,1166,4896,1767006,8702,27771098,140,3036385,66,840710,624,2917551,71,90579,866,12313870,465,1441985,145,2115123,80,770566,1263,14205738,609,9560384,503,2116208,850,23616302,1113,22600975,513,2136736,419,889272,402,255361,1311,31786374,1014,10493274,638,1955301,1300,15040069,743,7656064,566,-3358334,1316,4297730,65,233329,53,218203,8,69992,106,832162,782,9628195,438,1184590,8615,39371320,51,173968,8311,3785578,285,421244,951,23863801,76,1007139,113,857411,46,829601,88,354006,4737,4030,2576654,461,110597,676,271349,4180,2415902,32,567933,44,904522,804,16021704,287,2238568,13037,629421334,305,7197910,13668,641880724,13937,649039243,221,3289029,2461,38708893,225,2994548,2484,39003374,1558,37890135,660,3483076,125,294706,117,472389,1085,6311531,1129,3038072,25,64717,4605,51908641,9244,59567916,4000,10717354,11359,154935620,12286,367726900,13990,280330623,766,11069679,14088,269316404,120,2427244,127,4498649,9941,261083351,9998,259936099,7552,3543994,
Male,QLD,o. Public Administration and Safety,831,826,54778106,748,11481463,578,940072,42,62625,577,1001887,686,11787501,33,125770,473,26105518,459,6667179,178,602103,7,66943,18,153123,42,268355,34,504524,3,150309,13,1024964,519,297450,36,58774,104,237982,102,94440,827,57557507,143,505815,56,146804,294,84669,25,31496,278,351179,356,1119963,16,2146,4,3904,9,3433,140,66240,43,71295,1,4830,351,141598,568,2583373,29,715394,7,74692,63,380419,3,-183880,57,551182,31,22528,8,189380,4,25570,63,668007,45,586424,39,107868,64,1250373,80,1246673,43,615631,33,67316,34,68781,113,2794111,92,1150191,58,202571,116,1454441,59,475711,57,-488803,116,-13092,5,32723,5,1691,2,2311,8,91661,81,1053675,37,113025,598,5195544,11,57038,426,181147,26,14105,65,1903558,6,117322,6,55449,7,186837,7,35087,367,332,236528,39,12012,88,41248,320,207292,0,0,0,0,13,90813,9,68467,792,53574728,10,350769,797,53343693,805,53734008,36,463578,125,4293568,34,424472,128,4332674,63,1818249,44,368931,12,43480,6,28223,67,701318,72,234274,2,3705,278,2853829,578,3940861,120,267770,722,13292089,762,27885403,819,25705514,45,450860,822,25221120,3,10968,6,358748,620,23305270,623,23070156,534,306023,
Male,QLD,p. Education and Training,4184,4167,258236244,3636,52363254,2970,4578308,174,242537,2969,4817902,3307,54244836,346,1093710,2592,155267526,2465,40104257,710,2268554,30,354148,77,381998,260,2072575,131,2011571,18,216669,55,1846250,2935,2408878,295,197735,661,2601887,652,1065710,4177,270658337,716,1921146,327,552894,1300,350543,158,444968,1599,2315272,1934,5584823,105,33810,23,58983,92,206804,870,636556,125,218157,1,231,1804,790114,2934,12014242,113,2350097,53,773551,395,2264701,16,-99457,527,7337299,336,853035,41,984721,11,75681,495,4749478,348,5945536,299,1807998,482,13432798,491,9941628,436,2550026,372,927580,349,181864,598,12756226,473,5193300,316,979731,599,6346127,318,2498188,288,-2261120,606,237068,38,174518,10,17527,3,55090,74,167974,334,3958056,191,518539,2738,13153941,32,92149,2111,930401,98,252483,960,29442047,43,693154,20,199472,27,456994,94,363787,2316,1961,1283413,200,74012,498,213213,1914,1144211,13,118563,44,547927,173,2800972,24,560917,3828,153373369,64,1385089,3988,156016659,4045,157401748,60,676196,374,5677182,62,836290,382,5517088,294,4778103,107,447759,19,37624,29,173706,629,6043196,208,522621,4,1785,1186,8241486,2357,12876587,508,992656,3373,37365562,3615,77027372,4097,80017689,326,3841092,4157,76176597,32,483000,56,1992549,2804,73743878,2824,73903614,2358,1127947,
Male,QLD,q. Health Care and Social Assistance,11594,11570,2531458838,10947,892028142,9931,49453446,687,1218097,9929,50667053,10503,929506830,1264,8856013,6384,761919906,6222,264877704,1914,8253308,71,960464,219,2696475,424,2933473,189,2732280,17,230311,48,1685387,8516,11756984,1211,2606907,2457,29453548,2441,11710245,11582,2655962562,1606,4584582,880,2705155,2487,652486,603,2487586,3797,12376809,4472,22806618,336,119679,130,2395873,417,2416560,2772,7306758,1213,3226689,6,4646,3919,3712352,9192,122519056,2138,41849595,73,1048405,1732,12848565,58,-4448395,1996,60650811,1383,4695527,92,5754851,54,6522882,561,7711398,1361,45921812,1296,18729149,1912,112184091,1792,72384602,1700,9799036,1577,4358778,1507,1388281,2803,100786584,2368,49483205,1799,10309836,2810,52757357,1251,13469864,1561,-25233679,2815,-11763815,146,1772381,148,175874,17,278307,257,5503736,2895,56872990,2579,23516785,9878,609549869,33,112293,3262,1340978,212,831336,2095,85863490,84,1519761,43,330206,113,1186305,360,1577094,8133,5829,3966201,574,178615,3419,2140020,3762,2004796,25,1120944,24,1349829,343,14028176,148,7578830,11014,2951520102,105,6021241,11340,2969772113,11427,2975957279,150,8248462,982,86983865,147,7764331,1003,87467996,697,43767570,1103,15292668,52,128221,66,878962,1811,47757379,1152,13336684,19,172138,3643,36704122,6805,36430652,1267,3834680,10319,1005390107,10731,1291161099,11444,1683854795,375,8058326,11505,1675672202,71,2785187,218,21282351,9311,1532461905,9352,1501759548,8715,6916885,
Male,QLD,r. Arts and Recreation Services,7547,7482,489018316,6433,106505670,5426,8972788,340,516083,5419,9472599,5869,109076667,833,2873724,4774,300849492,4633,77935352,1424,4467692,52,674009,96,1324521,502,4179136,285,4391691,17,404176,66,3148495,5330,4330646,467,314463,1099,7493325,1085,2982266,7521,513453404,1299,3653264,590,1056190,2279,584042,218,351780,3078,5227351,3666,10872627,128,43288,41,55176,169,359398,1601,1583998,303,576745,1,110,3380,1569796,5488,22373611,120,2792644,98,1323359,626,3892307,29,-446742,903,19739403,554,2412096,90,1715180,44,419559,1524,19427464,583,14392372,485,5089483,801,36412435,856,18142393,774,15350791,654,9800958,612,2201242,878,18511942,644,6401480,406,1148969,877,8731800,514,4639913,364,-2410218,880,2229695,64,448921,35,53379,9,42425,145,1121295,479,6402540,324,896332,4248,23614102,53,258097,3531,1476055,129,620821,1876,55545146,69,1211407,50,379251,61,588418,231,892452,3781,3271,2104934,277,77670,953,397730,3153,1784874,46,309545,56,5745075,328,4117168,78,1203264,6757,315564487,154,8646724,7001,319752019,7129,328432194,219,7180168,918,22703651,233,8400842,950,21482977,864,15957352,180,1219377,28,126707,70,354067,1327,14764799,347,1360767,4,5767,2487,18084538,4103,18905013,1196,3262801,6233,112331539,6765,207831679,7360,120139723,1051,17375842,7476,102792566,89,1241118,91,6620152,4401,121408527,4452,124920583,3651,1707206,
Male,QLD,s. Other Services,12109,12015,686296652,10281,134874151,8110,12012462,546,750345,8110,12752128,9191,138803735,367,1312668,5400,324894950,5273,84177767,1811,6193047,76,660027,208,1209398,529,4547517,400,6074123,25,318981,57,1702432,7928,5011232,530,569260,1290,5578345,1254,2255795,12066,720287033,1453,4424490,498,937425,3401,954440,204,369271,3224,4868509,4178,11554135,349,216860,49,73104,121,207201,1750,891310,601,1310148,5,1157,4129,1717062,7547,30366394,117,2829319,72,720970,483,2415616,81,-1128077,906,13286505,464,938494,69,1845162,61,671060,1303,17739696,603,16420503,496,5012486,840,31680465,1077,19649157,537,1967700,456,395300,444,444659,1363,30062961,1075,11011079,682,1973463,1370,14033272,793,6891551,581,-3846404,1377,3045147,79,552098,64,143715,4,17531,125,657855,974,12184098,618,2199339,7644,55400592,44,141600,6175,2672360,253,544757,920,23240064,60,679298,301,2615469,46,953794,87,326466,4919,4383,2853110,471,137271,938,383235,4356,2607146,15,604095,24,680003,304,6377202,220,3729671,11405,974528158,227,7888686,11582,977816837,11753,985875424,887,15208466,3920,195552835,900,16328403,3971,194432898,1153,23203614,965,6753794,183,599486,107,767381,2613,43217346,1565,5702523,25,146146,4420,57623700,8120,55903402,3126,8377297,10595,272891504,11258,669893122,11866,315551979,850,14292631,11978,301074648,104,2616908,141,6200820,8430,309194116,8489,304590427,6906,4055568,
Male,QLD,z. Other,883,859,99878214,738,34520359,648,2133676,64,117507,648,2249997,696,36141096,46,174584,539,49826842,528,14428148,168,800158,5,78507,23,208348,41,424954,34,495335,4,130631,12,450407,573,1412601,79,227666,166,1353164,162,538429,869,108109960,178,552277,84,239995,321,101343,42,84272,397,793313,466,1771200,31,15565,14,39681,33,135418,190,631814,69,248716,0,0,335,226333,664,5499000,27,599764,17,179623,105,871985,21,467315,129,3818963,65,321907,13,347795,63,2093835,377,7688292,67,3142315,58,1056553,94,7233780,123,5581389,70,830784,64,564737,55,40841,162,5964750,112,1737578,93,434542,163,3351901,86,1572324,77,-1131595,163,440729,10,275737,8,20052,0,0,13,206432,85,2064350,82,363222,253,19613010,9,40916,261,99299,28,79179,83,2621451,8,115613,3,30982,4,76724,9,44597,542,473,371580,42,13298,204,117682,402,267196,2,90621,1,8805,24,361832,47,1008833,389,525062548,47,59117560,378,467355840,414,526385215,134,17857774,216,239906019,141,14931941,216,242831852,91,34922547,117,4395243,18,1330054,13,158788,127,6848236,124,6551970,3,132492,334,15868092,299,7169779,197,6995306,517,149304209,663,477152143,713,44457763,251,12071366,863,32412873,14,557310,13,1172693,241,43854005,259,41251178,225,172299,
Male,SA,"a. Agriculture, Forestry and Fishing",4073,3906,256057336,3205,67262747,2571,5066440,177,327755,2571,5386850,2823,66440214,57,275828,1835,126010405,1783,33899753,493,2170104,16,256728,24,326180,175,1831175,186,3052387,8,315199,73,4110688,2925,7314554,588,947732,1188,18773569,1171,7463307,4056,287855479,438,1730510,157,552912,1119,297951,19,40890,998,1436846,1358,4059109,84,19577,30,85547,211,781037,560,923087,165,242090,0,0,1054,992968,2364,16493446,29,684902,27,570793,190,2175486,282,7783925,740,24436783,333,2853912,15,711807,484,22964653,160,4245309,392,11814467,304,3076351,573,58627737,545,16134341,334,1516708,303,618574,278,289284,700,17363555,387,3916400,267,743197,680,6804075,501,7260357,202,-1360474,705,5899883,35,428551,28,69231,0,0,67,810885,375,8004086,237,1360307,1840,17494006,51,301694,1623,671014,38,216223,149,3486379,3,49898,47,420699,3,178170,8,37581,2433,2167,1717113,226,101144,527,319775,2078,1498482,4,118999,5,305089,32,738843,915,4155628,3774,496565286,2736,398614695,1504,103269150,3820,501883845,1408,55743959,1173,58785631,1411,61104575,1642,53425015,821,16138959,308,1752533,15,87467,200,7508197,376,8769658,1197,19317856,32,630173,2301,71167207,2494,17166288,2462,30925729,3639,216035124,3828,443071162,3993,56943213,460,24430896,4046,32613094,126,5843273,150,10963624,2098,94663659,2233,101359772,1754,1125045,
Male,SA,b. Mining,78,76,5723946,68,1332518,52,98653,4,2699,52,101351,56,1367881,2,4586,36,2505148,36,701137,9,35315,0,0,1,18243,6,83828,4,86155,0,0,1,32670,54,54470,12,7134,15,37065,15,15881,78,6476943,9,19362,3,10595,23,7154,0,0,28,34460,30,71571,1,140,1,701,2,1587,16,316715,6,25509,0,0,36,28385,54,573870,0,0,0,0,2,5233,0,0,11,-5528,7,751,1,506,1,653,17,406975,7,386857,5,114322,12,765629,15,490312,7,28914,5,1128,6,203,15,290610,9,141002,6,26498,14,125989,8,75634,7,-78513,15,-2879,0,0,1,6,1,8981,1,47,8,118550,3,10712,43,639801,0,0,28,13006,0,0,2,47012,0,0,0,0,0,0,1,1230,44,38,22032,6,807,6,2953,39,19887,0,0,0,0,0,0,11,20289,68,5643597,3,62799,68,5601087,69,5663886,6,123540,9,465026,5,145677,11,442889,2,30537,3,16207,0,0,1,1500,6,57716,9,19747,0,0,33,287537,45,248801,29,133460,70,1388731,75,2627125,77,3034311,11,266743,78,2767568,1,850,1,4117,49,2971496,49,2544035,37,25567,
Male,SA,c. Manufacturing,2477,2459,147143577,2107,29462557,1710,2599708,110,146868,1707,2737340,1912,30353215,88,321974,1106,64727805,1085,16121677,284,838202,14,85395,34,126732,96,876865,111,1662879,7,67795,17,628632,1613,1324485,118,38905,321,1388032,315,542000,2466,155046904,355,1082317,84,180578,683,179904,26,74468,699,931094,858,2448361,48,17055,13,19778,63,45770,348,153742,137,321402,3,1192,792,322051,1567,7310378,19,430655,14,137945,71,450268,14,8792,190,3382122,97,328708,5,115023,14,165475,329,4205490,132,5805979,112,2160015,176,12301705,233,3808249,131,413597,106,201400,102,226106,338,6127124,272,2512873,151,362372,337,2552274,193,1575659,147,-876054,341,699605,24,251799,12,12141,0,0,31,300454,239,3460282,137,515559,1552,13190959,15,54661,1189,497909,45,66040,202,5760214,5,151826,72,734143,9,95832,23,72726,1343,1228,755425,110,35314,247,100818,1229,689921,0,0,1,1160,48,1397233,36,1803414,2376,224405459,48,1638068,2398,226137774,2427,227774845,323,6733309,1050,54277550,330,6807513,1071,54203346,326,8825487,183,1340250,20,52504,20,99430,390,5270895,342,1244931,8,19731,1030,11934838,1732,12007155,642,1554608,2196,61171842,2327,157802416,2446,70431781,223,3487839,2455,66941966,24,479146,27,1043819,1727,68402772,1746,66999302,1426,871254,
Male,SA,"d. Electricity, Gas, Water and Waste Services",101,101,4794640,89,860290,65,82303,5,6255,65,88558,74,863003,1,7875,26,1029750,25,242506,5,28269,1,18681,1,479,6,53820,6,103462,0,0,2,73433,64,78275,7,161,16,191986,15,64486,101,5058121,6,48883,2,11194,17,4759,0,0,13,8577,19,73413,2,702,0,0,1,20,9,1090,6,7167,0,0,34,21552,63,263198,2,33471,0,0,0,0,0,0,7,135399,1,198,0,0,2,62003,6,102927,6,83184,5,19121,7,230788,7,125871,2,19318,2,99,1,4,15,255225,11,73983,7,15733,15,82764,10,93199,5,-10454,15,82745,0,0,2,1118,0,0,0,0,13,133435,4,24948,64,605127,1,527,53,23879,1,479,2,8054,0,0,1,5564,1,2242,0,0,52,47,30432,3,674,4,2224,46,28882,0,0,0,0,2,94661,10,56313,98,12951015,4,72856,99,13029133,101,13101989,5,253522,18,2418244,5,273916,19,2397850,11,413466,8,89758,0,0,3,37712,12,95321,19,144939,1,4248,50,773827,71,1079140,31,162117,89,4884566,95,10082944,100,3079805,8,147459,100,2932346,0,0,5,131160,80,3147135,81,3177314,61,42412,
Male,SA,e. Construction,15864,15794,880963190,13978,163949103,11051,15200817,571,800228,11052,15993422,12674,167007247,239,741832,5084,240300059,4953,59904994,1710,7909822,60,543577,208,899337,628,5027302,385,5610226,7,29850,56,2292450,9939,6227224,678,510449,1524,9871358,1494,3637857,15831,923904883,1517,5430397,404,1280951,3121,871926,128,281587,2977,3641408,3714,11506269,293,98912,59,110018,223,376218,1686,584183,1214,2817905,11,2080,4442,1973711,8913,39299581,51,1166649,41,435755,305,1953226,101,1160820,1122,25640329,492,1817088,38,585004,54,718879,860,12199556,776,21200098,677,5832984,1000,46742005,1188,20781682,516,1184730,453,232657,444,208763,2160,38895118,1728,15791975,913,1953237,2167,14979256,1276,10669408,899,-4498758,2178,6170650,114,866407,157,389347,2,14046,139,1486997,1544,18419538,958,3376519,11608,100206700,41,181380,8989,3774460,240,627155,632,13514554,44,644828,482,4908568,22,193619,61,217897,7874,7169,4128204,635,172919,1159,430955,7307,3870168,12,270155,15,802033,218,8378546,356,4679804,15346,1504654926,121,5320293,15531,1513308671,15582,1518790471,473,13639053,4861,231016358,469,14755811,4896,229899600,3135,124852057,1048,6301443,95,419768,113,544917,776,5508355,2377,6966548,40,151428,6452,92495802,12459,101377396,3469,8083142,14419,365051477,14986,941653280,15689,575665939,587,9553956,15784,566289115,126,3068655,247,12378228,12979,556691696,13087,551704477,11006,7325432,
Male,SA,f. Wholesale Trade,604,591,34067459,479,7047086,359,594420,29,46559,359,640979,414,7226668,17,72564,231,15631416,230,4041705,72,511868,3,43021,5,7322,21,221532,48,691680,0,0,4,428447,363,568687,47,11420,95,419896,92,169102,595,36236785,65,266254,29,52219,131,36459,5,18359,155,237603,187,610894,10,2787,6,6171,14,36051,74,30200,26,30262,1,132,156,71738,330,1955144,7,185413,2,64539,21,174282,9,269618,66,977091,28,229427,0,0,4,86317,74,2226359,37,548879,30,139553,52,1338727,51,680974,28,74548,27,72693,22,21907,94,1884158,63,655181,40,104201,92,751671,66,583278,29,-210173,95,373105,7,65707,2,51,0,0,10,194607,52,1118297,18,48465,326,3135341,4,31184,254,108524,8,2883,39,1048599,4,98046,4,61648,0,0,4,19289,353,329,227220,23,5280,77,36222,311,196278,1,53287,0,0,3,13350,22,109033,580,84133076,61,10529821,531,73745670,585,84308746,146,6631311,311,40033378,157,6713928,323,39950761,50,1154570,48,283503,8,23485,16,118590,90,1502201,86,437487,2,11352,224,2602292,387,3670240,179,927016,545,19243095,576,69945308,596,14278433,46,1297195,600,12952439,10,226253,9,703776,389,14491474,393,14413830,295,168052,
Male,SA,g. Retail Trade,1841,1816,111364630,1510,24330086,1194,1986023,87,123973,1194,2109996,1346,25290413,110,394929,955,62623913,938,15727401,284,1272860,10,173317,20,37383,91,850303,92,1478149,4,38426,29,1218004,1229,1314462,142,81537,313,4641707,311,1912049,1829,117641722,302,787163,77,102211,535,135284,39,72380,652,874512,772,1971550,21,5336,22,88766,45,57368,282,166789,69,172245,3,5615,607,298119,1156,5288808,39,982876,18,211482,87,617606,13,64741,224,7077757,119,826189,10,84840,14,125981,402,6027447,162,3209697,129,791404,211,6829797,226,4602176,122,639311,113,69548,112,26207,296,6015932,236,2439500,136,380967,297,2518628,179,1531476,117,-854639,297,676837,12,111372,10,6032,1,26085,24,70077,128,2236274,85,285687,870,5836057,16,78680,829,343921,36,150874,245,6833511,18,307838,15,148032,5,216748,27,106696,1052,927,573741,78,18598,193,86399,906,505940,5,135006,3,11930,32,1258050,25,2413133,1689,251100763,28,1633102,1708,253295033,1731,254930909,630,31263712,1090,150261553,649,31627000,1123,149898265,130,2347464,119,1359346,26,120033,21,132139,363,7557756,215,1375400,5,45928,526,4622204,1012,5421847,434,1687180,1561,53179240,1722,227751474,1788,27088966,228,3986334,1826,23096014,21,687072,34,1658506,1009,30118930,1028,30980221,800,412525,
Male,SA,h. Accommodation and Food Services,1419,1410,66685738,1157,11784266,629,867996,27,44653,629,912402,1016,11927660,36,128798,902,42477470,888,9290950,261,751299,9,38606,18,92671,69,585137,33,524703,2,52873,8,402254,904,380195,35,22051,86,609418,86,212543,1414,69949564,299,669660,52,95117,590,207338,43,143542,609,478382,716,1594039,12,6838,3,17482,11,23604,274,89757,69,210143,15,3617,476,135856,937,2879837,29,708600,5,59429,18,199138,5,367350,74,1172972,27,39957,10,64392,8,61957,115,1937389,62,1473903,48,403345,80,3666088,86,1944679,37,99087,30,49684,27,2603,112,3135709,86,1346156,38,194590,112,1353561,68,792666,45,-551264,113,241402,9,43201,8,17978,0,0,9,79499,42,658447,28,137754,872,3257564,6,23541,820,366075,20,28581,97,2598682,5,133898,6,58016,6,39146,10,28600,467,395,203295,48,8942,61,25988,406,186248,2,6217,5,16083,96,784310,10,101898,1292,109678236,17,82624,1378,110579233,1391,110432133,169,920410,439,35481874,165,845711,441,35556573,83,1419331,167,1284202,9,41861,27,209118,293,8478666,117,840441,5,53054,425,4434944,883,3999050,459,1514127,1081,33889881,1236,91721338,1405,19168604,58,1144676,1407,17984139,14,553653,13,541171,961,20980511,969,21254100,765,268291,
Male,SA,"i. Transport, Postal and Warehousing",16516,16476,723563496,13981,108957264,6228,6945220,249,283409,6231,7226488,12405,107227522,155,463907,10894,473782705,10666,95193771,3543,6740887,58,300595,261,516963,576,4751266,253,3843433,7,39967,33,1359432,10398,3239655,302,153993,734,2275814,720,909959,16496,751379038,3554,8154700,563,828168,7692,2290249,448,1133247,7415,5927515,8837,18333879,69,23519,38,63546,78,132958,2030,616955,332,406713,44,25197,6564,1445404,10754,25681887,453,11168151,55,810563,271,924337,19,371835,481,7616284,230,442980,150,1926801,30,335300,958,9519896,415,3771160,350,748802,553,7941391,682,8374642,249,1018632,218,183194,220,188542,876,14620338,720,6715896,358,916666,874,5695152,498,3200424,381,-1907801,879,1292623,79,704456,36,37578,3,51007,73,433470,316,4032030,192,591287,11161,25273640,31,116972,10869,4734885,226,80245,550,14433592,43,894602,25,212883,34,548499,88,387135,4203,3093,1284751,906,111626,367,116120,3749,1280256,25,497641,32,720613,733,9103350,300,1969162,15594,534437266,146,2569930,16281,544128276,16396,546702749,59,1185694,631,12180211,63,1026143,640,12339762,946,14189187,99,677713,16,63613,514,4223569,611,4315237,561,2587031,20,109056,4285,46093887,9379,77176663,2650,8592714,13564,145089157,14806,315467098,16339,231004558,380,5271496,16367,225685158,45,1208418,118,4178445,13223,225144504,13261,226629712,10336,3222556,
Male,SA,j. Information Media and Telecommunications,1100,1096,69109836,946,14521846,793,1256701,42,56839,791,1311611,863,15107793,134,505420,733,43320820,719,11178776,204,385481,13,161450,19,76733,67,520825,30,513788,7,111544,16,701890,807,616409,68,63646,191,1321559,189,555460,1097,72916462,183,446737,77,186610,251,53197,26,41936,487,671070,552,1399550,19,5080,6,6028,50,40250,223,901040,33,34885,0,0,402,181198,784,3725952,17,378460,6,41025,42,356173,5,742,131,1411394,88,101568,12,107156,6,6019,167,1830041,98,641157,82,117149,126,1505798,115,816192,136,616080,116,287254,106,82415,95,1449172,69,643287,39,94309,96,617261,53,325685,44,-231370,97,94315,6,15750,0,0,1,25602,23,207121,79,1016018,49,139795,688,4361300,13,53242,523,215702,26,18799,317,8731245,23,447747,2,10774,14,109550,33,120980,626,525,284880,55,18006,126,45042,515,257844,12,101217,3,74913,99,1511294,6,123951,965,38831324,30,458135,1042,40191307,1071,40649442,24,515942,161,2855973,21,266369,169,3105546,109,1450041,12,20660,7,26562,7,55714,110,720197,31,54547,1,110,341,3284441,456,1802824,116,154987,808,7875184,910,18550813,1083,22102359,104,2908235,1089,19182214,15,261491,14,682589,663,20440485,669,20642456,564,279390,
Male,SA,k. Financial and Insurance Services,1200,1170,107492006,1006,29582057,886,2106695,55,109248,886,2215933,937,31081539,55,223154,740,66314616,724,18418467,200,1077978,8,47198,11,149754,29,252864,52,783772,2,83824,26,1402535,880,1576140,258,564828,461,5804460,458,2364888,1194,118386695,255,888070,74,199257,366,97593,21,60560,566,821204,628,2066684,34,13078,30,101560,94,609783,291,259369,73,194025,0,0,638,507844,983,7138059,28,696096,27,281945,116,1048365,20,371922,305,17934982,155,2448343,7,279830,9,179110,376,13286364,186,4763069,153,1346966,269,14251406,290,10519388,183,1020325,170,473606,152,38067,325,8754258,273,3766662,204,776020,326,3887753,165,1780787,160,-1456964,326,323823,18,179941,5,1445,0,0,25,393848,134,2920490,119,404654,433,4886403,22,121538,380,152197,22,85811,109,3414597,5,66059,1,2399,4,22336,16,73924,925,870,607418,74,23834,327,154571,776,476682,1,94815,1,899,19,414950,0,0,1008,633442165,4,187007,1025,633765822,1029,633952829,427,51754565,525,595138802,403,53133428,597,593759939,50,656302,14,114605,0,0,4,20209,34,294887,156,1272233,9,59184,214,1289252,243,1113832,49,144715,797,31613540,1052,630327887,1103,8507710,256,10327829,1179,-1820119,18,900452,73,5431733,388,17856125,453,20777466,386,225216,
Male,SA,"l. Rental, Hiring and Real Estate Services",1184,1167,102697737,1044,26643770,865,1909675,51,128930,864,2037923,948,27556114,33,92011,518,40186972,507,11125576,149,847868,6,82448,12,103156,27,277676,51,749906,1,88680,21,1395972,851,1857184,152,250592,367,7615697,365,3064288,1180,111521589,160,658500,51,146704,266,64469,16,27879,343,437465,419,1335017,21,7153,19,88346,64,236238,218,358131,72,94135,2,638,382,315426,828,7018846,14,429513,11,190840,78,1218786,80,3627586,365,18672717,128,1249978,3,161617,7,418438,146,3078753,121,8017983,106,2978843,172,22521210,197,7814949,119,284170,102,96882,88,15430,315,8814787,211,2877284,157,535969,308,3456680,206,2916732,107,-971878,317,1944854,8,141977,11,10219,0,0,29,361232,180,4167493,90,413141,698,5038032,20,127364,476,194153,17,73009,66,1455032,1,40158,6,84525,3,19506,4,20527,881,797,641843,65,25434,237,143030,724,524247,2,10050,3,43590,11,253197,26,78483,1107,55170007,53,3233666,1091,52321661,1124,55555327,31,1586039,59,2356414,32,1990710,66,1951743,47,576897,22,122483,2,13003,19,327682,61,874309,239,3235411,5,41467,516,7733129,458,3095941,264,1703774,858,14968891,1059,34644730,1086,21325331,99,2165013,1099,19160318,50,2227947,131,12345359,629,19834575,720,31080941,598,359929,
Male,SA,"m. Professional, Scientific and Technical Services",6811,6784,623496052,6124,161071053,5150,11584451,309,456253,5148,12035905,5608,166214604,543,2401751,3606,263970741,3481,73490316,728,3120356,74,2018351,117,2524474,207,1819554,310,4577399,23,527040,228,18093403,4846,5985518,710,1057700,1609,18299670,1592,7124359,6798,660657943,1117,3035141,332,656235,1347,292573,149,424837,2478,3776898,2800,8185684,136,59307,91,255974,356,778929,1787,1968652,376,1028792,6,2566,2632,1585514,5100,36438429,121,3286502,74,1045902,390,3719445,66,-998742,1168,27776278,704,3301342,58,2012249,33,2398125,861,9723817,750,18474250,662,5823211,1031,43623940,1078,25924155,808,6725532,717,1833327,664,769730,1248,28037239,977,11737966,636,2098463,1251,12879124,708,6056159,547,-4734473,1259,1321686,50,264516,59,128097,1,871,112,835700,1041,19972212,491,2579568,4676,70208097,199,1191493,2617,1058931,162,761994,1013,28797966,51,846085,19,189014,34,274207,95,394917,5063,4442,3179512,485,212325,1488,741257,4145,2650580,10,90786,14,683702,242,5847329,41,1012896,6217,469776336,72,7438803,6423,469958095,6470,477393861,116,1915821,723,19328515,107,2042357,734,19201979,509,11677571,311,3680305,51,633102,34,171122,708,10759739,492,3531149,8,19923,2159,14861778,3481,15486409,775,1633477,5541,125123249,5912,206778823,6650,268732823,593,8767310,6767,259979811,69,1558041,129,7132069,4719,245640117,4773,242632121,4084,2452348,
Male,SA,n. Administrative and Support Services,6072,6044,260090477,5045,39714632,2868,3283634,103,131956,2869,3415587,4297,38851855,113,324661,3300,126395752,3179,25556238,947,1378191,28,244774,54,334466,346,3269350,200,2863108,9,114828,41,2094531,3720,1760460,227,154583,491,1895389,477,751873,6057,271287433,823,1973489,202,362139,2066,589697,92,189591,1924,1504491,2470,4619407,57,15322,17,27671,72,199681,723,381115,161,326160,1,55,2078,632514,3740,10384705,127,2462929,18,289418,136,748025,25,298651,392,4027648,198,278480,55,726218,15,146006,399,3396743,261,5114043,204,1392338,336,12100894,404,6825518,207,463266,181,149929,178,52408,501,8489550,402,3234297,211,485332,500,3438520,296,2268070,206,-936669,503,1331401,44,386366,20,18087,1,545,59,195986,309,3752241,194,424364,3906,14347282,40,183546,3863,1760447,61,417791,369,8793206,32,505603,35,298891,14,91975,44,161245,2367,2063,1196868,229,50563,247,86036,2181,1161396,3,21427,6,65550,244,4623270,52,380916,5734,237570080,88,1577539,5919,241132899,5990,242695903,53,343599,875,12194472,60,418424,880,12119647,619,14803828,187,1137350,42,110964,38,132716,263,1247790,362,878770,4,5325,1834,14469860,4039,22323114,1420,2595493,4983,58383221,5318,128200148,6015,114572155,209,2303216,6042,112154065,47,714918,69,1665789,4688,106520608,4710,105532899,3546,1461734,
Male,SA,o. Public Administration and Safety,320,319,19191901,281,3695993,190,298479,12,17439,190,315918,248,3761453,15,50662,185,9254456,175,2196087,62,151136,2,21982,5,5734,20,131545,13,192056,0,0,10,571198,210,128678,11,2863,33,251653,31,95599,320,20315061,66,192886,9,1856,107,29150,7,13878,122,137415,140,375185,4,2892,2,27,4,10930,53,13311,16,43772,0,0,124,41476,219,909207,14,352233,1,6173,20,130120,0,0,11,121238,7,2421,1,-2271,0,0,10,42608,15,371331,15,132882,21,789321,25,486917,10,5897,9,792,9,91,45,596655,36,283704,25,39952,45,270605,25,146593,20,-144199,45,2394,9,22344,3,3560,0,0,2,53810,32,410888,6,10726,238,1506549,7,46550,165,65444,6,5147,31,726839,3,66585,0,0,1,5346,4,19340,155,132,82478,22,10841,28,9360,142,83958,0,0,3,57966,6,191292,0,0,311,20771735,1,6053,319,21014940,320,21020993,15,161510,51,1996662,16,177096,51,1981076,17,361908,16,355718,6,12390,0,0,20,120333,27,84183,1,8075,89,705843,229,1447427,55,67404,280,6881176,290,12025533,318,9016601,11,188013,317,8828588,2,45236,2,6235,265,8451607,266,7925761,218,108670,
Male,SA,p. Education and Training,1785,1777,108542089,1547,21769878,1243,1876704,56,81182,1242,1955582,1409,22011820,150,527744,1066,58773117,1013,15036102,277,686113,23,437203,20,333613,103,785300,80,1129476,12,137586,67,4042154,1218,1039417,115,85272,290,925658,286,390881,1783,113844307,300,608437,96,153976,502,127361,57,114421,703,928623,799,1932818,37,11575,11,2175,52,61742,426,247976,39,64866,0,0,817,362694,1255,5074068,49,1210431,14,218885,120,1079952,14,-100177,226,3583992,137,217949,17,368987,4,11216,184,2035914,150,2321854,127,536130,207,5109183,196,4050673,165,617135,138,194057,133,56755,268,5365898,210,2319259,141,374910,268,2223088,153,1209636,117,-760995,270,448641,35,211573,7,1762,0,0,26,305359,155,2137935,81,245875,1207,5731651,64,353478,891,377781,42,279134,424,12316650,28,535543,7,58865,9,107384,24,111875,1171,1023,669051,86,28553,213,81291,1031,616313,7,49479,16,105770,61,459704,15,270064,1655,65248893,12,211056,1724,65922854,1732,66130835,21,184541,103,3240804,24,249401,105,3175944,110,2473357,38,147835,8,13614,4,51722,195,1527585,75,187113,4,14863,515,4060519,992,4737296,172,281333,1470,13817380,1556,30491561,1758,35638037,126,1529659,1774,34110443,15,254805,27,823902,1277,33461260,1283,33517320,1076,521311,
Male,SA,q. Health Care and Social Assistance,4566,4561,1036549420,4352,363812488,3994,20297036,213,424433,3995,20720488,4215,379560130,416,3061692,2631,322186807,2505,110637846,823,2455265,34,245648,45,162182,140,1076950,78,1080338,7,115187,46,3720213,3316,5941935,599,1005102,1274,9154021,1269,3778712,4563,1092301571,687,1877552,239,715968,838,195797,181,918699,1609,4642258,1801,8350274,95,15552,78,640585,278,1233419,1341,3208754,558,1327321,4,4274,1463,1475020,3796,55541799,1190,31156225,23,843564,505,25260695,37,-1196040,1058,48572417,625,2499679,14,454608,22,1927562,172,2767398,624,16499066,603,6039474,866,317078112,738,28978987,731,2572938,684,988790,675,315556,1146,31750147,900,17241368,661,3063774,1149,15687537,520,4594475,632,-8837008,1155,-4242533,54,635947,81,174809,2,66899,117,2134523,1232,26627537,1232,12629377,3977,241328389,46,266081,1054,426136,82,558810,662,24632977,30,656033,7,53623,25,217327,119,539785,3732,2740,1952809,242,107825,1663,1088605,1713,972028,8,138008,7,810955,80,3371571,49,5480282,4413,1242572004,33,996467,4486,1251456804,4512,1252453271,44,2173456,278,23853310,44,2200732,283,23826034,273,23364718,461,6338680,14,86408,25,602392,684,19993024,602,8957806,8,34672,1498,14106140,2905,15863742,502,2119532,4145,467777675,4267,583127114,4511,669664725,118,3200207,4524,666464610,60,6372407,119,10819495,3784,620565632,3812,611891329,3614,2898594,
Male,SA,r. Arts and Recreation Services,2690,2677,171215961,2312,35801642,1959,3109403,99,142148,1960,3250036,2117,37130543,312,1046388,1774,106076992,1709,27043312,472,1141830,20,162288,32,400419,191,1605791,100,1507158,10,102438,64,3985522,1921,1413910,162,145824,410,4417626,406,1615252,2683,178716566,500,1330241,151,308208,761,189804,70,165780,1136,1867531,1332,3861564,42,8883,21,15115,90,141513,641,634862,88,94228,0,0,1212,571863,1960,7173704,57,1442684,28,438256,163,1256934,14,186341,379,6746913,235,535128,28,214038,7,431374,483,5893507,224,2563479,186,491922,310,7821106,275,4912649,290,1712666,261,724168,249,148984,335,6965264,257,2830687,133,487051,333,2991695,199,1760034,138,-1104203,337,655831,26,145268,6,47992,2,14426,45,517194,135,1562072,85,261024,1634,7657759,51,285515,1281,544645,51,96806,750,21623488,44,837782,18,134651,16,268066,86,354041,1684,1478,879522,114,36484,322,131349,1454,784657,9,67277,21,1584297,125,1153457,28,283216,2439,95050592,47,1536263,2525,96603851,2564,98140114,85,1478979,336,5273213,93,1583234,346,5168958,275,3969539,57,307753,4,42682,21,209863,409,4241285,105,320001,1,266,879,4384324,1375,5357302,368,944212,2211,31331354,2388,56277539,2632,41543054,313,5075250,2673,36467804,40,1177104,42,1789887,1658,39389452,1683,41483217,1409,627360,
Male,SA,s. Other Services,3709,3679,198513631,3123,37134834,2414,3383968,128,181311,2413,3562883,2776,38007759,98,350140,1575,89534053,1517,22836429,521,1834277,15,174301,34,144834,184,1701117,130,1954714,2,34858,33,1481079,2412,1848994,192,121915,450,1659687,439,667925,3698,208681456,453,1227446,129,316937,980,274937,60,129903,978,1365885,1212,3315108,82,28698,19,11275,71,68852,492,267140,162,284825,6,1026,1208,479755,2211,9611185,50,1179596,9,116793,113,889929,24,442903,285,4543146,135,257728,19,459526,15,115497,375,3497705,196,4097207,163,816161,253,9152407,296,4413357,159,531660,134,352335,129,53565,493,9462778,386,3620927,219,556456,492,3798801,293,2586292,202,-1099698,495,1486594,28,319901,30,47263,0,0,25,130999,308,4611194,172,540779,2346,15407110,26,126922,1982,866499,46,160905,270,6365317,20,339632,69,700140,10,68282,23,104097,2007,1803,1096510,155,45575,277,112940,1823,1029145,3,33387,7,202240,90,1818271,64,716374,3537,289880294,50,2034653,3606,290601271,3637,292626066,357,6055759,1299,66406741,376,6609850,1309,65852650,323,6786876,241,2087540,35,102056,22,184935,814,13928758,403,1491072,8,19031,1367,14269064,2561,14623201,893,2063323,3241,77909924,3440,199318430,3667,93183284,220,2391734,3685,90777170,40,935289,43,2062535,2691,89276217,2707,89226571,2119,1182035,
Male,SA,z. Other,719,705,67001745,603,19358198,502,1296152,39,76612,501,1371700,548,19999779,44,166036,404,30334417,393,8294073,129,730696,5,50989,15,48984,44,425515,39,539451,0,0,22,1357735,495,824055,60,54373,127,1383352,125,586228,713,72659160,139,511982,48,130753,235,77028,26,71911,290,461664,329,1253338,16,4673,9,5628,30,107471,154,277405,47,126703,1,300,282,158170,522,3686307,19,489284,1,19416,36,377874,13,512306,102,5298469,46,189715,6,216010,43,1370262,259,4341696,59,1848064,54,593633,79,3932696,107,3572624,49,263764,45,162080,43,19336,127,4148689,91,1427800,60,305420,126,2192906,76,1005042,51,-782479,128,222563,6,42347,3,2567,0,0,14,289966,68,1450603,58,301949,264,9524104,18,114255,266,94967,19,6957,75,2411156,9,94283,6,33924,5,166826,4,11935,454,387,263285,43,22422,109,59232,366,226475,2,10119,0,0,21,297267,23,643956,383,357314783,43,36660695,373,321590423,404,358258886,116,17741888,182,205080958,116,30286041,185,192536805,36,4831339,61,2561129,8,2461491,17,2053257,76,3641142,94,2710299,4,740705,287,12284859,278,3249711,156,4562762,468,100322912,572,331956404,617,26386612,170,3941348,713,22447685,12,908194,17,880197,260,24014373,277,24163039,225,149243,
Male,TAS,"a. Agriculture, Forestry and Fishing",1786,1705,102096370,1356,25227293,1068,1984737,87,151480,1065,2132906,1161,25210029,29,105130,854,63596762,833,17168294,261,1345818,7,64611,14,158487,42,456115,119,1893572,2,25320,46,2072064,1182,2715893,190,487663,477,5967302,473,2292960,1779,112895468,168,651796,69,195449,561,148362,16,24285,479,682353,672,1702245,28,5540,16,37491,50,349578,232,278540,81,112224,2,671,494,314691,1037,5339610,13,333890,16,140139,126,1009330,74,1474584,243,6948773,113,640780,6,83146,213,10827091,88,3321331,157,4145213,112,1079665,201,14503424,182,5819842,111,640668,98,266697,94,67028,302,7626424,159,1871458,119,241101,299,2991587,224,3033005,83,-510727,308,2522278,12,43011,6,8864,1,2587,17,254910,102,2191025,74,346315,667,6307248,30,125653,655,269673,18,23030,62,1425070,10,214084,14,139229,1,8227,2,6051,999,908,766176,90,46333,195,102885,895,709624,1,40200,3,214288,21,397086,471,1493837,1638,191692579,1223,143738706,636,50099284,1668,192097990,876,39900396,700,31650443,893,41890698,985,29660141,422,7557804,127,979034,8,100208,79,1974487,109,1593167,538,8413158,8,88835,1121,25817310,1106,7174443,1097,12344750,1633,84075865,1704,179779202,1752,12642069,226,11190907,1769,1451162,38,1969515,21,1521968,848,34414552,881,35168358,639,390704,
Male,TAS,b. Mining,11,11,1075173,11,255574,10,20820,2,2413,10,23233,10,270741,0,0,4,369222,4,106186,1,2075,0,0,0,0,0,0,0,0,0,0,0,0,9,7674,2,1726,5,17598,5,7541,11,1119085,2,6755,2,4100,1,150,0,0,2,1254,2,12259,0,0,0,0,0,0,1,10,1,759,0,0,3,884,7,43912,0,0,0,0,1,1900,0,0,0,0,0,0,0,0,0,0,0,0,2,2992,2,312,4,510483,4,87544,1,58,1,58,1,14,0,0,0,0,0,0,0,0,0,0,0,0,0,0,0,0,0,0,0,0,0,0,1,25000,1,5000,9,182883,0,0,4,1772,0,0,0,0,0,0,0,0,0,0,0,0,8,7,6460,1,1777,2,392,8,7844,0,0,0,0,0,0,0,0,11,1375616,0,0,11,1375616,11,1375616,0,0,2,18494,0,0,2,18494,2,35938,2,22004,0,0,1,1567,3,47150,2,3647,0,0,7,75783,9,68055,3,7047,10,385733,11,665418,10,710199,0,0,10,710199,0,0,0,0,6,895292,6,496797,6,4289,
Male,TAS,c. Manufacturing,882,874,50375018,729,10417703,583,902405,39,101586,583,1003991,659,10823370,22,97150,409,23406410,398,5815439,144,381026,3,36873,9,47521,33,348454,44,617833,2,10594,7,267231,546,478771,54,22386,159,527778,158,214972,878,53311361,128,356433,35,103222,266,74069,9,12026,259,394601,325,940351,20,6216,0,0,10,40598,151,42482,38,75554,0,0,312,94779,568,2622754,9,181414,3,34761,52,367681,0,0,73,3678949,37,795254,1,16355,6,62289,111,1627013,50,1714051,41,390808,67,4297744,62,825796,47,487221,34,206045,36,26840,118,2415821,82,762491,44,94234,115,951682,81,806074,37,-198660,118,607414,8,57201,8,14698,0,0,6,21653,74,1173271,48,217026,521,3698577,6,19878,413,182599,13,34594,82,1755178,11,291279,24,230536,0,0,4,16883,459,416,282839,45,17557,77,29603,426,270794,0,0,0,0,14,443219,30,155673,857,72914233,29,2084343,850,71428782,868,73513125,143,3988129,408,15581865,144,4041295,415,15528699,116,2558254,55,372170,6,19670,13,74472,144,1499068,130,531905,1,552,434,5150435,629,4011333,244,570826,794,22707793,848,53025177,873,20248664,85,1787571,874,18461093,9,199051,2,85473,599,20866410,603,20273010,486,269262,
Male,TAS,"d. Electricity, Gas, Water and Waste Services",24,24,1237966,20,216115,15,20778,1,911,15,21690,17,212967,0,0,6,346563,6,83949,3,2146,0,0,0,0,0,0,2,30044,0,0,0,0,14,18772,1,9,7,550,7,234,24,1285869,3,9142,0,0,5,1180,0,0,4,4471,6,14793,0,0,0,0,0,0,3,1149,1,2626,0,0,8,3936,13,25628,0,0,0,0,0,0,0,0,2,166716,0,0,0,0,0,0,1,18866,1,14434,1,4215,1,28868,1,25675,0,0,0,0,0,0,5,43138,2,9116,2,2223,5,19011,4,13431,1,-643,5,12788,0,0,0,0,0,0,0,0,0,0,2,3124,16,96731,0,0,14,4751,1,8295,1,12142,0,0,0,0,0,0,0,0,11,11,6970,1,357,2,1158,10,6169,0,0,0,0,0,0,4,27735,24,3326537,1,4000,24,3350272,24,3354272,0,0,7,201707,0,0,7,201707,1,9608,6,33466,0,0,0,0,1,998,7,50232,2,3282,12,464897,18,352382,12,131320,22,1440690,23,2688582,24,661936,3,22188,24,639748,2,161356,0,0,22,660218,22,809438,16,9303,
Male,TAS,e. Construction,4960,4904,274756798,4245,51767743,3468,4840778,180,274381,3468,5114615,3870,53083996,62,140683,1840,87419389,1793,21295870,682,2033996,23,84543,82,358206,162,1363229,140,1973827,8,47899,25,678586,3091,2080080,206,159608,697,1857625,677,698287,4947,293389756,471,1757692,143,441466,1136,319126,39,73116,1070,1488372,1334,4079772,92,36121,12,20511,36,40209,792,281696,415,989361,3,1243,1551,598813,3113,13541838,27,531636,10,75201,108,698685,41,332972,339,7989875,145,997244,14,479546,25,244834,327,4729084,261,6100172,227,1316935,325,13529166,342,5082456,144,399471,126,101494,122,51478,719,15559371,539,4941817,272,674395,718,6009859,505,5053104,217,-1119804,723,3933300,35,274730,28,40027,1,600,65,962105,489,6121832,402,1368619,3471,31418309,12,41028,2577,1080326,101,172045,202,3540584,22,271307,207,2013125,5,29692,16,48107,2331,2138,1463200,175,56881,379,153562,2154,1366519,3,109824,13,520331,63,1802667,273,3454998,4795,570077063,61,2108186,4849,573898169,4869,575964883,170,5518377,1750,102366786,186,5850168,1763,102034995,1025,51118289,447,3581820,52,219893,36,198554,200,1500061,989,4073836,15,43998,2358,43904042,3871,33196323,1237,4110229,4531,158028391,4708,402153195,4871,172170994,259,4037238,4911,168150666,62,1485463,40,1595219,3969,171656684,3990,167509863,3307,2164669,
Male,TAS,f. Wholesale Trade,143,140,9129764,117,2068564,86,164160,7,8939,86,173099,100,2115879,2,3547,57,3527260,53,882062,23,100262,1,21103,3,22422,2,31968,14,210425,1,111,2,66165,97,89166,11,6396,29,176254,29,75036,141,9841233,18,71059,6,8134,36,11862,1,833,34,27965,46,119853,2,296,3,161,3,7807,32,13493,5,1862,1,143,44,21866,88,400763,2,86624,0,0,3,14563,3,-93646,20,179588,7,3086,0,0,6,127911,19,164856,16,268511,12,50304,24,1707355,20,536349,10,6127,8,2686,7,525,21,440391,14,113074,9,15765,19,147393,17,176388,4,-12229,21,164159,0,0,0,0,0,0,2,2859,12,219765,7,15251,80,1143827,2,6616,52,22973,3,2974,6,61312,0,0,2,18048,0,0,0,0,74,71,57247,5,1614,15,8601,65,50260,0,0,1,15362,3,70479,16,37422,140,20683812,20,2968740,125,17838335,143,20807075,46,2169017,80,9621240,49,2097109,83,9693148,13,325514,8,69574,1,3951,6,38055,18,217983,30,132450,1,16862,59,837447,103,772601,50,297076,126,3639554,134,16044215,142,4783978,15,139564,142,4644414,3,26158,3,57707,91,4530772,92,4448538,73,46187,
Male,TAS,g. Retail Trade,575,570,35957403,481,7885322,353,618878,20,31026,353,649904,409,8055166,21,73102,294,17406058,284,4122638,98,262269,3,46460,6,465385,31,323513,39,619050,1,5386,7,175577,357,482057,45,22723,118,222683,118,86129,572,37786041,87,230649,22,48042,161,40974,10,13676,176,229847,219,563188,9,3483,5,2890,8,3714,120,99982,34,40081,0,0,189,67011,376,1796740,15,359183,8,73481,33,232703,8,-1161,75,2049853,37,153211,2,7467,4,39620,80,1339297,44,800022,37,222912,66,2855982,68,1110652,50,154426,38,46625,38,7662,78,2231813,53,560019,33,96419,78,886957,60,800402,18,-111984,78,688418,6,29679,4,4506,1,19012,11,34539,57,887003,29,119123,308,3131716,3,7788,255,105764,9,126566,62,1319387,6,106667,2,21019,1,11508,9,31196,273,250,188018,17,7055,61,30143,241,164931,2,1626,0,0,13,231389,11,523491,548,161871214,18,641244,552,162003007,565,162644251,225,20329588,362,105766004,234,20868074,372,105227518,37,580102,84,1012103,7,6284,9,65535,180,4937971,92,1125153,2,4514,206,2626005,340,1715666,179,860729,496,31208048,551,149369628,566,13541020,61,1348707,569,12192313,12,211798,7,523585,349,12606452,357,12812439,270,152886,
Male,TAS,h. Accommodation and Food Services,405,397,15790359,310,3375820,202,275729,12,15461,202,291189,278,3449443,9,21991,233,10719005,222,2330725,71,194374,5,14703,5,6251,17,133428,16,263429,0,0,3,146601,269,170326,12,4011,48,295162,48,106571,403,17020176,74,143746,20,16422,134,36548,8,10622,131,137023,169,344361,2,1053,3,450,1,562,73,42665,29,69166,1,1,124,46072,250,812071,12,235033,5,59219,23,263871,3,-1164,31,721543,10,5718,3,77371,0,0,22,510564,22,790297,18,238515,29,1801981,35,899874,17,42424,15,7737,13,6034,56,1483144,42,590517,21,70041,57,604923,35,447469,23,-229806,58,217663,4,7171,4,2268,0,0,1,6187,21,273184,5,32341,238,1035992,3,14659,210,82046,6,382,26,460171,7,138861,2,24367,0,0,2,5946,178,152,98480,17,5798,33,13832,155,90446,1,120699,1,16082,21,151025,18,167058,380,49202882,13,87630,395,49570116,405,49657746,67,652168,175,16413310,61,669957,176,16395521,34,474538,85,795476,2,7504,7,45425,117,3294538,79,640138,1,600,191,4568294,253,1089651,195,781096,347,18669388,371,46762169,403,3035567,17,441554,402,2594013,10,312569,3,134428,258,6607367,265,6588218,200,90741,
Male,TAS,"i. Transport, Postal and Warehousing",3749,3740,184887266,3308,30174781,1664,1768607,52,57742,1666,1826349,3074,30358374,16,56090,2941,145028173,2902,28165234,1216,1628052,16,30574,58,88533,85,753345,67,1168198,1,31701,9,399654,2486,796121,72,35385,217,458503,211,194978,3747,192711109,1179,2572703,186,190729,2316,776314,162,359773,2163,1669178,2572,5568697,16,25436,9,3621,9,7281,587,157129,66,122122,4,432,1848,384157,2913,7303531,147,3811374,9,124476,53,213774,8,-99143,114,660060,84,26597,18,105642,12,221238,192,2081566,102,694381,93,130602,159,2012200,205,2447029,78,178974,68,33009,71,1727,119,2482249,91,861316,44,122736,119,1098047,78,642996,40,-242846,119,400150,30,64964,11,6366,0,0,23,83422,57,870502,51,161109,2760,5255978,6,30624,2361,878242,55,11406,56,1436413,3,49291,0,0,3,162836,12,44954,744,477,254415,218,37638,61,22755,646,269297,3,34873,6,156879,285,3048802,136,752276,3425,115904175,85,1546434,3649,118369270,3716,119908039,25,470381,122,3074594,25,406465,129,3138510,357,3906461,51,448784,7,90964,62,495118,113,873919,176,1041953,4,11089,1074,12262334,1982,14946895,990,4284012,3086,38904818,3454,80404857,3711,39470498,105,1958985,3716,37496005,20,358099,16,236072,2847,39187160,2859,38934595,2418,589123,
Male,TAS,j. Information Media and Telecommunications,312,309,17572401,258,3337030,211,309119,12,15311,211,324429,235,3464053,29,96044,184,10123849,183,2510725,63,97624,4,15961,7,44160,22,179601,11,126886,0,0,10,399570,227,196118,16,6031,52,61566,51,26286,309,18427459,39,88794,26,38223,63,14622,6,1850,115,270084,134,413573,4,92,1,395,6,350,75,35061,16,27757,0,0,110,39517,220,838991,7,167319,2,12561,11,101851,1,-4706,35,378529,24,15154,3,13527,1,7914,57,755387,24,298100,21,69833,37,662659,37,262565,33,183134,30,84591,29,8975,26,554794,18,190535,9,5712,27,290286,18,148400,9,-80139,27,68261,7,20886,2,45,0,0,7,6952,20,295767,19,25449,178,1157372,8,35827,154,57048,8,1259,80,2315572,6,106905,1,15134,2,52002,11,33872,162,139,90860,18,6593,26,10762,146,86690,1,3035,2,193940,19,505353,6,320210,279,11235769,5,110240,296,12148067,301,12258307,11,94102,48,925512,9,81788,53,937826,28,318172,9,59722,3,23842,2,50743,34,191051,15,23677,0,0,105,755386,135,442650,42,67164,248,3270160,277,6140393,305,6021617,46,578667,309,5442950,7,170173,1,103912,185,5879760,187,5990850,151,84454,
Male,TAS,k. Financial and Insurance Services,237,228,18702216,188,5250009,156,362642,7,17098,156,379740,176,5506513,11,43469,138,11879777,136,3287115,53,235375,0,0,4,29131,6,43140,15,221488,3,52585,10,341099,170,381649,55,170361,103,2537663,103,1049542,237,21573028,46,151607,14,14411,74,22324,10,19285,93,135556,108,343183,4,129,0,0,15,1258571,63,37421,18,22909,0,0,110,86572,185,2304381,10,255064,3,41070,20,188668,7,-72632,39,1470550,16,153868,4,247105,2,4312,75,3118673,30,574980,23,155785,40,1403679,51,1415341,31,54486,27,26174,26,1823,57,2206834,47,628722,36,117432,58,982304,34,697929,24,-219553,58,478376,2,11847,0,0,0,0,12,200393,27,498244,20,55202,86,1062761,7,27195,73,25750,5,2309,18,425133,1,39662,1,7332,0,0,2,8514,152,139,99855,16,6182,47,21210,126,84827,0,0,0,0,1,42482,1,56240,200,118942390,0,0,201,119041112,201,119041112,105,12452694,106,111664868,94,10299142,124,113818420,12,95049,8,85479,1,345,0,0,9,94824,21,180339,0,0,31,320482,44,231101,4,6746,145,2286462,205,117119247,216,1809652,50,3330812,231,-1521160,3,69647,6,639135,79,3497926,83,3986451,69,45806,
Male,TAS,"l. Rental, Hiring and Real Estate Services",331,324,40222512,296,12426110,260,786032,27,43300,260,829332,276,12936022,3,16525,194,14956582,188,3985501,47,200865,1,5816,2,4836,4,34886,9,146391,3,45749,8,383221,206,793005,41,241646,96,1900364,96,679400,330,41946604,41,158567,8,11718,131,29914,2,5025,115,154696,159,359920,4,623,5,19095,16,61548,53,71197,28,79296,0,0,106,68175,244,1367659,1,17308,5,172569,30,292120,26,1329661,83,11039629,30,1261440,1,13294,2,34673,44,714054,25,2021847,23,786392,39,8513035,52,1315075,28,106410,23,36736,19,4320,76,2806824,53,738563,32,108894,74,959222,55,1156835,20,-156690,76,1000145,4,101124,1,2781,0,0,6,145886,32,641887,14,65232,188,1787234,7,24048,105,38367,4,60418,13,310652,0,0,3,38511,0,0,1,7283,219,201,159304,15,6771,72,40753,177,125321,0,0,0,0,4,53872,11,58882,321,23420842,12,603678,317,22929918,325,23533596,8,211295,18,524929,7,249148,20,487076,18,333689,16,219600,1,7201,6,79864,20,491216,112,2180485,2,170222,168,3527046,111,939491,92,853410,241,8347958,300,17637258,294,6160348,15,423866,295,5736482,16,1011692,29,2410395,163,5595192,183,8560145,161,101636,
Male,TAS,"m. Professional, Scientific and Technical Services",2134,2121,172967655,1892,41563402,1576,3165229,107,150941,1575,3315413,1726,42725867,151,619063,1132,76647928,1101,20908051,306,1119085,17,376598,34,793437,82,755093,98,1332396,7,78258,85,5027248,1532,2039777,214,258201,548,3119832,543,1255508,2129,183672848,316,716279,112,160619,450,98317,54,153553,732,999442,848,2128210,20,11425,23,33477,73,194666,643,538460,97,143171,2,40493,821,380544,1620,10446720,52,1369774,18,243239,149,1077872,23,349172,324,3757612,190,543457,14,848877,16,177728,295,2791642,208,4849995,173,1440981,294,11025453,322,9549639,248,1782321,213,575180,199,150235,408,9147101,280,2952132,166,440036,407,4280727,263,2398681,146,-924475,410,1474206,27,230599,8,1751,1,791,28,205841,334,6417973,140,540679,1429,18521837,73,396382,843,343828,44,299455,311,8279349,29,689765,4,37750,8,57450,30,96779,1446,1290,976977,151,73509,389,188671,1226,861815,4,23965,4,181103,65,1557451,25,422099,1960,141013477,23,852106,2020,142345989,2034,143198095,64,1125710,261,8120769,64,870587,271,8375892,179,5711420,105,1132590,26,212630,13,124499,233,3520302,166,643333,5,12468,733,4972067,1094,4796601,294,615590,1793,36670581,1918,66787973,2093,75867144,183,2352597,2110,73514547,20,178661,20,1330591,1451,70279474,1461,68523432,1252,727681,
Male,TAS,n. Administrative and Support Services,1573,1567,70532581,1281,11368917,831,1000860,34,47417,831,1048278,1099,11372581,30,109008,806,33379293,780,6955403,293,516072,10,100524,20,54999,120,1184594,67,1065068,7,42951,18,720825,980,531434,59,22203,213,536448,211,210610,1571,73322261,211,528222,51,91734,507,150111,17,27750,475,395965,610,1193782,12,13559,8,2256,13,17526,278,110524,52,70689,3,303,630,175353,1031,2627773,22,525310,4,23948,59,259302,12,-17979,94,908976,54,72638,9,252473,8,166765,142,1232622,84,1561799,71,419157,111,3488219,131,2408494,58,282162,48,145891,49,28857,145,2786042,94,791304,62,114133,145,1263327,93,812458,52,-195180,146,617278,12,38865,5,4977,0,0,14,22132,86,962208,50,80364,963,4309243,14,61667,906,400005,21,36752,104,2156545,18,329661,14,108264,5,180945,11,34795,613,530,335262,80,19681,69,24438,559,330505,3,21465,1,4759,66,1133087,34,371643,1475,69331466,35,905031,1519,69957389,1546,70862420,21,120493,271,6001758,20,121528,273,6000723,178,2864312,85,377096,16,13445,7,48969,81,420647,121,275605,1,116,566,5198436,1072,6080004,440,935971,1305,17878961,1399,40094285,1551,30658312,89,913081,1560,29694463,16,310783,5,289821,1122,28349895,1125,28025984,849,375628,
Male,TAS,o. Public Administration and Safety,78,78,5400201,71,1101164,54,90553,4,4071,54,94625,67,1135236,5,20255,50,3322714,49,858305,22,69514,0,0,0,0,2,7975,4,57200,0,0,2,99241,44,35777,5,255,19,56153,19,24059,78,5658278,17,38351,3,10749,30,8642,3,5053,33,39110,37,101905,0,0,0,0,2,843,24,6681,5,8358,0,0,31,17823,56,249826,2,37961,0,0,10,62681,0,0,8,4984,3,242,0,0,1,8250,5,24414,4,4820,4,945,6,21219,13,225829,5,7239,4,259,4,38,14,340775,12,124779,9,15933,14,156441,8,76413,6,-32791,14,43622,0,0,0,0,0,0,0,0,7,103857,4,10359,59,325567,2,9924,33,13817,1,3062,7,236748,0,0,0,0,1,5258,1,5951,38,36,24677,2,747,9,4414,35,21011,0,0,1,33830,4,17601,1,1182,74,6525768,1,33830,77,6544551,78,6578381,5,49400,13,1343572,6,63084,13,1329888,8,215555,9,100552,1,113,0,0,4,80324,12,28580,1,2259,36,580401,56,435548,15,24045,72,1934283,74,4731548,77,1818268,2,12122,77,1806146,1,2359,0,0,65,1863731,65,1813444,55,28780,
Male,TAS,p. Education and Training,354,352,20772170,310,3972485,258,366663,11,15045,258,381701,282,4044352,23,84096,242,12632554,234,3132023,84,372960,4,21640,4,28417,18,117614,17,208253,6,47994,21,1020562,247,158700,24,5489,68,245573,68,100082,354,21953419,63,165261,25,35908,129,36026,15,35936,161,242548,186,515679,7,568,3,379,10,2648,97,47971,9,8407,0,0,165,56894,269,1016166,14,355778,8,80320,27,153528,1,-6548,49,769594,29,53587,1,8555,1,6548,41,401742,22,65453,19,13724,32,145440,39,489995,36,273876,32,173395,27,4347,54,1128126,44,445542,24,57386,54,505611,34,288537,20,-168950,54,119587,5,21855,0,0,0,0,2,27,33,355836,7,21692,233,797625,20,80125,179,77634,7,46404,73,1738629,9,180774,2,13742,2,14589,10,54403,211,186,130836,9,1769,37,14718,183,117886,1,864,4,8941,20,150890,1,2895,323,11259354,5,18455,342,11404489,346,11422944,8,79378,27,177082,9,115264,28,141196,24,394446,6,31930,2,1200,2,3260,62,392094,15,30844,0,0,104,560155,181,829801,47,89737,276,3494857,301,5969520,344,5441124,25,312794,350,5128330,4,161765,2,78813,235,5083058,236,5213262,198,82269,
Male,TAS,q. Health Care and Social Assistance,1133,1133,247418720,1081,86003955,995,4816639,79,180228,995,4996592,1055,89757026,84,628984,667,68120277,660,29212517,447,15587730,4,19033,10,84154,39,263527,19,290426,5,44777,20,757391,810,1346046,125,204762,269,3461259,268,1437942,1133,260386219,161,430662,83,269123,237,61733,60,228630,421,1413195,472,2403343,19,2929,7,76728,49,270116,356,961699,126,250907,3,857,409,309378,957,12934573,320,7522097,0,0,71,716731,9,204994,188,3862964,127,248103,5,560224,6,2118823,29,651620,140,2752573,138,987335,189,8304769,159,4276308,167,736591,154,193076,145,66138,286,8604749,217,3959024,144,690390,287,4077108,156,1477099,131,-1598872,287,-121773,16,63992,15,27446,2,41052,25,330642,309,6632958,247,2018593,1017,56026758,18,59040,266,107751,10,89956,138,4689909,6,90768,2,3515,4,23726,33,159418,852,592,399297,79,28499,366,199694,397,228102,0,0,0,0,22,564045,19,276077,1109,268925674,10,188428,1128,269577368,1133,269765796,22,642517,97,9096209,20,1509108,103,8229618,59,3092304,106,1469533,7,9200,6,111041,215,5332845,102,1116562,2,12187,373,3192370,628,2995353,143,381787,1017,85001427,1053,110944227,1126,159042835,27,2586795,1125,156456040,14,1032471,13,1022615,975,149459414,976,146573550,920,730529,
Male,TAS,r. Arts and Recreation Services,1004,997,60288240,851,11668717,724,1082373,46,66241,724,1144307,781,12013839,130,417234,670,39573716,649,9933057,197,519968,3,60823,5,120551,59,515798,55,783171,3,12902,35,1413016,683,597982,56,52478,191,514105,188,207081,1004,63126578,182,404003,82,137585,288,65327,18,14421,449,707653,518,1328989,14,3572,2,428,19,7007,272,125819,23,49930,0,0,494,178888,766,2639877,28,717953,9,118454,82,455045,9,113590,130,1816411,69,155683,6,84733,6,65528,216,2488170,71,584443,59,80719,101,2106512,87,1386297,97,947081,87,414868,78,95633,115,2188046,78,670769,42,92044,112,878224,78,707204,37,-160195,115,547009,14,189970,2,20664,0,0,18,118542,47,869026,32,74713,560,2360010,27,111614,469,193265,6,91564,305,6949534,31,540825,8,76010,5,48558,42,190175,538,479,323047,39,17790,112,47741,476,293096,2,37416,1,3105,35,353018,12,183230,912,33622371,17,913010,937,33276277,948,34199287,61,962294,143,2615611,65,791638,157,2786267,123,1294809,18,85140,3,15799,5,7278,156,1221500,44,93319,0,0,365,2280851,479,1834461,133,280776,828,10581615,894,20481815,976,13469216,168,1903442,991,11555774,18,506399,10,627881,595,13704879,601,14303809,490,214401,
Male,TAS,s. Other Services,1172,1163,58286315,966,10775734,743,1010428,42,49934,743,1060362,858,10973214,28,67661,499,26704586,489,6430288,178,500014,6,76993,18,213055,62,630830,47,668778,4,15006,14,447713,754,552337,49,31238,189,587335,183,234018,1171,61509836,140,390826,29,30689,315,84238,14,23652,310,433830,384,963235,26,10676,3,551,13,28235,200,74926,47,122919,2,2,413,120716,721,3038446,12,280383,6,94384,49,266010,6,-34682,66,576212,36,35813,2,57327,8,120498,111,1824090,48,1069596,35,170005,69,4023474,78,1273427,34,152576,30,77383,30,1930,173,3133164,126,989283,68,98689,172,1398652,115,906087,57,-259547,173,646540,8,17442,3,2609,0,0,7,82347,94,1527025,61,190005,724,4765361,10,34090,615,266659,19,95177,66,1264709,10,197782,22,234133,4,22859,5,17013,563,514,358470,48,19089,79,33553,523,344007,2,33571,2,90867,28,518499,30,210172,1131,103979278,19,348343,1149,104484044,1158,104832387,119,1949939,438,24332170,120,1921955,443,24360154,95,1436867,98,863168,15,43234,6,89956,243,4454526,209,718928,4,14152,526,6558954,801,6388358,337,902776,1061,31054562,1105,76885635,1158,27822331,89,1863278,1165,25959053,10,212609,3,244015,855,28724055,856,27882517,669,367817,
Male,TAS,z. Other,702,685,52850032,572,16700095,487,1152796,30,42559,487,1195356,526,17444018,29,89889,410,32823234,405,9700130,150,1564318,6,106077,16,189845,39,483671,39,580154,3,46566,13,646324,456,540585,57,51262,164,1453420,163,561894,699,56650081,139,348300,63,181151,243,71502,21,62889,294,491561,353,1155403,12,1197,3,48529,17,54581,155,100730,32,55971,1,185,285,142513,503,2658025,28,748088,5,89989,49,359286,10,-120444,92,1537855,45,87519,5,312982,50,2133134,260,4356159,60,1666911,50,512282,85,4079840,94,1674326,50,545845,39,48815,36,21983,124,3472638,94,1338865,56,195462,123,1760390,74,727928,51,-550007,125,177921,8,61730,6,71658,0,0,13,484735,52,855651,47,241391,234,6872491,10,48131,251,93443,18,38132,59,1430868,5,119305,3,26925,0,0,6,21837,437,391,283202,30,17170,109,58880,368,241491,1,1868,1,31436,6,224684,29,339897,407,180358369,53,29443568,374,151512686,417,180954386,110,11051395,209,91535231,115,9724221,214,92862405,55,4489305,58,1312491,12,46590,14,1076106,79,2462696,92,2736888,2,3650,277,10544509,300,2430639,169,2316320,481,44664147,584,164945746,603,15325489,197,9240155,692,6085334,12,188911,8,471917,247,18607979,261,18386421,205,119243,
Male,VIC,"a. Agriculture, Forestry and Fishing",12175,11676,876655066,9123,267496473,7329,18035365,536,1005242,7326,19032266,7994,268639551,153,642927,5569,522273744,5411,158944481,1713,11515092,86,2317944,164,3430666,322,2823389,572,9668572,23,708886,112,6026384,8801,29365732,1987,4419849,4181,79364965,4140,32241285,12140,976256455,1362,5232953,509,1497423,3291,916659,86,174965,3352,4899146,4314,12721146,164,52768,160,1440071,555,4947100,2227,3988814,580,972662,5,146997,3374,4192822,7270,55774671,102,2602482,217,4845773,811,7188254,717,13904233,2347,94836848,1134,11007375,47,1927476,1409,109771876,436,12569423,1227,73553137,885,26134364,1713,333080769,1596,57204839,1025,11825593,952,8070167,875,3014501,2231,68095454,1217,19979304,834,3461114,2152,31658719,1504,22296189,740,-9299872,2252,12996317,70,519459,72,98496,3,83927,169,2682502,1048,23304287,646,3936074,4502,43668395,81,402569,4388,1850091,172,1041307,417,9665922,18,328312,129,1116375,25,218993,26,93338,6816,6017,5103381,667,290314,1723,1038437,5563,4355258,5,118233,6,168852,68,2006915,2885,15070144,10977,1591950796,8226,1301286556,3888,308030982,11091,1609317538,5985,398306775,4630,247065338,6058,408827010,6685,236545103,2651,50397897,858,5649409,42,433459,594,12553703,1177,29089113,3849,75493652,65,942635,7060,258696701,7522,56201893,7639,105396483,11135,725322271,11580,1556732529,11918,40499006,1290,103703733,12107,-63376248,318,18239495,325,25975032,5450,246305598,5806,261495768,4331,2775744,
Male,VIC,b. Mining,130,128,9328809,110,2197943,86,168667,10,16174,86,184842,103,2298910,3,13181,59,4346415,59,1239525,25,140180,1,6144,2,40337,6,59914,2,28267,0,0,0,0,87,197844,7,8738,18,138453,18,59329,129,9892750,21,74289,13,47630,38,12853,2,6485,42,59746,52,201003,5,239,1,4408,2,4606,25,7562,6,20413,0,0,55,26205,87,449977,1,49835,1,14256,7,50222,1,22663,6,60022,3,775,1,70000,1,8852,9,281332,15,962240,11,340465,19,1852055,15,376431,4,1300,3,1250,3,167,22,408964,17,283265,10,36939,21,205667,11,53484,11,-170391,22,-116907,0,0,0,0,0,0,1,2010,11,183727,3,1814,86,853836,0,0,53,21860,3,6192,5,85153,2,24519,2,14023,1,885,1,2441,66,57,37875,10,2940,12,4598,58,36217,0,0,0,0,5,167584,2,7407,125,10475744,1,65000,129,10585735,130,10650735,7,1068333,24,958096,6,1055106,27,971323,7,412654,2,31211,2,145502,3,19903,9,102615,10,160272,1,579,50,757019,82,554610,33,168251,114,3456401,118,6780340,128,3904429,6,343343,128,3561086,1,3376,2,53320,87,3591787,88,3504156,75,44495,
Male,VIC,c. Manufacturing,9968,9867,574945187,8576,112895985,6689,10044587,534,731757,6690,10773248,7703,117007744,357,1263994,4497,274047674,4418,70980502,1396,6137528,83,919081,236,1387010,338,2771172,267,4389834,15,419718,33,1128833,6393,4744792,505,572034,1231,5420722,1211,2199326,9918,603485196,1464,5358502,449,852620,2674,862610,127,374603,2932,4015575,3534,11463910,137,53490,36,40169,136,181125,1670,730582,554,1279180,9,10529,3433,1429294,6014,25315634,70,1707562,54,950993,332,2014985,61,-58091,758,11127762,436,870932,39,798947,70,2399031,1239,18549853,510,9519988,429,2477989,688,22044581,724,13997744,460,1744989,405,681593,397,123476,1235,25446464,967,11242762,560,1939715,1232,11383822,619,5965882,621,-5085716,1242,880166,66,578705,54,103940,2,34915,86,338437,668,8897252,367,1201528,6311,48180427,28,134529,5031,2161131,260,266233,751,19050863,42,641564,300,2798829,29,221055,64,244306,3945,3522,2139100,401,108625,820,308711,3534,1939013,9,403487,10,445562,155,3631654,157,2776175,9451,838557503,175,7336347,9507,838540535,9637,845886697,1028,26628133,4044,196105175,1066,26517632,4106,196215676,1128,37281008,579,4057127,60,278516,98,744165,1453,22006629,1072,3993155,26,93899,3743,46578162,6713,50352382,2193,5748989,8837,210454482,9369,578064251,9787,267964223,862,17025367,9886,250844534,72,1843678,75,3480052,6968,260642086,7008,256557468,5804,3420320,
Male,VIC,"d. Electricity, Gas, Water and Waste Services",504,498,26224195,428,4895075,311,436311,25,41488,311,477800,368,4978949,9,18938,189,10208502,183,2554099,67,279080,4,55599,7,43008,25,209190,20,390794,0,0,1,59113,291,201427,18,19253,54,308372,53,126687,501,27427169,55,159247,20,29326,112,31626,3,1193,116,141650,147,363042,3,2242,1,6872,7,7111,79,38247,30,75401,0,0,145,59445,269,1111496,3,133743,0,0,17,105784,0,0,31,653577,15,18652,3,23506,2,4328,20,304878,20,346274,19,87653,28,618306,38,528889,10,24376,10,24375,10,217,49,1061397,37,413209,17,71332,49,494714,28,259915,21,-177773,49,82142,6,43500,4,117,0,0,3,59448,31,520976,16,38160,338,2349264,1,5911,282,127476,9,51616,28,699211,4,72634,6,67048,1,177,3,13182,169,152,94631,23,5390,37,10507,154,89514,0,0,1,48138,13,492711,44,143858,489,46240047,14,524484,494,46338570,504,46924754,18,440326,106,7109221,18,399554,107,7149993,52,962245,29,224087,7,98813,14,149580,57,798595,70,311916,0,0,189,3512749,345,4303511,126,641355,440,14403256,469,32555695,501,14321935,24,507981,499,13767339,5,179669,5,375769,383,13040734,384,12967192,296,162260,
Male,VIC,e. Construction,65700,65340,3554892576,57807,650780678,44464,60550934,2836,4123959,44466,64649611,52427,664516339,1218,3739208,21641,1105880362,21119,289367076,7793,45389389,497,4093593,1596,8572140,2287,17708677,954,13911396,53,1681796,68,2444620,40500,26496234,2359,1817662,6018,24832135,5910,9882012,65518,3723512931,6785,30342719,2582,6706777,13063,4425732,699,1533607,12970,19750061,15761,62758896,660,302481,321,544132,541,681201,8562,2793993,5369,12748376,37,16934,18055,8285989,34604,151293517,176,3788666,177,1537723,1346,7111978,280,-1624214,3716,68951981,1724,4555007,222,5646413,169,3540379,3169,59688606,2550,54980258,2193,13119290,3335,120384377,4170,70694247,1760,5231230,1588,1464796,1541,863644,7893,157358799,6449,80892351,3319,11315559,7882,66960409,3798,31860466,4130,-33669985,7939,-1809519,296,3838043,551,1141617,12,128114,348,3414886,4641,54834711,2496,8282137,48392,384461235,70,351630,38029,16660990,1578,2064159,2903,61511736,161,2078235,2447,23769862,151,1203465,182,674690,22839,20658,11982269,2296,564761,4180,1497826,20829,11049204,57,1973218,95,5126689,994,38180730,1484,18085822,63466,6166401599,538,28879976,64255,6201162399,64558,6230541791,1730,150370843,22479,1066358863,1758,163646490,22572,1053083216,11329,481689966,4332,28217174,434,2686244,549,3430207,3231,26768270,7927,28637769,165,800295,24761,350465145,48958,417470209,13419,33607249,59686,1494619418,62065,3922101110,64969,2303463036,2355,53855201,65314,2249234737,379,10838456,646,28941154,52219,2155466508,52451,2122504918,44365,28637147,
Male,VIC,f. Wholesale Trade,2322,2298,138860491,1915,30265040,1473,2480462,107,157934,1473,2638396,1691,31157236,73,291745,999,69857732,979,18475400,281,1546628,29,382617,43,335006,85,695542,98,1621808,0,0,10,398903,1499,1883286,178,311438,427,3080783,417,1227153,2305,146845008,318,1198468,104,170002,534,164413,44,84208,643,887374,783,2504465,22,6046,15,21091,47,166549,388,240191,132,276780,2,2050,800,443081,1376,7081896,23,580770,36,430288,103,768980,26,-334840,251,8754065,124,632245,16,477768,49,1996984,314,7424338,166,3545679,139,994038,233,10222919,270,8388208,148,579039,123,263692,117,58117,418,9915527,295,4529987,175,593190,413,4294976,205,2645958,216,-2148584,421,497374,7,61750,18,14283,0,0,20,346793,159,3001839,80,399471,1283,9814810,6,31151,1077,479218,45,286454,169,4397681,8,103928,16,137793,7,97207,12,31401,1066,971,694606,88,28998,263,119690,922,603914,5,222266,2,18450,41,1401988,79,428381,2186,315652279,162,19314689,2097,298439875,2232,318015241,601,29109478,1160,165016031,603,31662419,1211,162463090,196,4274959,142,1066375,28,281353,24,140291,364,6666761,276,1964683,6,17135,743,10700303,1495,11566719,583,2745491,2017,66684411,2153,268571571,2268,48763743,221,7753813,2299,40823253,25,424552,37,1582299,1400,49372662,1420,49010120,1123,619518,
Male,VIC,g. Retail Trade,8204,8089,687422219,6768,188393501,5420,12724683,431,684428,5417,13401605,6073,196832591,553,2585736,4329,312199848,4209,82144269,1323,5527971,82,1447860,143,1625951,366,3050141,247,4056134,11,298427,35,1206420,5432,7479276,677,897110,1504,71146073,1487,30114620,8140,723697957,1313,3806051,475,721413,2023,601694,235,526625,3112,4409994,3518,10065777,98,37566,72,404510,191,3353801,1699,2027674,420,976816,8,12101,2907,1663099,5281,31426665,142,3611752,85,867597,354,2266223,33,-102021,1069,64298575,622,9073394,41,427314,61,1494779,1756,32836504,639,26175627,540,9973848,994,70888337,1149,45662867,677,2142659,621,969004,595,433281,1523,40882151,1243,20639755,734,3169225,1521,18643140,661,8365942,874,-9934312,1536,-1568370,60,620153,74,104778,3,27441,113,628976,576,11216368,375,1589859,4031,45321089,23,105778,3507,1493765,173,575708,1104,33030877,62,1265772,45,379189,33,439954,127,482017,4037,3564,2158438,365,97893,1114,498245,3289,1758086,18,458103,9,1061397,158,4215555,122,2334931,7485,2664670709,159,8082198,7535,2664530639,7658,2672580213,2859,270710212,4726,1826295775,2972,282004920,4908,1815001067,627,15520747,750,18761560,81,620145,63,456644,2066,79294273,882,16458589,22,316442,2331,28704255,4298,23825589,1777,6863496,7056,483393569,7653,2489288817,7935,178971181,1039,24897539,8112,154126397,96,8852512,92,5225269,4448,174293522,4511,175443686,3528,1863078,
Male,VIC,h. Accommodation and Food Services,4601,4535,219119660,3690,40069070,2254,3123304,157,224844,2259,3348148,3287,41138906,130,458211,2750,138078443,2682,31004375,827,2280954,36,273980,80,504230,197,1649492,79,1259943,0,0,3,120250,2835,1464116,173,199469,424,1981941,417,813468,4569,231468830,808,1881359,228,394464,1679,570110,157,398281,1724,1820673,2100,5064887,47,76626,15,30679,44,156332,687,269041,291,577910,7,2838,1523,540182,2926,9722794,65,1633205,26,274118,110,692772,8,-10726,303,4726163,145,104350,40,656208,28,366865,365,8911361,230,5576750,181,1410966,323,16620402,329,10367237,142,616745,129,490583,129,6736,518,11492078,427,5693119,191,718074,516,4862858,243,2584399,276,-2366372,521,218027,16,100924,23,119624,0,0,27,277230,146,2339955,110,663236,2770,11777973,1,6242,2529,1131755,78,80424,342,9095355,17,276606,21,134906,19,281676,42,164898,1326,1095,586858,163,29156,223,81836,1146,534178,13,246479,20,895628,342,2927637,81,878791,4139,461673568,97,2382216,4440,464120067,4516,466560803,703,5414302,1639,156158232,664,5512086,1656,156060448,306,5371569,612,6017482,12,53892,105,723675,1234,36705926,474,3490494,7,113831,1472,14444852,2396,11434337,1744,6716503,3710,159194935,4036,400327872,4509,66816618,253,7303358,4532,59510796,31,1058624,42,1651941,2896,69993084,2919,69628809,2297,879887,
Male,VIC,"i. Transport, Postal and Warehousing",70332,70148,3140431782,58320,494089737,29460,36189688,1435,1697123,29476,37877665,51331,497503228,1381,4569129,44801,2161626396,43667,472014125,14837,37351850,477,3096793,1469,4693554,2912,22880355,829,13043018,27,539085,57,2009357,41331,13717369,1248,784403,3399,8272854,3339,3180438,70200,3254643076,13549,31912072,3479,4078192,28847,9677285,2224,4960825,30258,31281606,35595,81909980,265,217593,171,257387,295,380733,9251,3404783,1607,2346203,109,25454,28336,6890438,44463,107800822,1055,26543891,227,2420902,1201,4416284,55,536354,2357,28437583,1379,1572608,775,11237218,177,812134,4104,38660942,1808,18823028,1567,4559783,2586,43108985,3451,75215020,1273,3502727,1137,1735017,1138,301802,4624,80829665,4153,51779239,2367,8115443,4625,35738460,1484,10084675,3158,-24880319,4645,-14795644,395,1754103,190,160205,41,411424,305,2033982,786,9373251,869,2937295,45549,86609606,51,200631,42934,19705603,1353,677239,3764,108775030,191,3319864,199,1543199,215,2791833,501,2051067,13387,9744,4179620,2651,357960,1620,459101,11523,4078480,160,2392599,115,2637108,3957,54677884,1090,7395759,65368,2172846149,992,19100904,68804,2220069727,69697,2239727994,212,4140196,1955,38829752,203,5212998,2009,37756950,3955,54745944,287,1678660,82,459312,1294,9502068,2337,14348086,1769,6040810,59,138716,18783,171393494,35840,288335769,15717,47317260,58640,696517622,64022,1328657628,69511,911540789,1812,22517956,69681,888213446,150,2502274,470,14826493,51093,827065818,51220,831388952,39546,11510378,
Male,VIC,j. Information Media and Telecommunications,5327,5300,395474310,4664,88197771,4045,7317193,374,492912,4045,7804750,4389,92399824,743,2831291,3708,262728936,3637,72367565,1011,2793689,66,846332,107,1092720,348,2645921,85,1278091,8,198036,38,1788779,3882,4035325,363,303062,900,3589782,891,1423335,5311,413146715,972,2579549,460,677733,1025,277912,196,353117,2596,5377176,2821,9265487,87,54912,47,153644,141,211085,1342,903797,193,319801,1,150,2250,1047273,3981,16949543,81,1942786,55,635092,264,1529998,20,-53423,744,11727545,596,1873942,68,1836959,52,178757,1021,13481036,510,4354410,448,1306021,725,34081777,615,11790697,668,5480781,628,4280925,620,813795,594,13035496,477,6635200,282,920515,596,6164606,250,2457973,348,-3142798,598,-684825,68,481734,19,17088,10,198490,96,686936,360,4412909,215,574644,3232,20192578,24,121023,2158,881533,128,183897,1571,54668050,47,711403,19,160257,86,999328,171,683695,2666,2266,1220169,239,60979,834,314115,2122,967033,32,622976,34,754520,430,6481834,36,876509,4457,181309592,121,3685149,4783,186427893,4897,190181429,90,1301939,666,11338265,87,1406946,678,11233258,536,7745363,74,357790,14,24541,28,127095,659,4353404,137,345402,2,2085,1732,10777876,1942,8300206,496,790058,4035,44065598,4530,88123272,5170,101184522,656,9998252,5284,91124950,39,896202,45,1492874,3006,91949878,3031,91510536,2590,1296935,
Male,VIC,k. Financial and Insurance Services,5306,5150,494806289,4371,143751904,3882,9964958,332,483860,3882,10440087,4099,150176190,301,1644454,3389,366543460,3317,110671562,957,7441475,68,1610847,98,3855322,105,844448,129,1907900,19,409342,43,1685990,3930,8018242,1118,3110521,2178,30491627,2165,12328642,5274,545921153,1082,3846857,425,768830,1225,319341,163,401797,2688,4733119,2942,10069944,141,55065,119,1565577,375,3565323,1427,2219785,330,732833,5,946,2725,2120178,4257,31368783,155,4447378,99,1334552,503,4333288,48,506904,1341,56591392,740,6145399,44,1704810,30,1203444,1564,85034750,777,22968292,641,6765335,1170,56727453,1366,61129015,897,6242238,856,3157764,769,1072532,1659,45224381,1451,27465834,1001,4565334,1661,21918975,598,5582209,1076,-14307971,1674,-8725762,57,370223,49,102151,10,165751,122,1069592,486,9050177,464,1978583,1819,19293097,25,115996,1536,629448,119,718874,521,15812941,16,279582,12,96076,19,95599,35,124659,3755,3328,2215140,348,113791,1426,693072,2861,1635859,1,459320,0,0,59,3641288,14,561914,4554,4469197092,33,1381409,4588,4472486725,4605,4473404146,1876,308050026,2373,4445636497,1773,451492332,2648,4302194191,288,7863494,76,460638,7,44308,13,109360,232,2387251,582,6321644,22,188104,846,4636744,1041,5561162,200,360460,3416,137660497,4650,4467844023,4910,7695296,1137,74120904,5211,-66698885,27,1566762,218,18443663,1677,69105977,1847,80570179,1545,889950,
Male,VIC,"l. Rental, Hiring and Real Estate Services",3694,3643,288761183,3186,71521706,2597,5331274,226,377103,2594,5702390,2898,74666295,106,462327,1936,151388132,1873,41710443,558,3486073,31,468697,61,640402,87,712369,85,1396778,6,108465,20,605091,2477,4541385,364,1443677,860,13468240,854,5074102,3682,308497340,634,2861157,219,492594,963,275184,73,264623,1351,1945026,1584,5838584,61,36995,53,463131,79,464219,726,656086,239,518682,1,110,1267,788629,2496,17220410,49,1293826,43,603936,217,1736006,136,6727211,789,34924651,311,2866159,20,630931,41,863871,517,8769280,399,13593230,340,4086787,530,42887143,530,18120295,288,2123529,264,1081205,248,189819,992,30441542,771,14537682,499,2441445,977,13506670,481,6340322,513,-6384576,998,-44254,33,187936,27,38289,0,0,52,413527,351,7589477,204,854812,2075,15229257,14,46672,1574,672542,66,210460,230,6912356,9,114755,14,125802,5,38373,20,90852,2139,1933,1306189,169,56436,703,362909,1726,999716,2,9864,3,46244,62,1789151,53,778842,3439,198812142,134,9683585,3419,191731510,3512,201414072,111,7450498,266,15905405,109,7571550,278,15784353,267,5116858,83,816470,11,98722,30,519124,239,5032747,619,10360959,16,363272,1478,26383961,1675,12177673,754,4732513,2787,54863643,3308,136250295,3519,65011046,336,7470533,3568,57534221,67,2637355,267,24612771,2059,62903923,2209,82753948,1805,975234,
Male,VIC,"m. Professional, Scientific and Technical Services",31655,31503,3277907522,28502,902775369,24595,62212875,1862,2810672,24580,64992753,26495,940170479,2592,12923399,17317,1474898117,16873,431793059,3857,16085502,559,13714048,684,17291247,800,6024517,854,12318250,75,2039875,348,20813515,22780,37741239,3793,6443917,8378,75208477,8282,30828571,31579,3481379027,5209,14663561,2234,3746238,4852,1231808,898,2712933,12889,21837908,13933,44192448,585,191040,427,3120258,1421,7525554,9455,18133758,1989,5265592,18,522715,13029,8550703,24122,197125034,582,14995327,396,5683955,1689,12918516,208,-2867143,5519,120501916,3597,14220576,307,12761169,153,7272652,4226,51587781,3598,91903686,3238,32135283,5209,214567385,5172,187141406,4275,36237723,3878,19563340,3641,4177565,6661,168283527,5316,89009767,3664,15339677,6684,84872106,2821,27847759,3900,-48785782,6726,-20938023,294,2322593,271,541239,19,336516,548,6292067,4983,97793576,2247,10851167,21906,423213293,283,1449686,11087,4564357,898,3874560,4797,151940541,165,2963761,65,516800,175,1485036,393,1523498,21284,18450,12994435,1977,735106,7607,3835791,15990,9893749,53,483027,80,3587460,1179,43348741,188,3598694,28482,2436544907,315,11433481,29447,2476620744,29690,2487438051,466,19542136,2960,102011800,451,19972583,3023,101581353,2634,64775224,1459,18208944,210,1682841,200,1229260,4195,69094835,1968,16388054,39,167763,9623,62310726,14958,70840655,3138,6258489,26232,582193568,27770,994740387,30837,1490093674,2871,47449608,31413,1442704542,182,6471945,497,26136550,21074,1316943371,21239,1277620120,18488,11227451,
Male,VIC,n. Administrative and Support Services,20334,20246,925643711,16889,150840537,9939,12359081,493,659084,9944,13017127,14598,151138985,463,1444984,10660,466193784,10289,101147271,3276,8076837,136,1316801,293,1602841,955,8182356,573,8982255,30,1221201,61,2422390,12525,8006573,909,808644,2166,9359121,2135,3778963,20282,965916060,2760,7253510,919,1144514,6607,2141697,395,910104,6629,6276393,8151,17726218,160,119815,128,244668,241,397244,3318,1258029,600,1057884,27,4125,7144,2407367,12536,38248617,213,5255759,59,639644,572,3411129,56,-201085,1316,19631332,708,1884803,199,3158781,54,788724,1236,12374829,891,13770885,730,2924029,1190,31435088,1265,21708265,733,2001513,644,788411,634,108649,1985,38626065,1550,18789947,922,3109748,1979,17898083,932,7450519,1059,-8622232,1995,-1171713,113,1099648,73,129147,1,26443,135,619155,1053,13398772,510,1616600,13109,52553274,67,333978,12314,5608649,311,482740,1407,37718816,91,1459020,148,1245950,81,739007,139,548307,6397,5566,3417050,638,150657,965,373398,5736,3194309,33,534957,31,891145,1027,21402377,291,2548611,18926,856476781,305,8016357,19750,873826378,20015,881829621,199,3451873,3355,55828350,206,3659648,3371,55620575,1848,48246036,707,4683634,117,194554,140,566130,1085,6575047,1142,2902878,16,42791,6329,56686981,13076,79222924,4664,9536435,16965,215125443,18000,479452475,20101,401031058,826,10289212,20208,390945834,148,2645936,128,5162137,14862,360585742,14920,356886916,11434,4994861,
Male,VIC,o. Public Administration and Safety,1337,1327,82127610,1226,16535332,783,1241047,59,113101,783,1354130,1107,16846458,53,194806,825,40734349,798,10034282,307,1253455,16,523016,30,453923,66,468757,34,557061,5,189782,11,755205,886,501657,55,22985,141,983406,139,388673,1332,86683804,265,921949,71,73594,487,154519,26,82337,532,581546,644,1813945,9,31032,1,120,14,18350,249,110348,51,85019,2,15,560,259570,903,3907030,39,1148015,8,87545,44,280982,4,40583,83,2495231,40,185987,7,67399,3,24643,81,816168,48,1486929,44,462032,68,4674914,103,1923072,44,288704,39,14047,38,4538,158,3914529,129,1929817,74,372608,158,1869352,74,643568,86,-900816,160,-257248,9,18492,3,1518,0,0,4,2383,97,1428619,24,78356,998,6344534,12,62536,775,338949,35,119804,124,3052268,6,58558,6,56610,11,78023,24,84421,435,368,219934,54,12484,107,41306,369,191112,1,3300,0,0,37,598084,8,54115,1284,75008130,11,598502,1309,75065127,1317,75663629,45,537455,180,6781208,41,843108,186,6475555,96,2682281,40,545689,11,29859,10,40984,81,886113,63,233371,2,3393,374,4060639,804,5891583,244,594899,1185,19090367,1232,40534733,1320,35103318,58,451945,1327,34651373,10,200437,13,666295,1054,33263274,1056,33317757,906,454117,
Male,VIC,p. Education and Training,6734,6714,423919759,5821,87761908,4679,7491691,297,395359,4674,7885249,5209,91074277,677,2494483,4304,261820834,4061,68561930,1213,4083470,61,1615743,98,1965528,394,3014227,196,2909201,13,404066,51,1940547,4733,4804298,524,307025,1254,7849660,1237,3020075,6721,445182451,1173,2751034,509,688772,1596,445054,251,656282,2952,4377781,3284,8918923,88,26152,53,122769,187,388193,1685,1567084,214,344413,6,1283,2956,1288589,4750,20478030,177,4651005,92,1817574,435,2907885,27,-187315,930,14366011,616,1700046,55,1132533,23,141183,686,7193583,613,6297186,533,1645187,823,14966737,705,12202352,721,2925407,648,1122578,628,287938,1104,23544679,905,11993682,590,2242562,1101,10902833,481,4122095,624,-5716493,1107,-1594398,80,461305,24,22851,1,49,110,611172,483,6786110,242,982555,4429,19956551,42,197436,3305,1462046,125,518448,1736,56706533,50,1022888,15,92992,33,236928,146,577628,3705,3132,2002588,295,83221,917,369529,2987,1716280,21,260144,66,463698,316,4554694,57,713537,6118,224550660,90,1652289,6437,228887448,6518,230551059,67,990345,448,6394628,79,871154,457,6513819,450,7268152,178,908269,14,10396,29,165817,780,7616114,207,1094611,3,7091,1715,9009480,3352,15681395,713,1272171,5339,56420626,5696,106021347,6600,124185534,479,5601262,6673,118584272,47,906846,81,2715461,4480,110280532,4501,109648618,3667,1642182,
Male,VIC,q. Health Care and Social Assistance,17072,17048,3743243679,16210,1311996632,14839,73399923,1053,1918629,14849,75311425,15646,1370293861,2104,14603599,10234,1313113093,9954,455449491,3640,16618031,119,1554907,168,2097611,475,3184497,215,3072683,14,274830,48,2108887,12372,27449579,2271,5945573,4726,55656899,4695,21959124,17063,3956647326,2694,7940619,1273,3333591,3515,940313,864,4088278,6358,19988142,7072,36290943,479,176480,313,9250305,894,7218044,5149,15740230,1770,9853493,6,78842,5913,5891036,13989,211834178,4706,129252244,87,1677611,1014,9727176,78,-477005,3571,111561319,2393,8945208,81,4864451,73,9712401,771,13196726,2228,57772380,2131,22240366,3136,150241133,2664,102923503,2881,16356349,2668,8537461,2605,2132939,4616,162208470,3838,105348951,2837,14748642,4620,88489350,1713,19848846,2925,-66227320,4648,-46378474,550,2808383,295,504990,23,330040,392,7091850,4322,87618530,3982,39403531,14531,837625254,36,165809,4214,1681682,241,635256,3152,147979528,68,1277541,39,362114,125,1088349,552,2578136,12654,9550,6609189,807,274296,6159,3867929,5639,3015556,14,431877,27,2515700,404,21631829,175,4249736,16430,4423737603,230,12950281,16738,4439584656,16854,4452566745,206,11276952,1221,147113028,219,14076085,1254,144313895,1025,63886860,1822,25517053,73,359019,105,2829354,3089,90395783,2316,56766980,31,464003,5237,48694430,10022,60152183,1845,5294585,15357,1618843010,15885,2117513604,16700,2332187473,570,18692814,16781,2313461236,94,6536026,325,29442569,13689,2168884825,13766,2123306130,12931,10114341,
Male,VIC,r. Arts and Recreation Services,12476,12398,855028720,10701,190366622,9214,15814069,760,1114955,9199,16900530,9887,197438054,1787,6051628,8489,546802455,8243,144837861,2365,7845216,115,1466721,191,1675046,726,5569676,383,5936901,16,251274,78,3207737,9125,9562472,931,1140179,2213,27866500,2183,11600259,12436,902459903,2270,5938595,1236,2115811,2790,776417,362,729887,5922,11877108,6543,21437818,153,50718,79,293591,422,952640,3357,6922503,368,704022,9,3229,6087,2889917,9425,44974020,229,5815399,161,2616042,721,4538992,65,-22375,1895,36886415,1226,4899064,148,2011318,57,1102817,2510,45630465,1127,14047859,953,3486420,1525,36936495,1347,22978451,1633,21369597,1525,12329122,1373,3188230,1448,31713280,1072,13496565,649,2054268,1448,14930183,753,7221255,705,-5988991,1461,1232264,192,1030101,46,52311,9,113705,246,952018,741,9917710,450,1792125,7171,39619524,51,227371,5585,2359196,245,638515,3895,120571759,155,2772718,56,465962,121,1144944,351,1403423,6442,5575,3397571,489,139864,1700,722408,5252,2815028,54,407830,135,11171184,657,8176652,118,1496066,11132,439411114,187,4962528,11634,458809347,11791,463799384,340,6669001,1262,34016074,356,7665462,1326,33019613,1241,18885630,199,1261105,31,109514,51,432604,1922,17181868,375,1709981,13,39245,3738,21456551,5669,23016590,1386,2781250,10246,149191694,10981,270242471,12152,192925467,1900,38632845,12381,154282577,162,3360645,146,8228067,7245,190696521,7335,196251515,5992,2660411,
Male,VIC,s. Other Services,14310,14183,754931408,11977,142631375,8838,12693609,598,872719,8835,13560304,10447,146409639,475,1633127,5991,334613949,5798,83825670,1949,6410800,88,1276881,214,1587342,593,4756008,372,5694257,18,429861,44,1781927,8904,7799865,709,449276,1747,6742836,1721,2672490,14237,791382744,1732,4808645,476,844411,3397,1038490,233,584487,3892,5038034,4634,12314067,171,70479,77,163581,168,263825,2313,1071582,679,1274411,6,947,4718,1865592,8141,33139601,206,5462946,86,820491,359,2178114,79,256159,1086,16265873,553,1002553,80,2053769,64,968592,1382,17835499,731,14882878,607,3942002,969,40324108,1072,22696358,608,2254068,548,1196363,508,265080,1967,42056123,1529,19889326,848,2840176,1953,18884218,1011,9517724,966,-9105533,1977,412191,98,611311,99,101967,3,62891,102,565477,1047,14471427,405,1594627,8941,61768058,32,126415,7722,3507743,238,790398,1269,34138594,70,1100757,198,1798360,64,549350,132,466285,5558,5011,3032210,497,125730,1101,428229,4980,2729711,21,489348,15,299771,325,7205986,213,2499056,13611,1129788643,204,8032402,13818,1132100749,13973,1140287911,1195,24956726,4597,242411383,1241,26074599,4634,241293510,1103,25523346,1027,7621609,109,475454,97,770498,2926,56930785,1367,5466781,19,206222,4706,50973895,9020,55501448,3210,8479305,12695,314000103,13329,767238201,14116,371984093,852,14483512,14206,357298090,104,2578876,146,7209953,10128,345949619,10195,341379451,7966,4346833,
Male,VIC,z. Other,861,843,100153740,726,32201037,618,1995763,68,114704,618,2109911,675,33515364,48,322002,529,50498506,518,15026882,180,1173620,12,295241,22,292711,29,251363,26,454016,2,79428,7,398414,583,1426508,96,144037,211,2481839,210,1008227,856,108289013,206,803803,88,196941,263,89337,41,71956,402,759620,452,1921657,23,6429,16,182559,32,289026,239,1685615,71,327358,1,5500,328,205242,656,6607898,33,806357,13,107642,67,520157,13,142926,154,5318819,79,554256,7,353167,58,1221856,331,7372621,86,3380645,73,1309943,126,9672485,117,4837932,84,7282645,77,189326,72,178760,208,6535068,150,3349776,105,535108,207,3848111,101,1077352,108,-2274979,209,-1197627,10,292330,7,6555,0,0,6,1765,79,1701161,66,282059,271,16624759,5,26743,265,111779,31,155089,84,2962246,3,25277,3,23725,5,37918,12,53172,509,432,297414,57,23784,183,99463,372,221735,5,22469,3,13789,33,591953,39,1219563,412,729926863,52,47792675,409,677862288,446,731721477,123,49925612,186,460005196,126,49734407,189,460196401,91,14400219,75,3134532,16,61468,19,444605,117,6287265,113,4234197,3,9820,336,14023823,292,4922693,161,5284094,495,173678552,654,692991307,708,39438707,227,8049962,845,31312116,9,483785,17,1581836,228,38069101,245,37069585,211,145337,
Male,WA,"a. Agriculture, Forestry and Fishing",3704,3584,344009225,3003,104429792,2527,6858034,136,292741,2528,7148695,2706,106364155,36,217299,1769,184813966,1741,58099078,517,4818987,22,583336,45,866051,70,702919,177,2949119,4,29866,25,1812973,2504,6620056,458,1738315,1233,23330723,1221,9525694,3696,373742768,414,1425385,134,384851,1097,256076,40,118721,1029,1538955,1396,3723988,96,30016,62,438841,156,1236906,629,1560219,194,676417,1,5170,1243,1366300,2417,18798900,22,483001,80,1307829,291,3203904,179,3295527,772,40970857,351,5137949,21,920429,471,36552198,195,4482732,408,23012500,332,8428223,606,86435330,725,41255433,297,3635003,264,1913548,228,715974,739,21821060,438,6401693,344,1255201,725,9279253,473,7876457,275,-2996534,751,4879923,27,152532,27,22627,0,0,68,1331206,349,8279507,259,1424062,1552,18000335,19,94787,1213,507666,49,141443,91,1599816,1,4454,16,125124,2,9884,6,19224,2667,2357,1806067,233,97945,793,459439,2128,1444573,6,23371,33,2346133,28,964270,678,3284064,3140,427230482,2117,322962184,1447,110886136,3212,433848320,1243,60556318,958,43310242,1238,63509796,1434,40356764,600,16409158,238,2174499,18,183356,193,4214976,267,5416345,939,13849582,13,360095,1990,59682544,2028,14993249,1928,26650084,3244,208001476,3473,392289698,3594,39023722,473,34864687,3676,4080165,99,7511647,120,9729941,1712,82110696,1832,91615574,1451,987074,
Male,WA,b. Mining,314,311,40200893,285,12082334,245,768525,20,33348,245,800994,265,12581121,7,20723,151,14507685,149,4656881,40,322645,12,136026,12,132368,7,64569,8,117316,0,0,2,217946,219,411441,33,214963,82,1352243,82,521547,313,43253591,37,81692,20,49092,96,25507,9,20047,85,164815,116,341153,10,2219,2,1738,16,195273,72,66160,23,37788,0,0,132,116661,223,2194464,1,30000,6,40780,24,88068,5,334137,41,1117505,24,129126,4,217801,2,47057,41,9292400,45,8357725,41,3571367,70,17378148,74,3451708,32,452823,25,194481,25,38828,59,1988189,44,578516,31,180944,60,870508,35,592017,26,-233796,61,358221,3,50394,3,92,0,0,4,19080,50,1273580,21,158061,219,3641792,2,13178,89,38534,15,19515,9,214891,1,697,1,5140,1,12136,3,10937,233,190,141232,28,11564,94,48482,162,104314,1,7176,1,317428,24,1189886,11,50209,268,25515011,8,509916,290,26569794,295,27079710,7,1047760,31,1751336,8,1521614,31,1277482,21,755565,8,46385,1,68,5,192232,18,198047,23,140198,0,0,112,2188857,159,1937341,74,714592,256,7048290,270,14499057,305,12285927,34,7225185,310,5060742,6,518743,3,405793,203,12734904,206,12833852,183,135077,
Male,WA,c. Manufacturing,3614,3584,251050514,3223,53939676,2733,4583496,164,233553,2737,4817048,3002,56252217,91,349846,1770,131229733,1743,36802398,552,3525897,26,195035,72,459419,86,805294,121,1953037,2,20228,7,246986,2268,1517444,153,153838,482,2499790,478,973941,3605,263449170,550,1582103,155,270795,1183,347090,76,159247,1145,1666868,1414,4026103,83,25279,23,193191,38,73496,657,280206,199,517530,5,813,1429,644455,2424,11170205,20,451558,54,579392,183,1223317,14,319391,290,4689829,154,348878,23,889016,27,237544,501,8166704,229,3666369,203,914667,312,8702627,447,11580653,185,1302631,142,696911,135,121881,482,9424307,384,4098642,246,749669,483,4144900,260,2101684,229,-1670588,489,431096,24,109593,21,303562,0,0,27,221097,312,4568621,203,831198,2381,20969167,6,18826,1584,647521,94,96297,176,4080479,12,134047,43,393065,6,37278,19,64125,2356,2105,1076396,262,63732,494,171598,2109,968530,4,219739,9,867162,68,2306902,87,1407875,3408,304460273,51,2203073,3451,307136119,3493,309280901,331,6570913,1105,59749812,343,6842345,1126,59478380,385,13329576,219,1653663,26,133389,33,303691,538,8532311,435,1757170,5,40044,1400,17206139,2473,17152393,780,2145329,3169,82449735,3395,204181820,3546,104853783,319,6110343,3583,98630883,24,812889,36,1713783,2489,104127468,2503,101972901,2168,1353230,
Male,WA,"d. Electricity, Gas, Water and Waste Services",141,140,9132556,118,1945296,94,162364,8,16131,94,178494,108,2003193,3,13108,48,2902004,46,806051,16,91460,1,25157,2,59862,4,14590,12,221797,1,2178,3,81664,100,66646,5,7824,16,54053,16,21752,141,9594701,11,66863,8,26196,30,7413,1,80,30,46250,38,146802,4,205,0,0,2,3388,18,1732,11,27625,0,0,44,23144,82,460911,3,82678,0,0,6,28951,1,-11359,20,328042,9,9115,1,2266,1,107257,13,158949,13,93187,13,21678,15,204278,16,436755,12,147708,9,6389,8,964,19,286818,9,137939,10,21907,19,113651,14,75041,6,-61720,20,13321,1,196,0,0,0,0,3,12061,16,223530,10,34256,97,1130330,2,7572,57,27826,2,7518,8,121609,1,7933,0,0,0,0,1,4824,80,74,42511,12,1781,16,6726,74,37566,0,0,0,0,3,133753,13,61191,138,18081356,6,108396,138,18167904,141,18276300,7,134357,31,1713662,7,96843,33,1751176,20,1217695,14,227798,6,11855,7,40703,22,296719,26,126849,1,24205,70,1498803,109,1619560,53,471933,124,5555476,130,12842772,140,5442738,13,170937,140,5271801,2,62727,4,355167,99,4829993,102,4975858,85,56775,
Male,WA,e. Construction,21266,21168,1393975319,19292,286041014,16108,25274374,894,1308663,16108,26581208,17931,295622969,265,892578,7602,466807219,7467,131068869,2448,15078663,104,741788,378,1900367,683,5092166,462,6611615,8,116026,23,745477,13079,7731225,686,612861,2190,9001795,2152,3527837,21227,1456022702,2178,6881999,601,1291174,4834,1405441,269,510664,4528,5832342,5677,15921620,367,138435,126,220162,189,306070,3219,1399878,1949,5023526,20,17566,6799,3222555,13032,54672083,50,1105575,149,1345118,596,3976362,71,-282101,1365,32826517,675,2995227,80,2470877,70,1184919,1289,17755751,1055,18808739,926,4473116,1461,42800658,2225,58516160,726,4003244,544,553342,527,493027,2531,53604602,2063,22334784,1247,4010681,2529,22386475,1347,12917262,1203,-8044600,2553,4872662,75,845866,205,560516,5,103342,156,1677283,1822,23935788,1202,4440027,16239,166003693,15,50328,10458,4317941,438,348876,630,12040534,49,702896,353,2892414,36,333217,69,246914,12599,11389,5562712,1316,290771,2478,826504,11434,5026979,24,548901,56,3447750,480,19387572,620,9349804,20234,2072386882,184,8255078,20621,2096773422,20749,2105099809,446,22567679,4770,269336314,432,20887441,4808,271016552,3970,181191100,1398,8661007,175,618623,173,1048998,1278,9875285,2697,8656259,41,145655,8664,117814903,16687,138023358,3956,10740389,19023,489515420,19938,1237416474,20928,865622475,912,14632675,21103,851127440,160,4703307,244,12823027,17135,828564788,17228,816380103,15127,10549646,
Male,WA,f. Wholesale Trade,618,607,43605854,520,10132589,429,807872,19,23339,428,825336,463,10310313,14,50456,260,21548007,256,6229107,81,785273,2,7921,8,65625,19,167437,48,776664,1,24093,2,36238,397,540289,40,38379,118,1124408,116,406029,613,45885748,67,229458,21,48963,155,47336,9,12853,167,198031,205,536641,19,3309,4,6196,8,20470,113,49914,39,81173,3,510,202,109684,373,1950588,6,120051,8,88490,26,204113,8,413376,63,2195117,30,199127,2,53521,17,689347,68,1459658,42,787113,36,114469,67,2122485,107,3559675,41,875810,29,220764,26,229285,108,2841500,65,804674,46,151390,105,1300975,66,908361,41,-323900,108,584461,5,21625,2,5923,0,0,5,1398,49,1047187,30,91175,344,3512464,3,7236,249,101120,4,2872,35,866378,2,29477,3,43336,0,0,5,32435,437,392,235378,46,15474,104,41440,378,209412,1,279,0,0,16,324712,38,780656,573,81802389,43,5531433,556,77376603,593,82908036,151,8593789,302,41019087,153,8805361,316,40807515,57,1196342,51,382889,7,374839,12,101427,115,2000467,70,408338,2,4984,229,2727908,421,3085510,199,913053,547,15949962,584,67953234,603,15154780,64,1961789,614,13192991,8,736310,15,984064,383,16057178,389,17015759,308,200008,
Male,WA,g. Retail Trade,2482,2446,215381954,2102,58333799,1752,4061702,88,140498,1751,4198584,1921,60916971,133,628712,1420,114448918,1392,31481351,468,2634518,19,146289,35,287787,120,930595,93,1454913,1,7703,6,210631,1659,1701176,176,208905,472,15523265,464,6450056,2464,224920479,489,1332505,122,235568,883,231457,86,190106,996,1257311,1186,3246947,66,22058,17,206162,50,114073,501,305870,130,229365,1,30,982,632365,1724,8337355,49,1191812,45,439650,177,1293396,8,76572,326,17865009,174,1983194,18,605666,23,454819,607,8789875,186,2250189,164,643635,308,13335069,436,23749795,203,1553651,166,656618,139,210581,425,10363483,339,4358962,224,799445,427,4880402,227,2350228,202,-2025554,430,324674,19,69376,16,33701,2,36521,37,372752,159,2872899,141,690361,1175,15984541,4,15044,908,387442,53,178281,281,7444300,14,297700,14,113028,10,66456,33,123301,1723,1512,821601,163,39250,454,189935,1415,670916,2,2906,1,72679,48,1001161,71,1384988,2250,767687088,51,2878233,2259,767276778,2302,770148822,761,64890598,1307,469837354,774,63655191,1363,471072761,200,5608939,232,5581202,25,316157,27,225744,507,31709289,311,8613238,5,47637,782,10547978,1311,7265803,557,5800941,2077,171803955,2300,718603261,2391,52685201,345,5534304,2457,47220710,35,3169879,42,2210314,1283,52135726,1307,54717347,1031,571096,
Male,WA,h. Accommodation and Food Services,1670,1650,87354407,1339,16887545,832,1291696,43,70785,832,1362481,1212,17446963,42,185254,1067,57095934,1038,13639351,384,1086978,4,8751,25,127320,54,433112,26,415060,1,609,3,94979,965,455249,40,54331,154,890289,153,349758,1664,91708942,381,830063,70,88569,690,216869,45,91794,639,649104,833,1876399,18,8258,5,5097,17,90904,252,124435,91,192978,0,0,495,195636,1075,3717138,30,586532,18,235686,56,318461,2,88253,108,2120890,55,111650,7,99865,8,286344,142,2190614,77,1113567,64,254223,113,2922885,145,5545989,71,222823,57,70337,49,20005,151,3810886,126,1506173,80,363046,152,1617054,80,982641,74,-658028,154,324613,10,22712,9,13989,1,1842,10,149190,52,1031620,37,185458,992,5112664,2,2711,840,374222,22,26967,110,2775602,9,177275,7,43906,3,80934,10,40873,705,586,285789,93,20505,116,42201,615,264093,7,81455,6,87812,127,881873,64,1094506,1488,166299112,33,363627,1599,168076293,1627,168414277,221,1500700,506,53928434,211,1741657,516,53687477,125,1644826,246,2438845,5,4099,43,483798,387,11958190,185,1733045,5,8051,623,6548588,1069,5123178,607,2261228,1324,57262073,1453,143153398,1644,26081517,93,2236591,1653,23862120,12,406293,20,1275795,1065,26693244,1070,27219289,824,328191,
Male,WA,"i. Transport, Postal and Warehousing",26665,26594,1265093250,22201,211662774,11339,14413802,452,554867,11344,14967534,19786,212898167,359,1367913,17734,857333208,17295,192956569,6257,13886961,129,779097,503,1616136,935,7220670,444,6574316,18,226443,36,1195186,15421,4824564,403,469605,1337,5192910,1329,2074792,26622,1315925474,6019,13415887,1172,1756282,12674,4170274,879,2089244,11897,11219136,14328,32650823,210,75979,123,51887,106,239019,4196,1313940,645,1115437,83,15252,10452,2513741,17641,45987935,495,11775441,97,1293943,570,2675154,29,528589,792,12710609,456,682015,191,3766920,60,504978,1708,16080204,674,5983574,583,1085026,1001,17066843,1462,33583563,483,3260298,369,1024209,374,257463,1271,22428868,1081,10726875,607,1945814,1277,10051240,586,4279737,701,-4574798,1288,-295061,114,573265,61,33422,11,92325,113,519885,434,6567259,478,1402410,17210,46316080,26,87066,15721,6945929,470,287110,1073,28491152,81,1051434,40,329811,51,1788386,147,585067,7804,6186,2485890,1186,173342,877,251435,6823,2407797,40,561208,83,4097244,1548,24517038,557,4118117,24797,953686908,326,8442216,26122,978425645,26410,987088069,89,2345593,1311,21059492,88,2611431,1327,20793654,2445,40477175,170,1201100,27,300764,1146,10353208,1342,8067390,1039,4628717,26,90827,8471,89198446,17124,156076928,5916,23535016,22085,252838946,24370,607780492,26358,378568267,680,9455684,26455,368572834,82,2422634,163,5379460,19783,365040250,19817,364631083,15397,5171377,
Male,WA,j. Information Media and Telecommunications,1542,1533,112141644,1374,24609716,1193,2072676,53,74562,1192,2146294,1280,25839809,216,831876,1087,75574544,1074,20278476,288,1166441,16,73290,25,181019,96,774785,41,607061,5,74220,7,237167,1059,793805,90,44114,260,1178325,256,446046,1535,116582773,290,621349,106,137975,455,108071,57,72400,729,1142866,847,2082661,45,12588,13,9265,25,58167,353,348187,46,64222,2,225,578,279810,1115,4350491,29,791989,17,200237,100,782312,5,49298,171,1892268,122,171541,20,893309,14,57776,324,4696074,148,3354844,132,1164343,203,6891007,218,4457366,164,2646438,144,1783354,133,142930,162,3268835,128,1397487,81,267102,161,1577966,82,686069,81,-659790,164,26279,18,76886,11,3990,2,72051,34,134243,80,1275125,72,216786,904,4888508,11,28154,649,262086,34,32135,451,13715014,15,256747,1,10903,32,264626,46,184615,1061,883,412850,95,22281,240,78212,873,356918,10,44097,7,80342,124,2369757,23,300633,1287,46987912,43,1208899,1378,48589890,1419,49798789,31,308465,227,2885553,28,195879,234,2998139,145,1727794,17,98813,4,5188,14,52478,140,988814,54,148612,2,11688,511,3337254,632,2323915,165,203550,1154,13426383,1341,25322628,1493,24280033,198,3248860,1523,21030266,11,218173,16,594357,814,23519488,825,23684596,705,342945,
Male,WA,k. Financial and Insurance Services,2601,2507,286037235,2188,83422678,1980,5652024,96,168037,1976,5818124,2069,87713213,98,498707,1730,206847019,1693,65335172,534,5589061,28,651360,71,1790619,37,274202,84,1305616,5,56767,17,766944,1861,2632409,476,863621,1117,13826529,1105,5411720,2586,321489268,553,1646302,151,279244,894,196138,85,266694,1311,1972497,1475,4360875,140,42096,63,329048,144,1714012,779,614633,168,4424270,5,155676,1474,1456920,2214,21372088,43,1012538,78,1255600,327,3257900,49,2388875,699,32315304,385,3477253,18,1032056,14,281782,905,39575507,426,13013404,336,3994167,689,32319538,845,43538786,442,2923257,409,1128453,363,210942,772,22741670,639,10318403,503,2515092,773,10905109,373,3538789,405,-4535723,779,-996934,37,591004,25,9525283,1,4763,78,1700410,297,5837503,292,2420843,827,8869283,15,66306,607,236875,76,332509,174,4891037,6,57318,5,40766,3,5543,15,79147,2235,1996,1273217,176,48484,879,411103,1678,910598,1,22435,1,38708,25,1188079,11,88544,2105,1744488399,17,3941883,2116,1742082236,2130,1746024119,1186,151182508,1282,1512276292,1114,143218340,1481,1520240460,110,1640244,29,363846,6,91162,7,52199,73,564476,284,2516996,17,200007,390,1936856,402,1996402,94,436685,1519,210792726,2235,1740291838,2339,4252866,698,31799640,2546,-27546774,36,3190584,141,13856494,723,29160528,852,42890623,727,439681,
Male,WA,"l. Rental, Hiring and Real Estate Services",1435,1416,147571369,1293,40248801,1132,2838919,68,124725,1132,2963644,1214,42039267,29,155928,782,76755113,760,23004044,227,2502676,8,83866,19,469495,19,188364,42,610745,4,67535,9,209570,948,1383362,145,455551,427,6643607,424,2454889,1432,156656334,232,860387,70,197996,478,109841,27,72991,537,865897,658,2107112,50,11473,23,266117,53,177410,284,179650,110,195716,2,2388,523,430480,1071,7764588,9,230223,37,437682,124,1364947,52,3125293,400,18850051,158,1184413,8,233335,9,79358,242,7352816,156,8809141,143,3287021,248,20344947,292,15727931,119,1539917,100,119158,99,199448,402,12944203,307,4586290,224,949996,398,5573579,215,3616603,191,-1782265,406,1834338,16,136914,12,5208,0,0,28,242328,175,3868858,120,517659,770,8358119,7,21193,442,180173,24,62163,61,1435065,3,63553,2,23522,4,111078,3,12127,1154,1026,705141,103,31057,413,201393,909,534805,2,13235,0,0,23,1344682,23,225904,1317,92544990,38,1215861,1317,92912950,1343,94128811,37,4205536,128,4662222,31,2445986,133,6421772,83,1993860,60,904326,8,21158,21,271153,90,1125351,283,3360998,12,358110,698,15640384,601,4801712,332,2420824,972,29729666,1277,67049314,1291,27177034,140,5637629,1323,21539405,30,1873409,148,11775056,683,28017668,790,38826692,693,440764,
Male,WA,"m. Professional, Scientific and Technical Services",9672,9611,1032472309,8770,284817902,7677,19682756,380,580944,7671,20258119,8185,296683105,647,2865697,5429,477316700,5317,141904517,1332,7244847,109,4090437,217,8999953,266,2037030,345,4836167,11,94886,101,6805809,6678,9907441,934,1341569,2421,94356115,2401,39971893,9642,1332394192,1722,4592326,541,839883,2285,539674,302,743301,3696,5885728,4239,12600912,272,81268,147,715043,354,1493601,2684,245554821,587,1512812,7,44969,3851,2680366,7387,297191132,195,4742966,142,2832312,670,6711431,68,-427883,1651,48196293,1070,6520496,114,6588689,56,916801,1496,18196645,1099,176012701,987,7566407,1672,361743449,2030,72615918,1312,12645643,1105,5732438,999,741358,1875,47242469,1427,19731511,1060,4525758,1873,22755289,992,9640194,893,-9400283,1886,239911,76,673416,79,88219,11,200211,159,1467139,1450,29196212,762,3199771,6570,111718377,83,419012,3200,1319049,259,1538104,1202,34447690,50,937342,16,118855,43,367833,104,403690,7863,6875,4420369,681,235374,2602,1189592,6160,3466150,22,170051,35,1144399,435,17056972,156,2364604,8471,668266644,119,4405378,8841,684597301,8946,689122487,149,6040453,934,31202721,149,5114890,960,32128284,852,21241136,450,4978771,95,876450,61,444546,1059,14484809,572,3465415,9,14096,3206,20605040,4787,20580688,1074,1952013,7808,159579952,8387,280354279,9370,407043888,1002,14139677,9600,392931934,80,3601153,189,10035682,6227,358565228,6280,353579019,5547,3426202,
Male,WA,n. Administrative and Support Services,7294,7271,365597356,6103,64734935,3817,5185443,153,200834,3816,5383611,5346,65376834,149,479430,4003,191242304,3875,45121898,1274,3705859,38,317022,106,331231,328,2707280,248,3899963,11,70841,26,716513,4475,2135483,252,63785,733,2163076,720,889891,7282,381578642,1147,2847758,252,399822,2636,793204,159,321601,2411,2334313,3032,6696698,96,30816,35,48028,63,215243,1277,438832,222,517213,13,11127,2614,948628,4733,14864145,105,2449418,56,552668,242,1394565,18,4185,397,6540499,218,513352,57,1363962,27,173443,508,5637883,354,5957976,296,1478513,487,13950181,671,19251186,290,1346054,218,324434,197,90940,689,13738425,556,5707933,345,1053706,689,6109532,347,3067541,348,-2200287,695,867254,33,100875,33,29687,0,0,41,578859,379,5128261,240,797829,4728,22883021,19,49606,4165,1838716,130,242465,421,10474411,35,543585,39,293181,15,244498,48,171661,3467,3044,1542894,354,81951,507,171245,3141,1453600,18,173731,14,309023,397,8026458,118,749142,6759,316767972,135,3306834,7067,322703436,7189,325968130,88,1184248,948,20088507,84,1111370,968,20161385,644,16154785,247,1771135,60,156601,69,246638,430,2640398,412,1033274,7,7656,2312,19388052,4921,28720129,1755,3871083,5889,78123536,6328,172275954,7194,153328463,321,4489400,7224,148862262,47,1539881,51,1884802,5475,143213651,5493,141860090,4203,1965601,
Male,WA,o. Public Administration and Safety,390,390,30195685,357,6904027,256,505111,15,27645,256,532755,333,7113473,11,69471,249,15743837,239,4196797,112,483928,2,6496,10,46683,8,72852,14,168654,0,0,4,408807,236,131908,10,7899,45,128574,45,55092,390,31464077,87,226497,17,50405,169,48057,13,21043,157,218722,194,564724,11,2787,4,263,7,3684,85,24704,20,50047,0,0,171,76210,277,1231458,13,294927,4,33816,43,383488,0,0,24,660523,13,26992,6,141175,1,250,21,252672,21,636900,20,171456,32,1319052,54,1778806,18,183398,11,915,8,11386,61,1177471,41,418550,33,70350,60,615186,29,313219,31,-239834,61,73385,1,4735,1,119,0,0,5,18745,30,393981,16,71377,292,2677343,3,21719,171,72819,12,48669,16,435208,2,39822,0,0,0,0,2,13319,228,200,116296,24,4042,63,22408,196,97930,0,0,0,0,13,447610,7,121777,368,24697747,1,56400,378,25210734,379,25267134,6,226637,56,1705920,8,252062,56,1680495,38,943343,16,207521,0,0,9,74253,32,314668,29,100887,0,0,132,1417273,270,2057579,57,83424,329,5984433,349,12863876,383,12295140,21,226941,384,12068199,1,12826,1,93745,285,11259275,285,11050864,249,139286,
Male,WA,p. Education and Training,2074,2067,136539422,1805,28778783,1475,2426829,65,83044,1475,2509872,1634,29705697,137,484558,1306,84258852,1257,22691659,364,1555065,15,164837,39,418013,111,835746,81,1159158,3,46893,12,481030,1446,1486368,116,189644,350,1280056,349,528764,2069,143164103,364,915919,116,182140,616,147384,92,235851,848,1248866,988,2730160,50,11344,19,24919,46,70409,472,207174,65,95894,0,0,888,405015,1477,6339904,53,1321516,41,524377,143,1286726,5,337699,286,4608658,168,439090,15,231975,5,24354,257,2374578,190,1950455,153,492981,262,4544067,259,7212579,236,2183940,190,485373,174,223808,315,6449250,240,2634671,147,510895,311,3091510,180,1247758,135,-1035584,315,212174,24,98825,5,30,2,44820,33,33074,158,2441445,98,315149,1357,6643240,8,33363,996,429280,44,132978,417,11479896,19,342314,10,70849,10,81971,41,181027,1514,1290,710163,142,35582,349,128655,1263,617090,12,167728,20,208563,81,816648,42,466517,1881,77172783,41,678279,1953,78153960,1993,78832239,32,185982,153,3496781,33,248094,157,3434669,138,1955481,57,276221,4,5587,11,48644,277,2687317,92,224185,3,10798,606,3695718,1112,6123010,242,537541,1637,19965917,1757,38967084,2021,39900455,178,2086263,2056,37814192,22,554598,34,1488868,1368,35722303,1380,36475998,1146,550496,
Male,WA,q. Health Care and Social Assistance,5353,5338,1399741721,5127,506482375,4713,27428604,211,392930,4712,27820154,4955,527996124,478,3389242,2857,411922064,2781,140820940,890,5987136,19,191084,41,719992,159,1094371,89,1387258,6,27903,17,448987,3871,6962349,683,1267994,1418,20835325,1408,7889945,5346,1477666451,762,2129846,337,1147033,1084,263563,293,1194153,1866,12305383,2119,17039978,333,126560,84,602171,261,2032216,1630,3959437,689,1696844,1,32,1796,1902603,4517,77069514,1255,29485494,27,468084,458,16161498,26,-166965,1158,32996598,772,2461867,38,2262741,38,3370254,241,5262303,702,19421256,676,7404059,1076,49643157,1138,67099652,959,7910117,843,3896417,801,616323,1464,51819587,1155,25137328,956,5446228,1461,26467983,674,8608634,799,-13840586,1478,-5231952,51,690548,96,186072,5,107939,143,4908141,1579,34818420,1460,14807960,4683,349244941,14,29379,1082,435917,61,739106,732,28934437,16,306539,5,42445,22,107785,130,655635,4585,3245,2025669,333,102796,2036,1167724,2009,960741,10,1429547,9,1031993,125,7129853,139,2501077,5125,1690547563,48,2181961,5242,1700543878,5275,1702640033,71,5242677,342,33392521,70,4948056,347,33687142,422,48156208,619,11082157,17,44111,49,1806949,853,28705201,552,7857068,8,220368,1837,15840962,2987,14049196,544,1758136,4726,590835038,4927,754042536,5295,946278678,162,7777548,5313,938316685,31,1105121,127,10543436,4298,850188946,4326,830852846,4127,3439167,
Male,WA,r. Arts and Recreation Services,4070,4047,286655822,3542,64309164,3060,5324182,139,215994,3058,5520510,3276,63003406,456,1564302,2767,182162448,2693,48803314,773,3427842,28,268255,41,597843,236,1916190,142,2199382,7,46853,18,893701,2811,2231270,210,360309,604,2105633,599,853966,4060,299000961,793,1884187,281,694987,1199,302406,117,239332,1778,2443254,2107,5564166,113,32151,33,71709,71,54534,981,642484,126,252978,4,14699,1885,1014053,3003,11360184,76,1808345,68,814419,277,2321929,19,-207686,526,14220838,309,1516446,39,482459,23,705345,807,10335255,309,3718924,270,990556,442,8324373,530,11238042,405,15447154,337,12469881,329,4444326,504,9952273,380,3737740,243,737225,506,4589690,280,2410171,229,-1522553,509,887618,39,138403,30,26355,1,11285,63,551043,230,3227101,159,449543,2408,11925890,16,57132,1857,790073,67,289731,1081,29170211,40,770624,17,163076,70,524629,116,457813,2868,2468,1270806,218,54645,654,227399,2407,1098051,23,228405,36,4551199,226,2883548,75,834352,3630,151834326,74,1509584,3797,158881619,3863,160390353,158,2303375,455,11471860,168,2508882,472,11266353,473,8249824,87,560983,14,21512,25,254098,695,6761378,143,735664,2,832,1352,8504636,2212,9527330,556,1226383,3312,49605351,3587,96765467,3964,62932201,542,8022961,4030,54915633,75,1770392,64,6532163,2399,62616254,2446,68641963,2056,921457,
Male,WA,s. Other Services,6035,6003,389696252,5235,81657560,4154,6896394,225,306054,4153,7195900,4738,84383645,131,492701,2735,190465787,2667,53672765,850,5361528,42,330572,87,560826,216,1867678,197,2856146,4,23394,20,858880,3750,2737729,265,222456,836,2792671,824,1121882,6014,406496690,813,2189788,212,453793,1776,481462,113,390499,1739,2481593,2161,5997135,172,80377,37,84050,65,75876,1026,411190,305,595351,2,637,2126,916337,3825,15488207,54,1222760,83,889513,265,1634425,29,266686,435,8090589,231,841748,34,854297,27,153283,687,9173321,361,4830713,317,1099750,480,11602149,664,20634815,270,1833920,193,468000,179,291316,839,17045797,641,7322832,410,1420972,836,7490400,461,3759419,388,-2947826,850,811593,49,282330,38,45802,2,63286,44,522800,462,6229139,297,1071333,3867,33137992,17,74329,2843,1231646,110,219619,327,7935907,16,270612,66,595074,16,106336,34,112028,3913,3468,1845981,408,100775,786,284030,3485,1662727,6,169731,5,85475,150,3487127,164,1500822,5669,491973103,84,3368377,5768,493863868,5835,497335905,409,5495503,1545,79906733,404,5691623,1576,79710613,536,13315311,437,3413807,58,368251,40,385860,1092,19493556,621,2736446,10,62242,2360,25802395,4133,26239356,1267,3456309,5346,145814106,5642,320798252,5912,176538522,446,7830112,5971,168683291,43,1633360,59,2954045,4301,169511120,4324,168017453,3529,2134802,
Male,WA,z. Other,920,908,173161150,824,62211626,604,3302604,48,103535,604,3406139,704,64874850,27,108771,607,55928666,595,16925939,194,1269250,9,119983,25,251765,26,177400,31,502580,1,22946,8,365328,603,974152,63,162403,168,2191203,167,850332,915,179027960,243,803868,58,127811,343,102583,35,117073,439,858550,504,2009885,38,9488,8,295542,22,174149,226,272198,57,162999,1,5,362,301242,675,5172112,28,627373,27,308653,76,1075041,11,88049,118,5422826,69,348818,16,346079,55,1878844,324,7254302,76,2634081,64,847070,109,9629022,166,14041548,63,304830,54,64427,54,18352,154,7082027,117,2027768,83,347670,150,3346979,79,1937351,75,-577741,154,1359610,15,67120,4,1816,0,0,16,95909,60,1190104,105,752022,293,45229573,5,16749,373,176883,25,131436,49,1470725,4,36184,7,60701,0,0,7,39856,547,472,286398,62,16416,183,89668,415,213146,4,45454,1,30418,15,188257,28,504661,528,359865298,39,21154686,521,339479402,545,360598440,102,12934721,149,111034150,101,13499771,156,110469100,173,17584000,59,2748875,3,7305,25,478357,81,3810652,77,2662256,1,4000,395,10173886,399,5079436,133,1828890,597,97675073,748,252537839,781,101325169,212,6079544,906,95260891,8,347011,14,2362590,237,36510420,250,38278759,211,138314,
