state,sex,age_band_census,industry_census_code,persons
NSW,Male,15_19,Accom_food,25900
NSW,Male,20_24,Accom_food,17914
NSW,Male,25_34,Accom_food,23249
NSW,Male,35_44,Accom_food,16208
NSW,Male,45_54,Accom_food,11532
NSW,Male,55_64,Accom_food,9366
NSW,Male,65_74,Accom_food,2987
NSW,Male,75_84,Accom_food,430
NSW,Male,85ov,Accom_food,38
NSW,Male,15_19,Admin_supp,1426
NSW,Male,20_24,Admin_supp,5102
NSW,Male,25_34,Admin_supp,13013
NSW,Male,35_44,Admin_supp,12567
NSW,Male,45_54,Admin_supp,11816
NSW,Male,55_64,Admin_supp,9965
NSW,Male,65_74,Admin_supp,3243
NSW,Male,75_84,Admin_supp,402
NSW,Male,85ov,Admin_supp,16
NSW,Male,15_19,Ag_For_Fshg,1695
NSW,Male,20_24,Ag_For_Fshg,3034
NSW,Male,25_34,Ag_For_Fshg,7687
NSW,Male,35_44,Ag_For_Fshg,8036
NSW,Male,45_54,Ag_For_Fshg,9237
NSW,Male,55_64,Ag_For_Fshg,10888
NSW,Male,65_74,Ag_For_Fshg,7501
NSW,Male,75_84,Ag_For_Fshg,2836
NSW,Male,85ov,Ag_For_Fshg,447
NSW,Male,15_19,Art_recn,2117
NSW,Male,20_24,Art_recn,3278
NSW,Male,25_34,Art_recn,6345
NSW,Male,35_44,Art_recn,5437
NSW,Male,45_54,Art_recn,4428
NSW,Male,55_64,Art_recn,3417
NSW,Male,65_74,Art_recn,1302
NSW,Male,75_84,Art_recn,234
NSW,Male,85ov,Art_recn,23
NSW,Male,15_19,Constru,15492
NSW,Male,20_24,Constru,31063
NSW,Male,25_34,Constru,69581
NSW,Male,35_44,Constru,57729
NSW,Male,45_54,Constru,48495
NSW,Male,55_64,Constru,34978
NSW,Male,65_74,Constru,8883
NSW,Male,75_84,Constru,817
NSW,Male,85ov,Constru,47
NSW,Male,15_19,Educ_trng,2911
NSW,Male,20_24,Educ_trng,7005
NSW,Male,25_34,Educ_trng,18770
NSW,Male,35_44,Educ_trng,18993
NSW,Male,45_54,Educ_trng,18286
NSW,Male,55_64,Educ_trng,15965
NSW,Male,65_74,Educ_trng,5933
NSW,Male,75_84,Educ_trng,639
NSW,Male,85ov,Educ_trng,29
NSW,Male,15_19,El_Gas_Wt_Waste,283
NSW,Male,20_24,El_Gas_Wt_Waste,1174
NSW,Male,25_34,El_Gas_Wt_Waste,5143
NSW,Male,35_44,El_Gas_Wt_Waste,7133
NSW,Male,45_54,El_Gas_Wt_Waste,7052
NSW,Male,55_64,El_Gas_Wt_Waste,5481
NSW,Male,65_74,El_Gas_Wt_Waste,1019
NSW,Male,75_84,El_Gas_Wt_Waste,79
NSW,Male,85ov,El_Gas_Wt_Waste,4
NSW,Male,15_19,Fin_Insur,354
NSW,Male,20_24,Fin_Insur,5840
NSW,Male,25_34,Fin_Insur,24215
NSW,Male,35_44,Fin_Insur,31564
NSW,Male,45_54,Fin_Insur,22281
NSW,Male,55_64,Fin_Insur,10953
NSW,Male,65_74,Fin_Insur,2798
NSW,Male,75_84,Fin_Insur,496
NSW,Male,85ov,Fin_Insur,78
NSW,Male,15_19,HlthCare_SocAs,1646
NSW,Male,20_24,HlthCare_SocAs,8645
NSW,Male,25_34,HlthCare_SocAs,29261
NSW,Male,35_44,HlthCare_SocAs,26856
NSW,Male,45_54,HlthCare_SocAs,24509
NSW,Male,55_64,HlthCare_SocAs,21634
NSW,Male,65_74,HlthCare_SocAs,8035
NSW,Male,75_84,HlthCare_SocAs,1156
NSW,Male,85ov,HlthCare_SocAs,59
NSW,Male,15_19,ID_NS,3872
NSW,Male,20_24,ID_NS,9211
NSW,Male,25_34,ID_NS,24743
NSW,Male,35_44,ID_NS,22748
NSW,Male,45_54,ID_NS,19245
NSW,Male,55_64,ID_NS,14596
NSW,Male,65_74,ID_NS,4597
NSW,Male,75_84,ID_NS,1234
NSW,Male,85ov,ID_NS,265
NSW,Male,15_19,Info_media_teleco,643
NSW,Male,20_24,Info_media_teleco,2291
NSW,Male,25_34,Info_media_teleco,9468
NSW,Male,35_44,Info_media_teleco,12396
NSW,Male,45_54,Info_media_teleco,9286
NSW,Male,55_64,Info_media_teleco,5067
NSW,Male,65_74,Info_media_teleco,1122
NSW,Male,75_84,Info_media_teleco,167
NSW,Male,85ov,Info_media_teleco,22
NSW,Male,15_19,Manufact,4002
NSW,Male,20_24,Manufact,9571
NSW,Male,25_34,Manufact,27316
NSW,Male,35_44,Manufact,30317
NSW,Male,45_54,Manufact,32601
NSW,Male,55_64,Manufact,28038
NSW,Male,65_74,Manufact,6681
NSW,Male,75_84,Manufact,780
NSW,Male,85ov,Manufact,56
NSW,Male,15_19,Mining,320
NSW,Male,20_24,Mining,1498
NSW,Male,25_34,Mining,7143
NSW,Male,35_44,Mining,8593
NSW,Male,45_54,Mining,7316
NSW,Male,55_64,Mining,4842
NSW,Male,65_74,Mining,745
NSW,Male,75_84,Mining,76
NSW,Male,85ov,Mining,3
NSW,Male,15_19,Oth_scs,3367
NSW,Male,20_24,Oth_scs,6540
NSW,Male,25_34,Oth_scs,14729
NSW,Male,35_44,Oth_scs,13896
NSW,Male,45_54,Oth_scs,13665
NSW,Male,55_64,Oth_scs,11483
NSW,Male,65_74,Oth_scs,3694
NSW,Male,75_84,Oth_scs,583
NSW,Male,85ov,Oth_scs,43
NSW,Male,15_19,Pro_scien_tec,1323
NSW,Male,20_24,Pro_scien_tec,11287
NSW,Male,25_34,Pro_scien_tec,45483
NSW,Male,35_44,Pro_scien_tec,49376
NSW,Male,45_54,Pro_scien_tec,34528
NSW,Male,55_64,Pro_scien_tec,22794
NSW,Male,65_74,Pro_scien_tec,10115
NSW,Male,75_84,Pro_scien_tec,1801
NSW,Male,85ov,Pro_scien_tec,120
NSW,Male,15_19,Public_admin_sfty,1416
NSW,Male,20_24,Public_admin_sfty,6755
NSW,Male,25_34,Public_admin_sfty,25112
NSW,Male,35_44,Public_admin_sfty,29349
NSW,Male,45_54,Public_admin_sfty,29903
NSW,Male,55_64,Public_admin_sfty,22380
NSW,Male,65_74,Public_admin_sfty,5154
NSW,Male,75_84,Public_admin_sfty,378
NSW,Male,85ov,Public_admin_sfty,21
NSW,Male,15_19,RetTde,17416
NSW,Male,20_24,RetTde,23788
NSW,Male,25_34,RetTde,33784
NSW,Male,35_44,RetTde,27263
NSW,Male,45_54,RetTde,21766
NSW,Male,55_64,RetTde,17314
NSW,Male,65_74,RetTde,5674
NSW,Male,75_84,RetTde,904
NSW,Male,85ov,RetTde,68
NSW,Male,15_19,RtnHir_REst,562
NSW,Male,20_24,RtnHir_REst,2016
NSW,Male,25_34,RtnHir_REst,6609
NSW,Male,35_44,RtnHir_REst,7649
NSW,Male,45_54,RtnHir_REst,6617
NSW,Male,55_64,RtnHir_REst,4958
NSW,Male,65_74,RtnHir_REst,2229
NSW,Male,75_84,RtnHir_REst,565
NSW,Male,85ov,RtnHir_REst,97
NSW,Male,15_19,Trans_post_wrehsg,2008
NSW,Male,20_24,Trans_post_wrehsg,7279
NSW,Male,25_34,Trans_post_wrehsg,23858
NSW,Male,35_44,Trans_post_wrehsg,27999
NSW,Male,45_54,Trans_post_wrehsg,30192
NSW,Male,55_64,Trans_post_wrehsg,28099
NSW,Male,65_74,Trans_post_wrehsg,8301
NSW,Male,75_84,Trans_post_wrehsg,883
NSW,Male,85ov,Trans_post_wrehsg,35
NSW,Male,15_19,WhlesaleTde,1383
NSW,Male,20_24,WhlesaleTde,3728
NSW,Male,25_34,WhlesaleTde,12282
NSW,Male,35_44,WhlesaleTde,15989
NSW,Male,45_54,WhlesaleTde,15641
NSW,Male,55_64,WhlesaleTde,12326
NSW,Male,65_74,WhlesaleTde,3285
NSW,Male,75_84,WhlesaleTde,535
NSW,Male,85ov,WhlesaleTde,43
NSW,Female,15_19,Accom_food,33094
NSW,Female,20_24,Accom_food,20310
NSW,Female,25_34,Accom_food,22557
NSW,Female,35_44,Accom_food,16047
NSW,Female,45_54,Accom_food,13987
NSW,Female,55_64,Accom_food,11025
NSW,Female,65_74,Accom_food,2546
NSW,Female,75_84,Accom_food,253
NSW,Female,85ov,Accom_food,21
NSW,Female,15_19,Admin_supp,1018
NSW,Female,20_24,Admin_supp,4645
NSW,Female,25_34,Admin_supp,14351
NSW,Female,35_44,Admin_supp,13879
NSW,Female,45_54,Admin_supp,13476
NSW,Female,55_64,Admin_supp,10342
NSW,Female,65_74,Admin_supp,2479
NSW,Female,75_84,Admin_supp,235
NSW,Female,85ov,Admin_supp,6
NSW,Female,15_19,Ag_For_Fshg,743
NSW,Female,20_24,Ag_For_Fshg,1355
NSW,Female,25_34,Ag_For_Fshg,3229
NSW,Female,35_44,Ag_For_Fshg,3542
NSW,Female,45_54,Ag_For_Fshg,4581
NSW,Female,55_64,Ag_For_Fshg,4969
NSW,Female,65_74,Ag_For_Fshg,3572
NSW,Female,75_84,Ag_For_Fshg,1222
NSW,Female,85ov,Ag_For_Fshg,156
NSW,Female,15_19,Art_recn,2351
NSW,Female,20_24,Art_recn,3343
NSW,Female,25_34,Art_recn,6193
NSW,Female,35_44,Art_recn,5107
NSW,Female,45_54,Art_recn,4253
NSW,Female,55_64,Art_recn,2829
NSW,Female,65_74,Art_recn,949
NSW,Female,75_84,Art_recn,158
NSW,Female,85ov,Art_recn,15
NSW,Female,15_19,Constru,897
NSW,Female,20_24,Constru,3063
NSW,Female,25_34,Constru,11894
NSW,Female,35_44,Constru,12678
NSW,Female,45_54,Constru,10771
NSW,Female,55_64,Constru,7035
NSW,Female,65_74,Constru,1888
NSW,Female,75_84,Constru,209
NSW,Female,85ov,Constru,15
NSW,Female,15_19,Educ_trng,6021
NSW,Female,20_24,Educ_trng,16530
NSW,Female,25_34,Educ_trng,49397
NSW,Female,35_44,Educ_trng,53944
NSW,Female,45_54,Educ_trng,55902
NSW,Female,55_64,Educ_trng,40901
NSW,Female,65_74,Educ_trng,10275
NSW,Female,75_84,Educ_trng,708
NSW,Female,85ov,Educ_trng,25
NSW,Female,15_19,El_Gas_Wt_Waste,70
NSW,Female,20_24,El_Gas_Wt_Waste,393
NSW,Female,25_34,El_Gas_Wt_Waste,1749
NSW,Female,35_44,El_Gas_Wt_Waste,2314
NSW,Female,45_54,El_Gas_Wt_Waste,2242
NSW,Female,55_64,El_Gas_Wt_Waste,1243
NSW,Female,65_74,El_Gas_Wt_Waste,196
NSW,Female,75_84,El_Gas_Wt_Waste,14
NSW,Female,85ov,El_Gas_Wt_Waste,0
NSW,Female,15_19,Fin_Insur,503
NSW,Female,20_24,Fin_Insur,5967
NSW,Female,25_34,Fin_Insur,25851
NSW,Female,35_44,Fin_Insur,29685
NSW,Female,45_54,Fin_Insur,20792
NSW,Female,55_64,Fin_Insur,10141
NSW,Female,65_74,Fin_Insur,1960
NSW,Female,75_84,Fin_Insur,191
NSW,Female,85ov,Fin_Insur,22
NSW,Female,15_19,HlthCare_SocAs,7516
NSW,Female,20_24,HlthCare_SocAs,35825
NSW,Female,25_34,HlthCare_SocAs,95453
NSW,Female,35_44,HlthCare_SocAs,86367
NSW,Female,45_54,HlthCare_SocAs,87159
NSW,Female,55_64,HlthCare_SocAs,75408
NSW,Female,65_74,HlthCare_SocAs,18320
NSW,Female,75_84,HlthCare_SocAs,1278
NSW,Female,85ov,HlthCare_SocAs,36
NSW,Female,15_19,ID_NS,2872
NSW,Female,20_24,ID_NS,6435
NSW,Female,25_34,ID_NS,17422
NSW,Female,35_44,ID_NS,15902
NSW,Female,45_54,ID_NS,13006
NSW,Female,55_64,ID_NS,8671
NSW,Female,65_74,ID_NS,2907
NSW,Female,75_84,ID_NS,849
NSW,Female,85ov,ID_NS,207
NSW,Female,15_19,Info_media_teleco,615
NSW,Female,20_24,Info_media_teleco,2221
NSW,Female,25_34,Info_media_teleco,8101
NSW,Female,35_44,Info_media_teleco,7703
NSW,Female,45_54,Info_media_teleco,5386
NSW,Female,55_64,Info_media_teleco,2828
NSW,Female,65_74,Info_media_teleco,672
NSW,Female,75_84,Info_media_teleco,85
NSW,Female,85ov,Info_media_teleco,3
NSW,Female,15_19,Manufact,2670
NSW,Female,20_24,Manufact,3975
NSW,Female,25_34,Manufact,12445
NSW,Female,35_44,Manufact,14533
NSW,Female,45_54,Manufact,15054
NSW,Female,55_64,Manufact,10986
NSW,Female,65_74,Manufact,2395
NSW,Female,75_84,Manufact,213
NSW,Female,85ov,Manufact,12
NSW,Female,15_19,Mining,49
NSW,Female,20_24,Mining,378
NSW,Female,25_34,Mining,1374
NSW,Female,35_44,Mining,1333
NSW,Female,45_54,Mining,1088
NSW,Female,55_64,Mining,530
NSW,Female,65_74,Mining,83
NSW,Female,75_84,Mining,17
NSW,Female,85ov,Mining,5
NSW,Female,15_19,Oth_scs,2871
NSW,Female,20_24,Oth_scs,5737
NSW,Female,25_34,Oth_scs,14210
NSW,Female,35_44,Oth_scs,12456
NSW,Female,45_54,Oth_scs,11746
NSW,Female,55_64,Oth_scs,7992
NSW,Female,65_74,Oth_scs,2115
NSW,Female,75_84,Oth_scs,239
NSW,Female,85ov,Oth_scs,12
NSW,Female,15_19,Pro_scien_tec,1653
NSW,Female,20_24,Pro_scien_tec,13020
NSW,Female,25_34,Pro_scien_tec,45173
NSW,Female,35_44,Pro_scien_tec,39169
NSW,Female,45_54,Pro_scien_tec,28107
NSW,Female,55_64,Pro_scien_tec,16714
NSW,Female,65_74,Pro_scien_tec,5266
NSW,Female,75_84,Pro_scien_tec,641
NSW,Female,85ov,Pro_scien_tec,19
NSW,Female,15_19,Public_admin_sfty,988
NSW,Female,20_24,Public_admin_sfty,5567
NSW,Female,25_34,Public_admin_sfty,22113
NSW,Female,35_44,Public_admin_sfty,27265
NSW,Female,45_54,Public_admin_sfty,26510
NSW,Female,55_64,Public_admin_sfty,16768
NSW,Female,65_74,Public_admin_sfty,3066
NSW,Female,75_84,Public_admin_sfty,163
NSW,Female,85ov,Public_admin_sfty,9
NSW,Female,15_19,RetTde,25482
NSW,Female,20_24,RetTde,26966
NSW,Female,25_34,RetTde,37350
NSW,Female,35_44,RetTde,31888
NSW,Female,45_54,RetTde,30920
NSW,Female,55_64,RetTde,24392
NSW,Female,65_74,RetTde,5912
NSW,Female,75_84,RetTde,553
NSW,Female,85ov,RetTde,34
NSW,Female,15_19,RtnHir_REst,682
NSW,Female,20_24,RtnHir_REst,2765
NSW,Female,25_34,RtnHir_REst,7677
NSW,Female,35_44,RtnHir_REst,7621
NSW,Female,45_54,RtnHir_REst,6645
NSW,Female,55_64,RtnHir_REst,4172
NSW,Female,65_74,RtnHir_REst,1443
NSW,Female,75_84,RtnHir_REst,299
NSW,Female,85ov,RtnHir_REst,40
NSW,Female,15_19,Trans_post_wrehsg,694
NSW,Female,20_24,Trans_post_wrehsg,2673
NSW,Female,25_34,Trans_post_wrehsg,8432
NSW,Female,35_44,Trans_post_wrehsg,9564
NSW,Female,45_54,Trans_post_wrehsg,10061
NSW,Female,55_64,Trans_post_wrehsg,7556
NSW,Female,65_74,Trans_post_wrehsg,1780
NSW,Female,75_84,Trans_post_wrehsg,190
NSW,Female,85ov,Trans_post_wrehsg,9
NSW,Female,15_19,WhlesaleTde,566
NSW,Female,20_24,WhlesaleTde,2308
NSW,Female,25_34,WhlesaleTde,8270
NSW,Female,35_44,WhlesaleTde,10051
NSW,Female,45_54,WhlesaleTde,9416
NSW,Female,55_64,WhlesaleTde,6036
NSW,Female,65_74,WhlesaleTde,1418
NSW,Female,75_84,WhlesaleTde,165
NSW,Female,85ov,WhlesaleTde,11
VIC,Male,15_19,Accom_food,22168
VIC,Male,20_24,Accom_food,16765
VIC,Male,25_34,Accom_food,21022
VIC,Male,35_44,Accom_food,13582
VIC,Male,45_54,Accom_food,8804
VIC,Male,55_64,Accom_food,6728
VIC,Male,65_74,Accom_food,2135
VIC,Male,75_84,Accom_food,275
VIC,Male,85ov,Accom_food,15
VIC,Male,15_19,Admin_supp,1119
VIC,Male,20_24,Admin_supp,4479
VIC,Male,25_34,Admin_supp,12134
VIC,Male,35_44,Admin_supp,10739
VIC,Male,45_54,Admin_supp,9972
VIC,Male,55_64,Admin_supp,8118
VIC,Male,65_74,Admin_supp,2758
VIC,Male,75_84,Admin_supp,392
VIC,Male,85ov,Admin_supp,21
VIC,Male,15_19,Ag_For_Fshg,1477
VIC,Male,20_24,Ag_For_Fshg,2819
VIC,Male,25_34,Ag_For_Fshg,7307
VIC,Male,35_44,Ag_For_Fshg,7333
VIC,Male,45_54,Ag_For_Fshg,8325
VIC,Male,55_64,Ag_For_Fshg,9041
VIC,Male,65_74,Ag_For_Fshg,6132
VIC,Male,75_84,Ag_For_Fshg,2352
VIC,Male,85ov,Ag_For_Fshg,348
VIC,Male,15_19,Art_recn,2696
VIC,Male,20_24,Art_recn,3638
VIC,Male,25_34,Art_recn,7046
VIC,Male,35_44,Art_recn,5583
VIC,Male,45_54,Art_recn,4409
VIC,Male,55_64,Art_recn,3066
VIC,Male,65_74,Art_recn,1224
VIC,Male,75_84,Art_recn,207
VIC,Male,85ov,Art_recn,9
VIC,Male,15_19,Constru,10999
VIC,Male,20_24,Constru,29497
VIC,Male,25_34,Constru,71687
VIC,Male,35_44,Constru,57519
VIC,Male,45_54,Constru,46783
VIC,Male,55_64,Constru,31731
VIC,Male,65_74,Constru,7668
VIC,Male,75_84,Constru,747
VIC,Male,85ov,Constru,53
VIC,Male,15_19,Educ_trng,2217
VIC,Male,20_24,Educ_trng,5612
VIC,Male,25_34,Educ_trng,18382
VIC,Male,35_44,Educ_trng,18499
VIC,Male,45_54,Educ_trng,15540
VIC,Male,55_64,Educ_trng,13234
VIC,Male,65_74,Educ_trng,4718
VIC,Male,75_84,Educ_trng,470
VIC,Male,85ov,Educ_trng,21
VIC,Male,15_19,El_Gas_Wt_Waste,190
VIC,Male,20_24,El_Gas_Wt_Waste,1019
VIC,Male,25_34,El_Gas_Wt_Waste,5394
VIC,Male,35_44,El_Gas_Wt_Waste,7078
VIC,Male,45_54,El_Gas_Wt_Waste,6028
VIC,Male,55_64,El_Gas_Wt_Waste,4776
VIC,Male,65_74,El_Gas_Wt_Waste,906
VIC,Male,75_84,El_Gas_Wt_Waste,67
VIC,Male,85ov,El_Gas_Wt_Waste,8
VIC,Male,15_19,Fin_Insur,211
VIC,Male,20_24,Fin_Insur,3638
VIC,Male,25_34,Fin_Insur,16675
VIC,Male,35_44,Fin_Insur,21633
VIC,Male,45_54,Fin_Insur,14753
VIC,Male,55_64,Fin_Insur,7371
VIC,Male,65_74,Fin_Insur,2028
VIC,Male,75_84,Fin_Insur,367
VIC,Male,85ov,Fin_Insur,62
VIC,Male,15_19,HlthCare_SocAs,1089
VIC,Male,20_24,HlthCare_SocAs,6325
VIC,Male,25_34,HlthCare_SocAs,24489
VIC,Male,35_44,HlthCare_SocAs,22321
VIC,Male,45_54,HlthCare_SocAs,19625
VIC,Male,55_64,HlthCare_SocAs,16542
VIC,Male,65_74,HlthCare_SocAs,6035
VIC,Male,75_84,HlthCare_SocAs,782
VIC,Male,85ov,HlthCare_SocAs,45
VIC,Male,15_19,ID_NS,2836
VIC,Male,20_24,ID_NS,8056
VIC,Male,25_34,ID_NS,22352
VIC,Male,35_44,ID_NS,20004
VIC,Male,45_54,ID_NS,17252
VIC,Male,55_64,ID_NS,12816
VIC,Male,65_74,ID_NS,4001
VIC,Male,75_84,ID_NS,1022
VIC,Male,85ov,ID_NS,216
VIC,Male,15_19,Info_media_teleco,553
VIC,Male,20_24,Info_media_teleco,2040
VIC,Male,25_34,Info_media_teleco,7178
VIC,Male,35_44,Info_media_teleco,9252
VIC,Male,45_54,Info_media_teleco,6654
VIC,Male,55_64,Info_media_teleco,3696
VIC,Male,65_74,Info_media_teleco,820
VIC,Male,75_84,Info_media_teleco,119
VIC,Male,85ov,Info_media_teleco,5
VIC,Male,15_19,Manufact,3294
VIC,Male,20_24,Manufact,9588
VIC,Male,25_34,Manufact,30004
VIC,Male,35_44,Manufact,34433
VIC,Male,45_54,Manufact,37293
VIC,Male,55_64,Manufact,30374
VIC,Male,65_74,Manufact,7169
VIC,Male,75_84,Manufact,764
VIC,Male,85ov,Manufact,53
VIC,Male,15_19,Mining,73
VIC,Male,20_24,Mining,324
VIC,Male,25_34,Mining,1526
VIC,Male,35_44,Mining,2009
VIC,Male,45_54,Mining,1954
VIC,Male,55_64,Mining,1493
VIC,Male,65_74,Mining,331
VIC,Male,75_84,Mining,39
VIC,Male,85ov,Mining,5
VIC,Male,15_19,Oth_scs,1930
VIC,Male,20_24,Oth_scs,5382
VIC,Male,25_34,Oth_scs,13239
VIC,Male,35_44,Oth_scs,11897
VIC,Male,45_54,Oth_scs,11642
VIC,Male,55_64,Oth_scs,9704
VIC,Male,65_74,Oth_scs,3221
VIC,Male,75_84,Oth_scs,511
VIC,Male,85ov,Oth_scs,31
VIC,Male,15_19,Pro_scien_tec,790
VIC,Male,20_24,Pro_scien_tec,8029
VIC,Male,25_34,Pro_scien_tec,39039
VIC,Male,35_44,Pro_scien_tec,42108
VIC,Male,45_54,Pro_scien_tec,29233
VIC,Male,55_64,Pro_scien_tec,18477
VIC,Male,65_74,Pro_scien_tec,7917
VIC,Male,75_84,Pro_scien_tec,1448
VIC,Male,85ov,Pro_scien_tec,74
VIC,Male,15_19,Public_admin_sfty,912
VIC,Male,20_24,Public_admin_sfty,4876
VIC,Male,25_34,Public_admin_sfty,20168
VIC,Male,35_44,Public_admin_sfty,22193
VIC,Male,45_54,Public_admin_sfty,20801
VIC,Male,55_64,Public_admin_sfty,16166
VIC,Male,65_74,Public_admin_sfty,4257
VIC,Male,75_84,Public_admin_sfty,452
VIC,Male,85ov,Public_admin_sfty,27
VIC,Male,15_19,RetTde,15839
VIC,Male,20_24,RetTde,22151
VIC,Male,25_34,RetTde,30109
VIC,Male,35_44,RetTde,23753
VIC,Male,45_54,RetTde,19460
VIC,Male,55_64,RetTde,14343
VIC,Male,65_74,RetTde,4910
VIC,Male,75_84,RetTde,699
VIC,Male,85ov,RetTde,46
VIC,Male,15_19,RtnHir_REst,275
VIC,Male,20_24,RtnHir_REst,1422
VIC,Male,25_34,RtnHir_REst,5365
VIC,Male,35_44,RtnHir_REst,5789
VIC,Male,45_54,RtnHir_REst,4799
VIC,Male,55_64,RtnHir_REst,3511
VIC,Male,65_74,RtnHir_REst,1524
VIC,Male,75_84,RtnHir_REst,378
VIC,Male,85ov,RtnHir_REst,38
VIC,Male,15_19,Trans_post_wrehsg,1273
VIC,Male,20_24,Trans_post_wrehsg,7118
VIC,Male,25_34,Trans_post_wrehsg,25130
VIC,Male,35_44,Trans_post_wrehsg,26605
VIC,Male,45_54,Trans_post_wrehsg,23797
VIC,Male,55_64,Trans_post_wrehsg,22046
VIC,Male,65_74,Trans_post_wrehsg,6517
VIC,Male,75_84,Trans_post_wrehsg,577
VIC,Male,85ov,Trans_post_wrehsg,22
VIC,Male,15_19,WhlesaleTde,1126
VIC,Male,20_24,WhlesaleTde,3489
VIC,Male,25_34,WhlesaleTde,10664
VIC,Male,35_44,WhlesaleTde,13596
VIC,Male,45_54,WhlesaleTde,14414
VIC,Male,55_64,WhlesaleTde,11185
VIC,Male,65_74,WhlesaleTde,3023
VIC,Male,75_84,WhlesaleTde,411
VIC,Male,85ov,WhlesaleTde,39
VIC,Female,15_19,Accom_food,30039
VIC,Female,20_24,Accom_food,20456
VIC,Female,25_34,Accom_food,20496
VIC,Female,35_44,Accom_food,12744
VIC,Female,45_54,Accom_food,11103
VIC,Female,55_64,Accom_food,7953
VIC,Female,65_74,Accom_food,1840
VIC,Female,75_84,Accom_food,152
VIC,Female,85ov,Accom_food,11
VIC,Female,15_19,Admin_supp,777
VIC,Female,20_24,Admin_supp,4134
VIC,Female,25_34,Admin_supp,12778
VIC,Female,35_44,Admin_supp,11167
VIC,Female,45_54,Admin_supp,10838
VIC,Female,55_64,Admin_supp,7752
VIC,Female,65_74,Admin_supp,2009
VIC,Female,75_84,Admin_supp,186
VIC,Female,85ov,Admin_supp,7
VIC,Female,15_19,Ag_For_Fshg,679
VIC,Female,20_24,Ag_For_Fshg,1272
VIC,Female,25_34,Ag_For_Fshg,3599
VIC,Female,35_44,Ag_For_Fshg,3725
VIC,Female,45_54,Ag_For_Fshg,4266
VIC,Female,55_64,Ag_For_Fshg,4451
VIC,Female,65_74,Ag_For_Fshg,3006
VIC,Female,75_84,Ag_For_Fshg,981
VIC,Female,85ov,Ag_For_Fshg,104
VIC,Female,15_19,Art_recn,2734
VIC,Female,20_24,Art_recn,3841
VIC,Female,25_34,Art_recn,6408
VIC,Female,35_44,Art_recn,5506
VIC,Female,45_54,Art_recn,4515
VIC,Female,55_64,Art_recn,2765
VIC,Female,65_74,Art_recn,831
VIC,Female,75_84,Art_recn,111
VIC,Female,85ov,Art_recn,8
VIC,Female,15_19,Constru,544
VIC,Female,20_24,Constru,2845
VIC,Female,25_34,Constru,10566
VIC,Female,35_44,Constru,10591
VIC,Female,45_54,Constru,9107
VIC,Female,55_64,Constru,6023
VIC,Female,65_74,Constru,1474
VIC,Female,75_84,Constru,155
VIC,Female,85ov,Constru,3
VIC,Female,15_19,Educ_trng,3773
VIC,Female,20_24,Educ_trng,12472
VIC,Female,25_34,Educ_trng,45130
VIC,Female,35_44,Educ_trng,48261
VIC,Female,45_54,Educ_trng,46802
VIC,Female,55_64,Educ_trng,33744
VIC,Female,65_74,Educ_trng,7693
VIC,Female,75_84,Educ_trng,514
VIC,Female,85ov,Educ_trng,18
VIC,Female,15_19,El_Gas_Wt_Waste,57
VIC,Female,20_24,El_Gas_Wt_Waste,499
VIC,Female,25_34,El_Gas_Wt_Waste,2647
VIC,Female,35_44,El_Gas_Wt_Waste,3527
VIC,Female,45_54,El_Gas_Wt_Waste,2441
VIC,Female,55_64,El_Gas_Wt_Waste,1193
VIC,Female,65_74,El_Gas_Wt_Waste,191
VIC,Female,75_84,El_Gas_Wt_Waste,5
VIC,Female,85ov,El_Gas_Wt_Waste,0
VIC,Female,15_19,Fin_Insur,231
VIC,Female,20_24,Fin_Insur,3298
VIC,Female,25_34,Fin_Insur,16788
VIC,Female,35_44,Fin_Insur,19782
VIC,Female,45_54,Fin_Insur,13501
VIC,Female,55_64,Fin_Insur,6561
VIC,Female,65_74,Fin_Insur,1337
VIC,Female,75_84,Fin_Insur,108
VIC,Female,85ov,Fin_Insur,12
VIC,Female,15_19,HlthCare_SocAs,3832
VIC,Female,20_24,HlthCare_SocAs,27834
VIC,Female,25_34,HlthCare_SocAs,88318
VIC,Female,35_44,HlthCare_SocAs,77862
VIC,Female,45_54,HlthCare_SocAs,74507
VIC,Female,55_64,HlthCare_SocAs,60921
VIC,Female,65_74,HlthCare_SocAs,14535
VIC,Female,75_84,HlthCare_SocAs,812
VIC,Female,85ov,HlthCare_SocAs,28
VIC,Female,15_19,ID_NS,2213
VIC,Female,20_24,ID_NS,5222
VIC,Female,25_34,ID_NS,14487
VIC,Female,35_44,ID_NS,12940
VIC,Female,45_54,ID_NS,11049
VIC,Female,55_64,ID_NS,7380
VIC,Female,65_74,ID_NS,2363
VIC,Female,75_84,ID_NS,688
VIC,Female,85ov,ID_NS,181
VIC,Female,15_19,Info_media_teleco,675
VIC,Female,20_24,Info_media_teleco,1698
VIC,Female,25_34,Info_media_teleco,5393
VIC,Female,35_44,Info_media_teleco,5302
VIC,Female,45_54,Info_media_teleco,3797
VIC,Female,55_64,Info_media_teleco,1949
VIC,Female,65_74,Info_media_teleco,472
VIC,Female,75_84,Info_media_teleco,56
VIC,Female,85ov,Info_media_teleco,6
VIC,Female,15_19,Manufact,3609
VIC,Female,20_24,Manufact,4479
VIC,Female,25_34,Manufact,13218
VIC,Female,35_44,Manufact,15586
VIC,Female,45_54,Manufact,16717
VIC,Female,55_64,Manufact,11625
VIC,Female,65_74,Manufact,2409
VIC,Female,75_84,Manufact,213
VIC,Female,85ov,Manufact,10
VIC,Female,15_19,Mining,12
VIC,Female,20_24,Mining,88
VIC,Female,25_34,Mining,337
VIC,Female,35_44,Mining,437
VIC,Female,45_54,Mining,457
VIC,Female,55_64,Mining,218
VIC,Female,65_74,Mining,57
VIC,Female,75_84,Mining,7
VIC,Female,85ov,Mining,3
VIC,Female,15_19,Oth_scs,1762
VIC,Female,20_24,Oth_scs,5246
VIC,Female,25_34,Oth_scs,13788
VIC,Female,35_44,Oth_scs,11837
VIC,Female,45_54,Oth_scs,10526
VIC,Female,55_64,Oth_scs,7039
VIC,Female,65_74,Oth_scs,1822
VIC,Female,75_84,Oth_scs,180
VIC,Female,85ov,Oth_scs,18
VIC,Female,15_19,Pro_scien_tec,807
VIC,Female,20_24,Pro_scien_tec,8753
VIC,Female,25_34,Pro_scien_tec,37033
VIC,Female,35_44,Pro_scien_tec,32749
VIC,Female,45_54,Pro_scien_tec,23017
VIC,Female,55_64,Pro_scien_tec,13026
VIC,Female,65_74,Pro_scien_tec,3992
VIC,Female,75_84,Pro_scien_tec,425
VIC,Female,85ov,Pro_scien_tec,19
VIC,Female,15_19,Public_admin_sfty,605
VIC,Female,20_24,Public_admin_sfty,4437
VIC,Female,25_34,Public_admin_sfty,19774
VIC,Female,35_44,Public_admin_sfty,23319
VIC,Female,45_54,Public_admin_sfty,21963
VIC,Female,55_64,Public_admin_sfty,14862
VIC,Female,65_74,Public_admin_sfty,3007
VIC,Female,75_84,Public_admin_sfty,251
VIC,Female,85ov,Public_admin_sfty,7
VIC,Female,15_19,RetTde,23053
VIC,Female,20_24,RetTde,29054
VIC,Female,25_34,RetTde,34170
VIC,Female,35_44,RetTde,26709
VIC,Female,45_54,RetTde,27443
VIC,Female,55_64,RetTde,20541
VIC,Female,65_74,RetTde,4787
VIC,Female,75_84,RetTde,391
VIC,Female,85ov,RetTde,22
VIC,Female,15_19,RtnHir_REst,344
VIC,Female,20_24,RtnHir_REst,1930
VIC,Female,25_34,RtnHir_REst,6398
VIC,Female,35_44,RtnHir_REst,5428
VIC,Female,45_54,RtnHir_REst,4845
VIC,Female,55_64,RtnHir_REst,3024
VIC,Female,65_74,RtnHir_REst,1005
VIC,Female,75_84,RtnHir_REst,173
VIC,Female,85ov,RtnHir_REst,17
VIC,Female,15_19,Trans_post_wrehsg,484
VIC,Female,20_24,Trans_post_wrehsg,2463
VIC,Female,25_34,Trans_post_wrehsg,7750
VIC,Female,35_44,Trans_post_wrehsg,8132
VIC,Female,45_54,Trans_post_wrehsg,8195
VIC,Female,55_64,Trans_post_wrehsg,5800
VIC,Female,65_74,Trans_post_wrehsg,1241
VIC,Female,75_84,Trans_post_wrehsg,97
VIC,Female,85ov,Trans_post_wrehsg,8
VIC,Female,15_19,WhlesaleTde,492
VIC,Female,20_24,WhlesaleTde,1975
VIC,Female,25_34,WhlesaleTde,6716
VIC,Female,35_44,WhlesaleTde,7969
VIC,Female,45_54,WhlesaleTde,7914
VIC,Female,55_64,WhlesaleTde,5055
VIC,Female,65_74,WhlesaleTde,1134
VIC,Female,75_84,WhlesaleTde,122
VIC,Female,85ov,WhlesaleTde,9
QLD,Male,15_19,Accom_food,23588
QLD,Male,20_24,Accom_food,12264
QLD,Male,25_34,Accom_food,15797
QLD,Male,35_44,Accom_food,9982
QLD,Male,45_54,Accom_food,7631
QLD,Male,55_64,Accom_food,5633
QLD,Male,65_74,Accom_food,1926
QLD,Male,75_84,Accom_food,316
QLD,Male,85ov,Accom_food,19
QLD,Male,15_19,Admin_supp,1324
QLD,Male,20_24,Admin_supp,3704
QLD,Male,25_34,Admin_supp,8510
QLD,Male,35_44,Admin_supp,8070
QLD,Male,45_54,Admin_supp,8173
QLD,Male,55_64,Admin_supp,6347
QLD,Male,65_74,Admin_supp,2000
QLD,Male,75_84,Admin_supp,222
QLD,Male,85ov,Admin_supp,3
QLD,Male,15_19,Ag_For_Fshg,1572
QLD,Male,20_24,Ag_For_Fshg,2992
QLD,Male,25_34,Ag_For_Fshg,7368
QLD,Male,35_44,Ag_For_Fshg,6502
QLD,Male,45_54,Ag_For_Fshg,7588
QLD,Male,55_64,Ag_For_Fshg,8005
QLD,Male,65_74,Ag_For_Fshg,4837
QLD,Male,75_84,Ag_For_Fshg,1754
QLD,Male,85ov,Ag_For_Fshg,239
QLD,Male,15_19,Art_recn,1928
QLD,Male,20_24,Art_recn,2543
QLD,Male,25_34,Art_recn,4151
QLD,Male,35_44,Art_recn,3529
QLD,Male,45_54,Art_recn,3230
QLD,Male,55_64,Art_recn,2298
QLD,Male,65_74,Art_recn,794
QLD,Male,75_84,Art_recn,143
QLD,Male,85ov,Art_recn,20
QLD,Male,15_19,Constru,9129
QLD,Male,20_24,Constru,19462
QLD,Male,25_34,Constru,45978
QLD,Male,35_44,Constru,42836
QLD,Male,45_54,Constru,37769
QLD,Male,55_64,Constru,26353
QLD,Male,65_74,Constru,6423
QLD,Male,75_84,Constru,567
QLD,Male,85ov,Constru,30
QLD,Male,15_19,Educ_trng,1694
QLD,Male,20_24,Educ_trng,4267
QLD,Male,25_34,Educ_trng,10806
QLD,Male,35_44,Educ_trng,12444
QLD,Male,45_54,Educ_trng,12723
QLD,Male,55_64,Educ_trng,10595
QLD,Male,65_74,Educ_trng,3365
QLD,Male,75_84,Educ_trng,370
QLD,Male,85ov,Educ_trng,17
QLD,Male,15_19,El_Gas_Wt_Waste,339
QLD,Male,20_24,El_Gas_Wt_Waste,1074
QLD,Male,25_34,El_Gas_Wt_Waste,3762
QLD,Male,35_44,El_Gas_Wt_Waste,5671
QLD,Male,45_54,El_Gas_Wt_Waste,5813
QLD,Male,55_64,El_Gas_Wt_Waste,4398
QLD,Male,65_74,El_Gas_Wt_Waste,729
QLD,Male,75_84,El_Gas_Wt_Waste,56
QLD,Male,85ov,El_Gas_Wt_Waste,0
QLD,Male,15_19,Fin_Insur,207
QLD,Male,20_24,Fin_Insur,1854
QLD,Male,25_34,Fin_Insur,6194
QLD,Male,35_44,Fin_Insur,7764
QLD,Male,45_54,Fin_Insur,6884
QLD,Male,55_64,Fin_Insur,3755
QLD,Male,65_74,Fin_Insur,1170
QLD,Male,75_84,Fin_Insur,204
QLD,Male,85ov,Fin_Insur,26
QLD,Male,15_19,HlthCare_SocAs,1191
QLD,Male,20_24,HlthCare_SocAs,5991
QLD,Male,25_34,HlthCare_SocAs,19882
QLD,Male,35_44,HlthCare_SocAs,19215
QLD,Male,45_54,HlthCare_SocAs,18188
QLD,Male,55_64,HlthCare_SocAs,14354
QLD,Male,65_74,HlthCare_SocAs,4349
QLD,Male,75_84,HlthCare_SocAs,529
QLD,Male,85ov,HlthCare_SocAs,23
QLD,Male,15_19,ID_NS,3433
QLD,Male,20_24,ID_NS,6925
QLD,Male,25_34,ID_NS,15322
QLD,Male,35_44,ID_NS,14539
QLD,Male,45_54,ID_NS,12999
QLD,Male,55_64,ID_NS,9255
QLD,Male,65_74,ID_NS,2927
QLD,Male,75_84,ID_NS,794
QLD,Male,85ov,ID_NS,168
QLD,Male,15_19,Info_media_teleco,392
QLD,Male,20_24,Info_media_teleco,1346
QLD,Male,25_34,Info_media_teleco,3288
QLD,Male,35_44,Info_media_teleco,3473
QLD,Male,45_54,Info_media_teleco,3087
QLD,Male,55_64,Info_media_teleco,1941
QLD,Male,65_74,Info_media_teleco,475
QLD,Male,75_84,Info_media_teleco,71
QLD,Male,85ov,Info_media_teleco,0
QLD,Male,15_19,Manufact,4032
QLD,Male,20_24,Manufact,8831
QLD,Male,25_34,Manufact,20346
QLD,Male,35_44,Manufact,22719
QLD,Male,45_54,Manufact,23279
QLD,Male,55_64,Manufact,17938
QLD,Male,65_74,Manufact,3786
QLD,Male,75_84,Manufact,419
QLD,Male,85ov,Manufact,21
QLD,Male,15_19,Mining,435
QLD,Male,20_24,Mining,2090
QLD,Male,25_34,Mining,9600
QLD,Male,35_44,Mining,12922
QLD,Male,45_54,Mining,11700
QLD,Male,55_64,Mining,7411
QLD,Male,65_74,Mining,1208
QLD,Male,75_84,Mining,79
QLD,Male,85ov,Mining,3
QLD,Male,15_19,Oth_scs,2788
QLD,Male,20_24,Oth_scs,5468
QLD,Male,25_34,Oth_scs,11272
QLD,Male,35_44,Oth_scs,9997
QLD,Male,45_54,Oth_scs,9191
QLD,Male,55_64,Oth_scs,7471
QLD,Male,65_74,Oth_scs,2359
QLD,Male,75_84,Oth_scs,342
QLD,Male,85ov,Oth_scs,24
QLD,Male,15_19,Pro_scien_tec,1006
QLD,Male,20_24,Pro_scien_tec,6057
QLD,Male,25_34,Pro_scien_tec,19940
QLD,Male,35_44,Pro_scien_tec,22990
QLD,Male,45_54,Pro_scien_tec,19268
QLD,Male,55_64,Pro_scien_tec,11977
QLD,Male,65_74,Pro_scien_tec,4878
QLD,Male,75_84,Pro_scien_tec,698
QLD,Male,85ov,Pro_scien_tec,20
QLD,Male,15_19,Public_admin_sfty,868
QLD,Male,20_24,Public_admin_sfty,5580
QLD,Male,25_34,Public_admin_sfty,17087
QLD,Male,35_44,Public_admin_sfty,18951
QLD,Male,45_54,Public_admin_sfty,21108
QLD,Male,55_64,Public_admin_sfty,15361
QLD,Male,65_74,Public_admin_sfty,3044
QLD,Male,75_84,Public_admin_sfty,213
QLD,Male,85ov,Public_admin_sfty,14
QLD,Male,15_19,RetTde,14584
QLD,Male,20_24,RetTde,15763
QLD,Male,25_34,RetTde,21479
QLD,Male,35_44,RetTde,16281
QLD,Male,45_54,RetTde,14123
QLD,Male,55_64,RetTde,10565
QLD,Male,65_74,RetTde,3455
QLD,Male,75_84,RetTde,474
QLD,Male,85ov,RetTde,34
QLD,Male,15_19,RtnHir_REst,396
QLD,Male,20_24,RtnHir_REst,1240
QLD,Male,25_34,RtnHir_REst,3677
QLD,Male,35_44,RtnHir_REst,4445
QLD,Male,45_54,RtnHir_REst,4520
QLD,Male,55_64,RtnHir_REst,3726
QLD,Male,65_74,RtnHir_REst,1839
QLD,Male,75_84,RtnHir_REst,468
QLD,Male,85ov,RtnHir_REst,43
QLD,Male,15_19,Trans_post_wrehsg,1465
QLD,Male,20_24,Trans_post_wrehsg,4930
QLD,Male,25_34,Trans_post_wrehsg,16242
QLD,Male,35_44,Trans_post_wrehsg,18588
QLD,Male,45_54,Trans_post_wrehsg,20322
QLD,Male,55_64,Trans_post_wrehsg,19093
QLD,Male,65_74,Trans_post_wrehsg,5959
QLD,Male,75_84,Trans_post_wrehsg,622
QLD,Male,85ov,Trans_post_wrehsg,17
QLD,Male,15_19,WhlesaleTde,1246
QLD,Male,20_24,WhlesaleTde,2724
QLD,Male,25_34,WhlesaleTde,7116
QLD,Male,35_44,WhlesaleTde,8902
QLD,Male,45_54,WhlesaleTde,9429
QLD,Male,55_64,WhlesaleTde,7194
QLD,Male,65_74,WhlesaleTde,1846
QLD,Male,75_84,WhlesaleTde,235
QLD,Male,85ov,WhlesaleTde,13
QLD,Female,15_19,Accom_food,31709
QLD,Female,20_24,Accom_food,16269
QLD,Female,25_34,Accom_food,18562
QLD,Female,35_44,Accom_food,12209
QLD,Female,45_54,Accom_food,10575
QLD,Female,55_64,Accom_food,7425
QLD,Female,65_74,Accom_food,1806
QLD,Female,75_84,Accom_food,153
QLD,Female,85ov,Accom_food,12
QLD,Female,15_19,Admin_supp,1038
QLD,Female,20_24,Admin_supp,3755
QLD,Female,25_34,Admin_supp,10033
QLD,Female,35_44,Admin_supp,9797
QLD,Female,45_54,Admin_supp,9897
QLD,Female,55_64,Admin_supp,7131
QLD,Female,65_74,Admin_supp,1774
QLD,Female,75_84,Admin_supp,140
QLD,Female,85ov,Admin_supp,8
QLD,Female,15_19,Ag_For_Fshg,817
QLD,Female,20_24,Ag_For_Fshg,1478
QLD,Female,25_34,Ag_For_Fshg,4240
QLD,Female,35_44,Ag_For_Fshg,3689
QLD,Female,45_54,Ag_For_Fshg,4212
QLD,Female,55_64,Ag_For_Fshg,3963
QLD,Female,65_74,Ag_For_Fshg,2334
QLD,Female,75_84,Ag_For_Fshg,782
QLD,Female,85ov,Ag_For_Fshg,65
QLD,Female,15_19,Art_recn,2133
QLD,Female,20_24,Art_recn,2841
QLD,Female,25_34,Art_recn,4340
QLD,Female,35_44,Art_recn,3689
QLD,Female,45_54,Art_recn,3118
QLD,Female,55_64,Art_recn,2042
QLD,Female,65_74,Art_recn,645
QLD,Female,75_84,Art_recn,87
QLD,Female,85ov,Art_recn,3
QLD,Female,15_19,Constru,729
QLD,Female,20_24,Constru,2173
QLD,Female,25_34,Constru,7539
QLD,Female,35_44,Constru,8730
QLD,Female,45_54,Constru,7776
QLD,Female,55_64,Constru,5257
QLD,Female,65_74,Constru,1345
QLD,Female,75_84,Constru,128
QLD,Female,85ov,Constru,12
QLD,Female,15_19,Educ_trng,3352
QLD,Female,20_24,Educ_trng,9614
QLD,Female,25_34,Educ_trng,28964
QLD,Female,35_44,Educ_trng,39570
QLD,Female,45_54,Educ_trng,43178
QLD,Female,55_64,Educ_trng,28774
QLD,Female,65_74,Educ_trng,5871
QLD,Female,75_84,Educ_trng,400
QLD,Female,85ov,Educ_trng,14
QLD,Female,15_19,El_Gas_Wt_Waste,106
QLD,Female,20_24,El_Gas_Wt_Waste,339
QLD,Female,25_34,El_Gas_Wt_Waste,1423
QLD,Female,35_44,El_Gas_Wt_Waste,2107
QLD,Female,45_54,El_Gas_Wt_Waste,1884
QLD,Female,55_64,El_Gas_Wt_Waste,946
QLD,Female,65_74,El_Gas_Wt_Waste,164
QLD,Female,75_84,El_Gas_Wt_Waste,9
QLD,Female,85ov,El_Gas_Wt_Waste,0
QLD,Female,15_19,Fin_Insur,335
QLD,Female,20_24,Fin_Insur,2349
QLD,Female,25_34,Fin_Insur,8605
QLD,Female,35_44,Fin_Insur,9913
QLD,Female,45_54,Fin_Insur,8067
QLD,Female,55_64,Fin_Insur,4275
QLD,Female,65_74,Fin_Insur,753
QLD,Female,75_84,Fin_Insur,80
QLD,Female,85ov,Fin_Insur,8
QLD,Female,15_19,HlthCare_SocAs,5583
QLD,Female,20_24,HlthCare_SocAs,25694
QLD,Female,25_34,HlthCare_SocAs,67356
QLD,Female,35_44,HlthCare_SocAs,65135
QLD,Female,45_54,HlthCare_SocAs,64796
QLD,Female,55_64,HlthCare_SocAs,51755
QLD,Female,65_74,HlthCare_SocAs,10902
QLD,Female,75_84,HlthCare_SocAs,553
QLD,Female,85ov,HlthCare_SocAs,11
QLD,Female,15_19,ID_NS,2593
QLD,Female,20_24,ID_NS,4232
QLD,Female,25_34,ID_NS,9946
QLD,Female,35_44,ID_NS,9415
QLD,Female,45_54,ID_NS,8258
QLD,Female,55_64,ID_NS,5575
QLD,Female,65_74,ID_NS,1812
QLD,Female,75_84,ID_NS,553
QLD,Female,85ov,ID_NS,135
QLD,Female,15_19,Info_media_teleco,446
QLD,Female,20_24,Info_media_teleco,1192
QLD,Female,25_34,Info_media_teleco,2336
QLD,Female,35_44,Info_media_teleco,2164
QLD,Female,45_54,Info_media_teleco,1830
QLD,Female,55_64,Info_media_teleco,1051
QLD,Female,65_74,Info_media_teleco,269
QLD,Female,75_84,Info_media_teleco,26
QLD,Female,85ov,Info_media_teleco,0
QLD,Female,15_19,Manufact,2106
QLD,Female,20_24,Manufact,3014
QLD,Female,25_34,Manufact,7682
QLD,Female,35_44,Manufact,8896
QLD,Female,45_54,Manufact,9222
QLD,Female,55_64,Manufact,6492
QLD,Female,65_74,Manufact,1378
QLD,Female,75_84,Manufact,131
QLD,Female,85ov,Manufact,12
QLD,Female,15_19,Mining,152
QLD,Female,20_24,Mining,852
QLD,Female,25_34,Mining,2852
QLD,Female,35_44,Mining,2780
QLD,Female,45_54,Mining,2155
QLD,Female,55_64,Mining,1089
QLD,Female,65_74,Mining,142
QLD,Female,75_84,Mining,17
QLD,Female,85ov,Mining,0
QLD,Female,15_19,Oth_scs,2494
QLD,Female,20_24,Oth_scs,5047
QLD,Female,25_34,Oth_scs,11756
QLD,Female,35_44,Oth_scs,10375
QLD,Female,45_54,Oth_scs,9469
QLD,Female,55_64,Oth_scs,5984
QLD,Female,65_74,Oth_scs,1564
QLD,Female,75_84,Oth_scs,170
QLD,Female,85ov,Oth_scs,3
QLD,Female,15_19,Pro_scien_tec,1276
QLD,Female,20_24,Pro_scien_tec,7384
QLD,Female,25_34,Pro_scien_tec,20795
QLD,Female,35_44,Pro_scien_tec,20328
QLD,Female,45_54,Pro_scien_tec,15592
QLD,Female,55_64,Pro_scien_tec,9038
QLD,Female,65_74,Pro_scien_tec,2602
QLD,Female,75_84,Pro_scien_tec,284
QLD,Female,85ov,Pro_scien_tec,4
QLD,Female,15_19,Public_admin_sfty,557
QLD,Female,20_24,Public_admin_sfty,3736
QLD,Female,25_34,Public_admin_sfty,13985
QLD,Female,35_44,Public_admin_sfty,18131
QLD,Female,45_54,Public_admin_sfty,18528
QLD,Female,55_64,Public_admin_sfty,11170
QLD,Female,65_74,Public_admin_sfty,1916
QLD,Female,75_84,Public_admin_sfty,119
QLD,Female,85ov,Public_admin_sfty,7
QLD,Female,15_19,RetTde,21499
QLD,Female,20_24,RetTde,19249
QLD,Female,25_34,RetTde,24825
QLD,Female,35_44,RetTde,20460
QLD,Female,45_54,RetTde,22044
QLD,Female,55_64,RetTde,17133
QLD,Female,65_74,RetTde,4135
QLD,Female,75_84,RetTde,356
QLD,Female,85ov,RetTde,18
QLD,Female,15_19,RtnHir_REst,488
QLD,Female,20_24,RtnHir_REst,1876
QLD,Female,25_34,RtnHir_REst,4839
QLD,Female,35_44,RtnHir_REst,5045
QLD,Female,45_54,RtnHir_REst,4982
QLD,Female,55_64,RtnHir_REst,3690
QLD,Female,65_74,RtnHir_REst,1403
QLD,Female,75_84,RtnHir_REst,234
QLD,Female,85ov,RtnHir_REst,18
QLD,Female,15_19,Trans_post_wrehsg,504
QLD,Female,20_24,Trans_post_wrehsg,1870
QLD,Female,25_34,Trans_post_wrehsg,5730
QLD,Female,35_44,Trans_post_wrehsg,6741
QLD,Female,45_54,Trans_post_wrehsg,7058
QLD,Female,55_64,Trans_post_wrehsg,5295
QLD,Female,65_74,Trans_post_wrehsg,1309
QLD,Female,75_84,Trans_post_wrehsg,127
QLD,Female,85ov,Trans_post_wrehsg,7
QLD,Female,15_19,WhlesaleTde,522
QLD,Female,20_24,WhlesaleTde,1420
QLD,Female,25_34,WhlesaleTde,3865
QLD,Female,35_44,WhlesaleTde,4478
QLD,Female,45_54,WhlesaleTde,4739
QLD,Female,55_64,WhlesaleTde,3181
QLD,Female,65_74,WhlesaleTde,753
QLD,Female,75_84,WhlesaleTde,74
QLD,Female,85ov,WhlesaleTde,7
SA,Male,15_19,Accom_food,6353
SA,Male,20_24,Accom_food,4375
SA,Male,25_34,Accom_food,5490
SA,Male,35_44,Accom_food,3351
SA,Male,45_54,Accom_food,2455
SA,Male,55_64,Accom_food,1998
SA,Male,65_74,Accom_food,594
SA,Male,75_84,Accom_food,95
SA,Male,85ov,Accom_food,7
SA,Male,15_19,Admin_supp,411
SA,Male,20_24,Admin_supp,1414
SA,Male,25_34,Admin_supp,3441
SA,Male,35_44,Admin_supp,2870
SA,Male,45_54,Admin_supp,2937
SA,Male,55_64,Admin_supp,2667
SA,Male,65_74,Admin_supp,806
SA,Male,75_84,Admin_supp,92
SA,Male,85ov,Admin_supp,9
SA,Male,15_19,Ag_For_Fshg,737
SA,Male,20_24,Ag_For_Fshg,1454
SA,Male,25_34,Ag_For_Fshg,3584
SA,Male,35_44,Ag_For_Fshg,3906
SA,Male,45_54,Ag_For_Fshg,4535
SA,Male,55_64,Ag_For_Fshg,4610
SA,Male,65_74,Ag_For_Fshg,2779
SA,Male,75_84,Ag_For_Fshg,840
SA,Male,85ov,Ag_For_Fshg,102
SA,Male,15_19,Art_recn,703
SA,Male,20_24,Art_recn,813
SA,Male,25_34,Art_recn,1400
SA,Male,35_44,Art_recn,1006
SA,Male,45_54,Art_recn,861
SA,Male,55_64,Art_recn,678
SA,Male,65_74,Art_recn,276
SA,Male,75_84,Art_recn,52
SA,Male,85ov,Art_recn,7
SA,Male,15_19,Constru,2519
SA,Male,20_24,Constru,6566
SA,Male,25_34,Constru,15422
SA,Male,35_44,Constru,12820
SA,Male,45_54,Constru,11420
SA,Male,55_64,Constru,9040
SA,Male,65_74,Constru,2217
SA,Male,75_84,Constru,226
SA,Male,85ov,Constru,4
SA,Male,15_19,Educ_trng,503
SA,Male,20_24,Educ_trng,1626
SA,Male,25_34,Educ_trng,4487
SA,Male,35_44,Educ_trng,4652
SA,Male,45_54,Educ_trng,4357
SA,Male,55_64,Educ_trng,3815
SA,Male,65_74,Educ_trng,1421
SA,Male,75_84,Educ_trng,124
SA,Male,85ov,Educ_trng,3
SA,Male,15_19,El_Gas_Wt_Waste,120
SA,Male,20_24,El_Gas_Wt_Waste,358
SA,Male,25_34,El_Gas_Wt_Waste,1762
SA,Male,35_44,El_Gas_Wt_Waste,1970
SA,Male,45_54,El_Gas_Wt_Waste,2116
SA,Male,55_64,El_Gas_Wt_Waste,1700
SA,Male,65_74,El_Gas_Wt_Waste,303
SA,Male,75_84,El_Gas_Wt_Waste,21
SA,Male,85ov,El_Gas_Wt_Waste,0
SA,Male,15_19,Fin_Insur,72
SA,Male,20_24,Fin_Insur,635
SA,Male,25_34,Fin_Insur,2244
SA,Male,35_44,Fin_Insur,2799
SA,Male,45_54,Fin_Insur,2270
SA,Male,55_64,Fin_Insur,1477
SA,Male,65_74,Fin_Insur,409
SA,Male,75_84,Fin_Insur,93
SA,Male,85ov,Fin_Insur,4
SA,Male,15_19,HlthCare_SocAs,359
SA,Male,20_24,HlthCare_SocAs,2093
SA,Male,25_34,HlthCare_SocAs,7239
SA,Male,35_44,HlthCare_SocAs,7040
SA,Male,45_54,HlthCare_SocAs,6302
SA,Male,55_64,HlthCare_SocAs,5520
SA,Male,65_74,HlthCare_SocAs,1791
SA,Male,75_84,HlthCare_SocAs,214
SA,Male,85ov,HlthCare_SocAs,4
SA,Male,15_19,ID_NS,674
SA,Male,20_24,ID_NS,1670
SA,Male,25_34,ID_NS,3789
SA,Male,35_44,ID_NS,3566
SA,Male,45_54,ID_NS,3492
SA,Male,55_64,ID_NS,2713
SA,Male,65_74,ID_NS,917
SA,Male,75_84,ID_NS,322
SA,Male,85ov,ID_NS,69
SA,Male,15_19,Info_media_teleco,108
SA,Male,20_24,Info_media_teleco,429
SA,Male,25_34,Info_media_teleco,1262
SA,Male,35_44,Info_media_teleco,1517
SA,Male,45_54,Info_media_teleco,1117
SA,Male,55_64,Info_media_teleco,731
SA,Male,65_74,Info_media_teleco,175
SA,Male,75_84,Info_media_teleco,26
SA,Male,85ov,Info_media_teleco,0
SA,Male,15_19,Manufact,1172
SA,Male,20_24,Manufact,3091
SA,Male,25_34,Manufact,8367
SA,Male,35_44,Manufact,9478
SA,Male,45_54,Manufact,10568
SA,Male,55_64,Manufact,8530
SA,Male,65_74,Manufact,1887
SA,Male,75_84,Manufact,219
SA,Male,85ov,Manufact,12
SA,Male,15_19,Mining,67
SA,Male,20_24,Mining,411
SA,Male,25_34,Mining,2259
SA,Male,35_44,Mining,2414
SA,Male,45_54,Mining,2099
SA,Male,55_64,Mining,1457
SA,Male,65_74,Mining,245
SA,Male,75_84,Mining,21
SA,Male,85ov,Mining,0
SA,Male,15_19,Oth_scs,726
SA,Male,20_24,Oth_scs,1819
SA,Male,25_34,Oth_scs,3877
SA,Male,35_44,Oth_scs,3277
SA,Male,45_54,Oth_scs,3511
SA,Male,55_64,Oth_scs,2902
SA,Male,65_74,Oth_scs,1067
SA,Male,75_84,Oth_scs,142
SA,Male,85ov,Oth_scs,13
SA,Male,15_19,Pro_scien_tec,239
SA,Male,20_24,Pro_scien_tec,1884
SA,Male,25_34,Pro_scien_tec,6811
SA,Male,35_44,Pro_scien_tec,7554
SA,Male,45_54,Pro_scien_tec,5798
SA,Male,55_64,Pro_scien_tec,4085
SA,Male,65_74,Pro_scien_tec,1875
SA,Male,75_84,Pro_scien_tec,300
SA,Male,85ov,Pro_scien_tec,15
SA,Male,15_19,Public_admin_sfty,236
SA,Male,20_24,Public_admin_sfty,1725
SA,Male,25_34,Public_admin_sfty,5954
SA,Male,35_44,Public_admin_sfty,7336
SA,Male,45_54,Public_admin_sfty,7608
SA,Male,55_64,Public_admin_sfty,6077
SA,Male,65_74,Public_admin_sfty,1059
SA,Male,75_84,Public_admin_sfty,69
SA,Male,85ov,Public_admin_sfty,0
SA,Male,15_19,RetTde,5628
SA,Male,20_24,RetTde,5929
SA,Male,25_34,RetTde,8016
SA,Male,35_44,RetTde,5966
SA,Male,45_54,RetTde,5064
SA,Male,55_64,RetTde,4086
SA,Male,65_74,RetTde,1380
SA,Male,75_84,RetTde,194
SA,Male,85ov,RetTde,15
SA,Male,15_19,RtnHir_REst,72
SA,Male,20_24,RtnHir_REst,331
SA,Male,25_34,RtnHir_REst,955
SA,Male,35_44,RtnHir_REst,1005
SA,Male,45_54,RtnHir_REst,994
SA,Male,55_64,RtnHir_REst,1012
SA,Male,65_74,RtnHir_REst,457
SA,Male,75_84,RtnHir_REst,125
SA,Male,85ov,RtnHir_REst,19
SA,Male,15_19,Trans_post_wrehsg,388
SA,Male,20_24,Trans_post_wrehsg,1730
SA,Male,25_34,Trans_post_wrehsg,5531
SA,Male,35_44,Trans_post_wrehsg,5784
SA,Male,45_54,Trans_post_wrehsg,6075
SA,Male,55_64,Trans_post_wrehsg,6221
SA,Male,65_74,Trans_post_wrehsg,1807
SA,Male,75_84,Trans_post_wrehsg,182
SA,Male,85ov,Trans_post_wrehsg,5
SA,Male,15_19,WhlesaleTde,413
SA,Male,20_24,WhlesaleTde,944
SA,Male,25_34,WhlesaleTde,2425
SA,Male,35_44,WhlesaleTde,2999
SA,Male,45_54,WhlesaleTde,3440
SA,Male,55_64,WhlesaleTde,2820
SA,Male,65_74,WhlesaleTde,780
SA,Male,75_84,WhlesaleTde,98
SA,Male,85ov,WhlesaleTde,5
SA,Female,15_19,Accom_food,8927
SA,Female,20_24,Accom_food,5940
SA,Female,25_34,Accom_food,5632
SA,Female,35_44,Accom_food,3743
SA,Female,45_54,Accom_food,3314
SA,Female,55_64,Accom_food,2583
SA,Female,65_74,Accom_food,549
SA,Female,75_84,Accom_food,68
SA,Female,85ov,Accom_food,0
SA,Female,15_19,Admin_supp,272
SA,Female,20_24,Admin_supp,1437
SA,Female,25_34,Admin_supp,3684
SA,Female,35_44,Admin_supp,3460
SA,Female,45_54,Admin_supp,3907
SA,Female,55_64,Admin_supp,3334
SA,Female,65_74,Admin_supp,849
SA,Female,75_84,Admin_supp,58
SA,Female,85ov,Admin_supp,3
SA,Female,15_19,Ag_For_Fshg,253
SA,Female,20_24,Ag_For_Fshg,482
SA,Female,25_34,Ag_For_Fshg,1288
SA,Female,35_44,Ag_For_Fshg,1621
SA,Female,45_54,Ag_For_Fshg,1893
SA,Female,55_64,Ag_For_Fshg,1932
SA,Female,65_74,Ag_For_Fshg,1230
SA,Female,75_84,Ag_For_Fshg,350
SA,Female,85ov,Ag_For_Fshg,43
SA,Female,15_19,Art_recn,667
SA,Female,20_24,Art_recn,921
SA,Female,25_34,Art_recn,1327
SA,Female,35_44,Art_recn,1094
SA,Female,45_54,Art_recn,942
SA,Female,55_64,Art_recn,716
SA,Female,65_74,Art_recn,238
SA,Female,75_84,Art_recn,35
SA,Female,85ov,Art_recn,3
SA,Female,15_19,Constru,222
SA,Female,20_24,Constru,653
SA,Female,25_34,Constru,2040
SA,Female,35_44,Constru,2158
SA,Female,45_54,Constru,2180
SA,Female,55_64,Constru,1608
SA,Female,65_74,Constru,506
SA,Female,75_84,Constru,40
SA,Female,85ov,Constru,3
SA,Female,15_19,Educ_trng,1001
SA,Female,20_24,Educ_trng,3502
SA,Female,25_34,Educ_trng,10587
SA,Female,35_44,Educ_trng,12789
SA,Female,45_54,Educ_trng,12781
SA,Female,55_64,Educ_trng,9819
SA,Female,65_74,Educ_trng,2306
SA,Female,75_84,Educ_trng,149
SA,Female,85ov,Educ_trng,0
SA,Female,15_19,El_Gas_Wt_Waste,18
SA,Female,20_24,El_Gas_Wt_Waste,120
SA,Female,25_34,El_Gas_Wt_Waste,598
SA,Female,35_44,El_Gas_Wt_Waste,744
SA,Female,45_54,El_Gas_Wt_Waste,604
SA,Female,55_64,El_Gas_Wt_Waste,309
SA,Female,65_74,El_Gas_Wt_Waste,61
SA,Female,75_84,El_Gas_Wt_Waste,0
SA,Female,85ov,El_Gas_Wt_Waste,0
SA,Female,15_19,Fin_Insur,95
SA,Female,20_24,Fin_Insur,791
SA,Female,25_34,Fin_Insur,3105
SA,Female,35_44,Fin_Insur,3588
SA,Female,45_54,Fin_Insur,3259
SA,Female,55_64,Fin_Insur,1916
SA,Female,65_74,Fin_Insur,331
SA,Female,75_84,Fin_Insur,32
SA,Female,85ov,Fin_Insur,3
SA,Female,15_19,HlthCare_SocAs,1406
SA,Female,20_24,HlthCare_SocAs,8502
SA,Female,25_34,HlthCare_SocAs,24914
SA,Female,35_44,HlthCare_SocAs,23208
SA,Female,45_54,HlthCare_SocAs,23093
SA,Female,55_64,HlthCare_SocAs,21001
SA,Female,65_74,HlthCare_SocAs,4355
SA,Female,75_84,HlthCare_SocAs,205
SA,Female,85ov,HlthCare_SocAs,9
SA,Female,15_19,ID_NS,558
SA,Female,20_24,ID_NS,1069
SA,Female,25_34,ID_NS,2265
SA,Female,35_44,ID_NS,2156
SA,Female,45_54,ID_NS,1980
SA,Female,55_64,ID_NS,1580
SA,Female,65_74,ID_NS,610
SA,Female,75_84,ID_NS,240
SA,Female,85ov,ID_NS,53
SA,Female,15_19,Info_media_teleco,127
SA,Female,20_24,Info_media_teleco,310
SA,Female,25_34,Info_media_teleco,835
SA,Female,35_44,Info_media_teleco,850
SA,Female,45_54,Info_media_teleco,610
SA,Female,55_64,Info_media_teleco,377
SA,Female,65_74,Info_media_teleco,119
SA,Female,75_84,Info_media_teleco,15
SA,Female,85ov,Info_media_teleco,0
SA,Female,15_19,Manufact,971
SA,Female,20_24,Manufact,1271
SA,Female,25_34,Manufact,3201
SA,Female,35_44,Manufact,3779
SA,Female,45_54,Manufact,4047
SA,Female,55_64,Manufact,3074
SA,Female,65_74,Manufact,705
SA,Female,75_84,Manufact,63
SA,Female,85ov,Manufact,0
SA,Female,15_19,Mining,27
SA,Female,20_24,Mining,184
SA,Female,25_34,Mining,651
SA,Female,35_44,Mining,472
SA,Female,45_54,Mining,396
SA,Female,55_64,Mining,221
SA,Female,65_74,Mining,28
SA,Female,75_84,Mining,7
SA,Female,85ov,Mining,0
SA,Female,15_19,Oth_scs,660
SA,Female,20_24,Oth_scs,1594
SA,Female,25_34,Oth_scs,3811
SA,Female,35_44,Oth_scs,3302
SA,Female,45_54,Oth_scs,3200
SA,Female,55_64,Oth_scs,2343
SA,Female,65_74,Oth_scs,665
SA,Female,75_84,Oth_scs,92
SA,Female,85ov,Oth_scs,3
SA,Female,15_19,Pro_scien_tec,243
SA,Female,20_24,Pro_scien_tec,1860
SA,Female,25_34,Pro_scien_tec,6063
SA,Female,35_44,Pro_scien_tec,6184
SA,Female,45_54,Pro_scien_tec,4824
SA,Female,55_64,Pro_scien_tec,3188
SA,Female,65_74,Pro_scien_tec,998
SA,Female,75_84,Pro_scien_tec,90
SA,Female,85ov,Pro_scien_tec,6
SA,Female,15_19,Public_admin_sfty,150
SA,Female,20_24,Public_admin_sfty,1242
SA,Female,25_34,Public_admin_sfty,5098
SA,Female,35_44,Public_admin_sfty,7029
SA,Female,45_54,Public_admin_sfty,6785
SA,Female,55_64,Public_admin_sfty,4610
SA,Female,65_74,Public_admin_sfty,813
SA,Female,75_84,Public_admin_sfty,28
SA,Female,85ov,Public_admin_sfty,0
SA,Female,15_19,RetTde,7618
SA,Female,20_24,RetTde,7139
SA,Female,25_34,RetTde,8274
SA,Female,35_44,RetTde,6618
SA,Female,45_54,RetTde,7460
SA,Female,55_64,RetTde,6272
SA,Female,65_74,RetTde,1391
SA,Female,75_84,RetTde,115
SA,Female,85ov,RetTde,13
SA,Female,15_19,RtnHir_REst,75
SA,Female,20_24,RtnHir_REst,356
SA,Female,25_34,RtnHir_REst,1078
SA,Female,35_44,RtnHir_REst,1102
SA,Female,45_54,RtnHir_REst,1161
SA,Female,55_64,RtnHir_REst,960
SA,Female,65_74,RtnHir_REst,331
SA,Female,75_84,RtnHir_REst,73
SA,Female,85ov,RtnHir_REst,7
SA,Female,15_19,Trans_post_wrehsg,98
SA,Female,20_24,Trans_post_wrehsg,438
SA,Female,25_34,Trans_post_wrehsg,1229
SA,Female,35_44,Trans_post_wrehsg,1492
SA,Female,45_54,Trans_post_wrehsg,1704
SA,Female,55_64,Trans_post_wrehsg,1437
SA,Female,65_74,Trans_post_wrehsg,317
SA,Female,75_84,Trans_post_wrehsg,36
SA,Female,85ov,Trans_post_wrehsg,9
SA,Female,15_19,WhlesaleTde,128
SA,Female,20_24,WhlesaleTde,354
SA,Female,25_34,WhlesaleTde,1102
SA,Female,35_44,WhlesaleTde,1241
SA,Female,45_54,WhlesaleTde,1564
SA,Female,55_64,WhlesaleTde,1151
SA,Female,65_74,WhlesaleTde,278
SA,Female,75_84,WhlesaleTde,35
SA,Female,85ov,WhlesaleTde,0
WA,Male,15_19,Accom_food,10583
WA,Male,20_24,Accom_food,6400
WA,Male,25_34,Accom_food,7746
WA,Male,35_44,Accom_food,5303
WA,Male,45_54,Accom_food,3366
WA,Male,55_64,Accom_food,2766
WA,Male,65_74,Accom_food,940
WA,Male,75_84,Accom_food,133
WA,Male,85ov,Accom_food,4
WA,Male,15_19,Admin_supp,689
WA,Male,20_24,Admin_supp,1780
WA,Male,25_34,Admin_supp,4109
WA,Male,35_44,Admin_supp,3936
WA,Male,45_54,Admin_supp,3704
WA,Male,55_64,Admin_supp,3276
WA,Male,65_74,Admin_supp,1165
WA,Male,75_84,Admin_supp,163
WA,Male,85ov,Admin_supp,10
WA,Male,15_19,Ag_For_Fshg,704
WA,Male,20_24,Ag_For_Fshg,1298
WA,Male,25_34,Ag_For_Fshg,3270
WA,Male,35_44,Ag_For_Fshg,3395
WA,Male,45_54,Ag_For_Fshg,3835
WA,Male,55_64,Ag_For_Fshg,3985
WA,Male,65_74,Ag_For_Fshg,2525
WA,Male,75_84,Ag_For_Fshg,894
WA,Male,85ov,Ag_For_Fshg,129
WA,Male,15_19,Art_recn,1315
WA,Male,20_24,Art_recn,1494
WA,Male,25_34,Art_recn,2238
WA,Male,35_44,Art_recn,1801
WA,Male,45_54,Art_recn,1438
WA,Male,55_64,Art_recn,1171
WA,Male,65_74,Art_recn,506
WA,Male,75_84,Art_recn,112
WA,Male,85ov,Art_recn,6
WA,Male,15_19,Constru,3989
WA,Male,20_24,Constru,8665
WA,Male,25_34,Constru,23091
WA,Male,35_44,Constru,23184
WA,Male,45_54,Constru,19283
WA,Male,55_64,Constru,14724
WA,Male,65_74,Constru,3610
WA,Male,75_84,Constru,284
WA,Male,85ov,Constru,21
WA,Male,15_19,Educ_trng,955
WA,Male,20_24,Educ_trng,2030
WA,Male,25_34,Educ_trng,5516
WA,Male,35_44,Educ_trng,5881
WA,Male,45_54,Educ_trng,5947
WA,Male,55_64,Educ_trng,5748
WA,Male,65_74,Educ_trng,2166
WA,Male,75_84,Educ_trng,225
WA,Male,85ov,Educ_trng,10
WA,Male,15_19,El_Gas_Wt_Waste,180
WA,Male,20_24,El_Gas_Wt_Waste,498
WA,Male,25_34,El_Gas_Wt_Waste,2054
WA,Male,35_44,El_Gas_Wt_Waste,2793
WA,Male,45_54,El_Gas_Wt_Waste,2737
WA,Male,55_64,El_Gas_Wt_Waste,2238
WA,Male,65_74,El_Gas_Wt_Waste,440
WA,Male,75_84,El_Gas_Wt_Waste,25
WA,Male,85ov,El_Gas_Wt_Waste,5
WA,Male,15_19,Fin_Insur,63
WA,Male,20_24,Fin_Insur,622
WA,Male,25_34,Fin_Insur,2541
WA,Male,35_44,Fin_Insur,3405
WA,Male,45_54,Fin_Insur,3117
WA,Male,55_64,Fin_Insur,1950
WA,Male,65_74,Fin_Insur,667
WA,Male,75_84,Fin_Insur,134
WA,Male,85ov,Fin_Insur,8
WA,Male,15_19,HlthCare_SocAs,492
WA,Male,20_24,HlthCare_SocAs,2565
WA,Male,25_34,HlthCare_SocAs,8089
WA,Male,35_44,HlthCare_SocAs,8349
WA,Male,45_54,HlthCare_SocAs,7390
WA,Male,55_64,HlthCare_SocAs,6236
WA,Male,65_74,HlthCare_SocAs,2321
WA,Male,75_84,HlthCare_SocAs,302
WA,Male,85ov,HlthCare_SocAs,10
WA,Male,15_19,ID_NS,1788
WA,Male,20_24,ID_NS,3628
WA,Male,25_34,ID_NS,8598
WA,Male,35_44,ID_NS,8445
WA,Male,45_54,ID_NS,7444
WA,Male,55_64,ID_NS,5497
WA,Male,65_74,ID_NS,1857
WA,Male,75_84,ID_NS,421
WA,Male,85ov,ID_NS,94
WA,Male,15_19,Info_media_teleco,247
WA,Male,20_24,Info_media_teleco,579
WA,Male,25_34,Info_media_teleco,1414
WA,Male,35_44,Info_media_teleco,1591
WA,Male,45_54,Info_media_teleco,1234
WA,Male,55_64,Info_media_teleco,807
WA,Male,65_74,Info_media_teleco,260
WA,Male,75_84,Info_media_teleco,45
WA,Male,85ov,Info_media_teleco,0
WA,Male,15_19,Manufact,1831
WA,Male,20_24,Manufact,3768
WA,Male,25_34,Manufact,9656
WA,Male,35_44,Manufact,11574
WA,Male,45_54,Manufact,11615
WA,Male,55_64,Manufact,9095
WA,Male,65_74,Manufact,2214
WA,Male,75_84,Manufact,258
WA,Male,85ov,Manufact,16
WA,Male,15_19,Mining,647
WA,Male,20_24,Mining,3783
WA,Male,25_34,Mining,18278
WA,Male,35_44,Mining,22120
WA,Male,45_54,Mining,18746
WA,Male,55_64,Mining,11581
WA,Male,65_74,Mining,2012
WA,Male,75_84,Mining,113
WA,Male,85ov,Mining,4
WA,Male,15_19,Oth_scs,1453
WA,Male,20_24,Oth_scs,2784
WA,Male,25_34,Oth_scs,5715
WA,Male,35_44,Oth_scs,5159
WA,Male,45_54,Oth_scs,4692
WA,Male,55_64,Oth_scs,3946
WA,Male,65_74,Oth_scs,1435
WA,Male,75_84,Oth_scs,193
WA,Male,85ov,Oth_scs,15
WA,Male,15_19,Pro_scien_tec,454
WA,Male,20_24,Pro_scien_tec,3164
WA,Male,25_34,Pro_scien_tec,11218
WA,Male,35_44,Pro_scien_tec,14054
WA,Male,45_54,Pro_scien_tec,11164
WA,Male,55_64,Pro_scien_tec,7313
WA,Male,65_74,Pro_scien_tec,2887
WA,Male,75_84,Pro_scien_tec,442
WA,Male,85ov,Pro_scien_tec,31
WA,Male,15_19,Public_admin_sfty,428
WA,Male,20_24,Public_admin_sfty,2237
WA,Male,25_34,Public_admin_sfty,8015
WA,Male,35_44,Public_admin_sfty,9321
WA,Male,45_54,Public_admin_sfty,9892
WA,Male,55_64,Public_admin_sfty,8426
WA,Male,65_74,Public_admin_sfty,2145
WA,Male,75_84,Public_admin_sfty,204
WA,Male,85ov,Public_admin_sfty,8
WA,Male,15_19,RetTde,7437
WA,Male,20_24,RetTde,8504
WA,Male,25_34,RetTde,9954
WA,Male,35_44,RetTde,7508
WA,Male,45_54,RetTde,6318
WA,Male,55_64,RetTde,5008
WA,Male,65_74,RetTde,1954
WA,Male,75_84,RetTde,281
WA,Male,85ov,RetTde,21
WA,Male,15_19,RtnHir_REst,147
WA,Male,20_24,RtnHir_REst,489
WA,Male,25_34,RtnHir_REst,1523
WA,Male,35_44,RtnHir_REst,1791
WA,Male,45_54,RtnHir_REst,1917
WA,Male,55_64,RtnHir_REst,1590
WA,Male,65_74,RtnHir_REst,892
WA,Male,75_84,RtnHir_REst,229
WA,Male,85ov,RtnHir_REst,27
WA,Male,15_19,Trans_post_wrehsg,845
WA,Male,20_24,Trans_post_wrehsg,2655
WA,Male,25_34,Trans_post_wrehsg,8685
WA,Male,35_44,Trans_post_wrehsg,9881
WA,Male,45_54,Trans_post_wrehsg,9897
WA,Male,55_64,Trans_post_wrehsg,9542
WA,Male,65_74,Trans_post_wrehsg,3177
WA,Male,75_84,Trans_post_wrehsg,289
WA,Male,85ov,Trans_post_wrehsg,14
WA,Male,15_19,WhlesaleTde,677
WA,Male,20_24,WhlesaleTde,1554
WA,Male,25_34,WhlesaleTde,4456
WA,Male,35_44,WhlesaleTde,5262
WA,Male,45_54,WhlesaleTde,5136
WA,Male,55_64,WhlesaleTde,3911
WA,Male,65_74,WhlesaleTde,1048
WA,Male,75_84,WhlesaleTde,135
WA,Male,85ov,WhlesaleTde,10
WA,Female,15_19,Accom_food,13881
WA,Female,20_24,Accom_food,8467
WA,Female,25_34,Accom_food,9238
WA,Female,35_44,Accom_food,6483
WA,Female,45_54,Accom_food,5252
WA,Female,55_64,Accom_food,3662
WA,Female,65_74,Accom_food,937
WA,Female,75_84,Accom_food,74
WA,Female,85ov,Accom_food,6
WA,Female,15_19,Admin_supp,481
WA,Female,20_24,Admin_supp,1808
WA,Female,25_34,Admin_supp,5069
WA,Female,35_44,Admin_supp,5114
WA,Female,45_54,Admin_supp,4639
WA,Female,55_64,Admin_supp,3412
WA,Female,65_74,Admin_supp,862
WA,Female,75_84,Admin_supp,71
WA,Female,85ov,Admin_supp,5
WA,Female,15_19,Ag_For_Fshg,303
WA,Female,20_24,Ag_For_Fshg,528
WA,Female,25_34,Ag_For_Fshg,1543
WA,Female,35_44,Ag_For_Fshg,1731
WA,Female,45_54,Ag_For_Fshg,1983
WA,Female,55_64,Ag_For_Fshg,1944
WA,Female,65_74,Ag_For_Fshg,1218
WA,Female,75_84,Ag_For_Fshg,338
WA,Female,85ov,Ag_For_Fshg,24
WA,Female,15_19,Art_recn,1326
WA,Female,20_24,Art_recn,1596
WA,Female,25_34,Art_recn,2549
WA,Female,35_44,Art_recn,2190
WA,Female,45_54,Art_recn,1742
WA,Female,55_64,Art_recn,1206
WA,Female,65_74,Art_recn,393
WA,Female,75_84,Art_recn,51
WA,Female,85ov,Art_recn,0
WA,Female,15_19,Constru,278
WA,Female,20_24,Constru,1157
WA,Female,25_34,Constru,4552
WA,Female,35_44,Constru,4744
WA,Female,45_54,Constru,3954
WA,Female,55_64,Constru,2855
WA,Female,65_74,Constru,668
WA,Female,75_84,Constru,50
WA,Female,85ov,Constru,0
WA,Female,15_19,Educ_trng,1723
WA,Female,20_24,Educ_trng,4708
WA,Female,25_34,Educ_trng,15304
WA,Female,35_44,Educ_trng,20228
WA,Female,45_54,Educ_trng,23049
WA,Female,55_64,Educ_trng,16789
WA,Female,65_74,Educ_trng,3878
WA,Female,75_84,Educ_trng,255
WA,Female,85ov,Educ_trng,7
WA,Female,15_19,El_Gas_Wt_Waste,55
WA,Female,20_24,El_Gas_Wt_Waste,215
WA,Female,25_34,El_Gas_Wt_Waste,979
WA,Female,35_44,El_Gas_Wt_Waste,1268
WA,Female,45_54,El_Gas_Wt_Waste,981
WA,Female,55_64,El_Gas_Wt_Waste,561
WA,Female,65_74,El_Gas_Wt_Waste,103
WA,Female,75_84,El_Gas_Wt_Waste,4
WA,Female,85ov,El_Gas_Wt_Waste,0
WA,Female,15_19,Fin_Insur,137
WA,Female,20_24,Fin_Insur,831
WA,Female,25_34,Fin_Insur,3785
WA,Female,35_44,Fin_Insur,4549
WA,Female,45_54,Fin_Insur,3722
WA,Female,55_64,Fin_Insur,2206
WA,Female,65_74,Fin_Insur,461
WA,Female,75_84,Fin_Insur,45
WA,Female,85ov,Fin_Insur,9
WA,Female,15_19,HlthCare_SocAs,2318
WA,Female,20_24,HlthCare_SocAs,11343
WA,Female,25_34,HlthCare_SocAs,32921
WA,Female,35_44,HlthCare_SocAs,32364
WA,Female,45_54,HlthCare_SocAs,31039
WA,Female,55_64,HlthCare_SocAs,25346
WA,Female,65_74,HlthCare_SocAs,6141
WA,Female,75_84,HlthCare_SocAs,332
WA,Female,85ov,HlthCare_SocAs,8
WA,Female,15_19,ID_NS,1196
WA,Female,20_24,ID_NS,2093
WA,Female,25_34,ID_NS,5038
WA,Female,35_44,ID_NS,5113
WA,Female,45_54,ID_NS,4381
WA,Female,55_64,ID_NS,2974
WA,Female,65_74,ID_NS,993
WA,Female,75_84,ID_NS,289
WA,Female,85ov,ID_NS,56
WA,Female,15_19,Info_media_teleco,276
WA,Female,20_24,Info_media_teleco,445
WA,Female,25_34,Info_media_teleco,1019
WA,Female,35_44,Info_media_teleco,839
WA,Female,45_54,Info_media_teleco,686
WA,Female,55_64,Info_media_teleco,504
WA,Female,65_74,Info_media_teleco,131
WA,Female,75_84,Info_media_teleco,13
WA,Female,85ov,Info_media_teleco,0
WA,Female,15_19,Manufact,1081
WA,Female,20_24,Manufact,1340
WA,Female,25_34,Manufact,3809
WA,Female,35_44,Manufact,4446
WA,Female,45_54,Manufact,4320
WA,Female,55_64,Manufact,2955
WA,Female,65_74,Manufact,715
WA,Female,75_84,Manufact,87
WA,Female,85ov,Manufact,3
WA,Female,15_19,Mining,216
WA,Female,20_24,Mining,1584
WA,Female,25_34,Mining,6157
WA,Female,35_44,Mining,6099
WA,Female,45_54,Mining,4330
WA,Female,55_64,Mining,2091
WA,Female,65_74,Mining,263
WA,Female,75_84,Mining,25
WA,Female,85ov,Mining,0
WA,Female,15_19,Oth_scs,1338
WA,Female,20_24,Oth_scs,2692
WA,Female,25_34,Oth_scs,6449
WA,Female,35_44,Oth_scs,5643
WA,Female,45_54,Oth_scs,4865
WA,Female,55_64,Oth_scs,3219
WA,Female,65_74,Oth_scs,847
WA,Female,75_84,Oth_scs,97
WA,Female,85ov,Oth_scs,3
WA,Female,15_19,Pro_scien_tec,393
WA,Female,20_24,Pro_scien_tec,3061
WA,Female,25_34,Pro_scien_tec,10549
WA,Female,35_44,Pro_scien_tec,11119
WA,Female,45_54,Pro_scien_tec,7912
WA,Female,55_64,Pro_scien_tec,4694
WA,Female,65_74,Pro_scien_tec,1489
WA,Female,75_84,Pro_scien_tec,148
WA,Female,85ov,Pro_scien_tec,6
WA,Female,15_19,Public_admin_sfty,392
WA,Female,20_24,Public_admin_sfty,1947
WA,Female,25_34,Public_admin_sfty,7448
WA,Female,35_44,Public_admin_sfty,9357
WA,Female,45_54,Public_admin_sfty,9311
WA,Female,55_64,Public_admin_sfty,6826
WA,Female,65_74,Public_admin_sfty,1361
WA,Female,75_84,Public_admin_sfty,95
WA,Female,85ov,Public_admin_sfty,3
WA,Female,15_19,RetTde,10821
WA,Female,20_24,RetTde,10516
WA,Female,25_34,RetTde,12443
WA,Female,35_44,RetTde,10825
WA,Female,45_54,RetTde,11308
WA,Female,55_64,RetTde,9317
WA,Female,65_74,RetTde,2226
WA,Female,75_84,RetTde,178
WA,Female,85ov,RetTde,11
WA,Female,15_19,RtnHir_REst,163
WA,Female,20_24,RtnHir_REst,736
WA,Female,25_34,RtnHir_REst,2191
WA,Female,35_44,RtnHir_REst,2279
WA,Female,45_54,RtnHir_REst,2233
WA,Female,55_64,RtnHir_REst,1700
WA,Female,65_74,RtnHir_REst,620
WA,Female,75_84,RtnHir_REst,105
WA,Female,85ov,RtnHir_REst,7
WA,Female,15_19,Trans_post_wrehsg,277
WA,Female,20_24,Trans_post_wrehsg,998
WA,Female,25_34,Trans_post_wrehsg,2908
WA,Female,35_44,Trans_post_wrehsg,3174
WA,Female,45_54,Trans_post_wrehsg,3401
WA,Female,55_64,Trans_post_wrehsg,2607
WA,Female,65_74,Trans_post_wrehsg,702
WA,Female,75_84,Trans_post_wrehsg,66
WA,Female,85ov,Trans_post_wrehsg,0
WA,Female,15_19,WhlesaleTde,295
WA,Female,20_24,WhlesaleTde,759
WA,Female,25_34,WhlesaleTde,2100
WA,Female,35_44,WhlesaleTde,2385
WA,Female,45_54,WhlesaleTde,2410
WA,Female,55_64,WhlesaleTde,1655
WA,Female,65_74,WhlesaleTde,389
WA,Female,75_84,WhlesaleTde,52
WA,Female,85ov,WhlesaleTde,4
TAS,Male,15_19,Accom_food,1581
TAS,Male,20_24,Accom_food,1231
TAS,Male,25_34,Accom_food,2676
TAS,Male,35_44,Accom_food,1138
TAS,Male,45_54,Accom_food,764
TAS,Male,55_64,Accom_food,637
TAS,Male,65_74,Accom_food,275
TAS,Male,75_84,Accom_food,34
TAS,Male,85ov,Accom_food,3
TAS,Male,15_19,Admin_supp,91
TAS,Male,20_24,Admin_supp,256
TAS,Male,25_34,Admin_supp,797
TAS,Male,35_44,Admin_supp,642
TAS,Male,45_54,Admin_supp,699
TAS,Male,55_64,Admin_supp,663
TAS,Male,65_74,Admin_supp,200
TAS,Male,75_84,Admin_supp,13
TAS,Male,85ov,Admin_supp,3
TAS,Male,15_19,Ag_For_Fshg,307
TAS,Male,20_24,Ag_For_Fshg,725
TAS,Male,25_34,Ag_For_Fshg,2219
TAS,Male,35_44,Ag_For_Fshg,1727
TAS,Male,45_54,Ag_For_Fshg,1769
TAS,Male,55_64,Ag_For_Fshg,1680
TAS,Male,65_74,Ag_For_Fshg,884
TAS,Male,75_84,Ag_For_Fshg,289
TAS,Male,85ov,Ag_For_Fshg,33
TAS,Male,15_19,Art_recn,262
TAS,Male,20_24,Art_recn,214
TAS,Male,25_34,Art_recn,485
TAS,Male,35_44,Art_recn,398
TAS,Male,45_54,Art_recn,411
TAS,Male,55_64,Art_recn,394
TAS,Male,65_74,Art_recn,160
TAS,Male,75_84,Art_recn,20
TAS,Male,85ov,Art_recn,5
TAS,Male,15_19,Constru,1143
TAS,Male,20_24,Constru,2338
TAS,Male,25_34,Constru,4990
TAS,Male,35_44,Constru,3733
TAS,Male,45_54,Constru,3354
TAS,Male,55_64,Constru,3045
TAS,Male,65_74,Constru,774
TAS,Male,75_84,Constru,70
TAS,Male,85ov,Constru,3
TAS,Male,15_19,Educ_trng,147
TAS,Male,20_24,Educ_trng,395
TAS,Male,25_34,Educ_trng,1325
TAS,Male,35_44,Educ_trng,1590
TAS,Male,45_54,Educ_trng,1620
TAS,Male,55_64,Educ_trng,1452
TAS,Male,65_74,Educ_trng,457
TAS,Male,75_84,Educ_trng,25
TAS,Male,85ov,Educ_trng,0
TAS,Male,15_19,El_Gas_Wt_Waste,23
TAS,Male,20_24,El_Gas_Wt_Waste,105
TAS,Male,25_34,El_Gas_Wt_Waste,662
TAS,Male,35_44,El_Gas_Wt_Waste,810
TAS,Male,45_54,El_Gas_Wt_Waste,854
TAS,Male,55_64,El_Gas_Wt_Waste,672
TAS,Male,65_74,El_Gas_Wt_Waste,123
TAS,Male,75_84,El_Gas_Wt_Waste,11
TAS,Male,85ov,El_Gas_Wt_Waste,0
TAS,Male,15_19,Fin_Insur,15
TAS,Male,20_24,Fin_Insur,99
TAS,Male,25_34,Fin_Insur,426
TAS,Male,35_44,Fin_Insur,541
TAS,Male,45_54,Fin_Insur,437
TAS,Male,55_64,Fin_Insur,314
TAS,Male,65_74,Fin_Insur,99
TAS,Male,75_84,Fin_Insur,19
TAS,Male,85ov,Fin_Insur,0
TAS,Male,15_19,HlthCare_SocAs,64
TAS,Male,20_24,HlthCare_SocAs,552
TAS,Male,25_34,HlthCare_SocAs,2498
TAS,Male,35_44,HlthCare_SocAs,2028
TAS,Male,45_54,HlthCare_SocAs,1939
TAS,Male,55_64,HlthCare_SocAs,1794
TAS,Male,65_74,HlthCare_SocAs,592
TAS,Male,75_84,HlthCare_SocAs,53
TAS,Male,85ov,HlthCare_SocAs,5
TAS,Male,15_19,ID_NS,172
TAS,Male,20_24,ID_NS,400
TAS,Male,25_34,ID_NS,1008
TAS,Male,35_44,ID_NS,839
TAS,Male,45_54,ID_NS,830
TAS,Male,55_64,ID_NS,727
TAS,Male,65_74,ID_NS,306
TAS,Male,75_84,ID_NS,90
TAS,Male,85ov,ID_NS,28
TAS,Male,15_19,Info_media_teleco,36
TAS,Male,20_24,Info_media_teleco,95
TAS,Male,25_34,Info_media_teleco,330
TAS,Male,35_44,Info_media_teleco,363
TAS,Male,45_54,Info_media_teleco,316
TAS,Male,55_64,Info_media_teleco,242
TAS,Male,65_74,Info_media_teleco,71
TAS,Male,75_84,Info_media_teleco,12
TAS,Male,85ov,Info_media_teleco,0
TAS,Male,15_19,Manufact,395
TAS,Male,20_24,Manufact,902
TAS,Male,25_34,Manufact,2662
TAS,Male,35_44,Manufact,2470
TAS,Male,45_54,Manufact,2646
TAS,Male,55_64,Manufact,2304
TAS,Male,65_74,Manufact,480
TAS,Male,75_84,Manufact,52
TAS,Male,85ov,Manufact,6
TAS,Male,15_19,Mining,17
TAS,Male,20_24,Mining,113
TAS,Male,25_34,Mining,472
TAS,Male,35_44,Mining,563
TAS,Male,45_54,Mining,597
TAS,Male,55_64,Mining,483
TAS,Male,65_74,Mining,101
TAS,Male,75_84,Mining,3
TAS,Male,85ov,Mining,0
TAS,Male,15_19,Oth_scs,228
TAS,Male,20_24,Oth_scs,466
TAS,Male,25_34,Oth_scs,1168
TAS,Male,35_44,Oth_scs,965
TAS,Male,45_54,Oth_scs,927
TAS,Male,55_64,Oth_scs,868
TAS,Male,65_74,Oth_scs,287
TAS,Male,75_84,Oth_scs,45
TAS,Male,85ov,Oth_scs,3
TAS,Male,15_19,Pro_scien_tec,77
TAS,Male,20_24,Pro_scien_tec,367
TAS,Male,25_34,Pro_scien_tec,1557
TAS,Male,35_44,Pro_scien_tec,1586
TAS,Male,45_54,Pro_scien_tec,1448
TAS,Male,55_64,Pro_scien_tec,1175
TAS,Male,65_74,Pro_scien_tec,572
TAS,Male,75_84,Pro_scien_tec,111
TAS,Male,85ov,Pro_scien_tec,4
TAS,Male,15_19,Public_admin_sfty,60
TAS,Male,20_24,Public_admin_sfty,333
TAS,Male,25_34,Public_admin_sfty,1544
TAS,Male,35_44,Public_admin_sfty,1961
TAS,Male,45_54,Public_admin_sfty,2457
TAS,Male,55_64,Public_admin_sfty,1923
TAS,Male,65_74,Public_admin_sfty,371
TAS,Male,75_84,Public_admin_sfty,31
TAS,Male,85ov,Public_admin_sfty,0
TAS,Male,15_19,RetTde,1284
TAS,Male,20_24,RetTde,1444
TAS,Male,25_34,RetTde,2665
TAS,Male,35_44,RetTde,1689
TAS,Male,45_54,RetTde,1490
TAS,Male,55_64,RetTde,1269
TAS,Male,65_74,RetTde,482
TAS,Male,75_84,RetTde,59
TAS,Male,85ov,RetTde,0
TAS,Male,15_19,RtnHir_REst,19
TAS,Male,20_24,RtnHir_REst,73
TAS,Male,25_34,RtnHir_REst,214
TAS,Male,35_44,RtnHir_REst,199
TAS,Male,45_54,RtnHir_REst,269
TAS,Male,55_64,RtnHir_REst,264
TAS,Male,65_74,RtnHir_REst,161
TAS,Male,75_84,RtnHir_REst,40
TAS,Male,85ov,RtnHir_REst,12
TAS,Male,15_19,Trans_post_wrehsg,104
TAS,Male,20_24,Trans_post_wrehsg,383
TAS,Male,25_34,Trans_post_wrehsg,1665
TAS,Male,35_44,Trans_post_wrehsg,1473
TAS,Male,45_54,Trans_post_wrehsg,1753
TAS,Male,55_64,Trans_post_wrehsg,2037
TAS,Male,65_74,Trans_post_wrehsg,611
TAS,Male,75_84,Trans_post_wrehsg,71
TAS,Male,85ov,Trans_post_wrehsg,4
TAS,Male,15_19,WhlesaleTde,130
TAS,Male,20_24,WhlesaleTde,291
TAS,Male,25_34,WhlesaleTde,861
TAS,Male,35_44,WhlesaleTde,856
TAS,Male,45_54,WhlesaleTde,1015
TAS,Male,55_64,WhlesaleTde,848
TAS,Male,65_74,WhlesaleTde,223
TAS,Male,75_84,WhlesaleTde,34
TAS,Male,85ov,WhlesaleTde,0
TAS,Female,15_19,Accom_food,2556
TAS,Female,20_24,Accom_food,1616
TAS,Female,25_34,Accom_food,2693
TAS,Female,35_44,Accom_food,1502
TAS,Female,45_54,Accom_food,1340
TAS,Female,55_64,Accom_food,1112
TAS,Female,65_74,Accom_food,273
TAS,Female,75_84,Accom_food,26
TAS,Female,85ov,Accom_food,0
TAS,Female,15_19,Admin_supp,84
TAS,Female,20_24,Admin_supp,286
TAS,Female,25_34,Admin_supp,826
TAS,Female,35_44,Admin_supp,886
TAS,Female,45_54,Admin_supp,971
TAS,Female,55_64,Admin_supp,780
TAS,Female,65_74,Admin_supp,179
TAS,Female,75_84,Admin_supp,25
TAS,Female,85ov,Admin_supp,0
TAS,Female,15_19,Ag_For_Fshg,127
TAS,Female,20_24,Ag_For_Fshg,267
TAS,Female,25_34,Ag_For_Fshg,813
TAS,Female,35_44,Ag_For_Fshg,691
TAS,Female,45_54,Ag_For_Fshg,719
TAS,Female,55_64,Ag_For_Fshg,700
TAS,Female,65_74,Ag_For_Fshg,365
TAS,Female,75_84,Ag_For_Fshg,102
TAS,Female,85ov,Ag_For_Fshg,7
TAS,Female,15_19,Art_recn,221
TAS,Female,20_24,Art_recn,233
TAS,Female,25_34,Art_recn,465
TAS,Female,35_44,Art_recn,406
TAS,Female,45_54,Art_recn,428
TAS,Female,55_64,Art_recn,371
TAS,Female,65_74,Art_recn,123
TAS,Female,75_84,Art_recn,13
TAS,Female,85ov,Art_recn,0
TAS,Female,15_19,Constru,57
TAS,Female,20_24,Constru,157
TAS,Female,25_34,Constru,512
TAS,Female,35_44,Constru,571
TAS,Female,45_54,Constru,492
TAS,Female,55_64,Constru,437
TAS,Female,65_74,Constru,121
TAS,Female,75_84,Constru,15
TAS,Female,85ov,Constru,0
TAS,Female,15_19,Educ_trng,247
TAS,Female,20_24,Educ_trng,821
TAS,Female,25_34,Educ_trng,3128
TAS,Female,35_44,Educ_trng,4111
TAS,Female,45_54,Educ_trng,4481
TAS,Female,55_64,Educ_trng,3429
TAS,Female,65_74,Educ_trng,778
TAS,Female,75_84,Educ_trng,51
TAS,Female,85ov,Educ_trng,6
TAS,Female,15_19,El_Gas_Wt_Waste,8
TAS,Female,20_24,El_Gas_Wt_Waste,49
TAS,Female,25_34,El_Gas_Wt_Waste,310
TAS,Female,35_44,El_Gas_Wt_Waste,367
TAS,Female,45_54,El_Gas_Wt_Waste,296
TAS,Female,55_64,El_Gas_Wt_Waste,145
TAS,Female,65_74,El_Gas_Wt_Waste,20
TAS,Female,75_84,El_Gas_Wt_Waste,0
TAS,Female,85ov,El_Gas_Wt_Waste,0
TAS,Female,15_19,Fin_Insur,32
TAS,Female,20_24,Fin_Insur,172
TAS,Female,25_34,Fin_Insur,726
TAS,Female,35_44,Fin_Insur,743
TAS,Female,45_54,Fin_Insur,639
TAS,Female,55_64,Fin_Insur,414
TAS,Female,65_74,Fin_Insur,71
TAS,Female,75_84,Fin_Insur,7
TAS,Female,85ov,Fin_Insur,0
TAS,Female,15_19,HlthCare_SocAs,356
TAS,Female,20_24,HlthCare_SocAs,2427
TAS,Female,25_34,HlthCare_SocAs,7696
TAS,Female,35_44,HlthCare_SocAs,6402
TAS,Female,45_54,HlthCare_SocAs,7062
TAS,Female,55_64,HlthCare_SocAs,6853
TAS,Female,65_74,HlthCare_SocAs,1341
TAS,Female,75_84,HlthCare_SocAs,67
TAS,Female,85ov,HlthCare_SocAs,4
TAS,Female,15_19,ID_NS,160
TAS,Female,20_24,ID_NS,235
TAS,Female,25_34,ID_NS,631
TAS,Female,35_44,ID_NS,480
TAS,Female,45_54,ID_NS,534
TAS,Female,55_64,ID_NS,427
TAS,Female,65_74,ID_NS,173
TAS,Female,75_84,ID_NS,78
TAS,Female,85ov,ID_NS,18
TAS,Female,15_19,Info_media_teleco,36
TAS,Female,20_24,Info_media_teleco,86
TAS,Female,25_34,Info_media_teleco,260
TAS,Female,35_44,Info_media_teleco,239
TAS,Female,45_54,Info_media_teleco,225
TAS,Female,55_64,Info_media_teleco,201
TAS,Female,65_74,Info_media_teleco,52
TAS,Female,75_84,Info_media_teleco,0
TAS,Female,85ov,Info_media_teleco,0
TAS,Female,15_19,Manufact,330
TAS,Female,20_24,Manufact,374
TAS,Female,25_34,Manufact,898
TAS,Female,35_44,Manufact,816
TAS,Female,45_54,Manufact,886
TAS,Female,55_64,Manufact,779
TAS,Female,65_74,Manufact,185
TAS,Female,75_84,Manufact,15
TAS,Female,85ov,Manufact,3
TAS,Female,15_19,Mining,0
TAS,Female,20_24,Mining,23
TAS,Female,25_34,Mining,94
TAS,Female,35_44,Mining,71
TAS,Female,45_54,Mining,65
TAS,Female,55_64,Mining,40
TAS,Female,65_74,Mining,12
TAS,Female,75_84,Mining,3
TAS,Female,85ov,Mining,0
TAS,Female,15_19,Oth_scs,198
TAS,Female,20_24,Oth_scs,494
TAS,Female,25_34,Oth_scs,1266
TAS,Female,35_44,Oth_scs,956
TAS,Female,45_54,Oth_scs,916
TAS,Female,55_64,Oth_scs,635
TAS,Female,65_74,Oth_scs,190
TAS,Female,75_84,Oth_scs,19
TAS,Female,85ov,Oth_scs,0
TAS,Female,15_19,Pro_scien_tec,109
TAS,Female,20_24,Pro_scien_tec,426
TAS,Female,25_34,Pro_scien_tec,1571
TAS,Female,35_44,Pro_scien_tec,1450
TAS,Female,45_54,Pro_scien_tec,1240
TAS,Female,55_64,Pro_scien_tec,893
TAS,Female,65_74,Pro_scien_tec,297
TAS,Female,75_84,Pro_scien_tec,21
TAS,Female,85ov,Pro_scien_tec,0
TAS,Female,15_19,Public_admin_sfty,78
TAS,Female,20_24,Public_admin_sfty,441
TAS,Female,25_34,Public_admin_sfty,1798
TAS,Female,35_44,Public_admin_sfty,2504
TAS,Female,45_54,Public_admin_sfty,2790
TAS,Female,55_64,Public_admin_sfty,1904
TAS,Female,65_74,Public_admin_sfty,333
TAS,Female,75_84,Public_admin_sfty,12
TAS,Female,85ov,Public_admin_sfty,0
TAS,Female,15_19,RetTde,2088
TAS,Female,20_24,RetTde,1975
TAS,Female,25_34,RetTde,2903
TAS,Female,35_44,RetTde,2188
TAS,Female,45_54,RetTde,2408
TAS,Female,55_64,RetTde,1978
TAS,Female,65_74,RetTde,463
TAS,Female,75_84,RetTde,37
TAS,Female,85ov,RetTde,0
TAS,Female,15_19,RtnHir_REst,39
TAS,Female,20_24,RtnHir_REst,174
TAS,Female,25_34,RtnHir_REst,373
TAS,Female,35_44,RtnHir_REst,275
TAS,Female,45_54,RtnHir_REst,320
TAS,Female,55_64,RtnHir_REst,277
TAS,Female,65_74,RtnHir_REst,90
TAS,Female,75_84,RtnHir_REst,19
TAS,Female,85ov,RtnHir_REst,0
TAS,Female,15_19,Trans_post_wrehsg,40
TAS,Female,20_24,Trans_post_wrehsg,148
TAS,Female,25_34,Trans_post_wrehsg,382
TAS,Female,35_44,Trans_post_wrehsg,445
TAS,Female,45_54,Trans_post_wrehsg,579
TAS,Female,55_64,Trans_post_wrehsg,525
TAS,Female,65_74,Trans_post_wrehsg,124
TAS,Female,75_84,Trans_post_wrehsg,14
TAS,Female,85ov,Trans_post_wrehsg,0
TAS,Female,15_19,WhlesaleTde,44
TAS,Female,20_24,WhlesaleTde,137
TAS,Female,25_34,WhlesaleTde,290
TAS,Female,35_44,WhlesaleTde,298
TAS,Female,45_54,WhlesaleTde,347
TAS,Female,55_64,WhlesaleTde,262
TAS,Female,65_74,WhlesaleTde,79
TAS,Female,75_84,WhlesaleTde,5
TAS,Female,85ov,WhlesaleTde,0
NT,Male,15_19,Accom_food,659
NT,Male,20_24,Accom_food,494
NT,Male,25_34,Accom_food,1241
NT,Male,35_44,Accom_food,592
NT,Male,45_54,Accom_food,381
NT,Male,55_64,Accom_food,298
NT,Male,65_74,Accom_food,117
NT,Male,75_84,Accom_food,14
NT,Male,85ov,Accom_food,0
NT,Male,15_19,Admin_supp,42
NT,Male,20_24,Admin_supp,126
NT,Male,25_34,Admin_supp,362
NT,Male,35_44,Admin_supp,321
NT,Male,45_54,Admin_supp,301
NT,Male,55_64,Admin_supp,254
NT,Male,65_74,Admin_supp,89
NT,Male,75_84,Admin_supp,9
NT,Male,85ov,Admin_supp,0
NT,Male,15_19,Ag_For_Fshg,85
NT,Male,20_24,Ag_For_Fshg,206
NT,Male,25_34,Ag_For_Fshg,383
NT,Male,35_44,Ag_For_Fshg,273
NT,Male,45_54,Ag_For_Fshg,246
NT,Male,55_64,Ag_For_Fshg,231
NT,Male,65_74,Ag_For_Fshg,108
NT,Male,75_84,Ag_For_Fshg,27
NT,Male,85ov,Ag_For_Fshg,5
NT,Male,15_19,Art_recn,101
NT,Male,20_24,Art_recn,131
NT,Male,25_34,Art_recn,359
NT,Male,35_44,Art_recn,231
NT,Male,45_54,Art_recn,188
NT,Male,55_64,Art_recn,143
NT,Male,65_74,Art_recn,59
NT,Male,75_84,Art_recn,7
NT,Male,85ov,Art_recn,0
NT,Male,15_19,Constru,284
NT,Male,20_24,Constru,571
NT,Male,25_34,Constru,1822
NT,Male,35_44,Constru,1771
NT,Male,45_54,Constru,1385
NT,Male,55_64,Constru,977
NT,Male,65_74,Constru,261
NT,Male,75_84,Constru,30
NT,Male,85ov,Constru,0
NT,Male,15_19,Educ_trng,73
NT,Male,20_24,Educ_trng,178
NT,Male,25_34,Educ_trng,595
NT,Male,35_44,Educ_trng,639
NT,Male,45_54,Educ_trng,521
NT,Male,55_64,Educ_trng,488
NT,Male,65_74,Educ_trng,157
NT,Male,75_84,Educ_trng,13
NT,Male,85ov,Educ_trng,0
NT,Male,15_19,El_Gas_Wt_Waste,13
NT,Male,20_24,El_Gas_Wt_Waste,42
NT,Male,25_34,El_Gas_Wt_Waste,239
NT,Male,35_44,El_Gas_Wt_Waste,273
NT,Male,45_54,El_Gas_Wt_Waste,272
NT,Male,55_64,El_Gas_Wt_Waste,267
NT,Male,65_74,El_Gas_Wt_Waste,63
NT,Male,75_84,El_Gas_Wt_Waste,0
NT,Male,85ov,El_Gas_Wt_Waste,0
NT,Male,15_19,Fin_Insur,3
NT,Male,20_24,Fin_Insur,15
NT,Male,25_34,Fin_Insur,71
NT,Male,35_44,Fin_Insur,82
NT,Male,45_54,Fin_Insur,78
NT,Male,55_64,Fin_Insur,51
NT,Male,65_74,Fin_Insur,17
NT,Male,75_84,Fin_Insur,0
NT,Male,85ov,Fin_Insur,0
NT,Male,15_19,HlthCare_SocAs,62
NT,Male,20_24,HlthCare_SocAs,246
NT,Male,25_34,HlthCare_SocAs,1257
NT,Male,35_44,HlthCare_SocAs,1235
NT,Male,45_54,HlthCare_SocAs,799
NT,Male,55_64,HlthCare_SocAs,585
NT,Male,65_74,HlthCare_SocAs,211
NT,Male,75_84,HlthCare_SocAs,24
NT,Male,85ov,HlthCare_SocAs,6
NT,Male,15_19,ID_NS,132
NT,Male,20_24,ID_NS,283
NT,Male,25_34,ID_NS,705
NT,Male,35_44,ID_NS,596
NT,Male,45_54,ID_NS,475
NT,Male,55_64,ID_NS,329
NT,Male,65_74,ID_NS,118
NT,Male,75_84,ID_NS,22
NT,Male,85ov,ID_NS,4
NT,Male,15_19,Info_media_teleco,15
NT,Male,20_24,Info_media_teleco,34
NT,Male,25_34,Info_media_teleco,128
NT,Male,35_44,Info_media_teleco,98
NT,Male,45_54,Info_media_teleco,93
NT,Male,55_64,Info_media_teleco,81
NT,Male,65_74,Info_media_teleco,18
NT,Male,75_84,Info_media_teleco,0
NT,Male,85ov,Info_media_teleco,0
NT,Male,15_19,Manufact,100
NT,Male,20_24,Manufact,136
NT,Male,25_34,Manufact,412
NT,Male,35_44,Manufact,428
NT,Male,45_54,Manufact,379
NT,Male,55_64,Manufact,264
NT,Male,65_74,Manufact,60
NT,Male,75_84,Manufact,3
NT,Male,85ov,Manufact,0
NT,Male,15_19,Mining,12
NT,Male,20_24,Mining,79
NT,Male,25_34,Mining,430
NT,Male,35_44,Mining,635
NT,Male,45_54,Mining,619
NT,Male,55_64,Mining,338
NT,Male,65_74,Mining,39
NT,Male,75_84,Mining,3
NT,Male,85ov,Mining,0
NT,Male,15_19,Oth_scs,131
NT,Male,20_24,Oth_scs,188
NT,Male,25_34,Oth_scs,575
NT,Male,35_44,Oth_scs,499
NT,Male,45_54,Oth_scs,403
NT,Male,55_64,Oth_scs,363
NT,Male,65_74,Oth_scs,116
NT,Male,75_84,Oth_scs,7
NT,Male,85ov,Oth_scs,0
NT,Male,15_19,Pro_scien_tec,42
NT,Male,20_24,Pro_scien_tec,167
NT,Male,25_34,Pro_scien_tec,711
NT,Male,35_44,Pro_scien_tec,642
NT,Male,45_54,Pro_scien_tec,461
NT,Male,55_64,Pro_scien_tec,395
NT,Male,65_74,Pro_scien_tec,161
NT,Male,75_84,Pro_scien_tec,14
NT,Male,85ov,Pro_scien_tec,0
NT,Male,15_19,Public_admin_sfty,135
NT,Male,20_24,Public_admin_sfty,1112
NT,Male,25_34,Public_admin_sfty,2744
NT,Male,35_44,Public_admin_sfty,2421
NT,Male,45_54,Public_admin_sfty,2205
NT,Male,55_64,Public_admin_sfty,1378
NT,Male,65_74,Public_admin_sfty,353
NT,Male,75_84,Public_admin_sfty,25
NT,Male,85ov,Public_admin_sfty,0
NT,Male,15_19,RetTde,444
NT,Male,20_24,RetTde,488
NT,Male,25_34,RetTde,1011
NT,Male,35_44,RetTde,616
NT,Male,45_54,RetTde,444
NT,Male,55_64,RetTde,339
NT,Male,65_74,RetTde,151
NT,Male,75_84,RetTde,12
NT,Male,85ov,RetTde,0
NT,Male,15_19,RtnHir_REst,4
NT,Male,20_24,RtnHir_REst,20
NT,Male,25_34,RtnHir_REst,95
NT,Male,35_44,RtnHir_REst,107
NT,Male,45_54,RtnHir_REst,118
NT,Male,55_64,RtnHir_REst,93
NT,Male,65_74,RtnHir_REst,55
NT,Male,75_84,RtnHir_REst,18
NT,Male,85ov,RtnHir_REst,0
NT,Male,15_19,Trans_post_wrehsg,61
NT,Male,20_24,Trans_post_wrehsg,208
NT,Male,25_34,Trans_post_wrehsg,840
NT,Male,35_44,Trans_post_wrehsg,672
NT,Male,45_54,Trans_post_wrehsg,696
NT,Male,55_64,Trans_post_wrehsg,628
NT,Male,65_74,Trans_post_wrehsg,187
NT,Male,75_84,Trans_post_wrehsg,18
NT,Male,85ov,Trans_post_wrehsg,0
NT,Male,15_19,WhlesaleTde,28
NT,Male,20_24,WhlesaleTde,80
NT,Male,25_34,WhlesaleTde,251
NT,Male,35_44,WhlesaleTde,269
NT,Male,45_54,WhlesaleTde,243
NT,Male,55_64,WhlesaleTde,201
NT,Male,65_74,WhlesaleTde,48
NT,Male,75_84,WhlesaleTde,11
NT,Male,85ov,WhlesaleTde,0
NT,Female,15_19,Accom_food,742
NT,Female,20_24,Accom_food,480
NT,Female,25_34,Accom_food,1280
NT,Female,35_44,Accom_food,722
NT,Female,45_54,Accom_food,447
NT,Female,55_64,Accom_food,351
NT,Female,65_74,Accom_food,80
NT,Female,75_84,Accom_food,9
NT,Female,85ov,Accom_food,0
NT,Female,15_19,Admin_supp,40
NT,Female,20_24,Admin_supp,115
NT,Female,25_34,Admin_supp,410
NT,Female,35_44,Admin_supp,396
NT,Female,45_54,Admin_supp,368
NT,Female,55_64,Admin_supp,248
NT,Female,65_74,Admin_supp,59
NT,Female,75_84,Admin_supp,7
NT,Female,85ov,Admin_supp,0
NT,Female,15_19,Ag_For_Fshg,66
NT,Female,20_24,Ag_For_Fshg,147
NT,Female,25_34,Ag_For_Fshg,213
NT,Female,35_44,Ag_For_Fshg,158
NT,Female,45_54,Ag_For_Fshg,149
NT,Female,55_64,Ag_For_Fshg,108
NT,Female,65_74,Ag_For_Fshg,36
NT,Female,75_84,Ag_For_Fshg,12
NT,Female,85ov,Ag_For_Fshg,0
NT,Female,15_19,Art_recn,114
NT,Female,20_24,Art_recn,162
NT,Female,25_34,Art_recn,332
NT,Female,35_44,Art_recn,228
NT,Female,45_54,Art_recn,205
NT,Female,55_64,Art_recn,129
NT,Female,65_74,Art_recn,57
NT,Female,75_84,Art_recn,6
NT,Female,85ov,Art_recn,0
NT,Female,15_19,Constru,34
NT,Female,20_24,Constru,81
NT,Female,25_34,Constru,361
NT,Female,35_44,Constru,384
NT,Female,45_54,Constru,350
NT,Female,55_64,Constru,238
NT,Female,65_74,Constru,46
NT,Female,75_84,Constru,5
NT,Female,85ov,Constru,0
NT,Female,15_19,Educ_trng,200
NT,Female,20_24,Educ_trng,424
NT,Female,25_34,Educ_trng,1638
NT,Female,35_44,Educ_trng,1829
NT,Female,45_54,Educ_trng,1753
NT,Female,55_64,Educ_trng,1219
NT,Female,65_74,Educ_trng,289
NT,Female,75_84,Educ_trng,18
NT,Female,85ov,Educ_trng,0
NT,Female,15_19,El_Gas_Wt_Waste,0
NT,Female,20_24,El_Gas_Wt_Waste,19
NT,Female,25_34,El_Gas_Wt_Waste,99
NT,Female,35_44,El_Gas_Wt_Waste,126
NT,Female,45_54,El_Gas_Wt_Waste,115
NT,Female,55_64,El_Gas_Wt_Waste,67
NT,Female,65_74,El_Gas_Wt_Waste,0
NT,Female,75_84,El_Gas_Wt_Waste,0
NT,Female,85ov,El_Gas_Wt_Waste,0
NT,Female,15_19,Fin_Insur,3
NT,Female,20_24,Fin_Insur,39
NT,Female,25_34,Fin_Insur,234
NT,Female,35_44,Fin_Insur,172
NT,Female,45_54,Fin_Insur,136
NT,Female,55_64,Fin_Insur,57
NT,Female,65_74,Fin_Insur,17
NT,Female,75_84,Fin_Insur,0
NT,Female,85ov,Fin_Insur,0
NT,Female,15_19,HlthCare_SocAs,185
NT,Female,20_24,HlthCare_SocAs,858
NT,Female,25_34,HlthCare_SocAs,3764
NT,Female,35_44,HlthCare_SocAs,2767
NT,Female,45_54,HlthCare_SocAs,2022
NT,Female,55_64,HlthCare_SocAs,1518
NT,Female,65_74,HlthCare_SocAs,400
NT,Female,75_84,HlthCare_SocAs,17
NT,Female,85ov,HlthCare_SocAs,0
NT,Female,15_19,ID_NS,121
NT,Female,20_24,ID_NS,190
NT,Female,25_34,ID_NS,504
NT,Female,35_44,ID_NS,377
NT,Female,45_54,ID_NS,312
NT,Female,55_64,ID_NS,205
NT,Female,65_74,ID_NS,74
NT,Female,75_84,ID_NS,17
NT,Female,85ov,ID_NS,0
NT,Female,15_19,Info_media_teleco,15
NT,Female,20_24,Info_media_teleco,34
NT,Female,25_34,Info_media_teleco,87
NT,Female,35_44,Info_media_teleco,72
NT,Female,45_54,Info_media_teleco,40
NT,Female,55_64,Info_media_teleco,40
NT,Female,65_74,Info_media_teleco,10
NT,Female,75_84,Info_media_teleco,0
NT,Female,85ov,Info_media_teleco,0
NT,Female,15_19,Manufact,47
NT,Female,20_24,Manufact,71
NT,Female,25_34,Manufact,131
NT,Female,35_44,Manufact,141
NT,Female,45_54,Manufact,129
NT,Female,55_64,Manufact,83
NT,Female,65_74,Manufact,20
NT,Female,75_84,Manufact,0
NT,Female,85ov,Manufact,0
NT,Female,15_19,Mining,11
NT,Female,20_24,Mining,36
NT,Female,25_34,Mining,139
NT,Female,35_44,Mining,123
NT,Female,45_54,Mining,87
NT,Female,55_64,Mining,50
NT,Female,65_74,Mining,3
NT,Female,75_84,Mining,0
NT,Female,85ov,Mining,0
NT,Female,15_19,Oth_scs,92
NT,Female,20_24,Oth_scs,147
NT,Female,25_34,Oth_scs,516
NT,Female,35_44,Oth_scs,483
NT,Female,45_54,Oth_scs,344
NT,Female,55_64,Oth_scs,224
NT,Female,65_74,Oth_scs,68
NT,Female,75_84,Oth_scs,5
NT,Female,85ov,Oth_scs,0
NT,Female,15_19,Pro_scien_tec,49
NT,Female,20_24,Pro_scien_tec,165
NT,Female,25_34,Pro_scien_tec,797
NT,Female,35_44,Pro_scien_tec,636
NT,Female,45_54,Pro_scien_tec,492
NT,Female,55_64,Pro_scien_tec,341
NT,Female,65_74,Pro_scien_tec,105
NT,Female,75_84,Pro_scien_tec,14
NT,Female,85ov,Pro_scien_tec,0
NT,Female,15_19,Public_admin_sfty,115
NT,Female,20_24,Public_admin_sfty,651
NT,Female,25_34,Public_admin_sfty,2264
NT,Female,35_44,Public_admin_sfty,2367
NT,Female,45_54,Public_admin_sfty,2082
NT,Female,55_64,Public_admin_sfty,1319
NT,Female,65_74,Public_admin_sfty,264
NT,Female,75_84,Public_admin_sfty,13
NT,Female,85ov,Public_admin_sfty,0
NT,Female,15_19,RetTde,625
NT,Female,20_24,RetTde,475
NT,Female,25_34,RetTde,1051
NT,Female,35_44,RetTde,710
NT,Female,45_54,RetTde,680
NT,Female,55_64,RetTde,509
NT,Female,65_74,RetTde,152
NT,Female,75_84,RetTde,11
NT,Female,85ov,RetTde,0
NT,Female,15_19,RtnHir_REst,11
NT,Female,20_24,RtnHir_REst,56
NT,Female,25_34,RtnHir_REst,178
NT,Female,35_44,RtnHir_REst,163
NT,Female,45_54,RtnHir_REst,135
NT,Female,55_64,RtnHir_REst,99
NT,Female,65_74,RtnHir_REst,39
NT,Female,75_84,RtnHir_REst,12
NT,Female,85ov,RtnHir_REst,0
NT,Female,15_19,Trans_post_wrehsg,40
NT,Female,20_24,Trans_post_wrehsg,86
NT,Female,25_34,Trans_post_wrehsg,233
NT,Female,35_44,Trans_post_wrehsg,206
NT,Female,45_54,Trans_post_wrehsg,216
NT,Female,55_64,Trans_post_wrehsg,177
NT,Female,65_74,Trans_post_wrehsg,36
NT,Female,75_84,Trans_post_wrehsg,5
NT,Female,85ov,Trans_post_wrehsg,0
NT,Female,15_19,WhlesaleTde,10
NT,Female,20_24,WhlesaleTde,40
NT,Female,25_34,WhlesaleTde,116
NT,Female,35_44,WhlesaleTde,111
NT,Female,45_54,WhlesaleTde,113
NT,Female,55_64,WhlesaleTde,71
NT,Female,65_74,WhlesaleTde,15
NT,Female,75_84,WhlesaleTde,0
NT,Female,85ov,WhlesaleTde,0
ACT,Male,15_19,Accom_food,2042
ACT,Male,20_24,Accom_food,1743
ACT,Male,25_34,Accom_food,2415
ACT,Male,35_44,Accom_food,1091
ACT,Male,45_54,Accom_food,594
ACT,Male,55_64,Accom_food,364
ACT,Male,65_74,Accom_food,108
ACT,Male,75_84,Accom_food,16
ACT,Male,85ov,Accom_food,0
ACT,Male,15_19,Admin_supp,89
ACT,Male,20_24,Admin_supp,293
ACT,Male,25_34,Admin_supp,822
ACT,Male,35_44,Admin_supp,784
ACT,Male,45_54,Admin_supp,574
ACT,Male,55_64,Admin_supp,451
ACT,Male,65_74,Admin_supp,149
ACT,Male,75_84,Admin_supp,24
ACT,Male,85ov,Admin_supp,0
ACT,Male,15_19,Ag_For_Fshg,19
ACT,Male,20_24,Ag_For_Fshg,36
ACT,Male,25_34,Ag_For_Fshg,97
ACT,Male,35_44,Ag_For_Fshg,57
ACT,Male,45_54,Ag_For_Fshg,58
ACT,Male,55_64,Ag_For_Fshg,71
ACT,Male,65_74,Ag_For_Fshg,47
ACT,Male,75_84,Ag_For_Fshg,20
ACT,Male,85ov,Ag_For_Fshg,8
ACT,Male,15_19,Art_recn,333
ACT,Male,20_24,Art_recn,345
ACT,Male,25_34,Art_recn,473
ACT,Male,35_44,Art_recn,336
ACT,Male,45_54,Art_recn,287
ACT,Male,55_64,Art_recn,211
ACT,Male,65_74,Art_recn,88
ACT,Male,75_84,Art_recn,17
ACT,Male,85ov,Art_recn,0
ACT,Male,15_19,Constru,716
ACT,Male,20_24,Constru,1890
ACT,Male,25_34,Constru,4497
ACT,Male,35_44,Constru,3342
ACT,Male,45_54,Constru,2295
ACT,Male,55_64,Constru,1397
ACT,Male,65_74,Constru,386
ACT,Male,75_84,Constru,48
ACT,Male,85ov,Constru,6
ACT,Male,15_19,Educ_trng,413
ACT,Male,20_24,Educ_trng,865
ACT,Male,25_34,Educ_trng,1810
ACT,Male,35_44,Educ_trng,1804
ACT,Male,45_54,Educ_trng,1448
ACT,Male,55_64,Educ_trng,990
ACT,Male,65_74,Educ_trng,335
ACT,Male,75_84,Educ_trng,42
ACT,Male,85ov,Educ_trng,3
ACT,Male,15_19,El_Gas_Wt_Waste,19
ACT,Male,20_24,El_Gas_Wt_Waste,90
ACT,Male,25_34,El_Gas_Wt_Waste,348
ACT,Male,35_44,El_Gas_Wt_Waste,327
ACT,Male,45_54,El_Gas_Wt_Waste,292
ACT,Male,55_64,El_Gas_Wt_Waste,206
ACT,Male,65_74,El_Gas_Wt_Waste,38
ACT,Male,75_84,El_Gas_Wt_Waste,3
ACT,Male,85ov,El_Gas_Wt_Waste,0
ACT,Male,15_19,Fin_Insur,17
ACT,Male,20_24,Fin_Insur,133
ACT,Male,25_34,Fin_Insur,424
ACT,Male,35_44,Fin_Insur,481
ACT,Male,45_54,Fin_Insur,358
ACT,Male,55_64,Fin_Insur,187
ACT,Male,65_74,Fin_Insur,66
ACT,Male,75_84,Fin_Insur,21
ACT,Male,85ov,Fin_Insur,6
ACT,Male,15_19,HlthCare_SocAs,137
ACT,Male,20_24,HlthCare_SocAs,632
ACT,Male,25_34,HlthCare_SocAs,2153
ACT,Male,35_44,HlthCare_SocAs,1894
ACT,Male,45_54,HlthCare_SocAs,1355
ACT,Male,55_64,HlthCare_SocAs,929
ACT,Male,65_74,HlthCare_SocAs,345
ACT,Male,75_84,HlthCare_SocAs,47
ACT,Male,85ov,HlthCare_SocAs,0
ACT,Male,15_19,ID_NS,116
ACT,Male,20_24,ID_NS,339
ACT,Male,25_34,ID_NS,953
ACT,Male,35_44,ID_NS,707
ACT,Male,45_54,ID_NS,465
ACT,Male,55_64,ID_NS,255
ACT,Male,65_74,ID_NS,75
ACT,Male,75_84,ID_NS,18
ACT,Male,85ov,ID_NS,3
ACT,Male,15_19,Info_media_teleco,40
ACT,Male,20_24,Info_media_teleco,160
ACT,Male,25_34,Info_media_teleco,594
ACT,Male,35_44,Info_media_teleco,635
ACT,Male,45_54,Info_media_teleco,501
ACT,Male,55_64,Info_media_teleco,255
ACT,Male,65_74,Info_media_teleco,50
ACT,Male,75_84,Info_media_teleco,13
ACT,Male,85ov,Info_media_teleco,4
ACT,Male,15_19,Manufact,126
ACT,Male,20_24,Manufact,276
ACT,Male,25_34,Manufact,766
ACT,Male,35_44,Manufact,614
ACT,Male,45_54,Manufact,664
ACT,Male,55_64,Manufact,382
ACT,Male,65_74,Manufact,119
ACT,Male,75_84,Manufact,21
ACT,Male,85ov,Manufact,3
ACT,Male,15_19,Mining,0
ACT,Male,20_24,Mining,7
ACT,Male,25_34,Mining,29
ACT,Male,35_44,Mining,33
ACT,Male,45_54,Mining,30
ACT,Male,55_64,Mining,18
ACT,Male,65_74,Mining,4
ACT,Male,75_84,Mining,0
ACT,Male,85ov,Mining,0
ACT,Male,15_19,Oth_scs,163
ACT,Male,20_24,Oth_scs,409
ACT,Male,25_34,Oth_scs,840
ACT,Male,35_44,Oth_scs,736
ACT,Male,45_54,Oth_scs,640
ACT,Male,55_64,Oth_scs,387
ACT,Male,65_74,Oth_scs,157
ACT,Male,75_84,Oth_scs,33
ACT,Male,85ov,Oth_scs,0
ACT,Male,15_19,Pro_scien_tec,115
ACT,Male,20_24,Pro_scien_tec,1271
ACT,Male,25_34,Pro_scien_tec,4260
ACT,Male,35_44,Pro_scien_tec,4301
ACT,Male,45_54,Pro_scien_tec,3098
ACT,Male,55_64,Pro_scien_tec,1897
ACT,Male,65_74,Pro_scien_tec,671
ACT,Male,75_84,Pro_scien_tec,95
ACT,Male,85ov,Pro_scien_tec,7
ACT,Male,15_19,Public_admin_sfty,441
ACT,Male,20_24,Public_admin_sfty,2214
ACT,Male,25_34,Public_admin_sfty,8222
ACT,Male,35_44,Public_admin_sfty,10507
ACT,Male,45_54,Public_admin_sfty,9236
ACT,Male,55_64,Public_admin_sfty,4899
ACT,Male,65_74,Public_admin_sfty,934
ACT,Male,75_84,Public_admin_sfty,58
ACT,Male,85ov,Public_admin_sfty,3
ACT,Male,15_19,RetTde,1141
ACT,Male,20_24,RetTde,1522
ACT,Male,25_34,RetTde,2359
ACT,Male,35_44,RetTde,1154
ACT,Male,45_54,RetTde,772
ACT,Male,55_64,RetTde,554
ACT,Male,65_74,RetTde,221
ACT,Male,75_84,RetTde,35
ACT,Male,85ov,RetTde,3
ACT,Male,15_19,RtnHir_REst,30
ACT,Male,20_24,RtnHir_REst,122
ACT,Male,25_34,RtnHir_REst,369
ACT,Male,35_44,RtnHir_REst,318
ACT,Male,45_54,RtnHir_REst,264
ACT,Male,55_64,RtnHir_REst,211
ACT,Male,65_74,RtnHir_REst,96
ACT,Male,75_84,RtnHir_REst,26
ACT,Male,85ov,RtnHir_REst,8
ACT,Male,15_19,Trans_post_wrehsg,71
ACT,Male,20_24,Trans_post_wrehsg,291
ACT,Male,25_34,Trans_post_wrehsg,1170
ACT,Male,35_44,Trans_post_wrehsg,936
ACT,Male,45_54,Trans_post_wrehsg,804
ACT,Male,55_64,Trans_post_wrehsg,706
ACT,Male,65_74,Trans_post_wrehsg,255
ACT,Male,75_84,Trans_post_wrehsg,26
ACT,Male,85ov,Trans_post_wrehsg,0
ACT,Male,15_19,WhlesaleTde,48
ACT,Male,20_24,WhlesaleTde,159
ACT,Male,25_34,WhlesaleTde,313
ACT,Male,35_44,WhlesaleTde,342
ACT,Male,45_54,WhlesaleTde,294
ACT,Male,55_64,WhlesaleTde,224
ACT,Male,65_74,WhlesaleTde,62
ACT,Male,75_84,WhlesaleTde,10
ACT,Male,85ov,WhlesaleTde,0
ACT,Female,15_19,Accom_food,2226
ACT,Female,20_24,Accom_food,1755
ACT,Female,25_34,Accom_food,1691
ACT,Female,35_44,Accom_food,778
ACT,Female,45_54,Accom_food,489
ACT,Female,55_64,Accom_food,372
ACT,Female,65_74,Accom_food,83
ACT,Female,75_84,Accom_food,9
ACT,Female,85ov,Accom_food,0
ACT,Female,15_19,Admin_supp,80
ACT,Female,20_24,Admin_supp,305
ACT,Female,25_34,Admin_supp,947
ACT,Female,35_44,Admin_supp,733
ACT,Female,45_54,Admin_supp,617
ACT,Female,55_64,Admin_supp,478
ACT,Female,65_74,Admin_supp,135
ACT,Female,75_84,Admin_supp,11
ACT,Female,85ov,Admin_supp,3
ACT,Female,15_19,Ag_For_Fshg,13
ACT,Female,20_24,Ag_For_Fshg,32
ACT,Female,25_34,Ag_For_Fshg,46
ACT,Female,35_44,Ag_For_Fshg,47
ACT,Female,45_54,Ag_For_Fshg,24
ACT,Female,55_64,Ag_For_Fshg,48
ACT,Female,65_74,Ag_For_Fshg,25
ACT,Female,75_84,Ag_For_Fshg,4
ACT,Female,85ov,Ag_For_Fshg,0
ACT,Female,15_19,Art_recn,334
ACT,Female,20_24,Art_recn,442
ACT,Female,25_34,Art_recn,543
ACT,Female,35_44,Art_recn,433
ACT,Female,45_54,Art_recn,349
ACT,Female,55_64,Art_recn,233
ACT,Female,65_74,Art_recn,98
ACT,Female,75_84,Art_recn,13
ACT,Female,85ov,Art_recn,0
ACT,Female,15_19,Constru,54
ACT,Female,20_24,Constru,186
ACT,Female,25_34,Constru,602
ACT,Female,35_44,Constru,494
ACT,Female,45_54,Constru,379
ACT,Female,55_64,Constru,212
ACT,Female,65_74,Constru,43
ACT,Female,75_84,Constru,8
ACT,Female,85ov,Constru,0
ACT,Female,15_19,Educ_trng,672
ACT,Female,20_24,Educ_trng,1360
ACT,Female,25_34,Educ_trng,3442
ACT,Female,35_44,Educ_trng,3912
ACT,Female,45_54,Educ_trng,3507
ACT,Female,55_64,Educ_trng,2170
ACT,Female,65_74,Educ_trng,539
ACT,Female,75_84,Educ_trng,48
ACT,Female,85ov,Educ_trng,0
ACT,Female,15_19,El_Gas_Wt_Waste,8
ACT,Female,20_24,El_Gas_Wt_Waste,51
ACT,Female,25_34,El_Gas_Wt_Waste,183
ACT,Female,35_44,El_Gas_Wt_Waste,159
ACT,Female,45_54,El_Gas_Wt_Waste,108
ACT,Female,55_64,El_Gas_Wt_Waste,41
ACT,Female,65_74,El_Gas_Wt_Waste,5
ACT,Female,75_84,El_Gas_Wt_Waste,0
ACT,Female,85ov,El_Gas_Wt_Waste,0
ACT,Female,15_19,Fin_Insur,14
ACT,Female,20_24,Fin_Insur,148
ACT,Female,25_34,Fin_Insur,545
ACT,Female,35_44,Fin_Insur,509
ACT,Female,45_54,Fin_Insur,342
ACT,Female,55_64,Fin_Insur,214
ACT,Female,65_74,Fin_Insur,56
ACT,Female,75_84,Fin_Insur,8
ACT,Female,85ov,Fin_Insur,0
ACT,Female,15_19,HlthCare_SocAs,489
ACT,Female,20_24,HlthCare_SocAs,2287
ACT,Female,25_34,HlthCare_SocAs,6105
ACT,Female,35_44,HlthCare_SocAs,4865
ACT,Female,45_54,HlthCare_SocAs,3769
ACT,Female,55_64,HlthCare_SocAs,2746
ACT,Female,65_74,HlthCare_SocAs,682
ACT,Female,75_84,HlthCare_SocAs,44
ACT,Female,85ov,HlthCare_SocAs,0
ACT,Female,15_19,ID_NS,93
ACT,Female,20_24,ID_NS,236
ACT,Female,25_34,ID_NS,631
ACT,Female,35_44,ID_NS,421
ACT,Female,45_54,ID_NS,288
ACT,Female,55_64,ID_NS,158
ACT,Female,65_74,ID_NS,54
ACT,Female,75_84,ID_NS,16
ACT,Female,85ov,ID_NS,13
ACT,Female,15_19,Info_media_teleco,52
ACT,Female,20_24,Info_media_teleco,155
ACT,Female,25_34,Info_media_teleco,377
ACT,Female,35_44,Info_media_teleco,368
ACT,Female,45_54,Info_media_teleco,304
ACT,Female,55_64,Info_media_teleco,156
ACT,Female,65_74,Info_media_teleco,37
ACT,Female,75_84,Info_media_teleco,13
ACT,Female,85ov,Info_media_teleco,0
ACT,Female,15_19,Manufact,162
ACT,Female,20_24,Manufact,148
ACT,Female,25_34,Manufact,258
ACT,Female,35_44,Manufact,205
ACT,Female,45_54,Manufact,202
ACT,Female,55_64,Manufact,126
ACT,Female,65_74,Manufact,41
ACT,Female,75_84,Manufact,13
ACT,Female,85ov,Manufact,0
ACT,Female,15_19,Mining,0
ACT,Female,20_24,Mining,3
ACT,Female,25_34,Mining,7
ACT,Female,35_44,Mining,8
ACT,Female,45_54,Mining,3
ACT,Female,55_64,Mining,5
ACT,Female,65_74,Mining,0
ACT,Female,75_84,Mining,0
ACT,Female,85ov,Mining,0
ACT,Female,15_19,Oth_scs,307
ACT,Female,20_24,Oth_scs,538
ACT,Female,25_34,Oth_scs,937
ACT,Female,35_44,Oth_scs,768
ACT,Female,45_54,Oth_scs,635
ACT,Female,55_64,Oth_scs,415
ACT,Female,65_74,Oth_scs,140
ACT,Female,75_84,Oth_scs,8
ACT,Female,85ov,Oth_scs,0
ACT,Female,15_19,Pro_scien_tec,174
ACT,Female,20_24,Pro_scien_tec,1297
ACT,Female,25_34,Pro_scien_tec,3457
ACT,Female,35_44,Pro_scien_tec,2989
ACT,Female,45_54,Pro_scien_tec,2040
ACT,Female,55_64,Pro_scien_tec,1105
ACT,Female,65_74,Pro_scien_tec,311
ACT,Female,75_84,Pro_scien_tec,42
ACT,Female,85ov,Pro_scien_tec,0
ACT,Female,15_19,Public_admin_sfty,276
ACT,Female,20_24,Public_admin_sfty,2461
ACT,Female,25_34,Public_admin_sfty,9622
ACT,Female,35_44,Public_admin_sfty,11039
ACT,Female,45_54,Public_admin_sfty,9137
ACT,Female,55_64,Public_admin_sfty,4368
ACT,Female,65_74,Public_admin_sfty,584
ACT,Female,75_84,Public_admin_sfty,24
ACT,Female,85ov,Public_admin_sfty,0
ACT,Female,15_19,RetTde,1755
ACT,Female,20_24,RetTde,1751
ACT,Female,25_34,RetTde,1873
ACT,Female,35_44,RetTde,1009
ACT,Female,45_54,RetTde,862
ACT,Female,55_64,RetTde,737
ACT,Female,65_74,RetTde,253
ACT,Female,75_84,RetTde,22
ACT,Female,85ov,RetTde,0
ACT,Female,15_19,RtnHir_REst,36
ACT,Female,20_24,RtnHir_REst,226
ACT,Female,25_34,RtnHir_REst,462
ACT,Female,35_44,RtnHir_REst,343
ACT,Female,45_54,RtnHir_REst,239
ACT,Female,55_64,RtnHir_REst,179
ACT,Female,65_74,RtnHir_REst,59
ACT,Female,75_84,RtnHir_REst,15
ACT,Female,85ov,RtnHir_REst,3
ACT,Female,15_19,Trans_post_wrehsg,21
ACT,Female,20_24,Trans_post_wrehsg,71
ACT,Female,25_34,Trans_post_wrehsg,236
ACT,Female,35_44,Trans_post_wrehsg,217
ACT,Female,45_54,Trans_post_wrehsg,241
ACT,Female,55_64,Trans_post_wrehsg,168
ACT,Female,65_74,Trans_post_wrehsg,45
ACT,Female,75_84,Trans_post_wrehsg,4
ACT,Female,85ov,Trans_post_wrehsg,0
ACT,Female,15_19,WhlesaleTde,20
ACT,Female,20_24,WhlesaleTde,72
ACT,Female,25_34,WhlesaleTde,113
ACT,Female,35_44,WhlesaleTde,96
ACT,Female,45_54,WhlesaleTde,105
ACT,Female,55_64,WhlesaleTde,78
ACT,Female,65_74,WhlesaleTde,22
ACT,Female,75_84,WhlesaleTde,0
ACT,Female,85ov,WhlesaleTde,0
OT,Male,15_19,Accom_food,12
OT,Male,20_24,Accom_food,6
OT,Male,25_34,Accom_food,12
OT,Male,35_44,Accom_food,13
OT,Male,45_54,Accom_food,18
OT,Male,55_64,Accom_food,19
OT,Male,65_74,Accom_food,6
OT,Male,75_84,Accom_food,0
OT,Male,85ov,Accom_food,0
OT,Male,15_19,Admin_supp,3
OT,Male,20_24,Admin_supp,0
OT,Male,25_34,Admin_supp,9
OT,Male,35_44,Admin_supp,10
OT,Male,45_54,Admin_supp,13
OT,Male,55_64,Admin_supp,17
OT,Male,65_74,Admin_supp,6
OT,Male,75_84,Admin_supp,3
OT,Male,85ov,Admin_supp,0
OT,Male,15_19,Ag_For_Fshg,0
OT,Male,20_24,Ag_For_Fshg,0
OT,Male,25_34,Ag_For_Fshg,4
OT,Male,35_44,Ag_For_Fshg,0
OT,Male,45_54,Ag_For_Fshg,6
OT,Male,55_64,Ag_For_Fshg,8
OT,Male,65_74,Ag_For_Fshg,0
OT,Male,75_84,Ag_For_Fshg,0
OT,Male,85ov,Ag_For_Fshg,0
OT,Male,15_19,Art_recn,4
OT,Male,20_24,Art_recn,3
OT,Male,25_34,Art_recn,4
OT,Male,35_44,Art_recn,8
OT,Male,45_54,Art_recn,11
OT,Male,55_64,Art_recn,6
OT,Male,65_74,Art_recn,0
OT,Male,75_84,Art_recn,0
OT,Male,85ov,Art_recn,0
OT,Male,15_19,Constru,13
OT,Male,20_24,Constru,16
OT,Male,25_34,Constru,29
OT,Male,35_44,Constru,31
OT,Male,45_54,Constru,39
OT,Male,55_64,Constru,45
OT,Male,65_74,Constru,18
OT,Male,75_84,Constru,0
OT,Male,85ov,Constru,0
OT,Male,15_19,Educ_trng,0
OT,Male,20_24,Educ_trng,6
OT,Male,25_34,Educ_trng,5
OT,Male,35_44,Educ_trng,9
OT,Male,45_54,Educ_trng,3
OT,Male,55_64,Educ_trng,6
OT,Male,65_74,Educ_trng,5
OT,Male,75_84,Educ_trng,0
OT,Male,85ov,Educ_trng,0
OT,Male,15_19,El_Gas_Wt_Waste,0
OT,Male,20_24,El_Gas_Wt_Waste,0
OT,Male,25_34,El_Gas_Wt_Waste,7
OT,Male,35_44,El_Gas_Wt_Waste,14
OT,Male,45_54,El_Gas_Wt_Waste,3
OT,Male,55_64,El_Gas_Wt_Waste,8
OT,Male,65_74,El_Gas_Wt_Waste,7
OT,Male,75_84,El_Gas_Wt_Waste,0
OT,Male,85ov,El_Gas_Wt_Waste,0
OT,Male,15_19,Fin_Insur,0
OT,Male,20_24,Fin_Insur,0
OT,Male,25_34,Fin_Insur,0
OT,Male,35_44,Fin_Insur,0
OT,Male,45_54,Fin_Insur,0
OT,Male,55_64,Fin_Insur,0
OT,Male,65_74,Fin_Insur,0
OT,Male,75_84,Fin_Insur,0
OT,Male,85ov,Fin_Insur,0
OT,Male,15_19,HlthCare_SocAs,0
OT,Male,20_24,HlthCare_SocAs,0
OT,Male,25_34,HlthCare_SocAs,3
OT,Male,35_44,HlthCare_SocAs,7
OT,Male,45_54,HlthCare_SocAs,9
OT,Male,55_64,HlthCare_SocAs,4
OT,Male,65_74,HlthCare_SocAs,0
OT,Male,75_84,HlthCare_SocAs,0
OT,Male,85ov,HlthCare_SocAs,0
OT,Male,15_19,ID_NS,3
OT,Male,20_24,ID_NS,5
OT,Male,25_34,ID_NS,8
OT,Male,35_44,ID_NS,12
OT,Male,45_54,ID_NS,7
OT,Male,55_64,ID_NS,12
OT,Male,65_74,ID_NS,12
OT,Male,75_84,ID_NS,3
OT,Male,85ov,ID_NS,0
OT,Male,15_19,Info_media_teleco,0
OT,Male,20_24,Info_media_teleco,0
OT,Male,25_34,Info_media_teleco,0
OT,Male,35_44,Info_media_teleco,0
OT,Male,45_54,Info_media_teleco,3
OT,Male,55_64,Info_media_teleco,5
OT,Male,65_74,Info_media_teleco,0
OT,Male,75_84,Info_media_teleco,0
OT,Male,85ov,Info_media_teleco,0
OT,Male,15_19,Manufact,0
OT,Male,20_24,Manufact,0
OT,Male,25_34,Manufact,3
OT,Male,35_44,Manufact,6
OT,Male,45_54,Manufact,0
OT,Male,55_64,Manufact,8
OT,Male,65_74,Manufact,0
OT,Male,75_84,Manufact,0
OT,Male,85ov,Manufact,0
OT,Male,15_19,Mining,0
OT,Male,20_24,Mining,0
OT,Male,25_34,Mining,12
OT,Male,35_44,Mining,17
OT,Male,45_54,Mining,23
OT,Male,55_64,Mining,15
OT,Male,65_74,Mining,9
OT,Male,75_84,Mining,0
OT,Male,85ov,Mining,0
OT,Male,15_19,Oth_scs,0
OT,Male,20_24,Oth_scs,0
OT,Male,25_34,Oth_scs,4
OT,Male,35_44,Oth_scs,10
OT,Male,45_54,Oth_scs,8
OT,Male,55_64,Oth_scs,10
OT,Male,65_74,Oth_scs,10
OT,Male,75_84,Oth_scs,3
OT,Male,85ov,Oth_scs,0
OT,Male,15_19,Pro_scien_tec,0
OT,Male,20_24,Pro_scien_tec,0
OT,Male,25_34,Pro_scien_tec,0
OT,Male,35_44,Pro_scien_tec,5
OT,Male,45_54,Pro_scien_tec,4
OT,Male,55_64,Pro_scien_tec,6
OT,Male,65_74,Pro_scien_tec,3
OT,Male,75_84,Pro_scien_tec,3
OT,Male,85ov,Pro_scien_tec,0
OT,Male,15_19,Public_admin_sfty,4
OT,Male,20_24,Public_admin_sfty,13
OT,Male,25_34,Public_admin_sfty,33
OT,Male,35_44,Public_admin_sfty,54
OT,Male,45_54,Public_admin_sfty,46
OT,Male,55_64,Public_admin_sfty,55
OT,Male,65_74,Public_admin_sfty,22
OT,Male,75_84,Public_admin_sfty,4
OT,Male,85ov,Public_admin_sfty,0
OT,Male,15_19,RetTde,5
OT,Male,20_24,RetTde,6
OT,Male,25_34,RetTde,11
OT,Male,35_44,RetTde,8
OT,Male,45_54,RetTde,4
OT,Male,55_64,RetTde,24
OT,Male,65_74,RetTde,10
OT,Male,75_84,RetTde,3
OT,Male,85ov,RetTde,3
OT,Male,15_19,RtnHir_REst,0
OT,Male,20_24,RtnHir_REst,0
OT,Male,25_34,RtnHir_REst,0
OT,Male,35_44,RtnHir_REst,0
OT,Male,45_54,RtnHir_REst,4
OT,Male,55_64,RtnHir_REst,0
OT,Male,65_74,RtnHir_REst,0
OT,Male,75_84,RtnHir_REst,0
OT,Male,85ov,RtnHir_REst,0
OT,Male,15_19,Trans_post_wrehsg,0
OT,Male,20_24,Trans_post_wrehsg,10
OT,Male,25_34,Trans_post_wrehsg,16
OT,Male,35_44,Trans_post_wrehsg,15
OT,Male,45_54,Trans_post_wrehsg,11
OT,Male,55_64,Trans_post_wrehsg,21
OT,Male,65_74,Trans_post_wrehsg,6
OT,Male,75_84,Trans_post_wrehsg,0
OT,Male,85ov,Trans_post_wrehsg,0
OT,Male,15_19,WhlesaleTde,0
OT,Male,20_24,WhlesaleTde,0
OT,Male,25_34,WhlesaleTde,7
OT,Male,35_44,WhlesaleTde,0
OT,Male,45_54,WhlesaleTde,3
OT,Male,55_64,WhlesaleTde,0
OT,Male,65_74,WhlesaleTde,0
OT,Male,75_84,WhlesaleTde,0
OT,Male,85ov,WhlesaleTde,0
OT,Female,15_19,Accom_food,21
OT,Female,20_24,Accom_food,13
OT,Female,25_34,Accom_food,20
OT,Female,35_44,Accom_food,21
OT,Female,45_54,Accom_food,35
OT,Female,55_64,Accom_food,31
OT,Female,65_74,Accom_food,13
OT,Female,75_84,Accom_food,0
OT,Female,85ov,Accom_food,0
OT,Female,15_19,Admin_supp,4
OT,Female,20_24,Admin_supp,3
OT,Female,25_34,Admin_supp,11
OT,Female,35_44,Admin_supp,21
OT,Female,45_54,Admin_supp,26
OT,Female,55_64,Admin_supp,18
OT,Female,65_74,Admin_supp,8
OT,Female,75_84,Admin_supp,0
OT,Female,85ov,Admin_supp,0
OT,Female,15_19,Ag_For_Fshg,0
OT,Female,20_24,Ag_For_Fshg,0
OT,Female,25_34,Ag_For_Fshg,3
OT,Female,35_44,Ag_For_Fshg,0
OT,Female,45_54,Ag_For_Fshg,5
OT,Female,55_64,Ag_For_Fshg,0
OT,Female,65_74,Ag_For_Fshg,0
OT,Female,75_84,Ag_For_Fshg,0
OT,Female,85ov,Ag_For_Fshg,0
OT,Female,15_19,Art_recn,8
OT,Female,20_24,Art_recn,4
OT,Female,25_34,Art_recn,8
OT,Female,35_44,Art_recn,3
OT,Female,45_54,Art_recn,5
OT,Female,55_64,Art_recn,7
OT,Female,65_74,Art_recn,5
OT,Female,75_84,Art_recn,0
OT,Female,85ov,Art_recn,0
OT,Female,15_19,Constru,0
OT,Female,20_24,Constru,0
OT,Female,25_34,Constru,4
OT,Female,35_44,Constru,5
OT,Female,45_54,Constru,10
OT,Female,55_64,Constru,4
OT,Female,65_74,Constru,0
OT,Female,75_84,Constru,0
OT,Female,85ov,Constru,0
OT,Female,15_19,Educ_trng,0
OT,Female,20_24,Educ_trng,8
OT,Female,25_34,Educ_trng,31
OT,Female,35_44,Educ_trng,22
OT,Female,45_54,Educ_trng,26
OT,Female,55_64,Educ_trng,31
OT,Female,65_74,Educ_trng,4
OT,Female,75_84,Educ_trng,0
OT,Female,85ov,Educ_trng,0
OT,Female,15_19,El_Gas_Wt_Waste,0
OT,Female,20_24,El_Gas_Wt_Waste,0
OT,Female,25_34,El_Gas_Wt_Waste,0
OT,Female,35_44,El_Gas_Wt_Waste,3
OT,Female,45_54,El_Gas_Wt_Waste,4
OT,Female,55_64,El_Gas_Wt_Waste,3
OT,Female,65_74,El_Gas_Wt_Waste,0
OT,Female,75_84,El_Gas_Wt_Waste,0
OT,Female,85ov,El_Gas_Wt_Waste,0
OT,Female,15_19,Fin_Insur,0
OT,Female,20_24,Fin_Insur,0
OT,Female,25_34,Fin_Insur,9
OT,Female,35_44,Fin_Insur,8
OT,Female,45_54,Fin_Insur,6
OT,Female,55_64,Fin_Insur,4
OT,Female,65_74,Fin_Insur,0
OT,Female,75_84,Fin_Insur,0
OT,Female,85ov,Fin_Insur,0
OT,Female,15_19,HlthCare_SocAs,0
OT,Female,20_24,HlthCare_SocAs,6
OT,Female,25_34,HlthCare_SocAs,19
OT,Female,35_44,HlthCare_SocAs,20
OT,Female,45_54,HlthCare_SocAs,22
OT,Female,55_64,HlthCare_SocAs,36
OT,Female,65_74,HlthCare_SocAs,14
OT,Female,75_84,HlthCare_SocAs,3
OT,Female,85ov,HlthCare_SocAs,0
OT,Female,15_19,ID_NS,5
OT,Female,20_24,ID_NS,4
OT,Female,25_34,ID_NS,3
OT,Female,35_44,ID_NS,5
OT,Female,45_54,ID_NS,7
OT,Female,55_64,ID_NS,13
OT,Female,65_74,ID_NS,6
OT,Female,75_84,ID_NS,5
OT,Female,85ov,ID_NS,0
OT,Female,15_19,Info_media_teleco,0
OT,Female,20_24,Info_media_teleco,0
OT,Female,25_34,Info_media_teleco,5
OT,Female,35_44,Info_media_teleco,0
OT,Female,45_54,Info_media_teleco,0
OT,Female,55_64,Info_media_teleco,0
OT,Female,65_74,Info_media_teleco,5
OT,Female,75_84,Info_media_teleco,0
OT,Female,85ov,Info_media_teleco,0
OT,Female,15_19,Manufact,0
OT,Female,20_24,Manufact,0
OT,Female,25_34,Manufact,6
OT,Female,35_44,Manufact,0
OT,Female,45_54,Manufact,0
OT,Female,55_64,Manufact,7
OT,Female,65_74,Manufact,0
OT,Female,75_84,Manufact,0
OT,Female,85ov,Manufact,0
OT,Female,15_19,Mining,0
OT,Female,20_24,Mining,0
OT,Female,25_34,Mining,4
OT,Female,35_44,Mining,4
OT,Female,45_54,Mining,5
OT,Female,55_64,Mining,3
OT,Female,65_74,Mining,0
OT,Female,75_84,Mining,0
OT,Female,85ov,Mining,0
OT,Female,15_19,Oth_scs,0
OT,Female,20_24,Oth_scs,0
OT,Female,25_34,Oth_scs,4
OT,Female,35_44,Oth_scs,4
OT,Female,45_54,Oth_scs,4
OT,Female,55_64,Oth_scs,3
OT,Female,65_74,Oth_scs,0
OT,Female,75_84,Oth_scs,0
OT,Female,85ov,Oth_scs,0
OT,Female,15_19,Pro_scien_tec,0
OT,Female,20_24,Pro_scien_tec,0
OT,Female,25_34,Pro_scien_tec,3
OT,Female,35_44,Pro_scien_tec,8
OT,Female,45_54,Pro_scien_tec,3
OT,Female,55_64,Pro_scien_tec,13
OT,Female,65_74,Pro_scien_tec,3
OT,Female,75_84,Pro_scien_tec,0
OT,Female,85ov,Pro_scien_tec,0
OT,Female,15_19,Public_admin_sfty,6
OT,Female,20_24,Public_admin_sfty,12
OT,Female,25_34,Public_admin_sfty,30
OT,Female,35_44,Public_admin_sfty,49
OT,Female,45_54,Public_admin_sfty,44
OT,Female,55_64,Public_admin_sfty,36
OT,Female,65_74,Public_admin_sfty,15
OT,Female,75_84,Public_admin_sfty,0
OT,Female,85ov,Public_admin_sfty,0
OT,Female,15_19,RetTde,7
OT,Female,20_24,RetTde,10
OT,Female,25_34,RetTde,4
OT,Female,35_44,RetTde,24
OT,Female,45_54,RetTde,24
OT,Female,55_64,RetTde,29
OT,Female,65_74,RetTde,20
OT,Female,75_84,RetTde,8
OT,Female,85ov,RetTde,0
OT,Female,15_19,RtnHir_REst,0
OT,Female,20_24,RtnHir_REst,0
OT,Female,25_34,RtnHir_REst,0
OT,Female,35_44,RtnHir_REst,3
OT,Female,45_54,RtnHir_REst,0
OT,Female,55_64,RtnHir_REst,4
OT,Female,65_74,RtnHir_REst,0
OT,Female,75_84,RtnHir_REst,0
OT,Female,85ov,RtnHir_REst,0
OT,Female,15_19,Trans_post_wrehsg,0
OT,Female,20_24,Trans_post_wrehsg,3
OT,Female,25_34,Trans_post_wrehsg,6
OT,Female,35_44,Trans_post_wrehsg,4
OT,Female,45_54,Trans_post_wrehsg,10
OT,Female,55_64,Trans_post_wrehsg,7
OT,Female,65_74,Trans_post_wrehsg,3
OT,Female,75_84,Trans_post_wrehsg,0
OT,Female,85ov,Trans_post_wrehsg,0
OT,Female,15_19,WhlesaleTde,0
OT,Female,20_24,WhlesaleTde,0
OT,Female,25_34,WhlesaleTde,0
OT,Female,35_44,WhlesaleTde,0
OT,Female,45_54,WhlesaleTde,0
OT,Female,55_64,WhlesaleTde,0
OT,Female,65_74,WhlesaleTde,0
OT,Female,75_84,WhlesaleTde,0
OT,Female,85ov,WhlesaleTde,0
