company_name,abn,total_income,taxable_income,tax_payable,income_year
20 CASHEWS PTY LTD,16634403124,335353370,,,2020-21
21ST CENTURY RESORTS HOLDINGS PTY LIMITED,33104201014,221231908,24805115,7441534,2020-21
3M AUSTRALIA PTY LTD,90000100096,618970919,15705979,4711794,2020-21
7 HOLDINGS PTY. LTD.,31005620851,3666044086,153140625,42397293,2020-21
8TIVE TRADING PTY LTD,38611468574,344832474,2262380,678714,2020-21
A.C.N 004 410 833 LIMITED (IN LIQUIDATION),63004410833,207848319,,,2020-21
A.C.N. 003 933 300 PTY LTD,58003933300,654927277,10612942,3183883,2020-21
A.C.N. 085 239 998 PTY LTD,39085239998,434517169,68304064,19474013,2020-21
A.C.N. 166 119 133 PTY LTD,31166119133,2696874626,41431107,8841137,2020-21
A.C.N. 630 698 716 PTY LTD,18630698716,129615621,,,2020-21
A2 AUSTRALIAN INVESTMENTS PTY. LIMITED.,93126014275,513391124,27107377,8132213,2020-21
A2 INFANT NUTRITION LIMITED,81618864958,512855063,92611734,27783520,2020-21
A2B AUSTRALIA LIMITED,99001958390,127593815,,,2020-21
AA HOLDINGS PTY LTD,94112233744,485899485,46598002,13979401,2020-21
AAPC LIMITED,87009175820,764969615,,,2020-21
ABACUS STORAGE OPERATIONS LIMITED,37112457075,147373467,8214506,2389913,2020-21
ABB GROUP INVESTMENT MANAGEMENT PTY LIMITED,47082803852,692113512,11879301,,2020-21
ABBOT POINT BULKCOAL PTY LTD,23010183534,104730986,7158922,2147677,2020-21
ABBOT POINT OPERATIONS PTY LTD,58605852060,107385392,1372688,411806,2020-21
ABBOTT AUSTRALASIA PTY LIMITED,95000180389,625187359,40175982,12052795,2020-21
ABBVIE PTY LIMITED,48156384262,485157319,57461875,7798577,2020-21
ABC REFINERY (AUSTRALIA) PTY LIMITED,86621121079,5407580018,18598736,5579621,2020-21
ABC TISSUE PRODUCTS PTY LIMITED,33003085112,465101454,14231630,4269489,2020-21
ABERGELDIE CONSOLIDATED PTY LTD,21143512350,215566121,5659066,1697720,2020-21
ABI AUSTRALIA FINANCING,20615290830,2527290541,50889200,15266760,2020-21
ABN GROUP (VIC) PTY LTD,82130382188,567590928,32602099,9780630,2020-21
ABP FINANCE PTY LIMITED,58139991101,194569309,,,2020-21
ABSOLUTE EQUITY PERFORMANCE FUND LIMITED,17608552496,249841102,6097836,,2020-21
ABT ASSOCIATES AUSTRALIA PTY LTD,72161695156,139619197,5034385,1510316,2020-21
ACCENT GROUP LIMITED,85108096251,889630777,99630692,29889208,2020-21
ACCENTURE AUSTRALIA HOLDINGS PTY LIMITED,61096995649,2325481173,111471384,31181897,2020-21
ACCIONA AGUA AUSTRALIA PTY LTD,84128531742,763116118,,,2020-21
ACCIONA GEOTECH HOLDING PTY LTD,99616868314,964335593,,,2020-21
ACCO BRANDS AUSTRALIA HOLDING PTY LIMITED,58130787923,180465433,22440754,6732226,2020-21
ACER COMPUTER AUSTRALIA PTY LIMITED,78003872768,342910017,14280851,4284255,2020-21
ACFS PORT LOGISTICS PTY LTD,95603120047,357037700,,,2020-21
ACM AUTOS PTY LTD,66121604082,105168811,2760346,828104,2020-21
ACM HOLDINGS CO PTY LTD,42622029798,461025282,,,2020-21
AD ASTRA HOLDINGS PTY LTD,19111061726,276049217,46294586,13888376,2020-21
ADAIRS LIMITED,50147375451,432243555,94829975,28448992,2020-21
ADAMA AUSTRALIA HOLDINGS PTY LTD,31108759495,289271616,9646157,2893847,2020-21
ADANI MINING PTY LTD,27145455205,432921991,,,2020-21
ADAPT-A-LIFT GROUP PTY LTD,81605149568,258669832,,,2020-21
ADBRI LIMITED,15007596018,1593163018,141784266,40854371,2020-21
ADCO CONSTRUCTIONS PTY LIMITED,46001044391,601259936,25514936,5454776,2020-21
ADCO GROUP PTY LIMITED,15094531272,332987607,11529905,3458972,2020-21
ADCOME PTY LTD,99110315681,467466949,13046454,3740853,2020-21
ADCORP HOLDINGS AUSTRALIA PTY LTD,91161583893,375770516,8419493,2525848,2020-21
ADECCO HOLDINGS PTY LTD,11003652088,604279571,,,2020-21
ADIDAS AUSTRALIA PTY LTD,80058390659,400911481,21752540,6525762,2020-21
ADM TRADING AUSTRALIA PTY LTD,92126806979,742445462,,,2020-21
ADOBE SYSTEMS PTY LTD,72054247835,673220609,37312288,11193686,2020-21
ADORE BEAUTY GROUP LIMITED,78636138988,179297904,1828193,548458,2020-21
ADT GROUP HOLDINGS PTY LTD,35144849436,222831727,38081,,2020-21
ADYEN AUSTRALIA PTY LIMITED,55162682411,124566961,4335170,1300551,2020-21
AERIS RESOURCES LIMITED,30147131977,458834259,,,2020-21
AESTHETICS AUSTRALIA HOLDINGS PTY LTD,45621040220,116963286,9769419,,2020-21
AFFINITY CHILDCARE HOLDINGS PTY LIMITED,72607818057,267649990,33560767,10068230,2020-21
AFGRI AUSTRALIA PTY LTD,14103619067,328721321,9527772,2857529,2020-21
AFTERPAY LIMITED,30618280649,447269429,,,2020-21
AG N VET MANAGEMENT SERVICES PTY LIMITED,91087675465,463592623,25329761,7045533,2020-21
AGCO AUSTRALIA LIMITED,89004092684,326908029,12596251,3778875,2020-21
AGGREKO GENERATOR RENTALS PTY. LIMITED,66001991457,137600947,5554,,2020-21
AGILENT TECHNOLOGIES AUSTRALIA PTY LTD,29088510605,121395347,26278230,2095957,2020-21
AGILITY LOGISTICS HOLDINGS PTY LTD,62116779876,373695834,,,2020-21
AGL ENERGY LIMITED,74115061375,10409975402,64766817,,2020-21
AGL GENERATION HOLDCO PTY LTD,46155768291,1340555144,295792918,87301787,2020-21
AGRICULTURAL BANK OF CHINA LIMITED,48848300367,248339569,36488886,10935929,2020-21
AGRIFOODS GLOBAL PTY LIMITED,63102428571,378220827,,,2020-21
AGRIUM SP HOLDINGS PTY LIMITED,58146674400,4130111885,207533746,56639931,2020-21
AGTRADE INTERNATIONAL PTY LTD,87139280461,596204030,35404628,10284314,2020-21
AHRENS GROUP PTY LTD,76114260230,326965700,33531867,10059560,2020-21
AIA AUSTRALIA LIMITED,79004837861,3322953137,,,2020-21
AIG AUSTRALIA LIMITED,93004727753,1946458240,102290369,30144045,2020-21
AIOI NISSAY DOWA INSURANCE COMPANY AUSTRALIA PTY LTD,11132524282,289360943,,,2020-21
AIR LIQUIDE AUSTRALIA LIMITED,57004385782,345019217,20608230,5797504,2020-21
AIRBUS AUSTRALIA PACIFIC HOLDINGS PTY LIMITED,75003066788,585969509,63217180,18965154,2020-21
AIRPORT MOTOR GROUP PTY LTD,61113244492,107259999,3504364,1051309,2020-21
AIRPORT MOTORWAY HOLDINGS PTY LTD,55078322531,139931302,56003792,16801138,2020-21
AIRROAD PTY LIMITED,81002955419,135917584,12183754,3655067,2020-21
AIRSERVICES AUSTRALIA,59698720886,1482282858,521790059,155718704,2020-21
AJ LUCAS GROUP LIMITED,12060309104,114651857,,,2020-21
AKAMAI TECHNOLOGIES NETHERLANDS BV,52115435955,113299941,4651245,1395374,2020-21
AKUNA CAPITAL AUSTRALIA PTY LTD,71622473750,181328580,23127258,6902157,2020-21
AKZO NOBEL COATINGS (HOLDINGS) PTY LTD,51000285012,236866111,16472635,4941790,2020-21
AL AQUA ZIP HOLDCO PTY LTD,92620030846,206025200,20112929,4014020,2020-21
ALBERT AUTOMOTIVE HOLDINGS PTY LTD,15616126722,881507335,,,2020-21
ALCOA AUSTRALIAN HOLDINGS PTY LTD,33096987370,383366392,542773749,,2020-21
ALCOA OF AUSTRALIA LTD,93004879298,4225111302,226337651,67865263,2020-21
ALCON LABORATORIES (AUSTRALIA) PTY LTD,88000740830,234650358,22926330,6877899,2020-21
ALDI FOODS PTY LIMITED,18086210139,10728833565,900406612,270121984,2020-21
ALEXION PHARMACEUTICALS AUST PL,59132343036,101245320,5327847,1598354,2020-21
ALIMFRESH PTY LIMITED,78002831843,298210907,14947245,1613852,2020-21
ALKANE RESOURCES LIMITED,35000689216,153963629,,,2020-21
ALLAM HOMES PTY LTD,33003798883,247171269,170926682,5877720,2020-21
ALLEGION (AUSTRALIA) PTY LTD,49077898161,119193352,,,2020-21
ALLEGIS GROUP APAC HOLDINGS PTY LTD,84159406523,133504652,,,2020-21
ALLERGAN AUSTRALIA PTY LIMITED,85000612831,244439119,21706010,6511803,2020-21
ALLERMUIR HOLDINGS PTY LTD,29104800482,355608072,23316733,6973620,2020-21
ALLIANCE AVIATION SERVICES LIMITED,96153361525,346250365,15500956,4650287,2020-21
ALLIANZ AUSTRALIA LIMITED,21000006226,5140772428,117033936,34776651,2020-21
ALLIANZ TECHNOLOGY SE,68344730676,107331194,,,2020-21
ALLNEX AUSTRALIA PTY. LTD.,24160397768,250454075,12815257,,2020-21
ALMONDCO AUSTRALIA LIMITED,81062887352,225619004,963529,289059,2020-21
ALS LIMITED,92009657489,740297847,84307630,23646955,2020-21
ALSCO PTY LIMITED,26000435629,266080965,30856718,9178372,2020-21
ALSTOM TRANSPORT AUSTRALIA PTY LTD,68165157451,277824891,35636148,10690844,2020-21
ALTIUM LIMITED,93009568772,232015695,146283713,30767140,2020-21
ALTOMONTE HOLDINGS PTY LIMITED,18000821910,656847612,28353947,8494949,2020-21
ALUMINA & BAUXITE COMPANY LTD,52692964098,223699657,,,2020-21
ALUMINA LIMITED,85004820419,248225261,346149112,,2020-21
ALUMINIUM SPECIALTIES GROUP PTY LTD,63001252259,339880201,9447813,2834344,2020-21
AMA GROUP LIMITED,50113883560,643400952,31593544,9478063,2020-21
AMARI METALS AUSTRALIA PTY LTD,13004496128,291547942,,,2020-21
AMAYSIM AUSTRALIA LTD,65143613478,388603293,80803948,23774540,2020-21
AMAZON COMMERCIAL SERVICES PTY LTD,30616935623,1127475369,68970752,20654770,2020-21
AMAZON CORPORATE SERVICES PTY LTD,95082931600,642331998,70232790,21069837,2020-21
AMAZON WEB SERVICES AUSTRALIA PTY LTD,63605345891,743866810,130603281,39180984,2020-21
AMCOR PTY LTD,62000017372,1335579873,,,2020-21
AMERICAN EXPRESS AUSTRALIA LIMITED,92108952085,1205000000,87513061,11681650,2020-21
AMERICOLD AUSTRALIAN HOLDINGS PTY LTD,48117491291,318240419,22742794,6822838,2020-21
AMEROPA AUSTRALIA PTY LTD,21009504394,447291873,6998567,1801564,2020-21
AMGEN AUSTRALIA PTY LIMITED,31051057428,436855567,44337978,7209537,2020-21
AMOBEE ANZ PTY LTD,93166886184,121881148,,,2020-21
AMP CAPITAL HOLDINGS LIMITED,69078651966,581563125,12206401,3372797,2020-21
AMP LIMITED,49079354519,78219166840,1855169504,235471939,2020-21
AMPCONTROL LIMITED,28000915542,240301049,23168874,4735504,2020-21
AMPHORA AUSTRALIA PTY LTD,50625199322,488632518,,,2020-21
AMPLIFON AUSTRALIA HOLDING PTY LTD,34147231561,183590467,35064614,10500986,2020-21
AMPLIFY BIDCO PTY LTD,30636456623,100636761,,,2020-21
AMPOL LTD,40004201307,20055611649,,,2020-21
ANDREWS MEAT INDUSTRIES PTY LTD,16600428537,192903604,14743461,3780181,2020-21
ANGLO AMERICAN AUSTRALIA LIMITED,47004892371,2670130051,,,2020-21
ANGLOGOLD INVESTMENTS AUSTRALIA PTY LTD,48090112459,1433185496,314040981,93615117,2020-21
ANIXTER AUSTRALIA PTY LTD,68055815551,291229785,26814649,8044395,2020-21
ANL CONTAINER LINE PTY LTD,41083962136,410407028,36163257,10644099,2020-21
ANSELL LIMITED,89004085330,242533697,,,2020-21
ANSVAR INSURANCE LIMITED,21007216506,247118258,,,2020-21
ANTICIMEX PTY LTD,24162914374,185718012,12473182,3741955,2020-21
ANTIPODES GLOBAL INVESTMENT COMPANY LIMITED,38612843517,701615336,22758072,5175473,2020-21
ANZ HOSPITALS TOPCO PTY LTD,20631014965,2335943947,,,2020-21
AON CONSOLIDATED GROUP PTY LTD,38090132675,529566005,99470783,29233266,2020-21
AOYUAN CAPITAL BLUESTONE HOLDINGS PTY LTD,19632258327,164439838,,,2020-21
AOYUAN PROPERTY GROUP (AUSTRALIA) PTY LIMITED,97600594125,125025834,,,2020-21
APCO SERVICE STATIONS PTY LTD,91007229898,426823849,5484344,1645303,2020-21
APH TOP CO PTY LIMITED,96608192374,392091407,16159855,4847956,2020-21
APM HUMAN SERVICES INTERNATIONAL PTY LTD,38639621766,530779361,57154505,17146352,2020-21
APOLLO HOLDCO PTY LTD,68626190896,421248059,46376661,13912998,2020-21
APOLLO TOURISM & LEISURE LTD,67614714742,179107542,,,2020-21
APPLE PTY LTD,46002510054,11187509321,579323768,173593056,2020-21
APPLIED AUSTRALIA HOLDINGS PTY LTD,48156643462,104848730,7217644,2165293,2020-21
AQUASURE FINANCE PTY LTD,35136072627,379254302,,,2020-21
AQUASURE HOLDINGS PTY LTD,46135956053,371014210,116215428,34864628,2020-21
ARA GROUP LIMITED,47074886561,537441276,43688232,12806703,2020-21
ARAMEX FASTWAY HOLDINGS PTY. LTD.,86609553513,151723022,8355006,2506502,2020-21
ARB CORPORATION LTD,31006708756,568195474,124967299,35905169,2020-21
ARCADIS AUSTRALIA PACIFIC HOLDINGS PTY LTD,56608711351,292520521,24238243,6501564,2020-21
ARCHITECTURAL WINDOW SYSTEMS PTY LIMITED,48067950903,129263847,19896483,4987891,2020-21
ARDEX AUSTRALIA PTY LIMITED,82000550005,107954137,12575000,2971050,2020-21
ARE MEDIA GROUP LIMITED PARTNERSHIP,55874600262,234070524,204465,,2020-21
ARGO INVESTMENTS LIMITED,35007519520,214412988,312144090,39612812,2020-21
ARISTOCRAT LEISURE LIMITED,44002818368,1117424539,248373469,58451606,2020-21
ARJ GROUP HOLDINGS PTY LTD,31104958527,347481028,6336367,1900910,2020-21
ARKEMA PTY LTD,44000330772,109365186,,,2020-21
ARLA FOODS MAYER AUSTRALIA PTY LTD,78167620706,149683802,5015434,1504630,2020-21
AROLAND SINGAPORE PTE LTD,,113617541,112433051,33729915,2020-21
ARROTEX HOLDINGS PTY LTD,47630331814,867647410,88282329,26051019,2020-21
ARROW COMMODITIES PTY LIMITED,17078081428,1008952340,,,2020-21
ARROW ELECTRONICS ANZ HOLDINGS PTY LTD,90102589515,357577768,16253118,4863617,2020-21
ARROW ENERGY HOLDINGS PTY LTD,94141385293,271885745,,,2020-21
ARUP AUSTRALIA SERVICES PTY LTD,36625911686,479397028,34556988,8044376,2020-21
ARVINMERITOR LIGHT VEHICLE SYSTEMS AUSTRALIA PTY LTD,46004314372,117150020,15570876,4671263,2020-21
ARYZTA HOLDINGS ASIA PACIFIC PTY LIMITED,57146007365,161622869,17915481,5217942,2020-21
ASAHI HOLDINGS (AUSTRALIA) PTY LTD,48135315767,4142474447,442132647,129299723,2020-21
ASALEO CARE LIMITED,61154461300,278354163,55968898,13056007,2020-21
ASC PTY LTD,64008605034,591025406,41665226,12499568,2020-21
ASC SHIPBUILDING PTY LIMITED,15051899864,321701419,16413174,4923952,2020-21
ASG BRISBANE PTY LTD,72614297684,216369921,8572637,2571791,2020-21
ASG MELBOURNE PTY LTD,64616840110,518172503,10485685,3145706,2020-21
ASHLEY SERVICES GROUP LIMITED,92094747510,342599697,11835422,2762055,2020-21
ASICS OCEANIA PTY LTD,59003091389,272216516,32104854,9631456,2020-21
ASPEN ASIA PACIFIC PTY LTD,75146444484,531236572,84122393,21274103,2020-21
ASPEN INSURANCE UK LIMITED AUSTRALIAN BRANCH,33128637650,107314551,16433579,4622098,2020-21
ASPEN MEDICAL,32105250413,854352788,249616774,74885032,2020-21
ASPLUNDH HOLDINGS PTY LTD,,167155875,1213542,364063,2020-21
ASSA ABLOY AUSTRALIA PACIFIC PTY LIMITED,81095354582,517450226,51457585,14271408,2020-21
ASSOCIATED KILN DRIERS PTY. LIMITED,34004341048,561612614,61155768,18336016,2020-21
ASSOCIATED RETAILERS LIMITED,42004520030,216165922,,,2020-21
ASTELLAS PHARMA AUSTRALIA PTY LTD,81147915482,128877602,8031409,2409423,2020-21
ASTRAZENECA HOLDINGS PTY LIMITED,59066876962,1153691439,227811682,63532645,2020-21
ASURION AUSTRALIA PTY LTD,18155388275,117897470,28701485,8610446,2020-21
ASX LIMITED,98008624691,1017076601,708457597,203710614,2020-21
AT&T GLOBAL NETWORK SERVICES AUSTRALIA PTY LTD,72087916701,152697054,8575063,2572519,2020-21
ATCO AUSTRALIA PTY LTD,74091033546,205863270,5714185,,2020-21
ATCO STRUCTURES & LOGISTICS PTY LTD,71083902309,211992972,34798008,10439402,2020-21
ATI GLOBAL LIMITED,31634158204,363568129,20039485,805216,2020-21
ATLAS COPCO AUSTRALIA PTY LIMITED,85620125153,162473397,5371524,1608520,2020-21
ATLAS IRON PTY LTD,63110396168,1714996071,29116889,8735067,2020-21
ATLASSIAN AUSTRALIA 1 PTY LTD,98166799542,2666677215,493122121,77170317,2020-21
AUB GROUP LIMITED,60000000715,146058486,78190874,712716,2020-21
AUDANT INVESTMENTS PTY LIMITED,33002892855,209508123,14737392,3633239,2020-21
AUDI AUSTRALIA PTY LIMITED,86077092776,952481034,42804577,12841373,2020-21
AUDIBLE AUSTRALIA PTY LTD,89624383811,110203829,8490071,2527552,2020-21
AURECON GROUP PTY LTD,12133838187,761110011,82257627,24542979,2020-21
AURELIA METALS LIMITED,37108476384,428301553,21566529,6469959,2020-21
AURIZON HOLDINGS LIMITED,14146335622,3284167199,355285933,104662759,2020-21
AUSBAO PTY LIMITED,78051968597,120825870,19334674,5800402,2020-21
AUSCAN HOLDINGS PTY LTD,70084400886,197167400,2349252,704776,2020-21
AUSCO HOLDINGS PTY LIMITED,13150795547,327246830,,,2020-21
AUSENCO PTY LTD,31114541114,108055478,,,2020-21
AUSGRID FINANCE PTY LTD,14615343005,447035084,,,2020-21
AUSGRID MANAGEMENT PTY LTD,83615449548,539208435,,,2020-21
AUSGROUP COMPANIES PTY LTD,59081037274,195362135,32337992,,2020-21
AUSNET SERVICES LTD.,45603317559,1966325281,231703386,69182188,2020-21
AUSREO HOLDINGS PTY LIMITED,22125694055,301993099,9191677,2673268,2020-21
AUSSIE BROADBAND LIMITED,29132090192,350278350,2416308,724892,2020-21
AUSTAL LIMITED,73009250266,579413908,27968211,,2020-21
AUSTCORP GROUP (AUST) PTY LTD,81080926414,204108604,15322351,3796755,2020-21
AUSTIN ENGINEERING LIMITED,60078480136,123063132,,,2020-21
AUSTRALASIAN FOODS HOLDCO PTY LIMITED,70612640329,372632868,51472205,10779740,2020-21
AUSTRALASIAN PERFORMING RIGHT ASSOCIATION LIMITED,42000016099,329775943,,,2020-21
AUSTRALASIAN SOLVENTS AND CHEMICALS COMPANY PTY LTD,57095441080,131263487,5893509,1768053,2020-21
AUSTRALIA AND NEW ZEALAND BANKING GROUP LIMITED,11005357522,20927821232,5672322322,1631567812,2020-21
AUSTRALIA MILLING GROUP PTY LTD,57127428406,105656919,,,2020-21
AUSTRALIA PACIFIC AIRPORTS CORPORATION LIMITED,89069775266,737949631,,,2020-21
AUSTRALIA PACIFIC LNG PTY LTD,68001646331,4615938979,,,2020-21
AUSTRALIA ZHIRAN CO. PTY LTD,87619268727,205381373,6081243,1824373,2020-21
AUSTRALIAN AGED CARE PARTNERS HOLDINGS PTY LTD,20162265983,436705932,13202337,3960701,2020-21
AUSTRALIAN AGRICULTURAL COMPANY LIMITED,15010892270,493259183,,,2020-21
AUSTRALIAN BAKELS PTY LTD,35000112836,136592112,15525974,4657792,2020-21
AUSTRALIAN BULLION COMPANY (NSW) PTY LTD,82002858602,1473209210,9657501,2897250,2020-21
AUSTRALIAN CENTRAL CREDIT UNION LTD,11087651125,341687259,22337226,6512104,2020-21
AUSTRALIAN CLINICAL LABS LIMITED,94645711128,329949802,37337004,11140559,2020-21
AUSTRALIAN COMFORT GROUP HOLDINGS PTY LTD,48143785522,206196379,,,2020-21
AUSTRALIAN COUNTRY CHOICE HOLDINGS PTY LTD,87009729999,885425221,13237108,3971132,2020-21
AUSTRALIAN DAIRY FARMERS CORPORATION LTD,80456117281,150786295,399914,119974,2020-21
AUSTRALIAN FINANCE GROUP LIMITED,11066385822,776277090,69512400,20853720,2020-21
AUSTRALIAN FOOD & AGRICULTURE COMPANY LIMITED,38005858293,143520431,,,2020-21
AUSTRALIAN FOUNDATION INVESTMENT COMPANY LIMITED,56004147120,273197771,304368220,23278224,2020-21
AUSTRALIAN GAS NETWORKS HOLDINGS PTY LIMITED,24169818026,656301758,3456767,1037030,2020-21
AUSTRALIAN GOLD REAGENTS PTY LTD,93009140121,233041622,,,2020-21
AUSTRALIAN GRAIN EXPORT PTY LTD,92073563185,869254098,,,2020-21
AUSTRALIAN LAMB COMPANY PTY LTD,51007340123,442463431,6603033,1980910,2020-21
AUSTRALIAN LEADERS FUND LIMITED,64106845970,484460391,13602706,3803026,2020-21
AUSTRALIAN LEISURE AND HOSPITALITY GROUP PTY LIMITED,37067391511,4980574800,563618001,169085400,2020-21
AUSTRALIAN LOGISTICS ACQUISITION HOLDINGS PTY LTD,28611628909,2459568671,,,2020-21
AUSTRALIAN MEAT GROUP PTY LTD,75168396316,503186249,2606538,,2020-21
AUSTRALIAN MOTOR GROUP PTY LTD,67095047902,366255590,29601230,7952281,2020-21
AUSTRALIAN NATURE INVESTMENT PTY LTD,16611339621,403698183,8616736,1098269,2020-21
AUSTRALIAN PHARMACEUTICAL INDUSTRIES LIMITED,57000004320,4751653725,52415943,15056097,2020-21
AUSTRALIAN PIPELINE TRUST,21858175226,2605672157,173668990,46776278,2020-21
AUSTRALIAN POSTAL CORPORATION,28864970579,8179517688,287221985,86056868,2020-21
AUSTRALIAN RAIL TRACK CORPORATION LIMITED,75081455754,890165462,,,2020-21
AUSTRALIAN UNITY LIMITED,23087648888,1709075606,52622903,10042845,2020-21
AUSTRALIAN VENUE CO. HOLDINGS LIMITED,90619977070,248220513,8733905,,2020-21
AUSTRALIAN VINTAGE LIMITED,78052179932,275181362,5971023,1791247,2020-21
AUSTRALIANSUPER PTY LTD,94006457987,624824026,63480,19044,2020-21
AUSTREO COMMERCIAL VENTURES PTY LTD,19618406901,207440309,92568816,27770645,2020-21
AUSWIDE BANK LTD,40087652060,121361003,33209182,9939003,2020-21
AUTO & GENERAL HOLDINGS PTY LTD,84086321459,401035858,44445259,13333578,2020-21
AUTO & GENERAL INSURANCE COMPANY LTD,42111586353,1378698859,166410255,49923076,2020-21
AUTO CLASSIC (W.A.) PTY LTD,66009124690,243674864,7482143,2244643,2020-21
AUTO CORNER PTY LTD,45009905079,236534937,15639462,4691839,2020-21
AUTOMATIC DATA PROCESSING LIMITED,70003924945,201944876,45807138,12898291,2020-21
AUTOMOTIVE IMPORTS PTY LTD,29005378727,203805151,9901680,2970504,2020-21
AUTOPACT PTY LTD,44608040606,1214088993,61988211,18596463,2020-21
AUTOSPORTS CASTLE HILL PTY LIMITED,65163974481,298256221,3681319,1104396,2020-21
AUTOSPORTS FIVE DOCK PTY LTD,95118786762,123471652,,,2020-21
AUTOSPORTS LEICHHARDT PTY LTD,38161160765,189069543,,,2020-21
AVANADE AUSTRALIA PTY LIMITED,58093925207,243847790,45222968,13538756,2020-21
AVANT MUTUAL GROUP LIMITED,58123154898,731737814,119255144,32486047,2020-21
AVENG AUSTRALIA HOLDINGS PTY LTD,33108058331,1071541998,,,2020-21
AVERY PROPERTIES PTY LTD,40007713564,162998202,12653593,3796078,2020-21
AVID PROPERTY GROUP HOLDINGS PTY LTD,46608054833,643368474,86067358,25820207,2020-21
AVIS MANAGEMENT PTY LTD,50001889336,649381640,17791465,5337440,2020-21
AVJENNINGS LIMITED,44004327771,298065277,20733166,6219950,2020-21
AWP AUSTRALIA HOLDINGS PTY LTD,,157308989,,,2020-21
AXICOM HOLDCO PTY LTD,78605798829,230300104,52000172,15600052,2020-21
AXICORP FINANCIAL SERVICES PTY LTD,85127606348,278966618,37542468,11262740,2020-21
B & E FOODS PTY LTD,69629618837,215447500,11834003,3550201,2020-21
B&W RURAL PTY LTD,33068943528,150926248,10734823,3220447,2020-21
B. BRAUN AUSTRALIA PTY LTD,56002945155,123747275,2375206,711580,2020-21
B.M.D. HOLDINGS PTY. LIMITED,47010093348,1186745914,79880346,12836855,2020-21
BABCOCK & BROWN INTERNATIONAL PTY LTD,76108617483,507836355,,,2020-21
BABCOCK AUSTRALIA HOLDINGS PTY LTD,99602953739,318534992,6928569,,2020-21
BABY BUNTING GROUP LIMITED,58128533693,470843375,15017945,4505383,2020-21
BAC HOLDINGS LIMITED,67108568038,733481050,,,2020-21
BADGE GROUP HOLDINGS PTY LTD,18606660271,318971898,9351725,2139308,2020-21
BAE SYSTEMS AUSTRALIA HOLDINGS LIMITED,44008648333,1061639392,123483789,26293078,2020-21
BAIADA POULTRY PTY LIMITED,96002925948,2299929708,63402862,19020859,2020-21
BAIN INTERNATIONAL INC,29003850619,175154240,40064146,11207733,2020-21
BAKER HUGHES GROUP AUSTRALIA PTY LTD,77618893226,1201026418,30269666,9080900,2020-21
BALL & DOGGETT GROUP PTY LTD,59146091625,290945748,5901836,1770551,2020-21
BALVERONA PTY LTD,78002826173,1070663099,72989434,21881969,2020-21
BANK AUSTRALIA LIMITED,21087651607,227472372,54994048,16371459,2020-21
BANK OF AMERICA NATIONAL ASSOCIATION,51064874531,734045538,127099970,38129991,2020-21
BANK OF CHINA (AUSTRALIA) LIMITED,28110077622,116340473,35459160,10637712,2020-21
BANK OF CHINA LIMITED,29002979955,1315279889,280665835,84002560,2020-21
BANK OF COMMUNICATIONS CO LTD,74137909963,667799427,58113412,17434024,2020-21
BANK OF QUEENSLAND LIMITED,32009656740,1829811534,378869321,112917023,2020-21
BANPU AUSTRALIA CO. PTY LTD,56136468007,1042021790,,,2020-21
BAOSTEEL AUSTRALIA MINING COMPANY PTY LTD,93100513844,169307565,,,2020-21
BAPCOR LIMITED,80153199912,1708669764,160183168,48054950,2020-21
BAPSH PTY LTD,54605702618,501437947,,,2020-21
BARALABA COAL COMPANY PTY LTD,42096909634,167302403,,,2020-21
BAROB PTY LTD,38001024915,262077861,108749564,32519478,2020-21
BARRICK (AUSTRALIA PACIFIC HOLDINGS) PTY LTD,68085702558,249287032,30357521,3813143,2020-21
BARTO INDUSTRY CO PTY LTD,84616407777,209736238,,,2020-21
BARTTER HOLDINGS PTY LIMITED,84104671561,2384921545,125721424,37716427,2020-21
BASF AUSTRALIA LTD,62008437867,570687847,11015624,,2020-21
BASW PTY LTD,63601452199,175961646,10641558,3192467,2020-21
BAXTER HEALTHCARE PTY LTD,43000392781,862699065,62823237,18846971,2020-21
BAY AUDIO PTY LTD,50122385746,104163951,27492147,8247644,2020-21
BAYER AUSTRALIA LIMITED,22000138714,1367741124,120853368,31627374,2020-21
BBC STUDIOS AUSTRALIA HOLDINGS PTY LTD,85127624104,120094395,20578513,5563643,2020-21
BBMG INVESTMENTS PTY LTD,98624128749,220015010,9970850,2991255,2020-21
BBPHA 1 PTY LTD,15144078151,3676853352,69014410,20704323,2020-21
BBQSAM HOLDINGS PTY LTD,41159613706,705053672,63449980,19034994,2020-21
BCI MINERALS LIMITED,21120646924,162538542,4946480,,2020-21
BDD FOODS PTY LTD,49002400339,177686341,,,2020-21
BDD MILK PTY LTD,63051195272,413657791,,,2020-21
BDO GROUP HOLDINGS LIMITED,77133657833,241785282,52782363,15834709,2020-21
BEACH ENERGY LIMITED,20007617969,1457061489,263897258,79169177,2020-21
BEAUTY BAY PRODUCE PTY LTD,93051941854,235224083,4559173,1366477,2020-21
BECHTEL AUSTRALIA PTY LTD,42006334505,275125158,47068112,14120434,2020-21
BECTON DICKINSON PTY LIMITED,82005914796,339501764,29460449,8838135,2020-21
BEGA CHEESE LIMITED,81008358503,1756546606,28268995,5356530,2020-21
BEIERSDORF AUSTRALIA LIMITED,98000025623,201741497,6780507,1690014,2020-21
BEIJER REF HOLDINGS AUSTRALIA PTY LTD,28607082379,289955232,7367283,2138185,2020-21
BELL FINANCIAL GROUP LIMITED,59083194763,304535539,63638462,19082571,2020-21
BELRON AUSTRALIA PTY LIMITED,97001052704,241597518,15289760,4586928,2020-21
BENDIGO AND ADELAIDE BANK LIMITED,11068049178,2253783588,668577882,192095831,2020-21
BENNELONG FUNDS MANAGEMENT LTD,39111214085,182006390,3844286,,2020-21
BERKLEY INSURANCE COMPANY- AUSTRALIAN BRANCH,53126559706,336810446,28661793,8457118,2020-21
BERKSHIRE HATHAWAY SPECIALTY INSURANCE COMPANY AUSTRALIAN BRANCH,84600643034,618765934,2351835,705550,2020-21
BESIX AUSTRALIA HOLDINGS PTY LTD,48629502843,926398255,40143232,,2020-21
BEST & LESS GROUP PTY LTD,80081408791,575341102,31020636,9306191,2020-21
BEST BAR PTY LTD,48068713539,260391285,,,2020-21
BESTON GLOBAL FOOD COMPANY LIMITED,28603023383,115210978,,,2020-21
BETAR PRESTIGE CARS PTY LTD,60118667913,115749715,6517417,1955225,2020-21
BEYOND BANK AUSTRALIA LIMITED,15087651143,245513095,45709430,13636716,2020-21
BFB HOLDCO PTY LTD,29630396619,132519485,20703,,2020-21
BG INTERNATIONAL LIMITED,72114818825,183315841,,,2020-21
BGC (AUSTRALIA) PTY LTD,62005736005,935100637,3182446,,2020-21
BGI HEALTH (AU) COMPANY PTY LTD,85633591063,131844496,6014589,1804377,2020-21
BHCA1 PTY LTD,,604902591,11100628,1174493,2020-21
BHP (AUS) DDS PTY LTD,44609420420,4695958110,6708511581,,2020-21
BHP ALUMINIUM AUSTRALIA PTY LTD,65063671349,1247780762,,,2020-21
BHP GROUP LIMITED,49004028077,62800612306,30322876470,7304554082,2020-21
BHP IRON ORE (JIMBLEBAR) PTY LTD,95009114210,11142595800,8255457752,2476637325,2020-21
BHP MITSUI COAL PTY LTD,34009713875,1059414898,,,2020-21
BIDFOOD AUSTRALIA LIMITED,33000228231,2278653992,172708474,51812542,2020-21
BIELBY HOLDINGS PTY LTD,36052188600,233789652,8194137,2458241,2020-21
BIFM AUS HOLDINGS PTY LTD,16632468109,701626322,46445470,13933641,2020-21
BIG BEN HOLDINGS PTY LIMITED,63008434562,355334769,,,2020-21
BIG RIVER INDUSTRIES LTD,72609901377,281615844,6427827,1857398,2020-21
BILLBERGIA GROUP HOLDING PTY LTD,32633155423,232211585,,,2020-21
BING LEE ELECTRICS PTY LTD,61000733488,531319320,37600975,11280292,2020-21
BINGO INDUSTRIES LTD,72617748231,475230408,65518325,19655498,2020-21
BINTAN PTY LIMITED,18095076421,710582542,,,2020-21
BIOGEN AUSTRALIA PTY LIMITED,30095760115,125916709,5966811,1790043,2020-21
BIOMAR PTY LTD,52619617248,104260174,,,2020-21
BIOSTIME HEALTHY AUSTRALIA PTY LTD,17608153528,364267794,,,2020-21
BIRADEL PTY LIMITED,86001578436,287487906,410649951,32128,2020-21
BIS INDUSTRIES HOLDINGS LIMITED,48622481752,405799123,,,2020-21
BLACKHAWK NETWORK AUSTRALIA PTY LIMITED,84123251703,129676235,15701408,4710422,2020-21
BLACKMAGIC DESIGN PTY LTD,30098098287,702027282,111261023,30940961,2020-21
BLACKMORES LIMITED,35009713437,551133245,22773353,1970960,2020-21
BLACKROCK AUSTRALIA HOLDCO PTY LTD,22139463693,178366655,37707140,11312142,2020-21
BLACQUA PTE LTD,62169810011,1379169582,19222634,,2020-21
BLOOMBERG AUSTRALIA PTY LTD,47622777851,290014730,38526128,11557838,2020-21
BLUECHIP INFOTECH PTY LTD,32076483808,135930177,2161771,648531,2020-21
BLUESCOPE STEEL LIMITED,16000011058,6070163246,604397569,,2020-21
BLUEWATERS POWER 1 PTY LTD,93106034879,136677313,,,2020-21
BLUEWATERS POWER 2 PTY LTD,57122896968,156469008,22369422,6710827,2020-21
BLUM AUSTRALIA PTY LTD,80076459713,136229516,13280457,3984137,2020-21
BLUNDSTONE AUSTRALIA PTY LTD,60009475852,225224854,38034942,11130532,2020-21
BM ALLIANCE COAL OPERATIONS PTY LIMITED,67096412752,1014712384,,,2020-21
BMW AUSTRALIA LIMITED,11004675129,1962101562,86823120,26046936,2020-21
BNK BANKING CORPORATION LIMITED,63087651849,363556854,,,2020-21
BNP PARIBAS S.A.,23000000117,319026960,13338564,4001569,2020-21
BNP PARIBAS SECURITIES SERVICES AUSTRALIAN BRANCH,87149440291,292025481,,,2020-21
BOART LONGYEAR LTD,49123052728,215365005,,,2020-21
BOB JANE CORPORATION PTY LTD,52005870431,345454334,17435899,5230770,2020-21
BOC LIMITED,95000029729,1630973834,318712605,95246373,2020-21
BOEHRINGER INGELHEIM PTY LIMITED,52000452308,526526628,39207420,9382760,2020-21
BOEING AUSTRALIA HOLDINGS PTY LTD,42101168932,1429145000,246914564,35047709,2020-21
BOLLORE LOGISTICS AUSTRALIA PTY LTD,91055370575,129265206,869847,260954,2020-21
BOMBARDIER TRANSPORTATION AUSTRALIA PTY LTD,73010699804,730517707,95982356,26531318,2020-21
BONNEY ENERGY GROUP PTY LTD,24053113992,331900551,3477009,1043103,2020-21
BOOKTOPIA PTY LTD,24096845126,223922857,,,2020-21
BOOM LOGISTICS LIMITED,28095466961,173968530,2858107,,2020-21
BOORTMALT AUSTRALIA PTY LTD,70634393338,274134983,,,2020-21
BORAL LIMITED,13008421761,3320282860,,,2020-21
BORG MANUFACTURING PTY LIMITED,31003246357,751142034,120881158,36264347,2020-21
BOSE PTY LTD,41078010607,114186274,1942086,582626,2020-21
BOSTON SCIENTIFIC PTY LIMITED,45071676063,283288962,29376360,8812908,2020-21
BOUYGUES CONSTRUCTION AUSTRALIA PTY LTD,37144013801,488008514,,,2020-21
BOWEN & POMEROY PTY LTD,78004174887,421260762,24775243,6791589,2020-21
BOX AIP LIMITED PARTNERSHIP (CONSOLIDATED),19883689849,197425164,281972754,3765,2020-21
BOYNE SMELTERS LIMITED,90010061935,944713421,7856024,,2020-21
BP REGIONAL AUSTRALASIA HOLDINGS PTY LTD,91092495700,17419274759,,,2020-21
BPAY GROUP HOLDING PTY LTD,44626481525,116218104,11003061,,2020-21
BPIH PTY LIMITED,61100364234,3650494250,,,2020-21
BPL ADELAIDE PTY LIMITED,40108037798,461254250,24663223,7398967,2020-21
BPW TRANSPEC PTY LTD,63006645272,107199312,7657216,2297165,2020-21
BRACKEN RESOURCES PTY LTD,18160745540,158145024,,,2020-21
BRADCORP HOLDINGS PTY LTD,63073497024,270058402,29389940,8816982,2020-21
BRADKEN PTY LIMITED,33108693009,458469078,34102306,,2020-21
BRADNAMS WINDOWS AND DOORS PTY LTD,78010409819,298258449,42517571,12637414,2020-21
BRAMBLES LIMITED,89118896021,2357710083,319303807,82591402,2020-21
BRAND DEVELOPERS AUST PTY LTD,70115139565,123786622,6989261,2096778,2020-21
BRANDO AUS HOLDCO PTY LTD,31632004392,270267980,2919417,875825,2020-21
BRAVE LOGISTICS PTY LTD,73627919411,421285996,16897091,1640060,2020-21
BRAVURA SOLUTIONS LIMITED,54164391128,136029218,899623,,2020-21
BRENNAN VDI PTY LIMITED,38125976007,119856313,15397434,4490483,2020-21
BRENNTAG AUSTRALIA PTY LTD,84117996595,116433578,,,2020-21
BREVILLE GROUP LIMITED,90086933431,447289319,140511675,26975483,2020-21
BRIDGESTONE AUSTRALIA LTD,65007516841,587549284,24789824,7436947,2020-21
BRIDGESTONE MINING SOLUTIONS AUSTRALIA PTY LTD,74000069714,762694549,26058941,7817682,2020-21
BRIGGS AND STRATTON AUSTRALIA PTY LIMITED,13006576656,156150569,,,2020-21
BRIGHT FOOD GROUP HOLDINGS PTY LTD,95152610645,587735189,5212923,1563877,2020-21
BRIGHTSTAR LOGISTICS PTY LTD,58111399752,823363645,82704498,24660897,2020-21
BRISTOL-MYERS SQUIBB AUSTRALIA PTY LTD,33004333322,496041595,64480340,8584994,2020-21
BRISTOW HELICOPTERS AUSTRALIA PTY LTD,92000565579,133026346,,,2020-21
BRITAX AUSTRALIA HOLDINGS PTY LTD,66147910549,179234387,10239550,1416887,2020-21
BRITISH AMERICAN TOBACCO (AUSTRALASIA HOLDINGS) PTY LIMITED,23095066345,1402229756,824381036,241592099,2020-21
BROTHER INTERNATIONAL (AUST) PTY LTD,17001393835,182844805,22174268,6652280,2020-21
BROWN-FORMAN AUSTRALIA PTY LIMITED,87000064086,285392094,13831449,4149435,2020-21
BRP AUSTRALIA PTY LTD,64097370100,294525758,,,2020-21
BRS HOLDCO PTY LTD,74609542556,1575336326,292743,,2020-21
BRUNEL AUSTRALIA HOLDINGS PTY LTD,60078544126,178876387,,,2020-21
BSA LIMITED,50088412748,420149791,,,2020-21
BT AUSTRALASIA PTY LIMITED,93003050146,203601261,13245979,3973794,2020-21
BTC CORPORATION HOLDINGS PTY LTD,14168792596,164669618,1331539,53214,2020-21
BTO LT HOLD PTY LTD,85623323044,328967079,164325021,49297506,2020-21
BUCHER MUNICIPAL PTY LTD,68004992090,140582415,3187295,484417,2020-21
BUICK HOLDINGS PTY LTD,76094424674,596534522,,,2020-21
BUILDCORP GROUP PTY LIMITED,85091336168,521760129,16495762,4948729,2020-21
BUNDABERG BREWED DRINKS PTY LTD,40009781953,239973420,23220453,6953865,2020-21
BUNGE AGRIBUSINESS AUSTRALIA PTY LTD,46097843582,463688448,,,2020-21
BUNZL AUSTRALASIA LIMITED,18004611090,732559475,57796728,17337513,2020-21
BUPA ANZ GROUP PTY LTD,95608490455,8611926891,643966110,192480567,2020-21
BURBANK AUSTRALIA PTY LTD,91007099872,224728408,2071368,621410,2020-21
BURBANK TRADING PTY LTD,37011066934,239568307,16655956,4996787,2020-21
BUREAU VERITAS AUSTRALIA PTY LTD,15090874570,254446732,1345157,,2020-21
BURNS PHILP & CO PTY LIMITED,65000000359,167435372,,,2020-21
BURRUP FACILITIES COMPANY PTY LTD,28122234539,1291941224,781984983,234595495,2020-21
BURRUP TRAIN 1 PTY LTD,77122234306,2076861803,517487782,155246335,2020-21
BUSY BEES AUSTRALIA HOLDING PTY LTD,82625449809,119240051,1673675,502102,2020-21
BUZZ SUPPLIES PTY LIMITED,27601785353,137986209,24902085,7470626,2020-21
BWX LIMITED,13163488631,167148276,26291563,5983781,2020-21
BX BUNKA AUSTRALIA PTY LTD,74124163793,142434501,6152457,1845737,2020-21
BYERWEN COAL PTY LTD,64133357632,723710428,119235765,35674948,2020-21
BYRNECUT AUSTRALIA PTY LTD,94129142516,1246456334,74969794,21863462,2020-21
C R KENNEDY & CO PTY LTD,50008458884,219175459,10709812,3051534,2020-21
C.H. ROBINSON (AUSTRALIA) PTY LIMITED,93614158879,433804933,16295651,4888695,2020-21
C0001 PTY LTD,13618935069,1198157924,537261,,2020-21
CADENCE CAPITAL LIMITED,17112870096,1066238385,,,2020-21
CAESARSTONE AUSTRALIA PTY LTD,45121819976,153684017,4496217,1348865,2020-21
CALEDONIA (PRIVATE) INVESTMENTSPTY LTD,58003977115,620564714,209537879,62861364,2020-21
CALIBRE GROUP PTY LTD,44100255623,445762199,,,2020-21
CAMCARSTRUCKS PTY LTD,90169620213,773450347,50168406,15016815,2020-21
CAMERON APME HOLDING PTY LTD,37141037925,152853776,3096927,818353,2020-21
CAML RESOURCES PTY LTD,84080649029,220204044,,,2020-21
CAMPAIGN MONITOR AUSTRALIA 1 PTY LIMITED,45604705473,116492938,6842767,1907333,2020-21
CAMPARI AUSTRALIA PTY LIMITED,72137554726,174909699,8414957,2524487,2020-21
CANACCORD FINANCIAL GROUP (AUSTRALIA) PTY LTD,53128279336,272832702,56952423,17085727,2020-21
CANADIAN SOLAR MSS (AUSTRALIA) PTY LTD,44607434300,116955379,2577573,773272,2020-21
CANBERRA AIRPORT HOLDINGS PTY LTD,98008608928,955814143,145056170,30659708,2020-21
CANON AUSTRALIA PTY LTD,66005002951,595781608,,,2020-21
CANVA PTY LTD,80158929938,396111794,714627,,2020-21
CAPE AUSTRALIA HOLDINGS PTY LIMITED,12126824397,169242071,949493,284848,2020-21
CAPE PRESTON PORT COMPANY PTY LTD,84147842153,147918891,9180373,2754112,2020-21
CAPGEMINI AUSTRALIA PTY LIMITED,11092284314,431688920,19205842,5761753,2020-21
CAPITAL PROPERTY CREDIT PTY LTD,92643632286,207017518,294339130,444596,2020-21
CAPITAL SMART GROUP HOLDINGS PTY LTD,86637044092,321350659,,,2020-21
CAPITOL HEALTH LIMITED,84117391812,162147608,14546297,4101603,2020-21
CAPRAL LIMITED,78004213692,447081130,,,2020-21
CAPRICORN COPPER PTY LTD,67106396801,191659037,,,2020-21
CARDIFF CAR CITY HOLDINGS PTY LTD,15602181751,129968751,3929918,1178975,2020-21
CARDNO LIMITED,70108112303,483056616,,,2020-21
CARDTRONICS AUSTRALIA PTY LTD,46157774224,103758329,,,2020-21
CARGOTEC AUSTRALIA PTY LTD,72097663431,188892873,,,2020-21
CARL ZEISS PTY LTD,82008410704,124352211,12197405,2633186,2020-21
CARLISLE HOMES PTY LTD,86106263209,522537103,51487228,14760454,2020-21
CARNEY TOWNSVILLE PARTNERSHIP,16842172023,153299636,5418101,1625430,2020-21
CARPET COURT AUSTRALIA LIMITED,77001195697,231038214,,,2020-21
CARSALES.COM LIMITED,91074444018,326874575,176345582,48136312,2020-21
CASELLA WINES PTY LIMITED,96060745315,541863267,44483927,13345178,2020-21
CASEY BLOCK SERVICES PTY LTD,19619574186,551533694,480195474,144058642,2020-21
CASH CONVERTERS INTERNATIONAL LIMITED,39069141546,209076519,4626818,1350723,2020-21
CATER CARE HOLDINGS PTY LTD,69603124812,301474308,17820227,5346068,2020-21
CATERPILLAR FINANCIAL AUSTRALIA LIMITED,70006714585,191322109,79234813,23764810,2020-21
CATERPILLAR HOLDINGS AUSTRALIA PTY LTD,26003430135,946289010,135321612,32280251,2020-21
CATHAY PACIFIC AIRWAYS LIMITED,57000479514,282777473,,,2020-21
CBH GRAIN PTY LTD,39089394883,3558143682,,,2020-21
CBH GROUP HOLDINGS PTY LTD,74068223147,206132949,11305256,3391577,2020-21
CBH RESOURCES LIMITED,27009423858,178705619,,,2020-21
CBRE PTY LTD,57057373574,614069711,30117435,8971992,2020-21
CCCI AUSTRALIA PTY LTD,95603555988,5504528228,,,2020-21
CDC GROUP HOLDINGS PTY LTD,67612332073,517012778,,,2020-21
CEA TECHNOLOGIES PTY LTD,99059951183,201091332,30080303,9024091,2020-21
CEDAR WOODS PROPERTIES LIMITED,47009259081,301844464,65245447,19573634,2020-21
CELGENE PTY LIMITED,42118998771,160043876,6598710,1979613,2020-21
CEMENT AUSTRALIA HOLDINGS PTY LTD,99001085561,450888839,71934508,12135466,2020-21
CENEDA PTY LTD,42627118101,384223224,31090739,9327222,2020-21
CENTAMIN EGYPT LTD,86007700352,1227127767,,,2020-21
CENTENARY AUSTRALIA PTY LIMITED,77085156216,364002079,1574110,244883,2020-21
CENTRAL EQUITY LTD,27006708738,238699734,126749426,38024828,2020-21
CENTRE COM SUNSHINE PTY LTD,96084165293,233345186,8794116,2638235,2020-21
CENTREPOINT ALLIANCE LIMITED,72052507507,139180586,,,2020-21
CENTURIA CAPITAL LIMITED,22095454336,176490607,20139177,5083930,2020-21
CENTURY YUASA BATTERIES PTY LTD,66009685232,298977251,26083133,7824940,2020-21
CENVERSA LIMITED,55092375221,136597149,4225754,654370,2020-21
CEREAL PARTNERS AUSTRALIA PTY LIMITED,98120338249,209479686,16258011,4332485,2020-21
CERNER CORPORATION PTY LIMITED,23051063435,137665527,4453257,1335977,2020-21
CERTIS AUSTRALIA PTY LTD,51602871287,271665269,,,2020-21
CERVUS EQUIPMENT AUSTRALIA PTY LTD,73157830656,157028297,9995326,2998598,2020-21
CEVA PTY LTD,27122147433,437948593,,,2020-21
CFT HOLDINGS COMPANY PTY LIMITED,42160294904,432098517,,,2020-21
CGI INFORMATION SYSTEMS AND MANAGEMENT CONSULTANTS PRIVATE L,,521006276,51223,15367,2020-21
CH2 HOLDINGS PTY LTD,80113630505,1620440856,,,2020-21
CHALLENGER LIMITED,85106842371,3406315595,474617308,122749971,2020-21
CHANEL (AUSTRALIA) PTY LTD,83000012153,343752098,57302862,17190859,2020-21
CHARTER HALL LIMITED,57113531150,395464382,184164890,54286284,2020-21
CHARTER HALL OPPORTUNITY FUND NO.5,26940162692,274917512,5511842,1139267,2020-21
CHARTERED ACCOUNTANTS AUSTRALIA AND NEW ZEALAND,50084642571,110203766,,,2020-21
CHEMRING AUSTRALIA PTY LIMITED,96004669452,101447886,22585909,6775773,2020-21
CHEVRON AUSTRALIA DOWNSTREAM HOLDINGS PTY LTD,15637003662,1720618927,,,2020-21
CHEVRON AUSTRALIA HOLDINGS PTY LTD,60098079344,9163203498,113056783,30,2020-21
CHEVRON AUSTRALIA PRODUCTS PTY LIMITED,26147978890,1599962958,,,2020-21
CHINA CONSTRUCTION BANK CORPORATION,24125167553,2119459858,62778116,18833435,2020-21
CHINA YUNNAN COPPER (AUSTRALIA) INVESTMENT AND DEVELOPMENT CO.LTD,32110345750,675317672,3230343,969103,2020-21
CHOBANI AUSTRALIA PTY LTD,60150876305,274172045,13818652,3978303,2020-21
CHRISTIAN DIOR AUSTRALIA PTY LIMITED,15072174451,133069505,36944948,11083484,2020-21
CHUBB HOLDINGS AUSTRALIA PTY LTD,64116987618,1555392031,197121420,58634145,2020-21
CIMIC GROUP LIMITED,57004482982,9626110651,68116534,5526275,2020-21
CIMPRESS AUSTRALIA PTY LTD,98137563369,113469383,2762201,,2020-21
CIRRUS NETWORKS HOLDINGS LIMITED,98103348947,108004163,6445523,,2020-21
CISCO SYSTEMS AUSTRALIA PTY LTD,52050332940,1885030699,91939721,27581916,2020-21
CITIBANK NA,34072814058,532262453,318967849,95690355,2020-21
CITIC RESOURCES AUSTRALIA PTY LTD,87107652817,465782895,6579396,,2020-21
CITIGROUP PTY LTD,88004325080,1873416888,240335030,72100509,2020-21
CITRIX SYSTEMS ASIA PACIFIC PTY LTD,37078874530,343359253,1193685,,2020-21
CITY CHIC COLLECTIVE LIMITED,43057569169,151370206,27520624,8256187,2020-21
CITY HOLDINGS (AUS) PTY LTD,33135098636,448738218,15259748,4566194,2020-21
CIVEO HOLDING COMPANY 1 PTY LTD,91146700441,336863637,,,2020-21
CIVICA PTY LIMITED,83003691718,162113463,21574169,5658625,2020-21
CIVMEC LIMITED,50604316690,676799597,60781324,18234397,2020-21
CJD EQUIPMENT PTY LTD,63008754523,581506724,35816016,10744805,2020-21
CK WILLIAM AUSTRALIA HOLDINGS PTY LTD,14613690243,1193740625,152089507,45626852,2020-21
CLARKE ENERGY (AUSTRALIA) PTY LTD,20086492935,143185696,7375301,2212590,2020-21
CLEANAWAY WASTE MANAGEMENT LIMITED,74101155220,2392199189,172835784,36924815,2020-21
CLEARLIGHT INVESTMENTS PTY LTD,59007543544,315798477,21067981,6287570,2020-21
CLEMENGER GROUP LIMITED,98004882928,236468679,61024226,13266773,2020-21
CLERMONT COAL MINES LIMITED,56010487939,190818955,,,2020-21
CLIME CAPITAL LIMITED,99106282777,127178213,8472309,1638053,2020-21
CLINICAL LABORATORIES PTY LTD,62006823089,346903394,64112544,19204142,2020-21
CLOROX HOLDINGS PTY LTD,57077214076,109671743,7357991,2207397,2020-21
CMC MARKETS GROUP AUSTRALIA PTY LTD,99128774890,171361514,9246661,,2020-21
CMOC MINING PTY LIMITED,17164997317,317395299,56042451,15832986,2020-21
CNH INDUSTRIAL AUSTRALIA PTY LTD,76000031130,1230239655,95117008,28535102,2020-21
CNOOC AUSTRALIA ENERGY CAPITAL MANAGEMENT PTY LTD,79129021316,566777647,159516827,47855048,2020-21
CNOOC GAS AND POWER (AUS) INVESTMENT PTY LTD,28142591044,1486068927,,,2020-21
CNW PTY LTD,48009669836,560627264,32209460,9662838,2020-21
COBHAM AVIATION SERVICES AUSTRALIA PTY LTD,34003469574,354637571,,,2020-21
COBRAM ESTATE OLIVES LIMITED,32115131667,171768285,,,2020-21
COCA-COLA AMATIL LIMITED,26004139397,3070194210,256331022,75177241,2020-21
COCA-COLA SOUTH PACIFIC PTY LTD,50003029794,120057961,259106,77732,2020-21
COCHLEAR LIMITED,96002618073,1080338869,130401929,,2020-21
CODAN LIMITED,77007590605,419895189,152950268,38073403,2020-21
COFCO INTERNATIONAL AUSTRALIA PTY LTD,25001069423,833696518,,,2020-21
COFORGE LIMITED,,472365538,,,2020-21
COG BRANDCO 1 PTY LTD,68641991513,456224622,94027207,28208162,2020-21
COGI PTY LTD,15634090092,986985145,65595114,12586958,2020-21
COGNIZANT TECHNOLOGY SOLUTIONS AUSTRALIA PTY LTD,74100749997,263929406,35643269,10692981,2020-21
COL CRAWFORD PTY LTD,27001798081,220684257,9367377,2810213,2020-21
COLAS AUSTRALIA GROUP PTY LTD,11000388161,451216398,8171195,1381148,2020-21
COLES GROUP LIMITED,11004089936,43365847665,1518848000,455647231,2020-21
COLGATE-PALMOLIVE PTY LTD,79002792163,694576240,38354807,11496906,2020-21
COLIN JOSS & CO. PTY. LIMITED,73003538583,494337068,35331578,10599473,2020-21
COLLIERS INTERNATIONAL HOLDINGS (AUSTRALIA) LIMITED,65008178238,268161288,51302343,14310179,2020-21
COLLINS FOODS LIMITED,13151420781,953089350,84186645,25255994,2020-21
COLUMBUS CAPITAL PTY LTD,51119531252,271369326,63690183,19107055,2020-21
COMENSURA PTY LIMITED,30120725902,372328816,2196814,659044,2020-21
COMFORTDELGRO CORPORATION AUSTRALIA PTY LTD,84002072004,637093920,58045665,17413699,2020-21
COMGEN AUSTRALIA PTY LTD,17050242441,1252741262,20235144,2526813,2020-21
COMMERCIAL MOTOR VEHICLES PTY LTD,84007874142,1489618108,68316270,20316286,2020-21
COMMONWEALTH BANK OF AUSTRALIA,48123123124,29362141959,10664373419,3136017782,2020-21
COMMSCOPE HOLDINGS AUSTRALIA PTY LTD,57605413456,357028164,17844454,5035208,2020-21
COMO GLASSHOUSE INVESTMENTS PTY LTD,49604272951,687457876,29695393,7976448,2020-21
COMPASS GROUP (AUSTRALIA) PTY LTD,41000683125,1420151753,86708318,26012495,2020-21
COMPETITIVE FOODS AUSTRALIA PTY LTD,48010542908,1465133955,84189365,24725422,2020-21
COMPUTERSHARE LIMITED,71005485825,769119455,114507613,26648920,2020-21
CONCENTRIX SERVICES PTY LIMITED,63166171991,317630982,52842421,15742181,2020-21
CONOCOPHILLIPS AUSTRALIA OPERATIONS PTY LTD,28141253787,1074448262,,,2020-21
CONSOLIDATED MINERALS HOLDINGS (AUSTRALIA) PTY LTD,88127662257,335631012,,,2020-21
CONSORTIO PTY LIMITED,99128575619,206423328,2746929,824079,2020-21
CONSTELLATION SOFTWARE AUSTRALIA PTY LTD,50141627232,334537205,73851629,21667311,2020-21
CONSTRUCTION CONTROL PTY LIMITED,79150745154,368704646,19059936,5717981,2020-21
CONSTRUCTION SERVICES AUSTRALIA PTY LTD,99007641787,213307219,,,2020-21
CONTINENTAL PTY LTD,46004390587,425755435,15028100,4508430,2020-21
CONTRACT RESOURCES GROUP PTY LTD,77637730511,119743883,11358260,3407478,2020-21
COOGEE CHEMICALS PTY LTD,37008747500,248721661,22589412,4944475,2020-21
COOK AUSTRALIA PTY LTD,27141258648,245397184,18141430,4333602,2020-21
COOPER ENERGY LIMITED,93096170295,139530333,,,2020-21
CO-OPERATIEVE RABOBANK U.A.,70003917655,983149150,25682199,7704660,2020-21
COOPERS BREWERY LIMITED,13007871409,285316420,39803236,11709542,2020-21
COPYRIGHT AGENCY LIMITED,53001228799,129026432,,,2020-21
CORANAR (AUSTRALIA) PTY LTD,12114668727,133015795,40025629,12007689,2020-21
CORELOGIC AUSTRALIA HOLDINGS PTY LIMITED,75150637406,145815755,27709123,8027368,2020-21
CORONADO AUSTRALIA HOLDINGS PTY LTD,23623524989,1440587421,,,2020-21
CORONIS HEALTH HOLDCO PTY LTD,53617868916,228829850,5688865,1706660,2020-21
CORTEVA AGRISCIENCE AUSTRALIA PTY LTD,24003771659,208939834,9651965,2895590,2020-21
COSTA GROUP HOLDINGS LIMITED,68151363129,999065626,62666643,14077524,2020-21
COSTCO WHOLESALE AUSTRALIA PTY LTD,57104012893,2825000496,50575588,15172676,2020-21
COTY AUSTRALIA HOLDINGS PTY LTD,52626169711,238543307,9321974,2796592,2020-21
COUNTRY ROAD GROUP PTY LTD,78006759182,1019725082,150167399,44551158,2020-21
COUNTRYWIDE AUSTRALASIA LIMITED,34068162676,358783711,,,2020-21
COVENTRY GROUP LTD,37008670102,264549244,,,2020-21
COX AUTOMOTIVE AUSTRALIA PTY LTD,97090535505,171368370,3340294,975985,2020-21
CPA AUSTRALIA LTD,64008392452,191327348,,,2020-21
CPC GROUP HOLDINGS PTY LTD,28644449758,314526397,,,2020-21
CRAIG MOSTYN HOLDINGS PTY LIMITED,14008398356,306947595,32336982,7938564,2020-21
CRANPORT PTY LIMITED,77003854000,268906558,18426753,5506315,2020-21
CRAWFORD & COMPANY (AUSTRALIA) PTY LTD,11002317133,116983484,9299705,2789912,2020-21
CREATION HOMES GROUP PTY LTD,26628777006,235515342,,,2020-21
CREDIT AGRICOLE CIB AUSTRALIA LIMITED,32002540409,125251000,53527127,16058138,2020-21
CREDIT CORP GROUP LIMITED,33092697151,301435390,119999368,35892180,2020-21
CREDIT SUISSE AG,17061700712,383292040,95062467,28518740,2020-21
CREDIT SUISSE HOLDINGS (AUSTRALIA) LTD,96008496713,468832358,84645783,25382741,2020-21
CREDIT UNION AUSTRALIA LIMITED,44087650959,399587914,74636370,18517322,2020-21
CREMA CONSTRUCTIONS PTY LTD,70137733290,281333922,4239535,1271860,2020-21
CROWN EQUIPMENT PTY LIMITED,79000514858,353777273,14503678,4351104,2020-21
CROWN RESORTS LIMITED,39125709953,2458155076,,,2020-21
CS (AUSTRALIA) PTY LIMITED,84093488361,639671833,,,2020-21
CSE GLOBAL (AUSTRALIA) PTY LTD,85109958090,123888289,7086592,2125978,2020-21
CSG INTERNATIONAL PTY LTD,33082026551,132534922,,,2020-21
CSL LIMITED,99051588348,3088985672,458608783,65019614,2020-21
CSR LIMITED,90000001276,1835016737,196096979,32869350,2020-21
CT FREIGHT PTY. LTD.,89002489705,252154594,26492813,7947844,2020-21
CTI LOGISTICS LIMITED,69008778925,241411858,9049785,2713990,2020-21
CUA HEALTH LIMITED,98098685459,159065671,18064920,5322544,2020-21
CUBIC TRANSPORTATION SYSTEMS (AUSTRALIA) PTY LTD,82003617561,178794666,19374781,,2020-21
CULTURE KINGS GROUP PTY LTD,33627007970,289104642,57336320,17200896,2020-21
CUMMINS FILTRATION INTERNATIONAL CORPORATION,60007505473,113173544,7895777,2368733,2020-21
CUMMINS SOUTH PACIFIC PTY LTD,42006332949,905987370,152326111,45697833,2020-21
CUSCAL LIMITED,95087822455,281281200,151566552,41948044,2020-21
CW GROUP HOLDINGS LIMITED,83635851839,2466654022,441807380,132538436,2020-21
CWF HOLDINGS PTY LTD,66142083323,109707738,,,2020-21
CXC CORPORATE SERVICES PTY LTD,58150274007,408806269,,,2020-21
CYAN STONE CLYDESDALE ESTATE 1 PTY LTD,29610208967,121757252,,,2020-21
D & C CORPORATION PTY LTD,37159824736,119439255,,,2020-21
D & M LYONE HOLDINGS PTY LTD,45102456851,246762585,35977181,10786158,2020-21
D.E HOLDING AUSTRALIA PTY LTD,16100632595,369310515,69644619,20893386,2020-21
DAC FINANCE PTY LIMITED,28129420444,723008360,21454989,6436497,2020-21
DACIAN GOLD LIMITED,61154262978,241765494,,,2020-21
DAHENA PTY LTD,34003081061,248753921,7412693,2223808,2020-21
DAHLSENS BUILDING CENTRES PTY LTD,30005032333,263990248,,,2020-21
DAHUA GROUP SYDNEY INVESTMENT PTY LTD,22606376416,163489182,,,2020-21
DAIKIN AUSTRALIA PTY LTD,62000172967,908351480,51064843,13948360,2020-21
DAIMLER AUSTRALIA/PACIFIC PTY LTD,50004348421,3681552514,284731372,85419412,2020-21
DAIRY FARMERS MILK CO-OPERATIVE LIMITED,74669522867,108743031,,,2020-21
DAIRY FARMERS PTY LIMITED,65010308068,262311544,,,2020-21
DAIWA HOUSE AUSTRALIA PTY LTD,90169473241,324206796,,,2020-21
DALRYMPLE BAY COAL TERMINAL PTY LTD,12010268167,254667734,25944246,7783274,2020-21
DAMPIER SALT LTD,30008706590,368588247,34967364,10490209,2020-21
DANAHER AUSTRALIA HOLDING PTY LTD,80122016424,586167908,76192341,15907868,2020-21
DARACON CONTRACTORS PTY LTD,82002344667,250777031,4181860,1254558,2020-21
DARWIN LNG PTY LTD,48085130981,1516450052,234912338,70473701,2020-21
DASSAULT SYSTEMES AUSTRALIA PTY LTD,92113589772,204488704,5713231,,2020-21
DATA #3 LIMITED,31010545267,1955173657,41348123,12231111,2020-21
DATACOM AUSTRALIA HOLDINGS PTY LIMITED,45094235373,649863729,20136994,6041098,2020-21
DAVIS LANGDON PROPERTY SERVICES PTY LTD,97006986947,729308664,74094406,19912927,2020-21
DBS BANK LTD,46601105373,165822298,83899128,25169738,2020-21
DDH1 LIMITED,48636677088,114408849,,,2020-21
DECMIL GROUP LIMITED,35111210390,303754525,,,2020-21
DEFENCE HOUSING AUSTRALIA,72968504934,837935563,61639463,18491839,2020-21
DEGREMONT PROCESS COMPANY PTY LTD,32169392876,141079274,,,2020-21
DELAWARE NORTH COMPANIES AUSTRALIA PTY LTD,92003435345,299763859,,,2020-21
DELIVEROO AUSTRALIA PTY LTD,73607915640,135693676,,,2020-21
DELL AUSTRALIA PTY LIMITED,46003855561,332797028,54892438,16388439,2020-21
DE'LONGHI AUSTRALIA PTY LIMITED,49104012857,185365625,6908071,2072421,2020-21
DELTA AGRIBUSINESS PTY LTD,93118781445,369363752,18495424,5548627,2020-21
DELTA ELECTRICITY PTY LTD,66620205263,500247599,66411678,19923503,2020-21
DELTA GROUP HOLDINGS PTY LTD,37159149185,596714098,,,2020-21
DEMANT AUSTRALIA PTY LTD,11636246305,233179115,4275668,1282701,2020-21
DEMATIC HOLDINGS PTY LTD,50121488202,244018706,8807613,2439617,2020-21
DENGKOL PTY LTD,82005518258,353258882,8300170,2490051,2020-21
DENNIS FAMILY CORPORATION PTY LTD,67605630144,223718620,80030647,24009194,2020-21
DENNIS FAMILY HOLDINGS PTY LTD,39097641855,317756356,6186336,1855901,2020-21
DENTSPLY SIRONA PTY LIMITED,87111950602,128746665,13943074,4182922,2020-21
DENTSU AUSTRALIA HOLDINGS PTY LTD,60147301700,221367852,1781241,,2020-21
DETERRA ROYALTIES LIMITED,88641743348,115975816,56021811,16806543,2020-21
DETMOLD HOLDINGS PTY LTD,87007527022,312231078,8838416,1047998,2020-21
DEUTSCHE AUSTRALIA LIMITED,37006385593,222916845,61385939,18415782,2020-21
DEUTSCHE BANK AKTIENGESELLSCHAFT,13064165162,483334151,,,2020-21
DEVRO PTY LIMITED,70050095755,100686881,18891418,5416350,2020-21
DEXUS OPERATIONS TRUST,69645176383,599848800,136024773,40807432,2020-21
DFA AUSTRALIA LIMITED,46065937671,101797104,18922756,5676827,2020-21
DH BOX HILL PTY LTD,99625555553,126522178,,,2020-21
DHL EXPRESS (AUSTRALIA) PTY LTD,62001112929,707799133,27694098,8308229,2020-21
DHL GLOBAL FORWARDING (AUSTRALIA) PTY LIMITED,62002636124,1584499791,91976934,27593080,2020-21
DIAGEO AUSTRALIA LIMITED,33004167720,702096845,89655792,26896738,2020-21
DIAMOND GAS RESOURCES PTY LTD,58007440664,243176614,3272507,,2020-21
DIAMOND OFFSHORE GENERAL LLC,91050122051,140747396,1216034,364810,2020-21
DIB GROUP PTY LIMITED,87002889474,1585536308,47415513,14224654,2020-21
DIBSTECH PTY LIMITED,66624547397,275419970,1296459,388938,2020-21
DIC AUSTRALIA PTY LTD,12000079550,104166579,,,2020-21
DICKER DATA LIMITED,95000969362,1856262316,84278305,25082402,2020-21
DIRECT FREIGHT EXPRESS PTY LIMITED,66060136870,405260496,18655852,5596756,2020-21
DIRECT GROUP INVESTMENTS PTY LTD,67602302205,286389710,10194406,2912406,2020-21
DISCOUNT TYRE AND WHEEL PTY LTD,31169153468,282057933,14300547,4290164,2020-21
DISCOVERY PARKS HOLDINGS PTY LIMITED,61127847269,221773367,26091116,7827335,2020-21
DITH AUSTRALIA PTY LTD,21620953166,260658866,4325032,1297510,2020-21
DKSH AUSTRALIA PTY LTD,70005059307,354673427,,,2020-21
DOMAIN HOLDINGS AUSTRALIA LIMITED,43094154364,260741499,75653418,15577739,2020-21
DOMETIC AUSTRALIA PTY LTD,62086366305,155057322,10507883,3152365,2020-21
DOMINO'S PIZZA ENTERPRISES LIMITED,16010489326,676535988,162870232,41396616,2020-21
DONALDSON AUSTRALASIA PTY LTD,78000521200,120922158,17323855,5197156,2020-21
DONEILYN PTY LTD,69007544836,390446487,23448328,5748784,2020-21
DORMAKABA HOLDING AUSTRALIA PTY LTD,82005869447,219173225,20507175,6152152,2020-21
DORRIEN ESTATE WINERY PTY LTD,81003775139,202858493,9530955,2859286,2020-21
DORSOGNA LIMITED,27063427752,299188266,8855454,1960980,2020-21
DOTERRA AUSTRALIA PTY LTD,26145700689,139924871,5144661,1543398,2020-21
DOW CHEMICAL (AUSTRALIA) PTY LTD,72000264979,194741595,,,2020-21
DOW PERFORMANCE MATERIALS (AUSTRALIA) PTY LTD,29004513188,144913659,,,2020-21
DOWNER EDI LIMITED,97003872848,9199064149,6060701,,2020-21
DP WORLD AUSTRALIA (HOLDING) PTY LIMITED,58147892715,592000279,4431429,,2020-21
DR. OETKER QUEEN AUSTRALIA PTY LTD,92606358516,130664581,22564687,6305450,2020-21
DRA GLOBAL LIMITED,75622581935,359138448,,,2020-21
DRAEGER AUSTRALIA PTY LTD,99098885539,168203569,11764869,3526948,2020-21
DRAKE AUSTRALIA PTY LTD,42004939771,165026237,1523,,2020-21
DRAMET PTY LTD,59109544425,283656464,10816948,3243895,2020-21
DRYSDALE INVESTMENTS PTY LTD,86104614422,688317360,34942345,9939995,2020-21
DSI HOLDINGS 2 AUSTRALIA PTY LIMITED,49151658785,410972221,44292573,12286518,2020-21
DSM NUTRITIONAL PRODUCTS AUSTRALIA PTY LIMITED,36000991793,171219365,5499123,978119,2020-21
DSV AIR AND SEA PTY LTD,47002275676,302733365,,,2020-21
DTZ AUS HOLDCO PTY LTD,36602106936,603682726,,,2020-21
DUCALA PTY LTD,38008031874,245713041,11940733,3510220,2020-21
DULUXGROUP LIMITED,42133404065,1927666357,236452638,66682201,2020-21
DURATEC LIMITED,94141614075,239299793,9382348,2286052,2020-21
DUSK GROUP LIMITED,38603018131,152402628,34649381,10394814,2020-21
DXC TECHNOLOGY AUSTRALIA HOLDINGS PTY LIMITED,33120570390,2559175808,89591675,19111279,2020-21
DYNAMIC SUPPLIES PTY LTD,25064793862,206227932,9326848,2798054,2020-21
DYSON APPLIANCES (AUST.) PTY LIMITED,50073072509,500321865,16076678,4822166,2020-21
E&P FINANCIAL GROUP LIMITED,54609913457,194087083,15948959,3934629,2020-21
E. & S. TRADING CO. (DISCOUNTS) PTY. LTD.,71007449265,224828610,13753326,4125998,2020-21
EAGERS AUTOMOTIVE LIMITED,87009680013,7928969375,205187623,53135404,2020-21
EAST AFRICAN GOLD MINES LIMITED,73078796111,304091186,,,2020-21
EASTCOAST AUTOMOTIVE (QLD) PTY LTD,93162382050,271598461,12903053,3870916,2020-21
EATON INDSUTRIES PTY LTD,66103014571,272142418,6441897,1932569,2020-21
ECLIPX GROUP LIMITED,85131557901,343887733,,,2020-21
ECO WORLD YARRA ONE PTY LTD,97613276743,148267014,19609097,5882729,2020-21
ECOLAB PTY LTD,59000449990,419702567,14174642,4252393,2020-21
EDEN BRAE HOLDINGS PTY LIMITED,42083807489,210441654,19178132,2989155,2020-21
EDMI PTY LTD,65010061391,100361034,3939667,1181900,2020-21
EDU HOLDINGS SPV PTY LTD,34143998127,139356532,13014367,3904310,2020-21
EDUCATION AUSTRALIA LIMITED,63008597831,1037794310,29714570,7404227,2020-21
EFN (AUSTRALIA) PTY LIMITED,90607344650,313303587,4025092,,2020-21
EFTPOS PAYMENTS AUSTRALIA LIMITED,37136180366,155067701,20326443,2878357,2020-21
EG GROUP AUSTRALIA PTY LTD,39629792810,3425651140,105844257,31753277,2020-21
EGO PHARMACEUTICALS HOLDINGS PTY LTD,34613741352,204855451,21269370,5039864,2020-21
EINHELL HOLDING AUSTRALIA PTY LTD,12163099885,218431010,27143469,8143041,2020-21
ELANCO AUSTRALIA HOLDING PTY LIMITED,24628673754,183768350,96487982,23926089,2020-21
ELDERS LIMITED,34004336636,2424548290,16686985,,2020-21
ELECTRA CABLES (AUST) PTY LTD,38056024385,270851712,,,2020-21
ELECTRANET PTY LIMITED,41094482416,419380450,44806662,13441999,2020-21
ELECTRO OPTIC SYSTEMS HOLDINGS LTD,95092708364,191530676,11736878,3521063,2020-21
ELECTROLUX HOME PRODUCTS PTY LIMITED,51004762341,884135605,82875690,23919718,2020-21
ELECTRONICS BOUTIQUE AUSTRALIA PTY LTD,50077681442,878094756,63195059,18958518,2020-21
ELECTUS DISTRIBUTION PTY LIMITED,30000087347,218204982,3698516,1074456,2020-21
ELI LILLY AUSTRALIA PTY LIMITED,39000233992,215903065,39528839,5628535,2020-21
EMC AUSTRALIA PTY LIMITED,34143603123,550838770,8097320,2426306,2020-21
EMECO HOLDINGS LIMITED,89112188815,707977114,,,2020-21
EMERALD GRAIN PTY LTD,82109203054,703911790,16072727,4821818,2020-21
EMERGENT COLD TOPCO PTY LTD,80622089909,165555560,,,2020-21
EMERSON PROCESS MANAGEMENT AUSTRALIA PTY LTD,99004590005,244292767,20789521,6226013,2020-21
EMICHROME PTY LTD,31002668028,249563882,337103103,2178663,2020-21
EMIRATES LEISURE RETAIL (AUSTRALIA) PTY LTD,76131473679,340602505,,,2020-21
EMPIRED LIMITED,81090503843,118346398,6652054,,2020-21
EMPLOYERS MUTUAL MANAGEMENT PTY LTD,11001735191,342840570,556787,167036,2020-21
EMPLOYERS MUTUAL NSW LIMITED,52003201885,243939694,,,2020-21
EMPLOYSURE PTY LIMITED,40145676026,161720183,36431940,10929582,2020-21
ENAK HOLDINGS PTY LTD,94151868772,923891503,48361166,14248650,2020-21
ENBEEAR PTY LTD,73000857483,295298153,39109638,160912,2020-21
ENDEAVOUR ENERGY NETWORK MANAGEMENT PTY LTD,22617221495,308207105,,,2020-21
ENDEAVOUR GROUP LIMITED,77159767843,6966299574,1007297070,87903407,2020-21
ENDEAVOUR WOOL EXPORTS PTY LTD,28621014293,263204730,465303,139591,2020-21
ENDEMOL SHINE AUSTRALIA HOLDINGS PTY LTD,94134845364,167438794,,,2020-21
ENERGIZER AUSTRALIA PTY LIMITED,91003539026,141470188,5401100,1598286,2020-21
ENERGY INFRASTRUCTURE TRUST,23779151748,166880068,99982567,23189021,2020-21
ENERGY POWER SYSTEMS AUSTRALIA PTY LTD,80055274514,227045117,2568832,770650,2020-21
ENERGY RESOURCES OF AUSTRALIA LTD,71008550865,258486261,,,2020-21
ENERGYAUSTRALIA HOLDINGS LIMITED,57101876135,6026780152,411204106,123039803,2020-21
ENERVEN ENERGY INFRASTRUCTURE PTY LTD,31621124909,322262210,19440763,5832229,2020-21
ENGENCO LIMITED,99120432144,165077332,,,2020-21
ENGIE SERVICES HOLDINGS PTY LTD,18615894794,174634607,,,2020-21
ENI AUSTRALIA B.V.,18092812023,182099123,,,2020-21
ENSCO AUSTRALIA PTY LTD,79100601634,198133490,8748333,2624500,2020-21
ENSHAM COAL SALES PTY LTD,13050411713,433310930,,,2020-21
ENSIGN (AUSTRALIA) HOLDINGS PTY LTD,71100195426,132633566,,,2020-21
ENVATO PTY LTD,11119159741,231260636,36216067,7891543,2020-21
EPHARMACY HOLDINGS PTY LTD,18612656701,363716994,,,2020-21
EPIROC SOUTH PACIFIC HOLDINGS PTY LTD,87107374550,718768000,51250477,15375143,2020-21
EPSON AUSTRALIA PTY LTD,91002625783,215523446,11857839,3557352,2020-21
EQUIFAX AUSTRALIA HOLDINGS PTY LTD,37609497494,384103010,,,2020-21
EQUINIX AUSTRALIA PTY LTD,25092807264,395174592,20070186,6021056,2020-21
ESRI-AUSTRALIA PTY LTD,16008852775,128788660,35379980,10538257,2020-21
ESTEE LAUDER PTY LIMITED,63008444719,282958989,47456870,14237061,2020-21
ESTHER INVESTMENT PTY LTD,68004459536,217563663,,,2020-21
ESTIA HEALTH LIMITED,37160986201,665393025,,,2020-21
ETEX HOLDING AUSTRALIA I PTY LTD,82134378313,205539067,34545082,8906339,2020-21
ETHOS BEATHCHAPMAN AUSTRALIA PTY LTD,15628088451,141318579,3163031,948909,2020-21
ETORO AUS CAPITAL PTY LTD,66612791803,275189334,4234288,1270286,2020-21
ETSA UTILITIES FINANCE PTY LTD,78091701825,133812543,,,2020-21
EUROPCAR HOLDING PTY LTD,72130750640,149465706,,,2020-21
EUROZ HARTLEYS GROUP LTD,53000364465,147752025,48522953,13245736,2020-21
EVAND PTY LTD,59072254007,393306915,30324912,9057038,2020-21
EVENT HOSPITALITY AND ENTERTAINMENT LIMITED,51000005103,406647977,,,2020-21
EVERGREEN GARDEN CARE AUSTRALIA HOLDINGS PTY LTD,18620606840,120929734,3705834,1111750,2020-21
EVOLUTION MINING LIMITED,74084669036,1574908381,264111149,78286622,2020-21
EW PACIFIC PTY LTD,,406555812,29944502,8983351,2020-21
EXACT CONTRACTING GROUP PTY LTD,65057760353,251132943,,,2020-21
EXCHANGE FOR CHANGE (NSW) PTY LIMITED,12620512469,433869529,667125,200138,2020-21
EXCLUSIVE NETWORKS PTY LTD,26102858542,155556685,2758739,827622,2020-21
EXPEDIA AUSTRALIA PTY LTD,12101694946,155313421,15465674,4626978,2020-21
EXPEDITORS INTERNATIONAL PTY LIMITED,79003337282,149741056,18371248,5511374,2020-21
EXXONMOBIL AUSTRALIA PTY LTD,48091561198,11132572862,645312,,2020-21
F K GARDNER & SONS PTY LTD,99010136053,321894545,23101866,6930560,2020-21
FACEBOOK AUSTRALIA PTY LIMITED,83134012543,717094838,67955935,20386780,2020-21
FACTORY MUTUAL INSURANCE COMPANY,47163108861,389635585,40642479,11920646,2020-21
FAIRBROTHER PTY LTD,51009510561,239913668,15230940,3907716,2020-21
FAR EAST CONSORTIUM HOLDINGS (AUSTRALIA) PTY LTD,80062878880,440962344,,,2020-21
FAYMAN INTERNATIONAL GROUP PTY LTD,72640390576,214584709,8251173,2475352,2020-21
FCA AUSTRALIA PTY LIMITED,23125956505,453602852,13815890,4144767,2020-21
FCCD (AUSTRALIA) PTY LTD,16134182380,102244863,2041801,612540,2020-21
FDC CONSOLIDATED PTY LTD,84644030759,559828780,24950332,7485100,2020-21
FDC GROUP HOLDINGS PTY LTD,68615183358,538081692,27259366,8177810,2020-21
FEDERAL EXPRESS (AUSTRALIA) PTY LTD,51624271487,2351719386,23551111,7045365,2020-21
FENIX RESOURCES LTD,68125323622,115738955,30777473,9233242,2020-21
FENNER (PACIFIC) PTY LIMITED,49000231532,431777545,54851640,15686051,2020-21
FERRARI AUSTRALASIA PTY LIMITED,90160706141,106585864,,,2020-21
FERRERO AUSTRALIA PTY LIMITED,29001249261,297922378,12075566,3087260,2020-21
FINASUCRE INVESTMENTS (AUSTRALIA) PTY LIMITED,23062315593,271903595,,,2020-21
FINDEX GROUP LIMITED,40128588714,384753664,2122281,,2020-21
FINISAR AUSTRALIA PTY LTD,45098184582,177680599,28226433,,2020-21
FINTECH LABS PTY LTD,97623372583,200131892,200799115,60239734,2020-21
FIRST DATA RESOURCES INVESTMENTS PTY LTD,63057257771,109424303,12203838,3661151,2020-21
FIRST SENTIER INVESTORS HOLDINGS PTY LTD,49630725558,558885952,87388504,25931877,2020-21
FIRSTMAC LIMITED,59094145963,232939741,83267046,24980114,2020-21
FIS AUSTRALASIA PTY LTD,45093114759,107413396,,,2020-21
FISHER & PAYKEL AUSTRALIA HOLDINGS LIMITED,19003659425,559656374,32542466,9686428,2020-21
FITNESS AND LIFESTYLE GROUP TOPCO PTY LTD,50614113192,413171176,,,2020-21
FITZROY AUSTRALIA RESOURCES PTY LTD,14615772391,396906434,,,2020-21
FLETCHER BUILDING (AUSTRALIA) PTY LTD,11093539452,2629448877,,,2020-21
FLETCHER INTERNATIONAL GROUP PTY LTD,75626211907,886770255,36639155,10991728,2020-21
FLIGHT CENTRE TRAVEL GROUP LIMITED,25003377188,572679972,,,2020-21
FLINDERS PORT HOLDINGS PTY LTD,46117687313,240847925,28676577,8602973,2020-21
FLORA GREEN PTY LTD,47608829214,6091843897,91356415,21616561,2020-21
FLSMIDTH PTY LTD,85000221590,412753861,28214129,7788028,2020-21
FLUIDRA HOLDINGS AUSTRALIA PTY LTD,11128458104,177657373,1565889,469767,2020-21
FLUOR AUSTRALIA PTY LTD,28004511942,1285163122,,,2020-21
FMC AUSTRALASIA PTY LTD,45095326891,148163632,,,2020-21
FNZ HOLDINGS AUSTRALIA PTY LIMITED,73138819146,103461722,7548404,,2020-21
FOOD INVESTMENTS PTY LIMITED,85008426177,2327735841,91250108,23614165,2020-21
FOOT LOCKER AUSTRALIA INC,22619093977,284787204,36158451,10847536,2020-21
FORD MOTOR COMPANY OF AUSTRALIA LTD,30004116223,3233562118,,,2020-21
FOREST ONE GROUP PTY LTD,42004560605,295576002,19857796,5957339,2020-21
FORM 700 HOLDINGS PTY LTD,42102996378,289919559,17515048,5254514,2020-21
FORMBAY TRADING PTY LTD,31146464995,321914722,1020605,306182,2020-21
FORTESCUE METALS GROUP LIMITED,57002594872,28777520943,19424069866,5789395236,2020-21
FOX & LILLIE HOLDINGS PTY. LTD.,57004604844,343068509,1711890,513567,2020-21
FOXLEIGH COAL PTY LTD,24125986549,129795366,15457791,,2020-21
FQM AUSTRALIA HOLDINGS PTY LTD,77136613075,257254149,,,2020-21
FRANKLIN TEMPLETON INVESTMENTS AUSTRALIA LIMITED,87006972247,206408600,26739874,8021962,2020-21
FRASERS PROPERTY AUSTRALIA PTY LIMITED,89600448726,1737434043,,,2020-21
FREEDMAN ELECTRONICS PTY LIMITED,91000576483,322225635,98646959,25203251,2020-21
FREEDOM ENERGY HOLDINGS PTY LTD,24093243844,1237905884,9814906,2944472,2020-21
FREIGHT MANAGEMENT HOLDINGS PTY LTD,14144724532,350048650,29576505,8872952,2020-21
FREQUENCY INFRASTRUCTURE AUSTRALIA HOLDINGS PTY LIMITED,27136262952,370017644,1005155,,2020-21
FRESENIUS KABI AUSTRALIA PTY LIMITED,39109383593,131798248,13614878,4060150,2020-21
FRESENIUS MEDICAL CARE AUSTRALIA PTY LIMITED,80067557877,192053480,7581599,2272797,2020-21
FRESENIUS MEDICAL CARE DAY HOSPITAL HOLDINGS PTY LTD,82615724000,198049407,22689195,6806759,2020-21
FRESHMAX GROUP PTY LIMITED,33154789321,288487494,,,2020-21
FREUDENBERG HOME AND CLEANING SOLUTIONS PTY LTD,99082274324,124543619,5256837,1577051,2020-21
FRIENDLY SOCIETY MEDICAL ASSOCIATION LIMITED,69088347602,290444630,,,2020-21
FRONIUS AUSTRALIA PTY LTD,65144615896,181762424,16836064,5050819,2020-21
FRUCOR SUNTORY AUSTRALIA PTY LIMITED,73060091536,284910678,16076750,4823025,2020-21
FSS BAC AIRPORTS 1 PTY LIMITED,54609406322,252808024,9635200,2890560,2020-21
FTA FOOD SOLUTIONS PTY LTD,82059480054,282638252,11906818,3572045,2020-21
FUCHS LUBRICANTS (AUSTRALASIA) PTY LTD,88005681916,278834744,13218814,3965644,2020-21
FUGRO HOLDINGS (AUSTRALIA) PTY LTD,99003010099,207626700,,,2020-21
FUJIFILM BUSINESS INNOVATION AUSTRALIA PTY LTD,63000341819,824861053,19293880,5532488,2020-21
FUJIFILM HOLDINGS AUSTRALASIA PTY LIMITED,58008443892,196811929,4900374,1470112,2020-21
FUJITSU AUSTRALIA LIMITED,19001011427,846276649,42209082,10836348,2020-21
FUJITSU GENERAL (AUST) PTY LIMITED,55001229554,258684257,19588513,5876554,2020-21
FULLERTON HEALTH AUSTRALIA PTY LTD,41164892924,142312726,1103606,331082,2020-21
FULTON HOGAN AUSTRALIA PTY LTD,42135849115,2499808680,178123884,52986628,2020-21
FUTURE FUND INVESTMENT COMPANY NO. 1 PTY LTD,81130318188,989302904,58500914,15325756,2020-21
FUTURE FUND INVESTMENT COMPANY NO. 2 PTY LTD,90130788493,2629443447,382408871,102929726,2020-21
FUTURE FUND INVESTMENT COMPANY NO. 3 PTY LTD,40134338882,2780974910,902103362,162948630,2020-21
FUTURE FUND INVESTMENT COMPANY NO.4 PTY LTD,47134338908,8402810406,1753518723,526055617,2020-21
FUTURE FUND INVESTMENT COMPANY NO.5 PTY LTD,51134338926,4479828726,1336758835,380501827,2020-21
FUTURITY INVESTMENT GROUP LIMITED,21087648879,146567824,28599019,7013665,2020-21
G J & K CLEANING SERVICES PTY LIMITED,64006418908,271187642,71513408,21377848,2020-21
G JAMES PTY LTD,25009696404,413300035,,,2020-21
G&K O'CONNOR PTY LTD,49005934029,217954437,15316222,4594867,2020-21
G&W AUSTRALIA HOLDINGS LP,30124868215,383215735,,,2020-21
G.U.D. HOLDINGS LIMITED,99004400891,522165539,98545878,27668595,2020-21
G4S AUSTRALIA HOLDINGS PTY LTD,68128783602,281910700,10353823,3106147,2020-21
G8 EDUCATION LIMITED,95123828553,788358772,89457844,26837353,2020-21
GAIF 4-1 BORROWER COMPANY PTY LIMITED,55134604176,346203267,,,2020-21
GAIF BOND ISSUER PTY LIMITED,53149276540,213204492,,,2020-21
GALDERMA AUSTRALIA PTY LIMITED,12003976930,170692047,20323157,6096947,2020-21
GALE PACIFIC LIMITED,80082263778,107528897,13502452,229880,2020-21
GARMIN AUSTRALASIA PTY LIMITED,85129153448,269090302,14119527,4235858,2020-21
GARNET INTERNATIONAL RESOURCES PTY LTD,77081244715,104387946,26476249,7622741,2020-21
GARTNER AUSTRALASIA PTY LIMITED,69003708601,233271533,18093203,5427961,2020-21
GASCOYNE RESOURCES LIMITED,57139522900,204505561,,,2020-21
GASMAK PTY LIMITED,71157730580,275543213,14107832,4232350,2020-21
GATE GOURMET (HOLDINGS) PTY LIMITED,59004122892,101502845,,,2020-21
GBX TRADING FZE,32406282107,410569032,62496,18749,2020-21
GE CAPITAL AUSTRALIA FUNDING PTY LTD,67085675467,111351724,,,2020-21
GE HEALTHCARE AUSTRALIA PTY LIMITED,32001408402,356059268,34940848,10482254,2020-21
GENERAL ELECTRIC INTERNATIONAL INC,85002420751,820223577,2674503,802351,2020-21
GENERAL MILLS HOLDING (AUSTRALIA) PTY LTD,50095075808,307724319,10117407,2706363,2020-21
GENERAL MOTORS HOLDINGS AUSTRALIA PTY LTD,39603486844,775408000,,,2020-21
GENERAL REINSURANCE AUSTRALIA LIMITED,16008427450,395155769,,,2020-21
GENERATION LIFE LIMITED,68092843902,272055212,89475313,21488129,2020-21
GENESIS CARE PTY LIMITED,38137188464,527334582,17790520,,2020-21
GENPACT AUSTRALIA PTY LTD,15616571423,171645059,29650902,8895270,2020-21
GENUSPLUS GROUP LTD,86620283561,321678266,6421979,1675256,2020-21
GENWORTH MORTGAGE INSURANCE AUSTRALIA LIMITED,72154890730,612377264,,,2020-21
GEO GROUP AUSTRALASIA PTY LTD,79051914688,454633545,,,2020-21
GEOCON CONSTRUCTORS (ACT) PTY LTD,56163299769,232701057,1664288,499286,2020-21
GEOCON LAND HOLDINGS GROUP PTY LTD,27601912949,222622013,,,2020-21
GEODIS HOLDING AUSTRALIA PTY LTD,76001193193,455598285,7878569,2363571,2020-21
GEOFABRICS AUSTRALASIA PTY LTD,23005479961,102166758,9303245,2324939,2020-21
GEORGIOU GROUP PTY LTD,82073851948,498427922,11835918,3550775,2020-21
GERALDTON FISHERMEN'S CO-OPERATIVE LTD,52425663385,241219216,,,2020-21
GERALDTON FUEL CO PTY LTD,29002844162,200883757,6096472,1828942,2020-21
GETINGE AUSTRALIA PTY LIMITED,67009673518,112483573,6136875,1841062,2020-21
GHD GROUP LIMITED,32118062258,1180637276,156850670,46383431,2020-21
GIANT BICYCLE COMPANY PTY LTD,35006904730,124700165,12100098,3630029,2020-21
GIBSON'S LIMITED,23009476064,260173155,10380570,2046157,2020-21
GILEAD SCIENCES PTY LTD,71072611708,319803686,26535896,5981253,2020-21
GIVAUDAN AUSTRALIA PTY LIMITED,87000470280,155214991,7666404,2299921,2020-21
GLASSONS AUSTRALIA LIMITED,15074774637,126185199,22447389,6734217,2020-21
GLAXOSMITHKLINE CONSUMER HEALTHCARE AUSTRALIA PTY LTD,68603310292,623102478,19996227,5998868,2020-21
GLAXOSMITHKLINE HOLDINGS PTY LTD,75000465878,799253261,89364881,26809464,2020-21
GLENCORE HOLDINGS PTY LIMITED,41104160689,2120030698,2844497109,,2020-21
GLENCORE INVESTMENT PTY LIMITED,67076513034,14458919368,,,2020-21
GLENNON SMALL COMPANIES LIMITED,52605542229,105929771,2474550,,2020-21
GLOBAL DIVERSIFIED INFRASTRUCTURE FUND (ACTIVE),73751308908,136720243,,,2020-21
GLOBAL SWITCH AUSTRALIA HOLDINGS PTY LTD,35138200049,142046088,18288652,5486596,2020-21
GLOBAL VALUE FUND LIMITED,90168653521,320132888,23266232,4886645,2020-21
GLOBE INTERNATIONAL LIMITED,65007066033,135745060,21377768,5890816,2020-21
GLYNWED PACIFIC HOLDINGS PTY LTD,50008100703,493521172,11971513,3591454,2020-21
GMO AUSTRALIA LIMITED,30071502639,113617632,141903,42571,2020-21
GMP PHARMACEUTICALS PTY LIMITED,80063353006,275811597,20887399,4789441,2020-21
GOLD BULLION AUSTRALIA HOLDINGS PTY LTD,51606574618,285962924,4574106,1372232,2020-21
GOLD FIELDS AUSTRALIA PTY LTD,91098385285,2606893868,816425002,242345173,2020-21
GOLD ROAD RESOURCES LIMITED,13109289527,315797427,24511134,7353340,2020-21
GOLDEN COCKEREL PTY LTD,84009906432,301799094,10960914,197225,2020-21
GOLDEN GROVE LP,68938347066,544957479,46720334,14016100,2020-21
GOLDER ASSOCIATES PTY LTD,64006107857,216158928,6157476,1762279,2020-21
GOLDMAN SACHS HOLDINGS ANZ PTY LIMITED,27151154791,2221023444,259496858,77235551,2020-21
GOLDWIND AUSTRALIA PTY LIMITED,32140108390,315271448,,,2020-21
GOODMAN LIMITED,69000123071,452985750,,,2020-21
GOODYEAR AUSTRALIA PTY LTD,75000017489,734729454,,,2020-21
GOOGLE AUSTRALIA PTY LIMITED,33102417032,1399373514,300364293,77937593,2020-21
GOVE ALUMINIUM FINANCE LIMITED,45001860073,596245460,33678041,7204774,2020-21
GPC ASIA PACIFIC HOLDINGS PTY LTD,80162550978,2246874051,124579410,36078084,2020-21
GPT MANAGEMENT HOLDING LIMITED,67113510188,171563064,11504285,3451286,2020-21
GR ENGINEERING SERVICES LIMITED,12121542738,396524327,33508726,6478929,2020-21
GRACE WORLDWIDE (AUSTRALIA) PTY LTD,90070345845,230090832,31252802,9362299,2020-21
GRAINCORP LIMITED,60057186035,6043297608,4610897,,2020-21
GRANGE RESOURCES LIMITED,80009132405,814377964,110194549,32429801,2020-21
GRANGEHURST ENTERPRISES PTY LIMITED,18091454527,100431807,12206188,3661856,2020-21
GRANSOLAR CONSTRUCCION DE PROYECTOS S.L,48614561572,147761103,12587028,3776108,2020-21
GRANT THORNTON AUSTRALIA LIMITED,41127556389,272177387,67351676,20205503,2020-21
GRAPHIC PACKAGING INTERNATIONAL AUSTRALIA PTY LTD,22057776888,178768613,,,2020-21
GREATER BANK LIMITED,88087651956,235283087,31833762,9550129,2020-21
GREEN LEAVES GROUP LTD,61627248293,116920962,19001610,5700483,2020-21
GREENLAND (AUSTRALIA) INVESTMENT PTY LIMITED,38163240408,271819890,,,2020-21
GREENLIT BRANDS PTY LIMITED,21612890874,1179183976,45178508,13504582,2020-21
GREENSTONE HOLDCO PTY LIMITED,38612810232,580984399,,,2020-21
GRIFFON AUSTRALIA HOLDINGS PTY LIMITED,35156377356,305088480,47878397,14363519,2020-21
GRILL'D PTY LTD,17106297394,285659600,22905026,6871508,2020-21
GRINDING MEDIA PTY LTD,47615611759,352819457,54713965,,2020-21
GROCERY DELIVERY E-SERVICES AUSTRALIA PTY LIMITED,19155437620,746978225,62557428,18767228,2020-21
GROOTE EYLANDT MINING COMPANY PTY LTD,26004618491,1490415845,513557548,154067264,2020-21
GROSNECCA AGRICULTURE HOLDINGS PTY LTD,70607142870,515065505,6648794,586460,2020-21
GROSVENOR ENGINEERING GROUP PTY LTD,12003608795,200626797,3849223,253121,2020-21
GROUP ZARA AUSTRALIA PTY LTD,64089376349,265687016,11202940,3360882,2020-21
GRUMA OCEANIA PTY LTD,35117976002,185303127,15593365,4678010,2020-21
GRUNDFOS AUSTRALIA HOLDING PTY LTD,31162450259,151726943,14578603,4373581,2020-21
GS COAL HOLDINGS PTY LTD,56166342427,581877876,,,2020-21
GS GLOBAL AUSTRALIA PTY LIMITED,12003931548,125659037,952541,285762,2020-21
GSA CAPITAL PTY LTD,41004948298,586832023,2234103,19434,2020-21
GUARDIAN ALPHABET HOLDCO PTY LTD,54628455103,240263657,,,2020-21
GUCCI AUSTRALIA PTY LIMITED,49093354548,326086498,20509101,6150533,2020-21
GUILD GROUP HOLDINGS LIMITED,72060237774,241812698,,,2020-21
GWA GROUP LIMITED,15055964380,321762727,56929266,15948238,2020-21
H & R BLOCK LIMITED,89064268800,107106440,7546578,2263973,2020-21
H.R.L. MORRISON & CO (AUSTRALIA) PTY LTD,39073922102,109354268,30427151,9128145,2020-21
HAFELE AUSTRALIA PTY LTD,51006021432,138035212,7403845,2221154,2020-21
HALAR INVESTMENTS PTY LTD,96624918949,1454025329,7133251,2139975,2020-21
HALLIBURTON CONSOLIDATED PTY LTD,67101049521,379289122,,,2020-21
HAMILTON & MARINO HOLDINGS PTY LTD,72145812228,402763045,11664002,3499201,2020-21
HANCOCK PROSPECTING PTY LTD,69008676417,8449545492,6269275346,1145092544,2020-21
HANCOCK QUEENSLAND PLANTATIONS PTY LTD,30142129342,234764068,,,2020-21
HANCOCK VICTORIAN PLANTATIONS HOLDINGS PTY LIMITED,16084801178,401813109,,,2020-21
HANKOOK TYRE AUSTRALIA PTY LTD,77082389704,109708392,3873390,1162017,2020-21
HANNOVER LIFE RE OF AUSTRALASIA LTD,37062395484,1875411613,,,2020-21
HANNOVER RUECK SE AUSTRALIAN BRANCH,88002927031,860593598,13568391,1301947,2020-21
HANSEN YUNCKEN PTY LTD,38063384056,1114631650,,,2020-21
HANSON AUSTRALIA (HOLDINGS) PROPRIETARY LIMITED,48090994657,1965886454,209176402,54436105,2020-21
HARDMAN RESOURCES PTY LTD,98009210235,220381113,,,2020-21
HARLEY-DAVIDSON AUSTRALIA PTY LTD,83098483259,157060377,90205,,2020-21
HARRIS COMMUNICATIONS (AUSTRALIA) PTY LTD,88054982151,192228675,32593871,9778161,2020-21
HARVEST ROAD GROUP PTY LTD,31169138014,432683852,,,2020-21
HARVEY NORMAN HOLDINGS LTD,54003237545,1919394332,792807140,235704947,2020-21
HASBRO AUSTRALIA LIMITED,69004348565,167355078,6019631,1805889,2020-21
HASTINGS CO-OP LIMITED,86601035121,103622565,,,2020-21
HATCHCOS HOLDINGS PTY LTD,35072620467,281936722,72040255,19712337,2020-21
HAVAL MOTORS AUSTRALIA PTY LTD,68166119795,153136452,,,2020-21
HAYS SPECIALIST RECRUITMENT (AUSTRALIA) PTY LTD,47001407281,2702130549,85434507,25630352,2020-21
HAZELDENE'S CHICKEN FARM PROPRIETARY LIMITED,72004381346,342640521,19517710,5855313,2020-21
HAZELL BROS GROUP PTY LTD,27088345804,201062890,,,2020-21
HBI HOLDINGS AUSTRALASIA PTY LTD,52612185476,1396539442,90953442,24678659,2020-21
HCL AUSTRALIA SERVICES PTY LIMITED,72081196983,459061648,27973814,8392144,2020-21
HDI GLOBAL SE AUSTRALIA BRANCH,55490279016,335706604,23021961,6906588,2020-21
HDI GLOBAL SPECIALTY SE AUSTRALIAN BRANCH,58129395544,360936582,5909940,1128184,2020-21
HEALIUS LIMITED,24064530516,2059662731,231026817,68960877,2020-21
HEALTHDIRECT AUSTRALIA LTD,28118291044,178273163,,,2020-21
HEARTLAND GROUP PTY LIMITED,96001235392,288883298,14463265,4336018,2020-21
HEAT TO EAT HOLDINGS PTY LTD,22165321237,203843621,2124163,,2020-21
HEINEMANN AUSTRALIA PTY LTD,36159521338,126164284,,,2020-21
HELLMANN WORLDWIDE LOGISTICS PTY LTD,13003199755,226643163,2423954,727167,2020-21
HEMMES GROUP PTY LTD,53105332376,306291965,28538039,8561412,2020-21
HENKEL FINANCE AUSTRALIA,15740196765,414385797,29237952,8771386,2020-21
HENLEY PROPERTIES (QLD) PTY LTD,42068886000,276226633,7238003,2171401,2020-21
HEP AUSTRALIA HOLDINGS PTY LTD,22129428155,191900186,24106409,6987738,2020-21
HERITAGE BANK LIMITED,32087652024,327118817,62816931,18433093,2020-21
HERMES AUSTRALIA PTY LTD,88003558085,210843490,65811342,19743402,2020-21
HERTZ INVESTMENT (HOLDINGS) PTY LTD,,263022977,41019938,12305981,2020-21
HEWLETT-PACKARD SOUTH PACIFIC PTY LTD,94121554489,694720160,19745728,5923718,2020-21
HEXION PTY LTD,32004271827,121306097,1466241,,2020-21
HG HOLDCO PTY LTD,20603088606,204507022,,,2020-21
HICKORY GROUP HOLDINGS LIMITED,11617050914,524910833,7520756,2256227,2020-21
HIGHBROOK HOLDINGS PTY LTD,32157828058,379272208,14280458,4284138,2020-21
HIGHLAND AUTOS PTY LTD,13121604297,137608195,6137509,1841253,2020-21
HILLS LIMITED,35007573417,169856477,,,2020-21
HILLS PET NUTRITION PTY LIMITED,86003954550,139070440,4991254,1497376,2020-21
HILLSIDE (AUSTRALIA NEW MEDIA) PTY LIMITED,75148920665,190385600,,,2020-21
HILTI (AUST.) PTY LIMITED,44007602100,151083765,4132600,1239780,2020-21
HILTON FOODS AUSTRALIA PTY LTD,60613035500,1461271796,36377722,10913317,2020-21
HINDMARSH CONSTRUCTION AUSTRALIA PTY LTD,15126578176,432892140,,,2020-21
HINO MOTOR SALES AUSTRALIA PTY LTD,74064989724,435185723,2322821,696846,2020-21
HISENSE AUSTRALIA PTY LTD,55105022080,397505475,20900376,6270113,2020-21
HITACHI AUSTRALIA PTY LTD,34075381332,202220808,3301698,990510,2020-21
HITACHI CONSTRUCTION MACHINERY (AUSTRALIA) PTY LTD,62000080179,1222503240,157490176,44486372,2020-21
HITACHI CONSTRUCTION MACHINERY OCEANIA HOLDINGS PTY LTD,94632744275,624656426,131891378,14145436,2020-21
HITACHI ENERGY AUSTRALIA HOLDINGS PTY LTD,11632805862,201791326,,,2020-21
HITACHI RAIL STS AUSTRALIA PTY LTD,34068707380,255200930,38946627,11589154,2020-21
HMA INTERNATIONAL LTD,91615451502,123686463,17396250,5218875,2020-21
HOLCIM PARTICIPATIONS (AUSTRALIA) PTY LTD,46122401405,1869034458,20928571,,2020-21
HOLLARD HOLDINGS AUSTRALIA PTY LTD,30154586802,2320769764,,,2020-21
HOLOGIC (AUSTRALIA & NEW ZEALAND) PTY LIMITED,95079821275,160543482,665060,199518,2020-21
HOMETOWN AUSTRALIA HOLDINGS PTY LTD,35614528746,314117781,,,2020-21
HONAN HOLDINGS PTY LTD,31000392727,1357410915,47707106,12253757,2020-21
HONDA AUSTRALIA MOTORCYCLE AND POWER EQUIPMENT PTY LTD,96006662862,313347842,31518494,9455548,2020-21
HONDA AUSTRALIA PTY LTD,66004759611,685061408,43641507,11104670,2020-21
HONEYWELL HOLDINGS PTY LTD,18000383764,814418219,152839586,38782399,2020-21
HOOGWEGT AUSTRALIA PTY LTD,30075457902,177134505,1775220,532566,2020-21
HOPE DOWNS MARKETING COMPANY PTY LTD,58115712117,6769251221,8334485,2500345,2020-21
HORIZON ROADS PTY LTD,67152097875,298968330,,,2020-21
HOSPITAL & REHAB HOLDINGS PTY LTD,35134391067,240870899,26419652,7925896,2020-21
HOUMA HOLDINGS PTY LIMITED,44002590758,247683444,13220187,3966056,2020-21
HOWDEN AUSTRALIA PTY LTD,15004265276,110042223,13319162,3910944,2020-21
HOWE AUTOMOTIVE LIMITED,43061589188,152206951,47035011,12014736,2020-21
HP FINANCIAL SERVICES (AUSTRALIA) PTY LTD,86082062413,146409922,20827101,6248130,2020-21
HSBC AUSTRALIA HOLDINGS PTY LIMITED,22006513873,1366342547,371695523,111508657,2020-21
HT&E LIMITED,95008637643,163344089,10074803,2469081,2020-21
HUAWEI TECHNOLOGIES (AUSTRALIA) PTY LIMITED,49103793380,356698924,,,2020-21
HUB24 LIMITED,87124891685,129826087,22071295,5304145,2020-21
HUDSON HIGHLAND (APAC) PTY LIMITED,14074319396,349229247,44477,,2020-21
HUDSON RPO (AUST) PTY LTD,29622996918,100129141,2742226,822668,2020-21
HUHTAMAKI HOLDINGS PTY LIMITED,13003519257,138410234,12936196,2880807,2020-21
HUHTAMAKI TAILORED PACKAGING PTY LTD,98625661216,119633204,9835899,2950770,2020-21
HUMM GROUP LIMITED,75122574583,323691136,31542503,9132612,2020-21
HUNTER DOUGLAS HOLDINGS LIMITED,47000238451,148913648,11620880,3486264,2020-21
HUON AQUACULTURE GROUP PTY LTD,79114456781,457086536,,,2020-21
HUSQVARNA AUSTRALIA PTY LIMITED,45115475619,206486803,8897482,2669245,2020-21
HUTCHEON AND PEARCE OPERATIONS PTY LTD,68169674033,362748077,25628859,7688658,2020-21
HUTCHISON 3G AUSTRALIA HOLDINGS PTY LIMITED,11096549423,1217201867,,,2020-21
HUTCHISON PORTS AUSTRALIA PTY LIMITED,27126649947,106783179,,,2020-21
HUTCHISON TELECOMMUNICATIONS (AUSTRALIA) LIMITED,15003677227,804107503,,,2020-21
HVO SERVICES PTY LTD,97622522445,135281642,,,2020-21
HWG HOLDINGS PTY LTD,65115398322,593770925,,,2020-21
HWR PETROLEUM PTY LTD,31621081990,282027582,,,2020-21
HYDRA RL TOPCO PTY LTD,36635012323,238036707,,,2020-21
HYDRO ALUMINIUM AUSTRALIA PTY LIMITED,42001872215,191258414,,,2020-21
HYSTER-YALE AUSTRALIA HOLDING PTY LTD,26101464073,140264062,,,2020-21
HYUNDAI MOTOR COMPANY AUSTRALIA PTY LTD,58008995588,1750584778,48730820,14619246,2020-21
IAN WEIGH MOTORS PTY LTD & WEIGH PROPERTY INVESTMENTS PTY LTD PROPERTY INVESTMENTS PTY LTD,90148491233,131213390,8009721,2402774,2020-21
IBM A/NZ HOLDINGS PTY LIMITED,12105319248,2726406187,137414637,25677674,2020-21
ICHTHYS LNG PTY LTD,42150217299,6106449154,,,2020-21
IDEMITSU AUSTRALIA RESOURCES PTY LTD,45010236272,1208480449,,,2020-21
IDEXX LABORATORIES PTY LTD,31063154352,118258268,17331284,5199385,2020-21
IDP EDUCATION LIMITED,59117676463,480006112,61326068,7913205,2020-21
IFF AUSTRALIA HOLDINGS PTY LTD,78098655335,118316744,16508831,4722689,2020-21
IFM SOCIAL INFRASTRUCTURE HOLDING TRUST,40337513753,240652662,32311492,9213448,2020-21
IGNITE LIMITED,43002724334,115842231,,,2020-21
IGO LIMITED,46092786304,1475444791,584510829,170756180,2020-21
IKEA PTY LTD,84006270757,1624551867,39973073,11991922,2020-21
ILUKA RESOURCES LIMITED,34008675018,3114978097,363674312,90687005,2020-21
IMAGE RESOURCES NL,57063977579,177403266,,,2020-21
IMB LTD,92087651974,220106737,44696415,13404912,2020-21
IMC PACIFIC HOLDINGS PTY LIMITED,83099273819,603989827,72290000,19832652,2020-21
IMCD AUSTRALASIA INVESTMENTS PTY LTD,89149016222,289677320,23140963,6939907,2020-21
IMDEX LIMITED,78008947813,164433493,31469024,1590243,2020-21
IMMER (NO 141) PTY LTD,17002617745,787418471,54307178,16292153,2020-21
IMPERIAL TOBACCO AUSTRALIA LIMITED,46088148681,533250080,21207829,6362349,2020-21
INCHCAPE AUSTRALIA LIMITED,50050035277,871797527,28329579,,2020-21
INCHURCH AUTOMOTIVE PTY LTD,74137048474,203776661,7726707,2318012,2020-21
INCITEC PIVOT LIMITED,42004080264,3199996888,141356893,28035410,2020-21
INDORAMA VENTURES HOLDINGS PTY LTD,13635578960,145583108,,,2020-21
INDUSTRIAL AND COMMERCIAL BANK OF CHINA LIMITED,57086866506,1741969519,139988809,41995729,2020-21
INDUSTRY SUPER HOLDINGS PTY LTD,71119748060,736129172,44191665,12185070,2020-21
INEX INDEPENDENT EXTRUSIONS LIMITED PARTNERSHIP,58515316810,112832782,5462866,1638860,2020-21
INFO MANAGEMENT SERVICES PTY LTD,88119821457,121278164,11501945,3398176,2020-21
INFOSYS TECHNOLOGIES LIMITED,52090591209,759594844,243038911,44025849,2020-21
INFRASTRUCTURE SUPPLY HOLDINGS PTY LTD,13622618053,212988963,19336996,5801099,2020-21
ING AUSTRALIA HOLDINGS LIMITED,27008459596,2742954314,759333376,227800013,2020-21
ING BANK NV (SYDNEY BRANCH),32080178196,197263637,,,2020-21
INGENIA COMMUNITIES HOLDINGS LIMITED,92154444925,129783313,12049865,3614960,2020-21
INGENIA COMMUNITIES MANAGEMENT TRUST,99296784351,202631373,,,2020-21
INGENICO INTERNATIONAL (PACIFIC) PTY LTD,46003211514,139852143,,,2020-21
INGHAMS GROUP LIMITED,39162709506,2669986303,120903258,35640494,2020-21
INGRAM MICRO HOLDINGS (AUSTRALIA) PTY LTD,12112487322,2335133072,,,2020-21
INPEX AUSTRALIA PTY LTD,79134715254,396593491,23232,,2020-21
INPEX HOLDINGS AUSTRALIA PTY LTD,61150217315,3235043398,7728,,2020-21
INSIGHT ENTERPRISES AUSTRALIA PTY LIMITED,47058645677,113675800,5131229,1528039,2020-21
INSIGNIA FINANCIAL LTD,49100103722,1490578738,247678985,66583842,2020-21
INSPIRATIONS PAINT STORE (HOLDINGS) LTD,94080617036,106938529,5324435,1597330,2020-21
INSURANCE AUSTRALIA GROUP LIMITED,60090739923,16233517310,,,2020-21
INSURANCE AUSTRALIA LTD AAF NON-RESIDENT REINSURERS,,215086882,215086882,64526065,2020-21
INSURANCE MANUFACTURERS OF AUSTRALIA PTY LTD,93004208084,4580856328,705724226,209811702,2020-21
INTEGA GROUP LIMITED,72633194920,133088984,,,2020-21
INTEGRAL DIAGNOSTICS LIMITED,55130832816,304823910,42429780,12705632,2020-21
INTEGRATED FOODS HOLDINGS PTY LTD,42603619692,1837076281,21428571,,2020-21
INTEGRIA HEALTHCARE (AUSTRALIA) PTY LTD,70096496212,190103141,4707458,1403109,2020-21
INTERACTIVE PTY. LIMITED,17088952023,216194719,5992694,1797808,2020-21
INTERFACE AUST HOLDINGS PTY LIMITED,68074804381,101847156,6786984,1844010,2020-21
INTERFLOW HOLDINGS PTY LIMITED,64097822592,205570886,,,2020-21
INTERNATIONAL LIVESTOCK EXPORT PTY LTD,54009400846,284338456,8214603,2245767,2020-21
INTERNATIONAL POWER (AUSTRALIA) HOLDINGS PTY LTD,70105041209,1448111863,,,2020-21
INTERNATIONAL SOS (AUSTRALASIA) PTY LTD,83052247104,164109215,,,2020-21
INTERNET SERVICES AUSTRALIA 1 PTY LTD,50152631082,426518664,,,2020-21
INTERPUBLIC AUSTRALIA HOLDINGS PTY LTD,20140379335,188655576,11704061,3504390,2020-21
INTERTEK AUSTRALIA HOLDINGS PTY LTD,74124892879,123266722,3986945,,2020-21
INVESTEC HOLDINGS AUSTRALIA LIMITED,49071292567,117533830,,,2020-21
INVETECH PTY LTD,45004301839,145767100,,,2020-21
INVOCARE LIMITED,42096437393,427846834,19733795,5870860,2020-21
IOR TERMINALS (PORT BONYTHON) PTY LTD,66155097242,260878827,,,2020-21
IPH LIMITED,49169015838,240384645,45872776,12683956,2020-21
IQVIA SOLUTIONS AUSTRALIA HOLDINGS PTY LTD,42104475363,241366802,35906874,3776872,2020-21
IRESS LIMITED,47060313359,346781358,51394634,13899737,2020-21
IRI (APAC HOLDINGS) PTY LTD,13165572761,104307991,5116679,,2020-21
IRON MOUNTAIN ACQUISITION HOLDINGS PTY LTD,20608590521,194144102,,,2020-21
ISELECT LIMITED,48124302932,114705307,5613180,,2020-21
ISUZU AUSTRALIA LIMITED,97006962572,721149377,35088252,10526476,2020-21
ISUZU UTE AUSTRALIA PTY LTD,80129563739,969456027,28603056,8580917,2020-21
ITI (HOLDCO) PTY LIMITED,60627628120,423514276,26283250,7884975,2020-21
ITOCHU AUSTRALIA LIMITED,63000192790,4301628638,1828719700,365969310,2020-21
IVE GROUP LIMITED,62606252644,662545170,40502979,12148491,2020-21
IWATANI AUSTRALIA PTY LTD,85008902841,107785496,,,2020-21
IX INFRASTRUCTURE PTY LTD,78629750401,904237333,47326577,13958505,2020-21
J & V MCGRATH HOLDINGS PTY LTD,81122411778,230627819,7382205,2214662,2020-21
J HUTCHINSON PTY LTD,52009778330,2677904458,,,2020-21
J RAY MCDERMOTT (AUST) HOLDING PTY LTD,22002797668,343928696,21046356,1811203,2020-21
J&F AUSTRALIA PTY LTD,72150917285,691690154,867085,260126,2020-21
J. CORDINA INVESTMENTS PTY LTD,99000528281,340211419,,,2020-21
J. J. RICHARDS & SONS PTY LTD,40000805425,992498233,160436007,42279913,2020-21
J.F. HILLEBRAND AUSTRALIA PTY LIMITED,58079446905,135514031,5991537,1797461,2020-21
J.P. MORGAN AUSTRALIA GROUP PTY LIMITED,54104888155,787342886,373769269,112130781,2020-21
JACOBS AUSTRALIA PTY LIMITED,12079749287,789774698,68884133,,2020-21
JADE KING HOLDINGS PTY LTD,86611994917,223448733,5157723,1547317,2020-21
JADESTONE ENERGY (AUSTRALIA) PTY LTD,48613671819,347378650,48585126,14575538,2020-21
JAGUAR LAND ROVER AUSTRALIA PTY LTD,86004352238,574342548,,,2020-21
JAMES HARDIE RESEARCH (HOLDINGS) PTY LIMITED,51082944821,509564905,,,2020-21
JANART HOLDINGS PTY LTD,13092037262,285519750,12472922,3725342,2020-21
JANGHO HEALTH CARE AUSTRALIA PTY LTD,90608040802,134243985,23311144,6557982,2020-21
JAPAN ALUMINA ASSOCIATES (AUSTRALIA) PTY LTD,42008907524,194462412,,,2020-21
JAPAN AUSTRALIA LNG (MIMI) PTY LTD,18006303180,1274510098,584645444,173603524,2020-21
JAPARA HEALTHCARE LIMITED,54168631052,438793636,,,2020-21
JAQUES INTERNATIONAL HOLDING PTY LTD,57004075978,235850427,26221727,7726104,2020-21
JAROOKA PTY LTD,23002555839,220435724,7358124,2207213,2020-21
JAYCAR PTY LTD,65000087936,220976140,43140166,12942050,2020-21
JB HI-FI LIMITED,80093220136,8677336272,754245686,226273543,2020-21
JBX PTY LTD,52134120139,458825210,159522061,47856618,2020-21
JCDECAUX AUSTRALIA HOLDINGS PTY LTD,50627855323,252265922,,,2020-21
JD SPORTS FASHION HOLDINGS AUSTRALIA PTY LIMITED,15614248332,307028156,50515404,15154621,2020-21
JELD-WEN AUSTRALIA PTY LIMITED,62087012226,715586293,56568262,16332712,2020-21
JELLINBAH GROUP PTY LTD,54010754793,1284364427,340778003,101947942,2020-21
JENNMAR AUSTRALIA PTY LTD,34078584531,143480565,3464858,498157,2020-21
JERA AUSTRALIA PTY LTD,68140147048,111985644,8236695,,2020-21
JET AVIATION AUSTRALIA PTY LTD,94001540316,218368447,24334749,7300425,2020-21
JFC AUSTRALIA CO PTY LTD,36003080260,182848927,10482451,3144735,2020-21
JG KING BUILDING GROUP PTY LTD,38142687554,231240108,,,2020-21
JINKO SOLAR AUSTRALIA HOLDINGS CO. LTD,93154662889,181793838,,,2020-21
JJ O'CONNOR & SONS PTY LTD,33005242142,225744308,16398412,4919524,2020-21
"JLG PACIFIC HOLDINGS, INC.",52634889884,128683206,11431004,3429301,2020-21
JMC AUTOMOTIVE GROUP PTY LTD (JACKSON FORD) FORD),83009479190,306425497,19919774,5975932,2020-21
JOHN SWIRE & SONS (AUSTRALIA) PTY LTD,54118028774,426013116,19645712,5893714,2020-21
JOHNSON & JOHNSON PTY LIMITED,29000023709,1321431380,160724492,42894970,2020-21
JOHNSON CONTROLS HOLDING AUSTRALIA PTY LIMITED,86102631158,383115090,4426233,685013,2020-21
JOLIMONT DEVELOPMENT FINANCE PTY LTD,94094356779,948253777,60100744,16771275,2020-21
JOWETT MOTOR GROUP HOLDING CO PTY LTD,,340307306,7607200,2282160,2020-21
JOY GLOBAL AUSTRALIA HOLDING COMPANY PTY LTD,70059870058,547651527,,,2020-21
"JPMORGAN CHASE BANK, NATIONAL ASSOCIATION",43074112011,496249965,35890621,10767186,2020-21
J-POWER AUSTRALIA PTY. LTD.,59002307682,309885353,,,2020-21
JUDO CAPITAL HOLDINGS LIMITED,71612862727,177665715,,,2020-21
JUNIPER NETWORKS AUSTRALIA PTY LIMITED,36091016312,157331740,7907883,2372365,2020-21
JUST EAT (ACQUISITIONS) PTY LIMITED,52605645547,270410787,,,2020-21
JWH GROUP PTY LTD,84098664709,239704583,,,2020-21
K&S CORPORATION LIMITED,67007561837,573665084,5983780,1795134,2020-21
KA & MD INVESTMENTS PTY. LTD.,40120126589,299199994,19617839,5885352,2020-21
KAEFER INTEGRATED SERVICES PTY LTD,83009046191,213968470,357022,107107,2020-21
KAGERA PTY LTD,58008478797,269423950,19536896,5568966,2020-21
KAIZEN MOTORS PTY LTD,67603805278,284240136,11277612,3383284,2020-21
KAJIMA AUSTRALIA PTY LTD,52604351966,979825345,,,2020-21
KANSAI ELECTRIC POWER HOLDINGS AUSTRALIA PTY LTD,57601296226,210572820,21901221,,2020-21
KANTAR INSIGHTS AUSTRALIA PTY LTD,84106925866,110772411,,,2020-21
KAPLAN AUSTRALIA HOLDINGS PTY LTD,30117261980,137351679,,,2020-21
KARARA MINING LIMITED,68070871831,1543698145,,,2020-21
KAROON ENERGY LTD,53107001338,229188939,14344501,4303350,2020-21
KARORA RESOURCES PTY LTD,74633381218,234078567,,,2020-21
KATHMANDU PTY LTD,84007047547,491869695,42137018,11156378,2020-21
KAWASAKI MOTORS PTY LIMITED,79002840315,109941375,7932326,2379698,2020-21
KB AUSTRALIA HOLDING PTY LTD,16610219380,525195166,662655,198796,2020-21
KBR HOLDINGS PTY LTD,32093419277,449749560,43220800,12255121,2020-21
KEANE AUSTRALIA PTY LTD,97114227173,100807282,48572001,14571600,2020-21
KEEMA HOLDINGS PTY LTD,28097123389,228638877,16188204,4856461,2020-21
KELLER AUSTRALIA PTY LIMITED,61081279932,298797294,,,2020-21
KELLOGG AUSTRALIA HOLDINGS PTY LTD,59102893952,475910658,40609161,9892984,2020-21
KELSIAN GROUP LIMITED,49109078257,956458786,69158614,20747584,2020-21
KENNARDS HIRE PTY LIMITED,69001740727,393964337,43689651,13070136,2020-21
KENNARDS SELF STORAGE PTY LIMITED,57001805036,557262097,75668760,22593332,2020-21
KEOLIS DOWNER PTY LTD,51165343680,1160902005,,,2020-21
KERRY INGREDIENTS AUSTRALIA PTY LTD,47072996895,221621942,4243287,754879,2020-21
KESTREL COAL GROUP PTY LTD,70624655518,694048685,,,2020-21
KEYSTONE FOODS PTY LIMITED,83077185481,175073028,3368387,931452,2020-21
KFC ADCO LIMITED,22083047992,128123462,2960530,888159,2020-21
KIA AUSTRALIA PTY LTD,97110483353,1460435511,70877437,21263231,2020-21
KIMBERLY CLARK PACIFIC HOLDINGS PTY LIMITED,59095905294,1097377081,36774717,5770726,2020-21
KIN GROUP PTY LTD,11095313714,357386820,19688370,,2020-21
KIN POWER GROUP PTY LTD,18623522467,206274530,,,2020-21
KINETIC IT PTY LTD,97072941943,220362999,25501498,7650449,2020-21
KINETIC TCO PTY LTD,20601251067,276105411,,,2020-21
KINGSPAN HOLDINGS AUSTRALIA PTY LTD,81107982098,132573279,5740174,1722052,2020-21
KIRKLAND LAKE GOLD AUSTRALIA PTY LTD,30136505587,1650311705,1178109950,351097095,2020-21
KJTC PTY LTD,53156406138,464125824,135639306,,2020-21
KKKK PTY LTD,18062618964,404566132,18395643,5518693,2020-21
KNAUF GYPSUM PTY LTD,84004231976,505829261,62895569,12368528,2020-21
KNIGHT FRANK AUSTRALIA HOLDINGS PTY LTD,28114923938,151405217,10224748,2979099,2020-21
KNORR-BREMSE AUSTRALIA PTY LTD,31092562671,244484574,17917002,5375101,2020-21
KOBELCO CONSTRUCTION MACHINERY AUSTRALIA PTY LIMITED,89097852296,132055889,7400636,2220191,2020-21
KOCH FERTILISER AUSTRALIA PTY LTD,44140582369,287091271,,,2020-21
KOGAN AUSTRALIA PTY LTD,53152570351,679745514,11972244,3591673,2020-21
KOGAS AUSTRALIA PTY LTD,42130065682,704014879,,,2020-21
KOMATSU MARKETING SUPPORT AUSTRALIA PTY LTD,63053514739,2531815942,140624371,42187311,2020-21
KONE HOLDINGS (AUSTRALIA) LIMITED,51003986436,509742754,33575858,10072757,2020-21
KONICA MINOLTA BUSINESS SOLUTIONS AUSTRALIA PTY LTD,50001065096,202834946,,,2020-21
KOPPERS AUSTRALIA HOLDING COMPANY PTY LTD,19104645301,234655024,31297816,9389345,2020-21
KORDIA PTY LIMITED,33062953940,145939485,,,2020-21
KORN FERRY (AU) PTY LTD,73001804799,101212363,10389632,3063665,2020-21
KPMG HOLDINGS (AUSTRALIA) PTY LTD,34064067241,203763076,,,2020-21
KRAFT HEINZ AUSTRALIA PTY LIMITED,64622234379,836656074,8846907,898858,2020-21
KRISPY KREME HOLDINGS PTY LIMITED,71134222727,101535438,10046718,3014015,2020-21
KTM AUSTRALIA HOLDING PTY LTD,49112854850,170796468,1544429,463329,2020-21
KUBOTA AUSTRALIA PTY LTD,72005300621,502592777,43005324,12901597,2020-21
KUEHNE & NAGEL PTY LTD,70000871607,503431108,13949835,4184950,2020-21
KUFPEC AUSTRALIA PTY LTD,42001800924,1129403250,,,2020-21
KUMHO TYRE AUSTRALIA PTY LTD,46003300678,125784476,1929303,578791,2020-21
KYOCERA DOCUMENT SOLUTIONS AUSTRALIA PTY LTD,77003852444,109988847,2753125,825938,2020-21
KYUSHU ELECTRIC AUSTRALIA PTY LTD,54152417260,113538705,,,2020-21
L.U. SIMON BUILDERS PTY LTD,38006137220,245048721,7047462,2114239,2020-21
L1 CAPITAL PTY LTD,21125378145,238413301,220958244,66287113,2020-21
L1 LONG SHORT FUND LIMITED,47623418539,915858781,66612349,10254303,2020-21
L3 AUSTRALIA GROUP PTY LTD,47119831819,222581019,33843287,9033185,2020-21
LACTALIS AUSTRALIA FINANCE PTY LTD,17163435103,2274317556,51806039,15541812,2020-21
LAING O'ROURKE AUSTRALIA GROUP PTY LIMITED,36001333900,1638297360,27188086,6359561,2020-21
LAKE WOOD HOLDINGS PTY LIMITED,83134351134,224999659,,,2020-21
LAMANNA PREMIER GROUP PTY LTD,87004843556,379393028,,,2020-21
LANCO RESOURCES AUSTRALIA PTY LTD,30147835452,505830010,,,2020-21
LANDIS & GYR HOLDINGS PTY LTD,82098539587,119459662,,,2020-21
LANDPOWER AUSTRALIA PTY LTD,52005851801,193670188,11824979,3547494,2020-21
LANTRAK PTY LTD,14163639727,256668425,,,2020-21
LATITUDE GROUP HOLDINGS LIMITED,83604747391,565237136,23358413,3512535,2020-21
LATRAN CAPITAL PTY LTD,76615781185,321189776,1121976,336593,2020-21
LATROBE VALLEY POWER (HOLDINGS) PTY LTD,57621363102,453052554,111630973,31858126,2020-21
LAWCOVER INSURANCE PTY LIMITED,15095082509,108784612,2615328,648204,2020-21
LAWRENCE AND HANSON GROUP PTY LTD,69080350812,933110128,,,2020-21
LAZARD ASSET MANAGEMENT PACIFIC CO,13064523619,150313779,21613275,6483982,2020-21
LB AUSTRALIA HOLDINGS PTY LTD,96165597482,650562995,145906236,43193308,2020-21
LEADER COMPUTERS PTY LTD,24093139354,480807111,41108480,12332544,2020-21
LEASEPLAN AUSTRALIA LIMITED,57006923011,504903334,28971776,8691533,2020-21
LEGO AUSTRALIA PTY LTD,42001540914,420031979,13211425,3963428,2020-21
LEGRAND GROUP PTY LIMITED,41000565739,148152847,18018727,4089624,2020-21
LEICA GEOSYSTEMS PTY LIMITED,18000112765,105797568,29064181,7747287,2020-21
LEIDOS AUSTRALIA PTY LIMITED,79612590155,566604299,63704951,19111485,2020-21
LEMPRIERE (AUSTRALIA) PTY LTD,27004386841,191955305,1443421,741,2020-21
LENDLEASE CORPORATION LTD,32000226228,6590126973,132019747,8058504,2020-21
LENOVO (AUSTRALIA & NEW ZEALAND) PTY LIMITED,70112394411,1020925301,28128270,8438481,2020-21
LENOVO GLOBAL TECHNOLOGY (AUSTRALIA & NEW ZEALAND) PTY LTD,90614012985,193185248,,,2020-21
LEONARDO HOLDCO PTY LTD,63629681116,573843671,17884790,5365437,2020-21
LEONE FAMILY HOLDINGS PTY LTD,69618356586,683712579,16250968,4875290,2020-21
LEPGF PTY LTD,82640391868,2802503183,60533883,14448096,2020-21
LES CREUX AUSTRALIA PTY LTD,70147912187,120557674,12026930,3608079,2020-21
LFG 17 PTY LIMITED,45146006000,502093546,,,2020-21
LFG 22 PTY LIMITED,99146005987,502093546,,,2020-21
LFG 6 PTY LIMITED,97146005978,502093546,,,2020-21
LG ELECTRONICS AUSTRALIA PTY LIMITED,98064531264,947746462,23492319,7047696,2020-21
LIBERTY FINANCIAL GROUP LIMITED,59125611574,525604535,83232510,24273573,2020-21
LIBERTY HOLDINGS AUSTRALIA LTD,16627011938,6425359914,447544570,112921303,2020-21
LIBERTY MUTUAL INSURANCE COMPANY,61086083605,386282139,28161886,8448566,2020-21
LIEBHERR-AUSTRALIA PTY LTD,65007970452,1083830603,90491976,27147593,2020-21
LIFESTYLE COMMUNITIES LIMITED,11078675153,247480674,20176134,6052840,2020-21
LINCOLN GAP OPERATIONS PTY LTD,35613910204,102188039,,,2020-21
LINDE MATERIAL HANDLING PTY LIMITED,62000768776,247413116,3002300,900690,2020-21
LINDSAY AUSTRALIA LIMITED,81061642733,453422153,,,2020-21
LINDT & SPRUNGLI (AUSTRALIA) PTY LTD,43079224892,222812485,9303575,2791072,2020-21
LINEAGE AP HOLDINGS PTY LTD,27637083544,219593561,,,2020-21
LINK ADMINISTRATION HOLDINGS LIMITED,27120964098,677647393,154924970,45847034,2020-21
LINKEDIN SINGAPORE PTE. LTD.,73615253408,118901467,17778339,5333502,2020-21
LION PTY LIMITED,50128004268,2831073655,,,2020-21
LITE N' EASY PTY LTD,33010655820,257035737,29145319,4329311,2020-21
LIVE WELL & FREE PTY LTD,35633993441,425767157,944815,283444,2020-21
LIVE-IN LEARNING OPERATIONS PTY LTD,20633163096,114588385,,,2020-21
LLOYD HELICOPTER SERVICES PTY LTD,45058277491,146597991,,,2020-21
LOAN MARKET GROUP PTY LTD,83105221967,517560834,4493809,,2020-21
LOC GLOBAL PTY LTD,53637527541,445662944,270430,81129,2020-21
LOCKHEED MARTIN AUSTRALIA PTY LIMITED,30008425509,566646853,53056236,14891253,2020-21
LOGICALIS AUSTRALIA PTY LIMITED,67089914581,116860647,2143957,538161,2020-21
LOGISTIK PTY LTD,16150595421,140806455,9407351,2822205,2020-21
LOREAL AUSTRALIA PTY LTD,40004191673,665703590,121949035,36584711,2020-21
LOSCAM HOLDINGS AUSTRALIA PTY LTD,46144845867,136404965,42890003,12828528,2020-21
LOUIS DREYFUS COMPANY MELBOURNE HOLDINGS PTY LTD,18161877185,390891119,,,2020-21
LOUIS VUITTON AUSTRALIA PTY LTD,41005918678,483496535,86604152,25981246,2020-21
LOVISA HOLDINGS LIMITED,34602304503,194451316,43327075,12428711,2020-21
LOWES MANHATTAN PTY LTD,31000307666,268793442,42952731,12885446,2020-21
LOYALTY PACIFIC PTY LTD,82057931334,358536041,,,2020-21
LPI (AUSTRALIA) HOLDINGS PTY LIMITED,81084042473,1296832518,47752551,14207849,2020-21
LR TRADING PTY LIMITED,33003068166,209736601,1902326,570698,2020-21
LSH AUTO (MELBOURNE) PTY LIMITED,77618554635,786038710,5099816,1529945,2020-21
LUBRIZOL INTERNATIONAL INC,52073495603,132439589,11700227,3510068,2020-21
LUERSSEN AUSTRALIA PTY LTD,39618700637,218827416,26111505,7833452,2020-21
LULULEMON ATHLETICA AUSTRALIA PTY LTD,45110186233,195759282,20118385,6035516,2020-21
LUXOTTICA SOUTH PACIFIC HOLDINGS PTY LTD,58104629772,831506708,126771407,38031422,2020-21
LUYE AUSTRALIA HOLDINGS PTY LTD,98609669472,964772249,,,2020-21
LWAM HOLDINGS PTY LTD,48627060682,283528209,3026131,907839,2020-21
LYCOPODIUM LIMITED,83098556159,165004551,28194926,6887739,2020-21
LYNAS RARE EARTHS LIMITED,27009066648,144854800,,,2020-21
LYNCH GROUP HOLDINGS LIMITED,35608543219,315395509,29475136,8795305,2020-21
LYONDELLBASELL AUSTRALIA (HOLDINGS) PTY LTD,74066270237,238046837,,,2020-21
M J LUFF PTY LTD,52001001850,350602935,114130,,2020-21
MA FINANCIAL GROUP LIMITED,68142008428,168344264,38539224,11556576,2020-21
MACA MINING PTY LTD,22102886064,938972510,,,2020-21
MACH ENERGY AUSTRALIA PTY LTD,34608495441,494041589,,,2020-21
MACKAY SUGAR LIMITED,12057463671,370081046,,,2020-21
MACKELLAR MINING PTY LTD,81150919761,220560660,,,2020-21
MACMAHON HOLDINGS LIMITED,93007634406,1092600363,,,2020-21
MACQUARIE GLOBAL SERVICES PRIVATE LIMITED,,138383919,3208381,962514,2020-21
MACQUARIE GROUP LIMITED,94122169279,13530563583,1707597517,416498990,2020-21
MACQUARIE TELECOM GROUP LIMITED,72056712228,285169938,,,2020-21
MACSTEEL INTERNATIONAL AUSTRALIA PTY LTD,94000904978,274065339,5829006,1748702,2020-21
MADER CONTRACTING PTY LTD,36114021537,231045313,19570482,5871145,2020-21
MAERSK DRILLING AUSTRALIA PTY LTD,55106414108,117227340,6979793,2093938,2020-21
MAGELLAN FINANCIAL GROUP LIMITED,59108437592,715011844,384984929,114953982,2020-21
MAGNITE HOLDINGS PTY LTD,49607240791,130407382,3449003,1033322,2020-21
MAINBRACE CONSTRUCTIONS PTY LIMITED,45002970658,373532595,17088941,5126682,2020-21
MAINFREIGHT HOLDINGS PTY LTD,24084637605,980187268,63672562,19101769,2020-21
MAKITA (AUSTRALIA) PTY LIMITED,57001117335,463072179,18813370,5644011,2020-21
MALPINEC PTY LTD,81601510525,232911276,299121,89736,2020-21
MALTEUROP AUSTRALIA PTY LTD,48068420244,120685009,7447002,2234100,2020-21
MAMMOET AUSTRALIA PTY LTD,77075483644,166445895,,,2020-21
MANDALAY RESOURCES AUSTRALIA PTY LTD,38005482815,140941809,40065029,9526594,2020-21
MANPOWER SERVICES (AUSTRALIA) PTY LIMITED,15071884994,528997110,,,2020-21
MARCOPOLO AUSTRALIA HOLDINGS PTY LTD,23154692001,140291687,3006531,901959,2020-21
MARINE POWER INTERNATIONAL PTY LTD: AUSTRALIAN BRANCH,25003100007,116407462,12193275,3657982,2020-21
MARMON CONSTRUCTION SERVICES (AUSTRALIA) HOLDINGS PTY LTD,38154626954,246551071,7218779,2165634,2020-21
MARQUIS MACADAMIAS LTD,93002607972,174685010,,,2020-21
MARQUIS MARKETING PTY LTD,76147689987,251033460,,,2020-21
MARRON GROUP HOLDINGS PTY LTD,71631941403,1196392874,1071587,,2020-21
MARS WRIGLEY AUSTRALIA HOLDINGS PTY LTD,68133509930,1751659953,193064247,54445621,2020-21
MARSH MERCER HOLDINGS (AUSTRALIA) PTY LTD,86097026812,1132337957,172816232,50612213,2020-21
MARSH PTY LTD AS AGENTS FOR NON RESIDENT INSURERS,,140786543,140786543,42235963,2020-21
MARTIN-BROWER AUSTRALIA HOLDINGS PTY LTD,91156502251,1505114094,5817927,1745378,2020-21
MARTINUS RAIL PTY LTD,90117147645,330294555,,,2020-21
MARUBENI AUSTRALIA LIMITED,53000329699,1763929847,223934970,3370528,2020-21
MARUBENI ITOCHU STEEL OCEANIA PTY LTD,78098025506,106790311,2259307,677792,2020-21
MARUBENI-ITOCHU TUBULARS OCEANIA PTY LTD,87077953827,161122800,9592644,2873305,2020-21
MASTERCARD AUSTRALIA HOLDING PTY LTD,83143337722,262971597,,,2020-21
MASTERTON CORPORATION HOLDING COMPANY PTY LIMITED,56055692825,247063487,11979904,3593971,2020-21
MATRAD PTY LTD,27011019088,158989848,,,2020-21
MATTEL PTY LTD,60000660962,131996033,4448115,1334435,2020-21
MAULES CREEK MARKETING PTY LTD,73140534256,110413584,,,2020-21
MAURICE BLACKBURN PTY LTD,21105657949,240525955,,,2020-21
MAXCON CONSTRUCTIONS PTY LTD,69152259820,212643742,21409719,6422916,2020-21
MAXIGENES PTY LTD,52150321770,214034053,44617174,13385152,2020-21
MAXIMUS AUSTRALIA HOLDING COMPANY PTY LTD,91608016128,326170659,40079324,11983573,2020-21
MAXIPARTS LIMITED,58006797173,367706557,3751429,,2020-21
MAXI-TANKERS PTY LTD,22117406934,398855025,3503400,1051020,2020-21
MAYFLOWER ENTERPRISES PTY LTD,48607181662,369544741,32586800,4679795,2020-21
MAYNE PHARMA GROUP LTD,76115832963,103316071,11847503,,2020-21
MAZDA AUSTRALIA PTY LTD,78004690804,3081359020,137908242,41334934,2020-21
MCCAIN FOODS (AUST) PTY LTD,96000629587,746507391,22929250,6867193,2020-21
MCCORMICK FOODS AUSTRALIA PTY LTD,62004763259,235859641,29213619,8764086,2020-21
MCDONALD JONES HOMES PTY LTD,59089524050,981535421,33752530,10125759,2020-21
MCDONALD'S AUSTRALIAN PROPERTY CORPORATION,55002913555,1837156725,387363520,114814105,2020-21
MCGRATH LIMITED,61608153779,130261677,,,2020-21
MCKINSEY PACIFIC RIM INC,66055131443,470852042,65722849,19589496,2020-21
MCMAHON SERVICES AUSTRALIA PTY LTD,75097072565,378651661,28105501,8089594,2020-21
MCMILLAN SHAKESPEARE LIMITED,74107233983,489745085,75113522,22532142,2020-21
MCNAB DEVELOPMENTS (QLD) PTY LTD,63118748548,267370485,2267069,680121,2020-21
MCPHERSON'S LIMITED,98004068419,185957766,2452267,710536,2020-21
MEARS GROUP PTY LTD,92149486500,292864724,4285714,,2020-21
MEDIA INNOVATIONS HOLDINGS PTY LTD,21636073884,103394188,,,2020-21
MEDIBANK PRIVATE LIMITED,47080890259,7031193941,619995956,183985711,2020-21
MEDION AUSTRALIA PTY LIMITED,58106611330,215313044,30225193,9067558,2020-21
MEDLINE STELLAR AUSTRALIA PTY LTD,94149963226,204631554,6691465,1999994,2020-21
MEDTRONIC AUSTRALASIA PTY LTD,47001162661,1021893825,88897481,25826831,2020-21
MEIJI DAIRY AUSTRALASIA PTY LTD,34064273418,127856947,421464,126439,2020-21
MEMBERS EQUITY BANK LIMITED,56070887679,815871645,209032075,62709622,2020-21
MENZIES AVIATION HOLDINGS AUSTRALIA PTY LTD,18102031836,224237804,18736066,5619825,2020-21
MERCK HEALTHCARE PTY LTD,72006900830,151336319,16124778,4599413,2020-21
MERCK SHARP & DOHME (HOLDINGS) PTY LTD,57000235245,879901395,109428616,13984619,2020-21
MERITON PROPERTIES PTY LIMITED,49000698626,1280220519,223171836,66949514,2020-21
MERRICKS COMMODITIES TRADING PTY LTD,15155870590,686620955,197135,59140,2020-21
MERRILL LYNCH (AUSTRALASIA) PTY LTD,72075923894,441383941,32453111,9735933,2020-21
MESH & BAR PTY LTD,35084464746,259544573,23111691,6933507,2020-21
METALS X LIMITED,25110150055,175878869,,,2020-21
METAROCK GROUP LIMITED,96142490579,228942069,9134393,2584374,2020-21
METCASH LIMITED,32112073480,16674207606,301803119,87132216,2020-21
METECNO PTY LTD,44096402934,131880508,5827280,1601849,2020-21
METHUSELAH HOLDINGS PTY LTD,45611923383,367181409,32205756,9661727,2020-21
METLIFE INSURANCE LIMITED,75004274882,1235999776,10125411,3007789,2020-21
METRO TRAINS AUSTRALIA PTY LTD,88614061960,2020531563,43207484,12962245,2020-21
METRO TRAINS SYDNEY PTY LTD,54600820737,106780147,1315968,394790,2020-21
METROLL PTY LTD,97001446439,118116690,2399296,719789,2020-21
METROLL QUEENSLAND PTY LTD,17010035266,105800879,3367019,958146,2020-21
METROLL VICTORIA PTY LIMITED,60005505135,173531188,4944361,1483308,2020-21
MEYER TIMBER PTY LTD,54005314321,248523455,10448135,3134440,2020-21
MFF CAPITAL INVESTMENTS LIMITED,32121977884,404753814,13841799,1671179,2020-21
MFS INTERNATIONAL AUSTRALIA PTY LIMITED,68607579537,107718124,37657798,11297339,2020-21
MFS LOGISTICS PTY LIMITED,31125320658,322129061,5215727,1564718,2020-21
MH PREMIUM FARMS HOLDINGS PTY LTD,34125875112,105727670,,,2020-21
MHG HOTEL HOLDING AUSTRALIA PTY LTD,49153049917,391562441,,,2020-21
MHPL INVESTMENTS PTY LTD,17010584031,554835651,29630804,8056741,2020-21
MICHAEL HILL INTERNATIONAL LIMITED,25610937598,420955181,4950805,295876,2020-21
MICHAEL PAGE INTERNATIONAL (AUSTRALIA) PTY LTD,58002872264,155423399,,,2020-21
MICHELIN AUSTRALIA PTY LTD,84006761628,881198000,25251119,6190121,2020-21
MICRO FOCUS AUSTRALIA PTY LTD,73614548346,126255721,2824475,847342,2020-21
MICROSOFT DATACENTER (AUSTRALIA) PTY LIMITED,31163792078,828934738,,,2020-21
MICROSOFT PTY LTD,29002589460,5021135371,336566007,94742221,2020-21
MIDDLEMOUNT COAL PTY LTD,49122348412,385203428,,,2020-21
MIDFIELD MEAT INTERNATIONAL PTY LTD,78065864904,640156936,2455428,736628,2020-21
MIDFIELD TRADING PTY LTD,91090910508,210112755,8611491,2562019,2020-21
MIDLAND 2015 PTY LTD,39606139146,117962377,6645138,1993541,2020-21
MIDWAY LTD,44005616044,259050458,6804127,,2020-21
MIELE AUSTRALIA PTY LIMITED,96005635398,406906936,22151416,6645425,2020-21
MILLELL PTY LTD,17148151213,268470082,,,2020-21
MILLENNIUM SERVICES GROUP LIMITED,11607926787,280693606,14571295,4371388,2020-21
MILLER POHANG COAL COMPANY PTY LTD,99001588209,283614294,,,2020-21
MILTON CORPORATION LIMITED,18000041421,103536460,127909411,4926568,2020-21
MINERAL COMMODITIES LIMITED,39008478653,104985202,2318321,634303,2020-21
MINERAL RESOURCES LIMITED,33118549910,3983541831,1233343947,356391565,2020-21
MINERALOGY INTERNATIONAL LIMITED,39632245446,541941901,286365597,85909635,2020-21
MINJAR GOLD PTY LTD,15119514528,162429627,,,2020-21
MINTEGO PTY LTD,98054957587,212024558,1946171,583851,2020-21
MIPS INSURANCE PTY LTD,81089048359,104822096,29537903,8861371,2020-21
MIRVAC LIMITED,92003280699,1398576186,,,2020-21
MITCHELL SERVICES LTD,31149206333,193203879,,,2020-21
MITEK AUSTRALIA LTD,98004564587,121585790,46285562,13285899,2020-21
MITSUBISHI DEVELOPMENT PTY LTD,17009779873,5148874363,224541161,65174010,2020-21
MITSUBISHI ELECTRIC AUSTRALIA PTY LTD,58001215792,435617759,27317220,8195166,2020-21
MITSUBISHI HEAVY INDUSTRIES AIR CONDITIONERS AUSTRALIA PTY LTD,92133980275,276329281,21663785,6498742,2020-21
MITSUBISHI MOTORS AUSTRALIA LIMITED,53007870395,1897821619,80997724,24299317,2020-21
MITSUI & CO. (AUSTRALIA) LTD,64004349795,7723939297,3824942139,755733172,2020-21
MITSUI MATSUSHIMA INTERNATIONAL PTY LIMITED,72100874600,143931009,10704073,3211222,2020-21
MITSUI SUMITOMO INSURANCE COMPANY LTD,49000525637,118256369,,,2020-21
MITSUI-ITOCHU IRON PTY LTD,84008702761,2434111459,903655911,271096773,2020-21
"MIZUHO BANK, LTD (SYDNEY BRANCH)",83099031106,498061960,167351800,50205540,2020-21
MLC LIMITED,90000000402,1588271919,,40945,2020-21
MLG OZ LIMITED,53102642366,254626291,,,2020-21
MMA OFFSHORE LIMITED,21083185693,162959766,,,2020-21
MMG AUSTRALIA LIMITED,23004074962,979577350,,,2020-21
MML HOLDINGS LIMITED,55084402380,3052637873,226973924,67849877,2020-21
MOBIL PNG GAS HOLDINGS PTY LTD,35008633707,716829775,759243,227773,2020-21
MOBIS PARTS AUSTRALIA PTY LTD,34107778156,145225774,13011982,3903595,2020-21
MOET HENNESSY AUSTRALIA PTY LIMITED,26104454604,232512491,7961645,2388494,2020-21
MOFFAT GROUP PTY LTD,92069691407,159412284,34706761,9917083,2020-21
MONADELPHOUS GROUP LIMITED,28008988547,1654366376,65134914,18309005,2020-21
MONASH IVF GROUP LTD,90169302309,170310908,33740785,10122236,2020-21
MONDE NISSIN (AUSTRALIA) PTY LTD,25169518325,252864311,,,2020-21
MONDELEZ AUSTRALIA GROUP CO PTY LTD,53147371846,1392052385,100899156,28157499,2020-21
MONDIUM PTY LTD,14614369023,339011945,610584,183175,2020-21
MONEY3 CORPORATION LIMITED,63117296143,122686473,50330930,14755631,2020-21
MORELLA CORPORATION LIMITED,39093391774,116610030,,,2020-21
MORGAN PASTORAL PTY LTD,27115390488,300653603,,,2020-21
MORGAN STANLEY AUSTRALIA FINANCE PTY LIMITED,84086080015,633739194,99363534,29809060,2020-21
MORGANS HOLDINGS (AUSTRALIA) LIMITED,80050413682,311698394,26784090,8033237,2020-21
MORPHIC ETHICAL EQUITIES FUND LIMITED,52617345123,124539548,13343763,3922854,2020-21
MORT & CO HOLDINGS LTD,54606165128,625912169,32330395,8577784,2020-21
MORTGAGE CHOICE LIMITED,57009161979,206434189,15532703,3923859,2020-21
MOSAIC BRANDS LIMITED,96003321579,710455974,,,2020-21
MOTA INVESTMENTS PTY LTD,98158946144,196521664,6378901,1913670,2020-21
MOTORCYCLE HOLDINGS LIMITED,29150386995,439675358,40885841,12265752,2020-21
MOTOROLA SOLUTIONS AUSTRALIA PTY LTD,16004742312,324716683,16841838,5052551,2020-21
MOTORONE TOPCO PTY LTD,82613793472,171077317,1158281,39673,2020-21
MOTT MACDONALD AUSTRALIA PTY LTD,13134120353,192304756,34082885,10224866,2020-21
MOTUS AUSTRALIA PTY LTD,79113527263,369532354,6157797,1847339,2020-21
MOUNT GIBSON IRON LIMITED,87008670817,357581862,,,2020-21
MOUNT PRITCHARD & DISTRICT COMMUNITY CLUB LTD,98000458622,173104099,,,2020-21
MOY INVESTMENT PTY LTD,11169154572,541902115,10130163,,2020-21
MP AUSTRALIA HOLDINGS PTY LTD,37156629211,316197078,,,2020-21
MPC KINETIC HOLDINGS LIMITED,68626678911,420622207,58616923,17578371,2020-21
MPD DAIRY PRODUCTS PTY LTD,55001442520,273406425,8489616,2546877,2020-21
MRFF INVESTMENT COMPANY NO. 1 PTY LTD,95610668598,593058621,101086814,30326044,2020-21
MRFF INVESTMENT COMPANY NO.2 PTY LTD,50610668785,596959894,184113899,51530907,2020-21
MSC TRADING PTY LTD,71641828711,250835921,2606905,782072,2020-21
MTHA PTY LTD,92626588789,413601730,1775411,532623,2020-21
MTR CORPORATION (SYDNEY) SMCSW PTY LTD,53615158122,231525926,98220457,29466137,2020-21
"MUFG BANK, LTD.",75103418882,648780209,27398905,8219672,2020-21
MUIR GROUP PTY LTD,16004732656,323675110,14694423,4408327,2020-21
MULAWA HOLDINGS PTY LIMITED,18000259834,547959699,66609704,18950746,2020-21
MULPHA AUSTRALIA LIMITED,44002888039,222626898,,,2020-21
MULTI MARKET SERVICES AUSTRALIA HOLDINGS PTY LTD,50000026228,350696025,27661177,8267035,2020-21
MULTI-COLOR AUSTRALIA HOLDINGS PTY LTD,28129274719,143127534,7703594,2311078,2020-21
MULTIGATE MEDICAL PRODUCTS PTY LTD,98003283529,762718075,255847899,76532875,2020-21
MUNCHENER RUCKVERSICHERUNGS GESELLSCHAFT,90009763526,1511088129,23643473,,2020-21
MUNDIPHARMA PTY LIMITED,87081322509,181770509,25981471,7794441,2020-21
MUNICH HOLDINGS OF AUSTRALASIA PTY LTD,80000159651,1659169598,,,2020-21
MURRAY & ROBERTS PTY LTD,33105617865,1142231447,,,2020-21
MURRAY ENGINEERING PTY LTD,21119603655,110521088,1802979,540894,2020-21
MYER HOLDINGS LIMITED,14119085602,2337398984,61902033,15945224,2020-21
MYLAN AUSTRALIA HOLDING PTY LTD,52127537302,566636093,55488583,16646575,2020-21
MYOB GROUP CO PTY LTD,23630725825,428530274,,,2020-21
MYSALE GROUP PLC,53602567546,119941173,,,2020-21
MYSTATE LIMITED,26133623962,191900000,49362839,14808852,2020-21
N.H.P. HOLDINGS PROPRIETARY LIMITED,21004745644,439719376,37882669,11364801,2020-21
NANDO'S AUSTRALIA PTY LTD,20079066407,224603311,,,2020-21
NAOS EX-50 OPPORTUNITIES COMPANY LIMITED,49169448837,105337392,8514022,2375594,2020-21
NAOS SMALL CAP OPPORTUNITIES COMPANY LIMITED LIMITED,47107617381,107304090,8229533,,2020-21
NASDAQ AUSTRALIA HOLDINGS PTY LTD,15145262371,195474313,75215942,22386948,2020-21
NATIONAL AUSTRALIA BANK LIMITED,12004044937,18326284740,4524511334,1349935574,2020-21
NATIONAL GROUP CORPORATION PTY LTD,32629791153,232912117,,,2020-21
NATIONAL ROADS & MOTORISTS ASSOCIATION LIMITED,77000010506,574783226,19794010,,2020-21
NATIONAL STORAGE HOLDINGS LIMITED,38166572845,212618264,2527798,758339,2020-21
NATIONAL TYRE & WHEEL LTD,97095843020,381966243,16934157,5080247,2020-21
NATURA BRAZIL PTY LTD,41162093030,253336338,83790615,21653970,2020-21
NATURE'S CARE HOLDINGS PTY LTD,62627672306,107981823,1295519,1,2020-21
NAVAL GROUP AUSTRALIA PTY LTD,14605467123,153160484,10142941,3042882,2020-21
NAVAL GROUP S.A.,54162722901,160413278,663892,199168,2020-21
NAVAL SHIP MANAGEMENT (AUSTRALIA) PTY LTD,56158512157,254288614,18828098,5648429,2020-21
NBN CO LIMITED,86136533741,4704537633,,,2020-21
NCIG HOLDINGS PTY LIMITED,98124700483,800916944,,,2020-21
NCR AUSTRALIA PTY LTD,61000003592,218841692,17436314,5228953,2020-21
NEC AUSTRALIA PTY LTD,86001217527,378814520,,,2020-21
NEGU PTY LTD,22637047066,2163959617,3073271661,1471421,2020-21
NELES AUSTRALIA FLOW CONTROL PTY LTD,76637113707,248516086,6064921,1813732,2020-21
NEMO (BC) HOLDCO PTY LTD,13614209880,258818918,,,2020-21
NEP-GTV HOLDCO PTY LTD,34167517660,133576843,,,2020-21
NES FIRCROFT AUSTRALIA PTY LTD,58100091245,177897174,7150586,2145176,2020-21
NESTLE AUSTRALIA LIMITED,77000011316,2442012616,197655952,48955855,2020-21
NETAPP AUSTRALIA PTY LTD,14092499431,251472993,20958855,6287656,2020-21
NETWEALTH GROUP LIMITED,84620145404,144880264,74043234,22203509,2020-21
NETWORK FINANCE COMPANY PTY LTD,17617869511,592330196,1232,370,2020-21
NEW AIM PTY LTD,50115804432,343112856,56044174,16813252,2020-21
NEW CENTENARY PTY LTD,21168183864,349390018,17621706,5286512,2020-21
NEW CENTURY RESOURCES LTD,53142165080,296683869,,,2020-21
NEW HOPE CORPORATION LIMITED,38010653844,1052925714,73298699,21988184,2020-21
NEW ZEALAND MILK (AUSTRALASIA) PTY LTD,23003502654,1810284000,,,2020-21
NEWCASTLE PERMANENT BUILDING SOCIETY LIMITED,96087651992,362691860,60143185,18042956,2020-21
NEWCREST MINING LIMITED,20005683625,4966367606,1317291238,384236621,2020-21
NEWELL AUSTRALIA PTY LTD,68075071233,286869196,1311057,307495,2020-21
NEWFURN FLOOR COVERINGS LTD,63004650668,184623104,2098875,629662,2020-21
NEWGEN KWINANA HOLDINGS PTY LTD,68116576955,185628132,21706876,6512063,2020-21
NEWMONT AUSTRALIA PTY LTD,95099040507,3378934534,805022455,238996039,2020-21
NEWS AUSTRALIA HOLDINGS PTY LIMITED,32105197028,1614907443,141114299,,2020-21
NEXANS AUSTRALIA HOLDING PTY LTD,52122486195,345381586,,,2020-21
NEXTDC LIMITED,35143582521,250441418,,,2020-21
NEXUS DAY HOSPITALS HOLDINGS PTY LTD,75165809101,147514436,6684183,2005255,2020-21
NGP INVESTMENTS NO 1 PTY LTD,80001495352,1117899900,108191683,23726765,2020-21
NH FOODS AUSTRALIA PTY LTD,87001548401,823894541,,,2020-21
NIB HOLDINGS LIMITED,51125633856,2447813736,137424944,40416140,2020-21
NICK SCALI LIMITED,82000403896,366412231,123868780,37155462,2020-21
NIKE AUSTRALIA PTY LTD,99055141743,722918137,9127256,2738177,2020-21
NINE ENTERTAINMENT CO. HOLDINGS LIMITED,60122203892,2148240330,363942476,109165175,2020-21
NINTENDO AUSTRALIA PTY LIMITED,43060566083,566003920,36745400,11023620,2020-21
NIPPON STEEL AUSTRALIA PTY. LIMITED,64001445049,1229832746,870540100,259804987,2020-21
NISSAN MOTOR CO (AUSTRALIA) PTY LTD,54004663156,1664971258,126590644,36581425,2020-21
NOBLEOAK LIFE LIMITED,85087648708,290033780,12250771,3675231,2020-21
NOKIA SOLUTIONS AND NETWORKS AUSTRALIA PTY LTD,74122172365,695339466,21079408,6323822,2020-21
NOLAN MEATS PTY LTD,81096869304,242855681,,,2020-21
NOMURA RESEARCH INSTITUTE AUSTRALIA PTY LTD,40621613385,459653540,47639100,14158346,2020-21
NORCO CO-OPERATIVE LIMITED,17009717417,659410000,12151921,2767254,2020-21
NORCO WHOLESALERS PTY LTD,78003630055,567991362,,,2020-21
NORDEX OCEANIA PTY LTD,22128202102,103812213,,,2020-21
NORGAP PTY LIMITED,34008553955,631178991,61950334,8154403,2020-21
NORITZ AUSTRALIA PTY LTD,71603048308,116026726,7712211,2313663,2020-21
NORMET ASIA PACIFIC PTY LTD,73119159625,107548902,2322409,696723,2020-21
NORRIS ENTERPRISES PTY LTD,92001917853,243385898,25063367,6014725,2020-21
NORSKE SKOG INDUSTRIES AUSTRALIA LIMITED,50003902985,282041615,,,2020-21
NORTH QUEENSLAND EXPORT TERMINAL HOLDINGS PTY LTD,17154644685,307543904,,,2020-21
NORTHERN CO-OPERATIVE MEAT COMPANY LTD,42060208366,162388424,,,2020-21
NORTHERN STAR (SARACEN) PTY LTD,52009215347,1020550361,58787030,17636109,2020-21
NORTHERN STAR RESOURCES LTD,43092832892,4278749857,,,2020-21
NORTHROP GRUMMAN AUSTRALIA PTY LIMITED,78156458981,370864158,1873417,,2020-21
NORTHWESTERN ROADS GROUP PTY LTD,21169328330,545750729,4688099,1406430,2020-21
NORTON GOLD FIELDS PTY LTD,23112287797,437576769,167468454,50240536,2020-21
NOTE PRINTING AUSTRALIA LIMITED,86082630671,110155101,3518057,942115,2020-21
NOUMI LIMITED,41002814235,588231930,,,2020-21
NOV AUSTRALIA PTY LTD,77004449478,100079863,,,2020-21
NOVA AEROSPACE PTY LTD,11090818214,303225991,19802781,5916174,2020-21
NOVARTIS AUSTRALIA PTY LIMITED,81004371224,979496483,84843774,18364927,2020-21
NOVO NORDISK PHARMACEUTICALS PTY LIMITED,40002879996,252649042,10640609,2138975,2020-21
NOVO SHOES GROUP PTY LTD,28090582639,100701591,,,2020-21
NQXT PORT PTY LTD,61150498098,191336254,,,2020-21
NRW HOLDINGS LTD,95118300217,2235778997,,,2020-21
NSC (AUSTRALIA) PTY LTD,71607111268,283991557,37587200,11258224,2020-21
NSW ELECTRICITY NETWORKS FINANCE PTY LTD,66609171913,238117072,,,2020-21
NSW PORTS FINANCE CO PTY LIMITED,83161943497,339363410,,,2020-21
NTI LIMITED,84000746109,122148138,15839465,4751840,2020-21
NTT AUSTRALIA PTY LTD,65003371239,1435853807,958331,,2020-21
NUFARM LIMITED,37091323312,1322675329,15411522,,2020-21
NUTRICIA AUSTRALIA PTY LTD,99076246752,652796027,21731184,6519355,2020-21
NUTRITION & BIOSCIENCES AUSTRALIA PTY LTD,59000716469,163357713,6877212,2063164,2020-21
NXE AUSTRALIA PTY LIMITED,85625190990,2775455094,1376028,,2020-21
NYRSTAR HOBART PTY LTD,49124818113,249969082,,,2020-21
NYRSTAR PORT PIRIE PTY LTD,31008046428,401953965,,,2020-21
O&M HALYARD AUSTRALIA PTY LTD,99623524872,102498563,3538857,1061657,2020-21
OAKBRIDGE PTY LIMITED,67000230419,928324418,84604561,22865050,2020-21
OCWEN ENERGY PTY LTD,44605178578,1108438482,18265826,5479748,2020-21
OFFSHORE REINSURER (BERMUDA) COMPANY LIMITED,68977393511,1194024913,,,2020-21
OJI OCEANIA MANAGEMENT (AUS) PTY LTD,52169111362,140163240,,,2020-21
OKR TECHNICAL SERVICES AUSTRALIA PTY LTD,52612348222,143719032,,,2020-21
OLYMPUS AUSTRALIA PTY LTD,90078493295,185090676,14479722,4343917,2020-21
OMEGA MATERIALS HANDLING PTY LTD,75069624031,273166192,14094011,4228203,2020-21
OMN INVESTMENTS PTY LTD,26119990064,314254686,,,2020-21
OMNI BRIDGEWAY LIMITED,45067298088,144339939,,,2020-21
OMNICOM MEDIA GROUP AUSTRALIA PTY LTD,74129754883,303446546,32462248,9728834,2020-21
OMYA AUSTRALIA PTY LIMITED,97001682533,116215236,8547866,2564360,2020-21
ONE DIVERSIFIED PTY LTD,22632586844,127646736,4314415,1294324,2020-21
ONE STOP WAREHOUSE PTY LTD,46161849323,464967289,9353920,2806176,2020-21
ONEFORTYONE PLANTATIONS HOLDINGS PTY LTD,42159689942,599771716,,,2020-21
ONESUBSEA AUSTRALIA HOLDINGS PTY LTD,82162438333,199618452,10666764,3200029,2020-21
ONLINE EDUCATION SERVICES PTY LTD,75148177959,175754496,36474819,10942446,2020-21
ONSITE RENTAL GROUP LIMITED,42126396852,253521756,,,2020-21
ONTEX MANUFACTURING PTY LTD,16145822528,141809772,3708860,1112658,2020-21
OOH!MEDIA LIMITED,69602195380,411708908,,,2020-21
OPIC AUSTRALIA PTY LTD,66008603487,136559298,,,2020-21
OPTEON GROUP HOLDINGS LIMITED,20616574755,118337088,25562965,7668323,2020-21
OPTIVER AUSTRALIA HOLDINGS PTY LIMITED,35077364286,2029858222,378491563,105173433,2020-21
OPTUS CYBER SECURITY PTY LTD,45625409958,101291523,7035790,2110737,2020-21
ORD MINNETT INVESTMENTS LTD,63635706759,239690338,58450382,17535115,2020-21
ORICA LIMITED,24004145868,2302601159,110693534,,2020-21
ORICA MINING SERVICES PILABRA PTY LTD,65158151369,224806321,,,2020-21
ORIENTAL MERCHANT PTY LTD,34007368925,360491441,31985761,9595728,2020-21
ORIGIN ENERGY LIMITED,30000051696,12982320265,204901426,50793402,2020-21
ORIX AUSTRALIA CORPORATION LIMITED,79002992681,297577703,,,2020-21
ORORA LIMITED,55004275165,929900245,65956341,,2020-21
OSAKA GAS AUSTRALIA PTY LTD,49093246381,174188659,,,2020-21
OSIRIS HOLDINGS PTY LIMITED,29168919391,2354730775,,,2020-21
OTIS ELEVATOR COMPANY PTY LTD,56002873065,319508506,20126179,6037854,2020-21
OTR 330 PTY LTD,86638301649,1417347714,113806,,2020-21
OUTDOOR SUPACENTRE PTY LIMITED,30609212624,327230980,42408423,12722527,2020-21
OUTOTEC PTY LTD,74003491165,601682141,16075862,4411000,2020-21
OUTSOURCING OCEANIA HOLDINGS PTY LIMITED,20628356141,622531197,20956761,6286205,2020-21
OVATO LIMITED,39050148644,420958094,,,2020-21
OVER THE WIRE HOLDINGS LIMITED,89151872730,112384910,13127705,3938312,2020-21
OVERSEA-CHINESE BANKING CORPORATION LIMITED,94073598035,251764988,153514954,46054486,2020-21
OWENS-ILLINOIS HOLDING (AUSTRALIA) PTY LTD,30002060059,661395696,,,2020-21
OXLEY AUSTRALIA PTY LTD,63615931792,116448212,,,2020-21
OZ GROUP CO-OP LIMITED,73482255177,215981995,124358,37307,2020-21
OZ MINERALS LIMITED,40005482824,1276970846,187588754,55587122,2020-21
OZGEN HOLDINGS AUSTRALIA PTY LTD,34128655096,409820225,40536223,12160867,2020-21
P G HOLDINGS LTD,71009448793,169320642,2825030,,2020-21
P20 ESG ACQUISITION PTY LTD,93638769963,355160641,6860898,2058269,2020-21
PACCAR AUSTRALIA PTY LTD,43004669667,995397000,129286196,38116597,2020-21
PACIFIC ASIA EXPRESS PTY LTD,65051866409,175158819,2377544,713263,2020-21
PACIFIC HUNTER GROUP PTY LTD,79607717206,217360868,,,2020-21
PACIFIC INVEST DECEMBER 2004 PTY LTD,58112150973,836231750,28166525,8449455,2020-21
PACIFIC LIFE RE (AUSTRALIA) PTY LTD,91601822431,1062412443,,,2020-21
PACIFIC PETROLEUM PTY LTD,31618546339,305517786,273996,82199,2020-21
PACIFIC SMILES GROUP LTD,42103087449,162594579,23748992,7124698,2020-21
PACT GROUP HOLDINGS LIMITED,55145989644,1555033182,38850618,11212654,2020-21
PADDY POWER AUSTRALIA PTY LTD,83133081491,1668076824,234975133,67741345,2020-21
PAGAC CHICKEN TENDERS HOLDINGS IV PTY LIMITED,88634718602,177464191,480,,2020-21
PALO ALTO NETWORKS (AUSTRALIA) PTY LTD,43160218379,134348464,139776,41933,2020-21
PANASONIC AUSTRALIA PTY LIMITED,83001592187,275187565,9389756,2816927,2020-21
PANDROL AUSTRALIA PTY LIMITED,90000061227,139855318,28671048,8601314,2020-21
PAPER AUSTRALIA PTY LTD,63061583533,1692049567,,,2020-21
PAPUAN OIL SEARCH LIMITED,62000251025,227342155,,,2020-21
PARAGON CARE LIMITED,76064551426,192640756,,,2020-21
PARAWAY PASTORAL COMPANY LIMITED,14122572641,411584585,,,2020-21
PARK FREIGHT INTERNATIONAL PTY LTD,84001954203,195018891,5279641,1583892,2020-21
PARK24 AUSTRALIA PTY LTD,58616101341,188845255,,,2020-21
PARKER HANNIFIN AUSTRALIA HOLDING PTY LIMITED,61117010107,284118264,36113939,10590640,2020-21
PARKVIEW CERBERUS PTY LTD,44119071135,337237056,1685315,505594,2020-21
PASTEL HOLDINGS PTY LTD,33168929566,485308892,36660218,10998065,2020-21
PAUL WAKELING MOTOR GROUP PTY LTD,47119908780,247806455,10630517,3189155,2020-21
PAX AUSTRALIA PTY LTD,42000447414,201339729,3100920,312880,2020-21
PAYNTERS PTY LTD,32060951162,238685732,16224215,4867264,2020-21
PAYPAL AUSTRALIA PTY LTD,93111195389,917562958,19895790,5968737,2020-21
PBS PROPERTY GROUP PTY LTD,39099677844,287956085,3453508,1010694,2020-21
PCL CONSTRUCTORS PACIFIC RIM PTY LTD,74140877792,138220823,15081993,4524598,2020-21
PDH GROUP PTY LTD,26125135524,512293347,,,2020-21
PE WHEATSTONE PTY LTD,53158341612,451915407,,,2020-21
PEABODY AUSTRALIA HOLDCO PTY LTD,61154820130,2016358495,,,2020-21
PEARSON AUSTRALIA HOLDINGS PTY LTD,62103243858,207611159,23502854,6770487,2020-21
PEDAL GROUP PTY LTD,67131402278,297660247,49119727,14735918,2020-21
PEET LIMITED,56008665834,207294481,38284205,9998372,2020-21
PELICAN ACQUISITION COMPANY PTY LTD,94146841027,358312042,22273629,6682089,2020-21
PENDAL GROUP LIMITED,28126385822,314857751,41221773,12094987,2020-21
PENFOLD MOTORS BURWOOD PTY LTD,28005667461,274998914,13417743,3991616,2020-21
PENGUIN RANDOM HOUSE AUSTRALIA PTY LTD,28004815703,224428393,1553079,,2020-21
PENRITE OIL CO. PTY. LTD.,25005001525,243011181,64404605,19321382,2020-21
PENRITH CITY AUTOMOTIVE PTY LTD,31091198631,200715140,14023817,4207145,2020-21
PENSKE TRANSPORTATION GROUP INTERNATIONAL PTY LTD,42164850355,603992033,29664081,8230357,2020-21
PENTAIR AUSTRALIA HOLDINGS PTY LIMITED,71168775826,144175775,,,2020-21
PENTAL LIMITED,29091035353,174711499,7897797,2361389,2020-21
PEOPLEIN LIMITED,39615173076,427951140,33725990,10117797,2020-21
PEPPER MONEY LIMITED,55094317665,1002389604,128684231,38520705,2020-21
PEPSICO FOODS GROUP PTY LIMITED,71122527137,1500954799,97828260,29348478,2020-21
PERENTI GLOBAL LIMITED,95009211474,1124749564,,,2020-21
PERILYA LIMITED,85009193695,367594518,,,2020-21
PERNOD RICARD PACIFIC HOLDING PTY LTD,16003678484,656593999,,,2020-21
PERPETUAL EQUITY INVESTMENT COMPANY LIMITED,68601406419,159711410,40262215,10234731,2020-21
PERPETUAL LIMITED,86000431827,500863992,125990423,37637966,2020-21
PERRON GROUP LTD,90009402617,169133906,2642105,,2020-21
PERRON INVESTMENTS PTY LTD,48000003976,1024994152,382217518,112403874,2020-21
PERSOL AUSTRALIA HOLDINGS PTY LTD,58620794130,2310135957,4214966,1264490,2020-21
PERTH AIRPORT DEVELOPMENT GROUP PTY LTD,53076286630,443245237,52728908,15053485,2020-21
PET CARE HOLDINGS AUSTRALIA PTY LTD,77000060364,7027582354,269647589,80820201,2020-21
PETER WARREN AUTOMOTIVE HOLDINGS LIMITED,57615674185,1509794394,64669945,19372896,2020-21
PETRO NATIONAL PTY LIMITED,83606401325,395466324,2743694,823108,2020-21
PETROCHINA INTERNATIONAL (AUSTRALIA) PTY LTD,67618641697,393676137,1022100,306630,2020-21
PETROCHINA INTERNATIONAL INVESTMENT (AUSTRALIA) PTY LTD,47152953529,231611056,,,2020-21
PETROLEUM HELICOPTERS AUSTRALIA PTY LTD,48154419628,104099752,1448806,434642,2020-21
PETRONAS AUSTRALIA PTY LIMITED,25064998867,825842379,,,2020-21
PETSTOCK PTY LTD,80098394588,389093742,30154688,8556872,2020-21
PEXA GROUP LIMITED,23629193764,221696215,,,2020-21
PFD FOOD SERVICES PTY LTD,29006972381,2214291837,77576439,23272571,2020-21
PFG PROPERTIES PTY LTD,93100371220,219440503,27051172,8115352,2020-21
PFG TOPCO 1 PTY LTD,35604317875,736443298,23005744,6901723,2020-21
PFIZER AUSTRALIA INVESTMENTS PTY LTD,86146429138,2196480255,161233454,48370036,2020-21
PHARM-A-CARE LABORATORIES PTY LTD,99003468219,294674020,36764773,10129651,2020-21
PHARSALUS INVESTMENTS PTY LTD,88163462637,1268113609,60134362,17951223,2020-21
PHILIP MORRIS (AUSTRALIA) LIMITED,68004316901,4088426617,142562921,42768876,2020-21
PHILIP USHER CONSTRUCTIONS PTY LTD,38011008101,328159042,66277961,18120266,2020-21
PHILIPS ELECTRONICS AUSTRALIA LIMITED,24008445743,585263588,26834135,8050240,2020-21
PHILLIP HOLDCO PTY LTD,19640749195,213630299,40807359,12242208,2020-21
PIACENTINI & SON PTY LTD,18008797715,309589405,,,2020-21
PICKLES AUCTIONS PTY LTD,32003417650,427814847,58113644,17434093,2020-21
PILBARA MINERALS LIMITED,95112425788,182194114,,,2020-21
PIMCO AUSTRALIA PTY LIMITED,54084280508,161555834,55158510,16547553,2020-21
PINNACLE INVESTMENT MANAGEMENT GROUP LIMITED,22100325184,103909760,60783429,,2020-21
PIONEER SAIL HOLDINGS PTY LTD,45617844569,2999549550,205136442,27006746,2020-21
PIPERMAKERS AUSTRALIA PTY LTD,76061712365,168786210,2663529,799059,2020-21
PIRELLI TYRES AUSTRALIA PTY LTD,63001784014,104802688,4613002,1383901,2020-21
PKMC ADELAIDE PTY LIMITED,91620982694,222900938,8845647,2653694,2020-21
PLASIA HOLDCO PTY LTD,97646084184,148121407,2750218,428471,2020-21
PLATINUM ASIA INVESTMENTS LIMITED,13606647358,147630015,80323644,22771168,2020-21
PLATINUM ASSET MANAGEMENT LIMITED,13050064287,310149901,213933892,63231565,2020-21
PLATINUM CAPITAL LIMITED,51063975431,178619930,30114442,8113497,2020-21
PLENARY GROUP HOLDINGS PTY LIMITED,20607311946,248503182,,,2020-21
PLUMBERS SUPPLIES CO-OPERATIVE LIMITED,55053236436,125181095,7586950,2276085,2020-21
PLUS500AU PTY LTD,32153301681,129951107,16481390,4944417,2020-21
PM CAPITAL GLOBAL OPPORTUNITIES FUND LIMITED,17166064875,218562587,84758508,24339485,2020-21
PO STREET CAPITAL PTY LTD,78626706410,2982390322,14907299,4472190,2020-21
POINTSBET AUSTRALIA PTY LIMITED,91606814920,148376147,,,2020-21
POLARIS SALES AUSTRALIA PTY LTD,62088081949,140581095,8128603,2438581,2020-21
POLICE & NURSES LIMITED,69087651876,211591468,12421414,3281726,2020-21
POLLY HOLDCO PTY LTD,58627160794,267368811,36094625,10828388,2020-21
POLY (AUSTRALIA) REAL ESTATE DEVELOPMENT PTY LIMITED,96603324689,133528764,,,2020-21
POLYAIRE HOLDINGS PTY LIMITED,59007766369,158338277,5056578,1516973,2020-21
PON HOLDING AUSTRALIA PTY LTD,67164517104,176975014,,,2020-21
PORSCHE CARS AUSTRALIA PTY LTD,67004327048,598956976,28088422,8426527,2020-21
PORT WARATAH COAL SERVICES LIMITED,99001363828,336366007,65002113,19000982,2020-21
POSCO AUSTRALIA PTY LTD,54002062160,158786111,57238659,7822421,2020-21
PPG INDUSTRIES AUSTRALIA PTY LTD,82055500939,524104419,73333345,21708226,2020-21
PPT INVESTMENTS PTY LTD,80000868860,473563616,20115361,6034608,2020-21
PRATT CONSOLIDATED HOLDINGS PTY LTD,43104958581,3544756118,69604584,15352009,2020-21
PRECISE AIR GROUP (HOLDINGS) PTY LTD,37604902203,103953626,,,2020-21
PREMIER COAL HOLDINGS PTY LTD,89158560911,376596638,,,2020-21
PREMIER INVESTMENTS LIMITED,64006727966,1243828732,380130076,109134120,2020-21
PREMIUM FLOORS AUSTRALIA PTY LTD,15152867984,406263185,11551492,2752603,2020-21
PRESTIGE AUTO TRADERS AUSTRALIA PTY LTD,11105105771,197659464,8957001,2687100,2020-21
PRICEWATERHOUSECOOPERS ASEANZ CONSULTING PTY LIMITED,77606603436,685228642,5438966,1622742,2020-21
PRIMAPLAS PTY LIMITED,94003720474,223075479,10995546,3294438,2020-21
PRIME MEDIA GROUP LIMITED,97000764867,178658278,29711921,8913576,2020-21
PRIME NORWEST HOLDING PTY LTD,59627200408,229250155,43394989,13018497,2020-21
PRIMERO GROUP LTD,96149964045,249755515,1255973,376792,2020-21
PRIXCAR SERVICES PTY LTD,42007063505,101040283,,,2020-21
PRIXCAR TRANSPORT SERVICES PTY LTD,18158361721,136767647,,,2020-21
PROBE ASIA PACIFIC PTY LTD,86082618148,218386835,22770436,6831131,2020-21
PROBE GROUP HOLDINGS PTY LTD,76638108835,495673744,31808562,8613722,2020-21
PROBUILD CONSTRUCTIONS (AUST) PTY LTD,93095250945,1306963649,7085435,578948,2020-21
PROCTER & GAMBLE AUSTRALIA PTY LIMITED,91008396245,608519004,14727695,4412654,2020-21
PROJECT QUILL I PTY LTD,41617774017,817599517,,,2020-21
PROJECT SUNSHINE I PTY LTD,13167275818,193600383,56456627,16936988,2020-21
PRO-PAC PACKAGING LIMITED,36112971874,397995284,,,2020-21
PROPEL FUNERAL PARTNERS LIMITED,41616909310,101376699,16522402,4871752,2020-21
PROSEGUR AUSTRALIA HOLDINGS PTY LIMITED,44166656739,105785071,,,2020-21
PROSPA GROUP LTD,13625648722,118421345,,,2020-21
PROSSER 2015 PTY LTD,43606139164,215072940,6110053,1833016,2020-21
PROUDS JEWELLERS PTY LIMITED,99073053273,710539917,159317412,47764702,2020-21
PROXIMO APAC PTY LTD,15619807448,127553498,4257196,1277159,2020-21
PRUDENTIAL INVESTMENT COMPANY OF AUSTRALIA PTY LIMITED,84004266817,112960937,12251143,3666424,2020-21
PRYSMIAN AUSTRALIA PTY LIMITED,36096594080,451115032,1964608,,2020-21
PSC INSURANCE GROUP LIMITED,81147812164,131778094,31069142,9244431,2020-21
PTH NO 1 PTY LTD,43611116155,697921194,113937873,32788404,2020-21
PUMA AUSTRALIA PTY LTD,52050539501,123653610,,,2020-21
PUMA ENERGY (AUSTRALIA) ASSETS HOLDINGS PTY LTD,24167119020,319373318,,,2020-21
PWTK HOLDINGS PTY LTD,66164537419,215568022,34311776,10293533,2020-21
PYBAR HOLDINGS PTY LIMITED,32088981757,319378635,,,2020-21
PZ CUSSONS (HOLDINGS) PTY LTD,19000327873,234828465,9975311,2992593,2020-21
Q. AUTOMOTIVE GROUP PTY. LTD.,47010489460,292112408,19262202,5723005,2020-21
Q. H. & M. BIRT PTY LTD,15009963222,253485579,31490397,9131154,2020-21
QANTAS AIRWAYS LIMITED,16009661901,5921715303,,,2020-21
QANTM INTELLECTUAL PROPERTY LIMITED,43612441326,140819145,14171761,4251528,2020-21
QATAR AIRWAYS GROUP (Q.C.S.C),18105742916,329877784,,,2020-21
QBE INSURANCE GROUP LIMITED,28008485014,7337857457,,,2020-21
QCOAL PTY LTD,99010911234,558123333,24573145,7306737,2020-21
QENOS HOLDINGS PTY LTD,62086026968,639570539,,,2020-21
QGC UPSTREAM HOLDINGS PTY LIMITED,76130856843,3524456041,,,2020-21
QIC AGRIBUSINESS HOLDINGS PTY LTD,93612232112,186421516,37273,,2020-21
QIC GLOBAL INFRASTRUCTURE FUND (AUSTRALIA) NO.2 TRUST,93801605359,247728571,,,2020-21
QINETIQ PTY LTD,68125805647,134974380,14903341,4471002,2020-21
QUARTZ REEF HILL INVESTMENTS PTY LTD,34612741812,496210052,42455394,12736618,2020-21
QUASAR RESOURCES PTY LTD,17101227070,224295442,,,2020-21
QUBE HOLDINGS LIMITED,14149723053,1979778425,240301636,56216560,2020-21
QUEENSLAND ALUMINA LIMITED,98009725044,918858844,7054176,,2020-21
QUEENSLAND COUNTRY BANK LIMITED,77087651027,111373709,8452989,2522949,2020-21
QUEENSLAND COUNTRY HEALTH FUND LTD,18085048237,151782361,4194269,1028554,2020-21
QUEENSLAND NITRATES PTY LTD,63079889268,167537359,50374149,15112245,2020-21
QUEENSLAND VENUE CO PTY LTD,57079861626,355002781,13726920,4118076,2020-21
QUIKSILVER AUSTRALIA PTY LTD,20091136195,375841042,,,2020-21
R&F DEVELOPMENT HOLDINGS PTY LTD,77169840555,101148977,,,2020-21
R&P MATTHEWS PTY LTD,42054660374,235874807,5949142,1784743,2020-21
RA PARTNERSHIP HOLDING 1 PTY LTD,74610717407,381426603,36981124,9362037,2020-21
RABO AUSTRALIA LIMITED,39060452217,1057413665,264351307,79305392,2020-21
RACQ INSURANCE LIMITED,50009704152,1500609495,45284215,13585264,2020-21
RACQ OPERATIONS PTY LTD,80009663414,566358367,45099180,,2020-21
RALERU LTD,52002575340,126721430,567695,170308,2020-21
RALPH LAUREN AUSTRALIA PTY LTD,61118847359,140503924,13399357,4019807,2020-21
RAMELIUS RESOURCES LIMITED,51001717540,643259566,111666861,33499481,2020-21
RAMPAGE RETAIL PTY LTD,66600817178,705008158,4910161,1473048,2020-21
RAMSAY HEALTH CARE LIMITED,57001288768,5689979803,658937615,194811373,2020-21
RANDSTAD HOLDINGS PTY LIMITED,33098899855,1023402535,4876218,,2020-21
RARD NO 3 PTY LTD,87618271542,333406272,15708399,2972487,2020-21
RATCH-AUSTRALIA CORPORATION PTY LTD,31106617332,120328375,,,2020-21
RAYTHEON AUSTRALIA PTY LTD,35063709295,658914870,100527315,27669154,2020-21
RDO AUSTRALIA GROUP PTY LTD,82169836533,483573467,14050889,4215267,2020-21
REA GROUP LIMITED,54068349066,896424245,552532500,158769147,2020-21
RECKITT BENCKISER HEALTHCARE AUSTRALIA PTY LIMITED,64000071278,767956493,79371959,23811588,2020-21
RECO INDFUND PRIVATE LIMITED,,307763199,,,2020-21
RECO WESTPAR PTE LIMITED,,121690414,609076,182723,2020-21
RED 5 LIMITED,73068647610,195505405,,,2020-21
RED BULL AUSTRALIA PTY LTD,67085840259,214706873,15891677,4767503,2020-21
RED HOT AUSTRALIA HOLDCO PTY LIMITED,38620321351,165348407,,,2020-21
RED RIVER RESOURCES LIMITED,35100796754,127699848,,,2020-21
REDBUBBLE LTD,11119200592,222526797,,,2020-21
REDCAPE HOTEL TRUST II,62958405971,340443037,,,2020-21
REDOX LIMITED,92000762345,391016919,31290973,9387281,2020-21
REDPATH (AUSTRALIA) HOLDINGS PTY LTD,43133126682,266812034,6666786,2000036,2020-21
REECE LIMITED,49004313133,3051228347,334919176,100077995,2020-21
REED INDUSTRIAL MINERALS PTY LTD,67138805722,259647492,,,2020-21
REFINITIV AUSTRALIA PTY LTD,70002834237,152141945,6264608,1879382,2020-21
REGENT MOTORS PTY LTD,12008685087,309068969,29496631,1664384,2020-21
REGIONAL EXPRESS HOLDINGS LIMITED,18099547270,271154719,,,2020-21
REGIS HEALTHCARE LIMITED,11125203054,720588021,36821256,11046377,2020-21
REGIS RESOURCES LIMITED,28009174761,819303555,162720627,48816188,2020-21
RELIANCE WORLDWIDE CORPORATION LIMITED,46610855877,419510653,28451467,7486639,2020-21
RELX AUSTRALIA PTY LTD,19004323166,184679686,15176999,4553100,2020-21
REMA TIP TOP ASIA PACIFIC PTY LTD,63104702614,192548770,,,2020-21
REMONDIS AUSTRALIA PTY LTD,95002429781,390378126,35598736,10679621,2020-21
RENTOKIL PTY LTD,61000143733,247783763,23757245,7127174,2020-21
RESEARCH AND DEVELOPMENT PTY LTD,30008676631,232293140,93111717,25033548,2020-21
RESIMAC GROUP LIMITED,55095034003,272136301,131442021,39432606,2020-21
RESMED HOLDINGS PTY LTD,28003765133,1577043161,593206842,134115419,2020-21
RESOLUTE MINING LIMITED,39097088689,173246617,,,2020-21
RESOLUTION LIFE NOHC PTY LTD,48633375069,2290331094,1080008712,91646407,2020-21
RESTAURANT BRANDS AUSTRALIA HOLDINGS PTY LTD,53611058701,215867383,11151832,3345550,2020-21
RETAIL FOOD GROUP LIMITED,31106840082,125433366,,,2020-21
RETAIL ZOO HOLDINGS PTY LIMITED,51169039721,160636074,22977315,6656030,2020-21
REVLON AUSTRALIA PTY LTD,18095360731,172252378,15491253,4647376,2020-21
REWARD GATEWAY PTY LTD,40141363564,140936835,7169748,2150924,2020-21
REWARD SUPPLY CO PTY LTD,40010183669,149409832,6171074,1677524,2020-21
REXEL HOLDINGS AUSTRALIA PTY LTD,17081022068,806968520,,,2020-21
RGA AUSTRALIAN HOLDINGS PTY LTD,20071125507,926091352,,,2020-21
RGF STAFFING APEJ PTY LTD,84603568403,1677894665,34049577,9841488,2020-21
RHEINMETALL DEFENCE AUSTRALIA PTY LTD,62137668092,483427276,20906350,6271905,2020-21
RHEINMETALL MAN MILITARY VEHICLES AUSTRALIA PTY LTD,87114035595,255371176,1812555,543766,2020-21
RHIPE LIMITED,91112452436,250167753,12476817,3511337,2020-21
RIBSHIRE PTY LTD T/A GOODLINE,40085847892,264198310,,,2020-21
RICEGROWERS LIMITED,55007481156,615325170,,,2020-21
RICHARD CROOKES CONSTRUCTIONS PTY LIMITED,33001375266,1593201415,23315169,6994551,2020-21
RICHEMONT AUSTRALIA PTY LIMITED,99003432504,260064980,20361132,6108340,2020-21
RICHLAND EXPRESS PTY LIMITED,52127488340,137688479,3152384,945715,2020-21
RICOH AUSTRALIA PTY LTD,30000593171,249287302,,,2020-21
RIDDOCH HOLDINGS PTY LTD,85610959727,280879885,,,2020-21
RIDLEY CORPORATION LIMITED,33006708765,929627282,50636642,10597214,2020-21
RINNAI AUSTRALIA PTY LTD,74005138769,331338816,20611247,5671805,2020-21
RIO TINTO LTD,96004458404,44114953189,22356991564,6190330837,2020-21
RIORDAN GROUP PTY LTD,35076271148,328593681,3672512,1101754,2020-21
RITCHIES STORES PTY LTD,61005041814,1369262023,41157534,12347260,2020-21
RIVALEA HOLDINGS PTY LTD,37097393112,345190860,7440111,,2020-21
RIVERINA (AUSTRALIA) PTY LIMITED,76010755254,418558757,1604229,221131,2020-21
RIVERINA OILS & BIO ENERGY PTY LIMITED,25103697703,216039037,,,2020-21
RIVIERA AUSTRALIA PTY LTD,55139663906,211565398,5872247,1761674,2020-21
RIVIERA HOLDINGS (AUS) PTY LTD,96169709415,373508010,61283933,17474319,2020-21
ROBE RIVER MINING CO PTY LTD,71008694246,2975102613,1921093263,576146438,2020-21
ROBERT BOSCH (AUSTRALIA) PTY LTD,48004315628,1002099146,58875597,6552669,2020-21
ROBERT WALTERS PTY LTD,18079521618,281557427,263542,72853,2020-21
ROBERTS CO AUSTRALIA PTY LTD,83616561678,374807802,,,2020-21
ROBINSON GRAIN TRADING CO. PTY. LTD.,71079213219,439944379,1344645,403394,2020-21
ROCHE DIAGNOSTICS AUSTRALIA PTY LTD,29003001205,289582272,20529929,6158979,2020-21
ROCHE PRODUCTS PTY LIMITED,70000132865,564628728,50636396,1412811,2020-21
ROCKWELL AUTOMATION AUSTRALIA LIMITED,80005549477,145527320,8660333,2596007,2020-21
ROHLIG AUSTRALIA PTY LTD,51001191402,180772795,6059154,1817746,2020-21
ROLEX AUSTRALIA PTY LTD,47005956338,190141027,9025145,2707544,2020-21
ROLLEASE ACMEDA HOLDINGS PTY LTD,60602994016,108420542,18098218,5326063,2020-21
RONDO BUILDING SERVICES PTY LTD,69000289207,242099046,40667184,11254278,2020-21
ROSS HOUSE INVESTMENTS PTY LTD,98004360392,365376088,24942824,7443523,2020-21
ROY HILL HOLDINGS PTY LTD,71123721077,10091568799,6478430387,1943529116,2020-21
ROYAL AUTOMOBILE ASSOCIATION OF SOUTH AUSTRALIA INC,90020001807,524157000,21909015,5836555,2020-21
ROYAL AUTOMOBILE CLUB OF VICTORIA (RACV) LIMITED,44004060833,792626829,173307586,,2020-21
ROYAL BANK OF CANADA,86076940880,298359228,38861088,11658326,2020-21
ROYAL CANIN AUSTRALIA PTY LTD,88092020178,217629889,29416253,8824876,2020-21
RPS ENERGY PTY LTD,44072504299,257871285,23966037,7112309,2020-21
RS COMPONENTS PTY LIMITED,73009403356,100921158,4203416,1261025,2020-21
RSEA HOLDCO PTY LTD,80625934116,239500818,15256854,4577056,2020-21
RTA HOLDCO AUSTRALIA 1 PTY LTD,17128762318,2183117600,18923922,,2020-21
RTCH PTY LTD,66616357487,630106314,150162664,44535786,2020-21
RTPDS AUS PTY LTD,21099346899,10500007652,15000012569,3771,2020-21
RUSSELL INVESTMENTS AUSTRALIA HOLDCO PTY LTD,99612159314,172754390,43775182,13132555,2020-21
RWE RENEWABLES OPERATIONS AUSTRALIA PTY LTD,41157953654,153588493,1534510,460353,2020-21
RYOWA DEVELOPMENT II PTY LTD,22063780021,198229022,,,2020-21
SAAB TECHNOLOGIES AUSTRALIA PTY LTD,47002950790,197320173,27861742,8358523,2020-21
SADDLEBACK INVESTMENTS PTY LTD,96134978224,756013398,178480535,53544160,2020-21
SAFCOL AUSTRALIA PTY LTD,19052489924,139555130,,,2020-21
SAFRAN HELICOPTER ENGINES AUST PTY LTD,49063102198,130927883,26148188,7844456,2020-21
SAI GLOBAL HOLDINGS II (AUSTRALIA) PTY LTD,55615020409,212604794,7402584,,2020-21
SAIC MOTOR AUSTRALIA PTY LTD,30608096519,347887074,34700215,10410064,2020-21
SAMIOS PLUMBING PTY LTD,91010360899,227819764,8373480,2512044,2020-21
SAMSUNG C&T CORPORATION,49160079470,429900935,,,2020-21
SAMSUNG ELECTRONICS AUSTRALIA PTY LIMITED,63002915648,2774850761,112759136,33827741,2020-21
SAMUEL SMITH & SON PTY LTD,64007534278,317776741,18512699,5400398,2020-21
SAN MIGUEL YAMAMURA AUSTRALASIA PTY LTD,49099994162,256835937,8337802,2464419,2020-21
SANDFIRE RESOURCES LIMITED,55105154185,850287106,399544900,119016466,2020-21
SANDVIK AUSTRALIA HOLDINGS PTY LTD,60003771373,1229283165,11077661,,2020-21
SANOFI-AVENTIS AUSTRALIA PTY LTD,31008558807,800522986,84479030,23215371,2020-21
SANTE GLOBAL PTY LTD,75640677783,373049918,156324663,46897399,2020-21
SANTOS LIMITED,80007550923,4070327153,68784665,,2020-21
SANTOS NA (19-12) PTY LTD,73064963346,398400320,30092,9028,2020-21
SANTOS NA BAYU UNDAN PTY LTD,64097445942,216965695,18319,5496,2020-21
SANTOS NA TIMOR SEA PTY LTD,85053698794,112705296,9251,2775,2020-21
SANWA PTY LIMITED,96000904987,375149197,11106855,3327168,2020-21
SAP AUSTRALIA PTY LIMITED,26003682504,1153341496,1526953,,2020-21
SAUNDERS INTERNATIONAL LIMITED,14050287431,101947264,2036608,406363,2020-21
SAVANNA ENERGY SERVICES PTY LTD,16140172756,120556422,1943270,582981,2020-21
SAVILLS (AUST) HOLDINGS PTY LTD,49059047371,118908774,7492188,2247656,2020-21
SCANIA AUSTRALIA PTY LTD,44000537333,514404390,28876648,8662994,2020-21
SCENTRE GROUP LIMITED,66001671496,3267902532,106205559,31846240,2020-21
SCHENKER AUSTRALIA PTY LIMITED,75000410211,791566451,15895675,4768702,2020-21
SCHINDLER LIFTS AUSTRALIA PTY LTD,19005838773,536693852,14397676,4319303,2020-21
SCHLUMBERGER AUSTRALIA PTY LTD,74002459225,757204796,,,2020-21
SCHNEIDER ELECTRIC AUSTRALIA HOLDINGS PTY LTD,30105310781,1277452842,104389073,28718473,2020-21
SCHOLASTIC AUSTRALIA PTY LIMITED,11000614577,134026636,13251926,3716324,2020-21
SCHRODERS AUSTRALIA HOLDINGS PTY LTD,83008423738,107212338,25195432,7558630,2020-21
SCHUTZ AUSTRALIA PTY LTD,60090995958,100814949,17874130,5277482,2020-21
SCIFLEET MOTORS PTY LTD,25057783749,706253611,43369529,13010859,2020-21
SDP FINCO PTY LIMITED,27158077073,109172202,,,2020-21
SDP HOLDCO PTY LIMITED,60158076843,208610201,22750163,6825049,2020-21
SEA PLANT & EQUIPMENT PTY LTD,59601889614,936296463,,,2020-21
SEALED AIR AUSTRALIA (HOLDINGS) PTY LIMITED,74102261307,306754492,9209235,1632309,2020-21
SEALORD AUSTRALIA PTY LIMITED,19001670864,151744748,3591268,1026357,2020-21
SEAROAD HOLDINGS PTY LTD,16123749655,200740908,,,2020-21
SEAWAY HOLDINGS PTY LTD,82616470010,249744480,15997324,4799197,2020-21
SEDCO FOREX INTERNATIONAL INC,44188717522,217867146,,,2020-21
SEDGWICK AUSTRALIA HOLDINGS PTY LIMITED,,132381109,4004656,1201397,2020-21
SEEK LIMITED,46080075314,1230518996,407045161,85847875,2020-21
SEI AUSTRALIA HOLDINGS PTY LIMITED,36133805820,486773920,302129,,2020-21
SEKISUI HOUSE AUSTRALIA HOLDINGS PTY LTD,71134688510,514307803,7735319,2320596,2020-21
SEKTOR LIMITED PARTNERSHIP,74297651095,158981120,9758241,2927472,2020-21
SELECT HARVESTS LIMITED,87000721380,290162014,3545418,368169,2020-21
SELL & PARKER PTY LIMITED,98000101315,319708405,22141874,6642562,2020-21
SENEX ENERGY LIMITED,50008942827,144708768,,,2020-21
SEPHORA AUSTRALIA PTY LTD,37169030737,199984392,,,2020-21
SEQUOIA FINANCIAL GROUP LIMITED,90091744884,116478289,9111396,2584127,2020-21
SERCO GROUP PTY LTD,55061889763,1316196846,132657755,39774307,2020-21
SERVCO AUSTRALIA MELBOURNE CITY PTY LTD,96616073226,277150848,8897086,2669126,2020-21
SERVCO AUSTRALIA MELVILLE PTY LTD,39622157706,240142493,14224416,4267325,2020-21
SERVCORP LIMITED,97089222506,191958623,10359159,1472620,2020-21
SERVICE STREAM LIMITED,46072369870,804204080,57385083,17215525,2020-21
SERVICENOW AUSTRALIA PTY LTD,88149683312,335747188,,,2020-21
SEVEN GROUP HOLDINGS LIMITED,46142003469,5180352227,381310763,104866770,2020-21
SEVEN WEST MEDIA LIMITED,91053480845,1806993969,151659885,42451629,2020-21
SEW-EURODRIVE PTY LTD,27006076053,100815868,8409620,2522886,2020-21
SFDC AUSTRALIA PTY LTD,91109182989,971411176,,,2020-21
SFG GROUP HOLDINGS PTY LTD,,838091220,7024636,2107391,2020-21
SG FLEET GROUP LIMITED,40167554574,327824741,75680396,22704119,2020-21
SGS AUSTRALIA HOLDINGS PTY LTD,46004269023,244823343,,,2020-21
SGSP (AUSTRALIA) ASSETS PTY LTD,60126327624,1772437427,95206855,28562056,2020-21
SHADFORTH'S CIVIL PTY LTD,68162606377,473056142,8096250,2428875,2020-21
SHAPE AUSTRALIA HOLDINGS PTY LTD,93008656264,571903152,19909882,5972965,2020-21
SHAVER SHOP GROUP LIMITED,78150747649,207114717,17741745,5299352,2020-21
SHAW AND PARTNERS LIMITED,24003221583,177416326,30530482,9155288,2020-21
SHELL ENERGY HOLDINGS AUSTRALIA LIMITED,69054260776,5862341424,,,2020-21
SHELL ENERGY OPERATIONS NO. 2 PTY LTD,88143533322,406581334,,,2020-21
SHELLEY TOPCO PTY LTD,94634291375,110473887,,,2020-21
SHERWIN-WILLIAMS AUSTRALIA HOLDING PTY LTD,61604850599,264284545,,,2020-21
SHINE JUSTICE LTD,93162817905,188013431,110074,,2020-21
SHIWORKS PTY LTD,17636236676,1742676958,8834520,2650356,2020-21
SHRIRO HOLDINGS LIMITED,29605279329,224309692,22063561,6379151,2020-21
SIBELCO ASIA PACIFIC PTY LIMITED,70092916811,177220217,,,2020-21
SIEMENS ENERGY PTY LTD,69636537409,423955286,42423342,12726488,2020-21
SIEMENS HEALTHCARE PTY LTD,83604853938,453738607,8405267,2521580,2020-21
SIEMENS LTD.,98004347880,629477401,54026589,14615632,2020-21
SIGMA ALDRICH OCEANIA PTY LTD,29112895708,141043534,6680839,2004252,2020-21
SIGMA HEALTHCARE LIMITED,15088417403,3525443686,20297048,5048822,2020-21
SIGNIFY AUSTRALIA LIMITED,49606173648,100129087,1923075,576923,2020-21
SIKA AUSTRALIA PTY LIMITED,12001342329,286408656,25610752,7683226,2020-21
SILICON METAL COMPANY OF AUSTRALIA PTY LTD,73009401736,163763926,,,2020-21
SILK LOGISTICS HOLDINGS LIMITED,45165867372,323909498,21228377,6368513,2020-21
SILVER LAKE RESOURCES LIMITED,38108779782,609780039,,,2020-21
SIME DARBY INDUSTRIAL AUSTRALIA PTY LTD,56153652594,2681473332,178579224,51873904,2020-21
SIME DARBY MOTORS RETAIL AUSTRALIA PTY LIMITED,37158278883,381766381,6539804,1961941,2020-21
SIMONDS GROUP LIMITED,54143841801,676082677,887165,266149,2020-21
SIMPLOT AUSTRALIA (HOLDINGS) PTY LIMITED,23070571934,1364981243,84509813,21022739,2020-21
SIMS LIMITED,69114838630,983921453,79990738,17224527,2020-21
SINGAPORE TELECOM AUSTRALIA INVESTMENTS PTY LIMITED,69096686190,8429704527,,,2020-21
SINGPOST LOGISTICS AUSTRALIA HOLDINGS PTY LTD,59609291330,223562693,5306036,1591811,2020-21
SINO GAS & ENERGY PTY LIMITED,75115316599,122848670,,,2020-21
SINO IRON HOLDINGS PTY LTD,43118791772,3115810927,,,2020-21
SINOPEC OIL AND GAS AUSTRALIA PTY LTD,94130568553,273982368,,,2020-21
SINOSTEEL AUSTRALIA PTY LTD,36009277230,437305354,,,2020-21
SINOSTEEL OCEAN CAPITAL PTY LTD,46128764063,114014170,,,2020-21
SIRVA (ASIA PACIFIC) PTY LTD,48005944187,122947643,5983830,1794633,2020-21
SIS AUSTRALIA HOLDINGS PTY LTD,65132211459,787847885,49102734,14089253,2020-21
SKF AUSTRALIA PTY. LTD.,87004236855,115822541,6130807,1839160,2020-21
SKYCITY AUSTRALIA PTY LIMITED,67090828612,196737476,,,2020-21
SLATER AND GORDON LIMITED,93097297400,203442756,,,2020-21
SLECO PTY. LTD.,25007893781,385189659,26168009,7840968,2020-21
SMA AUSTRALIA PTY LIMITED,44127198761,138446268,9496047,2842060,2020-21
SMARTGROUP CORPORATION LTD,48126266831,216811764,81375748,24198438,2020-21
SME CAPITAL HOLDINGS PTY LTD,25628947544,140388493,36236885,10871066,2020-21
SMEG AUSTRALIA PTY LTD,33146901082,186188819,7387595,2216278,2020-21
SMIT LAMNALCO AUSTRALIA PTY LTD,24113226074,111947424,,,2020-21
SMITH & NEPHEW PTY LTD,68000087507,268746374,12118818,3633637,2020-21
SMRM HOLDINGS PTY LTD,85168760861,580995798,10196599,3058980,2020-21
SNACKING INVESTMENTS HOLDCO PTY LIMITED,64634908482,1032332727,,,2020-21
SNC-LAVALIN AUSTRALIA PTY LTD,50085951542,141602852,,,2020-21
SNF (AUSTRALIA) PTY LIMITED,32050056267,151400300,8949754,2684926,2020-21
SNOWY HYDRO LIMITED,17090574431,2690717933,369356963,106924832,2020-21
SODASTREAM AUSTRALIA PTY LTD,81104202093,102354189,5209579,1562874,2020-21
SODEXO AUSTRALIA PTY LTD,50006072975,1039367507,,,2020-21
SOFTWAREONE AUSTRALIA PTY LTD,18151340608,124931270,230557,69167,2020-21
SOJITZ AUSTRALIA LIMITED,16000213132,715741668,,,2020-21
SOLAR JUICE PTY LTD,96139534026,164749768,3315598,994679,2020-21
SOLAR TURBINES INTERNATIONAL COMPANY,43066283074,114121962,12631789,3789537,2020-21
SOLARIS PAPER PTY LTD,41126825769,290244243,,,2020-21
SONIC CLINICAL SERVICES PTY LIMITED,13083519377,408658162,2153835,,2020-21
SONIC HEALTHCARE LIMITED,24004196909,3272476893,491780541,131091530,2020-21
SONOVA AUDIOLOGICAL CARE AUSTRALIA PTY LTD,93113235779,117945306,,,2020-21
SONY AUSTRALIA LIMITED,59001215354,1177671501,23092930,2086058,2020-21
SOUTH PACIFIC POWER PTY LTD,17164080737,117363715,,,2020-21
SOUTH32 LIMITED,84093732597,3660501228,593690965,87076644,2020-21
SOUTHERN CROSS ALUMINIUM PTY LIMITED,25063778996,140512026,13084706,3925412,2020-21
SOUTHERN CROSS ELECTRICAL ENGINEERING LIMITED,92009307046,380446397,18393636,5518091,2020-21
SOUTHERN CROSS MEDIA GROUP LIMITED,91116024536,569076269,89875719,26665662,2020-21
SOUTHERN MEATS PTY LTD,51003111528,170752931,1135933,,2020-21
SOUTHERN SHEET & COIL PTY LIMITED,48003385322,239275365,14910990,4473297,2020-21
SOUTHERN STEEL SUPPLIES PTY LIMITED,37000060131,210914827,15491026,4647308,2020-21
SOUTHTRADE INTERNATIONAL PTY LTD,46099947163,151550247,6399994,1919998,2020-21
SPARK INFRASTRUCTURE HOLDINGS NO 1 PTY LIMITED,14116940786,275944522,118134962,35440489,2020-21
SPC GLOBAL LTD,73633389394,246268881,,,2020-21
SPECSAVERS PTY LIMITED,82097147932,574170546,65028084,14835612,2020-21
SPHERIA EMERGING COMPANIES LIMITED,84621402588,131698576,6258754,956217,2020-21
SPIC PACIFIC ENERGY PTY LTD,92609771057,427094745,321191,,2020-21
SPICERS LIMITED,70005146350,237359977,,,2020-21
SPIRIT TECHNOLOGY SOLUTIONS LTD,73089224402,104468832,55785,16736,2020-21
SPM FRESH HOLDINGS PTY LTD,21161701337,319644781,6361479,,2020-21
SPOTLESS GROUP HOLDINGS LIMITED,27154229562,570378321,,,2020-21
S-PROCESS EQUIPMENT AUSTRALIA PTY LTD,21127927226,200892723,32070178,8895885,2020-21
SQUARE AU PTY LIMITED,38167106176,106796572,6134554,,2020-21
SQUARE TRADING PTY LTD,57147788663,288206965,5078807,1523642,2020-21
SRG GLOBAL LIMITED,81104662259,503563394,3954428,,2020-21
SS&C SOLUTIONS PTY LIMITED,75007325779,115442570,14413387,3489616,2020-21
ST BARBARA LIMITED,36009165066,331923182,14799529,2496482,2020-21
STAHMANN HOLDINGS PTY LTD,68617861677,123357969,,,2020-21
STANLEY BLACK & DECKER HOLDINGS AUSTRALIA PTY LTD,81154671244,284789282,1409276,422783,2020-21
STANMORE RESOURCES LIMITED,27131920968,148083446,,,2020-21
STANTEC AUSTRALIA PTY LTD,17007820322,173796895,1460525,437642,2020-21
STATE STREET AUSTRALIA LIMITED,21002965200,125894129,25991422,7797427,2020-21
STATEWIDE INDEPENDENT WHOLESALERS LIMITED,51009519546,1257149747,3299956,989987,2020-21
STEADFAST GROUP LIMITED,98073659677,532969699,158451758,15953931,2020-21
STELLA FOODS AUSTRALIA PTY LTD,77156644834,239603853,1136141,340842,2020-21
STERLING AND WILSON SOLAR AUSTRALIA PTY LTD,35632960680,315290108,,,2020-21
STERLING AND WILSON SOLAR LIMITED,36632074901,105920644,,,2020-21
STIHL PTY LTD,76004881145,246197750,24370615,7311184,2020-21
STOCKLAND CORPORATION LIMITED,43000181733,2121112527,,,2020-21
STODDART GROUP PTY LTD,82010744751,317225306,12418248,3207152,2020-21
STORA ENSO AUSTRALIA PTY LTD,64099948491,145508098,2816222,844867,2020-21
STOWE AUSTRALIA PTY LTD,27002556603,473134711,35952147,10785644,2020-21
STRANDBAGS HOLDINGS PTY LTD,99128842482,202457751,12382758,3714827,2020-21
STRIPE PAYMENTS AUSTRALIA PTY LTD,66160180343,285280095,19931257,5979377,2020-21
STRYKER AUSTRALIA PTY LTD,48002873850,613144995,42192866,12657860,2020-21
SUBARU (AUST) PTY LIMITED,95000312792,1067989877,16448892,4934668,2020-21
SUBSEA 7 AUSTRALIA CONTACTING PTY LTD,36005288406,197315437,,,2020-21
SUEZ AUSTRALIA HOLDING PTY LTD,30070452890,1485072175,123553298,35990667,2020-21
SUMITOMO AUSTRALIA PTY LTD,81000371497,1225628738,12186662,71357,2020-21
SUMITOMO MITSUI BANKING CORPORATION-SYDNEY BRANCH,98114053459,637186339,502989213,150896764,2020-21
SUMMIT AUTO LEASE AUSTRALIA PTY LTD,87054704737,116612564,,,2020-21
SUMO AUSTRALIA LIMITED,84602964143,100537935,,,2020-21
SUN METALS CORPORATION PTY LTD,97074241982,792015165,58438641,17531592,2020-21
SUNCORP GROUP LIMITED,66145290124,12805899658,1402323425,416145552,2020-21
SUNLAND GROUP LIMITED,65063429532,286840639,43575554,13072666,2020-21
SUNNY QUEEN PTY LIMITED,31060702034,433721879,15192024,4240983,2020-21
SUNPORK FRESH FOODS PTY LTD,24135230545,484665060,11459720,3437916,2020-21
SUNPORK PTY LTD,11059168786,243210359,4719316,,2020-21
SUNSHINE A PTY LTD,86631684770,362013186,63576477,19072943,2020-21
SUNSTATE CEMENT LTD,58010421879,108275950,16969367,5090810,2020-21
SUNTORY (AUST) PTY LIMITED,27001628780,255573965,8173219,2451966,2020-21
SUNTORY COFFEE AUSTRALIA LIMITED,49000254660,114799322,8156289,2446887,2020-21
SUPER RETAIL GROUP LIMITED,81108676204,3273863625,422844376,125672696,2020-21
SUPPLY NETWORK LTD,12003135680,133338477,16284780,4885434,2020-21
SURBANA JURONG HOLDINGS (AUSTRALIA) PTY LTD,49612229197,611520615,16322341,,2020-21
SURDEX STEEL PTY LIMITED,39004339904,252087658,32416200,9724860,2020-21
SURFIT CAPITAL PTY LTD,82612058867,474991607,7028968,2108690,2020-21
SUSQUEHANNA PACIFIC PTY LTD,23082467605,668642546,241735527,71259562,2020-21
SUTTONS INVESTMENTS PTY LTD,84008446428,1776658149,80291765,24014442,2020-21
SUZUKI AUSTRALIA PTY LIMITED,57001828164,308928015,17225755,5167726,2020-21
SVITZER AUSTRALASIA HOLDINGS PTY LTD,16120555302,335266575,,,2020-21
SWAROVSKI AUSTRALIA PTY LTD,16000679416,132527211,7873493,2362048,2020-21
SWICK MINING SERVICES LIMITED,20112917905,123855777,9322268,2302179,2020-21
SWISS RE ASIA PTE. LTD,19631490447,1713796583,,,2020-21
SWISS RE AUSTRALIA LIMITED,28004360909,2836261039,,,2020-21
SWISS RE INTERNATIONAL SE AUSTRALIA BRANCH,38138873211,332579907,,,2020-21
SWISSPORT ANZ PTY LTD,54167311551,173448366,,,2020-21
SYDNEY AIRPORT LIMITED,18165056360,950770406,,,2020-21
SYDNEY TOOLS PTY LTD,19112852285,530388216,78875479,23662644,2020-21
SYMBIO HOLDINGS LIMITED,37118699853,156865392,22770384,6209529,2020-21
SYMON BROS CONSTRUCTIONS (VIC) PTY LTD,46005194043,212180782,6820022,2046007,2020-21
SYNGENTA AUSTRALIA PTY LIMITED,33002933717,342904308,22518478,4309297,2020-21
SYNNEX AUSTRALIA PTY LTD,40052285882,2778341529,63214642,18961842,2020-21
SYRINX AUSTRALIA PTY LTD,50130046267,223979996,1356885,175230,2020-21
SYSTEMATIC TRADING TECHNOLOGIES PTY LT,39130626130,231796806,112306,33692,2020-21
T.F. WOOLLAM HOLDINGS PTY LTD,41106564354,262486539,7160413,2148124,2020-21
TABCORP HOLDINGS LIMITED,66063780709,5114167266,660709834,183540186,2020-21
TAIPOWER BENGALLA PTY LTD,18075407617,158481528,36713567,11013544,2020-21
TAKEDA PHARMACEUTICALS AUSTRALIA PTY LTD,71095610870,189882138,24407232,7322170,2020-21
TAL DAI-ICHI LIFE AUSTRALIA PTY LTD,97150070483,6639136612,155357872,45833531,2020-21
TALENT INTERNATIONAL HOLDINGS PTY LIMITED,28131419577,595821492,3797337,1139201,2020-21
TALENTO HOLDINGS PTY LTD,81602259861,308052065,11082165,2583110,2020-21
TASMANIA HARDWARE PTY LTD,46159847462,114776668,5696950,1709085,2020-21
TASSAL GROUP LIMITED,15106067270,595010000,39760672,,2020-21
TATA CONSULTANCY SERVICES LIMITED,28109981777,1143397446,312361157,88988438,2020-21
TATTARANG CAPITAL PTY LTD,40161233674,253255332,360931745,590160,2020-21
TATURA MILK INDUSTRIES PTY LTD,66006603970,547724627,35169494,9687275,2020-21
TAYLOR CORPORATION PTY LIMITED,40146589344,402744294,2803023,840907,2020-21
TCAPL PTY LTD,65601572472,341144576,,,2020-21
TCL ELECTRONICS AUSTRALIA PTY LTD,83111032896,190960870,10304645,3091394,2020-21
TEACHERS MUTUAL BANK LIMITED,30087650459,247615539,38642490,11536648,2020-21
TEAMINVEST PRIVATE GROUP LIMITED,74629045736,101373347,799870,,2020-21
TECH DATA (ANZ) PTY LTD,15090111890,311753372,,,2020-21
TECH MAHINDRA LIMITED,15092511558,179140646,16932185,3929414,2020-21
TECHNICOLOR PTY LTD,23000978343,178368631,,,2020-21
TECHNIP OCEANIA PTY LTD,43062878719,512083392,,,2020-21
TECHNOLOGY ONE LIMITED,84010487180,313101190,119838113,13730532,2020-21
TECHWOOL TRADING PTY LTD,69006145955,427529839,4970789,1491237,2020-21
TECO AUSTRALIA PTY LIMITED,77002595388,101515134,5581742,1637247,2020-21
TEEG TOPCO PTY LTD,52622408422,215149443,,,2020-21
TEEKAY HOLDINGS AUSTRALIA PTY LTD,12125391880,165139532,,,2020-21
TELERIC PTY LTD,90004284664,1449212949,37453303,10984244,2020-21
TELSTRA CORPORATION LTD,33051775556,21881533689,2228556163,660816533,2020-21
TEMENOS SOLUTIONS AUSTRALIA PTY LTD,82617568957,218194279,2072056,,2020-21
TEMPERZONE AUSTRALIA HOLDINGS PTY LTD,52001653176,129879974,6981111,2094333,2020-21
TEMPLE AND WEBSTER GROUP LTD,69608595660,327126909,10156298,3046889,2020-21
TEMPO GROUP HOLDINGS PTY LTD,63607698153,272989998,16420875,4926262,2020-21
TEN NETWORK HOLDINGS PTY LIMITED,14081327068,646404153,,,2020-21
TERADATA AUSTRALIA PTY LTD,77125071374,133053368,8372373,2511673,2020-21
TERRACE TOWER GROUP PTY LIMITED,27002742967,239448897,49083408,14641568,2020-21
TERRACOM LIMITED,35143533537,215274569,,,2020-21
TERRY SHIELDS PTY LIMITED,73000678473,204469716,10396315,3118894,2020-21
TERUMO AUSTRALIA PTY LIMITED,34158693595,110172626,11266707,3380012,2020-21
TESLA MOTORS AUSTRALIA PTY LIMITED,68142889816,464038328,18314194,5494258,2020-21
TETRA PAK MANUFACTURING PTY LIMITED,50004435901,158361788,3270737,969484,2020-21
TEYS AUSTRALIA PTY LTD,38009872600,2454539708,54548290,9683313,2020-21
TFG RETAILERS PTY LIMITED,90612634312,538122906,70166530,21049959,2020-21
THALES AUSTRALIA HOLDINGS PTY LTD,84058583841,1759407821,145507754,37216726,2020-21
THE BANK OF NOVA SCOTIA,34133513827,433820365,50914913,15274474,2020-21
THE BODY SHOP AUSTRALIA PTY LTD,47602683349,154900994,19081224,5714489,2020-21
THE BOSTON CONSULTING GROUP PTY LTD,70007347131,279316006,17326080,5197824,2020-21
THE BROWN & HURLEY GROUP PTY. LTD.,66010732966,495341936,27833583,8350075,2020-21
THE DEMPSEY GROUP PTY LTD,16004722936,250131398,77511871,23249640,2020-21
THE FOURTH FORCE PTY LTD,22084438773,549154390,3364822,988059,2020-21
THE HONGKONG AND SHANGHAI BANKING CORPORATION LIMITED,65117925970,581965116,168597069,50579121,2020-21
THE HOUR GLASS (AUSTRALIA) PTY LIMITED,64010831713,112586112,19916450,5974935,2020-21
THE INDEPENDENT LIQUOR GROUP (SUPPLIERS) CO-OPERATIVE LTD,63629864769,422278341,1497636,449291,2020-21
THE INDEPENDENT LIQUOR GROUP DISTRIBUTION CO-OP LTD,70252541400,433457116,,,2020-21
THE MYER FAMILY INVESTMENTS PTY LTD,32004116296,440194347,228794429,61449026,2020-21
THE NORTHERN TRUST COMPANY,62126279918,169008134,75079377,22523813,2020-21
THE NUANCE GROUP (AUSTRALIA) PTY LTD,54068215341,128864902,,,2020-21
THE QUANTIUM GROUP HOLDINGS PTY LIMITED,29121842957,261095600,35468107,5864283,2020-21
THE REJECT SHOP LIMITED,33006122676,790888007,10270094,3081028,2020-21
THE ROYAL AUTOMOBILE CLUB OF QUEENSLAND LIMITED,72009660575,199352594,4001989,1200597,2020-21
THE ROYAL AUTOMOBILE CLUB OF WA (INC),33212133120,1145478760,103277232,29238694,2020-21
THE STAR ENTERTAINMENT GROUP LIMITED,85149629023,1648991530,49717262,14915179,2020-21
THE TRUSTEE FOR QIC GLOBAL INFRASTRUCTURE FUND TAYLOR AIV TRUST,11454629109,137292009,,,2020-21
THE VICTORIA CARPET COMPANY PTY LTD,14004304956,183765171,17610364,5283109,2020-21
THE VILLAGE BUILDING CO. LIMITED,97056509025,160625818,,,2020-21
THE WALT DISNEY COMPANY (AUSTRALIA) PTY LTD,30054610025,818464506,,,2020-21
THERMO ELECTRON AUSTRALIA PTY LTD,44109074115,504869311,13268510,,2020-21
THINK CHILDCARE LIMITED,81600793388,148199650,22256642,6676993,2020-21
THOMAS FOODS INTERNATIONAL CONSOLIDATED PTY LTD,20105099849,1555150410,102013396,29589781,2020-21
THOMSON REUTERS (AUSTRALIA) PTY LTD,87058914766,187370152,10636958,3191087,2020-21
THORN GROUP LIMITED,54072507147,103275039,,,2020-21
THORNEY INVESTMENT GROUP AUSTRALIA PTY LTD,37117488892,515990714,60822815,13433029,2020-21
THORNEY TECHNOLOGIES LTD,66096782188,106540761,,,2020-21
THOUGHTWORKS AUSTRALIA PTY LTD,99088279761,114956906,,,2020-21
THYSSENKRUPP INDUSTRIAL SOLUTIONS (AUSTRALIA) PTY LTD,30005610748,530943893,2397219,,2020-21
TIANQI LITHIUM HOLDINGS PTY LTD,11622763919,355203837,,,2020-21
TIFFANY & CO (AUSTRALIA) PTY LIMITED,93128219554,187235284,27916221,8374866,2020-21
TILT RENEWABLES AUSTRALIA PTY LTD,15101038331,128923500,,,2020-21
TIMBERLINK AUSTRALIA PTY LTD,12161713015,292635366,32992083,5489855,2020-21
TIVOLI INVESTMENTS PTY LTD,90165718070,294502696,28367254,8423846,2020-21
TJ & RF FORDHAM PTY LIMITED,56000548354,239563128,26464051,7939177,2020-21
TJX AUSTRALIA HOLDING COMPANY PTY LTD,58605889843,394533165,,,2020-21
TK ELEVATOR AUSTRALIA PTY LIMITED,12073056149,134468808,1755420,526626,2020-21
TOKYO GAS AUSTRALIA PTY LTD,46102349557,407585578,8607290,,2020-21
TOKYO TIMOR SEA RESOURCES PTY LTD,39000751593,156408648,3728739,1118622,2020-21
TOLL HOLDINGS PTY LIMITED,25006592089,5708676775,,,2020-21
TOMKINS COMMERCIAL & INDUSTRIAL BUILDERS PTY LTD,98061732778,228685931,5108119,1532436,2020-21
TOMRA CLEANAWAY PTY LIMITED,43620427116,194587843,,,2020-21
TOPCO INVESTMENTS AUSTRALIA PTY LIMITED,78622116992,590445761,,,2020-21
TOPLACE PTY LTD,63135918491,291724013,,,2020-21
TORO AUSTRALIA PTY LTD,47001310443,250772985,14923197,4476959,2020-21
TOSHIBA (AUSTRALIA) PTY LIMITED,19001320421,111798288,14730,,2020-21
TOSHIBA INTERNATIONAL CORPORATION PTY LTD,29001555068,204146840,2291007,686279,2020-21
TOTAL E&P AUSTRALIA,96832035151,227923014,,,2020-21
TOTAL E&P HOLDINGS (AUSTRALIA) PTY LTD,11602975619,2007719315,,,2020-21
TOTAL STEEL OF AUSTRALIA PTY LTD,34001201850,102240882,9750030,2925009,2020-21
TOWER SOFTWARE ENGINEERING PTY LTD,81008602739,1649677212,28094729,8428419,2020-21
TOYO TYRE & RUBBER AUSTRALIA LTD,93000767279,136107200,8755631,2626689,2020-21
TOYOTA MATERIAL HANDLING AUSTRALIA PTY LIMITED,38104644635,458350777,51403163,15420949,2020-21
TOYOTA MOTOR CORPORATION AUSTRALIA LIMITED,64009686097,11330132458,943313730,280524386,2020-21
TOYOTA TSUSHO SOUTH PACIFIC HOLDINGS PTY LTD,82050105443,134508563,16472025,855644,2020-21
TPG TELECOM LIMITED,76096304620,4227128077,,,2020-21
TRANSALTA ENERGY (AUSTRALIA) PTY LTD,40062135844,189123865,29565418,8680755,2020-21
TRANSATLANTIC EXPLORATION MEDITERRANEAN INTERNATIONAL PTY LTD,35121104167,206383664,306783,,2020-21
TRANSATLANTIC REINSURANCE COMPANY,96096053226,106992142,1797110,,2020-21
TRANSDEV AUSTRALASIA PTY LTD,40079303816,540759938,9785740,2928572,2020-21
TRANSURBAN HOLDINGS LIMITED,86098143429,2381204573,92196377,,2020-21
TRANSURBAN INTERNATIONAL LIMITED,90121746825,1709737419,4872842,,2020-21
TRANSURBAN QUEENSLAND FINANCE PTY LIMITED,16169093850,242927415,,,2020-21
TRANSURBAN QUEENSLAND HOLDINGS 1 PTY LIMITED,64169090804,631416789,,,2020-21
TRAVELEX AUSTRALIA HOLDINGS PTY LTD,98105260035,1415531953,,,2020-21
TREASURY WINE ESTATES LIMITED,24004373862,1550035999,354354024,103816214,2020-21
TREK BICYCLE CORPORATION (AUSTRALIA) PTY LTD,56143457998,115445862,,,2020-21
TRELLEBORG HOLDINGS AUSTRALIA PTY LTD,49096223568,134636480,,,2020-21
TREND MICRO AUSTRALIA PTY LTD,70077055817,220516474,58711596,5253487,2020-21
TRILITY GROUP PTY LTD,39144522565,135771413,10926602,1906,2020-21
TRONOX LIMITED,91153348111,1166828853,,,2020-21
TRU BLU BEVERAGES PTY LIMITED,77151411764,215884924,803820,241146,2020-21
TRUCK CENTRE (WA) PTY LTD,19120476879,211001455,8443881,2533164,2020-21
TRUE ALLIANCE PTY LIMITED,25098282001,223170196,12420337,3725136,2020-21
TRUSTEE FOR NORTH QUEENSLAND AIRPORTS NO. 2 (MACKAY) TRUST,11805258426,106728130,,,2020-21
TSG AUSTRALIA HOLDINGS PTY LTD,47624531415,465216146,17959487,5387846,2020-21
TSG AUSTRALIA PTY LTD,55603274237,250964506,,,2020-21
TTEC INTERNATIONAL PTY LTD,46061711804,101546085,4551005,1365302,2020-21
TULLY SUGAR LIMITED,92011030256,150477220,9407514,1923950,2020-21
TUPPERWARE AUSTRALIA PTY LTD,42004534749,115214374,,,2020-21
TURI FOODS PTY LTD,29057142971,532310209,,,2020-21
TURNER & TOWNSEND PTY LTD,84115688830,159433209,27053332,8115999,2020-21
TUROSI FARMING PTY LTD,43626773126,261875357,5357569,1607271,2020-21
TUTT BRYANT GROUP LIMITED,89009242675,304251055,,,2020-21
TVS SUPPLY CHAIN SOLUTIONS AUSTRALIA HOLDINGS PTY LTD,86607085496,104341059,,,2020-21
TYNAN MOTORS HOLDINGS PTY LTD,15002448446,341666358,21329629,6398889,2020-21
TYRO PAYMENTS LIMITED,49103575042,238458389,,,2020-21
UACJ AUSTRALIA PTY LTD,82005579840,116270344,,,2020-21
UBER AUSTRALIA HOLDINGS PTY LTD,54622364318,1040047937,37097968,11129390,2020-21
UBS AG AUSTRALIA BRANCH,47088129613,849882856,159273803,47782141,2020-21
UBS HOLDINGS PTY LTD,50050101249,259365815,102943407,30883022,2020-21
UEM SUNRISE (LAND) PTY LTD,15165422024,160717960,43618726,13085618,2020-21
UGL UNIPART RAIL SERVICES PTY LTD,49154895940,262304165,9633128,2889938,2020-21
ULLRICH ALUMINIUM PTY. LIMITED,70001697445,130908225,8663898,2074289,2020-21
UNICHARM AUSTRALASIA HOLDING PTY LTD,56114210794,142840072,,,2020-21
UNILEVER AUSTRALIA GROUP PTY LTD,13614413179,1156137505,15834911,4750473,2020-21
UNIQLO AUSTRALIA PTY LTD,36161922103,334849226,11161637,3348491,2020-21
UNISUPER MANAGEMENT PTY LTD,91006961799,279693592,58328966,17498690,2020-21
UNISYS AUSTRALIA PTY LIMITED,31105642902,216349332,,,2020-21
UNITED ENERGY DISTRIBUTION HOLDINGS PTY LTD,15104381660,717754467,,,2020-21
UNITED GLOBAL LOGISTICS PTY LTD,28144641154,273598954,22040787,6612236,2020-21
UNITED MALT GROUP LIMITED,61140174189,183145071,,,2020-21
UNITED OVERSEAS BANK LIMITED SYDNEY BRANCH,56060785284,475706748,166346964,49904089,2020-21
UNITED RENTALS ASIA PACIFIC HOLDINGS PTY LTD,28620127791,130958083,5811412,1743424,2020-21
UNITED TERMINALS PTY LTD,73129440955,2040005081,,,2020-21
UNITI GROUP LIMITED,73158957889,160684992,,,2020-21
UNIVERSAL PICTURES INTERNATIONAL AUSTRALASIA PTY LTD,44122951099,119141159,,,2020-21
UNIVERSAL STORE HOLDINGS LIMITED,94628836484,216967714,43434411,13030323,2020-21
URC AUSTRALIA HOLDING COMPANY PTY LTD,29614132991,377335489,16612688,4964389,2020-21
USINCH PTY LIMITED,24060571673,372888274,,,2020-21
UTILITIES MANAGEMENT PTY LTD,25090664878,367778742,56748,17024,2020-21
VALMEC LIMITED,94003607074,137955935,6338504,1901551,2020-21
VALMONT QUEENSLAND PTY LTD,73142183800,357807269,,,2020-21
VALVOLINE (AUSTRALIA) PTY LTD,86000446855,208822095,22652411,6795723,2020-21
VANGUARD INVESTMENTS AUSTRALIA LTD,72072881086,303231654,76360448,22880428,2020-21
VANTIVE AUSTRALIA PTY LIMITED,69076201619,1488896980,23958039,6488866,2020-21
VARIAN MEDICAL SYSTEMS AUSTRALASIA PTY LTD,53086249630,104778796,12106895,3632068,2020-21
VAX APPLIANCES (AUSTRALIA) PTY LTD,84009099736,839398824,34052834,10215850,2020-21
VEEAM PTY LTD,33140806695,127546634,2225974,667792,2020-21
VEGIE BANDITS PTY LTD,31079441044,421691767,2981327,894398,2020-21
VEHICLE DISTRIBUTORS AUSTRALIA PTY LTD,11073668596,225169444,,,2020-21
VENTIA SERVICES GROUP LIMITED,53603253541,2773330295,40166787,5127100,2020-21
VENTURA MOTORS PTY LTD,67004235518,262370282,7061400,2118420,2020-21
VEOLIA WATER AUSTRALIA PTY LTD,99061161279,311932783,1792953,,2020-21
VERIZON AUSTRALIA PTY LIMITED,62081001194,185190216,12822441,3834744,2020-21
VERMILION AUSTRALIA LIMITED PARTNERSHIP,92210617868,146198533,,,2020-21
VERMONT AUS HOLDCO PTY LTD,82626842135,1030274877,77720750,22645031,2020-21
VERTEX PHARMACEUTICALS (AUSTRALIA) PTY LTD,34160157157,159117288,20115473,6034642,2020-21
VERTIV (AUSTRALIA) PTY LTD,53003469654,121723890,2882398,864719,2020-21
VESTAS AUSTRALIAN WIND TECHNOLOGY PTY LIMITED,80089653878,1461530894,52043081,15612924,2020-21
VEYANCE TECHNOLOGIES AUSTRALIA PTY LTD,87125188070,184358853,22085416,6625625,2020-21
VGI PARTNERS ASIAN INVESTMENTS LIMITED,58635219484,486281894,44121277,12432764,2020-21
VGI PARTNERS GLOBAL INVESTMENTS LIMITED,91619660721,885318957,67477225,18537398,2020-21
VGW HOLDINGS LIMITED,36147193511,472705974,152568331,42864425,2020-21
VIATRIS PTY LTD,29601608771,187335838,13916464,4174939,2020-21
VICINITY LIMITED,90114757783,202465361,536300,,2020-21
VICTORIA INTERNATIONAL CONTAINER TERMINAL LIMITED,56164915655,209785511,,,2020-21
VICTORIA POWER NETWORKS PTY LTD,37116940820,1682491334,49749997,14069195,2020-21
VICTORY GROUP HOLDINGS PTY LTD,61169888359,296355043,1386336,415901,2020-21
VILLAGE ROADSHOW LIMITED,43010672054,198645921,,,2020-21
VINCI ENERGIES AUSTRALIA PTY LTD,86602042339,188484102,,,2020-21
VINPAC INTERNATIONAL PTY LIMITED,20008266779,208783025,578015,173404,2020-21
VIRBAC (AUSTRALIA) PTY LIMITED,77003268871,121531104,26577395,6349657,2020-21
VIRGIN AUSTRALIA HOLDINGS PTY LTD,54100686226,6008661970,,,2020-21
VIRTUS HEALTH LIMITED,80129643492,270111852,53532852,15215521,2020-21
VITA GROUP LIMITED,62113178519,640108076,32822459,9846738,2020-21
VITERRA AUSTRALIA HOLDINGS PTY LTD,81161229867,2856157384,10628875,3103875,2020-21
VIVA ENERGY GROUP LIMITED,74626661032,12803888816,,,2020-21
VMWARE AUSTRALIA PTY LTD,77122677089,354201769,33918779,9208216,2020-21
VOCUS GROUP LIMITED,96084115499,1391610080,58546360,17488145,2020-21
VOESTALPINE HIGH PERFORMANCE METALS (AUSTRALIA) PTY LTD,15000013052,103505620,11768771,3530631,2020-21
VOLKSWAGEN FINANCIAL SERVICES AUSTRALIA PTY LTD,20097071460,341026105,108674625,32602388,2020-21
VOLKSWAGEN GROUP AUSTRALIA PTY LTD,14093117876,1759529320,53547763,16064329,2020-21
VOLVO CAR AUSTRALIA PTY LIMITED,18004830611,415053456,4889091,1466727,2020-21
VOLVO GROUP AUSTRALIA PTY LTD,27000761259,1250625496,23369013,6660855,2020-21
VR AUSTRALIA HOLDINGS PTY LTD,41605041530,100436183,7232921,2169876,2020-21
VRG HOLDCO PTY LTD,16642854313,294844149,,,2020-21
VSA ROADS PTY LTD,18136665935,141455886,9446394,2833918,2020-21
VULCAN STEEL PTY LTD,61100061283,420472235,34333738,10300121,2020-21
WALKER PRECINCT PTY LTD,,459167813,,,2020-21
WAM ACTIVE LIMITED,49126420719,196547008,11534869,3087232,2020-21
WAM CAPITAL LIMITED,34086587395,3786453358,381052375,77637562,2020-21
WAM GLOBAL LIMITED,76624572925,634905708,75454112,22574025,2020-21
WAM LEADERS LIMITED,33611053751,4017006844,241874502,64732935,2020-21
WAM MICROCAP LIMITED,34617838418,630405634,72622120,20023243,2020-21
WAM RESEARCH LIMITED,15100504541,518763367,59618898,16668990,2020-21
WAMBO COAL PTY LIMITED,13000668057,510067353,9240001,2591192,2020-21
WARMOLL FOODS PTY LIMITED,49152503092,255395221,7599956,2195478,2020-21
WARNER BROS. ENTERTAINMENT AUSTRALIA PTY LTD,70003773411,196576344,,,2020-21
WARREGO ENERGY LIMITED,82125394667,250517383,,,2020-21
WASHINGTON H. SOUL PATTINSON AND COMPANY LIMITED,49000002728,754877491,225847745,21429356,2020-21
WASTE SERVICES HOLDING CO PTY LTD,18614864836,151269983,23164806,6949442,2020-21
WBHO INFRASTRUCTURE PTY LTD,78089434220,271470975,,,2020-21
WCM GLOBAL LONG SHORT LIMITED,40160959991,106127406,,,2020-21
WCX M4 PROJECT TRUST,,315054732,71323997,21397199,2020-21
WCX M5 PROJECT TRUST,,230054210,32334935,9700480,2020-21
WCX STATE WORKS CONTRACTOR PTY LTD,65624154089,435017994,,,2020-21
WEBER-STEPHEN PRODUCTS CO. (AUSTRALIA) PTY LTD,18006305237,154320549,7880697,2364209,2020-21
WEIR GROUP (AUSTRALIAN HOLDINGS) PTY LTD,57090873117,646131506,42312101,7073671,2020-21
WENGFU AUSTRALIA PTY LTD,31141160581,350721596,,,2020-21
WESFARMERS LIMITED,28008984049,31996372414,3295496110,953373694,2020-21
WESSEL PETROLEUM PTY. LTD.,46054320991,207177469,4396377,1143058,2020-21
WEST END MOTOR GROUP PTY LIMITED,30001988450,224528772,7261992,2178442,2020-21
WESTCON GROUP PTY LTD,77050539672,290665573,3455689,1035953,2020-21
WESTERN AREAS LIMITED,68091049357,259545686,,,2020-21
WESTERN AUSTRALIAN MEAT MARKETING CO-OP LTD,54048449698,218790047,542261,,2020-21
WESTERN AUSTRALIAN SPECIALTY ALLOYS PTY LTD,14053910188,178160896,21165740,6349722,2020-21
WESTERN SUBURBS (N'CLE) LEAGUES CLUB LIMITED,24000973919,144975899,,,2020-21
WESTERN UNION FINANCIAL SERVICES (AUSTRALIA) PTY LIMITED,77082282773,124333970,1937305,581192,2020-21
WESTFIELD CORPORATION LIMITED,12166995197,149727296,177021,,2020-21
WESTGOLD RESOURCES LIMITED,60009260306,603507001,,,2020-21
WESTOZ INVESTMENT COMPANY LIMITED,99113332942,141264656,8568734,1222204,2020-21
WESTPAC BANKING CORPORATION,33007457141,27345013853,7749791320,2317260817,2020-21
WESTSIDE ENERGY PTY LTD,39168060366,118138920,,,2020-21
WEWORK AUSTRALIA PTY LTD,25607522510,107317331,,,2020-21
WH MCCARTHY PTY LTD,73000004893,435666715,7289253,2186776,2020-21
WHITE STRIPE FOODS PTY LTD,44105781977,101370841,3769988,1130996,2020-21
WHITEHAVEN COAL LIMITED,68124425396,1565042683,,,2020-21
WICET HOLDINGS PTY LTD,26131210001,1650137089,,,2020-21
WILEY PUBLISHING AUSTRALIA PTY LTD,48085710952,104167650,25404661,7299359,2020-21
WILLIAM ADAMS PTY LTD,72009569493,488105455,35010885,9826336,2020-21
WILLIAMS-SONOMA AUSTRALIA PTY LIMITED,75157917783,113613890,7848920,2354676,2020-21
WILLIS TOWERS WATSON AUSTRALIA HOLDINGS LIMITED,98112435079,170296542,12101845,2646586,2020-21
WILMAR AUSTRALIA HOLDINGS PTY LIMITED,79144972743,1475343552,,,2020-21
WILMAR GF HOLDINGS AUSTRALIA PTY LTD,55600457430,1094311651,39479716,136711,2020-21
WILMAR TRADING (AUSTRALIA) PTY LTD,58128080455,857867303,9123934,2629209,2020-21
WILSON PARKING AUSTRALIA 1992 PTY LTD,67052475911,849059433,,,2020-21
WILSON TRANSFORMER HOLDINGS PTY LTD,24109811136,241792535,9474199,,2020-21
WILUNA MINING CORPORATION LIMITED,18119887606,140398620,,,2020-21
WINDFIELD HOLDINGS PTY LTD,60160456164,494789844,96330257,26753518,2020-21
WINNING APPLIANCES PTY LIMITED,94002193688,588337090,10745386,2706484,2020-21
WINNING ONLINE GROUP PTY LIMITED,99151836314,243658804,2908110,647608,2020-21
WIPRO LIMITED,18093961936,360154385,43502113,13050634,2020-21
WISETECH GLOBAL LIMITED,41065894724,359746068,112742545,18295504,2020-21
WITRON AUSTRALIA PTY LTD,25627864126,117624442,6147473,1844242,2020-21
WLG HOLDINGS (AUSTRALIA) PTY LTD,42116743698,109266154,,,2020-21
WOLLONGONG COAL LIMITED,28111244896,214277720,,,2020-21
WOOD GROUP AUSTRALIA PTY LTD,51101049076,617256542,,,2020-21
WOODSIDE PETROLEUM LTD,55004898962,6699884738,157217920,,2020-21
WOODWARD FOODS AUSTRALIA PTY LTD,93623470575,284507512,1308795,392638,2020-21
WOOLNORTH WIND FARM HOLDING PTY LTD,91154051617,205210188,27134414,8140324,2020-21
WOOLWORTHS GROUP LIMITED,88000014675,49832631285,2496780963,636499375,2020-21
WORKPAC PTY LTD,52111076012,1269441266,,,2020-21
WORLD CLASS LAND (AUSTRALIA) PTY LTD,21167066426,212715750,7597317,2279195,2020-21
WORLEY LIMITED,17096090158,1562640843,45916624,,2020-21
WORMALD AUSTRALIA PTY LTD,80008399004,253869929,2747551,824265,2020-21
WORMALL CIVIL PTY LTD,60162970863,216033941,,,2020-21
WPP AUNZ LIMITED,84001657370,942239582,36972905,9084691,2020-21
WRIGHT PROSPECTING PTY LTD,35008677021,435575326,428514290,128554287,2020-21
WS AUDIOLOGY ANZ PTY LTD,30009163419,118988900,5648585,1667847,2020-21
WSP AUSTRALIA HOLDINGS PTY LTD,90169545395,703435197,70284018,17251814,2020-21
WURTH AUSTRALIA PTY LTD,48002487096,145438999,17097132,5129140,2020-21
WX TRADING PTY LTD,38624673141,33025703689,5913612,1774084,2020-21
WYNDHAM DESTINATIONS ASIA PACIFIC PTY LTD,30090083613,190548746,12659661,3132990,2020-21
XERO AUSTRALIA PTY LIMITED,89124215247,220983000,26867265,6864802,2020-21
XL INSURANCE COMPANY SE,36083570441,1706185572,,,2020-21
XYLEM AUSTRALIA HOLDINGS PTY LTD,89162495070,197821749,6091202,1827361,2020-21
YAMAHA MOTOR AUSTRALIA PTY LIMITED,88002556989,428385816,42797434,12839230,2020-21
YAMAHA MUSIC AUSTRALIA PTY LTD,84004259527,104337961,11879401,3563820,2020-21
YANCOAL AUSTRALIA LIMITED,82111859119,3919977778,,,2020-21
YANG KEE GROUP (AUSTRALIA) PTY LTD,28615582093,110170540,30662,,2020-21
YARA AUSTRALIA PTY LIMITED,77076301221,504002371,,,2020-21
YARRA PARK CITY PTY LTD,35169645103,336433773,,,2020-21
YELLOW BRICK ROAD HOLDINGS LIMITED,44119436083,167013137,,,2020-21
YENDA PRODUCERS CO-OPERATIVE SOCIETY LIMITED,79134587268,106273762,244886,,2020-21
YKK ALUMINIUM (AUSTRALIA) PTY LTD,66001779237,144881039,,,2020-21
YN ENERGY PTY LTD,88611962451,196177829,2536296,760889,2020-21
YOKOGAWA AUSTRALIA PTY LIMITED,36003888364,109820598,12161316,3641502,2020-21
YOUFOODZ HOLDINGS PTY LTD,38635434801,156120970,,,2020-21
YOUI HOLDINGS PTY LTD,41124972425,840368825,105177589,31351780,2020-21
YUSEN LOGISTICS (AUSTRALIA) PTY LTD,85003550776,106111772,,,2020-21
ZEBRA TECHNOLOGIES AUSTRALIA PTY LTD,14153920462,120222948,1777248,533174,2020-21
ZEUS ONE HOLDING COMPANY PTY LTD,54615424238,112042460,,,2020-21
ZEUSS CHILDCARE I PTY LTD,70609818386,354136572,,,2020-21
ZIMMER AUSTRALIA HOLDING PTY LIMITED,93107449534,277693568,3124053,937216,2020-21
ZIP CO LIMITED,50139546428,226277044,,,2020-21
ZOETIS AUSTRALIA PTY LTD,94156476425,393190840,25042272,7512682,2020-21
ZURICH FINANCIAL SERVICES AUSTRALIA LIMITED,11008423372,4379418024,,9127447,2020-21
