company_name,abn,total_income,taxable_income,tax_payable,income_year
21ST CENTURY RESORT HOLDINGS PTY LTD,33104201014,206773792,,,2013-14
3M AUSTRALIA PTY LTD,90000100096,452892659,86587682,25328872,2013-14
A P EAGERS LIMITED,87009680013,2561960532,91824776,22270429,2013-14
A.C.N. 003 933 300 PTY LIMITED,58003933300,338757483,,,2013-14
A2 AUSTRALIAN INVESTMENTS PTY LTD,93126014275,110173384,783187,234956,2013-14
AA HOLDINGS PTY LTD,94112233744,527619794,13769127,4130738,2013-14
AAPC LIMITED,87009175820,570890761,49107218,13273263,2013-14
ABACUS GROUP HOLDINGS LIMITED,31080604619,198340272,19042211,5712663,2013-14
ABB GROUP INVESTMENT MANAGEMENT PTY LTD,47082803852,1173330692,2754381,,2013-14
ABBOTT AUSTRALASIA PTY LIMITED,95000180389,400530322,24939732,7481920,2013-14
ABBVIE PTY LIMITED,48156384262,278129946,28985358,5003197,2013-14
ABC TISSUE PRODUCTS PTY LIMITED,33003085112,416340995,54388372,16316433,2013-14
ABNOTE GROUP (AUSTRALASIA) PTY LTD,71118294536,125923013,9384765,2736845,2013-14
ABP FINANCE PTY LIMITED,58139991101,210271588,,,2013-14
ACCENT GROUP PTY LTD,28001742552,130708267,5381072,1614322,2013-14
ACCENTURE AUSTRALIA HOLDINGS PTY LTD,61096995649,1409921569,170420860,50502197,2013-14
ACCESS PREPAID AUSTRALIA PTY LTD,47145452044,962674018,4271387,1281416,2013-14
ACCIONA ENERGY OCEANIA PTY LTD,98102345719,109303241,,,2013-14
ACCO BRANDS AUSTRALIA HOLDING PTY LIMITED,58130787923,145729198,22015848,5775676,2013-14
ACCOLADE WINES HOLDINGS AUSTRALIA PTY LIMITED,56103359299,400115212,,,2013-14
ACE AUSTRALIA HOLDINGS PTY LIMITED,64116987618,622031079,27455363,7829730,2013-14
ACER COMPUTER AUSTRALIA PTY LIMITED,78003872768,309078107,,,2013-14
ACN 085 239 998 PTY LTD,39085239998,479918758,32039735,9611920,2013-14
ACTAVIS PHARMA PTY LIMITED,95147695225,172031762,,,2013-14
ACTE PTY LTD,79122076877,180095123,78496711,23549013,2013-14
ACTION DRILL AND BLAST PTY LTD,13144682413,110072982,3033504,910051,2013-14
ACTIVISION BLIZZARD PTY LIMITED,90054096883,125574061,366388,77526,2013-14
AD ASTRA HOLDINGS PTY LIMITED,19111061726,141265526,24834050,7423987,2013-14
ADANI ABBOT POINT TERMINAL HOLDINGS PTY LTD,17154644685,268376014,,,2013-14
ADCO CONSTRUCTIONS PTY LIMITED,46001044391,504172377,9504522,2589041,2013-14
ADCOME PTY LTD,99110315681,240080911,,,2013-14
ADCORP HOLDINGS AUSTRALIA PTY LIMITED,91161583893,296385800,,,2013-14
ADECCO HOLDINGS PTY LTD,11003652088,529972818,,,2013-14
ADELAIDE BRIGHTON LIMITED,15007596018,1258243350,212524266,61010884,2013-14
ADIDAS AUSTRALIA PTY LTD,80058390659,233260318,14458827,4337648,2013-14
ADITYA BIRLA MINERALS LIMITED,37103515037,348620947,27524771,686892,2013-14
ADM TRADING AUSTRALIA PTY LTD,92126806979,1307023625,,,2013-14
ADSHEL STREET FURNITURE PTY LIMITED,77000081872,145074130,26736632,8020990,2013-14
AEGIS AUSTRALIA HOLDINGS PTY LTD,60147301700,388382443,28409118,4729182,2013-14
AGA ASSISTANCE AUSTRALIA PTY LTD,52097227177,122585827,,,2013-14
AGC AUSTRALIA PTY LTD,59081037274,256832148,25270657,,2013-14
AGCO AUSTRALIA LIMITED,89004092684,203027513,5956905,1787072,2013-14
AGGREGATE HOLDINGS PTY LIMITED,24000455881,251925354,49140943,6830820,2013-14
AGGREKO GENERATOR RENTALS PTY LTD,66001991457,147652504,26763233,8028970,2013-14
AGILENT TECHNOLOGIES AUSTRALIA PTY LTD,29088510605,126909580,36680008,2528759,2013-14
AGILITY LOGISTICS HOLDINGS PTY LTD,62116779876,508323459,6950723,2085217,2013-14
AGL ENERGY LIMITED,74115061375,8852853753,424942168,127054079,2013-14
AGL GENERATION HOLDCO PTY LTD,46155768291,1150860923,,,2013-14
AGNVET MANAGEMENT SERVICES PTY LIMITED,91087675465,265548816,12866045,3504100,2013-14
AGRIUM SP HOLDINGS PTY LIMITED,58146674400,2149184636,,,2013-14
AHI-CARRIER (AUSTRALIA) PTY LTD,47136426214,119325131,4217143,1265143,2013-14
AHL HOLDINGS PTY LIMITED,79105266073,260853421,58285029,15773817,2013-14
AHRENS GROUP PTY LTD,76114260230,289628878,19508901,3497394,2013-14
AIA AUSTRALIA LIMITED,79004837861,2417119203,89716603,24951097,2013-14
AIG AUSTRALIA LIMITED,93004727753,901085113,60911251,17394313,2013-14
AINSWORTH GAME TECHNOLOGY LTD,37068516665,184998703,74246760,11949990,2013-14
AIR LIQUIDE AUSTRALIA LIMITED,57004385782,262250671,38598915,9698332,2013-14
AIRBUS GROUP AUSTRALIA PACIFIC HOLDINGS PTY LIMITED,75003066788,584819466,44623101,10505692,2013-14
AIRPORT MOTORWAY HOLDINGS PTY LTD,55078322531,108673669,,,2013-14
AIRSERVICES AUSTRALIA,59698720886,1020857153,38281256,9235040,2013-14
AJ LUCAS GROUP LIMITED,12060309104,241904325,,,2013-14
AKZO NOBEL COATINGS (HOLDINGS) PTY LTD,51000285012,247136917,12317658,3695297,2013-14
ALCATEL-LUCENT AUSTRALIA LIMITED,97000005363,555569443,,,2013-14
ALCOA AUSTRALIAN HOLDINGS PTY LTD,33096987370,654200646,239670920,4379513,2013-14
ALCOA OF AUSTRALIA LIMITED,93004879298,3737941967,557714949,163687063,2013-14
ALDI FOODS PTY LIMITED,18086210139,4998069169,272011264,81603379,2013-14
ALH GROUP PTY LTD,68098212134,3848467111,334143111,100242933,2013-14
ALIMFRESH PTY LIMITED,78002831843,205235396,39654158,3135469,2013-14
ALINTA HOLDINGS,52148012471,809752060,,,2013-14
ALINTA POWER CAT PTY LTD,63124509619,1698802352,449839,,2013-14
ALLERGAN AUSTRALIA PTY LTD,85000612831,184994979,8550591,2300487,2013-14
ALLIANCE AVIATION SERVICES LIMITED,96153361525,211471412,,,2013-14
ALLIANZ AUSTRALIA LIMITED,21000006226,3660191841,618867821,175186503,2013-14
ALLIED GOLD FINANCE PTY LTD,20141429969,121385140,,,2013-14
ALLIED MILLS AUSTRALIA PTY LIMITED,61101262588,489474681,26376589,6080048,2013-14
ALLSEAS CONSTRUCTION CONTRACTORS SA,45096664649,771779777,29469207,8840762,2013-14
ALMONDCO AUSTRALIA LIMITED,81062887352,180738532,102345,30704,2013-14
ALS LIMITED,92009657489,700156218,59965470,15932399,2013-14
ALSCO PTY LIMITED,26000435629,240037682,36074974,10812612,2013-14
ALSTOM AUSTRALIA LIMITED,81000215092,399986513,,,2013-14
ALTOMONTE HOLDINGS PTY LIMITED,18000821910,399998346,,,2013-14
ALUMINA & BAUXITE COMPANY LTD,52692964098,209319171,,,2013-14
ALUMINA LIMITED,85004820419,100465119,122376655,,2013-14
AMADEUS IT PACIFIC PTY LTD,22080674255,100669536,13401885,830219,2013-14
AMALGAMATED HOLDINGS LIMITED,51000005103,521411009,77062230,22663356,2013-14
AMAYSIM AUSTRALIA PTY LTD,65143613478,130513365,93714,,2013-14
AMCOM TELECOMMUNICATIONS LTD,20062046217,170414293,24776705,5769869,2013-14
AMCOR LIMITED,62000017372,2085769072,,,2013-14
AMEC AUSTRALIA HOLDING COMPANY PTY LTD,23138831455,300623526,,,2013-14
AMERICAN EXPRESS AUSTRALIA LIMITED,92108952085,943500000,,,2013-14
AMERICAN EXPRESS CREDIT CORPORATION,99110265088,258447720,53648266,16094480,2013-14
AMERICAN EXPRESS INTERNATIONAL INC AUSTRALIA BRANCH,15000618208,164158854,,,2013-14
AMERICOLD AUSTRALIAN HOLDINGS PTY LTD,48117491291,230328715,22516612,6754984,2013-14
AMGEN AUSTRALIA PTY LIMITED,31051057428,297131974,21066081,6319824,2013-14
AMGROW PTY LTD,81100684786,422182986,23599351,4838458,2013-14
AMP CAPITAL HOLDINGS LTD,69078651966,664135038,115565504,34040100,2013-14
AMP LIMITED,49079354519,30122634357,4939066279,375599394,2013-14
AMPLIFON AUSTRALIA HOLDING PTY LTD,34147231561,127441784,23840110,7152033,2013-14
ANGLO AMERICAN AUSTRALIA LIMITED,47004892371,3541479600,158413873,,2013-14
ANGLOGOLD INVESTMENTS AUSTRALIA PTY LTD,48090112459,477203659,,,2013-14
ANIXTER AUSTRALIA PTY LTD,68055815551,105870925,3725992,1117798,2013-14
ANL CONTAINER LINE PTY LTD,41083962136,161503758,31522279,7696448,2013-14
ANSALDO STS AUSTRALIA PTY LTD,34068707380,390207852,51519690,15090914,2013-14
ANSELL LIMITED,89004085330,330356539,7532585,,2013-14
ANSVAR INSURANCE LIMITED,21007216506,104198000,,,2013-14
AON CORPORATION AUSTRALIA LTD,58004756772,490222523,83452443,23512829,2013-14
APACHE ENERGY LIMITED,39009301964,1287902818,188191222,44877659,2013-14
APCO SERVICE STATIONS PTY LTD,91007229898,290762746,4398076,1319423,2013-14
APN NEWS & MEDIA LIMITED,95008637643,310370703,21299792,,2013-14
APN OUTDOOR GROUP LIMITED,57155848589,210930501,3907105,1067880,2013-14
APPLE PTY LTD,46002510054,6152690557,247363687,74100675,2013-14
AQUASURE FINANCE PTY LTD,35136072627,355936371,,,2013-14
AQUASURE HOLDINGS PTY LTD,46135956053,351754795,,,2013-14
ARA GROUP PTY LTD,47074886561,301253004,7783667,2328507,2013-14
ARB CORPORATION LTD,31006708756,300804012,47292489,13095669,2013-14
ARDAGH AUSTRALASIA HOLDINGS PTY LTD,55127112038,115276565,,,2013-14
ARDENT LEISURE LIMITED,22104529106,399975892,6822656,1701257,2013-14
ARGO INVESTMENTS LIMITED,35007519520,225994419,297769149,21972452,2013-14
ARJ GROUP HOLDINGS PTY LTD,31104958527,490763874,48975684,14692705,2013-14
ARNOTTS BISCUITS HOLDINGS PTY LTD,84080889621,1311808446,82930177,12960737,2013-14
AROWANA INTERNATIONAL LIMITED,83103472751,157169366,,,2013-14
ARRIUM LIMITED,63004410833,5611827651,888380720,,2013-14
ARROW ENERGY HOLDINGS PTY LTD,94141385293,292578318,,,2013-14
ARUP PTY LIMITED,18000966165,219993322,7078941,2104888,2013-14
ARVINMERITOR LIGHT VEHICLE SYSTEMS AUSTRALIA PTY LTD,46004314372,102853131,12645758,3793728,2013-14
ARYZTA HOLDINGS ASIA PACIFIC PTY LIMITED,57146007365,139206734,5947174,1161328,2013-14
ASAHI HOLDINGS (AUSTRALIA) PTY LTD,48135315767,1413916864,37903620,5278504,2013-14
ASALEO CARE LIMITED,61154461300,682316387,19892209,,2013-14
ASC PTY LTD,64008605034,918298620,19272132,5621681,2013-14
ASCENDAS HOSPITALITY OPERATIONS PTY LTD,28156287857,137945537,16431250,4929375,2013-14
ASCIANO LIMITED,26123652862,3771942747,385763554,112022222,2013-14
ASG GROUP LIMITED,57070045117,160072700,11386739,,2013-14
ASHTON COAL MINES LIMITED,66096238603,150827192,,,2013-14
ASICS OCEANIA PTY LIMITED,59003091389,164057360,39312132,11331962,2013-14
ASP PACIFIC HOLDINGS PTY LTD,91080401930,314389276,2383401,715020,2013-14
ASPEN ASIA PACIFIC PTY LIMITED,75146444484,1174884166,168636248,44477251,2013-14
ASPEN MEDICAL,32105250413,286097619,33445098,10033529,2013-14
ASSA ABLOY AUSTRALIA PACIFIC PTY LTD,81095354582,264048119,28218770,6680636,2013-14
ASSOCIATED MOTOR HOLDINGS AUSTRALIA PTY LTD,79113527263,322201806,,,2013-14
ASSOCIATED RETAILERS LIMITED,42004520030,207705382,,,2013-14
ASTRAZENECA HOLDINGS PTY LTD,59066876962,1109056414,97896517,28123409,2013-14
ASX LIMITED,98008624691,808112445,545587833,156618194,2013-14
AT&T GLOBAL NETWORK SERVICES  AUSTRALIA PTY LIMITED,72087916701,104883506,5240973,1572292,2013-14
ATCO AUSTRALIA PTY LTD,74091033546,267701486,19073054,2245953,2013-14
ATCO STRUCTURES & LOGISTICS PTY LTD,71083902309,242240943,47920439,14160028,2013-14
ATLAS COPCO SOUTH PACIFIC HOLDINGS PTY LTD,87107374550,741800903,24423912,7232136,2013-14
ATLAS IRON LIMITED,63110396168,1120199897,,,2013-14
ATLAS SPECIALTY METALS PTY LTD,13004496128,118237914,,,2013-14
AUDI AUSTRALIA PTY LIMITED,86077092776,1026456938,23372293,7011688,2013-14
AURECON GROUP PTY LTD,12133838187,511621331,35120354,6904020,2013-14
AURIZON HOLDINGS LIMITED,14146335622,3922949944,124287323,27220662,2013-14
AUSCAN HOLDINGS PTY LTD,70084400886,243917831,,,2013-14
AUSCO HOLDINGS PTY LIMITED,13150795547,174141034,7319279,2000211,2013-14
AUSCO MARTIN PTY LTD,65100242368,210848524,47778657,14333597,2013-14
AUSCOTT LIMITED,38008436011,215505818,4683624,1404807,2013-14
AUSDRILL LTD,95009211474,751167708,5472106,,2013-14
AUSENCO LIMITED,31114541114,190343248,,,2013-14
AUSNET SERVICES (DISTRIBUTION) LTD,37108788245,1311242643,,,2013-14
AUSNET SERVICES (TRANSMISSION) LTD,48116124362,665615204,138462704,40334508,2013-14
AUSTAL LIMITED,73009250266,292347224,11364011,24858,2013-14
AUSTRALAND HOLDINGS LTD,12008443696,679499811,,,2013-14
AUSTRALASIAN LUBRICANTS MANUFACTURING COMPANY PTY LTD,65088894857,459918081,,,2013-14
AUSTRALASIAN PERFORMING RIGHT ASSOCIATION LIMITED,42000016099,199093000,,,2013-14
AUSTRALIA AND NEW ZEALAND BANKING GROUP LIMITED,11005357522,30412062053,8048394614,1964803966,2013-14
AUSTRALIA BUNKERING PTY LIMITED,26123643952,201986395,1479730,443919,2013-14
AUSTRALIA MILLING GROUP PTY LTD,57127428406,156218406,,,2013-14
AUSTRALIA PACIFIC AIRPORTS CORPORATION LIMITED,89069775266,731793603,217214918,65164475,2013-14
AUSTRALIA PACIFIC LNG PTY LTD,68001646331,481443393,,,2013-14
AUSTRALIAN AGRICULTURAL COMPANY LTD,15010892270,444887052,,,2013-14
AUSTRALIAN BAKELS (PTY) LTD,35000112836,112555104,14456998,3963966,2013-14
AUSTRALIAN BULLION COMPANY (JEWELLERY) PTY LIMITED,13003013358,422264353,1637559,491268,2013-14
AUSTRALIAN BULLION COMPANY (NSW) PTY LTD,82002858602,1029275434,11176749,3353025,2013-14
AUSTRALIAN CENTRAL CREDIT UNION LTD,11087651125,385058435,41260142,11396870,2013-14
AUSTRALIAN COMFORT GROUP HOLDINGS PTY LIMITED,48143785522,194327899,14884594,,2013-14
AUSTRALIAN CONSOLIDATED FOOD HOLDINGS PTY LTD,74152947101,1490441313,29230257,2402729,2013-14
AUSTRALIAN FINANCE GROUP LTD,11066385822,414224929,24343298,7302989,2013-14
AUSTRALIAN FOUNDATION INVESTMENT COMPANY LIMITED,56004147120,355583314,363555930,13540809,2013-14
AUSTRALIAN GOLD REAGENTS PTY LTD,93009140121,149091630,,,2013-14
AUSTRALIAN GOVERNMENT SOLICITOR,69405937639,113039185,4688184,1406455,2013-14
AUSTRALIAN GRAIN EXPORT PTY LTD,92073563185,258005150,2709238,812771,2013-14
AUSTRALIAN GRAIN GROWERS CO-OPERATIVE LTD,33719186591,118723313,371861,111558,2013-14
AUSTRALIAN HOSPITAL PARTNERS HOLDINGS PTY LTD,32151280358,431000515,,,2013-14
AUSTRALIAN INDEPENDANT RETAILERS PTY LTD,66004678675,1461122676,7868619,2360586,2013-14
AUSTRALIAN INDEPENDENT RURAL RETAILERS PTY LTD,36112308835,295263753,6483483,1945045,2013-14
AUSTRALIAN LAMB COMPANY PTY LTD,51007340123,266450588,3226469,967941,2013-14
AUSTRALIAN LEADERS FUND LIMITED,64106845970,1040512087,52679014,11910429,2013-14
AUSTRALIAN MOTOR GROUP PTY LTD,67095047902,238257088,7838544,2351563,2013-14
AUSTRALIAN PACIFIC (HOLDINGS) PTY LTD,43005419652,391037774,10535266,1919889,2013-14
AUSTRALIAN PHARMACEUTICAL INDUSTRIES LIMITED,57000004320,3322342844,,,2013-14
AUSTRALIAN PIPELINE TRUST,21858175226,1355623093,13052533,,2013-14
AUSTRALIAN POSTAL CORPORATION,28864970579,6397246721,399897708,68882229,2013-14
AUSTRALIAN POWER AND GAS LTD,96077206583,171942812,,,2013-14
AUSTRALIAN RADIO NETWORK PTY LIMITED,95065986987,136145815,45020850,11663398,2013-14
AUSTRALIAN RAIL TRACK CORPORATION LTD,75081455754,782039683,,,2013-14
AUSTRALIAN RURAL EXPORTS PTY LTD,49009933831,251113263,10054673,3016402,2013-14
AUSTRALIAN SCENIC HOLDINGS PTY LTD,56065395815,384290748,20160076,5935852,2013-14
AUSTRALIAN SCHOLARSHIPS GROUP FRIENDLY SOCIETY LIMITED,21087648879,194490003,14789852,,2013-14
AUSTRALIAN UNITY LIMITED,23087648888,1211470116,25685010,5649,2013-14
AUSTRALIAN VINTAGE LTD,78052179932,217287000,,,2013-14
AUSTRALIANSUPER PTY LTD,94006457987,265470029,,,2013-14
AUTO & GENERAL HOLDINGS PTY LTD,84086321459,166707496,16463830,4939149,2013-14
AUTO & GENERAL INSURANCE COMPANY LTD,42111586353,385084206,25898694,7769608,2013-14
AUTOMATIC DATA PROCESSING LIMITED,70003924945,127525824,5467094,1062248,2013-14
AUTOMOTIVE HOLDINGS GROUP LIMITED,35111470038,4024416503,102279477,23010342,2013-14
AVANADE AUSTRALIA PTY LIMITED,58093925207,130860239,14300981,4290294,2013-14
AVANT MUTUAL GROUP LIMITED,58123154898,432702674,93073371,25159356,2013-14
AVENG AUSTRALIA HOLDINGS PTY LTD,33108058331,2364360263,,,2013-14
AVEO GROUP LIMITED,28010729950,465217769,714286,,2013-14
AVERY PROPERTIES PTY LTD,40007713564,174494925,15596100,4671809,2013-14
AVIS MANAGEMENT PTY LTD,50001889336,753066730,19061629,5608864,2013-14
AVJENNINGS LIMITED,44004327771,265599757,,,2013-14
AVNET (AUSTRALIA) PTY LTD,15090111890,571972851,4060767,1218230,2013-14
AVON PRODUCTS PTY LIMITED,48008428457,130073750,,,2013-14
AWE LIMITED,70077897440,200760607,,,2013-14
AXIA ENERGY AUSTRALIA PTY LIMITED,75108275216,125953732,20404732,6121420,2013-14
AXIS SPECIALTY EUROPE SE,19131203122,121514488,,,2013-14
AZSA HOLDINGS PTY LIMITED,51082714770,3774313258,,,2013-14
B O C LIMITED (CONSOLIDATED),95000029729,1808424169,261280821,76824558,2013-14
B.M.D. HOLDINGS PTY. LIMITED,47010093348,770657183,128570,,2013-14
BA AUSTRALIA LIMITED,50004617341,246517613,,,2013-14
BABCOCK & BROWN INTERNATIONAL PTY LTD,76108617483,680878204,,,2013-14
BAC HOLDINGS LIMITED,67108568038,606464787,31745866,9523760,2013-14
BAE SYSTEMS AUSTRALIA HOLDINGS LIMITED,44008648333,1464530266,72372088,,2013-14
BAIADA POULTRY PTY LIMITED,96002925948,1589659728,81659994,23170912,2013-14
BAIN INTERNATIONAL INC,29003850619,101391196,14877349,4463205,2013-14
BAKER HUGHES AUSTRALIA PTY LIMITED,20004752050,394694845,19743002,5922901,2013-14
BALFOUR BEATTY AND PARSONS BRINCKERHOFF LIMITED PARTNERSHIP,82329215178,512990579,,,2013-14
BALVERONA PTY LTD,78002826173,272968197,,,2013-14
BANK OF AMERICA NATIONAL ASSOCIATION,51064874531,308311056,,,2013-14
BANK OF CHINA LIMITED SYDNEY BRANCH,29002979955,512700990,184556917,55367075,2013-14
BANK OF QUEENSLAND LIMITED,32009656740,2320521653,421373610,122739307,2013-14
BANK OF SCOTLAND PLC SYDNEY BRANCH,24111084434,116548145,,,2013-14
BANPU AUSTRALIA CO. PTY LTD,56136468007,1052837368,,,2013-14
BAOSTEEL AUSTRALIA MINING COMPANY PTY LTD,93100513844,238277736,116508493,34952548,2013-14
BARCLAYS BANK PLC,86062449585,603596569,,,2013-14
BARMINCO HOLDINGS PTY LTD,85126398276,496425812,,,2013-14
BARRICK (AUSTRALIA PACIFIC HOLDINGS) P TY LTD,68085702558,1396954801,50202780,10457770,2013-14
BARRICK (PD) AUSTRALIA LIMITED,80050284967,749702564,8622640,1533081,2013-14
BARTTER HOLDINGS PTY LIMITED,84104671561,1477393440,,,2013-14
BASF AUSTRALIA LTD,62008437867,565348947,,,2013-14
BAUER MEDIA AUSTRALIA LP,55874600262,470358989,15445361,4579648,2013-14
BAXTER HEALTHCARE PTY LIMITED,43000392781,533945444,27399501,7624859,2013-14
BAYER AUSTRALIA LIMITED,22000138714,932779963,69966803,14332639,2013-14
BAYFORD GROUP PTY. LIMITED,22007414593,298175022,678911,203673,2013-14
BBC WORLDWIDE AUSTRALIA HOLDINGS PTY LTD,85127624104,115870353,2257160,,2013-14
BBQSAM HOLDINGS PTY LTD,41159613706,696035303,,,2013-14
BC IRON LIMITED,21120646924,472973433,98451507,27855162,2013-14
BGC (AUSTRALIA) PTY LTD,62005736005,2174792208,122251938,34067240,2013-14
BEACH ENERGY LIMITED,20007617969,1087627497,312654339,64075140,2013-14
BEADELL RESOURCES LTD,50125222291,102704966,,,2013-14
BEAM GLOBAL AUSTRALIA PTY LIMITED,85003953357,269305287,9074055,2638854,2013-14
BECA PTY LTD,85004974341,112197898,5603938,,2013-14
BECHTEL AUSTRALIA PTY LTD,42006334505,8134366728,1105507810,331652343,2013-14
BECTON DICKINSON PTY LIMITED,82005914796,157701214,9547314,2864194,2013-14
BEGA CHEESE LIMITED,81008358503,833946192,80132778,21545439,2013-14
BEIERSDORF AUSTRALIA LIMITED,98000025623,149392454,13637763,4091329,2013-14
BELL FINANCIAL GROUP LIMITED,59083194763,145702091,12356503,3706951,2013-14
BELRON AUSTRALIA PTY LIMITED,97001052704,170573213,,,2013-14
BENDIGO AND ADELAIDE BANK LTD,11068049178,3301542953,496813766,137608745,2013-14
BERNAFON AUSTRALIA PTY LTD,19050487593,153101450,6577421,1973226,2013-14
BEST BAR PTY LTD,48068713539,158754464,,,2013-14
BG INTERNATIONAL (AUS) PTY LIMITED,76130856843,121593391,,,2013-14
BHAGWAN MARINE PTY LTD,81009154349,251660380,24688563,7406569,2013-14
BHCA PTY LIMITED,99126164163,3128006683,536220,,2013-14
BHP BILLITON ALUMINIUM AUSTRALIA PTY L TD,65063671349,2888633195,59260030,,2013-14
BHP BILLITON LIMITED,49004028077,40531195540,13760303234,3950825604,2013-14
BHP BILLITON MITSUI COAL PTY LTD,34009713875,1051299000,179171109,52933134,2013-14
BHP IRON ORE (JIMBLEBAR) PTY LTD,95009114210,1076108111,181577082,54473125,2013-14
BIDVEST AUSTRALIA LIMITED,33000228231,2451232850,99434902,29804339,2013-14
BIG BEN HOLDINGS PTY LTD,63008434562,285617332,23671560,5720471,2013-14
BILLABONG INTERNATIONAL LIMITED,17084923946,606307614,,,2013-14
BINDAREE BEEF PTY LIMITED,42056599163,378726255,24148876,7244663,2013-14
BING LEE ELECTRICS PTY LTD,61000733488,325595324,554949,166485,2013-14
BIS INDUSTRIES GROUP LIMITED,43166293849,703264599,,,2013-14
BLACKMAGIC DESIGN PTY LTD,30098098287,206801408,40702655,5327489,2013-14
BLACKMORES LIMITED,35009713437,310204310,48090350,7365959,2013-14
BLACKROCK AUSTRALIA HOLDCO PTY LTD,22139463693,132817790,,,2013-14
BLACQUA PTE LTD,62169810011,280619835,13343122,4002937,2013-14
BLUE STAR GROUP AUSTRALIA PTY LTD,58000205210,226410252,4253116,1275935,2013-14
BLUESCOPE STEEL LTD,16000011058,4678479447,319395839,,2013-14
BLUEWATER (GLAS DOWR) N.V,24910320479,145887892,2325264,697579,2013-14
BLUEWATERS POWER 1 PTY LTD,93106034879,194287974,,,2013-14
BLUEWATERS POWER 2 PTY LTD,57122896968,196796679,,,2013-14
BM ALLIANCE COAL OPERATIONS PTY LTD,67096412752,511459003,,,2013-14
BMW AUSTRALIA LTD,11004675129,2020881108,186107910,55832373,2013-14
BNP PACIFIC (AUSTRALIA) LTD,31000226666,275291469,,,2013-14
BNP PARIBAS,23000000117,2443480875,,,2013-14
BNP PARIBAS SECURITIES SERVICES AUSTRALIAN BRANCH,87149440291,138836238,,,2013-14
BNT HOLDCO PTY LIMITED,49129156921,259422999,23640780,7092234,2013-14
BOART LONGYEAR LTD,49123052728,402096095,,,2013-14
BOB FORBES CORPORATION PTY LTD,55001442520,217803721,7143214,2142958,2013-14
BOB JANE CORPORATION PTY LTD,52005870431,280570766,8034696,2410409,2013-14
BOC AIP LIMITED PARTNERSHIP (CONSOLIDATED),19883689849,232581141,332122821,58450,2013-14
BOEHRINGER INGELHEIM PTY LIMITED,52000452308,396003110,24581184,4784789,2013-14
BOEING AUSTRALIA HOLDINGS PTY LTD,42101168932,1024777040,52864060,,2013-14
BOMBARDIER TRANSPORTATION AUSTRALIA PT Y LTD,73010699804,468151035,67801071,3472444,2013-14
BOOM LOGISTICS LIMITED,28095466961,273320095,,,2013-14
BORAL LIMITED,13008421761,4289352306,190159404,39510825,2013-14
BORG MANUFACTURING PTY LIMITED,31003246357,287109947,15137706,3903378,2013-14
BOROUGE AUSTRALIA PTY LTD,45120210782,117465847,301559,90468,2013-14
BOSKALIS AUSTRALIA PTY LIMITED,83099738333,375952965,,,2013-14
BOSTON SCIENTIFIC PTY LIMITED,45071676063,212296201,18048317,5414495,2013-14
BOWEN & POMEROY PTY LTD,78004174887,236590277,11468061,3440418,2013-14
BOYNE SMELTERS LTD,90010061935,978872295,50802479,,2013-14
BP REGIONAL AUSTRALASIA HOLDINGS PTY LTD,91092495700,28217272718,1863095424,515344160,2013-14
BPIH PTY LIMITED,61100364234,1486947109,,,2013-14
BPL ADELAIDE PTY LIMITED,40108037798,290065486,125525,37658,2013-14
BRADKEN LIMITED,33108693009,730074540,15277321,3534564,2013-14
BRAEMAR POWER PROJECT PTY LTD,54113386600,215154190,,,2013-14
BRAMBLES LIMITED,89118896021,1195944233,158869270,39464681,2013-14
BRAND DEVELOPERS AUST PTY LTD,70115139565,254287649,22491195,6747358,2013-14
BRENNTAG AUSTRALIA PTY LTD,84117996595,104848805,5336513,1600954,2013-14
BREVILLE GROUP LIMITED,90086933431,301024560,61737503,12853397,2013-14
BRICKWORKS LIMITED,17000028526,864046894,88381142,,2013-14
BRIDGESTONE AUSTRALIA LTD,65007516841,536728694,,,2013-14
BRIDGESTONE EARTHMOVER TYRES PTY LTD,74000069714,488293695,26793336,8038001,2013-14
BRIERTY LTD,65095459448,236444393,23308284,1874256,2013-14
BRIGHT FOOD GROUP HOLDINGS PTY LTD,95152610645,515401819,25244035,7260872,2013-14
BRIGHTPOINT AUSTRALIA PTY LIMITED,32075244870,106233014,914761,,2013-14
BRIGHTSTAR LOGISTICS PTY LTD,58111399752,336704500,20473693,4970917,2013-14
BRISTOL-MYERS SQUIBB AUSTRALIA PTY LTD,33004333322,224186000,22689051,1067214,2013-14
BRISTOW HELICOPTERS AUSTRALIA PTY LTD,92000565579,182877992,,,2013-14
BRITISH AMERICAN TOBACCO (AUSTRALASIA HOLDINGS) PTY LIMITED,23095066345,4602509190,1029595847,307308440,2013-14
BROOKFIELD JOHNSON CONTROLS AUSTRALIA PTY LTD,46122178741,299086434,20741658,5949209,2013-14
BROTHER INTERNATIONAL (AUSTRALIA) PTY LIMITED,17001393835,186291944,6875231,2062569,2013-14
BROWN & HURLEY GROUP PTY LTD,66010732966,373604919,18784576,5635323,2013-14
BROWN-FORMAN AUSTRALIA PTY LIMITED,87000064086,221952886,7518287,2255486,2013-14
BRP AUSTRALIA PTY LIMITED,64097370100,137820699,2521544,756463,2013-14
BRUNEL AUSTRALIA HOLDINGS PTY LTD,60078544126,158317161,5523204,1656961,2013-14
BRUNEL TECHNICAL SERVICES PTY LTD,22101589691,189482915,4242742,1272823,2013-14
BSA LTD,50088412748,491770363,,,2013-14
BSH HOME APPLIANCES PTY LTD,22109198405,193343649,4989970,1496991,2013-14
BT AUSTRALASIA PTY LIMITED,93003050146,230929278,15478888,4643666,2013-14
BT INVESTMENT MANAGEMENT LIMITED,28126385822,245703040,49781167,14934350,2013-14
BUICK HOLDINGS PTY LTD,76094424674,673071434,7555881,2266764,2013-14
BUNGE AGRIBUSINESS AUSTRALIA PTY LTD,46097843582,387850015,,,2013-14
BUNZL AUSTRALASIA LIMITED,18004611090,708256050,19489189,5839230,2013-14
BUPA AUSTRALIA HEALTHCARE HOLDINGS PTY LIMITED,16126737308,6075403068,283970972,80174661,2013-14
BUREAU VERITAS AUSTRALIA PTY LTD,15090874570,325193650,,,2013-14
BURNS PHILP AND CO PTY LIMITED,65000000359,2263119765,,,2013-14
BURRA FOODS PTY LTD,58007119904,201203993,1017924,,2013-14
BURRUP FACILITIES COMPANY PTY LTD,28122234539,906947654,188535704,56560711,2013-14
BURRUP TRAIN 1 PTY LTD,77122234306,1548560122,156299011,46889703,2013-14
BURSON GROUP LIMITED,80153199912,341648546,8286801,2486040,2013-14
BYRNECUT AUSTRALIA PTY LTD,94129142516,594597863,51446916,14625885,2013-14
C S AUSTRALIA PTY LTD,84093488361,832629480,,,2013-14
CA (PACIFIC) PTY LIMITED,20001146345,185658085,27269150,5155316,2013-14
CABCHARGE AUSTRALIA LIMITED,99001958390,219535356,69086467,19400994,2013-14
CADENCE CAPITAL LIMITED,17112870096,219921355,28331772,6509740,2013-14
CALIBRE GROUP LIMITED,44100255623,698686165,24418049,,2013-14
CALLIDEN GROUP LIMITED,37061215601,240292075,500000,,2013-14
CALTEX AUSTRALIA LTD,40004201307,26741291726,502136522,144493240,2013-14
CAMBRIDGE GULF LIMITED,16026785781,102057442,5667018,1700105,2013-14
CAMERON APME HOLDING PTY LTD,37141037925,141766903,,,2013-14
CAML RESOURCES PTY LTD,84080649029,264663956,27712210,8243056,2013-14
CAMPARI AUSTRALIA PTY LIMITED,72137554726,133726624,2634098,790229,2013-14
CANTARELLA BROS PTY LIMITED,68000095607,202836651,27360099,8207001,2013-14
CAPE AUSTRALIA HOLDINGS PTY LTD,12126824397,135140610,,,2013-14
CAPGEMINI AUSTRALIA PTY LIMITED,11092284314,234226775,,,2013-14
CAPITAL PROPERTY FINANCE PTY LIMITED,98008608928,209237945,63765370,16651574,2013-14
CAPRAL LTD,78004213692,316180112,,,2013-14
CARDNO LIMITED,70108112303,550597818,89010688,16377420,2013-14
CAREERS AUSTRALIA GROUP LIMITED,52122171840,115668340,10959954,3287986,2013-14
CARGILL AUSTRALIA LIMITED,42004684173,2596779944,,,2013-14
CARLISLE HOMES PTY LTD,86106263209,210149672,17683222,5304967,2013-14
CARLISLE INVESTMENTS PTY LIMITED,96001235392,297055560,10882674,3237135,2013-14
CARPET COURT AUSTRALIA LTD,77001195697,153342914,,,2013-14
CARSALES.COM LTD,91074444018,227549150,128446727,36441793,2013-14
CASELLA WINES PTY LIMITED,96060745315,400923218,46439050,13931715,2013-14
CASH CONVERTERS INTERNATIONAL LIMITED,39069141546,226118077,58580015,17546388,2013-14
CATERPILLAR FINANCIAL AUSTRALIA LIMITED,70006714585,244309192,121693537,36508061,2013-14
CATERPILLAR GLOBAL MINING PTY LTD,63088993668,150840414,13543428,,2013-14
CATERPILLAR UNDERGROUND MINING PTY LTD,69069652866,299157817,31165201,6949555,2013-14
CB NORWOOD PTY LTD,34160439485,1964524811,15990280,4315525,2013-14
CBH GRAIN PTY LTD,39089394883,3436600727,40947577,,2013-14
CBH RESOURCES LIMITED,27009423858,243074487,,,2013-14
CBI CONSTRUCTORS PTY LTD,90000612411,1324731630,128763122,38628937,2013-14
CBRE PTY LTD,57057373574,338919868,46500717,9033977,2013-14
CDJV CONSTRUCTION PTY LTD,57154142131,201328712,,,2013-14
CEBAS PTY LTD,15009156003,272963801,26212864,7863859,2013-14
CEDAR WOODS PROPERTIES LIMITED,47009259081,213611541,59070128,15084828,2013-14
CELGENE PTY LTD,42118998771,106214885,6358169,1907451,2013-14
CEMENT AUSTRALIA HOLDINGS PTY LTD,99001085561,485332382,105836808,21018431,2013-14
CENTAMIN EGYPT LTD,86007700352,533189845,,,2013-14
CENTREPOINT ALLIANCE LIMITED,72052507507,174840129,,,2013-14
CEREAL PARTNERS AUSTRALIA PTY LIMITED,98120338249,202437264,14318888,1946825,2013-14
CEREBOS AUSTRALIA LTD,82004304803,172485090,12289315,1282587,2013-14
CEVA PTY LTD,27122147433,419434728,,,2013-14
CGG MARINE (NORWAY) AS,65223637844,102260238,,,2013-14
CH2 HOLDINGS PTY LTD,80113630505,833657814,,,2013-14
CHALLENGER LIMITED,85106842371,1298834217,166595275,38421651,2013-14
CHAMBERLAIN HOLDINGS LIMITED,85008688202,930471303,41788971,12529615,2013-14
CHANDLER MACLEOD GROUP LIMITED,33090555052,1340555765,21832059,5921378,2013-14
CHANEL (AUSTRALIA) PTY LTD,83000012153,149553503,12902355,3870706,2013-14
CHASSIS BRAKES INTERNATIONAL (AUSTRALIA) PTY LTD,19006530427,126402857,,,2013-14
CHEVRON AUSTRALIA HOLDINGS PTY LTD,60098079344,3031734021,,,2013-14
CHINA CONSTRUCTION BANK CORPORATION,24125167553,250520805,41156622,12346987,2013-14
CHINA MERCHANTS LOSCAM HOLDINGS AUSTRALIA PTY LTD,46144845867,350217090,,,2013-14
CHINA RAILWAY MATERIALS (AUSTRALIA) PT Y LTD,15120794701,218431293,,,2013-14
CHINATEX (AUSTRALIA) WOOL COMPANY PTY LTD,40003400217,795130303,,,2013-14
CHINOVA RESOURCES PTY LTD,20107689878,202013000,,,2013-14
CHIPPEN HOLDINGS PTY LTD,75054492474,374482180,4848135,1454440,2013-14
CHOBANI (AUSTRALIA) PTY LTD,60150876305,139854797,366780,110034,2013-14
CHRISCO HAMPERS AUSTRALIA LIMITED,41080852535,148785542,4128444,1238533,2013-14
CHRYSLER AUSTRALIA PTY LTD,23125956505,1262364039,42638611,12791583,2013-14
CHUBB INSURANCE COMPANY OF AUSTRALIA LIMITED,69003710647,487170875,95989372,28756037,2013-14
CIC AUSTRALIA LIMITED,92003157515,101067309,25834013,,2013-14
CIMC MODULAR BUILDING SYSTEMS (AUSTRALIA) PTY LTD,28139734633,122725581,5473051,1641915,2013-14
CISCO SYSTEMS AUSTRALIA PTY LTD,52050332940,1374284057,68356597,19515566,2013-14
CITIBANK NA,34072814058,822162107,652322057,195696617,2013-14
CITIC PACIFIC MINING MANAGEMENT PTY LT D,64119578371,525128961,,,2013-14
CITIC RESOURCES AUSTRALIA PTY LTD,87107652817,5050802536,,,2013-14
CITIGROUP PTY LTD,88004325080,2170730568,343031147,102909344,2013-14
CITRIX SYSTEMS ASIA PACIFIC PTY LTD,37078874530,247511638,5066446,,2013-14
CITY HOLDINGS (AUS) PTY LTD,33135098636,188900408,8950834,2685250,2013-14
CIVEO HOLDING COMPANY 1 PTY LTD,91146700441,264645790,26411688,7923506,2013-14
CIVIL MINING & CONSTRUCTION PTY LTD,18102557175,220366401,11035296,3310589,2013-14
CIVMEC CONSTRUCTION & ENGINEERING PTY LTD,98137816025,380908890,34298982,10289695,2013-14
CJD EQUIPMENT PTY LTD,63008754523,419393896,3429420,1028826,2013-14
CLARIUS GROUP LIMITED,43002724334,163783895,,,2013-14
CLARKE ENERGY (AUSTRALIA) PTY LTD,20086492935,124802632,15594122,4678237,2013-14
CLEARLIGHT INVESTMENTS PTY LTD,59007543544,300943229,32774033,9806531,2013-14
CLEARVIEW WEALTH LIMITED,83106248248,395228348,41430807,8265222,2013-14
CLEMENGER GROUP LIMITED,98004882928,167112663,35698534,8902931,2013-14
CLERMONT COAL MINES LTD,56010487939,1065230084,,,2013-14
CLICK ENERGY GROUP HOLDINGS PTY LTD,31160484837,126048210,,,2013-14
CLIFFS NATURAL RESOURCES HOLDINGS PTY LTD,69112437331,1355816299,349199555,104759867,2013-14
CLOROX HOLDINGS PTY LTD,57077214076,144137631,10846923,3254077,2013-14
CLOUGH LIMITED,59008678813,1298384514,74196842,21812778,2013-14
CNH INDUSTRIAL AUSTRALIA PTY LIMITED,76000031130,727428608,65347416,19604225,2013-14
CNOOC AUSTRALIA ENERGY PTY LTD,79129021316,310407837,127147392,38144218,2013-14
CNOOC GAS AND POWER AUS INVESTMENT PTY,28142591044,575940574,,,2013-14
CNPR LIMITED,45078590682,496371713,,,2013-14
CNW PTY LTD,48009669836,448705250,22475165,6742550,2013-14
COAL & ALLIED INDUSTRIES LTD,67008416760,2469501495,403541397,113460957,2013-14
COCA-COLA AMATIL LIMITED,26004139397,3782532580,438490851,123210301,2013-14
COCA-COLA SOUTH PACIFIC PTY LIMITED,50003029794,154026741,16437355,4931206,2013-14
COCHLEAR LIMITED,96002618073,649330851,171357997,10679365,2013-14
COCKRAM CORPORATION PTY LTD,18104957664,532959202,1086710,297185,2013-14
CODAN LIMITED,77007590605,128297884,10508570,,2013-14
COFCO (AUSTRALIA) PTY LTD,43003729182,665991637,152409,45723,2013-14
COFFEY INTERNATIONAL LTD,16003835112,368518318,,,2013-14
COL CRAWFORD (HOLDINGS) PTY LTD,57000709991,203441972,170218,51065,2013-14
COLAS AUSTRALIA GROUP PTY LTD,11000388161,352533142,9121490,2736447,2013-14
COLGATE PALMOLIVE PTY LTD,79002792163,780051159,104738373,31113825,2013-14
COLLECTION HOUSE LIMITED,74010230716,143309505,39805439,11171756,2013-14
COLLIERS INTERNATIONAL HOLDINGS (AUSTRALIA) LIMITED,65008178238,185299770,31764303,7987086,2013-14
COLLINS FOODS LIMITED,13151420781,439799506,24497272,7349182,2013-14
COLORPAK LIMITED,56107485898,140684697,,,2013-14
COMFORTDELGRO CABCHARGE PTY LTD,84002072004,380242208,46622712,13986814,2013-14
COMGEN AUSTRALIA PTY LTD,17050242441,1032355923,72727420,15547793,2013-14
COMMERCIAL & INDUSTRIAL PROPERTY PTY L,88105081865,210685211,11122548,3336764,2013-14
COMMERCIAL METALS PTY LTD,39164131855,456801829,,,2013-14
COMMERCIAL MOTOR VEHICLES PTY LTD,84007874142,1060011329,25946012,7762760,2013-14
COMMONWEALTH BANK OF AUSTRALIA,48123123124,43152252495,9881969192,2872351385,2013-14
COMMSCOPE AUSTRALIA PTY LTD,27004663861,164999472,21897869,4746661,2013-14
COMMUNITY CPS AUSTRALIA LTD,15087651143,237622339,30535773,8343651,2013-14
COMPASS GROUP (AUSTRALIA) PTY LTD,41000683125,1523012203,114581255,32615615,2013-14
COMPETITIVE FOODS AUSTRALIA PTY LTD,48010542908,1038825604,38383187,11274074,2013-14
COMPUTERSHARE LIMITED,71005485825,573625164,114935128,23385008,2013-14
CONCOPHILLIPS AUSTRALIA GAS HOLDINGS PTY LTD,69081089170,1850757795,82123880,,2013-14
CONNECTEAST PTY LTD,99101213263,264678964,,,2013-14
CONNECTIVE GROUP PTY LTD,89162397060,218302815,5690234,1287167,2013-14
CONSOLIDATED AUSTRALIA GROUP PTY LTD,55146547211,525150279,,,2013-14
CONSOLIDATED MINERALS HOLDINGS (AUSTRALIA) PTY LTD,88127662257,496776429,14274213,,2013-14
CONSOLIDATED POWER PROJECTS AUSTRALIA,18075411219,103050807,,,2013-14
CONTANGO MICROCAP LIMITED,47107617381,185603479,6635507,87088,2013-14
CONTINENTAL PTY LTD,46004390587,152099804,8175197,2452559,2013-14
CONTRACTOR WORKFORCE SOLUTIONS PTY LTD,85145542114,310957503,,,2013-14
CONTURA MINING PTY LTD,58008901915,420069311,12283594,3685078,2013-14
COOGEE CHEMICALS PTY LTD,37008747500,249475935,40716861,10851368,2013-14
COOK AUSTRALIA PTY LTD,27141258648,210874234,19005398,4635891,2013-14
CO-OPERATIEVE CENTRALE RAIFFEISEN-BOER ENLEENBANK B.A,70003917655,1435826291,,,2013-14
COOPERS BREWERY LIMITED,13007871409,218741100,39097357,11346039,2013-14
COPPER MINES OF TASMANIA PTY LTD,36065339835,143012212,,,2013-14
CORNING AUSTRALIA HOLDINGS CO PTY LTD,52099032667,116553525,,,2013-14
COSTA GROUP HOLDINGS PTY LTD,68151363129,719685144,15580372,505385,2013-14
COSTCO WHOLESALE AUSTRALIA PTY LTD,57104012893,889843185,,,2013-14
COTY AUSTRALIA PTY. LIMITED,96058696549,171628585,28376326,8512898,2013-14
COUNTPLUS LTD,11126990832,121917229,18236789,4958143,2013-14
COUNTRY ROAD GROUP PTY LTD,78006759182,810736552,87794730,23559586,2013-14
COUNTRYWIDE AUSTRALASIA LTD,34068162676,279774795,474573,65229,2013-14
COURIERS PLEASE HOLDINGS PTY LIMITED,38129631974,109748114,,,2013-14
COVENTRY GROUP LTD,37008670102,185122426,,,2013-14
COVER-MORE GROUP LIMITED,79166776334,108234095,18953306,5685992,2013-14
COVIDIEN PTY LIMITED,51003143502,333222969,13024299,3907242,2013-14
COZERO HOLDINGS LIMITED,27161725739,502896729,,,2013-14
CPA AUSTRALIA,64008392452,157242000,,,2013-14
CQMS GROUP HOLDINGS 1 PTY LTD,43159345669,108424148,,,2013-14
CRAIG MOSTYN HOLDINGS PTY LIMITED,14008398356,310820253,937386,,2013-14
CREDIT AGRICOLE CIB AUSTRALIA LIMITED,32002540409,163117384,63779343,19133803,2013-14
CREDIT CORP GROUP LIMITED,33092697151,166951102,61924727,18577144,2013-14
CREDIT SUISSE AG,17061700712,248651116,,,2013-14
CREDIT SUISSE HOLDINGS (AUSTRALIA) LIMITED,96008496713,458566065,397120,,2013-14
CREDIT UNION AUSTRALIA LIMITED,44087650959,474991587,56785954,14273040,2013-14
CRISTAL INORGANIC CHEMICALS AUSTRALIA PTY LTD,20125123784,687596977,,,2013-14
CROCODILE GOLD AUSTRALIA PTY LTD,30136505587,167553137,,,2013-14
CROKERS FUEL & OILS PTY LTD,41069396354,200137100,5562497,1668749,2013-14
CROWE HORWATH AUSTRALASIA LIMITED,93006650693,333900780,9569984,2700816,2013-14
CROWN CASTLE AUSTRALIA HOLDINGS PTY LTD,44086370274,162847375,1344290,403287,2013-14
CROWN EQUIPMENT PTY LIMITED,79000514858,349715641,10681972,3160444,2013-14
CROWN RESORTS LIMITED,39125709953,3219665055,299819647,88778659,2013-14
CS AGRICULTURE PTY LIMITED,73160516594,291943182,,,2013-14
CSC COMPUTER SCIENCES AUSTRALIA HOLDINGS PTY LIMITED,33120570390,850076520,102788528,30033502,2013-14
CSL LIMITED,99051588348,2105981013,160202586,,2013-14
CSR LIMITED,90000001276,1456646081,,,2013-14
CST MINERALS AUSTRALIA PTY LTD,50142485470,161649246,,,2013-14
CTI LOGISTICS LIMITED,69008778925,144029290,13373719,3690178,2013-14
CUBE PTY LTD,83072027368,109258197,19917271,5975181,2013-14
CUBIC TRANSPORTATION SYSTEMS AUSTRALIA PTY LIMITED,82003617561,146374285,,,2013-14
CUMMINS FILTRATION INTERNATIONAL CORPORATION,60007505473,110894220,17757895,5327368,2013-14
CUMMINS SOUTH PACIFIC PTY LTD,42006332949,789846279,61172900,18351870,2013-14
CUSCAL LTD,95087822455,271117330,16728610,2511853,2013-14
CWF HOLDINGS PTY LTD,66142083323,126041363,,,2013-14
CYL TRADING PTY LIMITED,88135139356,316040753,,,2013-14
D.E HOLDING AUSTRALIA PTY LTD,16100632595,228092271,40775393,11615613,2013-14
DAC FINANCE PTY LIMITED,28129420444,424558847,,,2013-14
DAIKIN AUSTRALIA PTY LTD,62000172967,428163657,28209988,7870208,2013-14
DAIMLER AUSTRALIA/PACIFIC PTY LTD,50004348421,3023205000,180648291,54194487,2013-14
DAIRY FARMERS MILK CO-OPERATIVE LIMITED,74669522867,258784157,456823,,2013-14
DAIRYWEST GROUP HOLDINGS PTY LTD,82146843478,217649590,,,2013-14
DAMCO AUSTRALIA PTY LTD,70006211052,166799853,,,2013-14
DAMPIER SALT LTD,30008706590,508624584,27010305,7118430,2013-14
DANA AUSTRALIA (HOLDINGS) PTY LTD,29000145657,109589975,,,2013-14
DANAHER AUSTRALIA HOLDING PTY LTD,80122016424,466485475,33416973,,2013-14
DARLEY AUSTRALIA PTY LTD,42093921021,131553801,,,2013-14
DARWIN LNG PTY LTD,48085130981,2964999967,154950637,45642950,2013-14
DASCO AUSTRALIA PTY LTD,32135751049,218292393,22868575,6860572,2013-14
DATA #3 LIMITED,31010545267,833702585,11512093,3001759,2013-14
DATACOM AUSTRALIA HOLDINGS PTY LIMITED,45094235373,359147858,8611749,1997846,2013-14
DAVID JONES LIMITED,75000074573,2005960984,,,2013-14
DAVIS LANGDON PROPERTY SERVICES PTY LTD,97006986947,581608486,23089014,,2013-14
DBNGP (WA) TRANSMISSION PTY LTD,69081609190,445696582,,,2013-14
DBNGP FINANCE CO PTY LTD,14110721072,240248678,,,2013-14
DECMIL GROUP LIMITED,35111210390,622775503,102521870,15673583,2013-14
DEFENCE HOUSING AUSTRALIA,72968504934,1241979433,114536121,33888162,2013-14
DELAWARE NORTH COMPANIES AUSTRALIA PTY LTD,92003435345,258033419,,,2013-14
DELL AUSTRALIA PTY LIMITED,46003855561,294130032,24847206,7123926,2013-14
DE'LONGHI AUSTRALIA PTY LIMITED,49104012857,152129751,2767159,830148,2013-14
DELTA GROUP HOLDINGS PTY LTD,37159149185,236783220,1219682,365905,2013-14
DEMATIC HOLDINGS PTY LTD,50121488202,148627534,6959819,1709826,2013-14
DENGKOL PTY LTD,82005518258,214682026,5443882,1633165,2013-14
DENSO INTERNATIONAL AUSTRALIA PTY LTD,72081951402,261661284,37565910,11269773,2013-14
DEUTSCHE AUSTRALIA LIMITED,37006385593,869948000,39540989,11862297,2013-14
DEUTSCHE BANK AKTIENGESELLSCHAFT,13064165162,1927320726,207653823,62296147,2013-14
DEVICE TECHNOLOGIES AUSTRALIA PTY LTD,40058091973,216780663,11418005,3200402,2013-14
DEVINE LIMITED,51010769365,140996086,,,2013-14
DEXUS OPERATIONS TRUST,69645176383,220650239,,,2013-14
DHL EXPRESS (AUSTRALIA) PTY LTD,62001112929,331737426,9445932,2833780,2013-14
DHL GLOBAL FORWARDING (AUSTRALIA) PTY LIMITED,62002636124,1480869057,73933748,22180125,2013-14
DIAGEO AUSTRALIA LIMITED,33004167720,542540153,13232784,3969835,2013-14
DIAMANTINA HOLDING COMPANY PTY LTD,59149762130,107807687,,,2013-14
DIAMOND OFFSHORE GENERAL COMPANY,91050122051,113360685,26530517,7959155,2013-14
DIB GROUP PTY LIMITED,87002889474,491839312,2525414,757624,2013-14
DIC AUSTRALIA PTY LTD,12000079550,127159785,4045687,1213706,2013-14
DICK SMITH ELECTRONICS PTY LIMITED,34000908716,418275753,,,2013-14
DICK SMITH HOLDINGS LIMITED,31166237841,754446275,945936,283781,2013-14
DICKER DATA LIMITED,95000969362,626664760,14158386,4247516,2013-14
DIMENSION DATA AUSTRALIA PTY LTD,65003371239,1260503620,,,2013-14
DIPLOMA GROUP LTD,14127462686,200327078,,,2013-14
DIRECT GROUP PTY LIMITED,45065432199,226887223,15447631,4477565,2013-14
DIRECTCASH PAYMENTS AUSTRALIA PTY LTD,46157774224,123371953,15817521,4745256,2013-14
DISTRIBUTION CENTRAL PTY LTD,70006687056,254687372,8310503,2028404,2013-14
DOF SUBSEA AUSTRALIA PTY LTD,53083000239,216427738,14142632,297600,2013-14
DOMETIC WAECO PTY LTD,42123171399,118275288,8774396,2632319,2013-14
DOMINO'S PIZZA ENTERPRISES LIMITED,16010489326,211992800,50997109,10751035,2013-14
DORAY MINERALS LIMITED,48138978631,110987737,,,2013-14
DORIC GROUP HOLDINGS PTY LTD,16080922461,235314565,,,2013-14
DORMA DOOR CONTROLS PTY LTD,82005869447,110815726,11536808,3461042,2013-14
DORSOGNA LIMITED,27063427752,150167514,9787155,1958710,2013-14
DOW AGROSCIENCES AUSTRALIA LIMITED,24003771659,157447589,4847185,,2013-14
DOW CHEMICAL (AUSTRALIA) LIMITED,72000264979,250557890,,,2013-14
DOWNER EDI LIMITED,97003872848,6572665959,344429247,,2013-14
DP WORLD AUSTRALIA (HOLDING) PTY LIMIT ED,58147892715,572023684,,,2013-14
DP WORLD AUSTRALIA (POSN) PTY LTD,19129842057,108990784,100,,2013-14
DRAMET PTY LTD,59109544425,504222965,,,2013-14
DREDGING INTERNATIONAL (AUSTRALIA) PTY LTD,44001088197,755343584,75782310,22734693,2013-14
DREDGING INTERNATIONAL ASIA PACIFIC PTE LTD,71868530610,104530121,5945076,1783523,2013-14
DRILLSEARCH ENERGY LIMITED,73006474844,388789131,4366364,,2013-14
DRYSDALE INVESTMENTS PTY LTD,86104614422,321958108,8856170,1929849,2013-14
DSI HOLDINGS 2 AUSTRALIA PTY LIMITED,49151658785,204801320,9654411,2549666,2013-14
DSI HOLDINGS PTY LTD,69136259080,107030065,5459710,1637913,2013-14
DUET COMPANY LIMITED,93163100061,268305914,7056429,1327918,2013-14
DULUXGROUP LIMITED,42133404065,1493760141,126181950,33562054,2013-14
DUPONT (AUSTRALIA) PTY LIMITED,59000716469,389094534,60253561,14584262,2013-14
DURO FELGUERA AUSTRALIA PTY LTD,79164834753,114413343,176358,52907,2013-14
DYNAMIC SUPPLIES PTY LTD,25064793862,207824234,17971622,5048630,2013-14
DYSON APPLIANCES (AUST) PTY LIMITED,50073072509,187611971,5421286,1587549,2013-14
E.B.S. & ASSOCIATES PTY LIMITED,82154520199,745785571,8766624,2629987,2013-14
EARTHLING INVESTMENTS PTY LTD,70111401766,253619504,246690,,2013-14
EAST YARRA FRIENDLY SOCIETY PTY LTD,44087648913,305042775,93518913,28055674,2013-14
EATON INDUSTRIES PTY LTD,66103014571,281768207,13895766,3564775,2013-14
EBOS HEALTHCARE (AUSTRALIA) PTY LIMITE D,77000060364,4119781166,93829564,28148869,2013-14
EC & M LIMITED,73009168094,171562194,9142151,2614018,2013-14
ECHO ENTERTAINMENT GROUP LIMITED,85149629023,1808805096,138767862,38411671,2013-14
ECLIPX GROUP LIMITED,85131557901,280043017,8535506,2560652,2013-14
ECOLAB PTY LTD,59000449990,431422743,22836297,6192076,2013-14
ECOM COMMODITIES PTY LTD,65089892713,144039376,,,2013-14
EDEN BRAE HOLDINGS PTY LIMITED,42083807489,200611620,16234960,4870488,2013-14
EDU HOLDINGS SPV PTY LIMITED,34143998127,121705558,,,2013-14
ELDERS LTD,34004336636,1396967048,,,2013-14
ELECTRANET PTY LTD,41094482416,342766917,59550650,17865195,2013-14
ELECTROLUX HOME PRODUCTS PTY LIMITED,51004762341,772611938,75421932,16289452,2013-14
ELECTRONICS BOUTIQUE AUSTRALIA PTY LTD,50077681442,608867559,31706243,9511873,2013-14
ELI LILLY AUSTRALIA PTY LIMITED,39000233992,293625631,25424127,4540257,2013-14
EMC AUSTRALIA PTY LIMITED,34143603123,295850733,30084536,5410332,2013-14
EMECO HOLDINGS LIMITED,89112188815,189042916,,,2013-14
EMERALD GRAIN PTY LTD,82109203054,1134715262,,,2013-14
EMERSON NETWORK POWER AUSTRALIA PTY LIMITED,53003469654,134978619,1349965,354696,2013-14
EMERSON PROCESS MANAGEMENT AUSTRALIA PTY LTD,99004590005,165921047,21206764,6274677,2013-14
EMIRATES AIRLINE,81073569696,121212125,,,2013-14
EMIRATES LEISURE RETAIL (AUSTRALIA) PT Y LTD,76131473679,343220879,4399719,1319916,2013-14
EMPLOYERS MUTUAL LIMITED,67000006486,172122297,1819463,,2013-14
ENERFLEX ENERGY SYSTEMS (AUSTRALIA) PTY LTD,74140790610,269280680,3798870,,2013-14
ENERGIZER AUSTRALIA PTY LIMITED,91003539026,182492482,19496172,5816139,2013-14
ENERGY DEVELOPMENT LIMITED,84053410263,338484109,60541956,17853577,2013-14
ENERGY INFRASTRUCTURE INVESTMENTS PTY LTD,95104348852,314480910,,,2013-14
ENERGY RESOURCES OF AUSTRALIA LTD,71008550865,385426144,,,2013-14
ENERGYAUSTRALIA HOLDINGS LTD,57101876135,8843049950,51800099,,2013-14
ENERO GROUP LIMITED,97091524515,146623360,,,2013-14
ENGENCO LIMITED,99120432144,132955407,,,2013-14
ENI AUSTRALIA BV,18092812023,320549615,,,2013-14
ENI JPDA 03-13 LIMITED,14054729930,354298809,25153517,7546055,2013-14
ENI JPDA 06-105 PTY LTD,92066086075,416944073,6170345,1851104,2013-14
ENSCO AUSTRALIA PTY LTD,79100601634,149117754,3171178,951353,2013-14
ENSHAM COAL SALES PTY LTD,13050411713,430498040,76816,23045,2013-14
ENSIGN (AUSTRALIA) HOLDINGS PTY LTD,71100195426,364288677,9289560,2786868,2013-14
ENTITY SOLUTIONS SERVICES PTY LTD,24091536364,293163758,,,2013-14
ENVESTRA LIMITED,19078551685,554699590,,,2013-14
EPSON AUSTRALIA PTY LIMITED,91002625783,172148682,8341221,2502366,2013-14
ERM POWER LIMITED,28122259223,2038986111,1372885,390893,2013-14
ERTECH HOLDINGS PTY LTD,93008999353,348228045,2763138,824439,2013-14
ESCO AUSTRALIA HOLDINGS PTY LTD,14140443223,127909510,,,2013-14
ESS THALANYJI PTY LTD,89141801541,123411095,1289299,386790,2013-14
ESSILOR AUSTRALIA PTY LTD,96002659458,141048961,12692364,3217377,2013-14
ESTEE LAUDER PTY LIMITED,63008444719,198763576,31232940,9369882,2013-14
ESTHER INVESTMENT PTY LTD,68004459536,330675036,30005274,8940202,2013-14
ETIHAD AIRWAYS PJSC,40123078688,338956067,,,2013-14
ETSA UTILITIES FINANCE PTY LTD,78091701825,204466552,,,2013-14
EUDUNDA FARMERS LTD,30008222188,117568177,5728190,1688440,2013-14
EUROPCAR HOLDING PTY LTD,72130750640,154701742,,,2013-14
EVOLUTION MINING LIMITED,74084669036,635088274,,,2013-14
EXACT MINING GROUP PTY LTD,65057760353,225876403,10260129,3073753,2013-14
EXPEDITORS INTERNATIONAL PTY LIMITED,79003337282,101929345,9713999,2914200,2013-14
EXXONMOBIL AUSTRALIA PTY LTD,48091561198,9617324823,,,2013-14
F F HOLDINGS 2 PTY LTD,17112925112,114978173,,,2013-14
F K GARDNER & SONS PTY LTD,99010136053,316652069,9002543,1833886,2013-14
FAIRFAX MEDIA LIMITED,15008663161,1655158324,73190356,13327501,2013-14
FANTASTIC HOLDINGS LIMITED,19004000775,451498628,11105073,2406047,2013-14
FAST FUTURE BRANDS LIMITED,88075128460,203660184,5670600,1701180,2013-14
FDC CONSTRUCTION & FITOUT PTY LIMITED,44120295034,337040621,27816776,7380747,2013-14
FEDERAL EXPRESS (AUSTRALIA) PTY LTD,35003100052,221500748,71426878,21428063,2013-14
FEDERATION LIMITED,90114757783,151327469,,,2013-14
FENNER (PACIFIC) PTY LIMITED,49000231532,255514449,22831798,6812442,2013-14
FERRERO AUSTRALIA PTY LIMITED,29001249261,181770272,8110830,1672823,2013-14
FINASUCRE INVESTMENTS (AUSTRALIA) PTY LIMITED,23062315593,264592779,12941075,2607878,2013-14
FINISAR AUSTRALIA PTY LTD,45098184582,112798929,19147628,,2013-14
FINITE GROUP APAC PTY LIMITED,43085406300,237999603,7775834,2310053,2013-14
FIRCROFT AUSTRALIA PTY LTD,58100091245,393085457,19942403,5809611,2013-14
FIRST DATA RESOURCES INVESTMENTS PTY LTD,63057257771,237608375,,,2013-14
FISHER & PAYKEL AUSTRALIA HOLDINGS LIMITED,19003659425,344656893,7335548,2200664,2013-14
FISHERS STORES CONSOLIDATED PTY LTD,50005558636,228838042,1406782,422035,2013-14
FKG CIVIL PTY LTD,65123436751,203035355,11147768,3344330,2013-14
FLEETCOR TECHNOLOGIES PTY LTD,58161719393,127519718,3915153,1174546,2013-14
FLEETWOOD CORPORATION LIMITED,69009205261,361593946,10262662,2662135,2013-14
FLETCHER BUILDING (AUSTRALIA) PTY LTD,11093539452,3010066448,27181000,3066810,2013-14
FLETCHER BUILDING INTERNATIONAL LP,15597295270,126852232,7831555,2213036,2013-14
FLETCHER INTERNATIONAL EXPORTS PTY LTD,64003213652,503539635,26241989,7872597,2013-14
FLEXIGROUP LIMITED,75122574583,357696971,79417910,23789790,2013-14
FLIGHT CENTRE TRAVEL GROUP LIMITED,25003377188,1378634712,311418827,91894674,2013-14
FLINDERS FINANCE SERVICES PTY LIMITED,30149314938,266126409,130646169,39193851,2013-14
FLINDERS PORT HOLDINGS PTY LTD,46117687313,212841248,63004893,18901468,2013-14
FLINDERS POWER HOLDINGS GMBH,28094284723,369338633,,,2013-14
FLSMIDTH PTY LTD,85000221590,481032226,,,2013-14
FLUOR AUSTRALIA PTY LTD,28004511942,2608689201,80816970,23986277,2013-14
FM INSURANCE COMPANY LIMITED,99007502829,270751184,11043905,2939762,2013-14
FMC TECHNOLOGIES AUSTRALIA LTD,21004030317,352731701,,,2013-14
FMG IRONBRIDGE (AUST) PTY LTD,78150848025,117649220,34253595,8378687,2013-14
FOCUS METALS PTY LTD,51007788150,248534259,2276503,682951,2013-14
FOOD INVESTMENTS PTY LTD,85008426177,2124042350,6651323,,2013-14
FOOT LOCKER AUSTRALIA INC,22619093977,155968057,14800395,4440118,2013-14
FORD MOTOR COMPANY OF AUSTRALIA LTD,30004116223,2940670099,7057051,,2013-14
FORM 700 HOLDINGS PTY LTD,42102996378,258598931,30875795,9262738,2013-14
FORTESCUE METALS GROUP LIMITED,57002594872,12450461194,2629636025,737898334,2013-14
FOX & LILLIE HOLDINGS PTY LTD,57004604844,309035703,2787946,836384,2013-14
FOX FILMED ENTERTAINMENT AUSTRALIA PTY LIMITED,99004126738,317616468,617,,2013-14
FOXTEL CABLE TELEVISION PTY LIMITED,45069008797,1973515953,,,2013-14
FOXTEL HOLDINGS PTY LIMITED,55151690327,745270991,101138154,30341446,2013-14
FOXTEL MANAGEMENT PTY LIMITED,65068671938,219493761,,,2013-14
FOXTEQ AUSTRALIA PTY LIMITED,38114305494,164455124,,,2013-14
FQM AUSTRALIA HOLDINGS PTY LTD,77136613075,504520376,3561800,,2013-14
FRASERS PROPERTY AUSTRALIA PTY LIMITED,80131011026,484025344,21924144,6448044,2013-14
FRASERS QUEENS PTY LTD,42119363174,167312913,,,2013-14
FRASERS TOWN HALL PTY LIMITED,31100606737,127928134,5237597,1571279,2013-14
FREEDOM ENERGY HOLDINGS PTY LTD,24093243844,533591421,3793239,1137972,2013-14
FREEDOM FOODS GROUP LIMITED,41002814235,106488723,13612137,1449243,2013-14
FREMANTLEMEDIA AUSTRALIA HOLDINGS PTY LIMITED,83001076142,164639831,,,2013-14
FREQUENCY INFRASTRUCTURE AUSTRALIA HOLDINGS PTY LIMITED,27136262952,328527849,,,2013-14
FRESENIUS KABI AUSTRALIA PTY LIMITED,39109383593,186253969,,,2013-14
FRESENIUS MEDICAL CARE AUSTRALIA PTY LIMITED,80067557877,148026626,13671749,4101525,2013-14
FRESHMAX GROUP PTY LIMITED,33154789321,260872801,,,2013-14
FREYSSINET AUSTRALIA PTY LTD,15002617736,181834801,,,2013-14
FRIENDLY SOCIETY MEDICAL ASSOCIATION LIMITED,69088347602,287000787,,,2013-14
FRONTLINE STORES AUSTRALIA LTD,33007039170,102322162,,,2013-14
FRUCOR BEVERAGES (AUSTRALIA) PTY LIMITED,73060091536,193391092,6318142,1895443,2013-14
FUCHS LUBRICANTS (AUSTRALASIA) PTY LTD,88005681916,169273640,31827471,9440615,2013-14
FUGRO HOLDINGS (AUSTRALIA) PTY LTD,99003010099,325027493,,,2013-14
FUJI XEROX ASIA PACIFIC PTE LIMITED,26103964629,100436182,,,2013-14
FUJI XEROX AUSTRALIA PTY. LTD,63000341819,1227543808,93653882,22277350,2013-14
FUJIFILM HOLDINGS AUSTRALASIA PTY LIMITED,58008443892,174646195,,,2013-14
FUJITSU AUSTRALIA LIMITED,19001011427,962861275,55597059,11161741,2013-14
FUJITSU GENERAL (AUST) PTY LIMITED,55001229554,183653368,4263310,1278993,2013-14
FUJITSU TEN (AUSTRALIA) PTY LTD,63007413578,129464846,4292372,1287712,2013-14
FULTON HOGAN AUSTRALIA PTY LTD,42135849115,1788024981,21874063,,2013-14
FUNTASTIC LIMITED,94063886199,185177702,,,2013-14
FUSION RETAIL BRANDS PTY LTD,44151836083,217257326,,,2013-14
FUTURE FUND INVESTMENT COMPANY NO.1 PTY LTD,81130318188,240576114,98699734,22637507,2013-14
FUTURE FUND INVESTMENT COMPANY NO.2 PTY LTD,90130788493,1423065372,945712745,276893778,2013-14
FUTURE FUND INVESTMENT COMPANY NO.3 PTY LTD,40134338882,2010080106,,,2013-14
FUTURE FUND INVESTMENT COMPANY NO.4 PTY LTD,47134338908,1052129568,161852863,48134712,2013-14
G & K O'CONNOR PTY LTD,49005934029,232804896,21311184,6393355,2013-14
G D MITCHELL ENTERPRISES PTY LTD,33010655820,229724255,38390247,11517074,2013-14
G JAMES PTY LTD,25009696404,350773425,,,2013-14
G&W AUSTRALIA HOLDINGS LP,30124868215,338105450,26458344,7937503,2013-14
G4S AUSTRALIA HOLDINGS PTY LTD,68128783602,352987648,30814380,9244314,2013-14
G8 EDUCATION LIMITED,95123828553,151860335,32218970,9665691,2013-14
GALLAGHER BASSETT SERVICES PTY LTD,68009778018,111144992,21947889,5061104,2013-14
GATE GOURMET (HOLDINGS) PTY LIMITED,59004122892,246792596,,,2013-14
GAVILON GRAIN AUSTRALIA PTY LTD,31146379508,453590632,,,2013-14
GAZAL CORPORATION LIMITED,57004623474,289733986,8663648,2597762,2013-14
GBX TRADING FZE,32406282107,362951884,51989,15597,2013-14
GE CAPITAL AUSTRALIA FUNDING PTY LTD,67085675467,1121340098,,,2013-14
GE CAPITAL AUSTRALIA HOLDINGS I LLC,,425104091,,,2013-14
GE CAPITAL HOLDINGS I LLC & GE CAPITAL AGC HOLDINGS II LLC,39148706836,439108227,38549458,11564837,2013-14
GE CAPITAL HOLDINGS PARTNERSHIP LLP,92957043907,2058472672,125004056,37382472,2013-14
GE ENERGY HOLDINGS AUSTRALIA PTY LTD,37086855076,322089670,14365979,4304775,2013-14
GE HEALTHCARE AUSTRALIA PTY LIMITED,32001408402,305063099,10731671,3219501,2013-14
GE OIL & GAS AUSTRALIA PTY LTD,65009080951,445945659,,,2013-14
GEMICO HOLDINGS PTY LTD,95099020694,848967503,,,2013-14
GENERAL CABLE AUSTRALIA PTY LTD,68008553660,102331308,,,2013-14
GENERAL ELECTRIC INTERNATIONAL INC,85002420751,459766771,23248938,6974681,2013-14
GENERAL MILLS HOLDING (AUSTRALIA) PTY LTD,50095075808,320594318,13751391,2150197,2013-14
GENERAL MOTORS AUSTRALIA LTD,85103162956,4138128813,,,2013-14
GENERAL REINSURANCE AUSTRALIA LIMITED,16008427450,181420895,61861059,18558318,2013-14
GENERAL REINSURANCE LIFE AUSTRALIA LIMITED,73002166869,246818459,19166198,5749859,2013-14
GENWORTH FINANCIAL NEW HOLDINGS PTY LIMITED,74140219101,599831244,170139847,50906439,2013-14
GEODIS WILSON AUSTRALIA HOLDINGS PTY L TD,76001193193,241620370,,,2013-14
GEOFABRICS AUSTRALASIA PTY LTD,23005479961,105840208,15138216,3619039,2013-14
GEORGIOU GROUP PTY LTD,82073851948,686431780,20415761,6049109,2013-14
GEOSEA AUSTRALIA PTY LTD,97134048758,101312545,,,2013-14
GERALDTON FISHERMEN'S CO-OPERATIVE LTD,52425663385,291445705,,,2013-14
GETS-WANDOAN (AUSTRALIA) PTY LTD,18143300985,458786176,,,2013-14
GHD GROUP PTY LTD,32118062258,667031365,32897067,9508547,2013-14
GHP 104 160 689 PTY LTD,41104160689,11731326704,,,2013-14
GIBSONS LIMITED,23009476064,123948053,16744201,4703966,2013-14
GILEAD SCIENCES PTY LTD,71072611708,163332937,9663067,1513162,2013-14
GLAXOSMITHKLINE HOLDINGS PTY LTD,75000465878,1467076449,57973641,11932592,2013-14
GLENCORE AUSTRALIA INVESTMENT  HOLDINGS PTY LTD,74154042636,1074921954,,,2013-14
GLENCORE INVESTMENT PTY LIMITED,67076513034,4611846257,,,2013-14
GLENTEL AMT PTY LTD,85159894676,159930911,,,2013-14
GLOBAL CONSTRUCTION SERVICES LIMITED,81104662259,161302997,4058987,1217696,2013-14
GLOBAL SWITCH AUSTRALIA HOLDINGS PTY LTD,35138200049,111484176,26385610,7915683,2013-14
GLORIOUS SUN (AUSTRALIA) PTY LTD,45091122020,169617721,2638846,791654,2013-14
GODFREY HIRST AUSTRALIA PTY LTD,58000849758,273870096,4271567,742341,2013-14
GOLD FIELDS AUSTRALIA PTY LTD,91098385285,1046532227,131797582,39199006,2013-14
GOLDER ASSOCIATES PTY LTD,64006107857,241846067,6090883,,2013-14
GOLDING GROUP PTY LIMITED,97129247025,525592648,,,2013-14
GOLDLINQ HOLDINGS PTY LTD,88147815441,214173732,,,2013-14
GOLDMAN SACHS HOLDINGS ANZ PTY LIMITED,27151154791,632575966,,,2013-14
GOODMAN FIELDER LIMITED,51116399430,1083630595,,,2013-14
GOODMAN LIMITED,69000123071,310630460,567143,,2013-14
GOODYEAR AUSTRALIA PTY LTD,75000017489,983840248,48807193,14642158,2013-14
GOOGLE AUSTRALIA PTY LIMITED,33102417032,357734831,90894056,9206468,2013-14
GOVE ALUMINIUM FINANCE LIMITED,45001860073,458277992,74153578,18868334,2013-14
GPC ASIA PACIFIC HOLDINGS PTY LTD,80162550978,785824075,16395634,4732345,2013-14
GPT MANAGEMENT HOLDINGS LIMITED,67113510188,142032414,,,2013-14
GRACE WORLDWIDE (AUSTRALIA) PTY LTD,90070345845,164367364,14012448,4202804,2013-14
GRAINCORP LIMITED,60057186035,3900385878,21279314,3718978,2013-14
GRANGE RESOURCES LIMITED,80009132405,307967452,25839826,,2013-14
GRANGEHURST ENTERPRISES PTY LIMITED,18091454527,207950130,15512612,4653784,2013-14
GRANT THORNTON AUSTRALIA LIMITED,41127556389,218285611,32315897,9694769,2013-14
GREAT LAKES REINSURANCE (UK) PLC,18964580576,124596210,10756876,3227063,2013-14
GREATER BUILDING SOCIETY LIMITED ,88087651956,300150449,47215258,13320091,2013-14
GREENCROSS LIMITED,58119778862,200475679,4663856,989829,2013-14
GREENSTONE PTY LTD,83075949432,596535758,1682830,,2013-14
GREYTHORN PTY LTD,57071352031,146272656,2875330,862599,2013-14
GROCON GROUP HOLDINGS PTY LTD,82148964890,441079259,,,2013-14
GROOTE EYLANDT MINING COMPANY PTY LTD,26004618491,1301748471,434991186,125062225,2013-14
GROUP ZARA AUSTRALIA PTY LTD,64089376349,141387030,24522141,7356642,2013-14
GRUNDFOS PUMPS PTY LTD,90007920765,121513000,5400001,1620000,2013-14
GSA GROUP PTY LTD,41004948298,208670283,8477593,1176648,2013-14
GUD HOLDINGS LIMITED,99004400891,498480506,40732846,8129720,2013-14
GUILD GROUP HOLDINGS LIMITED,72060237774,203317004,21094527,5571032,2013-14
GUINNESS PEAT GROUP (AUSTRALIA) PTY LIMITED,13052245191,134789055,,,2013-14
GWA GROUP LIMITED,15055964380,637778512,55392024,12240318,2013-14
HAFELE AUSTRALIA PTY LTD,51006021432,107803192,,,2013-14
HAIL CREEK MARKETING PTY LTD,36080001985,1087987423,,,2013-14
HALLIBURTON CONSOLIDATED PTY LTD,67101049521,427026938,1258671,,2013-14
HAMSDALE AUSTRALIA PTY LTD,37097393112,367244698,,,2013-14
HANCOCK PROSPECTING PTY LTD,69008676417,2852391569,1570132573,466212699,2013-14
HANCOCK QUEENSLAND PLANTATIONS PTY LTD,30142129342,107851610,,,2013-14
HANCOCK VICTORIAN PLANTATIONS HOLDINGS PTY LIMITED,16084801178,514814164,,,2013-14
HANNOVER LIFE RE OF AUSTRALASIA LTD,37062395484,1364417814,,,2013-14
HANNOVER RUECK SE AUSTRALIAN BRANCH,88002927031,509574662,19796592,5543440,2013-14
HANSEN YUNCKEN PTY LTD,38063384056,988582552,52498843,1816723,2013-14
HANSON AUSTRALIA (HOLDINGS) PTY LTD,48090994657,1593090031,181588848,48520122,2013-14
HARINA COMPANY LIMITED,46615332348,136964222,,,2013-14
HARLEY DAVIDSON AUSTRALIA PTY LTD,83098483259,234684723,4610254,1383076,2013-14
HARVEY FOOD & BEVERAGE LIMITED,77156217953,149577030,2311024,693307,2013-14
HARVEY INDUSTRIES GROUP PTY LTD,64117597985,170897212,2784827,,2013-14
HARVEY NORMAN HOLDINGS LTD,54003237545,1188562441,232305103,64494029,2013-14
HATCHCOS HOLDINGS PTY LTD,35072620467,515412194,74971728,20745672,2013-14
HAWKER PACIFIC PTY LTD,94001540316,165891567,2015054,279517,2013-14
HAYDOS CORPORATION PTY LTD,32125298884,206303560,957561,287268,2013-14
HAYS SPECIALIST RECRUITMENT (AUSTRALIA) PTY LIMITED,47001407281,1370324689,74378487,22313546,2013-14
HAZELDENES CHICKEN FARM PTY LTD,72004381346,225993576,10332699,3099810,2013-14
HCL AUSTRALIA SERVICES PTY LIMITED,72081196983,218043033,11484589,3437334,2013-14
HCL INTERNATIONAL PTY LIMITED,46134588837,134293000,,,2013-14
HEALTHSCOPE LIMITED,65144840639,2121695242,,,2013-14
HEINZ WATTIE'S PTY LTD,51071783447,513705021,1063074,,2013-14
HELLA ASIA PACIFIC PTY LTD,46004516947,114262906,4070858,1221257,2013-14
HELLERUP FINANCE INTERNATIONAL LIMITED,,132729900,2073160,621948,2013-14
HELLMANN WORLDWIDE LOGISTICS PTY LTD,13003199755,167245960,985489,295597,2013-14
HELLOWORLD LIMITED,60091214998,225601910,4825992,1381791,2013-14
HEMMES GROUP PTY LTD,53105332376,201105219,22236499,6670879,2013-14
HENKEL FINANCE AUSTRALIA,15740196765,229122962,22487934,6746380,2013-14
HENLEY PROPERTIES (QLD) PTY LTD,42068886000,206267779,19586208,5875862,2013-14
HEP AUSTRALIA HOLDINGS PTY LTD,22129428155,109212905,12443941,2871072,2013-14
HERITAGE BANK LIMITED,32087652024,477920834,55215487,15001487,2013-14
HERTZ INVESTMENT (HOLDINGS) PTY LTD,,319120977,,,2013-14
HEWLETT PACKARD SOUTH PACIFIC PTY LTD,94121554489,3130519164,,,2013-14
HICKORY GROUP PTY LTD,84091236912,318592045,4027906,,2013-14
HIGHBROOK HOLDINGS PTY LTD,32157828058,348672373,23010575,6903172,2013-14
HIGHLAND AUTOS PTY LTD,13121604297,115829284,4114967,1234490,2013-14
HILL 51 PTY LTD,66147473970,918605573,,,2013-14
HILLGROVE RESOURCES LTD,73004297116,140785050,,,2013-14
HILTI (AUST) PTY LIMITED,44007602100,109516333,5154042,1546213,2013-14
HILTON INTERNATIONAL AUSTRALIA PTY LTD,88098665537,184064456,2019500,,2013-14
HINDMARSH CONSTRUCTION AUSTRALIA PTY LIMITED,15126578176,260973721,6835422,,2013-14
HINO MOTOR SALES AUSTRALIA PTY LIMITED,74064989724,284784206,8253246,2475974,2013-14
HIRSCH FINANCIAL PTY LTD,16132753167,844995596,1702826,510848,2013-14
HITACHI AUSTRALIA PTY LIMITED,34075381332,321026293,7079298,2123789,2013-14
HITACHI CONSTRUCTION MACHINERY (AUSTRALIA) PTY LTD,62000080179,835755753,72706398,20722191,2013-14
HOCHTIEF AUSTRALIA HOLDINGS LIMITED,17103181675,195321759,137330234,,2013-14
HOLDCO 1 PTY LTD,28157845871,264835486,,,2013-14
HOME & DECOR HOLDINGS PTY LIMITED,50147375451,232894159,1688863,99389,2013-14
HONAN HOLDINGS PTY LIMITED,31000392727,1206807516,35093278,6626721,2013-14
HONDA AUSTRALIA PTY LTD,66004759611,909436120,12036147,,2013-14
HONDA MPE PTY LTD,96006662862,250657850,18570791,5571237,2013-14
HONEYWELL HOLDINGS PTY LTD,18000383764,668035573,143811264,34118579,2013-14
HOPE DOWNS MARKETING COMPANY PTY LTD,58115712117,4444629315,,,2013-14
HOSPIRA HOLDINGS (S.A.) PTY LTD,14121147019,414325144,,,2013-14
HOWE AUTOMOTIVE LIMITED,43061589188,105728828,18940279,3367027,2013-14
HOYTS GROUP HOLDINGS LLC,47001177932,417270287,,,2013-14
HRL LIMITED,89061930756,119603000,,,2013-14
HSBC AUSTRALIA HOLDINGS PTY LIMITED,22006513873,1439467666,324902608,97135205,2013-14
HSE GROUP HOLDINGS PTY LTD,91164670302,124345309,3496265,1048880,2013-14
HUAWEI TECHNOLOGIES (AUSTRALIA) PTY LIMITED,49103793380,407867858,29394051,8818215,2013-14
HUDSON HIGHLAND (APAC) PTY LIMITED,14074319396,176757033,,,2013-14
HUHTAMAKI HOLDINGS PTY LTD,13003519257,102927120,3559034,1067710,2013-14
HUNTSMAN CORPORATION AUSTRALIA PTY LTD,67083984187,239408411,,,2013-14
HUSQVARNA AUSTRALIA PTY LIMITED,45115475619,127284000,,,2013-14
HWG HOLDINGS PTY LTD,65115398322,318128611,59899674,10280580,2013-14
HYDER CONSULTING HOLDINGS PTY LIMITED,87104458102,137685978,23223776,4115234,2013-14
HYDRO ALUMINIUM AUSTRALIA PTY LTD,42001872215,166725838,,,2013-14
HYDRONOVA AUSTRALIA NZ PTY LTD,74111599958,155015558,6270770,1881231,2013-14
HYDROX HOLDINGS PTY LTD,94138990593,1560008491,,,2013-14
HYNE & SON PTY LIMITED,67009660995,335393273,,,2013-14
HYUNDAI MOTOR COMPANY AUSTRALIA PTY LIMITED,58008995588,2165383649,78991402,23697421,2013-14
IAN WEIGH MOTORS PTY LTD & WEIGH PROPERTY INVESTMENTS PTY LTD,90148491233,109911648,4014242,1204273,2013-14
IBM A/NZ HOLDINGS PTY LIMITED,12105319248,4161761606,59874144,5851730,2013-14
IDEMITSU AUSTRALIA RESOURCES PTY LTD,45010236272,810607948,46490325,279283,2013-14
IDP EDUCATION LIMITED,59117676463,257834779,35407143,6278788,2013-14
IGT (AUSTRALIA) PTY LTD,65002904690,125789449,,,2013-14
IINET LIMITED,48068628937,1008753086,96403623,27107945,2013-14
IKEA PTY LIMITED,84006270757,766131904,46760557,14028167,2013-14
ILUKA RESOURCES LIMITED,34008675018,791882456,98058438,22782270,2013-14
IMB LTD,92087651974,253830143,40945709,12250959,2013-14
IMC PACIFIC HOLDINGS PTY LIMITED,83099273819,193566819,21296278,3122272,2013-14
IMCD AUSTRALASIA INVESTMENTS PTY LTD,89149016222,221395425,12876537,3862961,2013-14
IMDEX LIMITED,78008947813,131324732,,,2013-14
I-MED HOLDINGS,75154534700,406379885,32511131,6807596,2013-14
IMPACT FERTILISERS PTY LTD,21009504394,447514614,,,2013-14
IMPERIAL TOBACCO AUSTRALIA LIMITED,46088148681,656294085,31606370,9481911,2013-14
INCHCAPE AUSTRALIA LIMITED,50050035277,1237044671,80124636,10299551,2013-14
INCITEC PIVOT LIMITED,42004080264,2285652083,53621432,5231420,2013-14
INDEPENDENCE GROUP NL,46092786304,407413699,,,2013-14
INDUSTRIAL AND COMMERCIAL BANK OF CHINA LIMITED,57086866506,260284733,56142976,16842893,2013-14
INDUSTRY SUPERANNUATION PROPERTY TRUST DEVELOPMENT & OPPORTUNITIES FUND NO.2,74907828804,235859082,28380684,8514205,2013-14
INENCO PTY LIMITED,85000220780,339097454,11427625,3019792,2013-14
INFIGEN ENERGY LIMITED,39105051616,149918610,,,2013-14
INFOSYS TECHNOLOGIES LIMITED,52090591209,332308298,22463896,6739169,2013-14
INFRASHORE FINANCE PTY LIMITED,65133358068,149896759,,,2013-14
INFRASTRUCTURE SERVICES GROUP (AUSTRALIA) PTY LTD                                                                                                                                                       ,90142331717,416492011,19466556,5839967,2013-14
INFRATIL ENERGY AUSTRALIA PTY LTD,87115291042,718069102,30688396,8239955,2013-14
ING AUSTRALIA HOLDINGS LIMITED,27008459596,2963258029,491552495,52982426,2013-14
ING BANK NV (SYDNEY BRANCH),32080178196,5667540400,10602657,3180745,2013-14
INGERSOLL-RAND (AUSTRALIA) LIMITED,59004099861,185494467,,,2013-14
INGHAM HOLDINGS I PTY LTD,39162709506,2268128217,,,2013-14
INGRAM MICRO HOLDINGS (AUSTRALIA) PTY LIMITED,12112487322,1397658971,,,2013-14
INNOVIA FILMS (HOLDING) PTY LTD,29111098232,202990045,16331307,2623016,2013-14
INPEX ALPHA LTD,34003730756,239979183,91967800,27283064,2013-14
INPEX AUSTRALIA PTY LTD,79134715254,460581672,13619408,4085822,2013-14
INPEX HOLDINGS AUSTRALIA PTY LTD,61150217315,734307644,4520152,1356046,2013-14
INPEX SAHUL LTD,28059844781,330109296,24622865,7386860,2013-14
INPEX TIMOR SEA LTD,66058524619,139155543,,,2013-14
INSIGHT ENTERPRISES AUSTRALIA PTY LIMITED,47058645677,160731377,12330151,3699045,2013-14
INSPIRATIONS PAINT STORE (HOLDINGS) LT,94080617036,237007395,,,2013-14
INSURANCE AUSTRALIA GROUP LIMITED,60090739923,13086880528,1052852733,209925233,2013-14
INSURANCE MANUFACTURERS OF AUSTRALIA PTY LIMITED,93004208084,3391305834,463775943,132482105,2013-14
INTEGRIA HEALTHCARE (AUSTRALIA) PTY LIMITED,70096496212,101160275,,,2013-14
INTERFACE AUST HOLDINGS PTY LIMITED,68074804381,149431191,3510883,1020943,2013-14
INTERFOOD AUSTRALIA PTY LTD,43085537659,106027870,195044,58513,2013-14
INTERLINK ROADS PTY LIMITED,53003845430,206999292,125945675,37783702,2013-14
INTERNATIONAL COAL HOLDINGS PTY LTD,22056601417,139665309,,,2013-14
INTERNATIONAL POWER (AUSTRALIA) HOLDINGS PTY LTD,70105041209,1205625074,,,2013-14
INTERNATIONAL SOS (AUSTRALASIA) PTY LTD,83052247104,287789229,8825894,2643532,2013-14
INTERPAYMENT AUSTRALIA PTY LIMITED,58052519669,427772742,,,2013-14
INTERPUBLIC AUSTRALIA HOLDINGS PTY LTD,20140379335,218261441,43260294,12357643,2013-14
INTERTEK AUSTRALIA HOLDINGS PTY LTD,74124892879,104674425,,,2013-14
INVESTA PROPERTY GROUP HOLDINGS PTY LIMITED,68125612419,422048210,79656,,2013-14
INVESTEC HOLDINGS AUSTRALIA LIMITED,49071292567,375136694,,,2013-14
INVOCARE LIMITED,42096437393,362743684,61104230,16776219,2013-14
IOOF HOLDINGS LTD,49100103722,718452901,187597842,41314869,2013-14
IOR PTY LTD,85168760861,372401298,9476927,2801113,2013-14
IPMG PTY LIMITED,84123230259,381990316,,,2013-14
IRESS LIMITED,47060313359,283713676,39858876,11396358,2013-14
ISELECT LIMITED,48124302932,125125992,11339480,,2013-14
ISIS GROUP HOLDINGS PTY LTD,93008656264,375013780,4460935,934514,2013-14
ISUZU AUSTRALIA LIMITED,97006962572,486941125,6118500,1835550,2013-14
ISUZU UTE AUSTRALIA PTY LTD,80129563739,371429812,45021478,13506443,2013-14
ITI (NSW) PTY LIMITED,17003282755,102705330,5827522,1748257,2013-14
ITOCHU AUSTRALIA LIMITED,63000192790,2973519625,691297755,190619614,2013-14
IVECO TRUCKS AUSTRALIA LIMITED,86004065061,356296724,,,2013-14
IVERNIA AUSTRALIA PTY LTD,76075103221,109461938,,,2013-14
J HUTCHINSON PTY LTD,52009778330,1363061430,20822144,4321546,2013-14
J&F AUSTRALIA PTY LTD,72150917285,378147227,2498992,749698,2013-14
J. J. RICHARDS & SONS PTY LTD,40000805425,804899436,106096808,28139406,2013-14
JACOBS AUSTRALIA PTY LIMITED,12079749287,815066447,,,2013-14
JAGUAR LAND ROVER AUSTRALIA PTY LTD,86004352238,682407526,26381712,7627428,2013-14
JALCO GROUP PTY LIMITED,39075091806,215127907,,,2013-14
JAMES FRIZELLE'S AUTOMOTIVE GROUP PTY LTD,47010210723,464291290,15143234,4542970,2013-14
JAMES HARDIE RESEARCH HOLDINGS PTY LIMITED,51082944821,331645960,,,2013-14
JAN DE NUL (AUSTRALIA) PTY LTD,22011070474,290256614,20494403,6148321,2013-14
JANART HOLDINGS PTY LTD,13092037262,221537070,51233,15370,2013-14
JAPAN ALUMINA ASSOCIATES (AUSTRALIA) PTY LTD,42008907524,135707776,,,2013-14
JAPAN AUSTRALIA LNG (MIMI) PTY LTD,18006303180,2462593397,1555082178,461355028,2013-14
JAPAN FOOD CORP (AUST) PTY LIMITED,36003080260,102632092,5045650,1513695,2013-14
JAPARA HOLDINGS PTY LTD,18110466889,205450818,3071213,921364,2013-14
JAQUES INTERNATIONAL HOLDING PTY LTD,57004075978,302160898,31146401,8050024,2013-14
JARDINE LLOYD THOMPSON AUSTRALIA PTY LIMITED,24005279890,208099281,47770166,14331050,2013-14
JB HI-FI LIMITED,80093220136,3284558684,180766002,54229756,2013-14
JBS HOLDCO AUSTRALIA PTY LTD,89126211023,4040948610,419882525,44809334,2013-14
JELD-WEN AUSTRALIA PTY LIMITED,62087012226,407376241,27335439,7336764,2013-14
JELLINBAH GROUP PTY LTD,54010754793,1074150996,102477203,30166598,2013-14
JEMINEX LIMITED,49113973087,165249048,,,2013-14
JENNMAR AUSTRALIA PTY LTD,34078584531,117503785,3909656,1016441,2013-14
JET SYSTEMS PTY LTD,34003469574,389161073,39521445,11766932,2013-14
JFE STEEL AUSTRALIA RESOURCES PTY LTD,77113447064,184490671,10108300,3016584,2013-14
JKC AUSTRALIA LNG PTY LTD,14154383409,4179169834,271668451,81500535,2013-14
JOHN SWIRE & SONS PTY LTD,88000106141,408574494,76571135,22971340,2013-14
JOHNSON & JOHNSON PTY LTD,29000023709,1369151317,104128334,27517203,2013-14
JOHNSON CONTROLS HOLDING AUSTRALIA PTY LIMITED,86102631158,142526655,7371063,2211319,2013-14
JOLIMONT DEVELOPMENT FINANCE PTY LTD,94094356779,414677912,13235194,2076744,2013-14
JOY GLOBAL AUSTRALIA HOLDING COMPANY PTY LTD,70059870058,667718632,,,2013-14
JP MORGAN AUSTRALIA GROUP PTY LIMITED,54104888155,785992964,,,2013-14
JP MORGAN CHASE BANK NATIONAL ASSOCIATION,43074112011,812274855,,,2013-14
J-POWER AUSTRALIA PTY. LTD.,59002307682,215011218,1691852,,2013-14
JWH GROUP PTY LTD,84098664709,367419484,12868067,,2013-14
JX NIPPON OIL & GAS EXPLORATION (AUSTRALIA) PTY LTD,46078323743,120979408,541880,,2013-14
K&S CORPORATION LTD,67007561837,565225047,5061419,1507206,2013-14
KAEFER INTEGRATED SERVICES PTY LTD,83009046191,116818911,,,2013-14
KAGERA PTY LTD,58008478797,215652615,21343670,5843007,2013-14
KAILIS BROS PTY LTD,97008723000,433730912,15804773,2844152,2013-14
KANE CONSTRUCTIONS HOLDINGS PTY LTD,94151868772,473162735,16364707,4680674,2013-14
KANSAI ELECTRIC POWER AUSTRALIA PTY LTD,32126720732,116002756,,,2013-14
KARARA MINING LIMITED,68070871831,271865951,,,2013-14
KATHMANDU PTY LTD,84007047547,228844325,24647047,7394114,2013-14
KBR HOLDINGS PTY LTD,32093419277,776541247,239272407,49434503,2013-14
KEANE AUSTRALIA PTY LTD,97114227173,103253310,,,2013-14
KEEMA HOLDINGS PTY LTD,28097123389,214063410,3911639,1160746,2013-14
KELLER AUSTRALIA PTY LIMITED,61081279932,379701703,17993964,1045039,2013-14
KELLOGG AUSTRALIA HOLDINGS PTY LIMITED,59102893952,482706813,23943201,4061946,2013-14
KELLY SERVICES (AUSTRALIA) LTD,45010806523,135016239,,,2013-14
KENNARDS HIRE PTY LIMITED,69001740727,245979278,40310381,11669816,2013-14
KENTZ PTY LTD,50107699221,528475226,66320515,19151758,2013-14
KEOLIS DOWNER PTY LTD,51165343680,417586719,28996747,8699024,2013-14
KERRY INGREDIENTS AUSTRALIA PTY LTD,47072996895,415785317,3325602,,2013-14
KIA MOTORS AUSTRALIA PTY LIMITED,97110483353,711284645,30887372,9266212,2013-14
KIEWIT AUSTRALIA HOLDINGS PTY LTD,33141920818,101044321,,,2013-14
KILCOY INDUSTRIES AUSTRALIA PTY LTD,16125927308,236579286,18420914,5526274,2013-14
KIMBERLY- CLARK PACIFIC HOLDINGS PTY LIMITED,59095905294,1035990923,129765095,33779195,2013-14
KIN GROUP PTY LTD,11095313714,463082574,288019970,84137639,2013-14
KING HOLDING COMPANY 1 PTY LIMITED,56162529384,583272771,,,2013-14
KINGSPAN HOLDINGS AUSTRALIA PTY LTD,81107982098,103052717,2328164,698450,2013-14
KMG RESOURCES PTY LTD,81150181392,153576935,,,2013-14
KNAUF GYPSUM (AUSTRALIA) PTY LTD,82134378313,127442713,,,2013-14
KNIGHT FRANK AUSTRALIA HOLDINGS PTY LTD,28114923938,126328694,7418390,2225517,2013-14
KNORR-BREMSE AUSTRALIA PTY LTD,31092562671,200033105,8556324,1605244,2013-14
KOCH FERTILISER AUSTRALIA PTY LTD,44140582369,171579268,,,2013-14
KOGAS AUSTRALIA PTY LTD,42130065682,204743379,,,2013-14
KOMATSU MARKETING SUPPORT AUSTRALIA PTY LTD,63053514739,1529515662,64409154,19322746,2013-14
KONE HOLDINGS (AUSTRALIA) LIMITED,51003986436,355697350,33490077,10004846,2013-14
KONICA MINOLTA BUSINESS SOLUTIONS AUSTRALIA PTY LTD,50001065096,210250249,5853529,1756059,2013-14
KOPPERS AUSTRALIA HOLDING COMPANY PTY LTD,19104645301,204964707,28342485,8502746,2013-14
KORDIA PTY LIMITED,33062953940,198155409,,,2013-14
KUBOTA TRACTOR AUSTRALIA PTY LTD,72005300621,236817215,13995037,4198511,2013-14
KUEHNE & NAGEL PTY LTD,70000871607,357407070,10864251,3233561,2013-14
KUFPEC AUSTRALIA PTY LTD,42001800924,332846914,,,2013-14
KUMHO TYRE AUSTRALIA PTY LTD,46003300678,139583352,932253,279676,2013-14
KUWAIT PETROLEUM AVIATION (AUSTRALIA) PTY LIMITED,88122531631,314417271,,,2013-14
KWIKFORM ACQUISITION HOLDINGS PTY LIMITED,43157779961,103050410,,,2013-14
LAGARDERE SERVICES ASIA PACIFIC PTY LTD,77095961201,235942386,4269470,1280841,2013-14
LAING O'ROURKE AUSTRALIA PTY LIMITED,71111023431,2554543823,,,2013-14
LAMANNA BANANAS,87004843556,172353506,1532978,72334,2013-14
LANCO RESOURCES AUSTRALIA PTY LTD,30147835452,122097822,,,2013-14
LANDIS & GYR HOLDINGS PTY LTD,82098539587,124038509,8090152,609335,2013-14
LANDMARK GLOBAL EXPORTS PTY LTD,44131015373,159474643,,,2013-14
LAWRENCE & HANSON GROUP PTY LTD,69080350812,803303594,,,2013-14
LAZARD ASSET MANAGEMENT PACIFIC CO,13064523619,104096298,27064172,8119252,2013-14
LEASEPLAN AUSTRALIA LIMITED,57006923011,614318891,,,2013-14
LEGES HOLDINGS (AUSTRALIA) PTY LIMITED,19072077706,213566465,4522722,1356817,2013-14
LEGO AUSTRALIA PTY LIMITED,42001540914,154268087,3864951,1159485,2013-14
LEGRAND GROUP PTY LIMITED,41000565739,142550326,,,2013-14
LEIGHTON HOLDINGS LIMITED,57004482982,17091976978,134970027,37538934,2013-14
LEMPRIERE (AUSTRALIA) PROPRIETARY LIMITED,27004386841,503307296,,,2013-14
LEND LEASE CORPORATION LIMITED,32000226228,7683437140,,,2013-14
LENOVO (AUSTRALIA & NEW ZEALAND) PTY LIMITED,70112394411,372184669,132344,39703,2013-14
LEXMARK INTERNATIONAL (AUSTRALIA) PTY LIMITED,86050148466,101441797,126060,17102,2013-14
LG ELECTRONICS AUSTRALIA PTY LIMITED,98064531264,716730952,16383519,4915056,2013-14
LGL CO PTY LTD,46087391704,180976282,23494074,6582754,2013-14
LIBERTY MUTUAL INSURANCE COMPANY,61086083605,158811375,52667871,15800361,2013-14
LIEBHERR-AUSTRALIA PTY LTD,65007970452,838027981,45098346,13529504,2013-14
LIGHTING INVESTMENTS AUSTRALIA HOLDING S PTY LTD,54159519810,331524697,,,2013-14
LINDE MATERIAL HANDLING PTY LIMITED,62000768776,174735984,11098655,3329596,2013-14
LINDSAY AUSTRALIA LIMITED,81061642733,319788291,9925273,2977582,2013-14
LINDT & SPRUNGLI (AUSTRALIA) PTY LIMITED,43079224892,169196886,16932311,5079693,2013-14
LINFOX PTY LTD,59004667298,2022263575,115839456,33627507,2013-14
LINK ADMINISTRATION HOLDINGS PTY LIMITED,27120964098,386109120,317114,,2013-14
LION PTY LTD,50128004268,4418175000,221508020,43610221,2013-14
LIPMAN GROUP HOLDINGS PTY LIMITED,62150243682,146212330,,,2013-14
LITTLE PROJECTS PTY LTD,85117005419,329767064,21698148,6509444,2013-14
LLOYD HELICOPTER SERVICES PTY LTD,45058277491,277738692,,,2013-14
LLOYDS BANK PLC SYDNEY BRANCH,77142617605,771712198,,,2013-14
LLOYDS INTERNATIONAL PTY LIMITED,50070002587,3950992470,,,2013-14
LOCKHEED MARTIN AUSTRALIA PTY LIMITED,30008425509,229558213,30161553,9048466,2013-14
LOGICAMMS LIMITED,90127897689,103724975,13639029,,2013-14
L'OREAL AUSTRALIA PTY LTD,40004191673,455425884,86209631,25862889,2013-14
LOUIS VUITTON AUSTRALIA PTY LTD,41005918678,165689985,20286395,6085918,2013-14
LOWES MANHATTAN PTY LTD,31000307666,214365592,5923271,1776316,2013-14
LOY YANG HOLDINGS PTY LTD,60057361805,759725106,88124096,26437229,2013-14
LPI (AUSTRALIA) HOLDINGS PTY LIMITED,81084042473,312360588,49265908,14289752,2013-14
LUXOTTICA SOUTH PACIFIC HOLDINGS PTY LIMITED,58104629772,757519071,4202176,1260653,2013-14
LYCOPODIUM LIMITED,83098556159,128355130,468153,,2013-14
LYONDELLBASELL AUSTRALIA (HOLDINGS) PTY LTD,74066270237,330118862,,,2013-14
M J LUFF PTY LTD,52001001850,214267778,955593,,2013-14
M RESOURCES TRADING PTY LTD,58156582320,571030696,20353162,6105949,2013-14
M.A.K PRECIOUS METALS PTY LTD,66162001649,327956668,3731434,1119430,2013-14
M2 TELECOMMUNICATIONS GROUP LIMITED,74091575021,1017001148,61121253,18297192,2013-14
MACA MINING PTY LTD,22102886064,536317067,38034173,11252216,2013-14
MACA PLANT PTY LTD,29110779167,111878326,59605874,11405572,2013-14
MACDONALD JOHNSTON PTY LTD,68004992090,102164696,10058894,2200761,2013-14
MACKAY SUGAR LTD,12057463671,443375858,,,2013-14
MACMAHON HOLDINGS LIMITED,93007634406,946143561,10002486,,2013-14
MACQUARIE GROUP LIMITED,94122169279,8085298209,797098085,127927422,2013-14
MACQUARIE TELECOM GROUP LIMITED,72056712228,196998443,3265824,,2013-14
MAGELLAN FINANCIAL GROUP LIMITED,59108437592,148946022,91900670,27245841,2013-14
MAH CAPITAL PTY LTD,,558212554,,,2013-14
MAINBRACE CONSTRUCTIONS PTY LIMITED,45002970658,218008793,7724575,2317372,2013-14
MAINFREIGHT HOLDINGS PTY LTD,24084637605,470003551,24710744,7413223,2013-14
MAKHTESHIM-AGAN AUSTRALASIA PTY LIMITE D,31108759495,162380937,,,2013-14
MAKITA (AUSTRALIA) PTY LIMITED,57001117335,196822748,18287087,5486126,2013-14
MALIBRU PTY LTD,98008467114,252991814,18006390,5064476,2013-14
MAMMOET AUSTRALIA PTY LTD,77075483644,146877959,,,2013-14
MANHEIM AUCTIONS AUSTRALIA PTY LTD,97090535505,113889837,560986,123224,2013-14
MANPOWER SERVICES (AUSTRALIA) PTY LIMI TED,15071884994,593923793,4768120,1430436,2013-14
MANTRA GROUP LIMITED,69137639395,450534052,6513282,1953985,2013-14
MARS AUSTRALIA PTY LTD,48008454313,1336752500,245401400,55733270,2013-14
MARSH MERCER HOLDINGS (AUST) PTY LTD,86097026812,685558135,137701399,40246607,2013-14
MARTIN-BROWER AUSTRALIA HOLDINGS PTY LTD,91156502251,1045910296,5761166,1728350,2013-14
MARUBENI AUSTRALIA LIMITED,53000329699,2326649289,48319760,,2013-14
MARUBENI-ITOCHU TUBULARS OCEANIA PTY L TD,87077953827,240354196,25054843,7516453,2013-14
MASTERMYNE GROUP LIMITED,96142490579,171207968,3001427,900428,2013-14
MASTERTON CORPORATION HOLDING COMPANY PTY LIMITED,56055692825,213768532,8846938,2654081,2013-14
MATRIX & COMPOSITES ENGINEERING LTD,54009435250,169788335,,,2013-14
MAX SOLUTIONS PTY LTD,51067092737,184289186,37291899,11187570,2013-14
MAXI-TANKERS PTY LTD,22117406934,229567616,690159,207048,2013-14
MAXITRANS INDUSTRIES LIMITED,58006797173,294989095,26073861,5676582,2013-14
MAZDA AUSTRALIA PTY LTD,78004690804,2436232363,51960805,15523200,2013-14
MC FINANCE AUSTRALIA PTY LTD,37159007360,312764283,22975906,6890186,2013-14
MC RESOURCES AUSTRALIA PTY LTD,86142911233,378855136,,,2013-14
MCALEESE LIMITED,86156354068,736946076,,,2013-14
MCC MINING (WESTERN AUSTRALIA) PTY LTD,69123854740,418537965,,,2013-14
MCCAIN FOODS (AUST) PTY LTD,96000629587,671177504,12026072,3607822,2013-14
MCCARROLLS OF MOSS VALE PTY LTD,60003411210,293641217,953324,285976,2013-14
MCCORMICK FOODS AUSTRALIA PTY LTD,62004763259,109672419,,,2013-14
MCDERMOTT AUSTRALIA PTY LTD,99002736352,558922465,30419296,9125789,2013-14
MCDONALD JONES HOMES PTY LTD,59089524050,284012096,13353580,4006074,2013-14
MCDONALDS ASIA PACIFIC CONSORTIUM PTY LIMITED,63102428571,478311295,,,2013-14
MCDONALDS AUSTRALIAN PROPERTY CORPORATION,55002913555,1666080503,362305078,105554036,2013-14
MCKINSEY PACIFIC RIM INC,66055131443,190475521,10407729,3047260,2013-14
MCMILLAN SHAKESPEARE LIMITED,74107233983,336847913,87305840,23571479,2013-14
MCPHERSON'S LIMITED,98004068419,257618711,7940599,2257109,2013-14
MCWILLIAM'S WINES GROUP LTD,36000024108,133079875,,,2013-14
MECU LIMITED,21087651607,162092000,35780758,9159625,2013-14
MEDIBANK PRIVATE LIMITED,47080890259,6462578665,364303121,94375913,2013-14
MEDTRONIC AUSTRALASIA PTY LIMITED,47001162661,517194152,16271982,4881595,2013-14
MELBOURNE IT LTD,21073716793,216832754,24595304,4748726,2013-14
MEMART INVESTMENTS PTY LTD,98004325562,674049374,,,2013-14
MEMBERS EQUITY BANK LIMITED,56070887679,922201836,94421785,19138272,2013-14
MENZIES AVIATION HOLDINGS (AUSTRALIA) PTY LTD,18102031836,178110406,12375950,3712785,2013-14
MERCK SERONO AUSTRALIA PTY LTD,72006900830,108194191,2401431,186105,2013-14
MERCK SHARP & DOHME (HOLDINGS) PTY LTD,57000235245,870022159,67178856,14690434,2013-14
MERITON PROPERTIES PTY LIMITED,49000698626,1191052037,262195862,75919996,2013-14
MERLIN ENTERTAINMENTS (AUSTRALIA) PTY LIMITED,51147624557,160241272,4089902,397553,2013-14
METAGENICS AUSTRALIA PTY LTD,78113937572,123876098,20804361,4963136,2013-14
METALS X LIMITED,25110150055,244085836,,,2013-14
METCASH AUTOMOTIVE HOLDINGS PTY LTD,55159216485,222649935,23786996,7136099,2013-14
METCASH LIMITED,32112073480,13187096060,261051113,71415566,2013-14
METECNO PTY LTD,44096402934,101189562,6250378,1568313,2013-14
METLIFE INSURANCE LIMITED,75004274882,465987062,,,2013-14
METRO TRAINS MELBOURNE PTY LTD,43136429948,1188855343,66546868,19964061,2013-14
METSO MINERALS (AUSTRALIA) LTD,99000197428,392592947,44315452,5957185,2013-14
MHG HOTEL HOLDING AUSTRALIA PTY LTD,49153049917,152951208,21785740,5565373,2013-14
MICHAEL HILL JEWELLER (AUSTRALIA) PTY LTD,82003181333,397206905,10361526,2586755,2013-14
MICHAEL PAGE INTERNATIONAL (AUSTRALIA) PTY LTD,58002872264,176689186,1901148,517112,2013-14
MICHELIN AUSTRALIA PTY LTD,84006761628,633833079,23106163,4364200,2013-14
MICROSOFT PTY LTD,29002589460,567752818,103886168,31165850,2013-14
MIDDLEMOUNT COAL PTY LTD,49122348412,345394565,,,2013-14
MIDFIELD MEAT INTERNATIONAL PTY LTD,78065864904,479419207,14376988,4032245,2013-14
MIELE AUSTRALIA PTY LIMITED,96005635398,299718919,22765416,6829625,2013-14
MILLENNIUM MINERALS LIMITED,85003257556,103190046,,,2013-14
MILLER POHANG COAL COMPANY PTY LTD,99001588209,458088983,,,2013-14
MILTON CORPORATION LIMITED,18000041421,129569279,168326088,5401162,2013-14
MINCOR RESOURCES NL,42072745692,110362371,,,2013-14
MINERAL RESOURCES LIMITED,33118549910,2015270504,470496989,111389044,2013-14
MINERVA FINANCIAL GROUP PTY LTD,43124171759,211966011,,,2013-14
MINMETALS AUSTRALIA PTY LTD,63006868033,489973799,,,2013-14
MIRVAC LIMITED,92003280699,1690754491,,,2013-14
MITSUBISHI AUSTRALIA LIMITED,81004354278,431023001,7513488,2043982,2013-14
MITSUBISHI DEVELOPMENT PTY LTD,17009779873,4615250002,,,2013-14
MITSUBISHI ELECTRIC AUSTRALIA PTY LIMITED,58001215792,287129641,7573952,2272186,2013-14
MITSUBISHI MOTORS AUSTRALIA LIMITED,53007870395,2037579159,,,2013-14
MITSUI & CO (AUSTRALIA) LTD,64004349795,6451612344,1683128795,418446091,2013-14
MITSUI MATSUSHIMA INTERNATIONAL PTY LIMITED,72100874600,174140215,25218925,7562186,2013-14
MITSUI-ITOCHU IRON PTY LTD,84008702761,1095164011,496944484,148258914,2013-14
MIZUHO BANK LTD (SYDNEY BRANCH),83099031106,660464188,46386165,13915850,2013-14
MMA OFFSHORE LIMITED,21083185693,609404103,102264124,30036380,2013-14
MMG AUSTRALIA LIMITED,23004074962,1274473360,,,2013-14
MML HOLDINGS PTY LTD,55084402380,2640667796,168479782,50543795,2013-14
MODEC MANAGEMENT SERVICES PTE LTD,18109283810,132603652,,,2013-14
MODIANO AUSTRALIA PTY LTD,44006450344,106543690,1197970,359391,2013-14
MOET HENNESSY AUSTRALIA PTY LIMITED,26104454604,232491715,11522694,3456808,2013-14
MOFFAT GROUP PTY LTD,92069691407,118495694,11555272,2915158,2013-14
MOMENTIVE SPECIALTY CHEMICALS PTY LTD,32004271827,130987167,3267169,,2013-14
MONADELPHOUS GROUP LIMITED,28008988547,2299372863,249999952,44353584,2013-14
MONDELEZ AUSTRALIA GROUP CO PTY LTD,53147371846,1742567687,,,2013-14
MONSANTO AUSTRALIA LIMITED,86006725560,222282731,14484970,2374533,2013-14
MORGAN STANLEY (AUSTRALIA) HOLDINGS PTY LIMITED,12102669312,394136510,9380979,2814294,2013-14
MORRIS CORPORATION GROUP PTY LTD,50154271780,227347535,,,2013-14
MORTGAGE CHOICE LIMITED,57009161979,179123808,28260831,8003386,2013-14
MOTORAMA HOLDINGS PTY LTD,17010584031,423378887,8414168,2524250,2013-14
MOTOROLA SOLUTIONS AUSTRALIA PTY LTD,16004742312,318449478,3921041,1176312,2013-14
MOUNT GIBSON IRON LIMITED,87008670817,921695574,84110683,25233205,2013-14
MOUNT PRITCHARD & DISTRICT COMMUNITY CLUB LTD,98000458622,120581119,,,2013-14
MP AUSTRALIA HOLDINGS PTY LTD,37156629211,236624607,,,2013-14
MRC GLOBAL AUSTRALIA PTY LTD,46080156378,242384000,,,2013-14
MTU DETROIT DIESEL AUSTRALIA PTY LTD,47073690990,264131638,,,2013-14
MUHIBBAH CONSTRUCTION PTY LIMITED,93073412012,109745174,638576,191573,2013-14
MULAWA HOLDINGS PTY LIMITED,18000259834,499971879,26295991,7634105,2013-14
MULPHA AUSTRALIA LIMITED,44002888039,193119326,,,2013-14
MULTI MARKET SERVICES AUSTRALIA HOLDINGS PTY LTD,50000026228,206968853,33768128,10119296,2013-14
MUNCHENER RUCKVERSICHERUNGS GESELLSCHAFT,90009763526,806018681,11775214,,2013-14
MUNDIPHARMA PTY LIMITED,87081322509,153108816,18018973,5125286,2013-14
MUNICH HOLDINGS OF AUSTRALASIA PTY LTD,80000159651,1002034628,,,2013-14
MURPHY PIPE AND CIVIL GROUP PTY LTD,43142862904,931628987,38155962,11390195,2013-14
MURRAY & ROBERTS PTY LTD,33105617865,536112886,573744,,2013-14
MURRAY GOULBURN CO-OPERATIVE CO. LIMITED,23004277089,3099952708,17275029,93917,2013-14
MWH AUSTRALIA PTY LTD,17007820322,119254306,5676438,1621024,2013-14
MYER HOLDINGS LIMITED,14119085602,2781927351,146120250,37506107,2013-14
MYLAN AUSTRALIA HOLDING PTY LTD,52127537302,361913150,,,2013-14
MYOB GROUP PTY LIMITED,61153094958,229243351,,,2013-14
MYSTATE LIMITED,26133623962,212585457,39100877,10389644,2013-14
N.H.P. HOLDINGS PROPRIETARY LIMITED,21004745644,341890095,5124682,1537121,2013-14
NACAP AUSTRALIA PTY LTD,33006306994,181433745,18742141,5622642,2013-14
NAMOI COTTON COOPERATIVE LIMITED,76010485588,534315387,,,2013-14
NATIONAL AUSTRALIA BANK LIMITED,12004044937,42634043796,11268533601,2260156675,2013-14
NATIONAL HEALTH CALL CENTRE NETWORK LIMITED,28118291044,121714999,1207505,362252,2013-14
NATIONAL ROADS AND MOTORISTS ASSOCIATI ON LIMITED,77000010506,572309496,21934872,,2013-14
NAVITAS LIMITED,69109613309,649560681,109157440,29349671,2013-14
NBN CO LIMITED,86136533741,101482843,,,2013-14
NCIG HOLDINGS PTY LIMITED,98124700483,640799846,,,2013-14
NCR AUSTRALIA PTY LTD,61000003592,223395094,2722662,472915,2013-14
NEC AUSTRALIA PTY LTD,86001217527,367117038,,,2013-14
NESTLE AUSTRALIA LIMITED,77000011316,2215656411,286786424,71926927,2013-14
NETAPP AUSTRALIA PTY LTD,14092499431,185758463,5166179,1549854,2013-14
NEW HOPE CORPORATION LIMITED,38010653844,589928529,28696462,3971002,2013-14
NEW WORLD HOLDINGS PTY LTD,16005626086,1081429063,,,2013-14
NEW ZEALAND MILK (AUSTRALASIA) PTY LTD,23003502654,1956743000,,,2013-14
NEWCASTLE PERMANENT BUILDING SOCIETY LIMITED,96087651992,459556138,53542860,16062858,2013-14
NEWCREST MINING LIMITED,20005683625,2439551849,,,2013-14
NEWEDGE AUSTRALIA PTY LIMITED,56114206307,144001885,,,2013-14
NEWELL AUSTRALIA PTY LTD,68075071233,123303716,9846888,2774307,2013-14
NEWFURN FLOOR COVERINGS LTD,63004650668,145307460,1995234,598570,2013-14
NEWMONT AUSTRALIA HOLDINGS PTY LTD,95099040507,2545622599,,,2013-14
NEWS AUSTRALIA HOLDINGS PTY LIMITED,32105197028,2847566418,,,2013-14
NEWS AUSTRALIA INVESTMENTS PTY LIMITED,,1032101000,97187825,4238526,2013-14
NEWS PAY TV FINANCING PTY LIMITED,36157820338,188470823,,,2013-14
NEXANS AUSTRALIA HOLDING PTY LTD,52122486195,499541834,,,2013-14
NEXTGEN GROUP HOLDINGS PTY LIMITED,69162568765,133103753,2689191,806757,2013-14
NEXTGEN NETWORKS PTY LTD,32094147403,148692845,38181150,11454345,2013-14
NGP INVESTMENTS NO 1 PTY LTD,80001495352,671264920,55371410,7403784,2013-14
NH FOODS AUSTRALIA PTY LTD,87001548401,845824273,,,2013-14
NIB HOLDINGS LIMITED,51125633856,1387931990,78595931,22829382,2013-14
NICK SCALI LIMITED,82000403896,142725629,20255866,6076760,2013-14
NIKE AUSTRALIA PTY LTD,99055141743,288254093,9799314,2939794,2013-14
NIKON AUSTRALIA PTY LTD,34121761537,131034942,,,2013-14
NINE ENTERTAINMENT CO. HOLDINGS LIMITED,60122203892,1622198210,33607884,,2013-14
NINTENDO AUSTRALIA PTY LIMITED,43060566083,105954339,5325062,1597519,2013-14
NIPPON STEEL & SUMITOMO METAL AUSTRALIA PTY LIMITED,64001445049,1159737073,740961152,220470308,2013-14
NISSAN MOTOR CO (AUSTRALIA) PTY LTD,54004663156,2098612707,,,2013-14
NMHG AUSTRALIA HOLDING PTY LTD,26101464073,151152551,,,2013-14
NOBLE LEASING II (SWITZERLAND) GMBH,75154445664,106252794,7488048,2246414,2013-14
NOBLE RESOURCES AUSTRALIA PTY LTD,25001069423,266263035,,,2013-14
NOKIA AUSTRALIA PTY LIMITED,39007366949,128730635,,,2013-14
NOKIA SOLUTIONS AND NETWORKS AUSTRALIA PTY LTD,74122172365,318080723,,,2013-14
NONI B LIMITED,96003321579,115000751,,,2013-14
NORCO,17009717417,430814000,,,2013-14
NORSKE SKOG INDUSTRIES AUSTRALIA LTD,50003902985,627661777,389627,,2013-14
NORTHERN STAR RESOURCES LTD,43092832892,304793208,20625051,4958819,2013-14
NORTHGATE AUSTRALIAN VENTURES CORPORATION PTY LTD,21128442375,226299014,,,2013-14
NORTON GOLD FIELDS LIMITED,23112287797,261911391,,,2013-14
NOTE PRINTING AUSTRALIA LIMITED,86082630671,126915726,10768223,1017578,2013-14
NOVA ENTERTAINMENT (AUSTRALIA) PTY LIM ITED,60106378134,152121946,6142856,,2013-14
NOVARTIS AUSTRALIA PTY LIMITED,81004371224,1191832345,82502901,12002134,2013-14
NOVO NORDISK PHARMACEUTICALS PTY LTD,40002879996,204167840,9605715,908880,2013-14
NTT COM ICT SOLUTIONS (AUSTRALIA) PTY LTD,61059040998,140813195,733412,,2013-14
NUPLEX OPERATIONS (AUST) PTY LTD,56000436126,430033971,,,2013-14
NUTRICIA AUSTRALIA PTY LIMITED,99076246752,210916609,53993516,16198055,2013-14
NYRSTAR HOBART PTY LTD,49124818113,206265565,,,2013-14
NYRSTAR PORT PIRIE PTY LTD,31008046428,278131768,21599006,409680,2013-14
NYRSTAR SALES & MARKETING AG,46401415344,820510518,,,2013-14
OAKBRIDGE PTY LIMITED,67000230419,1422274128,313087353,86994437,2013-14
OAKTON LIMITED,50007028711,168526797,28194874,207127,2013-14
OCEANA GOLD LTD,56107488200,116862346,,,2013-14
OCEANEERING AUSTRALIA PTY LIMITED,53005031685,149080991,12095658,3628697,2013-14
OFFICEMAX INTERNATIONAL PTY LTD,78073257379,327935907,,,2013-14
OFFSHORE MARINE SERVICES ALLIANCE PTY LTD,68125145486,296710943,18457425,5537228,2013-14
OLBIA PTY LTD HEAD COY CONSOL,64000305304,1000977859,,,2013-14
OLDHAM FAMILY CONSOLIDATION PTY LTD,14144634686,229197861,4587747,1376324,2013-14
OLYMPUS AUSTRALIA PTY LTD,90078493295,180196238,3506386,1051916,2013-14
OM (MANGANESE) LIMITED,60097091506,116100229,,,2013-14
OMEGA MATERIALS HANDLING PTY LTD,75069624031,235639645,,,2013-14
OMEGACORP PTY LTD,60094212307,197886027,,,2013-14
OMN INVESTMENTS PTY LTD,26119990064,393274216,97943,,2013-14
ONE HARVEST HOLDINGS PTY LTD,90165718070,208199196,13000685,2290494,2013-14
ONEFORTYONE PLANTATIONS HOLDINGS PTY LTD,42159689942,332730976,,,2013-14
ONSITE RENTAL GROUP PTY LIMITED,42126396852,256027000,11041238,3312371,2013-14
OPTIVER AUSTRALIA HOLDINGS PTY LIMITED,35077364286,352899853,74291854,19978634,2013-14
ORD MINNETT HOLDINGS PTY LIMITED,32062323728,104279189,13152359,3939726,2013-14
ORICA LIMITED,24004145868,2883720921,226787108,42953040,2013-14
ORIENTAL MERCHANT PTY LTD,34007368925,241497249,22776511,6649571,2013-14
ORIGIN ENERGY LIMITED,30000051696,12574554876,501252871,108004529,2013-14
ORIGIN ENERGY URANQUINTY POWER PTY LTD,26120384938,180075404,8560902,1872727,2013-14
ORIX AUSTRALIA CORPORATION LIMITED,79002992681,365546945,45044307,13513292,2013-14
ORORA LIMITED,55004275165,819134955,27861950,,2013-14
OROTONGROUP LIMITED,14000038675,120706606,17242256,5172677,2013-14
OSTWALD BROS PTY LTD,91099115009,386657529,,,2013-14
OTOC LTD,80122958178,113171649,14496498,,2013-14
OTTOWAY ENGINEERING PTY LTD,70125531428,107105601,543563,163069,2013-14
OUTDOOR MEDIA INVESTMENTS LIMITED,32156446187,235637922,,,2013-14
OUTOTEC PTY LIMITED,74003491165,443273438,24687920,5155926,2013-14
OVERSEA-CHINESE BANKING CORPORATION LTD,94073598035,344731816,91528702,27458611,2013-14
OWENS-ILLINOIS (AUSTRALIA) PTY LTD,30002060059,696813677,,,2013-14
OZ MINERALS LIMITED,40005482824,708982677,,,2013-14
OZFOREX GROUP LIMITED,12165602273,109630261,40162242,12028622,2013-14
OZGEN HOLDINGS AUSTRALIA PTY LTD,34128655096,175925460,,,2013-14
OZSALE PTY LTD,11118610987,223203640,,,2013-14
PACCAR AUSTRALIA PTY LTD,43004669667,834997000,143015973,42341403,2013-14
PACIFIC BRANDS LTD,64106773059,1345508892,34426410,2145709,2013-14
PACIFIC INVEST DECEMBER 2004 PTY LTD,58112150973,856011091,86402629,25920788,2013-14
PACIFIC WEST FOODS AUSTRALIA PTY LTD,87069569517,118382769,8651028,2595308,2013-14
PACT GROUP HOLDINGS LTD,55145989644,391322935,12987951,3037733,2013-14
PADDY POWER AUSTRALIA PTY LTD,83133081491,254562581,45603610,7640496,2013-14
PAGEPACK (AU) PTY LTD,59146091625,292588758,1148529,340512,2013-14
PALADIN ENERGY LTD,47061681098,114258699,,,2013-14
PANALPINA WORLD TRANSPORT PTY LIMITED,29000525995,199037269,1038671,311601,2013-14
PANASONIC AUSTRALIA PTY LIMITED,83001592187,468650565,9655259,2896578,2013-14
PANDROL AUSTRALIA PTY LIMITED,90000061227,104633690,11954597,3037438,2013-14
PANORAMIC RESOURCES LIMITED,47095792288,462709300,,,2013-14
PAPER AUSTRALIA PTY LTD,63061583533,752516964,,,2013-14
PAPERLINX LIMITED,70005146350,255464428,,,2013-14
PAPUAN OIL SEARCH LIMITED,62000251025,140564391,37780717,11115767,2013-14
PARK FREIGHT INTERNATIONAL PTY LTD,84001954203,140523287,7101133,2130340,2013-14
PARK PTY LTD,17093014129,643953602,651923,195577,2013-14
PARKER HANNIFIN AUSTRALIA HOLDING PTY LIMITED,,149258396,,,2013-14
PARKVIEW CERBERUS PTY LTD,,292857022,,,2013-14
PARMALAT AUSTRALIA PTY LTD,56072928879,415209535,23254700,6735324,2013-14
PARMALAT FINANCE AUSTRALIA PTY LTD,17163435103,744215983,47568182,13677317,2013-14
PARMALAT INVESTMENTS PTY LTD,94137189952,259651141,1810623,522397,2013-14
PATRICK AUTOCARE PTY LTD,67004497607,255220215,20456671,6137001,2013-14
PATTERSON CHENEY HOLDINGS PTY LTD,40004335853,586396237,22746906,4693745,2013-14
PATTIES FOODS LTD,62007157182,249612419,26178800,5189925,2013-14
PAUL WAKELING MOTOR GROUP PTY LTD,47119908780,204131534,8606091,2581827,2013-14
PAYPAL AUSTRALIA PTY LIMITED,93111195389,255277157,12033522,3610057,2013-14
PBS PROPERTY GROUP PTY LTD,39099677844,206842314,,,2013-14
PDH GROUP PTY LTD,26125135524,354532360,5831610,1749483,2013-14
PEABODY AUSTRALIA HOLDCO PTY LTD,61154820130,3020429654,,,2013-14
PEAK ADVENTURE TRAVEL GROUP LIMITED,30131952513,253726700,,,2013-14
PEAK GOLD ASIA PACIFIC PTY LTD,93103879054,190486479,2948082,254591,2013-14
PEARSON AUSTRALIA HOLDINGS PTY LTD,62103243858,225361992,6417045,43591,2013-14
PEET LIMITED,56008665834,174672889,,,2013-14
PELICAN ACQUISITION COMPANY PTY LIMITED,94146841027,349973636,2215223,664567,2013-14
PENFOLD MOTORS BURWOOD PTY LTD,28005667461,268458380,5578308,1669207,2013-14
PENRITH RUGBY LEAGUE CLUB LIMITED,57000578398,208399694,,,2013-14
PENSKE TRANSPORTATION GROUP INTERNATIONAL PTY LTD,42164850355,160155371,3967652,1190296,2013-14
PENTAL LIMITED,29091035353,110112936,1917669,,2013-14
PEOPLEBANK HOLDINGS PTY LIMITED,75127554410,454385552,5402629,1618512,2013-14
PEPKOR SOUTH EAST ASIA PTY LIMITED,80081408791,838227416,,,2013-14
PEPPER AUSTRALIA PTY LIMITED,55094317665,315291751,40541479,11899609,2013-14
PERFECTION FRESH GROUP HOLDINGS PTY LTD,47131802723,282990279,1698581,141372,2013-14
PERGAL PTY LIMITED,94158366155,241164248,,,2013-14
PERILYA LIMITED,85009193695,188053412,,,2013-14
PERNOD RICARD PACIFIC HOLDING PTY LTD,16003678484,517323844,,,2013-14
PERPETUAL LIMITED,86000431827,448289235,120362319,34231149,2013-14
PERRON INVESTMENTS PTY LTD,48000003976,484003767,167567820,47485263,2013-14
PERTH AIRPORT DEVELOPMENT GROUP PTY LT D,53076286630,457485659,115299991,33754113,2013-14
PERTH ENERGY PTY LTD,39087386445,300342073,,,2013-14
PETER WARREN AUTOMOTIVE PTY LTD,67000293621,581404125,6660909,1998273,2013-14
PETERS FOOD GROUP PTY LIMITED                                                                                                                                                                           ,14154313738,271906659,,,2013-14
PETFOOD HOLDINGS PTY LTD,22131978035,263071261,26297304,6783717,2013-14
PETROGAS PTY LTD,64006960372,202375302,7993,2398,2013-14
PFD FOOD SERVICES PTY LTD,29006972381,1505323989,29984444,8886330,2013-14
PFIZER AUSTRALIA HOLDINGS PTY LIMITED,91108292799,1005699589,47734132,14320240,2013-14
PFIZER AUSTRALIA INVESTMENTS PTY LIMITED,86146429138,208029421,21834533,6550360,2013-14
PGS AUSTRALIA PTY LTD,46077150415,101746345,,,2013-14
PHARM-A-CARE LABORATORIES PTY LTD,99003468219,235803341,16463303,4938991,2013-14
PHARSALUS INVESTMENTS PTY LTD,88163462637,714943526,1495111,,2013-14
PHILIP MORRIS (AUSTRALIA) LIMITED,68004316901,3247603423,746082938,223824881,2013-14
PHILIPS ELECTRONICS AUSTRALIA LIMITED,24008445743,405803746,9777128,2933138,2013-14
PICKLES AUCTIONS PTY LTD,32003417650,204165110,21500460,6450138,2013-14
PINPOINT PTY LTD,49002693656,263702964,,,2013-14
PIPEMAKERS AUSTRALIA PTY LTD,76061712365,104086935,1610490,483147,2013-14
PLATINUM ASSET MANAGEMENT LIMITED,13050064287,328310978,243917583,73174275,2013-14
PLUM GROVE PTY LTD,61104516305,333322067,5562308,1668692,2013-14
PLUMBERS SUPPLIES CO-OPERATIVE LIMITED,55053236436,135070781,69597,20879,2013-14
PLUTO LNG PTY LTD,58121407216,1883619724,49060,14718,2013-14
PMP LIMITED,39050148644,775673184,,,2013-14
POLA ORBIS JURLIQUE HOLDINGS PTY LTD,37154847211,105917772,20168331,4956685,2013-14
POLICE & NURSES LIMITED,69087651876,176147175,16220059,3824870,2013-14
POMI PTY LIMITED,58129842664,1945903510,177971,53391,2013-14
PORSCHE CARS AUSTRALIA PTY LTD,67004327048,314254835,10798975,3239692,2013-14
PORT WARATAH COAL SERVICES LIMITED,99001363828,468999216,128727226,35610918,2013-14
PORTLAND HOLDINGS LTD,59155327083,409413905,43370100,10292010,2013-14
POSCO AUSTRALIA PTY LIMITED,54002062160,314615624,90921537,21971916,2013-14
PPG INDUSTRIES AUSTRALIA PTY LTD,82055500939,469750251,51282200,14179094,2013-14
PRATT CONSOLIDATED HOLDINGS PTY LTD,43104958581,2579392459,87846712,,2013-14
PREMIER COAL HOLDINGS PTY LTD,89158560911,290532937,,,2013-14
PREMOSO PTY LTD,84006802053,102986554,,,2013-14
PRESTON MOTORS (HOLDINGS) PTY LTD,23004357279,372567365,1146802,121359,2013-14
PRIMARY HEALTH CARE LIMITED,24064530516,1547349619,238525546,65702737,2013-14
PRIME MEDIA GROUP LIMITED,97000764867,265616591,34873368,10461913,2013-14
PRIXCAR TRANSPORT SERVICES PTY LTD,18158361721,169736787,7000184,1356746,2013-14
PROBUILD CONSTRUCTIONS (AUST) PTY LTD,93095250945,934485584,17405245,4483648,2013-14
PROCTER & GAMBLE AUSTRALIA PTY LIMITED,91008396245,470569783,13722346,4116704,2013-14
PROGRAMMED MAINTENANCE SERVICES LIMITED,61054742264,1357713824,20986796,6296039,2013-14
PROJECT SUNSHINE I PTY LTD,13167275818,490186243,9097994,1192239,2013-14
PRO-PAC PACKAGING LIMITED,36112971874,220074854,9581172,2874352,2013-14
PROUDS JEWELLERS PTY LTD,99073053273,579343076,31681129,9504339,2013-14
PRYSMIAN TELECOM CABLES AND SYSTEMS AUSTRALIA PTY LIMITED,14001313551,342301896,12706915,1182342,2013-14
PRYTANEUM PTY LIMITED,41094473506,325038096,,,2013-14
PTTEP AUSTRALIA PERTH PTY LTD,74134686525,171046187,,,2013-14
PUMA ENERGY (AUSTRALIA) HOLDINGS PTY LTD,26147978890,2449375592,,,2013-14
PUMPKIN PATCH ORIGINALS LIMITED,61083321046,118590506,3344133,1003240,2013-14
PYBAR HOLDINGS PTY LIMITED,32088981757,244557676,26179584,7777590,2013-14
PZ CUSSONS (HOLDINGS) PTY LTD,19000327873,163170103,2869747,,2013-14
QANTAS AIRWAYS LIMITED,16009661901,14904264258,,,2013-14
QATAR AIRWAYS (Q.C.S.C),18105742916,389282289,,,2013-14
QBE INSURANCE GROUP LIMITED,28008485014,6618027237,653077939,172988139,2013-14
QCOAL PTY LTD,99010911234,293720199,,,2013-14
QENERGY LIMITED,58120124101,129506217,,,2013-14
QENOS HOLDINGS PTY LTD,62086026968,717751020,,,2013-14
QNI RESOURCES PTY LTD,14054117921,554197434,,,2013-14
QPH HOLD CO PTY LIMITED,31146978994,316133675,19353947,5806184,2013-14
QSI FINANCE (AUSTRALIA) PTY LTD,40164312047,157170336,22452910,6735873,2013-14
QUBE HOLDINGS LIMITED,14149723053,1205243000,119285207,32748499,2013-14
QUEENSLAND ALUMINA LIMITED,98009725044,1682777553,15405156,,2013-14
QUEENSLAND NITRATES PTY LTD,63079889268,207744530,55385097,16615529,2013-14
QUEENSLAND RACE PRODUCT CO LTD,85081743722,131080143,,,2013-14
R.G. WITHERS HOLDINGS PTY LTD,31005620851,2638702596,127621215,36782526,2013-14
RABO AUSTRALIA LIMITED,39060452217,1242433400,185296000,55503827,2013-14
RACQ INSURANCE LIMITED,50009704152,812511718,97679866,29303960,2013-14
RACQ OPERATIONS PTY LTD,80009663414,425355018,54587200,,2013-14
RAG HOLDCO PTY LIMITED,11150181472,242844766,7534059,2260218,2013-14
RALMANA PTY LTD,93009149106,244036671,12425977,3727793,2013-14
RAMELIUS RESOURCES LTD,51001717540,134403062,,,2013-14
RAMPAGE NATIONAL PTY LTD,49111801828,723619024,1456805,437042,2013-14
RAMSAY HEALTH CARE LIMITED,57001288768,3739807414,460384883,136545637,2013-14
RANDSTAD HOLDINGS PTY LIMITED,33098899855,567582688,,,2013-14
RATCH AUSTRALIA CORPORATION LIMITED,31106617332,125269659,,,2013-14
RAWSON GROUP PTY LIMITED,64000382329,221510656,19574534,5872360,2013-14
RAYTHEON AUSTRALIA PTY LTD,35063709295,420609855,34904676,10471403,2013-14
RCR INFRASTRUCTURE GROUP(XNFK) PTY LTD,43125709971,212266656,,,2013-14
RCR TOMLINSON LTD,81008898486,1205950131,30566405,,2013-14
REA GROUP LIMITED,54068349066,401414749,243110205,61913027,2013-14
READING ENTERTAINMENT AUSTRALIA PTY LTD,12070893908,108535833,,,2013-14
RECALL HOLDINGS LIMITED,27116537832,119779373,17818739,4914155,2013-14
RECKITT BENCKISER HEALTHCARE AUSTRALIA PTY LTD,64000071278,739599507,48595267,14578580,2013-14
RED BULL AUSTRALIA PTY LTD,67085840259,194379306,12345013,3703504,2013-14
REDCAPE PROPERTY FUND PTY LIMITED,44124753733,197606059,,,2013-14
REDOX PTY LIMITED,92000762345,450137597,25663449,7699035,2013-14
REDPATH (AUSTRALIA) HOLDINGS PTY LTD,43133126682,266412535,,,2013-14
REECE AUSTRALIA LTD,49004313133,1770928567,201408846,60422654,2013-14
REED ELSEVIER AUSTRALIA PTY LTD,19004323166,251973802,53446781,16033162,2013-14
REGAN HOLDINGS PTY LIMITED,61073039791,216130939,1771431,531429,2013-14
REGIONAL EXPRESS HOLDINGS LIMITED,18099547270,255139446,8159745,2447924,2013-14
REGIS HEALTHCARE LIMITED,11125203054,411804322,38868245,11660474,2013-14
REMONDIS AUSTRALIA PTY LTD,95002429781,316960772,,,2013-14
RENTOKIL PTY LTD,61000143733,202761860,7767220,2330166,2013-14
RESMED HOLDINGS LIMITED,28003765133,1311489332,250445227,33820388,2013-14
RESOLUTE MINING LIMITED,39097088689,220950927,,,2013-14
RESOURCE PACIFIC HOLDINGS PTY LIMITED,15111369594,189756354,,,2013-14
RETAIL FOOD GROUP LIMITED,31106840082,147396182,50818133,15159875,2013-14
REXEL HOLDINGS AUSTRALIA PTY LTD,17081022068,839023867,19517701,5855310,2013-14
RFI HOLDINGS PTY LTD,81146014379,114692621,7028750,1548398,2013-14
RGA AUSTRALIAN HOLDINGS PTY LTD,20071125507,1193963370,,,2013-14
RHEEM AUSTRALIA PTY LIMITED,21098823511,347675825,22472481,4371544,2013-14
RIBSHIRE PTY LTD T/A GOODLINE,40085847892,285277383,,,2013-14
RICEGROWERS LIMITED,55007481156,952127922,50082113,6995456,2013-14
RICH MARK DEVELOPMENT (GROUP) PTY LTD,11091877780,592595705,203207,60962,2013-14
RICHARD CROOKES CONSTRUCTIONS PTY LIMITED,33001375266,683566114,23865542,7159663,2013-14
RICHEMONT AUSTRALIA PTY LIMITED,99003432504,107313498,9668004,2900361,2013-14
RICOH AUSTRALIA PTY LTD,30000593171,460850475,20299112,5717663,2013-14
RIDLEY CORPORATION LIMITED,33006708765,919586234,26624830,4890632,2013-14
RINNAI AUSTRALIA PTY LTD,74005138769,167007902,28868540,8490894,2013-14
RIO DOCE AUSTRALIA PTY LTD,63112797403,669036853,,,2013-14
RIO TINTO CHARTERS LIMITED,21277432744,108203613,9679263,2903779,2013-14
RIO TINTO LTD,96004458404,33598292557,10705510033,3050569573,2013-14
RIP CURL GROUP PTY LTD,52068999520,213880859,6828917,2035818,2013-14
RITCHIES STORES PTY LTD,61005041814,850913732,2422099,726630,2013-14
RIVERINA (AUSTRALIA) PTY LIMITED,76010755254,660747444,9643327,2892998,2013-14
RIVERWISE PTY LIMITED,20084303408,237336235,896339,268902,2013-14
ROBE RIVER MINING CO PTY LIMITED,71008694246,2392130266,1442722301,432172081,2013-14
ROBERT BOSCH (AUSTRALIA) PTY LTD,48004315628,607119331,11803191,,2013-14
ROBERT WALTERS PTY LTD,18079521618,259073828,1573386,406737,2013-14
ROCHE DIAGNOSTICS AUSTRALIA PTY LTD,29003001205,256015473,20407879,6122364,2013-14
ROCHE PRODUCTS PTY LIMITED,70000132865,642943000,62960957,7075541,2013-14
ROCKWELL AUTOMATION AUSTRALIA LTD,80005549477,109228933,5458403,1633948,2013-14
ROHLIG AUSTRALIA PTY LIMITED,51001191402,124814998,4405781,1321734,2013-14
ROHM AND HAAS AUSTRALIA PTY LTD,29004513188,107193948,,,2013-14
RONDO BUILDING SERVICES PTY LTD,69000289207,179850085,21520537,6456161,2013-14
ROSS HOUSE INVESTMENTS PTY LTD,98004360392,364234376,2535150,756259,2013-14
ROYAL AUTOMOBILE ASSOCIATION OF SOUTH AUSTRALIA INC,90020001807,265825329,20483720,2249350,2013-14
ROYAL AUTOMOBILE CLUB OF VICTORIA (RACV) LIMITED,44004060833,620190164,119161877,,2013-14
ROYAL BANK OF CANADA,86076940880,349854946,19676329,5902899,2013-14
ROYAL WOLF HOLDINGS LIMITED,91121226793,150415221,3956027,1124098,2013-14
RPS ENERGY PTY LTD,44072504299,219323944,7132391,1999955,2013-14
RTA HOLDCO AUSTRALIA 1 PTY LTD,17128762318,2151052564,,,2013-14
RTPDS AUS PTY LTD,21099346899,7501511328,10715797042,453399,2013-14
RUGBY AUSTRALIA INVESTMENTS PTY LTD,,229972934,,,2013-14
RURALCO HOLDINGS LIMITED,40009660879,1101716567,20528563,1994159,2013-14
RUSSELL INVESTMENT GROUP PTY LIMITED,92003066859,238838537,36116993,10835098,2013-14
RYOWA DEVELOPMENT II PTY LTD,22063780021,170448817,,,2013-14
SAAB TECHNOLOGIES AUSTRALIA PTY LTD,47002950790,104566497,18963249,3791988,2013-14
SABMILLER AUSTRALIA PTY LTD,17125851167,2078382157,,,2013-14
SADDLEBACK INVESTMENTS PTY LTD,96134978224,486867109,,,2013-14
SAFCOL AUSTRALIA PTY LTD,19052489924,101978356,,,2013-14
SAI GLOBAL LIMITED,67050611642,311183816,45525874,9757398,2013-14
SAIPEM PORTUGAL COMERCIO MARITIMO SOCI EDADE UNIPESSOAL LDA,25100388458,144442815,,,2013-14
SALMAT LIMITED,11002724638,400441657,,,2013-14
SAMSUNG C&T CORPORATION,49160079470,465964997,55459606,16637882,2013-14
SAMSUNG ELECTRONICS AUSTRALIA PTY LIMITED,63002915648,2755658196,45978314,13793494,2013-14
SAMUEL SMITH & SON PTY LTD,64007534278,277870832,14188790,3589272,2013-14
SANDFIRE RESOURCES NL,55105154185,534344026,,,2013-14
SANDVIK AUSTRALIA HOLDINGS PTY LTD,60003771373,1202330418,,,2013-14
SANGER AUSTRALIA PTY LTD,25001085687,502695411,5742969,1722827,2013-14
SANOFI-AVENTIS AUSTRALIA PTY LTD,31008558807,880768273,44909034,3419423,2013-14
SANTA FE HOLDINGS AUSTRALIA PTY LTD,70146265894,110229071,283063,84919,2013-14
SANTOS LIMITED,80007550923,4357480582,27340938,3147975,2013-14
SANWA PTY LIMITED,96000904987,280049751,7271116,2173788,2013-14
SAP AUSTRALIA PTY LTD,26003682504,679706494,23089622,5783044,2013-14
SAPURA AUSTRALIA PTY LTD,38153397374,167739026,12192269,1295697,2013-14
SARACEN MINERAL HOLDINGS LIMITED,52009215347,212550102,,,2013-14
SAS INSTITUTE AUSTRALIA PTY LIMITED,13002287247,104772486,5111760,1509261,2013-14
SAVANNA ENERGY SERVICES PTY LTD,16140172756,111647106,,,2013-14
SAVILLS (AUST) HOLDINGS PTY LIMITED,49059047371,108019676,1738376,521513,2013-14
SAXON ENERGY SERVICES AUSTRALIA PTY LTD,91137534993,174864173,,,2013-14
SCANIA AUSTRALIA PTY LTD,44000537333,335774399,13671583,4101475,2013-14
SCENTRE GROUP LIMITED,66001671496,2058653792,251200081,71981531,2013-14
SCHENKER AUSTRALIA PTY LIMITED,75000410211,787041805,28960137,7913549,2013-14
SCHIAVELLO (VIC) PTY LTD,81006778641,225846391,15991095,,2013-14
SCHINDLER LIFTS AUSTRALIA PTY LTD,19005838773,252192620,,,2013-14
SCHLUMBERGER AUSTRALIA PTY LTD,74002459225,915238721,,,2013-14
SCHNEIDER ELECTRIC AUSTRALIA HOLDINGS PTY LTD,30105310781,1156215321,87698344,15858713,2013-14
SCHNEIDER ELECTRIC BUILDINGS AUSTRALIA PTY LTD,19008059345,118737157,,,2013-14
SCHNEIDER ELECTRIC IT AUSTRALIA PTY LTD,70088913866,146705008,11910151,3573045,2013-14
SCHOLASTIC AUSTRALIA PTY LIMITED,11000614577,107037392,9184204,2678279,2013-14
SCHRODER AUSTRALIA HOLDINGS PTY LTD,83008423738,145975929,85479336,25600304,2013-14
SCIFLEET MOTORS PTY LTD,25057783749,468883598,10038652,3011596,2013-14
SCOR REINSURANCE ASIA PACIFIC PTE LTD AUSTRALIAN BRANCH,85071103092,149361127,34446335,10333900,2013-14
SCOTT CORPORATION LIMITED,74003707499,169531815,3651111,1095333,2013-14
SCOTTS AGENCIES PROPRIETARY LIMITED,85007592261,628902117,56233228,4258312,2013-14
SCOTT'S GROUP HOLDINGS PTY LTD,31167633034,211132567,5265586,1579676,2013-14
SEALED AIR AUSTRALIA (HOLDINGS) PTY LT,74102261307,332591623,,,2013-14
SEALINK TRAVEL GROUP LIMITED,49109078257,104422167,11585427,3475628,2013-14
SEDCO FOREX INTERNATIONAL INC,44188717522,432758328,43180065,12954020,2013-14
SEDGMAN LIMITED,86088471667,270480935,14459852,3370694,2013-14
SEEK LIMITED,46080075314,448261930,159581440,32494102,2013-14
SEKISUI HOUSE AUSTRALIA HOLDINGS PTY LIMITED,71134688510,647262392,,,2013-14
SELECT HARVESTS LTD,87000721380,196837390,15425273,,2013-14
SEMBSITA AUSTRALIA PTY LIMITED,18002658255,1038314245,100681884,28613067,2013-14
SENEX ENERGY LTD,50008942827,220370075,,,2013-14
SERCO GROUP PTY LIMITED,55061889763,1439514944,67240810,15532018,2013-14
SERCO SODEXO DEFENCE SERVICES PTY LTD,78061067678,291221834,21121461,6336438,2013-14
SERVICE STREAM LIMITED,46072369870,389573811,,,2013-14
SERVIER LABORATORIES (AUST) PTY LTD,54004838500,114328785,15465930,1572529,2013-14
SEVEN GROUP HOLDINGS LIMITED,46142003469,3975156028,167058580,16945335,2013-14
SEVEN WEST MEDIA LIMITED,91053480845,1890230324,127690108,28774505,2013-14
SEYMOUR WHYTE LIMITED,67105493203,313680233,,,2013-14
SFDC AUSTRALIA PTY LTD,91109182989,110096221,13752887,4125866,2013-14
SFG AUSTRALIA LIMITED,81006490259,184302567,50493643,15026603,2013-14
SGS AUSTRALIA HOLDINGS PTY LTD,46004269023,327663319,14201004,4110294,2013-14
SGSP (AUSTRALIA) ASSETS PTY LTD,60126327624,1965194002,,,2013-14
SHADFORTH CIVIL ENGINEERING CONTRACTORS PTY LTD,56090018983,216344712,5752675,1725802,2013-14
SHANGRI-LA INVESTMENTS (AUSTRALIA) PTY LIMITED,15146016033,109795903,,,2013-14
SHANNON NOMINEES NO 219 PTY LTD,86011008370,211402789,5851630,1755489,2013-14
SHARP CORPORATION OF AUSTRALIA PTY LTD,40003039405,148571425,2132379,639714,2013-14
SHELL ENERGY HOLDINGS AUSTRALIA LIMITED,69054260776,24786263303,1237809737,87572000,2013-14
SHINE AUSTRALIA HOLDINGS PTY LIMITED,13138216609,153156942,16967160,2966182,2013-14
SHRIRO AUSTRALIA PTY LIMITED,28002386129,104681638,4873404,1462021,2013-14
SIBELCO ASIA PACIFIC PTY LIMITED,70092916811,412549319,,,2013-14
SIEMENS LTD,98004347880,1854340044,29149827,4510228,2013-14
SIENNA FUNDS MANAGEMENT PTY LTD,97125942225,384231803,299571,87725,2013-14
SIGMA PHARMACEUTICALS LIMITED,15088417403,3026585909,53871106,13016396,2013-14
SIKA AUSTRALIA PTY LTD,12001342329,118848782,14100195,3716458,2013-14
SILICON METAL COMPANY OF AUSTRALIA PTY LTD,73009401736,136942006,12003793,,2013-14
SILK LOGISTICS GROUP HOLDINGS PTY LTD,91129772710,229199578,,,2013-14
SILVER CHEF LIMITED,28011045828,172692494,21704362,6511309,2013-14
SILVER LAKE RESOURCES LIMITED,38108779782,316949438,,,2013-14
SIME DARBY AUTOMOBILES PTY LIMITED,26000426282,136208027,,,2013-14
SIME DARBY INDUSTRIAL AUSTRALIA PTY LTD,56153652594,2175913307,31752462,8592849,2013-14
SIMONDS GROUP LIMITED,54143841801,544163917,19234708,5055118,2013-14
SIMPLOT AUSTRALIA (HOLDINGS) PTY LIMITED,23070571934,1223839034,53361905,8429699,2013-14
SIMS METAL MANAGEMENT LIMITED,69114838630,1217937739,99924868,26440717,2013-14
SINCLAIR KNIGHT MERZ HOLDINGS LIMITED,54001024102,454498749,71625277,17379269,2013-14
SINGAPORE TELECOM AUSTRALIA INVESTMENTS PTY LIMITED,69096686190,8572522495,867888618,238891549,2013-14
SINO NICKEL PTY LIMITED,62104242588,107723343,2556785,767036,2013-14
SINOSTEEL AUSTRALIA PTY LTD,36009277230,589500020,66040251,19487559,2013-14
SIRVA (ASIA PACIFIC) PTY LTD,48005944187,144879266,5800861,1740258,2013-14
SIS AUSTRALIA HOLDINGS PTY LTD,65132211459,382415117,17778784,5288593,2013-14
SKF AUSTRALIA PTY LTD,87004236855,118261822,5639701,1691910,2013-14
SKILLED GROUP LIMITED,66005585811,1757316680,67069823,13686663,2013-14
SKYCITY AUSTRALIA PTY LTD,67090828612,271411090,22831869,6849561,2013-14
SLATER AND GORDON LIMITED,93097297400,240411227,15542461,4164300,2013-14
SMEC HOLDINGS LTD,84057274049,397877660,10039873,,2013-14
SMEG AUSTRALIA PTY LTD,33146901082,104264553,9514943,2854483,2013-14
SMITH & NEPHEW PTY LTD,68000087507,285328444,49712908,14387541,2013-14
SMR HOLDING AUSTRALIA PTY LIMITED,86006579899,132535004,24945399,5595205,2013-14
SMS MANAGEMENT & TECHNOLOGY LIMITED,49009558865,314848046,22559220,6767766,2013-14
SNACK FOODS LIMITED,92007130501,229384537,,,2013-14
SNOWY HYDRO LIMITED,17090574431,1615341251,345143981,101481260,2013-14
SODEXO AUSTRALIA PTY LTD,50006072975,495575943,15892944,3053597,2013-14
SOJITZ AUSTRALIA LIMITED,16000213132,620952208,,,2013-14
SOLAR TURBINES INTERNATIONAL COMPANY,43066283074,105476268,36729443,11018833,2013-14
SOLITAIRE MARINE CONTRACTORS SA,98378669746,278297250,11606999,3482100,2013-14
SONIC CLINICAL SERVICES PTY LTD,13083519377,350487152,14088946,4226684,2013-14
SONIC HEALTHCARE LIMITED,24004196909,1876470023,213613557,47467029,2013-14
SONSUB INTERNATIONAL PTY LTD,44009105524,782556031,,,2013-14
SONY AUSTRALIA LIMITED,59001215354,1121115049,10142707,2912516,2013-14
SOUTHERN CROSS ALUMINIUM PTY LIMITED,25063778996,138961617,5306113,1591834,2013-14
SOUTHERN CROSS ELECTRICAL ENGINEERING LIMITED,92009307046,210522347,21187200,5836804,2013-14
SOUTHERN CROSS MEDIA GROUP LIMITED,91116024536,643248818,90568749,27008448,2013-14
SPARK INFRASTRUCTURE HOLDINGS NO 1 PTY LIMITED,14116940786,103189324,,,2013-14
SPARK INFRASTRUCTURE HOLDINGS NO 2 PTY LIMITED,16116940795,213608949,,,2013-14
SPECIALTY FASHION GROUP LIMITED,43057569169,661906534,20690970,6207291,2013-14
SPECSAVERS PTY LIMITED,82097147932,334067468,22510178,4803149,2013-14
SPIE CAPAG AUSTRALIA PTY LIMITED,53067306138,106056543,25812728,7743818,2013-14
SPM FRESH HOLDINGS PTY LTD,21161701337,209657947,,,2013-14
SPOTLESS GROUP HOLDINGS LIMITED,27154229562,2267838023,,,2013-14
SPRINGVALE SK KORES PTY LIMITED,71051015402,204484758,18023962,4845432,2013-14
S-PROCESS EQUIPMENT AUSTRALIA PTY LTD,21127927226,136877672,10372274,2319903,2013-14
SRG LIMITED,57006413574,223125625,8044424,2413327,2013-14
ST BARBARA LIMITED,36009165066,410685606,61877527,,2013-14
ST JUDE MEDICAL AUSTRALIA PTY LTD,73080212746,164005682,8829007,2648702,2013-14
STAMFORD HOTELS AND RESORTS PTY LIMITED,35067139208,120643559,4773002,1431901,2013-14
STANLEY BLACK & DECKER HOLDINGS AUSTRA LIA PTY LTD,81154671244,184686425,7291873,2187562,2013-14
STAPLES AUSTRALIA HOLDINGS PTY LIMITED,64142352234,913517431,,,2013-14
STARHILL HOTEL (SYDNEY) PTY LTD,63158871035,105542036,644533,193360,2013-14
STATE ONE HOLDINGS PTY LTD,60097092316,1209324056,,,2013-14
STATE STREET AUSTRALIA LIMITED,21002965200,204068907,65425712,,2013-14
STATE SUPER FINANCIAL SERVICES AUSTRAL IA LIMITED,86003742756,143136766,62789306,16527107,2013-14
STATEWIDE INDEPENDENT WHOLESALERS LIMITED,51009519546,832838568,4611230,1383369,2013-14
STEADFAST GROUP LIMITED,98073659677,110447507,22261333,1576836,2013-14
STEINHOFF ASIA PACIFIC HOLDINGS PTY LTD,44105828957,431772673,150,,2013-14
STELLAR ASIA PACIFIC PTY LTD,86082618148,131016363,4074075,1222222,2013-14
STIHL PTY LTD,76004881145,117198734,,,2013-14
STOCKLAND CORPORATION LTD,43000181733,1283001263,,,2013-14
STOCKLAND FINANCE HOLDINGS PTY LIMITED,24130195649,229644694,,,2013-14
STOWE AUSTRALIA PTY LTD,27002556603,449634153,12043027,1814835,2013-14
STRAITS RESOURCES LIMITED,30147131977,230700090,,,2013-14
STRANDBAGS HOLDINGS PTY LTD,99128842482,290116728,28299869,8489961,2013-14
STRATCO HOLDINGS PTY LTD,25007893781,428266271,10639842,3191953,2013-14
STRYKER AUSTRALIA PTY LTD,48002873850,368361926,31086605,9325982,2013-14
STW COMMUNICATIONS GROUP LIMITED,84001657370,118315360,34741049,1000957,2013-14
SUBARU (AUST) PTY LIMITED,95000312792,1385241206,71020057,21306017,2013-14
SUBSEA 7 AUSTRALIA CONTRACTING PTY LTD,36005288406,457970792,,,2013-14
SUEZ ENVIRONNEMENT AUSTRALIA HOLDING PTY LTD,30070452890,181052748,,,2013-14
SUMITOMO AUSTRALIA PTY LTD,81000371497,1783440740,,,2013-14
SUMITOMO METAL MINING OCEANIA PTY LIMITED,81059761125,119152094,32196752,9379698,2013-14
SUMITOMO MITSUI BANKING CORPORATION - SYDNEY BRANCH,98114053459,668597460,197182825,59154848,2013-14
SUN METALS CORPORATION PTY LTD,97074241982,547539547,2489897,746969,2013-14
SUNCORP GROUP LIMITED,66145290124,15382469781,2017741275,533311655,2013-14
SUNLAND GROUP LIMITED,65063429532,187991669,17007503,5102251,2013-14
SUNNY QUEEN PTY LIMITED,31060702034,279457781,9716671,2736130,2013-14
SUNSHINE STATE POWER BV,40062295425,109856297,,,2013-14
SUNSTATE CEMENT LTD,58010421879,128715875,19033018,5709905,2013-14
SUNTORY (AUST) PTY LIMITED,27001628780,177465626,2757258,827177,2013-14
SUPER RETAIL GROUP LIMITED,81108676204,2121435985,142679466,42664833,2013-14
SUPERPARTNERS PTY LTD,57078907883,338271526,,,2013-14
SUSQUEHANNA IRELAND LIMITED,25358648201,159048748,16880159,4850536,2013-14
SUSQUEHANNA PACIFIC PTY LTD,23082467605,160418108,35098611,9672798,2013-14
SUTTONS INVESTMENTS PTY LTD,84008446428,1420797910,56798602,17030266,2013-14
SUZUKI AUSTRALIA PTY LIMITED,57001828164,382734403,,,2013-14
SVITZER AUSTRALASIA HOLDINGS PTY LTD,16120555302,372236164,9124998,,2013-14
SWICK MINING SERVICES LIMITED,20112917905,107718064,4544853,636412,2013-14
SWIFT TECHNICAL (AUSTRALIA) PTY LTD,19125300290,117754338,1370250,411075,2013-14
SWIRE PACIFIC OFFSHORE PTY LTD,57003428788,115232237,4712010,1413603,2013-14
SWISS RE AUSTRALIA LTD,28004360909,1537740865,,,2013-14
SWISS RE INTERNATIONAL SE,38138873211,189247669,1148477,344543,2013-14
SWISS REINSURANCE COMPANY PRINCIPAL OFFICE FOR AUSTRALIA,43007479941,769677797,99165959,29749788,2013-14
SYDNEY AIRPORT LIMITED,18165056360,660306295,,,2013-14
SYDNEY NIGHT PATROL & INQUIRY CO PTY LTD,11000013098,258955278,14581515,4374455,2013-14
SYMANTEC AUSTRALIA HOLDING PTY LTD,43003967333,162323013,9316618,2794985,2013-14
SYNGENTA AUSTRALIA PTY LIMITED,33002933717,232279457,12083217,,2013-14
SYNNEX AUSTRALIA PTY LTD,40052285882,1595770098,3509891,1052967,2013-14
T.J. & R.F. FORDHAM PTY LIMITED,56000548354,213534656,15110316,4533035,2013-14
TA (AUSTRALIA) GROUP PTY LTD,94100829829,166381312,58697,17609,2013-14
TABCORP HOLDINGS LTD,66063780709,1699807300,41136653,2088213,2013-14
TABRO MEAT PTY LIMITED,85005517019,151660927,12903593,3871078,2013-14
TAIZHONG INTERNATIONAL MINING PTY LTD,93159238963,203112606,,,2013-14
TAL DAI-ICHI LIFE AUSTRALIA PTY LIMITED,97150070483,1513264372,247604715,57216058,2013-14
TALENT INTERNATIONAL HOLDINGS PTY LIMITED,28131419577,303809290,5688086,1012192,2013-14
TANDOU LTD,81001014562,112002766,,,2013-14
TASMANIAN DAIRY PRODUCTS CO LTD,12149714198,129994287,,,2013-14
TASMANIAN INDEPENDENT RETAILERS CO-OP SOCIETY LTD,89743048843,111568498,343711,85650,2013-14
TASSAL GROUP LIMITED,15106067270,282527000,29250510,3209159,2013-14
TATA CONSULTANCY SERVICES LIMITED,28109981777,306421484,27148711,8144613,2013-14
TATTARANG PTY LTD,,282912524,284647783,,2013-14
TATTS GROUP LIMITED,19108686040,4978959231,351571324,101726667,2013-14
TATURA MILK INDUSTRIES LTD,66006603970,405383802,34753102,6106912,2013-14
TCNZ AUSTRALIA INVESTMENTS PTY LIMITED,39087384825,314206344,,,2013-14
TEACHERS MUTUAL BANK LIMITED,30087650459,241865318,42278807,11547853,2013-14
TECH MAHINDRA LIMITED,15092511558,129973936,10427230,3128169,2013-14
TECHNICOLOR PTY LTD,23000978343,204926651,24529884,7358965,2013-14
TECHNIP OCEANIA PTY LTD,43062878719,364664558,11179215,22385,2013-14
TECHNOLOGY ONE LIMITED,84010487180,226900914,56844338,9164313,2013-14
TECHWOOL TRADING PTY LTD,69006145955,365668882,993742,298123,2013-14
TECNICAS REUNIDAS SA,50159554686,125672780,18778847,5633654,2013-14
TELERIC PTY LTD,90004284664,677833254,11193564,340497,2013-14
TELETECH INTERNATIONAL PTY LIMITED,46061711804,154046116,1774856,532457,2013-14
TELSTRA CORPORATION LTD,33051775556,26091425244,5962883755,1741846820,2013-14
TEMPERZONE AUSTRALIA HOLDINGS PTY LIMITED,52001653176,124450679,4030557,1148039,2013-14
TEN NETWORK HOLDINGS LIMITED,14081327068,660525974,,,2013-14
TERRITORY RESOURCES LIMITED,53100552118,151171822,,,2013-14
TETRA PAK MANUFACTURING PTY LIMITED,50004435901,144629626,4510662,1349535,2013-14
TEYS AUSTRALIA BEENLEIGH PTY LTD,97009672459,684809530,65119293,17564357,2013-14
TEYS AUSTRALIA BILOELA PTY LTD,17009669265,258771002,38899936,9791075,2013-14
TEYS AUSTRALIA NARCOORTE PTY LTD,80010807986,293413897,36602394,10670804,2013-14
TEYS AUSTRALIA SOUTHERN PTY LTD,53084034695,811608301,66595360,16080633,2013-14
THALES AUSTRALIA HOLDINGS PTY LTD,84058583841,1156556844,137665863,21820600,2013-14
THE BANK OF TOKYO-MITSUBISHI UFJ LTD,75103418882,675695831,109296704,32789011,2013-14
THE BOSTON CONSULTING GROUP PTY LTD,70007347131,109699874,,,2013-14
THE FOURTH FORCE PTY LTD,22084438773,522843854,10294174,3088252,2013-14
THE GATORADE CO OF AUSTRALIA PTY LTD,52060538141,1162174722,67661397,17677720,2013-14
THE GEO GROUP AUSTRALASIA PTY LTD,79051914688,166092000,18026754,5408026,2013-14
THE HONGKONG AND SHANGHAI BANKING CORPORATION LIMITED,65117925970,467675195,170746684,51224005,2013-14
THE INDEPENDENT LIQUOR GROUP (SUPPLIERS) CO-OPERATIVE LTD,63629864769,180456790,,,2013-14
THE INDEPENDENT LIQUOR GROUP DISTRIBUTION CO-OP LTD,70252541400,249037748,,,2013-14
THE MYER FAMILY INVESTMENTS PTY LTD,32004116296,523690959,79864747,11776207,2013-14
THE NORTHERN TRUST COMPANY,62126279918,126318577,22167834,6650350,2013-14
THE REJECT SHOP LIMITED,33006122676,713545776,28161553,8138322,2013-14
THE ROYAL AUTOMOBILE CLUB OF QUEENSLAN D LIMITED,72009660575,147286179,11397620,3419286,2013-14
THE ROYAL AUTOMOBILE CLUB OF WA (INC),33212133120,673558665,24679869,5776853,2013-14
THE ROYAL BANK OF SCOTLAND NV (AUSTRALIA BRANCH),84079478612,686201517,,,2013-14
THE ROYAL BANK OF SCOTLAND PLC,30101464528,539711563,,,2013-14
THE WALT DISNEY COMPANY (AUSTRALIA) PT Y LTD,30054610025,425885891,18089055,4429894,2013-14
THERMO ELECTRON AUSTRALIA PTY LTD,44109074115,311015605,16113499,3111878,2013-14
THIRD MOMENT PTY LIMITED,88163276337,284692841,,,2013-14
THOMAS FOODS INTERNATIONAL CONSOLIDATE D PTY LTD,20105099849,1092504883,347563576,32733974,2013-14
THOMSON REUTERS AUSTRALIA PTY LTD,87058914766,312312961,18856523,4475934,2013-14
THORN GROUP LIMITED,54072507147,237725223,43721528,13116458,2013-14
THORNEY INVESTMENT GROUP AUSTRALIA PTY LTD,37117488892,430362591,36210476,,2013-14
THYSSENKRUPP LIFTS PACIFIC PTY LIMITED,90070470521,395679281,38396833,8188777,2013-14
THYSSENKRUPP MANNEX PTY LTD,18003229294,123550095,3985120,1195536,2013-14
TIFFANY & CO (AUSTRALIA) PTY LIMITED,93128219554,162100889,20330981,6099294,2013-14
TIGER AIRWAYS AUSTRALIA PTY LTD,52124369008,501151433,,,2013-14
TMC POOLS PTY LTD,49132109338,222739679,6608,1982,2013-14
TNT AUSTRALIA PTY LIMITED,41000495269,907630164,,,2013-14
TOGA PTY. LTD.,27000926947,745768560,,,2013-14
TOKYO GAS AUSTRALIA PTY LTD,46102349557,258912182,,,2013-14
TOKYO TIMOR SEA RESOURCES PTY LTD,39000751593,321987231,23601393,7080418,2013-14
TOLEDO HOLDING (AUSCO) PTY LIMITED,26159264598,245701901,,,2013-14
TOLL HOLDINGS LIMITED,25006592089,5696419833,239751558,62869944,2013-14
TORO AUSTRALIA PTY LTD,47001310443,169254830,9035118,2710535,2013-14
TOSHIBA (AUSTRALIA) PTY LIMITED,19001320421,569905085,6624378,1559068,2013-14
TOSHIBA INTERNATIONAL CORPORATION PTY LTD,29001555068,124345014,,,2013-14
TOTAL AUSTRALIA LIMITED,97000146378,121500633,6773769,1228080,2013-14
TOX FREE SOLUTIONS LIMITED,27058596124,409564101,28248785,6635128,2013-14
TOYO TYRE & RUBBER AUSTRALIA LIMITED,93000767279,117414950,3922150,1176645,2013-14
TOYOTA BOSHOKU AUSTRALIA PTY LTD,93101683943,214406684,26485214,7945564,2013-14
TOYOTA MATERIAL HANDLING AUSTRALIA PTY LIMITED,38104644635,313126353,,,2013-14
TOYOTA MOTOR CORPORATION AUSTRALIA LTD,64009686097,10261290446,544077410,155668183,2013-14
TOYOTA TSUSHO INVESTMENT (AUSTRALIA) PTY LTD,59003964154,431821830,865990,,2013-14
TOYOTA TSUSHO SOUTH PACIFIC HOLDINGS PTY LTD,82050105443,124698294,15280597,981506,2013-14
TOYS 'R' US (AUSTRALIA) PTY LTD,77057455026,245533615,,,2013-14
TPG TELECOM LIMITED,46093058069,975625079,270227342,79785507,2013-14
TRANSALTA ENERGY (AUSTRALIA) PTY LTD,40062135844,155335123,58015333,17404600,2013-14
TRANSATLANTIC REINSURANCE COMPANY,96096053226,177380830,,,2013-14
TRANSDEV AUSTRALASIA PTY LTD,40079303816,480245253,19561878,5868563,2013-14
TRANSFIELD SERVICES LIMITED,69000484417,2817422919,16065803,,2013-14
TRANSFIELD WORLEY POWER SERVICES PTY LTD,50112723181,242195206,19385444,5815633,2013-14
TRANSPACIFIC INDUSTRIES GROUP LTD,74101155220,1814297705,10661579,,2013-14
TRANSURBAN HOLDINGS LIMITED,86098143429,1378836618,68940661,,2013-14
TRAVELCUBE PACIFIC PTY LTD,52099122577,195360253,600259,180078,2013-14
TRAVELEDGE PTY LIMITED,70092658421,257148133,1295483,388645,2013-14
TRAVELEX AUSTRALIA HOLDINGS PTY LTD,98105260035,1683185803,567733,13710,2013-14
TREASURY WINE ESTATES LTD,24004373862,1012590865,49352590,,2013-14
TRILITY GROUP PTY LTD,39144522565,116102483,,,2013-14
TRONOX AUSTRALIA PIGMENTS HOLDINGS PTY LIMITED,70155120728,345149409,,,2013-14
TRONOX LIMITED,91153348111,1172152217,,,2013-14
TRUE ALLIANCE PTY LIMITED,25098282001,213367483,6091925,1813722,2013-14
TRUE VALUE SOLAR PTY LTD,11143232482,121794096,,,2013-14
TTC CONSOL PTY LIMITED,48098788062,388705975,1825377,,2013-14
TULLY SUGAR LIMITED,92011030256,145120395,569715,,2013-14
TURI FOODS PTY LTD,29057142971,330728440,305424,91627,2013-14
TUTT BRYANT GROUP LIMITED,89009242675,262136000,656165,196849,2013-14
TYNAN MOTORS HOLDINGS PTY LTD,15002448446,313913375,2776094,832828,2013-14
UACJ AUSTRALIA PTY LTD,82005579840,113404014,,,2013-14
UBS AG AUSTRALIA BRANCH,47088129613,902041403,11462731,3196623,2013-14
UBS HOLDINGS PTY LTD,50050101249,493943810,211817350,54746323,2013-14
UGL LIMITED,85009180287,2019200016,,,2013-14
UGL UNIPART RAIL SERVICES PTY LTD,49154895940,296360200,21293543,5994982,2013-14
ULAN COAL MINES LIMITED,80000189248,567031915,1679484,503845,2013-14
UNICHARM AUSTRALASIA HOLDING PTY LTD,56114210794,130541704,10,3,2013-14
UNILEVER AUSTRALIA GROUP PARTNERSHIP,17935397189,1573214331,49104862,14731459,2013-14
UNISYS AUSTRALIA PTY LIMITED,31105642902,236014153,16730449,3746729,2013-14
UNITED ENERGY DISTRIBUTION HOLDINGS PT Y LTD,15104381660,605459788,,,2013-14
UNITED GLOBAL LOGISTICS PTY LTD,28144641154,239516670,4659032,1149561,2013-14
UNITED OVERSEAS BANK LIMITED SYDNEY BR ANCH,56060785284,208753515,89805614,26941684,2013-14
UNIVERSAL SONY PICTURES HOME ENTERTAINMENT AUSTRALIA PTY LIMITED,39152425735,162211645,3032948,909884,2013-14
UNIVERSITY CO-OPERATIVE BOOKSHOP LTD,70009937160,115033759,,,2013-14
URS ASIA PACIFIC PTY LTD,81102335928,269113216,,,2013-14
USG BORAL BUILDING PRODUCTS PTY LIMITED,84004231976,134553604,17219739,2576811,2013-14
UTI (AUST) PTY LTD,48006734747,279868534,2912643,873793,2013-14
UTILITIES MANAGEMENT PTY LTD,25090664878,198949269,,,2013-14
UTILITY SERVICES GROUP LIMITED,51151921596,244556718,14020805,4206242,2013-14
UXC LIMITED,65067682928,562033612,32302482,3572881,2013-14
VALEANT HOLDCO 2 PTY LTD,35154341367,235497998,1748644,524593,2013-14
VALMONT QUEENSLAND PTY LTD,73142183800,529277327,15407135,4519079,2013-14
VALVOLINE (AUSTRALIA) PTY LTD,86000446855,224228970,15797032,4738054,2013-14
VAN LEEUWEN AUSTRALIA HOLDING PTY LTD,92003704201,129749692,2436855,731056,2013-14
VANGUARD INVESTMENTS AUSTRALIA LTD,72072881086,109772081,13160309,3889014,2013-14
VANTIVE AUSTRALIA PTY LIMITED,,1084631335,,,2013-14
VAX APPLIANCES (AUSTRALIA) PTY LTD,84009099736,274268472,6423598,1927079,2013-14
VEDA GROUP LIMITED,26124306958,268945400,113136,,2013-14
VENNOR INVESTMENTS PTY LTD,92050397110,1858502155,,,2013-14
VENTURA MOTORS PTY LTD,67004235518,247114742,21827565,6548270,2013-14
VENTURE DMG PTY LTD,83119505092,152906749,4914,1474,2013-14
VEOLIA WATER AUSTRALIA PTY LTD,99061161279,198967556,,,2013-14
VERIZON AUSTRALIA PTY LIMITED,62081001194,179924570,1098139,,2013-14
VERMILLION AUSTRALIA LIMITED PARTNERSHIP,92210617868,284011712,101164618,30195801,2013-14
VESTAS AUSTRALIAN WIND TECHNOLOGY PTY LIMITED,80089653878,399573000,,,2013-14
VEYANCE TECHNOLOGIES AUSTRALIA PTY LTD,87125188070,127705504,15722822,3666910,2013-14
VICTORIA POWER NETWORKS PTY LTD,37116940820,1432114184,,,2013-14
VICTORIA TEACHERS LIMITED,44087651769,104184315,20029465,6000610,2013-14
VILLA WORLD LIMITED,38117546326,263133847,,,2013-14
VILLAGE ROADSHOW LIMITED,43010672054,746111334,82596374,24778912,2013-14
VIRGIN AUSTRALIA HOLDINGS LIMITED,54100686226,4305118026,,,2013-14
VIRTUS HEALTH LIMITED,80129643492,200880183,46932712,11205350,2013-14
VISION EYE INSTITUTE LTD,21098890816,113326088,19766209,5929863,2013-14
VITA GROUP LIMITED,62113178519,460164504,14325048,4297514,2013-14
VLI PTY LTD,20114932311,193520313,,,2013-14
VODAFONE HUTCHISON AUSTRALIA PTY LTD,76096304620,3567085248,,,2013-14
VOLKSWAGEN FINANCIAL SERVICES AUSTRALIA PTY LTD,20097071460,225188461,49666045,14899814,2013-14
VOLKSWAGEN GROUP AUSTRALIA PTY LTD,14093117876,1955002738,34973283,10491985,2013-14
VOLVO CAR AUSTRALIA PTY LIMITED,18004830611,233701377,7688202,2306461,2013-14
VOLVO GROUP AUSTRALIA PTY LTD,27000761259,1181440106,73621528,19684734,2013-14
VULCAN STEEL PTY LTD,61100061283,150558582,4257887,1063081,2013-14
WABTEC AUSTRALIA PTY LIMITED,61087058099,123070813,19830535,5949160,2013-14
WAGNER GROUP HOLDINGS PTY LTD,13116370024,281039714,50058216,11885484,2013-14
WALKER GROUP HOLDINGS PTY LIMITED,81001215069,319232150,,,2013-14
WAM ACTIVE LIMITED,49126420719,102653140,5225724,1092113,2013-14
WAM CAPITAL LIMITED,34086587395,1121322054,59899080,11295894,2013-14
WAM RESEARCH LIMITED,15100504541,133630383,22670434,5529988,2013-14
WAMBO COAL PTY LTD,13000668057,676613582,72760888,19719411,2013-14
WARKWORTH COAL SALES LTD,76001614393,735103309,1856818,,2013-14
WARNER BROS. ENTERTAINMENT AUSTRALIA PTY LIMITED,70003773411,763618793,,,2013-14
WARRNAMBOOL CHEESE & BUTTER FACTORY COMPANY HOLDINGS LTD,15071945232,615193512,45836513,11924205,2013-14
WASHINGTON H. SOUL PATTINSON AND COMPANY LIMITED,49000002728,256073823,215727268,,2013-14
WATPAC LIMITED,98010562562,1277621002,17049738,,2013-14
WBHO CIVIL PTY LTD,78089434220,196353612,,,2013-14
WDS LIMITED,66121517860,369563350,22264831,6679449,2013-14
WEATHERFORD AUSTRALIA PTY LTD,68008947395,151485385,,,2013-14
WEIR GROUP (AUSTRALIAN HOLDINGS) PTY LTD,57090873117,462357768,92685992,21217691,2013-14
WELLARD GROUP HOLDINGS PTY LTD,29009263423,443789320,,,2013-14
WENGFU AUSTRALIA PTY LTD,31141160581,183584983,,,2013-14
WESFARMERS LIMITED,28008984049,67456101389,3779911166,1093140349,2013-14
WESTCON GROUP PTY LTD,77050539672,347547712,5049391,1509776,2013-14
WESTERN AREAS LIMITED,68091049357,367924829,63071218,10998933,2013-14
WESTERN AUSTRALIAN MEAT MARKETING CO-OP LTD,54048449698,135125735,4171191,,2013-14
WESTERN SUBURBS (N'CLE) LEAGUES CLUB LIMITED,24000973919,416418937,1236079,370824,2013-14
WESTOZ INVESTMENT COMPANY LIMITED,99113332942,125673508,11947750,1614835,2013-14
WESTPAC BANKING CORPORATION,33007457141,39173872873,9012347676,2428665547,2013-14
WFA FINANCE (AUST) PTY LIMITED,41108802384,266681509,,,2013-14
WHITEHAVEN COAL LIMITED,68124425396,1040646527,,,2013-14
WHITING HOLDINGS AUSTRALIA PTY LIMITED,94151385116,180534951,,,2013-14
WIDE BAY AUSTRALIA LTD,40087652060,145466373,16630794,4989145,2013-14
WILLIAM ADAMS PTY LTD,72009569493,375953990,,,2013-14
WILLIAM HILL AUSTRALIA HOLDINGS PTY LIMITED,54161652955,155625469,,,2013-14
WILMAR AUSTRALIA HOLDINGS PTY LIMITED,79144972743,1696557470,,,2013-14
WILMAR GAVILON PTY LTD,58128080455,640995728,,,2013-14
WILSON PARKING AUSTRALIA 1992 PTY LTD,67052475911,898967836,41866085,11302548,2013-14
WILSON TRANSFORMER HOLDINGS PTY LTD,24109811136,221085000,,,2013-14
WIN CORPORATION PTY LIMITED,43000737404,307335952,38799347,10924947,2013-14
WINDFIELD HOLDINGS PTY LTD,60160456164,126400593,7048490,,2013-14
WIPRO LIMITED,18093961936,234687582,36160474,4007308,2013-14
WIRTGEN AUSTRALIA PTY LIMITED,29002968167,192704701,10501408,3150422,2013-14
WISCONSIN HOLDINGS PTY LTD,26003430135,850081948,53793145,14362254,2013-14
WOOD GROUP AUSTRALIA PTY LIMITED,51101049076,675275163,12242835,3127192,2013-14
WOODSIDE PETROLEUM LTD,55004898962,6295214633,1181453996,326754680,2013-14
WOOLWORTHS LIMITED,88000014675,49679048321,3167025868,910864515,2013-14
WORKFORCE INTERNATIONAL GROUP PTY LTD,29141197097,203036205,4429373,1328812,2013-14
WORKPAC PTY LTD,52111076012,487342330,,,2013-14
WORLD FUEL SERVICES (AUSTRALIA) PTY LTD,99150375063,107246683,,,2013-14
WORLDMARK GROUP HOLDINGS PTY LTD,44144505199,121597711,7108638,2132591,2013-14
WORLEYPARSONS LIMITED,17096090158,1910664394,107324578,19077005,2013-14
WOTIF.COM HOLDINGS LTD,41093000456,145799075,69177228,19968045,2013-14
WPP HOLDINGS (AUSTRALIA) PTY LIMITED,86000029630,295022537,30978083,5596592,2013-14
WRIGLEY UNO 2 AUSTRALIA PTY LIMITED,68133509930,240554129,21197491,5920888,2013-14
WSO CO PTY LIMITED,73102757924,237396548,,,2013-14
WT FINANCE (AUST) PTY LIMITED,16108806711,1429676509,,,2013-14
WUGANG AUSTRALIAN RESOURCES INVESTMENT PTY LTD,45137554173,123139475,2885686,,2013-14
WYNDHAM VACATION RESORTS ASIA PACIFIC PTY LTD,30090083613,247885698,44990161,13126643,2013-14
XEGELAB PTY LTD,58159334764,213431479,,,2013-14
XL INSURANCE COMPANY PLC,36083570441,124659722,,,2013-14
XYZNETWORKS PTY LTD,71066812119,136465388,1842326,552698,2013-14
YAHOO! AUSTRALIA & NZ (HOLDINGS) PTY LIMITED,54117505450,109575619,31685091,8162143,2013-14
YAMAHA MOTOR AUSTRALIA PTY LIMITED,88002556989,332436489,33243993,9946624,2013-14
YANCOAL AUSTRALIA LIMITED,82111859119,1591805638,,,2013-14
YARA PILBARA FERTILISERS PTY LTD,74095441151,424038887,221091145,66327344,2013-14
YKK ALUMINIUM (AUSTRALIA) PTY LTD,66001779237,146933225,,,2013-14
YOKOGAWA AUSTRALIA PTY LIMITED,36003888364,220270930,28495683,8517716,2013-14
YOKOHAMA TYRE AUSTRALIA PTY LIMITED,26001361459,121487797,747179,224154,2013-14
YOUI HOLDINGS PTY LTD,41124972425,371482097,63549,,2013-14
YUSEN LOGISTICS (AUSTRALIA) PTY LTD,85003550776,111253578,2564125,769238,2013-14
ZF HOLDINGS AUSTRALIA PTY LTD,85109711828,204210113,18799144,4662674,2013-14
ZIMMER AUSTRALIA HOLDING PTY LTD,93107449534,188019618,39265645,11779694,2013-14
ZOETIS AUSTRALIA PTY LIMITED,94156476425,256720802,16509304,4952791,2013-14
ZURICH FINANCIAL SERVICES AUSTRALIA LIMITED,11008423372,2449944648,224490384,47810511,2013-14
