company_name,abn,total_income,taxable_income,tax_payable,income_year
1884 PTY LIMITED,83114980880,215602113,4343880,1303087,2015-16
21ST CENTURY RESORT HOLDINGS PTY LTD,33104201014,362380100,11472901,3441870,2015-16
3M AUSTRALIA PTY LTD,90000100096,472954075,41129786,11379169,2015-16
7 HOLDINGS PTY LTD,31005620851,2563028459,70138716,19232479,2015-16
A P EAGERS LIMITED,87009680013,3270065544,106869098,25996914,2015-16
A T & T GLOBAL NETWORK SERVICES AUSTRALIA PTY LTD,72087916701,143073864,6552998,1965899,2015-16
A.C.N 003 933 300 PTY LTD,58003933300,398519962,1429097,428729,2015-16
A.E SMITH & SON PTY LTD,54004274793,223295427,,,2015-16
A2 AUSTRALIAN INVESTMENTS PTY LTD,93126014275,300324522,21077378,6176110,2015-16
AA HOLDINGS PTY LTD,94112233744,497711742,32647199,9794160,2015-16
AAPC LIMITED,87009175820,523798213,55703485,14781494,2015-16
ABB GROUP INVESTMENT MANAGEMENT PTY LTD,47082803852,1021432741,,,2015-16
ABBOTT AUSTRALASIA PTY LIMITED,95000180389,356801644,24730629,7419189,2015-16
ABBVIE PTY LTD,48156384262,327087506,24419575,3938474,2015-16
ABC TISSUE PRODUCTS PTY LIMITED,33003085112,445573841,61667465,18500158,2015-16
ABN AMRO CLEARING SYDNEY PTY LTD,36081279889,103864843,10744713,3223414,2015-16
ABN GROUP (VIC) PTY LTD,82130382188,225385895,,,2015-16
ABNOTE GROUP (AUSTRALASIA) PTY LTD,71118294536,129422128,4792033,1437610,2015-16
ABP FINANCE PTY LIMITED,58139991101,399064381,,,2015-16
ACCENT GROUP PTY LTD,28001742552,150929837,2857510,857253,2015-16
ACCENTURE AUSTRALIA HOLDINGS PTY LIMITED,61096995649,1655981028,130534283,34942222,2015-16
ACCIONA INFRASTRUCTURE AUSTRALIA PTY LIMITED,52140915251,149562976,19541388,,2015-16
ACCO BRANDS AUSTRALIA HOLDING PTY LIMITED,58130787923,139849885,23094377,4955717,2015-16
ACCOLADE WINES HOLDINGS AUSTRALIA PTY LIMITED,56103359299,483915116,,,2015-16
ACER COMPUTER AUSTRALIA PTY LIMITED,78003872768,283406688,,,2015-16
ACFS PORT LOGISTICS PTY LTD,95603120047,219436845,457409,137223,2015-16
ACM AUTOS PTY LTD,66121604082,106908937,5918881,1775664,2015-16
ACN 085 239 998 PTY LTD,39085239998,596300466,66903748,20071124,2015-16
ACTAVIS PHARMA PTY LTD,95147695225,126351421,,,2015-16
ACTE PTY LTD,79122076877,153484446,,,2015-16
AD ASTRA HOLDINGS PTY LIMITED,19111061726,254991502,53030914,15909274,2015-16
ADAIRS LIMITED,50147375451,253668694,33581677,10074503,2015-16
ADAMA AUSTRALIA HOLDINGS PTY LTD,31108759495,187478520,5104476,1531343,2015-16
ADANI ABBOT POINT TERMINAL HOLDINGS PTY LTD,17154644685,351475333,,,2015-16
ADANI MINERALS PTY LTD,32151649740,232965003,,,2015-16
ADANI MINING PTY LTD,27145455205,139557178,,,2015-16
ADCO CONSTRUCTIONS (VIC) PTY LIMITED,15094531272,323779564,3259441,977832,2015-16
ADCO CONSTRUCTIONS PTY LIMITED,46001044391,682759143,12096209,3175310,2015-16
ADCOME PTY LTD,99110315681,388571405,,,2015-16
ADCORP HOLDINGS AUSTRALIA PTY LIMITED,91161583893,494236261,2318176,192739,2015-16
ADECCO HOLDINGS PTY LTD,11003652088,498157813,,,2015-16
ADELAIDE BRIGHTON LIMITED,15007596018,1485256303,231129973,63991979,2015-16
ADIDAS AUSTRALIA PTY LTD,80058390659,265825178,23440973,7032292,2015-16
ADM TRADING AUSTRALIA PTY LTD,92126806979,1086093550,3561155,1068346,2015-16
ADOBE SYSTEMS PTY LTD,72054247835,226325983,11351904,3405571,2015-16
ADSHEL STREET FURNITURE PTY LIMITED,77000081872,141505355,21978976,6593693,2015-16
AERIS RESOURCES LIMITED,30147131977,197258840,,,2015-16
AGC AUSTRALIA PTY LTD,59081037274,420289261,,,2015-16
AGCO AUSTRALIA LIMITED,89004092684,238185383,5813320,1743996,2015-16
AGGREGATE HOLDINGS PTY LIMITED,24000455881,200346300,36263520,9630157,2015-16
AGGREKO GENERATOR RENTALS PTY LTD,66001991457,108416734,,,2015-16
AGILENT TECHNOLOGIES AUSTRALIA PTY LTD,29088510605,104058143,26518532,1904083,2015-16
AGILITY LOGISTICS HOLDINGS PTY LTD,62116779876,319701317,1144016,343205,2015-16
AGL ENERGY LIMITED,74115061375,13307459873,710850726,207808441,2015-16
AGL GENERATION HOLDCO PTY LTD,46155768291,733251149,,,2015-16
AGNVET MANAGEMENT SERVICES PTY LIMITED,91087675465,341047340,10148755,2973056,2015-16
AGREX AUSTRALIA PTY LTD,57168277101,400479884,,,2015-16
AGRIUM SP HOLDINGS PTY LIMITED,58146674400,2257285677,13138092,,2015-16
AHL HOLDINGS PTY LIMITED,79105266073,320139841,51304285,15391286,2015-16
AIA AUSTRALIA LIMITED,79004837861,3195583962,192274072,55646301,2015-16
AIG AUSTRALIA LIMITED,93004727753,975991385,,,2015-16
AINSWORTH GAME TECHNOLOGY LTD,37068516665,156238465,82193690,15143752,2015-16
AIOI NISSAY DOWA INSURANCE COMPANY AUSTRALIA PTY LTD,11132524282,117762641,,,2015-16
AIR CONSULTING AUSTRALIA PTY LTD,20106063674,105182041,2054551,616365,2015-16
AIR LIQUIDE AUSTRALIA LIMITED,57004385782,320139524,48448534,14487417,2015-16
AIRBUS GROUP AUSTRALIA PACIFIC HOLDINGS PTY LTD,75003066788,697948612,66180121,16475729,2015-16
AIRPORT MOTORWAY HOLDINGS PTY LTD,55078322531,127204140,,,2015-16
AIRSERVICES AUSTRALIA,59698720886,1034706965,,,2015-16
AJ LUCAS GROUP LIMITED,12060309104,102724263,,,2015-16
AKZO NOBEL COATINGS (HOLDINGS) PTY LTD,51000285012,267628322,11440772,3432232,2015-16
ALCATEL-LUCENT AUSTRALIA LIMITED,97000005363,545820852,29494532,8828616,2015-16
ALCOA AUSTRALIA HOLDINGS PTY LTD,33096987370,136079766,148616856,,2015-16
ALCOA OF AUSTRALIA LIMITED,93004879298,4172240512,1041310865,307546174,2015-16
ALDI FOODS PTY LIMITED,18086210139,6429278853,288688630,86606589,2015-16
ALH GROUP PTY LTD,68098212134,4106856952,365694128,109708238,2015-16
ALIMFRESH PTY LIMITED,78002831843,233879402,39646287,5078138,2015-16
ALINTA HOLDINGS,52148012471,2376796331,,,2015-16
ALINTA POWER CAT PTY LTD,63124509619,547022650,42125,,2015-16
ALKANE RESOURCES LIMITED,35000689216,118711337,1961346,,2015-16
ALLEGIS GROUP AUSTRALIA PTY LTD,84159406523,197259921,,,2015-16
ALLERGAN AUSTRALIA PTY LTD,85000612831,191029003,7961438,2388431,2015-16
ALLIANCE AVIATION SERVICES LIMITED,96153361525,202335821,,,2015-16
ALLIANZ AUSTRALIA LIMITED,21000006226,5052247271,553932308,151706585,2015-16
ALLIED MILLS AUSTRALIA PTY LIMITED,61101262588,498483839,26947380,5686682,2015-16
ALLSEAS CONSTRUCTION CONTRACTORS SA,45096664649,646808169,18196821,5459046,2015-16
ALMONDCO AUSTRALIA LIMITED,81062887352,238690706,373658,112097,2015-16
ALS LIMITED,92009657489,528879103,51331617,12706097,2015-16
ALSCO PTY LIMITED,26000435629,255706231,34216217,10260366,2015-16
ALSTOM AUSTRALIA PTY LTD,81000215092,251887675,1033,,2015-16
ALTERNATIVE INVESTMENT (HOTEL AND NEW ZEALAND) PRIVATE SYNDICATE,51080896525,146011155,154896881,46469064,2015-16
ALTOMONTE HOLDINGS PTY LIMITED,18000821910,602317817,2394865,718460,2015-16
ALUMINA & BAUXITE COMPANY LTD,52692964098,239240649,,,2015-16
ALUMINIUM SPECIALTIES GROUP PTY LTD,63001252259,236437335,18299363,5163082,2015-16
AMA GROUP LIMITED,50113883560,258697395,24284352,7285306,2015-16
AMACA PTY LIMITED,49000035512,354889124,,,2015-16
AMADEUS IT PACIFIC PTY LTD,22080674255,101927965,29784763,837612,2015-16
AMAYSIM AUSTRALIA LTD,65143613478,254106645,10707580,690045,2015-16
AMAZON CORPORATE SERVICES PTY LTD,95082931600,238569661,30264343,9079303,2015-16
AMB HOLDINGS PTY LTD,85084557737,290810219,406676712,,2015-16
AMCOR LIMITED,62000017372,3572538596,17362193,,2015-16
AMEC FOSTER WHEELER AUSTRALIA HOLDING COMPANY PTY LTD,23138831455,242522065,,,2015-16
AMERICAN EXPRESS AUSTRALIA LIMITED,92108952085,914400000,,,2015-16
AMERICOLD AUSTRALIAN HOLDINGS PTY LTD,48117491291,255570415,30655609,9160318,2015-16
AMEROPA AUSTRALIA PTY LTD,21009504394,192749368,,,2015-16
AMGEN AUSTRALIA PTY LIMITED,31051057428,338851430,26806178,8041853,2015-16
AMGROW PTY LIMITED,81100684786,540959560,53257812,14129476,2015-16
AMP CAPITAL HOLDINGS LIMITED,69078651966,760687890,141856167,41480542,2015-16
AMP LIMITED,49079354519,28626012753,6415901670,681156104,2015-16
AMPLIFON AUSTRALIA HOLDING PTY LTD,34147231561,140867201,46562539,13968762,2015-16
ANCA PTY LTD,43005163244,244089059,23466561,3250902,2015-16
ANDREWS MEAT INDUSTRIES PTY LTD,16600428537,137614470,6408518,1841181,2015-16
ANGLO AMERICAN AUSTRALIA LIMITED,47004892371,3687430300,155965403,,2015-16
ANGLOGOLD INVESTMENTS AUSTRALIA PTY LTD,48090112459,888179743,160102267,30678015,2015-16
ANL CONTAINER LINE PTY LTD,41083962136,338208519,31043704,8370820,2015-16
ANSALDO STS AUSTRALIA PTY LTD,34068707380,356159597,24720841,6481081,2015-16
ANSELL LIMITED,89004085330,326459568,7950910,,2015-16
ANSVAR INSURANCE LIMITED,21007216506,148698000,7283306,2184992,2015-16
ANTICIMEX PTY LTD,24162914374,125847516,10653570,3196071,2015-16
AON CORPORATION AUSTRALIA LIMITED,58004756772,513030379,105170602,30076668,2015-16
APCO SERVICE STATIONS PTY LTD,91007229898,265357256,7293077,2187923,2015-16
APH TOP CO PTY LIMITED,96608192374,329572501,12259108,3677732,2015-16
APN NEWS & MEDIA LTD,95008637643,422056601,27547863,,2015-16
APN OUTDOOR GROUP LIMITED,57155848589,271575451,55510725,16584032,2015-16
APOLLO GLOBAL ASIA-PACIFIC PTY LTD,70167233490,108968881,,,2015-16
APOTEX AUSTRALIA PTY LTD,48054124980,319867314,2063991,619197,2015-16
APPLE PTY LTD,46002510054,7571326618,393275499,117874103,2015-16
AQUASURE FINANCE PTY LTD,35136072627,343916306,,,2015-16
AQUASURE HOLDINGS PTY LTD,46135956053,298782063,33551589,10065477,2015-16
ARA GROUP PTY LTD,47074886561,352514843,13037455,3900654,2015-16
ARB CORPORATION LTD,31006708756,337875514,56611559,15016512,2015-16
ARCADIS HOLDINGS PTY LTD,87104458102,128849899,8202631,1133572,2015-16
ARCHITECTURAL WINDOW SYSTEMS PTY LIMITED,48067950903,105419960,10511123,2781396,2015-16
ARDENT LEISURE LIMITED,22104529106,445391364,2064403,,2015-16
ARGO GLOBAL LISTED INFRASTRUCTURE LIMITED,23604986914,193148268,3386934,,2015-16
ARGO INVESTMENTS LIMITED,35007519520,267838994,276190730,7505576,2015-16
ARISTOCRAT LEISURE LIMITED,44002818368,1036249674,273411159,47142528,2015-16
ARJ GROUP HOLDINGS PTY LTD,31104958527,459926438,18777832,5633350,2015-16
ARKEMA PTY LTD,44000330772,176094291,1520740,416789,2015-16
ARNOTTS BISCUITS HOLDINGS PTY LTD,84080889621,1400620611,105598836,23484587,2015-16
ARRIUM LIMITED,63004410833,4088473780,,,2015-16
ARROW COMMODITIES PTY LIMITED,17078081428,461444265,,,2015-16
ARROW ECS AUSTRALIA PTY LTD,70006687056,229610762,8075183,2422555,2015-16
ARROW ELECTRONICS ANZ HOLDINGS PTY LTD,90102589515,150762818,1990046,597014,2015-16
ARROW ENERGY HOLDINGS PTY LTD,94141385293,207236701,,,2015-16
ARUP PTY LIMITED,18000966165,237216474,12632551,3789765,2015-16
ARYZTA HOLDINGS ASIA PACIFIC PTY LIMITED,57146007365,143301834,6734857,865657,2015-16
ASAHI HOLDINGS (AUSTRALIA) PTY LTD,48135315767,1507871012,,,2015-16
ASALEO CARE LIMITED,61154461300,696719743,45400212,,2015-16
ASC PTY LTD,64008605034,803468396,28623453,8343294,2015-16
ASCENDAS HOSPITALITY OPERATIONS PTY LTD,28156287857,152823150,4094099,1228230,2015-16
ASCIANO LIMITED,26123652862,3467710632,351577287,82107473,2015-16
ASG GROUP LIMITED,57070045117,189035774,15713814,,2015-16
ASH 302 PTY LTD,56065395815,471904555,35763348,7871278,2015-16
ASHLEY SERVICES GROUP LIMITED,92094747510,285849117,,,2015-16
ASICS OCEANIA PTY LTD,59003091389,200264831,30631573,8724599,2015-16
ASPEN ASIA PACIFIC PTY LIMITED,75146444484,648071800,151363677,41398577,2015-16
ASPEN MEDICAL,32105250413,304644574,23466957,7040087,2015-16
ASSA ABLOY AUSTRALIA PACIFIC PTY LTD,81095354582,295892837,33229928,8137175,2015-16
ASSOCIATED MOTOR HOLDINGS AUSTRALIA PTY LTD,79113527263,362090938,4641812,1392544,2015-16
ASSOCIATED RETAILERS LIMITED,42004520030,204900672,,,2015-16
ASTRAZENECA HOLDINGS PTY LIMITED,59066876962,1093651375,90761289,23324438,2015-16
ASX LIMITED,98008624691,907752990,607607782,178643288,2015-16
ATCO AUSTRALIA PTY LTD,74091033546,255816350,47177205,9446702,2015-16
ATCO STRUCTURES & LOGISTICS PTY LTD,71083902309,322956253,63989845,19177308,2015-16
ATLAS COPCO SOUTH PACIFIC HOLDINGS PTY LTD,87107374550,586922603,49686145,14800688,2015-16
ATLAS IRON LIMITED,63110396168,801596653,,,2015-16
ATLAS SPECIALTY METALS PTY LTD,13004496128,111319779,,,2015-16
ATLASSIAN AUSTRALIA 1 PTY LTD,98166799542,599752022,87454228,,2015-16
AUB GROUP LIMITED,60000000715,111009928,40165432,1680235,2015-16
AUDACIA MARINE CONTRACTORS SA,72126749164,285378592,16365521,4909656,2015-16
AUDI AUSTRALIA PTY LIMITED,86077092776,1424798175,24202729,7260819,2015-16
AURECON GROUP PTY LTD,12133838187,530312021,54297785,15504481,2015-16
AURELIA METALS LIMITED,37108476384,102452932,,,2015-16
AURIZON HOLDINGS LIMITED,14146335622,3559772359,430710919,112935083,2015-16
AUSCAN HOLDINGS PTY LTD,70084400886,228140406,,,2015-16
AUSCO HOLDINGS PTY LIMITED,13150795547,267268029,,,2015-16
AUSCOTT LIMITED,38008436011,159555861,545144,163543,2015-16
AUSDRILL LIMITED,95009211474,669370522,,,2015-16
AUSENCO LIMITED,31114541114,115277971,,,2015-16
AUSNET SERVICES (DISTRIBUTION) LTD,37108788245,315205245,,,2015-16
AUSNET SERVICES LTD.,45603317559,1614732311,199723990,20742405,2015-16
AUSTAL LTD,73009250266,234711373,30185459,,2015-16
AUSTCORP GROUP (AUST) PTY LTD,81080926414,211881636,7821523,2332479,2015-16
AUSTIN ENGINEERING LTD,60078480136,118734487,,,2015-16
AUSTRALASIAN LUBRICANTS MANUFACTURING COMPANY PTY LTD,65088894857,322523663,,,2015-16
AUSTRALASIAN PERFORMING RIGHT ASSOCIATION LIMITED,42000016099,235368000,,,2015-16
AUSTRALASIAN SOLVENTS AND CHEMICALS PTY LTD,57095441080,102174716,3940528,1182158,2015-16
AUSTRALIA AND NEW ZEALAND BANKING GROUP LIMITED,11005357522,28741943702,8359291336,1971453910,2015-16
AUSTRALIA BUNKERING PTY LIMITED,26123643952,134601435,1877452,563236,2015-16
AUSTRALIA MILLING GROUP PTY LTD,57127428406,222452663,79344,23803,2015-16
AUSTRALIA PACIFIC AIRPORTS CORPORATION LIMITED,89069775266,964523872,232910120,69873036,2015-16
AUSTRALIA PACIFIC LNG PTY LTD,68001646331,911614513,,,2015-16
AUSTRALIAN AGED CARE PARTNERS HOLDINGS PTY LIMITED,20162265983,315628000,,,2015-16
AUSTRALIAN AGRICULTURAL COMPANY LTD,15010892270,786051639,,,2015-16
AUSTRALIAN BAKELS (PTY) LTD,35000112836,128831425,18883307,5143272,2015-16
AUSTRALIAN BULLION COMPANY (NSW) PTY LTD,82002858602,1728042836,551884,165565,2015-16
AUSTRALIAN CENTRAL CREDIT UNION LTD,11087651125,361434452,46057044,12392584,2015-16
AUSTRALIAN COMFORT GROUP HOLDINGS PTY LTD,48143785522,202628778,,,2015-16
AUSTRALIAN COUNTRY CHOICE HOLDINGS PTY LTD,87009729999,645744364,17077267,5123180,2015-16
AUSTRALIAN FINANCE GROUP LIMITED,11066385822,528102266,37322261,10491560,2015-16
AUSTRALIAN FOUNDATION INVESTMENT COMPANY LIMITED,56004147120,403775306,400699931,19069123,2015-16
AUSTRALIAN GAS NETWORKS HOLDINGS PTY LIMITED,24169818026,615320523,,,2015-16
AUSTRALIAN GOLD REAGENTS PTY LTD,93009140121,198986681,1752211,525663,2015-16
AUSTRALIAN GRAIN EXPORT PTY LTD,92073563185,203398726,3433615,1030084,2015-16
AUSTRALIAN HOSPITAL PARTNERS HOLDINGS PTY LTD,32151280358,398875914,,,2015-16
AUSTRALIAN INDEPENDENT RURAL RETAILERS PTY LTD,36112308835,347092324,12220114,3666034,2015-16
AUSTRALIAN LAMB COMPANY PTY LTD,51007340123,312457428,1544055,34676,2015-16
AUSTRALIAN LEADERS FUND LIMITED,64106845970,1188814988,38374056,9342140,2015-16
AUSTRALIAN MOTOR GROUP PTY LTD,67095047902,311830679,26566555,4905680,2015-16
AUSTRALIAN PACIFIC (HOLDINGS) PTY LTD,43005419652,551277478,21971155,5494062,2015-16
AUSTRALIAN PHARMACEUTICAL INDUSTRIES LIMITED,57000004320,3864095244,46061176,12676911,2015-16
AUSTRALIAN PIPELINE TRUST,21858175226,2092812194,60325146,14550946,2015-16
AUSTRALIAN POSTAL CORPORATION,28864970579,6489134090,133837030,,2015-16
AUSTRALIAN RAIL TRACK CORPORATION LTD,75081455754,858972088,,,2015-16
AUSTRALIAN RURAL EXPORTS PTY LTD,49009933831,310605739,2711955,813586,2015-16
AUSTRALIAN SCHOLARSHIPS GROUP FRIENDLY SOCIETY LI,21087648879,127893641,27636830,5394880,2015-16
AUSTRALIAN UNITY LIMITED,23087648888,1420565412,44312316,7510996,2015-16
AUSTRALIAN VINTAGE LIMITED,78052179932,244354000,,,2015-16
AUSTRALIANSUPER PTY LTD,94006457987,345404779,,,2015-16
AUSWIDE BANK LTD,40087652060,135194217,17566604,5264528,2015-16
AUTO & GENERAL HOLDINGS PTY LTD,84086321459,215582940,28621644,8586493,2015-16
AUTO & GENERAL INSURANCE COMPANY LTD,42111586353,522582438,6877122,2063137,2015-16
AUTO CLASSIC (W.A.) PTY LTD,66009124690,208780437,1441511,432453,2015-16
AUTOCARE SERVICES PTY LTD,67004497607,248108315,11206689,3362007,2015-16
AUTOMATIC DATA PROCESSING LIMITED,70003924945,161840827,36521833,10404057,2015-16
AUTOMOTIVE HOLDINGS GROUP LIMITED,35111470038,4690815391,105737031,16475622,2015-16
AVANADE AUSTRALIA PTY LIMITED,58093925207,187436208,23610755,7083226,2015-16
AVANT MUTUAL GROUP LIMITED,58123154898,448986660,73664279,18939928,2015-16
AVENG AUSTRALIA HOLDINGS PTY LTD,33108058331,713047695,,,2015-16
AVEO GROUP LIMITED,28010729950,566070464,,,2015-16
AVERY PROPERTIES PTY LTD,40007713564,164513099,4662447,1384891,2015-16
AVIS MANAGEMENT PTY LTD,50001889336,748324168,29568170,8826895,2015-16
AVJENNINGS LIMITED,44004327771,437475961,32462816,9138845,2015-16
AVNET (AUSTRALIA) PTY LTD,15090111890,593831979,9265458,2779637,2015-16
AWE LIMITED,70077897440,125211422,,,2015-16
AXIS SPECIALTY EUROPE SE,19131203122,205524665,,,2015-16
B.M.D. HOLDINGS PTY. LIMITED,47010093348,1149904918,2060762,,2015-16
BA AUSTRALIA LIMITED,50004617341,304890761,13656879,4025022,2015-16
BABCOCK & BROWN INTERNATIONAL PTY LTD,76108617483,654333088,,,2015-16
BABCOCK AUSTRALIA HOLDINGS PTY LTD,99602953739,136965153,,,2015-16
BABY BUNTING GROUP LIMITED,58128533693,236860797,15410686,4623206,2015-16
BAC HOLDINGS LIMTED,67108568038,691943658,118797148,35639144,2015-16
BADGE GROUP HOLDINGS PTY LTD,18606660271,317457521,6771148,1956811,2015-16
BAE SYSTEMS AUSTRALIA HOLDINGS LIMITED,44008648333,1266274370,35700229,,2015-16
BAIADA POULTRY PTY LIMITED,96002925948,1901587142,63659478,19097843,2015-16
BAIADA PTY LIMITED,47000426808,209889157,258973561,1492068,2015-16
BAIN INTERNATIONAL INC,29003850619,115217709,12107521,3632256,2015-16
BAKER HUGHES AUSTRALIA PTY LTD,20004752050,424405853,12217821,3665346,2015-16
BALVERONA PTY LTD,78002826173,221719998,6885928,2064442,2015-16
BANK AUSTRALIA LIMITED,21087651607,168648886,34233925,8607292,2015-16
BANK OF AMERICA NATIONAL ASSOCIATION,51064874531,306030836,19292250,5771607,2015-16
BANK OF CHINA LIMITED SYDNEY BRANCH,29002979955,985815350,272592911,78387305,2015-16
BANK OF QUEENSLAND LIMITED,32009656740,2381031639,453991349,134819135,2015-16
BANPU AUSTRALIA CO. PTY LTD,56136468007,929605523,,,2015-16
BAOSTEEL AUSTRALIA MINING COMPANY PTY LTD,93100513844,146254448,,,2015-16
BAPCOR LIMITED,80153199912,694402385,64386682,19316005,2015-16
BARCLAYS BANK PLC,86062449585,321601995,,,2015-16
BARMINCO HOLDINGS PTY LIMITED,85126398276,494617361,,,2015-16
BAROB PTY LTD,38001024915,248375058,97117866,28672467,2015-16
BARRICK (AUSTRALIA PACIFIC HOLDINGS) P TY LTD,68085702558,762328580,164374009,47237413,2015-16
BARTTER HOLDINGS PTY LIMITED,84104671561,1824555489,23180452,6954136,2015-16
BASF AUSTRALIA LTD,62008437867,565927139,,,2015-16
BASW PTY LTD,63601452199,142034467,1361352,408406,2015-16
BAUER MEDIA AUSTRALIA LP,55874600262,396575943,,,2015-16
BAXTER HEALTHCARE PTY LIMITED,43000392781,640599143,47523339,13972231,2015-16
BAYER AUSTRALIA LIMITED,22000138714,1090842979,69743461,13711174,2015-16
BAYFORD GROUP PTY. LIMITED,22007414593,440331744,1832782,549835,2015-16
BBC WORLDWIDE AUSTRALIA HOLDINGS PTY LIMITED,85127624104,145053357,3057284,31000,2015-16
BBQSAM HOLDINGS PTY LTD,41159613706,803395285,,,2015-16
BC IRON LIMITED,21120646924,154593207,,,2015-16
BEACH ENERGY LIMITED,20007617969,589045827,,,2015-16
BEAUTY BAY PRODUCE PTY LIMITED,93051941854,203653654,10402560,3120768,2015-16
BEC FEED SOLUTIONS PTY LTD,36010345150,208224680,,,2015-16
BECHTEL AUSTRALIA PTY LTD,42006334505,9392725326,1121260681,336378204,2015-16
BECTON DICKINSON PTY LIMITED,82005914796,168517940,7346933,2204080,2015-16
BECTON PROPERTY GROUP LIMITED (RECEIVERS AND MANAGERS APPOINTED) (IN LIQUIDATION),64095067771,260151299,,,2015-16
BEGA CHEESE LIMITED,81008358503,923047637,20389581,4958494,2015-16
BEIERSDORF AUSTRALIA LIMITED,98000025623,204420771,17994121,5398236,2015-16
BELL FINANCIAL GROUP LIMITED,59083194763,164361640,23374547,7010986,2015-16
BELLAMY'S AUSTRALIA LIMITED,37124272108,227294995,51331846,12230892,2015-16
BELRON AUSTRALIA PTY LIMITED,,177160253,,,2015-16
BENDIGO AND ADELAIDE BANK LTD,11068049178,3128893081,610800865,178516466,2015-16
BERKLEY INSURANCE COMPANY -  AUSTRALIAN BRANCH,53126559706,127762997,16861491,4940761,2015-16
BERKSHIRE HATHAWAY SPECIALTY INSURANCE COMPANY AUSTRALIAN BRANCH,84600643034,124152860,3216398,964919,2015-16
BERNAFON AUSTRALIA PTY LTD,19050487593,174781134,7688685,2306605,2015-16
BEVCHAIN PTY LTD,95118451773,229914294,9005869,2701761,2015-16
BEYOND INTERNATIONAL LIMITED,65003174409,114875557,,,2015-16
BG INTERNATIONAL (AUS) PTY LIMITED,76130856843,6252522930,,,2015-16
BG INTERNATIONAL LIMITED,72114818825,115359171,,,2015-16
BGC (AUSTRALIA) PTY LTD,62005736005,1970774329,125438153,35817659,2015-16
BHCA PTY LIMITED,99126164163,4202416296,25389895,,2015-16
BHP BILLITON ALUMINIUM AUSTRALIA PTY  LTD,65063671349,1123909957,,,2015-16
BHP BILLITON LTD,49004028077,26671570876,5260130225,1325839334,2015-16
BHP BILLITON MITSUI COAL PTY LTD,34009713875,875440419,86009453,24446843,2015-16
BHP IRON ORE (JIMBLEBAR) PTY LTD,95009114210,1070468641,126133867,20650102,2015-16
BIDFOOD AUSTRALIA LIMITED,33000228231,2375365906,111655613,33496684,2015-16
BIG BEN HOLDINGS PTY LIMITED,63008434562,244703750,404745,,2015-16
BIGCOMMERCE PTY LTD,70107422631,139304662,,,2015-16
BILLABONG INTERNATIONAL LTD,17084923946,583718981,,,2015-16
BINDAREE BEEF PTY LIMITED,42056599163,504888295,18167,,2015-16
BING LEE ELECTRICS PTY LTD,61000733488,337322996,2115957,634787,2015-16
BIS INDUSTRIES GROUP LIMITED,43166293849,411244013,,,2015-16
BLACKMAGIC DESIGN PTY LTD,30098098287,265548433,41881602,3614082,2015-16
BLACKMORES LIMITED,35009713437,553343752,143540278,40130041,2015-16
BLACKROCK AUSTRALIA HOLDCO PTY LTD,22139463693,141618551,,,2015-16
BLACQUA PTE LTD,62169810011,376970739,15324767,4236338,2015-16
BLOOMBERG FINANCE LP,45325651482,101039070,18534091,5560227,2015-16
BLUESCOPE STEEL LTD,16000011058,4895160514,445149075,,2015-16
BLUEWATER (GLAS DOWR) N.V,24910320479,123104958,,,2015-16
BLUEWATERS POWER 1 PTY LIMITED,93106034879,124809434,,,2015-16
BLUEWATERS POWER 2 PTY LTD,57122896968,146305963,4048128,,2015-16
BLUM AUSTRALIA PTY LTD,80076459713,101727823,11180276,3354083,2015-16
BM ALLIANCE COAL OPERATIONS PTY LIMITED,67096412752,363187998,,,2015-16
BMW AUSTRALIA LTD,11004675129,2460348916,143945798,43183739,2015-16
BNP PACIFIC AUSTRALIA LTD,31000226666,155168463,30114281,9034284,2015-16
BNP PARIBAS S.A,23000000117,4518810599,,,2015-16
BNP PARIBAS SECURITIES SERVICES AUSTRALIAN BRANCH,87149440291,216105924,,,2015-16
BOART LONGYEAR LIMITED,49123052728,316738182,,,2015-16
BOB JANE CORPORATION PTY LTD,52005870431,327552766,4570720,1371216,2015-16
BOC AIP LIMITED PARTNERSHIP (CONSOLIDATED),19883689849,148204250,211590132,52935,2015-16
BOC LIMITED (CONSOLIDATED),95000029729,1863966792,209392576,61464282,2015-16
BOEHRINGER INGELHEIM PTY LIMITED,52000452308,328152151,21648455,4103476,2015-16
BOEING AUSTRALIA HOLDINGS PTY LTD,42101168932,1221487336,180848563,40742689,2015-16
BOMBARDIER TRANSPORTATION AUSTRALIA PTY LTD,73010699804,642582986,50865740,7846023,2015-16
BOOM LOGISTICS LIMITED,28095466961,152347081,,,2015-16
BORAL CSR BRICKS PTY LIMITED,68168794821,263427338,30914573,9274372,2015-16
BORAL LIMITED,13008421761,3429388088,205667806,40903371,2015-16
BORG MANUFACTURING PTY LIMITED,31003246357,407506401,32003153,8735366,2015-16
BOROUGE AUSTRALIA PTY LTD,45120210782,133845251,,,2015-16
BOSE PTY LTD,41078010607,148211160,13104301,3931290,2015-16
BOSTON SCIENTIFIC PTY LIMITED,45071676063,241900758,17328507,5198552,2015-16
BOUNDARY BEND LIMITED,32115131667,133357448,19640858,,2015-16
BOWEN & POMEROY PTY LTD,78004174887,338785521,27744094,8323228,2015-16
BOYNE SMELTERS LTD,90010061935,1014223814,29725140,,2015-16
BP REGIONAL AUSTRALASIA HOLDINGS PTY LTD,91092495700,21584754589,760342121,175353985,2015-16
BPIH PTY LIMITED,61100364234,1834698316,,,2015-16
BPL ADELAIDE PTY LIMITED,40108037798,402656675,11643605,3493082,2015-16
BRADKEN LIMITED,33108693009,432939537,81457181,,2015-16
BRADNAM'S WINDOWS AND DOORS PTY LTD,78010409819,247821959,21146842,5729605,2015-16
BRAMBLES LIMITED,89118896021,2771204428,246343153,60276248,2015-16
BRAND COLLECTIVE PTY LTD,34098742628,235608851,,,2015-16
BRAND DEVELOPERS AUST PTY LTD,70115139565,213101889,,,2015-16
BRENNTAG AUSTRALIA PTY LTD,84117996595,108616482,1740438,522131,2015-16
BREVILLE GROUP LIMITED,90086933431,316135992,61502963,11165636,2015-16
BRICKWORKS LIMITED,17000028526,887131515,154648826,13410120,2015-16
BRIDGESTONE AUSTRALIA LTD,65007516841,524547060,23125023,6937507,2015-16
BRIDGESTONE EARTHMOVER TYRES PTY LTD,74000069714,361971331,18114323,5434297,2015-16
BRIERTY LIMITED,65095459448,213850474,,,2015-16
BRIGHT FOOD GROUP HOLDINGS PTY LTD,95152610645,596295453,27924056,8060799,2015-16
BRIGHTSTAR LOGISTICS PTY LTD,58111399752,435051801,39011769,11587168,2015-16
BRISTOL-MYERS SQUIBB AUSTRALIA PTY LTD,33004333322,225629223,29049957,622886,2015-16
BRISTOW HELICOPTERS AUSTRALIA PTY LTD,92000565579,311186645,,,2015-16
BRITISH AMERICAN TOBACCO (AUSTRALASIA HOLDINGS) PTY LIMITED,23095066345,1809681635,671822051,200372150,2015-16
BROADSPECTRUM LIMITED,69000484417,2850947158,,,2015-16
BROOKFIELD GLOBAL INTEGRATED SOLUTIONS AUSTRALIA PTY LTD,46122178741,399578850,15436060,4519390,2015-16
BROTHER INTERNATIONAL (AUSTRALIA) PTY LIMITED,17001393835,179924406,4397551,1319265,2015-16
BROWN & HURLEY GROUP PTY LTD,66010732966,328601811,18099075,5429672,2015-16
BROWN-FORMAN AUSTRALIA PTY LIMITED,87000064086,213309093,5578144,1673443,2015-16
BRP AUSTRALIA PTY LIMITED,64097370100,180719178,3891192,1167358,2015-16
BRUNEL AUSTRALIA HOLDINGS PTY LTD,60078544126,167878549,6761252,1947878,2015-16
BRUNEL TECHNICAL SERVICES PTY LTD,22101589691,170211739,11453462,3436039,2015-16
BSA LTD,50088412748,512072695,,,2015-16
BT AUSTRALASIA PTY LIMITED,93003050146,242006819,16243890,4873167,2015-16
BT INVESTMENT MANAGEMENT LIMITED,28126385822,244253488,39832782,11949835,2015-16
BUICK HOLDINGS PTY LTD,76094424674,299404641,2718516,815555,2015-16
BUILDCORP GROUP PTY LIMITED,85091336168,290491786,9717079,2498910,2015-16
BUNGE AGRIBUSINESS AUSTRALIA PTY LTD,46097843582,528885064,,,2015-16
BUNZL AUSTRALASIA LIMITED,18004611090,622651139,6988277,2005768,2015-16
BUPA AUSTRALIA HEALTHCARE HOLDINGS PTY LIMITED,16126737308,7484881426,352886738,104732920,2015-16
BURBANK AUSTRALIA PTY LTD,91007099872,243894515,,,2015-16
BUREAU VERITAS AUSTRALIA PTY LTD,15090874570,263034756,,,2015-16
BURNS PHILP & CO PTY LTD,65000000359,1062393501,,,2015-16
BURRA FOODS PTY LTD,58007119904,225122464,12360346,762727,2015-16
BURRUP FACILITIES COMPANY PTY LTD,28122234539,1439125051,715185361,214555608,2015-16
BURRUP TRAIN 1 PTY LTD,77122234306,2390630849,435913303,128999569,2015-16
BUZZ SUPPLIES PTY LIMITED,27601785353,145036339,17088855,5126656,2015-16
BYRNECUT AUSTRALIA PTY LTD,94129142516,609488690,61388746,17722849,2015-16
CA (PACIFIC) PTY LIMITED,20001146345,231610390,29090575,7914926,2015-16
CABCHARGE AUSTRALIA LIMITED,99001958390,185166299,58532431,17559729,2015-16
CADENCE CAPITAL LIMITED,17112870096,778065104,18707654,3190477,2015-16
CAELLI CONSTRUCTIONS VIC PTY LTD,64080995204,244088285,16068093,534714,2015-16
CAESARSTONE AUSTRALIA PTY LTD,45121819976,148023882,2640486,792146,2015-16
CALIBRE GROUP LIMITED,44100255623,486050092,,,2015-16
CALTEX AUSTRALIA LTD,40004201307,22159022750,240370474,52061935,2015-16
CAMCARSTRUCKS PTY LTD,,717102223,20593118,6177935,2015-16
CAML RESOURCES PTY LTD,84080649029,183368450,,,2015-16
CAMPARI AUSTRALIA PTY LIMITED,72137554726,149470361,3825008,1006449,2015-16
CAMPUS LIVING AUSTRALIA TRUST,76639813054,101625408,,,2015-16
CANON AUSTRALIA PTY LIMITED,66005002951,783106826,36037939,,2015-16
CANTARELLA BROS PTY LIMITED,68000095607,232147478,28544886,8563466,2015-16
CAPE AUSTRALIA HOLDINGS PTY LTD,12126824397,233324783,,,2015-16
CAPGEMINI AUSTRALIA PTY LIMITED,11092284314,274040537,,,2015-16
CAPILANO HONEY LIMITED,55009686435,133617041,13743381,3835475,2015-16
CAPITAL PROPERTY FINANCE PTY LIMITED,98008608928,453151206,112743969,30677685,2015-16
CAPITAL S.M.A.R.T REPAIRS AUSTRALIA PTY LTD,47143462748,235165639,13303625,3991088,2015-16
CAPITOL HEALTH LIMITED,84117391812,158312044,11254731,3376419,2015-16
CAPRAL LIMITED,78004213692,404531757,,,2015-16
CARDNO LIMITED,70108112303,546185643,23409499,,2015-16
CAREERS AUSTRALIA GROUP LIMITED,52122171840,283190697,,,2015-16
CARL ZEISS PTY LIMITED,82008410704,115141717,11398928,2625232,2015-16
CARLISLE HOMES PTY LTD,86106263209,316855192,25153958,7049045,2015-16
CARNEY TOWNSVILLE PARTNERSHIP,16842172023,106740761,3390344,1017103,2015-16
CARPET COURT AUSTRALIA LTD,77001195697,201382432,346210,103863,2015-16
CARRIER AUSTRALIA PTY LTD,47136426214,136922628,585717,175715,2015-16
CARSALES.COM LIMITED,91074444018,272747674,155330622,40296202,2015-16
CASELLA WINES PTY LIMITED,96060745315,495815273,71348817,20971589,2015-16
CASH CONVERTERS INTERNATIONAL LIMITED,39069141546,321543989,40241335,10615425,2015-16
CATCH GROUP PTY LTD,89159074003,301565734,7115433,2134630,2015-16
CATERPILLAR FINANCIAL AUSTRALIA LIMITED,70006714585,166681977,60703837,18211151,2015-16
CATERPILLAR GLOBAL MINING PTY LTD,63088993668,220526702,57514113,14409428,2015-16
CATERPILLAR UNDERGROUND MINING PTY LTD,69069652866,368942523,79367864,18188825,2015-16
CBH GRAIN PTY LTD,39089394883,2830547337,,,2015-16
CBH RESOURCES LIMITED,27009423858,261239017,,,2015-16
CBI CONSTRUCTORS PTY LTD,90000612411,1021612907,51711162,15513349,2015-16
CBRE PTY LTD,57057373574,501205494,52042515,15612754,2015-16
CCCI AUSTRALIA PTY LTD,95603555988,2211628504,,,2015-16
CDC MANAGEMENT PTY LTD,50606815178,134053534,8088605,2426582,2015-16
CEBAS PTY LTD,15009156003,313806729,17531264,5259379,2015-16
CEDAR WOODS PROPERTIES LIMITED,47009259081,175504392,58629034,16468091,2015-16
CELGENE PTY LTD,42118998771,127606794,5881488,1764446,2015-16
CEMENT AUSTRALIA HOLDINGS PTY LTD,99001085561,448538809,116078743,21890690,2015-16
CENTAMIN EGYPT LTD,86007700352,658800115,33856457,10156937,2015-16
CENTENARY AUSTRALIA PTY LIMITED,77085156216,241097152,,,2015-16
CENTRAL EQUITY LTD,27006708738,599101647,191639565,57491870,2015-16
CENTURY YUASA BATTERIES PTY LTD,66009685232,200890422,5598992,1679698,2015-16
CENVERSA LIMITED,55092375221,127211445,3187879,956364,2015-16
CEREAL PARTNERS AUSTRALIA PTY LIMITED,98120338249,200591338,23495544,5907016,2015-16
CEREBOS (AUSTRALIA) LIMITED,82004304803,237415776,18995938,4415153,2015-16
CEVA PTY LTD,27122147433,389804333,,,2015-16
CFT HOLDINGS COMPANY PTY LIMITED,42160294904,350676876,,,2015-16
CGG SERVICES SA,22871911740,122111586,,,2015-16
CH2 HOLDINGS PTY LTD,80113630505,1104711487,,,2015-16
CH2M HILL AUSTRALIA PTY LIMITED,42050070892,133933533,,,2015-16
CHALLENGER LIMITED,85106842371,1550617006,166228525,34069913,2015-16
CHAMBERLAIN HOLDINGS LIMITED,85008688202,1006559651,59988047,17993620,2015-16
CHANEL (AUSTRALIA) PTY LTD,83000012153,211813151,26272979,7881894,2015-16
CHARTER HALL LIMITED,57113531150,153161322,4648572,,2015-16
CHARTERED ACCOUNTANTS AUSTRALIA AND NEW ZEALAND,50084642571,127629129,,,2015-16
CHASSIS BRAKES INTERNATIONAL (AUSTRALIA) PTY LTD,19006530427,108726459,1165618,,2015-16
CHEVRON AUSTRALIA HOLDINGS PTY LTD,60098079344,2142255410,,,2015-16
CHINA CONSTRUCTION BANK CORPORATION,24125167553,660896110,98802670,29640801,2015-16
CHINA MERCHANTS LOSCAM HOLDINGS AUSTRALIA PTY LTD,46144845867,108572250,171490,,2015-16
CHINA RAILWAY MATERIALS (AUSTRALIA) PTY LIMITED,15120794701,196741707,202571,60771,2015-16
CHINATEX (AUSTRALIA) PTY LTD,40003400217,906121826,,,2015-16
CHINOVA RESOURCES PTY LTD,20107689878,223360233,,,2015-16
CHOBANI (AUSTRALIA) PTY LTD,60150876305,200809275,10730808,3219242,2015-16
CHRISCO HAMPERS AUSTRALIA LIMITED,41080852535,131422751,4215138,1264541,2015-16
CHS TRADING COMPANY AUSTRALIA PTY LTD,19137965121,427339413,,,2015-16
CHUBB HOLDINGS AUSTRALIA PTY LIMITED,64116987618,633445742,21046438,6053990,2015-16
CHUBB INSURANCE COMPANY OF AUSTRALIA LIMITED,69003710647,487249181,46072967,13738768,2015-16
CIMIC GROUP LIMITED,57004482982,7273681386,296439227,76298064,2015-16
CISCO SYSTEMS AUSTRALIA PTY LTD,52050332940,1723801279,59226375,17316093,2015-16
CITIBANK NA,34072814058,571342895,166876101,50062830,2015-16
CITIC PACIFIC MINING MANAGEMENT PTY LTD,64119578371,799425512,,,2015-16
CITIC RESOURCES AUSTRALIA PTY LTD,87107652817,496881641,,,2015-16
CITIGROUP PTY LTD,88004325080,2461552936,260258570,78077571,2015-16
CITRIX SYSTEMS ASIA PACIFIC PTY LTD,37078874530,307522399,9784276,,2015-16
CITY HOLDINGS (AUS) PTY LTD,33135098636,256667416,10740364,3221295,2015-16
CITY LODGE MOTEL PTY LTD,99009770478,237697288,,,2015-16
CIVEO HOLDING COMPANY 1 PTY LTD,91146700441,187923700,,,2015-16
CIVMEC LIMITED,50604316690,396934210,18916087,5674826,2015-16
CJD EQUIPMENT PTY LTD,63008754523,331621129,,,2015-16
CLARIUS GROUP LIMITED,43002724334,167587086,,,2015-16
CLARKE ENERGY (AUSTRALIA) PTY LTD,20086492935,124613632,13412348,4023704,2015-16
CLEANAWAY WASTE MANAGEMENT LIMITED,74101155220,1447637112,62859221,6450100,2015-16
CLEARLIGHT INVESTMENTS PTY LTD,59007543544,285761043,20419938,6104887,2015-16
CLEARVIEW WEALTH LIMITED,83106248248,519713369,58328294,11779096,2015-16
CLEMENGER GROUP LIMITED,98004882928,183571537,39106234,10035261,2015-16
CLERMONT COAL MINES LTD,56010487939,1055029006,,,2015-16
CLICK ENERGY GROUP HOLDINGS PTY LTD,31160484837,173790518,,,2015-16
CLIFFS NATURAL RESOURCES HOLDINGS PTY LTD,69112437331,685206269,,,2015-16
CLINICAL LABORATORIES PTY LTD,62006823089,271471661,,,2015-16
CLOROX HOLDINGS PTY LTD,57077214076,145504046,7023329,2106999,2015-16
CMOC MINING PTY LIMITED,17164997317,298807333,74077327,18644741,2015-16
CNH INDUSTRIAL AUSTRALIA PTY LIMITED,76000031130,782095203,101806438,30541931,2015-16
CNOOC AUSTRALIA ENERGY CAPITAL MANAGEMENT PTY LTD,79129021316,262589399,50809816,15242945,2015-16
CNOOC GAS AND POWER (AUS) INVESTMENT PTY LTD,28142591044,1032726188,,,2015-16
CNPR LIMITED,45078590682,305551574,,,2015-16
CNW PTY LTD,48009669836,457365594,17474653,4051592,2015-16
COAL & ALLIED INDUSTRIES LTD,67008416760,2267764327,291800041,80737918,2015-16
COCA-COLA AMATIL LIMITED,26004139397,3656533817,384908640,110901571,2015-16
COCA-COLA SOUTH PACIFIC PTY LTD,50003029794,149933524,9521828,2856548,2015-16
COCHLEAR LIMITED,96002618073,827096271,325029178,57413426,2015-16
COCKRAM CORPORATION PTY LTD,18104957664,449805847,,,2015-16
CODAN LIMITED,77007590605,151688351,26929708,989458,2015-16
COFCO (AUSTRALIA) PTY LTD,43003729182,512238259,189050,56715,2015-16
COFCO AGRI AUSTRALIA PTY LTD,25001069423,463598520,,,2015-16
COGNIZANT TECHNOLOGY SOLUTIONS AUSTRALIA PTY LTD,74100749997,125211784,11226962,3368089,2015-16
COL CRAWFORD PTY LTD,27001798081,228205813,4745506,1423652,2015-16
COLAS AUSTRALIA GROUP PTY LTD,11000388161,324752726,9879239,2625190,2015-16
COLGATE PALMOLIVE PTY LTD,79002792163,772878746,242383637,72394633,2015-16
COLLECTION HOUSE LIMITED,74010230716,171088609,31110262,8544559,2015-16
COLLIERS INTERNATIONAL HOLDINGS (AUSTRALIA) LIMITED,65008178238,254728603,39828135,9715616,2015-16
COLLINS FOODS LTD,13151420781,575812484,42792352,12837706,2015-16
COMDAIN INFRASTRUCTURE PTY LTD,50092035419,247643543,4072752,1221826,2015-16
COMFORTDELGRO CABCHARGE PTY LTD,84002072004,352820713,31563926,9469178,2015-16
COMGEN AUSTRALIA PTY LTD,17050242441,1060212229,51918256,9381518,2015-16
COMMERCIAL & INDUSTRIAL PROPERTY PTY L,88105081865,215399306,9369564,2810869,2015-16
COMMERCIAL METALS PTY LTD,39164131855,225809757,,,2015-16
COMMERCIAL MOTOR VEHICLES PTY LTD,84007874142,1098518061,28087810,8253324,2015-16
COMMONWEALTH BANK OF AUSTRALIA,48123123124,42729766246,11359025402,3290941018,2015-16
COMMSCOPE AUSTRALIA PTY LTD,27004663861,162401433,12034032,1979372,2015-16
COMMUNITY CPS AUSTRALIA LIMITED,15087651143,227252518,40226069,8773174,2015-16
COMO GLASSHOUSE INVESTMENTS PTY LTD,49604272951,439829610,,,2015-16
COMPASS GROUP (AUSTRALIA) PTY LTD,41000683125,1262761510,29398707,6248184,2015-16
COMPETENTIA PTY LTD,11143641543,102772954,3991368,1197410,2015-16
COMPETITIVE FOODS AUSTRALIA PTY LTD,48010542908,1032770120,42795255,12743116,2015-16
COMPUTERSHARE LIMITED,71005485825,630262282,124252489,25684609,2015-16
CONBEAR HOLDINGS PTY LIMITED,85000220780,339015782,,,2015-16
CONNECTEAST PTY LTD,99101213263,311796767,,,2015-16
CONOCOPHILIPS AUSTRALIA GAS HOLDINGS PTY LTD,69081089170,1464317021,107751084,,2015-16
CONSOLIDATED MINERALS HOLDINGS (AUST) PTY LTD,88127662257,221214217,,,2015-16
CONSOLIDATED SNACKS PTY LTD,91169426260,274511062,18409248,,2015-16
CONSTELLATION SOFTWARE AUSTRALIA PTY LIMITED,50141627232,104363636,23637531,3675949,2015-16
CONTANGO MICROCAP LIMITED,47107617381,166706717,4934534,308564,2015-16
CONTURA MINING PTY LTD,58008901915,377320402,,,2015-16
COOGEE CHEMICALS PTY LTD,37008747500,265052901,27323024,5279355,2015-16
COOK AUSTRALIA PTY LTD,27141258648,240587638,32819629,9156998,2015-16
CO-OPERATIEVE RABOBANK U.A.,70003917655,1010458929,190264101,57079230,2015-16
COOPERS BREWERY LIMITED,13007871409,240584456,45302211,12103487,2015-16
COPYRIGHT AGENCY LIMITED,53001228799,139724144,,,2015-16
CORELOGIC AUSTRALIA HOLDINGS PTY LIMITED,75150637406,118221290,9478610,,2015-16
CORNING AUSTRALIA HOLDINGS CO PTY LTD,52099032667,196567333,,,2015-16
COSTA GROUP HOLDINGS LIMITED,68151363129,842219660,27761486,3954843,2015-16
COSTCO WHOLESALE AUSTRALIA PTY LTD,57104012893,1525920729,44551802,13365541,2015-16
COTY AUSTRALIA PTY. LIMITED,96058696549,206227457,35666759,10700028,2015-16
COUNTPLUS LTD,11126990832,121714607,13337220,3085789,2015-16
COUNTRY ROAD GROUP PTY LTD,78006759182,949577971,66559313,19665976,2015-16
COUNTRYWIDE AUSTRALASIA LTD,34068162676,526037530,,,2015-16
COVENTRY GROUP LTD,37008670102,147821714,,,2015-16
COVER-MORE GROUP LIMITED,79166776334,186520948,27713763,8311143,2015-16
COVIDIEN PTY LIMITED,51003143502,996688603,62828077,18848423,2015-16
CPA AUSTRALIA LTD,64008392452,174534000,1720872,1967,2015-16
CRAIG MOSTYN HOLDINGS PTY LIMITED,14008398356,332428960,14715438,3237354,2015-16
CREDIT AGRICOLE CIB AUSTRALIA LIMITED,32002540409,178287000,74760178,22428053,2015-16
CREDIT CORP GROUP LIMITED,33092697151,218619519,74404548,22280056,2015-16
CREDIT SUISSE AG,17061700712,324513648,25063408,7519022,2015-16
CREDIT SUISSE HOLDINGS (AUSTRALIA) LIMITED,96008496713,384738954,18186652,5250110,2015-16
CREDIT UNION AUSTRALIA LIMITED,44087650959,500230923,82947309,18876690,2015-16
CRISTAL INORGANIC CHEMICALS AUSTRALIA PTY LTD,20125123784,629350719,,,2015-16
CROWN EQUIPMENT PTY LIMITED,79000514858,345220785,6276417,1882925,2015-16
CROWN RESORTS LIMITED,39125709953,4248393233,388010145,111561646,2015-16
CROWNBET HOLDINGS PTY LTD,55603274237,140537691,,,2015-16
CS AGRICULTURE PTY LTD,73160516594,161911344,38537028,11561108,2015-16
CS AUSTRALIA PTY LTD,84093488361,768500343,,,2015-16
CSC COMPUTER SCIENCES AUSTRALIA HOLDINGS PTY LTD,33120570390,725347669,1974881,174477,2015-16
CSG INTERNATIONAL PTY LTD,33082026551,103522739,13891172,,2015-16
CSG LIMITED,64123989631,122029839,,,2015-16
CSL LIMITED,99051588348,2174245786,235829408,,2015-16
CSR LIMITED,90000001276,1883667908,,,2015-16
CTI LOGISTICS LIMITED,69008778925,171474105,6483123,1335791,2015-16
CUA HEALTH LIMITED,98098685459,138034065,2987728,896318,2015-16
CUBIC TRANSPORTATION SYSTEMS(AUSTRALIA) PTY LIMITED,82003617561,160801241,,,2015-16
CUMMINS FILTRATION INTERNATIONAL CORPORATION,60007505473,103103659,7933514,2380054,2015-16
CUMMINS SOUTH PACIFIC PTY LTD,42006332949,750036109,50292687,14845995,2015-16
CUNNINGHAM LINDSEY AUSTRALIA HOLDINGS PTY LTD,,127179567,7836623,2350987,2015-16
CUPRIC LIMITED,37103515037,210238400,,,2015-16
CUSCAL LTD,95087822455,267008394,24475122,3777219,2015-16
CWF HOLDINGS PTY LTD,66142083323,109410880,,,2015-16
D & C CORPORATION PTY LTD,37159824736,112789070,452091,135627,2015-16
D.E HOLDING AUSTRALIA PTY LTD,16100632595,268833696,37563776,11229796,2015-16
DAC FINANCE PTY LIMITED,28129420444,527171779,7905047,2371514,2015-16
DAIKIN AUSTRALIA PTY LTD,62000172967,503545566,33327428,9362840,2015-16
DAIMLER AUSTRALIA/PACIFIC PTY LTD,50004348421,3618401000,375171055,112551317,2015-16
DAIRY FARMERS MILK CO-OPERATIVE LIMITED,74669522867,136309401,33469,,2015-16
DAIRYWEST GROUP HOLDINGS PTY LTD,82146843478,214203463,,,2015-16
DAMPIER SALT LTD,30008706590,394650761,60639594,17879388,2015-16
DANAHER AUSTRALIA HOLDING PTY LTD,80122016424,579228168,9697415,,2015-16
DARACON CONTRACTORS PTY LIMITED,82002344667,270498933,7076925,2123078,2015-16
DARWIN LNG PTY LTD,48085130981,2331650724,175684450,52304284,2015-16
DATA #3 LIMITED,31010545267,978208982,19848140,5585121,2015-16
DATACOM AUSTRALIA HOLDINGS PTY LIMITED,45094235373,432316620,11395265,2417381,2015-16
DAVIS LANGDON PROPERTY SERVICES PTY LTD,97006986947,671836891,8649391,,2015-16
DBNGP (WA) TRANSMISSION PTY LTD,69081609190,383545698,,,2015-16
DBNGP FINANCE CO PTY LTD,14110721072,159825903,,,2015-16
DECMIL GROUP LIMITED,35111210390,300433128,,,2015-16
DEFENCE HOUSING AUSTRALIA,72968504934,1442537774,135461451,35632001,2015-16
DEICORP CONSTRUCTIONS (NSW) PTY LTD,55138180337,221632216,7097240,2129172,2015-16
DELAWARE NORTH COMPANIES AUSTRALIA PTY LTD.,92003435345,289919208,,,2015-16
DELL AUSTRALIA PTY LIMITED,46003855561,249666610,12261377,3492552,2015-16
DE'LONGHI AUSTRALIA PTY LIMITED,49104012857,158817237,1340368,402110,2015-16
DELTA GROUP HOLDINGS PTY LTD,37159149185,262637290,5572269,1671681,2015-16
DEMATIC HOLDINGS PTY LTD,50121488202,179715749,6213527,1626516,2015-16
DENGKOL PTY LTD,82005518258,271325941,795115,238534,2015-16
DENSO INTERNATIONAL AUSTRALIA PTY LTD,72081951402,203143046,14783828,4401604,2015-16
DENTSU AEGIS NETWORK AUSTRALIA HOLDINGS PTY LTD,60147301700,291290206,,,2015-16
DEUTSCHE AUSTRALIA LIMITED,37006385593,755493490,124681807,37066254,2015-16
DEUTSCHE BANK AKTIENGESELLSCHAFT,13064165162,725986661,102708269,30812481,2015-16
DEVICE TECHNOLOGIES AUSTRALIA PTY LTD,40058091973,274408427,20827296,5479310,2015-16
DEVINE LIMITED,51010769365,274745824,,,2015-16
DEXUS OPERATIONS TRUST,69645176383,585532769,143236008,42970802,2015-16
DHL EXPRESS (AUSTRALIA) PTY LTD,62001112929,392684567,13674160,4102248,2015-16
DIAMANTINA HOLDING COMPANY PTY LTD,59149762130,169625066,,,2015-16
DIAMOND OFFSHORE GENERAL COMPANY,91050122051,233905530,,,2015-16
DIB GROUP PTY LIMITED,87002889474,661498159,15482250,4644675,2015-16
DIC AUSTRALIA PTY LTD,12000079550,111922965,,,2015-16
DICKER DATA LIMITED,95000969362,956404928,25183107,7554932,2015-16
DIMENSION DATA AUSTRALIA PTY LTD,65003371239,1219552058,,,2015-16
DIRECT GROUP INVESTMENTS PTY LTD,67602302205,249018883,9195789,2672268,2015-16
DIRECTCASH PAYMENTS AUST PTY LTD,46157774224,121898543,12296430,3688929,2015-16
DISTINCTIVE FX 2 PTY LTD,32083078380,433823069,78102416,23062127,2015-16
DOF SUBSEA AUSTRALIA PTY LTD,53083000239,191431166,,,2015-16
DOMETIC AUSTRALIA PTY LTD,62086366305,142750226,6046109,1813833,2015-16
DOMINO'S PIZZA ENTERPRISES LIMITED,16010489326,278847178,68541310,15019919,2015-16
DONCASTER MOTORS PTY LTD,32094027960,235303000,9834596,1340240,2015-16
DORAY MINERALS LIMITED,48138978631,132177552,,,2015-16
DORMA DOOR CONTROLS PTY LTD,82005869447,137936660,19212228,5763668,2015-16
DOW AGROSCIENCES AUSTRALIA LIMITED,24003771659,172175657,4197436,,2015-16
DOW CHEMICAL (AUSTRALIA) LIMITED,72000264979,270905543,,,2015-16
DOWNER EDI LIMITED,97003872848,5624146663,272101393,25907635,2015-16
DP WORLD AUSTRALIA (HOLDING) PTY LIMITED,58147892715,556933641,,,2015-16
DREDGING INTERNATIONAL (AUSTRALIA) PTY LTD,44001088197,166053287,76021334,22806400,2015-16
DRILLSEARCH ENERGY PTY LIMITED,73006474844,172571549,29139332,,2015-16
DRYSDALE INVESTMENTS PTY LTD,86104614422,365244612,,,2015-16
DSI HOLDINGS 2 AUSTRALIA PTY LIMITED,49151658785,202196115,14267971,3062184,2015-16
DSM NUTRITIONAL PRODUCTS AUSTRALIA PTY LIMITED,36000991793,112094672,2492804,,2015-16
DST BLUEDOOR HOLDINGS PTY LTD,28104705713,116407777,8593210,1423753,2015-16
DTZ AUS HOLDCO PTY LTD,36602106936,745132716,4096069,1228821,2015-16
DUET COMPANY LIMITED,93163100061,498375571,,,2015-16
DUET INVESTMENT HOLDINGS LIMITED,22120456573,118566983,,,2015-16
DULUXGROUP LIMITED,42133404065,1581719121,151087761,39927626,2015-16
DUPONT (AUSTRALIA) PTY LTD,59000716469,279947598,32530707,6513141,2015-16
DURO FELGUERA AUSTRALIA PTY LTD,79164834753,234046784,,,2015-16
DYNAMIC SUPPLIES INVESTMENTS PTY LTD,52088062837,281681221,1144623,,2015-16
DYNAMIC SUPPLIES PTY LTD,25064793862,215566986,20528283,6158485,2015-16
DYSON APPLIANCES (AUST) PTY LIMITED,50073072509,301361068,10000229,2982690,2015-16
E & A LIMITED,22088588425,163311520,,,2015-16
E. C. THROSBY PTY. LIMITED,24060571673,243907491,18024812,5343158,2015-16
EARTHLING INVESTMENTS PTY LTD,70111401766,209732579,,,2015-16
EAST YARRA FRIENDLY SOCIETY PTY LTD,44087648913,398258296,139902307,41970692,2015-16
EATON INDUSTRIES PTY LTD,66103014571,254459061,,,2015-16
EBSCO AUSTRALIA SUBSCRIPTION SERVICES,51002260602,126667228,9684461,2905338,2015-16
ECLIPX GROUP LIMITED,85131557901,417413436,19345734,5803720,2015-16
ECOLAB PTY LTD,59000449990,384814048,21864116,6009739,2015-16
EDEN BRAE HOLDINGS PTY LIMITED,42083807489,224861194,22367283,6710185,2015-16
EDI RAIL-BOMBARDIER TRANSPORTATION PTY LTD,42009978803,128951239,10363440,3109032,2015-16
EDU HOLDINGS SPV PTY LIMITED,34143998127,259023839,,,2015-16
EDUCATION AUSTRALIA LTD,63008597831,501855527,21922106,4056632,2015-16
EINHELL HOLDING AUSTRALIA PTY LTD,12163099885,119187208,7679688,2303906,2015-16
ELDERS LTD,34004336636,1586603107,3139620,,2015-16
ELECNOR AUSTRALIA PTY LTD,90164831930,142250360,1243667,373100,2015-16
ELECTRANET PTY LIMITED,41094482416,364943613,90897487,27269246,2015-16
ELECTROLUX HOME PRODUCTS PTY LIMITED,51004762341,787640047,62449702,14355317,2015-16
ELECTRONICS BOUTIQUE AUSTRALIA PTY LTD,50077681442,806277325,43542149,13062645,2015-16
ELI LILLY AUSTRALIA PTY LIMITED,39000233992,285758977,50418265,9212920,2015-16
EMC AUSTRALIA PTY LIMITED,34143603123,306094033,21021057,2081023,2015-16
EMECO HOLDINGS LIMITED,89112188815,292370208,8409911,,2015-16
EMERALD GRAIN PTY LTD,82109203054,615032344,,,2015-16
EMERSON NETWORK POWER AUSTRALIA PTY LIMITED,53003469654,116260158,,,2015-16
EMERSON PROCESS MANAGEMENT AUSTRALIA PTY LTD,99004590005,102973522,5893608,1743559,2015-16
EMIRATES AIRLINE,81073569696,240595733,,,2015-16
EMIRATES LEISURE RETAIL (AUSTRALIA) PTY LTD,76131473679,581333739,2254223,676267,2015-16
ENAK HOLDINGS PTY LTD,94151868772,599553057,18770000,5501843,2015-16
ENERFLEX ENERGY SYSTEMS (AUSTRALIA) PTY LTD,74140790610,140852448,22551362,4477680,2015-16
ENERGIZER AUSTRALIA PTY LIMITED,91003539026,102657080,11771331,3487929,2015-16
ENERGY DEVELOPMENTS LIMITED,84053410263,102459219,,,2015-16
ENERGY INFRASTRUCTURE INVESTMENTS PTY LTD,95104348852,114399600,,,2015-16
ENERGY RESOURCES OF AUSTRALIA,71008550865,367948999,,,2015-16
ENERGYAUSTRALIA HOLDINGS LIMITED,57101876135,7755881032,,,2015-16
ENERMECH PTY LTD,32136435062,165763051,13696394,2654282,2015-16
ENERSYS AUSTRALIA PTY LIMITED,52103740290,105350061,,,2015-16
ENGENCO LTD,99120432144,131680070,,,2015-16
ENGIE SERVICES AUSTRALIA & NEW ZEALANDHOLDINGS PTY LTD,96160362792,108865300,,,2015-16
ENI AUSTRALIA BV,18092812023,121363393,,,2015-16
ENI JPDA 03-13 LIMITED,14054729930,225961884,11623250,3486975,2015-16
ENIRGI AUSTRALIA PTY LTD,69155392911,140116787,,,2015-16
ENSCO AUSTRALIA PTY LTD,79100601634,248363459,14859936,4457981,2015-16
ENSHAM COAL SALES PTY LTD,13050411713,355065011,97247,29174,2015-16
ENSIGN (AUSTRALIA) HOLDINGS PTY LTD,71100195426,236581859,,,2015-16
ENTITY SOLUTIONS SERVICES PTY LTD,24091536364,285955310,,,2015-16
EPAY AUSTRALIA HOLDINGS PTY LIMITED,74104012900,100251953,11060845,2778122,2015-16
EPSON AUSTRALIA PTY LIMITED,91002625783,205153229,6974202,2092261,2015-16
EQUINIX AUSTRALIA PTY LTD,25092807264,114287164,3988992,1196698,2015-16
ERM POWER LIMITED,28122259223,2574950500,25775433,7391420,2015-16
ERTECH HOLDINGS PTY LTD,93008999353,231616466,9345497,2803649,2015-16
ESCO AUSTRALIA HOLDINGS PTY LTD,14140443223,103878259,80783,,2015-16
ESS THALANYJI PTY LTD,89141801541,235352701,13686018,4105805,2015-16
ESSILOR AUSTRALIA PTY LTD,96002659458,159539602,16257481,4000755,2015-16
ESTEE LAUDER PTY LIMITED,63008444719,267054129,49406599,14821980,2015-16
ESTHER INVESTMENT PTY LTD,68004459536,440275997,50012857,14877285,2015-16
ESTIA HEALTH LIMITED,37160986201,447405743,58263132,17478940,2015-16
ETIHAD AIRWAYS PJSC,40123078688,387092550,,,2015-16
ETSA UTILITIES FINANCE PTY LTD,78091701825,172940446,,,2015-16
EUDUNDA FARMERS LTD,30008222188,121020946,5207786,1403957,2015-16
EUROPCAR HOLDING PTY LTD,72130750640,179280705,,,2015-16
EVAND PTY LTD,59072254007,128316208,18298837,4932092,2015-16
EVENT HOSPITALITY AND ENTERTAINMENT LIMITED,51000005103,626451963,143768283,42178132,2015-16
EVOLUTION MINING LTD,74084669036,1336652317,,,2015-16
EW PACIFIC PTY LTD,,108220024,13923969,4177191,2015-16
EXPEDIA AUSTRALIA PTY LTD,12101694946,156107284,,,2015-16
EXPEDITORS INTERNATIONAL PTY LIMITED,79003337282,117454626,14924560,4477368,2015-16
EXTRACT RESOURCES PTY LTD,61057337952,136883370,,,2015-16
EXXONMOBIL AUSTRALIA PTY LTD,48091561198,6728562395,,,2015-16
F K GARDNER & SONS PTY LTD,99010136053,253045597,,,2015-16
FACTORY MUTUAL INSURANCE COMPANY,47163108861,197238310,,,2015-16
FAIRFAX MEDIA LIMITED,15008663161,1475636309,88982155,16488988,2015-16
FANTASTIC HOLDINGS LIMITED,19004000775,546737635,31103922,8673409,2015-16
FAR EAST LAND (AUSTRALIA) PTY LTD,74166129915,102413018,,,2015-16
FAR EAST MARTIN PTY LTD,60605929904,650013661,952334,285700,2015-16
FCA AUSTRALIA PTY LTD,23125956505,1344085319,35638912,10691674,2015-16
FCCD (AUSTRALIA) PTY LTD,16134182380,124426294,1034672,310402,2015-16
FDC CONSTRUCTION & FITOUT PTY LIMITED,44120295034,465143140,32431944,9729583,2015-16
FEDERAL EXPRESS (AUSTRALIA) PTY LTD,35003100052,211312857,59581424,17874427,2015-16
FENNER (PACIFIC) PTY LIMITED,49000231532,195481679,3448410,1034523,2015-16
FERRERO AUSTRALIA PTY LIMITED,29001249261,260285162,15155752,3349542,2015-16
FINASUCRE INVESTMENTS (AUSTRALIA) PTY LIMITED,23062315593,253067154,,,2015-16
FINDEX GROUP LIMITED,40128588714,387392989,,,2015-16
FINISAR AUSTRALIA PTY LTD,45098184582,117170408,29314753,,2015-16
FINITE GROUP APAC PTY LIMITED,43085406300,315772548,18381631,5514054,2015-16
FIRCROFT AUSTRALIA PTY LTD,58100091245,255685106,14823817,4447145,2015-16
FIRST DATA RESOURCES INVESTMENTS PTY LTD,63057257771,221918332,,,2015-16
FIRST SOLAR (AUSTRALIA) PTY LTD,66141686946,271092093,17394892,5218468,2015-16
FISHER & PAYKEL AUSTRALIA HOLDINGS LIMITED,19003659425,677107749,13617017,4085105,2015-16
FISHERS SUPERMARKETS PTY LTD,65169928429,236973649,7701674,2310502,2015-16
FITNESS FIRST ASIA PACIFIC GROUP PTY LTD,86106497321,405943952,,,2015-16
FLAG INCOME NOTES PTY LTD,91160816375,742741611,,,2015-16
FLEETCOR TECHNOLOGIES PTY LTD,58161719393,321393788,5671441,1701432,2015-16
FLEETWOOD CORPORATION LIMITED,69009205261,293700332,,,2015-16
FLETCHER BUILDING (AUSTRALIA) PTY LTD,11093539452,2829417073,,,2015-16
FLETCHER BUILDING INTERNATIONAL LP,15597295270,161670816,7715908,2223287,2015-16
FLETCHER INTERNATIONAL EXPORTS PTY LTD,64003213652,557265245,12530927,3758678,2015-16
FLEXIGROUP LTD,75122574583,370409239,103737180,31121154,2015-16
FLIGHT CENTRE TRAVEL GROUP LIMITED,25003377188,1564291125,280990906,83311480,2015-16
FLINDERS PORT HOLDINGS PTY LTD,46117687313,205984473,57561460,17268438,2015-16
FLOATEL AUSTRALIA PTY LIMITED,81602694842,151122286,12486966,3746090,2015-16
FLORA GREEN PTY LTD,47608829214,1627526415,94324538,20982681,2015-16
FLSMIDTH PTY LTD,85000221590,342078259,,,2015-16
FLUOR AUSTRALIA PTY LTD,28004511942,326481689,81989487,24576176,2015-16
FMC TECHNOLOGIES AUSTRALIA LTD,21004030317,225907191,11384872,3415462,2015-16
FOOD INVESTMENTS PTY LTD,85008426177,2167848910,5047276,,2015-16
FOOT LOCKER AUSTRALIA INC,22619093977,198784785,30446257,9133877,2015-16
FORD MOTOR COMPANY OF AUSTRALIA LTD,30004116223,2529763237,,,2015-16
FORM 700 HOLDINGS PTY LTD,42102996378,281657456,2398758,719627,2015-16
FORTESCUE METALS GROUP LIMITED,57002594872,8882154698,1489902962,393497536,2015-16
FOX & LILLIE HOLDINGS PTY LTD,57004604844,408174105,4479795,1343938,2015-16
FOX FILMED ENTERTAINMENT AUSTRALIA PTY LIMITED,99004126738,397322096,,,2015-16
FOXCONN AUSTRALIA PTY LIMITED,38114305494,179281376,,,2015-16
FOXTEL CABLE TELEVISION PTY LIMITED,45069008797,2031705308,,,2015-16
FOXTEL HOLDINGS PTY LIMITED,55151690327,794553356,66703053,19908594,2015-16
FOXTEL MANAGEMENT PTY LTD,65068671938,237023747,,,2015-16
FPW HOLDINGS AUSTRALIA PTY LTD,55600457430,845681952,,,2015-16
FQM AUSTRALIA HOLDINGS PTY LTD,77136613075,395789505,,,2015-16
FRASERS (FPA) PTY LTD,80131011026,187710138,16189718,2112052,2015-16
FRASERS PROPERTY AUSTRALIA PTY LIMITED,89600448726,1162470862,18083200,5402770,2015-16
FREEDOM ENERGY HOLDINGS PTY LTD,24093243844,1025662706,5333422,1600027,2015-16
FREEDOM FOODS GROUP LIMITED,41002814235,184170962,25952872,5785626,2015-16
FREMANTLEMEDIA AUSTRALIA HOLDINGS PTY LIMITED,83001076142,130943156,563574,,2015-16
FREQUENCY INFRASTRUCTURE AUSTRALIA HOLDINGS PTY LIMITED,27136262952,338621306,,,2015-16
FRESENIUS KABI AUSTRALIA PTY LIMITED,39109383593,158683490,,,2015-16
FRESENIUS MEDICAL CARE AUSTRALIA PTY LIMITED,80067557877,176196609,10721186,3216356,2015-16
FRESHMAX GROUP PTY LIMITED,33154789321,217015806,,,2015-16
FREYSSINET AUSTRALIA PTY LTD,15002617736,230458554,8760022,,2015-16
FRIENDLY SOCIETY MEDICAL ASSOCIATION LIMITED,69088347602,297647000,,,2015-16
FRONTIER INTERNATIONAL AGRI PTY LTD,78166496064,203831124,,,2015-16
FRONTLINE STORES AUSTRALIA LTD,33007039170,100197406,,,2015-16
FRUCOR BEVERAGES (AUSTRALIA) PTY LIMITED,73060091536,328146694,9633243,2889973,2015-16
FTA FOOD SOLUTIONS PTY LTD,82059480054,222080013,6614892,1984468,2015-16
FUCHS LUBRICANTS (AUSTRALASIA) PTY LTD,88005681916,171961327,25343009,7483319,2015-16
FUGRO HOLDINGS (AUSTRALIA) PTY LTD,99003010099,386817126,,,2015-16
FUJI XEROX ASIA PACIFIC PTE LTD,26103964629,135168569,,,2015-16
FUJI XEROX AUSTRALIA PTY. LTD,63000341819,1322182826,88895253,14109201,2015-16
FUJIFILM HOLDINGS AUSTRALASIA PTY LIMITED,58008443892,185526609,7426177,,2015-16
FUJITSU AUSTRALIA LIMITED,19001011427,995334339,48052483,10314511,2015-16
FUJITSU GENERAL (AUST) PTY LIMITED,55001229554,213993922,7131650,2139495,2015-16
FULTON HOGAN AUSTRALIA PTY LTD,42135849115,1476234879,61119196,17364330,2015-16
FUTURE FUND INVESTMENT COMPANY NO. 1 PTY LTD,81130318188,293466595,35962298,9961010,2015-16
FUTURE FUND INVESTMENT COMPANY NO. 2 PTY LTD,90130788493,2130966261,1323910257,390997831,2015-16
FUTURE FUND INVESTMENT COMPANY NO. 3 PTY LTD,40134338882,1770984107,333622803,83297874,2015-16
FUTURE FUND INVESTMENT COMPANY NO.4 PTY LTD,47134338908,1316880279,551104770,165331431,2015-16
FUTURE FUND INVESTMENT COMPANY NO.5 PTY LTD,51134338926,595810276,11345270,3403581,2015-16
FUTURIS AUTOMOTIVE INTERIORS (AUSTRALIA) PTY LTD,43065993553,246391559,2467287,740186,2015-16
G & K O'CONNOR PTY LTD,49005934029,226935192,,,2015-16
G D MITCHELL ENTERPRISES PTY LTD,33010655820,255417899,23984162,7195249,2015-16
G E HEALTHCARE AUSTRALIA PTY LIMITED,32001408402,338850052,,,2015-16
G JAMES PTY LTD,25009696404,424378293,16627005,4038263,2015-16
G&W AUSTRALIA HOLDINGS LP,30124868215,276216264,13509929,4052979,2015-16
G4S AUSTRALIA HOLDINGS PTY LTD,68128783602,257809155,,,2015-16
G8 EDUCATION LIMITED,95123828553,693181511,135645549,40693665,2015-16
GALDERMA AUSTRALIA PTY LIMITED,12003976930,110687246,9795845,2938754,2015-16
GALE PACIFIC LIMITED,80082263778,103367409,,,2015-16
GALLAGHER BASSETT SERVICES PTY LTD,68009778018,321671091,21556729,6418502,2015-16
GARMIN AUSTRALASIA PTY LIMITED,85129153448,126583819,3335148,1000544,2015-16
GARNET INTERNATIONAL RESOURCES PTY LTD,77081244715,164480335,34754570,8655696,2015-16
GATE GOURMET (HOLDINGS) PTY LIMITED,59004122892,215902279,,,2015-16
GATEWAY LIFESTYLE OPERATIONS LIMITED,63605543968,114143632,,,2015-16
GAZAL CORPORATION LIMITED,57004623474,174847821,50433452,15130036,2015-16
GBX TRADING FZE,32406282107,572656218,86587,25976,2015-16
GE CAPITAL AGC HOLDINGS I LLC & GE CAPITAL AGC HOLDINGS II LLC,39148706836,356378193,28339768,8501930,2015-16
GE CAPITAL AUSTRALIA FUNDING PTY LTD,67085675467,466394875,,,2015-16
GE CAPITAL HOLDINGS PARTNERSHIP LLP,92957043907,2057272739,111920960,33576288,2015-16
GE ENERGY HOLDINGS AUSTRALIA PTY LTD,37086855076,138984294,,,2015-16
GE OIL & GAS AUSTRALIA PTY LTD,65009080951,769935831,172561691,51499210,2015-16
GE POWER HOLDINGS AUSTRALIA PTY LTD,18143300985,265057729,,,2015-16
GEA PROCESS ENGINEERING PTY LTD,26000689618,102273463,18425091,574640,2015-16
GEIRANGER HOLDINGS PTY LTD,71141061994,237202297,53506469,,2015-16
GENERAL ELECTRIC INTERNATIONAL INC,85002420751,454927404,56338075,16901422,2015-16
GENERAL MILLS HOLDING (AUSTRALIA) PTY LTD,50095075808,359965461,14401231,2669517,2015-16
GENERAL MOTORS AUSTRALIA LTD,85103162956,2514429502,,,2015-16
GENERAL MOTORS HOLDEN AUSTRALIA LTD,39603486844,1757903263,,,2015-16
GENERAL REINSURANCE AUSTRALIA LIMITED,16008427450,153868151,16936138,5080841,2015-16
GENESIS CARE PTY LIMITED,38137188464,338433182,3994684,,2015-16
GENWORTH MORTGAGE INSURANCE AUSTRALIA LIMITED,72154890730,708835935,330526436,98400158,2015-16
GEODIS WILSON AUSTRALIA HOLDINGS PTY LTD,76001193193,247760380,2514614,754384,2015-16
GEORGIOU GROUP PTY LTD,82073851948,474511043,1557711,306923,2015-16
GEOTECH HOLDINGS PTY LTD,59114553454,240117596,41495514,4774849,2015-16
GERALDTON FISHERMEN'S CO-OPERATIVE LTD,52425663385,376731693,43,,2015-16
GETINGE AUSTRALIA PTY LIMITED,67009673518,106626782,3345635,1003690,2015-16
GHD GROUP PTY LTD,32118062258,672553306,61793247,18273547,2015-16
GIBSON'S LIMITED,23009476064,155425127,22032274,6261996,2015-16
GILEAD SCIENCES PTY LTD,71072611708,192371255,15241578,1317697,2015-16
GIVAUDAN AUSTRALIA PTY LIMITED,87000470280,106337062,,,2015-16
GLAXOSMITHKLINE CONSUMER HEALTHCARE AUSTRALIA PTY LTD,68603310292,193406706,34230584,10269175,2015-16
GLAXOSMITHKLINE HOLDINGS PTY LTD,75000465878,1227414134,6498376,401787,2015-16
GLENCORE GRAIN HOLDINGS AUSTRALIA PTY LIMITED,81161229867,4132120862,,,2015-16
GLENCORE HOLDINGS PTY LIMITED,41104160689,1867473725,146784062,44035219,2015-16
GLENCORE INVESTMENT PTY LIMITED,67076513034,18349032015,,,2015-16
GLOBAL ADVANCED METALS PTY LTD,35139987465,116701878,,,2015-16
GLOBAL CONSTRUCTION SERVICES LIMITED,81104662259,185417172,9475887,2842766,2015-16
GLOBAL SWITCH AUSTRALIA HOLDINGS PTY LTD,35138200049,131937048,41235886,12370766,2015-16
GLORIOUS SUN (AUSTRALIA) PTY LTD,45091122020,167993897,,,2015-16
GLYNWED PACIFIC HOLDINGS PTY LTD,50008100703,508501278,22405775,5447911,2015-16
GO MARINE GROUP PTY LTD,13136337409,210432727,,,2015-16
GODFREY HIRST AUSTRALIA PTY LTD,58000849758,316262612,35673275,9812210,2015-16
GODFREYS GROUP LIMITED,35602722985,168972332,,,2015-16
GOLD FIELDS AUSTRALIA PTY LTD,91098385285,1550267192,300894779,89758646,2015-16
GOLDEN COCKEREL PTY LTD,84009906432,241908183,2463049,37824,2015-16
GOLDER ASSOCIATES PTY LTD,64006107857,166307712,,,2015-16
GOLDING GROUP PTY LIMITED,97129247025,293195308,,,2015-16
GOLDMAN SACHS HOLDINGS ANZ PTY LIMITED,27151154791,577296860,,,2015-16
GOODMAN LIMITED,69000123071,460439630,,,2015-16
GOODMAN WHOLESALE CMBS PTY LTD,80121390305,237007535,,,2015-16
GOODYEAR AUSTRALIA PTY LTD,75000017489,874510147,22312437,6577119,2015-16
GOOGLE AUSTRALIA PTY LIMITED,33102417032,501844021,121954111,16046040,2015-16
GOVE ALUMINIUM FINANCE LIMITED,45001860073,535244827,127045000,34542953,2015-16
GPC ASIA PACIFIC HOLDINGS PTY LTD,80162550978,1150571704,40990041,12004986,2015-16
GPT MANAGEMENT HOLDINGS LIMITED,67113510188,193296041,,,2015-16
GR ENGINEERING SERVICES LIMITED,12121542738,241284878,31028114,6498822,2015-16
GRACE WORLDWIDE (AUSTRALIA) PTY LTD,90070345845,181702812,13141452,3582803,2015-16
GRAINCORP LIMITED,60057186035,2951667000,,,2015-16
GRAND CENTRAL (AUSTRALIA) PTY. LIMITED,74054210061,103387372,17262449,5178735,2015-16
GRANGE RESOURCES LIMITED,80009132405,229885149,20846363,4973261,2015-16
GRANT THORNTON AUSTRALIA LIMITED,41127556389,222494763,35506347,10651904,2015-16
GRAPHIC PACKAGING INTERNATIONAL AUSTRALIA CONVERTING LTD,56107485898,107778526,,,2015-16
GRAYS ECOMMERCE GROUP LIMITED,94125736914,154411366,,,2015-16
GREAT LAKES REINSURANCE (UK) SE,18964580576,141659748,1715618,506917,2015-16
GREATER BANK LIMITED,88087651956,276894187,42555533,12766660,2015-16
GREENCROSS LIMITED,58119778862,573886126,27863331,4136076,2015-16
GREEN'S FOODS HOLDINGS PTY LTD,81160202200,209286234,6205976,1861765,2015-16
GREENSTONE LIMITED,83075949432,392261091,76249913,22874974,2015-16
GRIFFON AUSTRALIA HOLDINGS PTY LIMITED,35156377356,137669722,8635986,2590796,2015-16
GROCON GROUP HOLDINGS PTY LTD,82148964890,339220960,,,2015-16
GROOTE EYLANDT MINING COMPANY PTY LTD,26004618491,958176786,53287009,15986103,2015-16
GROUP ZARA AUSTRALIA PTY LTD,64089376349,222159172,24714545,7414363,2015-16
GRUNDFOS PUMPS PTY LTD,90007920765,139964188,5393373,1618012,2015-16
GS COAL HOLDINGS PTY LTD,56166342427,482837156,,,2015-16
GSA GROUP PTY LTD,41004948298,1465602077,,,2015-16
GUARDIAN HOLDCO PTY LTD,80164818179,106872422,15105250,4531575,2015-16
GUCCI AUSTRALIA PTY LIMITED,49093354548,104705938,10001659,3000498,2015-16
GUD HOLDINGS LIMITED,99004400891,522304106,62902506,15160132,2015-16
GUILD GROUP HOLDINGS LIMITED,72060237774,227290760,11517514,3103587,2015-16
GUNNERSEN COMPANIES PTY LTD,42004560605,222816877,3506450,1039671,2015-16
GWA GROUP LIMITED,15055964380,673981532,53877772,14923619,2015-16
H & M HENNES & MAURITZ PTY LTD,83160056548,287946559,15320876,4596263,2015-16
HAFELE AUSTRALIA PTY LTD,51006021432,132703695,3850153,1155046,2015-16
HAIL CREEK MARKETING PTY LTD,36080001985,942672378,,,2015-16
HALLIBURTON CONSOLIDATED PTY LTD,67101049521,425998916,,,2015-16
HAMSDALE AUSTRALIA PTY LTD,37097393112,371518323,,,2015-16
HANCOCK PROSPECTING PTY LTD,69008676417,1908464136,751983692,225145487,2015-16
HANCOCK QUEENSLAND PLANTATIONS PTY LTD,30142129342,247831038,,,2015-16
HANCOCK VICTORIAN PLANTATIONS HOLDINGS PTY LIMITED,16084801178,385539400,,,2015-16
HANNOVER LIFE RE OF AUSTRALASIA LTD,37062395484,1926307778,,,2015-16
HANNOVER RUECK SE AUSTRALIAN BRANCH,88002927031,246882824,36845037,10861429,2015-16
HANSEN YUNCKEN PTY LTD,38063384056,901135618,,,2015-16
HANSON AUSTRALIA (HOLDINGS) PROPRIETARY LIMITED,48090994657,1797222498,319063965,78623116,2015-16
HARINA COMPANY LTD,46615332348,315477260,,,2015-16
HARLEY-DAVIDSON AUSTRALIA PTY LTD,83098483259,257896918,9686178,2085410,2015-16
HARVEST ROAD GROUP PTY LTD,31169138014,269338131,,,2015-16
HARVEY NORMAN HOLDINGS LTD,54003237545,1392084289,356762582,102916669,2015-16
HASBRO AUSTRALIA LIMITED,69004348565,128696012,8966242,2689873,2015-16
HASSAD AUSTRALIA PTY LTD,35137006109,118182357,,,2015-16
HATCHCOS HOLDINGS PTY LTD,35072620467,176832085,,,2015-16
HAWKER PACIFIC PTY LTD,94001540316,168837243,3791809,1134748,2015-16
HAYS SPECIALIST RECRUITMENT (AUSTRALIA) PTY LTD,47001407281,1611551270,88079923,26423977,2015-16
HAZELDENE'S CHICKEN FARM PTY LTD,72004381346,253935633,12786648,3835994,2015-16
HCL AUSTRALIA SERVICES PTY LIMITED,72081196983,174637915,8355624,2506687,2015-16
HCL INTERNATIONAL PTY LIMITED,46134588837,226979053,,,2015-16
HDI GLOBAL SE AUSTRALIA BRANCH,55490279016,174017357,8765724,2629717,2015-16
HEALTHDIRECT AUSTRALIA LTD,28118291044,141398953,,,2015-16
HEALTHSCOPE LTD,65144840639,2316291207,4856643,,2015-16
HEARTLAND GROUP PTY LIMITED,96001235392,353212537,6629142,1987616,2015-16
HEEREMA MARINE CONTRACTORS NEDERLAND SE,71187497243,383554400,,,2015-16
HEINEMANN AUSTRALIA PTY LTD,36159521338,221874117,,,2015-16
HEINZ WATTIE'S PTY LTD,51071783447,697932505,41733606,3389600,2015-16
HELLA ASIA PACIFIC PTY LTD,46004516947,109637032,3009570,902871,2015-16
HELLMANN WORLDWIDE LOGISTICS PTY LTD,13003199755,186708269,2340712,702156,2015-16
HELLOWORLD TRAVEL LIMITED,60091214998,227960171,3567230,934607,2015-16
HEMMES GROUP PTY LTD,53105332376,278753916,15755707,4726639,2015-16
HENKEL FINANCE AUSTRALIA,15740196765,241050212,13660681,4098204,2015-16
HENLEY PROPERTIES (QLD) PTY LTD,42068886000,324069214,32779943,9833983,2015-16
HEP AUSTRALIA HOLDINGS PTY LTD,22129428155,125699863,13034586,3408168,2015-16
HERITAGE BANK LIMITED,32087652024,380800493,57099302,16637826,2015-16
HERTEL AUSTRALIA HOLDING PTY LTD,53142708665,347007262,39501748,,2015-16
HERTZ INVESTMENT (HOLDINGS) PTY LTD,,348917635,37704020,11311206,2015-16
HEXION PTY LTD,32004271827,136665761,11638596,2089396,2015-16
HG HOLDCO PTY LIMITED,20603088606,218318230,12142164,2614581,2015-16
HICKORY GROUP PTY LTD,84091236912,324407115,13159634,3947890,2015-16
HIGHBROOK HOLDINGS PTY LTD,32157828058,412082216,25286864,7586059,2015-16
HIGHLAND AUTOS PTY LTD,13121604297,118324691,6789957,2036987,2015-16
HILLGROVE RESOURCES LTD,73004297116,139657344,,,2015-16
HILLS LIMITED,35007573417,309513272,,,2015-16
HILTI (AUST) PTY LIMITED,44007602100,120033383,3960828,1188248,2015-16
HILTON INTERNATIONAL AUSTRALIA PTY LTD,88098665537,1220951957,20879177,6039866,2015-16
HINDMARSH CONSTRUCTION AUSTRALIA PTYLIMITED,15126578176,216782100,,,2015-16
HINO MOTOR SALES AUSTRALIA PTY LIMITED,74064989724,312085697,6305858,1891757,2015-16
HIRSCH FINANCIAL PTY LTD,16132753167,824477175,3749335,1124800,2015-16
HISENSE AUSTRALIA PTY LTD,55105022080,150689059,5150548,1545164,2015-16
HITACHI AUSTRALIA PTY LIMITED,34075381332,266671102,4850468,1453193,2015-16
HITACHI CONSTRUCTION MACHINERY (AUSTRALIA) PTY LTD,62000080179,865747220,95328770,26492982,2015-16
HOCHTIEF AUSTRALIA HOLDINGS LIMITED,17103181675,269002105,381953768,,2015-16
HOLDCO 1 PTY LTD,28157845871,227852602,5571567,1671470,2015-16
HOLLARD HOLDINGS AUSTRALIA PTY LIMITED,30154586802,668587435,2134643,,2015-16
HONAN HOLDINGS PTY LIMITED,31000392727,1194205995,24627455,3738234,2015-16
HONDA AUSTRALIA PTY LTD,66004759611,960062001,20120997,3668348,2015-16
HONDA MPE PTY LTD,96006662862,267007120,13131716,3939515,2015-16
HONEYWELL HOLDINGS PTY LTD,18000383764,761193468,161762076,39782793,2015-16
HOOGWEGT AUSTRALIA PTY LTD,30075457902,113262756,871414,261424,2015-16
HOPE DOWNS MARKETING COMPANY PTY LTD,58115712117,3208100241,,,2015-16
HOSPIRA HOLDINGS (S.A.) PTY LTD,14121147019,260626863,,,2015-16
HOUMA HOLDINGS PTY LIMITED,44002590758,236431330,3209859,962958,2015-16
HOWE AUTOMOTIVE LIMITED,43061589188,156491447,8847735,806580,2015-16
HP FINANCIAL SERVICES (AUSTRALIA) PTY LTD,86082062413,172677875,6533548,1899273,2015-16
HPG DEVELOPMENT HOLDINGS PTY LTD,14166309860,267907130,3564023,1069207,2015-16
HSBC AUSTRALIA HOLDINGS PTY LIMITED,22006513873,1349023160,366632503,109370169,2015-16
HUAWEI TECHNOLOGIES (AUSTRALIA) PTY LIMITED,49103793380,641506192,42946979,11680213,2015-16
HUDSON HIGHLAND (APAC) PTY LIMITED,14074319396,213390117,,,2015-16
HUHTAMAKI HOLDINGS PTY LTD,13003519257,124418943,9896562,2968969,2015-16
HUNTER DOUGLAS HOLDINGS LIMITED,47000238451,115002525,3231307,855759,2015-16
HUNTSMAN CORPORATION AUSTRALIA PTY LTD,67083984187,272828735,,,2015-16
HUON AQUACULTURE GROUP LTD,79114456781,242923366,,,2015-16
HUSQVARNA AUSTRALIA PTY LIMITED,45115475619,156284564,1336951,401085,2015-16
HVK PTY. LIMITED,66085121768,212562066,6714759,2014428,2015-16
HVO COAL SALES PTY LTD,33606478531,457523235,,,2015-16
HWG HOLDINGS PTY LTD,65115398322,445772878,32110281,9309700,2015-16
HWR PARTNERS PTY LTD,52151436341,173444460,334176,100253,2015-16
HYDRONOVA AUSTRALIA NZ PTY LTD,74111599958,140373434,866095,259828,2015-16
HYDROX HOLDINGS PTY LTD,94138990593,2181445518,,,2015-16
HYSTER-YALE AUSTRALIA HOLDING PTY LTD,26101464073,175611460,,,2015-16
HYUNDAI MOTOR COMPANY AUSTRALIA PTY LIMITED,58008995588,2257792455,56306993,16892098,2015-16
I & D GROUP PTY LTD,56164703360,241254675,18832246,5649674,2015-16
IAG RE AUSTRALIA LIMITED AAF NON RESIDENT REINSURERS,,279599587,279599587,83879876,2015-16
IBM A/NZ HOLDINGS PTY LIMITED,12105319248,3579222430,23421473,,2015-16
ICON CO PTY LTD,95604136683,300890380,,,2015-16
ICON CONSOLIDATED HOLDINGS PTY LTD,49168535082,377947857,19578090,5873427,2015-16
ICON CONSTRUCTION AUSTRALIA (NSW) PTY LTD,97158838852,369248974,,,2015-16
IDEMITSU AUSTRALIA RESOURCES PTY LTD,45010236272,781393142,35563356,7686607,2015-16
IDP EDUCATION LIMITED,59117676463,345745210,48618769,9005839,2015-16
IFF AUSTRALIA HOLDINGS PTY LTD,78098655335,105472502,6068227,430925,2015-16
IFM RENEWABLE ENERGY TRUST,45226678241,1055464074,453364429,8018878,2015-16
IFM SOCIAL INFRASTRUCTURE HOLDING TRUST,40337513753,285837648,,,2015-16
IINET LIMITED,48068628937,197318239,,,2015-16
IKEA PTY LIMITED,84006270757,1028476688,38788306,11636492,2015-16
ILLYRIA INVESTMENTS PTY LTD,58126790136,300941832,14566,4370,2015-16
ILUKA RESOURCES LIMITED,34008675018,848996435,155516718,38283695,2015-16
IMB LTD,92087651974,264970643,39963698,11989109,2015-16
IMC PACIFIC HOLDINGS PTY LIMITED,83099273819,383560755,41598364,10362104,2015-16
IMCD AUSTRALASIA INVESTMENTS PTY LTD,89149016222,248548482,17169574,4747738,2015-16
I-MED NETWORK PTY LIMITED,19168409845,611372316,13150894,3481843,2015-16
IMPERIAL TOBACCO AUSTRALIA LIMITED,46088148681,777217309,26545197,7944926,2015-16
INCHCAPE AUSTRALIA LIMITED,50050035277,1567533478,132938812,19523728,2015-16
INCITEC PIVOT LIMITED,42004080264,2502903837,32781694,,2015-16
INDEPENDENCE GROUP NL,46092786304,417050306,,,2015-16
INDOPHIL RESOURCES NL,45076318173,158089679,85123,25537,2015-16
INDUSTRIAL AND COMMERCIAL BANK OF CHINA LIMITED,57086866506,775220210,132562014,38975412,2015-16
INDUSTRY SUPER HOLDINGS PTY LTD,71119748060,281773763,20524564,6032817,2015-16
INFIGEN ENERGY LIMITED,39105051616,235647376,,,2015-16
INFOR (ANZ HOLDINGS) PTY LIMITED,45160838433,105033827,,,2015-16
INFOSYS TECHNOLOGIES LIMITED,52090591209,405831441,37358820,7176627,2015-16
INFRASHORE FINANCE PTY LIMITED,65133358068,129193000,,,2015-16
INFRASTRUCTURE SERVICES GROUP (AUSTRALIA) PTY LTD,90142331717,499948290,11565743,3469723,2015-16
ING AUSTRALIA HOLDINGS LIMITED,27008459596,2789657498,410098936,105263640,2015-16
ING BANK NV (SYDNEY BRANCH),32080178196,290871718,4102394,1230718,2015-16
INGENIA COMMUNITIES MANAGEMENT TRUST,99296784351,106989000,,,2015-16
INGHAM HOLDINGS I PTY LIMITED,39162709506,2312315000,8750861,680754,2015-16
INGRAM MICRO HOLDINGS (AUSTRALIA) PTY LTD,12112487322,2037202927,,,2015-16
INNOVIA FILMS (HOLDING) PTY LTD,29111098232,254576730,19748768,3624855,2015-16
INPEX ALPHA LTD,34003730756,233785268,,,2015-16
INPEX AUSTRALIA PTY LTD,79134715254,602866865,5240363,1572109,2015-16
INPEX HOLDINGS AUSTRALIA PTY LTD,61150217315,283561437,,,2015-16
INPEX SAHUL LTD,28059844781,241259885,14071851,4221555,2015-16
INSIGHT ENTERPRISES AUSTRALIA PTY LIMITED,47058645677,167180729,7334892,2197786,2015-16
INSPIRATIONS PAINT STORE (HOLDINGS) LTD,94080617036,260278501,,,2015-16
INSURANCE AUSTRALIA GROUP LIMITED,60090739923,14623221305,753373560,150834055,2015-16
INSURANCE MANUFACTURERS OF AUSTRALIA PTY LTD,93004208084,3521431998,403187579,118507340,2015-16
INTEGRAL DIAGNOSTICS LIMITED,55130832816,168043215,21723859,6517158,2015-16
INTEGRATED FOODS HOLDINGS PTY LTD,42603619692,2294022525,,,2015-16
INTEGRATED PREMISES SERVICES PTY LIMITED,33118711078,108422691,11391366,3417410,2015-16
INTEGRIA HEALTHCARE (AUSTRALIA) PTY LIMITED,70096496212,131044664,,,2015-16
INTERFACE AUST HOLDINGS PTY LIMITED,68074804381,102212298,,,2015-16
INTERIORCO PTY LTD,76128905564,220854399,9044672,2169117,2015-16
INTERLINK ROADS PTY LIMITED,53003845430,261990191,152107294,45632188,2015-16
INTERNATIONAL LIVESTOCK EXPORT PTY LTD,54009400846,251680499,,,2015-16
INTERNATIONAL POWER (AUSTRALIA) HOLDINGS PTY LTD,70105041209,1232409586,,,2015-16
INTERNATIONAL SOS (AUSTRALASIA) PTY LTD,83052247104,159667278,,,2015-16
INTERNET SERVICES AUSTRALIA 1 PTY LTD,50152631082,124979293,,,2015-16
INTERPUBLIC AUSTRALIA HOLDINGS PTY LTD,20140379335,244038165,48486599,13722239,2015-16
INTERTEK AUSTRALIA HOLDINGS PTY LTD,74124892879,116629886,,,2015-16
INTREPID GROUP LIMITED,30131952513,377004631,,,2015-16
INTREPID MINES LIMITED,11060156452,203608212,,,2015-16
INVOCARE LIMITED,42096437393,415433685,73173037,21702491,2015-16
IOOF HOLDINGS LTD,49100103722,905800942,282747051,66582917,2015-16
IPGH PTY LTD,68125612419,262876102,,,2015-16
IPH LIMITED,49169015838,117625403,35523066,10453512,2015-16
IPMG PTY LTD,84123230259,374488514,,,2015-16
IRESS LIMITED,47060313359,277412056,64675562,15314178,2015-16
ISAGENIX (ASIA PACIFIC) AUSTRALIA PTY LIMITED,31122975357,161396654,2838171,851451,2015-16
ISELECT LIMITED,48124302932,174594812,19586193,4464649,2015-16
ISENTIA GROUP LIMITED,31167541568,113104124,36468058,4849272,2015-16
ISUZU AUSTRALIA LIMITED,97006962572,607565081,21064154,6319246,2015-16
ISUZU UTE AUSTRALIA PTY LTD,80129563739,749970414,54459803,16337941,2015-16
ITI (NSW) PTY LIMITED,17003282755,120812978,7722053,2316616,2015-16
ITOCHU AUSTRALIA LIMITED,63000192790,2117714467,235265137,39894969,2015-16
IVE GROUP LIMITED,62606252644,186870426,8202327,2460698,2015-16
IVECO TRUCKS AUSTRALIA LIMITED,86004065061,353775022,,,2015-16
IWM & WPI PARTNERSHIP,90148491233,106860869,3641408,1092422,2015-16
IXOM HOLDCO PTY LTD,36602722547,976654326,,,2015-16
J CORDINA INVESTMENTS PTY LIMITED,99000528281,237339087,5913267,,2015-16
J HUTCHINSON PTY LTD,52009778330,1617308308,24625153,7380315,2015-16
J&F AUSTRALIA PTY LTD,72150917285,546046960,1328900,214925,2015-16
J. J. RICHARDS & SONS PTY LTD,40000805425,757742819,93112876,25056776,2015-16
J.P. MORGAN AUSTRALIA GROUP PTY LIMITED,54104888155,634025695,41137418,11069666,2015-16
JACOBS AUSTRALIA PTY LIMITED,12079749287,677117852,,,2015-16
JAGUAR LAND ROVER AUSTRALIA PTY LTD,86004352238,1128135578,36186420,10593244,2015-16
JAMES FRIZELLE'S AUTOMOTIVE GROUP PTY. LTD.,47010210723,583908494,16932238,5079671,2015-16
JAMES HARDIE RESEARCH (HOLDINGS) PTY LIMITED,51082944821,341139661,,,2015-16
JAN DE NUL (AUSTRALIA) PTY LTD,22011070474,113799020,10192182,3057655,2015-16
JANART HOLDINGS PTY LTD,13092037262,244355830,2067656,620297,2015-16
JAPAN ALUMINA ASSOCIATES (AUSTRALIA) PTY LTD,42008907524,190528482,,,2015-16
JAPAN AUSTRALIA LNG (MIMI) PTY LTD,18006303180,1774719147,775295516,228680970,2015-16
JAPARA HEALTHCARE LIMITED,54168631052,333894889,29428780,8828634,2015-16
JAQUES INTERNATIONAL HOLDING PTY LTD,57004075978,174670885,2122821,,2015-16
JARDINE LLOYD THOMPSON AUSTRALIA PTY LIMITED,24005279890,254051890,68326281,20497884,2015-16
JB HI-FI LIMITED,80093220136,3740891683,220823327,66246797,2015-16
JBS SMALLGOODS HOLDCO PTY LTD,32604293503,640358338,,,2015-16
JELD-WEN AUSTRALIA PTY LTD,62087012226,462786043,42602197,12039498,2015-16
JELLINBAH GROUP PTY LTD,54010754793,1010293456,142980584,42550619,2015-16
JENNMAR AUSTRALIA PTY LTD,34078584531,120660270,5663889,588703,2015-16
JET SYSTEMS PTY LTD,34003469574,435525370,37454489,10843620,2015-16
JF HILLEBRAND AUSTRALIA PTY LTD,58079446905,119652177,4981561,1494468,2015-16
JFC AUSTRALIA CO PTY LTD,36003080260,126246820,3373048,1011914,2015-16
JFE STEEL AUSTRALIA RESOURCES PTY LTD,77113447064,121493466,,,2015-16
JK INTERNATIONAL PTY LTD,49010127750,367049421,,,2015-16
JKC AUSTRALIA LNG PTY LTD,14154383409,5190874957,189257676,56777303,2015-16
JLPN WASABI PTY LIMITED,74606583626,208890919,208879915,1703216,2015-16
JMC AUTOMOTIVE GROUP PTY LTD (JACKSON FORD),83009479190,249279627,6504805,1951442,2015-16
JOHN SWIRE & SONS PTY LTD,88000106141,601802913,,,2015-16
JOHNSON & JOHNSON PTY LIMITED,29000023709,1539995830,138743142,32009788,2015-16
JOHNSON CONTROLS HOLDING AUSTRALIA PTY LIMITED,86102631158,141611090,15213663,4564099,2015-16
JOLIMONT DEVELOPMENT FINANCE PTY LTD,94094356779,562784670,16660608,4658259,2015-16
JOY GLOBAL AUSTRALIA HOLDING COMPANY PTY LTD,70059870058,531984472,1584046,,2015-16
JPMORGAN CHASE BANK NATIONAL ASSOCIATION,43074112011,663254781,,,2015-16
J-POWER AUSTRALIA PTY. LTD.,59002307682,238443411,3036591,,2015-16
JWH GROUP PTY LTD,84098664709,372548888,3262808,155801,2015-16
K&S CORPORATION LTD,67007561837,669073128,,,2015-16
KA & MD INVESTMENTS PTY. LTD.,40120126589,201089688,6770963,2031289,2015-16
KAEFER INTEGRATED SERVICES PTY LTD,83009046191,123584521,,,2015-16
KAILIS BROS PTY LTD,97008723000,404849567,25445806,4848114,2015-16
KAIZEN MOTORS PTY LTD,67603805278,238216836,2959632,887890,2015-16
KANSAI ELECTRIC POWER AUSTRALIA PTY LTD,32126720732,205717262,30551609,,2015-16
KAPLAN AUSTRALIA HOLDINGS PTY LTD,30117261980,126407691,,,2015-16
KARARA MINING LIMITED,68070871831,188210987,,,2015-16
KATHMANDU PTY LTD,84007047547,261269271,25873544,7762063,2015-16
KBR HOLDINGS PTY LTD,32093419277,610414192,53372878,11025170,2015-16
KEANE AUSTRALIA PTY LTD,97114227173,121810835,,,2015-16
KEEMA HOLDINGS PTY LTD,28097123389,252176087,6376548,1912938,2015-16
KELLER AUSTRALIA PTY LIMITED,61081279932,329340612,,,2015-16
KELLOGG AUSTRALIA HOLDINGS PTY LTD,59102893952,444363945,,,2015-16
KELLY OUTSOURCING AND CONSULTING GROUP AUSTRALIA LTD,45010806523,164161335,2746,,2015-16
KENNARDS HIRE PTY LIMITED,69001740727,270312991,48436781,13977573,2015-16
KENNARDS SELF STORAGE PTY LIMITED,57001805036,219625906,53596929,16079079,2015-16
KEOLIS DOWNER PTY LTD,51165343680,736686278,23972223,7191274,2015-16
KERRY INGREDIENTS AUSTRALIA PTY LTD,47072996895,265630952,11788435,665273,2015-16
KIA MOTORS AUSTRALIA PTY LTD,97110483353,833183653,47254570,14176371,2015-16
KIEWIT AUSTRALIA HOLDINGS PTY LTD,33141920818,237219593,,,2015-16
KIMBERLY CLARK PACIFIC HOLDINGS PTY LIMITED,59095905294,907829491,41139296,6494324,2015-16
KINGSGATE CONSOLIDATED LIMITED,42000837472,126136285,,,2015-16
KINGSPAN HOLDINGS AUSTRALIA PTY LTD,81107982098,109688556,3601376,1080413,2015-16
KNAUF GYPSUM (AUSTRALIA) PTY LTD,82134378313,196440922,22180687,4966307,2015-16
KNIGHT FRANK AUSTRALIA HOLDINGS PTY LTD,28114923938,152785890,9704375,2900384,2015-16
KNORR-BREMSE AUSTRALIA PTY LTD,31092562671,241976199,8580208,504891,2015-16
KOCH FERTILISER AUSTRALIA PTY LTD,44140582369,247998534,,,2015-16
KOMATSU MARKETING SUPPORT AUSTRALIA PTY LTD,63053514739,1118460833,,,2015-16
KONE HOLDINGS (AUSTRALIA) LIMITED,51003986436,517862612,55150285,16545085,2015-16
KONICA MINOLTA BUSINESS SOLUTIONS AUSTRALIA PTY LTD,50001065096,235441221,756880,227064,2015-16
KOPPERS AUSTRALIA HOLDING COMPANY PTY LTD,19104645301,202571448,30073329,9021999,2015-16
KORDIA PTY LIMITED,33062953940,139407032,12139114,3641734,2015-16
KUBOTA TRACTOR AUSTRALIA PTY LTD,72005300621,299175842,13221661,3966498,2015-16
KUEHNE & NAGEL PTY LTD,70000871607,382147081,9995602,2947253,2015-16
KUFPEC AUSTRALIA PTY LTD,42001800924,220501735,,,2015-16
KUMHO TYRE AUSTRALIA PTY LTD,46003300678,118355620,1686664,505999,2015-16
KUWAIT PETROLEUM AVIATION (AUSTRALIA) PTY LIMITED,88122531631,252207781,,,2015-16
KWIKFORM ACQUISITION HOLDINGS PTY LIMITED,43157779961,102964062,,,2015-16
L.U. SIMON BUILDERS PTY LTD,38006137220,227891650,7694538,2308361,2015-16
LAGARDERE SERVICES ASIA PACIFIC PTY LT,77095961201,215427837,15371141,4611342,2015-16
LAING O'ROURKE AUSTRALIA PTY LIMITED,71111023431,1198912806,4504485,1351346,2015-16
LAKE WOODS HOLDINGS PTY LIMITED,83134351134,183643572,,,2015-16
LAMANNA BANANAS PTY LTD,87004843556,182393064,1862657,,2015-16
LANCO RESOURCES AUSTRALIA PTY LTD,30147835452,110248764,,,2015-16
LANDIS & GYR HOLDINGS PTY LTD,82098539587,119602354,,,2015-16
LANDPOWER AUSTRALIA PTY LTD,52005851801,127483483,2952805,885842,2015-16
LAO III AUST PTY LIMITED,46147971668,227274391,8387672,2516302,2015-16
LAWRENCE & HANSON GROUP PTY LTD,69080350812,833374084,,,2015-16
LAZARD ASSET MANAGEMENT PACIFIC CO.,13064523619,131334860,22127285,6638186,2015-16
LB AUSTRALIA HOLDINGS PTY LTD,96165597482,109201519,,,2015-16
LEASEPLAN AUSTRALIA LIMITED,57006923011,431827229,,,2015-16
LEGEND CORPORATION LIMITED,69102631087,112250081,8514798,2420508,2015-16
LEGES HOLDINGS (AUSTRALIA) PTY LIMITED,19072077706,280796571,2202945,660884,2015-16
LEGO AUSTRALIA PTY LIMITED,42001540914,199801814,6085683,1825705,2015-16
LEGRAND GROUP PTY LIMITED,41000565739,154040218,,,2015-16
LEI AUSTRALIA HOLDINGS PTY LIMITED,36133805820,183039154,,,2015-16
LEMPRIERE (AUSTRALIA) PROPRIETARY LIMITED,27004386841,501670246,3742846,118124,2015-16
LENDLEASE CORPORATION LIMITED,32000226228,7909788587,354662302,,2015-16
LENOVO (AUSTRALIA & NEW ZEALAND) PTY LIMITED,70112394411,679529391,18542735,5562820,2015-16
LEPPINGTON PASTORAL CO PTY LTD,83000420404,297634258,84709717,25412915,2015-16
LG ELECTRONICS AUSTRALIA PTY LIMITED,98064531264,701385150,14882802,4464841,2015-16
LGL CO PTY LTD,46087391704,159818039,,,2015-16
LIBERTY MUTUAL INSURANCE COMPANY,61086083605,177045364,20329056,6098717,2015-16
LIBERTY OIL HOLDINGS PTY LTD,67068080124,540314350,4095122,1228537,2015-16
LIEBHERR-AUSTRALIA PTY LTD,65007970452,530100817,5678432,1703530,2015-16
LIFE TECHNOLOGIES AUSTRALIA PTY LTD,89004669863,163997783,24629709,7388913,2015-16
LIGHTING INVESTMENTS AUSTRALIA HOLDINGS PTY LTD,54159519810,256349665,,,2015-16
LINDE MATERIAL HANDLING PTY LIMITED,62000768776,162451525,4122663,1236799,2015-16
LINDSAY AUSTRALIA LIMITED,81061642733,341203117,14130177,3431040,2015-16
LINDT & SPRUNGLI (AUSTRALIA) PTY LTD,43079224892,221633120,18809498,5642849,2015-16
LINFOX PTY LTD,59004667298,2067901477,158435541,46890165,2015-16
LINK ADMINISTRATION HOLDINGS LIMITED,27120964098,729587585,8164526,199551,2015-16
LION PTY LTD,50128004268,4193058442,427336226,111279152,2015-16
LIVE ENTERTAINMENT HOLDINGS PTY LTD,,181544336,13135007,3857523,2015-16
LLOYD HELICOPTER SERVICES PTY LTD,45058277491,271106625,,,2015-16
LOCKHEED MARTIN AUSTRALIA PTY LIMITED,30008425509,494237775,42617396,11585652,2015-16
LOGISTIK PTY LTD,16150595421,123622141,13577263,4073179,2015-16
L'OREAL AUSTRALIA PTY LTD,40004191673,523880683,93619867,28085960,2015-16
LOUIS DREYFUS COMPANY AUSTRALIA HOLDINGS PTY LTD,48125490851,721384135,,,2015-16
LOUIS DREYFUS COMPANY MELBOURNE HOLDINGS PTY LTD,18161877185,305427104,,,2015-16
LOUIS VUITTON AUSTRALIA PTY LTD,41005918678,251670772,27865401,8359620,2015-16
LOVISA HOLDINGS LIMITED,34602304503,101310314,16439245,4931774,2015-16
LOWES MANHATTAN PTY LTD,31000307666,241593388,7207831,2161625,2015-16
LOY YANG HOLDINGS PTY LTD,60057361805,382003880,,,2015-16
LPI (AUSTRALIA) HOLDINGS PTY LIMITED,81084042473,400827642,75090152,22033302,2015-16
LULULEMON ATHLETICA AUSTRALIA PTY LTD,45110186233,121381025,14770,4431,2015-16
LUXOTTICA SOUTH PACIFIC HOLDINGS PTY LIMITED,58104629772,741380707,,,2015-16
LYONDELLBASELL AUSTRALIA (HOLDINGS) PTY LTD,74066270237,276301141,20581272,4031525,2015-16
M J LUFF PTY LTD,52001001850,223212379,,,2015-16
M RESOURCES TRADING PTY LTD,58156582320,590922399,2562065,753212,2015-16
M&J CHICKENS LLP LIMITED PARTNERSHIP,36471942124,126798419,7837753,2351326,2015-16
M2 GROUP LIMITED,74091575021,734415874,26557436,7967231,2015-16
MACA MINING PTY LTD,22102886064,312198723,8228907,2468672,2015-16
MACADAMIA MARKETING INTERNATIONAL PTY  LTD,76147689987,146546181,177629,53289,2015-16
MACKAY SUGAR LTD,12057463671,442034976,,,2015-16
MACMAHON HOLDINGS LIMITED,93007634406,332715293,28710400,1790792,2015-16
MACQUARIE COAL MARKETING PTY LIMITED,50056075917,115233541,1780,534,2015-16
MACQUARIE GROUP LIMITED,94122169279,9980936021,905287250,167848143,2015-16
MACQUARIE MEDIA LIMITED,32063906927,138610563,17109665,5049556,2015-16
MACQUARIE TELECOM GROUP LIMITED,72056712228,203721852,13934065,929488,2015-16
MAG AUSTRALIA HOLDINGS PTY LTD,,158796827,16607468,3724120,2015-16
MAGELLAN FINANCIAL GROUP LIMITED,59108437592,333805745,207225632,61451452,2015-16
MAGNA PRIMA AUSTRALIA PTY LTD,70151747910,173798645,42333997,12700199,2015-16
MAH CAPITAL PTY LTD,,205223137,,,2015-16
MAINBRACE CONSTRUCTIONS PTY LIMITED,45002970658,370339155,15511903,4653571,2015-16
MAINFREIGHT HOLDINGS PTY LTD,24084637605,522110429,23596949,7079085,2015-16
MAKITA (AUSTRALIA) PTY LIMITED,57001117335,249030607,12747130,3824139,2015-16
MALAYSIA AIRLINES BERHAD,29420085735,197366945,23115,6934,2015-16
MALIBRU PTY LTD,98008467114,232394407,13867642,3835358,2015-16
MAMMOET AUSTRALIA PTY LTD,77075483644,230350682,,,2015-16
MANHEIM AUCTIONS AUSTRALIA PTY LTD,97090535505,186397224,2737725,785376,2015-16
MANPOWER SERVICES (AUSTRALIA) PTY LIMITED,15071884994,667533716,13499879,3501591,2015-16
MANTRA GROUP LIMITED,69137639395,599966605,66144185,19843256,2015-16
MARMON CONSTRUCTION SERVICES (AUSTRALIA) HOLDINGS PTY LTD,38154626954,153772010,3264397,979319,2015-16
MARS AUSTRALIA PTY LTD,48008454313,1476962666,244297168,62767527,2015-16
MARSH MERCER HOLDINGS (AUST) PTY LTD,86097026812,715803938,148852087,43906197,2015-16
MARTIN BROWER AUSTRALIA HOLDINGS PTY LTD,91156502251,1233391131,8331240,2499372,2015-16
MARUBENI AUSTRALIA LIMITED,53000329699,1298334509,39528604,,2015-16
MARUBENI ITOCHU TUBULARS OCEANIA PTY LTD,87077953827,102210020,4740950,1422285,2015-16
MASTERCARD ASIA/PACIFIC (AUSTRALIA) PTY LTD,95108603345,387456260,,,2015-16
MASTERMYNE GROUP LIMITED,96142490579,165616228,,,2015-16
MASTERTON CORPORATION HOLDING COMPANY  PTY LIMITED,56055692825,279921473,22983203,6894961,2015-16
MATTEL PTY LTD,60000660962,107539692,4135588,1240676,2015-16
MAX SOLUTIONS PTY LTD,51067092737,267814223,20251415,4940050,2015-16
MAXITRANS INDUSTRIES LIMITED,58006797173,300496669,11887838,1118231,2015-16
MAYFLOWER ENTERPRISES PTY LTD,48607181662,361288445,,,2015-16
MAYNE PHARMA GROUP LIMITED,76115832963,129988708,60915334,15576442,2015-16
MAZDA AUSTRALIA PTY LTD,78004690804,2884889150,109068378,32720513,2015-16
MC FINANCE AUSTRALIA PTY LTD,37159007360,170067333,12642073,3792622,2015-16
MC RESOURCES AUSTRALIA PTY LTD,86142911233,184723697,,,2015-16
MCALEESE LIMITED,86156354068,573867162,,,2015-16
MCC MINING (WESTERN AUSTRALIA) PTY LTD,69123854740,103379051,,,2015-16
MCCAIN FOODS (AUST) PTY LTD,96000629587,642110622,44718702,11077393,2015-16
MCCARROLLS OF MOSS VALE PTY LTD,60003411210,404476451,2607175,782152,2015-16
MCCORMICK FOODS AUSTRALIA PTY LTD,62004763259,212487672,3248897,137398,2015-16
MCDERMOTT AUSTRALIA PTY LTD,99002736352,1091601871,32257230,9677169,2015-16
MCDONALD JONES HOMES PTY LTD,59089524050,481783145,8696968,2609090,2015-16
MCDONALDS AUSTRALIAN PROPERTY CORPORATION,55002913555,2035164761,373867781,108993609,2015-16
MCGRATH LIMITED,61608153779,120436927,13324573,2582507,2015-16
MCKINSEY PACIFIC RIM INC,66055131443,365332840,93346643,28003993,2015-16
MCKINSEY RECOVERY & TRANSFORMATION SERVICES AUSTRALIA CO.,83163257690,258709695,12687998,3806399,2015-16
MCMILLAN SHAKESPEARE LIMITED,74107233983,475487850,123402380,37020714,2015-16
MCPHERSON'S LIMITED,98004068419,301125427,8325188,2497252,2015-16
MCWILLIAM'S WINES GROUP LTD,36000024108,113296999,,,2015-16
MEDIA INNOVATIONS PTE LIMITED,91138053755,125699606,,,2015-16
MEDIBANK PRIVATE LIMITED,47080890259,6831352426,551890519,147564452,2015-16
MEDINA PROPERTY SERVICES PTY LIMITED,36062326176,214751844,5099432,1529830,2015-16
MEDLINE STELLAR AUSTRALIA PTY LTD,94149963226,134021969,3229477,968843,2015-16
MELBOURNE IT LTD,21073716793,136716824,4365560,434705,2015-16
MEMART INVESTMENTS PTY LTD,98004325562,974263145,,,2015-16
MEMBERS EQUITY BANK LIMITED,56070887679,1062123990,101664747,30499424,2015-16
MEMOCORP AUSTRALIA PTY LTD,57051213800,145116879,71146455,21343784,2015-16
MENZIES AVIATION HOLDINGS (AUSTRALIA) PTY LTD,18102031836,235475121,17631524,5289457,2015-16
MERCK SERONO AUSTRALIA PTY LTD,72006900830,109945196,7773810,2214197,2015-16
MERCK SHARP & DOHME (HOLDINGS) PTY LTD,57000235245,767430660,24546117,,2015-16
MERIDIAN ENERGY AUSTRALIA PTY LIMITED,88143533322,170942628,,,2015-16
MERITON PROPERTIES PTY LIMITED,49000698626,2556649352,393324699,102484666,2015-16
MERLIN ENTERTAINMENT (AUSTRALIA) PTY LIMITED,51147624557,165337045,,,2015-16
METAGENICS AUSTRALIA PTY LTD,78113937572,136022480,16524266,3308798,2015-16
METALS X LIMITED,25110150055,381768580,,,2015-16
METCASH LIMITED,32112073480,13770776556,267423017,68865723,2015-16
METECNO PTY LTD,44096402934,115410017,9187221,2462303,2015-16
METLIFE INSURANCE LIMITED,75004274882,794267999,34635139,10053404,2015-16
METRO PROPERTY DEVELOPMENT PTY LTD,95141267469,285909461,,,2015-16
METRO TRAINS MELBOURNE PTY LTD,43136429948,1307347000,69093797,20728139,2015-16
METROLL PTY LTD,97001446439,100346199,4393626,1057129,2015-16
METROLL VICTORIA PTY LTD,60005505135,107903937,3560790,1068237,2015-16
METSO AUSTRALIA LIMITED,99000197428,336023931,5145155,636026,2015-16
MFS LOGISTICS PTY LIMITED,31125320658,106952042,1798799,539640,2015-16
MHG HOTEL HOLDING AUSTRALIA PTY LTD,49153049917,318863468,17814705,3585769,2015-16
MHPL INVESTMENTS PTY LTD,17010584031,503466208,18252479,5475744,2015-16
MHPS PLANT SERVICES PTY LTD,87010975256,114256761,,,2015-16
MICHAEL HILL JEWELLER (AUSTRALIA) PTY LTD,82003181333,430661345,23316280,5417183,2015-16
MICHAEL PAGE INTERNATIONAL (AUSTRALIA) PTY LTD,58002872264,189710082,3611373,1049446,2015-16
MICHELIN AUSTRALIA PTY LTD,84006761628,566454000,11317018,3395105,2015-16
MICROSOFT DATACENTER (AUSTRALIA) PTY LIMITED,31163792078,102381913,22825284,6847585,2015-16
MICROSOFT PTY LTD,29002589460,776529531,140995941,42298782,2015-16
MIDDLEMOUNT COAL PTY LTD,49122348412,444675849,,,2015-16
MIDFIELD MEAT INTERNATIONAL PTY LTD,78065864904,551114811,1267001,4903,2015-16
MIDWAY LTD,44005616044,202872627,79429552,23676386,2015-16
MIELE AUSTRALIA PTY LIMITED,96005635398,363797982,28134096,8440229,2015-16
MILLENNIUM MINERALS LIMITED,85003257556,158193350,,,2015-16
MILLENNIUM SERVICES GROUP LIMITED,11607926787,103844683,5767133,1730140,2015-16
MILLER POHANG COAL COMPANY PTY LTD,99001588209,405705286,,,2015-16
MILTON CORPORATION LIMITED,18000041421,136034763,180126541,4780111,2015-16
MINERAL RESOURCES LIMITED,33118549910,1191569422,150856812,45257044,2015-16
MINERVA FINANCIAL GROUP PTY LIMITED,43124171759,243560830,,,2015-16
MINMETALS AUSTRALIA PTY LTD,63006868033,266778117,,,2015-16
MIRVAC LIMITED,92003280699,2245138981,1394096,,2015-16
MITSUBISHI AUSTRALIA LIMITED,81004354278,368798366,2412729,396754,2015-16
MITSUBISHI DEVELOPMENT PTY LTD,17009779873,4723899201,,,2015-16
MITSUBISHI ELECTRIC AUSTRALIA PTY LTD,58001215792,315061807,9266343,2103645,2015-16
MITSUBISHI HEAVY INDUSTRIES AIR CONDITIONERS AUSTRALIA PTY LTD,92133980275,141573799,14084307,4225292,2015-16
MITSUBISHI MOTORS AUSTRALIA LIMITED,53007870395,2135327314,949857,,2015-16
MITSUI & CO. (AUSTRALIA) LTD,64004349795,4691591915,1231331873,136232885,2015-16
MITSUI MATSUSHIMA INTERNATIONAL PTY LIMITED,72100874600,131374600,16363194,4908958,2015-16
MITSUI SUMITOMO INSURANCE COMPANY LTD,49000525637,119097260,,,2015-16
MITSUI-ITOCHU IRON PTY LTD,84008702761,859385401,273379210,80719151,2015-16
MIZUHO BANK LTD (SYDNEY BRANCH),83099031106,762559159,112175389,33652617,2015-16
MMA OFFSHORE LIMITED,21083185693,461030581,,,2015-16
MMG AUSTRALIA LIMITED,23004074962,1373924402,,,2015-16
MML HOLDINGS PTY LTD,55084402380,1796569775,163507773,49043019,2015-16
MOBIL PNG GAS HOLDINGS PTY LTD,35008633707,902324721,409097,122729,2015-16
MOBIS PARTS AUSTRALIA PTY LTD,34107778156,121694746,,,2015-16
MODEC MANAGEMENT SERVICES PTE LTD,18109283810,153183170,,,2015-16
MODIANO AUSTRALIA PTY LTD,44006450344,136432911,1299437,389831,2015-16
MOET HENNESSY AUSTRALIA PTY LIMITED,26104454604,292799886,20553482,6165707,2015-16
MOFFAT GROUP PTY LTD,92069691407,141793514,24064654,6760403,2015-16
MONADELPHOUS GROUP LIMITED,28008988547,1324778239,157545873,23024036,2015-16
MONASH IVF GROUP LTD,90169302309,151087851,36320001,10896000,2015-16
MONDE NISSIN (AUSTRALIA) PTY LTD,25169518325,223302954,,,2015-16
MONDELEZ AUSTRALIA GROUP CO PTY LTD,53147371846,1750058947,42244423,3521553,2015-16
MONSANTO AUSTRALIA LIMITED,86006725560,147203764,4034594,1210378,2015-16
MOOSE ENTERPRISE HOLDINGS PTY LTD,98161736572,310844982,83008188,24703000,2015-16
MOOSE TOYS PTY LTD,51129968636,597013904,195383470,57722573,2015-16
MORGAN STANLEY AUSTRALIA FINANCE PTY LIMITED,84086080015,602898266,86461961,25938588,2015-16
MORGANS HOLDINGS (AUSTRALIA) LIMITED,80050413682,236511522,24931152,7435198,2015-16
MORRIS CORPORATION GROUP PTY LTD,50154271780,157000206,,,2015-16
MORT & CO HOLDINGS LTD,54606165128,295144159,11395416,2197860,2015-16
MORTGAGE CHOICE LIMITED,57009161979,197439824,30622532,8849178,2015-16
MOTA INVESTMENTS PTY LTD,98158946144,110632305,,,2015-16
MOTORCYCLE HOLDINGS LIMITED,29150386995,225620900,9591665,2877500,2015-16
MOTOROLA SOLUTIONS AUSTRALIA PTY LTD,16004742312,218784119,6959032,2087710,2015-16
MOUNT GIBSON IRON LIMITED,87008670817,342049860,,,2015-16
MOUNT PRITCHARD & DISTRICT COMMUNITY CLUB LTD,98000458622,128718697,,,2015-16
MOY INVESTMENT PTY LTD,11169154572,206341149,3387243,,2015-16
MP AUSTRALIA HOLDINGS PTY LTD,37156629211,266057372,,,2015-16
MRC GLOBAL AUSTRALIA PTY LTD,46080156378,177290146,,,2015-16
MUIR GROUP PTY LTD,16004732656,248797441,6350391,1902207,2015-16
MULAWA HOLDINGS PTY LIMITED,18000259834,516706950,25690101,7509644,2015-16
MULPHA AUSTRALIA LIMITED,44002888039,328546545,,,2015-16
MULTI MARKET SERVICES AUSTRALIA HOLDINGS PTY LTD,50000026228,253921808,41615298,12484589,2015-16
MUNCHENER RUCKVERSICHERUNGS GESELLSCHAFT,90009763526,907270188,,,2015-16
MUNDIPHARMA PTY LIMITED,87081322509,165012449,7934458,2380337,2015-16
MUNICH HOLDINGS OF AUSTRALASIA PTY LTD,80000159651,1263413322,,,2015-16
MURPHY PIPE AND CIVIL GROUP PTY LTD,43142862904,223808425,53674782,15255300,2015-16
MURRAY & ROBERTS PTY LTD,33105617865,1292602239,6266969,,2015-16
MURRAY GOULBURN CO-OPERATIVE CO. LIMIT ED,23004277089,3165736349,42173805,9257322,2015-16
MYER HOLDINGS LIMITED,14119085602,2802749837,90982382,24307156,2015-16
MYLAN AUSTRALIA HOLDING PTY LTD,52127537302,391149059,,,2015-16
MYOB GROUP LIMITED,61153094958,295054106,,,2015-16
MYSTATE LIMITED,26133623962,224770657,41468695,12408794,2015-16
N C R AUSTRALIA PTY LTD,61000003592,261561021,9838567,2908510,2015-16
N.H.P. HOLDINGS PROPRIETARY LIMITED,21004745644,341458543,7366952,2210023,2015-16
NAMOI COTTON COOPERATIVE LIMITED,76010485588,279573374,,,2015-16
NANDO'S AUSTRALIA PTY LTD,20079066407,120418000,,,2015-16
NASDAQ AUSTRALIA HOLDINGS PTY LTD,15145262371,102975135,44348442,8199099,2015-16
NATIONAL AUSTRALIA BANK LIMITED,12004044937,44686966781,11769620345,2428532833,2015-16
NATIONAL MUTUAL INTERNATIONAL PTY LTD,13004484351,143401822,,,2015-16
NATIONAL ROADS & MOTORISTS ASSOCIATION LIMITED,77000010506,566691172,23187285,,2015-16
NATURAL RESOURCES INVESTMENT (AUSTRALIA) PTY LIMITED,12002806831,114434544,,,2015-16
NAVITAS LIMITED,69109613309,691018010,95217839,27630971,2015-16
NBN CO LIMITED,86136533741,460604547,,,2015-16
NCIG HOLDINGS PTY LIMITED,98124700483,388399300,,,2015-16
NEC AUSTRALIA PTY LTD,86001217527,443616088,,,2015-16
NESTLE AUSTRALIA LIMITED,77000011316,2213227181,287842343,72825662,2015-16
NETAPP AUSTRALIA PTY LTD,14092499431,193870239,2758983,827695,2015-16
NEW HOPE CORPORATION LIMITED,38010653844,555381061,,,2015-16
NEW ZEALAND MILK (AUSTRALASIA) PTY LTD,23003502654,1830467259,,,2015-16
NEWCASTLE PERMANENT BUILDING SOCIETY LIMITED,96087651992,443350507,64147077,17510707,2015-16
NEWCREST MINING LIMITED,20005683625,3487707868,79629731,13014538,2015-16
NEWELL AUSTRALIA PTY LTD,68075071233,124771074,4137017,1132412,2015-16
NEWFURN FLOOR COVERINGS LTD,63004650668,174926791,1375185,412556,2015-16
NEWGEN KWINANA HOLDINGS PTY LTD,68116576955,158350567,21007770,,2015-16
NEWMARKET GOLD VICTORIAN HOLDINGS PTY LTD,21128442375,245866800,,,2015-16
NEWMONT AUSTRALIA HOLDINGS PTY LTD,95099040507,2833408898,87379575,,2015-16
NEWS AUSTRALIA HOLDINGS PTY LIMITED,32105197028,2940636294,,,2015-16
NEWS PAY TV FINANCING PTY LTD,36157820338,123979101,27621710,8286513,2015-16
NEXANS AUSTRALIA HOLDING PTY LTD,52122486195,334384200,,,2015-16
NEXTGEN GROUP HOLDINGS PTY LIMITED,69162568765,243758177,,,2015-16
NGP INVESTMENTS NO 1 PTY LTD,80001495352,1065833386,102156939,12353077,2015-16
NH FOODS AUSTRALIA PTY LTD,87001548401,1048599968,,,2015-16
NIB HOLDINGS LIMITED,51125633856,1801608364,142866032,42081702,2015-16
NICK SCALI LIMITED,82000403896,204472341,38913384,11674015,2015-16
NIDERA AUSTRALIA PTY LTD,25113005753,905416519,,,2015-16
NIKE AUSTRALIA PTY LTD,99055141743,463397922,13699320,4109796,2015-16
NIKON AUSTRALIA PTY LTD,34121761537,124830122,6455434,1936630,2015-16
NINE ENTERTAINMENT CO. HOLDINGS LIMITED,60122203892,1749400090,217489868,60083696,2015-16
NINTENDO AUSTRALIA PTY LIMITED,43060566083,113560059,3898616,1169585,2015-16
NIPPON STEEL & SUMITOMO METAL AUSTRALIA PTY LIMITED,64001445049,794457919,244215008,72383384,2015-16
NISSAN MOTOR CO (AUSTRALIA) PTY LTD,54004663156,2704234775,7516372,,2015-16
NOBLE CONTRACTING II GMBH,48166643349,261218474,,,2015-16
NOKIA SOLUTIONS AND NETWORKS AUSTRALIA PTY LTD,74122172365,202106855,3109112,18575,2015-16
NOLAN MEATS PTY LTD,81096869304,214570059,12638703,705195,2015-16
NONI B LIMITED,96003321579,110428892,,,2015-16
NORCO,17009717417,541138000,,,2015-16
NORCO WHOLESALERS PTY LTD,78003630055,455503507,,,2015-16
NORSKE SKOG INDUSTRIES AUSTRALIA LIMITED,50003902985,456073871,,,2015-16
NORTHERN STAR RESOURCES LTD,43092832892,908411189,197120637,57528700,2015-16
NORTHROP GRUMMAN AUSTRALIA PTY LIMITED,78156458981,190528795,16678520,,2015-16
NORTHWESTERN ROADS GROUP PTY LTD,21169328330,345503637,,,2015-16
NORTON GOLD FIELDS LIMITED,23112287797,295323502,,,2015-16
NOVARTIS AUSTRALIA PTY LIMITED,81004371224,1142036362,67803553,10292299,2015-16
NOVO NORDISK PHARMACEUTICALS PTY LIMITED,40002879996,214354097,11573488,1881409,2015-16
NRW HOLDINGS LTD,95118300217,291948608,,,2015-16
NUFARM LIMITED,37091323312,1002928698,,,2015-16
NUPLEX OPERATION (AUST) PTY LTD,56000436126,262313428,159893,,2015-16
NUTRICIA AUSTRALIA PTY LTD,99076246752,374455592,115524440,34657332,2015-16
NYRSTAR HOBART PTY LTD,49124818113,238161758,,,2015-16
NYRSTAR PORT PIRIE PTY LTD,31008046428,290791023,42735194,12122940,2015-16
OAKBRIDGE PTY LIMITED,67000230419,1267429043,8494977,1078201,2015-16
OCWEN ENERGY PTY LTD,44605178578,707021121,5771206,1731362,2015-16
OFFICEMAX INTERNATIONAL PTY LTD,78073257379,295775895,,,2015-16
OJI OCEANIA MANAGEMENT (AUS) PTY LTD,52169111362,113549146,1848224,554319,2015-16
OLAM INVESTMENTS AUSTRALIA PTY LTD,17124391920,412578003,1124266,,2015-16
OLAM ORCHARDS AUSTRALIA PTY LTD,15139442532,759751825,73633829,6695627,2015-16
OLYMPUS AUSTRALIA PTY LTD,90078493295,196065783,9434074,2830222,2015-16
OMEGA MATERIALS HANDLING PTY LTD,75069624031,226378709,,,2015-16
OMN INVESTMENTS PTY LTD,26119990064,366745584,10062048,2978299,2015-16
OMNICOM MEDIA GROUP AUSTRALIA PTY LTD,74129754883,129614607,21261724,5747376,2015-16
OMYA AUSTRALIA PTY LIMITED,97001682533,108782619,14649985,4286104,2015-16
ONE KEY RESOURCES PTY LTD,30141650259,135410772,2261843,678553,2015-16
ONEFORTYONE PLANTATIONS HOLDINGS PTY LTD,42159689942,295101450,,,2015-16
ONLINE EDUCATION SERVICES PTY LTD,75148177959,101059572,37998294,11399488,2015-16
ONSITE RENTAL GROUP PTY LTD,42126396852,205609000,,,2015-16
ONTERRAN LIMITED,52117371418,266495033,,,2015-16
ONTEX MANUFACTURING PTY LIMITED,16145822528,112861590,2242305,672692,2015-16
OOH!MEDIA LIMITED,69602195380,270678590,41689757,12179982,2015-16
OPTIVER AUSTRALIA HOLDINGS PTY LIMITED,35077364286,695406729,151161449,41239445,2015-16
ORANGE BUSINESS SERVICES AUSTRALIA PTY LTD,59100582563,116077154,,,2015-16
ORBIT REMIT GLOBAL MONEY TRANSFER LIMITED,69601986038,125981681,51549,15465,2015-16
ORD MINNETT HOLDINGS PTY LIMITED,32062323728,111260704,18021825,5406548,2015-16
ORICA LIMITED,24004145868,2628861683,95246218,5892260,2015-16
ORIENTAL MERCHANT PTY LTD,34007368925,205520831,8185558,2454667,2015-16
ORIGIN ENERGY LIMITED,30000051696,11917688617,94061718,,2015-16
ORIGIN ENERGY URANQUINTY POWER PTY LTD,26120384938,110632744,,,2015-16
ORIX AUSTRALIA CORPORATION LIMITED,79002992681,216812311,53320482,15996145,2015-16
ORORA LIMITED,55004275165,1812277204,91015118,14786924,2015-16
OROTONGROUP LIMITED,14000038675,131589606,8043175,2412952,2015-16
OSIRIS HOLDINGS PTY LTD,29168919391,2283627419,110898384,33269515,2015-16
OUTOTEC PTY LTD,74003491165,227039301,,,2015-16
OVERSEA-CHINESE BANKING CORPORATION LIMITED,94073598035,246087915,92926897,27878069,2015-16
OWENS-ILLINOIS (AUSTRALIA) PTY LTD,30002060059,623526078,,,2015-16
OZ MINERALS LIMITED,40005482824,915172843,102648036,,2015-16
OZFOREX GROUP LIMITED,12165602273,126555749,10400357,3104674,2015-16
OZGEN HOLDINGS AUSTRALIA PTY LTD,34128655096,219209919,,,2015-16
PACCAR AUSTRALIA PTY LTD,43004669667,764497000,106629826,31320627,2015-16
PACIFIC BRANDS LTD,64106773059,867321724,69976578,17283752,2015-16
PACIFIC HYDRO PTY LTD,31057279508,213814672,,,2015-16
PACIFIC INVEST DECEMBER 2004 PTY LTD,58112150973,849842928,32127618,9638285,2015-16
PACIFIC WEST FOODS AUSTRALIA PTY LTD,87069569517,138571520,11358137,3407441,2015-16
PACT GROUP HOLDINGS LTD,55145989644,1124221206,35171330,5924097,2015-16
PADDY POWER AUSTRALIA PTY LTD,83133081491,480780696,93792780,21164381,2015-16
PAGEPACK (AU) PTY LTD,59146091625,287473830,465658,139608,2015-16
PANALPINA WORLD TRANSPORT PTY LIMITED,29000525995,225213558,4817916,1445375,2015-16
PANASONIC AUSTRALIA PTY LIMITED,83001592187,442557068,9649916,2894975,2015-16
PANAUST LIMITED,17011065160,116725201,,,2015-16
PANDROL AUSTRALIA PTY LIMITED,90000061227,103687622,13187871,3273585,2015-16
PAPER AUSTRALIA PTY LTD,63061583533,790317496,,,2015-16
PAPUAN OIL SEARCH LIMITED,62000251025,163166833,,,2015-16
PARAWAY PASTORAL COMPANY LIMITED,14122572641,238272685,,,2015-16
PARK FREIGHT INTERNATIONAL PTY LTD,84001954203,130569940,2368752,710626,2015-16
PARK PTY LTD,17093014129,854559737,994341,298302,2015-16
PARKER HANNIFIN AUSTRALIA HOLDING PTY LIMITED,61117010107,166069704,7744770,2262004,2015-16
PARKVIEW CERBERUS PTY LTD,,368060286,3523295,1056988,2015-16
PARMALAT FINANCE AUSTRALIA PTY LTD,17163435103,1661550206,31342350,8275701,2015-16
PATTIES FOODS LTD,62007157182,247599000,22460504,5223662,2015-16
PAUL WAKELING MOTOR GROUP PTY LTD,47119908780,230476227,10935110,3280533,2015-16
PAYNTER DIXON QUEENSLAND PTY LTD,32060951162,211952512,20204186,6061144,2015-16
PAYPAL AUSTRALIA PTY LTD,93111195389,359584037,11485596,3445679,2015-16
PDH GROUP PTY LTD,26125135524,465387595,8123236,2436971,2015-16
PEABODY AUSTRALIA HOLDCO PTY LTD,61154820130,2875364479,,,2015-16
PEAK GOLD ASIA PACIFIC PTY LTD,93103879054,179335610,594676,,2015-16
PEARSON AUSTRALIA HOLDINGS PTY LTD,62103243858,145617218,124922,,2015-16
PEET LIMITED,56008665834,273778345,44197022,10792640,2015-16
PELICAN ACQUISITION COMPANY PTY LTD,94146841027,394209059,2011063,603319,2015-16
PENFOLD MOTORS BURWOOD PTY LTD,28005667461,269915614,4983295,1494988,2015-16
PENGUIN RANDOM HOUSE AUSTRALIA PTY LTD,28004815703,195271902,,,2015-16
PENRITH RUGBY LEAGUE CLUB LTD,57000578398,102207263,,,2015-16
PENSKE TRANSPORTATION GROUP INTERNATIONAL PTY LTD,42164850355,528063690,,,2015-16
PENTAIR AUSTRALIA HOLDINGS PTY LIMITED,71168775826,385002733,,,2015-16
PENTAL LIMITED,29091035353,110804436,8007790,2329527,2015-16
PEPPER GROUP LIMITED,55094317665,341567517,31754491,7619860,2015-16
PEPSICO FOODS GROUP PTY LIMITED,71122527137,1174903049,54242695,16272808,2015-16
PERILYA LIMITED,85009193695,242652125,,,2015-16
PERNOD RICARD PACIFIC HOLDING PTY LTD,16003678484,571854964,,,2015-16
PERPETUAL LIMITED,86000431827,505678388,191680407,55798719,2015-16
PERRON INVESTMENTS PTY LTD,48000003976,640560184,200445215,56097388,2015-16
PERTH AIRPORT DEVELOPMENT GROUP PTY LTD,53076286630,514176158,116909461,34348977,2015-16
PERTH ENERGY PTY LTD,39087386445,301187774,,,2015-16
PET CARE HOLDINGS AUSTRALIA PTY LTD,77000060364,5224042770,145872150,43611645,2015-16
PETER WARREN AUTOMOTIVE PTY LTD,67000293621,677938538,20780405,5794836,2015-16
PFD FOOD SERVICES PTY LTD,29006972381,1808287892,38272388,11371992,2015-16
PFG PROPERTIES PTY LTD,93100371220,133848769,9089938,2726981,2015-16
PFG TOPCO1 PTY LTD,35604317875,141522767,7251791,2175537,2015-16
PFIZER AUSTRALIA INVESTMENTS PTY LTD,86146429138,1541714610,42494153,,2015-16
PHARM-A-CARE LABORATORIES PTY LTD,99003468219,244272420,23764963,7129004,2015-16
PHARSALUS INVESTMENTS PTY LTD,88163462637,835677447,23408626,5300134,2015-16
PHILIP MORRIS (AUSTRALIA) LIMITED,68004316901,3129328646,462596775,138779032,2015-16
PHILIP USHER CONSTRUCTIONS PTY LTD,38011008101,229935969,56253226,15369876,2015-16
PHILIPS ELECTRONICS AUSTRALIA LIMITED,24008445743,411503545,17249069,5174721,2015-16
PHOSPHATE RESOURCES LTD,77009396543,124037271,41206727,12124646,2015-16
PICKLES AUCTIONS PTY LTD,32003417650,274584797,30528390,9133732,2015-16
PIPEMAKERS AUSTRALIA PTY LTD,76061712365,120402278,335831,100749,2015-16
PLATINUM ASSET MANAGEMENT LIMITED,13050064287,344158869,278476137,83542662,2015-16
PLATINUM OPERATIONS PTY LTD,66140741153,136812565,3278394,983518,2015-16
PLATYPUS SHOES (AUSTRALIA) PTY LIMITED,86122726907,294736401,24331495,7299448,2015-16
PLUM GROVE PTY LTD,61104516305,409615352,779420,233826,2015-16
PLUMBERS SUPPLIES CO-OPERATIVE LIMITED,55053236436,146315070,197086,59126,2015-16
PMP LIMITED,39050148644,714598212,,,2015-16
POLA ORBIS JURLIQUE HOLDINGS PTY LTD,37154847211,113631899,22474911,5958698,2015-16
POLARIS SALES AUSTRALIA PTY LTD,62088081949,110838575,1889253,566776,2015-16
POLICE & NURSES LIMITED,69087651876,167412163,15876148,4587505,2015-16
POLOGREN AUSTRALIA HOLDINGS PTY LTD,20154692430,137877476,2056007,436665,2015-16
POMI PTY LIMITED,58129842664,6298627993,956637,286991,2015-16
PON HOLDING AUSTRALIA PTY LTD,67164517104,109368415,,,2015-16
PORSCHE CARS AUSTRALIA PTY LTD,67004327048,623128382,37230400,11169120,2015-16
PORT KEMBLA COPPER PTY LIMITED,11076258976,434775673,772445,231734,2015-16
PORT WARATAH COAL SERVICES LIMITED,99001363828,346457329,31653753,8184848,2015-16
POSCO AUSTRALIA PTY LIMITED,54002062160,275365705,25784130,7449928,2015-16
PPG INDUSTRIES AUSTRALIA PTY LTD,82055500939,489710575,49077201,13852814,2015-16
PRATT CONSOLIDATED HOLDINGS PTY LTD,43104958581,2701836833,46728109,,2015-16
PREMIER COAL HOLDINGS PTY LTD,89158560911,459144172,,,2015-16
PREMIER INVESTMENTS LIMITED,64006727966,942333157,120583857,32040724,2015-16
PRESTON MOTORS (HOLDINGS) PTY LIMITED,23004357279,461834759,,,2015-16
PRETTY GIRL FASHION GROUP HOLDINGS PTY LTD,51089304941,232294200,22110,,2015-16
PRICEWATERHOUSECOOPERS ASEANZ CONSULTING PTY LIMITED,77606603436,347879968,,,2015-16
PRICEWATERHOUSECOOPERS SECURITIES LTD,54003311617,115777220,,,2015-16
PRIMARY HEALTH CARE LIMITED,24064530516,1714564266,213927297,57823426,2015-16
PRIME MEDIA GROUP LIMITED,97000764867,238851320,38132401,11439663,2015-16
PRIXCAR SERVICES PTY LTD,42007063505,115339749,24130610,7239183,2015-16
PRIXCAR TRANSPORT SERVICES PTY LTD,18158361721,154649213,211871,,2015-16
PROBUILD CONSTRUCTIONS (AUST) PTY LTD,93095250945,1587548642,34136077,10201629,2015-16
PROCTER & GAMBLE AUSTRALIA PTY LTD,91008396245,463729403,8052781,2415834,2015-16
PROGRAMMED MAINTENANCE SERVICES LIMITED,61054742264,2061875541,,,2015-16
PROGRAMMED SKILLED WORKFORCE LTD,66005585811,509612079,24966172,7253907,2015-16
PROJECT SUNSHINE I PTY LTD,13167275818,738441848,55899478,14316326,2015-16
PRO-PAC PACKAGING LIMITED,36112971874,244364011,8590562,2577169,2015-16
PROSEGUR AUSTRALIA HOLDINGS PTY LTD,44166656739,138461805,14449131,4334739,2015-16
PROUDS JEWELLERS PTY LTD,99073053273,585203289,22760431,6828129,2015-16
PROVEDORE INVESTMENTS PTY LIMITED,52604510278,213463907,213463586,2708883,2015-16
PRP INVESTMENT TRUST,,164405922,44775956,13432787,2015-16
PRYSMIAN AUSTRALIA PTY LIMITED,36096594080,439350293,27297327,5420799,2015-16
PT (2013) PTY LTD,85162030015,101126744,2404188,721256,2015-16
PTTEP AUSTRALIA PERTH PTY LTD,74134686525,456025801,,,2015-16
PUMA ENERGY (AUSTRALIA) ASSETS HOLDINGS PTY LTD,24167119020,229559614,,,2015-16
PUMA ENERGY (AUSTRALIA) HOLDINGS PTY LTD,26147978890,2192736878,,,2015-16
PUMPKIN PATCH ORIGINALS LIMITED,61083321046,119120566,,,2015-16
PVH BRANDS AUSTRALIA PTY LIMITED,15165485290,173466190,18316120,5494836,2015-16
PZ CUSSONS (HOLDINGS) PTY LTD,19000327873,197877603,933031,,2015-16
QANTAS AIRWAYS LIMITED,16009661901,15754181367,52432000,,2015-16
QATAR AIRWAYS (Q.C.S.C),18105742916,305773686,,,2015-16
QBE INSURANCE GROUP LIMITED,28008485014,7115295804,435678048,105905963,2015-16
QCOAL PTY LTD,99010911234,327914284,,,2015-16
QENERGY LIMITED,58120124101,111180610,,,2015-16
QENOS HOLDINGS PTY LTD,62086026968,707784070,,,2015-16
QSI FINANCE (AUSTRALIA) PTY LTD,40164312047,107387719,15782045,4734614,2015-16
QSUPER LIMITED,50125248286,251830167,12248381,3674514,2015-16
QUADRANT ENERGY AUSTRALIA LIMITED,39009301964,995670574,245499732,57320215,2015-16
QUADRANT ENERGY HOLDINGS PTY LTD,50605014462,710107335,,,2015-16
QUANTIUM SOLUTIONS (AUSTRALIA) PTY LTD,56052374606,147350388,,,2015-16
QUBE HOLDINGS LTD,14149723053,1217574698,100240342,23448223,2015-16
QUEENSLAND ALUMINA LIMITED,98009725044,969259045,13563004,,2015-16
QUEENSLAND NITRATES PTY LTD,63079889268,219681192,59692703,17907811,2015-16
QUINTIS LTD,97092200854,254379644,11757132,3527140,2015-16
RABO AUSTRALIA LIMITED,39060452217,1106903640,221164592,66167925,2015-16
RACQ LNSURANCE LIMITED,50009704152,833599774,29780988,8934296,2015-16
RACQ OPERATIONS PTY LTD,80009663414,591844435,1206487,,2015-16
RAG HOLDCO PTY LIMITED,11150181472,312126249,14012684,4203805,2015-16
RALERU LIMITED,52002575340,124278401,1633042,489913,2015-16
RALMANA PTY LTD,93009149106,220552926,18498267,5013766,2015-16
RAMELIUS RESOURCES LTD,51001717540,175043610,,,2015-16
RAMPAGE RETAIL PTY LTD,66600817178,677150743,2318794,695638,2015-16
RAMSAY HEALTH CARE LIMITED,57001288768,4395714206,556863428,165421728,2015-16
RANDSTAD HOLDINGS PTY LIMITED,33098899855,678150263,,,2015-16
RAWSON GROUP PTY LIMITED,64000382329,378597753,51816955,15545086,2015-16
RAYTHEON AUSTRALIA PTY LTD,35063709295,745810612,99436822,29831047,2015-16
RCG CORPORATION LTD,85108096251,102428185,10522193,3153504,2015-16
RCR TOMLINSON LTD,81008898486,858208316,3365522,,2015-16
REA GROUP LIMITED,54068349066,578404124,327904164,88030732,2015-16
READING ENTERTAINMENT AUSTRALIA PTY LIMITED,12070893908,138652967,12981593,3598764,2015-16
RECALL HOLDINGS LIMITED,27116537832,185644234,,,2015-16
RECKITT BENCKISER HEALTHCARE AUSTRALIA PTY LIMITED,64000071278,763377932,40535939,12160782,2015-16
RECO BATHURST PTY LTD,87113841142,213490117,7711081,2313324,2015-16
RECO BAY AUSTRALIA PTY LTD,97104043469,189929088,28364072,8509222,2015-16
RECO BOURKE PRIVATE LIMITED,23129799717,110760319,,,2015-16
RECO INDFUND PRIVATE LIMITED,,117245492,,,2015-16
RECO MARTIN PTE LIMITED,,346154585,223648195,67094458,2015-16
RED BULL AUSTRALIA PTY LTD,67085840259,218067022,17552247,5265674,2015-16
REDCAPE GROUP LIMITED,44124753733,222035380,2315667,694700,2015-16
REDOX PTY LTD,92000762345,489280679,32608583,9782513,2015-16
REECE LIMITED,49004313133,2277502827,299810287,89915986,2015-16
REGIONAL EXPRESS HOLDINGS LIMITED,18099547270,262627451,4125429,1237629,2015-16
REGIS HEALTHCARE LIMITED,11125203054,484361295,68705924,20611777,2015-16
REGIS RESOURCES LIMITED,28009174761,509032107,108335214,32500564,2015-16
RELX AUSTRALIA PTY LTD,19004323166,260207886,41056422,12316927,2015-16
REMONDIS AUSTRALIA PTY LTD,95002429781,343495164,13515444,3489696,2015-16
RENTOKIL PTY LTD,61000143733,197017343,16480268,4944080,2015-16
RESMED HOLDINGS LIMITED,28003765133,1765723359,339622557,58169699,2015-16
RESOLUTE MINING LIMITED,39097088689,744548060,,,2015-16
RETAIL FOOD GROUP LIMITED,31106840082,295493741,86544733,25706219,2015-16
REVLON AUSTRALIA PTY LTD,18095360731,115721775,16390154,4917046,2015-16
REWARD SUPPLY CO PTY LTD,40010183669,118469637,1312718,376086,2015-16
REXEL HOLDINGS AUSTRALIA PTY LTD,17081022068,757806755,,,2015-16
RGA AUSTRALIAN HOLDINGS PTY LTD,20071125507,1164692958,,,2015-16
RGF STAFFING MELBOURNE ONE PTY LIMITED,84603568403,1760729356,28064571,7181379,2015-16
RHEEM AUSTRALIA PTY LIMITED,21098823511,172996852,9003564,1715791,2015-16
RIBSHIRE PTY LTD T/A GOODLINE,40085847892,396668986,59871597,17961479,2015-16
RICEGROWERS LIMITED,55007481156,1113851966,92738017,22488573,2015-16
RICH MARK DEVELOPMENT (GROUP) PTY LTD,11091877780,245045892,2800879,840264,2015-16
RICHARD CROOKES CONSTRUCTIONS PTY. LIMITED,33001375266,756915857,30608489,9182547,2015-16
RICHEMONT AUSTRALIA PTY LIMITED,99003432504,176445600,21339929,6401921,2015-16
RICOH AUSTRALIA PTY LTD,30000593171,413355087,22174910,5600249,2015-16
RIDLEY CORPORATION LIMITED,33006708765,996661720,96287266,13402642,2015-16
RINKGLEN PTY LTD,98072960135,223403421,4287552,1286266,2015-16
RINNAI AUSTRALIA PTY LTD,74005138769,256670254,23108209,6016313,2015-16
RIO DOCE AUSTRALIA PTY LTD,63112797403,362394078,,,2015-16
RIO TINTO LIMITED,96004458404,27839868862,4585060449,1049914886,2015-16
RIP CURL GROUP PTY LTD,52068999520,212453008,29041836,6492140,2015-16
RITCHIES STORES PTY LTD,61005041814,862303952,15659377,4697813,2015-16
RIVERINA (AUSTRALIA) PTY LIMITED,76010755254,478027206,2796560,838968,2015-16
RIVERINA OILS & BIO ENERGY PTY LTD,25103697703,126746036,,,2015-16
RIVERWISE PTY LIMITED,20084303408,203121055,2394355,718306,2015-16
RIVIERA HOLDINGS (AUS) PTY LTD,96169709415,295440789,9607886,2778958,2015-16
RMW HOLDCO PTY LTD,28163626382,118738632,,,2015-16
ROBE RIVER MINING CO PTY LIMITED,71008694246,1747230833,943055880,282672696,2015-16
ROBERT BOSCH (AUSTRALIA) PTY LTD,48004315628,783758270,1540486,,2015-16
ROBERT WALTERS PTY LTD,18079521618,299832933,3655723,1086861,2015-16
ROCHE DIAGNOSTICS AUSTRALIA PTY LTD,29003001205,276397847,17419991,5225997,2015-16
ROCHE PRODUCTS PTY LIMITED,70000132865,608628000,44813830,13444149,2015-16
ROCKWELL AUTOMATION AUSTRALIA LIMITED,80005549477,116189969,,,2015-16
ROHM AND HAAS AUSTRALIA PTY LTD,29004513188,124097787,,,2015-16
ROLEX AUSTRALIA PTY LTD,47005956338,100792756,6704486,2011346,2015-16
RONDO BUILDING SERVICES PTY LTD,69000289207,230788558,34130447,10239134,2015-16
ROSS HOUSE INVESTMENTS PTY LTD,98004360392,410680702,2162569,640423,2015-16
ROYAL AUTOMOBILE ASSOCIATION OF SOUTH AUSTRALIA INC,90020001807,329407992,5269358,1259277,2015-16
ROYAL AUTOMOBILE CLUB OF VICTORIA (RACV) LIMITED,44004060833,615515521,71041853,,2015-16
ROYAL BANK OF CANADA,86076940880,398360409,39533653,11860096,2015-16
ROYAL BANK OF SCOTLAND PLC (AUSTRALIA BRANCH),30101464528,237039136,,,2015-16
ROYAL WOLF HOLDINGS LIMITED,91121226793,137919777,7107409,2132223,2015-16
RPS ENERGY PTY LTD,44072504299,227369471,22958426,6724587,2015-16
RTA HOLDCO AUSTRALIA 1 PTY LTD,17128762318,1805228910,86152035,,2015-16
RTPDS AUS PTY LTD,21099346899,10000021252,14285735538,6375,2015-16
RUBICOR GROUP LIMITED,74110913365,186946150,,,2015-16
RURALCO HOLDINGS LIMITED,40009660879,1459531448,18205375,1683790,2015-16
RUSSELL INVESTMENT GROUP PTY LIMITED,92003066859,171438373,34972997,10491899,2015-16
RXP SERVICES LIMITED,30146959917,128552356,16840533,5052160,2015-16
RYOWA DEVELOPMENT II PTY LTD,22063780021,195709612,8135435,2440630,2015-16
SA HEALTH PARTNERSHIP SECURITISATION PTY LIMITED,18147998230,208612242,,,2015-16
SAAB TECHNOLOGIES AUSTRALIA PTY LTD,47002950790,113043300,20208465,5111002,2015-16
SABMILLER AUSTRALIA PTY LIMITED,17125851167,2182587850,,,2015-16
SADDLEBACK INVESTMENTS PTY LTD,96134978224,822012130,13722584,,2015-16
SAI GLOBAL LIMITED,67050611642,308900391,49866292,12104212,2015-16
SAIPEM PORTUGAL COMERCIO MARITIMO SOCIEDADE UNIPESSOAL LDA,25100388458,1356116566,36628401,10988520,2015-16
SALINI IMPREGILO S.P.A.,83159573896,118756168,,,2015-16
SALMAT LIMITED,11002724638,328704613,,,2015-16
SAMIOS PLUMBING PTY LTD,91010360899,207761929,5222959,1566888,2015-16
SAMSUNG C&T CORPORATION,49160079470,2753886427,,,2015-16
SAMSUNG ELECTRONICS AUSTRALIA PTY LIMITED,63002915648,2500396585,12029429,3608829,2015-16
SAMUEL SMITH & SON PTY LTD,64007534278,284445920,15104586,3719977,2015-16
SAN MIGUEL YAMAMURA AUSTRALASIA PTY LTD,49099994162,123339809,6821570,2017438,2015-16
SANDFIRE RESOURCES NL,55105154185,498528763,65530970,18960333,2015-16
SANDVIK AUSTRALIA HOLDINGS PTY LTD,60003771373,745078760,,,2015-16
SANGER AUSTRALIA PTY LTD,25001085687,615546882,,,2015-16
SANOFI-AVENTIS AUSTRALIA PTY LTD,31008558807,764901754,10287117,,2015-16
SANTA FE HOLDINGS AUSTRALIA PTY LTD,70146265894,108531748,,,2015-16
SANTOS LIMITED,80007550923,3476002729,,,2015-16
SANWA PTY LIMITED,96000904987,317768651,8883329,2664502,2015-16
SAP AUSTRALIA PTY LTD,26003682504,950186711,7931259,965836,2015-16
SAPPI TRADING AUSTRALIA PTY LIMITED,17086317071,106843729,280236,84071,2015-16
SARACEN MINERAL HOLDINGS LIMITED,52009215347,277231026,,,2015-16
SAVANNA ENERGY SERVICES PTY LTD,16140172756,161742577,9724259,2917278,2015-16
SAVILLS (AUST) HOLDINGS PTY LIMITED,49059047371,143959216,11266071,3379821,2015-16
SCANIA AUSTRALIA PTY LTD,44000537333,393033425,16585163,4975549,2015-16
SCENTRE GROUP LIMITED,66001671496,2686948412,219866931,65957093,2015-16
SCHENKER AUSTRALIA PTY LIMITED,75000410211,656731919,17684279,4151910,2015-16
SCHINDLER LIFTS AUSTRALIA PTY LTD,19005838773,342745817,15913375,4774012,2015-16
SCHLUMBERGER AUSTRALIA PTY LTD,74002459225,1065858723,26359647,5927142,2015-16
SCHNEIDER ELECTRIC AUSTRALIA HOLDINGS PTY LTD,30105310781,1373022001,72467603,,2015-16
SCHNEIDER ELECTRIC BUILDINGS AUSTRALIA PTY LTD,19008059345,152245782,,,2015-16
SCHNEIDER ELECTRIC IT AUSTRALIA PTY LTD,70088913866,131085203,4701434,1410430,2015-16
SCHOLASTIC AUSTRALIA PTY LIMITED,11000614577,128187698,9522192,2774809,2015-16
SCHRODER AUSTRALIA HOLDINGS PTY LIMITED,83008423738,171423299,83386322,24975840,2015-16
SCIFLEET MOTORS PTY LTD,25057783749,506106531,18232735,5469820,2015-16
SCOR GLOBAL LIFE AUSTRALIA PTY LTD,83148897670,333575840,,,2015-16
SCOR REINSURANCE ASIA PACIFIC PTE LTD AUSTRALIAN BRANCH,85071103092,106113540,2363638,709091,2015-16
SDP HOLDCO PTY LIMITED,60158076843,204191191,,,2015-16
SEADRILL AUSTRALIA PTE LIMITED,58125635065,102687262,2938333,881500,2015-16
SEALED AIR AUSTRALIA (HOLDINGS) PTY LIMITED,74102261307,354848682,9969568,2474426,2015-16
SEALINK TRAVEL GROUP LTD,49109078257,187412197,62518950,18642571,2015-16
SEDCO FOREX INTERNATIONAL INC,44188717522,403703621,28073559,8422068,2015-16
SEDGMAN PTY LIMITED,86088471667,238518084,19709237,3802671,2015-16
SEEK LIMITED,46080075314,737048728,447835213,114878388,2015-16
SEKISUI HOUSE AUSTRALIA HOLDINGS PTY LTD,71134688510,366311655,,,2015-16
SEKTOR LIMITED PARTNERSHIP,74297651095,101918096,2483255,744976,2015-16
SELECT HARVESTS LTD,87000721380,294854702,85083075,25524922,2015-16
SENEX ENERGY LIMITED,50008942827,143418427,,,2015-16
SERCO GROUP PTY LIMITED,55061889763,1061246279,19150831,3797165,2015-16
SERVICE STREAM LIMITED,46072369870,438939780,34674639,7752114,2015-16
SERVIER LABORATORIES (AUST) PTY LTD,54004838500,103820455,,,2015-16
SETIA (MELBOURNE) DEVELOPMENT COMPANY PTY LTD,61143464804,440041909,115719051,34715715,2015-16
SEVEN GROUP HOLDINGS LIMITED,46142003469,3336534971,122683488,,2015-16
SEVEN WEST MEDIA LIMITED,91053480845,1730939103,199140970,53467118,2015-16
SEYMOUR WHYTE LIMITED,67105493203,360699363,,,2015-16
SFDC AUSTRALIA PTY LTD,91109182989,215077032,18752072,5625622,2015-16
SFG GROUP HOLDINGS PTY LTD,,256809762,,,2015-16
SG FLEET GROUP LIMITED,40167554574,156717397,66920579,20076174,2015-16
SGS AUSTRALIA HOLDINGS PTY LTD,46004269023,282760668,,,2015-16
SGSP (AUSTRALIA) ASSETS PTY LTD,60126327624,1889947000,234652951,68393017,2015-16
SHANGRI-LA INVESTMENT (AUSTRALIA) PTY LIMITED,15146016033,125607534,,,2015-16
SHAPE AUSTRALIA HOLDINGS PTY LTD,93008656264,452055675,5459275,1637782,2015-16
SHARP CORPORATION OF AUSTRALIA PTY LTD,40003039405,110986186,,,2015-16
SHAVER SHOP GROUP LIMITED,78150747649,107439778,6913339,2074002,2015-16
SHELL ENERGY HOLDINGS AUSTRALIA LIMITED,69054260776,4236700730,97326624,,2015-16
SHINE AUSTRALIA HOLDINGS PTY LIMITED,13138216609,128309217,10254514,,2015-16
SHINE CORPORATE LTD,93162817905,153657872,,,2015-16
SIBELCO ASIA PACIFIC PTY LIMITED,70092916811,434245890,,,2015-16
SIEMENS LTD,98004347880,1256921180,50726079,13632059,2015-16
SIENNA FUNDS MANAGEMENT PTY LTD,97125942225,383972282,50203,15006,2015-16
SIGMA PHARMACEUTICALS LIMITED,15088417403,3531725001,95812679,28186054,2015-16
SIKA AUSTRALIA PTY LIMITED,12001342329,173415570,11129314,3338794,2015-16
SILICON METAL COMPANY OF AUSTRALIA PTY LTD,73009401736,184913933,84848909,2992915,2015-16
SILVER CHEF LIMITED,28011045828,206754437,17966337,5389901,2015-16
SILVER LAKE RESOURCES LIMITED,38108779782,213124585,,,2015-16
SIME DARBY AUTOMOBILES PTY LIMITED,26000426282,104315708,,,2015-16
SIME DARBY INDUSTRIAL AUSTRALIA PTY LTD,56153652594,1683548712,,,2015-16
SIMONDS GROUP LIMITED,54143841801,662992026,,,2015-16
SIMPLOT AUSTRALIA (HOLDINGS) PTY LIMIT ED,23070571934,1210076662,47506923,8284373,2015-16
SIMS METAL MANAGEMENT LIMITED,69114838630,814031853,36400974,7443981,2015-16
SINGAPORE TELECOM AUSTRALIA INVESTMENTS PTY LIMITED,69096686190,9257176014,1029855481,281193219,2015-16
SINO NICKEL PTY LIMITED,62104242588,127384811,3640029,1092009,2015-16
SINOCHEM INTERNATIONAL AUSTRALIA PTY LTD,74160164616,119480796,,,2015-16
SINOPEC OIL AND GAS AUSTRALIA PTY LTD,94130568553,164533171,,,2015-16
SINOSTEEL AUSTRALIA PTY LTD,36009277230,323586437,,,2015-16
SIRTEX MEDICAL LTD,35078166122,260736666,18626073,1051569,2015-16
SIRVA (ASIA PACIFIC) PTY LTD,48005944187,126565675,3993106,1197932,2015-16
SIS AUSTRALIA HOLDINGS PTY LTD,65132211459,456565813,16630690,4930042,2015-16
SKYCITY AUSTRALIA PTY LTD,67090828612,297219421,9546173,1841196,2015-16
SLATER AND GORDON LIMITED,93097297400,252306167,,,2015-16
SLECO PTY LTD,25007893781,414999841,8907870,2672361,2015-16
SMEC HOLDINGS LTD,84057274049,457267087,26141551,2023481,2015-16
SMEG AUSTRALIA PTY LTD,33146901082,144754093,8055677,2416703,2015-16
SMITH & NEPHEW PTY LTD,68000087507,320489265,60207999,17655709,2015-16
SMR HOLDING AUSTRALIA PTY LIMITED,86006579899,142908869,15096792,4241683,2015-16
SMRM HOLDINGS PTY LTD,85168760861,302938367,5791159,1737348,2015-16
SMS MANAGEMENT & TECHNOLOGY LIMITED,49009558865,328887953,27459608,6366070,2015-16
SNC-LAVALIN AUSTRALIA PTY LTD,50085951542,489101209,73254234,21322173,2015-16
SNOWY HYDRO LIMITED,17090574431,2238392024,252952148,73366286,2015-16
SOB TRADING PTY LTD,72607610622,377697792,268723,80617,2015-16
SOCIETE GENERALE SECURITIES AUSTRALIA PTY LIMITED,56114206307,190352776,,,2015-16
SODEXO AUSTRALIA PTY LTD,50006072975,482714913,,,2015-16
SOJITZ AUSTRALIA LIMITED,16000213132,546515150,,,2015-16
SOLAR TURBINES INTERNATIONAL COMPANY,43066283074,125249450,3696656,1108997,2015-16
SONIC CLINICAL SERVICES PTY LIMITED,13083519377,419738958,21196803,5516278,2015-16
SONIC HEALTHCARE LIMITED,24004196909,1993290890,148996521,28913311,2015-16
SONY AUSTRALIA LIMITED,59001215354,1134721621,14394094,,2015-16
SOUTH32 LIMITED,84093732597,3494108281,,,2015-16
SOUTHERN CROSS ALUMINIUM PTY LIMITED,25063778996,133961656,5555342,1666603,2015-16
SOUTHERN CROSS CREDIT UNION LIMITED,82087650682,183646812,3833330,1114989,2015-16
SOUTHERN CROSS ELECTRICAL ENGINEERING LIMITED,92009307046,192132581,7113835,2134150,2015-16
SOUTHERN CROSS MEDIA GROUP LIMITED,91116024536,643772572,106877552,30721152,2015-16
SPARK INFRASTRUCTURE HOLDINGS NO 1 PTY LIMITED,14116940786,104055470,,,2015-16
SPARK INFRASTRUCTURE HOLDINGS NO 2 PTY LIMITED,16116940795,145377919,,,2015-16
SPECIALTY FASHION GROUP LIMITED,43057569169,799927501,3443232,1032970,2015-16
SPECSAVERS PTY LIMITED,82097147932,407860286,24719058,4159295,2015-16
SPEEDCAST INTERNATIONAL LIMITED,50600699241,101399621,10798883,3239665,2015-16
SPICEME CAPITAL PTY LTD,32125298884,342158994,3676737,1103021,2015-16
SPICERS LIMITED,70005146350,217466843,,,2015-16
SPM FRESH HOLDINGS PTY LTD,21161701337,215695634,8516522,289034,2015-16
SPOTLESS GROUP HOLDINGS LIMITED,27154229562,2524411606,1404001,,2015-16
SPRINGVALE SK KORES PTY LIMITED,71051015402,126626763,,,2015-16
S-PROCESS EQUIPMENT AUSTRALIA PTY LTD,21127927226,161038995,23372357,6192992,2015-16
SQUARE RESOURCES HOLDING PTY LTD,67142476631,227464684,,,2015-16
SRG LIMITED,57006413574,169971972,20992075,3289701,2015-16
ST BARBARA LIMITED,36009165066,629380754,96166806,,2015-16
ST JUDE MEDICAL AUSTRALIA PTY LIMITED,73080212746,179684162,6517909,1955373,2015-16
STAMFORD HOTELS AND RESORTS PTY LIMITED,35067139208,102883954,3154102,946231,2015-16
STANLEY BLACK & DECKER HOLDINGS AUSTRALIA PTY LTD,81154671244,216245276,,,2015-16
STAPLES AUSTRALIA HOLDINGS PTY LIMITED,64142352234,898643397,,,2015-16
STAR AUTO (AUSTRALIA) PTY LTD,25604103915,156702338,3038677,911603,2015-16
STARHILL HOTEL (SYDNEY) PTY LTD,63158871035,104505430,68573,20572,2015-16
STATE ONE HOLDINGS PTY LTD,60097092316,726352154,34832,,2015-16
STATE STREET AUSTRALIA LIMITED,21002965200,221528145,99412525,11367330,2015-16
STATE STREET BANK & TRUST COMPANY,70062819630,106985351,18525158,5557547,2015-16
STATE SUPER FINANCIAL SERVICES AUSTRALIA LIMITED,86003742756,175921007,58095639,16489963,2015-16
STATEWIDE INDEPENDENT WHOLESALERS LIMITED,51009519546,906375095,8120421,2436126,2015-16
STEADFAST GROUP LIMITED,98073659677,326583770,82610925,10943924,2015-16
STEINHOFF ASIA PACIFIC HOLDINGS PTY LTD,44105828957,510153907,,,2015-16
STELLAR ASIA PACIFIC PTY LTD,86082618148,132495521,6587944,1976383,2015-16
STEMCOR (S.E.A.) PTE LTD,37601457855,207538256,,,2015-16
STIHL PTY LTD,76004881145,142324335,18600255,5580076,2015-16
STOCKLAND CORPORATION LTD,43000181733,1793077375,,,2015-16
STODDART GROUP PTY LTD,82010744751,247851310,17022448,5057813,2015-16
STORA ENSO AUSTRALIA PTY LTD,64099948491,153246634,1771854,531556,2015-16
STOWE AUSTRALIA PTY LTD,27002556603,453479294,13315160,3973120,2015-16
STRANDBAGS HOLDINGS PTY LTD,99128842482,303126416,16196522,4858957,2015-16
STRYKER AUSTRALIA PTY LTD,48002873850,450788393,29743075,8922922,2015-16
STYBARROW MV 16 B.V.,27117620354,179427976,97048183,29114455,2015-16
SUBARU (AUST) PTY LTD,95000312792,1450411099,112041175,33612352,2015-16
SUBSEA 7 AUSTRALIA CONTRACTING PTY LTD,36005288406,408800137,39191861,11757558,2015-16
SUEZ RECYCLING & RECOVERY HOLDINGS PTY LIMITED,18002658255,1124964352,91184335,24793399,2015-16
SUMITOMO AUSTRALIA PTY LTD,81000371497,1756842137,,,2015-16
SUMITOMO MITSUI BANKING CORPORATION-SYDNEY BRANCH,98114053459,756419068,214931049,64479315,2015-16
SUN METALS CORPORATION PTY LTD,97074241982,727135400,66648576,19994573,2015-16
SUNBEAM CORPORATION LTD,45000006771,104078712,1145628,,2015-16
SUNCORP GROUP LIMITED,66145290124,17030865892,1646932355,424317279,2015-16
SUNLAND GROUP LIMITED,65063429532,258659038,,,2015-16
SUNNY QUEEN PTY LTD,31060702034,310879468,11728370,3210307,2015-16
SUNPORK FRESH FOODS PTY LTD,24135230545,215643024,2462021,738606,2015-16
SUNSTATE CEMENT LTD,58010421879,129478552,25004163,7501249,2015-16
SUNTORY (AUST) PTY LIMITED,27001628780,274137113,471696,81614,2015-16
SUPER RETAIL GROUP LIMITED,81108676204,2409457947,169392493,50817748,2015-16
SURFSTITCH GROUP LIMITED,48602288004,115162687,,,2015-16
SUSQUEHANNA IRELAND LIMITED,25358648201,233974256,31742749,9381384,2015-16
SUSQUEHANNA PACIFIC PTY LTD,23082467605,532704013,219076799,63930146,2015-16
SUTTONS INVESTMENTS PTY LTD,84008446428,1692003378,72832799,21836467,2015-16
SUZUKI AUSTRALIA PTY LIMITED,57001828164,380468975,10352106,3105632,2015-16
SVITZER AUSTRALASIA HOLDINGS PTY LIMITED,16120555302,325092998,,,2015-16
SWAROVSKI AUSTRALIA PTY LTD,16000679416,111460580,7040014,2112004,2015-16
SWICK MINING SERVICES LIMITED,20112917905,111863259,7508693,,2015-16
SWIRE PACIFIC OFFSHORE PTY LTD,57003428788,129958364,7434941,2230482,2015-16
SWISS RE AUSTRALIA LIMITED,28004360909,1900494265,2436157,,2015-16
SWISS RE INTERNATIONAL SE AUSTRALIA BR ANCH,38138873211,188160000,8480339,2544102,2015-16
SWISS REINSURANCE COMPANY LTD AUSTRALI A BRANCH,43007479941,625675824,61524144,18457243,2015-16
SWISSE WELLNESS GROUP PTY LTD,67160339177,676051483,127008601,35905436,2015-16
SYDNEY AIRPORT LIMITED,18165056360,1267528089,,,2015-16
SYDNEY NIGHT PATROL & INQUIRY CO PTY LTD,11000013098,239039023,5480652,1644196,2015-16
SYMANTEC (AUSTRALIA) PTY LTD,59085397100,150167702,27854403,8356321,2015-16
SYNGENTA AUSTRALIA PTY LIMITED,33002933717,263236183,15879647,1429784,2015-16
SYNNEX AUSTRALIA PTY LTD,40052285882,2084010072,24510603,7135514,2015-16
TA (AUSTRALIA) GROUP PTY. LTD.,94100829829,134873860,,,2015-16
TABCORP HOLDINGS LIMITED,66063780709,1808985359,281255700,64039679,2015-16
TAL DAI-ICHI LIFE AUSTRALIA PTY LIMITE,97150070483,3112259289,259046513,53712511,2015-16
TALENT INTERNATIONAL HOLDINGS PTY LIMITED,28131419577,330275625,6006486,1258541,2015-16
TAP OIL LIMITED,89068572341,135728882,,,2015-16
TASMANIAN INDEPENDENT RETAILERS CO-OP SOCIETY LTD,89743048843,129522916,160999,27547,2015-16
TASSAL GROUP LIMITED,15106067270,447449000,68006462,15706529,2015-16
TATA CONSULTANCY SERVICES LIMITED,28109981777,452454727,34642925,6641835,2015-16
TATTS GROUP LIMITED,19108686040,5338672116,160819014,41816520,2015-16
TATURA MILK INDUSTRIES LTD,66006603970,479234780,26137815,5031830,2015-16
TAYLOR CORPORATION PTY LIMITED,40146589344,334897163,10669713,3200914,2015-16
TEACHERS MUTUAL BANK LIMITED,30087650459,274298924,46575706,13685090,2015-16
TECH MAHINDRA LIMITED,15092511558,151143239,10108452,3032536,2015-16
TECHNICOLOR PTY LTD,23000978343,190599866,16909247,5072774,2015-16
TECHNIP OCEANIA PTY LTD,43062878719,871403028,7686453,,2015-16
TECHNOLOGY ONE LIMITED,84010487180,249075646,75744385,8055170,2015-16
TECHWOOL TRADING PTY LTD,69006145955,452189195,1631886,489566,2015-16
TECNICAS REUNIDAS SA,50159554686,103007407,,,2015-16
TELERIC PTY LTD,90004284664,933447973,27270641,3524620,2015-16
TELETECH INTERNATIONAL PTY LIMITED,46061711804,184756613,,,2015-16
TELSTRA CORPORATION LTD,33051775556,27905910090,5981057120,1738271313,2015-16
TEMPERZONE AUSTRALIA HOLDINGS PTY LIMITED,52001653176,129493501,7454024,2234582,2015-16
TEMPO GROUP HOLDINGS PTY LTD,63607698153,201131325,6044397,1759180,2015-16
TEN NETWORK HOLDINGS LIMITED,14081327068,704832156,,,2015-16
TERADATA AUSTRALIA PTY LTD,77125071374,111621117,2803153,836658,2015-16
TERRACE TOWER GROUP PTY LIMITED,27002742967,215795021,38419060,11514921,2015-16
TETRA PAK MANUFACTURING PTY LIMITED,50004435901,136217175,4305727,1291718,2015-16
TETRA TECH COFFEY HOLDING PTY LTD,46611080534,403264857,,,2015-16
TEYS AUSTRALIA PTY LTD,38009872600,2443270620,1865680,,2015-16
THALES AUSTRALIA HOLDINGS PTY LTD,84058583841,1261228894,157278225,27758280,2015-16
THE BANK OF TOKYO-MITSUBISHI UFJ LTD,75103418882,658738381,74960895,22488268,2015-16
THE BOSTON CONSULTING GROUP PTY LTD,70007347131,151054008,,,2015-16
THE FOURTH FORCE PTY LTD,22084438773,529772192,12165049,3649515,2015-16
THE HONGKONG AND SHANGHAI BANKING CORPORATION LIMITED,65117925970,556365730,221650120,66495036,2015-16
THE INDEPENDENT LIQUOR GROUP (SUPPLIERS) CO-OPERATIVE LTD,63629864769,214087817,42345,12555,2015-16
THE INDEPENDENT LIQUOR GROUP DISTRIBUTION CO-OP LTD,70252541400,388023551,169780,50934,2015-16
THE MYER FAMILY INVESTMENTS PTY LTD,32004116296,666060230,46756914,1473570,2015-16
THE NIELSEN COMPANY (HOLDINGS) PTY LIMITED,24134566804,130261099,213752,64126,2015-16
THE NORTHERN TRUST COMPANY,62126279918,149344444,39627925,11888378,2015-16
THE NUANCE GROUP (AUSTRALIA) PTY LTD,54068215341,238187920,,,2015-16
THE PAS GROUP LIMITED,25169477463,290797199,4150309,1245093,2015-16
THE REJECT SHOP LIMITED,33006122676,801855642,34918383,10475515,2015-16
THE ROYAL AUTOMOBILE CLUB OF QUEENSLAND LIMITED,72009660575,158739525,17123656,5137097,2015-16
THE ROYAL AUTOMOBILE CLUB OF WA (INC),33212133120,671485033,,,2015-16
THE STAR ENTERTAINMENT GROUP LIMITED,85149629023,2268970799,267920371,77847594,2015-16
THE SWATCH GROUP (AUSTRALIA) PTY LTD,20004287110,125100017,11448735,3434620,2015-16
THE VALSPAR (AUSTRALIA) PAINT ACQUISITION PTY LTD,39144866464,299698142,1474671,,2015-16
THE VICTORIA CARPET COMPANY PTY LTD,14004304956,144031815,7893983,2368195,2015-16
THE WALT DISNEY COMPANY (AUSTRALIA) PTY LTD,30054610025,683883983,,,2015-16
THERMO ELECTRON AUSTRALIA PTY LTD,44109074115,265611325,,,2015-16
THOMAS FOODS INTERNATIONAL CONSOLIDATED PTY LTD,20105099849,1393184658,62371500,15950785,2015-16
THOMSON REUTERS (AUSTRALIA) PTY LTD,87058914766,308056710,26450209,5839067,2015-16
THORN GROUP LIMITED,54072507147,302184502,29626092,8887827,2015-16
THYSSENKRUPP LIFTS PACIFIC PTY LTD,90070470521,264505577,,,2015-16
TIANYU WOOL PTY LTD,67155215053,237758070,282690,84807,2015-16
TIFFANY & CO (AUSTRALIA) PTY LIMITED,93128219554,209098263,25089630,7526889,2015-16
TIGER AIRWAYS AUSTRALIA PTY LTD,52124369008,475672815,,,2015-16
TILT RENEWABLES AUSTRALIA PTY LTD,15101038331,133594133,31581491,9474447,2015-16
TIMBERLINK AUSTRALIA PTY LTD,12161713015,202097201,35981008,7554590,2015-16
TIVOLI INVESTMENTS PTY LTD,90165718070,227191923,16417422,4349116,2015-16
TJ & RF FORDHAM PTY LIMITED,56000548354,302460676,42494530,12748274,2015-16
TMC POOLS PTY LIMITED,49132109338,245088541,5576,1673,2015-16
TNT AUSTRALIA PTY LIMITED,41000495269,884046717,,,2015-16
TOGA PTY. LTD.,27000926947,656290500,148290451,37469525,2015-16
TOKYO GAS AUSTRALIA PTY LTD,46102349557,395032403,,,2015-16
TOKYO TIMOR SEA RESOURCES PTY LTD,39000751593,220386755,12349337,3704800,2015-16
TOLEDO HOLDING (AUSCO) PTY LTD,26159264598,158149282,,,2015-16
TOLL HOLDINGS LIMITED,25006592089,5058142102,,,2015-16
TOP DECK TOURS PTY LTD,30107934841,154005888,,,2015-16
TORO AUSTRALIA PTY LTD,47001310443,205095198,10542559,3162768,2015-16
TOSHIBA (AUSTRALIA) PTY LIMITED,19001320421,433999236,5354654,177847,2015-16
TOWER SOFTWARE ENGINEERING PTY LTD,81008602739,1456849496,,,2015-16
TOX FREE SOLUTIONS LIMITED,27058596124,369270799,30325546,5691740,2015-16
TOYO TYRE & RUBBER AUSTRALIA LIMITED,93000767279,115191894,1392408,417722,2015-16
TOYOTA BOSHOKU AUSTRALIA PTY LTD,93101683943,205736357,21941554,6582466,2015-16
TOYOTA MATERIAL HANDLING AUSTRALIA PTY LIMITED,38104644635,359798220,16712644,5013793,2015-16
TOYOTA MOTOR CORPORATION AUSTRALIA LTD,64009686097,10342138099,493985214,137745055,2015-16
TOYOTA TSUSHO INVESTMENT (AUSTRALIA) PTY LTD,59003964154,473044556,,,2015-16
TOYOTA TSUSHO SOUTH PACIFIC HOLDINGS PTY LTD,82050105443,115513530,14052442,1749745,2015-16
TOYS 'R' US (AUSTRALIA) PTY LTD,77057455026,266630667,,,2015-16
TPG TELECOM LIMITED,46093058069,2381600934,454022138,135328889,2015-16
TRANSALTA ENERGY (AUSTRALIA) PTY LTD,40062135844,208117558,,,2015-16
TRANSDEV AUSTRALASIA PTY LTD,40079303816,521001463,50781178,14737176,2015-16
TRANSURBAN HOLDINGS LIMITED,86098143429,2546472964,24838556,,2015-16
TRANSURBAN QUEENSLAND FINANCE PTY LIMITED,16169093850,191301564,1025055,307516,2015-16
TRANSURBAN QUEENSLAND HOLDINGS 1 PTY LIMITED,64169090804,430739529,,,2015-16
TRAVELCUBE PACIFIC PTY LTD,52099122577,208155787,4535262,1360579,2015-16
TRAVELEX AUSTRALIA HOLDINGS PTY LTD,98105260035,1908181856,3940921,1176745,2015-16
TREASURY WINE ESTATES LIMITED,24004373862,1353257963,139267030,22132222,2015-16
TREND MICRO AUSTRALIA PTY LTD,70077055817,108027868,17379409,775602,2015-16
TRILITY GROUP PTY LTD,39144522565,117798966,4472946,,2015-16
TRIMAS HOLDINGS AUSTRALIA PTY LTD,20107464175,109392260,2852012,635137,2015-16
TRONOX AUSTRALIA PIGMENTS HOLDINGS PTY LIMITED,70155120728,356750186,,,2015-16
TRONOX LIMITED,91153348111,1314407551,,,2015-16
TRU BLU BEVERAGES PTY LIMITED,77151411764,220475287,5543095,1662928,2015-16
TRUE ALLIANCE PTY LIMITED,25098282001,257836328,4110472,1229079,2015-16
TTC CONSOL PTY LIMITED,48098788062,279306483,,,2015-16
TULLY SUGAR LIMITED,92011030256,179344746,17426185,4222034,2015-16
TURI FOODS PTY LTD,29057142971,322856726,1697203,509161,2015-16
TUTT BRYANT GROUP LIMITED,89009242675,246984782,,,2015-16
TYNAN MOTORS HOLDINGS PTY LTD,15002448446,358913793,11824769,3547431,2015-16
UACJ AUSTRALIA PTY LTD,82005579840,150391896,,,2015-16
UBS AG AUSTRALIA BRANCH,47088129613,856459142,23206166,6328369,2015-16
UBS HOLDINGS PTY LTD,50050101249,724459436,271300215,79404700,2015-16
UE & MULTINET PTY LTD,31093273851,104011187,665322,199597,2015-16
UGL LIMITED,85009180287,1526225273,,,2015-16
UGL UNIPART RAIL SERVICES PTY LTD,49154895940,264306278,16527571,4958271,2015-16
ULAN COAL MINES LIMITED,80000189248,948204690,819,246,2015-16
ULLRICH ALUMINIUM PTY. LIMITED,70001697445,108091529,,,2015-16
UNICHARM AUSTRALASIA HOLDING PTY LTD,56114210794,138303357,,,2015-16
UNILEVER AUSTRALIA GROUP PARTNERSHIP,17935397189,1567771041,32164015,9649204,2015-16
UNIQLO AUSTRALIA PTY LTD,36161922103,175429987,3653790,1096137,2015-16
UNISYS AUSTRALIA PTY LIMITED,31105642902,207054467,1469087,,2015-16
UNITED ENERGY DISTRIBUTION HOLDINGS PTY LTD,15104381660,666103341,,,2015-16
UNITED GLOBAL LOGISTICS PTY LTD,28144641154,281568515,9394520,2225647,2015-16
UNITED OVERSEAS BANK LIMITED SYDNEY BRANCH,56060785284,210872856,,,2015-16
UNITED TERMINALS PTY LTD,73129440955,962023863,,,2015-16
UNIVERSAL PICTURES INTERNATIONAL AUSTRALASIA PTY LTD,44122951099,227289243,,,2015-16
UNIVERSAL PROPERTY GROUP PTY LIMITED,98078297748,220050568,11806249,3541875,2015-16
UNIVERSAL SONY PICTURES HOME ENTERTAINMENT AUSTRALIA PTY LIMITED,39152425735,149401432,,,2015-16
UNIVERSITY CO-OPERATIVE BOOKSHOP LTD,70009937160,135867130,,,2015-16
USG BORAL BUILDING PRODUCTS PTY LIMITED,84004231976,510549023,74370565,16766446,2015-16
UTI (AUST) PTY LTD,48006734747,226311703,,,2015-16
UTILITIES MANAGEMENT PTY LTD,25090664878,251081559,,,2015-16
UXC LIMITED,65067682928,384812235,1988584,568410,2015-16
VALEANT HOLDCO 2 PTY LTD,35154341367,260484571,9493558,2848067,2015-16
VALMONT QUEENSLAND PTY LTD,73142183800,469964661,,,2015-16
VALVOLINE (AUSTRALIA) PTY LTD,86000446855,214675439,23081110,6924333,2015-16
VANDERFIELD PTY LTD,58060286759,204729587,10297033,3089110,2015-16
VANGUARD INVESTMENTS AUSTRALIA LTD,72072881086,122863492,10781935,3233862,2015-16
VANTIVE AUSTRALIA PTY LIMITED,,1154778384,54996574,13704008,2015-16
VAX APPLIANCES (AUSTRALIA) PTY LTD,84009099736,347832706,10667931,3200379,2015-16
VEDA GROUP LIMITED,26124306958,191985694,33783581,,2015-16
VEGIE BANDITS PTY LTD,31079441044,247073093,2137366,641210,2015-16
VENNOR INVESTMENTS PTY LTD,92050397110,1619304590,,,2015-16
VENTIA SERVICES GROUP PTY LIMITED,53603253541,1473324994,,,2015-16
VENTURA MOTORS PTY LTD,67004235518,240460347,4559512,1367854,2015-16
VENTURE DMG PTY LTD,83119505092,113807313,,,2015-16
VEOLIA WATER AUSTRALIA PTY LTD,99061161279,176658291,3451563,,2015-16
VERIS LTD,80122958178,120926091,1761875,,2015-16
VERIZON AUSTRALIA PTY LIMITED,62081001194,184155881,9088120,2686945,2015-16
VERMILION AUSTRALIA LIMITED PARTNERSHIP,92210617868,153720402,18595907,5480769,2015-16
VESTAS AUSTRALIAN WIND TECHNOLOGY PTY  LIMITED,80089653878,136673000,13378526,4013558,2015-16
VICINITY LIMITED,90114757783,250961197,,,2015-16
VICTORIA POWER NETWORKS PTY LTD,37116940820,1669647136,,,2015-16
VICTORIA TEACHERS LIMITED,44087651769,101733322,19488014,5837718,2015-16
VILLA WORLD LIMITED,38117546326,391995205,16472394,4941718,2015-16
VILLAGE ROADSHOW LIMITED,43010672054,847377284,65545935,17675990,2015-16
VINCI ENERGIES AUSTRALIA PTY LTD,86602042339,138334599,,,2015-16
VIP TOPCO PTY LIMITED,17605943486,344573198,,,2015-16
VIRBAC (AUSTRALIA) PTY LIMITED,77003268871,112890217,22298920,4604578,2015-16
VIRGIN AUSTRALIA HOLDINGS LIMITED,54100686226,4587137706,,,2015-16
VIRTUS HEALTH LIMITED,80129643492,215507976,41008827,10471068,2015-16
VISION EYE INSTITUTE LTD,21098890816,107439529,15271541,4560165,2015-16
VITA GROUP LIMITED,62113178519,681625258,46067276,12572511,2015-16
VIVA ENERGY AUSTRALIA PTY LTD,46004610459,16773205681,,,2015-16
VIVA ENERGY HOLDING PTY LTD,59167883525,107050126,,,2015-16
VIVA ENERGY REFINING PTY LTD,46004303842,306152303,2583165,,2015-16
VLI PTY LTD,20114932311,110658256,,,2015-16
VMWARE AUSTRALIA PTY LTD,77122677089,103400350,5965930,1789779,2015-16
VOCUS GROUP LIMITED,96084115499,718923315,62010370,18517365,2015-16
VODAFONE HUTCHISON AUSTRALIA PTY LTD,76096304620,4182350606,,,2015-16
VOLKSWAGEN FINANCIAL SERVICES AUSTRALIA PTY LTD,20097071460,237336417,29604531,8881359,2015-16
VOLKSWAGEN GROUP AUSTRALIA PTY LTD,14093117876,2123925408,73223914,21967174,2015-16
VOLVO CAR AUSTRALIA PTY LIMITED,18004830611,245087390,7197650,2159295,2015-16
VOLVO GROUP AUSTRALIA PTY LTD,27000761259,1217632427,39525556,10990455,2015-16
VOYAGES INDIGENOUS TOURISM AUSTRALIA PTY LTD,82146482591,195660742,,,2015-16
VULCAN STEEL PTY LTD,61100061283,227468225,3681345,1104404,2015-16
WAGNER GROUP HOLDINGS PTY LTD,13116370024,206817004,398200,,2015-16
WALKER GROUP HOLDINGS PTY LTD,81001215069,477482458,,,2015-16
WAM ACTIVE LIMITED,49126420719,130679770,4242584,1022505,2015-16
WAM CAPITAL LIMITED,34086587395,2113063094,141587623,36340176,2015-16
WAM RESEARCH LIMITED,15100504541,236817641,37244265,9731052,2015-16
WAMBO COAL PTY LTD,13000668057,609350011,36016734,10638548,2015-16
WARKWORTH COAL SALES LTD,76001614393,678356591,1980610,8887,2015-16
WARNER BROS. ENTERTAINMENT AUSTRALIA P TY LTD,70003773411,672314020,,,2015-16
WARRNAMBOOL CHEESE AND BUTTER FACTORY COMPANY HOLDINGS LTD,15071945232,660307847,16890747,634317,2015-16
WASHINGTON H. SOUL PATTINSON AND COMPANY LIMITED,49000002728,235808373,153981859,,2015-16
WATERMARK MARKET NEUTRAL FUND LIMITED,45163980498,300718118,11498536,2887615,2015-16
WATPAC LIMITED,98010562562,1234232946,,,2015-16
WBHO INFRASTRUCTURE PTY LTD,78089434220,119444953,444633,,2015-16
WEATHERFORD AUSTRALIA PTY LTD,68008947395,208582907,16545695,4963708,2015-16
WEBJET LIMITED,68002013612,100042571,26528443,5904223,2015-16
WEIR GROUP (AUSTRALIAN HOLDINGS) PTY LTD,57090873117,432637239,61132176,11230299,2015-16
WELLARD LIMITED,53607708190,313324217,,,2015-16
WELLCOM GROUP LTD,85114312542,108536664,12616590,3170133,2015-16
WENGFU AUSTRALIA PTY LTD,31141160581,296271522,,,2015-16
WESFARMERS LIMITED,28008984049,63446848220,3256885643,930590946,2015-16
WESSEL PETROLEUM PTY. LTD.,46054320991,235859469,5266070,1579821,2015-16
WESTCON GROUP PTY LTD,77050539672,313605125,2678772,798381,2015-16
WESTERN AREAS LIMITED,68091049357,212457537,,,2015-16
WESTERN AUSTRALIAN MEAT MARKETING CO-OP LTD,54048449698,147900815,800927,,2015-16
WESTERN SUBURBS (N'CLE) LEAGUES CLUB LIMITED,24000973919,125704152,,,2015-16
WESTERN UNION BUSINESS SOLUTIONS (AUSTRALIA) PTY LIMITED,24150129749,101879114,4430942,1329283,2015-16
WESTFIELD CORPORATION LIMITED,12166995197,380116486,16641721,4967203,2015-16
WESTOZ INVESTMENT COMPANY LIMITED,99113332942,102883638,,,2015-16
WESTPAC BANKING CORPORATION,33007457141,37100179413,10414535657,2966534486,2015-16
WESTROCK PACKAGING SOLUTIONS PTY LTD,59003986472,129562827,3603781,1081134,2015-16
WEYHILL PTY LTD,83005812671,122241106,,,2015-16
WHITEFIELD LIMITED,50000012895,180251147,21117103,,2015-16
WHITEHAVEN COAL LIMITED,68124425396,1577619771,,,2015-16
WHITING HOLDINGS AUSTRALIA PTY LIMITED,94151385116,166314262,1842456,552737,2015-16
WICET HOLDINGS PTY LTD,26131210001,219137051,,,2015-16
WILEY PUBLISHING AUSTRALIA PTY LTD,48085710952,102323847,12303201,3533362,2015-16
WILLIAM ADAMS PTY LTD,72009569493,343582547,3631083,960754,2015-16
WILLIAM HILL AUSTRALIA HOLDINGS PTY LI MITED,54161652955,311432744,18152435,,2015-16
WILLIAM INGLIS & SON LIMITED,75000011307,293978729,20296330,5943185,2015-16
WILMAR AUSTRALIA HOLDINGS PTY LIMITED,79144972743,1706896253,,,2015-16
WILMAR GAVILON PTY LTD,58128080455,727472617,6247358,1860477,2015-16
WILSON PARKING AUSTRALIA 1992 PTY LTD,67052475911,1085289504,32935460,8148960,2015-16
WILSON TRANSFORMER HOLDINGS PTY LTD,24109811136,212538230,4862348,,2015-16
WIN CORPORATION PTY LTD,43000737404,282633449,48220059,13509176,2015-16
WINDFIELD HOLDINGS PTY LTD,60160456164,249741310,78486696,20497761,2015-16
WINNING APPLIANCES PTY LIMITED,94002193688,206821395,15000286,4357242,2015-16
WINNING ONLINE GROUP PTY LIMITED,99151836314,205779046,,,2015-16
WIPRO LIMITED,18093961936,247103731,16657425,4997228,2015-16
WIRTGEN AUSTRALIA PTY LIMITED,29002968167,108015429,,,2015-16
WISCONSIN HOLDINGS PTY LTD,26003430135,374754377,,,2015-16
WLG HOLDINGS (AUSTRALIA) PTY LIMITED,42116743698,103705168,809702,242911,2015-16
WMGD PTY LIMITED,33097246921,116352556,,,2015-16
WOLTERS KLUWER AUSTRALIA PTY LIMITED,46095325643,100837001,9834727,2413969,2015-16
WONBINDI COAL PTY LIMITED,62114668941,158963321,,,2015-16
WOOD GROUP AUSTRALIA PTY LIMITED,51101049076,525983185,,,2015-16
WOODSIDE PETROLEUM LTD,55004898962,7085553026,1558248770,73497299,2015-16
WOOLWORTHS LIMITED,88000014675,49414150955,1852662288,496872267,2015-16
WORKFORCE INTERNATIONAL GROUP PTY LTD,29141197097,234982225,5022884,1506865,2015-16
WORKPAC PTY LTD,52111076012,733440981,10170685,2419477,2015-16
WORLD FUEL SERVICES (AUSTRALIA) PTY LTD,99150375063,101649288,134209,40263,2015-16
WORLDMARK GROUP HOLDINGS PTY LTD,44144505199,152766898,2127637,,2015-16
WORLEYPARSONS LIMITED,17096090158,1464267521,30980434,,2015-16
WORMALD AUSTRALIA PTY LIMITED,80008399004,206650124,,,2015-16
WPP AUNZ LTD,84001657370,212153304,44856732,,2015-16
WPP HOLDINGS (AUSTRALIA) PTY LIMITED,86000029630,291460163,21424689,2276280,2015-16
WR CARPENTER NO 1 PTY LTD,34118630461,142248138,,,2015-16
WRIGHT PROSPECTING PTY LTD,35008677021,216957870,207504742,61695411,2015-16
WRIGLEY UNO 2 AUSTRALIA PTY LTD,68133509930,250226710,38820494,11345331,2015-16
WSP AUSTRALIA HOLDINGS PTY LTD,90169545395,250948352,11638438,,2015-16
WUGANG (AUSTRALIA) PTY LIMITED,24110966633,120995219,33653883,10096165,2015-16
WURTH AUSTRALIA PTY LTD,48002487096,100326373,,,2015-16
WYNDHAM VACATION RESORTS ASIA PACIFIC PTY LTD,30090083613,284598830,54935949,16034310,2015-16
XEGELAB PTY LTD,58159334764,338666357,,,2015-16
XL INSURANCE COMPANY SE,36083570441,171571298,,,2015-16
XYLEM AUSTRALIA HOLDINGS PTY LTD,89162495070,155061999,,,2015-16
XYZNETWORKS PTY LTD,71066812119,103899877,9453458,2699383,2015-16
YAHOO! AUSTRALIA & NZ (HOLDINGS) PTY L IMITED,54117505450,111310425,30898467,8216768,2015-16
YAMAHA MOTOR AUSTRALIA PTY. LIMITED.,88002556989,356351003,16964161,,2015-16
YANCOAL AUSTRALIA LIMITED,82111859119,1460270254,,,2015-16
YARA PILBARA FERTILISERS PTY LTD,74095441151,394911535,212613857,63784157,2015-16
YKK ALUMINIUM (AUSTRALIA) PTY LTD,66001779237,156588082,12799563,3839869,2015-16
YOKOGAWA AUSTRALIA PTY LIMITED,36003888364,253998133,19839037,5943993,2015-16
YOUI HOLDINGS PTY LTD,41124972425,647276060,65039385,18877957,2015-16
YUANDA AUSTRALIA PTY LTD,60121594858,218319618,,,2015-16
YUSEN LOGISTICS (AUSTRALIA) PTY LTD,85003550776,133628633,5989432,1796830,2015-16
ZF HOLDINGS AUSTRALIA PTY LTD,85109711828,180442390,15268441,3950818,2015-16
ZIMMER AUSTRALIA HOLDING PTY LIMITED,93107449534,246386699,30886374,9183919,2015-16
ZOETIS AUSTRALIA PTY LIMITED,94156476425,259988739,23779558,6218864,2015-16
ZTE (AUSTRALIA) PTY LTD,64110578428,138377480,1230269,369081,2015-16
ZURICH FINANCIAL SERVICES AUSTRALIA LIMITED,11008423372,1379106272,104973479,16283100,2015-16
