company_name,abn,total_income,taxable_income,tax_payable,income_year
1884 PTY LIMITED,83114980880,222245565,3191812,957479,2017-18
21ST CENTURY RESORT HOLDINGS PTY LTD,33104201014,274237922,22281289,6684387,2017-18
3M AUSTRALIA PTY LTD,90000100096,486372947,25662268,7698680,2017-18
7 HOLDINGS PTY LTD,31005620851,3498469126,85004106,25343912,2017-18
A J GRANT BUILDING PTY LIMITED,13080764567,205557442,10783781,3235134,2017-18
A P EAGERS LTD,87009680013,3963293494,139896947,33169015,2017-18
A.C.N. 003 933 300 PTY LTD,58003933300,451558399,,,2017-18
A.C.N. 004 410 833 LIMITED (SUBJECT TO DEED OF COMPANY ARRANGEMENT),63004410833,1417600725,,,2017-18
A.C.N. 085 239 998 PTY LTD,39085239998,792022287,167116039,50134812,2017-18
A.C.N. 166 119 133 PTY LTD,31166119133,775003930,24338719,,2017-18
A.C.N. 169 231 172 PTY LTD,34169231172,248888324,5990162,1797049,2017-18
A2 AUSTRALIAN INVESTMENTS PTY. LIMITED.,93126014275,593246846,33062965,9918890,2017-18
A2 INFANT NUTRITION LIMITED,81618864958,529037978,145696275,43708882,2017-18
A2B AUSTRALIA LIMITED,99001958390,188530386,21639789,6456825,2017-18
AA HOLDINGS PTY LTD,94112233744,586485461,49547094,14864128,2017-18
AAPC LIMITED,87009175820,441575197,3171699,,2017-18
ABACUS GROUP HOLDINGS LIMITED,31080604619,165092050,70382796,21063689,2017-18
ABB GROUP INVESTMENT MANAGEMENT PTY LTD,47082803852,695206917,7154218,,2017-18
ABBOTT AUSTRALASIA PTY LIMITED,95000180389,349006641,34366127,10309838,2017-18
ABBOTT MEDICAL AUSTRALIA PTY LTD.,73080212746,185958978,16152766,4845830,2017-18
ABBVIE PTY LIMITED,48156384262,354663361,39824499,4825239,2017-18
ABC REFINERY (AUSTRALIA) PTY LIMITED,86621121079,1254923862,,,2017-18
ABC TISSUE PRODUCTS PTY LIMITED,33003085112,442578713,61480978,18444223,2017-18
ABCORP GROUP (AUSTRALASIA) PTY LTD,71118294536,129355936,,,2017-18
ABERGELDIE CONSOLIDATED PTY LTD,21143512350,319160361,2209594,521714,2017-18
ABI AUSTRALIA HOLDING PTY LTD,99615290849,3507853786,409639369,,2017-18
ABN AMRO CLEARING SYDNEY PTY LTD,36081279889,112363600,6695862,2008759,2017-18
ABN GROUP (VIC) PTY LTD,82130382188,361432347,31231049,9369315,2017-18
ABP FINANCE PTY LIMITED,58139991101,404885018,,,2017-18
ABSOLUTE EQUITY PERFORMANCE FUND LIMITED,17608552496,198793316,,,2017-18
ABT ASSOCIATES AUSTRALIA PTY LTD,72161695156,230140733,4192447,1251443,2017-18
ACCENT GROUP LIMITED,85108096251,634284490,68343549,20503065,2017-18
ACCENTURE AUSTRALIA HOLDINGS PTY LIMITED,61096995649,2139397646,110877856,32392961,2017-18
ACCIONA AGUA AUSTRALIA PTY LTD,84128531742,1314307250,28237587,7149397,2017-18
ACCIONA GEOTECH HOLDING PTY LTD,99616868314,141294514,100668,,2017-18
ACCO BRANDS AUSTRALIA HOLDING PTY LIMITED,58130787923,243040444,26838757,8051627,2017-18
ACCOLADE WINES HOLDINGS AUSTRALIA PTY LIMITED,56103359299,451882397,,,2017-18
ACER COMPUTER AUSTRALIA PTY LIMITED,78003872768,306251009,441790,132537,2017-18
AD ASTRA HOLDINGS PTY LTD,19111061726,364680521,87425186,26227556,2017-18
ADAIRS LIMITED,50147375451,309787042,43051613,12915484,2017-18
ADAMA AUSTRALIA HOLDINGS PTY LTD,31108759495,210431124,9630085,2889026,2017-18
ADANI ABBOT POINT TERMINAL HOLDINGS PTY LTD,17154644685,354826230,13326659,3997998,2017-18
ADAPT-A-LIFT GROUP PTY LTD,81605149568,213551981,3853575,,2017-18
ADCO CONSTRUCTIONS PTY LIMITED,46001044391,578689881,,,2017-18
ADCOME PTY LTD,99110315681,401818741,,,2017-18
ADCORP HOLDINGS AUSTRALIA PTY LTD,91161583893,528878195,8747104,1585784,2017-18
ADECCO HOLDINGS PTY LTD,11003652088,557457883,,,2017-18
ADELAIDE AIRPORT LIMITED,78075176653,231449921,45105379,13531614,2017-18
ADELAIDE BRIGHTON LIMITED,15007596018,1640895071,256686386,71042751,2017-18
ADIDAS AUSTRALIA PTY LTD,80058390659,438117709,46989734,14096920,2017-18
ADM TRADING AUSTRALIA PTY LTD,92126806979,914916352,,,2017-18
ADOBE SYSTEMS PTY LTD,72054247835,396197167,19883804,5965141,2017-18
AFFINITY CHILDCARE HOLDINGS PTY LIMITED,72607818057,231634718,16373477,4912043,2017-18
AFGRI AUSTRALIA PTY LTD,14103619067,227749208,6676944,2001821,2017-18
AFTERPAY TOUCH GROUP LIMITED,30618280649,126172196,19583979,,2017-18
AGC AUSTRALIA PTY LTD,59081037274,393002608,,,2017-18
AGCO AUSTRALIA LIMITED,89004092684,285668554,7456424,2236927,2017-18
AGGREKO GENERATOR RENTALS PTY LTD,66001991457,130757282,,,2017-18
AGILENT TECHNOLOGIES AUSTRALIA PTY LTD,29088510605,110536626,10155609,2827010,2017-18
AGILITY LOGISTICS HOLDINGS PTY LTD,62116779876,242735334,,,2017-18
AGL ENERGY LTD,74115061375,11937111946,64803284,19290985,2017-18
AGL GENERATION HOLDCO PTY LTD,46155768291,2346061383,180581159,41957870,2017-18
AGNVET MANAGEMENT SERVICES PTY LIMITED,91087675465,323084374,9526762,2786458,2017-18
AGREX AUSTRALIA PTY LTD,57168277101,113506134,,,2017-18
AGRICULTURAL BANK OF CHINA LIMITED,48848300367,170125329,26350495,7876680,2017-18
AGRIFOODS GLOBAL PTY LIMITED,63102428571,581012143,895657,268697,2017-18
AGRIUM SP HOLDINGS PTY LIMITED,58146674400,2313649165,134134009,28434438,2017-18
AHRENS GROUP PTY LTD,76114260230,248661581,7908867,2264323,2017-18
AIG AUSTRALIA LIMITED,93004727753,1095333000,20240705,3574970,2017-18
AINSWORTH GAME TECHNOLOGY LTD,37068516665,111040102,47808566,8097982,2017-18
AIOI NISSAY DOWA INSURANCE COMPANY AUSTRALIA PTY LTD,11132524282,273356440,,,2017-18
AIR LIQUIDE AUSTRALIA LIMITED,57004385782,344665960,35382465,10591168,2017-18
AIRBUS AUSTRALIA PACIFIC HOLDINGS PTY LIMITED,75003066788,736208033,64998163,16831206,2017-18
AIRPORT MOTORWAY HOLDINGS PTY LTD,55078322531,147008642,,,2017-18
AIRSERVICES AUSTRALIA,59698720886,1111345187,10220996,1047861,2017-18
AJ LUCAS GROUP LIMITED,12060309104,145860110,,,2017-18
AKZO NOBEL COATINGS (HOLDINGS) PTY LTD,51000285012,236513552,13152444,3945733,2017-18
ALCOA AUSTRALIAN HOLDINGS PTY LTD,33096987370,549486948,780335262,,2017-18
ALCOA OF AUSTRALIA LTD,93004879298,4606084558,1474280687,438797274,2017-18
ALDI FOODS PTY LIMITED,18086210139,7903971805,257183934,77155180,2017-18
ALH GROUP PTY LTD,68098212134,4439020862,413172435,123951731,2017-18
ALIMFRESH PTY LIMITED,78002831843,251542575,33585950,684028,2017-18
ALKANE RESOURCES LIMITED,35000689216,131521600,17627685,,2017-18
ALLEGIS GROUP APAC HOLDINGS PTY LTD,84159406523,115483556,,,2017-18
ALLERGAN AUSTRALIA PTY LIMITED,85000612831,221773426,11271925,3381578,2017-18
ALLIANCE AVIATION SERVICES LIMITED,96153361525,270759315,,,2017-18
ALLIANZ AUSTRALIA LIMITED,21000006226,5359916815,502110848,140198446,2017-18
ALLNEX AUSTRALIA PTY. LTD.,24160397768,256564500,,,2017-18
ALMONDCO AUSTRALIA LIMITED,81062887352,194880232,155525,46658,2017-18
ALS LIMITED,92009657489,537463808,45685857,11578768,2017-18
ALSCO PTY LIMITED,26000435629,271533845,31062646,9303376,2017-18
ALSTOM TRANSPORT AUSTRALIA PTY LTD,68165157451,476348407,25973065,7791920,2017-18
ALTOMONTE HOLDINGS PTY LIMITED,18000821910,726041933,6494920,1948476,2017-18
ALUMINA & BAUXITE COMPANY LTD,52692964098,246983751,,,2017-18
ALUMINA LIMITED,85004820419,392076018,497596404,,2017-18
ALUMINIUM SPECIALTIES GROUP PTY LTD,63001252259,279526977,20855526,6101608,2017-18
AMA GROUP LIMITED,50113883560,500398112,29083920,8596605,2017-18
AMADEUS IT PACIFIC PTY LTD,22080674255,115102110,27426155,995280,2017-18
AMARI METALS AUSTRALIA PTY LTD,13004496128,255486987,,,2017-18
AMAYSIM AUSTRALIA LTD,65143613478,566320075,23565644,4790669,2017-18
AMAZON CORPORATE SERVICES PTY LTD,95082931600,387358547,25013594,7504078,2017-18
AMAZON WEB SERVICES AUSTRALIA PTY LTD,63605345891,201665088,21884676,6565403,2017-18
AMCOR LIMITED,62000017372,5081720569,,,2017-18
AMERICAN EXPRESS AUSTRALIA LIMITED,92108952085,948465482,45165169,13549551,2017-18
AMERICOLD AUSTRALIAN HOLDINGS PTY LTD,48117491291,291017280,23739188,7121756,2017-18
AMEROPA AUSTRALIA PTY LTD,21009504394,485873208,9749700,895736,2017-18
AMGEN AUSTRALIA PTY LIMITED,31051057428,372363137,35378186,5198862,2017-18
AMP CAPITAL (GIF CAYMAN HOLDCO) 4 LP,,584116528,,,2017-18
AMP CAPITAL HOLDINGS LIMITED,69078651966,892754098,170585982,49852691,2017-18
AMP LIMITED,49079354519,32206247919,7930550800,905083030,2017-18
AMPLIFON AUSTRALIA HOLDING PTY LTD,34147231561,174753224,51744143,15523243,2017-18
ANCA PTY LTD,43005163244,266740751,34291516,4054438,2017-18
ANDREWS MEAT INDUSTRIES PTY LTD,16600428537,176327803,7345767,2203730,2017-18
ANGLO AMERICAN AUSTRALIA LIMITED,47004892371,4720895769,1615982352,311947890,2017-18
ANGLOGOLD INVESTMENTS AUSTRALIA PTY LTD,48090112459,945681087,129133378,37039658,2017-18
ANIXTER AUSTRALIA PTY LTD,68055815551,103377601,,,2017-18
ANL CONTAINER LINE PTY LTD,41083962136,336408902,32388709,9716613,2017-18
ANSALDO STS AUSTRALIA PTY LTD,34068707380,127726905,6812344,1965174,2017-18
ANSELL LIMITED,89004085330,883727862,6883837,2065151,2017-18
ANSVAR INSURANCE LIMITED,21007216506,139510150,7229552,2168866,2017-18
ANTICIMEX PTY LTD,24162914374,175922104,8511274,2529597,2017-18
ANTIPODES GLOBAL INVESTMENT COMPANY LIMITED,38612843517,358489552,47250822,12873033,2017-18
AON CONSOLIDATED GROUP PTY LTD,38090132675,527668660,56425551,16484598,2017-18
APCO SERVICE STATIONS PTY LTD,91007229898,398554784,11683221,3504966,2017-18
APH TOP CO PTY LIMITED,96608192374,374857910,36423215,10926964,2017-18
APN OUTDOOR GROUP LIMITED,57155848589,311262739,58686881,17488375,2017-18
APOLLO TOURISM & LEISURE LTD,67614714742,210157215,2192605,284332,2017-18
APOTEX AUSTRALIA PTY LTD,48054124980,491772637,15648300,4694490,2017-18
APPLE PTY LTD,46002510054,9253704773,402799140,120776231,2017-18
AQUALAND HOLDING PTY LTD,19614472347,207363435,,,2017-18
AQUASURE FINANCE PTY LTD,35136072627,443938464,,,2017-18
AQUASURE HOLDINGS PTY LTD,46135956053,285895510,34829253,10448776,2017-18
ARA GROUP LIMITED,47074886561,459839133,19830558,5862188,2017-18
ARAMEX FASTWAY HOLDINGS PTY. LTD.,86609553513,105617661,2066823,620047,2017-18
ARB CORPORATION LTD,31006708756,408109973,67979340,19126288,2017-18
ARCADIS AUSTRALIA PACIFIC HOLDINGS PTY LTD,56608711351,225200322,516009,,2017-18
ARCHITECTURAL WINDOW SYSTEMS PTY LIMITED,48067950903,124456796,9980906,2709505,2017-18
ARDENT LEISURE LIMITED,22104529106,198380456,,,2017-18
ARGO GLOBAL LISTED INFRASTRUCTURE LIMITED,23604986914,187219714,14119577,3119995,2017-18
ARGO INVESTMENTS LIMITED,35007519520,263845488,354824697,28526791,2017-18
ARISTOCRAT LEISURE LIMITED,44002818368,1841781223,446484320,122571384,2017-18
ARJ GROUP HOLDINGS PTY LTD,31104958527,473727703,30878446,9263534,2017-18
ARLA FOODS MAYER AUSTRALIA PTY LTD,78167620706,125179051,1045844,313753,2017-18
ARNOTTS BISCUITS HOLDINGS PTY LTD,84080889621,1374781825,124478399,32988751,2017-18
ARQ GROUP LIMITED,21073716793,198225226,20256950,5605671,2017-18
ARRIS GROUP AUSTRALIA PTY LTD,24160967582,261324720,19347967,5804390,2017-18
ARROW COMMODITIES PTY LIMITED,17078081428,549935476,13416742,4025023,2017-18
ARROW ELECTRONICS ANZ HOLDINGS PTY LTD,90102589515,699028603,19442854,5832856,2017-18
ARROW ENERGY HOLDINGS PTY LTD,94141385293,617108317,,,2017-18
ARUP PTY LIMITED,18000966165,407726118,8834845,630255,2017-18
ARVINMERITOR LIGHT VEHICLE SYSTEMS AUSTRALIA PTY LTD,46004314372,118389134,21088404,6326521,2017-18
ARYZTA HOLDINGS ASIA PACIFIC PTY LIMITED,57146007365,149068832,10155794,2876003,2017-18
ASAHI HOLDINGS (AUSTRALIA) PTY LTD,48135315767,1695877969,8052118,1221233,2017-18
ASALEO CARE LIMITED,61154461300,640878937,41666232,9857976,2017-18
ASC PTY LTD,64008605034,773775451,44317402,13079392,2017-18
ASCENDAS HOSPITALITY OPERATIONS PTY LTD,28156287857,146737636,2160618,648185,2017-18
ASG BRISBANE PTY LTD,72614297684,234390786,2996565,898969,2017-18
ASG GROUP LIMITED,57070045117,400470568,,,2017-18
ASG MELBOURNE PTY LTD,64616840110,396222025,11815536,3544661,2017-18
ASH 302 PTY LTD,56065395815,315346088,11478413,3443524,2017-18
ASHLEY SERVICES GROUP LIMITED,92094747510,333681029,,,2017-18
ASICS OCEANIA PTY LTD,59003091389,234460203,34877217,10150176,2017-18
ASP PACIFIC HOLDINGS PTY LTD,91080401930,135128758,,,2017-18
ASPEN ASIA PACIFIC PTY LTD,75146444484,651273606,137716087,38204423,2017-18
ASSA ABLOY AUSTRALIA PACIFIC PTY LTD,81095354582,309305196,41640165,10841070,2017-18
ASSOCIATED KILN DRIERS PTY. LIMITED,34004341048,249948931,22641388,6651334,2017-18
ASSOCIATED RETAILERS LIMITED,42004520030,192759420,,,2017-18
ASTRAL POOL AUSTRALIA PTY LTD,97007284504,119418399,5909095,1611238,2017-18
ASTRAZENECA HOLDINGS PTY LIMITED,59066876962,1024788628,86842374,23283433,2017-18
ASURION AUSTRALIA PTY LTD,18155388275,136954253,,,2017-18
ASX LIMITED,98008624691,1012911302,676808861,197364429,2017-18
AT&T GLOBAL NETWORK SERVICES AUSTRALIA PTY LTD,72087916701,131363407,5459220,1637766,2017-18
ATCO AUSTRALIA PTY LTD,74091033546,205623857,21571600,1987609,2017-18
ATCO STRUCTURES & LOGISTICS PTY LTD,71083902309,167851682,10342193,3102658,2017-18
ATLAS ARTERIA LIMITED,56141075201,108261545,,,2017-18
ATLAS IRON LIMITED,63110396168,556907244,,,2017-18
ATLASSIAN AUSTRALIA 1 PTY LTD,98166799542,1044197038,137962558,,2017-18
ATWOOD AUSTRALIAN WATERS DRILLING PTY LTD,64143726005,142319188,11848563,3554569,2017-18
AUB GROUP LIMITED,60000000715,117653002,45151226,877022,2017-18
AUDI AUSTRALIA PTY LIMITED,86077092776,1513671014,56817083,17045125,2017-18
AUDMET AUSTRALIA PTY LTD,19050487593,185546540,10757683,3227305,2017-18
AURECON GROUP PTY LTD,12133838187,519416028,55839990,16416151,2017-18
AURELIA METALS LIMITED,37108476384,250549595,5541444,1662433,2017-18
AURIZON HOLDINGS LIMITED,14146335622,3498488859,506726657,152017997,2017-18
AUSCAN HOLDINGS PTY LTD,70084400886,236838855,,,2017-18
AUSCO HOLDINGS PTY LIMITED,13150795547,364228762,,,2017-18
AUSCOTT LIMITED,38008436011,271636506,3304155,991246,2017-18
AUSDRILL LIMITED,95009211474,812461105,,,2017-18
AUSGRID FINANCE PTY LTD,14615343005,487406520,,,2017-18
AUSGRID MANAGEMENT PTY LTD,83615449548,583943237,,,2017-18
AUSNET SERVICES LTD.,45603317559,1933317067,174455170,52248523,2017-18
AUSREO HOLDINGS PTY LIMITED,22125694055,264651128,12786210,3814466,2017-18
AUSTAL LIMITED,73009250266,254015516,,,2017-18
AUSTCORP GROUP (AUST) PTY LTD,81080926414,226025072,8230349,2455459,2017-18
AUSTIN ENGINEERING LTD.,60078480136,129708939,,,2017-18
AUSTRALASIAN FOODS HOLDCO PTY LIMITED,70612640329,247723828,,,2017-18
AUSTRALASIAN PERFORMING RIGHT ASSOCIATION LIMITED,42000016099,295794000,,,2017-18
AUSTRALASIAN SOLVENTS AND CHEMICALS PTY LTD,57095441080,114089139,2440050,732015,2017-18
AUSTRALIA AND NEW ZEALAND BANKING GROUP LIMITED,11005357522,32828829428,8637242376,2198812305,2017-18
AUSTRALIA BUNKERING PTY LIMITED,26123643952,132662171,883112,264934,2017-18
AUSTRALIA MILLING GROUP PTY LTD,57127428406,205074833,,,2017-18
AUSTRALIA PACIFIC AIRPORTS CORPORATION LIMITED,89069775266,1060380589,367676451,110302935,2017-18
AUSTRALIA PACIFIC LNG PTY LTD,68001646331,5292408456,,,2017-18
AUSTRALIAN AGED CARE PARTNERS HOLDINGS PTY LTD,20162265983,334277000,9105622,2731687,2017-18
AUSTRALIAN AGRICULTURAL COMPANY LIMITED,15010892270,545471728,,,2017-18
AUSTRALIAN BAKELS PTY LIMITED,35000112836,139672653,18195842,5458753,2017-18
AUSTRALIAN BULLION COMPANY (NSW) PTY LTD,82002858602,325347628,43429,13029,2017-18
AUSTRALIAN CENTRAL CREDIT UNION LTD,11087651125,425940826,42715664,11517420,2017-18
AUSTRALIAN COMFORT GROUP HOLDINGS PTY LTD,48143785522,199028266,,,2017-18
AUSTRALIAN CONSOLIDATED MILK PTY LTD,19130716899,229207181,8351920,2505438,2017-18
AUSTRALIAN COUNTRY CHOICE HOLDINGS PTY LTD,87009729999,729014550,12014498,3604349,2017-18
AUSTRALIAN FINANCE GROUP LIMITED,11066385822,619247918,42481972,12744592,2017-18
AUSTRALIAN FOUNDATION INVESTMENT COMPANY LIMITED,56004147120,371228947,420369675,20732930,2017-18
AUSTRALIAN GAS NETWORKS HOLDINGS PTY LIMITED,24169818026,618395712,382046,114614,2017-18
AUSTRALIAN GOLD REAGENTS PTY LTD,93009140121,215164172,,,2017-18
AUSTRALIAN GRAIN EXPORT PTY LTD,92073563185,427428861,10335021,3100506,2017-18
AUSTRALIAN INDEPENDENT RURAL RETAILERS PTY LTD,36112308835,371013559,16383221,4914966,2017-18
AUSTRALIAN LAMB COMPANY PTY LTD,51007340123,457472043,42075073,12338077,2017-18
AUSTRALIAN LEADERS FUND LIMITED,64106845970,1346558155,,,2017-18
AUSTRALIAN LOGISTICS ACQUISITION HOLDINGS PTY LTD,28611628909,2820680341,,,2017-18
AUSTRALIAN MEAT GROUP PTY LTD,75168396316,223742818,,,2017-18
AUSTRALIAN MERINO EXPORTS PTY LTD,57151148435,298116742,909520,272856,2017-18
AUSTRALIAN MOTOR GROUP PTY LTD,67095047902,300296139,12066028,3619808,2017-18
AUSTRALIAN NATURE INVESTMENT PTY LTD,16611339621,243219955,16554485,3228110,2017-18
AUSTRALIAN PACIFIC (HOLDINGS) PTY LTD,43005419652,634716868,,,2017-18
AUSTRALIAN PHARMACEUTICAL INDUSTRIES LIMITED,57000004320,4839256629,76301112,22868027,2017-18
AUSTRALIAN PIPELINE TRUST,21858175226,2403607686,178332427,52165192,2017-18
AUSTRALIAN POSTAL CORPORATION,28864970579,6854881495,97553001,28802842,2017-18
AUSTRALIAN RAIL TRACK CORPORATION LIMITED,75081455754,831888761,,,2017-18
AUSTRALIAN RURAL EXPORTS PTY LTD,49009933831,211529188,5799147,1697739,2017-18
AUSTRALIAN SCHOLARSHIPS GROUP FRIENDLY SOCIETY LI,21087648879,127368786,24876222,4376220,2017-18
AUSTRALIAN TECHNOLOGY INNOVATORS PTY LIMITED,84620293272,251030958,26631935,7107112,2017-18
AUSTRALIAN UNITY LIMITED,23087648888,1642363240,124975376,31788344,2017-18
AUSTRALIAN VINTAGE LIMITED,78052179932,265627000,,,2017-18
AUSTRALIANSUPER PTY LTD,94006457987,410960521,864348,259304,2017-18
AUSTREO PROPERTY VENTURES PTY LTD,61165277305,174623314,124822678,37446803,2017-18
AUSWIDE BANK LTD,40087652060,141004024,24214076,7133799,2017-18
AUTO & GENERAL HOLDINGS PTY LTD,84086321459,289386735,48836658,14650997,2017-18
AUTO & GENERAL INSURANCE COMPANY LTD,42111586353,717096709,55581663,16674499,2017-18
AUTOCARE SERVICES PTY LTD,67004497607,224713982,,,2017-18
AUTOMATIC DATA PROCESSING LIMITED,70003924945,173937347,36540203,10379551,2017-18
AUTOMOTIVE HOLDINGS GROUP LIMITED,35111470038,4978593275,81954508,16164472,2017-18
AUTOPACT PTY LTD,44608040606,1169408951,13930827,4171534,2017-18
AUTOSPORTS CASTLE HILL PTY LIMITED,65163974481,200395704,,,2017-18
AUTOSPORTS LEICHHARDT PTY LTD,38161160765,198862117,23236,6971,2017-18
AVANADE AUSTRALIA PTY LIMITED,58093925207,193915145,31490568,9447170,2017-18
AVANT MUTUAL GROUP LIMITED,58123154898,497277193,135285366,37302380,2017-18
AVENG AUSTRALIA HOLDINGS PTY LTD,33108058331,715513792,,,2017-18
AVEO GROUP LIMITED,28010729950,702079240,,,2017-18
AVERY PROPERTIES PTY LTD,40007713564,155136579,10917550,3275265,2017-18
AVID PROPERTY GROUP HOLDINGS PTY LTD,46608054833,271100699,28871509,8661453,2017-18
AVIS MANAGEMENT PTY LTD,50001889336,761849666,31573418,9334522,2017-18
AVJENNINGS LIMITED,44004327771,373083878,52550736,15765221,2017-18
AWP AUSTRALIA HOLDINGS PTY LTD,,180376568,991727,190510,2017-18
AXICOM HOLDCO PTY LTD,78605798829,219093008,,,2017-18
AXIEO HOLDINGS PTY LTD,34602067621,208660597,,,2017-18
B&W RURAL PTY LTD,33068943528,100798462,5617585,1568710,2017-18
B.M.D. HOLDINGS PTY. LIMITED,47010093348,1250554683,,,2017-18
BABCOCK & BROWN INTERNATIONAL PTY LTD,76108617483,616861593,,,2017-18
BABCOCK AUSTRALIA HOLDINGS PTY LTD,99602953739,217252210,3143038,,2017-18
BABY BUNTING GROUP LIMITED,58128533693,303110068,11942640,3582792,2017-18
BAC HOLDINGS LIMTED,67108568038,822912453,224421098,67326329,2017-18
BADGE GROUP HOLDINGS PTY LTD,18606660271,389064202,15825262,4666741,2017-18
BAE SYSTEMS AUSTRALIA HOLDINGS LIMITED,44008648333,1048861212,78727152,,2017-18
BAIADA POULTRY PTY LIMITED,96002925948,1870889016,48851422,14655427,2017-18
BAIN CAPITAL ROAR PARENT PTY LIMITED,51169039721,102328414,15889332,4568298,2017-18
BAIN INTERNATIONAL INC,29003850619,153104059,20655534,6196660,2017-18
BAKER HUGHES AUSTRALIA PTY LTD,20004752050,167282279,,,2017-18
BALL & DOGGETT GROUP PTY LTD,59146091625,254980911,1207754,362287,2017-18
BALVERONA PTY LTD,78002826173,298091846,12477615,3717816,2017-18
BANK AUSTRALIA LIMITED,21087651607,199151786,37812140,10496625,2017-18
BANK OF AMERICA NATIONAL ASSOCIATION,51064874531,386195035,116348124,34894366,2017-18
BANK OF CHINA LIMITED SYDNEY BRANCH,29002979955,1272782689,331375774,99396121,2017-18
BANK OF COMMUNICATIONS CO LTD,74137909963,205739946,31946106,9583832,2017-18
BANK OF QUEENSLAND LIMITED,32009656740,2232566913,485852134,145001362,2017-18
BANPU AUSTRALIA CO. PTY LTD,56136468007,1156236412,284272,,2017-18
BAOSTEEL AUSTRALIA MINING COMPANY PTY LTD,93100513844,242213675,,,2017-18
BAPCOR LIMITED,80153199912,1168928898,90146092,27001764,2017-18
BAPSH PTY LTD,54605702618,299771330,,,2017-18
BARMINCO HOLDINGS PTY LIMITED,85126398276,553274201,,,2017-18
BAROB PTY LTD,38001024915,223077187,78738438,23385979,2017-18
BARRICK (AUSTRALIA PACIFIC HOLDINGS) PTY LTD,68085702558,641385814,209554077,59787416,2017-18
BARTTER HOLDINGS PTY LIMITED,84104671561,1947681981,48984010,14695203,2017-18
BASF AUSTRALIA LTD,62008437867,582673191,7817269,,2017-18
BASW PTY LTD,63601452199,171076647,3939062,1181719,2017-18
BATCHFIRE CALLIDE PTY LTD,55081022228,285396360,,,2017-18
BAUER MEDIA AUSTRALIA LIMITED PARTNERSHIP,55874600262,275272835,,,2017-18
BAXTER HEALTHCARE PTY LTD,43000392781,659646233,53640472,16092142,2017-18
BAYER AUSTRALIA LIMITED,22000138714,1162547667,92584419,20729858,2017-18
BBC STUDIOS AUSTRALIA HOLDINGS PTY LTD,85127624104,135314918,33550532,9250826,2017-18
BBP AUSTRALIA HOLDINGS PTY LTD,74112302440,3298529524,,,2017-18
BBQSAM HOLDINGS PTY LTD,41159613706,901323277,,,2017-18
BEACH ENERGY LIMITED,20007617969,1215492866,280371983,84111595,2017-18
BEAUTY BAY PRODUCE PTY LIMITED,93051941854,207807339,5809735,1601590,2017-18
BECA PTY LTD,85004974341,103202530,2463595,,2017-18
BECHTEL AUSTRALIA PTY LTD,42006334505,3581209314,221391345,66416404,2017-18
BECTON DICKINSON PTY LIMITED,82005914796,174356222,19445438,5833631,2017-18
BEGA CHEESE LIMITED,81008358503,922583996,,,2017-18
BEIERSDORF AUSTRALIA LIMITED,98000025623,228411016,35404021,10621206,2017-18
BELL FINANCIAL GROUP LIMITED,59083194763,192374149,31549161,9461722,2017-18
BELLAMY'S AUSTRALIA LIMITED,37124272108,320163926,66132038,18687067,2017-18
BELRON AUSTRALIA PTY LIMITED,,198138497,,,2017-18
BENARIS EXPLORATION (OTWAY) PTY LTD,91111874107,156896758,,,2017-18
BENDIGO AND ADELAIDE BANK LIMITED,11068049178,3011706956,732814894,210527057,2017-18
BERKLEY INSURANCE COMPANY- AUSTRALIAN BRANCH,53126559706,181812537,19812262,5858416,2017-18
BERKSHIRE HATHAWAY SPECIALTY INSURANCE COMPANY AUSTRALIAN BRANCH,84600643034,198971694,,,2017-18
BEST BAR PTY LTD,48068713539,209152246,,,2017-18
BETAR PRESTIGE CARS PTY LTD,60118667913,125142639,5883902,1765171,2017-18
BG INTERNATIONAL LIMITED,72114818825,198912080,,,2017-18
BGC (AUSTRALIA) PTY LTD,62005736005,1926325491,,,2017-18
BGIS AUSTRALIA PTY LTD,46122178741,490887397,16429918,4843261,2017-18
BHCA1 PTY LTD,,693935215,1866165,,2017-18
BHP (AUS) DDS PTY LTD,44609420420,3387306414,4839009163,,2017-18
BHP ALUMINIUM AUSTRALIA PTY LTD,65063671349,1855840333,,,2017-18
BHP BILLITON MITSUI COAL PTY LTD,34009713875,1780711686,666370954,198019931,2017-18
BHP GROUP LIMITED,49004028077,36685553130,12781584047,3523250116,2017-18
BHP IRON ORE (JIMBLEBAR) PTY LTD,95009114210,2165545455,892003295,267600988,2017-18
BIDFOOD AUSTRALIA LIMITED,33000228231,2368112989,135559258,40667777,2017-18
BIG BEN HOLDINGS PTY LIMITED,63008434562,513960598,97556685,28540438,2017-18
BIG RIVER INDUSTRIES LTD,72609901377,210972235,8422100,2302742,2017-18
BILLABONG GOLD PTY LTD,34613900922,134938348,5383341,1615002,2017-18
BILLABONG INTERNATIONAL LIMITED,17084923946,424286214,,,2017-18
BILLBERGIA (NSW) PTY LIMITED,94158326017,238730103,151346,45404,2017-18
BING LEE ELECTRICS PTY LTD,61000733488,341275779,2224192,667258,2017-18
BINGO INDUSTRIES LTD,72617748231,303817832,57543034,17262910,2017-18
BIOSTIME HEALTHY AUSTRALIA PTY LTD,17608153528,535560014,6281467,,2017-18
BIS INDUSTRIES GROUP PTY LIMITED,43166293849,442221981,,,2017-18
BIS INDUSTRIES HOLDINGS LIMITED,48622481752,184240688,,,2017-18
BLACKHAM RESOURCES LIMITED,18119887606,122280750,,,2017-18
BLACKMAGIC DESIGN PTY LTD,30098098287,291473354,40718478,2757498,2017-18
BLACKMORES LIMITED,35009713437,635528685,101532868,26406012,2017-18
BLACKROCK AUSTRALIA HOLDCO PTY LTD,22139463693,143835498,,,2017-18
BLACQUA PTE LTD,62169810011,799107971,,,2017-18
BLONDIE TRADING PTY LTD,41621811845,237445242,,,2017-18
BLUECHIP INFOTECH PTY LTD,32076483808,101123191,756379,226914,2017-18
BLUEFIN RESOURCES PTY LTD,48106436837,110983210,4970056,1491017,2017-18
BLUESCOPE STEEL LIMITED,16000011058,5789320709,60618104,,2017-18
BLUEWATERS POWER 1 PTY LTD,93106034879,130710941,,,2017-18
BLUEWATERS POWER 2 PTY LTD,57122896968,188227765,,,2017-18
BLUM AUSTRALIA PTY LTD,80076459713,117246293,14161031,4248309,2017-18
BM ALLIANCE COAL OPERATIONS PTY LTD,67096412752,405135880,,,2017-18
BMW AUSTRALIA LTD,11004675129,2195971828,224024575,66973268,2017-18
BNP PARIBAS AMBER HOLDINGS PTY LIMITED,13126384950,118308042,118308042,35492413,2017-18
BNP PARIBAS S.A.,23000000117,349597969,,,2017-18
BNP PARIBAS SECURITIES SERVICES AUSTRALIAN BRANCH,87149440291,319877389,,,2017-18
BOART LONGYEAR LTD,49123052728,203112685,,,2017-18
BOB FORBES CORPORATION PTY LTD,55001442520,283671724,10227746,3068315,2017-18
BOB JANE CORPORATION PTY LTD,52005870431,299331144,,,2017-18
BOC AIP LIMITED PARTNERSHIP (CONSOLIDATED),19883689849,191804049,273889848,44990,2017-18
BOC LIMITED (CONSOLIDATED),95000029729,1882537492,207251929,61954536,2017-18
BOEHRINGER INGELHEIM PTY LIMITED,52000452308,306602988,32276515,7467709,2017-18
BOEING AUSTRALIA HOLDINGS PTY LTD,42101168932,1463459589,220498501,42061626,2017-18
BOMBARDIER TRANSPORTATION AUSTRALIA PTY LTD,73010699804,874127848,77504257,22274708,2017-18
BOOM LOGISTICS LIMITED,28095466961,183053180,,,2017-18
BORAL LIMITED,13008421761,3973346376,217204634,37224858,2017-18
BORG MANUFACTURING PTY LIMITED,31003246357,545520971,53793945,15712101,2017-18
BOSE PTY LTD,41078010607,183343041,12404865,3721460,2017-18
BOSTON SCIENTIFIC PTY LIMITED,45071676063,265869009,27452427,8235728,2017-18
BOUNDARY BEND LIMITED,32115131667,106443605,13102596,,2017-18
BOUYGUES CONSTRUCTION AUSTRALIA PTY LTD,37144013801,422495457,,,2017-18
BOWEN & POMEROY PTY LTD,78004174887,417962894,38201033,11460310,2017-18
BOYNE SMELTERS LTD,90010061935,955566444,15064098,,2017-18
BP REGIONAL AUSTRALASIA HOLDINGS PTY LTD,91092495700,20686062730,1053734219,311910165,2017-18
BPIH PTY LIMITED,61100364234,1371083439,,,2017-18
BPL ADELAIDE PTY LIMITED,40108037798,373874101,18273742,5482123,2017-18
BRADKEN LIMITED,33108693009,309989358,23938009,,2017-18
BRADNAMS WINDOWS AND DOORS PTY LTD,78010409819,280499497,22140094,6307922,2017-18
BRAMBLES LIMITED,89118896021,1375573312,278622574,69518954,2017-18
BRAND COLLECTIVE PTY LTD,34098742628,233496447,,,2017-18
BRAND DEVELOPERS AUST PTY LTD,70115139565,108044327,,,2017-18
BRAVURA SOLUTIONS LIMITED,54164391128,105251571,,,2017-18
BRENNAN VDI PTY LIMITED,38125976007,100927952,6202434,1767286,2017-18
BRENNTAG AUSTRALIA PTY LTD,84117996595,123296951,,,2017-18
BREVILLE GROUP LIMITED,90086933431,279121860,84411771,15504615,2017-18
BRICKWORKS LIMITED,17000028526,1025369328,200113784,25871378,2017-18
BRIDGEHILL HOLDINGS PTY LTD,38152744066,275966327,109419349,32825805,2017-18
BRIDGESTONE AUSTRALIA LTD,65007516841,543317782,26787241,8036172,2017-18
BRIDGESTONE MINING SOLUTIONS AUSTRALIA PTY LTD,74000069714,483500556,33689009,10106703,2017-18
BRIGHT FOOD GROUP HOLDINGS PTY LTD,95152610645,589651572,20433507,5900111,2017-18
BRIGHTSTAR LOGISTICS PTY LTD,58111399752,599127220,38535039,11433742,2017-18
BRISTOL-MYERS SQUIBB AUSTRALIA PTY LTD,33004333322,330970741,46178321,59756,2017-18
BRISTOW HELICOPTERS AUSTRALIA PTY LTD,92000565579,230110737,,,2017-18
BRITISH AMERICAN TOBACCO (AUSTRALASIA HOLDINGS) PTY LIMITED,23095066345,1604359840,714632996,213402885,2017-18
BROTHER INTERNATIONAL (AUSTRALIA) PTY LIMITED,17001393835,166274930,16338938,4901681,2017-18
BROWN-FORMAN AUSTRALIA PTY LIMITED,87000064086,223882763,9042292,2712688,2017-18
BRP AUSTRALIA PTY LTD,64097370100,216593269,5981302,1296923,2017-18
BRUNEL AUSTRALIA HOLDINGS PTY LTD,60078544126,118657164,705196,169329,2017-18
BSA LIMITED,50088412748,562897698,285715,,2017-18
BT AUSTRALASIA PTY LIMITED,93003050146,250668039,15491937,4647581,2017-18
BUCHER MUNICIPAL PTY LTD,68004992090,115658668,4177430,,2017-18
BUICK HOLDINGS PTY LTD,76094424674,388714449,,,2017-18
BUILDCORP GROUP PTY LIMITED,85091336168,363169402,9878611,2757000,2017-18
BUNGE AGRIBUSINESS AUSTRALIA PTY LTD,46097843582,699076857,,,2017-18
BUNZL AUSTRALASIA LIMITED,18004611090,623568360,18280106,5480093,2017-18
BUPA ANZ GROUP PTY LTD,95608490455,8046778028,582292981,173264411,2017-18
BURBANK AUSTRALIA PTY LTD,91007099872,327179025,,,2017-18
BURBANK TRADING PTY LTD,37011066934,225266121,8949646,2684894,2017-18
BUREAU VERITAS AUSTRALIA PTY LTD,15090874570,233723142,,,2017-18
BURNS PHILP & CO PTY LTD,65000000359,1042472678,,,2017-18
BURRUP FACILITIES COMPANY PTY LTD,28122234539,1511946325,962480772,288744232,2017-18
BURRUP TRAIN 1 PTY LTD,77122234306,2526633280,680297330,204089199,2017-18
BUZZ SUPPLIES PTY LIMITED,27601785353,188933559,20057727,6017318,2017-18
BWX LIMITED,13163488631,117829861,24763457,6591837,2017-18
BYRNECUT AUSTRALIA PTY LTD,94129142516,720764526,48957710,14462123,2017-18
C.H. ROBINSON (AUSTRALIA) PTY LIMITED,93614158879,297094051,10781409,3234423,2017-18
C0001 PTY LTD,13618935069,600827465,,,2017-18
CA (PACIFIC) PTY LIMITED,20001146345,155702481,20858040,5282125,2017-18
CADENCE CAPITAL LIMITED,17112870096,653814530,58917780,12075392,2017-18
CAELLI CONSTRUCTIONS VIC PTY LTD,64080995204,203063781,38060,11418,2017-18
CAESARSTONE AUSTRALIA PTY LTD,45121819976,179510928,3072763,921829,2017-18
CALIBRE GROUP LIMITED,44100255623,584893502,,,2017-18
CALTAS PROPRIETARY LIMITED,24053113992,351364027,5436877,1631063,2017-18
CALTEX AUSTRALIA LTD,40004201307,20506674880,728850462,203175794,2017-18
CAMCARSTRUCKS PTY LTD,,764789131,19104314,5731294,2017-18
CAML RESOURCES PTY LTD,84080649029,296508770,86093059,25827918,2017-18
CAMPAIGN MONITOR AUSTRALIA 1 PTY LIMITED,45604705473,109207943,23006738,6249966,2017-18
CAMPARI AUSTRALIA PTY LIMITED,72137554726,160003473,4898357,1462692,2017-18
CANON AUSTRALIA PTY LTD,66005002951,810788229,30558093,781017,2017-18
CAPE AUSTRALIA HOLDINGS PTY LTD,12126824397,817414546,,,2017-18
CAPE PRESTON PORT COMPANY PTY LTD,84147842153,147059887,665903,199771,2017-18
CAPGEMINI AUSTRALIA PTY LIMITED,11092284314,320880992,,,2017-18
CAPILANO HONEY LIMITED,55009686435,138517861,14022944,4145404,2017-18
CAPITAL PROPERTY FINANCE PTY LTD,98008608928,484412131,114658982,28166722,2017-18
CAPITAL S.M.A.R.T REPAIRS AUSTRALIA PTY LTD,47143462748,308591283,27398981,8208902,2017-18
CAPITOL HEALTH LIMITED,84117391812,129059737,7180955,2154286,2017-18
CAPRAL LIMITED,78004213692,450891137,,,2017-18
CARDIFF CAR CITY HOLDINGS PTY LTD,15602181751,126309330,2792305,837692,2017-18
CARDNO LIMITED,70108112303,558181039,24209023,,2017-18
CARDTRONICS AUSTRALIA PTY LTD,46157774224,171130526,,,2017-18
CARGOTEC AUSTRALIA PTY LTD,72097663431,117036805,,,2017-18
CARL ZEISS PTY LTD,82008410704,115914995,9834363,1747176,2017-18
CARLISLE HOMES PTY LTD,86106263209,444607237,48464048,14196357,2017-18
CARNEY TOWNSVILLE PARTNERSHIP,16842172023,124842145,5546382,1663915,2017-18
CARPET COURT AUSTRALIA LIMITED,77001195697,218027587,,,2017-18
CARSALES.COM LIMITED,91074444018,316527863,167335499,48579133,2017-18
CASELLA WINES PTY LIMITED,96060745315,498149509,71957035,21587110,2017-18
CASH CONVERTERS INTERNATIONAL LIMITED,39069141546,250569761,23384453,6866497,2017-18
CATALENT AUSTRALIA HOLDING PTY LTD,69098539470,107885009,2123636,637091,2017-18
CATCH GROUP HOLDINGS LIMITED,89159074003,350479624,6291293,1887388,2017-18
CATER CARE HOLDINGS PTY LTD,69603124812,233730438,10486707,3146012,2017-18
CATERPILLAR COMMERCIAL AUSTRALIA PTY LTD,97093131992,112719363,14225607,4267682,2017-18
CATERPILLAR FINANCIAL AUSTRALIA LIMITED,70006714585,161617137,73806165,22140602,2017-18
CATERPILLAR HOLDINGS AUSTRALIA PTY LTD,26003430135,432568202,,,2017-18
CATERPILLAR UNDERGROUND MINING PTY LTD,69069652866,367208032,66511844,16081742,2017-18
CATHAY PACIFIC AIRWAYS LIMITED,57000479514,645614489,,,2017-18
CBH GRAIN PTY LTD,39089394883,3291369246,,,2017-18
CBH RESOURCES LIMITED,27009423858,301502989,,,2017-18
CBI CONSTRUCTORS PTY LTD,90000612411,259639261,145271638,43581491,2017-18
CBRE PTY LTD,57057373574,555143965,34544003,10288906,2017-18
CCCI AUSTRALIA PTY LTD,95603555988,3665138986,23161319,,2017-18
CCL SECURE (HOLDING) PTY LTD,91161651421,170071157,26053081,4962908,2017-18
CDC GROUP HOLDINGS PTY LTD,67612332073,169097473,,,2017-18
CDC MANAGEMENT PTY LTD,50606815178,342312256,20092804,6027841,2017-18
CEDAR WOODS PROPERTIES LIMITED,47009259081,243208386,83374015,24707999,2017-18
CELGENE PTY LTD,42118998771,130356190,6098691,1829607,2017-18
CELSUS SECURITISATION PTY LTD,18147998230,211362497,,,2017-18
CEMENT AUSTRALIA HOLDINGS PTY LTD,99001085561,463431226,85184925,15729932,2017-18
CENGAGE AUSTRALIA HOLDINGS PTY LTD,69129545811,124487193,19847050,5947632,2017-18
CENTAMIN EGYPT LTD,86007700352,856038185,1690601,507180,2017-18
CENTENARY AUSTRALIA PTY LIMITED,77085156216,277250866,,,2017-18
CENTURIA CAPITAL LIMITED,22095454336,101980796,49358962,13878151,2017-18
CENTURY AUSTRALIA INVESTMENTS LTD,11107772761,123066645,5264693,491959,2017-18
CENTURY YUASA BATTERIES PTY LTD,66009685232,296701255,14170104,4251031,2017-18
CENVERSA LIMITED,55092375221,145420820,2021745,606524,2017-18
CEREAL PARTNERS AUSTRALIA PTY LIMITED,98120338249,202453130,19753330,4948961,2017-18
CEREBOS (AUSTRALIA) LIMITED,82004304803,256579712,28439003,7998458,2017-18
CERNER CORPORATION PTY LIMITED,23051063435,115407424,2285063,685519,2017-18
CEVA PTY LTD,27122147433,416728666,,,2017-18
CFT HOLDINGS COMPANY PTY LIMITED,42160294904,495132660,29968088,8983347,2017-18
CH2 HOLDINGS PTY LTD,80113630505,1286651323,,,2017-18
CHALLENGER LIMITED,85106842371,2677736647,342331161,85224406,2017-18
CHAMBERLAIN HOLDINGS LIMITED,85008688202,1255789629,53801598,16137885,2017-18
CHANEL (AUSTRALIA) PTY LTD,83000012153,265971387,34359461,10307838,2017-18
CHARTER HALL LIMITED,57113531150,247027860,82767143,24830143,2017-18
CHARTERED ACCOUNTANTS AUSTRALIA AND NEW ZEALAND,50084642571,103773143,,,2017-18
CHESTERFIELD AUSTRALIA PTY LTD,42001654762,225487656,5642522,1692757,2017-18
CHEVRON AUSTRALIA HOLDINGS PTY LTD,60098079344,5274287486,,,2017-18
CHINA CONSTRUCTION BANK CORPORATION,24125167553,1656269873,80347657,24104297,2017-18
CHINA MERCHANTS LOSCAM HOLDINGS AUSTRALIA PTY LTD,46144845867,117913274,130686,,2017-18
CHINOVA RESOURCES PTY LTD,20107689878,141694876,,,2017-18
CHIYODA OCEANIA PTY LTD,26129200040,124595256,22830774,6849232,2017-18
CHOBANI (AUSTRALIA) PTY LTD,60150876305,226381868,12260578,3001681,2017-18
CHUBB HOLDINGS AUSTRALIA PTY LIMITED,64116987618,1075075620,653455,,2017-18
CHUGOKU ELECTRIC POWER AUSTRALIA RESOURCES PTY LTD,14600294068,104016457,,,2017-18
CIL AUSTRALIA NORTH PTY LTD,25113005753,1175792039,,,2017-18
CIMIC GROUP LIMITED,57004482982,6684056925,85768890,17996433,2017-18
CISCO SYSTEMS AUSTRALIA PTY LTD,52050332940,1884713559,219455976,65836793,2017-18
CITIBANK NA,34072814058,547437817,158565748,47569724,2017-18
CITIC PACIFIC MINING MANAGEMENT PTY LTD,64119578371,1338198272,,,2017-18
CITIC RESOURCES AUSTRALIA PTY LTD,87107652817,504256472,15341570,,2017-18
CITIGROUP PTY LTD,88004325080,2295721507,345189499,103556850,2017-18
CITRIX SYSTEMS ASIA PACIFIC PTY LTD,37078874530,276251415,19520502,3961778,2017-18
CITY CHIC COLLECTIVE LIMITED,43057569169,721167396,7180951,2154285,2017-18
CITY HOLDINGS (AUS) PTY LTD,33135098636,358385763,16415709,4923807,2017-18
CIVEO HOLDING COMPANY 1 PTY LTD,91146700441,145276340,,,2017-18
CIVICA PTY LIMITED,83003691718,167383971,31342784,8045717,2017-18
CIVIL & ALLIED TECHNICAL CONSTRUCTION PTY LTD,78077924120,405523282,,,2017-18
CIVMEC LIMITED,50604316690,720988512,21811984,6543595,2017-18
CJD EQUIPMENT PTY LTD,63008754523,477656711,23076009,6922803,2017-18
CK WILLIAM AUSTRALIA HOLDINGS PTY LTD,14613690243,863369344,,,2017-18
CLARIANT (AUSTRALIA) PTY LTD,30069435552,102496320,4021228,894877,2017-18
CLARKE ENERGY (AUSTRALIA) PTY LTD,20086492935,131730640,8653309,2595993,2017-18
CLEANAWAY WASTE MANAGEMENT LIMITED,74101155220,1714061517,132652047,31190604,2017-18
CLEARLIGHT INVESTMENTS PTY LTD,59007543544,295742957,22873322,6861997,2017-18
CLEARVIEW WEALTH LIMITED,83106248248,598538668,46125683,9335189,2017-18
CLEMENGER GROUP LIMITED,98004882928,220714617,55379542,12109427,2017-18
CLERMONT COAL MINES LTD,56010487939,1229635853,,,2017-18
CLIFFS NATURAL RESOURCES HOLDINGS PTY LTD,69112437331,603452776,,,2017-18
CLINICAL LABORATORIES PTY LTD,62006823089,379582589,,,2017-18
CMOC MINING PTY LIMITED,17164997317,317850986,70997572,19583113,2017-18
CNH INDUSTRIAL AUSTRALIA PTY LTD,76000031130,1398833280,103480586,31044176,2017-18
CNOOC AUSTRALIA ENERGY CAPITAL MANAGEMENT PTY LTD,79129021316,266313108,59704929,17911479,2017-18
CNOOC GAS AND POWER (AUS) INVESTMENT PTY LTD,28142591044,1358578247,,,2017-18
CNW PTY LTD,48009669836,519858661,21784580,6321089,2017-18
COBHAM AVIATION AUSTRALIA PTY LTD,34003469574,367651588,,,2017-18
COCA-COLA AMATIL LIMITED,26004139397,3468460584,344165425,102507857,2017-18
COCA-COLA SOUTH PACIFIC PTY LTD,50003029794,145351121,7179340,2153802,2017-18
COCHLEAR LIMITED,96002618073,973902786,388557330,74267297,2017-18
CODAN LIMITED,77007590605,234742965,58331343,11871997,2017-18
COFCO INTERNATIONAL AUSTRALIA PTY LTD,25001069423,737001092,,,2017-18
COGNIZANT TECHNOLOGY SOLUTIONS,74100749997,253016208,26262991,7878897,2017-18
COL CRAWFORD PTY LTD,27001798081,214168645,1001015,300304,2017-18
COLAS AUSTRALIA GROUP PTY LTD,11000388161,418623924,43307908,11927502,2017-18
COLGATE PALMOLIVE PTY LTD,79002792163,594291750,56119018,16825722,2017-18
COLIN JOSS & CO. PTY. LIMITED,73003538583,239893591,17254478,5176343,2017-18
COLLECTION HOUSE LIMITED,74010230716,136403491,39893620,11927167,2017-18
COLLIERS INTERNATIONAL HOLDINGS (AUSTRALIA) LIMITED,65008178238,287045353,55844528,13327203,2017-18
COLLINS FOODS LIMITED,13151420781,676993355,48629791,14588937,2017-18
COMDAIN INFRASTRUCTURE PTY LTD,50092035419,302817093,8349541,2504862,2017-18
COMFORTDELGRO CORPORATION AUSTRALIA PTY LTD,84002072004,378082865,69118511,20735553,2017-18
COMGEN AUSTRALIA PTY LTD,17050242441,1114677514,27601986,6321092,2017-18
COMMERCIAL METALS PTY LTD,39164131855,174945365,,,2017-18
COMMERCIAL MOTOR VEHICLES PTY LTD,84007874142,1320833584,31511453,9302060,2017-18
COMMONWEALTH BANK OF AUSTRALIA,48123123124,42371493211,14724499506,4311044402,2017-18
COMMONWEALTH STEEL COMPANY PTY LTD,58000007698,230639121,64628997,,2017-18
COMMSCOPE HOLDINGS AUSTRALIA PTY LTD,57605413456,245594693,19536472,4647115,2017-18
COMMUNITY CPS AUSTRALIA LIMITED,15087651143,254210788,34761848,9377190,2017-18
COMO GLASSHOUSE INVESTMENTS PTY LTD,49604272951,582000466,12639763,3393307,2017-18
COMPASS GROUP (AUSTRALIA) PTY LTD,41000683125,1138000031,49402175,9799938,2017-18
COMPETENTIA PTY LTD,11143641543,100826921,2079337,623801,2017-18
COMPETITIVE FOODS AUSTRALIA PTY LTD,48010542908,1198905946,,,2017-18
COMPUTERSHARE LIMITED,71005485825,926956571,146638848,32599114,2017-18
CONCENTRIX SERVICES PTY LIMITED,63166171991,110411046,12210085,3663026,2017-18
CONOCOPHILLIPS AUSTRALIA GAS HOLDINGS PTY LTD,69081089170,1083135954,102041668,,2017-18
CONSOLIDATED MINERALS HOLDINGS (AUSTRALIA) PTY LTD,88127662257,106204671,,,2017-18
CONSTELLATION SOFTWARE AUSTRALIA PTY LIMITED,50141627232,159168090,39043095,9602682,2017-18
CONSTRUCTION CONTROL PTY LIMITED,79150745154,412448032,16168455,4850536,2017-18
CONTINENTAL PTY LTD,46004390587,120755617,,,2017-18
CONTRACT RESOURCES HOLDINGS PTY LIMITED,18162083276,124009055,1130883,339265,2017-18
COOGEE CHEMICALS PTY LTD,37008747500,276502493,31298308,9073206,2017-18
COOK AUSTRALIA PTY LTD,27141258648,225666768,17062105,3918472,2017-18
CO-OPERATIEVE RABOBANK U.A.,70003917655,593570050,18067164,5420149,2017-18
COOPERS BREWERY LIMITED,13007871409,235022492,32036993,8824961,2017-18
COPYRIGHT AGENCY LIMITED,53001228799,152098002,,,2017-18
CORANAR (AUSTRALIA) PTY LTD,12114668727,179024987,79350839,23119538,2017-18
CORELOGIC AUSTRALIA HOLDINGS PTY LIMITED,75150637406,151278177,26023190,,2017-18
CORPORATE TRAVEL MANAGEMENT LIMITED,17131207611,143438988,40582264,10863924,2017-18
COSTA GROUP HOLDINGS LIMITED,68151363129,940462021,65062140,16826276,2017-18
COSTCO WHOLESALE AUSTRALIA PTY LTD,57104012893,1824710926,56358957,16907687,2017-18
COTY AUSTRALIA LEGACY PTY LTD,96058696549,228731388,33560600,10068180,2017-18
COUNTRY ROAD GROUP PTY LTD,78006759182,1049562792,103559892,30885599,2017-18
COUNTRYWIDE AUSTRALASIA LTD,34068162676,659001685,86679,26004,2017-18
COVENTRY GROUP LTD,37008670102,162997401,,,2017-18
COX AUTOMOTIVE AUSTRALIA PTY LTD,97090535505,226766032,4817435,1412742,2017-18
CPA AUSTRALIA LTD,64008392452,189192452,,,2017-18
CRAIG MOSTYN HOLDINGS PTY LIMITED,14008398356,319869144,2487802,,2017-18
CREDIT AGRICOLE CIB AUSTRALIA LIMITED,32002540409,156243000,71321113,21396334,2017-18
CREDIT CORP GROUP LIMITED,33092697151,279204691,97878076,29298633,2017-18
CREDIT SUISSE AG,17061700712,422933692,44146429,13243929,2017-18
CREDIT SUISSE HOLDINGS (AUSTRALIA) LIMITED,96008496713,397553924,38463302,11235162,2017-18
CREDIT UNION AUSTRALIA LIMITED,44087650959,504269620,81382581,19154152,2017-18
CRISTAL INORGANIC CHEMICALS AUSTRALIA PTY LTD,20125123784,743897396,,,2017-18
CROWN EQUIPMENT PTY LIMITED,79000514858,409404564,5198977,1559693,2017-18
CROWN RESORTS LIMITED,39125709953,3434478870,267810001,77149496,2017-18
CS (AUSTRALIA) PTY LIMITED,84093488361,1402623212,,,2017-18
CS AGRICULTURE PTY LTD,73160516594,101940225,,,2017-18
CSL LIMITED,99051588348,2918509987,319638419,32177020,2017-18
CSR LIMITED,90000001276,2268956531,259817869,780491,2017-18
CTI LOGISTICS LIMITED,69008778925,184159304,6504416,1949721,2017-18
CUA HEALTH LIMITED,98098685459,147617572,12373887,3596759,2017-18
CUBIC TRANSPORTATION SYSTEMS (AUSTRALIA) PTY LIMITED,82003617561,184374004,42827616,12848285,2017-18
CUMMINS FILTRATION INTERNATIONAL CORPORATION,60007505473,111323065,11889877,3566963,2017-18
CUMMINS SOUTH PACIFIC PTY LTD,42006332949,810940471,97518756,29255627,2017-18
CUNNINGHAM LINDSEY AUSTRALIA HOLDINGS PTY LTD,,134832822,5563820,1669146,2017-18
CUSCAL LTD,95087822455,269441467,30436772,1255241,2017-18
CVC LIMITED,34002700361,102971945,23368546,3287951,2017-18
CW RETAIL TRUST,73738358083,1059121468,204137003,61241101,2017-18
CWF HOLDINGS PTY LTD,66142083323,103575444,,,2017-18
CXC CORPORATE SERVICES PTY LTD,58150274007,369251316,395113,118534,2017-18
D.E HOLDING AUSTRALIA PTY LTD,16100632595,271416561,49857893,14936016,2017-18
DAC FINANCE PTY LIMITED,28129420444,597832513,50287844,15086353,2017-18
DAEWOO SHIPBUILDING & MARINE ENGINEERING CO LTD,51150763232,126591453,191518,57455,2017-18
DAHENA PTY LIMITED,34003081061,204781214,17811504,5343378,2017-18
DAHLSENS BUILDING CENTRES PTY LTD,30005032333,211180261,,,2017-18
DAIKIN AUSTRALIA PTY LTD,62000172967,775709413,66771986,20008326,2017-18
DAIMLER AUSTRALIA/PACIFIC PTY LTD,50004348421,4200268000,353956301,106186890,2017-18
DAIRY FARMERS MILK CO-OPERATIVE LIMITED LIMITED,74669522867,137381793,276499,,2017-18
DALRYMPLE BAY COAL TERMINAL PTY LTD,12010268167,205753242,20629483,6188845,2017-18
DAMPIER SALT LTD,30008706590,295187792,10568078,2851372,2017-18
DANAHER AUSTRALIA HOLDING PTY LTD,80122016424,362566317,23221135,,2017-18
DARACON CONTRACTORS PTY LIMITED,82002344667,265753692,7442596,2232779,2017-18
DARWIN LNG PTY LTD,48085130981,1464340053,90243639,26668926,2017-18
DATA #3 LIMITED,31010545267,1174210638,22332900,6325496,2017-18
DATACOM AUSTRALIA HOLDINGS PTY LIMITED,45094235373,505027217,,,2017-18
DAVIS LANGDON PROPERTY SERVICES PTY LTD,97006986947,739821194,15580323,,2017-18
DBS BANK LTD,46601105373,118567130,37279954,11183986,2017-18
DECMIL GROUP LIMITED,35111210390,302078813,,,2017-18
DEFENCE HOUSING AUSTRALIA,72968504934,1145522168,67494231,18170948,2017-18
DEICORP PTY LTD,55138180337,328285851,8924255,2677276,2017-18
DELAWARE NORTH COMPANIES AUSTRALIA PTY LTD,92003435345,284186376,,,2017-18
DELL AUSTRALIA PTY LIMITED,46003855561,349681206,41051419,12182360,2017-18
DE'LONGHI AUSTRALIA PTY LIMITED,49104012857,165939403,3265587,979676,2017-18
DELTA ELECTRICITY PTY LTD,66620205263,636036710,108512477,32553743,2017-18
DELTA GROUP HOLDINGS PTY LTD,37159149185,412111808,32055956,9616787,2017-18
DELUXE AUSTRALIA PTY LTD,81101719966,105494000,,,2017-18
DEMATIC HOLDINGS PTY LTD,50121488202,260715110,16767141,4623978,2017-18
DENGKOL PTY LTD,82005518258,289445669,2602755,584062,2017-18
DENNIS FAMILY HOLDINGS PTY LTD,39097641855,317260279,6012503,1803751,2017-18
DENSO INTERNATIONAL ASUTRALIA PTY LTD,72081951402,143565510,,,2017-18
DENTSPLY SIRONA PTY LIMITED,87111950602,121709205,8077088,2423126,2017-18
DENTSU AEGIS NETWORK AUSTRALIA HOLDINGS PTY LTD,60147301700,438596303,,,2017-18
DESA AUSTRALIA PTY LIMITED,51007066855,105394032,5571146,1671344,2017-18
DETMOLD HOLDINGS PTY LTD,87007527022,225686833,8811706,557733,2017-18
DEUTSCHE AUSTRALIA LIMITED,37006385593,794408302,80573827,24172148,2017-18
DEUTSCHE BANK AKTIENGESELLSCHAFT,13064165162,585405092,,,2017-18
DEVICE TECHNOLOGIES AUSTRALIA PTY LTD,40058091973,352692924,24542539,7317746,2017-18
DEXUS OPERATIONS TRUST,69645176383,387796133,84770726,25431218,2017-18
DHL EXPRESS (AUSTRALIA) PTY LTD,62001112929,497191752,17615455,5284636,2017-18
DHL GLOBAL FORWARDING (AUSTRALIA) PTY LIMITED,62002636124,1501620994,38078792,11423638,2017-18
DIAGEO AUSTRALIA LIMITED,33004167720,542643085,42863897,12456891,2017-18
DIAMOND OFFSHORE GENERAL COMPANY,91050122051,174999150,1084385,325316,2017-18
DIB GROUP PTY LIMITED,87002889474,1184012290,24912903,7473871,2017-18
DIC AUSTRALIA PTY LTD,12000079550,118129950,,,2017-18
DICKER DATA LIMITED,95000969362,1176763404,36195569,10817738,2017-18
DIMENSION DATA AUSTRALIA PTY LTD,65003371239,572606854,876371,,2017-18
DIRECT FREIGHT EXPRESS PTY LIMITED,66060136870,240535027,7675086,2302526,2017-18
DIRECT GROUP INVESTMENTS PTY LTD,67602302205,270710932,6614251,1941041,2017-18
DOF SUBSEA AUSTRALIA PTY LTD,53083000239,108804502,,,2017-18
DOMAIN HOLDINGS AUSTRALIA LIMITED,43094154364,152627459,49941652,8876188,2017-18
DOMETIC AUSTRALIA PTY LTD,62086366305,194199892,11941373,3571289,2017-18
DOMINO'S PIZZA ENTERPRISES LIMITED,16010489326,419707787,131600242,34396693,2017-18
DONEILYN PTY LTD,69007544836,278482553,6930077,1650452,2017-18
DORAY MINERALS LIMITED,48138978631,160228987,,,2017-18
DORMA DOOR CONTROLS PTY LTD,82005869447,214355607,23944097,7183229,2017-18
DOTERRA AUSTRALIA PTY LTD,26145700689,135809833,14401534,4320460,2017-18
DOUBLE BAY TERRACE PTY LIMITED,83064257870,336400746,323285273,85728995,2017-18
DOW AGROSCIENCES AUSTRALIA LIMITED,24003771659,144986605,10171217,3051365,2017-18
DOW CHEMICAL (AUSTRALIA) LIMITED,72000264979,234560495,,,2017-18
DOW PERFORMANCE MATERIALS (AUSTRALIA) PTY LTD,29004513188,117683577,,,2017-18
DOWNER EDI LIMITED,97003872848,7041552109,57146577,4052702,2017-18
DP WORLD AUSTRALIA (HOLDING) PTY LIMITED,58147892715,590028856,,,2017-18
DP WORLD AUSTRALIA (POSN) PTY LTD,19129842057,268823037,,,2017-18
DR. OETKER AUSTRALIA PTY LTD,64146677358,117095737,10074934,2853430,2017-18
DRAKE AUSTRALIA PTY LTD,42004939771,125367191,1600,,2017-18
DRAMET PTY LTD,59109544425,278446598,15943,,2017-18
DRYSDALE INVESTMENTS PTY LTD,86104614422,525897704,11153359,572504,2017-18
DSI HOLDINGS 2 AUSTRALIA PTY LIMITED,49151658785,239742427,23758394,5476213,2017-18
DSM NUTRITIONAL PRODUCTS AUSTRALIA PTY LIMITED,36000991793,134388114,3067628,265064,2017-18
DST BLUEDOOR HOLDINGS PTY LTD,28104705713,123709333,,,2017-18
DSV AIR AND SEA PTY LTD,47002275676,147838189,,,2017-18
DTZ AUS HOLDCO PTY LTD,36602106936,857513967,,,2017-18
DUAL AUSTRALIA PTY LTD,16107553257,159812671,8884109,2665233,2017-18
DULUXGROUP LIMITED,42133404065,1749302048,171717308,48210905,2017-18
DUPONT (AUSTRALIA) PTY LTD,59000716469,265125193,1220094,293707,2017-18
DXC TECHNOLOGY AUSTRALIA HOLDINGS PTY LTD,33120570390,1182995164,,,2017-18
DYNAMIC SUPPLIES INVESTMENTS PTY LTD,52088062837,506603834,6785507,1671278,2017-18
DYSON APPLIANCES (AUST) PTY LIMITED,50073072509,443411542,11352986,3405896,2017-18
E & A LIMITED,22088588425,165573083,,,2017-18
E. C. THROSBY PTY. LIMITED,24060571673,256088988,10156340,2971902,2017-18
E.J. COOPER & SON PTY LIMITED,64000269750,303592095,103908068,31172420,2017-18
EAST YARRA FRIENDLY SOCIETY PTY LTD,44087648913,289579936,13437208,4031162,2017-18
EATON INDUSTRIES PTY LTD,66103014571,269506470,10884917,2864038,2017-18
ECLIPX GROUP LIMITED,85131557901,603248403,70765307,21229592,2017-18
ECOLAB PTY LTD,59000449990,410822364,13932642,3814197,2017-18
ECOM COMMODITIES PTY LTD,65089892713,110415912,,,2017-18
EDEN BRAE HOLDINGS PTY LIMITED,42083807489,280741640,25836357,6950275,2017-18
EDU HOLDINGS SPV PTY LIMITED,34143998127,303313781,,,2017-18
EDUCATION AUSTRALIA LTD,63008597831,699004673,22869267,2037456,2017-18
EFN (AUSTRALIA) PTY LIMITED,90607344650,330482563,,,2017-18
ELANOR INVESTORS LIMITED,33169308187,103924465,,,2017-18
ELDERS LTD,34004336636,1526356982,17063036,,2017-18
ELECTRA CABLES (AUST) PTY LIMITED,38056024385,207081156,16728994,5018660,2017-18
ELECTRANET PTY LIMITED,41094482416,374782377,83350209,25005063,2017-18
ELECTROLUX HOME PRODUCTS PTY LIMITED,51004762341,793553781,46404062,10811768,2017-18
ELECTRONICS BOUTIQUE AUSTRALIA PTY LTD,50077681442,898252616,32935855,9880756,2017-18
ELI LILLY AUSTRALIA PTY LIMITED,39000233992,261636594,51079818,7215554,2017-18
EMC AUSTRALIA PTY LIMITED,34143603123,384774963,29167493,6882628,2017-18
EMECO HOLDINGS LIMITED,89112188815,404326892,,,2017-18
EMERSON PROCESS MANAGEMENT AUSTRALIA PTY LTD,99004590005,247356599,21589199,6474870,2017-18
EMIRATES AIRLINE,81073569696,108936539,,,2017-18
EMIRATES LEISURE RETAIL (AUSTRALIA) PTY LTD,76131473679,714706667,7776858,2333057,2017-18
EMPIRED LIMITED,81090503843,116604909,3951651,,2017-18
EMPLOYERS MUTUAL LIMITED,67000006486,280592992,8446393,95759,2017-18
EMPLOYERS MUTUAL MANAGEMENT PTY LTD,11001735191,222665866,,,2017-18
EMPLOYSURE PTY LIMITED,40145676026,108010976,13335477,4000643,2017-18
EMR CAPITAL GOLDEN GROVE PTY LTD,76616179705,210971775,12323556,3697067,2017-18
ENAK HOLDINGS PTY LTD,94151868772,820684308,26839542,7842095,2017-18
ENDEAVOUR ENERGY NETWORK MANAGEMENT PTY LTD,22617221495,305388675,,,2017-18
ENDEMOL SHINE AUSTRALIA HOLDINGS PTY LTD,94134845364,165076646,,,2017-18
ENERGIZER AUSTRALIA PTY LIMITED,91003539026,106924294,3320413,974266,2017-18
ENERGY INFRASTRUCTURE TRUST,23779151748,259939043,78400070,17228768,2017-18
ENERGY POWER SYSTEMS AUSTRALIA PTY LTD,80055274514,225497112,620552,186166,2017-18
ENERGY RESOURCES OF AUSTRALIA LTD,71008550865,260800756,,,2017-18
ENERGYAUSTRALIA HOLDINGS LIMITED,57101876135,7658100485,367683796,68749133,2017-18
ENERMECH PTY LTD,32136435062,260577425,20724561,6217368,2017-18
ENERSYS AUSTRALIA PTY LTD,52103740290,141501932,3990787,1197236,2017-18
ENGENCO PTY LTD,99120432144,155082015,,,2017-18
ENGIE SERVICES AUSTRALIA & NEW ZEALAND HOLDINGS PTY LTD,96160362792,121140235,,,2017-18
ENI AUSTRALIA BV,18092812023,110405793,,,2017-18
ENI JPDA 03-13 LIMITED,14054729930,135678331,5704135,1711240,2017-18
ENSCO AUSTRALIA PTY LTD,79100601634,229087494,10277640,3083292,2017-18
ENSHAM COAL SALES PTY LTD,13050411713,584085900,,,2017-18
ENSIGN (AUSTRALIA) HOLDINGS PTY LTD,71100195426,165433146,404813,,2017-18
ENT SERVICES AUSTRALIA PTY LTD,16612896527,1047532641,35125850,10387145,2017-18
ENTCO AUSTRALIA PTY LTD,73614548346,189879698,7440313,2232094,2017-18
ENTITY SOLUTIONS SERVICES PTY LTD,24091536364,394899019,1346846,404054,2017-18
EP2 MANAGEMENT PTY LTD,25149908289,116180035,338661,101598,2017-18
EPAY AUSTRALIA HOLDINGS PTY LIMITED,74104012900,106228096,10877867,3212241,2017-18
EPIROC SOUTH PACIFIC HOLDINGS PTY LTD,87107374550,646688728,52174592,15621513,2017-18
EPSON AUSTRALIA PTY LTD,91002625783,219431974,8786169,2635851,2017-18
EQUIFAX AUSTRALIA HOLDINGS PTY LTD,37609497494,373630853,,,2017-18
EQUINIX AUSTRALIA PTY LTD,25092807264,180052537,20267450,6080235,2017-18
ERM POWER LIMITED,28122259223,3292989497,23678720,7103616,2017-18
ESS THALANYJI PTY LTD,89141801541,107796509,7665685,2299706,2017-18
ESSILOR AUSTRALIA PTY LTD,96002659458,155563811,7095318,778065,2017-18
ESTEE LAUDER PTY LIMITED,63008444719,293580346,42039843,12611953,2017-18
ESTHER INVESTMENT PTY LTD,68004459536,265583678,17220907,5166272,2017-18
ESTIA HEALTH LIMITED,37160986201,548496000,59112843,17733853,2017-18
ETIHAD AIRWAYS PJSC,40123078688,498042602,,,2017-18
ETSA UTILITIES FINANCE PTY LTD,78091701825,131021720,,,2017-18
EUROPCAR HOLDING PTY LTD,72130750640,197013093,15902432,4770730,2017-18
EVAND PTY LTD,59072254007,149989481,19236942,5771083,2017-18
EVANS DIXON LIMITED,54609913457,205954258,40520856,10021243,2017-18
EVENT HOSPITALITY AND ENTERTAINMENT LIMITED,51000005103,665978551,125855578,37188161,2017-18
EVOLUTION GROUP HOLDINGS LIMITED,14147834133,106143450,,,2017-18
EVOLUTION MINING LTD,74084669036,1544416300,233646091,66928202,2017-18
EW PACIFIC PTY LTD,,128968025,13396108,4018832,2017-18
EXPEDIA AUSTRALIA PTY LTD,12101694946,141281545,77244,,2017-18
EXPEDITORS INTERNATIONAL PTY LIMITED,79003337282,121300426,11186238,3355871,2017-18
EXPERIENCE CO LIMITED,56167320470,108959105,7329169,1594438,2017-18
EXXONMOBIL AUSTRALIA PTY LTD,48091561198,9234164781,,,2017-18
F K GARDNER & SONS PTY LTD,99010136053,395065884,4220034,1266010,2017-18
FACEBOOK AUSTRALIA PTY LIMITED,83134012543,479897834,42465671,12739701,2017-18
FACTORY MUTUAL INSURANCE COMPANY,47163108861,230908041,1513948,288203,2017-18
FAIRBROTHER PTY LTD,51009510561,240236659,10968486,3203267,2017-18
FAIRFAX MEDIA LIMITED,15008663161,2302116117,47705217,4463445,2017-18
FAR EAST LAND (AUSTRALIA) PTY LTD,74166129915,185792174,,,2017-18
FCA AUSTRALIA PTY LIMITED,23125956505,646397143,,,2017-18
FDC GROUP HOLDINGS PTY LTD,68615183358,899410697,51696456,15451881,2017-18
FEDERAL EXPRESS (AUSTRALIA) PTY LTD,35003100052,140187646,9388555,2816566,2017-18
FENNER (PACIFIC) PTY LIMITED,49000231532,320691230,14639676,4381733,2017-18
FERRERO AUSTRALIA PTY LIMITED,29001249261,266923171,9536215,,2017-18
FERROVIAL SERVICES AUSTRALIA PTY LTD,74609542556,3498970395,,,2017-18
FIL INVESTMENT MANAGEMENT (AUSTRALIA) LIMITED,34006773575,158083834,24540227,7362068,2017-18
FINASUCRE INVESTMENTS (AUSTRALIA) PTY LIMITED,23062315593,258108875,,,2017-18
FINDEX GROUP LIMITED,40128588714,421048269,,,2017-18
FINISAR AUSTRALIA PTY LTD,45098184582,128084034,27815232,,2017-18
FINITE GROUP APAC PTY LIMITED,43085406300,328686786,17878140,5362927,2017-18
FIRCROFT AUSTRALIA PTY LTD,58100091245,196504838,8977961,2608653,2017-18
FIRCROFT TECHNICAL SERVICES AUSTRALIA PTY LTD,52612348222,298612746,3400095,1020028,2017-18
FIRST DATA RESOURCES INVESTMENTS PTY LTD,63057257771,132505005,,,2017-18
FIRST SOLAR (AUSTRALIA) PTY LTD,66141686946,187745775,8473719,2542116,2017-18
FIS AUSTRALASIA PTY LTD,45093114759,111102128,21356004,6257450,2017-18
FISHER & PAYKEL AUSTRALIA HOLDINGS LIMITED,19003659425,454664251,15370048,4556352,2017-18
FITNESS AND LIFESTYLE GROUP TOPCO PTY LTD,50614113192,499727702,,,2017-18
FITZROY AUSTRALIA RESOURCES PTY LTD,14615772391,724771652,115401532,34620460,2017-18
FLEETCOR TECHNOLOGIES PTY LTD,58161719393,399511000,7562536,2268761,2017-18
FLEETWOOD CORPORATION LIMITED,69009205261,315704067,,,2017-18
FLETCHER BUILDING (AUSTRALIA) PTY LTD,11093539452,3272541471,16019611,,2017-18
FLETCHER INTERNATIONAL EXPORTS PTY LTD,64003213652,644714060,39215313,11764455,2017-18
FLEXIGROUP LIMITED,75122574583,343011081,86470629,23310293,2017-18
FLIGHT CENTRE TRAVEL GROUP LIMITED,25003377188,1580079512,227476530,64213900,2017-18
FLINDERS PORT HOLDINGS PTY LTD,46117687313,296745430,58033524,17410057,2017-18
FLOATEL AUSTRALIA PTY LTD,81602694842,164065645,16464627,4939388,2017-18
FLORA GREEN PTY LTD,47608829214,5572276636,,,2017-18
FLSMIDTH PTY LTD,85000221590,326474011,14963237,4274511,2017-18
FLUOR AUSTRALIA PTY LTD,28004511942,256615458,631464,189439,2017-18
FMC AUSTRALASIA PTY LTD,45095326891,127330436,6511531,1269492,2017-18
FOOD INVESTMENTS PTY LIMITED,85008426177,2132264944,65186591,,2017-18
FOOT LOCKER AUSTRALIA INC,22619093977,213176726,24745331,7423599,2017-18
FORD MOTOR COMPANY OF AUSTRALIA LTD,30004116223,3015078937,11439860,,2017-18
FORTESCUE METALS GROUP LIMITED,57002594872,7354316739,1366722682,392912629,2017-18
FOX & LILLIE HOLDINGS PTY. LTD.,57004604844,570554785,11211351,3363405,2017-18
FOX FILMED ENTERTAINMENT AUSTRALIA PTY LIMITED,99004126738,297298729,196876,,2017-18
FOXCONN AUSTRALIA PTY LTD,38114305494,168958268,3011939,903582,2017-18
FOXLEIGH COAL PTY LTD,24125986549,232051308,152104544,9920753,2017-18
FOXTEL CABLE TELEVISION PTY LIMITED,45069008797,1451506522,,,2017-18
FOXTEL HOLDINGS PTY LIMITED,55151690327,558702222,19670365,5901110,2017-18
FPW HOLDINGS AUSTRALIA PTY LTD,55600457430,1012715800,26598690,,2017-18
FQM AUSTRALIA HOLDINGS PTY LTD,77136613075,227914116,,,2017-18
FRASERS (FPA) PTY LIMITED,80131011026,308654958,26132217,7839665,2017-18
FRASERS PROPERTY AUSTRALIA PTY LIMITED,89600448726,1309052356,105252467,31575740,2017-18
FREEDOM ENERGY HOLDINGS PTY LTD,24093243844,1183800979,1808758,542627,2017-18
FREEDOM FOODS GROUP LIMITED,41002814235,356134819,,,2017-18
FREIGHT MANAGEMENT HOLDINGS PTY. LTD.,14144724532,228969606,3989600,,2017-18
FREMANTLEMEDIA AUSTRALIA HOLDINGS PTY LIMITED,83001076142,120421267,,,2017-18
FREQUENCY INFRASTRUCTURE AUSTRALIA HOLDINGS PTY LIMITED,27136262952,345248132,,,2017-18
FRESENIUS MEDICAL CARE AUSTRALIA PTY LIMITED,80067557877,169808916,6202985,1852600,2017-18
FRESHMAX GROUP PTY LIMITED,33154789321,290898202,,,2017-18
FRIENDLY SOCIETY MEDICAL ASSOCIATION LIMITED,69088347602,281665854,,,2017-18
FRONIUS AUSTRALIA PTY LTD,65144615896,109173844,16714576,5011580,2017-18
FRONTIER INTERNATIONAL AGRI PTY LTD,78166496064,217287010,,,2017-18
FRUCOR SUNTORY AUSTRALIA PTY LIMITED,73060091536,385656202,9946435,2983930,2017-18
FTA FOOD SOLUTIONS PTY LTD,82059480054,232603983,6930596,2079179,2017-18
FUCHS LUBRICANTS (AUSTRALASIA) PTY LTD,88005681916,201031051,22644164,6733806,2017-18
FUGRO HOLDINGS (AUSTRALIA) PTY LTD,99003010099,215726940,,,2017-18
FUJI XEROX AUSTRALIA PTY. LTD,63000341819,1002851879,118519115,33461083,2017-18
FUJIFILM HOLDINGS AUSTRALASIA PTY LIMITED,58008443892,178893538,3710426,1113128,2017-18
FUJITSU AUSTRALIA LIMITED,19001011427,1028652073,67659259,17863278,2017-18
FUJITSU GENERAL (AUST) PTY LIMITED,55001229554,255069381,10681790,3204537,2017-18
FULTON HOGAN AUSTRALIA PTY LTD,42135849115,2628664101,61393901,18203884,2017-18
FUTURE FUND INVESTMENT COMPANY NO. 1 PTY LTD,81130318188,249050356,51004539,9606987,2017-18
FUTURE FUND INVESTMENT COMPANY NO. 2 PTY LTD,90130788493,1412657645,959140826,280833973,2017-18
FUTURE FUND INVESTMENT COMPANY NO. 3 PTY LTD,40134338882,2030824567,772723437,209217673,2017-18
FUTURE FUND INVESTMENT COMPANY NO.4 PTY LTD,47134338908,1529347139,255182166,76554650,2017-18
FUTURE FUND INVESTMENT COMPANY NO.5 PTY LTD,51134338926,1197678873,,,2017-18
FUTURIS AUTOMOTIVE INTERIORS (AUSTRALIA) PTY LTD,43065993553,110180206,,,2017-18
FX HOLDCO PTY LIMITED,33609955062,256345202,115634381,34690314,2017-18
G & K O'CONNOR PTY LTD,49005934029,213535947,,,2017-18
G D MITCHELL ENTERPRISES PTY LTD,33010655820,228130954,32600388,3780116,2017-18
G JAMES PTY LTD,25009696404,443693380,9604410,2649108,2017-18
G&W AUSTRALIA HOLDINGS LP,30124868215,405175055,27928824,5435138,2017-18
G.U.D. HOLDINGS LIMITED,99004400891,436877728,77572775,21725850,2017-18
G4S AUSTRALIA HOLDINGS PTY LTD,68128783602,257980715,7414989,2207475,2017-18
G8 EDUCATION LIMITED,95123828553,780297529,122418418,36725525,2017-18
GALAXY RESOURCES LIMITED,11071976442,163835421,,,2017-18
GALDERMA AUSTRALIA PTY LIMITED,12003976930,128725287,17417011,5225103,2017-18
GARMIN AUSTRALASIA PTY LIMITED,85129153448,153266597,,,2017-18
GARNET INTERNATIONAL RESOURCES PTY LTD,77081244715,131402447,67993083,20000217,2017-18
GARTNER AUSTRALASIA PTY LTD,69003708601,246097140,,,2017-18
GATE GOURMET (HOLDINGS) PTY LIMITED,59004122892,218603939,,,2017-18
GATEWAY LIFESTYLE OPERATIONS LTD,63605543968,136572250,,,2017-18
GBX TRADING FZE,32406282107,575299535,125790,37737,2017-18
GE ENERGY HOLDINGS AUSTRALIA PTY LTD,37086855076,119490383,,,2017-18
GE HEALTHCARE AUSTRALIA PTY LIMITED,32001408402,372347143,13311194,3993358,2017-18
GE OIL & GAS AUSTRALIA PTY LTD,65009080951,216530630,70518129,21155439,2017-18
GE OIL & GAS HOLDINGS AUSTRALIA PTY LTD,77618893226,254494844,37486168,11245850,2017-18
GE POWER HOLDINGS AUSTRALIA PTY LTD,18143300985,280522921,,,2017-18
GEA PROCESS ENGINEERING PTY LTD,26000689618,131301510,7586357,2275907,2017-18
GENERAL ELECTRIC INTERNATIONAL INC,85002420751,684663017,182115075,54634522,2017-18
GENERAL MILLS HOLDING (AUSTRALIA) PTY LTD,50095075808,352757316,16792870,1650977,2017-18
GENERAL MOTORS HOLDEN AUSTRALIA LTD,39603486844,4289018628,,,2017-18
GENERAL REINSURANCE AUSTRALIA LIMITED,16008427450,366921667,30126328,9012750,2017-18
GENESIS CARE PTY LIMITED,38137188464,421904029,30370368,5212139,2017-18
GENWORTH MORTGAGE INSURANCE AUSTRALIA LIMITED,72154890730,473633026,212029937,59971441,2017-18
GEO GROUP AUSTRALASIA PTY LTD,79051914688,455852276,,,2017-18
GEOCON DEVELOPMENT HOLDINGS PTY LTD,47166966114,227165189,,,2017-18
GEODIS WILSON AUSTRALIA HOLDINGS PTY LTD,76001193193,303666852,2179989,653997,2017-18
GEOFABRICS AUSTRALASIA PTY LTD,23005479961,100921878,8822300,2034411,2017-18
GEORGIOU GROUP PTY LTD,82073851948,569252524,6070043,1821013,2017-18
GERALDTON FISHERMEN'S CO-OPERATIVE LTD,52425663385,407340865,,,2017-18
GETINGE AUSTRALIA PTY LIMITED,67009673518,119618988,2258078,677423,2017-18
GHD GROUP PTY LTD,32118062258,863738305,94410082,27833131,2017-18
GIBSON'S LIMITED,23009476064,212184000,24515148,6994445,2017-18
GILEAD SCIENCES PTY LTD,71072611708,424997394,35303962,8167068,2017-18
GIPPSLAND MOTOR GROUP PTY LTD,20118504475,102485176,2522868,756860,2017-18
GIVAUDAN AUSTRALIA PTY LIMITED,87000470280,107025994,1004085,,2017-18
GLAXOSMITHKLINE CONSUMER HEALTHCARE AUSTRALIA PTY LTD,68603310292,407567994,19970346,5121963,2017-18
GLAXOSMITHKLINE HOLDINGS PTY LTD,75000465878,851464024,,,2017-18
GLEN DIMPLEX AUSTRALIA HOLDINGS PTY LIMITED,12609977728,177329364,1242485,188538,2017-18
GLENCORE GRAIN HOLDINGS AUSTRALIA,81161229867,3760806387,119181749,35754525,2017-18
GLENCORE HOLDINGS PTY LIMITED,41104160689,459292734,108258935,10825894,2017-18
GLENCORE INVESTMENT PTY LIMITED,67076513034,15694206513,2087807660,239872883,2017-18
GLOBAL BLUE CURRENCY CHOICE AUSTRALIA PTY LTD,43092237968,388599960,317865,,2017-18
GLOBAL SWITCH AUSTRALIA HOLDINGS PTY LTD,35138200049,132941406,15824747,4747424,2017-18
GLOBAL TRADE HOLDING PTY LTD,51169199366,402316414,242153,72646,2017-18
GLOBAL VALUE FUND LIMITED,90168653521,169660120,11297465,3247255,2017-18
GLORIOUS SUN (AUSTRALIA) PTY LTD,45091122020,152283000,,,2017-18
GLYNWED PACIFIC HOLDINGS PTY LTD,50008100703,480282659,3402822,824865,2017-18
GMO AUSTRALIA LIMITED,30071502639,124644412,238805,71642,2017-18
GODFREY HIRST AUSTRALIA PTY LTD,58000849758,333310501,41371067,11724495,2017-18
GOLD FIELDS AUSTRALIA PTY LTD,91098385285,1565483474,367686322,108620059,2017-18
GOLDEN COCKEREL PTY LTD,84009906432,234747787,37154,11146,2017-18
GOLDER ASSOCIATES PTY LTD,64006107857,182598399,4421864,,2017-18
GOLDLINQ HOLDINGS PTY LTD,,215745966,,,2017-18
GOLDMAN SACHS HOLDINGS ANZ PTY LIMITED,27151154791,480052196,14235129,,2017-18
GOLDWIND AUSTRALIA PTY LIMITED,32140108390,219014743,10883967,3265190,2017-18
GOODMAN LIMITED,69000123071,408947006,,,2017-18
GOODYEAR AUSTRALIA PTY LTD,75000017489,828711594,,,2017-18
GOOGLE AUSTRALIA PTY LIMITED,33102417032,1025894419,188114299,37165945,2017-18
GOVE ALUMINIUM FINANCE LTD,45001860073,570042036,83101942,22246064,2017-18
GPC ASIA PACIFIC HOLDINGS PTY LTD,80162550978,1336271966,65738741,19380386,2017-18
GPT MANAGEMENT HOLDINGS LIMITED,67113510188,194587303,48750926,14553693,2017-18
GR ENGINEERING SERVICES LIMITED,12121542738,290081051,42044345,5351056,2017-18
GRAINCORP LIMITED,60057186035,3498349446,,,2017-18
GRAND HOTEL COMPANY PTY LTD,51073486003,116484334,4227490,1268247,2017-18
GRANGE RESOURCES LIMITED,80009132405,272039812,28104797,7515315,2017-18
GRANT THORNTON AUSTRALIA LIMITED,41127556389,250696620,48174324,14432328,2017-18
GRAPHIC PACKAGING INTERNATIONAL AUSTRALIA PTY LTD,22057776888,151520779,,,2017-18
GREAT LAKES INSURANCE (SE),18964580576,116162641,3791911,1137284,2017-18
GREATER BANK LIMITED,88087651956,289722127,47913884,14374165,2017-18
GREENCROSS LIMITED,58119778862,659132295,14212040,3176426,2017-18
GREENLIT BRANDS PTY LIMITED,21612890874,2132333669,124513,,2017-18
GREENSTONE HOLDCO PTY LIMITED,38612810232,780497417,,,2017-18
GRIFFON AUSTRALIA HOLDINGS PTY LIMITED,35156377356,202875497,18535288,5560586,2017-18
GRILL'D PTY LTD,17106297394,228358813,11703950,3511185,2017-18
GRINDING MEDIA PTY LTD,47615611759,125997704,12623836,,2017-18
GROCERY DELIVERY E-SERVICES AUSTRALIA PTY LIMITED,19155437620,126623399,,,2017-18
GROOTE EYLANDT MINING COMPANY PTY LTD,26004618491,2157230471,1035283560,310049243,2017-18
GROSNECCA AGRICULTURE HOLDINGS PTY LTD,70607142870,540460774,23361602,3308633,2017-18
GROUP ZARA AUSTRALIA PTY LTD,64089376349,282147920,15892378,4767713,2017-18
GRUNDFOS AUSTRALIA HOLDING PTY LTD,,143513332,,,2017-18
GS COAL HOLDINGS PTY LTD,56166342427,613390323,55877500,,2017-18
GSA GROUP PTY LTD,41004948298,400185618,164865566,47109151,2017-18
GTN LIMITED,38606841801,120212162,20790695,6237208,2017-18
GUCCI AUSTRALIA PTY LIMITED,49093354548,223016626,25904289,7771287,2017-18
GUILD GROUP HOLDINGS LTD,72060237774,207889431,12463493,3136850,2017-18
GUNNERSEN COMPANIES PTY LTD,42004560605,222789676,5157079,1519537,2017-18
GWA GROUP LIMITED,15055964380,498539752,77925158,21894546,2017-18
GWS AUTOMOTIVE GROUP PTY LTD,97161490759,239514657,5438780,1630570,2017-18
H & M HENNES & MAURITZ PTY LTD,83160056548,354389682,14786279,4435884,2017-18
H & R BLOCK LIMITED,89064268800,105280975,4293123,1287937,2017-18
HAFELE AUSTRALIA PTY LTD,51006021432,111257327,6798457,2038886,2017-18
HAIL CREEK MARKETING PTY LTD,36080001985,1592314411,1614772,484432,2017-18
HALLIBURTON CONSOLIDATED PTY LTD,67101049521,262794972,,,2017-18
HAMILTON & MARINO HOLDINGS PTY LTD,72145812228,435273982,16678198,5003459,2017-18
HANCOCK PROSPECTING PTY LTD,69008676417,2367267375,1173940005,352105229,2017-18
HANCOCK QUEENSLAND PLANTATIONS PTY LTD,30142129342,364052576,,,2017-18
HANCOCK VICTORIAN PLANTATIONS HOLDINGS PTY LIMITED,16084801178,438276689,,,2017-18
HANKOOK TYRE AUSTRALIA PTY LTD,77082389704,114982257,2339262,701779,2017-18
HANNOVER LIFE RE OF AUSTRALASIA LTD,37062395484,1130940755,,,2017-18
HANNOVER RUECK SE AUSTRALIAN BRANCH,88002927031,350470539,14065692,3064701,2017-18
HANSEN YUNCKEN PTY LTD,38063384056,988309155,,,2017-18
HANSON AUSTRALIA (HOLDINGS) PROPRIETARY LIMITED,48090994657,1982242635,238027811,59154821,2017-18
HARINA COMPANY LIMITED,46615332348,224382062,,,2017-18
HARLEY-DAVIDSON AUSTRALIA PTY LTD,83098483259,249801283,11629459,3488838,2017-18
HARRIS COMMUNICATIONS (AUSTRALIA) PTY LTD,88054982151,127288844,8854797,2656439,2017-18
HARVEST ROAD GROUP PTY LTD,31169138014,308094520,9060392,,2017-18
HARVEY NORMAN HOLDINGS LTD,54003237545,1416840522,342531054,100482362,2017-18
HASBRO AUSTRALIA LIMITED,69004348565,157814869,7512779,2253834,2017-18
HASSAD AUSTRALIA PTY LTD,35137006109,209767717,,,2017-18
HASTINGS MANAGEMENT PTY LTD,88101976336,208159205,133913545,40174064,2017-18
HATCHCOS HOLDINGS PTY LTD,35072620467,174544356,9953142,,2017-18
HAWKER PACIFIC PTY LTD,94001540316,231433437,11534438,3457116,2017-18
HAYS SPECIALIST RECRUITMENT (AUSTRALIA) PTY LTD,47001407281,2290077769,127570557,38271167,2017-18
HAZELDENE'S CHICKEN FARM PROPRIETARY LIMITED,72004381346,278117615,12016693,3605008,2017-18
HBI AUSTRALIA ACQUISITION CO. PTY LTD,52612185476,892632921,56968622,14766435,2017-18
HCL AUSTRALIA SERVICES PTY LIMITED,72081196983,314546334,17142071,5142621,2017-18
HCL INTERNATIONAL PTY LIMITED,46134588837,296174510,14805442,4441633,2017-18
HDI GLOBAL SE AUSTRALIA BRANCH,55490279016,178018183,10051884,3015565,2017-18
HEALIUS LTD,24064530516,1777726221,130426622,38720507,2017-18
HEALTHDIRECT AUSTRALIA LTD,28118291044,119747077,,,2017-18
HEALTHSCOPE LTD,65144840639,2197248824,140007185,41032952,2017-18
HEARTLAND GROUP PTY LIMITED,96001235392,355400801,13350042,4003886,2017-18
HEARTWARE PTY LIMITED,34111970257,1255708123,,,2017-18
HEINEMANN AUSTRALIA PTY LTD,36159521338,359760116,,,2017-18
HEINZ WATTIE'S PTY LTD,51071783447,654922855,18008639,3793770,2017-18
HELLA ASIA PACIFIC PTY LTD,46004516947,129857154,23608503,7082551,2017-18
HELLMANN WORLDWIDE LOGISTICS PTY LTD,13003199755,210310952,2327001,698034,2017-18
HELLOWORLD TRAVEL LIMITED,60091214998,214328733,34959262,9769151,2017-18
HEMMES GROUP PTY LTD,53105332376,351892739,11152017,3345605,2017-18
HENKEL FINANCE AUSTRALIA,15740196765,369628365,19484751,5845425,2017-18
HENLEY PROPERTIES (QLD) PTY LTD,42068886000,411280580,32254078,9676223,2017-18
HEP AUSTRALIA HOLDINGS PTY LTD,22129428155,257342756,30232008,8935013,2017-18
HERITAGE BANK LIMITED,32087652024,389117741,77044004,22551493,2017-18
HERMES AUSTRALIA PTY LTD,88003558085,117187929,38040708,11412212,2017-18
HERTEL AUSTRALIA HOLDING PTY LTD,53142708665,133629063,28056068,8416820,2017-18
HERTZ INVESTMENTS (HOLDINGS) PTY LTD,,367755531,25502155,7650646,2017-18
HEWLETT PACKARD SOUTH PACIFIC PTY LTD,94121554489,1300182625,4467968,1340390,2017-18
HEXION PTY LTD,32004271827,138406845,13702443,3229223,2017-18
HG HOLDCO PTY LTD,20603088606,541464421,64396067,19268315,2017-18
HICKORY GROUP HOLDINGS LIMITED,11617050914,452244224,21807880,6542364,2017-18
HIGHBROOK HOLDINGS PTY LTD,32157828058,391759816,24580781,7326852,2017-18
HIGHLAND AUTOS PTY LTD,13121604297,128769540,7003695,2101109,2017-18
HIGHLOW MARKETS PTY LTD,85143553628,266036430,148830728,44649218,2017-18
HILLGROVE RESOURCES LTD,73004297116,127342198,,,2017-18
HILLS LIMITED,35007573417,253249766,,,2017-18
HILLSIDE (AUSTRALIA NEW MEDIA) PTY LIMITED,75148920665,115206709,,,2017-18
HILTI (AUST) PTY LIMITED,44007602100,133977102,6448775,1934632,2017-18
HILTON INTERNATIONAL AUSTRALIA PTY LTD,88098665537,104290368,7375874,1656653,2017-18
HINDMARSH CONSTRUCTION AUSTRALIA PTY LIMITED,15126578176,294391640,,,2017-18
HINO MOTOR SALES AUSTRALIA PTY LTD,74064989724,390002405,5429909,1628973,2017-18
HIRSCH FINANCIAL PTY LTD,16132753167,511207317,7074294,2122288,2017-18
HISENSE AUSTRALIA PTY LTD,55105022080,275267310,16526447,4957934,2017-18
HITACHI AUSTRALIA PTY LIMITED,34075381332,215360934,10648844,3183540,2017-18
HITACHI CONSTRUCTION MACHINERY (AUSTRALIA) PTY LTD,62000080179,1024904423,103335819,29183145,2017-18
HOLDCO 1 PTY LTD,28157845871,151681590,,,2017-18
HOLLARD HOLDINGS AUSTRALIA PTY LIMITED,30154586802,1150893859,34452639,9731269,2017-18
HONAN HOLDINGS PTY LIMITED,31000392727,1193407515,40480735,8157312,2017-18
HONDA AUSTRALIA PTY LTD,66004759611,1327627925,55141807,13705850,2017-18
HONDA MPE PTY LTD,96006662862,299613909,19732917,5919875,2017-18
HONEYWELL HOLDINGS PTY LTD,18000383764,866992113,236031147,66052213,2017-18
HOOGWEGT AUSTRALIA PTY LTD,30075457902,135729785,2916712,875014,2017-18
HOPE DOWNS MARKETING COMPANY PTY LTD,58115712117,3805836965,,,2017-18
HORIZON GLOBAL HOLDINGS (AUSTRALIA) PTYLIMITED,20107464175,120347633,10118565,2749176,2017-18
HOTELS COMBINED PTY LTD,61122130554,216472966,24730032,7419010,2017-18
HOUMA HOLDINGS PTY LIMITED,44002590758,248700462,2192924,560873,2017-18
HOWDEN AUSTRALIA PTY LTD,15004265276,101803139,6687808,1899133,2017-18
HOWE AUTOMOTIVE LIMITED,43061589188,204884363,46571277,11473693,2017-18
HP FINANCIAL SERVICES (AUSTRALIA) PTY LTD,86082062413,213639113,29484494,8845348,2017-18
HPG DEVELOPMENT HOLDINGS PTY LTD,14166309860,246087315,,,2017-18
HSBC AUSTRALIA HOLDINGS PTY LIMITED,22006513873,1396476727,414701421,123516401,2017-18
HUAWEI TECHNOLOGIES (AUSTRALIA) PTY LIMITED,49103793380,624339707,86056349,25256102,2017-18
HUDSON HIGHLAND (APAC) PTY LIMITED,14074319396,297722509,,,2017-18
HUHTAMAKI HOLDINGS PTY LTD,13003519257,130571706,9849377,2954813,2017-18
HUNTER DOUGLAS HOLDINGS LIMITED,47000238451,128815948,5591527,1672226,2017-18
HUNTSMAN CORPORATION AUSTRALIA PTY LTD,67083984187,224560806,,,2017-18
HUON AQUACULTURE GROUP LTD,79114456781,327866614,37568340,561128,2017-18
HUSQVARNA AUSTRALIA PTY LIMITED,45115475619,157964644,3982854,1194856,2017-18
HUTCHEON AND PEARCE OPERATIONS PTY LTD,68169674033,245228969,8827861,2648358,2017-18
HVK PTY. LIMITED,66085121768,410917745,32936607,9880982,2017-18
HVO COAL SALES PTY LTD,33606478531,1728926714,151155,45346,2017-18
HWG HOLDINGS PTY LTD,65115398322,437338872,5876850,1474499,2017-18
HWR LUBRICANTS PTY LTD,52151436341,269588478,1180601,354180,2017-18
HYDRO ALUMINIUM AUSTRALIA PTY LIMITED,42001872215,200108960,18148804,,2017-18
HYDRONOVA AUSTRALIA NZ PTY LTD,74111599958,105480508,4971130,1491339,2017-18
HYDROX HOLDINGS PTY LTD,94138990593,634871848,,,2017-18
HYSTER-YALE AUSTRALIA HOLDING PTY LTD,26101464073,162636258,,,2017-18
HYUNDAI MOTOR COMPANY AUSTRALIA PTY LTD,58008995588,2263729728,36536662,10960999,2017-18
I & D GROUP PTY LTD,56164703360,270148017,17615228,5284568,2017-18
IAB HOLDINGS LIMITED,32161873187,105783873,,,2017-18
IAG RE AUSTRALIA LTD AAF NON-RESIDENT REINSURERS,,160983152,160983152,48294946,2017-18
IAN WEIGH MOTORS PTY LTD & WEIGH PROPERTY INVESTMENTS PTY LTD,90148491233,121922802,3520758,1056137,2017-18
IBM A/NZ HOLDINGS PTY LIMITED,12105319248,3033147060,22880720,,2017-18
ICON CO PTY LTD,95604136683,855710666,,,2017-18
IDEMITSU AUSTRALIA RESOURCES PTY LTD,45010236272,1682426543,394055717,116142505,2017-18
IDP EDUCATION LIMITED,59117676463,436816270,62868034,10461250,2017-18
IFF AUSTRALIA HOLDINGS PTY LTD,78098655335,106782081,11169969,2591136,2017-18
IFM RENEWABLE ENERGY TRUST,45226678241,221656770,48198182,14459455,2017-18
IFM SOCIAL INFRASTRUCTURE HOLDING TRUST,40337513753,282909992,,,2017-18
IGT (AUSTRALIA) PTY LTD,65002904690,123439105,9886247,,2017-18
IIF CAIRNS MACKAY INVESTMENT LIMITED,,156090246,,,2017-18
IKEA PTY LTD,84006270757,1396723859,19178438,5753531,2017-18
ILUKA RESOURCES LIMITED,34008675018,965824593,106436119,7440091,2017-18
IMAGE HOLDCO PTY LIMITED,18623028740,263451138,9358075,2492422,2017-18
IMB LTD,92087651974,258917045,46341081,13902324,2017-18
IMC PACIFIC HOLDINGS PTY LIMITED,83099273819,265342871,20246101,4681171,2017-18
IMCD AUSTRALASIA INVESTMENTS PTY LTD,89149016222,237397493,16953075,5082958,2017-18
I-MED NETWORK PTY LIMITED,19168409845,475784016,,,2017-18
IMMER (NO 141) PTY LTD,17002617745,354715766,,,2017-18
IMPERIAL TOBACCO AUSTRALIA LIMITED,46088148681,863467878,41922576,12557689,2017-18
INCHCAPE AUSTRALIA LIMITED,50050035277,1582237129,123497209,17795069,2017-18
INCITEC PIVOT LIMITED,42004080264,2830611840,22675336,573603,2017-18
INDEPENDENCE GROUP NL,46092786304,780634883,,,2017-18
INDUSTRIAL AND COMMERCIAL BANK OF CHINA LIMITED,57086866506,1341727735,142158506,42646913,2017-18
INDUSTRY SUPER HOLDINGS PTY LTD,71119748060,540296838,55428652,16412695,2017-18
INENCO GROUP PTY LTD,77007595977,391713778,22663704,6202785,2017-18
INEX INDEPENDENT EXTRUSIONS LIMITED PARTNERSHIP,58515316810,110512950,8299079,2489724,2017-18
INFIGEN ENERGY LIMITED,39105051616,224713293,,,2017-18
INFO MANAGEMENT SERVICES PTY LTD,88119821457,100517316,11333838,3400151,2017-18
INFOR (ANZ HOLDINGS) PTY LIMITED,45160838433,117104346,16981283,4024670,2017-18
INFOSYS TECHNOLOGIES LIMITED,52090591209,628908008,179591011,33439396,2017-18
ING AUSTRALIA HOLDINGS LIMITED,27008459596,2735384921,514995925,154160325,2017-18
ING BANK NV (SYDNEY BRANCH),32080178196,236854038,3073275,921982,2017-18
INGENIA COMMUNITIES MANAGEMENT TRUST,99296784351,195296419,,,2017-18
INGHAMS GROUP LIMITED,39162709506,2397253799,117172359,33360122,2017-18
INGRAM MICRO HOLDINGS (AUSTRALIA) PTY LTD,12112487322,2177844118,,,2017-18
INPEX AUSTRALIA PTY LTD,79134715254,537257380,3549285,1032324,2017-18
INPEX HOLDINGS AUSTRALIA PTY LTD,61150217315,159568998,,,2017-18
INPEX SAHUL LTD,28059844781,152094867,5694504,1706612,2017-18
INSIGHT ENTERPRISES AUSTRALIA PTY LIMITED,47058645677,120922079,6400844,1918897,2017-18
INSPIRATIONS PAINT STORE (HOLDINGS) LTD,94080617036,288171224,632630,189789,2017-18
INSURANCE AUSTRALIA GROUP LIMITED,60090739923,14936286408,940272455,238740549,2017-18
INSURANCE MANUFACTURERS OF AUSTRALIA PTY LTD,93004208084,3704935531,392861898,115551012,2017-18
INTEGRAL DIAGNOSTICS LIMITED,55130832816,204229791,23732030,7119609,2017-18
INTEGRATED FOODS HOLDINGS PTY LTD,42603619692,2011501536,27608649,,2017-18
INTEGRIA HEALTHCARE (AUSTRALIA) PTY LIMITED,70096496212,143831450,59017,,2017-18
INTERFACE AUST HOLDINGS PTY LIMITED,68074804381,114132811,6132969,1734254,2017-18
INTERIORCO PTY LTD,76128905564,269992549,7599864,1941915,2017-18
INTERLINK ROADS PTY LIMITED,53003845430,303845681,205253239,61575972,2017-18
INTERNATIONAL CAPITAL MARKETS PTY. LTD.,12123289109,362431911,214423775,64327132,2017-18
INTERNATIONAL POWER (AUSTRALIA) HOLDINGS PTY LTD,70105041209,2052954895,,,2017-18
INTERNATIONAL SOS (AUSTRALASIA) PTY LTD,83052247104,227156588,,,2017-18
INTERNET SERVICES AUSTRALIA 1 PTY LTD,50152631082,262506311,,,2017-18
INTERPUBLIC AUSTRALIA HOLDINGS PTY LTD,20140379335,239894909,31935551,9257269,2017-18
INTERTEK AUSTRALIA HOLDINGS PTY LTD,74124892879,123977032,3708214,,2017-18
INTREPID GROUP LIMITED,30131952513,281393939,6738884,,2017-18
INVOCARE LIMITED,42096437393,476657908,85391717,25444690,2017-18
IOOF HOLDINGS LTD,49100103722,841636947,317598454,80294648,2017-18
IPH LIMITED,49169015838,153439064,36132761,9755157,2017-18
IQVIA SOLUTIONS AUSTRALIA HOLDINGS PTY LTD,42104475363,113392275,38033944,1357494,2017-18
IRESS LIMITED,47060313359,617191638,47082510,13885312,2017-18
IRI (APAC HOLDINGS) PTY LTD,13165572761,101760707,2644394,,2017-18
IRON MOUNTAIN ACQUISITION HOLDINGS PTY LTD,20608590521,231674267,427950,,2017-18
ISAGENIX (ASIA PACIFIC) AUSTRALIA PTY LIMITED,31122975357,131703195,,,2017-18
ISELECT LIMITED,48124302932,180171996,,,2017-18
ISUZU AUSTRALIA LIMITED,97006962572,747992920,38141873,11442562,2017-18
ISUZU UTE AUSTRALIA PTY LTD,80129563739,928409046,48167594,14450278,2017-18
ITI (NSW) PTY LIMITED,17003282755,139813323,10843991,3253197,2017-18
ITOCHU AUSTRALIA LIMITED,63000192790,2710530112,1080934069,242088369,2017-18
ITV STUDIOS AUSTRALIA PTY LIMITED,91088957706,120101201,10564376,1166093,2017-18
IVE GROUP LIMITED,62606252644,690395284,26742029,8022609,2017-18
IXOM HOLDCO PTY LTD,36602722547,969509010,32235939,9039235,2017-18
J & V MCGRATH HOLDINGS PTY LTD,81122411778,200495505,2488224,746467,2017-18
J G KING BUILDING GROUP PTY LTD,38142687554,278393678,,,2017-18
J HUTCHINSON PTY LTD,52009778330,2676642234,50859812,15248365,2017-18
J&F AUSTRALIA PTY LTD,72150917285,620682318,3255337,820432,2017-18
J. CORDINA INVESTMENTS PTY LTD,99000528281,259708465,,,2017-18
J. J. RICHARDS & SONS PTY LTD,40000805425,854204417,107556577,29831468,2017-18
J.P. MORGAN AUSTRALIA GROUP PTY LIMITED,54104888155,783111481,127855195,36500408,2017-18
JACOBS AUSTRALIA PTY LIMITED,12079749287,860794911,,,2017-18
JAGUAR LAND ROVER AUSTRALIA PTY LTD,86004352238,1154815599,81719297,24459137,2017-18
JAMES HARDIE RESEARCH (HOLDINGS) PTY LIMITED,51082944821,418674491,,,2017-18
JANART HOLDINGS PTY LTD,13092037262,270320941,2661966,798590,2017-18
JANGHO HEALTH CARE AUSTRALIA PTY LTD,90608040802,132250084,8748403,1500419,2017-18
JAPAN ALUMINA ASSOCIATES (AUSTRALIA) PTY LTD,42008907524,186566798,,,2017-18
JAPAN AUSTRALIA LNG (MIMI) PTY LTD,18006303180,1514615165,706615606,209779186,2017-18
JAPARA HEALTHCARE LIMITED,54168631052,376436865,9982812,2994844,2017-18
JAQUES INTERNATIONAL HOLDING PTY LTD,57004075978,245608835,12972500,3167833,2017-18
JARDINE LLOYD THOMPSON AUSTRALIA PTY LIMITED,24005279890,252720285,66381857,19721050,2017-18
JAROOKA PTY LTD,23002555839,206589682,2090843,626641,2017-18
JB HI-FI LIMITED,80093220136,6643497979,375364054,112609113,2017-18
JBX PTY LTD,52134120139,370625113,155588836,46676651,2017-18
JD SPORTS FASHION HOLDINGS AUSTRALIA PTY LIMITED,15614248332,145272217,,,2017-18
JELD-WEN AUSTRALIA PTY LIMITED,62087012226,694545086,67336140,19573601,2017-18
JELLINBAH GROUP PTY LTD,54010754793,1937841554,890230263,266796526,2017-18
JENNMAR AUSTRALIA PTY LTD,34078584531,142710380,4474972,963796,2017-18
JF HILLEBRAND AUSTRALIA PTY LTD,58079446905,126315488,4129831,1238949,2017-18
JFC AUSTRALIA CO PTY LTD,36003080260,143835124,3286754,986026,2017-18
JFE STEEL AUSTRALIA RESOURCES PTY LTD,77113447064,105274217,,,2017-18
JGC OCEANIA PTY LTD,94154383374,137852603,22948395,6884518,2017-18
JK INTERNATIONAL PTY LTD,49010127750,346882244,,,2017-18
JKC AUSTRALIA LNG PTY LTD,14154383409,4098159498,2757408,827222,2017-18
JLG INDUSTRIES AUSTRALIA,42056685897,105014368,5977243,1793173,2017-18
JMC AUTOMOTIVE GROUP PTY LTD (JACKSON FORD),83009479190,302177783,5205050,1561515,2017-18
JOHN SWIRE & SONS (AUSTRALIA) PTY LTD,54118028774,561600647,,,2017-18
JOHNSON & JOHNSON PTY LIMITED,29000023709,1312734961,145197022,37617170,2017-18
JOHNSON CONTROLS HOLDING AUSTRALIA PTY LIMITED,86102631158,161113764,13547386,4064216,2017-18
JOLIMONT DEVELOPMENT FINANCE PTY LTD,94094356779,923646609,53842683,14732091,2017-18
JOY GLOBAL AUSTRALIA HOLDING COMPANY PTY LTD,70059870058,198332391,,,2017-18
"JPMORGAN CHASE BANK, NATIONAL ASSOCIATION",43074112011,582233169,5471183,1641355,2017-18
J-POWER AUSTRALIA PTY. LTD.,59002307682,384449248,131309138,39133087,2017-18
JQZ HOLDINGS PTY LTD,36111636983,329458573,,,2017-18
JWH GROUP PTY LTD,84098664709,272134966,,,2017-18
K&S CORPORATION LTD,67007561837,836060337,,,2017-18
KA & MD INVESTMENTS PTY. LTD.,40120126589,259025566,6030924,1809277,2017-18
KAEFER INTEGRATED SERVICES PTY LTD,83009046191,413555248,7553816,2266145,2017-18
KAGERA PTY LTD,58008478797,284149533,33943510,10107124,2017-18
KAIZEN MOTORS PTY LTD,67603805278,252081079,1365779,409734,2017-18
KAJIMA COCKRAM HOLDINGS PTY LTD,58617584175,349284731,,,2017-18
KANSAI ELECTRIC POWER HOLDINGS AUSTRALIA PTY LTD,57601296226,204724229,34338756,,2017-18
KARARA MINING LIMITED,68070871831,1166919418,,,2017-18
KATANA CAPITAL LIMITED,56116054301,100402273,2153310,394461,2017-18
KATHMANDU PTY LTD,84007047547,310983507,48243408,14473022,2017-18
"KAWASAKI HEAVY INDUSTRIES, LIMITED",34375598290,335417553,2483859,745158,2017-18
KB FOOD COMPANY PTY LTD,16610219380,614428605,21247655,6040632,2017-18
KBR HOLDINGS PTY LTD,32093419277,374933002,4859113,,2017-18
KEEMA HOLDINGS PTY LTD,28097123389,242570502,4618966,1385663,2017-18
KELLER AUSTRALIA PTY LIMITED,61081279932,415652157,,,2017-18
KELLOGG AUSTRALIA HOLDINGS PTY LTD,59102893952,422142957,30915854,5207813,2017-18
KELLY SERVICES AUSTRALIA PTY LTD,92608767979,167725973,699376,209813,2017-18
KENNARDS HIRE PTY LIMITED,69001740727,357797247,70465901,21035471,2017-18
KENNARDS SELF STORAGE PTY. LIMITED,57001805036,290067091,61215019,18206640,2017-18
KEOLIS DOWNER PTY LTD,51165343680,843114621,29407776,8821124,2017-18
KERRY INGREDIENTS AUSTRALIA PTY LTD,47072996895,216189232,6507041,,2017-18
KEYSTONE FOODS PTY LIMITED,83077185481,133569256,7450727,2235218,2017-18
KIA MOTORS AUSTRALIA PTY LTD,97110483353,1348311643,42158510,12647553,2017-18
KIMBERLY CLARK PACIFIC HOLDINGS PTY LIMITED,59095905294,892367282,53917566,11864344,2017-18
KIN GROUP PTY LTD,11095313714,475119149,46520732,4606579,2017-18
KINGSPAN HOLDINGS AUSTRALIA PTY LTD,81107982098,115306965,1016697,305009,2017-18
KNAUF GYPSUM (AUSTRALIA) PTY LTD,82134378313,201827245,40143602,8683946,2017-18
KNIGHT FRANK AUSTRALIA HOLDINGS PTY LTD,28114923938,154320756,7457796,2182005,2017-18
KNORR-BREMSE AUSTRALIA PTY LTD,31092562671,206011746,16104398,3354473,2017-18
KOBELCO CONSTRUCTION MACHINERY AUSTRALIA PTY LIMITED,89097852296,110736876,4130218,1239065,2017-18
KOCH FERTILISER AUSTRALIA PTY LTD,44140582369,226638884,,,2017-18
KOGAN AUSTRALIA PTY LTD,53152570351,218288882,628067,188420,2017-18
KOGAN HK LIMITED,51158959794,222458850,9048466,2714540,2017-18
KOGAS AUSTRALIA PTY LTD,42130065682,492005773,,,2017-18
KOMATSU MARKETING SUPPORT AUSTRALIA PTY LTD,63053514739,1492481510,89599266,23827174,2017-18
KONE HOLDINGS (AUSTRALIA) LIMITED,51003986436,465735968,34902750,10470825,2017-18
KONICA MINOLTA BUSINESS SOLUTIONS AUSTRALIA PTY LTD,50001065096,240753490,4917373,1475212,2017-18
KOPPERS AUSTRALIA HOLDING COMPANY PTY LTD,19104645301,218084560,45817093,13714370,2017-18
KORDIA PTY LIMITED,33062953940,107145179,,,2017-18
KUBOTA TRACTOR AUSTRALIA PTY LTD,72005300621,455320230,40545087,12163526,2017-18
KUEHNE & NAGEL PTY LTD,70000871607,410610789,7586066,2275820,2017-18
KUFPEC AUSTRALIA PTY LTD,42001800924,212205150,,,2017-18
KUMHO TYRE AUSTRALIA PTY LTD,46003300678,113653041,1546952,464086,2017-18
KUWAIT PETROLEUM AVIATION (AUSTRALIA) PTY LIMITED,88122531631,400141791,,,2017-18
KVD AUSTRALIA HOLDCO PTY LTD,83604747391,657486837,146877206,31176577,2017-18
KWIKFORM ACQUISITION HOLDINGS PTY LIMITED,43157779961,124711367,,,2017-18
KYOCERA DOCUMENT SOLUTIONS AUSTRALIA PTY LTD,77003852444,104379378,2983018,894905,2017-18
L.U. SIMON BUILDERS PTY LTD,38006137220,257292825,16730300,5019090,2017-18
L3 AUSTRALIA GROUP PTY LTD,47119831819,127369262,8203565,1127965,2017-18
LAGARDERE SERVICES ASIA PACIFIC PTY LTD,77095961201,185837536,6725364,2017609,2017-18
LAING O'ROURKE AUSTRALIA PTY LIMITED,71111023431,1301007201,,,2017-18
LAKE WOODS HOLDINGS PTY LIMITED,83134351134,191018256,,,2017-18
LAMANNA PREMIER GROUP PTY LTD,87004843556,366879734,,,2017-18
LANCO RESOURCES AUSTRALIA PTY LTD,30147835452,270396763,,,2017-18
LANDPOWER AUSTRALIA PTY LTD,52005851801,130164064,2813021,843906,2017-18
LATROBE VALLEY POWER (HOLDINGS) PTY LTD,57621363102,785593232,80085081,24025524,2017-18
LAWRENCE AND HANSON GROUP PTY LTD,69080350812,924638713,,,2017-18
LAZARD ASSET MANAGEMENT PACIFIC CO.,13064523619,131656776,22386687,6716006,2017-18
LB AUSTRALIA HOLDINGS PTY LTD,96165597482,269125631,38266864,10634819,2017-18
LEASEPLAN AUSTRALIA LIMITED,57006923011,401034532,10466324,3139897,2017-18
LEGEND CORPORATION LIMITED,69102631087,109576932,11121876,3336563,2017-18
LEGES HOLDINGS (AUSTRALIA) PTY LIMITED,19072077706,227935759,3177856,953357,2017-18
LEGO AUSTRALIA PTY LIMITED,42001540914,218745921,7523656,2257097,2017-18
LEGRAND GROUP PTY LIMITED,41000565739,148352701,16103995,,2017-18
LEI AUSTRALIA HOLDINGS PTY LIMITED,36133805820,218460870,658556,,2017-18
LEIDOS PTY LTD,12011071239,384475950,16888787,5066636,2017-18
LEMPRIERE (AUSTRALIA) PTY LTD,27004386841,471832015,3634956,373510,2017-18
LENDLEASE CORPORATION LTD,32000226228,9473257094,69199715,,2017-18
LENOVO (AUSTRALIA & NEW ZEALAND) PTY LIMITED,70112394411,718599426,17764049,5329215,2017-18
LENOVO GLOBAL TECHNOLOGY (AUSTRALIA & NEW ZEALAND) PTY LTD,90614012985,146023982,780235,234070,2017-18
LEONE FAMILY HOLDINGS PTY LTD,69618356586,540600674,21299714,6389914,2017-18
LES CREUX AUSTRALIA PTY LTD,70147912187,115583042,5231370,1558102,2017-18
LG ELECTRONICS AUSTRALIA PTY LIMITED,98064531264,764139534,19307489,5792247,2017-18
LGL CO PTY LTD,46087391704,158419629,3469508,413824,2017-18
LIBERTY FINANCIAL GROUP PTY LIMITED,43124171759,493412110,,,2017-18
LIBERTY MUTUAL INSURANCE COMPANY,61086083605,178444748,1215010,364503,2017-18
LIBERTY OIL HOLDINGS PTY LTD,67068080124,1295320422,3405748,1021724,2017-18
LIBERTYTOWN AUSTRALIA PTY LTD,70128997526,100017379,,,2017-18
LIEBHERR-AUSTRALIA PTY LTD,65007970452,635484267,45156653,13546996,2017-18
LIFE TECHNOLOGIES AUSTRALIA PTY LTD,89004669863,110835966,14492187,4101484,2017-18
LIFESTYLE COMMUNITIES LTD,11078675153,181006178,18518562,5555569,2017-18
LIGHTING INVESTMENTS AUSTRALIA HOLDINGS PTY LTD,54159519810,233327952,,,2017-18
LINDE MATERIAL HANDLING PTY LIMITED,62000768776,218282773,,,2017-18
LINDSAY AUSTRALIA LIMITED,81061642733,372404248,9823252,2946976,2017-18
LINDT & SPRUNGLI (AUSTRALIA) PTY LTD,43079224892,237937565,18403960,5521188,2017-18
LINFOX PTY LTD,59004667298,2278172729,159452328,42567368,2017-18
LINK ADMINISTRATION HOLDINGS LIMITED,27120964098,726000619,126519124,37267790,2017-18
LION PTY LIMITED,50128004268,4433025660,272544751,62955229,2017-18
LIPMAN GROUP HOLDINGS PTY LIMITED,62150243682,272548119,13053220,3915966,2017-18
LIVE ENTERTAINMENT HOLDINGS PTY LTD,,390266808,31212875,8589859,2017-18
LIVE NATION AUSTRALASIA PTY LTD,69156286341,244508340,13508262,3778140,2017-18
LLOYD HELICOPTER SERVICES PTY LTD,45058277491,220854516,,,2017-18
LOCKHEED MARTIN AUSTRALIA PTY LIMITED,30008425509,482812052,,,2017-18
LOGISTIK PTY LTD,16150595421,123486519,7892925,2367878,2017-18
LOREAL AUSTRALIA PTY LTD,40004191673,602684061,99500158,29850047,2017-18
LOUIS DREYFUS COMPANY AUSTRALIA HOLDINGS PTY LTD,48125490851,839315486,7813413,2313679,2017-18
LOUIS DREYFUS COMPANY MELBOURNE HOLDINGS PTY LTD,18161877185,274084176,,,2017-18
LOUIS VUITTON AUSTRALIA PTY LTD,41005918678,293970363,34437299,10331190,2017-18
LOVISA HOLDINGS LIMITED,34602304503,158848641,41452184,12434708,2017-18
LOWES MANHATTAN PTY LTD,31000307666,240149065,22407,6103,2017-18
LOY YANG HOLDINGS PTY LTD,60057361805,753198127,209170261,62751078,2017-18
LPI (AUSTRALIA) HOLDINGS PTY LIMITED,81084042473,534902774,57245493,17121854,2017-18
LSH AUTO (BRISBANE) PTY LTD,66606816497,200042000,,,2017-18
LSH AUTO (MELBOURNE) PTY LIMITED,77618554635,150161562,664732,199420,2017-18
LSH AUTO (SYDNEY) PTY LTD,25604103915,342853000,1375381,412614,2017-18
LUBRIZOL INTERNATIONAL INC,52073495603,106406521,6439730,1931919,2017-18
LULULEMON ATHLETICA AUSTRALIA PTY LTD,45110186233,130142903,5699836,1709951,2017-18
LUXOTTICA SOUTH PACIFIC HOLDINGS PTY LIMITED,58104629772,781560517,33916263,10138437,2017-18
LUYE AUSTRALIA HOLDINGS PTY LTD,98609669472,767089263,,,2017-18
LYCOPODIUM LIMITED,83098556159,143695470,32306628,9079613,2017-18
LYNAS CORPORATION LIMITED,27009066648,112604506,,,2017-18
LYNCH GROUP HOLDCO PTY LTD,35608543219,221451049,6853497,1877175,2017-18
LYONDELLBASELL AUSTRALIA (HOLDINGS) PTY LTD,74066270237,275588279,37393071,10203713,2017-18
M EIGHT PTY. LTD.,50145601529,220343190,6177932,1853380,2017-18
M J LUFF PTY LTD,52001001850,252624510,,,2017-18
MACA MINING PTY LTD,22102886064,350766622,,,2017-18
MACADAMIA MARKETING INTERNATIONAL PTY LTD,76147689987,169580961,139694,41908,2017-18
MACKAY SUGAR LTD,12057463671,449207037,,,2017-18
MACMAHON HOLDINGS LIMITED,93007634406,922114595,4879641,137265,2017-18
MACQUARIE GROUP LIMITED,94122169279,9307362978,1175619964,248782069,2017-18
MACQUARIE MEDIA LIMITED,32063906927,140522307,27914625,8374388,2017-18
MACQUARIE TELECOM GROUP LIMITED,72056712228,234034563,29391352,7688823,2017-18
MAGELLAN FINANCIAL GROUP LIMITED,59108437592,452598184,269891024,80031098,2017-18
MAINBRACE CONSTRUCTIONS PTY LIMITED,45002970658,279282778,11820226,3546068,2017-18
MAINFREIGHT HOLDINGS PTY LTD,24084637605,624526037,32939750,9881925,2017-18
MAKITA (AUSTRALIA) PTY LIMITED,57001117335,313613825,29456704,8837011,2017-18
MALAYSIA AIRLINES BERHAD,29420085735,220356630,11501,3450,2017-18
MALIBRU PTY LTD,98008467114,491655677,34635630,10382773,2017-18
MANPOWER SERVICES (AUSTRALIA) PTY LIMITED,15071884994,733167858,17798349,5339505,2017-18
MANTRA GROUP LIMITED,69137639395,621506814,51431207,15236660,2017-18
MARCOPOLO AUSTRALIA HOLDINGS PTY LTD,23154692001,103200201,3766531,1129959,2017-18
MARLIN MANAGEMENT SERVICES LTD,51611806770,159029159,,,2017-18
MARMON CONSTRUCTION SERVICES (AUSTRALIA) HOLDINGS PTY LTD,38154626954,150547053,3161131,948339,2017-18
MARS AUSTRALIA PTY LTD,48008454313,1415506733,196926599,52622788,2017-18
MARSH MERCER HOLDINGS (AUST) PTY LTD,86097026812,823210801,197346597,58940602,2017-18
MARTIN-BROWER AUSTRALIA HOLDINGS PTY LTD,91156502251,1304248060,12617963,3785389,2017-18
MARUBENI AUSTRALIA LIMITED,53000329699,1668366169,303571188,23645646,2017-18
MASTERCARD AUSTRALIA HOLDING PTY LTD,83143337722,328183521,,,2017-18
MASTERMYNE GROUP LIMITED,96142490579,197326368,140227,,2017-18
MASTERTON CORPORATION HOLDING COMPANY PTY LIMITED,56055692825,355984585,24422297,7326689,2017-18
MATRAD PTY LTD,27011019088,110892261,,,2017-18
MATTEL PTY LTD,60000660962,135008464,4316657,1294997,2017-18
MAULES CREEK MARKETING PTY LTD,73140534256,172895818,,,2017-18
MAURICE BLACKBURN PTY LTD,21105657949,215067035,12963040,3888912,2017-18
MAVEN DENTAL GROUP PTY LTD,80131333492,104213110,7485308,2245592,2017-18
MAXIMUS AUSTRALIA HOLDING COMPANY PTY LTD,91608016128,319757481,18193885,5130308,2017-18
MAXI-TANKERS PTY LTD,22117406934,331389269,,,2017-18
MAXITRANS INDUSTRIES LIMITED,58006797173,392490200,12096664,3628999,2017-18
MAYFLOWER ENTERPRISES PTY LTD,48607181662,364937167,,,2017-18
MAYNE PHARMA GROUP LIMITED,76115832963,190209924,10955176,,2017-18
MAZDA AUSTRALIA PTY LTD,78004690804,3196729421,127211637,38163491,2017-18
MC RESOURCES AUSTRALIA PTY LTD,86142911233,350124856,,,2017-18
MCCAIN FOODS (AUST) PTY LTD,96000629587,648507857,29659239,8897772,2017-18
MCCARROLLS OF MOSS VALE PTY LTD,60003411210,374359173,,,2017-18
MCCORMICK FOODS AUSTRALIA PTY LTD,62004763259,188574801,13269126,3980738,2017-18
MCDERMOTT AUSTRALIA PTY LTD,99002736352,659392957,51548629,15464589,2017-18
MCDONALD JONES HOMES PTY LTD,59089524050,803638551,44055189,12963353,2017-18
MCDONALD'S AUSTRALIAN PROPERTY CORPORATION,55002913555,1686525779,456074546,135315192,2017-18
MCINTOSH HOLDINGS PTY LTD,28008675876,220055104,8707421,2100684,2017-18
MCKINSEY PACIFIC RIM INC,66055131443,455767041,46738910,14021673,2017-18
MCKINSEY RECOVERY & TRANSFORMATON SERVICES AUSTRALIA CO.,83163257690,220966349,2720476,816143,2017-18
MCMAHON SERVICES AUSTRALIA PTY LTD,75097072565,270638189,7402412,2136723,2017-18
MCMILLAN SHAKESPEARE LIMITED,74107233983,476055872,119483201,35844960,2017-18
MCNAB DEVELOPMENTS (QLD) PTY LTD,63118748548,244441658,6923069,2076921,2017-18
MCPHERSON'S LIMITED,98004068419,243724679,17160458,5094602,2017-18
MCWILLIAM'S WINES GROUP LTD,36000024108,107627271,,,2017-18
MEARS GROUP PTY LTD,92149486500,364941450,,,2017-18
MEDIA INNOVATIONS PTE LIMITED,91138053755,153909108,,,2017-18
MEDIBANK PRIVATE LIMITED,47080890259,7014560210,666479898,195893030,2017-18
MEDINA PROPERTY SERVICES PTY LIMITED,36062326176,242580124,1016027,304808,2017-18
MEDLINE STELLAR AUSTRALIA PTY LTD,94149963226,142079035,3413265,1023980,2017-18
MEDTRONIC AUSTRALASIA PTY LTD,47001162661,982827854,39052530,11715759,2017-18
MEMART INVESTMENTS PTY LTD,98004325562,303415322,,,2017-18
MEMBERS EQUITY BANK LIMITED,56070887679,1083564607,135665622,40699687,2017-18
MEMOCORP AUSTRALIA PTY LTD,57051213800,104584330,13752812,4125844,2017-18
MENZIES AVIATION HOLDINGS AUSTRALIA PTY LTD,18102031836,311039253,26122027,7836608,2017-18
MERCK SERONO AUSTRALIA PTY LTD,72006900830,106604911,11230650,3369195,2017-18
MERCK SHARP & DOHME (HOLDINGS) PTY LTD,57000235245,923688092,78006774,12539618,2017-18
MERIDIAN ENERGY AUSTRALIA PTY LIMITED,88143533322,274702174,,,2017-18
MERITON PROPERTIES PTY LIMITED,49000698626,1833536446,641893750,185024554,2017-18
MERLIN ENTERTAINMENTS (AUSTRALIA) PTY LTD,51147624557,177192126,1482100,,2017-18
MERRICKS COMMODITIES TRADING PTY LTD,15155870590,308051537,65983,19795,2017-18
MERRILL LYNCH (AUSTRALASIA) PTY LIMITED,72075923894,230470449,,,2017-18
MESH & BAR PTY LTD,35084464746,214701841,21834818,6550445,2017-18
METALS X LIMITED,25110150055,212930019,,,2017-18
METCASH LIMITED,32112073480,15417558516,231802894,67845867,2017-18
METECNO PTY LTD,44096402934,117526557,5040423,1337910,2017-18
METEORITE LAND PTY LTD,41165157399,172138033,29798587,8939576,2017-18
METLIFE INSURANCE LIMITED,75004274882,781611409,62975429,18780294,2017-18
METRO PROPERTY DEVELOPMENT PTY LTD,95141267469,345782207,,,2017-18
METRO TRAINS AUSTRALIA PTY LTD,88614061960,1700037744,45947119,13784136,2017-18
METROLL PTY LTD,97001446439,109323156,7298113,2126643,2017-18
METROLL VICTORIA PTY LTD,60005505135,127375364,3324568,997370,2017-18
METSO AUSTRALIA LIMITED,99000197428,346898778,9680556,2904167,2017-18
MFF CAPITAL INVESTMENTS LIMITED,32121977884,350524656,115010973,31977009,2017-18
MFS LOGISTICS PTY LIMITED,31125320658,141849135,621753,186526,2017-18
MHG HOTEL HOLDING AUSTRALIA PTY LTD,49153049917,466733773,3106455,,2017-18
MHPL INVESTMENTS PTY LTD,17010584031,511450674,11893893,3568168,2017-18
MICHAEL HILL INTERNATIONAL LIMITED,25610937598,513310584,13606504,3008194,2017-18
MICHAEL PAGE INTERNATIONAL (AUSTRALIA) PTY LTD,58002872264,181539704,6176501,1833682,2017-18
MICHELIN AUSTRALIA PTY LTD,84006761628,647770000,24617339,4426073,2017-18
MICROSOFT DATACENTER (AUSTRALIA) PTY LIMITED,31163792078,397347821,98350670,29505201,2017-18
MICROSOFT PTY LTD,29002589460,2280728398,204173826,61252148,2017-18
MIDDLEMOUNT COAL PTY LTD,49122348412,691291762,,,2017-18
MIDFIELD MEAT INTERNATIONAL PTY LTD,78065864904,635935802,20764025,6229208,2017-18
MIDWAY LTD,44005616044,212395487,22797226,4872026,2017-18
MIELE AUSTRALIA PTY LIMITED,96005635398,401264362,23024456,6907337,2017-18
MILLENNIUM MINERALS LIMITED,85003257556,120266220,,,2017-18
MILLENNIUM SERVICES GROUP LIMITED,11607926787,278372895,9467507,2840252,2017-18
MILLER POHANG COAL CO PTY LTD,99001588209,561038430,,,2017-18
MILTON CORPORATION LIMITED,18000041421,138534280,180621675,3726562,2017-18
MINERAL RESOURCES LIMITED,33118549910,1661173448,240870756,72261227,2017-18
MINERALOGY PTY LTD,65010582680,485376191,148858263,44657406,2017-18
MINGARA RECREATION CLUB LTD,81001662648,180487060,,,2017-18
MINJAR GOLD PTY LTD,15119514528,198044998,836653,250996,2017-18
MINMETALS AUSTRALIA PTY LTD,63006868033,213504381,,,2017-18
MIRVAC LIMITED,92003280699,1881876028,774259,,2017-18
MITEK AUSTRALIA LTD,98004564587,106638558,51515189,12029877,2017-18
MITSUBISHI AUSTRALIA LTD,81004354278,511960383,5481757,1264164,2017-18
MITSUBISHI DEVELOPMENT PTY LTD,17009779873,8741353625,3140036827,938985777,2017-18
MITSUBISHI ELECTRIC AUSTRALIA PTY LTD,58001215792,362487763,22627009,5932389,2017-18
MITSUBISHI HEAVY INDUSTRIES AIR CONDITIONERS AUSTRALIA PTY LTD,92133980275,185599085,16143004,4774937,2017-18
MITSUBISHI MOTORS AUSTRALIA LIMITED,53007870395,2487407892,,,2017-18
MITSUI & CO. (AUSTRALIA) LTD,64004349795,5868561992,2802076624,525331598,2017-18
MITSUI MATSUSHIMA INTERNATIONAL PTY. LIMITED,72100874600,140574059,16830904,5049271,2017-18
MITSUI-ITOCHU IRON PTY LTD,84008702761,1188994796,501476973,150443092,2017-18
"MIZUHO BANK, LTD (SYDNEY BRANCH)",83099031106,481626890,94595327,28378598,2017-18
MLC LIMITED,90000000402,517156066,2434605,153629,2017-18
MMA OFFSHORE LIMITED,21083185693,159667258,,,2017-18
MMC HOLDINGS (AUSTRALIA) PTY LTD,41607891207,106342138,151917340,,2017-18
MMG AUSTRALIA LIMITED,23004074962,712858589,59683040,,2017-18
MML HOLDINGS PTY LIMITED,55084402380,2271308826,193799668,58139900,2017-18
MOBIL PNG GAS HOLDINGS PTY LTD,35008633707,139955097,1185851,355755,2017-18
MOBIS PARTS AUSTRALIA PTY LTD,34107778156,131777742,,,2017-18
MODIANO AUSTRALIA PTY LTD,44006450344,158263937,1518389,455517,2017-18
MOELIS AUSTRALIA LIMITED,68142008428,115139857,36474204,10885271,2017-18
MOET HENNESSY AUSTRALIA PTY LIMITED,26104454604,312173319,29095495,8728648,2017-18
MOFFAT GROUP PTY LTD,92069691407,144698457,30681438,8469931,2017-18
MONADELPHOUS GROUP LIMITED,28008988547,1597384390,114585636,34084414,2017-18
MONASH IVF GROUP LTD,90169302309,143716070,22323284,6696985,2017-18
MONDE NISSIN (AUSTRALIA) PTY LTD,25169518325,288657871,,,2017-18
MONDELEZ AUSTRALIA GROUP CO PTY LTD,53147371846,1587869180,70501196,19585170,2017-18
MONEY3 CORPORATION LIMITED,63117296143,126761061,44097268,13229180,2017-18
MONSANTO AUSTRALIA PTY LIMITED,86006725560,206641484,7088602,2126581,2017-18
MOONSTONE ASSETS PTE. LTD.,,114589014,12054920,3616476,2017-18
MOOSE ENTERPRISE HOLDINGS PTY LTD,98161736572,264732087,52468589,15073449,2017-18
MOOSE TOYS PTY LTD,51129968636,375206567,41092099,12327630,2017-18
MORGAN STANLEY AUSTRALIA FINANCE PTY LIMITED,84086080015,538241015,103131899,30939570,2017-18
MORGANS HOLDINGS (AUSTRALIA) LIMITED,80050413682,258237676,29251831,8772416,2017-18
MORT & CO HOLDINGS LTD,54606165128,354711936,,,2017-18
MORTGAGE CHOICE LIMITED,57009161979,217809237,33845449,8755666,2017-18
MOSSOP GROUP PTY LTD,52008018540,224158367,3891094,1167328,2017-18
MOTA INVESTMENTS PTY LTD,98158946144,154690559,4083317,1224995,2017-18
MOTORCYCLE DISTRIBUTORS AUSTRALIA PTY LTD,49112854850,120940615,2513082,753924,2017-18
MOTORCYCLE HOLDINGS LIMITED,29150386995,304532022,17123060,5136918,2017-18
MOTOROLA SOLUTIONS AUSTRALIA PTY LTD,16004742312,304551660,1850357,555107,2017-18
MOTORONE TOPCO PTY LTD,82613793472,168028195,8754,2626,2017-18
MOTUS AUSTRALIA PTY LTD,79113527263,472908246,69124287,20737286,2017-18
MOUNT GIBSON IRON LIMITED,87008670817,332752123,,,2017-18
MOUNT PRITCHARD & DISTRICT COMMUNITY CLUB LTD,98000458622,134994460,,,2017-18
MOY INVESTMENT PTY LTD,11169154572,473808737,113709,,2017-18
MP AUSTRALIA HOLDINGS PTY LTD,37156629211,312127503,,,2017-18
MPA HOLDINGS (AUST.) PTY LTD,20609473421,250708188,17207232,5162170,2017-18
MRC GLOBAL AUSTRALIA PTY LTD,46080156378,146770731,,,2017-18
MSP ENGINEERING PTY LTD,64009449950,429325671,26881547,7967740,2017-18
MTR CORPORATION (SYDNEY) NRT PTY LTD,57166934121,221796901,20712809,6213843,2017-18
"MUFG BANK, LTD.",75103418882,824077260,99821593,29946478,2017-18
MUIR GROUP PTY LTD,16004732656,285348576,13907601,4125620,2017-18
MULAWA HOLDINGS PTY LIMITED,18000259834,542974460,14819313,4344775,2017-18
MULPHA AUSTRALIA LIMITED,44002888039,518999096,2365714,,2017-18
MULTI MARKET SERVICES AUSTRALIA HOLDINGS PTY LTD,50000026228,342924826,48500598,14550179,2017-18
MULTI-COLOR AUSTRALIA HOLDINGS PTY LTD,28129274719,121742146,13704829,3973407,2017-18
MUNCHENER RUCKVERSICHERUNGS GESELLSCHAFT,90009763526,843337865,1467874,,2017-18
MUNDIPHARMA PTY LIMITED,87081322509,190341800,16003148,4800944,2017-18
MUNDRA PORT PTY LTD,61150498098,118422438,,,2017-18
MUNICH HOLDINGS OF AUSTRALASIA PTY LTD,80000159651,1928345133,,,2017-18
MURRAY & ROBERTS PTY LTD,33105617865,1007620963,329829,,2017-18
MURRUMBIDGEE IRRIGATION LIMITED,39084943037,156201544,14180,,2017-18
MYER HOLDINGS LIMITED,14119085602,2609266798,51642445,13225684,2017-18
MYLAN AUSTRALIA HOLDING PTY LTD,52127537302,463668766,,,2017-18
MYLAN HEALTH PTY LTD,29601608771,122771412,11397687,3419306,2017-18
MYOB GROUP LIMITED,61153094958,366816357,114276366,,2017-18
MYSTATE LIMITED,26133623962,223774000,45296811,13589043,2017-18
N G P LORIMER PTY LIMITED,98610702988,247825693,,,2017-18
N.H.P. HOLDINGS PROPRIETARY LIMITED,21004745644,373039135,22772569,6831771,2017-18
NAMOI COTTON LTD,76010485588,504766742,,,2017-18
NANDO'S AUSTRALIA PTY LTD,20079066407,165837475,,,2017-18
NAOS EX-50 OPPORTUNITIES COMPANY LIMITED,49169448837,140732931,2390135,,2017-18
NAOS SMALL CAP OPPORTUNITIES COMPANY LIMITED,47107617381,269298661,26156683,4426782,2017-18
NASDAQ AUSTRALIA HOLDINGS PTY LTD,15145262371,136998747,60411376,13794397,2017-18
NATIONAL AUSTRALIA BANK LIMITED,12004044937,49811678880,6962486992,2077978074,2017-18
NATIONAL MUTUAL INTERNATIONAL PTY LTD,13004484351,137197247,,,2017-18
NATIONAL ROADS & MOTORISTS ASSOCIATION LIMITED,77000010506,710094622,78683199,18353983,2017-18
NATIONAL STORAGE HOLDINGS LIMITED,38166572845,140150638,3225156,967547,2017-18
NATIONAL TYRE & WHEEL LTD,97095843020,112982761,11776064,3524379,2017-18
NAVITAS LIMITED,69109613309,629886655,72819929,20292407,2017-18
NBN CO LIMITED,86136533741,2026183146,,,2017-18
NCIG HOLDINGS PTY LIMITED,98124700483,402991478,,,2017-18
NCR AUSTRALIA PTY LTD,61000003592,257046196,15659133,4690161,2017-18
NEC AUSTRALIA PTY LTD,86001217527,436011821,,,2017-18
NEMO (BC) HOLDCO PTY LTD,13614209880,121622753,,,2017-18
NEP-GTV HOLDCO PTY LTD,34167517660,138515785,,,2017-18
NESTLE AUSTRALIA LIMITED,77000011316,2205601060,251086603,62869784,2017-18
NETAPP AUSTRALIA PTY LTD,14092499431,248754051,10658463,3197539,2017-18
NETCOMM WIRELESS LIMITED,85002490486,176558032,18016852,,2017-18
NETGEAR AUSTRALIA PTY LTD,17131554366,114271410,8304963,2491489,2017-18
NETWORK FINANCE COMPANY PTY LTD,17617869511,245871589,15138,4541,2017-18
NEW CENTENARY MERCEDES BENZ PTY LTD,21168183864,197583442,6199099,1859730,2017-18
NEW HOPE CORPORATION LIMITED,38010653844,1101724002,320024161,95685554,2017-18
NEW ZEALAND MILK (AUSTRALASIA) PTY LTD,23003502654,2113773402,,,2017-18
NEWCASTLE PERMANENT BUILDING SOCIETY LIMITED,96087651992,453454805,63148932,18944680,2017-18
NEWCREST MINING LIMITED,20005683625,2699214432,510800315,151712109,2017-18
NEWELL AUSTRALIA PTY LTD,68075071233,166125965,469061,92891,2017-18
NEWFURN FLOOR COVERINGS LTD,63004650668,186530581,820588,246176,2017-18
NEWGEN KWINANA HOLDINGS PTY LTD,68116576955,179581197,22421841,6726552,2017-18
NEWMARKET GOLD VICTORIAN HOLDINGS PTY LTD,21128442375,428492069,135771590,39052552,2017-18
NEWMONT AUSTRALIA HOLDINGS PTY LTD,95099040507,2399681101,901850858,266474855,2017-18
NEWS AUSTRALIA HOLDINGS PTY LIMITED,32105197028,2455528510,58549520,,2017-18
NEWS AUSTRALIA INVESTMENTS PTY LIMITED,,204550708,291538519,201035,2017-18
NEWTOWN DYERS & BLEACHERS PTY LIMITED,92000070146,338351458,23866723,7134783,2017-18
NEXANS AUSTRALIA HOLDING PTY LTD,52122486195,311809631,,,2017-18
NEXTDC LIMITED,35143582521,162097119,,,2017-18
NGP INVESTMENTS NO 1 PTY LTD,80001495352,992865562,54210450,8069818,2017-18
NH FOODS AUSTRALIA PTY LTD,87001548401,911531083,,,2017-18
NIB HOLDINGS LIMITED,51125633856,2062762288,163498617,47940981,2017-18
NICK SCALI LIMITED,82000403896,252674081,59574076,17865573,2017-18
NIKE AUSTRALIA PTY LTD,99055141743,515979370,9631385,2889416,2017-18
NIKON AUSTRALIA PTY LIMITED,34121761537,106626074,3097171,929151,2017-18
NINE ENTERTAINMENT CO. HOLDINGS LIMITED,60122203892,1372269340,284254754,80287778,2017-18
NINE MILE FINANCIAL PTY. LTD.,34613490252,733737782,,,2017-18
NINTENDO AUSTRALIA PTY LIMITED,43060566083,219109431,16470092,4941028,2017-18
NIPPON STEEL & SUMITOMO METAL AUSTRALIA PTY LIMITED,64001445049,1291204442,646889308,193032106,2017-18
NISSAN MOTOR CO (AUSTRALIA) PTY LTD,54004663156,2431211768,44985880,10192415,2017-18
NOKIA SOLUTIONS AND NETWORKS AUSTRALIA PTY LTD,74122172365,710289151,4468888,1331872,2017-18
NOLAN MEATS PTY LTD,81096869304,209305829,,,2017-18
NONI B LIMITED,96003321579,372890381,29012894,8703868,2017-18
NORCO,17009717417,591290000,,,2017-18
NORCO WHOLESALERS PTY LTD,78003630055,486241824,,,2017-18
NORITZ AUSTRALIA PTY LTD,71603048308,104412351,4540339,992460,2017-18
NORRIS ENTERPRISES PTY LTD,92001917853,218720145,8261582,1835618,2017-18
NORSKE SKOG INDUSTRIES AUSTRALIA LIMITED,50003902985,444963794,,,2017-18
NORTHCONNEX STATE WORKS CONTRACTOR PTY LTD,19169328385,450696154,,,2017-18
NORTHERN CO-OPERATIVE MEAT COMPANY,42060208366,188563672,,,2017-18
NORTHERN STAR RESOURCES LTD,43092832892,969856578,252824344,71943105,2017-18
NORTHROP GRUMMAN AUSTRALIA PTY LIMITED,78156458981,242606189,,,2017-18
NORTHWESTERN ROADS GROUP PTY LTD,21169328330,445156610,,,2017-18
NORTON GOLD FIELDS LIMITED,23112287797,337248913,,,2017-18
NOTE PRINTING AUSTRALIA LIMITED,86082630671,124013028,14070020,1884700,2017-18
NOVA ENTERTAINMENT RADIO INVESTMENTS PTY LIMITED,64603324929,213460886,57162287,12712972,2017-18
NOVARTIS AUSTRALIA PTY LIMITED,81004371224,1158623484,106449215,23581731,2017-18
NOVO NORDISK PHARMACEUTICALS PTY LIMITED,40002879996,220065948,11503932,2703825,2017-18
NRW HOLDINGS LTD,95118300217,676658381,,,2017-18
NSW ELECTRICITY NETWORKS FINANCE PTY LTD,66609171913,278210153,,,2017-18
NTT AUSTRALIA PTY. LTD.,35081031432,198905956,,,2017-18
NUFARM LIMITED,37091323312,934764732,,,2017-18
NUOVO PIGNONE INTERNATIONAL SRL,75829952336,112055032,54253960,16276188,2017-18
NUTRICIA AUSTRALIA PTY LTD,99076246752,722013945,184460374,55338112,2017-18
NXE AUSTRALIA PTY LIMITED,85625190990,780335596,,,2017-18
NYRSTAR HOBART PTY LTD,49124818113,220221724,,,2017-18
NYRSTAR PORT PIRIE PTY LTD,31008046428,313673914,31726872,8242987,2017-18
OAKBRIDGE PTY LIMITED,67000230419,1386177207,310914329,91200473,2017-18
OCWEN ENERGY PTY LTD,44605178578,1058109561,9128462,2738539,2017-18
OFFICEMAX INTERNATIONAL PTY LTD,78073257379,306633992,,,2017-18
OFFSHORE REINSURER (BERMUDA) CO LTD,68977393511,757333265,176072,52822,2017-18
OJI OCEANIA MANAGEMENT (AUS) PTY LTD,52169111362,116168352,,,2017-18
OLAM INVESTMENTS AUSTRALIA PTY LTD,17124391920,1988350269,4320800,,2017-18
OLAM ORCHARDS AUSTRALIA PTY LTD,15139442532,568604423,44617303,11159095,2017-18
OLYMPUS AUSTRALIA PTY LTD,90078493295,226180074,19651446,5895434,2017-18
OM (MANGANESE) LIMITED,60097091506,140142459,,,2017-18
OMEGA MATERIALS HANDLING PTY LTD,75069624031,271793961,5861103,1758331,2017-18
OMN INVESTMENTS PTY LTD,26119990064,282296656,,,2017-18
OMNICOM MEDIA GROUP AUSTRALIA PTY LTD,74129754883,180781151,31347006,8878394,2017-18
OMYA AUSTRALIA PTY LTD,97001682533,112546599,12521708,3756513,2017-18
ONE STOP WAREHOUSE PTY LTD,46161849323,156929747,6913905,2074172,2017-18
ONEFORTYONE PLANTATIONS HOLDINGS PTY LTD,42159689942,417060660,,,2017-18
ONESTEEL TRADING PTY LIMITED,50007519646,3990160110,41411959,6437722,2017-18
ONESUBSEA AUSTRALIA HOLDINGS PTY LTD,82162438333,152410628,,,2017-18
ONLINE EDUCATION SERVICES PTY LTD,75148177959,121374627,38051336,11349679,2017-18
ONSITE RENTAL GROUP LIMITED,42126396852,217317000,,,2017-18
ONTEX MANUFACTURING PTY LTD,16145822528,152857717,4265412,1279624,2017-18
OOH!MEDIA LIMITED,69602195380,361672615,68730101,17832055,2017-18
OPTIVER AUSTRALIA HOLDINGS PTY LIMITED,35077364286,423573840,40924635,10267389,2017-18
ORD MINNETT HOLDINGS PTY LIMITED,32062323728,147412866,27307132,8192140,2017-18
ORICA LIMITED,24004145868,2533786110,61091817,,2017-18
ORICA MINING SERVICES PILBARA PTY LTD,65158151369,197189092,1085939,325782,2017-18
ORIENTAL MERCHANT PTY LTD,34007368925,240204613,21868338,6560501,2017-18
ORIGIN ENERGY LIMITED,30000051696,15482360310,296935791,74221447,2017-18
ORIX AUSTRALIA CORPORATION LIMITED,79002992681,198774507,20752978,6225893,2017-18
ORORA LIMITED,55004275165,2035676236,114925244,30529120,2017-18
OSIRIS HOLDINGS PTY LIMITED,29168919391,2279255573,7590745,,2017-18
OUR VACATION CENTRE PTY LTD,54105542176,149286465,3695251,1108575,2017-18
OUTOTEC PTY LTD,74003491165,313996715,204193,,2017-18
OVATO LTD,39050148644,973288583,,,2017-18
OVERSEA-CHINESE BANKING CORPORATION LIMITED,94073598035,294629147,111481923,33444577,2017-18
OWENS-ILLINOIS (AUSTRALIA) PTY LTD,30002060059,692112700,,,2017-18
OZ GROUP CO-OP LIMITED,73482255177,131643157,1239337,371801,2017-18
OZ MINERALS LIMITED,40005482824,1021354691,376983976,108132535,2017-18
OZGEN HOLDINGS AUSTRALIA PTY LTD,34128655096,650332278,,,2017-18
PA PACIFIC PTY LIMITED,76080049145,234589977,1714286,,2017-18
PACCAR AUSTRALIA PTY LTD,43004669667,997540000,159546531,47215092,2017-18
PACIFIC CURRENT GROUP LIMITED,39006708792,114188387,51109863,11389135,2017-18
PACIFIC INVEST DECEMBER 2004 PTY LTD,58112150973,694105803,4160839,1248252,2017-18
PACIFIC LIFE RE (AUSTRALIA) PTY LTD,91601822431,364036562,1792107,537632,2017-18
PACIFIC SMILES GROUP LTD,42103087449,105778322,14143068,4242920,2017-18
PACT GROUP HOLDINGS LIMITED,55145989644,1347130253,75840088,20174448,2017-18
PADDY POWER AUSTRALIA PTY LTD,83133081491,692368716,140210512,35927486,2017-18
PALADIN ENERGY LTD,47061681098,651491285,,,2017-18
PANALPINA WORLD TRANSPORT PTY LIMITED,29000525995,158769039,,,2017-18
PANASONIC AUSTRALIA PTY LIMITED,83001592187,420637082,9169748,2750924,2017-18
PANAUST LIMITED,17011065160,159172425,,,2017-18
PANDROL AUSTRALIA PTY LIMITED,90000061227,125230321,19274493,5394181,2017-18
PAPER AUSTRALIA PTY LTD,63061583533,732969217,,,2017-18
PAPUAN OIL SEARCH LIMITED,62000251025,154289470,11052643,3249283,2017-18
PARK FREIGHT INTERNATIONAL PTY LTD,84001954203,138720222,3849511,1154853,2017-18
PARKER HANNIFIN AUSTRALIA HOLDING PTY LIMITED,61117010107,251806298,28608255,8248922,2017-18
PARKVIEW CERBERUS PTY LTD,44119071135,378726770,16198401,4859520,2017-18
PARMALAT FINANCE AUSTRALIA PTY LTD,17163435103,1985399200,33353901,9323021,2017-18
PASTEL HOLDINGS PTY LTD,33168929566,370032043,19203474,5761042,2017-18
PAUL WAKELING MOTOR GROUP PTY LTD,47119908780,256836530,7758530,2327559,2017-18
PAYCE CONSOLIDATED PTY LIMITED,19001566310,419393046,88823074,26612359,2017-18
PAYNTERS PTY LTD,32060951162,253515751,14569274,4370782,2017-18
PAYPAL AUSTRALIA PTY LTD,93111195389,508706067,122697,36809,2017-18
PBS PROPERTY GROUP PTY LTD,39099677844,248836005,,,2017-18
PDH GROUP PTY LTD,26125135524,547808701,4553694,1366108,2017-18
PEABODY AUSTRALIA HOLDCO PTY LTD,61154820130,4323880463,,,2017-18
PEAK GOLD ASIA PACIFIC PTY LTD,93103879054,220020903,39343941,11803182,2017-18
PEARL HOTELS C 2013 PTY LIMITED,27165640853,137234667,,,2017-18
PEARSON AUSTRALIA HOLDINGS PTY LTD,62103243858,148762391,5365658,1608286,2017-18
PEET LIMITED,56008665834,259276829,94547812,27213879,2017-18
PELICAN ACQUISITION COMPANY PTY LTD,94146841027,317247073,3921843,1176553,2017-18
PENDAL GROUP LIMITED,28126385822,325972491,27925288,8372117,2017-18
PENFOLD MOTORS BURWOOD PTY LTD,28005667461,312516084,6536106,1960832,2017-18
PENGUIN RANDOM HOUSE AUSTRALIA PTY LTD,28004815703,180764498,,,2017-18
PENRITH RUGBY LEAGUE CLUB LTD,57000578398,114173537,,,2017-18
PENSKE TRANSPORTATION GROUP INTERNATIONAL PTY LTD,42164850355,626930802,12368523,1470093,2017-18
PENTAIR AUSTRALIA HOLDINGS PTY LIMITED,71168775826,166173522,,,2017-18
PENTAL LIMITED,29091035353,108561941,4049616,1208740,2017-18
PEOPLE INFRASTRUCTURE LTD,39615173076,212199652,6196585,1858976,2017-18
PEPPER GROUP LIMITED,55094317665,527667818,20980324,5591155,2017-18
PEPSICO BEVERAGE SINGAPORE PTY LTD,28609497832,163447231,684068,205220,2017-18
PEPSICO FOODS GROUP PTY LIMITED,71122527137,1286028296,43117749,12935325,2017-18
PERILYA LIMITED,85009193695,385955735,239874,,2017-18
PERIMAN PTY LTD,51087985537,265446514,8658227,2597468,2017-18
PERMODALAN NASIONAL BERHAD,40461462658,107572727,106111761,31833528,2017-18
PERNOD RICARD PACIFIC HOLDING PTY LTD,16003678484,613252493,,,2017-18
PERPETUAL LIMITED,86000431827,535227006,201855556,59543430,2017-18
PERRON INVESTMENTS PTY LTD,48000003976,731704936,236197230,60935677,2017-18
PERSOL AUSTRALIA HOLDINGS PTY LTD,58620794130,405685524,,,2017-18
PERTH AIRPORT DEVELOPMENT GROUP PTY LTD,53076286630,535207037,166821826,49517578,2017-18
PERTH ENERGY HOLDINGS PTY LTD,20611228221,283604314,,,2017-18
PET CARE HOLDINGS AUSTRALIA PTY LTD,77000060364,5473891115,153012179,45903654,2017-18
PETRO DIAMOND AUSTRALIA PTY LTD,66155097242,174039396,,,2017-18
PETRO NATIONAL PTY LIMITED,83606401325,315195543,,,2017-18
PETRONAS AUSTRALIA PTY LIMITED,25064998867,2018272595,,,2017-18
PFD FOOD SERVICES PTY LTD,29006972381,1980882749,34968837,10328608,2017-18
PFG PROPERTIES PTY LTD,93100371220,156134522,19765164,5929549,2017-18
PFG TOPCO 1 PTY LTD,35604317875,590797257,825535,,2017-18
PHARM-A-CARE LABORATORIES PTY LTD,99003468219,247334615,35235043,9530026,2017-18
PHARSALUS INVESTMENTS PTY LIMITED,88163462637,1370686361,23778665,7133600,2017-18
PHILIP MORRIS (AUSTRALIA) LIMITED,68004316901,3227666797,343786802,103136041,2017-18
PHILIP USHER CONSTRUCTIONS PTY LTD,38011008101,218902556,52750483,14471999,2017-18
PHILIPS ELECTRONICS AUSTRALIA LIMITED,24008445743,383757902,11991446,3597434,2017-18
PHILIPS LIGHTING AUSTRALIA LIMITED,49606173648,102365269,831100,249330,2017-18
PHOSPHATE RESOURCES LTD,77009396543,101573193,16798337,4963294,2017-18
PIACENTINI & SON PTY LTD,18008797715,210995080,5566867,1666642,2017-18
PICKLES AUCTIONS PTY LTD,32003417650,390307132,25683697,7382543,2017-18
PIMCO AUSTRALIA PTY LIMITED,54084280508,101008968,35162980,10548894,2017-18
PIONEER CREDIT LIMITED,44103003505,105335221,25211580,7563474,2017-18
PIONEER SAIL HOLDINGS PTY LTD,45617844569,3093944401,183216,,2017-18
PIPEMAKERS AUSTRALIA PTY LTD,76061712365,156849035,2910436,804967,2017-18
PIRELLI TYRES AUSTRALIA PTY LTD,63001784014,118153414,4644384,1389585,2017-18
PJ MORRIS WOOLS PTY LTD,57008767968,285031482,2293181,681698,2017-18
PLATINUM ASSET MANAGEMENT LIMITED,13050064287,352017869,240356446,71319340,2017-18
PLATINUM CAPITAL LIMITED,51063975431,125636338,59934543,16679961,2017-18
PLUM GROVE PTY LTD,61104516305,448363982,6582777,1974833,2017-18
PLUMBERS SUPPLIES CO-OPERATIVE LIMITED,55053236436,146202782,,,2017-18
POLARIS SALES AUSTRALIA PTY LTD,62088081949,133928292,4287678,1286303,2017-18
POLICE & NURSES LIMITED,69087651876,172206478,27847812,8048823,2017-18
POLYAIRE HOLDINGS PTY LIMITED,59007766369,124431667,2485566,745670,2017-18
POMI PTY LIMITED,58129842664,4624145783,432699,129810,2017-18
PON HOLDING AUSTRALIA PTY LTD,67164517104,161868857,,,2017-18
PORSCHE CARS AUSTRALIA PTY LTD,67004327048,626903266,14739206,4421762,2017-18
PORT WARATAH COAL SERVICES LIMITED,99001363828,329452665,43429831,12554883,2017-18
POSCO AUSTRALIA PTY LTD,54002062160,253848202,93599515,10221624,2017-18
PPG INDUSTRIES AUSTRALIA PTY LTD,82055500939,505152768,64396027,18910593,2017-18
PRATT CONSOLIDATED HOLDINGS PTY LTD,43104958581,2806787236,59163095,,2017-18
PREMIER COAL HOLDINGS PTY LTD,89158560911,543630752,,,2017-18
PREMIER INVESTMENTS LIMITED,64006727966,919800199,129163282,34542556,2017-18
PREMOSO PTY LTD,84006802053,184612206,27671964,,2017-18
PRESTIGE AUTO TRADERS AUSTRALIA PTY LTD,11105105771,220767928,6086020,1825806,2017-18
PRESTON MOTORS (HOLDINGS) PTY LIMITED,23004357279,383921377,,,2017-18
PRICEWATERHOUSECOOPERS ASEANZ CONSULTING PTY LIMITED,77606603436,706450625,24158860,7063739,2017-18
PRIMAPLAS PTY LIMITED,94003720474,199522052,6352258,1896781,2017-18
PRIME MEDIA GROUP LIMITED,97000764867,219166931,38442638,11532791,2017-18
PROBUILD CONSTRUCTIONS (AUST) PTY LTD,93095250945,1797477244,28433556,8522066,2017-18
PROCTER & GAMBLE AUSTRALIA PTY LIMITED,91008396245,512459495,11243645,3289964,2017-18
PROGRAMMED MAINTENANCE SERVICES LIMITED,61054742264,1496911672,,,2017-18
PROJECT QUILL I PTY LTD,41617774017,563457653,,,2017-18
PROJECT SUNSHINE I PTY LTD,13167275818,530428692,56179492,13365102,2017-18
PROSEGUR AUSTRALIA HOLDINGS PTY LIMITED,44166656739,146994456,2781016,834305,2017-18
PROUDS JEWELLERS PTY LIMITED,99073053273,543379262,24927902,7478371,2017-18
PRUDENTIAL INVESTMENT COMPANY OF AUSTRALIA PTY LIMITED,84004266817,102302613,17294506,5188352,2017-18
PRYSMIAN AUSTRALIA PTY LIMITED,36096594080,525667711,44041224,10616675,2017-18
PT (2013) PTY LTD,85162030015,102702856,4099364,1229809,2017-18
PTH NO 1 PTY LTD,43611116155,582132057,17527138,4829570,2017-18
PTTEP AUSTRALIA PERTH PTY LTD,74134686525,277825482,,,2017-18
PUMA ENERGY (AUSTRALIA) ASSETS HOLDINGS PTY LTD,24167119020,279987840,428571,,2017-18
PUMA ENERGY (AUSTRALIA) HOLDINGS PTY LTD,26147978890,2521925527,,,2017-18
PVH BRANDS AUSTRALIA PTY LIMITED,15165485290,173000404,18259247,5477774,2017-18
PWA HOLDINGS ONE PTY LTD,57615674185,1353576100,16215307,4862502,2017-18
PYBAR HOLDINGS PTY LIMITED,32088981757,311855323,,,2017-18
PZ CUSSONS (HOLDINGS) PTY LTD,19000327873,182786945,8547281,1430304,2017-18
QANTAS AIRWAYS LIMITED,16009661901,16634273312,98008767,10955067,2017-18
QANTM INTELLECTUAL PROPERTY LIMITED,43612441326,108072580,15633171,4689951,2017-18
QATAR AIRWAYS GROUP (Q.C.S.C),18105742916,556129980,,,2017-18
QBE INSURANCE GROUP LIMITED,28008485014,8512228337,480386490,113611043,2017-18
QCOAL PTY LTD,99010911234,453290979,120085205,34680838,2017-18
QENOS HOLDINGS PTY LTD,62086026968,733327841,,,2017-18
QGC UPSTREAM HOLDINGS PTY LIMITED,76130856843,3654901100,,,2017-18
QIC AGRIBUSINESS HOLDINGS PTY LTD,93612232112,128933110,,,2017-18
QMS MEDIA LIMITED,71603037341,118491881,18495516,5192418,2017-18
QSUPER LIMITED,50125248286,845388442,20250090,6075027,2017-18
QUADRANT ENERGY HOLDINGS PTY LTD,50605014462,1334697719,9278961,,2017-18
QUARTZ REEF HILL INVESTMENTS PTY LTD,34612741812,389813205,20945276,6283583,2017-18
QUASAR RESOURCES PTY LTD,17101227070,138560548,,,2017-18
QUBE HOLDINGS LIMITED,14149723053,1695244803,118190403,31290707,2017-18
QUEENSLAND ALUMINA LIMITED,98009725044,885925432,,,2017-18
QUEENSLAND COUNTRY CREDIT UNION LIMITED,77087651027,110900918,6231934,1805852,2017-18
QUEENSLAND COUNTRY HEALTH FUND LTD,18085048237,121503584,3632153,858207,2017-18
QUEENSLAND NITRATES PTY LTD,63079889268,216627346,60283763,18085129,2017-18
QUIKSILVER AUSTRALIA PTY LTD,20091136195,420465601,,,2017-18
R & P MATTHEWS PTY LTD,42054660374,258007844,5382390,1614717,2017-18
RA PARTNERSHIP HOLDING 1 PTY LTD,74610717407,362644630,20855038,3724278,2017-18
RABO AUSTRALIA LIMITED,39060452217,1078491405,252320633,75569923,2017-18
RACQ INSURANCE LIMITED,50009704152,945809683,93335429,28000629,2017-18
RACQ OPERATIONS PTY LTD,80009663414,484456930,37120375,,2017-18
RALERU LIMITED,52002575340,125403573,1307939,392382,2017-18
RALPH LAUREN AUSTRALIA PTY LTD,61118847359,101567675,11266590,3379977,2017-18
RAMELIUS RESOURCES LIMITED,51001717540,342805149,,,2017-18
RAMPAGE RETAIL PTY LTD,66600817178,768359431,2702257,810677,2017-18
RAMSAY HEALTH CARE LIMITED,57001288768,4847738222,654352058,194729331,2017-18
RANDSTAD HOLDINGS PTY LIMITED,33098899855,782669318,,,2017-18
RAWSON GROUP PTY LIMITED,64000382329,279011278,21107717,6332315,2017-18
RAYTHEON AUSTRALIA PTY LTD,35063709295,662622790,106685743,26758435,2017-18
RCL CRUISES LTD,54150263086,100197559,812295,243688,2017-18
REA GROUP LIMITED,54068349066,748353221,458253922,123391709,2017-18
READING ENTERTAINMENT AUSTRALIA PTY LIMITED,12070893908,135737638,31822674,9027695,2017-18
RECKITT BENCKISER HEALTHCARE AUSTRALIA PTY LIMITED,64000071278,696184608,44207681,13262304,2017-18
RED BULL AUSTRALIA PTY LTD,67085840259,226966763,13814759,4144428,2017-18
RED DOT HOLDINGS PTY LIMITED,66123584618,235564306,33343658,10003097,2017-18
RED HAT ASIA PACIFIC PTY LTD,35090438485,111329338,31148235,1795845,2017-18
REDCAPE HOTEL TRUST II,62958405971,239082320,,,2017-18
REDOX GROUP PTY LTD,42627118101,638471726,36966339,11089847,2017-18
REDPATH (AUSTRALIA) HOLDINGS PTY LTD,43133126682,164649661,,,2017-18
REECE LIMITED,49004313133,2661926260,328502386,98484928,2017-18
REED INDUSTRIAL MINERALS PTY LTD,67138805722,335964431,77157705,23053222,2017-18
REGAN HOLDINGS PTY LIMITED,61073039791,247195429,2721531,816459,2017-18
REGIONAL EXPRESS HOLDINGS LIMITED,18099547270,296689609,27168534,8150560,2017-18
REGIS HEALTHCARE LIMITED,11125203054,595473746,60658238,18197471,2017-18
REGIS RESOURCES LIMITED,28009174761,609891470,158387320,47516196,2017-18
RELIANCE WORLDWIDE CORPORATION LIMITED,46610855877,408640061,68341475,15867249,2017-18
RELX AUSTRALIA PTY LTD,19004323166,214826588,48948494,14684548,2017-18
REMA TIP TOP INDUSTRY HOLDING AUSTRALIA PTY LTD,56137964973,132946162,,,2017-18
REMONDIS AUSTRALIA PTY LTD,95002429781,399957956,29410003,8823001,2017-18
RENTOKIL PTY LTD,61000143733,225283904,20594060,6178218,2017-18
RESIMAC GROUP LIMITED,55095034003,174277076,25533783,7646412,2017-18
RESMED HOLDINGS LIMITED,28003765133,4722909057,816539346,202777602,2017-18
RESOLUTE MINING LIMITED,39097088689,186609133,,,2017-18
RESTAURANT BRANDS AUSTRALIA HOLDINGS PTY LTD,53611058701,139567089,9069783,2720935,2017-18
RETAIL FOOD GROUP LIMITED,31106840082,363523517,,,2017-18
RETIREMENT VILLAGES AUSTRALIA LIMITED,60119264872,373230899,,,2017-18
REVLON AUSTRALIA PTY LTD,18095360731,121950597,14499088,4349726,2017-18
REWARD SUPPLY CO PTY LTD,40010183669,127953663,2389450,502138,2017-18
REXEL HOLDINGS AUSTRALIA PTY LTD,17081022068,798601249,,,2017-18
RGA AUSTRALIAN HOLDINGS PTY LTD,20071125507,1080023085,,,2017-18
RGF STAFFING MELBOURNE ONE PTY LIMITED,84603568403,1594752786,38917375,10808375,2017-18
RHEINMETALL MAN MILITARY VEHICLES AUSTRALIA PTY LIMITED,87114035595,559517849,28767379,2923724,2017-18
RHIPE LIMITED,91112452436,122086496,7340802,1594366,2017-18
RHODIUM TRADING AUSTRALIA PTY LTD,18613106666,230031341,2313170,693951,2017-18
RIBSHIRE PTY LTD T/A GOODLINE,40085847892,232344325,7954145,2386244,2017-18
RICEGROWERS LIMITED,55007481156,976206486,58181418,13936746,2017-18
RICH MARK DEVELOPMENT (GROUP) PTY LTD,11091877780,242730141,3451150,1035345,2017-18
RICHARD CROOKES CONSTRUCTIONS PTY LIMITED,33001375266,1246975864,41330751,12399225,2017-18
RICHEMONT AUSTRALIA PTY LIMITED,99003432504,196830092,22584782,6775397,2017-18
RICHLAND EXPRESS PTY LIMITED,52127488340,103224453,4141424,1242427,2017-18
RICOH AUSTRALIA PTY LTD,30000593171,393474324,812713,,2017-18
RIDLEY CORPORATION LIMITED,33006708765,950016663,43324943,3572576,2017-18
RINCON AUSTRALIA PTY LTD,69155392911,295335924,,,2017-18
RINNAI AUSTRALIA PTY LTD,74005138769,281430788,24063002,6573146,2017-18
RIO TINTO LTD,96004458404,33176084964,11382158457,3170873230,2017-18
RIORDAN GROUP PTY LTD,35076271148,222646440,2229972,668992,2017-18
RIP CURL GROUP PTY LTD,52068999520,228432490,13574438,2121033,2017-18
RITCHIE BROS HOLDINGS PTY LTD,27080895861,129344562,4519606,1355882,2017-18
RITCHIES STORES PTY LTD,61005041814,1082455470,20148891,6044667,2017-18
RIVALEA LIMITED,37097393112,347124537,7375919,,2017-18
RIVERINA (AUSTRALIA) PTY LIMITED,76010755254,412668227,4366687,1310006,2017-18
RIVERINA OILS & BIO ENERGY PTY LTD,25103697703,143182531,,,2017-18
RIVET HOLDCO PTY LIMITED,98616022194,235130946,,,2017-18
RIVIERA HOLDINGS (AUS) PTY LTD,96169709415,308532881,22117626,6635288,2017-18
RMW HOLDCO PTY LTD,28163626382,128216877,,,2017-18
ROBE RIVER MINING CO PTY LTD,71008694246,1986377211,1103084102,330496798,2017-18
ROBERT BOSCH (AUSTRALIA) PTY LTD,48004315628,851750695,25069508,,2017-18
ROBERT HALF AUSTRALIA PTY LIMITED,32081257052,102515160,8223126,2465962,2017-18
ROBERT WALTERS PTY LTD,18079521618,262740291,874256,248807,2017-18
ROBINSON GRAIN TRADING CO. PTY. LTD.,71079213219,218007246,512549,153765,2017-18
ROCHE DIAGNOSTICS AUSTRALIA PTY LTD,29003001205,315735499,11502897,3450869,2017-18
ROCHE PRODUCTS PTY LIMITED,70000132865,654935704,64466152,8242423,2017-18
ROCKPOOL DINING GROUP PTY LTD,79607717206,289498246,,,2017-18
ROCKWELL AUTOMATION AUSTRALIA LIMITED,80005549477,137306336,4557330,1364968,2017-18
ROHLIG AUSTRALIA PTY LIMITED,51001191402,126933198,2376673,713002,2017-18
ROLEX AUSTRALIA PTY LTD,47005956338,127226379,13952394,4185718,2017-18
RONDO BUILDING SERVICES PTY LTD,69000289207,242667839,35074322,9724789,2017-18
ROSS HOUSE INVESTMENTS PTY LTD,98004360392,372897815,,,2017-18
ROSS LLEWELLYN MOTORS PTY LTD,81010428841,219993553,2961873,888562,2017-18
ROUBAIX HOLDINGS PTY LTD,73139894027,212246919,2072486,,2017-18
ROY HILL HOLDINGS PTY LTD,71123721077,3219387197,,,2017-18
ROYAL AUTOMOBILE ASSOCIATION OF SOUTH AUSTRALIA INC,90020001807,409111016,18094120,5280332,2017-18
ROYAL AUTOMOBILE CLUB OF VICTORIA (RACV) LIMITED,44004060833,688675128,24621026,,2017-18
ROYAL BANK OF CANADA,86076940880,506822314,40910541,12273162,2017-18
ROYAL CANIN AUSTRALIA PTY LTD,88092020178,117740963,15820420,4746126,2017-18
ROYAL ISLAND (AUSTRALIA) PTY LTD,49113667280,278237419,,,2017-18
RPS ENERGY PTY LTD,44072504299,249565226,29851544,8838235,2017-18
RTA HOLDCO AUSTRALIA 1 PTY LTD,17128762318,2334295579,,,2017-18
RTCH PTY LTD,66616357487,370303249,77048554,22887219,2017-18
RTPDS AUS PTY LTD,21099346899,8000015471,11428586900,4641,2017-18
RUBICOR GROUP LIMITED,74110913365,177323292,,,2017-18
RURALCO HOLDINGS LIMITED,40009660879,2044172848,22662097,1524200,2017-18
RUSSELL INVESTMENTS AUSTRALIA HOLDCO PTY LTD,99612159314,186741370,34814402,10444321,2017-18
RXP SERVICES LIMITED,30146959917,140910843,12155380,3646614,2017-18
RYOWA DEVELOPMENT II PTY LTD,22063780021,190345508,10278962,3083689,2017-18
SAAB TECHNOLOGIES AUSTRALIA PTY LTD,47002950790,136248592,20496306,6148892,2017-18
SABRE AUSTRALIA TECHNOLOGIES 1 PTY LIMITED,16096308486,128135884,,,2017-18
SADDLEBACK INVESTMENTS PTY LTD,96134978224,531418180,3926766,,2017-18
SAFCOL AUSTRALIA PTY LTD,19052489924,107521594,,,2017-18
SAGEMCOM AUSTRALASIA PTY LTD,75131531989,133754582,4344247,1303274,2017-18
SAI GLOBAL HOLDINGS II (AUSTRALIA) PTY LTD,55615020409,313936344,,,2017-18
SALMAT LIMITED,11002724638,364223564,,,2017-18
SAMIOS PLUMBING PTY LTD,91010360899,238361412,4063109,1218933,2017-18
SAMSONITE AUSTRALIA PTY LTD,31006363248,145552202,18004957,5401487,2017-18
SAMSUNG C&T CORPORATION,49160079470,814756225,,,2017-18
SAMSUNG ELECTRONICS AUSTRALIA PTY LIMITED,63002915648,2503629012,75200932,22560280,2017-18
SAMSUNG HEAVY INDUSTRIES CO. LTD.,89611189774,181488789,310892,93268,2017-18
SAMUEL SMITH & SON PTY LTD,64007534278,298820305,12781280,3607238,2017-18
SAN MIGUEL YAMAMURA AUSTRALASIA PTY LTD,49099994162,240888006,14810362,4418899,2017-18
SANDFIRE RESOURCES NL,55105154185,611583559,241724243,72161020,2017-18
SANDVIK AUSTRALIA HOLDINGS PTY LTD,60003771373,926501036,455600,,2017-18
SANOFI-AVENTIS AUSTRALIA PTY LTD,31008558807,874399730,45478902,4778863,2017-18
SANTOS LIMITED,80007550923,3498043596,,,2017-18
SANWA PTY LIMITED,96000904987,380529208,10018204,3005384,2017-18
SAP AUSTRALIA PTY LIMITED,26003682504,1051372384,,,2017-18
SAPPI TRADING AUSTRALIA PTY LIMITED,17086317071,109952259,,,2017-18
SARACEN MINERAL HOLDINGS LIMITED,52009215347,522775009,108809,,2017-18
SAS INSTITUTE AUSTRALIA PTY LIMITED,13002287247,118448053,15365294,4600924,2017-18
SAVANNA ENERGY SERVICES PTY LTD,16140172756,139249288,8817620,2645286,2017-18
SAVILLS (AUST) HOLDINGS PTY LIMITED,49059047371,160603591,6684492,2005348,2017-18
SCANIA AUSTRALIA PTY LTD,44000537333,471114977,27447401,8234220,2017-18
SCENTRE GROUP LIMITED,66001671496,2542595860,157036393,47074668,2017-18
SCHENKER AUSTRALIA PTY LIMITED,75000410211,680899947,9170923,2751277,2017-18
SCHINDLER LIFTS AUSTRALIA PTY LTD,19005838773,444089391,27631250,8289375,2017-18
SCHLUMBERGER AUSTRALIA PTY LTD,74002459225,594316589,,,2017-18
SCHNEIDER ELECTRIC AUSTRALIA HOLDINGS PTY LTD,30105310781,1313188575,16170166,,2017-18
SCHNEIDER ELECTRIC BUILDINGS AUSTRALIA PTY LTD,19008059345,110268024,,,2017-18
SCHNEIDER ELECTRIC IT AUSTRALIA PTY LTD,70088913866,137154624,1157452,347236,2017-18
SCHOLASTIC AUSTRALIA PTY LIMITED,11000614577,107902611,8377835,2348544,2017-18
SCHRODER AUSTRALIA HOLDINGS PTY LTD,83008423738,144822055,34585904,10344155,2017-18
SCIFLEET MOTORS PTY LTD,25057783749,608622646,20341767,6102530,2017-18
SCOR GLOBAL LIFE AUSTRALIA PTY LTD,83148897670,153487890,2121593,636478,2017-18
SCOTTISH PACIFIC GROUP LIMITED,45164013110,145965279,37508815,9450893,2017-18
SEALED AIR AUSTRALIA (HOLDINGS) PTY LIMITED,74102261307,326887113,,,2017-18
SEALINK TRAVEL GROUP LIMITED,49109078257,209436000,26153630,7846089,2017-18
SEATECH INDUSTRIAL PTY LIMITED,67614150971,302434436,1636219,490866,2017-18
SEE CIVIL PTY LTD,88115963427,223565312,19920258,5976077,2017-18
SEEK LIMITED,46080075314,504166947,186176291,39509809,2017-18
SEKISUI HOUSE AUSTRALIA HOLDINGS PTY LTD,71134688510,720011251,72109294,19047740,2017-18
SEKTOR LIMITED PARTNERSHIP,74297651095,113308149,2783558,835067,2017-18
SELECT HARVESTS LTD,87000721380,278622744,221223,66367,2017-18
SELECT PROPERTY PORTFOLIO 3B TRUST,57552659760,105263055,,,2017-18
SELL & PARKER PTY LIMITED,98000101315,280562104,32739208,9536451,2017-18
SENEX ENERGY LIMITED,50008942827,123225878,,,2017-18
SEPHORA AUSTRALIA PTY LTD,37169030737,149671100,16570796,4971239,2017-18
SERCO GROUP PTY LTD,55061889763,968173628,42141358,11165079,2017-18
SERVICE STREAM LIMITED,46072369870,632945197,46977870,14093361,2017-18
SERVIER LABORATORIES (AUST) PTY LTD,54004838500,102123785,10124188,,2017-18
SEVEN GROUP HOLDINGS LIMITED,46142003469,3847346093,116282305,11699939,2017-18
SEVEN WEST MEDIA LIMITED,91053480845,1608779497,100009095,24196109,2017-18
SEYMOUR WHYTE LIMITED,67105493203,165265129,,,2017-18
SFDC AUSTRALIA PTY LTD,91109182989,338445002,26867970,8060391,2017-18
SFG GROUP HOLDINGS PTY LTD,,609639387,,,2017-18
SG FLEET GROUP LIMITED,40167554574,240369036,86649830,25994949,2017-18
SG GAMING AUSTRALIA HOLDINGS I PTY LTD,,180892084,19386901,,2017-18
SGS AUSTRALIA HOLDINGS PTY LTD,46004269023,231732063,,,2017-18
SGSP (AUSTRALIA) ASSETS PTY LTD,60126327624,1858953488,189819445,56945834,2017-18
SHADFORTH'S CIVIL PTY LTD,68162606377,450723509,,,2017-18
SHANDONG TIANYE GROUP BID CO PTY LTD,84616407777,115341907,,,2017-18
SHANGRI-LA INVESTMENT (AUSTRALIA) PTY LIMITED,15146016033,137014870,14574034,4372210,2017-18
SHAPE AUSTRALIA HOLDINGS PTY LTD,93008656264,606590125,15363228,4608968,2017-18
SHARKS PROPERTY HOLDINGS PTY LTD,60161084724,135890493,,,2017-18
SHAVER SHOP GROUP LIMITED,78150747649,154871281,3601590,1080477,2017-18
SHELL ENERGY HOLDINGS AUSTRALIA LIMITED,69054260776,4575434555,200556621,,2017-18
SHENHUA AUSTRALIA HOLDINGS PTY LTD,81133264169,288888966,,,2017-18
SHINE CORPORATE LTD,93162817905,176865721,,,2017-18
SHRIRO HOLDINGS LIMITED,29605279329,151634716,17479939,4416456,2017-18
SIBELCO ASIA PACIFIC PTY LIMITED,70092916811,403965786,,,2017-18
SIEMENS GAMESA RENEWABLE ENERGY PTY LTD,90614784575,290647422,19703175,5910952,2017-18
SIEMENS HEALTHCARE PTY LTD,83604853938,203268172,14743386,4423016,2017-18
SIEMENS LTD,98004347880,1152602985,96331483,27093591,2017-18
SIENNA FUNDS MANAGEMENT PTY LTD,97125942225,244043776,6129,,2017-18
SIGMA ALDRICH OCEANIA PTY LTD,29112895708,128889062,6410688,1923206,2017-18
SIGMA HEALTHCARE LIMITED,15088417403,4205583400,83319003,24802478,2017-18
SIKA AUSTRALIA PTY LIMITED,12001342329,210101474,13517756,4055327,2017-18
SILICON METAL COMPANY OF AUSTRALIA PTY LTD,73009401736,168743933,12336890,3253834,2017-18
SILVER CHEF LIMITED,28011045828,257668725,,,2017-18
SILVER LAKE RESOURCES LIMITED,38108779782,256369321,,,2017-18
SIME DARBY INDUSTRIAL AUSTRALIA PTY LTD,56153652594,2248762592,2315499,,2017-18
SIMONDS GROUP LIMITED,54143841801,605166866,10912216,3235269,2017-18
SIMPLOT AUSTRALIA (HOLDINGS) PTY LIMITED,23070571934,1347202429,79735463,18796755,2017-18
SIMS METAL MANAGEMENT LIMITED,69114838630,1172665714,133974517,35555383,2017-18
SINGAPORE TELECOM AUSTRALIA INVESTMENTS PTY LIMITED,69096686190,8954628127,890196453,267058936,2017-18
SINGPOST LOGISTICS AUSTRALIA HOLDINGS PTY LTD,59609291330,144224751,,,2017-18
SINO IRON HOLDINGS PTY LTD,43118791772,1561172272,,,2017-18
SINOCHEM INTERNATIONAL AUSTRALIA PTY LTD,74160164616,126428108,,,2017-18
SINOPEC OIL AND GAS AUSTRALIA PTY LTD,94130568553,146793949,,,2017-18
SINOSTEEL AUSTRALIA PTY LTD,36009277230,367188861,,,2017-18
SINOSTEEL OCEAN CAPITAL PTY LTD,46128764063,558970141,,,2017-18
SIRVA (ASIA PACIFIC) PTY LTD,48005944187,109976987,2388350,709178,2017-18
SIS AUSTRALIA HOLDINGS PTY LTD,65132211459,537850887,24357497,7048433,2017-18
SJD INVESTMENT HOLDINGS PTY LTD,89600744376,188907937,16142251,4842675,2017-18
SKYCITY AUSTRALIA PTY LIMITED,67090828612,309967057,31221633,9365981,2017-18
SLATER AND GORDON LIMITED,93097297400,240317602,,,2017-18
SLECO PTY LTD,25007893781,413870965,6723340,2006518,2017-18
SMARTGROUP CORPORATION LTD,48126266831,200332460,87403381,24582549,2017-18
SMEG AUSTRALIA PTY LTD,33146901082,158831196,2975506,892652,2017-18
SMIT LAMNALCO AUSTRALIA PTY LTD,24113226074,108370355,,,2017-18
SMITH & NEPHEW PTY LTD,68000087507,295716472,25729016,7524409,2017-18
SMR HOLDING AUSTRALIA PTY LIMITED,86006579899,116678546,22164875,6583926,2017-18
SMRM HOLDINGS PTY LTD,85168760861,478511098,9375699,2812710,2017-18
SNC-LAVALIN AUSTRALIA PTY LTD,50085951542,872428120,120664703,36199411,2017-18
SNOWY HYDRO LIMITED,17090574431,2608649690,583559534,169996771,2017-18
SOB TRADING PTY LIMITED,72607610622,492551716,292630,87789,2017-18
SOCIETE GENERALE SECURITIES AUSTRALIA PTY LTD,56114206307,187740755,7508199,2252460,2017-18
SODEXO AUSTRALIA PTY LTD,50006072975,821321397,,,2017-18
SOJITZ AUSTRALIA LIMITED,16000213132,761676616,202734462,58660025,2017-18
SOLAR TURBINES INTERNATIONAL COMPANY,43066283074,105231463,16264134,4879240,2017-18
SOMHILL PTY LTD (2018 TR),41076374493,111077312,3411416,1023425,2017-18
SONIC CLINICAL SERVICES PTY LIMITED,13083519377,436182755,4294928,100112,2017-18
SONIC HEALTHCARE LIMITED,24004196909,2233660174,204523420,42653018,2017-18
SONY AUSTRALIA LIMITED,59001215354,1338302741,,,2017-18
SOUTH32 LIMITED,84093732597,4249315595,964934175,141540986,2017-18
SOUTHERN CROSS ALUMINIUM PTY LIMITED,25063778996,148986717,3369037,1010711,2017-18
SOUTHERN CROSS ELECTRICAL ENGINEERING LIMITED,92009307046,307347509,,,2017-18
SOUTHERN CROSS MEDIA GROUP LIMITED,91116024536,655993483,109607158,32030634,2017-18
SOUTHERN MEATS PTY LTD,51003111528,206141089,88706,,2017-18
SPARK INFRASTRUCTURE HOLDINGS NO 1 PTY LIMITED,14116940786,139107463,,,2017-18
SPARK INFRASTRUCTURE HOLDINGS NO 2 PTY LIMITED,16116940795,148594279,,,2017-18
SPECSAVERS PTY LIMITED,82097147932,481093490,25943930,3624052,2017-18
SPECTRUM BRANDS AUSTRALIA PTY LTD,78007070573,100341212,3633997,1090199,2017-18
SPEEDCAST INTERNATIONAL LIMITED,50600699241,304768205,,,2017-18
SPIC PACIFIC ENERGY PTY LTD,92609771057,378304759,24595,7378,2017-18
SPICERS LIMITED,70005146350,223778685,,,2017-18
SPM FRESH HOLDINGS PTY LTD,21161701337,231500443,,,2017-18
SPOTLESS GROUP HOLDINGS LIMITED,27154229562,2595216541,7366877,1160602,2017-18
SPRINGVALE SK KORES PTY LIMITED,71051015402,140736578,,,2017-18
S-PROCESS EQUIPMENT AUSTRALIA PTY LTD,21127927226,177360729,22546378,6075245,2017-18
SQUARE RESOURCES HOLDING PTY LTD,67142476631,248739025,5700403,1710121,2017-18
SRG GLOBAL LIMITED,81104662259,157688790,,,2017-18
SRG LIMITED,57006413574,208697904,,,2017-18
ST BARBARA LIMITED,36009165066,585154445,165330833,49144807,2017-18
STAMFORD HOTELS AND RESORTS PTY LIMITED,35067139208,101372480,2671232,801370,2017-18
STANLEY BLACK & DECKER HOLDINGS AUSTRALIA PTY LTD,81154671244,257291799,6930879,2079264,2017-18
STANMORE COAL LIMITED,27131920968,212695467,,,2017-18
STARHILL HOTEL (SYDNEY) PTY LTD,63158871035,114383102,2084010,625203,2017-18
STARMONT HOLDINGS PTY LTD,14009427418,101089322,,,2017-18
STATE STREET AUSTRALIA LIMITED,21002965200,260267920,129150260,24446649,2017-18
STATE STREET BANK & TRUST COMPANY,70062819630,153278479,22329126,6698738,2017-18
STATEWIDE INDEPENDENT WHOLESALERS LIMITED,51009519546,1002818676,9466789,2840037,2017-18
STEADFAST GROUP LIMITED,98073659677,245196789,83885803,1480217,2017-18
STEELFORCE HOLDINGS PTY LTD,64120736638,210370504,705150,,2017-18
STELLAR ASIA PACIFIC PTY LTD,86082618148,178840364,11864596,3559379,2017-18
STIHL PTY LTD,76004881145,151072281,11774439,3532332,2017-18
STOCKLAND CORPORATION LIMITED,43000181733,2075032048,,,2017-18
STODDART GROUP PTY LTD,82010744751,302586333,13819987,3686055,2017-18
STORA ENSO AUSTRALIA PTY LTD,64099948491,149466772,8297704,2489311,2017-18
STOWE AUSTRALIA PTY LTD,27002556603,446049298,21128122,6338437,2017-18
STRANDBAGS HOLDINGS PTY LTD,99128842482,306783897,28395931,8518779,2017-18
STRIDES ARCOLAB (AUSTRALIA) PTY LTD,30605552234,145166897,11284947,3298056,2017-18
STRYKER AUSTRALIA PTY LTD,48002873850,556371651,42998478,12899543,2017-18
SUBARU (AUST) PTY LIMITED,95000312792,1687669089,90322988,27096896,2017-18
SUBSEA 7 AUSTRALIA CONTACTING PTY LTD,36005288406,142154803,9733026,2620560,2017-18
SUEZ AUSTRALIA HOLDING PTY LTD,30070452890,1413707820,1071430,,2017-18
SUMITOMO AUSTRALIA PTY LTD,81000371497,1887875701,28422947,,2017-18
SUMITOMO MITSUI BANKING CORPORATION-SYDNEY BRANCH,98114053459,965180162,206509066,61952720,2017-18
SUN METALS CORPORATION PTY LTD,97074241982,1018148810,121948864,36584659,2017-18
SUNBEAM ANZ HOLDINGS PTY LTD,,110798582,334997,63435,2017-18
SUNCORP GROUP LIMITED,66145290124,15112754229,1408479902,358261857,2017-18
SUNLAND GROUP LIMITED,65063429532,306004723,32693753,9808126,2017-18
SUNNY QUEEN PTY LIMITED,31060702034,350316710,11956837,3292719,2017-18
SUNPORK FRESH FOODS PTY LTD,24135230545,223457000,3500624,1050187,2017-18
SUNSHINE STATE POWER B.V.,40062295425,101495720,,,2017-18
SUNSTATE CEMENT LTD,58010421879,152535224,36544867,10963460,2017-18
SUNTORY (AUST) PTY LIMITED,27001628780,227805662,7066820,2120046,2017-18
SUPER RETAIL GROUP LIMITED,81108676204,2536126979,167380206,47241964,2017-18
SURBANA JURONG HOLDINGS (AUSTRALIA) PTY LTD,49612229197,512250251,15204754,1686652,2017-18
SUSQUEHANNA IRELAND LIMITED,25358648201,165809912,6722579,1961802,2017-18
SUSQUEHANNA PACIFIC PTY LTD,23082467605,323804393,55636684,16235589,2017-18
SUTTONS INVESTMENTS PTY LTD,84008446428,1723746041,34889162,10452934,2017-18
SUZUKI AUSTRALIA PTY LIMITED,57001828164,355077785,6953691,2086107,2017-18
SVITZER AUSTRALASIA HOLDINGS PTY LTD,16120555302,387874601,9337835,658494,2017-18
SWAROVSKI AUSTRALIA PTY LTD,16000679416,127224730,53000,15900,2017-18
SWICK MINING SERVICES LIMITED,20112917905,119961345,,,2017-18
SWISS RE AUSTRALIA LIMITED,28004360909,2750534245,92434737,27346012,2017-18
SWISS RE INTERNATIONAL SE AUSTRALIA BRANCH,38138873211,190719057,,,2017-18
"SWISS REINSURANCE COMPANY LTD, AUSTRALIA BRANCH",43007479941,1225921378,98463687,29539106,2017-18
SWISSPORT ANZ PTY LTD,54167311551,206239238,19187989,5756397,2017-18
SYDNEY AIRPORT LIMITED,18165056360,1551172850,,,2017-18
SYDNEY NIGHT PATROL & INQUIRY CO PTY LIMITED,11000013098,207157315,7682055,2304616,2017-18
SYDNEY TOOLS PTY LTD,19112852285,214217389,13529599,4058880,2017-18
SYNGENTA AUSTRALIA PTY LIMITED,33002933717,255246086,15511458,2015721,2017-18
SYNNEX AUSTRALIA PTY LTD,40052285882,2203251490,24049041,7214712,2017-18
SYRINX AUSTRALIA PTY LTD,50130046267,142290530,13601036,4080311,2017-18
SYSTEMATIC TRADING TECHNOLOGIES PTY LT,39130626130,236236671,70717,21215,2017-18
T F WOOLLAM HOLDINGS PTY LTD,41106564354,231804750,,,2017-18
TA (AUSTRALIA) GROUP PTY. LTD.,94100829829,108915137,,,2017-18
TABCORP HOLDINGS LIMITED,66063780709,3324174050,346837959,92248495,2017-18
TAHMOOR COAL PTY LTD,97076663968,104464550,2254640,676392,2017-18
TAL DAI-ICHI LIFE AUSTRALIA PTY LTD,97150070483,3993908848,226407130,40495108,2017-18
TALENT INTERNATIONAL HOLDINGS PTY LIMITED,28131419577,444393585,3769962,1130989,2017-18
TAMAWOOD LTD,56010954499,132107860,13086110,3925833,2017-18
TANDEM CORP PTY LTD,89612789983,641180985,38068918,11420675,2017-18
TASALK HOLDINGS PTY LTD,69611504262,106086821,,,2017-18
TASSAL GROUP LIMITED,15106067270,525290000,63949546,4558721,2017-18
TATA CONSULTANCY SERVICES LIMITED,28109981777,780844617,184491011,50704978,2017-18
TATTS GROUP LIMITED,19108686040,1482177625,168067386,47906772,2017-18
TATURA MILK INDUSTRIES LTD,66006603970,488998520,51850342,15191113,2017-18
TAYLOR CORPORATION PTY LIMITED,40146589344,671201950,11316133,3394840,2017-18
TEACHERS MUTUAL BANK LIMITED,30087650459,306318220,46644931,13809735,2017-18
TECH DATA (ANZ) PTY LTD,15090111890,441248737,,,2017-18
TECH MAHINDRA LIMITED,15092511558,188051131,16040461,4812138,2017-18
TECHNICOLOR PTY LTD,23000978343,150716596,170091,51027,2017-18
TECHNIP OCEANIA PTY LTD,43062878719,967456411,94312644,28293793,2017-18
TECHNOLOGY ONE LIMITED,84010487180,303701757,97150598,10149170,2017-18
TECHWOOL TRADING PTY LTD,69006145955,646327129,7916892,2375068,2017-18
TELERIC PTY LTD,90004284664,1125166886,45685694,10442525,2017-18
TELSTRA CORPORATION LTD,33051775556,27799403920,5204253560,1511514175,2017-18
TEMPERZONE AUSTRALIA HOLDINGS PTY LIMITED,52001653176,135182204,8434273,2529392,2017-18
TEMPO GROUP HOLDINGS PTY LTD,63607698153,210164059,1312148,386795,2017-18
TEN NETWORK HOLDINGS PTY LIMITED,14081327068,698805089,,,2017-18
TERADATA AUSTRALIA PTY LTD,77125071374,104635831,4654286,1390366,2017-18
TERRACE TOWER GROUP PTY LIMITED,27002742967,450477306,44414024,13297375,2017-18
TERRITORY RESOURCES LIMITED,53100552118,346568889,,,2017-18
TERUMO AUSTRALIA PTY LIMITED,34158693595,100924129,7735385,2320616,2017-18
"TESLA MOTORS AUSTRALIA, PTY LTD",68142889816,160777179,11900082,3570025,2017-18
TETRA PAK MANUFACTURING PTY LIMITED,50004435901,206018000,17167906,5101734,2017-18
TETRA TECH COFFEY HOLDING PTY LTD,46611080534,310111461,3067690,,2017-18
TEVA PHARMACEUTICALS AUSTRALIA PTY LTD,98002951877,111898855,2157544,,2017-18
TEYS AUSTRALIA PTY LTD,38009872600,2605620434,68541183,6970103,2017-18
TFG RETAILERS PTY LIMITED,90612634312,315517348,36565198,10969559,2017-18
TGA HOLDING AUSTRALIA PTY LTD,38611757307,149322612,,,2017-18
THALES AUSTRALIA HOLDINGS PTY LTD,84058583841,1458216461,205182176,50962572,2017-18
THE BANK OF NOVA SCOTIA,34133513827,278158409,15947381,4784214,2017-18
THE BODY SHOP AUSTRALIA PTY LTD,47602683349,106583696,7501649,2247245,2017-18
THE BOSTON CONSULTING GROUP PTY LTD,70007347131,244400723,8011712,2403514,2017-18
THE BROWN & HURLEY GROUP PTY. LTD.,66010732966,447249597,33906698,10171965,2017-18
THE FOURTH FORCE PTY LTD,22084438773,497461832,3314680,851874,2017-18
THE HONGKONG AND SHANGHAI BANKING CORPORATION LIMITED,65117925970,428915965,87253593,26176078,2017-18
THE INDEPENDENT LIQUOR GROUP (SUPPLIERS) CO-OPERATIVE LTD,63629864769,198814889,,,2017-18
THE INDEPENDENT LIQUOR GROUP DISTRIBUTION CO-OP LTD,70252541400,332768704,371150,111345,2017-18
THE JEWELLERY GROUP HOLDING PTY LTD,27124077738,111734667,,,2017-18
THE NIELSEN COMPANY (HOLDINGS) PTY LIMITED,24134566804,103513871,2660149,798045,2017-18
THE NORTHERN TRUST COMPANY,62126279918,182876143,56973890,17092167,2017-18
THE NUANCE GROUP (AUSTRALIA) PTY LTD,54068215341,187857071,,,2017-18
THE PAS GROUP LIMITED,25169477463,258674628,,,2017-18
THE PAVILION MOTOR INN OF WAGGA WAGGA PTY LTD,81001719348,351218600,650778,126275,2017-18
THE REJECT SHOP LIMITED,33006122676,807611702,31380033,8901046,2017-18
THE ROYAL AUTOMOBILE CLUB OF QUEENSLAND LIMITED,72009660575,172186392,6791842,2037553,2017-18
THE ROYAL AUTOMOBILE CLUB OF WA (INC),33212133120,762383113,29886053,7403558,2017-18
THE STAR ENTERTAINMENT GROUP LIMITED,85149629023,2472564964,257784010,76780294,2017-18
THE SWATCH GROUP (AUSTRALIA) PTY LTD,20004287110,104357528,3025027,907508,2017-18
THE VICTORIA CARPET COMPANY PTY LTD,14004304956,193762821,17100703,5130211,2017-18
THE VILLAGE BUILDING CO. LIMITED,97056509025,113949497,5012709,1496227,2017-18
THE WALT DISNEY COMPANY (AUSTRALIA) PTY LTD,30054610025,505408130,59428907,14431218,2017-18
THERMO ELECTRON AUSTRALIA PTY LTD,44109074115,271087304,,,2017-18
THOMAS FOODS INTERNATIONAL CONSOLIDATED PTY LTD,20105099849,1600235389,71813152,19348124,2017-18
THOMSON REUTERS (AUSTRALIA) PTY LTD,87058914766,344253138,12430189,3729057,2017-18
THORN GROUP LIMITED,54072507147,247417089,26773311,8031993,2017-18
THORNEY INVESTMENT GROUP AUSTRALIA PTY LTD,37117488892,280006522,27814270,,2017-18
THOUGHTWORKS AUSTRALIA PTY LTD,99088279761,100611741,,,2017-18
THYSSENKRUPP LIFTS PACIFIC PTY LIMITED,90070470521,685397796,,,2017-18
TIANYU WOOL PTY LTD,67155215053,365284850,4123,1237,2017-18
TICKETMASTER AUSTRALASIA PTY LTD,49089258837,116185003,9183653,1439461,2017-18
TIFFANY & CO (AUSTRALIA) PTY LIMITED,93128219554,183968320,19255724,5776717,2017-18
TILT RENEWABLES AUSTRALIA PTY LTD,15101038331,125472290,30621523,9186457,2017-18
TIMBERLINK AUSTRALIA PTY LTD,12161713015,240626331,47329649,9598967,2017-18
TITAN NATIONAL (AUSTRALIA) HOLDINGS PTY LTD,60156147849,110012341,,,2017-18
TIVOLI INVESTMENTS PTY LTD,90165718070,258123511,18127861,5040572,2017-18
TJ & RF FORDHAM PTY LIMITED,56000548354,300069128,36434813,10930334,2017-18
TJX AUSTRALIA HOLDING COMPANY PTY LTD,58605889843,225375500,,,2017-18
TNSC (AUSTRALIA) PTY LTD,71607111268,178023212,8543682,2563105,2017-18
TNT AUSTRALIA PTY LTD,41000495269,721053179,,,2017-18
TOGA PTY. LTD.,27000926947,209076750,,,2017-18
TOKYO GAS AUSTRALIA PTY LTD,46102349557,397510921,72538647,,2017-18
TOKYO TIMOR SEA RESOURCES PTY LTD,39000751593,159194049,8902736,2670821,2017-18
TOLL HOLDINGS LIMITED,25006592089,5453983235,,,2017-18
TOP DECK TOURS PTY LTD,30107934841,116201464,4821,,2017-18
TORO AUSTRALIA PTY LTD,47001310443,215201498,10393110,3117933,2017-18
TOSHIBA (AUSTRALIA) PTY LIMITED,19001320421,236627513,,,2017-18
TOSHIBA INTERNATIONAL CORPORATION PTY LTD,29001555068,143030468,4611386,799120,2017-18
TOTAL E&P AUSTRALIA,96832035151,134695534,,,2017-18
TOTAL E&P HOLDINGS (AUSTRALIA) PTY LTD,11602975619,781142263,,,2017-18
TOWER SOFTWARE ENGINEERING PTY LTD,81008602739,1633930016,,,2017-18
TOX FREE SOLUTIONS LIMITED,27058596124,444245749,9139717,,2017-18
TOYO TYRE & RUBBER AUSTRALIA LTD,93000767279,124144255,1771888,531566,2017-18
TOYOTA MATERIAL HANDLING AUSTRALIA PTY LIMITED,38104644635,365667066,18255513,5476654,2017-18
TOYOTA MOTOR CORPORATION AUSTRALIA LTD,64009686097,10517888584,,,2017-18
TOYOTA TSUSHO (AUSTRALASIA) PTY LIMITED,24056847315,325900292,,,2017-18
TOYOTA TSUSHO SOUTH PACIFIC HOLDINGS PTY LTD,82050105443,123014699,11808876,1321418,2017-18
TPG TELECOM LIMITED,46093058069,2448528818,551527135,163900742,2017-18
TRANSALTA ENERGY (AUSTRALIA) PTY LTD,40062135844,183947574,186178388,55740168,2017-18
TRANSDEV AUSTRALASIA PTY LTD,40079303816,522425909,13405137,4009326,2017-18
TRANSTAR INTERNATIONAL FREIGHT (AUST) PTY LTD,85113186280,173899575,1799830,539949,2017-18
TRANSURBAN HOLDINGS LIMITED,86098143429,2858581384,112142857,,2017-18
TRANSURBAN QUEENSLAND FINANCE PTY LIMITED,16169093850,241305050,665356,199607,2017-18
TRANSURBAN QUEENSLAND HOLDINGS 1 PTY LIMITED,64169090804,637432640,,,2017-18
TRAVELCUBE PACIFIC PTY LTD,52099122577,133691437,1501904,450571,2017-18
TRAVELEX AUSTRALIA HOLDINGS PTY LTD,98105260035,2175652000,6493085,1947925,2017-18
TREASURY WINE ESTATES LIMITED,24004373862,1980448490,293516565,84657579,2017-18
TRELLEBORG HOLDINGS AUSTRALIA PTY LTD,49096223568,107015123,3203463,961039,2017-18
TREND MICRO AUSTRALIA PTY LTD,70077055817,132161501,26168823,,2017-18
TRILITY GROUP PTY LTD,39144522565,139508870,6857143,,2017-18
TRONOX GLOBAL HOLDINGS PTY LIMITED,54154691826,658562868,,,2017-18
TRU BLU BEVERAGES PTY LIMITED,77151411764,212036001,2765710,829713,2017-18
TRUE ALLIANCE PTY LIMITED,25098282001,255191581,,,2017-18
TRUSTCAPITAL ADVISORS AOF1 MASTER SPV PTE LTD,51987380853,292557098,144974136,43492241,2017-18
TSG AUSTRALIA PTY LTD,55603274237,273805639,,,2017-18
TSGA HOLDCO PTY LIMITED,54161652955,214316189,51960724,,2017-18
TTC CONSOL PTY LIMITED,48098788062,263771801,4933,,2017-18
TTEC INTERNATIONAL PTY LTD,46061711804,195266799,4433036,1329911,2017-18
TULLY SUGAR LIMITED,92011030256,151210487,24952382,5926777,2017-18
TURI FOODS PTY LTD,29057142971,388870144,,,2017-18
TUSCANY CHEESE HOLDINGS PTY LTD,65601572472,300133249,,,2017-18
TUTT BRYANT GROUP LIMITED,89009242675,260019727,,,2017-18
TYNAN MOTORS HOLDINGS PTY LTD,15002448446,372192330,1311977,393593,2017-18
TYRO PAYMENTS LIMITED,49103575042,148251825,,,2017-18
UACJ AUSTRALIA PTY LTD,82005579840,110745691,,,2017-18
UBER AUSTRALIA PTY LTD,49160299865,474119803,16926993,5078098,2017-18
UBS AG AUSTRALIA BRANCH,47088129613,886861254,,,2017-18
UBS HOLDINGS PTY LTD,50050101249,503491000,4724781,1417434,2017-18
UGL UNIPART RAIL SERVICES PTY LTD,49154895940,245049836,,,2017-18
ULAN COAL MINES LIMITED,80000189248,1304454147,,,2017-18
ULLRICH ALUMINIUM PTY. LIMITED,70001697445,117247245,2132144,343586,2017-18
UNICHARM AUSTRALASIA HOLDING PTY LTD,56114210794,148517818,3874455,1162336,2017-18
UNILEVER AUSTRALIA GROUP PTY LTD,13614413179,1642929178,48486069,14545821,2017-18
UNION STANDARD INTERNATIONAL GROUP PTY LTD,79117658349,117126614,3388383,1016515,2017-18
UNIQLO AUSTRALIA PTY LTD,36161922103,245666685,17045388,5113616,2017-18
UNISYS AUSTRALIA PTY LIMITED,31105642902,242443966,2126959,,2017-18
UNITED ENERGY DISTRIBUTION HOLDINGS PTY LTD,15104381660,331075239,,,2017-18
UNITED GLOBAL LOGISTICS PTY LTD,28144641154,292431234,8762129,2383309,2017-18
UNITED OVERSEAS BANK LIMITED SYDNEY BRANCH,56060785284,264614348,88195687,26458706,2017-18
UNITED TECHNOLOGIES AUSTRALIA HOLDINGS LIMITED,57000232879,948834833,91130178,24429561,2017-18
UNITED TERMINALS PTY LTD,73129440955,1548293314,18531412,5559424,2017-18
UNIVERSAL PICTURES INTERNATIONAL AUSTRALASIA PTY LTD,44122951099,141064032,,,2017-18
UNIVERSAL PROPERTY GROUP PTY LIMITED,98078297748,354485284,,,2017-18
UNIVERSAL SONY PICTURES HOME ENTERTAINMENT AUSTRALIA PTY LIMITED,39152425735,124408961,3165184,949555,2017-18
UNIVERSITY CO-OPERATIVE BOOKSHOP LIMITED,70009937160,157659743,,,2017-18
URC AUSTRALIA HOLDING COMPANY PTY LTD,29614132991,479873462,19264676,,2017-18
USG BORAL BUILDING PRODUCTS PTY LIMITED,84004231976,576542029,89143979,20603933,2017-18
UTILITIES MANAGEMENT PTY LTD,25090664878,327218170,3398,1019,2017-18
VALMEC LIMITED,94003607074,106147585,,,2017-18
VALMONT QUEENSLAND PTY LTD,73142183800,434171249,,,2017-18
VALSPAR AUTOMOTIVE AUSTRALIA PTY LIMITED,41080461230,209995845,,,2017-18
VALVOLINE (AUSTRALIA) PTY LTD,86000446855,193831882,19052160,5715648,2017-18
VANDERFIELD PTY LTD,58060286759,242636777,11456438,3094074,2017-18
VANGUARD INVESTMENTS AUSTRALIA LTD,72072881086,168651876,21829524,6471299,2017-18
VANTIVE AUSTRALIA PTY LIMITED,,1179077120,25000075,4226765,2017-18
VAX APPLIANCES (AUSTRALIA) PTY LTD,84009099736,469031096,21342688,6402806,2017-18
VEGIE BANDITS PTY LTD,31079441044,286361856,5945864,1783759,2017-18
VEHICLE DISTRIBUTORS AUSTRALIA PTY LTD,11073668596,338153681,,,2017-18
VENITIA SERVICES GROUP PTY LTD,53603253541,1871257517,146610540,31803554,2017-18
VENNOR INVESTMENTS PTY LTD,92050397110,1811480750,36785715,,2017-18
VENTURA MOTORS PTY LTD,67004235518,273124204,11095990,3328797,2017-18
VEOLIA WATER AUSTRALIA PTY LTD,99061161279,227974012,27261775,2898894,2017-18
VERIS LTD,80122958178,109307565,,,2017-18
VERIZON AUSTRALIA PTY LIMITED,62081001194,174597564,,,2017-18
VERMILION AUSTRALIA LIMITED PARTNERSHIP,92210617868,146508453,2635029,745966,2017-18
VESTAS AUSTRALIAN WIND TECHNOLOGY PTY LIMITED,80089653878,417909000,15629954,4688986,2017-18
VEYANCE TECHNOLOGIES AUSTRALIA PTY LTD,87125188070,144466551,,,2017-18
VGI PARTNERS GLOBAL INVESTMENTS LIMITED,91619660721,278336481,,,2017-18
VGW HOLDINGS LIMITED,36147193511,298129336,12673383,3689235,2017-18
VICINITY LIMITED,90114757783,250026168,,,2017-18
VICTORIA POWER NETWORKS PTY LTD,37116940820,1492991582,,,2017-18
VICTORIA TEACHERS LIMITED,44087651769,104016475,21062345,6303747,2017-18
VILLA WORLD LIMITED,38117546326,460412851,43486694,13040522,2017-18
VILLAGE ROADSHOW LIMITED,43010672054,902549544,,,2017-18
VINCI ENERGIES AUSTRALIA PTY LTD,86602042339,117866300,,,2017-18
VIRBAC (AUSTRALIA) PTY LIMITED,77003268871,114228399,23037973,5030563,2017-18
VIRGIN AUSTRALIA HOLDINGS LIMITED,54100686226,5523965920,,,2017-18
VIRTUS HEALTH LIMITED,80129643492,211207655,40419863,12125959,2017-18
VITA GROUP LIMITED,62113178519,696616382,31687502,9188180,2017-18
VIVA ENERGY HOLDING PTY LTD,59167883525,15832528700,586639712,175128211,2017-18
VMWARE AUSTRALIA PTY LTD,77122677089,194455731,12328976,2579448,2017-18
VOCUS GROUP LIMITED,96084115499,1566078960,84489746,25295143,2017-18
VODAFONE HUTCHISON AUSTRALIA PTY LTD,76096304620,3457931371,,,2017-18
VOLKSWAGEN FINANCIAL SERVICES AUSTRALIA PTY LTD,20097071460,328730102,38055150,11416545,2017-18
VOLKSWAGEN GROUP AUSTRALIA PTY LTD,14093117876,2194283111,20502132,6150640,2017-18
VOLVO CAR AUSTRALIA PTY LIMITED,18004830611,292497534,2409421,722826,2017-18
VOLVO GROUP AUSTRALIA PTY LTD,27000761259,1367759219,59441514,17383084,2017-18
VOYAGES INDIGENOUS TOURISM AUSTRALIA PTY LTD,82146482591,183171167,,,2017-18
VR AUSTRALIA HOLDINGS PTY LTD,,136167980,50133700,15040110,2017-18
VULCAN STEEL PTY LTD,61100061283,257565209,20128328,5395641,2017-18
WAGNER GROUP HOLDINGS PTY LTD,13116370024,267324212,87221055,22092336,2017-18
WAGNERS HOLDING COMPANY LTD,49622632848,132575359,14982474,4494742,2017-18
WALKER GROUP HOLDINGS PTY LTD,81001215069,706206028,,,2017-18
WAM ACTIVE LIMITED,49126420719,173015429,5031214,1050787,2017-18
WAM CAPITAL LIMITED,34086587395,3259252456,169953720,38435605,2017-18
WAM LEADERS LIMITED,33611053751,1763828866,56418209,11630628,2017-18
WAM MICROCAP LIMITED,34617838418,278313828,24070896,5869563,2017-18
WAM RESEARCH LIMITED,15100504541,370333913,9756100,919175,2017-18
WAMBO COAL PTY LTD,13000668057,654028158,116743282,34873172,2017-18
WARNER BROS. ENTERTAINMENT AUSTRALIA PTY LTD,70003773411,353712265,,,2017-18
WASHINGTON H. SOUL PATTINSON AND COMPANY LIMITED,49000002728,469802563,197885928,,2017-18
WATERMARK GLOBAL LEADERS FUND LIMITED,71614536560,300957352,,,2017-18
WATERMARK MARKET NEUTRAL FUND LIMITED,45163980498,334438579,,,2017-18
WATERPOINT HOMEBUSH BAY PTY LTD,72101680102,479723846,,,2017-18
WATPAC LIMITED,98010562562,1087294237,,,2017-18
WBHO INFRASTRUCTURE PTY LTD,78089434220,342812732,,,2017-18
WEBER-STEPHEN PRODUCTS CO. (AUSTRALIA) PTY LTD,18006305237,106231518,15488242,4646473,2017-18
WEBJET LIMITED,68002013612,232040237,49696468,14033713,2017-18
WEBSTER LIMITED,23009476000,218330143,15556677,4667003,2017-18
WEIR GROUP (AUSTRALIAN HOLDINGS) PTY LTD,57090873117,472259751,55975236,11519735,2017-18
WELLARD LIMITED,53607708190,267666046,,,2017-18
WELLCOM GROUP LTD,85114312542,106755241,12337261,3701178,2017-18
WENGFU AUSTRALIA PTY LTD,31141160581,270196223,,,2017-18
WESFARMERS LIMITED,28008984049,66875750322,4276541821,1250026416,2017-18
WEST END MOTOR GROUP PTY LIMITED,30001988450,224039217,8358490,2507457,2017-18
WESTCON GROUP PTY LTD,77050539672,271531415,906858,272057,2017-18
WESTERN AREAS LIMITED,68091049357,251761696,,,2017-18
WESTERN AUSTRALIAN MEAT MARKETING CO-OP LTD,54048449698,174279707,4445876,,2017-18
WESTERN SUBURBS (N'CLE) LEAGUES CLUB LIMITED,24000973919,147566269,,,2017-18
WESTFIELD CORPORATION LIMITED,12166995197,466676752,,,2017-18
WESTGOLD RESOURCES LIMITED,60009260306,506707228,,,2017-18
WESTOZ INVESTMENT COMPANY LIMITED,99113332942,168362675,11160744,2094815,2017-18
WESTPAC BANKING CORPORATION,33007457141,39199257272,11376672283,3251197116,2017-18
WEYHILL PTY LTD,83005812671,132749868,,,2017-18
WH MCCARTHY PTY LTD,73000004893,312578840,3604173,1081252,2017-18
WHITEHAVEN COAL LIMITED,68124425396,2307717714,5641,,2017-18
WHITEHILLS AUSTRALIA PTY LTD,76087404340,434270391,,,2017-18
WICET HOLDINGS PTY LTD,26131210001,460884199,,,2017-18
WILLIAM ADAMS PTY LTD,72009569493,455279447,40521725,12093518,2017-18
WILLIAMS-SONOMA AUSTRALIA PTY LIMITED,75157917783,109660379,5232834,1569850,2017-18
WILLIS TOWERS WATSON AUSTRALIA HOLDINGS LIMITED,98112435079,170306878,16432883,3869820,2017-18
WILLOW CORPORATION HOLDINGS PTY LIMITED,25120557842,305297574,51208359,11933936,2017-18
WILMAR AUSTRALIA HOLDINGS PTY LIMITED,79144972743,1418643918,,,2017-18
WILMAR GAVILON PTY LTD,58128080455,764989402,5641888,1692567,2017-18
WILSON PARKING AUSTRALIA 1992 PTY LTD,67052475911,1183425232,,,2017-18
WIN CORPORATION PTY LTD,43000737404,234933547,7662850,2069583,2017-18
WINC AUSTRALIA HOLDINGS PTY LTD,64142352234,215283531,,,2017-18
WINDFIELD HOLDINGS PTY LTD,60160456164,433891499,228947012,68278540,2017-18
WINNING APPLIANCES PTY LIMITED,94002193688,214575701,5321047,986448,2017-18
WINNING ONLINE GROUP PTY LIMITED,99151836314,276852408,3024885,,2017-18
WIPRO LIMITED,18093961936,297191190,28829419,8648826,2017-18
WISDOM PROPERTIES GROUP PTY LTD,82089425829,199297109,15812026,4743608,2017-18
WISETECH GLOBAL LIMITED,41065894724,174357419,49655845,8436975,2017-18
WOLTERS KLUWER AUSTRALIA PTY LIMITED,46095325643,103141749,5349466,1380003,2017-18
WOOD GROUP AUSTRALIA PTY LTD,51101049076,432519987,,,2017-18
WOODSIDE PETROLEUM LTD,55004898962,6287256902,1284636699,,2017-18
WOOLWORTHS GROUP LIMITED,88000014675,51875327386,1965517718,525002551,2017-18
WORKPAC PTY LTD,52111076012,1322158086,29099912,8729974,2017-18
WORLEYPARSONS LIMITED,17096090158,1006956658,,,2017-18
WORMALD AUSTRALIA PTY LIMITED,80008399004,247384623,,,2017-18
WPP AUNZ LIMITED,84001657370,701820560,75799918,18451246,2017-18
WRIGLEY UNO 2 AUSTRALIA PTY LTD,68133509930,337504345,30853890,8655685,2017-18
WSP AUSTRALIA HOLDINGS PTY LTD,90169545395,477140420,35130493,7445632,2017-18
WUGANG (AUSTRALIA) PTY LTD,24110966633,154624548,18388466,5516540,2017-18
WURTH AUSTRALIA PTY LTD,48002487096,115534483,5446426,1633928,2017-18
WYNDHAM DESTINATIONS ASIA PACIFIC PTY LTD,30090083613,308603028,65137991,19067255,2017-18
XENITH IP GROUP LIMITED,88607873209,126470634,8174169,2452251,2017-18
XL INSURANCE COMPANY SE,36083570441,471178715,,,2017-18
XYLEM AUSTRALIA HOLDINGS PTY LTD,89162495070,173064313,,,2017-18
YAMAHA MOTOR AUSTRALIA PTY LIMITED,88002556989,312228020,30265151,9079545,2017-18
YANCOAL AUSTRALIA LIMITED,82111859119,4206512986,8168443,,2017-18
YARA AUSTRALIA PTY LIMITED,77076301221,386892232,,,2017-18
YELLOW BRICK ROAD HOLDINGS LIMITED,44119436083,230952475,5283,,2017-18
YKK ALUMINIUM (AUSTRALIA) PTY LTD,66001779237,143117671,2750125,825038,2017-18
YN ENERGY PTY LTD,88611962451,167326706,1755383,526615,2017-18
YOUI HOLDINGS PTY LTD,41124972425,677997207,113505494,34051648,2017-18
YUSEN LOGISTICS (AUSTRALIA) PTY LTD,85003550776,164119514,,,2017-18
ZF HOLDINGS AUSTRALIA PTY LTD,85109711828,164376706,10458979,3099645,2017-18
ZIMMER AUSTRALIA HOLDING PTY LIMITED,93107449534,305618616,1185815,267198,2017-18
ZOETIS AUSTRALIA PTY LIMITED,94156476425,297105254,11320943,2866196,2017-18
ZTE (AUSTRALIA) PTY LTD,64110578428,106786756,3577182,1073155,2017-18
ZURICH FINANCIAL SERVICES AUSTRALIA LIMITED,11008423372,2124355799,229666422,46511732,2017-18
