company_name,abn,total_income,taxable_income,tax_payable,income_year
1 MENDS STREET PTY LTD,94600082111,159074147,,,2023-24
1884 PTY LIMITED,83114980880,337911962,6347804,1904341,2023-24
1ST ENERGY PTY LTD,71604999706,144268804,6396883,1919065,2023-24
20 CASHEWS PTY LTD,16634403124,242155153,9887530,2877116,2023-24
21ST CENTURY RESORTS HOLDINGS PTY LIMITED,33104201014,332566480,43885213,13165564,2023-24
29METALS LIMITED,95650096094,490015375,,,2023-24
2CONSTRUCT PTY LTD,28109517188,168694987,7399488,2213799,2023-24
3M AUSTRALIA PTY LTD,90000100096,737639598,42327422,12698227,2023-24
4CYTE PATHOLOGY PTY LTD,12619244852,213934628,3834158,128871,2023-24
4K AUTOMOTIVE GROUP PTY LTD,18062618964,634219672,20756788,6227036,2023-24
509 DAVIES RD CLAREMONT PTY LTD,63608523020,258122907,22463161,6738948,2023-24
5G NETWORKS LTD,21073716793,130296598,14328332,4289508,2023-24
5POINT PROJECTS PTY LTD,61615602027,126767649,1950473,585142,2023-24
5WAYS FOODSERVICE PTY LTD,55096671920,109702524,1692663,507692,2023-24
5Z WHOLESALE PTY LTD,30618228809,126063147,334245,100274,2023-24
7C HOLDINGS PTY LTD,63008210106,178908607,7563789,2168886,2023-24
895 ANN STREET PROJECT PTY LTD,70628867103,213940957,69051,20715,2023-24
9TE DEVELOPER PTY LTD,35666875850,114132933,,,2023-24
A & S WHOLESALE FRUIT & VEGETABLES PTY LTD,60006598796,105917939,2119207,470162,2023-24
A S P ALUMINIUM HOLDINGS PTY LTD,59002302310,405430096,20965255,6289576,2023-24
A. HARTRODT AUSTRALIA PTY LTD,28000640504,101815360,3549177,1064753,2023-24
A.C.N. 003 933 300 PTY LTD,58003933300,797086245,,,2023-24
A.C.N. 085 239 998 PTY LTD,39085239998,556555094,115907675,33346523,2023-24
A.C.N. 085 537 266 PTY LIMITED,54085537266,104164297,,,2023-24
A.C.N. 166 119 133 PTY LTD,31166119133,2866292494,,,2023-24
A.C.N. 169 231 172 PTY LTD,34169231172,419678028,,,2023-24
A.C.N. 603 303 126 PTY LTD,98603303126,805455999,,,2023-24
A.C.N. 630 698 716 PTY LTD,18630698716,186250520,,,2023-24
A.G. COOMBS GROUP PTY. LTD.,67005711722,183225986,7509831,1184878,2023-24
A.G. COOMBS PTY. LTD.,49005653332,282402289,7791976,2337593,2023-24
A.G.OATLEY WINES PTY LTD,63118584928,130128214,,,2023-24
A.H. BEARD HOLDINGS PTY LIMITED,79001569937,130705759,,,2023-24
A.J. BAKER & SONS PTY LTD,93008734834,128667163,,,2023-24
A.P.G CO PTY LTD,62104265652,305009074,93264413,27979324,2023-24
A2 AUSTRALIAN INVESTMENTS PTY LIMITED,93126014275,377222351,18946512,4993320,2023-24
A2 INFANT NUTRITION LIMITED,81618864958,826060425,157269585,45627474,2023-24
A2B AUSTRALIA LIMITED,99001958390,186097892,10480501,2887599,2023-24
A2K HOLDINGS PTY LTD,27162163064,117752503,6245320,1873468,2023-24
A3 SECURICON PTY LTD,99161454691,127169162,6378296,1913489,2023-24
AA HOLDINGS PTY LTD,94112233744,890289671,70169755,21050926,2023-24
AAA EGG COMPANY PTY LTD,63079437639,116314398,,,2023-24
AAM DIVERSIFIED AGRICULTURE OPERATING TRUST,82620396937,158033651,,,2023-24
AAPC LIMITED,87009175820,1453246924,12131251,1908309,2023-24
AARDVARK TOPCO PTY LTD,24670588824,245024003,17757027,123051,2023-24
AAW GROUP HOLDINGS PTY LTD,14007257865,152494492,9148257,2353887,2023-24
ABACUS STORAGE OPERATIONS LIMITED,37112457075,221617936,14946322,4483897,2023-24
ABB GROUP INVESTMENT MANAGEMENT PTY LIMITED,47082803852,619294332,45046799,13085261,2023-24
ABBE HOLDINGS VIC PTY LTD,92605336221,186599818,18974179,5692254,2023-24
ABBE NSW PTY LTD,93125187724,145737360,5880881,1764264,2023-24
ABBOT POINT BULKCOAL PTY LTD,23010183534,138490969,11574637,3472391,2023-24
ABBOT POINT OPERATIONS PTY LTD,58605852060,128554717,1181923,354577,2023-24
ABBOTT AUSTRALASIA PTY LIMITED,95000180389,804505852,5824023,1747207,2023-24
ABBVIE PTY LIMITED,48156384262,706210996,67994572,10774298,2023-24
ABC REFINERY (AUSTRALIA) PTY LIMITED,86621121079,9259126230,30112120,9033636,2023-24
ABC TISSUE PRODUCTS PTY LIMITED,33003085112,603516580,79001370,23700398,2023-24
ABCOR PTY. LTD.,12006504918,129713647,21847109,6554133,2023-24
ABERGELDIE CONSOLIDATED PTY LTD,21143512350,583764496,31483163,9444949,2023-24
ABLETRAN NO 5 PTY LIMITED,26677901012,114339445,114339237,,2023-24
ABN CONSTRUCTION SERVICES PTY LTD,55068687294,140066271,,,2023-24
ABN GROUP (VIC) PTY LTD,82130382188,783720596,43545089,13063527,2023-24
ABN RESIDENTIAL WA PTY LTD,11008871761,500941211,8211028,2463308,2023-24
ABP FINANCE PTY LIMITED,58139991101,252535642,68593158,20577947,2023-24
ABRA MINING PTY LIMITED,30110233577,159457841,,,2023-24
ABT ASSOCIATES AUSTRALIA PTY LTD,72161695156,172929990,,,2023-24
ACCENT GROUP LIMITED,85108096251,1903542590,82657736,24797321,2023-24
ACCENTURE AUSTRALIA HOLDINGS PTY LIMITED,61096995649,2874170635,155207810,43498263,2023-24
ACCESS EQUIPMENT GROUP PTY LTD,53131094874,129784762,7097148,2129144,2023-24
ACCESS HARDWARE HOLDINGS PTY LTD,36123214611,100652633,7580849,2274255,2023-24
ACCESS PLATFORM SYSTEMS PTY LTD,51116622158,164712057,18365272,5509582,2023-24
ACCESS WORKSPACE PTY LTD,81636482383,208014565,33159400,9947820,2023-24
ACCIONA AGUA AUSTRALIA PTY LTD,84128531742,914619925,6242316,,2023-24
ACCIONA GEOTECH HOLDING PTY LTD,99616868314,3579910833,118248046,30726836,2023-24
ACCO BRANDS AUSTRALIA HOLDING PTY LIMITED,58130787923,170225594,19678665,5903600,2023-24
ACCREDITED DISTRIBUTORS PTY LTD,82112903198,160444403,11338124,3397744,2023-24
ACE GROUP HOLDINGS PTY LTD,50626454886,158972441,5814714,1744414,2023-24
ACER COMPUTER AUSTRALIA PTY LIMITED,78003872768,291642557,13307224,3992167,2023-24
ACFS PORT LOGISTICS PTY LIMITED,95603120047,476377028,4000000,,2023-24
ACM AUTOS PTY LTD,66121604082,125066055,3694038,1108211,2023-24
ACM HOLDINGS CO PTY LTD,42622029798,505776000,,,2023-24
ACN 615 724 000 PTY. LIMITED,82615724000,280656504,10325034,3097510,2023-24
ACROW FORMWORK AND SCAFFOLDING PTY LTD,35004284806,108087673,93264,27979,2023-24
ACS AUSTRALIA HOLDINGS PTY LTD,39655692176,175034312,25207331,1096527,2023-24
ACTIVE STEEL PTY LTD,13068669296,134100072,21633610,6490083,2023-24
ACTRON ENGINEERING PTY LTD,34002767240,174300411,10891942,3267583,2023-24
ACU-TECH PTY LTD,68626756223,130277233,1423032,426910,2023-24
AD ASTRA HOLDINGS PTY LTD,19111061726,345735633,75919576,22775873,2023-24
ADAIRS LIMITED,50147375451,538075370,45773496,13716155,2023-24
ADAMA AUSTRALIA HOLDINGS PTY LTD,31108759495,327110977,,,2023-24
ADAMS GROUP AUS HOLDINGS PTY LIMITED,13637089162,140968079,,,2023-24
ADANI MINING PTY LTD,27145455205,1241650727,,,2023-24
ADAPT-A-LIFT GROUP PTY LTD,81605149568,362223811,,,2023-24
ADBRI LIMITED,15007596018,2014230159,88666523,23783631,2023-24
ADCHEM (AUSTRALIA) PTY LTD,87069180258,145113950,3714498,1114349,2023-24
ADCO CONSTRUCTIONS PTY LIMITED,46001044391,842439213,10530,,2023-24
ADCO GROUP PTY LIMITED,15094531272,485477675,23040,6912,2023-24
ADCOME PTY LTD,99110315681,546556484,20152827,6045848,2023-24
ADCORP HOLDINGS AUSTRALIA PTY LTD,91161583893,491198841,952788,285836,2023-24
ADECCO HOLDINGS PTY LTD,11003652088,813802909,53595133,16078540,2023-24
ADELAIDE AIRPORT LIMITED,78075176653,332436371,63033870,18910161,2023-24
ADELAIDE BIDCO PTY LTD,,112972764,,,2023-24
ADIDAS AUSTRALIA PTY LTD,80058390659,432106453,11698375,3509512,2023-24
ADM TRADING AUSTRALIA PTY LTD,92126806979,1666283423,51789394,15536818,2023-24
ADOBE SYSTEMS PTY LTD,72054247835,972046404,44887230,13466169,2023-24
ADORE BEAUTY GROUP LIMITED,78636138988,196356787,843476,253043,2023-24
ADRAD HOLDINGS LTD,51121033396,143008014,9412851,2405982,2023-24
ADT GROUP HOLDINGS PTY LTD,35144849436,238526884,20704864,6095670,2023-24
ADVANCED FRESH CONCEPTS PTY LTD,35605455936,141654453,4287204,1286161,2023-24
ADVENTURE HOLDINGS AUSTRALIA PTY LTD,93622679216,114129718,5881490,1764447,2023-24
ADVERTISING ASSOCIATES PTY LTD,43057158488,112002703,1839410,551823,2023-24
ADYEN AUSTRALIA PTY LIMITED,55162682411,143937065,15401173,4620352,2023-24
AECI AUSTRALIA PTY LTD,33165704870,264107676,17197852,5159356,2023-24
AEG TOPCO PTY LTD,28650972688,555678502,51115916,15334775,2023-24
AERIS RESOURCES LIMITED,30147131977,540342814,,,2023-24
AESOP AUSTRALIA PTY LTD,41162093030,299254038,6981670,1115614,2023-24
AESTHETIC AUSTRALIA HOLDINGS PTY LTD,45621040220,150206427,13701118,,2023-24
AFGRI AUSTRALIA PTY LTD,14103619067,806037698,50932934,15279077,2023-24
AFL STADIA PTY LTD,26615077891,110264056,,,2023-24
AFT PHARMACEUTICALS (AU) PTY LTD,29105636413,105375673,4116909,1235073,2023-24
AG N VET MANAGEMENT SERVICES PTY LIMITED,91087675465,644262641,37753597,8801828,2023-24
AGCO AUSTRALIA LIMITED,89004092684,466971807,20416231,6124869,2023-24
AGGREGATE HOLDINGS PTY LTD,24000455881,138935433,37048266,10574028,2023-24
AGGREKO GENERATOR RENTALS PTY. LIMITED,66001991457,198440861,25945306,7586870,2023-24
AGH TOPCO PTY LTD,65648897278,362953678,7284718,2185415,2023-24
AGILENT TECHNOLOGIES AUSTRALIA PTY LTD,29088510605,155140953,28551675,372664,2023-24
AGL ENERGY LIMITED,74115061375,12813402479,,,2023-24
AGL GENERATION HOLDCO PTY LIMITED,46155768291,1433596297,597228138,178429926,2023-24
AGNVET RURAL PTY LTD,52125781222,128023544,6346976,1901950,2023-24
AGORA GAS PTY LIMITED,38160254311,228118565,32865321,9859596,2023-24
AGRI DIRECT AUSTRALIA PTY LTD,18151647684,113407706,1635437,490631,2023-24
AGRI OM AUSTRALIA PTY LTD,28601179024,105016220,1582074,474622,2023-24
AGRI-BEST GROUP PTY LTD,19103565635,146568267,1761369,528411,2023-24
AGRICOMM TRADING AUSTRALIA PTY LTD,66102862313,260305393,2177997,653399,2023-24
AGRICULTURAL BANK OF CHINA LIMITED,48848300367,795041159,52642240,15792672,2023-24
AGRI-LABOUR AUSTRALIA PTY LTD,23142526216,121276916,2636067,790820,2023-24
AGRI-OZ EXPORTS (AUST) PTY LTD,85601425941,135959352,1468792,440638,2023-24
AGRIUM SP HOLDINGS PTY LIMITED,58146674400,4736870041,296121720,57310577,2023-24
AGS GROUP HOLDINGS PTY LIMITED,42151808598,147307738,15538263,4661479,2023-24
AGTRADE INTERNATIONAL PTY LTD,87139280461,476027474,,,2023-24
AHRENS GROUP PTY LTD,76114260230,325509206,55672796,14757840,2023-24
AI GRACE AUS HOLDCO PTY LTD,70670020292,259560083,17053109,4526783,2023-24
AI SKY AUS HOLDCO PTY LIMITED,67636519143,179797785,407660,,2023-24
AIA AUSTRALIA LIMITED,79004837861,3566000000,,,2023-24
AIC MINES LIMITED,11060156452,181900878,,,2023-24
AIG AUSTRALIA LIMITED,93004727753,1139656312,107432003,31039966,2023-24
AIOI NISSAY DOWA INSURANCE COMPANY AUSTRALIA PTY LTD,11132524282,305046398,1737806,521342,2023-24
AIR LIQUIDE AUSTRALIA LIMITED,57004385782,400228383,31617121,9485136,2023-24
AIRBUS AUSTRALIA PACIFIC HOLDINGS PTY LIMITED,75003066788,642076487,76014830,22804449,2023-24
AIRPORT DEVELOPMENT GROUP PTY LIMITED,77081422915,190922655,15006997,4502099,2023-24
AIRPORT LINK HOLDINGS PTY LTD,87120722081,148573144,9274125,2782238,2023-24
AIRPORT MOTOR GROUP PTY LTD,61113244492,180069177,6664168,1999250,2023-24
AIRPORT MOTORWAY HOLDINGS PTY LTD,55078322531,168895907,107104805,32131441,2023-24
AIRPORT RETAIL ENTERPRISES PTY LTD,16008749031,158288548,15948341,4735185,2023-24
AIRROAD PTY LIMITED,81002955419,161450486,5339765,1601784,2023-24
AIRSERVICES AUSTRALIA,59698720886,1061016454,,,2023-24
AIRWORK FLIGHT OPERATIONS PTY LTD,13119011871,102224693,2201256,660377,2023-24
AJ LUCAS GROUP LIMITED,12060309104,159827349,,,2023-24
AJE WHOLESALING PTY LTD,26130160753,140625821,,,2023-24
AKAMAI TECHNOLOGIES NETHERLANDS BV,52115435955,122366020,6547688,1964306,2023-24
AKESA PTY LTD,57168121122,128618223,18197803,5459341,2023-24
AKUNA CAPITAL AUSTRALIA PTY LTD,71622473750,118801025,,,2023-24
AKURA ENTERPRISES PTY LTD,72646793222,106307627,16670552,5001166,2023-24
AKZO NOBEL COATINGS (HOLDINGS) PTY LTD,51000285012,303338791,,,2023-24
ALAN MANCE MOTORS PTY LTD,69005500747,123773601,2997064,899119,2023-24
ALAND B & W PTY LTD,96635680545,265895366,4874093,1462228,2023-24
ALAND GROUP PTY LTD,,298325851,,,2023-24
ALAND PROPERTY HOLDINGS PTY LTD,34633006381,379931513,1554290,466287,2023-24
ALBEMARLE LITHIUM PTY LTD,14618095471,2137977553,307304848,92191454,2023-24
ALBRIGHT & WILSON (AUSTRALIA) LIMITED,36004234137,111932234,5865013,1754774,2023-24
ALCEON CAPITAL PTY LTD,41163867016,155458173,598185,,2023-24
ALCHEMY CONSTRUCT PTY LTD,47604483105,118230670,1522756,456827,2023-24
ALCOA AUSTRALIAN HOLDINGS PTY LTD,33096987370,100714115,96154952,,2023-24
ALCOA OF AUSTRALIA LTD,93004879298,4916440846,360015190,107990297,2023-24
ALCON LABORATORIES (AUSTRALIA) PTY LTD,88000740830,327227013,20205004,6061501,2023-24
ALDI FOODS PTY LTD,18086210139,12494422539,595441464,178632439,2023-24
ALDL HOLDINGS PTY LIMITED,89144809594,134142548,9500396,2761176,2023-24
ALEXION PHARMACEUTICALS AUSTRALASIA PTY LTD,59132343036,113088971,4865405,1459622,2023-24
ALFABS AUSTRALIA LIMITED,52674455442,130265528,15523747,4657124,2023-24
ALH GROUP PTY LTD,68098212134,530000000,757142857,,2023-24
ALIGN TECHNOLOGY (AUSTRALIA) PTY LTD,62163076971,105576045,7878415,2363524,2023-24
ALKANE RESOURCES LIMITED,35000689216,176137505,19868721,5038178,2023-24
AL-KO INTERNATIONAL PTY LTD,96003066813,106352819,14942253,4482676,2023-24
ALL ENERGY CONTRACTING PTY LTD,96623989453,104643782,10818691,3245607,2023-24
ALLAM CONSOLIDATED PTY LIMITED,24673803202,212323250,,,2023-24
ALLEGION (AUSTRALIA) PTY LTD,49077898161,131225722,5901169,1770351,2023-24
ALLEGIS GROUP APAC HOLDINGS PTY LTD,84159406523,193863042,129934,,2023-24
ALLEGRO PTY LTD,55008833494,179967730,1485767,445730,2023-24
ALLIANCE AVIATION SERVICES LIMITED,96153361525,704713336,,,2023-24
ALLIANZ AUSTRALIA LIMITED,21000006226,7678143379,308027855,91649888,2023-24
ALLIANZ TECHNOLOGY SE,68344730676,229918969,18197753,5459326,2023-24
ALLIED BEEF GROUP PTY LTD,52151578102,127015033,,,2023-24
ALLIED CREDIT PTY LTD,65143964667,235430098,,,2023-24
ALLIED NATURAL WOOD ENTERPRISES PTY LTD,65607144089,106849937,28298025,8489408,2023-24
ALLIED WORLD ASSURANCE COMPANY LTD,54163304907,169911517,2207070,527617,2023-24
ALLKEM PTY LTD,31112589910,692182983,206621887,61839481,2023-24
ALLNEX AUSTRALIA PTY. LTD.,24160397768,414504900,125106157,36584045,2023-24
ALLSEAS MARINE CONTRACTORS AUSTRALIA PTY LTD,81158534582,571144186,20739923,6221977,2023-24
ALLY FASHION PTY LTD,93097575294,122726511,,,2023-24
ALLZONE PTY LTD,,105077904,105073559,367029,2023-24
ALMAX ALUMINIUM PTY LTD,66091040363,115049851,14508593,4352578,2023-24
ALMONDCO AUSTRALIA LIMITED,81062887352,245869104,48150,14445,2023-24
ALQUEMIE GROUP HOLDINGS PTY LTD,55637401104,250066914,,,2023-24
ALS LIMITED,92009657489,786966275,83820384,21753832,2023-24
ALSCO PTY LIMITED,26000435629,357141952,52377981,15674011,2023-24
ALSTOM TRANSPORT AUSTRALIA HOLDINGS PTY LIMITED,28644102992,1321361735,93379568,25978156,2023-24
ALTCOM GROUP HOLDINGS PTY LIMITED,78000870897,143936737,49344467,,2023-24
ALTIUS HOLDCO PTY LTD,22646640280,128522810,13045838,3913752,2023-24
ALTOMONTE HOLDINGS PTY LIMITED,18000821910,751238183,11115791,3334737,2023-24
ALTORA AG HOLDCO PTY LTD,29630396619,331490059,,,2023-24
ALTRAD AUSTRALIA PTY LTD,56652016807,225781458,6657504,1997251,2023-24
ALTX VENTURES HOLDINGS PTY LIMITED,15619131449,110956286,1188146,356444,2023-24
AMA GROUP LIMITED,50113883560,469316060,,,2023-24
AMADEUS IT PACIFIC PTY LTD,22080674255,154840930,25495901,,2023-24
AMARI METALS AUSTRALIA PTY LTD,13004496128,411790971,24240645,7099304,2023-24
AMAROO GROUP HOLDCO PTY LIMITED,88651036403,153057312,217457,65237,2023-24
AMAZON COMMERCIAL SERVICES PTY LTD,30616935623,3121430925,83069842,24920953,2023-24
AMAZON CORPORATE SERVICES PTY LTD,95082931600,1209695816,233130354,69939106,2023-24
AMAZON SUPPORT SERVICES PTY LTD,77163823416,199838527,23140553,6942166,2023-24
AMAZON WEB SERVICES AUSTRALIA PTY LTD,63605345891,3433713398,203525478,61057643,2023-24
AMB HOLDINGS PTY LTD,85084557737,144063069,117237020,,2023-24
AMC AUSCO 1 PTY LTD,49658085771,544571606,234643845,70371950,2023-24
AMCOR PTY LTD,62000017372,546058465,5938879,,2023-24
AMDOCS (AUSTRALIA) PTY LTD,96098687006,119610311,893167,267950,2023-24
AMER SPORTS AUSTRALIA PTY LTD,65063414568,109430160,7970750,2391225,2023-24
AMERICAN EXPRESS AUSTRALIA LIMITED,92108952085,1769966429,13551665,4065500,2023-24
AMERICOLD AUSTRALIAN HOLDINGS PTY LTD,48117491291,344791068,3655146,1096544,2023-24
AMEROPA AUSTRALIA PTY LTD,21009504394,782433529,,,2023-24
AMG HEADQUARTERS FIVE PTY LTD,19638154328,295047402,6138600,1841580,2023-24
AMG HEADQUARTERS TWELVE PTY LTD,98668007654,158910860,2636058,790817,2023-24
AMG HORNSBY PTY LTD,67083155471,123033200,3412657,1023797,2023-24
AMG WAITARA PTY LTD,17613903281,205979044,7310749,2193225,2023-24
AMGEN AUSTRALIA PTY LIMITED,31051057428,524888678,60144956,9363028,2023-24
AMOTIV LIMITED,99004400891,786739100,143897547,38460980,2023-24
AMP LIMITED,49079354519,3611019342,,,2023-24
AMPHORA AUSTRALIA PTY LTD,50625199322,495355852,,,2023-24
AMPLIFON AUSTRALIA HOLDING PTY LTD,34147231561,364977262,48847791,14583148,2023-24
AMPLIFY BIDCO PTY LTD,30636456623,679796060,1572062,,2023-24
AMPLITUDE ENERGY LIMITED,93096170295,225767727,,,2023-24
AMPOL LIMITED,40004201307,34642407570,582071069,149573467,2023-24
AMR RECYCLERS PTY LTD,78126024306,135373009,10999685,3299906,2023-24
ANABELLE BITS PTY LTD,40068649972,195956887,,,2023-24
ANCA PTY LTD,43005163244,204171047,18846470,,2023-24
ANDANTE FINANCE COMPANY PTY LTD,82639365183,192887843,,,2023-24
ANDREW JOHNSON HOLDINGS PTY LTD,54089200448,125059200,596390,178917,2023-24
ANDREW MIEDECKE MOTORS PTY LTD,50002582621,126310254,1606550,481965,2023-24
ANDREWS MEAT INDUSTRIES PTY LTD,16600428537,293291311,34734693,9777551,2023-24
ANGELWITCH INVESTMENTS PTY LTD,93141418493,114911062,,,2023-24
ANGLO AMERICAN AUSTRALIA LTD,47004892371,5753180084,1043235728,117076625,2023-24
ANGLO AMERICAN TECHNICAL & SUSTAINABILITY SERVICES LTD,81629813216,191272090,23387454,7016236,2023-24
ANGLOGOLD INVESTMENTS AUSTRALIA PTY LTD,48090112459,1641659051,239133922,70072698,2023-24
ANIXTER AUSTRALIA PTY LTD,68055815551,404611419,37698221,11309466,2023-24
ANL CONTAINER LINE PTY LTD,41083962136,1286767088,262902729,78741271,2023-24
ANSELL LIMITED,89004085330,288156467,4979397,1493819,2023-24
ANSTO NUCLEAR MEDICINE PTY LTD,,144197201,,,2023-24
ANSVAR INSURANCE LIMITED,21007216506,253434726,,,2023-24
ANTAP INTERNATIONAL PTY LTD,96601127020,143455200,1827580,548274,2023-24
ANTICIMEX PTY LTD,24162914374,259442481,26885210,8054493,2023-24
ANTRAK LOGISTICS PTY LTD,73072041402,107481965,18877638,5152348,2023-24
ANZ GROUP HOLDINGS LIMITED,16659510791,59563463573,5788266275,1669087258,2023-24
ANZ HOSPITALS TOPCO PTY LTD,20631014965,2861699552,,,2023-24
ANZUK EDUCATION SERVICES PTY LTD,19123730521,202306426,17913538,5374061,2023-24
AON GROUP PTY LTD,37615080290,696025218,152892619,45863884,2023-24
APA INFRASTRUCTURE TRUST,21858175226,4285580611,105400255,30161436,2023-24
APC MANUFACTURING & LOGISTICS PTY LTD,43119762962,196865708,67786074,15277148,2023-24
APCO SERVICE STATIONS PTY LTD,91007229898,868638954,17232157,5169647,2023-24
APEX BUILDING PRODUCTS (QLD) PTY LTD,46127374092,103195218,13397228,4019168,2023-24
APEX BUILDING PRODUCTS PTY LTD,27078974115,155891654,25045362,1272144,2023-24
APEX STEEL PTY LTD,88080253756,163879002,11713933,3514180,2023-24
APEX STEEL SUPPLIES PTY LTD,97008075938,126815288,4644368,1221881,2023-24
APEX TOPCO PTY LTD,13647943173,166635317,,,2023-24
APH TOP CO PTY LIMITED,96608192374,556810499,59346690,17804007,2023-24
APM HUMAN SERVICES INTERNATIONAL LIMITED,38639621766,612974758,61222815,18366844,2023-24
APOG TOPCO PTY LTD,66654198268,1765637665,4162244,,2023-24
APOLLO HOLDCO PTY LTD,68626190896,503516365,28458267,8537480,2023-24
APOLLO PROPERTY GROUP PTY LTD,30151819895,117102440,4558438,1367531,2023-24
APP MANAGEMENT PTY LIMITED,97088186154,108502016,5088606,1526582,2023-24
APPLE PTY LTD,46002510054,12429040462,528759906,153677943,2023-24
APPLIED AUSTRALIA HOLDINGS PTY LTD,48156643462,130310685,5290937,1587281,2023-24
APS GROUP (HOLDINGS) PTY LTD,94096418101,175129430,562387,168716,2023-24
APTELLA PTY LTD,56130367065,102242898,1127680,338304,2023-24
AQUACULTURE AUSTRALIA HOLDCO PTY LTD,57660056440,789057690,,,2023-24
AQUASURE FINANCE PTY LTD,35136072627,303258268,,,2023-24
AQUASURE HOLDINGS PTY LTD,46135956053,329006873,114570172,34371052,2023-24
AQUA-TEC FLUID SYSTEMS PTY LTD,94114944026,101410234,8751900,2625570,2023-24
ARA GROUP LIMITED,47074886561,795698343,51096850,14765618,2023-24
ARAFURA PACIFIC PTY LTD,29151898029,345953462,18078739,5423622,2023-24
ARAMEX FASTWAY HOLDINGS PTY. LTD.,86609553513,144661523,,,2023-24
ARB CORPORATION LTD,31006708756,619485660,124785605,36097270,2023-24
ARC 3 PTY LTD,22602589293,129948138,144751,43425,2023-24
ARC PROJECTS CORPORATION PTY LTD,70655207471,133072076,1516702,245011,2023-24
ARCADIAN ORGANIC & NATURAL MEAT CO PTY LIMITED,37158956864,218407764,,,2023-24
ARCADIS AUSTRALIA PACIFIC HOLDINGS PTY LTD,56608711351,375614353,78025660,20513792,2023-24
ARCH FINANCIAL HOLDINGS AUSTRALIA PTY LTD,18605164627,361876825,74190733,22257220,2023-24
ARCHITECTURAL WINDOW SYSTEMS PTY LIMITED,48067950903,136905454,14503084,3906073,2023-24
ARCHITECTUS SERVICES HOLDCO PTY LTD,31654274629,194315870,18735970,5620791,2023-24
ARCHMONT INVESTMENTS PTY LTD,68063715033,390155264,,,2023-24
ARDEX AUSTRALIA PTY LIMITED,82000550005,153437670,19461679,4994868,2023-24
ARE MEDIA HOLDCO PTY LTD,30649385044,250623693,10754319,3144134,2023-24
ARGO INVESTMENTS LIMITED,35007519520,294224357,394799611,34787495,2023-24
ARISTOCRAT LEISURE LIMITED,44002818368,1484683237,681200341,171050830,2023-24
ARISTOTLE HOLDING PTY LIMITED,76666554810,379419382,6064768,1348799,2023-24
ARJ GROUP HOLDINGS PTY LTD,31104958527,491381704,45357316,13607195,2023-24
ARKEMA PTY LTD,44000330772,121500045,,,2023-24
ARLA FOODS MAYER AUSTRALIA PTY LTD,78167620706,166417243,4503493,1351048,2023-24
ARN MEDIA LIMITED,95008637643,289137535,44646420,9245231,2023-24
ARROTEX HOLDINGS PTY LTD,47630331814,315265971,27844332,7766050,2023-24
ARROW COMMODITIES PTY LIMITED,17078081428,742401455,,,2023-24
ARROW ELECTRONICS ANZ HOLDINGS PTY LTD,90102589515,278142082,7468596,2240579,2023-24
ARROW ENERGY HOLDINGS PTY LTD,94141385293,676969875,,,2023-24
ART GROUP SERVICES LIMITED,50125248286,1599286518,119574212,35872264,2023-24
ARTHREX AUSTRALIA PTY LTD,40627466979,125414964,9390024,2817007,2023-24
ARTICORE GROUP LIMITED,11119200592,112146902,,,2023-24
ARTISANAL HOLDINGS PTY LTD,74623503257,122151122,14408198,4322459,2023-24
ARUBIAL PTY LTD,30113386119,192810551,4362466,1308740,2023-24
ARUP AUSTRALIA SERVICES PTY LTD,36625911686,673541484,,,2023-24
ARVINMERITOR LT VEH SYS AU PL,46004314372,179753854,26849467,8054840,2023-24
AS COLOUR PTY LTD,17130999165,136654768,3602109,1080633,2023-24
ASAHI HOLDINGS (AUSTRALIA) PTY LTD,48135315767,6554607329,957839032,282999072,2023-24
ASC PTY LTD,64008605034,846265817,72234155,21670246,2023-24
ASC SHIPBUILDING PTY LIMITED,15051899864,629549011,44608009,13382403,2023-24
ASCENDAS HOSPITALITY OPERATIONS PTY LTD,28156287857,147310855,,,2023-24
ASCOTT INTERNATIONAL MANAGEMENT (AUSTRALIA) PTY LTD,20078223186,132622411,21911063,6524102,2023-24
ASDAM HOLDINGS PTY LTD,74631990086,338799859,19775174,1965645,2023-24
ASG BRISBANE PTY LTD,72614297684,250183252,10235244,3070573,2023-24
ASG MELBOURNE PTY LTD,64616840110,983328233,31715382,9514615,2023-24
ASGIP III AUSTRALASIA HOLDINGS PTY LTD,74611681755,152096508,3041592,912478,2023-24
ASGIP III GRAFTON PROJECT HOLD CO PTY LTD,72652956128,103748080,21049064,6314719,2023-24
ASH 302 PTY LTD,56065395815,378550295,,,2023-24
ASHLEY SERVICES GROUP LIMITED,92094747510,574813847,4250614,1275184,2023-24
ASICS OCEANIA PTY LTD,59003091389,415951359,62009366,18602810,2023-24
ASKIN GROUP HOLDINGS PTY LIMITED,51626106947,231020450,26488200,7946460,2023-24
ASPEN ASIA PACIFIC PTY LTD,75146444484,552712587,96147908,24623323,2023-24
ASPEN GROUP LIMITED,50004160927,128014948,,,2023-24
ASPEN MEDICAL PTY LIMITED,32105250413,151803719,,,2023-24
ASPLUNDH HOLDINGS PTY LTD,24614780111,218567430,,,2023-24
ASSA ABLOY AUSTRALIA PACIFIC PTY LIMITED,81095354582,691651600,84849878,23871529,2023-24
ASSETINSURE PTY LTD,65066463803,174809809,19051694,5286937,2023-24
ASSETLINK HOLDINGS PTY LTD,51168396656,222231362,4076293,1222888,2023-24
ASSOCIATED KILN DRIERS PTY. LIMITED,34004341048,559365854,,,2023-24
ASSOCIATED RETAILERS LIMITED,42004520030,163861863,,,2023-24
ASTELLAS PHARMA AUSTRALIA PTY LTD,81147915482,166756670,12544765,3763430,2023-24
ASTRAZENECA HOLDINGS PTY LIMITED,59066876962,797563368,128915205,29313626,2023-24
ASTRONERGY SOLAR AUSTRALIA DEVELOPMENT PTY LTD,63629498568,111015304,786103,235831,2023-24
ASX LIMITED,98008624691,1580674717,692959465,207887840,2023-24
ATCO AUSTRALIA PTY LTD,74091033546,253360737,,,2023-24
ATCO STRUCTURES & LOGISTICS PTY LTD,71083902309,274623025,64997173,19499152,2023-24
ATHENA FINANCIAL PTY LTD,77619535545,199088332,,,2023-24
ATI GLOBAL LIMITED,31634158204,532902781,,,2023-24
ATKINSON PRODUCE PTY LTD T/A MURRAY BROS,77010762106,102278231,3448328,1034498,2023-24
ATLAS ARTERIA LIMITED,56141075201,239625925,,,2023-24
ATLAS AU HOLDCO PTY LTD,25661797904,163236590,2595216,,2023-24
ATLAS COPCO AUSTRALIA PTY LIMITED,85620125153,258225872,15859905,4757972,2023-24
ATLAS FUEL AUSTRALIA PTY LTD,33634907538,199831038,307883,92365,2023-24
ATLAS IRON PTY LTD,63110396168,1641707780,626761838,188028551,2023-24
ATLAS PROGRAMMED MARINE HOLDINGS PTY LTD,69620316252,139947065,,,2023-24
ATLASSIAN AUSTRALIA 1 PTY LTD,98166799542,6210997876,1178402327,252785216,2023-24
ATRON ENTERPRISES PTY LTD,73122150485,157553299,18943863,5683159,2023-24
ATTURRA LIMITED,34654662638,236209986,15916078,4281825,2023-24
AUB GROUP LIMITED,60000000715,307421779,127907090,3530107,2023-24
AUDANT INVESTMENTS PTY LIMITED,33002892855,166834230,49253835,14383868,2023-24
AUDIBLE AUSTRALIA PTY LTD,89624383811,183444218,7691167,2298004,2023-24
AURECON GROUP PTY LTD,12133838187,1195370425,114555469,33859465,2023-24
AURELIA METALS LIMITED,37108476384,328929956,7302451,2190735,2023-24
AURENNE GROUP HOLDINGS PTY LTD,90627857176,192648671,,,2023-24
AURIGA GROUP HOLDINGS PTY LTD,58619472221,109090993,,,2023-24
AURIZON HOLDINGS LIMITED,14146335622,3959782160,422573779,124564747,2023-24
AURORA DAIRIES HOLDINGS PTY LTD,90625617003,217089038,,,2023-24
AURRUM HOLDINGS PTY LTD,12168679123,139926877,60160,,2023-24
AUS PIE CO HOLDINGS PTY LTD,30662466597,186067310,3221482,966445,2023-24
AUS STAR HOLDINGS INTERNATIONAL PTYLTD,63605622026,129742036,1323064,396919,2023-24
AUSBUILD GROUP PTY LTD,35609450419,400823509,26276454,7882936,2023-24
AUSCAMPER PTY LTD,75609693674,116375501,14983696,4495109,2023-24
AUSCAN HOLDINGS PTY LTD,70084400886,231790262,,,2023-24
AUSCO HOLDINGS PTY LIMITED,13150795547,505130428,258309,,2023-24
AUSENCO PTY LTD,31114541114,132352062,8384091,,2023-24
AUSFINE FOODS INTERNATIONAL PTY LTD,12006926129,272249462,5486430,1645929,2023-24
AUSGRID FINANCE PTY LTD,14615343005,481601593,,,2023-24
AUSGRID MANAGEMENT PTY LTD,83615449548,639673274,,,2023-24
AUSMAR HOMES PTY LTD,55087236208,117436087,7170051,2151015,2023-24
AUSPORK LIMITED,38006563355,119424983,5559384,1587315,2023-24
AUSREO HOLDINGS PTY LIMITED,22125694055,355600383,24342375,7164318,2023-24
AUSSIE BROADBAND LIMITED,29132090192,989488808,91915775,27574732,2023-24
AUSTAL LIMITED,73009250266,411710171,,,2023-24
AUST-GRAIN EXPORTS PTY LTD,97069573100,173961398,1457401,437220,2023-24
AUSTIN ENGINEERING LIMITED,60078480136,174296079,1513615,,2023-24
AUSTRAL FISHERIES PTY LTD,71008989982,142711898,14293525,3969443,2023-24
AUSTRAL RESOURCES AUSTRALIA LTD,50142485470,112182145,,,2023-24
AUSTRALASIAN LANDSCAPE SERVICES HOLDCO PTY LTD,24652220794,179920259,4549753,1364926,2023-24
AUSTRALASIAN MEDICAL AND SCIENTIFIC LIMITED,28051991372,154982550,39626577,11887973,2023-24
AUSTRALASIAN PERFORMING RIGHT ASSOCIATION LIMITED,42000016099,476012367,,,2023-24
AUSTRALASIAN POWER SOLUTIONS PTY LTD,51618477142,141272667,7432549,2229765,2023-24
AUSTRALASIAN SOLVENTS AND CHEMICALS COMPANY PTY LTD,57095441080,189099683,2504969,666778,2023-24
AUSTRALIA BY SAINT PTY LTD,56624004566,213975058,19662130,5619428,2023-24
AUSTRALIA MILLING GROUP PTY LTD,57127428406,285406754,12992155,3897646,2023-24
AUSTRALIA OCEAN LOGISTICS PTY LTD,54626546807,354575298,59171237,17751371,2023-24
AUSTRALIA PACIFIC AIRPORTS CORPORATION LIMITED,89069775266,1354687676,207689964,62306989,2023-24
AUSTRALIA PACIFIC LNG PTY LTD,68001646331,10129628977,1875367925,551569080,2023-24
AUSTRALIA ZHIRAN CO. PTY LTD,87619268727,245678468,6421533,1926460,2023-24
AUSTRALIAN AGRICULTURAL COMPANY LIMITED,15010892270,446223637,,,2023-24
AUSTRALIAN AIRCONDITIONING DISTRIBUTORS PTY LTD,43139947363,133879327,14427633,4328290,2023-24
AUSTRALIAN BAKELS PTY LIMITED,35000112836,186812759,20252054,6075616,2023-24
AUSTRALIAN BULLION COMPANY (N S W) PTY LTD,82002858602,1128824396,1260557,378167,2023-24
AUSTRALIAN CAPITAL EQUITY PTY LTD,88009412328,128254392,3229457,,2023-24
AUSTRALIAN CARAVAN CENTRE PTY LTD,86615916937,119203331,1920852,576256,2023-24
AUSTRALIAN CLINICAL LABS LIMITED,94645711128,697073399,47626422,14166720,2023-24
AUSTRALIAN COMFORT GROUP HOLDINGS PTY LTD,48143785522,172884103,,,2023-24
AUSTRALIAN COUNTRY CHOICE HOLDINGS PTY LTD,87009729999,685626838,,,2023-24
AUSTRALIAN DAIRY FARMERS CORPORATION LTD,80456117281,217981060,,,2023-24
AUSTRALIAN ENERGY HOLDINGS NO.1 PTY LTD,18654672670,2233480519,,,2023-24
AUSTRALIAN ETHICAL INVESTMENT LIMITED,47003188930,100457014,23004195,6901258,2023-24
AUSTRALIAN FINANCE GROUP LIMITED,11066385822,1060872714,42944722,9733426,2023-24
AUSTRALIAN FOOD & AGRICULTURE COMPANY LIMITED,38005858293,145338598,,,2023-24
AUSTRALIAN FOOTWEAR PTY LTD,40168259210,328716224,,,2023-24
AUSTRALIAN FOUNDATION INVESTMENT COMPANY LIMITED,56004147120,344349902,513888207,50948278,2023-24
AUSTRALIAN FRESH MILK HOLDINGS PTY LTD,89606506290,196867684,,,2023-24
AUSTRALIAN GAS NETWORKS HOLDINGS PTY LIMITED,24169818026,648801781,27852898,8355869,2023-24
AUSTRALIAN GOLD REAGENTS PTY LTD,93009140121,302147360,26071,7821,2023-24
AUSTRALIAN GRAIN EXPORT PTY LTD,92073563185,1809692327,72539941,21307887,2023-24
AUSTRALIAN LEISURE AND HOSPITALITY GROUP PTY LIMITED,37067391511,7008093216,644315538,193294661,2023-24
AUSTRALIAN LOGISTICS ACQUISITION HOLDINGS PTY LTD,28611628909,2440099263,,,2023-24
AUSTRALIAN MEAT GROUP PTY LTD,75168396316,731685834,41509396,11429416,2023-24
AUSTRALIAN MERINO EXPORTS PTY LTD,57151148435,189766027,82115,24634,2023-24
AUSTRALIAN MILITARY BANK LIMITED,48087649741,104608148,7093931,1655792,2023-24
AUSTRALIAN MOTOR GROUP PTY LTD,67095047902,438835616,31790668,9537200,2023-24
AUSTRALIAN MOTORS S.A. PTY. LIMITED,60007635958,218863990,7891765,2367530,2023-24
AUSTRALIAN NATIVE LANDSCAPES PTY LTD (AUDIT),42001749980,100309934,21994488,6598346,2023-24
AUSTRALIAN NATURE INVESTMENT PTY LTD,16611339621,342598577,,,2023-24
AUSTRALIAN PANELS PTY LIMITED,31003246357,978280843,166972087,50091626,2023-24
AUSTRALIAN PAYMENTS PLUS LTD,19649744203,262411103,37773536,5020760,2023-24
AUSTRALIAN PLASTIC PROFILES PTY LIMITED,77001414759,191427733,73872692,22161808,2023-24
AUSTRALIAN POSTAL CORPORATION,28864970579,9294650631,154003,,2023-24
AUSTRALIAN PRODUCE PARTNERS PTY LTD,97656102626,165871195,3768876,1130663,2023-24
AUSTRALIAN RAIL TRACK CORPORATION LIMITED,75081455754,1030368555,,,2023-24
AUSTRALIAN STEEL TRADERS PTY LTD,93644181028,168067980,7888041,2366412,2023-24
AUSTRALIAN TERMINAL OPERATIONS MANAGEMENT PTY LTD,70606006866,168019592,3532315,1059694,2023-24
AUSTRALIAN TIMKEN PTY LTD,91004379444,102579248,10088441,3026532,2023-24
AUSTRALIAN TOOL CORP PTY LTD,31094699537,137948210,10221630,2970060,2023-24
AUSTRALIAN TRUCK & 4WD RENTALS PTY LTD,88056422309,100699237,18202590,5460777,2023-24
AUSTRALIAN TYRE TRADERS PTY LTD,54097694141,119372702,14314003,4294201,2023-24
AUSTRALIAN UNITED RETAILERS LTD AND CONTROLLED ENTITIES,93077879782,158498154,6937874,2081362,2023-24
AUSTRALIAN UNITY LIMITED,23087648888,2191128897,23884518,,2023-24
AUSTRALIAN VENUE CO. HOLDINGS LIMITED,90619977070,499368061,67269829,13639624,2023-24
AUSTRALIAN VINTAGE LIMITED,78052179932,262827000,,,2023-24
AUSTRALIAN WHOLESALE MEATS (SYDNEY) PTY LTD,12132145638,158528808,7215886,2057623,2023-24
AUSTREO COMMERCIAL VENTURES PTY LTD,19618406901,148357411,62728291,18818487,2023-24
AUSWASTE RECYCLING PTY LTD,18102521460,132091698,1765417,529625,2023-24
AUSWIDE BANK LTD,40087652060,261736984,15869924,4724432,2023-24
AUTO & GENERAL HOLDINGS PTY LTD,84086321459,720025899,33790061,10135361,2023-24
AUTO & GENERAL INSURANCE COMPANY LIMITED,42111586353,2719903642,174718613,52415584,2023-24
AUTO CLASSIC (W.A.) PTY LTD,66009124690,297772107,17791993,5337598,2023-24
AUTO CORNER PTY LTD,45009905079,293129324,18182081,5454624,2023-24
AUTO PARTS GROUP PTY LTD,32065899176,168503189,26640878,7992263,2023-24
AUTODESK AUSTRALIA PTY LTD,91006741340,262601030,19786237,5027956,2023-24
AUTOMATIC DATA PROCESSING LIMITED,70003924945,234805279,61381753,11893619,2023-24
AUTOMOTIVE IMPORTS PTY LTD,29005378727,314785494,3453209,991727,2023-24
AUTOPACT PTY LTD,44608040606,1389522151,43445039,13033512,2023-24
AUTOSPORTS CASTLE HILL PTY LIMITED,65163974481,383568279,12517161,3755148,2023-24
AUTOSPORTS FIVE DOCK PTY LTD,95118786762,111928193,,,2023-24
AUTOSPORTS LEICHHARDT PTY LTD,38161160765,170741398,2473602,742081,2023-24
AVADA GROUP LIMITED,57648988783,192534535,6310959,1893288,2023-24
AVANADE AUSTRALIA PTY LIMITED,58093925207,309536505,21659975,6485308,2023-24
AVANT MUTUAL GROUP LIMITED,58123154898,832334804,96355484,28906645,2023-24
AVENG AUSTRALIA HOLDINGS PTY LTD,33108058331,2246011327,64280,,2023-24
AVEO HEALTHCARE LIMITED,75061421565,217078532,,,2023-24
AVERY PROPERTIES PTY LTD,40007713564,153181469,20719653,6215896,2023-24
AVID PROPERTY GROUP HOLDINGS PTY LTD,46608054833,320923307,87806733,26342020,2023-24
AVIS MANAGEMENT PTY LTD,50001889336,1263779317,,,2023-24
AVJENNINGS LIMITED,44004327771,320795019,12313898,3694169,2023-24
AW HOLDING GROUP PTY LTD,98622978134,348059426,,,2023-24
AW NICHOLSON PTY LTD,14118404381,153244562,8865766,2656079,2023-24
AWARE SUPER ELG FINCO PTY LTD,76649973311,277436784,,,2023-24
AWARE SUPER SERVICES PTY LTD,67633384059,275646238,497799,149340,2023-24
AWH PTY LTD,81069066842,136143340,10408405,2413816,2023-24
AWLENCAN INNOVATIONS AUSTRALIA PTY LTD,45629939948,137879259,3886932,1166080,2023-24
AWP AUSTRALIA HOLDINGS PTY LTD,75097227211,223970852,,,2023-24
AXICORP FINANCIAL SERVICES PTY LTD,85127606348,133316048,31674293,8320249,2023-24
AYONZ PTY LIMITED,29602266928,102250428,3635620,1090686,2023-24
AZ NEXT GENERATION ADVISORY LIMITED,57167960018,197863757,38144030,11359574,2023-24
AZURE DEVELOPMENT GROUP PTY LTD,67600740163,107812471,,,2023-24
AZZ PTY LTD,38107919988,118754452,10836420,3250926,2023-24
B & E FOODS PTY LTD,69629618837,363001196,7486736,2246021,2023-24
B & E POULTRY (QUEENSLAND) PTY LTD,62154695539,147166057,11898858,3569657,2023-24
B & J CATALANO PTY LTD,68008961975,130203072,31030826,9309248,2023-24
B & J CITY KITCHEN PTY LTD,82619485353,194647115,,,2023-24
B K LABOUR HIRE PTY LTD,55617618112,155532537,14642810,4392843,2023-24
B&W RURAL PTY LTD,33068943528,240968750,15163887,4549166,2023-24
B. BRAUN AUSTRALIA PTY LTD,56002945155,142364584,7008050,2102415,2023-24
B.M.D. HOLDINGS PTY. LIMITED,47010093348,1492319725,114846731,34179657,2023-24
BABCOCK & BROWN INTERNATIONAL PTY LTD,76108617483,788077038,,,2023-24
BABCOCK AUSTRALIA HOLDINGS PTY LTD,99602953739,579736796,5745808,1723742,2023-24
BABY BUNTING GROUP LIMITED,58128533693,491391780,10548548,3164564,2023-24
BAC HOLDINGS LIMITED,67108568038,1056684033,281783212,84534964,2023-24
BADGE GROUP HOLDINGS PTY LTD,18606660271,408765690,341496,,2023-24
BADGER HOLDINGS AUSTRALIA PTY LIMITED,43627251889,468700177,14031341,4071733,2023-24
BAE SYSTEMS AUSTRALIA HOLDINGS LIMITED,44008648333,1300272783,180479735,26867507,2023-24
BAIADA HOLDINGS PTY LIMITED,19003013321,119870642,171149619,93006,2023-24
BAIADA POULTRY PTY LIMITED,96002925948,3030620256,191244585,57373376,2023-24
BAIADA PTY LIMITED,47000426808,252565492,271170882,14271265,2023-24
BAIN INTERNATIONAL INC,29003850619,194519791,5333797,,2023-24
BAKER HUGHES GROUP AUSTRALIA PTY LTD,77618893226,1374172778,114917588,34475276,2023-24
BALCO LIMITED,50094493866,105316853,,,2023-24
BALL & DOGGETT GROUP PTY LTD,59146091625,354130719,13970465,4191140,2023-24
BALLANTYNE PTY LTD,89006036684,149849409,10185760,2101371,2023-24
BALLARAT MOTORS PTY LTD,57005065798,127958197,5663486,1699046,2023-24
BALMAIN & CO PTY LTD,71613663817,157668509,6263285,1878986,2023-24
BALVERONA PTY LTD,78002826173,1947602518,10872944,3136632,2023-24
BANK AUSTRALIA LIMITED,21087651607,623393783,40358111,11511557,2023-24
BANK OF AMERICA NATIONAL ASSOCIATION,51064874531,2256816898,322832644,96849793,2023-24
BANK OF CHINA (AUSTRALIA) LIMITED,28110077622,296878468,65217429,19565189,2023-24
BANK OF CHINA LIMITED,29002979955,2426149871,505925016,147690423,2023-24
BANK OF COMMUNICATIONS CO LTD,74137909963,1017255922,95902219,28770666,2023-24
BANK OF QUEENSLAND LIMITED,32009656740,5730775972,649890046,194504354,2023-24
BANK OF SYDNEY LTD,44093488629,133866959,14568720,4370616,2023-24
BANKTECH AUSTRALIA PTY LTD,53057976655,147330089,8212801,2463840,2023-24
BANPU AUSTRALIA CO. PTY LTD,56136468007,1236448003,,,2023-24
BAO AUSTRALIA PTY LTD,54063463945,116949622,5683777,1691273,2023-24
BAOSTEEL AUSTRALIA MINING COMPANY PTY LTD,93100513844,257646971,128888066,38663043,2023-24
BAPCOR LIMITED,80153199912,1896001331,84456294,25336888,2023-24
BAPSH PTY LTD,54605702618,721894645,,,2023-24
BARALABA COAL COMPANY PTY LTD,42096909634,494434083,,,2023-24
BARBEQUES GALORE PTY LIMITED,92008577759,175472724,,,2023-24
BARNWELL CAMBRIDGE PTY LTD,98002682957,153287053,35617923,10585085,2023-24
BAROB PTY LTD,38001024915,320474682,121990241,35220700,2023-24
BARON RUBBER PTY LTD,94005178549,134748343,30394094,9063760,2023-24
BARPA PTY LTD,63600276015,215089928,7303402,2191021,2023-24
BARRENJOEY CAPITAL PARTNERS GROUP HOLDINGS PTY LIMITED,44644241510,552740686,,,2023-24
BARRICK (AUSTRALIA PACIFIC HOLDINGS) PTY LTD,68085702558,267222791,,,2023-24
BARRY BOURKE MOTORS PTY. LTD.,48006760667,116467209,566458,169937,2023-24
BARTO INDUSTRY CO PTY LTD,84616407777,196707583,,,2023-24
BARTTER HOLDINGS PTY LIMITED,84104671561,3045892616,100655007,30196502,2023-24
BASF AUSTRALIA LTD,62008437867,644681058,14971660,1913029,2023-24
BASW PTY LTD,63601452199,210349936,10900641,3270192,2023-24
BAT SOUTH PTY LIMITED,23095066345,1050927469,438141993,128199446,2023-24
BATCHFIRE CALLIDE NO. 2 PTY LTD,92004784454,223853575,,,2023-24
BATCHFIRE CALLIDE PTY LTD,55081022228,447707148,,,2023-24
BAXTER HEALTHCARE PTY LTD,43000392781,1088842793,42793675,12838103,2023-24
BAY BUILDING SERVICES PTY. LTD.,34101675530,109084095,,,2023-24
BAYER AUSTRALIA LIMITED,22000138714,1531675936,70257193,14191280,2023-24
BBC STUDIOS AUSTRALIA HOLDINGS PTY LTD,85127624104,190642255,6006910,1149637,2023-24
BBMG INVESTMENTS PTY LTD,98624128749,384177249,6105673,1652133,2023-24
BBPHA 1 PTY LTD,15144078151,3070095031,,,2023-24
BBQSAM HOLDINGS PTY LTD,41159613706,585378206,45792921,13737876,2023-24
BC INVESTMENT GROUP AUSTRALIA PTY LTD,13613691928,311580651,,,2023-24
BCM TOY HOLDING CO PTY LTD,59638350080,119821113,8814262,2644279,2023-24
BDO AUDIT PTY LTD,33134022870,119268969,,,2023-24
BDO AUSTRALIA LIMITED,77133657833,542600825,103790500,31115899,2023-24
BEACH ENERGY LIMITED,20007617969,1725034366,305407132,91622140,2023-24
BEAK & JOHNSTON HOLDINGS PTY LTD,49108790718,180036969,8453159,304344,2023-24
BEAUTY BAY PRODUCE PTY LIMITED,93051941854,221050268,,,2023-24
BEC FEED SOLUTIONS PTY LTD,36010345150,224451650,2395486,706870,2023-24
BECA PTY LTD,85004974341,205151222,13435163,3331684,2023-24
BECHTEL AUSTRALIA PTY LTD,42006334505,959467095,74974921,22372779,2023-24
BECON CONSTRUCTIONS (AUSTRALIA) PTY LTD,78092361165,123110439,1294015,388204,2023-24
BECOOL REFRIGERATED COURIERS GROUP PTY LTD,83629023016,117624209,,,2023-24
BECTON DICKINSON PTY LIMITED,82005914796,346895045,17144998,5143499,2023-24
BEER AND DRINKS MANAGEMENT PTY LTD,14121066019,103970114,,,2023-24
BEGA CHEESE LIMITED,81008358503,4579135750,50443661,11369382,2023-24
BEIERSDORF AUSTRALIA LIMITED,98000025623,260820452,16656849,4997055,2023-24
BEIJER REF HOLDINGS AUSTRALIA PTY LTD,28607082379,421423337,22127097,6638129,2023-24
BEIJING JINGNENG CLEAN ENERGY (AUSTRALIA) HOLDING PTY LTD,94620007365,112217094,28304111,8491233,2023-24
BELGRAVIA GROUP PTY LTD,72050138246,361406209,10051454,2938397,2023-24
BELL FINANCIAL GROUP LIMITED,59083194763,239018320,35926475,10713165,2023-24
BELLEVUE GOLD LIMITED,99110439686,300080119,,,2023-24
BELLROY PTY LTD,90137011637,125360246,11837741,3551322,2023-24
BELRON AUSTRALIA PTY LIMITED,97001052704,393878451,42611984,12783595,2023-24
BEMBE PTY LTD,16605856817,112179258,4423369,1327011,2023-24
BEMCOVE PTY. LTD.,91010843606,128793303,27620259,8171015,2023-24
BENDIGO AND ADELAIDE BANK LIMITED,11068049178,5160769087,673412904,191661906,2023-24
BENDIX PTY LTD,13606219667,155594041,3013840,904152,2023-24
BENGERANG NO. 1 PTY LTD,53629739402,771826673,,,2023-24
BENNETT'S PETROLEUM SUPPLIES PTY. LTD.,71009508285,265929541,1267535,379672,2023-24
BERKLEY INSURANCE COMPANY- AUSTRALIAN BRANCH,53126559706,522490494,150906947,45044568,2023-24
BERKSHIRE HATHAWAY SPECIALTY INSURANCE COMPANY AUSTRALIAN BRANCH,84600643034,914483382,96814916,29044475,2023-24
BERNARDI GROUP PTY LTD,84093421919,108059413,3564532,1069360,2023-24
BERRICK INVESTMENTS PTY LTD,77001212120,208444376,1594094,478228,2023-24
BERTOCCHI SMALLGOODS PTY LTD,58163884982,200548372,,,2023-24
BESIX AUSTRALIA HOLDINGS PTY LTD,48629502843,1078634457,,,2023-24
BEST & LESS PTY LIMITED,29003724696,513276606,17027745,5108324,2023-24
BEST FAB PTY LTD,83105906876,142944853,417341,125202,2023-24
BEST SHEDS PTY LTD,78103586198,128130885,24325900,7297770,2023-24
BESTBAR PTY LTD,48068713539,438282955,35700690,10710207,2023-24
BETAR PRESTIGE CARS PTY LTD,60118667913,109379679,3124676,937403,2023-24
BETASHARES FINANCIAL GROUP PTY LTD,58646305517,124037183,39346847,11799841,2023-24
BEYOND BANK AUSTRALIA LIMITED,15087651143,513077382,40227429,11674387,2023-24
BFX FURNITURE PTY LTD,13130145747,100210467,3897195,1169158,2023-24
BG INTERNATIONAL LIMITED,72114818825,183450409,,,2023-24
BG&E GROUP LIMITED,57650895426,136346020,25088513,7299868,2023-24
BGC (AUSTRALIA) PTY LTD,62005736005,1143502723,46297,,2023-24
BGH CAPITAL HOLDINGS PTY LTD,11617386713,114764765,104441,31332,2023-24
BHAGWAN MARINE PTY LTD,81009154349,304694133,,,2023-24
BHP GROUP LIMITED,49004028077,62528557496,25591447528,6007654291,2023-24
BHP IRON ORE (JIMBLEBAR) PTY LTD,95009114210,10259384389,7035778515,2110733555,2023-24
BIANCO REINFORCING PTY LTD,88087147251,133927899,15797013,4739104,2023-24
BIDFOOD AUSTRALIA LIMITED,33000228231,2612243143,207695584,62308675,2023-24
BIELBY GROUP PTY LTD,30647283083,270842497,15436898,4631069,2023-24
BIFM AUS HOLDINGS PTY LTD,16632468109,954083078,59918928,17965393,2023-24
BIG BEN HOLDINGS PTY LIMITED,63008434562,1066078804,374592375,106641719,2023-24
BIG RIVER INDUSTRIES LTD,72609901377,415929623,10877668,3191069,2023-24
BILD GROUP PTY LTD,48645883996,271177962,8997136,2699141,2023-24
BILLBERGIA GROUP HOLDING PTY LTD,32633155423,538193167,54957208,16482811,2023-24
BING LEE ELECTRICS PTY LTD,61000733488,444664320,1457531,437259,2023-24
BINTAN PTY LIMITED,18095076421,1037747219,,,2023-24
BIOGEN AUSTRALIA PTY LIMITED,30095760115,143980951,4526144,1357843,2023-24
BIOMAR PTY LTD,52619617248,257369348,15569384,3892425,2023-24
BIOMERIEUX AUSTRALIA PTY LTD,18007122527,110227195,40268784,11758972,2023-24
BIOPAK PTY LTD,48119998711,222344623,29527850,8858355,2023-24
BIOSTIME HEALTHY AUSTRALIA PTY LTD,17608153528,459629608,35689030,10706709,2023-24
BIRADEL PTY LIMITED,86001578436,156454775,214262680,6421661,2023-24
BIRCH & WAITE HOLDINGS,67624063314,122370369,23038214,6911464,2023-24
BIS INDUSTRIES HOLDINGS LIMITED,48622481752,395793320,,,2023-24
BISALLOY STEEL GROUP LIMITED,22098674545,137035176,21645786,6437321,2023-24
BIT TRADE PTY LIMITED,42163237634,136283112,,,2023-24
BIZCAP AU PTY LTD,54633927090,182746272,27554326,8266298,2023-24
BLACK RHINO GROUP PTY LTD,70609276048,260913787,29995481,8998644,2023-24
BLACK STUMP VENTURES PTY LTD,41643120067,141081875,2511844,753553,2023-24
BLACKHAWK NETWORK (AUSTRALIA) PTY LTD,84123251703,232306975,,,2023-24
BLACKMAGIC DESIGN PTY LTD,30098098287,474319103,,,2023-24
BLACKROCK AUSTRALIA HOLDCO PTY LTD,22139463693,230734049,60210481,18063144,2023-24
BLACQUA PTE LTD,62169810011,2008855364,1101151580,,2023-24
BLENNER'S TRANSPORT QLD PTY LTD,36169008495,195904997,2510398,753119,2023-24
BLOC HOLDINGS (ACT) PTY LTD,74149091565,226692304,5170410,1551123,2023-24
BLOOMBERG AUSTRALIA PTY LTD,47622777851,406594385,40221307,12066392,2023-24
BLUE COLLAR RECRUITMENT PTY LIMITED,67105263152,126110763,4705127,1411538,2023-24
BLUE CONNECTIONS PTY LTD,66630573349,111409067,1075076,322523,2023-24
BLUE NRG PTY LTD,30151014658,150188849,7562141,2268642,2023-24
BLUE SUN GROUP PTY LTD,47149641887,145919464,937640,281292,2023-24
BLUE WATER SHIPPING PTY LTD,46159947092,211657992,,,2023-24
BLUECHIP INFOTECH PTY LTD,32076483808,201496584,1968959,590688,2023-24
BLUEPRINT HOMES (WA) PTY LTD,29111763690,158587342,21239592,6371878,2023-24
BLUESCOPE STEEL LIMITED,16000011058,7436340987,232458490,53601850,2023-24
BLUESTAR GLOBAL INVESTMENTS PTY LTD,66662104592,102609374,,,2023-24
BLUETANG HOLDINGS PTY LTD,62659125416,234284706,,,2023-24
BLUEWATERS POWER 1 PTY LTD,93106034879,139598702,,,2023-24
BLUEWATERS POWER 2 PTY LTD,57122896968,186092627,9242071,2772621,2023-24
BLUM AUSTRALIA PTY LTD,80076459713,149859350,8222804,2466841,2023-24
BLUNDSTONE AUSTRALIA PTY LTD,60009475852,301081692,61519319,18245143,2023-24
BM ALLIANCE COAL OPERATIONS PTY LTD,67096412752,871082278,,,2023-24
BMS HEAVY CRANES AUSTRALIA PTY LTD,13623691378,122584771,26966417,8089925,2023-24
BMS RETAIL GROUP HOLDINGS PTY LTD,93090448007,243790003,6095113,1828534,2023-24
BMW AUSTRALIA LIMITED,11004675129,2782385543,224965384,66651684,2023-24
BN LAW LIMITED,22621026864,106114001,32217105,9665132,2023-24
BNC GLOBAL INVESTMENTS PTY LTD,39618091517,113143861,,,2023-24
BNP PARIBAS ARBITRAGE,51150201880,2572450077,1237747,290721,2023-24
BNP PARIBAS S.A.,23000000117,2269575408,134827006,40432914,2023-24
BOARD PRO PTY. LTD.,51114730808,135342778,12638383,3645712,2023-24
BOART LONGYEAR PTY LIMITED,49123052728,253087990,,,2023-24
BOC AIP LIMITED PARTNERSHIP,19883689849,321546321,459304540,,2023-24
BOC LIMITED,95000029729,2271772818,421040944,126145748,2023-24
BOEHRINGER INGELHEIM PTY LIMITED,52000452308,611782383,33238425,6465760,2023-24
BOEING AUSTRALIA HOLDINGS PTY LTD,42101168932,1741714588,245406079,53040237,2023-24
BOLD PROPERTIES (QLD) PTY LTD,43127545804,111041168,310774,93232,2023-24
BONDSTOCK RURAL EXPORTS PTY LTD,19164225736,104913682,,,2023-24
BONNEY ENERGY GROUP PTY LTD,24053113992,482198013,2876570,862971,2023-24
BOOM LOGISTICS LIMITED,28095466961,260436708,4268597,,2023-24
BOORAN MOTORS SALES PTY LTD,89005447825,183014098,5353904,1606171,2023-24
BOORTMALT AUSTRALIA PTY LTD,70634393338,734851391,20498623,6149587,2023-24
BOOTH TRANSPORT PTY LTD,98007678622,228021149,1933285,579986,2023-24
BORAL LIMITED,13008421761,4637723950,195656994,51164078,2023-24
BORG FLEET MANAGEMENT PTY LIMITED,11070099213,108302665,,,2023-24
BORGER CRANE HIRE & RIGGING SERVICES PTY LTD,98001947413,254133450,4596948,1379084,2023-24
BOSE PTY LTD,41078010607,129988346,7659415,2297824,2023-24
BOSFA PTY LTD,73006538898,106317275,8189130,2456739,2023-24
BOSKALIS AUSTRALIA PTY LTD,83099738333,279761420,6406893,1922068,2023-24
BOSTON SCIENTIFIC PTY LIMITED,45071676063,361754212,34367525,10310258,2023-24
BOTANY INTERNATIONAL FOODS PTY LIMITED,92083262935,135777080,1902198,570659,2023-24
BOUYGUES CONSTRUCTION AUSTRALIA PTY LTD,37144013801,827979144,,,2023-24
BOWDEN CORPORATION PTY LTD,55097029993,123436701,1951473,585442,2023-24
BOWEN & POMEROY PTY LTD,78004174887,591058546,45202796,13545723,2023-24
BOWEN BASIN COAL PTY LTD,22065321440,516929461,11482348,3444704,2023-24
BOWEN COKING COAL LIMITED,72064874620,467647404,,,2023-24
BOWEN INVESTMENT (AUSTRALIA) PTY LTD,12002806831,125081029,34034381,10210314,2023-24
BOWEN RAIL COMPANY PTY LTD,77638074889,104132863,,,2023-24
BOYNE SMELTERS LIMITED,90010061935,1433590795,65785145,,2023-24
BP REGIONAL AUSTRALASIA HOLDINGS PTY LTD,91092495700,28638152594,932155822,275563222,2023-24
BPIH PTY LIMITED,61100364234,1184869748,,,2023-24
BPL ADELAIDE PTY LIMITED,40108037798,553126843,27110943,8133283,2023-24
BPL FOODS PTY LIMITED,38002957299,102830138,15444066,4633220,2023-24
BPS INTERNATIONAL HOLDINGS PTY LTD,14643209947,102614333,5345595,1320507,2023-24
BPW TRANSPEC PTY LTD,63006645272,154415862,16707147,5012144,2023-24
BRADKEN PTY LIMITED,33108693009,564756003,39798692,,2023-24
BRADNAMS WINDOWS AND DOORS PTY LTD,78010409819,459374805,47166117,14042692,2023-24
BRAEMAC GROUP PTY LIMITED,21664632811,170336588,11885788,3565736,2023-24
BRAHMAN COMMODITIES PTY LTD,70653879157,356845667,,,2023-24
BRAMBLES LIMITED,89118896021,1120177145,314577548,75096181,2023-24
BRAND COLLECTIVE PTY LTD,34098742628,197452612,,,2023-24
BRANDO AUS HOLDCO PTY LTD,31632004392,234280092,10025416,3007625,2023-24
BRANDT TRACTOR PTY LTD,73157830656,260997756,,,2023-24
BRAVE LOGISTICS PTY LTD,73627919411,530903667,15314507,4594352,2023-24
BRAVO HOLDCO PTY LTD,22628069474,134869663,8087826,2426348,2023-24
BRAVURA SOLUTIONS LIMITED,54164391128,141717747,,,2023-24
BREDE MANAGEMENT CONSULTANTS PTY LTD,78008551264,176774857,7378561,2213568,2023-24
BRENNAN VDI PTY LIMITED,38125976007,259508710,18106544,5311631,2023-24
BRENNTAG AUSTRALIA PTY LTD,84117996595,188006026,7418106,2225432,2023-24
BREVILLE GROUP LIMITED,90086933431,525706881,156151905,27657649,2023-24
BRICE SHEET & COIL PTY LIMITED,70659504159,134378079,5550103,1665031,2023-24
BRICKWORKS LIMITED,17000028526,799682721,60156814,,2023-24
BRIDGESTONE AUSTRALIA LTD,65007516841,740655739,37316235,11194870,2023-24
BRIDGESTONE MINING SOLUTIONS AUSTRALIA PTY LTD,74000069714,1103682657,65948141,19784442,2023-24
BRIDGEWEST PERTH PHARMA PTY LTD,21663385411,109961426,11324155,3397246,2023-24
BRIGHANN COTTON MARKETING PTY LTD,57143025307,286098697,,,2023-24
BRIGHT FOOD GROUP HOLDINGS PTY LTD,95152610645,619348986,6760068,2028020,2023-24
BRISTOL-MYERS SQUIBB AUSTRALIA PTY LTD,33004333322,536077685,169528142,37869861,2023-24
BRISTOW HELICOPTERS AUSTRALIA PTY LTD,92000565579,142848199,,,2023-24
BRL HOLDINGS PTY LTD,79067554563,124173613,6838653,2051596,2023-24
BROADBENT CHS PTY LTD,38604191086,1175713782,19699869,5909961,2023-24
BROMLEY INVESTMENTS PTY LTD,46001109628,119623050,21346458,6403937,2023-24
BRONTE CAPITAL MANAGEMENT PTY LTD,13133876203,102787684,72099905,21629972,2023-24
BROOKFIELD AUSTRALIA MANAGER HOLDINGS PTY LTD,79662132185,100340938,12544679,3763404,2023-24
BROOKFIELD INVESTMENT MANAGEMENT AUSTRALIA PTY LTD,80662118489,100275042,129537,38861,2023-24
BROOKS HIRE SERVICE PTY LTD,20008975988,165078306,,,2023-24
BROTHER INTERNATIONAL (AUST) PTY LTD,17001393835,173164837,11546147,3463844,2023-24
BROWN BROS. HOLDINGS PTY. LTD.,58005349244,114003317,5455162,1636549,2023-24
BROWN-FORMAN AUSTRALIA PTY LIMITED,87000064086,313518090,14287280,4286184,2023-24
BRP AUSTRALIA PTY LTD,64097370100,375710965,5085938,1525781,2023-24
BRUNEL AUSTRALIA HOLDINGS PTY LTD,60078544126,246192034,3376758,802966,2023-24
BRYANT BUILDING CONTRACTORS PTY LTD,25076958453,179402067,9786757,2936027,2023-24
BSA LIMITED,50088412748,267362096,,,2023-24
BSN MEDICAL AUSTRALIA FINANCE HOLDING PTY LTD,83159120135,605557668,1540823,217265,2023-24
BSR AUSTRALIA LIMITED,84122529695,212413989,11184361,3355308,2023-24
BT AUSTRALASIA PTY LIMITED,93003050146,197957426,16404508,4921352,2023-24
BTC CORPORATION HOLDINGS PTY LTD,14168792596,136750084,,,2023-24
BUCHER MUNICIPAL PTY LTD,68004992090,169800213,,,2023-24
BUILDCORP GROUP PTY LTD,85091336168,672090390,7577954,2273386,2023-24
BUILDING ENGINEERING PTY LTD,41103839514,188800112,3594609,1078383,2023-24
BUILDING PRODUCTS SUPPLIES PTY LTD,95006150036,101507358,15091207,4527362,2023-24
BUILT GROUP HOLDINGS PTY LIMITED,88163462637,1952994577,56229024,16851336,2023-24
BULK FROZEN FOODS PTY LTD,17009520512,123072164,,,2023-24
BULK FUEL AUSTRALIA PTY LTD,15122432062,157573174,4959654,1487896,2023-24
BUMA AUSTRALIA PTY LTD,28649634579,776003942,,,2023-24
BUNDABERG BREWED DRINKS PTY LTD,40009781953,274508691,3407464,958823,2023-24
BUNDABERG MOTORS PTY LTD,46098931849,112335140,4497570,1349271,2023-24
BUNGE AGRIBUSINESS AUSTRALIA PTY LTD,46097843582,1149357343,64446001,19333800,2023-24
BUNZL AUSTRALASIA LIMITED,18004611090,742384372,45212252,13220819,2023-24
BUPA ANZ GROUP PTY LTD,95608490455,9564413468,261557106,76520701,2023-24
BURBANK AUSTRALASIA PTY LTD,11605846259,182132780,,,2023-24
BURBANK AUSTRALIA PTY LTD,91007099872,145070658,,,2023-24
BURBANK TRADING PTY LTD,37011066934,325467230,21655828,6496748,2023-24
BUREAU VERITAS AUSTRALIA PTY LTD,15090874570,379104392,33727199,9478552,2023-24
BURRUP FACILITIES COMPANY PTY LTD,28122234539,1529504757,1114957099,334487130,2023-24
BURRUP TRAIN 1 PTY LTD,77122234306,2222139326,665769721,199730916,2023-24
BUSWAYS NORTH WEST PTY LTD,50643586770,144350071,,,2023-24
BUSY BEES AUSTRALIA HOLDING PTY LTD,82625449809,340550226,,,2023-24
BX BUNKA AUSTRALIA PTY LTD,74124163793,221973341,11362607,2958966,2023-24
BYD AUSTRALIA PTY LTD,82166009687,663303940,17640617,5292185,2023-24
BYERWEN COAL PTY LTD,64133357632,1284855534,279559875,83788328,2023-24
BYRNECUT AUSTRALIA PTY LTD,94129142516,1936019127,156879721,46602725,2023-24
C & M COMMERCIAL HOLDINGS PTY LTD,23146564525,102627086,16323582,4897075,2023-24
C J D EQUIPMENT PTY LTD,63008754523,914446161,68492945,20547884,2023-24
C.A.L. MARKETING PTY. LIMITED,98091287259,246067878,46080557,13782402,2023-24
C.R. KENNEDY & COMPANY PROPRIETARY LIMITED,50008458884,252592268,23129597,6681202,2023-24
CA GROUP HOLDCO PTY LTD,95663533195,161395736,,,2023-24
CADENCE CAPITAL LIMITED,17112870096,597150286,38809348,8319977,2023-24
CAESARSTONE AUSTRALIA PTY LTD,45121819976,161606367,12973463,3892039,2023-24
CAF RAIL AUSTRALIA PTY LTD,15146694537,140850533,3025906,907772,2023-24
CAHILL TRANSPORT AUSTRALIA PTY LTD,46151192504,125612238,,,2023-24
CAIRNTON HOLDINGS PTY LIMITED,79008394134,845313687,21246902,6046995,2023-24
CALDIC PTY LTD,,105361359,4219221,1265766,2023-24
CALLIDUS PROCESS SOLUTIONS PTY LTD,99077149529,120826834,2875950,862785,2023-24
CAMBRIDGE GULF LIMITED,16026785781,175828363,2619537,528719,2023-24
CAMCARSTRUCKS PTY LTD,90169620213,935120086,48425806,14527742,2023-24
CAMILLA AUSTRALIA PTY LTD,67135300382,130119706,2866457,859937,2023-24
CAML RESOURCES PTY LTD,84080649029,598328537,184944073,55483222,2023-24
CAMPAIGN MONITOR AUSTRALIA 1 PTY LTD,45604705473,113730559,6288436,1886531,2023-24
CAMPARI AUSTRALIA PTY LIMITED,72137554726,210209742,14807193,4442158,2023-24
CAMPBELL PROPERTY GROUP PTY LTD.,64126219912,605792204,253529,76059,2023-24
CAMPION EDUCATION (AUST) PTY LTD,33074318602,157015670,13779038,4133437,2023-24
CANACCORD FINANCIAL GROUP (AUSTRALIA) PTY LTD,53128279336,182803509,25172296,7544975,2023-24
CANADIAN IMPERIAL BANK OF COMMERCE,33608235847,498015656,40469149,12140745,2023-24
CANADIAN SOLAR MSS (AUSTRALIA) PTY LTD,44607434300,158730346,4617237,1385171,2023-24
CANBERRA AIRPORT HOLDINGS PTY LTD,98008608928,446355000,182168416,54634043,2023-24
CANON AUSTRALIA PTY LTD,66005002951,608528039,9396949,2819085,2023-24
CANON MEDICAL SYSTEMS ANZ PTY LIMITED,73612054707,143571777,9083607,2725082,2023-24
CANTARELLA BROS PTY LTD,68000095607,270727754,19178019,5753406,2023-24
CANTERBURY LEAGUE CLUB LIMITED,84000191248,101628902,374449,112335,2023-24
CANVA INC.,13640855101,2214830278,224941120,49130535,2023-24
CAPE AUSTRALIA HOLDINGS PTY LIMITED,12126824397,263047979,14360548,3206221,2023-24
CAPE FLATTERY SILICA MINES PTY LTD,66000586096,103480948,18883521,5665056,2023-24
CAPE PRESTON PORT COMPANY PTY LTD,84147842153,175655996,,,2023-24
CAPEM PTY LIMITED,42008000664,223117792,10511216,3153365,2023-24
CAPGEMINI AUSTRALIA PTY LIMITED,11092284314,820914201,,,2023-24
CAPITAL SMART GROUP HOLDINGS PTY LTD,86637044092,477222822,,,2023-24
CAPITOL HEALTH LIMITED,84117391812,212832374,8021429,,2023-24
CAPPELLO PTY LTD,16147979655,132084602,17184138,5155241,2023-24
CAPRAL LIMITED,78004213692,661192466,,,2023-24
CAPRICORN METALS LTD,84121700105,365642305,,,2023-24
CAPRICORN MUTUAL LIMITED,24104601194,143502083,1759801,527430,2023-24
CAPRICORN SOCIETY LIMITED,29008347313,234900660,51018108,13627044,2023-24
CAPS AUSTRALIA PTY LTD,79008877790,103906341,12228963,3668689,2023-24
CAR GROUP LIMITED,91074444018,618686136,178807667,42253384,2023-24
CARDIFF CAR CITY HOLDINGS PTY LTD,15602181751,136608837,3525565,1057670,2023-24
CARDTRONICS AUSTRALIA PTY LTD,46157774224,115506497,,,2023-24
CAREY MINING PTY LTD,75073810910,157354878,,,2023-24
CARGO MATE PTY LTD,54659913596,150988400,228085,68426,2023-24
CARL ZEISS PTY LTD,82008410704,151621527,9158813,1796798,2023-24
CARLISLE HOMES PTY LTD,86106263209,883093424,92475906,27099915,2023-24
CARMAN'S FINE FOODS PTY LTD,37109604202,180126005,8107201,2432160,2023-24
CARNEY TOWNSVILLE PARTNERSHIP,16842172023,195441482,8333634,2500090,2023-24
CARPET COURT AUSTRALIA LIMITED,77001195697,207340099,,,2023-24
CARRIAGE MOTORS PTY LTD,25627949688,103860664,2545346,763604,2023-24
CARRIER INVESTMENTS AUSTRALIA PTY LTD,12117282149,291488282,69276300,18069340,2023-24
CARTER GRANGE PTY LTD,51143423438,164419784,6627417,1988225,2023-24
CASA TECHNOLOGIES PTY LIMITED,11632730020,135776855,,,2023-24
CASELLA WINES PTY LIMITED,96060745315,473735242,17502549,5250765,2023-24
CASEY BLOCK SERVICES PTY LTD,19619574186,274377475,221274623,66382387,2023-24
CASH CONVERTERS INTERNATIONAL LIMITED,39069141546,309410949,33980799,10041061,2023-24
CASTLEGATE JAMES AUSTRALASIA PTY LTD,73098051846,127132286,,,2023-24
CASTLEREAGH AUTOMOTIVE PTY LTD,84136581970,158383348,6608342,1982503,2023-24
CASTLYN PTY LTD,52072572322,269639829,,,2023-24
CATEGORY 5 LABOUR MANAGEMENT (WA) PTY LTD,60625535506,211326330,,,2023-24
CATER CARE HOLDINGS PTY LTD,69603124812,413648787,23844032,7153210,2023-24
CATERING INDUSTRIES PTY LTD,92000491869,158060004,4029396,1206295,2023-24
CATERPILLAR FINANCIAL AUSTRALIA LIMITED,70006714585,376083327,124526294,36800636,2023-24
CATERPILLAR HOLDINGS AUSTRALIA PTY LTD,26003430135,1582701903,418602565,107978264,2023-24
CATHAY PACIFIC AIRWAYS LIMITED,57000479514,772447416,,,2023-24
CBH GRAIN PTY LTD,39089394883,3546583572,52605779,15767962,2023-24
CBH GROUP HOLDINGS PTY LTD,74068223147,304049506,9434721,2830416,2023-24
CBRE AUSTRALIA PTY LIMITED,47664591682,473276570,21262328,6200381,2023-24
CBRE PTY LIMITED,57057373574,571625524,4123246,1086825,2023-24
CCCI AUSTRALIA PTY LTD,95603555988,7008190194,70227831,,2023-24
CCEP HOLDINGS (AUSTRALIA) PTY LTD,80645547968,4319182074,416718760,118752222,2023-24
CCGA HOLDINGS PTY LTD,68662906523,184768176,12911713,3873514,2023-24
CCH HOLDCO PTY LIMITED,50662377139,131779871,2329329,698799,2023-24
CCMSM MANUFACTURING PTY LTD,92611555401,155486626,15234767,4570430,2023-24
CCP VI VG HOLDINGS PTY LTD,41630151530,181778222,,,2023-24
CDB GOLDAIR AUSTRALIA PTY LTD,50162661323,167076335,19714758,5914427,2023-24
CDC GROUP HOLDINGS PTY LTD,67612332073,578970094,,,2023-24
CDC MANAGEMENT PTY LTD,50606815178,688887047,17449602,5234881,2023-24
CDM AUSTRALIA PTY LTD,68009592965,105660363,5992072,1669051,2023-24
CDPT FINANCE PTY LTD,98133772942,114557489,95025,28508,2023-24
CEA TECHNOLOGIES PTY LIMITED,99059951183,242005851,37557663,,2023-24
CEDAR WOODS PROPERTIES LIMITED,47009259081,408698491,61935118,18580535,2023-24
CELANESE PTE LTD,59400614145,1212624134,276678,83003,2023-24
CELSUS SECURITISATION PTY LTD,18147998230,176627532,,,2023-24
CEMENT AUSTRALIA HOLDINGS PTY LTD,99001085561,622068705,86521202,10657056,2023-24
CENTAMIN EGYPT LIMITED,86007700352,1353097744,,,2023-24
CENTENARY AUSTRALIA PTY LIMITED,77085156216,479093942,23920946,6705442,2023-24
CENTRAL AGRI GROUP PTY LTD,26606032599,119598626,3399658,1019897,2023-24
CENTRE COM SUNSHINE PTY LTD,96084165293,253912372,2968010,890403,2023-24
CENTREPOINT ALLIANCE LIMITED,72052507507,288073002,2567146,770144,2023-24
CENTURIA BASS CREDIT PTY LIMITED,66606680353,121635627,30569779,9170934,2023-24
CENTURIA CAPITAL LIMITED,22095454336,260968619,15961750,,2023-24
CENTURY YUASA BATTERIES PTY LTD,66009685232,368882777,29254020,8776206,2023-24
CENVERSA LIMITED,55092375221,153576381,1660266,78195,2023-24
CEREAL PARTNERS AUSTRALIA PTY LIMITED,98120338249,209313580,,,2023-24
CERTIS AUSTRALIA PTY LTD,51602871287,460375593,,,2023-24
CESSNOCK AUTOMOTIVE SALES PTY LIMITED,11089268397,160556655,6357014,1907104,2023-24
CETTIRE LIMITED,75645474166,748465472,19007815,4544849,2023-24
CEVA (AIR AND OCEAN) AUSTRALIA PTY LTD,91055370575,249297314,8243547,2473064,2023-24
CEVA FREIGHT (AUSTRALIA) PTY LTD,58000820075,169229152,,,2023-24
CEVA PTY LTD,27122147433,664645399,3366871,1010061,2023-24
CH ROBINSON WORLDWIDE (AUSTRALIA) PTY LIMITED,51135205551,654669431,41144798,12343439,2023-24
CH2 HOLDINGS PTY LIMITED,80113630505,2671412258,20359307,6107792,2023-24
CHALLENGER GLOBAL PTY LTD,60610657479,102605951,6093139,1789371,2023-24
CHALLENGER LIMITED,85106842371,2705622937,132798412,23787569,2023-24
CHAMBERLAIN HOLDINGS LIMITED,85008688202,2081546650,74993567,22468969,2023-24
CHAMPION IRON LTD,34119770142,126014755,,,2023-24
CHANEL (AUSTRALIA) PTY LTD,83000012153,598481447,96480514,28944154,2023-24
CHARLES HULL CONTRACTING CO PTY LTD,20008694406,245660115,26881427,8043520,2023-24
CHARTER HALL LIMITED,57113531150,598391384,332407902,94453123,2023-24
CHARTER HALL LWR PTY LIMITED,22613952346,115750543,,,2023-24
CHARTERED ACCOUNTANTS AUSTRALIA AND NEW ZEALAND,50084642571,126621471,,,2023-24
CHASE BUILDING GROUP HOLDINGS CANBERRA PTY LTD,11165179902,195022719,791923,237577,2023-24
CHEAP AS CHIPS DISCOUNT STORES PTY LTD,17616449122,101751554,,,2023-24
CHENWOOD INVESTMENTS PTY LTD,24650608969,259156922,10135650,3040695,2023-24
CHERY MOTOR AUSTRALIA PTY LTD,28662958205,192406497,12364179,3686581,2023-24
CHESTER COMMODITIES PTY LTD,59601350430,189727646,1544925,463478,2023-24
CHEVRON AUSTRALIA DOWNSTREAM HOLDINGS PTY LTD,15637003662,7507792916,,,2023-24
CHEVRON AUSTRALIA HOLDINGS PTY LTD,60098079344,19430282295,11843668310,3515275856,2023-24
CHINA CONSTRUCTION BANK CORPORATION,24125167553,1129785051,76713307,23013992,2023-24
CHINA EVERBRIGHT BANK CO. LTD,69322403457,380828543,123600406,37080122,2023-24
"CHINA MERCHANTS BANK CO., LTD",96609857383,188006491,42222609,12584962,2023-24
CHINA TRAVEL SERVICE (AUSTRALIA) PTY LTD,76003003905,204795486,222950,66885,2023-24
CHINA YUNNAN COPPER (AUSTRALIA) INVESTMENT AND DEVELOPMENT PTY LTD,32110345750,152591517,632930,189879,2023-24
CHOBANI AUSTRALIA PTY LTD,60150876305,348243123,8961272,1858982,2023-24
CHRISTIAN DIOR AUSTRALIA PTY LIMITED,15072174451,249215827,72721652,21816496,2023-24
CHROMAGEN AUSTRALIA PTY LTD,12604330289,167889322,5004860,1501458,2023-24
CHU UNDERWRITING AGENCIES PTY LTD,18001580070,128513045,47403892,14221168,2023-24
CHUBB AUSTRALIA PTY LTD,13000096122,460491252,27030858,8102704,2023-24
CHUBB HOLDINGS AUSTRALIA PTY LTD,64116987618,2415754327,354202039,105398223,2023-24
CHUGOKU ELECTRIC POWER AUSTRALIA RESOURCES PTY LTD,14600294068,221314611,116213007,34843606,2023-24
CHURCH & DWIGHT (AUSTRALIA) PTY LTD,99008446053,112810938,16707899,5012370,2023-24
CIF AUSTRALIA HOLDINGS PTY LTD,51663818139,138889707,4696238,1408871,2023-24
CIGARETTE & GIFT WAREHOUSE (FRANCHISING) PTY LTD,52055030567,150989896,,,2023-24
CIL AUSTRALIA NORTH PTY LTD,25113005753,480712637,15398103,4619431,2023-24
CIMPRESS AUSTRALIA PTY LTD,98137563369,238645557,2309174,692752,2023-24
CIP CONSOLIDATED PTY LTD,30643593533,355417733,10970571,3291171,2023-24
CIRRUS HOLDINGS 1 PTY LTD,37632829906,249074243,3727569,802369,2023-24
CISCO SYSTEMS AUSTRALIA PTY LTD,52050332940,2329116604,130148213,39044464,2023-24
CITIBANK NA,34072814058,1506300000,295555471,88666641,2023-24
CITIC RESOURCES AUSTRALIA PTY LTD,87107652817,478799395,,,2023-24
CITIGROUP GLOBAL MARKETS AUSTRALIA HOLDINGS PTY LTD,56081472684,1012170377,,,2023-24
CITIGROUP PTY LIMITED,88004325080,279529623,,,2023-24
CITY AUTO (2016) HOLDINGS PTY LTD,40611922993,113690138,592678,177803,2023-24
CITY HOLDINGS (AUS) PTY LTD,33135098636,740115221,30800810,9231894,2023-24
CIVEO HOLDING COMPANY 1 PTY LTD,91146700441,505707977,17717735,5315320,2023-24
CIVICA PTY LIMITED,83003691718,189829508,3844112,898757,2023-24
CIVIL & ALLIED TECHNICAL CONSTRUCTION PTY LTD,78077924120,191527378,136468,40940,2023-24
CIVMEC SINGAPORE LIMITED,50604316690,1039419591,99005007,29701502,2023-24
CK WILLIAM AUSTRALIA HOLDINGS PTY LTD,14613690243,1316704870,258184573,71605240,2023-24
CKD AUTOMOTIVE HOLDINGS PTY LIMITED,98128940045,449688543,18337425,5501228,2023-24
CL COMMODITIES PTY LTD,85623903079,228378526,1984963,595489,2023-24
CLAIWARD PTY LTD,11082992890,284287359,23478937,7043681,2023-24
CLAREVILLE PTY LTD,42003038668,107913359,4601115,867711,2023-24
CLARIANT (AUSTRALIA) PTY LTD,30069435552,103663415,14117071,4235121,2023-24
CLARKE ENERGY (AUSTRALIA) PTY LTD,20086492935,114044852,,,2023-24
CLARKE'S SANDS PTY LTD,82059363478,132957096,3763944,500970,2023-24
CLEANAWAY WASTE MANAGEMENT LIMITED,74101155220,3785369661,388408848,91336564,2023-24
CLEANCO QUEENSLAND LIMITED,85628008159,851500486,,,2023-24
CLEARLIGHT INVESTMENT PTY LTD,59007543544,408827431,39679520,11792167,2023-24
CLEMENGER GROUP LIMITED,98004882928,211623961,45229635,7582620,2023-24
CLERMONT COAL MINES LIMITED,56010487939,240791382,,,2023-24
CLEVERTRONICS PTY. LTD.,64136264349,105758682,12053545,2514714,2023-24
CLIME CAPITAL LIMITED,99106282777,107712746,9331941,809892,2023-24
CLOROX HOLDINGS PTY LTD,57077214076,125537845,3898229,1169469,2023-24
CLOUDSTAFF HOLDINGS PTY LIMITED,11613909809,121621164,7135568,967653,2023-24
CLOVER BIOPHARMACEUTICALS AUS PTY LTD,44619578791,386020538,,,2023-24
CLOVER PIPELINES PTY LTD,55166929700,152874527,8659184,2597755,2023-24
CLUB ASSIST CORPORATION PTY LTD,62065089278,138860987,4757026,1427108,2023-24
CLUB WYNDHAM SOUTH PACIFIC,47710932252,113298472,,,2023-24
CMC HOLDINGS AUSTRALIA PTY LTD,95606819425,181589815,14558383,4367515,2023-24
CMC MARKETS GROUP AUSTRALIA PTY LTD,99128774890,151113603,26053500,4812370,2023-24
CMG (SA) PTY LTD,89653054123,106692495,3595426,1078628,2023-24
CMP OILSEEDS PTY LTD,85607079390,215899182,4705701,1411710,2023-24
CMTP HOLDINGS PTY LTD,49613133903,100685202,21071639,6199350,2023-24
CNH INDUSTRIAL AUSTRALIA PTY LTD,76000031130,1823964006,191353093,57405928,2023-24
CNOOC AUSTRALIA ENERGY CAPITAL MANAGEMENT PTY LTD,79129021316,659039163,295261688,88578506,2023-24
CNOOC GAS AND POWER (AUS) INVESTMENT PTY LTD,28142591044,2495158641,,,2023-24
CNW PTY LTD,48009669836,775864981,45590119,13677036,2023-24
COACH STORES AUSTRALIA PTY LTD,48622183224,104846713,3521564,1056469,2023-24
COAST ENTERTAINMENT HOLDINGS LIMITED,51628881603,128066672,,,2023-24
COAXIAL FINANCE PTY LTD,,147871450,147871450,6,2023-24
COBRAM ESTATE OLIVES LIMITED,32115131667,219056842,54928695,12284037,2023-24
COCA-COLA SOUTH PACIFIC PTY LTD,50003029794,135640146,3156059,946818,2023-24
COCHLEAR LIMITED,96002618073,1577948451,582027907,102908878,2023-24
COCKBURN CENTRAL MOTORS PTY LTD,67605654082,135098526,81732,24514,2023-24
CODAN LIMITED,77007590605,261595424,59535735,10038230,2023-24
COELAB AUTOMOTIVE PTY LIMITED,58666902656,120840384,4348595,1304578,2023-24
COFCO INTERNATIONAL AUSTRALIA PTY LTD,25001069423,3206029409,23218181,6965454,2023-24
COFI-COM TRADING PTY LIMITED,57095403820,115410485,1549784,375617,2023-24
COG FINANCIAL SERVICES LIMITED,58100854788,174486582,29243183,1307438,2023-24
COGI PTY LTD,15634090092,1371507976,50605788,10867378,2023-24
COGNIZANT TECHNOLOGY SOLUTIONS AUSTRALIA PTY LTD,74100749997,429121227,11172699,3226833,2023-24
COHO GROUP PTY LTD,67159604529,111867958,11180631,3178378,2023-24
COL CRAWFORD PTY LTD,27001798081,269186454,3390568,1017170,2023-24
COLAS AUSTRALIA PTY LTD,11000388161,627133812,13140294,1795738,2023-24
COLCAP FINANCIAL LIMITED,99650487353,999841198,82420358,24726107,2023-24
COLES GROUP LIMITED,11004089936,48850510830,1612724729,467269569,2023-24
COLGATE-PALMOLIVE PTY LTD,79002792163,818106798,37150216,11134154,2023-24
COLIN BIGGERS & PAISLEY PTY LTD,28166080682,117526810,23402752,7020826,2023-24
COLIN JOSS & CO. PTY. LIMITED,73003538583,437523372,11483940,3445182,2023-24
COLLIERS INTERNATIONAL HOLDINGS (AUSTRALIA) LIMITED,65008178238,360712953,61224507,14078615,2023-24
COLLINS FOODS LIMITED,13151420781,1201981507,99283301,29784990,2023-24
COLOPLAST PTY LTD,57054949692,105388589,7940931,2382279,2023-24
COMCATER PTY LTD,53005974185,122323398,6044224,1813267,2023-24
COMENSURA PTY LIMITED,30120725902,708906090,595516,178655,2023-24
COMFORTDELGRO CORPORATION AUSTRALIA PTY LTD,84002072004,748634343,40450891,12135267,2023-24
COMGEN AUSTRALIA PTY LTD,17050242441,1538555036,38759364,9814460,2023-24
COMISKEY MINING SERVICES PTY LTD,19152029555,100752758,,,2023-24
COMMERCIAL & GENERAL PTY LTD,14600978103,172317283,,,2023-24
COMMERCIAL MOTOR VEHICLES PTY LTD,84007874142,2058177464,67540452,20107056,2023-24
COMMONWEALTH BANK OF AUSTRALIA,48123123124,61492803786,11616164513,3434894484,2023-24
COMMSCOPE HOLDINGS AUSTRALIA PTY LTD,57605413456,299535578,31556940,9147405,2023-24
COMPASS GROUP (AUSTRALIA) PTY LTD,41000683125,2019563524,80859252,24126895,2023-24
COMPETITIVE FOODS AUSTRALIA PTY LTD,48010542908,1882961838,148587019,44342462,2023-24
COMPLETE HIRE & SALES PTY LTD,26090519823,163231293,8919704,2675911,2023-24
COMPLETE PARTS & EQUIPMENT SOLUTIONS P,98152986153,123492366,14846448,4453934,2023-24
COMPUTER ALLIANCE PTY LTD,83092544253,103286276,2481666,744500,2023-24
COMPUTERSHARE LIMITED,71005485825,1465590075,73237678,14543311,2023-24
CONCENTRIX SERVICES PTY LTD,63166171991,272269571,40248280,12074484,2023-24
CONCOURSE CONSTRUCTIONS PTY LIMITED,44158842669,147542356,,,2023-24
CONGLOMERATE GOLD EXPLORATION PTY LTD,47150397158,242364628,,,2023-24
CONMAS GROUP PTY LTD,44100255623,237988638,9864997,2959499,2023-24
CONNECTIVE GROUP PTY LTD,89162397060,104558210,25208600,7562580,2023-24
CONNECTSYDNEY PTY LIMITED,16646646808,167199225,22588700,6776610,2023-24
CONOCOPHILLIPS AUSTRALIA OPERATIONS PTY LTD,28141253787,1342705048,,,2023-24
CONSOLIDATED FOOD COMPANY PTY LTD,14153417004,393248101,8467542,2540263,2023-24
CONSOLIDATED MINERALS HOLDINGS (AUSTRALIA) PTY LTD,88127662257,287276982,,,2023-24
CONSORTIO PTY LIMITED,99128575619,334278138,846982,246398,2023-24
CONSTELLATION SOFTWARE AUSTRALIA PTY LTD,50141627232,512455492,120870811,35981330,2023-24
CONSTRUCTION CONTROL PTY LIMITED,79150745154,382059433,20124517,6037355,2023-24
CONSTRUCTION SERVICES AUSTRALIA PTY LTD,99007641787,421195955,29894451,7921879,2023-24
CONTINENTAL PTY LTD,46004390587,568653963,21698289,6509487,2023-24
CONTRACT RESOURCES GROUP PTY LTD,77637730511,196517336,24314012,7294204,2023-24
CONVENIENCE GROUP HOLDINGS PTY LTD,48662201274,4298129869,107999785,32399936,2023-24
COOGEE CHEMICALS PTY LTD,37008747500,316699538,,,2023-24
COOK AUSTRALIA PTY LTD,27141258648,302650807,23519751,6247059,2023-24
COOL-OFF PTY LIMITED,79068308225,100824686,1370394,411118,2023-24
CO-OPERATIEVE RABOBANK U.A.,70003917655,1611859939,4676565,1402970,2023-24
COOPERATIVE MOTORS PTY LTD,50072725403,158604699,13527567,4055128,2023-24
COOPERS BREWERY LIMITED,13007871409,317230399,30116482,8815925,2023-24
COPYRIGHT AGENCY LIMITED,53001228799,129244405,,,2023-24
CORAL HOMES PTY LTD,44011032929,170557022,22883706,6865112,2023-24
CORAL HOMES QLD PTY LTD,53097304062,294293032,40757324,12227197,2023-24
CORANAR (AUSTRALIA) PTY LTD,12114668727,310969107,147703774,44311132,2023-24
CORDINA FOOD GROUP (HOLDCO) PTY LTD,90656209595,469237412,14405702,3607861,2023-24
CORE GROUP (ACT) PTY LIMITED,99638491200,141329751,,,2023-24
CORE LITHIUM LTD,80146287809,197902911,,,2023-24
CORELOGIC AUSTRALIA HOLDINGS PTY LIMITED,75150637406,174480186,36723049,6607908,2023-24
CORNERSTONE MEDICAL RECRUITMENT PTY. LTD.,70605575531,102775108,6319734,1895920,2023-24
CORONADO AUSTRALIA HOLDINGS PTY LTD,23623524989,2567844209,,,2023-24
CORPORATE CARBON GROUP PTY LTD,30637262189,212446909,,,2023-24
CORPORATE TRAVEL MANAGEMENT LIMITED,17131207611,234963464,6059794,,2023-24
CORPS HOLDINGS PTY LTD,36667461841,126547253,14680488,4404146,2023-24
CORTEVA AGRISCIENCE AUSTRALIA PTY LTD,24003771659,207607197,6435924,,2023-24
CORY JOHNSTON (AUST) PTY. LIMITED,22010083020,147236889,4221051,1266315,2023-24
COSTA GROUP HOLDINGS LIMITED,68151363129,1225497846,,,2023-24
COSTCO WHOLESALE AUSTRALIA PTY LTD,57104012893,5152183261,130435236,39130571,2023-24
COTTON GROWERS SERVICES PTY LTD,15001723048,120820095,,,2023-24
COTY AUSTRALIA HOLDINGS PTY LTD,52626169711,302724479,11358527,3407558,2023-24
COUNTRY GARDEN AUSTRALIA PTY LTD,45165045125,130874715,,,2023-24
COUNTRY ROAD GROUP HOLDINGS PTY LTD,16664111942,1083665211,2891416,,2023-24
COUNTRYWIDE AUSTRALASIA LIMITED,34068162676,307959538,902221,270666,2023-24
COURTNEY & PATTERSON PTY LTD,98005562443,118782580,3617659,1085298,2023-24
COVENTRY GROUP LTD,37008670102,337459901,,,2023-24
COVER GENIUS HOLDINGS PTY LTD,93635224421,252519281,,,2023-24
COVER SYNDICATE PTY LTD,54614038765,151330775,4123689,1237107,2023-24
COX AUTOMOTIVE AUSTRALIA PTY LTD,97090535505,202143845,,,2023-24
COXONS OF CASTERTON PTY LIMITED,65006365895,161942268,7898793,2369638,2023-24
CPA AUSTRALIA LTD,64008392452,195661159,,,2023-24
CPC ENGINEERING PTY LTD,73009271774,103870625,,,2023-24
CPC GROUP HOLDINGS PTY LTD,28644449758,108922697,,,2023-24
CPG GROUP PTY. LTD.,13164269023,123831468,,,2023-24
CPOF FINANCE PTY LIMITED,68137694476,104948905,,,2023-24
CQ FIELD MINING SERVICES PTY LTD,79621625769,119161157,3674810,1102443,2023-24
CR ANZ HOLDINGS PTY LTD,28653343483,161461725,,,2023-24
CR AUSTRALIA HOLDING PTY LTD,52627005609,168490230,5247415,,2023-24
CRAIG MOSTYN HOLDINGS PTY LIMITED,14008398356,627847816,5943344,1603003,2023-24
CRANE TOPCO PTY LTD,97646044046,153155530,,,2023-24
CRANPORT PTY LIMITED,77003854000,212298641,,,2023-24
CRAWFORD & COMPANY (AUSTRALIA) PTY LTD,11002317133,139430468,12177076,3649230,2023-24
CRAYON AUSTRALIA HOLDING PTY LIMITED,37653041313,190207889,136076,,2023-24
CREATION HOMES (SA) PTY LTD,29629201869,148861678,18354669,5506401,2023-24
CREDIT AGRICOLE CORPORATE AND INVESTMENT BANK,80654071075,379200057,75319791,22595937,2023-24
CREDIT CORP GROUP LIMITED,33092697151,404133617,113717227,33697823,2023-24
CREDIT DATA SOLUTIONS PTY LTD,72606370576,149306233,,,2023-24
CREDIT SUISSE AG,17061700712,608873922,24370321,7311096,2023-24
CREDIT SUISSE HOLDINGS (AUSTRALIA) LIMITED,96008496713,109182112,,,2023-24
CREDIT UNION AUSTRALIA LIMITED,44087650959,914277735,66075280,17630623,2023-24
CREDIT UNION SA LIMITED,36087651232,111915977,8042611,1376515,2023-24
CREMA CONSTRUCTIONS PTY LTD,70137733290,244866258,,,2023-24
C-RES (QLD) PTY LTD,61158250992,273012661,637786,191336,2023-24
CRESCO CAPITAL PTY LTD,19162834540,254341853,,,2023-24
CRH ANZ PTY LTD,30604858139,128377465,,,2023-24
CRISP BROS. & HAYWARDS PTY LTD,88009483694,119791580,23432526,7023787,2023-24
CROFTMINSTER PTY. LTD.,11007061314,204791148,34179530,10253859,2023-24
CROKERS FUEL & OILS PTY LTD,41069396354,221079792,7113380,2134014,2023-24
CROP SMART PTY LTD,28093927961,172695984,11088744,2469480,2023-24
CROPLINE GROUP PTY LTD,35645548965,144313579,5615378,1684613,2023-24
CROWDSTRIKE AUSTRALIA PTY LTD,19613865295,171803848,10852226,3255668,2023-24
CROWN EQUIPMENT PTY LIMITED,79000514858,410707785,20128365,6038510,2023-24
CRRC CHANGCHUN AUSTRALIA RAIL PTY LIMITED,52615414072,351820557,,,2023-24
CS (AUSTRALIA) PTY LIMITED,84093488361,726187441,55650589,16695177,2023-24
CSE-GLOBAL (AUSTRALIA) PTY LTD,85109958090,186850356,14059690,4217907,2023-24
CSG INTERNATIONAL PTY LTD,33082026551,100724219,2886478,,2023-24
CSL LIMITED,99051588348,5150908572,252804030,,2023-24
CSR LIMITED,90000001276,2266902853,296176846,69806619,2023-24
CT FREIGHT PTY. LTD.,89002489705,332598178,27254025,8176208,2023-24
CT GROUP HOLDINGS NO. 7 PTY LTD,33160459736,250666905,250666029,17974455,2023-24
CT INVESTMENTS GROUP PTY LIMITED,74634004907,172683762,3949981,,2023-24
CTC PRECAST PTY LTD,12614966059,294004536,30944742,9283423,2023-24
CTI LOGISTICS LIMITED,69008778925,321379618,27999757,8398892,2023-24
CUBIC TRANSPORTATION SYSTEMS (AUSTRALIA) PTY LIMITED,82003617561,143407090,,,2023-24
CUMMINS FILTRATION INTERNATIONAL CORPORATION,60007505473,131562331,13225620,3967686,2023-24
CUMMINS SOUTH PACIFIC PTY LTD,42006332949,1457130116,259161990,77748597,2023-24
CURRIMUNDI MOTORS PTY LTD,28112296223,241487751,10583500,3175050,2023-24
CUSCAL LIMITED,95087822455,461282514,65275573,17838273,2023-24
CUTTING CART PTY LTD,16661123404,128390665,7360014,2208004,2023-24
CVS LANE HOLDINGS PTY LTD,69154742097,181731030,21850474,6555142,2023-24
CW GROUP HOLDINGS LIMITED,83635851839,5303138683,483376859,142225530,2023-24
CWF HOLDINGS PTY LTD,66142083323,132914305,77185072,23155522,2023-24
CX HOLDCO PTY LIMITED,92653475417,861528587,27614789,5291054,2023-24
CXC CORPORATE SERVICES PTY LTD,58150274007,676730769,960436,288131,2023-24
CYBERCX HOLDINGS PTY LTD,24629361806,395508888,,,2023-24
CYIENT AUSTRALIA PTY LTD,70601669327,101917200,,,2023-24
D & E AIR CONDITIONING PTY LIMITED,24158631979,242135693,9752442,2856189,2023-24
D & M LYONE HOLDINGS PTY LTD,45102456851,324452402,40810664,12243199,2023-24
D M & M T NOLAN PTY LTD,29009767766,131230715,,,2023-24
D&G DREAM INVESTMENTS HOLDINGS PTY LTD,83633221299,177744556,,,2023-24
D.E HOLDING AUSTRALIA PTY LTD,16100632595,426006106,52359571,15707871,2023-24
DA & JF CAMM PTY LTD,18064290740,114396843,,,2023-24
DAC FINANCE PTY LIMITED,28129420444,1132502702,135145451,40543635,2023-24
DAHENA PTY LTD,34003081061,260452493,4487660,1346288,2023-24
DAHLSENS BUILDING CENTRES PTY LTD,30005032333,426918127,,,2023-24
DAIKIN AUSTRALIA PTY LTD,62000172967,1257887325,70734106,20045635,2023-24
DAIMLER TRUCK HOLDING AUSTRALIA PACIFIC PTY LTD,62629141699,1332913438,38458578,11537573,2023-24
DAIRY FARMERS MILK CO-OPERATIVE LIMITED,74669522867,109376045,323980,,2023-24
DAISHO DEVELOPMENT SYDNEY PTY LTD,90129002357,131368046,,,2023-24
DAIWA HOUSE AUSTRALIA PTY LTD,90169473241,258828264,,,2023-24
DALE ALCOCK HOMES PTY LTD,61009217887,204327175,,,2023-24
DALRYMPLE BAY COAL TERMINAL PTY LTD,12010268167,360051810,36762404,11028721,2023-24
DALRYMPLE BAY INFRASTRUCTURE LIMITED,76643302032,654788772,87603041,26280912,2023-24
DAMPIER SALT LTD,30008706590,651309227,136163657,40849097,2023-24
DANA AUSTRALIA (HOLDINGS) PTY LTD,29000145657,109074060,,,2023-24
DANAHER AUSTRALIA HOLDING PTY LTD,80122016424,718104432,84104121,22408118,2023-24
DANAKALI LTD,56097904302,224049882,,,2023-24
DAN-BUNKERING (AUSTRALIA) PTY LTD,26123643952,260837172,4905474,1471642,2023-24
DANDENONG MITS PTY LTD,34149410024,348647589,13560042,4068013,2023-24
DANFOSS (AUSTRALIA) PTY LTD,93004385997,152699546,2932501,879750,2023-24
DANONE SAPUTO DAIRY AUSTRALIA PTY LTD,32143172258,140409313,147422,,2023-24
DARACON CONTRACTORS PTY LTD,82002344667,364233454,6908679,2072604,2023-24
DARWALLA POULTRY DISTRIBUTORS PTY LTD,20009717873,158962395,336907,7054,2023-24
DARWIN AUTOMOTIVE PTY LTD,35627496431,133818515,3287683,986305,2023-24
DARWIN LNG PTY LTD,48085130981,617749822,35990960,10797288,2023-24
DARWIN'S THEORY PTY LIMITED,68648162903,226479261,65848935,19718950,2023-24
DASCO AUSTRALIA PTY LTD,32135751049,187997438,6262723,1878817,2023-24
DATA#3 LIMITED,31010545267,815976950,69029138,20708741,2023-24
DATACOM AUSTRALIA HOLDINGS PTY LIMITED,45094235373,623604420,,,2023-24
DATS PTY LTD,26001733697,141450986,6507868,1952360,2023-24
DAVID JONES PTY LIMITED,75000074573,2364924872,254304,,2023-24
DAVIDSON TECHNOLOGY (AUST) PTY LTD,51167752258,157197479,1926397,577919,2023-24
DAVIE GROUP HOLDINGS PTY LTD,56646762370,133381733,13130095,3939028,2023-24
DAVIES BAKERY PTY LTD,25123302036,123047326,19858188,5957456,2023-24
DAVIS LANGDON PROPERTY SERVICES PTY LTD,97006986947,912318559,83861208,25010114,2023-24
DAYFORCE AUSTRALIA PTY LTD,43611427206,164224607,,,2023-24
DBG GLOBAL ENTERPRISES PTY LTD,79667063050,996528017,51074287,15244266,2023-24
DBS BANK LTD,46601105373,709166631,191466429,57439929,2023-24
DCL CORP PTY LTD,60633008992,210553499,8271747,2267239,2023-24
DCOH PTY LTD,95092987463,220630755,52713477,15704060,2023-24
DDH1 LIMITED,48636677088,144804012,2031419,,2023-24
DDT HOLDINGS GROUP PTY LTD,68661209114,267769323,7972602,2391781,2023-24
DE BORTOLI WINES PTY LIMITED,77000146672,202843931,315831,,2023-24
DE LUCA CONSTRUCTION HOLDINGS PTY LTD,43659585065,104550161,3588345,1076504,2023-24
DEAKIN TOPCO PTY LTD.,29657472074,232103187,,,2023-24
DECJUBA PTY LTD,22611918873,184689788,19715519,5914656,2023-24
DECMIL GROUP LIMITED,35111210390,474116834,,,2023-24
DECON CORPORATION PTY LTD,24606401012,100540330,,,2023-24
DEFENCE BANK LIMITED,57087651385,193618293,47850287,10462367,2023-24
DEFENCE HOUSING AUSTRALIA,72968504934,850467016,57931543,17379463,2023-24
DELAWARE NORTH COMPANIES AUSTRALIA PTY LTD,92003435345,471171903,,,2023-24
DELCON CIVIL PTY LTD,19120524530,110950841,4849377,1454813,2023-24
DELL AUSTRALIA PTY LTD,46003855561,2501343223,82861449,24722850,2023-24
DELL FINANCIAL SERVICES HOLDING PTY LTD,35619928228,111405852,,,2023-24
DE'LONGHI AUSTRALIA PTY LIMITED,49104012857,175598263,6809753,2042926,2023-24
DELTA AGRIBUSINESS PTY LTD,93118781445,850313900,42276106,12682832,2023-24
DELTA GROUP HOLDINGS PTY LTD,37159149185,850962504,115389189,33512662,2023-24
DEMAND MANAGER PTY LIMITED,64115850729,126600551,14807817,4442345,2023-24
DEMANT AUSTRALIA PTY LTD,11636246305,215131403,20229668,6068900,2023-24
DEMATIC HOLDINGS PTY LTD,50121488202,321743332,,,2023-24
DEMETER CORMACK PTY LTD,77134279977,249941658,17513465,5254040,2023-24
DENGKOL PTY LTD,82005518258,349273597,38979230,11693769,2023-24
DENISON GAS LIMITED,86625883561,118652505,,,2023-24
DENNIS FAMILY CORPORATION PTY LTD,67605630144,289683146,44181006,13254302,2023-24
DENNIS FAMILY HOLDINGS PTY LTD,39097641855,242870803,2110201,610082,2023-24
DENTONS AUSTRALIA LIMITED,69100963308,149582849,45354974,13606492,2023-24
DENTSPLY SIRONA PTY LIMITED,87111950602,160343079,11454675,3436402,2023-24
DENTSU AUSTRALIA HOLDINGS PTY LTD,60147301700,242552436,,,2023-24
DESIGNWORKS INTERNATIONAL PTY LTD,99644545193,149937709,4880983,1464295,2023-24
DETERRA ROYALTIES LIMITED,88641743348,242361073,243039587,72911876,2023-24
DETMOLD HOLDINGS PTY LTD,87007527022,417347696,12378538,,2023-24
DEUTSCHE AUSTRALIA LIMITED,37006385593,374301834,985211,,2023-24
DEUTSCHE BANK AKTIENGESELLSCHAFT,13064165162,904708666,,,2023-24
DEVCO PROJECT & CONSTRUCTION MANAGEMENT PTY LTD,15007223332,104786864,3475387,1042616,2023-24
DEVELOP GLOBAL LIMITED,28122180205,148898726,,,2023-24
DEVELOPER GROUP HOLDINGS PTY LTD,47166966114,206443949,,,2023-24
DEXUS COMMUNITY INFRASTRUCTURE HOLDINGS PTY LIMITED,20122620884,127928100,14068388,3977121,2023-24
DEXUS FINANCE PTY LIMITED,29110473786,249701448,,,2023-24
DEXUS OPERATIONS TRUST,69645176383,625835435,62748483,17460010,2023-24
DFA AUSTRALIA LIMITED,46065937671,129994644,24199077,7259723,2023-24
DFD RHODES PTY LTD,67008672731,181486485,125134563,36752780,2023-24
DHL EXPRESS (AUSTRALIA) PTY LTD,62001112929,1061939278,46652344,13995703,2023-24
DHL GLOBAL FORWARDING (AUSTRALIA) PTY LIMITED,62002636124,2655357998,188518983,56555695,2023-24
DIAGEO AUSTRALIA LIMITED,33004167720,689344795,82441074,24732322,2023-24
DIALOG PTY LTD,16010089175,168715241,6122886,1836026,2023-24
DIAMOND ENERGY PTY LTD,97107516334,110663298,17600174,5280052,2023-24
DIAMOND GAS RESOURCES PTY LTD,58007440664,398671021,33607774,10082332,2023-24
DIAMOND INFRACO 2 PTY LTD,19657873811,372253332,,,2023-24
DIAMOND OFFSHORE GENERAL LLC,91050122051,128618921,,,2023-24
DIB GROUP PTY LTD,87002889474,2827426023,98430686,29444349,2023-24
DIBSTECH PTY LIMITED,66624547397,123259219,314536,94361,2023-24
DICKER DATA LIMITED,95000969362,1717809017,121998738,35920219,2023-24
DIGITAL IMAGING EXPRESS PTY LTD,92122703806,234777428,8251597,2475479,2023-24
DIGITAL SERVICES AUSTRALIA IV PTY LTD,11633652749,100041438,,,2023-24
DINDAS AUSTRALIA PTY LTD,87005828900,102074377,1160099,348030,2023-24
DIPLOMA AUSTRALIA HEALTHCARE PTY LTD,51145464660,159213293,19115001,5734500,2023-24
DIRECT COURIERS GROUP PTY LTD,70637899051,258723963,39492144,11847643,2023-24
DIRECT FREIGHT (AUST) PTY LTD,32071822172,201667122,3231173,969352,2023-24
DIRECT FREIGHT EXPRESS PTY LIMITED,66060136870,542479377,35661473,10698442,2023-24
DIRECTED ELECTRONICS AUSTRALIA PTY LTD,50126066322,222020078,15820940,4746282,2023-24
DIRT WISE PTY LTD,33123070039,151437706,45638367,13691510,2023-24
DISCOUNT TYRE AND WHEEL PTY LTD,31169153468,347004488,31016888,9305066,2023-24
DISCOVERY PARKS HOLDINGS PTY LIMITED,61127847269,408287665,,,2023-24
DITCHFIELD CONTRACTING PTY LIMITED,16056793830,116557058,6267088,1880126,2023-24
DITH AUSTRALIA PTY LTD,21620953166,317576535,9042579,2712774,2023-24
DIVERSIFIED INFRASTRUCTURE TRUST,95210332438,118713844,24528079,3831976,2023-24
DIY RESOLUTIONS PTY LTD,72103688679,169955243,30453723,9089619,2023-24
DKSH AUSTRALIA PTY LTD,70005059307,256660894,2636669,,2023-24
DKSH PERFORMANCE MATERIALS AUSTRALIA PTY LIMITED,88602074322,207635694,,,2023-24
DOEHLER AUSTRALIA HOLDINGS PTY LTD,34635064229,129032901,3244790,973437,2023-24
DOF SUBSEA AUSTRALIA PTY LTD,53083000239,217395405,,,2023-24
DOMAIN HOLDINGS AUSTRALIA LIMITED,43094154364,346751246,90603640,16441191,2023-24
DOMETIC AUSTRALIA PTY LTD,62086366305,256134180,20748419,6224526,2023-24
DOMINELLI GROUP PTY LIMITED,49002523097,111239059,5852607,1755782,2023-24
DOMINO'S PIZZA ENTERPRISES LIMITED,16010489326,702413076,82002862,,2023-24
DON WATSON PTY LTD,65004659161,105752768,,,2023-24
DONALDSON AUSTRALASIA PTY LTD,78000521200,182850129,21551626,6465488,2023-24
DONEILYN PTY LTD,69007544836,297614232,15001511,223688,2023-24
DOORDASH TECHNOLOGIES AUSTRALIA PTY LTD,96634446030,214615613,,,2023-24
DORMAKABA HOLDING AUSTRALIA PTY LTD,82005869447,361136858,33251926,9953650,2023-24
DORRIEN ESTATE WINERY PTY LTD,81003775139,268842200,2324678,697403,2023-24
DORSETT RETAIL PTY LTD,30100205329,161149734,5530915,1659274,2023-24
D'ORSOGNA LIMITED,27063427752,333599836,6669397,501181,2023-24
DOVAL CONSTRUCTIONS (QLD.) LTD,75010007155,112137326,32711638,9743010,2023-24
DOW CHEMICAL (AUSTRALIA) PTY LTD,72000264979,159282142,,,2023-24
DOW PERFORMANCE MATERIALS (AUSTRALIA) PTY LTD,29004513188,130497070,,,2023-24
DOWELL WINDOWS PTY LTD,78004069523,185334191,5535442,1660633,2023-24
DOWNER EDI LIMITED,97003872848,8651468912,110575305,21952593,2023-24
DOWNWARD SPIRAL ENTERPRISES (TAS) PTY LTD,30163277718,154460753,,,2023-24
DP WORLD AUSTRALIA (HOLDING) PTY LIMITED,58147892715,819029028,125700585,31846786,2023-24
DP WORLD AUSTRALIA (POSN) PTY LTD,19129842057,109771795,20705667,5494375,2023-24
DR JONES & PARTNERS GROUP HOLDINGS PTY LIMITED,87158390802,126075508,16167603,4850281,2023-24
DR. OETKER QUEEN AUSTRALIA PTY LTD,92606358516,101613528,13402727,3257921,2023-24
DRA GLOBAL LIMITED,75622581935,188734482,,,2023-24
DRAEGER AUSTRALIA PTY LTD,99098885539,144826844,10448319,3134496,2023-24
DRAKE AUSTRALIA PTY LTD,42004939771,139048008,3203,,2023-24
DRAKE COAL PTY LTD,60138221600,160957222,46443528,13916936,2023-24
DRAKE TRAILERS PTY LTD,91009761031,113798475,12975827,3092441,2023-24
DRAMET PTY LTD,59109544425,333629168,13352718,4005815,2023-24
DRIVEN HOLDINGS PTY LIMITED,87642230073,107975637,3457617,1037285,2023-24
DRURY FARMING COMPANY PTY LTD,30641777513,133074485,,,2023-24
DRYSDALE INVESTMENTS PTY LTD,86104614422,1185112543,21898148,5394043,2023-24
DSM NUTRITIONAL PRODUCTS AUSTRALIA PTY LIMITED,36000991793,178736039,3493375,607841,2023-24
DSV AIR & SEA PTY LTD,47002275676,474553091,12206862,3662059,2023-24
DT GLOBAL AUSTRALIA HOLDINGS PTY LTD,49660152858,433054770,,,2023-24
DTZ AUS HOLDCO PTY LTD,36602106936,623014355,,,2023-24
DTZ AUSTRALIA PTY LIMITED,84106515931,101602653,,,2023-24
DUCALA PTY LTD,38008031874,301779842,18779861,4995292,2023-24
DULUXGROUP LIMITED,42133404065,2317426512,294358531,83704107,2023-24
DUNNE TRADERS PROPRIETARY LTD,76640147146,100533147,280397,70099,2023-24
DUNNETT & JOHNSTON GROUP PTY LTD,58084956525,198884427,17682923,2519163,2023-24
DUNPEC PTY. LIMITED,20003552056,107157796,,,2023-24
DURACK CIVIL PTY LTD,35633665380,147337933,45803604,13741081,2023-24
DURATEC LIMITED,94141614075,560986825,30878424,8836387,2023-24
DUSK GROUP LIMITED,38603018131,125718773,4268214,1280464,2023-24
DXC TECHNOLOGY AUSTRALIA HOLDINGS PTY LIMITED,33120570390,2354351753,126692669,37249251,2023-24
DYE & DURHAM HOLDINGS PTY LTD,87646897412,162561373,26157756,7847327,2023-24
DYMOCKS HOLDINGS PTY LTD,59008453110,124060137,15669519,4679325,2023-24
DYNALITE PTY LIMITED,33097246921,246748069,16496869,3188471,2023-24
DYNAMIC BRADVIEW ROOFING PTY LTD,98161333991,144799421,13571877,4071563,2023-24
DYNAMIC SUPPLIES PTY LTD,25064793862,212478053,9051412,2715424,2023-24
DYNO NOBEL LIMITED,42004080264,5543903283,153474693,19047907,2023-24
DYSON APPLIANCES (AUST.) PTY LIMITED,50073072509,574587884,10428443,3119402,2023-24
E & S TRADING CO. (DISCOUNTS) PTY LTD,71007449265,269301797,7247828,2174348,2023-24
E SUN COMMERCIAL BANK LTD,60606234879,193669729,35184065,10555220,2023-24
E&P FINANCIAL GROUP LIMITED,54609913457,149718922,,,2023-24
E.B. MAWSON & SONS PTY. LTD.,14004519617,263231177,31042508,9312752,2023-24
EAGERS AUTOMOTIVE LIMITED,87009680013,7506718528,366299774,83675249,2023-24
EAGERS TACT PTY LTD,43658497299,228965911,7361166,2208350,2023-24
EASST PTY LTD,46651942264,196379338,7870028,2361008,2023-24
EAST AUTOMOTIVE PTY LTD,78604088833,122547186,3120798,936239,2023-24
EAST COAST STOCKFEEDS PTY LIMITED,28000249338,133917972,2871830,861549,2023-24
EASTERN DISTRIBUTORS PTY LTD,20050238474,110610525,1265310,379593,2023-24
EASTWEST TREASURY PTY LTD,,309520490,309633197,6250449,2023-24
EASYGO SOLUTIONS PTY LIMITED,99611437668,503692679,349164947,104749484,2023-24
EATON INDUSTRIES PTY LTD,66103014571,416452492,82586229,24775869,2023-24
EBSCO INTERNATIONAL INC.,51002260602,128753619,5767433,1696224,2023-24
EBSTAR PTY LTD,16010660161,107575646,5242653,1504604,2023-24
ECHO HOLDCO PTY LIMITED,50645699261,252113301,21376441,4879232,2023-24
ECOLAB PTY LTD,59000449990,519514698,48081315,14227348,2023-24
ECOM COMMODITIES PTY LTD,65089892713,433289642,7659469,2081706,2023-24
EDEN BRAE HOLDINGS PTY LIMITED,42083807489,263771703,8637443,2591233,2023-24
EDGE EARLY LEARNING HOLDINGS PTY LTD,34618453197,153503501,3091162,927349,2023-24
EDMI PTY LTD,65010061391,141494148,5360152,783946,2023-24
EDWARDS LIFESCIENCES PTY LIMITED,77098906873,133650260,10421919,2201685,2023-24
EFN (AUSTRALIA) PTY LIMITED,90607344650,550344870,108963376,29303475,2023-24
EG GROUP AUSTRALIA PTY LTD,39629792810,4531198261,,,2023-24
EGO PHARMACEUTICALS HOLDINGS PTY LTD,34613741352,236251992,19309157,4544114,2023-24
EINHELL HOLDING AUSTRALIA PTY LTD,12163099885,264368069,36639602,10991881,2023-24
EIRE CONSTRUCTIONS PTY LTD,23116308573,103556026,5279244,1583773,2023-24
ELANCO AUSTRALIA HOLDING PTY LIMITED,24628673754,178528430,23828360,554817,2023-24
ELDERS INSURANCE UNDERWRITING AGENCY PTY LIMITED,56138879026,286000096,93780325,28134098,2023-24
ELDERS LIMITED,34004336636,3159849553,54688233,,2023-24
ELECNOR AUSTRALIA HOLDINGS PTY LTD,90164831930,700759545,,,2023-24
ELECTRA CABLES (AUST) PTY LTD,38056024385,415226760,40927835,12278346,2023-24
ELECTRANET PTY LIMITED,41094482416,555616126,127151957,38145587,2023-24
ELECTRO OPTIC SYSTEMS HOLDINGS LTD,95092708364,212691083,12836629,,2023-24
ELECTROLUX HOME PRODUCTS PTY LIMITED,51004762341,1420763739,4186173,80813,2023-24
ELECTRONICS BOUTIQUE AUSTRALIA PTY LTD,50077681442,744516478,,,2023-24
ELECTUS DISTRIBUTION PTY LIMITED,30000087347,275180987,,,2023-24
ELI LILLY AUSTRALIA PTY LIMITED,39000233992,198729153,38774092,419640,2023-24
ELLIS AIR CONDITIONING PROPRIETARY LIMITED,13004601790,150382951,27080624,1289383,2023-24
EMECO HOLDINGS LIMITED,89112188815,841756574,,,2023-24
EMERALD TOPCO PTY LTD,99663559144,128274744,1045292,,2023-24
EMERSON PROCESS MANAGEMENT AUSTRALIA PTY LTD,99004590005,287128047,50392301,14825832,2023-24
EMICHROME PTY LTD,31002668028,254544775,306472068,8379155,2023-24
EMIRATES LEISURE RETAIL (AUSTRALIA) PTY LTD,76131473679,1331308166,2290991,687297,2023-24
EML NSW LTD,52003201885,367569458,170696,51209,2023-24
EMMETT HOLDINGS (SA) PTY LTD,46606055305,221382694,10428613,3128584,2023-24
EMPLOYERS MUTUAL LIMITED,67000006486,134445508,26862668,4322014,2023-24
EMPLOYERS MUTUAL MANAGEMENT PTY LTD,11001735191,515589731,3812961,1143888,2023-24
EMPLOYMENT HERO HOLDINGS PTY LTD,31611036796,150638007,,,2023-24
ENAEX AUSTRALIA PTY LTD,97009687487,337773558,5705895,1529619,2023-24
ENAK HOLDINGS PTY LTD,94151868772,969850194,25717567,7244957,2023-24
ENDEAVOUR ENERGY NETWORK MANAGEMENT PTY LTD,22617221495,333013541,,,2023-24
ENDEAVOUR GROUP LIMITED,77159767843,7134736112,835275133,23439683,2023-24
ENDEAVOUR MEATS PTY LTD,64117854243,364869824,8028985,2408696,2023-24
ENDEAVOUR WOOL EXPORTS PTY LTD,28621014293,406074848,1186245,355874,2023-24
ENERGIZER AUSTRALIA PTY LIMITED,91003539026,151734206,6491183,1934088,2023-24
ENERGY BAY FUNDS MANAGEMENT PTY LTD,22630914108,117535471,,,2023-24
ENERGY INFRASTRUCTURE TRUST,23779151748,169845005,56680541,13433646,2023-24
ENERGY LOCALS PTY LTD,23606408879,147592143,,,2023-24
ENERGY POWER SYSTEMS AUSTRALIA PTY LTD,80055274514,312007083,22071057,6621317,2023-24
ENERGYAUSTRALIA HOLDINGS LIMITED,57101876135,7046314325,,,2023-24
ENERMECH PTY LTD,32136435062,128557309,,,2023-24
ENERO GROUP LIMITED,97091524515,116623052,4352683,1305805,2023-24
ENERSYS AUSTRALIA PTY LTD,52103740290,147904283,3673149,1101945,2023-24
ENERVEN ENERGY INFRASTRUCTURE PTY LTD,31621124909,267259216,6965456,2089637,2023-24
ENGENCO LIMITED,99120432144,225373457,,,2023-24
ENSCO AUSTRALIA PTY LIMITED,79100601634,282330145,8879668,2663900,2023-24
ENSHAM COAL SALES PTY LTD,13050411713,806558108,266200,79860,2023-24
ENSIGN (AUSTRALIA) HOLDINGS PTY LTD,71100195426,138849056,,,2023-24
ENSIGN LABORATORIES PTY LTD,11004395242,183979545,6967292,1480300,2023-24
ENTIRE OPERATIONS PTY LTD,54634099684,157282480,4943398,1483019,2023-24
ENTYCE FOOD INGREDIENTS PTY LTD,99120104083,121773714,3748330,1124499,2023-24
ENVATO PTY LTD,11119159741,327524846,53142542,11380747,2023-24
EP2 MANAGEMENT PTY LTD,25149908289,114321192,,,2023-24
EPAY AUSTRALIA HOLDINGS PTY LIMITED,74104012900,103235018,3471619,1018538,2023-24
EPH ENTERPRISES PTY LTD,57109822246,162684760,4806768,1442030,2023-24
EPIC WRIGHT HEATON PTY LTD,65000105233,173026594,3477972,1043392,2023-24
EPIROC SOUTH PACIFIC HOLDINGS PTY LTD,87107374550,1155770776,99010177,29534775,2023-24
EPSON AUSTRALIA PTY LTD,91002625783,187405179,9032516,2709755,2023-24
EPTEC HOLDCO PTY LTD,14638785387,191375548,7072610,2121783,2023-24
EQT HOLDINGS LIMITED,22607797615,171991294,50403669,15121101,2023-24
EQUANS ANZ HOLDINGS PTY LIMITED,18615894794,189588315,,,2023-24
EQUIFAX AUSTRALIA HOLDINGS PTY LTD,37609497494,467295541,,,2023-24
EQUINIX AUSTRALIA PTY LTD,25092807264,455450365,7089438,2126831,2023-24
ERILYAN HOLDINGS PTY LTD,97664334294,265713977,9289131,2786739,2023-24
ERINFEN PTY LIMITED,85003900696,102608577,620892,186255,2023-24
ERTECH HOLDINGS PTY LTD,93008999353,355387673,17158680,3073114,2023-24
ESCARE HOLDINGS PTY LTD,76065386110,130635968,3960833,1188143,2023-24
ESR FINANCE 4 (AUSTRALIA) PTY LTD,94649346430,156028850,,,2023-24
ESR GROUP HOLDINGS PTY LTD,73113065973,126929101,919291,275787,2023-24
ESR REAL ESTATE (AUSTRALIA) PTY LTD,64625761962,161607523,,,2023-24
ESRI-AUSTRALIA PTY LTD,16008852775,176669148,40482498,11944414,2023-24
ESSENDON AIRPORT HOLDINGS PTY. LTD.,92095653964,132726463,15386161,4615848,2023-24
ESTEE LAUDER PTY LIMITED,63008444719,320086046,40399603,12118499,2023-24
ESTHER INVESTMENT PROPRIETARY LIMITED,68004459536,214615522,,,2023-24
ESTIA HEALTH LIMITED,37160986201,414147816,59626689,17888007,2023-24
ESTIA HEALTH TOPCO PTY LTD,47669884244,613418318,46350086,13905026,2023-24
ETERNAL AUS HOLDCO LTD,84669042782,245906607,,,2023-24
ETEX HOLDING AUSTRALIA PTY LTD,54645836531,363949638,58323164,16503097,2023-24
ETFS CAPITAL LIMITED,64508436902,163831488,24268449,7121204,2023-24
ETG COMMODITIES PTY LTD,71643241329,746409511,,,2023-24
ETHAN GLOBAL PTY LTD (FORMERLY ETHAN GROUP),93099503456,203268653,2176165,609270,2023-24
ETHOS BEATHCHAPMAN AUSTRALIA PTY LTD,15628088451,112531384,,,2023-24
ETIHAD AIRWAYS PJSC,40123078688,255166708,,,2023-24
ETS INFRASTRUCTURE MANAGEMENT PTY LTD,38070013884,211586668,,,2023-24
ETSA UTILITIES FINANCE PTY LTD,78091701825,139540321,,,2023-24
ETTASON PTY LTD,47002837390,232660789,8838674,2505031,2023-24
EUDUNDA FARMERS LTD,30008222188,212587251,9141574,2673424,2023-24
EUROFINS AUSTRALIA NEW ZEALAND HOLDING PTY LTD,99612485819,131772837,,,2023-24
EUROPCAR HOLDING PTY LTD,72130750640,283798476,20484571,6145218,2023-24
EV DEALER GROUP PTY LTD,86657632758,566946759,26416565,7924970,2023-24
EVAND PTY LTD,59072254007,542849475,78471862,23537508,2023-24
EVANS BUILT PTY LTD,61120743099,121172732,,,2023-24
EVANS PETROLEUM GIPPSLAND PTY LTD,44007455192,307334555,6391760,1597940,2023-24
EVDIRECT.COM PTY LTD,30654088703,722502546,32057230,9117946,2023-24
EVERETT SMITH & CO. PTY LTD,84009184338,131473754,16237561,4489668,2023-24
EVERGREEN GARDEN CARE AUSTRALIA HOLDINGS PTY LTD,18620606840,185681686,12667511,3800253,2023-24
EVERLIGHT RADIOLOGY HOLDINGS PTY LTD,49651297139,103210256,,,2023-24
EVOLUTION MINING (NORTHPARKES) PTY LTD,17164997317,370424833,7800294,673326,2023-24
EVOLUTION MINING LTD,74084669036,2980975163,295719147,87769021,2023-24
EVT LIMITED,51000005103,675624253,49253563,13339287,2023-24
EVZ LIMITED,87010550357,114255749,179165,,2023-24
EWE GROUP PTY LTD,46142232273,128340115,,,2023-24
EXACT CONTRACTING GROUP PTY LTD,65057760353,314441543,12797831,3809349,2023-24
EXCELSIOR CAPITAL LIMITED,98050542553,110528890,25003649,7501095,2023-24
EXCHANGE FOR CHANGE (NSW) PTY LIMITED,12620512469,491835088,2770429,831129,2023-24
EXCLUSIVE NETWORKS PTY LTD,26102858542,131045218,1859768,557930,2023-24
EXPEDIA AUSTRALIA PTY LTD,12101694946,162561199,7472604,2183165,2023-24
EXPEDITORS INTERNATIONAL PTY LIMITED,79003337282,196871468,15840824,4752247,2023-24
EXPERIENCE CO LIMITED,56167320470,117840476,126976,,2023-24
EXPORT TRADING GROUP AUSTRALIA PTY LTD,92168116041,287091039,6278181,1883454,2023-24
EXPRESSWAY HOLDINGS PTY LTD,98651132017,162922249,18355182,5506555,2023-24
EXPRO HOLDINGS AUSTRALIA 1 PTY LTD,34132095517,129757820,,,2023-24
EXXONMOBIL AUSTRALIA PTY LTD,48091561198,22037894313,2616078344,769614520,2023-24
EY RUBIX PTY LTD,34604477009,163251743,,,2023-24
EZYQUIP HIRE PTY LTD,39129600308,108415013,2449771,734931,2023-24
F K GARDNER & SONS PTY LTD,99010136053,277651346,8464396,2538860,2023-24
F MAYER (IMPORTS) PTY LIMITED,51000697889,229641810,10267151,2744045,2023-24
F. LAUCKE PROPRIETARY LIMITED,94007519833,109192946,12811321,3843396,2023-24
FACEBOOK AUSTRALIA PTY LIMITED,83134012543,1357151606,128778654,38633596,2023-24
FACTORY MUTUAL INSURANCE COMPANY,47163108861,539687427,70913599,21274080,2023-24
FACTORY X PTY LTD,51078151667,166183727,7384658,2215397,2023-24
FAGG'S GEELONG PTY LTD,13130782802,104252758,3693364,1108009,2023-24
FAIRBROTHER PTY LTD,51009510561,420730858,32009185,8906212,2023-24
FAIRMONT HOMES GROUP PTY LTD,26110542553,190396500,23079407,6923822,2023-24
FAR EAST CONSORTIUM HOLDINGS (AUSTRALIA) PTY LTD,80062878880,903183676,,,2023-24
FARM FRITES AUSTRALIA PTY LTD,13614478438,149051733,11149070,3285272,2023-24
FARM PRIDE FOODS LIMITED,42080590030,101854290,,,2023-24
FARRELLY CONSTRUCTION SERVICES PTY LTD,19136719394,101577589,8549875,2564962,2023-24
FASHION BIZ (AUST) PTY LTD,63070328282,130135034,13005423,3901627,2023-24
FAST AUTOS PTY LTD,49657022592,148971706,9117571,2735271,2023-24
FAYMAN INTERNATIONAL GROUP PTY LTD,72640390576,375439947,20111518,6033455,2023-24
FCCD (AUSTRALIA) PTY LIMITED,16134182380,190513448,9693149,2907945,2023-24
FDC CONSOLIDATED PTY LTD,84644030759,1414565705,83075777,24922733,2023-24
FEDERAL EXPRESS (AUSTRALIA) PTY LTD,51624271487,2654681545,51249465,15374840,2023-24
FENIX RESOURCES LIMITED,68125323622,267061680,66669266,20000780,2023-24
FENNER (PACIFIC) PTY LIMITED,49000231532,631155784,87878462,25158923,2023-24
FERNGROVE PHARMACEUTICALS AUSTRALIA PTY LTD,80154645762,147158361,33294659,9988398,2023-24
FERNTREE GULLY AUTO SALES PTY LTD,82156564224,137571297,4555230,1366569,2023-24
FERRARI AUSTRALASIA PTY LIMITED,90160706141,167278018,6080081,1824024,2023-24
FERRERO AUSTRALIA PTY LIMITED,29001249261,385078537,21010169,6303051,2023-24
FERROVIAL CONSTRUCTION (AUSTRALIA) PTY LTD,98150820116,106723161,47877959,14363388,2023-24
FIGTREE HEAD TOPCO II PTY LTD,12651158404,212785906,,,2023-24
FIGUREHEAD CONSTRUCTION HOLDINGS PTY LTD,,127263397,,,2023-24
FIL INVESTMENT MANAGEMENT (AUSTRALIA) LIMITED,34006773575,128645527,14265311,4279593,2023-24
FINANCIAL HOLDINGS AUSTRALIA PTY LTD,69112971132,159843002,22500560,6750168,2023-24
FINASUCRE INVESTMENTS (AUSTRALIA) PTY LIMITED,23062315593,373005033,,,2023-24
FINDEX GROUP LIMITED,40128588714,408421258,25339211,4861487,2023-24
FINISAR AUSTRALIA PTY LTD,45098184582,129767194,36345049,,2023-24
FIREFLY ENTERTAINMENT INC,79486750677,118529956,74232879,22269864,2023-24
FIRST COMMERCIAL BANK LTD,15126292608,277389392,31742031,9522609,2023-24
FIRST DATA RESOURCES INVESTMENTS PTY LTD,63057257771,147412175,19383677,5815103,2023-24
FIRST FIBRE TOPCO PTY LIMITED,,136377537,,,2023-24
FIRST SENTIER INVESTORS HOLDINGS PTY LTD,49630725558,620946170,143918599,42497874,2023-24
FIRSTMAC LIMITED,59094145963,254804051,35262625,10578788,2023-24
FIRSTYLE HOMES PTY LIMITED,59087773779,122807284,10615079,3184524,2023-24
FIS AUSTRALASIA PTY LTD,45093114759,128769010,,,2023-24
FISHER & PAYKEL AUSTRALIA HOLDINGS LIMITED,19003659425,602770512,15301524,4465972,2023-24
FITNESS AND LIFESTYLE GROUP TOPCO PTY LTD,50614113192,507187713,,,2023-24
FITZGERALD CONSTRUCTIONS AUSTRALIA PTY LTD LTD,11087331164,203138540,33687828,10106348,2023-24
FITZROY AUSTRALIA RESOURCES PTY LTD,14615772391,777950240,,,2023-24
FKG CIVIL PTY LTD,65123436751,146555285,22269874,6680962,2023-24
FLAVORITE HOLDCO PTY LIMITED,18641610513,189554960,,,2023-24
FLAVOUR MAKERS AUSTRALIA PTY LTD,61145820220,151934342,5025813,1079173,2023-24
FLAVOUR MAKERS PTY LTD,65005953168,117038724,579233,173770,2023-24
FLEET NETWORK PTY LTD,88134534286,147571679,18853890,5257987,2023-24
FLEET PLANT HIRE PTY LTD,90053329301,101018755,5233484,1570045,2023-24
FLEETCOR TECHNOLOGIES PTY LTD,58161719393,165625613,78216446,23464934,2023-24
FLEETPARTNERS GROUP LIMITED,85131557901,516933856,,,2023-24
FLETCHER BUILDING (AUSTRALIA) PTY LTD,11093539452,2562145336,280573,,2023-24
FLETCHER INTERNATIONAL GROUP PTY LTD,75626211907,985145677,122454892,36736468,2023-24
FLIGHT CENTRE TRAVEL GROUP LIMITED,25003377188,1546227536,27887012,,2023-24
FLINDERS PORT HOLDINGS PTY LTD,46117687313,309150593,68254635,20476390,2023-24
FLORA GREEN PTY LTD,47608829214,8252256011,389057938,95438973,2023-24
FLSMIDTH PTY LTD,85000221590,598106912,17874682,4426520,2023-24
FLUENCE ENERGY PTY LTD,18627071461,851721100,8200086,2460026,2023-24
FLUIDRA HOLDINGS AUSTRALIA PTY LTD,11128458104,260540740,41105193,11620062,2023-24
FLUOR AUSTRALIA PTY LTD,28004511942,230266338,,,2023-24
FMC AUSTRALASIA PTY LTD,45095326891,173942200,11199065,1085304,2023-24
FNZ HOLDINGS AUSTRALIA PTY LIMITED,73138819146,129350415,,,2023-24
FOOD INVESTMENTS PTY LTD,85008426177,2935068154,118846750,28721342,2023-24
FOODEX CORP PTY LTD,,106254077,7071868,2121560,2023-24
FOODLINK AUSTRALIA PTY LTD,86132703229,315586625,20076663,6022999,2023-24
FOOT LOCKER AUSTRALIA INC,22619093977,426593935,18395053,5518516,2023-24
FORD CIVIL CONTRACTING PTY LIMITED,24002542814,126137306,6307707,1892312,2023-24
FORD MOTOR COMPANY OF AUSTRALIA PTY LTD,30004116223,5338645596,,,2023-24
FORE GROUP PTY LTD,94635441511,144557453,1900702,570211,2023-24
FOREST ONE GROUP PTY LTD,42004560605,277608187,10324147,3097244,2023-24
FORICO PTY LIMITED,33169204059,147314139,,,2023-24
FORM 700 HOLDINGS PTY LTD,42102996378,242604055,58949,17685,2023-24
FORMBAY TRADING PTY LIMITED,31146464995,347088856,2110645,633194,2023-24
FORTESCUE LTD,57002594872,28380243392,13426560563,3934268084,2023-24
FORTH FARM PRODUCE PTY LTD,25009527913,112611657,416666,,2023-24
FORTNUM PRIVATE WEALTH LTD,54139889535,141841651,1192926,357878,2023-24
FOX & LILLIE HOLDINGS PTY. LTD.,57004604844,383801358,,,2023-24
FOXLEIGH COAL PTY LTD,24125986549,379640673,169320890,17835527,2023-24
FQM AUSTRALIA HOLDINGS PTY LTD,77136613075,488211998,,,2023-24
FRAGRANCE SOUTH PACIFIC PTY LTD,98167894662,209685710,,,2023-24
FRANK GREEN ENTERPRISES PTY LTD,61166075592,104754480,18348159,5504448,2023-24
FRANKLIN TEMPLETON (AUSTRALIA) HOLDINGS PTY LTD,66118222343,227320648,41999864,12599959,2023-24
FRASERS PROPERTY AUSTRALIA PTY LIMITED,89600448726,970603828,125206511,37561953,2023-24
FREDON INDUSTRIES PTY LIMITED,12003361297,140712521,12972496,1788252,2023-24
FREEDMAN ELECTRONICS PTY LIMITED,91000576483,301905575,42808430,,2023-24
FREEDOM ENERGY HOLDINGS PTY LTD,24093243844,2100043186,17467313,5240194,2023-24
FREIGHT MANAGEMENT HOLDINGS PTY. LTD.,14144724532,440088983,33093169,8805971,2023-24
FREIGHTER GROUP PTY LTD,88614717261,351059269,38692258,9769106,2023-24
FRENKEN HOMES PTY LTD,39121265898,109480234,2863597,859079,2023-24
FREQUENCY INFRASTRUCTURE AUSTRALIA HOLDINGS PTY LIMITED,27136262952,334576193,,,2023-24
FRESENIUS KABI AUSTRALIA PTY LIMITED,39109383593,156828828,13565772,4059722,2023-24
FRESENIUS MEDICAL CARE AUSTRALIA PTY LIMITED,80067557877,238559753,5642343,,2023-24
FRESH & SAVE FOOD WAREHOUSE PTY LTD,75161117175,165148854,4578016,1373405,2023-24
FRESH FREIGHT TASMANIA PTY LTD,58106686373,100418579,21534409,6460323,2023-24
FRESH TO GO FOODS PTY LTD,92659532171,106867377,,,2023-24
FRESHMAX GROUP PTY LIMITED,33154789321,228868850,404147,,2023-24
FRESTINE DAIRY AUSTRALIA PTY LIMITED,40641142485,117327479,,,2023-24
FREUDENBERG HOME AND CLEANING SOLUTIONS PTY LTD,99082274324,111098752,6517087,1955126,2023-24
FRIENDLY SOCIETY MEDICAL ASSOCIATION LIMITED,69088347602,324472969,,,2023-24
FRIESIAN PTY LTD,33625545995,206003133,,,2023-24
FRONIUS AUSTRALIA PTY LTD,65144615896,127397807,15527789,4658337,2023-24
FRONTIER INTERNATIONAL AGRI PTY LTD,78166496064,152945709,2276993,683098,2023-24
FSS AGRICULTURE 1 PTY LIMITED,33628220913,151120872,,,2023-24
FTA FOOD SOLUTIONS PTY LTD,82059480054,365239468,,,2023-24
FTI CONSULTING FD AUSTRALIA HOLDINGS PTY LTD,97127241454,134748874,19953927,5986178,2023-24
FUCHS LUBRICANTS (AUSTRALASIA) PTY LTD,88005681916,422837306,17850249,5355075,2023-24
FUEL DISTRIBUTORS OF WESTERN AUSTRALIA PTY LTD,11087051778,258101416,2003343,601003,2023-24
FUEL TRANS AUSTRALIA PTY LTD,54128300309,373542114,9050394,2715118,2023-24
FUGRO HOLDINGS (AUSTRALIA) PTY LTD,99003010099,283811660,,,2023-24
FUJIFILM BUSINESS INNOVATION AUSTRALIA PTY LTD,63000341819,800943496,68217572,18428868,2023-24
FUJIFILM HOLDINGS AUSTRALASIA PTY LIMITED,58008443892,264042291,11979639,3593892,2023-24
FUJITSU AUSTRALIA LIMITED,19001011427,1029029828,,,2023-24
FUJITSU GENERAL (AUST) PTY LIMITED,55001229554,224945587,10095805,3028742,2023-24
FULTON HOGAN AUSTRALIA PTY LTD,42135849115,3707758897,233690663,69613726,2023-24
FURNX PTY LTD,80111723829,124641487,17945746,5383724,2023-24
FUSION5 PTY LTD,12109506970,102404567,11052842,3315853,2023-24
FUTURE GENERATION AUSTRALIA LIMITED,97063935553,109836502,51966582,9709392,2023-24
FX HOLDCO PTY LIMITED,33609955062,270076659,80400633,22769847,2023-24
G J & K CLEANING SERVICES PTY LIMITED,64006418908,170020160,13239761,3805245,2023-24
G JAMES PTY LTD,25009696404,419229349,12000000,,2023-24
G. & K. O'CONNOR PTY. LTD.,49005934029,333523571,44635456,13390637,2023-24
G.A. GROUP (AUSTRALIA) PTY LTD,26605793682,215316402,,,2023-24
G.P. & M.M. THURLOW PTY LTD,25064311879,429329111,17514848,5254454,2023-24
G4S AUSTRALIA HOLDINGS PTY LTD,68128783602,323869634,13883035,4164910,2023-24
G8 EDUCATION LIMITED,95123828553,987000515,89248388,26774516,2023-24
GAIF 4-1 BORROWER COMPANY PTY LIMITED,55134604176,187333878,,,2023-24
GALDERMA AUSTRALIA PTY LIMITED,12003976930,257842394,30584207,9175262,2023-24
GALIPO FOOD CO PTY LTD,20631041695,248341086,2991114,897334,2023-24
GALLAGHER AUSTRALIA INVESTMENT PTY LTD,79127141306,146713960,6613944,,2023-24
GALLERIA MOTORS PTY LIMITED,73077588017,136965422,4807607,1442282,2023-24
GAMMA INVESTMENTS HOLDCO PTY LTD,30635098690,231854194,39071915,11721574,2023-24
GAMUDA BERHAD,27632738768,1184031971,43963327,13188998,2023-24
GAMUDA HOLDING PTY LTD,81665763020,1286755933,20176852,6053056,2023-24
GARDEN CITY PLANTERS PTY. LTD.,28005295223,159296311,4581961,1374588,2023-24
GARDNER AUTOS PTY LTD,36615971750,194644551,10051871,3015561,2023-24
GARMIN AUSTRALASIA PTY LIMITED,85129153448,254582994,11598858,3479657,2023-24
GARNET INTERNATIONAL RESOURCES PTY LTD,77081244715,196525080,27109323,8132797,2023-24
GARTNER AUSTRALASIA PTY LIMITED,69003708601,262096261,16520974,4956292,2023-24
GASMAK PTY LIMITED,71157730580,525596108,26035016,7810505,2023-24
GATE GOURMET (HOLDINGS) PTY LIMITED,59004122892,205461413,,,2023-24
GBG (AUSTRALIA) HOLDING PTY LTD,88168770152,189329759,16040298,4004136,2023-24
GBX TRADING FZE,32406282107,228513098,165596,49679,2023-24
GCW HOLDINGS PTY LTD,90070345845,239786361,34758273,10427482,2023-24
GDI (EII) PTY LIMITED,96154766524,124768175,,,2023-24
GE GRID AUSTRALIA PTY LTD,91106900707,157564115,,,2023-24
GE HEALTHCARE AUSTRALIA PTY LIMITED,32001408402,411848877,25586810,7676043,2023-24
GE POWER HOLDINGS AUSTRALIA PTY LTD,18143300985,746722650,,,2023-24
GEA PROCESS ENGINEERING PTY LTD,26000689618,174249394,13454435,3997366,2023-24
GECKO HOLDINGS AUSTRALIA PTY LTD,17614067775,108653324,,,2023-24
GEEMAZ HOLDINGS PTY LTD,39144787084,108956097,5736012,1720804,2023-24
GEETOY HOLDINGS PTY LTD,38144785017,150458533,10577290,3163489,2023-24
GEMFIRE PTY LTD,19056293684,133767180,12199689,3659907,2023-24
GENERAL MILLS HOLDING (AUSTRALIA) PTY LTD,50095075808,375386092,14763292,4055951,2023-24
GENERAL MOTORS HOLDINGS AUSTRALIA PTY LTD,39603486844,2036729000,,,2023-24
GENERAL REINSURANCE AUSTRALIA LIMITED,16008427450,265961208,4882905,747844,2023-24
GENERATION LIFE LIMITED,68092843902,345751982,59033896,3408626,2023-24
GENERIC HEALTH PTY LTD,93110617859,109181165,20947127,6284138,2023-24
GENESIS CARE PTY LIMITED,38137188464,610393779,,,2023-24
GENESIS MINERALS LTD,72124772041,444339768,,,2023-24
GENESYS CLOUD SERVICES PTY. LTD.,80077375887,168154045,8053248,2248001,2023-24
GENPACT AUSTRALIA PTY LTD,15616571423,213393787,22381608,6714482,2023-24
GENUITY PTY LTD,34128655096,426432122,,,2023-24
GENUSPLUS GROUP LIMITED,86620283561,555778640,30363218,9108965,2023-24
GEO GROUP AUSTRALASIA PTY LTD,79051914688,271198982,22469290,6740787,2023-24
GEOCON CONSTRUCTORS (ACT) PTY LTD,56163299769,156237920,,,2023-24
GEOCON LAND HOLDINGS GROUP PTY LTD,27601912949,205365037,,,2023-24
GEODIS HOLDING AUSTRALIA PTY LTD,76001193193,530823870,3247816,974345,2023-24
GEOFABRICS AUSTRALASIA PTY LTD,23005479961,238307255,35832561,10149519,2023-24
GEOFFREY NATHAN (AUSTRALIA) PTY LTD,66157867091,194443243,2583650,775095,2023-24
GEORGE HEALTH ENTERPRISES PTY LIMITED,52600182821,409948620,195452255,58635676,2023-24
GEORGIOU GROUP PTY LTD,82073851948,850910821,79635813,23890744,2023-24
GERALDTON FISHERMEN'S CO-OPERATIVE LTD,52425663385,322150882,,,2023-24
GERALDTON FUEL CO PTY LTD,29002844162,332725409,10096217,3028865,2023-24
GERARD PRIVATE HOLDINGS (NO2) PTY LTD,24103888491,155548667,,,2023-24
GET REAL FOODS PTY LIMITED,65601572472,482978243,8062427,2418728,2023-24
GETINGE AUSTRALIA PTY LIMITED,67009673518,104041900,5700549,1710165,2023-24
GHD GROUP LIMITED,32118062258,1515380480,207884174,56300497,2023-24
GHELLA PTY LTD,85142392461,713042515,27488397,8246519,2023-24
GIBSON'S LIMITED,23009476064,345479830,,,2023-24
GILEAD SCIENCES PTY LTD,71072611708,336771652,25438136,3152545,2023-24
GILMAC PTY LTD,55059831926,172384665,14270362,4281109,2023-24
GIP CAPRICORN FINCO PTY LTD,41644564394,149272145,,,2023-24
GIP SHARON FINCO PTY LTD,79653997463,174316100,,,2023-24
GIPA GUERNSEY CO 1 LIMITED,20848114195,101120355,,,2023-24
GIVAUDAN AUSTRALIA PTY LIMITED,87000470280,160057649,4381376,1314413,2023-24
GLASSHOUSE GROUP HOLDINGS PTY LTD,37655131561,929560914,16603,,2023-24
GLASSONS AUSTRALIA PTY LTD,15074774637,202399133,31658685,9497606,2023-24
GLAXOSMITHKLINE HOLDINGS PTY LTD,75000465878,700686078,23599823,7079947,2023-24
GLEN DIMPLEX AUSTRALIA HOLDINGS PTY LIMITED,12609977728,127903979,173666,,2023-24
GLENCORE HOLDINGS PTY LIMITED,41104160689,4324923130,5861559073,,2023-24
GLENCORE INVESTMENT PTY LIMITED,67076513034,31624832261,7941907945,1895906605,2023-24
GLENCORE SA HOLDINGS LTD,14680897223,143353572,962105,288632,2023-24
GLOBAL ADVANCED METALS PTY LTD,35139987465,255599246,194018375,58123134,2023-24
GLOBAL CARS AUS HOLDINGS PTY LTD,50654160488,126155088,,,2023-24
GLOBAL DIVERSIFIED INFRASTRUCTURE FUND (ACTIVE),73751308908,381511744,4293392,,2023-24
GLOBAL KNIGHTS PTY LTD,13650030872,359797718,2818684,845605,2023-24
GLOBAL MEDICS PTY LTD,61122582183,151453966,90634,27190,2023-24
GLOBAL PAYMENTS AUSTRALIA 1 PTY LTD,26601396543,161247356,51253433,9507557,2023-24
GLOBAL SWITCH AUSTRALIA HOLDINGS PTY LTD,35138200049,255828969,,,2023-24
GLOBE INTERNATIONAL LIMITED,65007066033,122088300,13373177,3938741,2023-24
GLOBIRD ENERGY GROUP PTY LTD,35669085956,283225488,26397797,7919339,2023-24
GLYNWED PACIFIC HOLDINGS PTY LTD,50008100703,614883676,34379172,10313752,2023-24
GMP PHARMACEUTICALS PTY LIMITED,80063353006,269509246,10751924,108248,2023-24
GO MARINE GROUP PTY LTD,13136337409,154276246,2076365,,2023-24
GO SPECIALIST TRADE HOLDCO PTY LTD,61664087914,135850262,14799329,4439799,2023-24
GODOLPHIN AUSTRALIA PTY LTD,42093921021,159207046,,,2023-24
GOLD AUSTRALIA (SA) PTY LTD,72641570309,127827212,1978674,593602,2023-24
GOLD DEALERS EXCHANGE PTY LTD,76611812536,100619994,1098471,329541,2023-24
GOLD FIELDS AUSTRALIA PTY LTD,91098385285,3305438394,1176591018,350178488,2023-24
GOLD ROAD RESOURCES LIMITED,13109289527,479593773,138757450,41627235,2023-24
GOLDACRES TRADING PTY LTD,30061306732,120724384,23641113,6597720,2023-24
GOLDEN COCKEREL PTY LTD,84009906432,435119448,13941310,4182393,2023-24
GOLDEN EGG PRODUCERS PTY LTD,34009761228,113667167,278245,83474,2023-24
GOLDLINQ HOLDINGS PTY LTD,,165606634,,,2023-24
GOLDMAN SACHS HOLDINGS ANZ PTY LIMITED,27151154791,1892781660,101880553,29573953,2023-24
GOLDVALLEY BROWN STONE PTY LTD,28646172116,243456719,,,2023-24
GOLDWIND AUSTRALIA PTY LIMITED,32140108390,239459180,,,2023-24
GOOD DRINKS AUSTRALIA LIMITED,22103014320,113253471,3435813,1030744,2023-24
GOOD FOOD PARTNERS HOLDCO PTY LIMITED,47646575662,155244744,,,2023-24
GOOD GOODS HOLDINGS PTY LTD,,129417643,,,2023-24
GOODMAN LIMITED,69000123071,944921682,129481318,37943997,2023-24
GOODYEAR AUSTRALIA PTY LTD,75000017489,825470207,,,2023-24
GOOGLE AUSTRALIA PTY LIMITED,33102417032,2079686155,483169478,132368332,2023-24
GOOGLE CLOUD AUSTRALIA PTY LTD,68610798466,169659813,2443283,732985,2023-24
GOTW PTY LTD,31000392727,1980525920,154996508,,2023-24
GOVE ALUMINIUM FINANCE LIMITED,45001860073,736409647,,,2023-24
GPC ASIA PACIFIC HOLDINGS PTY LTD,80162550978,2912709397,219905935,63210534,2023-24
GPT MANAGEMENT HOLDINGS LIMITED,67113510188,267651602,33936337,10180901,2023-24
GR ENGINEERING SERVICES LIMITED,12121542738,436259527,56146603,16530160,2023-24
GRAHAME COOK PLUMBING SUPPLIES SALES PTY LIMITED,11070592951,187700677,13464307,4039292,2023-24
GRAINCORP LIMITED,60057186035,7152365295,208151894,62291693,2023-24
GRAND CENTRAL (AUSTRALIA) PTY. LIMITED,74054210061,101205455,15745383,4723615,2023-24
GRAND HOTEL COMPANY PTY LTD,51073486003,105604241,438852,131656,2023-24
GRAND MOTORS PTY LTD,86009763508,123021629,6380297,1914089,2023-24
GRANGE RESOURCES LIMITED,80009132405,638012651,110897078,31376917,2023-24
GRANGEHURST ENTERPRISES PTY LIMITED,18091454527,104618414,14586971,4374113,2023-24
GRANSOLAR CONSTRUCTION AUSTRALIA PTY LTD,71640607209,768028182,20270125,5757718,2023-24
GRANT THORNTON AUSTRALIA LIMITED,41127556389,370642181,91002939,27295517,2023-24
GRAPHIC PACKAGING INTERNATIONAL AUSTRALIA PTY LTD,22057776888,193827653,,,2023-24
GRAYS.COM PTY LTD,78634636310,114036206,,,2023-24
GREAT LAKES INSURANCE (SE),18964580576,289550844,,,2023-24
GREAT SOUTHERN ENERGY PTY LTD,40621409201,131666945,314614,94384,2023-24
GREEN ENDEAVOUR PTY LTD,49010144760,105948180,1534088,460226,2023-24
GREEN ENERGY TRADING PTY LTD,21128476406,151022515,4529100,1358730,2023-24
GREEN LEAVES HOLDCO PTY LTD,78655049120,228949643,36178784,10853635,2023-24
GREEN RV PTY LTD,56626792630,116957718,4312263,1293679,2023-24
GREENFIELDS DEVELOPMENT COMPANY NO. 2 PTY LTD,31133939965,144966583,,,2023-24
GREENLAND (AUSTRALIA) INVESTMENT PTY LIMITED,38163240408,149805625,,,2023-24
GREENLAND HOLDCO PTY LTD,,163098538,,,2023-24
GREENLIT BRANDS PTY LIMITED,21612890874,853708987,,,2023-24
GREENMOUNTAIN GROUP PTY LTD (CONSOLIDATED),51106325811,149770749,6388867,1916660,2023-24
GREENRIDGE PROPERTY HOLDINGS PTY LTD,,192125122,28854062,8656219,2023-24
GREENSTONE HOLDCO PTY LIMITED,38612810232,412991726,,,2023-24
GREGALA PTY LIMITED,88001294060,239134471,,,2023-24
GRIFFON AUSTRALIA HOLDINGS PTY LIMITED,35156377356,364706539,48827432,14622096,2023-24
GRIFOLS AUSTRALIA PTY LTD,35050104875,111033429,760006,228002,2023-24
GRILL'D PTY LTD,17106297394,409874213,2323068,696920,2023-24
GRINDING MEDIA PTY LTD,47615611759,437728421,,,2023-24
GRINDLEY CONSTRUCTION PTY LIMITED,42003586687,180475956,6305835,1891750,2023-24
GRIZZLY TOPCO PTY LTD,25665595184,133957020,,,2023-24
GROCERY DELIVERY E-SERVICES AUSTRALIA PTY LTD,19155437620,844217133,,,2023-24
GROOTE EYLANDT MINING COMPANY PTY LTD,26004618491,1021145223,,,2023-24
GROSNECCA AGRICULTURE HOLDINGSPTY LTD,70607142870,454676874,5208354,62056,2023-24
GROSVENOR ENGINEERING GROUP PTY LTD,12003608795,252805304,,,2023-24
GROUNDED CONSTRUCTION GROUP PTY LTD,69166112429,188135061,11843288,3552986,2023-24
GROVE (AUST) PTY LTD,80078740673,121594210,15050895,4515268,2023-24
GROWTH STEEL AUSTRALIA PTY LTD,33091683457,127580925,5600733,1680220,2023-24
GROWTHBUILT PTY LTD,43115132020,378336716,,,2023-24
GRUMA OCEANIA PTY LTD,35117976002,261462034,12723328,3816998,2023-24
GRUNDFOS AUSTRALIA HOLDING PTY LTD,31162450259,195874879,25322368,7596710,2023-24
GS COAL HOLDINGS PTY LTD,56166342427,2156543225,1076199403,322605226,2023-24
GS GLOBAL AUSTRALIA PTY LTD,12003931548,133905898,862576,258773,2023-24
GSA CAPITAL PTY LTD,41004948298,221183378,143697718,42417408,2023-24
GTH PROJECT NO 4 PTY LTD,30607629149,215685797,,,2023-24
GTN LIMITED,38606841801,102376361,3286154,985846,2023-24
GTS FREIGHT MANAGEMENT PTY LTD,58007997604,123958716,,,2023-24
GUARDFORCE INVESTMENT HOLDINGS PTY LIMITED,46610494105,180343261,,,2023-24
GUARDIAN ALPHABET HOLDCO PTY LTD,54628455103,189424523,,,2023-24
GUCCI AUSTRALIA PTY LIMITED,49093354548,342887953,35927647,10685952,2023-24
GUIDERA O'CONNOR PTY LTD,71099012870,103978505,,,2023-24
GUILD GROUP HOLDINGS LIMITED,72060237774,418918207,26856945,7581744,2023-24
GULF WESTERN HOLDINGS PTY LTD,90670201822,101613181,2504283,751285,2023-24
GUNLAKE CONCRETE NSW PTY LTD,35606681850,215985492,10337865,3101360,2023-24
GUSTO AUS HOLDCO PTY LTD,22661078146,285083961,,,2023-24
GUZMAN Y GOMEZ LIMITED,25125554743,360357488,38468039,11447569,2023-24
GWA GROUP LIMITED,15055964380,347248257,72998994,20289181,2023-24
GWS AUTOMOTIVE GROUP PTY LTD,97161490759,275297860,7260391,2176727,2023-24
H & K RESTAURANT SYSTEMS UNLIMITED COMPANY,88097969579,112737143,3092406,927722,2023-24
H & M HENNES & MAURITZ PTY LTD,83160056548,348616480,4361051,1308315,2023-24
H & S INTERNATIONAL (AUST) PTY LTD,93621762285,108964495,6525426,1957628,2023-24
H A BENNETT & SONS PTY LTD,70007450811,102465288,4010360,1203108,2023-24
H P S TRANSPORT PTY LTD,84082807690,135014893,24904080,7471224,2023-24
H TROON PTY LTD,73120422755,199695893,4473749,1342125,2023-24
H&R BLOCK LIMITED,89064268800,134866199,17019425,5105828,2023-24
H.A. JACOB & SONS PROPRIETARY LIMITED,88004464411,211108093,5746948,1724084,2023-24
HABIT FINANCIAL SERVICES PTY LTD,59626521202,530722906,,,2023-24
HACER AUSTRALIA PTY LTD,90650862721,471457288,2457480,737244,2023-24
HACHETTE AUSTRALIA PTY LIMITED,32000884855,103369322,9382633,2794491,2023-24
HADBEY DEVELOPMENTS HOLDINGS PTY LTD,63671771583,113713100,,,2023-24
HAEUSLERS GROUP PTY LTD,72004735700,154078388,4914279,1474284,2023-24
HAFELE AUSTRALIA PTY LTD,51006021432,168783523,7205211,2161563,2023-24
HAGER ELECTRO PTY LTD,84061639576,129121496,19184517,5755355,2023-24
HALEON AUSTRALIA PTY LTD,68603310292,561086244,28018193,8405458,2023-24
HALL HOLDCO PTY LTD,83623029005,275589655,699985,209996,2023-24
HALLETT CONCRETE PTY. LTD.,46007955419,112797236,,,2023-24
HALLIBURTON CONSOLIDATED PTY LTD,67101049521,461388193,40310823,11978597,2023-24
HALLMARK HOMES PTY LTD,57007959524,115047257,16365835,4909750,2023-24
HAMERROO PTY LTD,69006226955,103127117,85415281,,2023-24
HAMILTON & MARINO HOLDINGS PTY LTD,72145812228,439287948,2089833,626950,2023-24
HAMPTON TRANSPORT SERVICES PTY LTD,73008733060,144651779,,,2023-24
HANCOCK PROSPECTING PTY LTD,69008676417,7922948764,7342678093,983862632,2023-24
HANCOCK QUEENSLAND PLANTATIONS PTY LTD,30142129342,301231472,,,2023-24
HANCOCK VICTORIAN PLANTATIONS AUSTRALIA II PTY LTD,82084801016,142448354,47578268,14273480,2023-24
HANCOCK VICTORIAN PLANTATIONS HOLDINGS PTY LIMITED,16084801178,382698366,,,2023-24
HANNOVER LIFE RE OF AUSTRALASIA LTD,37062395484,1395582582,65363344,19609003,2023-24
HANNOVER RUECK SE AUSTRALIAN BRANCH,88002927031,1247198950,113031900,33909570,2023-24
HANSEN TECHNOLOGIES LIMITED,90090996455,103896077,23162161,5735139,2023-24
HANSEN YUNCKEN AUSTRALIA PTY LTD,97666564683,1202706377,,,2023-24
HANSHOW AUSTRALIA PTY LTD,67647233887,114389871,1089359,326808,2023-24
HANSON AUSTRALIA (HOLDINGS) PTY LTD,48090994657,2458338334,278699278,70861161,2023-24
HANWHA ENERGY AUSTRALIA PTY LTD,87624193068,142437334,,,2023-24
HARDWARE & GENERAL SUPPLIES LTD,81000332105,133770788,,,2023-24
HARE & FORBES PTY LTD,96000286957,171860398,27377626,8193319,2023-24
HARLEY HEAVEN PTY LTD,56003059354,116803747,,,2023-24
HARLEY-DAVIDSON AUSTRALIA PTY LTD,83098483259,192663916,10465944,3135456,2023-24
HARRISON MOTORING GROUP PTY LTD,62005752269,203924592,9456172,2739852,2023-24
HARRY THE HIRER PTY LTD,78004959362,185524995,46728116,14018435,2023-24
HART HOLDINGS PTY LTD,87008612422,117360172,,,2023-24
HARTREE PARTNERS (AUSTRALIA) PTY LTD,95650910080,209617279,,,2023-24
HARVEST ROAD GROUP PTY LTD,31169138014,448211171,,,2023-24
HARVEY NORMAN HOLDINGS LTD,54003237545,1491364606,389457450,114101423,2023-24
HAS AUST PTY LTD,82002537895,151154454,561301,,2023-24
HASLIN CONSTRUCTIONS PTY LTD,85051102124,154476538,13198979,3957764,2023-24
HASSELL AUSTRALIA LIMITED,34128785080,138132411,19453802,5823784,2023-24
HASTINGS CO-OP LIMITED,86601035121,101713321,,,2023-24
HATCHCOS HOLDINGS PTY LTD,35072620467,419734509,84212783,24380795,2023-24
HAULMARK TRAILERS (AUSTRALIA) PTY LTD,85010131567,124023336,17951650,5385495,2023-24
HAULOTTE AUSTRALIA PTY LTD,43086901699,127252528,2213098,663929,2023-24
HAVAL MOTORS AUSTRALIA PTY LTD,68166119795,1191321181,42079944,12623983,2023-24
HAVANESE PTY LTD,78629735075,102455904,8495915,2548774,2023-24
HAYS SPECIALIST RECRUITMENT (AUSTRALIA) PTY LTD,47001407281,2478105335,18587771,5518738,2023-24
HAZELL BROS GROUP PTY LTD,27088345804,181498834,,,2023-24
HB LAND PTY LTD,46637165498,236092191,31508428,9400280,2023-24
HB TOPCO PTY LTD,14656565249,380180000,,,2023-24
HBF WELLNESS HOLDINGS PTY LTD,69162625390,217170595,2764560,,2023-24
HBI HOLDINGS AUSTRALASIA PTY LTD,52612185476,1076446841,62829441,15925619,2023-24
HCF HOLDCO PTY LIMITED,53653844181,426490259,2134104,640231,2023-24
HCL AUSTRALIA SERVICES PTY LTD,72081196983,602220071,19258421,5777526,2023-24
HDI GLOBAL SE AUSTRALIA BRANCH,55490279016,640241934,50985059,15295518,2023-24
HDI GLOBAL SPECIALTY SE AUSTRALIAN BRANCH,58129395544,561639991,9560449,1618005,2023-24
HEALIUS LIMITED,24064530516,1746174667,,,2023-24
HEALTHDIRECT AUSTRALIA LTD,28118291044,191417759,,,2023-24
HEALTHX HOLDINGS PTY LTD,32663688033,104489924,14986364,4495909,2023-24
HEARTHEALTH HOLDCO PTY LIMITED,50659881562,151381272,,,2023-24
HEARTLAND GROUP PTY LIMITED,96001235392,340795974,15017345,3964826,2023-24
HEARTS AND MINDS INVESTMENTS LIMITED,61628753220,413976605,3576580,,2023-24
HEAT AND CONTROL PTY. LTD.,82009742803,214066996,1606891,,2023-24
HEINEMANN OCEANIA PTY LTD,36159521338,310586342,,,2023-24
HELIA GROUP LIMITED,72154890730,624424950,59167525,15758980,2023-24
HELLMANN WORLDWIDE LOGISTICS PTY LTD,13003199755,207569683,,,2023-24
HELLO MOLLY PTY LTD,91158264076,148072908,33063263,9918979,2023-24
HELLOWORLD TRAVEL LIMITED,60091214998,133239600,44065485,12244560,2023-24
HEMMES GROUP PTY LTD,53105332376,655953009,26811038,8043311,2023-24
HEMPEL NEWCO (AUSTRALIA) PTY LTD,98647861345,257311718,,,2023-24
HENDRICKSON ASIA PACIFIC PTY LTD,21004992769,144574261,25998889,7690019,2023-24
HENKEL FINANCE AUSTRALIA,15740196765,511648227,50570221,15164880,2023-24
HENLEY PROPERTIES (QLD) PTY LTD,42068886000,466692551,34139284,10241785,2023-24
HENNING HARDERS HOLDINGS PTY LTD,53617634367,142798640,6687015,2002652,2023-24
HENRY HAYMES PTY LTD,14004201638,167349893,6482752,,2023-24
HEP AUSTRALIA HOLDINGS PTY LTD,22129428155,271187219,42461228,12353946,2023-24
HERAN PTY LTD,18088224695,123669026,,,2023-24
HERITAGE AND PEOPLE'S CHOICE LIMITED,11087651125,1378726600,57639765,15649527,2023-24
HERITAGE HOLDINGS (AUSTRALIA) PTY LTD,34618848936,147153669,3376328,1012898,2023-24
HERMES AUSTRALIA PTY LTD,88003558085,478058134,172045939,51613782,2023-24
HERMITAGE BUILDING GROUP PTY LTD,79150694572,139337587,4012562,1203769,2023-24
HERTZ INVESTMENT (HOLDINGS) PTY LTD,,549328600,41157424,12347227,2023-24
HESTIA HOLDCO PTY LIMITED,94671594764,116563235,11378097,3413429,2023-24
HEWLETT-PACKARD SOUTH PACIFIC PTY LTD,94121554489,758811420,20589457,6176837,2023-24
HEXION PTY LTD,32004271827,165313302,,,2023-24
HG HOLDCO PTY LTD,20603088606,559920993,9294463,2788339,2023-24
HI PROPERTY HOLDINGS PTY LTD,59618453240,116123859,,,2023-24
HIAB AUSTRALIA PTY LTD,72097663431,215730377,,,2023-24
HICKORY GROUP HOLDINGS LIMITED,11617050914,488956325,,,2023-24
HIGHBROOK HOLDINGS PTY LTD,32157828058,403839881,8381966,,2023-24
HIGHLAND AUTOS PTY LTD,13121604297,155191857,8261328,2478398,2023-24
HILDITCH PTY LTD,47005669161,182673003,9553470,2866041,2023-24
HILLS PET NUTRITION PTY LIMITED,86003954550,157177742,4381984,1314595,2023-24
HILLS TANKERS PTY LTD,17065209707,102023834,4143443,1243033,2023-24
HILLSIDE (AUSTRALIA NEW MEDIA) PTY LIMITED,75148920665,263100758,,,2023-24
HILTI (AUST.) PTY. LTD.,44007602100,206205035,12588873,3776662,2023-24
HILTON FOODS AUSTRALIA PTY LTD,60613035500,2712753997,44034265,13210280,2023-24
HINDMARSH CONSTRUCTION AUSTRALIA PTY LTD,15126578176,480383641,,,2023-24
HINO MOTOR SALES AUSTRALIA PTY LTD,74064989724,523662247,15458472,4637542,2023-24
HINTERLAND MOTORS PTY LTD,12010478341,224047290,11889435,3436274,2023-24
HIREUP PTY LTD,32600120787,223268440,,,2023-24
HISENSE AUSTRALIA PTY LTD,55105022080,456951003,10662389,3198717,2023-24
HISMILE HOLDINGS PTY LTD,19625189095,324961021,10380282,2883399,2023-24
HITACHI AUSTRALIA PTY LTD,34075381332,201366340,4524357,1096612,2023-24
HITACHI CONSTRUCTION MACHINERY (AUSTRALIA) PTY LTD,62000080179,1840281539,346592419,102765490,2023-24
HITACHI CONSTRUCTION MACHINERY OCEANIA HOLDINGS PTY LTD,94632744275,1095989641,243285619,24609515,2023-24
HITACHI ENERGY AUSTRALIA HOLDINGS PTY LTD,11632805862,311724666,3451881,352120,2023-24
HITACHI RAIL GTS AUSTRALIA PTY LTD,97657064992,117955550,,,2023-24
HITACHI RAIL STS AUSTRALIA PTY LTD,34068707380,286936024,42005939,12073482,2023-24
HI-TEC OIL TRADERS PTY LIMITED,28053837362,100363867,7208174,2162422,2023-24
HIWAY AUS PTY LTD,40150650150,109907127,6716296,1929175,2023-24
HLRS HOLDCO PTY LTD,32628433134,151760285,,,2023-24
HMA INTERNATIONAL LTD,91615451502,131546076,22100755,6630226,2023-24
HOBSON ENGINEERING CO PTY LTD,38000289958,153446318,18830596,5649179,2023-24
HOCHTIEF AUSTRALIA HOLDINGS LIMITED,17103181675,7177030047,177929669,,2023-24
HOFMANN ENGINEERING PTY LTD,39114806969,211260124,42886575,5132676,2023-24
HOLCIM PARTICIPATIONS (AUSTRALIA) PTY LTD,46122401405,2274331520,113901367,28277553,2023-24
HOLDCO HOLDINGS PTY LTD,77065295016,141404924,13218527,3965558,2023-24
HOLDINGS CONSOLIDATED PTY LTD,46620501644,159165519,,,2023-24
HOLLARD HOLDINGS AUSTRALIA PTY LTD,30154586802,4119728384,,,2023-24
HOLOGIC (AUSTRALIA & NEW ZEALAND) PTY LIMITED,95079821275,109732281,2028860,608658,2023-24
HOME DELIVERY SERVICES PTY LTD,77168163844,108272114,11216228,3143333,2023-24
HOME GROUP WA PTY LTD,21603963864,242734017,6070997,1821299,2023-24
HOMECO DNR FINANCE PTY LTD,71644351413,100804213,,,2023-24
HOMECORP CONSTRUCTIONS PTY LTD,27169928205,238885299,14031907,4209572,2023-24
HOMETOWN AUSTRALIA HOLDINGS PTY LTD,35614528746,157991843,14871611,4461483,2023-24
HONDA AUSTRALIA MOTORCYCLE AND POWER EQUIPMENT PTY LTD,96006662862,295807174,17186369,5155911,2023-24
HONDA AUSTRALIA PTY LTD,66004759611,685192841,40072152,4109439,2023-24
HONEYCOMBES SALES & SERVICE PTY LTD,54011002556,107557367,1659706,497912,2023-24
HONEYWELL HOLDINGS PTY LTD,18000383764,1010343210,181604475,50399391,2023-24
HONG KONG IMPORT AND EXPORT COMPANY LTD,,121412650,171931,43614,2023-24
HONG. AUSTRALIA CORPORATION PTY LTD,16000307540,141996647,7680813,2304244,2023-24
HOOGWEGT AUSTRALIA PTY LTD,30075457902,364387826,2629070,788721,2023-24
HOPE DOWNS MARKETING COMPANY PTY LTD,58115712117,7180076008,,,2023-24
HOPE TRADING COMPANY PTY LTD,12645591797,118638326,8749959,2624988,2023-24
HORIZON OIL LIMITED,51009799455,101002437,,,2023-24
HORIZON ROADS PTY LTD,67152097875,403414318,,,2023-24
HOSPITALITY INDUSTRY INSURANCE LIMITED,34124091470,174758162,21294879,6325172,2023-24
HOUMA HOLDINGS PTY LTD,44002590758,339904302,13675975,3229136,2023-24
HOWDEN AUSTRALIA PTY LTD,15004265276,123403019,34375375,10194552,2023-24
HOWE AUTOMOTIVE LIMITED,43061589188,177972022,29656924,6588826,2023-24
HP FINANCIAL SERVICES (AUSTRALIA) PTY LTD,86082062413,164799678,24341655,7302496,2023-24
HPX GROUP PTY LTD,81621014515,118711195,32049994,9601515,2023-24
HSBC AUSTRALIA HOLDINGS PTY LIMITED,22006513873,2704772142,518175567,155452670,2023-24
HT HOLDCO PTY LTD,30645356903,275375360,775316,,2023-24
HT1 PTY LTD,83644551100,197632129,,,2023-24
HUB24 LIMITED,87124891685,330345520,56479761,6262621,2023-24
HUBSPOT AUSTRALIA PTY LTD,33169157911,165423118,8736304,2604765,2023-24
HUDSON HIGHLAND (APAC) PTY LIMITED,14074319396,349924446,,,2023-24
HUDSON RPO (AUST) PTY LTD,29622996918,139217695,4914530,1474359,2023-24
HUGO BOSS HOLDINGS PTY LTD,46007118667,116139757,,,2023-24
HUHTAMAKI HOLDINGS PTY LIMITED,13003519257,267052520,14702555,4410766,2023-24
HUME DOORS & TIMBER (AUST) PTY LTD,39001472493,173055653,26958527,7966128,2023-24
HUME DOORS & TIMBER (QLD) PTY LTD,25009994996,127952281,35305555,10537706,2023-24
HUME DOORS & TIMBER (VIC) PTY LTD,87006329906,113376542,14607345,4382204,2023-24
HUME PLASTERBOARD PTY LTD,70101562270,211815144,7437445,2231234,2023-24
HUMM GROUP LIMITED,75122574583,518734429,1238471,,2023-24
HUNO GROUP PTY LTD,85669710669,245861972,105490727,31187986,2023-24
HUNTER DOUGLAS HOLDINGS PTY LIMITED,47000238451,151109743,,,2023-24
HUNTER VALLEY ENERGY COAL PTY LTD,39062894464,2789685475,349788836,104936652,2023-24
HUNTERMOTIVE PTY LTD,24003247514,167444384,605290,181587,2023-24
HUON CONTRACTORS PTY LTD,33094145409,116820824,8531015,2559304,2023-24
HURFORD WHOLESALE PTY LTD,87009657845,105202706,6559806,1824189,2023-24
HUSQVARNA AUSTRALIA PTY LIMITED,45115475619,241209628,10864643,3259393,2023-24
HUTCHEON & PEARCE OPERATIONS PTY LIMITED,68169674033,563053736,37439832,11231950,2023-24
HUTCHISON PORTS AUSTRALIA PTY LIMITED,27126649947,130719466,,,2023-24
HVAC CONSOLIDATED PTY LTD,26162828971,116288576,,,2023-24
HVO SERVICES PTY LTD,97622522445,181711380,,,2023-24
HWG HOLDINGS PTY LTD,65115398322,865099442,140315866,41944966,2023-24
HWR PETROLEUM PTY LTD,31621081990,935487210,7127775,2138332,2023-24
HYDRA RL TOPCO PTY LTD,36635012323,1173296122,,,2023-24
HYDRO ALUMINIUM AUSTRALIA PTY LTD,42001872215,268648245,,,2023-24
HYDRO PRODUCE (AUST) PTY LTD,89056920917,107708529,,,2023-24
HYG HOLDCO PTY LIMITED,81622657729,108087116,355354,106606,2023-24
HYPERION HOLDINGS LIMITED,87109308894,101329484,80692347,24207704,2023-24
HYPERION INVESTMENTS AUSTRALIA PTY LIMITED,36600693945,160226787,,,2023-24
HYPNOS GROUP INVESTMENTS HOLDINGS PTY LTD,15667386870,141365823,15248963,3994920,2023-24
HYSTER-YALE AUSTRALIA HOLDING PTY LTD,26101464073,124958963,,,2023-24
HYUNDAI MOTOR COMPANY AUSTRALIA PTY LTD,58008995588,3055044641,129743383,38923015,2023-24
IAN WEIGH MOTORS PTY LTD & WEIGH PROPERTY INVESTMENTS PTY LTD,90148491233,161072390,7883894,2361834,2023-24
IBERDROLA AUSTRALIA LIMITED,39105051616,608368948,,,2023-24
IBM A/NS HOLDINGS PTY LIMITED,12105319248,2168181387,180871492,43654419,2023-24
I-CARE PHARMA DISTRIBUTORS PTY LTD,60139207882,119259855,338634,101590,2023-24
ICHTHYS LNG PTY LTD,42150217299,10661856034,,,2023-24
IDEMITSU AUSTRALIA PTY LTD,45010236272,2426557201,1313617471,393720311,2023-24
IDEXX LABORATORIES PTY LTD,31063154352,152501404,7682712,2304814,2023-24
IDP EDUCATION LIMITED,59117676463,862612893,173885418,26688456,2023-24
IFF AUSTRALIA HOLDINGS PTY LTD,78098655335,157456134,3678749,1103625,2023-24
IFM SOCIAL INFRASTRUCTURE HOLDING TRUST,40337513753,273751102,75023451,20317035,2023-24
IGO LIMITED,46092786304,1413894307,799467233,,2023-24
IGT (AUSTRALIA) PTY LTD,65002904690,113777284,12507927,3126720,2023-24
IIF CAIRNS MACKAY INVESTMENT LIMITED,,178995867,10429007,3128702,2023-24
IKEA PTY LTD,84006270757,1739576088,84756188,25426856,2023-24
ILLIAD PTY LTD,47009070777,105147894,,,2023-24
ILLUMINA AUSTRALIA PTY LTD,97130775932,135779937,6224174,1867252,2023-24
ILS HOLDCO PTY LTD,70639523452,173100424,,,2023-24
ILUKA RESOURCES LIMITED,34008675018,1303330948,578262999,153254727,2023-24
IMAGE HOLDCO PTY LIMITED,18623028740,1342136408,81702959,22945194,2023-24
IMAGE RESOURCES NL,57063977579,120226254,8525041,2557512,2023-24
IMAXEON PTY LTD,93093950906,109445802,9666360,237669,2023-24
IMB LTD,92087651974,518323642,41648112,12474972,2023-24
IMC PACIFIC HOLDINGS PTY LTD,83099273819,437919337,,,2023-24
IMCD AUSTRALASIA INVESTMENTS PTY LTD,89149016222,378831499,40281352,12054116,2023-24
IMDEX LTD,78008947813,212493849,44143820,,2023-24
IMMER (NO 141) PTY LTD,17002617745,1683746783,145267879,43117296,2023-24
IMPERIAL TOBACCO AUSTRALIA LIMITED,46088148681,509500743,28995962,8698789,2023-24
INCAT HOLDINGS LIMITED,50128645885,111032013,1107152,,2023-24
INCHCAPE AUSTRALIA LIMITED,50050035277,1264762305,101211923,12575061,2023-24
INCHURCH AUTOMOTIVE PTY LTD,74137048474,361966733,14622410,4386723,2023-24
INCOMM AUSTRALIA & NEW ZEALAND PTY LTD,31125567357,134280393,,,2023-24
INDARA CORPORATION PTY LTD,59643875165,428602369,,,2023-24
INDITEX AUSTRALIA PTY LTD,64089376349,430382026,50441125,15132338,2023-24
INDORAMA VENTURES HOLDINGS PTY LTD,13635578960,123610183,,,2023-24
INDUE LIMITED,97087822464,130480083,4212145,1263644,2023-24
INDUSTRIAL AND COMMERCIAL BANK OF CHINA LIMITED,57086866506,2097816557,316612655,94941112,2023-24
INDUSTRIAL LIGHT AND MAGIC (AUSTRALIA) PTY. LIMITED,46145485767,156464253,46792376,14037713,2023-24
INDUSTRIAL WATER COOLING AUSTRALASIA PTY LTD,86610804941,173992147,34215503,,2023-24
INDUSTRIE CLOTHING PTY LIMITED,64087743762,146659268,31682586,9504776,2023-24
INDUSTRY SUPER HOLDINGS PTY LTD,71119748060,1220361720,110690019,32438022,2023-24
INEX INDEPENDENT EXTRUSIONS LIMITED PARTNERSHIP,58515316810,129193116,5077112,1523134,2023-24
INFINITE AUSTRALIA AGED CARE HOLDINGS PTY LTD,75621313826,318437340,,,2023-24
INFO MANAGEMENT SERVICES PTY LTD,88119821457,396216132,39732721,11714608,2023-24
INFOMEDIA LTD,63003326243,124106695,38960896,6629221,2023-24
INFOR (ANZ HOLDINGS) PTY LIMITED,45160838433,131854141,15763169,4281471,2023-24
INFOSYS TECHNOLOGIES LIMITED,52090591209,775656677,54336507,16300952,2023-24
INFRABRIDGE (GIF CAYMAN HOLDCO) 4 LP,,251947508,,,2023-24
ING AUSTRALIA HOLDINGS LIMITED,27008459596,5767132591,1020419357,306125807,2023-24
ING BANK NV (SYDNEY BRANCH),32080178196,1085434868,,,2023-24
INGENIA COMMUNITIES HOLDINGS LIMITED,92154444925,190758161,2973137,891941,2023-24
INGENIA COMMUNITIES MANAGEMENT TRUST,99296784351,487854410,,,2023-24
INGENICO INTERNATIONAL (PACIFIC) PTY LTD,46003211514,139633583,13438650,3831189,2023-24
INGHAMS GROUP LIMITED,39162709506,3266013841,152765851,45114181,2023-24
INGRAM MICRO HOLDINGS (AUSTRALIA) PTY LTD,12112487322,2108939542,58049358,17414807,2023-24
INNEVISION TECHNOLOGY AUSTRALIA PTY. LTD.,42609696782,112797176,4479399,1343820,2023-24
INNOVATION HOLDINGS AUSTRALIA PTY LTD,30617998866,140759361,,,2023-24
INPEX ALPHA LTD,34003730756,244951907,46618901,13981972,2023-24
INPEX AUSTRALIA PTY LTD,79134715254,513071760,9246065,2657579,2023-24
INPEX HOLDINGS AUSTRALIA PTY LTD,61150217315,6873322704,1442145571,340107898,2023-24
INSIGHT AUSTRALIA HOLDINGS PTY LIMITED,24073091406,220179502,15443743,4633123,2023-24
INSIGNIA FINANCIAL LTD,49100103722,1914873605,,,2023-24
INSITUGROUP HOLDINGS PTY LTD,37617611551,136830917,8408711,2522613,2023-24
INSURANCE AUSTRALIA GROUP LIMITED,60090739923,15579277986,273881995,9,2023-24
INSURANCE AUSTRALIA LTD AA NON-RESIDENTIAL REINSURERS,,260079069,260079069,78023720,2023-24
INSURANCE BUILDING AUSTRALIA HOLDINGS PTY LTD.,44661804879,343094532,12706348,3811904,2023-24
INSURANCE MANUFACTURERS OF AUSTRALIA PTY LTD,93004208084,5784554948,593799118,175958287,2023-24
INTEGRAL DIAGNOSTICS LIMITED,55130832816,422731425,21657320,5871352,2023-24
INTEGRATED FOODS HOLDINGS PTY LTD,42603619692,4250646015,280126496,72714326,2023-24
INTEGRIA HEALTHCARE (AUSTRALIA) PTY LTD,70096496212,119417596,,,2023-24
INTEGRITY GROUP HOLDINGS LIMITED,33159865666,145290948,,,2023-24
INTEN INVESTMENTS PTY LIMITED,82108733713,102106526,8694317,2608295,2023-24
INTER AGRI GROUP PTY LTD,58103191126,117118543,6757746,2027324,2023-24
INTERACTIVE BROKERS AUSTRALIA PTY LTD,98166929568,186619348,32021487,9606446,2023-24
INTERACTIVE PTY. LIMITED,17088952023,242147538,1800795,540238,2023-24
INTERFACE AUST HOLDINGS PTY LIMITED,68074804381,121702732,5671012,1701304,2023-24
INTERFLOW HOLDINGS PTY LIMITED,64097822592,267051801,31936390,9571315,2023-24
INTERIORCO PTY LIMITED,76128905564,237484990,258593,,2023-24
INTERNATIONAL BRANDS (AUST) PTY LTD,64609374852,119757618,16036209,4810863,2023-24
INTERNATIONAL CARGO EXPRESS PTY. LIMITED,54003500347,114704738,1814278,544097,2023-24
INTERNATIONAL LIVESTOCK EXPORT PTY LTD,54009400846,247207611,14660380,4398114,2023-24
INTERNATIONAL POWER (AUSTRALIA) HOLDINGS PTY LTD,70105041209,1749081903,,,2023-24
INTERNATIONAL SOS (AUSTRALASIA) PTY LTD,83052247104,138378406,7273603,2182081,2023-24
INTERNET SERVICES AUSTRALIA 1 PTY LTD,50152631082,617254833,,,2023-24
INTERPUBLIC AUSTRALIA HOLDINGS PTY LTD,20140379335,237254357,42504892,12751468,2023-24
INTERSNACK ANZ PTY LTD,52634501349,468193547,41932729,12565034,2023-24
INTERTEK AUSTRALIA HOLDINGS PTY LTD,74124892879,316460166,1832943,,2023-24
INTESA SANPAOLO SPA,46156153829,147097736,28423672,8527102,2023-24
INTREPID GROUP LIMITED,30131952513,498968690,,,2023-24
INTUIT AUSTRALIA PTY LTD,28163072704,114192276,7434910,2230473,2023-24
INVOCARE PTY LIMITED,42096437393,459600969,12800278,3476687,2023-24
IOR TERMINAL HOLDINGS PTY LTD,88667095187,1657589820,,,2023-24
IPD GROUP LTD,12111178351,313054690,31476108,9442832,2023-24
IPH LIMITED,49169015838,300079069,49630708,14015383,2023-24
IPSEN PTY LTD,47095036909,115892860,5560767,1668230,2023-24
IQUMULATE PREMIUM FUNDING PTY LTD,82127517677,101934505,8541699,2562510,2023-24
IQVIA SOLUTIONS AUSTRALIA HOLDINGS PTY LTD,42104475363,354105919,63277910,1884041,2023-24
IRELAND BROWN CONSTRUCTIONS PTY LTD,69111715621,162695369,,,2023-24
IREN LIMITED,60629842799,302080805,,,2023-24
IRESS LIMITED,47060313359,365503905,1693367,,2023-24
IRI (APAC HOLDINGS) PTY LTD,13165572761,135630047,7997359,,2023-24
IRON MOUNTAIN ACQUISITION HOLDINGS PTY LTD,20608590521,222372562,25159600,7191044,2023-24
IRONBARK INVESTMENT PARTNERS PTY LTD,,118869193,30767557,7445724,2023-24
IRONSIDE CONSTRUCTION PTY LTD,71606670277,172602392,2874803,862441,2023-24
ISIS CENTRAL SUGAR MILL COMPANY LTD,99009657078,133491699,,,2023-24
ISPT FINANCE PTY LTD,47632254829,197263549,,,2023-24
ISPT OPERATIONS PTY LTD,12633106733,113208369,17623396,5287019,2023-24
ISUZU AUSTRALIA LIMITED,97006962572,1254652609,82660061,24798018,2023-24
ISUZU UTE AUSTRALIA PTY LTD,80129563739,2370187367,225430122,67629037,2023-24
ITI (HOLDCO) PTY LTD,60627628120,473776195,20278875,6083662,2023-24
ITOCHU AUSTRALIA LIMITED,63000192790,5212284744,2272984762,476338450,2023-24
IT'S FRESH PTY LTD,83155253259,100860414,11480064,3444019,2023-24
ITV STUDIOS AUSTRALIA PTY LTD,91088957706,194972648,,,2023-24
IVE GROUP LIMITED,62606252644,947244104,43158192,12932976,2023-24
IVECO TRUCKS AUSTRALIA LTD,86004065061,274897361,13386190,3831196,2023-24
IWATANI AUSTRALIA PTY LTD,85008902841,161820000,37464789,10920420,2023-24
IX INFRASTRUCTURE PTY LTD,78629750401,1240126954,47456550,13252553,2023-24
J & V MCGRATH HOLDINGS PTY LTD,81122411778,169917986,,,2023-24
J HUTCHINSON PTY LTD,52009778330,3356823413,91665269,27498349,2023-24
J RAY MCDERMOTT (AUST) HOLDING PTY LTD,22002797668,1542635373,32667335,9710471,2023-24
J.C.D. AUSTRALIA PTY LTD,49002017209,209883813,102250227,30563290,2023-24
J.J. RICHARDS & SONS PTY LTD,40000805425,1449581312,238845667,57257735,2023-24
J.K. WILLIAMS HOLDINGS PTY LIMITED,58084225883,139733670,4780778,1434211,2023-24
J.P. MORGAN AUSTRALIA GROUP PTY LIMITED,54104888155,1491031268,187348857,56204657,2023-24
JA SOLAR AUSTRALIA PTY LTD,68164221005,200814952,2615582,784675,2023-24
JACKAROO PTY. LIMITED,33010741232,100121736,11099788,2868670,2023-24
JACOBS GROUP INVESTMENTS AUSTRALIA PTY LTD,15008817061,947249084,80599954,20011881,2023-24
JADESTONE ENERGY (AUSTRALIA) PTY LTD,48613671819,400044066,,,2023-24
JAGGARDS PTY LIMITED,15613822709,100243687,1047051,314115,2023-24
JAGUAR LAND ROVER AUSTRALIA PTY LTD,86004352238,1241405545,64070393,18771204,2023-24
JAMES HARDIE RESEARCH (HOLDINGS) PTY LIMITED,51082944821,705390529,,,2023-24
JAMIESON SALES & SERVICE PTY LTD,64008177802,101064595,5388349,1616505,2023-24
JAMPINVEST PTY LIMITED,,761163827,760372672,1255169,2023-24
JANART HOLDINGS PTY LTD,13092037262,372087306,8890670,2632161,2023-24
JANDS PTY LTD,45001187837,104584808,2763770,829131,2023-24
JANGHO HEALTH CARE AUSTRALIA PTY LTD,90608040802,156280595,198912,,2023-24
JANUS HENDERSON INVESTORS (AUSTRALIA) LIMITED,47124279518,113808500,,,2023-24
JAPAN ALUMINA ASSOCIATES (AUSTRALIA) PTY LTD,42008907524,215305313,9493024,2179571,2023-24
JAPAN AUSTRALIA LNG (MIMI) PTY LTD,18006303180,2263134271,1277601239,381546902,2023-24
JAQUES INTERNATIONAL HOLDING PTY LIMITED,57004075978,374643931,57715306,16744748,2023-24
JARDEN AUSTRALIA HOLDINGS PTY LTD,31608611614,107023345,,,2023-24
JAROOKA PTY LTD,23002555839,282409636,25056569,7516309,2023-24
JAS FORWARDING WORLDWIDE PTY LIMITED,23101573479,141794310,4088250,1226475,2023-24
JASARA CONSTRUCTIONS (AUST) PTY LTD,62132079059,124428504,5365411,1609623,2023-24
JASARA MANAGEMENT PTY LTD,46159956439,120325975,847502,254251,2023-24
JASON WINDOWS PTY LTD,86060974138,108770895,17406039,4687132,2023-24
JAYCAR PTY LTD,65000087936,221390613,3500200,1050060,2023-24
JAYDO CONSTRUCTION PTY LTD,16062221596,116050796,9891419,2967426,2023-24
JB HI-FI LIMITED,80093220136,9303561147,640790498,192237055,2023-24
JB METROPOLITAN DISTRIBUTORS PTY LTD,72088821023,191014494,5903472,1767376,2023-24
JBS GLOBAL MEAT HOLDINGS PTY LTD,84050207960,19713426978,,,2023-24
JBX PTY LTD,52134120139,505587194,206364839,61909452,2023-24
JCDECAUX AUSTRALIA HOLDINGS PTY LTD,50627855323,422672475,,,2023-24
JD SPORTS FASHION HOLDINGS AUSTRALIA PTY LIMITED,15614248332,599501616,74148916,22229654,2023-24
JEFFERIES (AUSTRALIA) PTY LIMITED,76623059898,127248949,11654027,3496208,2023-24
JEFFERSON FORD PTY LTD,27005620897,115802126,23189140,5182058,2023-24
JELLINBAH GROUP PTY LTD,54010754793,3278524810,1418828463,425361961,2023-24
JERA AUSTRALIA PTY LTD,68140147048,206332814,31990982,9196107,2023-24
JET AVIATION AUSTRALIA PTY LTD,94001540316,232101553,20358193,6074475,2023-24
JETBEST PTY LTD,17009709317,116270194,1891251,501321,2023-24
JFC AUSTRALIA CO PTY LTD,36003080260,296345702,16875543,5062663,2023-24
JFE STEEL AUSTRALIA RESOURCES PTY LTD,77113447064,161745704,60305571,5613004,2023-24
JG KING BUILDING GROUP PTY LTD,38142687554,245989897,,,2023-24
JIMMY'S ON THE MALL PTY LIMITED,74010361574,131142305,1958295,587488,2023-24
JINKO SOLAR AUSTRALIA HOLDINGS CO. LTD,93154662889,484245917,11666883,3500065,2023-24
JK INTERNATIONAL PTY LTD,49010127750,779474609,2738000,821370,2023-24
JK MILLING PTY LTD,64084343733,143910553,974163,292249,2023-24
JLG ANZ PTY LIMITED,72663367495,165678175,5553529,1666059,2023-24
JMC AUTOMOTIVE GROUP PTY LTD,83009479190,399137210,12215366,3664610,2023-24
JOEY HOLDCO PTY LTD,37658985276,115837911,,,2023-24
JOHN COTTON AUSTRALIA PTY LTD,63616432734,105820101,1391288,417386,2023-24
JOHN DEERE FINANCIAL LIMITED,55078714646,243641523,55719238,16391639,2023-24
JOHN SWIRE & SONS (AUSTRALIA) PTY LTD,54118028774,456679617,,,2023-24
JOHNSON & JOHNSON (AUSTRALIA) PTY LTD,36658579456,1603334894,227520642,59749733,2023-24
JOHNSON AND JOHNSON PTY LTD,29000023709,405466387,20413028,6123908,2023-24
JOHNSON CONTROLS HOLDING AUSTRALIA PTY LTD,86102631158,601989725,21668607,5212189,2023-24
JOLIMONT DEVELOPMENT FINANCE PTY LTD,94094356779,1660095823,42021329,12452191,2023-24
JORD INTERNATIONAL PTY LIMITED,42102636215,146775990,18425806,5192318,2023-24
JOURNEY EARLY LEARNING AUSTRALIA PTY LTD,88655964551,109976832,14854164,4456249,2023-24
JOVAL WINES PTY LTD,80004564069,197761549,10712774,3213832,2023-24
JOWETT MOTOR GROUP HOLDING CO PTY LTD,54639117570,537817139,10871651,3261495,2023-24
JOY GLOBAL AUSTRALIA HOLDING COMPANY PTY LTD,70059870058,490264191,70097759,21029299,2023-24
JPH1 PTY LTD,99101619596,170948890,868,260,2023-24
"JPMORGAN CHASE BANK, NATIONAL ASSOCIATION",43074112011,1563275894,148957124,44687137,2023-24
J-POWER AUSTRALIA PTY. LTD.,59002307682,964482501,492070377,147360298,2023-24
JQZ HOLDINGS PTY LTD,36111636983,426005922,,,2023-24
JUDO CAPITAL HOLDINGS LIMITED,71612862727,918086687,137988775,41396632,2023-24
JUMBO INTERACTIVE LIMITED,66009189128,134956979,67241161,19119950,2023-24
JUNGHEINRICH AUSTRALIA HOLDINGS PTY LTD,28608769642,120621815,,,2023-24
JUNIPER NETWORKS AUSTRALIA PTY LIMITED,36091016312,233650268,9379473,2813842,2023-24
JUREMONT PTY LTD,93007139933,112362961,10044127,3013238,2023-24
JUST EAT (ACQUISITIONS) PTY LIMITED,52605645547,350164249,,,2023-24
JWH GROUP PTY LTD,84098664709,406976414,,,2023-24
JWLAND HOLDINGS PTY. LTD.,25609658193,116129268,,,2023-24
K LINE AUTO LOGISTICS PTY LTD,35140106341,370487736,24285074,7285522,2023-24
K SLEEP HOLDINGS PTY LIMITED,48619538671,174307773,,,2023-24
K&S CORPORATION LIMITED,67007561837,827087857,53088304,15926491,2023-24
K.A.P MOTORS PTY LTD,35009645845,101690884,1849310,100719,2023-24
K.S. & C.A. HUNT & SON PTY. LTD.,34007993446,206503610,3356813,1007044,2023-24
KA & MD INVESTMENTS PTY. LTD.,40120126589,646651700,15485043,4645513,2023-24
KAEFER INTEGRATED SERVICES PTY LTD,83009046191,526446917,9591293,2867388,2023-24
KAGERA PTY. LIMITED,58008478797,123775886,18997421,5417592,2023-24
KAGOME AUSTRALIA PTY LTD,42144695125,100096235,,,2023-24
KAIZEN MOTORS PTY LTD,67603805278,382905727,23083935,6925180,2023-24
KAJIMA AUSTRALIA PTY LTD,52604351966,1168566522,2618521,,2023-24
KANSAI ELECTRIC POWER HOLDINGS AUSTRALIA PTY LTD,57601296226,626981831,203499668,35077354,2023-24
KANTAR INSIGHTS AUSTRALIA PTY LTD,84106925866,116364154,6260600,1604938,2023-24
KAO AUSTRALIA PTY LTD,59054708299,103414652,771079,,2023-24
KAPITOL GROUP PTY LTD,62622444544,713468194,31680882,9504265,2023-24
KAPLAN AUSTRALIA HOLDINGS PTY LIMITED,30117261980,191458943,23495039,7048512,2023-24
KARARA MINING LIMITED,68070871831,1163830189,,,2023-24
KARCHER PTY LTD,76002721226,111745726,2650452,795136,2023-24
KAROON ENERGY LTD,53107001338,639767230,11958736,,2023-24
KARORA RESOURCES PTY LTD,74633381218,465933375,,,2023-24
KATHMANDU PTY LTD,84007047547,519255026,8526669,319061,2023-24
KAWASAKI MOTORS PTY LIMITED,79002840315,103582686,1579507,473852,2023-24
KB AUSTRALIA HOLDING PTY LTD,16610219380,465081177,9738028,2921408,2023-24
KBR HOLDINGS PTY LTD,32093419277,664809339,55796837,16524795,2023-24
KCE PTY LIMITED,83059721881,219538357,19687629,5906289,2023-24
KEEMA HOLDINGS PTY LTD,28097123389,277028743,7445968,2233790,2023-24
KEISTAND PTY LIMITED,30006575480,108216144,6261496,1878449,2023-24
KEL CAMPBELL PTY LTD,11002783342,269426883,,,2023-24
KELLER AUSTRALIA PTY LIMITED,61081279932,467512736,,,2023-24
KELLOGG AUSTRALIA HOLDINGS PTY LTD,59102893952,590093832,62434271,16857445,2023-24
KELSIAN GROUP LIMITED,49109078257,1444101217,52377474,13943385,2023-24
KENNARDS HIRE PTY LIMITED,69001740727,604450166,196233772,58659827,2023-24
KENNARDS SELF STORAGE PTY LIMITED,57001805036,446616138,108480225,32395244,2023-24
KENNETT PTY. LTD.,80007534787,140246494,7208394,2162518,2023-24
KENT PET AUSTRALIA PTY LTD,34623335866,154103081,3395462,1018639,2023-24
KENT PROJECTS PTY LTD,50107699221,211602716,,,2023-24
KEOLIS DOWNER PTY LTD,51165343680,1374652326,61273094,18379699,2023-24
KERMAN CONTRACTING PTY LTD,72008987988,130035991,21321018,6396305,2023-24
KERRY INGREDIENTS AUSTRALIA PTY LTD,47072996895,270986519,12233483,2766372,2023-24
KESTREL COAL GROUP PTY LTD,70624655518,1556526033,55457584,16540800,2023-24
KEY TOPCO PTY LTD,44642828199,190436091,40791361,11530018,2023-24
KEYSTONE FOODS PTY LIMITED,83077185481,191178321,2670479,707512,2023-24
KEYWEALTH HOLDINGS PTY LTD,15081263461,128796419,405431,121629,2023-24
KFC ADCO LIMITED,22083047992,161057162,,,2023-24
KIA AUSTRALIA PTY LTD,97110483353,2654614367,111653172,33495952,2023-24
KICK STREAMING PTY LTD,59663807645,250478191,,,2023-24
KIM AN PTY. LIMITED,78083083489,161767788,14239003,3662630,2023-24
KIMBERLY CLARK PACIFIC HOLDINGS PTY LIMITED,59095905294,1352152142,142733080,41662641,2023-24
KIN GROUP PTY LTD,11095313714,391011723,11332764,,2023-24
KIN POWER GROUP PTY LTD,18623522467,353298995,,,2023-24
KINETIC IT PTY LTD,97072941943,258454770,31915392,9540698,2023-24
KINETIC TCO PTY LTD,20601251067,708366189,,,2023-24
KING FURNITURE AUSTRALIA PTY. LTD.,79002757333,257795781,25221523,7108903,2023-24
KINGFISHER MOBILE AUSTRALIA PTY LTD,99630439842,192832809,1310403,393121,2023-24
KINGSPAN HOLDINGS AUSTRALIA PTY LTD,81107982098,272365230,22991543,6897463,2023-24
KINGSPAN WATER & ENERGY PTY LTD,62108491881,119376631,11860098,3558029,2023-24
KINGSTON GROUP HOLDINGS PTY LTD,17004966394,113774416,13130983,3939295,2023-24
KINROSS FARM PTY LTD,64007356014,127701776,,,2023-24
KIRKLAND LAKE GOLD AUSTRALIA PTY LTD,30136505587,863133333,473646591,141336871,2023-24
KITCHEN WAREHOUSE (AUST) PTY LTD,77151232754,130229143,2662528,798758,2023-24
KIWA AUSTRALIA 1 PTY LTD,22654686021,202494319,2473716,742115,2023-24
KJTC PTY LTD,53156406138,551336956,757142887,,2023-24
KLIKON GROUP HOLDINGS PTY LIMITED,46167162987,136839338,12242958,3672887,2023-24
KNAPP AUSTRALIA PTY LTD,73166070711,103604777,707219,212166,2023-24
KNAUF GYPSUM PTY LTD,84004231976,534335282,80883648,15436523,2023-24
KNAUF INSULATION PTY LTD,73129827336,115735644,8396313,2518894,2023-24
KNIGHT FRANK AUSTRALIA HOLDINGS PTY LTD,28114923938,176177571,251454,,2023-24
KNORR-BREMSE AUSTRALIA PTY LTD,31092562671,281431740,17831777,5349533,2023-24
KOBELCO CONSTRUCTION MACHINERY AUSTRALIA PTY LIMITED,89097852296,290369796,29068089,8720427,2023-24
KOBELCO TRADING AUSTRALIA PTY LTD,63076566562,116147265,2988942,896683,2023-24
KOCH FERTILISER AUSTRALIA PTY LTD,44140582369,688682322,27413553,8224066,2023-24
KOGAN AUSTRALIA PTY LTD,53152570351,306363340,,,2023-24
KOGAS AUSTRALIA PTY LTD,42130065682,1721831793,,,2023-24
KOMATSU AUSTRALIA HOLDINGS PTY LTD,61001663752,259403240,106919491,7281905,2023-24
KOMATSU AUSTRALIA PTY LTD,63053514739,3321997303,352249877,102449197,2023-24
KONE HOLDINGS (AUSTRALIA) LIMITED,51003986436,530333934,40550663,12165199,2023-24
KONICA MINOLTA BUSINESS SOLUTIONS AUSTRALIA PTY LTD,50001065096,216258478,4317868,1295360,2023-24
KOOBA PTY LIMITED,25637540311,169145939,11032345,3309704,2023-24
KOPPERS AUSTRALIA HOLDING COMPANY PTY LTD,19104645301,342455730,74019294,22187832,2023-24
KORN FERRY (AU) PTY LTD,73001804799,120402805,1455592,346008,2023-24
KORVEST LTD,20007698106,103644397,17429851,5228955,2023-24
KPMG HOLDINGS (AUSTRALIA) PTY LTD,34064067241,180576892,1022917,306875,2023-24
KPMG INVESTMENTS (HOLDINGS) PTY LIMITED,38008524365,183626425,,,2023-24
KRAFT HEINZ AUSTRALIA PTY LIMITED,64622234379,882206595,18411611,3808770,2023-24
KRISPY KREME HOLDINGS PTY LIMITED,71134222727,156588224,9587497,2876249,2023-24
KRONOS AUSTRALIA PTY LTD,17074408067,138029098,635399,134203,2023-24
KRUEGER TRANSPORT EQUIPMENT PTY LTD,38005296515,111921059,14876443,4462933,2023-24
KTM AUSTRALIA HOLDING PTY LTD,49112854850,201798029,6751352,2025406,2023-24
KUBOTA AUSTRALIA PTY LTD,72005300621,706999816,50060063,15018019,2023-24
KUEHNE & NAGEL PTY LTD,70000871607,652112257,40788703,11402785,2023-24
KUFPEC AUSTRALIA PTY LTD,42001800924,2147968974,172638791,51217307,2023-24
KUIPER AUSTRALIA PTY LTD,15150058807,125598737,13185771,3955731,2023-24
KUMHO TYRE AUSTRALIA PTY LTD,46003300678,174664096,3584500,1075350,2023-24
KUWAIT PETROLEUM AVIATION (AUSTRALIA) PTY LIMITED,88122531631,658175748,,,2023-24
KWB GROUP PTY LTD,33159809328,129254097,26448933,7934680,2023-24
KWIKFORM ACQUISITION HOLDINGS PTY LIMITED,43157779961,169061223,,,2023-24
KYNDRYL AUSTRALIA PTY LTD,98646647592,492599309,28951588,8685476,2023-24
KYOCERA DOCUMENT SOLUTIONS AUSTRALIA PTY LTD,77003852444,123232115,3657391,1097217,2023-24
KYUSHU ELECTRIC AUSTRALIA PTY LTD,54152417260,454250275,209159,,2023-24
KYVALLEY DAIRY GROUP PTY LTD,68608664937,159859433,113496,34049,2023-24
L.C. DYSONS BUS SERVICES PTY LTD,99004436542,219046975,8762964,2628889,2023-24
L.C.N. ENTERPRISES PTY LTD,76104048624,146269589,1959068,587720,2023-24
L.U. SIMON BUILDERS PTY LTD,38006137220,219462170,,,2023-24
L1 CAPITAL PTY LTD,21125378145,173342763,136298736,40888301,2023-24
L1 LONG SHORT FUND LIMITED,47623418539,441083939,132020959,23753381,2023-24
L3HARRIS TECHNOLOGIES AUSTRALIA GROUP PTY LTD,61654390146,634693601,69251533,16031756,2023-24
LA VIDA AUSTRALIA PTY LTD,36645789993,132964480,16651987,4995596,2023-24
LACTALIS AUSTRALIA FINANCE PTY LTD,17163435103,2409332743,687944,206383,2023-24
LAI INDUSTRIES PTY LTD,76070094245,115867718,853370,256011,2023-24
LAING O'ROURKE AUSTRALIA GROUP PTY LIMITED,36001333900,2846610435,2819682,,2023-24
LAMB WESTON AUSTRALIA HOLDINGS PTY LTD,53629887270,108111812,,,2023-24
LAMBDA SOFTWARE PTY LTD,79634635126,104376793,1240751,372225,2023-24
LANAI (AU) 1 PTY LTD,86652351909,1563835969,1798601,,2023-24
LANCO RESOURCES AUSTRALIA PTY LTD,30147835452,231504254,,,2023-24
LANDIS & GYR HOLDINGS PTY LTD,82098539587,135271796,3528588,1058576,2023-24
LANDPOWER AUSTRALIA PTY LTD,52005851801,292529258,10921843,3276553,2023-24
LANGDON GROUP PTY LIMITED,34004116241,150708093,4371379,1310010,2023-24
LANGS BUILDING SUPPLIES PTY LTD,24010007315,130448839,10698809,3209643,2023-24
LANTRAK LOGISTICS (QLD) PTY LTD,76151310440,113290582,6062774,1818832,2023-24
LANTRAK PTY LTD,14163639727,221538458,2933243,879973,2023-24
LAPO PTY LTD,74120565773,107145263,3167921,950376,2023-24
LAST ST PTY LTD,72621093061,110199657,,,2023-24
LATITUDE GROUP HOLDINGS LIMITED,83604747391,892230877,6866809,,2023-24
LATRAN CAPITAL PTY LTD,76615781185,112618088,,,2023-24
LATROBE VALLEY POWER (HOLDINGS) PTY LTD,57621363102,539705107,125091277,34968847,2023-24
LAWCOVER INSURANCE PTY LIMITED,15095082509,149757317,14665830,4267488,2023-24
LAWRENCE AND HANSON GROUP PTY LTD,69080350812,1112720080,45800393,13740118,2023-24
LAYER 8 NETWORKS PTY LTD,12626832559,105268776,1974904,592471,2023-24
LAZARD ASSET MANAGEMENT PACIFIC CO,13064523619,138189223,29787694,8936308,2023-24
LB AUSTRALIA HOLDINGS PTY LTD,96165597482,776199870,73724575,20128199,2023-24
LEADER COMPUTERS PTY LTD,24093139354,686063475,49834203,14950261,2023-24
LEARNING WITH TECHNOLOGIES PTY LTD,96099102002,106762437,5195886,1558766,2023-24
LEED ENGINEERING AND CONSTRUCTION PTY LTD,35097021728,187090655,18037580,5411274,2023-24
LEGO AUSTRALIA PTY LTD,42001540914,486291696,5344800,1603440,2023-24
LEGRAND GROUP PTY LIMITED,41000565739,148458313,,,2023-24
LEICA GEOSYSTEMS PTY LIMITED,18000112765,151686943,23514384,4418783,2023-24
LEIDOS AUSTRALIA PTY LIMITED,79612590155,889810922,86243405,25873022,2023-24
LEKSIR INVESTMENTS PTY LTD,81648013905,133908193,,,2023-24
LEMNOS FOODS PTY LTD,52147490480,161241418,,,2023-24
LEMONWOOD INVEST PTY LTD,19612566417,111916636,50136669,15041001,2023-24
LENDI GROUP PTY LTD,44648681654,340783667,,,2023-24
LENDLEASE CORPORATION LTD,32000226228,6160481640,544624455,147809648,2023-24
LENOVO (AUSTRALIA & NEW ZEALAND) PTY LIMITED,70112394411,1181827269,20973698,6292109,2023-24
LENOVO GLOBAL TECHNOLOGY (AUSTRALIA & NEW ZEALAND) PTY LTD,90614012985,267998715,17146406,5143922,2023-24
LEONARDO HOLDCO PTY LTD,63629681116,590496977,17190458,4257137,2023-24
LEONE FAMILY HOLDINGS PTY LTD,69618356586,1309210830,60864365,18254102,2023-24
LEPGF PTY LTD,82640391868,3103760230,142061514,37589570,2023-24
LEPPINGTON PASTORAL CO PTY LTD,83000420404,222474835,77173471,23152041,2023-24
LES CREUX AUSTRALIA PTY LTD,70147912187,159217488,26750869,8025261,2023-24
LEVI STRAUSS (AUSTRALIA) PTY LTD,67000607965,116072306,5258824,1577647,2023-24
LEVIAT PTY LTD,41000496079,102734623,18033630,5410089,2023-24
LEWIS LAND HOLDINGS PTY LIMITED,68008522496,160269131,9947895,2984368,2023-24
LG ELECTRONICS AUSTRALIA PTY LIMITED,98064531264,953854185,26350733,7905220,2023-24
LGT HOLDING (AUSTRALIA) PTY LTD,93656007028,203130710,,,2023-24
LH PERRY & SONS PTY LTD,65622813923,184126446,5382535,1614760,2023-24
LH PERRY & SONS WHOLESALE PTY LTD,75648368307,174390013,46521,13956,2023-24
LIBERTY BELL BAY PTY LTD,23004456035,308253666,,,2023-24
LIBERTY FINANCIAL GROUP LIMITED,59125611574,1087364977,62471571,17232592,2023-24
LIBERTY GROUP PTY LTD,55167839394,178675531,12364994,3709498,2023-24
LIBERTY HOLDINGS AUSTRALIA PTY LTD,16627011938,7350988383,,,2023-24
LIBERTY MUTUAL INSURANCE COMPANY,61086083605,1259297003,217095579,65128674,2023-24
LIBERTYTOWN AUSTRALIA PTY LTD,70128997526,152446461,689622,,2023-24
LIEBHERR-AUSTRALIA PTY LTD,65007970452,1806956905,179743148,53120634,2023-24
LIFESTYLE COMMUNITIES LIMITED,11078675153,294972496,4295353,1288606,2023-24
LIKEWIZE AUSTRALIA PTY LTD,58111399752,869739070,23110745,6933224,2023-24
LILARI INVESTMENTS PTY LTD,70669311639,138939490,140653775,13918,2023-24
LIMESTONE HOLDCO PTY LIMITED,87639416667,374427617,,,2023-24
LINDE MATERIAL HANDLING PTY LIMITED,62000768776,314319623,17862360,5358708,2023-24
LINDSAY AUSTRALIA LIMITED,81061642733,863456670,48188288,14456486,2023-24
LINDT & SPRUNGLI (AUSTRALIA) PTY LTD,43079224892,266280476,19253039,5775912,2023-24
LINEAGE AP HOLDINGS PTY LTD,27637083544,473295130,,,2023-24
LINFOX ARMAGUARD PTY LTD,83099701872,284978451,,,2023-24
LINK CONSTRUCT PTY LTD,87630627271,114751986,1873853,562156,2023-24
LINKEDIN SINGAPORE PTE. LTD.,73615253408,149198350,22022091,6606627,2023-24
LINKFORCE ENGINEERING PTY LTD,57123543699,161616722,9722502,2916751,2023-24
LINKFORCE PROCUREMENT PTY LTD,44630985125,119906196,2549244,764773,2023-24
LINKFORCE SITE SERVICES PTY LTD,63615813020,262602731,4840750,1452225,2023-24
LION PTY LIMITED,50128004268,1753924759,,,2023-24
LIPMAN GROUP HOLDINGS PTY LIMITED,62150243682,416983846,5813677,1592079,2023-24
LIQUID MIX (WA) PTY LTD,90127094008,213182967,6674188,2002256,2023-24
LITE N' EASY (NEW SOUTH WALES) PTY LTD,51165076380,138575428,95377,28613,2023-24
LITE N' EASY (QUEENSLAND) PTY LTD,62066985073,137010680,9233036,2769911,2023-24
LITE N' EASY (VICTORIA) PTY LTD,56153499579,125232160,6306338,1891901,2023-24
LITE N' EASY PTY LTD,33010655820,309148410,18799001,,2023-24
LIVE NATION AUSTRALASIA PTY LTD,69156286341,468515180,34006462,9929888,2023-24
LLOYD HELICOPTER SERVICES PTY LTD,45058277491,394289364,,,2023-24
LM GROUP (AUST) PTY LTD,41114717814,244773929,40495740,12071828,2023-24
LMS ENERGY PTY LTD,39059428474,148730997,15775455,4710558,2023-24
LNW GAMING AUSTRALIA HOLDINGS I PTY LTD,37169042013,335008754,111408480,32614125,2023-24
LOAN MARKET GROUP PTY LTD,83105221967,1272446189,,,2023-24
LOC GLOBAL PTY LTD,53637527541,1406419621,2773343,832003,2023-24
LOCKHEED MARTIN AUSTRALIA PTY LIMITED,30008425509,633038422,97201086,27789078,2023-24
LOCKSMITHS NOMINEES PTY LTD,43005513164,102766659,4311991,1293597,2023-24
LOGICALIS AUSTRALIA HOLDINGS PTY LTD,67089914581,206111396,,,2023-24
LOGISTIK PTY LTD,16150595421,156318059,6392253,1917676,2023-24
LOGOS AUSTRALIA COMPANY PTY LIMITED,39601746516,217990514,126782480,38034744,2023-24
LOJAC CIVIL PTY LTD,67137526348,107386703,7494973,2248492,2023-24
LONSDALE FINANCE PTY LIMITED,72614453566,215982907,280717,84215,2023-24
L'OREAL AUSTRALIA PTY LTD,40004191673,1185478068,211928088,62910038,2023-24
LORNA JANE PTY LTD,91065384616,165416001,20463336,6139001,2023-24
LOSCAM HOLDINGS AUSTRALIA PTY LTD,46144845867,191057395,74587967,22318510,2023-24
LOTTE TRAVEL RETAIL AUSTRALIA PTY LTD,71628207367,238282938,,,2023-24
LOUIS DREYFUS COMPANY MELBOURNE HOLDINGS PTY LTD,18161877185,3116679979,47257318,14119592,2023-24
LOUIS VUITTON AUSTRALIA PTY LTD,41005918678,713417521,176200381,52860114,2023-24
LOVISA HOLDINGS LIMITED,34602304503,306384306,20205130,6061539,2023-24
LOWES MANHATTAN PTY LTD,31000307666,248259831,22838545,6851150,2023-24
LOYALTY PACIFIC PTY LTD,82057931334,656195385,,,2023-24
LP / ATM PTY LTD,94147435194,105672731,3677535,1103260,2023-24
LPI (AUSTRALIA) HOLDINGS PTY LIMITED,81084042473,1601714771,61220798,18222877,2023-24
LR TRADING PTY LIMITED,33003068166,172195851,7147256,2144177,2023-24
LSH AUTO (MELBOURNE) PTY LIMITED,77618554635,388234336,6875507,2062652,2023-24
LUBRIZOL INTERNATIONAL INC,52073495603,103213783,7963702,2389111,2023-24
LUCAS TOTAL CONTRACT SOLUTIONS (HOLDINGS) PTY LTD,66137901752,211368112,,,2023-24
LULULEMON ATHLETICA AUSTRALIA PTY LTD,45110186233,392071930,31161861,9348558,2023-24
LUMI FINANCIAL HOLDINGS LIMITED,37627896655,113482189,,,2023-24
LUMIA CARE HOLD CO PTY LTD,19658146322,133980320,8646213,2593864,2023-24
LUNAR METAL TRADING PTY LTD,44645958498,101821307,1417606,425282,2023-24
LUNAR MINING SERVICES PTY LTD,73162002048,101763952,9276124,2782837,2023-24
LUX GROUP LIMITED,11601688966,122345564,,,2023-24
LUXOTTICA SOUTH PACIFIC HOLDINGS PTY LTD,58104629772,986450337,72874539,21862362,2023-24
LUXTON HOMES PTY LTD,22615340675,177156320,35006604,10501981,2023-24
LUYE AUSTRALIA HOLDINGS PTY LTD,98609669472,362978628,,,2023-24
LVMH PERFUMES & COSMETICS GROUP PTY LTD,63069188272,155569249,12222789,3666837,2023-24
LYCOPODIUM LIMITED,83098556159,304945674,35672945,8590502,2023-24
LYNAS RARE EARTHS LIMITED,27009066648,210899610,47985343,14395603,2023-24
LYNCH GROUP HOLDINGS LIMITED,35608543219,379171792,19612338,5883701,2023-24
LYNDONS PTY LTD,31010583721,112352220,,,2023-24
M J LUFF PTY LTD,52001001850,303089489,26876616,8062985,2023-24
M MINING PTY LTD,59646657963,115912452,,,2023-24
M RESOURCES TRADING PTY LTD,58156582320,1299420770,139758266,41927480,2023-24
M.A SERVICES GROUP PTY LTD,73151498001,155657883,10226231,3067869,2023-24
M1 TOPCO PTY LTD,99663463116,377356320,218571,,2023-24
MA FINANCIAL GROUP LIMITED,68142008428,805802629,29505455,8717801,2023-24
MA HOMECARE PTY LTD,64095958857,111090608,,,2023-24
MAAS GROUP HOLDINGS LIMITED,84632994542,823095348,104357939,31283035,2023-24
MABEN GROUP PTY LTD,65107657152,157890571,,,2023-24
MAC FARMS PTY LTD,90159133196,103985802,,,2023-24
MACDON AUSTRALIA PTY LTD,34079393721,146908056,12921114,3876334,2023-24
MACH AUSTRALIA HOLDINGS PTY LTD,66608494828,338926407,410734048,5915151,2023-24
MACH ENERGY AUSTRALIA PTY LTD,34608495441,1752626279,790553351,237166005,2023-24
MACKAY CITY AUTO GROUP PTY LTD,28125986503,128312414,4907993,1472398,2023-24
MACKAY SUGAR LIMITED,12057463671,785399313,,,2023-24
MACKELLAR MINING PTY LTD,81150919761,136136235,9694901,2784184,2023-24
MACMAHON HOLDINGS LIMITED,93007634406,1881010300,46835383,14050615,2023-24
MACQUARIE GROUP LIMITED,94122169279,22340545675,1779555309,322677224,2023-24
MACQUARIE TECHNOLOGY GROUP LIMITED,72056712228,367428763,66975115,20092534,2023-24
MACSTEEL INTERNATIONAL AUSTRALIA PTY LTD,94000904978,536044952,24774439,7432332,2023-24
MADAD PTY LTD,57009678344,123612109,7918104,1841036,2023-24
MADER CONTRACTING PTY LTD,36114021537,451896930,50476687,15143006,2023-24
MADER QUEENSLAND PTY LTD,86611004552,132531482,19379203,5813761,2023-24
MADILL NO. 1 PTY. LTD.,66009897090,115382383,7416064,2224819,2023-24
MADMS PTY LTD,94620016275,124898744,1955193,488798,2023-24
MAERSK LOGISTICS & SERVICES AUSTRALIA PTY LTD,70006211052,216813679,,,2023-24
MAGELLAN FINANCIAL GROUP LIMITED,59108437592,450060683,150599756,44935803,2023-24
MAGI ENTERPRISES PTY LTD,49154423613,142716441,17197392,5159218,2023-24
MAGNETIC INFRASTRUCTURE GROUP PTY LTD,81663518563,247306479,24178669,7253601,2023-24
MAGNITE HOLDINGS PTY LTD,49607240791,133133016,3855130,1156539,2023-24
MAGOTTEAUX AUSTRALIA PTY LTD,40055713301,164528423,4627907,728926,2023-24
MAHINDRA AUTOMOTIVE AUSTRALIA PTY LTD,85133379218,132604840,1381491,414447,2023-24
MAINBRACE CONSTRUCTIONS PTY LIMITED,45002970658,471381133,20281828,6084548,2023-24
MAINFRIEGHT HOLDINGS PTY LTD,24084637605,1410812640,87218250,26165475,2023-24
MAINLAND CIVIL HOLDINGS PTY LIMITED,84098379152,186685959,25042047,7512614,2023-24
MAKANI 2001 PTY LIMITED,52075263142,101525048,68847,20654,2023-24
MAKITA (AUSTRALIA) PTY LIMITED,57001117335,513218693,25249360,7574808,2023-24
MALAYSIA AIRLINES BERHAD,29420085735,746640373,64953,19486,2023-24
MALINDO AIRWAYS SDN.BHD.,17606999311,131595164,,,2023-24
MALTEUROP AUSTRALIA PTY LTD,48068420244,170105514,8479006,2543702,2023-24
MAMMOET AUSTRALIA PTY LTD,77075483644,172463135,,,2023-24
MANAGEMENT & TRAINING CORPORATION PTY. LTD.,25602791364,118975600,27631933,8289580,2023-24
MANDALA TRADING PTY LTD,60608372416,301398304,3639961,943693,2023-24
MANDALAY RESOURCES AUSTRALIA PTY LTD,38005482815,139624214,27771130,7158108,2023-24
MANHARI RECYCLING PTY LTD,73624299574,131685084,3354181,1006254,2023-24
MANITOU AUSTRALIA PTY LIMITED,42114388591,152009809,6733239,2019972,2023-24
MANITOWOC CRANE GROUP AUSTRALIA PTY LIMITED,52076700082,100166275,9914261,2974278,2023-24
MANPOWER SERVICES (AUSTRALIA) PTY LIMITED,15071884994,307746105,,,2023-24
MANTEL GROUP PTY LTD,38622268240,180788045,21371565,6411470,2023-24
MAPEI AUSTRALIA PTY LTD,34059838765,117565418,13551907,3745563,2023-24
MAPS HOTELS AND RESORTS SYDNEY 1 PTY LTD,46165087767,121168178,,,2023-24
MARATHON TYRES HOLDINGS PTY LIMITED,74147561475,106312053,12175976,3652793,2023-24
MARCOPOLO AUSTRALIA HOLDINGS PTY LTD,23154692001,179932227,,,2023-24
MARGETIC & SITZLER CONSOLIDATED HOLDINGS PTY LTD,51167716181,606691372,18781060,5634318,2023-24
MARINE POWER INTERNATIONAL LLC,25003100007,163673871,,,2023-24
MARITIMO (MFG) INTERNATIONAL PTY LTD,68612656158,112534206,6380658,713778,2023-24
MARKET DIRECT GROUP PTY LTD,22115038483,105500997,10825492,3247648,2023-24
MARLAU NOMINEES PTY LTD,18056365327,403704248,15460356,4638107,2023-24
MARLEYSPOON PTY LTD,28603969571,225020735,,,2023-24
MARMON CONSTRUCTION SERVICES (AUSTRALIA) HOLDINGS PTY LTD,38154626954,412022937,26014046,7804214,2023-24
MARQUIS MACADAMIAS LTD,93002607972,111996817,1300650,390195,2023-24
MARQUIS MARKETING PTY LTD,76147689987,175630782,,,2023-24
MARRON GROUP HOLDINGS PTY LTD,71631941403,565879284,4080000,,2023-24
MARS WRIGLEY AUSTRALIA HOLDINGS PTY LTD,68133509930,1952986332,203170176,57511827,2023-24
MARSH MERCER HOLDINGS (AUSTRALIA) PTY LTD,86097026812,1468155365,153612052,44502198,2023-24
MARSH PTY LTD AS AGENT FOR NON-RESIDENT INSURERS,,161873940,161873940,48562182,2023-24
MARTIN-BROWER AUSTRALIA HOLDINGS PTY LTD,91156502251,1880222919,1674097,502229,2023-24
MARUBENI AUSTRALIA LIMITED,53000329699,4229145122,1351209763,101992993,2023-24
MARUBENI ITOCHU STEEL OCEANIA PTY LTD,78098025506,168142722,8056552,2416966,2023-24
MARUBENI-ITOCHU TUBULARS OCEANIA PTY LTD,87077953827,251695069,18634417,5580835,2023-24
MASCOT MARINE HOLDINGS PTY LIMITED,84153814709,196231228,11270609,3381183,2023-24
MASTER BUTCHERS CO-OPERATIVE LTD,58874245597,103802991,330,99,2023-24
MASTERCARD AUSTRALIA HOLDING PTY LTD,83143337722,357686408,16629231,,2023-24
MASTERMYNE GROUP LIMITED,96142490579,486322075,5176150,1552791,2023-24
MASTERTON CORPORATION HOLDING COMPANY PTY LIMITED,56055692825,332131344,2798969,839691,2023-24
MATRAD PTY LTD,27011019088,150624578,,,2023-24
MATTBEN PTY LTD,63104515568,136639995,15460356,4638107,2023-24
MATTEL PTY LTD,60000660962,169305759,5007404,1502221,2023-24
MAUGHAN THIEM AUTOMOTIVE PTY LTD,29107649338,276177636,10800923,3240277,2023-24
MAULES CREEK MARKETING PTY LTD,73140534256,203548376,,,2023-24
MAURICE BLACKBURN PTY LTD,21105657949,264084060,,,2023-24
MAX GRAINS AUSTRALIA PTY LTD,65137908297,159549262,2784061,835218,2023-24
MAXCON CONSTRUCTIONS PTY LTD,69152259820,105238036,,,2023-24
MAXFOODS PTY LTD,53137612081,121937944,1207974,362392,2023-24
MAXIGENES PTY LTD,52150321770,242876141,79516599,23854980,2023-24
MAXIMUS AUSTRALIA HOLDING COMPANY PTY LTD,91608016128,158880620,,,2023-24
MAXIPARTS LIMITED,58006797173,227392232,,,2023-24
MAXI-TANKERS PTY LTD,22117406934,804009757,,,2023-24
MAXUM FOODS PTY LTD,80103379657,233637716,9951962,2985589,2023-24
MAYFAIRS W'SALE PTY LTD,23009693592,125169107,3871731,1161519,2023-24
MAYFLOWER ENTERPRISES PTY LTD,48607181662,433785172,17527444,5162898,2023-24
MAYNE PHARMA GROUP LTD,76115832963,116087475,996263,,2023-24
MAZDA AUSTRALIA PTY LTD,78004690804,3918977417,112443878,33715634,2023-24
MAZZEI GROUP PTY LTD,36620085707,107813014,,,2023-24
MB SOLUTIONS AUSTRALIA PTY LTD,69634934419,117593110,,,2023-24
MBC TOPCO PTY LTD,80658690101,254524712,,,2023-24
MCCAIN FOODS (AUST) PTY LTD,96000629587,931040785,94563058,28149266,2023-24
MCCARROLLS OF MOSS VALE PTY LTD,60003411210,472338976,8232688,2288616,2023-24
MCCORKELL CONSTRUCTIONS PTY LTD,92094764584,126147115,9025939,2707782,2023-24
MCCORMICK FOODS AUSTRALIA PTY LTD,62004763259,306979081,40349509,12104853,2023-24
MCCOSKER CONTRACTING PTY LTD,42070997787,168485254,18190261,5457078,2023-24
MCDONALD'S AUSTRALIAN PROPERTY CORPORATION,55002913555,2288682110,327349313,96149984,2023-24
MCE HOLDINGS PTY LTD,42140636193,167622861,22680962,6804289,2023-24
MCGREGOR GOURLAY PTY LTD,80619661988,275196614,16859928,4181330,2023-24
MCINTOSH HOLDINGS PTY LTD,28008675876,497243894,21347684,6404305,2023-24
MCKINSEY PACIFIC RIM INC,66055131443,401685229,16372729,4598935,2023-24
MCLEAN FARM SALES PTY LTD,47114227780,151527654,,,2023-24
MCLEAN POULTRY PTY LTD,39114227744,153602682,675932,202780,2023-24
MCLS (AUST) PTY LTD,33169551571,217391937,2797397,839219,2023-24
MCM AUTOS PTY LTD,43121606862,100007759,6333553,1900066,2023-24
MCMAHON SERVICES AUSTRALIA PTY LTD,75097072565,482229192,9937433,2733061,2023-24
MCMILLAN SHAKESPEARE LIMITED,74107233983,517663824,149311132,44793340,2023-24
MCNAB DEVELOPMENTS (QLD) PTY LTD,63118748548,632399930,29520612,8856184,2023-24
MCNALLY GROUP CONTRACTING PTY LTD,40159349210,170500939,47104663,14131399,2023-24
MCO BEAUTY PTY LIMITED,51631344780,235356786,72784593,21835378,2023-24
MCPHERSON'S LIMITED,98004068419,184648768,2314053,660523,2023-24
MCT AUTOMOTIVE GROUP PTY LTD,59636285017,241557659,8090117,2200056,2023-24
MDA NATIONAL INSURANCE PTY LTD,56058271417,124229162,661130,,2023-24
MEARS GROUP PTY LTD,92149486500,906114381,55763568,15186213,2023-24
MECCA BRANDS NZ PTY LTD,36126675401,142672882,,,2023-24
MEDHEALTH GROUP PTY LTD,64160098162,657259543,55444698,16633409,2023-24
MEDIBANK PRIVATE LIMITED,47080890259,7953511986,932699835,276489460,2023-24
MEDINA PROPERTY SERVICES PTY LIMITED,36062326176,315169171,309141,92742,2023-24
MEDION AUSTRALIA PTY LIMITED,58106611330,347771073,58144868,17443460,2023-24
MEDITERRANEAN SHIPPING COMPANY (AUSTRALIA) PTY LTD,12003760638,199350203,18148905,5444672,2023-24
MEDLINE STELLAR AUSTRALIA PTY LTD,94149963226,201286126,7827969,2348391,2023-24
MEDRECRUIT INTERNATIONAL LIMITED PARTNERSHIP,44911819528,196568246,,,2023-24
MEDTRONIC AUSTRALASIA PTY LTD,47001162661,1143162186,85742911,25141573,2023-24
MEGA INTERNATIONAL COMMERCIAL BANK CO. LIMITED,27079372688,238794918,73881158,22164347,2023-24
MEHOLD PTY LTD,98161736572,184589468,17007246,1692858,2023-24
MEIJI DAIRY AUSTRALASIA PTY LTD,34064273418,149574320,299396,89819,2023-24
MELBCON PTY LTD,89094370457,123227252,23921030,7176309,2023-24
MELBOURNE INTERNATIONAL RORO & AUTO TERMINAL PTY LTD,43163814364,115561932,72329777,21698933,2023-24
MELBOURNE TRACTORS PTY LTD,37006204440,116256268,4356963,1307089,2023-24
MELRINA WHOLESALE MEATS PTY LTD,70604782541,180927222,23180908,3344415,2023-24
MEMBERS BANKING GROUP LIMITED,83087651054,182789587,1079280,,2023-24
MENZIES AVIATION HOLDINGS AUSTRALIA PTY LTD,18102031836,403774574,,,2023-24
MENZIES HOLD CO 1 PTY LTD,12616441868,105283474,,,2023-24
MENZIES INTERNATIONAL (AUST) PTY LTD,44004967757,105579551,4144524,1243357,2023-24
MERCEDES-BENZ GROUP AUSTRALIA/PACIFIC PTY LTD,50004348421,3213075641,199969426,59990828,2023-24
MERCK HEALTHCARE PTY LTD,72006900830,197680981,10487252,3146176,2023-24
MERCK SHARP & DOHME (HOLDINGS) PTY LTD,57000235245,1095024819,152174574,21376651,2023-24
MERITON PROPERTIES PTY LIMITED,49000698626,1613168220,260539105,78161732,2023-24
MERLIN ENTERTAINMENTS (AUSTRALIA) PTY LTD,51147624557,130521144,476930,,2023-24
MERRILL LYNCH (AUSTRALASIA) PTY LTD,72075923894,482283234,72191128,21657338,2023-24
MERYM PTY LTD,73009174510,143860944,5191892,1557568,2023-24
MESH & BAR PTY LTD,35084464746,477754338,59594179,17878254,2023-24
MESHKI PTY LIMITED,63606524878,121534994,30832695,9249808,2023-24
MET GROUP HOLDINGS PTY LTD,55668768974,1662146457,,,2023-24
METAGENICS AUSTRALIA PTY LTD,78113937572,145663901,11034933,2736244,2023-24
METALS ACQUISITION CORP. (AUSTRALIA) PTY LTD,98657799758,248132037,,,2023-24
METALS X LIMITED,25110150055,181536671,,,2023-24
METCASH LIMITED,32112073480,17742955615,291614888,80878699,2023-24
METECNO PTY LTD,44096402934,165036028,12450322,3281122,2023-24
METHUSELAH HOLDINGS PTY LTD,45611923383,325319683,22119841,6635952,2023-24
METKA EGN AUSTRALIA PTY LTD,29627887709,104563971,,,2023-24
METLIFE INSURANCE LIMITED,75004274882,1579009728,,,2023-24
METRES PTY LTD,75621089030,327239918,,,2023-24
METRICS CREDIT HOLDINGS PTY LTD,66150647091,115275708,44962602,13488781,2023-24
METRO FINANCE PTY LIMITED,44600674093,237376231,,,2023-24
METRO MINING LIMITED,45117763443,255343168,,,2023-24
METRO TRAINS AUSTRALIA PTY LTD,88614061960,2545741033,132714192,39814258,2023-24
METRO TRAINS SYDNEY PTY LTD,54600820737,229542468,20677356,6203207,2023-24
METROLL INDUSTRIES PTY LTD,31080889836,126234753,4390611,1317183,2023-24
METSO AUSTRALIA PTY LTD,99000197428,916657999,41175970,12323608,2023-24
MEYER TIMBER PTY LTD,54005314321,295815465,6280364,1884109,2023-24
MF INVESTMENTS PTY LTD,50612357187,239910762,41632787,3532707,2023-24
MFF CAPITAL INVESTMENTS LIMITED,32121977884,666594000,265056825,76036096,2023-24
MFF CONSOLIDATED PTY LTD,75666543460,277572147,1370619,411186,2023-24
MGM BULK PTY LTD,34165448920,261432235,,,2023-24
MH PREMIUM FARMS HOLDINGS PTY LTD,34125875112,196966570,74893787,22468136,2023-24
MHG HOTEL HOLDING AUSTRALIA PTY LTD,49153049917,577209240,4826000,,2023-24
MHPL INVESTMENTS PTY LTD,17010584031,456521002,31302391,7676431,2023-24
MICHAEL PAGE INTERNATIONAL (AUSTRALIA) PTY LTD,58002872264,212991367,4679065,1403720,2023-24
MICHELIN AUSTRALIA PTY LTD,84006761628,1021154876,31863405,9444558,2023-24
MICROSOFT DATACENTER (AUSTRALIA) PTY LIMITED,31163792078,1531623950,,,2023-24
MICROSOFT PTY LTD,29002589460,8024968022,538868962,161660689,2023-24
MIDDLEMOUNT COAL PTY LTD,49122348412,755291861,46605699,13981710,2023-24
MIDDLEMOUNT SOUTH PTY LTD,85611632314,142988394,193561401,2583440,2023-24
MIDFIELD COMMODITIES PTY LTD,67105001063,100823573,3323257,996977,2023-24
MIDFIELD MEAT INTERNATIONAL PTY LTD,78065864904,907479176,46467930,13940379,2023-24
MIDFIELD TRADING PTY LTD,91090910508,227761048,9920433,2936327,2023-24
MIDLAND 2015 PTY LTD,39606139146,188623940,8498104,2549431,2023-24
MIDWAY LTD,44005616044,246323452,14893090,4467927,2023-24
MIDWAY METALS PTY LTD,88001831090,186446724,10565264,3169579,2023-24
MIELE AUSTRALIA PTY LIMITED,96005635398,498341475,33549731,10064919,2023-24
MILBURN LAKE PTY LTD,13050462381,119378124,4451392,1335418,2023-24
MILEDO PTY LIMITED,19002050295,162234802,38510296,11289764,2023-24
MILK DEPARTMENT PTY LTD,80633414007,445648391,18743,5623,2023-24
MILLELL PTY LTD,17148151213,391551790,,,2023-24
MILLENNIUM SERVICES GROUP LIMITED,11607926787,233327134,,,2023-24
MILLER POHANG COAL COMPANY PTY LTD,99001588209,861666534,,,2023-24
MIMOSA HOMES PTY LTD,12123989408,203189102,21507961,6400309,2023-24
MINERAL RESOURCES LIMITED,33118549910,6038377984,39285714,,2023-24
MINERALOGY INTERNATIONAL LIMITED,39632245446,816855216,315486985,94646048,2023-24
MINERVA FOODS AUSTRALIA PTY LTD,87652859811,594842638,19122923,5736877,2023-24
MINI-TANKERS AUSTRALIA PTY LTD,81050220016,322200116,15514334,4654300,2023-24
MINMETALS AUSTRALIA PTY LTD,63006868033,183954635,,,2023-24
MINPROVISE INTERNATIONAL PTY LTD,65167931768,153565944,2796286,667517,2023-24
MINTEGO PTY. LIMITED,98054957587,323659611,5824440,1747332,2023-24
MIRVAC LIMITED,92003280699,2712952612,5400059,1199678,2023-24
MITCHELL SERVICES LTD,31149206333,240323340,,,2023-24
MITCHELL WATER AUSTRALIA PTY LTD,16097612149,115403148,22083691,6625107,2023-24
MITEK AUSTRALIA LTD,98004564587,159918773,52679889,15175372,2023-24
MITSUBISHI DEVELOPMENT PTY LTD,17009779873,10450821801,3046330473,907793578,2023-24
MITSUBISHI ELECTRIC AUSTRALIA PTY LTD,58001215792,484584025,39954709,11986413,2023-24
MITSUBISHI HEAVY INDUSTRIES AIR CONDITIONERS AUSTRALIA PTY LTD,92133980275,313923376,16836968,4850642,2023-24
MITSUBISHI MATERIALS (AUSTRALIA) PTY LTD,78001429349,124097351,64461841,19298729,2023-24
MITSUBISHI MOTORS AUSTRALIA LIMITED,53007870395,2820923232,171893162,51567949,2023-24
MITSUI & CO. (AUSTRALIA) LTD,64004349795,9650940494,4260176892,807587942,2023-24
MITSUI MATSUSHIMA INTERNATIONAL PTY LIMITED,72100874600,386559524,234236484,70270945,2023-24
MITSUI SUMITOMO INSURANCE COMPANY LTD,49000525637,167343240,15577688,4672905,2023-24
MITSUI-ITOCHU IRON PTY LTD,84008702761,2419909662,800593167,240177950,2023-24
"MIZUHO BANK, LTD., SYDNEY BRANCH",83099031106,1823871311,294873166,88461950,2023-24
MJCP HOLDINGS PTY LIMITED,65626875349,174386262,1727155,518146,2023-24
MLC LIMITED,90000000402,2222693281,,,2023-24
MLG OZ LIMITED,53102642366,475845357,,,2023-24
MMA OFFSHORE LIMITED,21083185693,268145648,,,2023-24
MMG AUSTRALIA LIMITED,23004074962,969556005,3569803,,2023-24
MML HOLDINGS LIMITED,55084402380,4639667257,416180807,124846903,2023-24
MNT PTY LTD,92606743266,368136724,34925430,10477629,2023-24
MOBIL PNG GAS HOLDINGS PTY LTD,35008633707,1174016285,3971372,1191412,2023-24
MOBILE CONCRETING SOLUTIONS PTY LTD,50130398266,107543776,19632877,5889863,2023-24
MOBIS PARTS AUSTRALIA PTY LIMITED,34107778156,243817911,19267989,5761466,2023-24
MODERN STAR HOLDINGS TOPCO PTY LTD,92639348655,356050747,42508493,12752548,2023-24
MODULAR MINING SYSTEMS PTY LIMITED,15007297501,103673947,39056643,9848948,2023-24
MODUS PROJECTS PTY LTD,63143167159,113435203,10223240,3066972,2023-24
MOET HENNESSY AUSTRALIA PTY LIMITED,26104454604,377475049,20308210,6092463,2023-24
MOFFAT GROUP PTY LTD,92069691407,233802515,45320204,12454313,2023-24
MONADELPHOUS GROUP LIMITED,28008988547,1943018303,111161519,30940960,2023-24
MONASH IVF GROUP LTD,90169302309,225843593,32286696,9686009,2023-24
MONDE NISSIN (AUSTRALIA) PTY LTD,25169518325,281833523,,,2023-24
MONDELEZ AUSTRALIA GROUP CO PTY LTD,53147371846,3565510133,80529951,22609676,2023-24
MONEYME LIMITED,29636747414,211728797,,,2023-24
MONEYSPOT FINANCE PTY LIMITED,29166488197,131928509,11625689,3487707,2023-24
MONFORD GROUP PTY LTD,89145210895,112165251,,,2023-24
MONSTER ENERGY AU PTY LTD,84132571638,159424558,23934952,7180486,2023-24
MONTAGUE BROS. (HOLDINGS) PTY LTD,88006001332,126598878,,,2023-24
MONTESSORI ACADEMY GROUP HOLDINGS PTY LTD,42631760275,124510956,7526835,2258050,2023-24
MONTGOMERY HOMES PTY LIMITED,57069964236,113796130,11310106,3393032,2023-24
MONTU GROUP PTY LTD,35634198360,277247891,39071822,10488769,2023-24
MOORELEX PTY LTD,31110296341,106711024,6552522,1965757,2023-24
MOORGATE CONSOLIDATED PTY LTD,80667198405,1905423018,1109225258,406095,2023-24
MORE TELECOM PTY LTD,23165518589,112437961,,,2023-24
MORGAN PASTORAL PTY LTD,27115390488,288421360,,,2023-24
MORGAN STANLEY AUSTRALIA FINANCE PTY LIMITED,84086080015,698950620,56016116,16804835,2023-24
MORGANS HOLDINGS (AUSTRALIA) LIMITED,80050413682,291857759,12448418,3732702,2023-24
MORRISON AUSTRALIA PTY LIMITED,39073922102,154342327,74902783,21732818,2023-24
MORT & CO HOLDINGS LTD,54606165128,727775083,,,2023-24
MORTGAGE HOUSE PTY LIMITED,65129091372,239695762,,,2023-24
MOSAIC CONSTRUCTION PTY LTD,49161541957,278296574,967404,290221,2023-24
MOSSOP GROUP PTY LTD,52008018540,207858681,6943221,2082966,2023-24
MOTA INVESTMENTS PTY LTD,98158946144,304482370,23333696,7000109,2023-24
MOTORCYCLE HOLDINGS LIMITED,29150386995,569089498,24088287,7226486,2023-24
MOTOROLA SOLUTIONS AUSTRALIA PTY LTD,16004742312,409331872,4335004,,2023-24
MOTORS GROUP (GLEN WAVERLY) PTY LTD,85164997228,118892589,6070168,1821050,2023-24
MOTT MACDONALD AUSTRALIA PTY LTD,13134120353,408936619,48473072,14541922,2023-24
MOTUS AUSTRALIA PTY LTD,79113527263,998020751,32684541,9805362,2023-24
MOUNT GIBSON IRON LIMITED,87008670817,730552253,10084162,2510963,2023-24
MOUNT PRICHARD & DISTRICT COMMUNITY CLUB LIMITED,98000458622,224049132,,,2023-24
MOY INVESTMENT PTY LTD,11169154572,823118560,1684028,,2023-24
MP AUSTRALIA HOLDINGS PTY LTD,37156629211,509441488,,,2023-24
MPA HOLDINGS (AUST) PTY LIMITED,20609473421,202449947,5615870,1684761,2023-24
MPC KINETIC HOLDINGS LIMITED,68626678911,512086939,43389068,13016720,2023-24
MPD DAIRY PRODUCTS PTY LTD,55001442520,390071858,8897358,2669203,2023-24
MPG DEVELOPMENTS PTY LIMITED,30150545690,180722351,48891841,14667552,2023-24
MPH HOLDINGS PTY LIMITED,15001731148,104601281,,,2023-24
MSM MILLING PTY LTD,57115070150,197849987,19092603,4859993,2023-24
MT GELLIBRAND WIND FARM HOLDINGS PTY LTD,92614414701,175081147,,,2023-24
MT MARION LITHIUM PTY LTD,67138805722,917294391,154813653,46444096,2023-24
MTD PRODUCTS AUSTRALIA PTY LTD,96004873572,118655892,12815006,3844502,2023-24
MTR CORPORATION (SYDNEY) SMCSW PTY LTD,53615158122,254202644,64438228,19331468,2023-24
"MUFG BANK, LTD.",75103418882,2109213166,402958912,120841115,2023-24
MUFG PENSION & MARKET SERVICES HOLDINGS PTY LIMITED,27120964098,753311221,13802606,2207926,2023-24
MUIR GROUP PTY LTD,16004732656,373697498,8670791,2458143,2023-24
MULAWA HOLDINGS PTY LIMITED,18000259834,519125092,33794514,10138354,2023-24
MULPHA AUSTRALIA LIMITED,44002888039,395287784,4320450,,2023-24
MULTI MARKET SERVICES AUSTRALIA HOLDINGS PTY LTD,50000026228,545277399,6111501,1831870,2023-24
MULTI-COLOR AUSTRALIA HOLDINGS PTY LTD,28129274719,229721759,15169270,4548552,2023-24
MULTIGATE MEDICAL PRODUCTS PTY LTD,98003283529,258394750,33190538,9730755,2023-24
MULTIMEDIA TECHNOLOGY PTY LTD,91058914784,144311586,3773049,1131915,2023-24
MULTIQUIP POULTRY PTY LTD,36086089616,194060862,2076281,622884,2023-24
MULTIVAC AUSTRALIA PTY LTD,40112608116,154361208,18523809,5557143,2023-24
MUNCHENER RUCKVERSICHERUNGS GESELLSCHAFT,90009763526,2520195833,39633629,,2023-24
MUNDIPHARMA PTY LIMITED,87081322509,115055131,19367601,5810280,2023-24
MUNICH HOLDINGS OF AUSTRALASIA PTY LTD,80000159651,1381862879,,,2023-24
MURRAY ENGINEERING PTY LTD,21119603655,152169535,,,2023-24
MUTUAL MARKETPLACE PTY LTD,35615297820,202552464,725442,217633,2023-24
MYER HOLDINGS LIMITED,14119085602,2687821120,73787846,22133308,2023-24
MYHOMECARE GROUP PTY LTD,82620857098,334243447,25309719,7592916,2023-24
MYLAN AUSTRALIA HOLDING PTY LTD,52127537302,525800292,19311396,5793419,2023-24
MYOB GROUP CO PTY LTD,23630725825,568217946,,,2023-24
MYSTATE LIMITED,26133623962,507461560,55907472,16772242,2023-24
N G P LORIMER PTY LIMITED,98610702988,200485301,22791931,6837579,2023-24
N G P PARRA HOLDINGS PTY LTD,72649626602,303114863,17844150,5353245,2023-24
N.H.P. HOLDINGS PROPRIETARY LIMITED,21004745644,585961925,55506563,16651969,2023-24
NACG AUSTRALIA HOLDINGS PTY LTD,48650762913,176390328,,,2023-24
NAMOI COTTON LIMITED,76010485588,562078731,,,2023-24
NANDO'S AUSTRALIA PTY LTD,20079066407,275663121,,,2023-24
NANOOK & CO PTY LTD,25627176489,700913348,,,2023-24
NANOSONICS LIMITED,11095076896,116632021,38163202,,2023-24
NAPA TOPCO PTY LTD,66654627504,132039253,,,2023-24
NASDAQ AUSTRALIA HOLDINGS PTY LTD,15145262371,319112159,75273286,22234368,2023-24
NATHAN RIVER RESOURCES PTY LTD,71624428717,100061760,,,2023-24
NATIONAL AUSTRALIA BANK LIMITED,12004044937,52721911282,7515488634,2240631463,2023-24
NATIONAL CAN INDUSTRIES PTY LTD,89006266799,115308066,,,2023-24
NATIONAL GROUP CORPORATION PTY LTD,32629791153,353590365,,,2023-24
NATIONAL JET EXPRESS PTY LTD,46063561482,220810438,3811519,1143456,2023-24
NATIONAL PUMP & ENERGY PTY LTD,83098812492,210377152,34668036,10400411,2023-24
NATIONAL ROADS & MOTORISTS ASSOCIATION LIMITED,77000010506,993244850,77868477,18956893,2023-24
NATIONAL STORAGE HOLDINGS LIMITED,38166572845,347167176,41767762,12385333,2023-24
NATIONAL TILE CO PTY LTD,57007381599,197498897,224781,67434,2023-24
NAVIA PTY LTD,85105752921,145267902,4257790,1277337,2023-24
NBN CO LIMITED,86136533741,6099069270,,,2023-24
NCIG HOLDINGS PTY LIMITED,98124700483,861504519,12017828,3605348,2023-24
NCR AUSTRALIA PTY LIMITED,61000003592,227214861,30583083,9174925,2023-24
NDC HOLDCO PTY LTD,13654148188,166898389,9580841,2874252,2023-24
NEC AUSTRALIA PTY LTD,86001217527,360456383,,,2023-24
NEGU PTY LTD,22637047066,2212697320,2199565743,,2023-24
NEPEAN CONVEYORS PTY LIMITED,47003794885,143010931,13520302,4056091,2023-24
NEPEAN NO1 PTY LTD,15606791931,169744135,29219455,887765,2023-24
NEP-GTV HOLDCO PTY LTD,34167517660,213230066,,,2023-24
NES FIRCROFT AUSTRALIA PTY LTD,58100091245,439488172,7291120,2187336,2023-24
NESTLE AUSTRALIA LIMITED,77000011316,2733807301,190559741,42751576,2023-24
NETAPP AUSTRALIA PTY LTD,14092499431,276662078,18308711,5492613,2023-24
NETFLIX AUSTRALIA PTY LTD,81601296771,1188366399,,,2023-24
NETWEALTH GROUP LIMITED,84620145404,255262907,126381544,37913380,2023-24
NETWORK FINANCE COMPANY PTY LTD,17617869511,323913068,105602,31681,2023-24
NETWORK TEN ALL ACCESS PTY LTD,60629391117,147154280,,,2023-24
NEUMANN STEEL PTY LTD,59009818035,162906357,10226369,2917700,2023-24
NEUREN PHARMACEUTICALS LIMITED,72111496130,240244025,152660412,33941453,2023-24
NEW AIM PTY LTD,50115804432,326028946,12994168,,2023-24
NEW BALANCE AUSTRALIA PTY LTD,65003049296,194518711,7540216,2262065,2023-24
NEW CENTENARY PTY LTD,21168183864,263394623,12791253,3837376,2023-24
NEW FOOD COATINGS PTY LTD,51002604042,198902168,28966908,8675260,2023-24
NEW HOPE CORPORATION LIMITED,38010653844,1802979010,588670244,176332958,2023-24
NEW TOWN (WA) PTY LTD,51057584595,219357821,9522171,2856651,2023-24
NEW ZEALAND MILK (AUSTRALASIA) PTY LTD,23003502654,2270512403,,,2023-24
NEWBALE CLOTHING PTY LIMITED,33136405091,102804596,8493196,2547959,2023-24
NEWCASTLE GREATER MUTUAL GROUP LTD,96087651992,1274964769,144460910,43338273,2023-24
NEWCREST MINING LIMITED,20005683625,1114946554,158970719,47199797,2023-24
NEWELL AUSTRALIA PTY LTD,68075071233,237829742,11318191,3361029,2023-24
NEWFURN FLOOR COVERINGS LTD,63004650668,178957288,,,2023-24
NEWGEN KWINANA HOLDINGS PTY LTD,68116576955,235485570,,,2023-24
NEWS AUSTRALIA HOLDINGS PTY LIMITED,32105197028,1816856409,299999127,,2023-24
NEX BUILDING GROUP PTY LTD,59089524050,1464073996,59612957,17883887,2023-24
NEXANS AUSTRALIA HOLDING PTY LTD,52122486195,439927110,,,2023-24
NEXT GREEN GROUP PTY LTD,39656555636,225034432,14037654,4211296,2023-24
NEXT PAYMENTS PTY LTD,59160985106,112827128,6319832,1895950,2023-24
NEXTDC LIMITED,35143582521,437730538,,,2023-24
NEXTED GROUP LIMITED,75105012066,111144835,,,2023-24
NEXTGEN DISTRIBUTION PTY LIMITED,41150814654,345644308,3675222,981338,2023-24
NEXUS DAY HOSPITALS HOLDINGS PTY LTD,75165809101,232052704,,,2023-24
NEXUS MINING PTY LTD,45606201969,126562454,9248713,2774614,2023-24
NGP INVESTMENTS NO 1 PTY LTD,80001495352,678172579,236849121,17205081,2023-24
NH FOODS AUSTRALIA PTY LTD,87001548401,1053064618,,,2023-24
NIB HOLDINGS LIMITED,51125633856,3081279489,254452653,74929961,2023-24
NICK SCALI LIMITED,82000403896,353113032,89838620,26951586,2023-24
NIGHTOWL (QLD) PTY LTD,75149469483,103506653,,,2023-24
NIKE AUSTRALIA PTY LTD,99055141743,924873389,32202142,9660643,2023-24
NINE ENTERTAINMENT CO. HOLDINGS LIMITED,60122203892,2227640971,102038766,20367524,2023-24
NINTENDO AUSTRALIA PTY LIMITED,43060566083,367541404,19392627,5817788,2023-24
NIPPON STEEL AUSTRALIA PTY. LIMITED,64001445049,1775196316,1240041474,370999747,2023-24
NISSAN MOTOR CO (AUSTRALIA) PTY LTD,54004663156,2857020108,227414188,67415878,2023-24
NMG HOLDINGS PTY LTD,19651498716,166756933,,,2023-24
NO 1 ROOFING & BUILDING SUPPLIES PTY LTD,54102699972,165927982,25318924,7595677,2023-24
NO WAY BACK PTY LIMITED,55609275176,204785771,13545068,4063520,2023-24
NOBLE DRILLING AUSTRALIA PTY LTD,55106414108,192529186,8598041,2579412,2023-24
NOBLEOAK LIFE LIMITED,85087648708,609819004,,,2023-24
NOJA POWER SWITCHGEAR PTY LTD,21099412807,159254636,60691792,13529287,2023-24
NOKIA SOLUTIONS AND NETWORKS AUSTRALIA PTY LTD,74122172365,971659084,20177648,6053294,2023-24
NOLAN MEATS PTY LTD,81096869304,261126016,24561617,7296781,2023-24
NORCO CO-OPERATIVE LIMITED,17009717417,769765000,16370221,3899120,2023-24
NORCO WHOLESALERS PTY LTD,78003630055,641627762,,,2023-24
NORGAP PTY LIMITED,34008553955,1205395012,569371567,164039974,2023-24
NORINCHUKIN AUSTRALIA PTY LIMITED,57617251617,357616291,60266112,18079834,2023-24
NORITZ AUSTRALIA PTY LTD,71603048308,151280385,9040705,2712212,2023-24
NORMET ASIA PACIFIC PTY LTD,73119159625,187382858,7161621,2148486,2023-24
NORRIS ENTERPRISES PTY LTD,92001917853,338668981,22805610,4474041,2023-24
NORSKE SKOG INDUSTRIES AUSTRALIA LIMITED,50003902985,286889068,,,2023-24
NORSTAR RECYCLING PTY LTD,37125250151,177392218,27430568,8229170,2023-24
NORTH CONSTRUCTION & BUILDING PTY LIMITED,15147507702,115361451,,,2023-24
NORTH JACKLIN PTY LTD,79058224972,118303889,7096297,2128889,2023-24
NORTH QUEENSLAND EXPORT TERMINAL HOLDINGS PTY LTD,17154644685,333439093,,,2023-24
NORTH WALKER PROPERTY PTY LTD,18623794212,227794590,231645,69494,2023-24
NORTHERN CO-OPERATIVE MEAT COMPANY,42060208366,201126927,,,2023-24
NORTHERN OIL REFINERIES PTY LTD,47151738966,111962498,43502539,13050762,2023-24
NORTHERN RIVERS MEAT COMPANY PTY LTD,83165099641,120499216,,,2023-24
NORTHERN STAR RESOURCES LTD,43092832892,4229207557,26955515,7960424,2023-24
NORTHROP CONSULTING ENGINEERS PTY LTD,81094433100,103057945,5128021,1538406,2023-24
NORTHROP GRUMMAN AUSTRALIA PTY LIMITED,78156458981,379085000,,,2023-24
NORTHWESTERN ROADS GROUP PTY LTD,21169328330,684775661,45113644,13534093,2023-24
NORTON GOLD FIELDS PTY LTD,23112287797,562193368,,,2023-24
NOTE PRINTING AUSTRALIA LIMITED,86082630671,196987818,19029285,5708786,2023-24
NOUMI LIMITED,41002814235,587272907,,,2023-24
NOUS GROUP PTY LTD,66086210344,128451377,1977755,548184,2023-24
NOVA AEROSPACE PTY LTD,11090818214,464234211,3778273,1125084,2023-24
NOVA ENTERTAINMENT RADIO INVESTMENTS PTY LIMITED,64603324929,190965481,21584667,2793543,2023-24
NOVA INVESTMENT & TRADING PTY LTD,36614947974,121911233,546834,164050,2023-24
NOVARTIS AUSTRALIA PTY LIMITED,81004371224,718011502,58551445,12644424,2023-24
NOVO NORDISK PHARMACEUTICALS PTY LIMITED,40002879996,649046941,48050500,7419469,2023-24
NOVOTECH AUS HOLDCO PTY LIMITED,29621142283,243069188,34937085,9262034,2023-24
NOW FINANCE GROUP HOLDINGS LIMITED,54651802596,104910821,,,2023-24
NP AUSTRALIA PTY LTD,46162670279,150202200,5814890,1744467,2023-24
NQXT PORT PTY LTD,61150498098,120826079,,,2023-24
NRI AUSTRALIA HOLDINGS PTY LTD,40621613385,681610348,26104330,1279918,2023-24
NRW HOLDINGS LIMITED,95118300217,2747047501,81370515,24397000,2023-24
NSC (AUSTRALIA) PTY LTD,71607111268,436993243,54346041,16303812,2023-24
NST INVESTMENT PTY LTD,26112693562,126835211,7125635,2137690,2023-24
NSW ELECTRICITY NETWORKS FINANCE PTY LTD,66609171913,363541877,,,2023-24
NSW PORTS FINANCE CO PTY LIMITED,83161943497,157056856,196433,58930,2023-24
NTAW HOLDINGS LTD,97095843020,370292121,5411841,1254488,2023-24
NTI LIMITED,84000746109,171895217,696433,208930,2023-24
NTT AUSTRALIA PTY LTD,65003371239,1442205687,,,2023-24
NTT DATA PAYMENT SERVICES VICTORIA PTY LTD,32610328802,111540675,45962939,13788882,2023-24
NUFARM LIMITED,37091323312,1436725992,2705725,,2023-24
NUFSED HOLDINGS PTY LTD,83100811005,167351546,20064813,6019444,2023-24
NUIX LIMITED,80117140235,125500222,46775,,2023-24
NUTRICIA AUSTRALIA PTY LTD,99076246752,343260003,5559844,1667953,2023-24
NUTRITION & BIOSCIENCES AUSTRALIA PTY LTD,59000716469,146159622,3128097,938429,2023-24
NUTRITION WAREHOUSE PTY LTD,17128438755,141835867,8074090,2422227,2023-24
NUTTING INVESTMENTS PTY LTD,33112137032,116182659,5658164,1695752,2023-24
NVA AUSTRALIA PARENT PTY LTD,21609622460,333618514,5276789,,2023-24
NW LABOUR HIRE NO 2 PTY LTD,36149524318,122328092,,,2023-24
NW PEOPLE GROUP PTY LTD,47134737812,167609213,4988679,826788,2023-24
NX BLUE PTY LTD,34629711771,111065475,12423731,3727119,2023-24
NXE AUSTRALIA PTY LIMITED,85625190990,2993555689,930278,,2023-24
NYRSTAR HOBART PTY LTD,49124818113,273986754,,,2023-24
NYRSTAR PORT PIRIE PTY LTD,31008046428,550353018,,,2023-24
O E & D R POPE PTY LTD,17007645810,125035665,9695326,2908598,2023-24
OAKBRIDGE PTY LIMITED,67000230419,2823860874,959355506,286239569,2023-24
OAKDALE MEAT CO PTY LTD,24619477888,191565121,7974172,2392252,2023-24
OAKMOORE PTY LTD,13056159570,162039862,6422905,1881454,2023-24
OBJECTIVE CORPORATION LIMITED,16050539350,109749424,37721644,2558225,2023-24
O'BRIEN GROUP AUSTRALIA PTY LTD,29051538197,116519889,13180019,3954006,2023-24
OCEANIA (TOPCO) PTY LTD,24639682027,223794338,25749521,7724856,2023-24
OCHRE HEALTH GROUP PTY LIMITED,58114468405,110994809,3373930,1012179,2023-24
OCS GROUP AUSTRALIA PTY LTD,24100515106,109687932,2039783,611935,2023-24
OCWEN ENERGY PTY LTD,44605178578,1684980525,17333196,5148530,2023-24
OFFSHORE REINSURER (BERMUDA) COMPANY LIMITED,68977393511,752215940,4336996,1301099,2023-24
OFX GROUP LIMITED,12165602273,128823329,37739076,,2023-24
OGOG (OTWAY) HOLDINGS PTY LTD,51628945657,187286322,54378713,16313614,2023-24
OJI OCEANIA MANAGEMENT (AUS) PTY LTD,52169111362,183016475,,,2023-24
OLAM INVESTMENTS AUSTRALIA PTY LTD,17124391920,393305291,32754128,9769572,2023-24
OLAM ORCHARDS AUSTRALIA PTY LTD,15139442532,583264887,,,2023-24
OLBIA PTY LIMITED,64000305304,436988428,207013225,,2023-24
OLDMAC T PTY LTD,58126291165,228112122,12793821,3838146,2023-24
OLYMPUS AUSTRALIA PTY LTD,90078493295,216780588,28635237,8590571,2023-24
OMC AUSTRALIA PTY LTD,39004663094,120676275,351054,105316,2023-24
OMEGA MATERIALS HANDLING PTY LIMITED,75069624031,318362657,8197828,2459348,2023-24
OMN INVESTMENTS PTY. LTD.,26119990064,472998425,21996022,6598807,2023-24
OMNICOM MEDIA GROUP AUSTRALIA PTY LTD,74129754883,437459232,43322479,12996744,2023-24
OMNICOTTON AUSTRALIA PTY LTD,42160380316,123283412,,,2023-24
OMYA AUSTRALIA PTY LIMITED,97001682533,133806864,18034952,5410486,2023-24
ONCORE CONSULTING PTY LTD,63137348951,104348935,111953,33586,2023-24
ONCORE CONTRACTOR SOLUTIONS PTY LTD,28137348362,149918179,,,2023-24
ONCORE GROUP HOLDINGS PTY LTD,83137343349,127725720,,,2023-24
ONE DIVERSIFIED PTY LTD,22632586844,119072909,,,2023-24
ONE MEA HOLDINGS PTE. LTD.,,117566767,117566767,35270030,2023-24
ONE STOP WAREHOUSE PTY LTD,46161849323,506995728,298490,89547,2023-24
ONE VENDOR PAYROLL PTY LTD,67135287071,131609004,305693,91708,2023-24
ONEFORTYONE PLANTATIONS HOLDINGS PTY LTD,42159689942,499936450,19762764,5928829,2023-24
ONESUBSEA AUSTRALIA HOLDINGS PTY LTD,82162438333,171331888,4008388,1202516,2023-24
ONLINE EDUCATION SERVICES PTY LTD,75148177959,239239257,22259712,6677914,2023-24
ONTEX MANUFACTURING PTY LTD,16145822528,172856405,3494016,1048205,2023-24
OOH!MEDIA LIMITED,69602195380,627024440,65024324,19456401,2023-24
OPEN TEXT PTY LTD,98071903010,220615664,9037680,2711304,2023-24
OPIC AUSTRALIA PTY LTD,66008603487,427368572,,,2023-24
OPTEON GROUP HOLDINGS LIMITED,20616574755,138644175,33633984,10090195,2023-24
OPTIVER AUSTRALIA HOLDINGS PTY LIMITED,35077364286,860554892,27221852,,2023-24
OPUS GROUP PTY LTD,48006162876,110343677,9057984,2717395,2023-24
ORA BANDA MINING LTD,69100038266,249876638,,,2023-24
ORBIT HOMES (QUEENSLAND) PTY LTD,93064726905,128666345,10552653,3165796,2023-24
ORBIT HOMES AUSTRALIA PTY LTD,11080735771,169100013,6954771,2086431,2023-24
ORD MINNETT INVESTMENTS LTD,63635706759,240865260,42992246,12835994,2023-24
OREANA HOMES PTY LTD,47097498532,100689034,6297459,1889238,2023-24
OREANA PROJECT MANAGEMENT PTY LTD,33614630349,175255020,22754736,6826421,2023-24
ORGANON PHARMA PTY LTD,54637107512,201201039,9824613,2947384,2023-24
ORICA LIMITED,24004145868,3422937583,162866430,,2023-24
ORICA MINING SERVICES PILABRA PTY LTD,65158151369,383438821,,,2023-24
ORIENTAL MERCHANT PTY LTD,34007368925,429400162,37047071,11114121,2023-24
ORIGIN ENERGY LIMITED,30000051696,18224337001,2373946234,650122239,2023-24
ORIX AUSTRALIA CORPORATION LIMITED,79002992681,368648907,,,2023-24
ORORA LIMITED,55004275165,1025591959,51636878,,2023-24
OROTONGROUP PTY LIMITED,14000038675,123039422,,,2023-24
ORRO HOLDCO PTY LTD,12653127514,178400312,,,2023-24
OSAKA GAS AUSTRALIA PTY LTD,49093246381,350110074,,,2023-24
OSCAR ALUMINIUM HOLDINGS PTY LTD,74650522811,106743665,11765134,2305343,2023-24
OSMOSIS HOLDINGS AUSTRALIA I PTY LTD,59650740266,309299385,14660804,353996,2023-24
OSPREY HOLD CO PTY LTD,53663687376,108931906,11754478,3526343,2023-24
OTIS ELEVATOR COMPANY PTY LIMITED,56002873065,410170698,29974604,8980461,2023-24
OTR 330 PTY LTD,86638301649,1692626511,,,2023-24
OTR ENERGY PTY LTD,80615822065,284534564,,,2023-24
OTTLEY CAPITAL HOLDINGS PTY LTD,94635361321,275599843,1097384,329215,2023-24
OUTCOMEX PTY LTD,73614725736,102706352,3953655,,2023-24
OUTDOOR SUPACENTRE PTY LTD,30609212624,429647872,6966774,2090032,2023-24
OUTSOURCING OCEANIA HOLDINGS PTY LIMITED,20628356141,772138981,22506267,6751880,2023-24
OVERSEA-CHINESE BANKING CORPORATION LIMITED,94073598035,868604880,208296061,62488818,2023-24
OWENS GROUP AUSTRALIA PTY. LIMITED,30054141472,103570307,3612865,1083860,2023-24
OXWORKS TRADING PTY LTD,81145873909,101849431,5098218,1529465,2023-24
OZ GROUP CO-OP LIMITED,73482255177,259326789,380233,114070,2023-24
OZ MINERALS LIMITED,40005482824,578959886,30677746,6983687,2023-24
OZCAR PTY LTD,98052221299,265440815,3197628,922594,2023-24
OZLAND MINING SERVICES PTY LTD,76140397833,125990010,,,2023-24
P G HOLDINGS LTD,71009448793,133886691,31428570,,2023-24
P.G.A GROUP PTY LTD,83005265921,172418857,70326321,15053878,2023-24
P20 ESG ACQUISITION PTY LTD,93638769963,668901838,,,2023-24
PACCAR AUSTRALIA PTY LTD,43004669667,2054549827,345226564,101925188,2023-24
PACE HOLDCO PTY LTD,72667546296,364795978,40827892,8612780,2023-24
PACIFIC 2021 TOPCO G PTY LIMITED,38649860177,855314204,,,2023-24
PACIFIC 2021 TOPCO H PTY LIMITED,88650622941,109429588,,,2023-24
PACIFIC ENERGY TRADING PTY LTD,63642539482,155474443,52635844,15790753,2023-24
PACIFIC GROUP TOPCO PTY LIMITED,85644302492,185084448,25072424,,2023-24
PACIFIC HUNTER GROUP PTY LTD,79607717206,251279877,,,2023-24
PACIFIC INVEST DECEMBER 2004 PTY LTD,58112150973,1069330954,31380860,9413648,2023-24
PACIFIC LIFE RE (AUSTRALIA) PTY LTD,91601822431,631395701,,,2023-24
PACIFIC MEAT HOLDINGS PTY LTD,57121494399,159130466,13941864,4182559,2023-24
PACIFIC SMILES GROUP LTD,42103087449,181140686,21685017,6505505,2023-24
PACIFIC WEST FOODS AUSTRALIA PTY LTD,87069569517,215469694,21494896,6448469,2023-24
PACT CONSTRUCTION PTY LTD,14108015747,196686619,,,2023-24
PACT GROUP HOLDINGS LTD,55145989644,1610541536,138290203,22382538,2023-24
PADDY POWER AUSTRALIA PTY LTD,83133081491,2196283113,307797712,87047750,2023-24
PAGAC CHICKEN TENDERS HOLDINGS IV PTY LIMITED,88634718602,240649763,1252165,375650,2023-24
PAGAC URBAN II (AUSTRALIA) PTY LTD,38646152785,113210287,18636210,5590863,2023-24
PALLADIUM HOLDINGS PTY LTD,51640464197,202352695,,,2023-24
PALM LAKE WORKS HOLDINGS PTY LTD,43150532335,162396209,,,2023-24
PALO ALTO NETWORKS (AUSTRALIA) PTY LTD,43160218379,281368950,1409956,422987,2023-24
PAMSIM PTY LTD,34083219318,213645237,11569164,3470749,2023-24
PANASONIC AUSTRALIA PTY LIMITED,83001592187,278746590,5441251,1577993,2023-24
PANAUST LIMITED,17011065160,256591550,9892560,2967768,2023-24
PANDROL AUSTRALIA PTY LIMITED,90000061227,181513581,29146158,8743847,2023-24
PANTHER TOPCO PTY LTD,79626390136,195078777,,,2023-24
PANTORO LIMITED,30003207467,260087840,,,2023-24
PAPER AUSTRALIA PTY LTD,63061583533,1811667441,,,2023-24
PAPER FORCE (OCEANIA) PTY LTD,84109526776,125960597,3526467,1057940,2023-24
PARAGON CARE LIMITED,76064551426,461738348,2936138,880261,2023-24
PARAWAY PASTORAL COMPANY LIMITED,14122572641,235647107,,,2023-24
PARC ENGINEERING PTY LTD,91624974385,131290735,7416320,2224896,2023-24
PARK FREIGHT INTERNATIONAL PTY LTD,84001954203,171311792,8418218,2525465,2023-24
PARK24 AUSTRALIA PTY LTD,58616101341,205484735,,,2023-24
PARKER HANNIFIN AUSTRALIA HOLDING PTY LIMITED,61117010107,254901059,50120023,15036007,2023-24
PARKSIDE HOLDINGS PTY. LTD.,54009827365,115789951,12248417,3674525,2023-24
PARKVIEW CERBERUS PTY LTD,44119071135,493456526,,,2023-24
PARRAMATTA LEAGUES CLUB LIMITED,52000218655,136146172,,,2023-24
PARRATECH GROUP PTY LTD,91634192920,124873879,26127672,7838302,2023-24
PARTOUT PTY LTD,52009071103,255445903,22973553,6892066,2023-24
PASTEL HOLDINGS PTY LTD,33168929566,749479425,124010476,37109673,2023-24
PATDOVE PTY LIMITED,29003657029,141598345,4793877,1198469,2023-24
PATHEON BIOLOGICS AUSTRALIA PTY LTD,33141099041,118552456,5929747,1778924,2023-24
PATRI INVESTMENTS PTY LTD,70124646546,124840987,24041995,7212598,2023-24
PATTERSON BUILDING GROUP PTY LIMITED,71109697207,174623374,1750770,515319,2023-24
PAUL HARTMANN PTY LIMITED,35000099589,135237361,7295996,2188799,2023-24
PAUL WAKELING MOTOR GROUP PTY LTD,47119908780,363789887,12014825,3604448,2023-24
PAWBOY PTY LTD,75135778415,208820563,31741873,9522562,2023-24
PAX AUSTRALIA HOLDINGS PTY LTD,80673757849,223969892,32771483,9831445,2023-24
PAYLOAD INDUSTRIES PTY LTD,96611121610,160449249,17933907,5380172,2023-24
PAYME AUSTRALIA PTY LTD,80130125334,135621360,,,2023-24
PAYNTER DIXON HOLDINGS PTY LIMITED,94069795544,159644524,,,2023-24
PAYNTERS PTY LTD,32060951162,240237372,8655840,2596752,2023-24
PAYPAL AUSTRALIA PTY LTD,93111195389,1005091084,62874342,18862303,2023-24
PBE RUTHERFORD MINING PTY LTD,73622492826,116882989,6984079,2095224,2023-24
PBH AUSTRALIA HOLDING COMPANY PTY LIMITED,53164608646,132925661,53442763,16032829,2023-24
PCCG TOPCO PTY LTD,76653899882,101147605,,,2023-24
PCL CONSTRUCTORS PACIFIC RIM PTY LTD,74140877792,400607113,48090718,14427215,2023-24
PE WHEATSTONE PTY LTD,53158341612,927693724,,,2023-24
PEABODY AUSTRALIA HOLDCO PTY LTD,61154820130,4060313259,793817864,190526230,2023-24
PEACO FOODS PTY LTD,28645333393,167249611,777538,233261,2023-24
PEARSON AUSTRALIA HOLDINGS PTY LTD,62103243858,240985556,946292,,2023-24
PEBMAC PTY LTD,48010621851,252037851,12830666,3849200,2023-24
PEDAL GROUP PTY LTD,67131402278,343886189,2564808,769442,2023-24
PEET LIMITED,56008665834,274294902,37252619,10364445,2023-24
PELICAN ACQUISITION COMPANY PTY LTD,94146841027,525672047,29872619,8961786,2023-24
PELICAN AUSTRALIA PTY LIMITED,72167309202,112447687,1356112,406834,2023-24
PENGUIN RANDOM HOUSE AUSTRALIA PTY LTD,28004815703,272027257,18403080,4460789,2023-24
PENINSULA AUSTRALIA PTY LTD,40145676026,193279274,60344001,18103200,2023-24
PENRITE OIL CO. PTY. LTD.,25005001525,332388373,79962607,23988782,2023-24
PENRITH CITY AUTOMOTIVE PTY LTD,31091198631,258046684,18985472,5695642,2023-24
PENRITH RUGBY LEAGUE CLUB LTD,57000578398,127419915,,,2023-24
PENSKE TRANSPORTATION GROUP INTERNATIONAL PTY LTD,42164850355,862882333,64605035,18997591,2023-24
PENTAIR AUSTRALIA HOLDINGS PTY LIMITED,71168775826,150397839,3969559,1190868,2023-24
PEOPLEIN LIMITED,39615173076,1045999897,3288900,,2023-24
PEPPER MONEY LIMITED,55094317665,1681402841,154562003,46198641,2023-24
PEPPERCORN FOOD COMPANY PTY LIMITED,30066551504,114082092,8215947,1945072,2023-24
PEPSICO BEVERAGE SINGAPORE PTY LTD,28609497832,121123206,5518649,1655595,2023-24
PEPSICO FOODS GROUP PTY LIMITED,71122527137,1905301657,144749387,42278812,2023-24
PERCY STREET PTY LTD,83644820020,258189739,5368571,1610571,2023-24
PERDAMAN CHEMICALS AND FERTILISERS (FINANCE) PTY LTD,50654233388,140092175,,,2023-24
PERENTI LIMITED,95009211474,1822420094,9208026,,2023-24
PERILYA LIMITED,85009193695,412902661,,,2023-24
PERKAL PTY LTD,43009283363,113448194,7738428,2321528,2023-24
PERKINS (WA) PTY LTD,60008844862,113458008,6453178,1935953,2023-24
PERNOD RICARD PACIFIC HOLDING PTY LTD,16003678484,638682226,,,2023-24
PERPETUAL LIMITED,86000431827,760251357,38508480,11034777,2023-24
PERRON GROUP LTD,90009402617,133886597,31428570,,2023-24
PERRON INVESTMENTS PTY LTD,48000003976,1025232594,389820168,112895371,2023-24
PERROWOOD PTY. LTD.,86006724750,130350251,4319176,1079794,2023-24
PERSEUS MINING LIMITED,27106808986,343798172,,,2023-24
PERSOL AUSTRALIA HOLDINGS PTY LTD,58620794130,3697207782,28531385,8559416,2023-24
PERTH AIRPORT DEVELOPMENT GROUP PTY LTD,53076286630,701240753,,,2023-24
PET CARE HOLDINGS AUSTRALIA PTY LTD,77000060364,10798675134,293448628,87657515,2023-24
PETER G WARD INDUSTRIES PTY LIMITED,82002306149,157097011,15267021,4580106,2023-24
PETER STEVENS MOTORCYCLES PTY LTD,86006346032,142560079,,,2023-24
PETER STEVENS MOTORWORLD BALLARAT PTY LTD,80619030027,106340461,1146284,343885,2023-24
PETER WARREN AUTOMOTIVE HOLDINGS LIMITED,57615674185,1944302307,42327635,12696336,2023-24
PETRO NATIONAL PTY LIMITED,83606401325,675413922,3054250,916275,2023-24
PETROCHINA INTERNATIONAL (AUSTRALIA) PTY LIMITED,67618641697,966182405,44157284,13247185,2023-24
PETROFAC FACILITIES MANAGEMENT LTD,51138094470,199051175,11001614,3300484,2023-24
PETROLEUM HELICOPTERS AUSTRALIA PTY LIMITED,48154419628,211048182,7342175,2202652,2023-24
PETRONAS AUSTRALIA PTY LIMITED,25064998867,1537601974,,,2023-24
PETSTOCK PTY LTD,80098394588,903482480,18030728,4930948,2023-24
PEUKER & ALEXANDER PTY LTD,84004328750,113737238,12004786,3601436,2023-24
PEXA GROUP LIMITED,23629193764,324338682,,,2023-24
PF GROUP HOLDINGS PTY LTD,71622776765,124654344,,,2023-24
PFD FOOD SERVICES PTY LTD,29006972381,2992267001,81421771,24426531,2023-24
PFG PROPERTIES PTY LTD,93100371220,199453277,7956387,2386916,2023-24
PFG TOPCO 1 PTY LTD,35604317875,863855145,,,2023-24
PFIZER AUSTRALIA INVESTMENTS PTY LTD,86146429138,1369558673,76375123,22912537,2023-24
PHARM-A-CARE LABORATORIES PTY LTD,99003468219,417341900,56117441,15448153,2023-24
PHILEO AUSTRALIA PTY LTD,52007608755,125688925,108957935,32687380,2023-24
PHILIP MORRIS (AUSTRALIA) LIMITED,68004316901,3746613134,63549645,19064894,2023-24
PHILIP USHER CONSTRUCTIONS PTY LTD,38011008101,263161901,45983467,13778240,2023-24
PHILIP YATES FAMILY HOLDINGS PTY LTD,69610437119,169170943,61869267,15699950,2023-24
PHILIPS ELECTRONICS AUSTRALIA LIMITED,24008445743,499439479,21059686,6317906,2023-24
PHOSPHATE RESOURCES LIMITED,77009396543,128711163,11606879,3482064,2023-24
PIACENTINI & SON PTY LTD,18008797715,404076478,,,2023-24
PICKERING CORPORATION PTY LTD,31125213738,312637778,10064012,3019204,2023-24
PIKA HOLDCO PTY LTD,56652787150,394262265,212609493,37653779,2023-24
PIL AUSTRALIA PTY LTD,65051866409,237381473,3757684,1127305,2023-24
PILBARA MINERALS LIMITED,95112425788,1415160608,373228290,111968487,2023-24
PIMCO AUSTRALIA PTY LIMITED,54084280508,189101848,74550707,22365212,2023-24
PIMS MINING PTY LTD,93129008046,156745624,18657678,5597303,2023-24
PINDAN TOPCO PTY LTD,73659167218,142278335,189940,,2023-24
PINNACLE DIVERSITY PTY LTD,87614496196,125443298,21256227,6376868,2023-24
PINNACLE INVESTMENT MANAGEMENT GROUPLIMITED,22100325184,153610938,96241789,290626,2023-24
PIONEER SAIL HOLDINGS PTY LTD,45617844569,5621681041,1391129092,373371022,2023-24
PIP AUSTRALIA PTY LTD,13632076487,204545262,5928829,1778649,2023-24
PIPEMAKERS AUSTRALIA PTY LTD,76061712365,252440333,22822988,6846896,2023-24
PIRANHA HOLDCO PTY LTD,28662228373,706665334,19768990,2843287,2023-24
PIRELLI TYRES AUSTRALIA PTY LTD,63001784014,151423753,2630207,789062,2023-24
PIRTEK FLUID SYSTEMS PTY LTD,71001824166,120514790,48285975,14485792,2023-24
PITT STREET DEVELOPER NORTH PTY LTD,42635396824,274689929,,,2023-24
PIVOTEL GROUP PTY LIMITED,85102274322,118034019,5613683,815416,2023-24
PJ MORRIS WOOLS PTY LTD,57008767968,191584435,1240543,353745,2023-24
PKMC ADELAIDE PTY LIMITED,91620982694,448462747,21853784,6556135,2023-24
PLAN GROUP PTY LTD,67160102198,101665385,4806429,1441929,2023-24
PLANET INNOVATION HOLDINGS LTD,37152424916,117050960,10986859,2014051,2023-24
PLANET SERVICES GROUP PTY LIMITED,79152166768,114680511,,,2023-24
PLANTATION PINE PRODUCTS AUSTRALIA PTY LTD,63124724269,107243451,17936881,5381064,2023-24
PLASIA HOLDCO PTY LTD,97646084184,541600282,29314694,6603531,2023-24
PLATINUM ASSET MANAGEMENT LIMITED,13050064287,188499120,106167357,31390704,2023-24
PLATINUM OPERATIONS PTY LTD,66140741153,233042717,10278088,3083426,2023-24
PLATO INCOME MAXIMISER LIMITED,63616746215,101191684,54429658,,2023-24
PLENARY GROUP HOLDINGS PTY LTD,20607311946,139732842,,,2023-24
PLENTI GROUP LIMITED,11643435492,200296752,2508036,,2023-24
PLUMBERS' SUPPLIES CO-OPERATIVE LIMITED,55053236436,141846974,,,2023-24
PLUSH-THINK SOFAS PTY LTD,55080012595,100497677,24142885,7242866,2023-24
PM CAPITAL GLOBAL OPPORTUNITIES FUNDLIMITED,17166064875,195976829,94965829,22331892,2023-24
PO STREET CAPITAL PTY LTD,78626706410,1226007630,5210737,1563221,2023-24
POINTSBET HOLDINGS LTD,68621179351,239050246,,,2023-24
POLARIS SALES AUSTRALIA PTY LTD,62088081949,194786811,8259635,2477890,2023-24
POLESTAR AUTOMOTIVE AUSTRALIA PTY LTD,22645163202,168447799,9707785,2912336,2023-24
POLICE & NURSES LIMITED,69087651876,459626860,42097576,12038017,2023-24
POLICE BANK LTD,95087650799,140781352,20021151,4778136,2023-24
POLICE FINANCIAL SERVICES LIMITED,33087651661,193725085,19995518,5909130,2023-24
POLLY HOLDCO PTY LTD,58627160794,318332465,,,2023-24
POLY ESTATES PTY LTD,99168335279,114322145,1352565,405770,2023-24
POLYAIRE HOLDINGS PTY LTD,59007766369,234518895,18116032,5434810,2023-24
POLYMER DIRECT PTY LTD,72153304280,181316323,4630984,1389295,2023-24
PORSCHE CARS AUSTRALIA PTY LIMITED,67004327048,1001111727,48856367,14598054,2023-24
PORT MELBOURNE INVESTMENTS PTY LTD,73668744232,142880939,3492974,1047892,2023-24
PORT OF NEWCASTLE INVESTMENTS PTY LIMITED,55169132441,186262276,,,2023-24
PORT WARATAH COAL SERVICES LTD,99001363828,413587975,136129359,40271004,2023-24
PORTBIRD PTY LTD,79137937083,162067772,9849566,2893256,2023-24
PORTER EQUIPMENT AUSTRALIA PTY LTD,94150961934,215966421,,,2023-24
POSCO AUSTRALIA PTY LTD,54002062160,446021936,351450419,52287140,2023-24
POSTVILLE PTY LTD,23057201626,103199967,6203953,1861186,2023-24
POULTRY N MORE (AUST) PTY LTD,42142888015,114168623,6042975,1812892,2023-24
PPD AUSTRALIA PTY LTD,43077675373,145137825,4528631,1356490,2023-24
PPG INDUSTRIES AUSTRALIA PTY LTD,82055500939,537189794,41379970,11737839,2023-24
PPT INVESTMENTS PTY LTD,80000868860,633891619,11771337,3531401,2023-24
PR HOLDINGS PTY LIMITED,55003098299,158417667,10058782,1462423,2023-24
PRATT CONSOLIDATED HOLDINGS PTY LTD,43104958581,3936793535,13415053,,2023-24
PRECISE AIR GROUP (HOLDINGS) PTY LTD,37604902203,130158783,,,2023-24
PRECISION ADMINISTRATION SERVICES PTY LTD,47098977667,309904459,40451189,12135357,2023-24
PREMIAIR FUELS PTY LTD,74112110022,131622147,1968718,590615,2023-24
PREMIER COAL HOLDINGS PTY LTD,89158560911,1003986386,167037897,49934731,2023-24
PREMIER FRESH AUSTRALIA PTY LTD,87004843556,462715422,1209580,,2023-24
PREMIER INVESTMENTS LIMITED,64006727966,1366137643,323256685,85980274,2023-24
PREMIUM FLOORS AUSTRALIA PTY LTD,15152867984,422909793,23829154,6437848,2023-24
PREMIUM GRAIN HOLDINGS PTY LTD,74644519102,102864568,12011042,3603313,2023-24
PREMOSO PTY LTD,84006802053,289451116,20990234,4121679,2023-24
PRESTIGE AUTO TRADERS AUSTRALIA PTY LTD,11105105771,281558967,3930028,1179008,2023-24
PRESTIGE CARS PTY LTD,59068818020,229355895,12633730,3790119,2023-24
PRESTIGE MOTORS (NORTHSHORE) PTY LIMITED,30135461497,198682066,8503200,2550960,2023-24
PRESTIGE TOPCO PTY LTD,88660972770,457387919,8090409,,2023-24
PRESTON MOTORS (HOLDINGS) PTY LIMITED,23004357279,316529960,51925333,15577600,2023-24
PRICEWATERHOUSECOOPERS ASEANZ CONSULTING PTY LIMITED,77606603436,489273317,,,2023-24
PRICEWATERHOUSECOOPERS SECURITIES LTD,54003311617,206954282,2927,,2023-24
PRIMAPLAS PTY LIMITED,94003720474,280991470,15160490,4542084,2023-24
PRIME CONSTRUCTIONS PTY LTD,82002699032,207420578,19813813,5635484,2023-24
PRIMEWEST MOTOR HOLDINGS PTY LTD,30118114462,116813302,6156398,1846919,2023-24
PRO MEDICUS LIMITED,25006194752,137075049,112119573,27041449,2023-24
PROBIOTEC PHARMA PTY LTD,78076755354,115274656,2076107,622832,2023-24
PROCAL DAIRIES PTY LTD,36103573806,104910483,5113333,1534000,2023-24
PROCTER & GAMBLE AUSTRALIA PTY LIMITED,91008396245,778092751,26381487,7720492,2023-24
PRODUCTO PTY LTD,,140225284,13038110,3886929,2023-24
PROJECT QUILL I PTY LTD,41617774017,834797071,,,2023-24
PROJEX BUILDING GROUP PTY LTD,77109570863,114947235,7283954,2185186,2023-24
PROK GLOBAL PTY LTD,88668784496,164841754,25968092,7265530,2023-24
PROMONTORIA FALCON HOLDING PTY LTD,15624187917,142783528,,,2023-24
PRONTO SOFTWARE LIMITED,47001337248,126863603,25764908,5463732,2023-24
PRO-PAC PACKAGING LIMITED,36112971874,249630417,,,2023-24
PROPEL FUNERAL PARTNERS LIMITED,41616909310,166092699,20927921,5480679,2023-24
PROSPA GROUP LTD,13625648722,258495220,574170,,2023-24
PROSSER 2015 PTY LTD,43606139164,444527228,11039813,3311944,2023-24
PROTECH GPS PTY LTD,60110148662,108914687,831965,249590,2023-24
PROUDS JEWELLERS PTY LIMITED,99073053273,681173304,90316383,27094915,2023-24
PROVENCE GROUP HOLDINGS PTY LTD,66650515549,187945387,24686652,7405996,2023-24
PROXIMO APAC PTY LTD,15619807448,146787236,5896950,1769085,2023-24
PRP GROUP HOLDINGS PTY LIMITED,39663443801,263073097,28035396,8410619,2023-24
PRUDENTIAL ASSURANCE COMPANY SINGAPORE (PTE) LIMITED,,7477530115,8571169,2571351,2023-24
PRUDENTIAL INVESTMENT COMPANY OF AUSTRALIA PTY LTD,84004266817,133359963,13143455,3932780,2023-24
PRYSMIAN AUSTRALIA PTY LIMITED,36096594080,721033273,58670599,15082500,2023-24
PSC INSURANCE GROUP LIMITED,81147812164,197496113,48444100,13934653,2023-24
PSGA PTY LTD,67106191039,158680530,,,2023-24
PT (2013) PTY LTD,85162030015,140225967,10661827,3198548,2023-24
PTH NO 1 PTY LTD,43611116155,923862593,261139952,78341986,2023-24
PTTEP AUSTRALIA PERTH PTY LTD,74134686525,107084593,,,2023-24
PUBLIC HOSPITALITY OPERATING CO PTY LTD,57654056845,152055867,152055867,45616760,2023-24
PUBLIC PROJECTS PTY LTD,95650517294,103226605,,,2023-24
PU-FAM PTY LTD,66008752538,129957836,8182767,2454830,2023-24
PUMA AUSTRALIA PTY LTD,52050539501,182482613,,,2023-24
PUMA ENERGY (AUSTRALIA) ASSETS HOLDINGS PTY LTD,24167119020,410441045,,,2023-24
PWTK HOLDINGS PTY LTD,66164537419,250970741,15452243,4635673,2023-24
PZ CUSSONS (HOLDINGS) PTY LTD,19000327873,334455331,28069284,8165265,2023-24
Q DESIGN & CONSTRUCT PTY LTD,13161116918,100018551,16129385,4838816,2023-24
Q. AUTOMOTIVE GROUP PTY. LTD.,47010489460,414183235,18332857,3755438,2023-24
Q. H. & M. BIRT PTY LTD,15009963222,407565858,152719317,45815795,2023-24
QAL TECHNOLOGIES PTY LTD,25600791026,118397488,7682576,2304773,2023-24
QANTAS AIRWAYS LIMITED,16009661901,21573449104,46012050,8020011,2023-24
QANTM INTELLECTUAL PROPERTY LIMITED,43612441326,147746065,22836428,6850928,2023-24
QATAR AIRWAYS GROUP (Q.C.S.C),18105742916,1513777170,,,2023-24
QBE INSURANCE GROUP LIMITED,28008485014,9805691008,629211890,162485644,2023-24
QCOAL PTY LTD,99010911234,1169384095,512490303,77175073,2023-24
QGC UPSTREAM HOLDINGS PTY LIMITED,76130856843,6276891526,2392837458,549240863,2023-24
QGIF SWAN HOLDCO PTY LTD,64634920184,219182314,,,2023-24
QIC AGRIBUSINESS HOLDINGS PTY LTD,93612232112,180557445,,,2023-24
QIC FINANCE (PROPERTY FUND) PTY LTD,49629868686,106350573,7688,2306,2023-24
QIC INFRASTRUCTURE PORTFOLIO NO. 2 TRUST,12154236871,146249845,4494332,959156,2023-24
QINETIQ PTY LTD,68125805647,256909687,1415166,424550,2023-24
QLD COAL AUST NO.1 PTY LTD,28135731154,138532368,35397804,10619341,2023-24
QMAG PTY LIMITED,68111279906,192125928,,,2023-24
QONECO PTY LTD,93626108745,134245178,4532166,1359650,2023-24
QPE ALPHA 1 PTY LTD,29664130689,385111726,29897272,8969182,2023-24
QPE SPV 2 TOPCO PTY LTD,14645134443,210785733,8658421,2597526,2023-24
QPE7 3 TOPCO PTY LTD,78655966126,438969807,17544819,5263446,2023-24
QPEACQ 1 PTY LTD,52623421732,216574828,1268793,,2023-24
QPH FINANCE CO PTY LTD,74146988454,142004315,36023,10807,2023-24
QPM ENERGY LIMITED,61125368658,112592330,,,2023-24
QS MAPS HOLDINGS NO. 3 PTY LTD,38163278500,124230731,37291822,11187547,2023-24
QSCAN GROUP HOLDINGS NEWCO PTY LTD,22645220328,295370034,10992263,3297679,2023-24
QUADRA COMMODITIES PTY. LTD.,91147853594,148457254,83985,25196,2023-24
QUALITY LOGISTIC SERVICES AUSTRALIA PTY LTD,52107976250,169096631,3896374,1066055,2023-24
QUARTZ REEF HILL INVESTMENTS PTY LTD,34612741812,541994533,38821590,11013535,2023-24
QUASAR RESOURCES PTY LTD,17101227070,420043655,175094063,52528219,2023-24
QUATTRO AUTOMOTIVE PTY LTD,11606545662,135225460,8338634,2501590,2023-24
QUAYCLEAN AUSTRALIA PTY LTD,40102238933,137435555,12275680,3682704,2023-24
QUBE HOLDINGS LIMITED,14149723053,3265538460,434757700,93341448,2023-24
QUDOS MUTUAL LIMITED,53087650557,327746284,25170499,7463961,2023-24
QUEENSLAND AIRPORTS LIMITED,61104121824,297134114,,,2023-24
QUEENSLAND ALUMINA LIMITED,98009725044,949771345,5738324,,2023-24
QUEENSLAND COKING COAL PTY LTD,71129600004,138545000,24559996,7367999,2023-24
QUEENSLAND COUNTRY BANK LIMITED,77087651027,217235827,6150536,1740312,2023-24
QUEENSLAND NITRATES PTY LTD,63079889268,190575763,65422784,19626835,2023-24
QUEENSLAND VENUE CO PTY LTD,57079861626,490741127,72999545,21899864,2023-24
QUESTAS HOLDCO PTY LTD,85634069837,302806176,23985580,7188717,2023-24
QUICKSTEP HOLDINGS LTD,55096268156,100021076,,,2023-24
QUICKWAY GROUP PTY LIMITED,25627274435,155545537,16270327,4881098,2023-24
QUIKSILVER AUSTRALIA PTY LTD,20091136195,552435740,,,2023-24
R & J BATTERIES PTY LTD,71151273675,137622183,8408247,2492064,2023-24
R KAYEE SERVICES PTY LTD,51648170932,206033300,73791864,426180,2023-24
R&F DEVELOPMENT HOLDINGS PTY LTD,77169840555,139333015,,,2023-24
R&P MATTHEWS PTY LTD,42054660374,441382174,8962458,2688737,2023-24
R.G.M. MAINTENANCE PTY LTD,18100509484,119443171,5755796,1726739,2023-24
RA (HOLDINGS) 2014 PTY LTD,75603289792,218035645,,,2023-24
RA PARTNERSHIP HOLDING 1 PTY LTD,74610717407,426537587,58977825,16372745,2023-24
RABO AUSTRALIA LIMITED,39060452217,2447084618,343760051,103128015,2023-24
RACING AUSTRALIA CONSOLIDATED ENTERPRISES LTD,60653704002,126865769,,,2023-24
RACQ INSURANCE LIMITED,50009704152,2066335642,2259893,538835,2023-24
RACQ OPERATIONS PTY LTD,80009663414,630196629,16893875,,2023-24
RADLINK HOLDINGS PTY LTD,91137270421,192765004,15330460,4599138,2023-24
RALERU LTD,52002575340,117902737,127109,38133,2023-24
RALMANA PTY LTD,93009149106,197462800,11813806,3540668,2023-24
RALPH D'SILVA MOTOR GROUP PTY LTD,12119957676,193927264,6974003,2092201,2023-24
RALPH LAUREN AUSTRALIA PTY LTD,61118847359,252819291,17698280,5309484,2023-24
RALPHS MEAT COMPANY PTY LTD,80080995777,150723902,16635272,4990582,2023-24
RAMELIUS RESOURCES LIMITED,51001717540,897957194,245954145,73786244,2023-24
RAMPAGE RETAIL PTY LTD,66600817178,1104723743,2585539,775662,2023-24
RAMSAY HEALTH CARE LIMITED,57001288768,6025268421,651034425,173693698,2023-24
RAMSEY BROS PTY LTD,50008064328,117010015,2614096,784229,2023-24
RANDSTAD HOLDINGS PTY LIMITED,33098899855,1887189737,41898003,10471269,2023-24
RANGE MOTORS PTY LTD,69610865695,105873130,5185421,1555626,2023-24
RATCH-AUSTRALIA CORPORATION PTY LTD,31106617332,226400111,,,2023-24
RAUBEX CONSTRUCTION PTY LTD,12633148928,110559915,11884188,3565256,2023-24
RAVAGO AUSTRALIA PTY LTD,45120210782,141158398,,,2023-24
RAVENSDOWN SHIPPING SERVICES PTY LIMITED,37149142807,102208277,6249667,1874900,2023-24
RAVENSWOOD GOLD GROUP PTY LTD,18637523712,472092884,,,2023-24
RAYTHEON AUSTRALIA PTY LTD,35063709295,749684755,106015537,28370639,2023-24
RCC TOP COMPANY PTY LTD,48627184623,140756288,10438614,3131584,2023-24
RDO AUSTRALIA GROUP PTY LTD,82169836533,1080280926,42345668,12703700,2023-24
REA GROUP LIMITED,54068349066,1361386569,791107629,220864946,2023-24
READING ENTERTAINMENT AUSTRALIA PTY LTD,12070893908,132477766,6373042,1911913,2023-24
READY HOLDINGS PTY LTD,76167280060,108900764,32409093,9284064,2023-24
READYTECH HOLDINGS LIMITED,25632137216,107200680,31696035,6933472,2023-24
REALWISE HOLDINGS PTY LIMITED,87059309161,364788706,355003767,97390930,2023-24
RECKITT BENCKISER HEALTHCARE AUSTRALIA PTY LIMITED,64000071278,892795714,94256204,28276861,2023-24
RECO SPRING PTE LTD,,140326828,,,2023-24
RECO WESTPAR PTE LIMITED,,331439246,1810916,543275,2023-24
RECOCHEM INC,69010485999,111583286,8045483,2413645,2023-24
RECYCLE AND RESOURCE HOLDINGS LIMITED,20649347302,1033642928,,,2023-24
RECYCLING METAL INDUSTRIES PTY LIMITED,32084762381,215734862,2710610,813183,2023-24
RED BULL AUSTRALIA PTY LTD,67085840259,319780969,26135183,7840555,2023-24
RED DOT HOLDINGS PTY LIMITED,66123584618,247704615,28445976,8167126,2023-24
RED HILL MINERALS LIMITED,44114553392,201417747,156563749,39140937,2023-24
REDCAPE HOTEL TRUST II,62958405971,382273885,,,2023-24
REDOX LIMITED,92000762345,978761974,125036255,37343408,2023-24
REDPATH (AUSTRALIA) HOLDINGS PTY LTD,43133126682,501723457,1010407,,2023-24
REDZED LENDING SOLUTIONS PTY LTD,31123588527,275256438,13486908,4046072,2023-24
REECE LIMITED,49004313133,3784112799,425457724,122198668,2023-24
REFINITIV AUSTRALIA PTY LTD,70002834237,191644721,7293602,2188081,2023-24
REFRESCO AUSTRALIA HOLDING PTY LTD,15663006282,348036736,,,2023-24
REGAL ASIAN INVESTMENTS LIMITED,58635219484,1370186924,49643489,10723775,2023-24
REGAL PARTNERS LIMITED,33129188450,104622877,31841863,5802805,2023-24
REGAN HOLDINGS PTY LTD,61073039791,250024304,2821460,846438,2023-24
REGENT MOTORS PTY LTD,12008685087,429551984,40756268,3027037,2023-24
REGENT RV PTY LTD,19601581186,172710740,3288917,986675,2023-24
REGIONAL AUSTRALIA BANK LTD,21087650360,224793104,40991794,12288095,2023-24
REGIONAL EXPRESS HOLDINGS LIMITED,18099547270,704328663,,,2023-24
REGIS HEALTHCARE LIMITED,11125203054,1036787907,23599513,7079854,2023-24
REGIS RESOURCES LIMITED,28009174761,1270362761,,,2023-24
REGISTRY INVESTMENTS SPV LLC,,241913473,2339991,701997,2023-24
RE-GROW FINANCE PTY LTD,74144792085,146028630,120990486,10122535,2023-24
REID STOCKFEEDS PTY LTD,75004953673,164867398,2741444,822433,2023-24
REINFORCED CONCRETE PIPES AUSTRALIA (HOLDINGS) PTY LTD,49136810163,134075425,8595034,2578510,2023-24
REINHART AUSTRALIA PTY LIMITED,14151255551,118418531,51349,15405,2023-24
RELIABLE PETROLEUM PTY LTD,54602197375,151510180,985195,295558,2023-24
RELIANCE RAIL FINANCE PTY LTD,23120380805,125667938,,,2023-24
RELIANCE WORLDWIDE CORPORATION LIMITED,46610855877,394089553,576946,,2023-24
RELX HOLDINGS AUSTRALIA PTY LTD,19004323166,265672594,54172798,16251839,2023-24
REMA TIP TOP ASIA PACIFIC PTY LTD,63104702614,213996853,,,2023-24
REMEDY DRINKS PTY LTD,57609783066,141092739,1173244,351973,2023-24
REMONDIS AUSTRALIA PTY LTD,95002429781,655550188,55362813,16608844,2023-24
RENAISSANCE INDUSTRIES PTY LTD,31654309832,182235326,7870126,2361038,2023-24
RENTOKIL PTY LTD,61000143733,338961051,35808720,10742616,2023-24
RESEARCH AND DEVELOPMENT PTY LTD,30008676631,141190676,65655954,13209039,2023-24
RESIDENTIA HOLDINGS PTY LTD,17618920059,104000245,3467925,1040378,2023-24
RESIMAC GROUP LIMITED,55095034003,270307216,54802313,15540942,2023-24
RESMED HOLDINGS PTY LTD,28003765133,2512063910,978569374,233688740,2023-24
RESOLUTION LIFE NOHC PTY LTD,48633375069,3571763544,427331176,74900791,2023-24
RESOURCE DEVELOPMENT GROUP LTD,33149028142,128119014,,,2023-24
RESOURCE ENVIRONMENTAL SOLUTIONS PTY LTD,42601089614,125674405,10762487,2832416,2023-24
RESOURCECO HOLDINGS PTY LTD,64107343288,330770251,68563914,10465767,2023-24
RESTAURANT BRANDS AUSTRALIA HOLDINGS PTY LTD,53611058701,306819328,419566,125870,2023-24
RETAIL FOOD GROUP LIMITED,31106840082,149208445,,,2023-24
REVLON AUSTRALIA PTY LTD,18095360731,182851351,7897517,2369255,2023-24
REWARD SUPPLY CO PTY LTD,40010183669,228994169,10932722,3279817,2023-24
REX GORELL FORD PTY LTD,75006175515,223311322,10533812,3160144,2023-24
REX GORELL PTY LTD,96006256668,116401199,6069165,1820750,2023-24
REX J. ANDREWS PTY. LIMITED,27003839718,105115265,7182250,2154675,2023-24
REXEL HOLDINGS AUSTRALIA PTY LTD,17081022068,961936299,21072312,6321694,2023-24
RF GROUP HOLDINGS PTY LTD,64614297648,142735146,2754918,826475,2023-24
RFI HOLDINGS LTD,81146014379,134009060,8405758,2521727,2023-24
RG RESTAURANTS PTY LTD,52611108911,217298602,24621376,7384819,2023-24
RGA AUSTRALIAN HOLDINGS PTY LTD,20071125507,699488998,,,2023-24
RGF STAFFING ANZ PTY LTD,84603568403,1338120988,33591180,8291072,2023-24
RHEINMETALL DEFENCE AUSTRALIA PTY LTD,62137668092,506089906,11029230,,2023-24
RHEINMETALL MAN MILITARY VEHICLES AUSTRALIA PTY LTD,87114035595,265959320,21205255,6361576,2023-24
RHOMBERG AUSTRALIA PTY LTD,32118517052,113225731,11606589,3481977,2023-24
RIBSHIRE PTY LTD T/A GOODLINE,40085847892,167998326,,,2023-24
RICEGROWERS LIMITED,55007481156,1207463914,75679083,21032691,2023-24
RICHARD CROOKES CONSTRUCTIONS (QLD) PTY LIMITED,12150929123,151795247,1959042,587713,2023-24
RICHARD CROOKES CONSTRUCTIONS PTY LIMITED,33001375266,1483669477,,,2023-24
RICHEMONT AUSTRALIA PTY LIMITED,99003432504,555730607,21476079,6442824,2023-24
RICOH AUSTRALIA PTY LTD,30000593171,252941494,,,2023-24
RIDDOCH HOLDINGS PTY LTD,85610959727,313206201,,,2023-24
RIDLEY CORPORATION LIMITED,33006708765,1245603644,58903580,14982331,2023-24
RINCON MINING PTY LIMITED,46088854639,122207345,122698431,21516599,2023-24
RINEHART DEVELOPMENTS PTY LTD,97654973583,247463124,9384808,2815442,2023-24
RINNAI AUSTRALIA PTY LTD,74005138769,327964728,18550482,4484845,2023-24
RIO TINTO LTD,96004458404,52750986603,22324213030,6252268070,2023-24
RIORDAN GROUP PTY LTD,35076271148,685886383,35640804,10692241,2023-24
RITCHIE BROS. HOLDINGS PTY LTD,27080895861,204445944,6149814,1844944,2023-24
RITCHIES STORES PTY LTD,61005041814,1371675926,44850368,13455110,2023-24
RIVERGUM HOMES GROUP (AUST.) PTY LTD,62074736762,107985780,196823,,2023-24
RIVERINA (AUSTRALIA) PTY LIMITED,76010755254,509857993,19421767,5826530,2023-24
RIVERINA OILS & BIO ENERGY PTY LIMITED,25103697703,300433204,,,2023-24
RIVIERA AUSTRALIA PTY LTD,55139663906,343352479,16985900,2827765,2023-24
RIVIERA HOLDINGS (AUS) PTY LTD,96169709415,523502285,101613054,29813617,2023-24
RIVTOY PTY LTD,15002742412,100104795,4057054,1217116,2023-24
RIZON PTY LTD,52153718122,128381844,7755977,2326793,2023-24
RJE GLOBAL PTY LTD,79607859852,200672879,14974762,2688580,2023-24
RME HOLDINGS PTY LTD,26092457791,104307854,11214071,1867624,2023-24
ROAD TRAINS OF AUSTRALIA PTY LTD,97120775224,115879947,3985010,1195503,2023-24
ROBE RIVER MINING CO PTY LTD,71008694246,3173128269,1827712973,548205684,2023-24
ROBERT BOSCH (AUSTRALIA) PTY LTD,48004315628,1173722068,81266856,14417527,2023-24
ROBERT HALF AUSTRALIA PTY LIMITED,32081257052,147330935,12180323,3654097,2023-24
ROBERT WALTERS PTY LTD,18079521618,299057106,,,2023-24
ROBINSON GRAIN TRADING CO. PTY. LTD.,71079213219,386781379,,,2023-24
ROBINSON ROAD ENTERPRISES PTY LTD,26009872173,181336550,10229513,3068854,2023-24
ROBSON CIVIL PROJECTS PTY LIMITED,62008430939,253748649,6367550,1910265,2023-24
ROCHE DIAGNOSTICS AUSTRALIA PTY LTD,29003001205,324672449,3936050,1180815,2023-24
ROCHE PRODUCTS PTY LIMITED,70000132865,611848264,72809219,3049641,2023-24
ROCKTOWN PTY LTD,18122450711,134429401,4389686,1316906,2023-24
ROCKWELL AUTOMATION AUSTRALIA LIMITED,80005549477,209668852,,,2023-24
ROHLIG AUSTRALIA PTY LTD,51001191402,292267397,10950397,3285119,2023-24
ROHRIG GROUP PTY LTD,82127895532,156237108,5749063,1724719,2023-24
ROKON PTY LTD,21077599145,289389386,25907650,7772295,2023-24
ROLEX AUSTRALIA PTY LTD,47005956338,377356757,783562,235069,2023-24
ROLLEASE ACMEDA HOLDINGS PTY LTD,60602994016,105652371,14302972,4282096,2023-24
ROMBOLA FAMILY FARMS PTY LTD,94605093294,111641298,,,2023-24
RON FINEMORE TRANSPORT PTY LTD,30106495087,268582534,45340132,13561685,2023-24
RONDO BUILDING SERVICES PTY LTD,69000289207,265477437,57624638,16635081,2023-24
ROSS HOUSE INVESTMENTS PTY LTD,98004360392,358122598,3143510,923362,2023-24
ROSS LLEWELLYN MOTORS PTY LTD,81010428841,212996768,8455675,2536702,2023-24
ROTHWELL FAMILY FINANCES PTY LTD,95631498505,124646018,124637031,37391109,2023-24
ROY GALVIN & CO PTY LTD,85008719408,127150988,12454754,3736426,2023-24
ROY HILL HOLDINGS PTY LTD,71123721077,9471029300,4835170076,1443927946,2023-24
ROYAL AUTOMOBILE ASSOCIATION OF SOUTH AUSTRALIA INC,90020001807,702505000,4981324,1220806,2023-24
ROYAL AUTOMOBILE CLUB OF VICTORIA (RACV) LIMITED,44004060833,1100651340,73236461,,2023-24
ROYAL BANK OF CANADA,86076940880,1706845114,75099108,22529732,2023-24
ROYAL CANIN AUSTRALIA PTY LTD,88092020178,397956398,60496224,18148867,2023-24
ROYAL FOODS AUST PTY LTD,19130110048,134959180,5862436,1565874,2023-24
ROYAN GROUP HOLDCO PTY LIMITED,91638670238,144842954,5593578,1678073,2023-24
ROYSTON HOMES PTY LTD,56116651346,180842907,11243746,3373092,2023-24
RS COMPONENTS PTY LIMITED,73009403356,123116726,4633794,1390138,2023-24
RSEA HOLDCO PTY LTD,80625934116,264875065,8015134,2381687,2023-24
RSGX HOLDINGS PTY LTD,66660849114,125245312,5638788,1691636,2023-24
RSK ENVIRONMENT AUSTRALIA PTY LTD,56652882730,209780543,3498427,1049528,2023-24
RTA HOLDCO AUSTRALIA 1 PTY LTD,17128762318,2698920764,16255037,,2023-24
RTCH PTY LTD,66616357487,1279905863,176242614,52041828,2023-24
RTL MINING AND EARTHWORKS PTY LTD,60152855135,136335248,15766366,4729910,2023-24
RTPDS AUS PTY LTD,21099346899,8600049468,12285763754,14840,2023-24
RUGBY FARMING GROUP PTY LTD,79135426434,181786891,4061791,1218537,2023-24
RUSSELL INVESTMENTS AUSTRALIA HOLDCO PTY LTD,99612159314,152584339,24068796,7220157,2023-24
RYCON PTY LTD,53005544810,117300693,9286237,2695125,2023-24
RYDE AUTOMOTIVE GROUP PTY LTD,79619139016,177177025,7525942,2257783,2023-24
RYMAN HEALTHCARE (AUSTRALIA) PTD LTD,44142241110,182965490,,,2023-24
RYOWA DEVELOPMENT II PTY LTD,22063780021,269726724,,,2023-24
S&P GLOBAL AUSTRALIA PTY LTD,18000473674,101573107,42678422,12803527,2023-24
SAAB TECHNOLOGIES AUSTRALIA PTY LTD,47002950790,432932467,68855335,20656600,2023-24
SADDLEBACK INVESTMENTS PTY LTD,96134978224,932809157,344585669,103375701,2023-24
SADLEIRS TRANSPORT CO (N S W) PTY LTD,19000936194,132332933,24802436,3155017,2023-24
SAFARI HOLDCO PTY LIMITED,48663371373,255644000,19270000,5113764,2023-24
SAFCOL AUSTRALIA PTY LTD,19052489924,158030559,7162255,2148676,2023-24
SAFECORP GROUP LTD,46006536661,142714615,29393655,8548193,2023-24
SAFETYCULTURE PTY LTD,16089180049,153119851,,,2023-24
SAGE GROUP HOLDINGS LTD,58093581330,207902772,10382466,2623150,2023-24
SAIC MOTOR AUSTRALIA PTY LTD,30608096519,1593502587,67244200,20173260,2023-24
SAIPEM AUSTRALIA PTY LIMITED,17000544507,649692202,,,2023-24
SAIZERIYA AUSTRALIA PTY LTD,31093080623,112600691,7001906,2100572,2023-24
SAL NATIONAL PTY LTD,21633189474,117766099,37018003,11105401,2023-24
SALADS OF AUSTRALIA PTY LIMITED,95631463664,330833154,,,2023-24
SALINI AUSTRALIA PTY LTD,86158955885,1736592416,,,2023-24
SALTER BROTHERS HOTEL COMPANY LTD,80608745991,168812464,,,2023-24
SAMEX AUSTRALIAN MEAT CO PTY LTD,15008006602,199086838,10990051,3297015,2023-24
SAMIOS PLUMBING PTY LTD,91010360899,296483546,15276862,4583059,2023-24
SAMSONITE AUSTRALIA PTY LTD,31006363248,174117041,16692849,5007855,2023-24
SAMSUNG C&T CORPORATION,49160079470,168606544,,,2023-24
SAMSUNG ELECTRONICS AUSTRALIA PTY LIMITED,63002915648,2881698749,17265576,5179673,2023-24
SAMSUNG SDS GLOBAL SCL AUSTRALIA PTY LTD,27169449996,160817952,1913570,574071,2023-24
SAMUEL SMITH & SON PTY LTD,64007534278,240846808,10391046,2671174,2023-24
SAN MIGUEL YAMAMURA AUSTRALASIA PTY LTD,49099994162,276261332,,,2023-24
SANDOZ PTY LTD,60075449553,359831857,,,2023-24
SANDRAN HOLDINGS PTY LIMITED,91002235725,141060794,21296437,6388931,2023-24
SANDS METRO REFRIGERATED DISTRIBUTION SERVICE PTY LTD,72168241512,107725507,,,2023-24
SANDVIK AUSTRALIA HOLDINGS PTY LTD,60003771373,2564568224,159009463,41464024,2023-24
SANOFI-AVENTIS AUSTRALIA PTY LTD,31008558807,988122954,58627684,12689565,2023-24
SANTOS LIMITED,80007550923,8210276022,21189419,,2023-24
SANTOS NA (19-12) PTY LTD,73064963346,107707695,32996333,9898900,2023-24
SANWA PTY LIMITED,96000904987,477795614,19667154,5773126,2023-24
SAP AUSTRALIA PTY LTD,26003682504,1333944257,,,2023-24
SAPURA AUSTRALIA (HOLDINGS) PTY LTD,38153397374,117741206,,,2023-24
SARAH BUILD PTY LTD,38642026186,123109267,5060547,1518164,2023-24
SASS JOINT VENTURE COMPANY PTY LTD,86161929746,136836519,4177979,1253394,2023-24
SAUNDERS INTERNATIONAL LIMITED,14050287431,215553376,19492078,5847623,2023-24
SAVILLS (AUST) HOLDINGS PTY LTD,49059047371,113269332,,,2023-24
SAWICKI GROUP PTY LTD,39004855949,215336652,1092815,327844,2023-24
SCANIA AUSTRALIA PTY LTD,44000537333,678059591,57197408,17159222,2023-24
SCAPE CORE FUND OPERATOR PTY LTD,88636018641,252958107,,,2023-24
SCENTRE GROUP LIMITED,66001671496,3721258078,79809955,23923702,2023-24
SCHAEFER SYSTEMS INTERNATIONAL PTY LTD,99084230026,189542008,24090479,7227144,2023-24
SCHENKER AUSTRALIA PTY LIMITED,75000410211,759500813,14156113,4246834,2023-24
SCHIAVELLO CONSTRUCTION (NSW) PTY LTD,21068626764,119035042,6453289,1935987,2023-24
SCHIAVELLO CONSTRUCTION (SA) PTY LTD,74169525446,100823730,2930554,879166,2023-24
SCHINDLER LIFTS AUSTRALIA PTY LTD,19005838773,644775643,19690003,5907001,2023-24
SCHNEIDER ELECTRIC AUSTRALIA HOLDINGS PTY LTD,30105310781,1546111721,134118591,37256688,2023-24
SCHOLASTIC AUSTRALIA PTY LIMITED,11000614577,111008039,,,2023-24
SCHREDER AUSTRALIA PTY LTD,17604331937,115977761,11668264,3500479,2023-24
SCHUTZ AUSTRALIA PTY LTD,60090995958,104944705,4828701,1419062,2023-24
SCI-FLEET MOTORS PTY LTD,25057783749,869404001,51545052,15463516,2023-24
SCOR GLOBAL LIFE AUSTRALIA PTY LIMITED,83148897670,1533188031,,,2023-24
SCOR REINSURANCE ASIA PACIFIC PTE LTD AUSTRALIAN BRANCH,85071103092,194658756,3796312,1138894,2023-24
SCOTT PARK GROUP PTY LTD,42118798253,363919816,7823183,2169050,2023-24
SCREENTIME PTY LIMITED,67072710073,323780680,,,2023-24
SCT GROUP HOLDINGS PTY LTD,39651271920,532826894,27698684,7260075,2023-24
SCYNE ADVISORY HOLDINGS PTY LIMITED,51669327397,102850002,,,2023-24
SDP HOLDCO PTY LIMITED,60158076843,240258127,29439670,8831901,2023-24
SDP SOLUTIONS PTY LTD,70108572032,119671367,1248181,374454,2023-24
SEA PLANT & EQUIPMENT PTY LTD,59601889614,714215808,4283246,1284974,2023-24
SEAFRIGO AUSTRALIA PTY LTD,54163334067,116381314,6428944,1928683,2023-24
SEAGRASS HOLDCO PTY LTD,91634224936,211123887,,,2023-24
SEALED AIR AUSTRALIA (HOLDINGS) PTY LIMITED,74102261307,346959533,8379528,1610735,2023-24
SEALORD AUSTRALIA PTY LIMITED,19001670864,207204780,21277805,4570200,2023-24
SEAROAD HOLDINGS PTY LTD,16123749655,248589023,,,2023-24
SEAWAY HOLDINGS PTY LTD,82616470010,361227391,10387273,3081897,2023-24
SEDGWICK AUSTRALIA HOLDINGS PTY LIMITED,,139525361,,,2023-24
SEE GROUP PARENT PTY LTD,47626830206,376087067,47676281,14302884,2023-24
SEEING MACHINES LIMITED,34093877331,104779582,,,2023-24
SEEK LIMITED,46080075314,936290051,303469179,67213552,2023-24
SEELEY INTERNATIONAL PTY LTD,23054687035,154363064,7039719,,2023-24
SEI AUSTRALIA HOLDINGS PTY LTD,36133805820,338537004,53430118,16006790,2023-24
SEKISUI HOUSE AUSTRALIA HOLDINGS PTY LIMITED,71134688510,674987395,,,2023-24
SEKO LOGISTICS AUSTRALIA PTY LTD,79067128492,106992969,2194975,658492,2023-24
SEKTOR LIMITED PARTNERSHIP,74297651095,182120914,7291137,2187341,2023-24
SEKURO LIMITED,14648798618,159216392,,,2023-24
SELECT ACCESS INVESTMENTS LIMITED,35101078111,782078853,,,2023-24
SELECT FRESH PROVIDORES PTY LIMITED,18149747446,109941493,2252432,675730,2023-24
SELECT HARVESTS LIMITED,87000721380,371616840,,,2023-24
SELECTION STEEL TRADING PTY LTD,37005324407,248834515,3350703,1005211,2023-24
SELL & PARKER PTY LIMITED,98000101315,404820234,33598753,10079626,2023-24
SEMARK PTY LTD,,167560626,39256835,109057,2023-24
SENEX HOLDINGS PTY LTD,45656318759,294648616,,,2023-24
SEPHORA AUSTRALIA PTY LTD,37169030737,315958252,,,2023-24
SEQUOIA FINANCIAL GROUP LIMITED,90091744884,154799366,5895494,1706958,2023-24
SEQUOIA MATERIALS INDUSTRY GROUP AUSTRALIA PTY LTD,84639803839,142693656,36233,10870,2023-24
SERCO GROUP PTY LTD,55061889763,1518763689,36676798,10147597,2023-24
SERGUN PTY LTD,52154889031,168249107,15857,4757,2023-24
SERVCO AUSTRALIA CAIRNS PTY LTD,96136856614,283219434,20107273,6032182,2023-24
SERVCO AUSTRALIA CALOUNDRA PTY LTD,56000223021,122181971,7976737,2393021,2023-24
SERVCO AUSTRALIA DUBBO PTY LTD,41124473454,123600968,7409721,2222916,2023-24
SERVCO AUSTRALIA MELBOURNE CITY PTY LTD,96616073226,383945279,7654158,2296247,2023-24
SERVCO AUSTRALIA MELVILLE PTY LTD,39622157706,285956181,12819514,3845854,2023-24
SERVCO AUSTRALIA MORNINGSIDE PTY LTD,29127812604,142042001,6550235,1965070,2023-24
SERVCO AUSTRALIA TAMWORTH PTY LTD,28628011905,140607424,6375766,1912730,2023-24
SERVICE STREAM LIMITED,46072369870,2294337651,63295476,17113643,2023-24
SERVICENOW AUSTRALIA PTY LTD,88149683312,585053050,,,2023-24
SETIA (MELBOURNE) DEVELOPMENT COMPANY PTY LTD,61143464804,380939380,101320753,30396226,2023-24
SEVEN WEST MEDIA LIMITED,91053480845,1521827433,73619710,20433470,2023-24
SEW-EURODRIVE PTY LTD,27006076053,142825654,20107568,6032270,2023-24
SFDC AUSTRALIA PTY LIMITED,91109182989,1722447399,79451971,23835591,2023-24
SFG GROUP HOLDINGS PTY LTD,,1243989892,16336964,4901089,2023-24
SG FLEET GROUP LIMITED,40167554574,858408738,118327497,35498249,2023-24
SGH LIMITED,46142003469,7302244500,856229891,156493252,2023-24
SGH PETROLEUM PTY LTD,22123131555,217811187,1617833,485350,2023-24
SGL HOTELS PTY LTD,74627068526,121775186,,,2023-24
SGS AUSTRALIA HOLDINGS PTY LTD,46004269023,307632869,,,2023-24
SGSP (AUSTRALIA) ASSETS PTY LTD,60126327624,2034652383,287021394,85669275,2023-24
SHADFORTH FINANCE PTY LTD,35627187437,131293989,131859265,3063082,2023-24
SHADFORTH'S CIVIL PTY LTD,68162606377,850444687,51422741,15426822,2023-24
SHAMROCK CIVIL ENGINEERING PTY LTD,68066655856,185728042,15047687,4514306,2023-24
SHANGRI-LA INVESTMENTS (AUSTRALIA) PTY LIMITED,15146016033,133705847,,,2023-24
SHAPE AUSTRALIA CORPORATION LIMITED,14654729352,839003717,25694641,7655994,2023-24
SHARTON MOTORS PTY LTD,55001345384,202785543,9982063,2994619,2023-24
SHARVAIN FACADES PTY LTD,45116437462,101092234,1119088,279772,2023-24
SHAVER SHOP GROUP LIMITED,78150747649,220107400,16404254,4921276,2023-24
SHAW AND PARTNERS LIMITED,24003221583,172347276,,,2023-24
SHAW OF AUSTRALIA PTY LTD,75000075383,176352891,71881,21564,2023-24
SHEIN DISTRIBUTION AUSTRALIA PTY LIMITED,38653503023,979304734,12543628,3763088,2023-24
SHEL HOLDCO PTY LTD,68670538780,108280715,,,2023-24
SHELDON & HAMMOND PTY LIMITED,90076567989,118313618,16328806,4898642,2023-24
SHELF SUBSEA AUSTRALIA PTY LTD,13618938757,121908551,,,2023-24
SHELFORD CONSTRUCTIONS PTY LTD,17051265546,128152216,4481857,1344557,2023-24
SHELL ENERGY HOLDINGS AUSTRALIA LIMITED,69054260776,13318792623,3440248427,988122239,2023-24
SHELLEY TOPCO PTY LTD,94634291375,214490241,,,2023-24
SHERRIDON PTY LTD,14127439132,205990119,16417799,4925340,2023-24
SHERRIFF ELECTRICAL PTY LTD,63010059837,183253130,18053041,5415912,2023-24
SHINE JUSTICE LTD,93162817905,197703901,15966397,4739623,2023-24
SHIWORKS PTY LTD,17636236676,376914953,3035981,910794,2023-24
SIBANYE AUSTRALIA PTY LTD,44665665798,199190429,,,2023-24
SIEMENS ENERGY PTY LTD,69636537409,678960992,35806634,10659604,2023-24
SIEMENS HEALTHCARE PTY LTD,83604853938,774812401,49004649,14699292,2023-24
SIEMENS LTD.,98004347880,1086227925,147847393,41579177,2023-24
SIGMA ALDRICH OCEANIA PTY LTD,29112895708,143485200,6526907,1958072,2023-24
SIGMA HEALTHCARE LIMITED,15088417403,3409227018,,,2023-24
SIGNAL BRANDS AUSTRALIA PTY LTD,59613678354,103385347,,,2023-24
SIGNATURE CARE OPERATIONS PTY LTD,83163637143,180342705,22775348,6832604,2023-24
SIGNATURE HOSPITALITY GROUP PTY LTD,12619641379,118864925,,,2023-24
SIGNET PTY LTD,15011039295,139874055,13674049,4102215,2023-24
SIKA AUSTRALIA PTY LTD,12001342329,330925015,24798378,7439513,2023-24
SILICON METAL COMPANY OF AUSTRALIA PTY LTD,73009401736,201952003,17634287,5290286,2023-24
SILK LOGISTICS HOLDINGS LIMITED,45165867372,558165008,14167043,4250113,2023-24
SILVER CHEF RENTALS PTY LTD,33112241522,122690141,3415471,1024641,2023-24
SILVER LAKE RESOURCES LIMITED,38108779782,799677793,,,2023-24
SIME DARBY INDUSTRIAL AUSTRALIA PTY LTD,56153652594,4710569025,318834728,93061575,2023-24
SIME DARBY MOTORS RETAIL AUSTRALIA PTY LIMITED,37158278883,616767125,1471820,441546,2023-24
SIMON GEORGE & SONS PTY LTD,55104866284,169234841,8619310,2585793,2023-24
SIMON TRANSPORT PTY LTD,24009898159,179344673,34776356,10432907,2023-24
SIMONDS GROUP LIMITED,54143841801,663479919,,,2023-24
SIMPLOT AUSTRALIA (HOLDINGS) PTY LIMITED,23070571934,1573162146,117161618,29465478,2023-24
SIMS LIMITED,69114838630,1725312550,292304216,83135538,2023-24
SINCH COMMUNICATIONS PTY LTD,31112676132,216505542,7599959,1990745,2023-24
SINGAPORE TELECOM AUSTRALIA INVESTMENTS PTY LIMITED,69096686190,8203717550,,,2023-24
SINGPOST LOGISTICS AUSTRALIA HOLDINGS PTY LTD,59609291330,491523835,4979382,,2023-24
SINO GAS & ENERGY PTY LIMITED,75115316599,342715712,,,2023-24
SINO IRON HOLDINGS PTY LTD,43118791772,4041983960,,,2023-24
SINOPEC INTERNATIONAL (AUSTRALIA) PTY LIMITED,69163459701,113274732,,,2023-24
SINOPEC OIL AND GAS AUSTRALIA PTY LTD,94130568553,907135943,1184063663,355219099,2023-24
SIRVA (ASIA PACIFIC) PTY LTD,48005944187,164198235,5395333,1540354,2023-24
SIS AUSTRALIA HOLDINGS PTY LTD,65132211459,842623451,11819849,3354798,2023-24
SITEMINDER LIMITED,59121931744,105929229,,,2023-24
SJ HIGGINS PTY LTD,14005648395,202825568,19562946,5868884,2023-24
SKF AUSTRALIA PTY LTD,87004236855,142841112,9882640,2964792,2023-24
SKS TECHNOLOGIES GROUP LIMITED,24004554929,135032268,21713,6514,2023-24
SKYCITY AUSTRALIA PTY LIMITED,67090828612,218981115,,,2023-24
SLATER AND GORDON LIMITED,93097297400,233537122,,,2023-24
SLB AUSTRALIA HOLDINGS PTY LTD,37141037925,746445671,10637811,3191343,2023-24
SLECO PTY. LTD.,25007893781,571052613,30060999,8908248,2023-24
SLR CONSULTING AUSTRALIA PTY LTD,29001584612,117135987,5186492,1555948,2023-24
SM HOLDCO PTY LTD,20659224058,164371136,22606810,6782043,2023-24
SMA AUSTRALIA PTY LIMITED,44127198761,123621864,5438337,1290895,2023-24
SMARTGROUP CORPORATION LTD,48126266831,252658695,89034631,26710389,2023-24
SME CAPITAL HOLDINGS PTY LTD,25628947544,353468519,70821254,21246376,2023-24
SMEG AUSTRALIA PTY LTD,33146901082,165941130,3427759,1028328,2023-24
SMIT LAMNALCO AUSTRALIA PTY LTD,24113226074,128277312,,,2023-24
SMITH & NEPHEW PTY LTD,68000087507,316383408,19527246,5858174,2023-24
SMITHBRIDGE GROUP PTY LTD,50116627840,104012612,5252631,1101565,2023-24
SMR HOLDING AUSTRALIA PTY LTD,86006579899,124106431,8784655,2584188,2023-24
SMRM HOLDINGS PTY LTD,85168760861,1661801740,24198409,7259523,2023-24
SNACKING INVESTMENTS HOLDCO PTY LIMITED,64634908482,1226719969,101547637,22819111,2023-24
SNAP-ON TOOLS (AUSTRALIA) PTY LTD,55010793683,184346762,42873020,12861906,2023-24
SNF (AUSTRALIA) PTY LIMITED,32050056267,155566622,2885063,865519,2023-24
SNOW SUMMIT INVESTMENTS PTY LTD,64633002007,158114902,792714,237814,2023-24
SNOWFLAKE COMPUTING PTY LTD,50624134587,100451788,,,2023-24
SNOWY HYDRO LIMITED,17090574431,4200948747,603661231,181098369,2023-24
SOCIETE GENERALE,71092516286,379232155,20651818,6195545,2023-24
SODEXO AUSTRALIA PTY LTD,50006072975,1055943132,,,2023-24
SOFTWAREONE AUSTRALIA PTY LTD,18151340608,219750429,,,2023-24
SOHO LIVING AUSTRALIA PTY LTD,14147394367,133937207,9126957,2738087,2023-24
SOJITZ AUSTRALIA LIMITED,16000213132,2306805459,380283201,114083504,2023-24
SOLAR JUICE PTY LTD,96139534026,241389831,7336279,2200884,2023-24
SOLAR TURBINES INTERNATIONAL COMPANY,43066283074,110689552,4593636,1378091,2023-24
SOLARIS PAPER PTY LTD,41126825769,272388662,,,2023-24
SOLSTICE ENERGY HOLDINGS PTY LTD,96636365805,110366321,7692774,615030,2023-24
SOLUTIONS GROUP ANZ PTY LTD,12113803124,125149836,6732069,2018151,2023-24
SOLVAR LIMITED,63117296143,187515588,53613977,15569693,2023-24
SOMPO JAPAN INSURANCE INC (AUSTRALIAN BRANCH),26061428775,114648347,6006607,1798012,2023-24
SONIC CIVIL INVESTMENTS PTY LTD,90160037507,100379039,9454320,2813379,2023-24
SONIC HEALTHCARE LIMITED,24004196909,3705236967,267309511,57836788,2023-24
SONOVA AUDIOLOGICAL CARE AUSTRALIA PTY LTD,93113235779,176251202,,,2023-24
SONY AUSTRALIA LIMITED,59001215354,1504877412,24302891,,2023-24
SOUTH EAST AUTOMOTIVE PTY. LIMITED,16117048450,134373411,4689946,1406984,2023-24
SOUTH PERTH CIVIC TRIANGLE PTY LTD,43600087643,196046831,17206880,5162064,2023-24
SOUTH32 LIMITED,84093732597,5451320507,1061104304,200941784,2023-24
SOUTHEAST TRADE WIND INTERNATIONAL PTY LTD,39641962665,142682749,158477,47543,2023-24
SOUTHERN CLASSIC GROUP PTY LIMITED,56108422108,152446294,921275,276382,2023-24
SOUTHERN CROSS ALUMINIUM PTY LIMITED,25063778996,238385463,16016177,4804853,2023-24
SOUTHERN CROSS ELECTRICAL ENGINEERING LIMITED,92009307046,564596267,55007189,16502157,2023-24
SOUTHERN CROSS MEDIA GROUP LIMITED,91116024536,502497291,15235036,4131225,2023-24
SOUTHERN MEATS PTY LTD,51003111528,218197811,17564186,5203700,2023-24
SOUTHERN QUEENSLAND STEEL PTY LIMITED,62085107991,208202224,13038907,3911672,2023-24
SOUTHERN RESTAURANTS AUSTRALIA PTY LTD,21619912711,169506903,12286847,3686054,2023-24
SOUTHERN RESTAURANTS HOLDINGS PTY LTD,25098858498,165750191,9952613,2985784,2023-24
SOUTHERN SHEET & COIL PTY LIMITED,48003385322,293181093,22990063,6897019,2023-24
SOUTHERN STAR WINDOWS PTY. LTD.,18100012431,115869997,34262885,3982238,2023-24
SOUTHERN STEEL (WA) PTY LIMITED,64125188409,133885657,11958890,3587667,2023-24
SOUTHERN STEEL GROUP PTY LIMITED,43003067838,152632480,163962928,7199458,2023-24
SOUTHERN STEEL SUPPLIES PTY LIMITED,37000060131,251178136,17006646,5101994,2023-24
SOUTHERN STEEL TRADING PTY LIMITED,17138204029,211977661,7492819,2247846,2023-24
SOUTHTRADE INTERNATIONAL PTY LTD,46099947163,195546953,,,2023-24
SPACEFRAME BUILDINGS PTY LTD,42009930554,207026436,30180412,8625553,2023-24
SPAR AUSTRALIA LIMITED,69102281167,193719349,1398163,419449,2023-24
SPARK TOPCO PTY LTD,17642529502,131540600,,,2023-24
SPARROW EARLY LEARNING PTY LTD,29600354443,120063777,10072359,3021708,2023-24
SPC GLOBAL LTD,73633389394,242491075,,,2023-24
SPEARHEAD INTERNATIONAL PTY LTD,32668773288,135351870,6266372,1879912,2023-24
SPECSAVERS PTY. LTD.,82097147932,826718630,49888992,10062839,2023-24
SPENDLESS SHOES PTY LTD,15008152850,129935765,198217,59465,2023-24
SPENO RAIL MAINTENANCE AUSTRALIA PTY LTD,30009206722,105519251,23152870,6945861,2023-24
SPIC PACIFIC ENERGY PTY LTD,92609771057,535998548,,,2023-24
SPICEME CAPITAL PTY LTD,32125298884,214968105,,,2023-24
SPICERS LIMITED,70005146350,365203244,,,2023-24
SPIECAPAG AUSTRALIA PTY. LIMITED,53067306138,208111680,,,2023-24
SPIRIT TECHNOLOGY SOLUTIONS LIMITED,73089224402,126119809,,,2023-24
SPIRITS PLATFORM PTY LTD,44604520783,141339265,4427060,1328118,2023-24
SPL GROUP HOLDINGS PTY LIMITED,18628086466,156367118,,,2023-24
SPLUNK SERVICES AUSTRALIA PTY LTD,51609939817,140853259,12800826,2028775,2023-24
SPORTS ENTERTAINMENT GROUP LIMITED,20009221630,141751675,3497238,968406,2023-24
SPRINGMOUNT SERVICES PTY LTD,61101763179,109556672,2507726,752318,2023-24
SQUADRON WIND ENERGY ASSETS PTY LTD,30652283639,865694650,,,2023-24
SR HOMES PTY LTD,16643554590,139860219,11094382,3328315,2023-24
SRG GLOBAL LIMITED,81104662259,1009356910,50455636,12342006,2023-24
SRT LOGISTICS PTY LTD,21086507002,126004433,6534956,1960487,2023-24
SS SILVER PTY LTD,40644174710,2900315252,,,2023-24
SS&C SOLUTIONS PTY LIMITED,75007325779,213806035,11349321,2279543,2023-24
SSAB SWEDISH STEEL PTY LTD,74064572925,130799899,9993799,2998140,2023-24
SSANGYONG AUSTRALIA PTY LTD,92627864475,244008380,10316352,3094906,2023-24
SSP AUSTRALIA CATERING PTY LIMITED,75134475924,147424047,,,2023-24
STABILISED PAVEMENTS OF AUSTRALIA PTY LTD,90002900736,211614992,9003028,2700908,2023-24
STAHMANN HOLDINGS PTY LTD,68617861677,102655758,,,2023-24
STANDARD CHARTERED BANK AUSTRALIA BRANCH,35845772731,163813135,,,2023-24
STANDARD COMMUNICATIONS HOLDINGS PTY LTD,76640855545,129341905,30533400,4413485,2023-24
STANLEY BLACK & DECKER HOLDINGS AUSTRALIA PTY LTD,81154671244,298646162,26157103,7847131,2023-24
STANMORE RESOURCES LIMITED,27131920968,4353777095,1248252901,372435138,2023-24
STANTEC AUSTRALIA PTY LTD,17007820322,510828459,,,2023-24
STAR GROUP HOLDINGS PTY LIMITED,93000452924,116342727,,,2023-24
STARBUCKS COFFEE AUSTRALIA PTY LTD,73169062926,169662933,,,2023-24
STARCORP HOLDINGS (NSW) PTY LTD,51089450368,160912139,9061,2718,2023-24
STARHILL HOTEL (SYDNEY) PTY LTD,63158871035,122311551,2739858,821957,2023-24
STATE BANK OF INDIA,95082610008,170209800,32296279,9573452,2023-24
STATE STREET AUSTRALIA LIMITED,21002965200,136586061,11363579,3409074,2023-24
STATE STREET BANK & TRUST COMPANY,70062819630,373882002,,,2023-24
STATE STREET SERVICES AUSTRALIA PTY LIMITED,38151402247,199453293,71543926,21463178,2023-24
STATEWIDE INDEPENDENT WHOLESALERS LIMITED,51009519546,1987609664,7560865,2268260,2023-24
STAUDE CAPITAL GLOBAL VALUE FUND LIMITED,90168653521,193024701,31636340,9339930,2023-24
STEADFAST GROUP LIMITED,98073659677,889590003,298372102,20365439,2023-24
STEALTH GROUP HOLDINGS LTD,25615518020,113830162,198193,59458,2023-24
STEGGLES FOODS MT KURING-GAI PTY LTD,73126100418,172717180,8854448,2656334,2023-24
STELLA FOODS AUSTRALIA PTY LTD,77156644834,314587775,1644891,493467,2023-24
STELLA MMTS FINANCE PTY LIMITED,85612094078,123205356,,,2023-24
STELLA NEL FINANCE PTY LTD,20637599574,139026974,,,2023-24
STELLANTIS (AUSTRALIA AND NEW ZEALAND) PTY LTD,23125956505,454021503,,,2023-24
STEPHEN EDWARDS CONSTRUCTIONS PTY LTD,65001824139,139527926,10777828,3226089,2023-24
STERLING HOMES PTY LTD,28007781124,104143385,2495342,748603,2023-24
STEVENS CONSTRUCTION (NSW) PTY LIMITED (IN LIQUIDATION),65121684348,109787431,,,2023-24
STG SALES PTY LTD,34623621732,128428157,8995671,2487652,2023-24
STIHL PTY LTD,76004881145,237439811,,,2023-24
STIRLINGS PERFORMANCE STEELS PTY LTD,79625765200,109913651,8770096,2631029,2023-24
STOCKLAND CORPORATION LIMITED,43000181733,2420944036,170572784,51171835,2023-24
STOCKWELL INTERNATIONAL PTY LTD,19000871330,101484639,3330644,999193,2023-24
STOCKYARD GROUP PTY LTD,27640897472,154088126,,,2023-24
STODDART GROUP PTY LTD,82010744751,352037159,4209271,821849,2023-24
STOKES WHEELER PTY LTD,82080554623,112118499,,,2023-24
STONE AXE HOLDCO PTY LTD,37628956945,163688738,,,2023-24
STORA ENSO AUSTRALIA PTY LTD,64099948491,182011755,,,2023-24
STOWE AUSTRALIA PTY LTD,27002556603,661738934,27775160,8332548,2023-24
STRAIT LINK SHIPPING PTY LTD,74138616645,275082401,,,2023-24
STRANDBAGS HOLDINGS PTY LTD,99128842482,418634052,32353633,9706090,2023-24
STRATEGIC GAS MARKET TRADING PTY LTD,60613884978,254258328,10074986,3022496,2023-24
STRATHANE HOLDINGS PTY LTD,35621577366,100096642,10384666,3115400,2023-24
STRIPE PAYMENTS AUSTRALIA PTY LTD,66160180343,736924019,14036985,4211096,2023-24
STRYKER AUSTRALIA PTY LTD,48002873850,960628553,83252065,24975620,2023-24
STUDCO AUSTRALIA PTY LTD,39145053925,110435233,27257511,8177253,2023-24
SUBARU (AUST) PTY LTD,95000312792,1912308046,191863250,57558975,2023-24
SUBSEA 7 AUSTRALIA CONTACTING PTY LTD,36005288406,368507307,,,2023-24
SUEZ ANZ HOLDINGS PTY LTD,94653823726,146408733,3413123,1021481,2023-24
SUGAR TERMINALS LIMITED,17084059601,115726726,56742687,17022806,2023-24
SULZER AUSTRALIA HOLDING PTY LTD,71134665446,113188915,4474904,1342471,2023-24
SUMITOMO AUSTRALIA PTY LTD,81000371497,1517438926,708026664,47968381,2023-24
SUMITOMO FORESTRY AUSTRALIA PTY LTD,70101550109,207146007,7367962,1205972,2023-24
SUMITOMO MITSUI BANKING CORPORATION-SYDNEY BRANCH,98114053459,2353969245,468714412,140614324,2023-24
SUMITOMO RUBBER AUSTRALIA PTY LTD,31602872391,108513221,7701886,2233436,2023-24
SUMMIT AUTO LEASE AUSTRALIA PTY LTD,87054704737,137751894,,,2023-24
SUMO AUSTRALIA LIMITED,84602964143,269419830,,,2023-24
SUN METALS CORPORATION PTY LTD,97074241982,1019149416,,,2023-24
SUN METALS HOLDINGS LIMITED,30051538580,171559014,240335313,,2023-24
SUNCO MOTORS PTY LTD,21010722111,279935274,3911467,1173440,2023-24
SUNCORP GROUP LIMITED,66145290124,17514951978,1389940529,409075024,2023-24
SUNGELA HOLDINGS PTY LTD,94665229336,279383137,14431395,4329418,2023-24
SUNGROW AUSTRALIA GROUP PTY LTD,76168258679,383061372,13213420,3964026,2023-24
SUNNY QUEEN PTY LIMITED,31060702034,589388537,36250440,10493201,2023-24
SUNPORK FRESH FOODS PTY LTD,24135230545,584363295,115323,34597,2023-24
SUNPORK PTY LTD,11059168786,339989752,14974348,4288206,2023-24
SUNSET POWER INTERNATIONAL PTY LTD,75162696335,891466685,116060331,34818099,2023-24
SUNSHINE A PTY LTD,86631684770,566593402,66971152,20091346,2023-24
SUNSHINE HARDWARE PTY LTD,95129140085,175691600,7686742,2306023,2023-24
SUNSHINE STATE POWER (NO. 2) B.V.,27063382829,158501580,5623502,1687051,2023-24
SUNSHINE STATE POWER B.V.,40062295425,181142199,6425168,1927550,2023-24
SUNSTATE CEMENT LIMITED,58010421879,130083205,18527840,5558352,2023-24
SUNTORY (AUST) PTY LIMITED,27001628780,337709072,16248279,4874484,2023-24
SUNTORY BEVERAGE & FOOD AUSTRALIA PTY LIMITED,73060091536,427944163,32346614,9096383,2023-24
SUPALAI AUSTRALIA HOLDINGS PTY LTD,92602237150,134352358,14448435,2139428,2023-24
SUPER RETAIL GROUP LIMITED,81108676204,3651205836,398059312,115072211,2023-24
SUPERANNUATION AND INVESTMENTS HOLDCO PTY LIMITED,64644660882,728971132,81454,,2023-24
SUPERIOR PAK PTY LTD,30162247323,134529519,11732288,3519686,2023-24
SUPERLOOP LIMITED,96169263094,401241846,,,2023-24
SUPPLY NETWORK LTD,12003135680,260718269,44284419,13285326,2023-24
SUPPLY PARTNERS PTY LTD,94155169074,126559779,1501001,450300,2023-24
SUPREME CARAVANS PTY LTD,65006939322,115964208,15911622,4773487,2023-24
SURBANA JURONG HOLDINGS (AUSTRALIA) PTY LTD,49612229197,792403377,69779394,17766636,2023-24
SURDEX SHEET & COIL PTY LIMITED,43004339922,117016840,3319511,995853,2023-24
SURDEX STEEL PTY LIMITED,39004339904,292559785,25143269,7542981,2023-24
SUSHI HUB HOLDING PTY LTD,55168026855,112103927,22744873,6823462,2023-24
SUSQUEHANNA PACIFIC PTY LTD,23082467605,445757092,111676106,32449641,2023-24
SUTTON TOOLS PTY LTD,12004175731,121415040,3240989,972297,2023-24
SUTTONS INVESTMENTS PTY LTD,84008446428,2060696678,355104953,105217481,2023-24
SUZUKI AUSTRALIA PTY LIMITED,57001828164,447078451,10481476,3144443,2023-24
SV LAKSHMI INTERNATIONAL PTY LTD,74629219012,165893422,3369076,842269,2023-24
SV LAKSHMI PTY LTD,79128771997,203071594,3877532,969383,2023-24
SVITZER AUSTRALASIA HOLDINGS PTY LTD,16120555302,547578220,75326974,13490949,2023-24
SWANSTON STREET HOLDINGS PTY LTD,26109185015,236704078,31444017,9433205,2023-24
SWAROVSKI AUSTRALIA PTY LTD,16000679416,130641346,596791,179037,2023-24
SWIFT HOLDINGS INVESTMENTS PTY LTD,47655356424,1798287899,12842674,3320045,2023-24
SWIFT WORLDWIDE RESOURCES AUSTRALIA HOLDINGS CORP PTY LIMITED,17166473936,237976258,6413830,1924149,2023-24
SWISS RE ASIA PTE. LTD,19631490447,1247152286,,,2023-24
SWISS RE AUSTRALIA LIMITED,28004360909,2014427930,,,2023-24
SWISS RE INTERNATIONAL SE AUSTRALIA BRANCH,38138873211,639949385,34956595,10486978,2023-24
SWISSPORT ANZ PTY LTD,54167311551,318940175,,,2023-24
SYDNEY AVIATION ALLIANCE HOLDINGS PTY LTD,54654912197,2071454919,,,2023-24
SYDNEY TOOLS PTY LTD,19112852285,945372389,96789043,29036713,2023-24
SYESUN PTY LIMITED,51001805830,109948449,2834517,850355,2023-24
SYMAL CONTRACTORS PTY LTD,69630027342,172677253,36016283,10804885,2023-24
SYMAL INFRASTRUCTURE PTY LTD,87130808276,526549782,38508443,11552533,2023-24
SYMBIO HOLDINGS LIMITED,37118699853,111904143,2014047,,2023-24
SYMON BROS CONSTRUCTIONS (VIC) PTY LTD,46005194043,353707330,8314990,2494497,2023-24
SYNERGY GROUP AUSTRALIA HOLDINGS PTY LTD,38662711551,115271745,6534861,1960458,2023-24
SYNGENTA AUSTRALIA PTY LTD,33002933717,499208287,6763912,,2023-24
SYNNEX AUSTRALIA PTY LTD,40052285882,2543693205,56140680,16842204,2023-24
SYRINX AUSTRALIA PTY LTD,50130046267,220618870,20019089,5121790,2023-24
SYSTEMATIC TRADING TECHNOLOGIES PTY LT,39130626130,107622915,,,2023-24
T. ROWE PRICE AUSTRALIA LIMITED,13620668895,108774015,834868,217877,2023-24
T.C. DRAINAGE (WA) PTY LTD,37064603096,105593084,3842683,1152805,2023-24
T.EN AUSTRALIA & NEW ZEALAND PTY LTD,20636996060,156246823,5238450,1546539,2023-24
T.F. WOOLLAM HOLDINGS PTY LTD,41106564354,220412251,,,2023-24
T.J. & R.F. FORDHAM PTY LTD,56000548354,254363906,8882049,2664561,2023-24
TABCORP HOLDINGS LIMITED,66063780709,1931840698,,,2023-24
TAD HOLDCO PTY LTD,90637674376,329733728,,,2023-24
TADANO OCEANIA PTY LTD,84142236995,167209641,20937720,6281316,2023-24
TAIPOWER BENGALLA PTY LTD,18075407617,468982394,281495483,84448244,2023-24
"TAIWAN BUSINESS BANK, LTD",36078577250,111796520,24042366,7212710,2023-24
TAKEDA PHARMACEUTICALS AUSTRALIA PTY LTD,71095610870,266937171,,,2023-24
TAL DAI-ICHI LIFE AUSTRALIA PTY LTD,97150070483,7006502398,,,2023-24
TALENT INTERNATIONAL HOLDINGS PTY LIMITED,28131419577,919344511,18145942,5443783,2023-24
TALICOMBE HOLDINGS PTY LTD,92082966934,165764087,2008757,602627,2023-24
TAMA AUSTRALIA PTY LTD,88617155361,133343632,2139972,641992,2023-24
TAMBAVALE (QLD) PTY LTD,90109550218,137742822,1156799,347040,2023-24
TANDEM BUILDING GROUP HOLDINGS PTY LTD,46642053325,152114820,,,2023-24
TANGARATTA STOCKFEEDS PTY LIMITED,51001278584,140961363,1194188,358256,2023-24
TANGERINE TELECOM PTY LTD,11602814791,116695087,,,2023-24
TAP IV CO. PTY LIMITED,68642736329,140036018,,,2023-24
TASMAN CARGO AIRLINES PTY LIMITED,50073412272,154017383,4548326,1364498,2023-24
TASMAN K B PTY LTD,18003044102,153534646,14745188,4423556,2023-24
TASMAN LOGISTICS SERVICES PTY LTD,37103193979,201453885,7623781,2287134,2023-24
TASMANIA HARDWARE PTY LIMITED,46159847462,141356875,2670084,501025,2023-24
TASMANIAN INDEPENDENT RETAILERS CO-OPERATIVE SOCIETY LTD,89743048843,112159357,2147247,623872,2023-24
TASMEA LIMITED,22088588425,394591312,44970266,13491080,2023-24
TATA CONSULTANCY SERVICES LIMITED,28109981777,866714560,62763209,16412082,2023-24
TATTARANG CAPITAL PTY LTD,40161233674,211630242,302285931,,2023-24
TAYLOR APARTMENTS PTY. LIMITED,24008464373,138104831,5125229,1537569,2023-24
TAYLOR CORPORATION PTY LIMITED,40146589344,578170330,,,2023-24
TAYLOR FERGUSON & CO PTY LTD,57010833744,104868760,1776291,532887,2023-24
TCL ELECTRONICS AUSTRALIA PTY LTD,83111032896,229417756,,,2023-24
TEA TOO PTY LTD,61072399529,108839553,,,2023-24
TEACHERS MUTUAL BANK LIMITED,30087650459,530719563,41444108,12139922,2023-24
TEAM GLOBAL EXPRESS PTY LTD,15084157666,2987599227,,,2023-24
TEAMINVEST PRIVATE GROUP LIMITED,74629045736,110804723,5815071,722378,2023-24
TECH DATA (ANZ) PTY LTD,15090111890,327838149,,,2023-24
TECH MAHINDRA LIMITED,15092511558,261565689,19844266,5893529,2023-24
TECHFORCE PERSONNEL PTY LTD,38129012611,134495659,7006630,2101989,2023-24
TECHNICAL RESOURCES PTY LTD,27009433514,160865540,8103623,2431087,2023-24
TECHNICOLOR PTY LTD,23000978343,107408410,3911234,1173370,2023-24
TECHNIP OCEANIA PTY LTD,43062878719,356299484,58046800,17412198,2023-24
TECHNOLOGY ONE LIMITED,84010487180,495130378,217329754,32877589,2023-24
TECHWOOL TRADING PTY LTD,69006145955,560909640,3293229,987969,2023-24
TECO AUSTRALIA PTY LIMITED,77002595388,121684574,17853703,5301675,2023-24
TEEG TOPCO PTY LTD,52622408422,424117586,54281720,14893346,2023-24
TEEKAY HOLDINGS AUSTRALIA PTY LTD,12125391880,145173764,15515910,4654773,2023-24
TELCO SALES AUSTRALIA PTY LTD,50153951841,121406663,,,2023-24
TELCO SERVICES AUSTRALIA PTY LTD,31106527422,133321911,,,2023-24
TELERIC PTY LTD,90004284664,1100771827,28392265,8435389,2023-24
TELSTRA GROUP LIMITED,56650620303,21527770893,2724036436,756290348,2023-24
TELWATER PTY LTD,15010795507,135711257,16667949,4107991,2023-24
TEMPERZONE AUSTRALIA HOLDINGS PTY LTD,52001653176,137550382,3063939,919182,2023-24
TEMPLE AND WEBSTER GROUP LIMITED,69608595660,502804659,11679707,3503912,2023-24
TEMPO GROUP HOLDINGS PTY LTD,63607698153,210684110,,,2023-24
TEN NETWORK HOLDINGS LIMITED,14081327068,536375663,,,2023-24
TERADATA AUSTRALIA PTY LTD,77125071374,138090621,10416548,3123867,2023-24
TERRA MINING PTY LTD,36605732518,204216173,,,2023-24
TERRACE TOWER GROUP PTY LIMITED,27002742967,106917087,56306302,16688684,2023-24
TERRACOM LIMITED,35143533537,346604660,38634539,11590362,2023-24
TERUMO AUSTRALIA PTY LIMITED,34158693595,125751680,12688611,3806583,2023-24
TESLA MOTORS AUSTRALIA PTY LIMITED,68142889816,3825061948,89855107,26956532,2023-24
TETRA PAK MANUFACTURING PTY LIMITED,50004435901,178066667,6940779,2077482,2023-24
TETRA TECH COFFEY HOLDING PTY LTD,46611080534,335343085,7358275,,2023-24
TETRA TECH HOLDINGS PTY LTD,98623346225,105750880,9105329,2731599,2023-24
TETRA TECH RPS ENERGY PTY LTD,44072504299,650120518,32547254,9137499,2023-24
TEVA PHARMACEUTICALS AUSTRALIA PTY LTD,98002951877,137856699,,,2023-24
TEXCO CONSTRUCTION (VIC) PTY LTD,89626365071,367434581,29924156,8977247,2023-24
TEYS AUSTRALIA PTY LTD,38009872600,3360264095,448438170,125691464,2023-24
TEYS INVESTMENTS PTY LTD,15009868900,296497571,251949734,584920,2023-24
TF GLOBAL MARKETS (AUST) PTY LTD,69158361561,102772886,,,2023-24
TFG RETAILERS PTY LIMITED,90612634312,777482644,73039565,21911870,2023-24
TGM HOLDCO PTY LTD,72629957884,276879680,34016778,10205033,2023-24
THALANGA COPPER MINES PTY LTD,72004797335,116881349,,,2023-24
THALES AUSTRALIA HOLDINGS PTY LTD,84058583841,1498275613,48776031,5046921,2023-24
THC HOLDING (NSW) PTY LTD,98601822020,181449993,5953248,1785974,2023-24
THE APPOINTMENT GROUP (AUSTRALIA) PTY LTD,76161559968,151557307,,,2023-24
THE AUSTCORP GROUP (AUSTRALIA) PTY LTD,81080926414,317675290,32415293,6772204,2023-24
THE BANK OF NOVA SCOTIA,34133513827,1539563836,56111016,16833305,2023-24
THE BIDVEST GROUP AUSTRALIA PTY LTD,62659193030,327494028,27298020,8189406,2023-24
THE BODY SHOP AUSTRALIA PTY LTD,47602683349,120427764,654133,67465,2023-24
THE BOSTON CONSULTING GROUP PTY LTD,70007347131,318759536,,,2023-24
THE BROWN & HURLEY GROUP PTY. LTD.,66010732966,862794815,56014470,16804333,2023-24
THE DEMPSEY GROUP PTY LTD,16004722936,315746846,21672088,6437478,2023-24
THE DOUGLAS GROUP LTD,50002624357,137716923,20612946,6183884,2023-24
THE EPOCH HOLDING GROUP PTY LTD,54169456517,156359487,106391971,31917591,2023-24
THE FIVE GROUP PTY LTD,62161098951,102578898,11104025,3050852,2023-24
THE FOURTH FORCE PTY LTD,22084438773,625477288,,,2023-24
THE GREEN GROUP (AUST.) PTY LTD,86100650708,115904962,8444537,2533361,2023-24
THE HONGKONG AND SHANGHAI BANKING CORPORATION LIMITED,65117925970,1726826728,237604058,71281217,2023-24
THE HOUR GLASS (AUSTRALIA) PTY LTD,64010831713,242337993,41346645,12228548,2023-24
THE INDEPENDENT LIQUOR GROUP (SUPPLIERS) CO-OPERATIVE LTD,63629864769,543920497,,,2023-24
THE INDEPENDENT LIQUOR GROUP DISTRIBUTION CO-OP LTD,70252541400,558719170,170344,51103,2023-24
THE LINCOLN ELECTRIC COMPANY (AUSTRALIA) PTY LTD,36000040308,102294307,11743618,3523085,2023-24
THE LOTTERY CORPORATION LIMITED,21081925706,4036237102,647866617,192324418,2023-24
THE MAYO GROUP INTERNATIONAL PTY LIMITED,46008394876,244550647,21246409,6180569,2023-24
THE MYER FAMILY INVESTMENTS LIMITED,32004116296,170928559,43797069,10313145,2023-24
THE N. & A. FRUIT DISTRIBUTORS PTY LTD,31000050448,161152927,2169088,650726,2023-24
THE NORTHERN TRUST COMPANY,62126279918,636085954,54494238,16348271,2023-24
THE NUANCE GROUP (AUSTRALIA) PTY LTD,54068215341,124881194,,,2023-24
THE PROVEDORES PTY LTD,48614781903,104200666,1773265,531872,2023-24
THE QUANTIUM GROUP HOLDINGS PTY LIMITED,29121842957,253426737,45603018,12970792,2023-24
THE REJECT SHOP LIMITED,33006122676,867671825,4626816,1388045,2023-24
THE RIX GROUP PTY LTD,50092239113,124941405,23532548,7059764,2023-24
THE ROYAL AUTOMOBILE CLUB OF QUEENSLAND LIMITED,72009660575,190195283,6818549,,2023-24
THE ROYAL AUTOMOBILE CLUB OF TASMANIA LIMITED,62009475861,198006254,7140131,1931962,2023-24
THE ROYAL AUTOMOBILE CLUB OF WA (INC),33212133120,1570017728,55906035,12494630,2023-24
THE STAR ENTERTAINMENT GROUP LIMITED,85149629023,1689871538,,,2023-24
THE SWATCH GROUP (AUSTRALIA) PTY LTD,20004287110,173593107,10040837,3012251,2023-24
THE TRANSFORMATION GROUP PTY LTD,53634381490,113401152,2628754,788626,2023-24
THE TRUSTEE FOR QIC GLOBAL INFRASTRUCTURE FUND TAYLOR AIV TRUST,11454629109,175044311,,,2023-24
THE VICTORIA CARPET COMPANY PTY LTD,14004304956,203961431,10539667,3161900,2023-24
THE VILLAGE BUILDING CO. LIMITED,97056509025,195651299,38689372,11247258,2023-24
THE WALT DISNEY COMPANY (AUSTRALIA) PTY LTD,30054610025,765223117,71794219,7103807,2023-24
THEIRCARE PTY LTD,40617970475,117319583,11700358,3510107,2023-24
THERMO ELECTRON AUSTRALIA PTY LTD,44109074115,509562424,42530843,11815807,2023-24
THIESS GROUP HOLDINGS PTY LTD,34646054757,4532720591,207025458,57604395,2023-24
THINK TANK GROUP PTY LTD,75117819084,461929072,9013753,2704126,2023-24
THL GROUP (AUSTRALIA) PTY LTD,68055966222,404090787,,,2023-24
THOMAS FOODS INTERNATIONAL CONSOLIDATED PTY LTD,20105099849,2117419395,200283980,59357572,2023-24
THOMAS ROBERT PTY LTD,70649234542,101480608,8964592,2686834,2023-24
THOMPSON HEALTH CARE. PTY.LTD.,29000745004,251800765,56066528,16819958,2023-24
THOMSON REUTERS (AUSTRALIA) PTY LTD,87058914766,197966508,16685895,5005768,2023-24
THORNEY INVESTMENT GROUP AUSTRALIA PTY LTD,37117488892,289622454,23361945,,2023-24
THOUGHTWORKS AUSTRALIA PTY LTD,99088279761,187376098,,,2023-24
THRYV AUSTRALIA HOLDINGS PTY LTD,89638633342,221222259,37089608,11126882,2023-24
THYSSENKRUPP MATERIALS AUSTRALIA PTY LTD,94078033520,283258070,11118779,3270789,2023-24
TIANQI LITHIUM ENERGY AUSTRALIA PTY LTD,24862057747,7489099632,4546731134,,2023-24
TIBRA CAPITAL PTY LIMITED,72120313395,149549380,,,2023-24
TICKETMASTER AUSTRALASIA PTY LTD,49089258837,186818064,3988993,,2023-24
TIFFANY & CO (AUSTRALIA) PTY LIMITED,93128219554,214048299,12810924,3843277,2023-24
TIGER HOLDCO PTY LTD,71639276412,219744944,15692257,4707677,2023-24
TIKTOK AUSTRALIA PTY LTD,15637464638,375820417,33140205,9633911,2023-24
TILFORD PTY LTD,13009487807,113144847,4975616,1492685,2023-24
TILLING TIMBER PTY LTD,92004621121,125020280,,,2023-24
TIMBERLINK AUSTRALIA PTY LIMITED,12161713015,367792848,24586364,5370288,2023-24
TIMELEY INVESTMENTS (WA) PTY LTD,31641481478,6813476224,,,2023-24
TITAN MACHINERY HOLDINGS AUSTRALIA PTY LTD,39670778426,107804894,4085053,1225516,2023-24
TIVOLI INVESTMENTS PTY LTD,90165718070,285569607,170692,,2023-24
TJX AUSTRALIA HOLDING COMPANY PTY LTD,58605889843,729608552,,,2023-24
TK ELEVATOR AUSTRALIA PTY LIMITED,12073056149,160746740,,,2023-24
TLC AGED CARE PTY. LTD.,20090724726,163271545,6832502,2049751,2023-24
TLP3 AUSTRALIAN HOLDINGS PTY LIMITED,54653160966,112159054,,,2023-24
TMA IMPORTS PTY LTD,61646270706,212268514,13169976,3950993,2023-24
TNA AUSTRALIA PTY LTD,38002937859,197258601,12593357,,2023-24
TODD DEVINE HOMES PTY LTD,21104128583,162743900,17711134,5313340,2023-24
TOGA PTY. LTD.,27000926947,456762024,,,2023-24
TOKIO MARINE & NICHIDO FIRE INSURANCE CO LIMITED,80000438291,100683543,,,2023-24
TOKYO GAS AUSTRALIA PTY LTD,46102349557,869305421,328104139,71527143,2023-24
TOLL HOLDINGS PTY LIMITED,25006592089,2914037114,626328,,2023-24
TOM STODDART PTY LTD,16009690251,127846324,5512859,1574081,2023-24
TOMKINS COMMERCIAL & INDUSTRIAL BUILDERS PTY LTD,98061732778,202412854,,,2023-24
TOMRA CLEANAWAY PTY LIMITED,43620427116,253938413,,,2023-24
TOMRA COLLECTION PTY LTD,90111224018,109590236,9965665,2989700,2023-24
TOOWONG AUTOMOTIVE GROUP PTY LTD,13102449801,113317157,3772792,1131838,2023-24
TOOWOOMBA MOTORS PTY LTD,76153536406,139137098,7484282,2245285,2023-24
TOP CUT FOODS PTY LIMITED,96628117564,193098601,5016716,1064805,2023-24
TOPCO INVESTMENTS AUSTRALIA PTY LIMITED,78622116992,489632139,,,2023-24
TOPDRILL PTY LTD,46118519609,115632856,1307695,392308,2023-24
TORO AUSTRALIA PTY LTD,47001310443,187360236,18509927,5552978,2023-24
TORRENS HEALTH PTY LTD,38136379274,155398984,11063475,3319042,2023-24
TOSHIBA (AUSTRALIA) PTY LIMITED,19001320421,124545692,147037,,2023-24
TOSHIBA INTERNATIONAL CORPORATION PTY LTD,29001555068,215506343,13650636,3945404,2023-24
TOTAL AMS PTY LTD,81091839619,217895340,44257045,13277114,2023-24
TOTAL CONSTRUCTION PTY. LIMITED,32067732941,113693210,2718557,815567,2023-24
TOTAL RESOURCE SOLUTIONS (TRS) PTY LTD,46116721334,136340978,805481,48787,2023-24
TOTAL STEEL OF AUSTRALIA PTY LTD,34001201850,139594801,13232831,3969849,2023-24
TOTAL TOOLS HOLDINGS PTY LTD,57138595525,136709122,26077078,5392052,2023-24
TOTAL VENTILATION HYGIENE PTY LTD,15149359437,141079239,12108948,3632684,2023-24
TOTALENERGIES EP AUSTRALIA,96832035151,364923076,,,2023-24
TOTALENERGIES EP HOLDINGS AUSTRALIA PTY LTD,11602975619,3390388242,,,2023-24
TOUCHSTONE HILDGS PTY LTD,77650902720,299685652,291338830,480174,2023-24
TOWER SOFTWARE ENGINEERING PTY LTD,81008602739,1651479299,79760293,23928088,2023-24
TOYO TYRE AUSTRALIA PTY LTD,93000767279,128432026,6137624,1841287,2023-24
TOYOTA MATERIAL HANDLING AUSTRALIA PTY LIMITED,38104644635,622415746,74106128,22231838,2023-24
TOYOTA MOTOR CORPORATION AUSTRALIA LIMITED,64009686097,14831942123,966650469,286695893,2023-24
TOYOTA TSUSHO SOUTH PACIFIC HOLDINGS PTY LTD,82050105443,211509543,22868018,1968303,2023-24
TPC CONSOLIDATED LIMITED,99073079268,161435203,6250218,1805205,2023-24
TPG TELECOM LIMITED,76096304620,5580533886,1504755,,2023-24
TP-LINK AUSTRALIA PTY LTD,27146745173,129092241,21260501,6378150,2023-24
TQM DESIGN & CONSTRUCT PTY LTD,33091508422,119247058,6796404,2038921,2023-24
TRACC CIVIL PTY LTD,76143998369,117562113,3827989,1148397,2023-24
TRADETOOLS PTY LTD,67010700053,152175056,13472238,4041671,2023-24
TRADEZONE PTY LTD,39103815130,318857820,11859503,3557851,2023-24
TRAILER SALES PTY LTD,41106983199,137416755,12890920,3867276,2023-24
TRANSALTA ENERGY (AUSTRALIA) PTY LTD,40062135844,202412821,75369312,21741529,2023-24
TRANSDEV AUSTRALASIA PTY LTD,40079303816,271883329,,,2023-24
TRANSDEV JOHN HOLLAND BUSES (NSW) PTY LTD,29643796098,184049369,3164903,949471,2023-24
TRANSURBAN HOLDINGS LIMITED,86098143429,3253730142,,,2023-24
TRANSURBAN QUEENSLAND FINANCE PTY LIMITED,16169093850,300735236,1293335,388000,2023-24
TRANSURBAN QUEENSLAND HOLDINGS 1 PTY LTD,64169090804,889494986,,,2023-24
TRANSWEST FUELS PTY LTD,74161266664,112791977,321651,96495,2023-24
TRAVELCUBE PACIFIC PTY LTD,52099122577,227342873,2958511,881911,2023-24
TRAVELEX AUSTRALIA HOLDINGS PTY LIMITED,98105260035,3208281548,,,2023-24
TREASURY WINE ESTATES LIMITED,24004373862,1752703780,367459450,106339130,2023-24
TREESERVE PTY LTD,87169334712,102308273,418135,125440,2023-24
TREGBAY PTY LTD,15144630571,109780221,96338414,28695844,2023-24
TREK BICYCLE CORPORATION (AUSTRALIA) PTY LTD,56143457998,128883177,,,2023-24
TREND MICRO AUSTRALIA PTY LTD,70077055817,305954702,70441204,,2023-24
TRICAB (AUSTRALIA) PTY LTD,40006373824,128779294,12335464,3176128,2023-24
TRICORBRAUN AUSTRALIA PTY LTD,41652672494,113709319,,,2023-24
TRILITY GROUP PTY LTD,39144522565,124277566,14405234,2785145,2023-24
TRINA SOLAR (AUSTRALIA) PTY LTD,24150695524,237095577,4025015,1157704,2023-24
TRIPLE M CAPITAL PTY LTD,25611961374,128460904,12684322,3805297,2023-24
TRIPPAS WHITE GROUP HOLDINGS PTY LTD,73654241522,155549349,,,2023-24
TRIPPAS WHITE GROUP PTY LTD,42119225026,117529004,,,2023-24
TRISON INVESTMENTS PTY LTD,44125774781,298553506,4140623,1217888,2023-24
TRI-STAR E&P PTY LTD,79629728605,125753851,109138454,32353930,2023-24
TRONOX LIMITED,91153348111,1847251088,,,2023-24
TROPICAL AUTO GROUP PTY LTD,68060716850,126432906,3580584,1074175,2023-24
TRUCK CENTRE (WA) PTY LTD,19120476879,372669305,24653189,7395957,2023-24
TRUE ALLIANCE PTY LIMITED,25098282001,267474265,4446897,1317584,2023-24
TRUSTEE FOR NORTH QUEENSLAND AIRPORTS NO. 2 (MACKAY) TRUST,11805258426,183313993,7706205,2311862,2023-24
TTC CONSOL PTY LIMITED,48098788062,222260119,,,2023-24
TUCKER HOLDCO PTY LTD,85644211772,189657904,612437,183731,2023-24
TULLY SUGAR LIMITED,92011030256,254007934,36079380,10541075,2023-24
TURNER AND TOWNSEND PTY LTD,84115688830,387855000,34083783,10225135,2023-24
TUROSI PTY LTD,92620198165,898454914,41788981,12536694,2023-24
TURTLE HOLDCO PTY LTD,70650938846,112639963,15270462,4581139,2023-24
TUTT BRYANT GROUP LIMITED,89009242675,482328927,14275659,4167352,2023-24
TWG COFFS HARBOUR CONSOLIDATED PTY LTD,50662772803,119205616,7407460,2222238,2023-24
TWO CHOOSE TWO CAPITAL PTY LTD,26645917853,125423385,1210807,363242,2023-24
TYNAN MOTORS HOLDINGS PTY LTD,15002448446,314517082,9475330,2718256,2023-24
TYREE HOLDINGS PTY LIMITED,19100884599,312503470,26997742,8099323,2023-24
TYRO PAYMENTS LIMITED,49103575042,497588957,4635445,,2023-24
U & D COAL LIMITED,19165894806,103678299,,,2023-24
U&U HOLDINGS PTY LTD,,141966929,10354063,3106219,2023-24
UA AUSTRALIA PTY LTD,18162580190,118704632,,,2023-24
UACJ AUSTRALIA PTY LTD,82005579840,164590273,,,2023-24
UBER AUSTRALIA HOLDINGS PTY LTD,54622364318,3583748749,56564550,16969365,2023-24
UBS AG AUSTRALIA BRANCH,47088129613,1406934849,,,2023-24
UBS HOLDINGS PTY LTD,50050101249,780435238,,,2023-24
UCC ANZ HOLDINGS PTY LTD,96657105407,156916984,,,2023-24
UCS TOPCO PTY LTD,57607610560,151132680,,,2023-24
UDC TRADING PTY LTD,55639416907,106498780,5279117,1583735,2023-24
UGL UNIPART RAIL SERVICES PTY LTD,49154895940,266413489,14607057,4382117,2023-24
ULTISSIMO PTY LTD,21161860108,101542053,3170811,951243,2023-24
UNCLE BILL'S (AUSTRALIA) PTY LIMITED,12110447731,137429931,3385586,1015676,2023-24
UNDERGROUND CONSTRUCTION ALLIANCE PTY LTD,14630411424,128788517,1176191,352857,2023-24
UNDERWRITING AGENCIES OF AUSTRALIA PTY LTD,86003565302,140686855,52242609,15659536,2023-24
UNICHARM AUSTRALASIA HOLDING PTY LTD,56114210794,138773399,4656810,1397043,2023-24
UNIGRAIN PTY LTD (T/A ESSANTIS),67120061841,145607285,4660158,1398047,2023-24
UNILEVER AUSTRALIA GROUP PTY LTD,13614413179,1161953566,63027018,18908105,2023-24
UNILODGE HOLDINGS PTY LTD,56143599759,107636186,22261226,4830392,2023-24
UNIQLO AUSTRALIA PTY LTD,36161922103,702103343,88051881,26415564,2023-24
UNISUPER MANAGEMENT PTY LTD,91006961799,379813109,24477395,7343218,2023-24
UNISYS AUSTRALIA PTY LIMITED,31105642902,198976233,3586169,,2023-24
UNITA GROUP HOLDINGS PTY LTD,63622274006,119178979,2382072,714622,2023-24
UNITED COLLIERIES PTY LIMITED,67001990209,767332265,,,2023-24
UNITED ENERGY DISTRIBUTION HOLDINGS PTY LTD,15104381660,773871419,137659561,41297868,2023-24
UNITED MALT GROUP PTY LIMITED,61140174189,179958762,,,2023-24
UNITED OVERSEAS BANK LIMITED,56060785284,1251754617,356998486,107099546,2023-24
"UNITED RENTALS U.S. AUSTRALASIA HOLDINGS, INC.",46659851126,179887313,627043,188113,2023-24
UNITED RETAIL GROUP PTY LTD,64109680533,182709732,3815434,953618,2023-24
UNITED TERMINAL BELL BAY PTY LTD,61101299870,170601035,,,2023-24
UNITED TERMINALS PTY LTD,73129440955,3688654406,886328,265898,2023-24
UNITED WOOL COMPANY PTY LTD,84164061198,127769358,1034181,309106,2023-24
UNITY BANK LIMITED,11087650315,108464035,21273061,6203363,2023-24
UNIVERSAL AU PTY LTD,93090425764,100091570,5128825,1538648,2023-24
UNIVERSAL PICTURES INTERNATIONAL AUSTRALASIA PTY LTD,44122951099,582630279,,,2023-24
UNIVERSAL PROPERTY GROUP PTY LIMITED,98078297748,1288696574,,,2023-24
UNIVERSAL STORE HOLDINGS LIMITED,94628836484,290174437,44406469,13321941,2023-24
UON PTY LTD,44099963354,129728412,8056029,660502,2023-24
UP EDUCATION AUSTRALIA PTY LTD,58095741227,136809298,28710042,8613013,2023-24
UPL AUSTRALIA PTY LTD,76066391384,113613724,7992126,,2023-24
URBAN RESOURCES PTY LTD,47121043034,106000630,11803817,3541145,2023-24
URBIS LTD,50105256228,172380274,26442001,7932600,2023-24
USINCH PTY LIMITED,24060571673,633012566,121597667,36479300,2023-24
UTILITIES MANAGEMENT PTY LTD,25090664878,468332017,,,2023-24
V&G CONCRETE CONSTRUCTIONS GROUP PTY LTD,81634500664,121978103,25498890,7649667,2023-24
VALMEC PTY LTD,94003607074,175031235,,,2023-24
VALMONT QUEENSLAND PTY LTD,73142183800,484698984,6276767,1881948,2023-24
VALUE ADDED ENGINEERING GROUP PTY LTD,48080489756,139745603,3776351,1132905,2023-24
VANDERLANDE INDUSTRIES AUSTRALIA PTY LTD,61164889838,244499242,8974243,2692273,2023-24
VANGUARD INVESTMENTS AUSTRALIA LTD,72072881086,333228210,58415811,16103636,2023-24
VANTAGE FUELS PTY LTD,24151023040,256183271,,,2023-24
VANTIVE AUSTRALIA PTY LIMITED,69076201619,1761116827,34049485,5128363,2023-24
VANWARREN PTY LTD,81103861990,186254388,,,2023-24
VARLEY GROUP PTY LTD,54629995820,239796076,4399517,551950,2023-24
VAUGHAN CIVIL PTY LTD,50152638447,124718287,8163778,2449133,2023-24
VAULT MINERALS LIMITED,73068647610,621767390,,,2023-24
VAWDREY AUSTRALIA PTY LTD,66005075052,241275673,37217684,11165305,2023-24
VAWDREY MANUFACTURING PTY LTD,92084490906,257576520,20847250,6254175,2023-24
VAX APPLIANCES (AUSTRALIA) PTY LTD,84009099736,1169243283,48009672,14402902,2023-24
VECTOR AEROSPACE AUSTRALIA PTY LTD,28156165472,140333555,12968696,3890609,2023-24
VEGIE BANDITS PTY LTD,31079441044,602875338,28242853,8472856,2023-24
VEHICLE REPAIRHUB PTY LTD,12632384224,149927106,395073,118522,2023-24
VELOCITY VEHICLE GROUP TOPCO PTY LTD,76646514141,1054192000,24775280,7432584,2023-24
VENTIA SERVICES GROUP LTD,53603253541,5195535966,116220511,31333803,2023-24
VENTORA GROUP PTY LIMITED,62087012226,435301381,47485469,13750521,2023-24
VENTURA MOTORS PROPRIETARY LIMITED,67004235518,284895374,41946981,12584094,2023-24
VEOLIA HOLDINGS AUSTRALIA PTY LTD,82663593093,1162277264,13049313,,2023-24
VEOLIA WATER AUSTRALIA PTY LTD,99061161279,406847056,4368665,,2023-24
VEOLIA WATER TECHNOLOGIES & SOLUTIONS PROCESS AUSTRALIA PTY LTD,32169392876,136138234,,,2023-24
VERIZON AUSTRALIA PTY LIMITED,62081001194,199042254,14128033,4154113,2023-24
VERMONT AUS HOLDCO PTY LTD,82626842135,1554073581,140590207,41253306,2023-24
VERTEX PHARMACEUTICALS (AUSTRALIA) PTY LTD,34160157157,325894411,,,2023-24
VERTIV (AUSTRALIA) PTY LTD,53003469654,182008463,11472471,3441741,2023-24
VESTAS AUSTRALIAN WIND TECHNOLOGY PTY. LIMITED,80089653878,1569478020,50464569,15139371,2023-24
VEYANCE TECHNOLOGIES AUSTRALIA PTY LTD,87125188070,232110539,14742303,4397034,2023-24
VGI PARTNERS GLOBAL INVESTMENTS LIMITED,91619660721,2060070981,13965295,1023020,2023-24
VGW HOLDINGS LIMITED,36147193511,1070216427,12693151,,2023-24
VIATOR SYSTEMS PTY LIMITED,26071510220,102365826,13349170,4004751,2023-24
VIATRIS PTY LTD,29601608771,149795095,14738352,4421506,2023-24
VICINITY LIMITED,90114757783,257101159,1302363,,2023-24
VICKERY BROS PTY LTD,26007190614,104194187,2943210,882963,2023-24
VICTOR TECHNOLOGIES AUSTRALIA PTY LTD,72071843028,104061143,13291111,3939429,2023-24
VICTORIA INTERNATIONAL CONTAINER TERMINAL LIMITED,56164915655,189578229,,,2023-24
VICTORIA POWER NETWORKS PTY LTD,37116940820,2024610977,75874681,22505261,2023-24
VICTORIA TEACHERS LIMITED,44087651769,246886971,12600161,3767982,2023-24
VICTORIAN CHEMICAL COMPANY PROPRIETARY LIMITED,36004188863,106770589,25861585,7253557,2023-24
VICTORIAN CORRECTIONAL INFRASTRUCTURE PARTNERSHIP PTY LTD,15107247067,141007897,19488369,5846511,2023-24
VICTORIAN ROLLFORMERS PTY LIMITED,86607528129,214689016,4030553,1209166,2023-24
VINCI ENERGIES AUSTRALIA PTY LTD,86602042339,194631381,,,2023-24
VINEY HOLDCO PTY LTD,81658290898,272806031,3675290,,2023-24
VINPAC INTERNATIONAL PTY LTD,20008266779,185856568,,,2023-24
VIRBAC (AUSTRALIA) PTY LIMITED,77003268871,169819311,52811431,14305263,2023-24
VIRGIN AUSTRALIA HOLDINGS PTY LTD,54100686226,5783599998,1675515,,2023-24
VIRIDIAN GLASS PTY LTD,68006904052,200975374,,,2023-24
VISA AP (AUSTRALIA) PTY LTD,20134885564,107673803,10695934,3208780,2023-24
VITASOY AUSTRALIA PRODUCTS PTY LTD,18088959835,103412656,,,2023-24
VITERRA AUSTRALIA HOLDINGS PTY LTD,81161229867,5331803869,498181236,149454371,2023-24
VITEX PHARMACEUTICALS PTY LTD,81089651383,207713507,32077701,9623310,2023-24
VITURA HEALTH LIMITED,59629071594,125610005,4009050,1202715,2023-24
VIVA ENERGY GROUP LIMITED,74626661032,27188043588,103091560,17866048,2023-24
VIVA LEISURE LIMITED,76607079792,162586668,14747298,3755126,2023-24
VIVIENNE COURT HOLDINGS PTY LTD,57153821446,112588572,,,2023-24
VMWARE AUSTRALIA PTY LTD,77122677089,479293460,8985373,2695612,2023-24
VOC GROUP LIMITED,51159630761,140956309,187692721,,2023-24
VOESTALPINE HIGH PERFORMANCE METALS (AUSTRALIA) PTY LTD,15000013052,126843957,16328304,4898491,2023-24
VOESTALPINE RAILWAY SYSTEMS AUSTRALIA PTY LTD,71011073108,126031489,4886876,1466063,2023-24
VOITH TURBO PTY LTD,48008763808,106099354,11923930,3577179,2023-24
VOLKSWAGEN FINANCIAL SERVICES AUSTRALIA PTY LTD,20097071460,705625230,68706059,20611818,2023-24
VOLKSWAGEN GROUP AUSTRALIA PTY LTD,14093117876,4187717667,103530798,31059239,2023-24
VOLTAIRE AUSTRALIA PTY LTD,52656104497,123446127,,,2023-24
VOLVO CAR AUSTRALIA PTY LIMITED,18004830611,828965950,69875765,20962730,2023-24
VOLVO GROUP AUSTRALIA PTY LTD,27000761259,2443728523,167253524,48084129,2023-24
VOPAK TERMINALS AUSTRALIA PTY LTD,75065452520,121558998,36493220,10947966,2023-24
VORWERK AUSTRALIA PTY LTD,88069944930,101271481,2446817,734045,2023-24
VOS CONSTRUCTION & JOINERY PTY LTD,99009558258,190237631,12279598,3683879,2023-24
VOSSLOH AUSTRALIA PTY LTD,52100797699,182403043,21925021,6182600,2023-24
VOYAGE AUSTRALIA HOLDINGS PTY LIMITED,31648328803,1659609625,,,2023-24
VOYAGES INDIGENOUS TOURISM AUSTRALIA PTY LTD,82146482591,191083268,,,2023-24
VRG HOLDCO PTY LTD,16642854313,560498281,,,2023-24
VRV AUSTRALIA PTY LTD,66631624729,214295081,78488951,23546685,2023-24
VSA ROADS PTY LTD,18136665935,172495606,11750219,3525066,2023-24
VULCAN STEEL (AUSTRALIA) PTY LTD,61100061283,647140721,33639580,10091874,2023-24
W A STOCKWELL PTY LTD,50010095360,135136597,,,2023-24
WA FUEL SUPPLIES PTY LTD,73604421267,347703872,10368129,2592032,2023-24
WAGSTAFF PILING PTY LTD,26052146488,178530470,26798306,8039492,2023-24
WALKER GROUP HOLDINGS PTY LIMITED,81001215069,571301243,,,2023-24
WALTOCK PTY LTD,68003118090,124519843,1715217,514565,2023-24
WALZ GROUP PTY LTD,37610347076,114301849,9577880,2873364,2023-24
WAM ACTIVE LIMITED,49126420719,252970719,9010056,2469379,2023-24
WAM CAPITAL LIMITED,34086587395,4389110009,267421670,70511009,2023-24
WAM GLOBAL LIMITED,76624572925,475386284,126887244,38066173,2023-24
WAM LEADERS LIMITED,33611053751,10107955457,99574152,16505258,2023-24
WAM MICROCAP LIMITED,34617838418,491922467,45074523,11574928,2023-24
WAM RESEARCH LIMITED,15100504541,476948700,31254196,7886706,2023-24
WAMBO COAL PTY LTD,13000668057,1087502389,464300267,139003804,2023-24
WARAKIRRI AGRICULTURAL FARM TRUST II,58128446181,159526778,,,2023-24
WARMOLL FOODS PTY LTD,49152503092,287159246,,,2023-24
WARMOLL GROUP PTY LTD,58638094185,120239801,,,2023-24
WARNER BROS. ENTERTAINMENT AUSTRALIA PTY LTD,70003773411,288738803,,,2023-24
WARRIKAL ENGINEERING PTY LTD,74616230267,210640814,865535,259660,2023-24
WARRIKAL PTY LTD,21614209095,217069798,5125603,1537681,2023-24
WARRIKAL SITE SERVICES PTY LTD,33656543832,103491494,679144,203743,2023-24
WARTSILA AUSTRALIA PTY LTD,38003736892,144335440,,,2023-24
WARWICK FARM AUTOMOTIVE PTY LTD,75665769111,166369940,8931809,2679543,2023-24
WASHINGTON H. SOUL PATTINSON AND COMPANY LIMITED,49000002728,1211695623,683837371,65008926,2023-24
WASTE SERVICES GROUP PTY LTD,37655019408,360298704,16491646,4947494,2023-24
WASWASTE METAL RETRIEVERS CORPORATION PTY LTD,50145381657,108376970,24562069,947446,2023-24
WATCHES OF SWITZERLAND PTY LTD,81062949786,195837376,34033032,10209910,2023-24
WATCO INTERNATIONAL PTY LTD,28150437951,105800848,,,2023-24
WATERCO LIMITED,62002070733,190488917,13787568,3864569,2023-24
WATERWORKS GROUP HOLDINGS PTY LTD,16663966612,591194486,591165631,10053807,2023-24
WAVELINK COMMUNICATIONS PTY LTD,43069703715,121077213,6801377,2040413,2023-24
WAYNE PHILLIS FORD PTY. LTD.,30007836213,142191287,2985946,895784,2023-24
WCX M5 FINCO PTY LTD,65606993462,117461901,,,2023-24
WEB TRAVEL GROUP LIMITED,68002013612,170546139,1556061,,2023-24
WEBER-STEPHEN PRODUCTS CO. (AUSTRALIA) PTY LTD,18006305237,130000713,18198497,5459549,2023-24
WEBUILD S.P.A.,83159573896,521989133,162462180,48738654,2023-24
WEIR GROUP (AUSTRALIAN HOLDINGS) PTY LTD,57090873117,1107251975,176016368,41666676,2023-24
WELLINGTON MANAGEMENT AUSTRALIA PTY LTD,19167091090,112764674,12598324,3779497,2023-24
WENDY HOLDCO PTY LTD,72635436190,154743632,,,2023-24
WENGFU AUSTRALIA PTY LTD,31141160581,569081431,,,2023-24
WESBEAM HOLDINGS PTY LTD,89095594826,143612886,9381799,2814540,2023-24
WESFARMERS LIMITED,28008984049,43149076148,3318737080,959744266,2023-24
WESPINE INDUSTRIES PTY LTD,88052954337,131268867,,,2023-24
WESSEL PETROLEUM PTY. LTD.,46054320991,308452528,5625128,1406282,2023-24
WEST AFRICAN RESOURCES LIMITED,70121539375,145249643,5729122,,2023-24
WEST END MOTOR GROUP PTY. LIMITED,30001988450,249886501,462832,138740,2023-24
WEST HQ LIMITED,54000842375,111540958,,,2023-24
WEST TO WEST CARPENTRY SERVICES PTY LTD,22155477393,103550345,6531798,1959539,2023-24
WESTBOURNE CONSTRUCTIONS PTY LTD,32100473907,201548017,,,2023-24
WESTCO CAIRNS PTY LTD,99011009297,118501040,520393,156118,2023-24
WESTCON GROUP PTY LTD,77050539672,586067199,8090250,1483078,2023-24
WESTCONNEX FINANCE COMPANY PTY LTD,54626812039,330006264,,,2023-24
WESTERN AG SUPPLIES PTY LTD,27113662758,129357969,4443057,1330774,2023-24
WESTERN AUSTRALIAN MEAT MARKETING CO-OP LTD,54048449698,211146872,,,2023-24
WESTERN AUSTRALIAN SPECIALTY ALLOYS PTY LTD,14053910188,293410067,37908488,11372546,2023-24
WESTERN DOWNS HOLDCO PTY LTD,94638652810,108910392,,,2023-24
WESTERN STEEL PROCESSORS PTY LTD,64140678039,228082014,31388209,9416463,2023-24
WESTERN SUBURBS NCLE LEAGUES CLUB LIMITED,24000973919,166454615,,,2023-24
WESTERN TRUCK GROUP PTY LTD,31624305353,319271949,11103824,3331147,2023-24
WESTERN UNION FINANCIAL SERVICES (AUSTRALIA) PTY LIMITED,77082282773,121216782,1842765,552830,2023-24
WESTFORCE CONSTRUCTION PTY LTD,34121966041,160201278,10883287,3264986,2023-24
WESTGOLD RESOURCES LIMITED,60009260306,744292259,,,2023-24
WESTINA CORPORATION PTY LTD,64095230943,135513101,36695356,11008607,2023-24
WESTKON PRECAST PTY LTD,92107423156,129991835,27547177,8264153,2023-24
WESTPAC BANKING CORPORATION,33007457141,53960825799,8832484244,2644577825,2023-24
WESTPORK PTY LTD,90009148789,156912192,10360779,3108234,2023-24
WESTROCK PACKAGING SOLUTIONS PTY LTD,59003986472,105973952,,,2023-24
WESTSIDE MEAT PTY LTD,69004800097,141230268,20605936,6181781,2023-24
WEWORK AUSTRALIA PTY LTD,25607522510,158062416,,,2023-24
WGA GROUP HOLDINGS PTY LTD,86649953980,138646190,21916210,4527658,2023-24
WH MCCARTHY PTY LTD,73000004893,495747596,1325797,397739,2023-24
WH SMITH AUSTRALIA PTY LTD,70146430622,159588216,,,2023-24
WHITE FAMILY CONSOLIDATED PTY LTD,88136191109,118445136,118443345,35533004,2023-24
WHITE FOX BOUTIQUE PTY LTD,35606710114,429293511,156411448,46923434,2023-24
WHITE STRIPE FOODS PTY LTD,44105781977,144903796,4552844,1365853,2023-24
WHITEHAVEN COAL LIMITED,68124425396,4090053710,212893998,63866146,2023-24
WHITEHORSE MOTORS PTY LTD,89005967046,179266220,7777685,2333306,2023-24
WHITES GROUP PTY LTD,25001845478,151124621,17021203,5106361,2023-24
WHITTENS PTY LIMITED,52132968800,145715055,,,2023-24
WICET HOLDINGS PTY LTD,26131210001,591377066,,,2023-24
WICKHAM FREIGHT LINES PTY LTD,59062620240,176993677,1343834,403144,2023-24
WIDEBAY MOTORS PTY LTD,56009715146,130133926,6899015,2069704,2023-24
WILCORP GROUP HOLDINGS PTY LTD,,184333142,3890640,1167192,2023-24
WILEY & CO PTY. LTD.,40010604869,117298834,,,2023-24
WILEY PUBLISHING AUSTRALIA PTY LTD,48085710952,122101085,37371809,11049816,2023-24
WILLIAM ADAMS INDUSTRIES PTY LTD,58108367997,313780558,44458006,13337402,2023-24
WILLIAM ADAMS PTY. LTD.,72009569493,574069110,33010869,7705737,2023-24
WILLIS TOWERS WATSON AUSTRALIA HOLDINGS LIMITED,98112435079,174782526,6344125,915602,2023-24
WILMAR AUSTRALIA HOLDINGS PTY LIMITED,79144972743,2545227124,75185586,1709604,2023-24
WILMAR GF HOLDINGS AUSTRALIA PTY LTD,55600457430,1242225554,9816528,,2023-24
WILMAR TRADING (AUSTRALIA) PTY LTD,58128080455,1638844166,39990927,11980141,2023-24
WILSON ASSET MANAGEMENT (INTERNATIONAL) PTY LIMITED,89081047118,112815799,,,2023-24
WILSON PARKING AUSTRALIA 1992 PTY LTD,67052475911,1059189292,34710266,10413080,2023-24
WILSON TRANSFORMER HOLDINGS PTY LTD,24109811136,413641182,60151313,17434899,2023-24
WIN CORPORATION PTY LTD,43000737404,209412272,16211454,4470393,2023-24
WINARCH COMMERCIAL PTY LTD,17630531387,106507860,15438791,4631637,2023-24
WINCHESTER COAL PTY LTD,40625142118,109079548,18201294,5460388,2023-24
WINDFIELD HOLDINGS PTY LTD,60160456164,9982823868,8793538293,2638061488,2023-24
WINDY STUDIOS PTY LTD,18664532352,275823929,97,29,2023-24
WINGATE GROUP HOLDINGS PTY LTD,82128511035,428827419,14923372,4471000,2023-24
WINNING APPLIANCES PTY LIMITED,94002193688,853629213,13426976,4028093,2023-24
WIPRO LIMITED,18093961936,362103246,28771119,8631336,2023-24
WIPRO TECHNOLOGIES AUSTRALIA PTY LTD,67003785617,172054256,,,2023-24
WIRE INDUSTRIES PTY LIMITED,44055064125,189750858,27079640,8123892,2023-24
WIRRAWAY MOTOR COMPANY PTY LTD,51155882081,113562358,1782882,534865,2023-24
WISE AUSTRALIA PTY LTD,38616463855,297106465,8102182,2430655,2023-24
WISETECH GLOBAL LIMITED,41065894724,754280932,289423189,61773578,2023-24
WITRON AUSTRALIA PTY LTD,25627864126,130738054,1976994,593098,2023-24
WOLTERS KLUWER AUSTRALIA PTY LIMITED,46095325643,102718005,10038314,2936804,2023-24
WOOD GROUP AUSTRALIA PTY LTD,51101049076,556698717,1341089,,2023-24
WOODHAM PETROLEUM PTY LTD,45654386035,389379022,,,2023-24
WOODHOUSE TIMBER COMPANY PTY LTD,52010503161,115040671,4460853,1252831,2023-24
WOODLANDS ENTERPRISES PTY. LTD.,48009759746,173319070,16865956,4741024,2023-24
WOODS HOLDING GROUP PTY LTD,11131958551,245775107,7333030,1528078,2023-24
WOODSIDE ENERGY GROUP LTD,55004898962,19834595421,7517012294,1720802305,2023-24
WOODWARD FOODS AUSTRALIA PTY LTD,93623470575,224537427,5389500,1616850,2023-24
WOOLNORTH WIND FARM HOLDING PTY LTD,91154051617,116654082,32084312,9625294,2023-24
WOOLWORTHS GROUP LIMITED,88000014675,56596759405,2702605198,767268429,2023-24
WORKDAY AUSTRALIA PTY LTD,75154840507,198884924,,,2023-24
WORKPAC GROUP PTY LTD,61633330060,1057701890,2724107,817232,2023-24
WORLD FUEL SERVICES (AUSTRALIA) PTY LTD,99150375063,145042714,,,2023-24
WORLD WIRE CABLES (AUSTRALIA) PTY LTD,26079817379,122740978,9521830,2856549,2023-24
WORLDLINE AUSTRALIA PTY LTD,50645073034,614404324,,,2023-24
WORLEY LIMITED,17096090158,1870427669,91695862,,2023-24
WORMALD AUSTRALIA PTY LTD,80008399004,312807138,18453769,5536131,2023-24
WORMALL CIVIL PTY LTD,60162970863,260989618,8512358,2545766,2023-24
WOTTON & KEARNEY HOLDINGS LTD,60632647306,147290484,21014588,6304376,2023-24
WPP AUNZ PTY LTD,84001657370,646401811,26782778,5550654,2023-24
WR CARPENTER NO 1 PTY LTD,34118630461,122895076,,,2023-24
WRIGHT PROSPECTING PTY LTD,35008677021,415938292,399699825,119909948,2023-24
WRIGHTVILLE CORPORATION PTY LTD,34097843091,100822413,3459508,1037201,2023-24
WRIGHTVILLE NOMINEES PTY LTD,78117534782,104177212,3590092,1072362,2023-24
WRIGHTVILLE OPERATIONS PTY LTD,34008046820,166039929,7580854,2272724,2023-24
WS AUDIOLOGY ANZ PTY LTD,30009163419,129736877,889791,184649,2023-24
WS MOTORS PTY LTD,99608791804,173858829,4147316,1244195,2023-24
WSO FINANCE PTY LIMITED,60102757871,103655798,,,2023-24
WSP AUSTRALIA HOLDINGS PTY LTD,90169545395,1893464175,113958069,29319360,2023-24
WT FINANCIAL GROUP LIMITED,87169037058,186001553,,,2023-24
WTP AUSTRALIA PTY LIMITED,69605212182,109057577,17947766,5193535,2023-24
WURTH AUSTRALIA PTY LTD,48002487096,194423806,10534671,3160401,2023-24
WX TRADING PTY LTD,38624673141,920559078,,,2023-24
WYLOO CONSOLIDATED PTY LTD,49646334269,170873086,,,2023-24
WYNDHAM DESTINATIONS ASIA PACIFIC PTY LTD,30090083613,278991140,69473596,20481496,2023-24
XCLUSIVE TECH PTY LTD,93627297474,159581602,104323570,31297071,2023-24
XERO AUSTRALIA PTY LIMITED,89124215247,403058844,54079171,11355326,2023-24
XL INSURANCE COMPANY SE,36083570441,1502607959,76947893,22508295,2023-24
XPANSIV LIMITED,34610645148,193164923,,,2023-24
XYLEM AUSTRALIA HOLDINGS PTY LTD,89162495070,269511512,17973583,5392075,2023-24
YAHOO AUSTRALIA PTY LTD,60089187100,116453343,,,2023-24
YAMAHA MOTOR AUSTRALIA PTY LIMITED,88002556989,483209554,41449232,12434770,2023-24
YANCOAL AUSTRALIA LIMITED,82111859119,7932085400,2814482813,837184056,2023-24
YANDAL INVESTMENTS PTY LTD,89070684810,153626749,217439513,45185991,2023-24
YARA AUSTRALIA PTY LIMITED,77076301221,536858269,,,2023-24
YARA PILBARA NITRATES PTY LTD,33127391422,143852846,,,2023-24
YELLOW BRICK ROAD HOLDINGS LIMITED,44119436083,287366825,,,2023-24
YEM TECHNOLOGY PTY. LTD,84605805687,102955210,15052832,4515850,2023-24
YENCITY PTY LTD,50061900552,226531527,7058282,1922173,2023-24
YENDA PRODUCERS CO-OPERATIVE SOCIETY LIMITED,79134587268,134908116,749358,141422,2023-24
YETI AUSTRALIA PTY LTD,14615277033,139580577,2033785,609136,2023-24
YKK ALUMINIUM (AUSTRALIA) PTY LTD,66001779237,219375220,,,2023-24
YN ENERGY PTY LTD,88611962451,593703462,,,2023-24
YOKOGAWA AUSTRALIA PTY LIMITED,36003888364,119088528,10358957,2958081,2023-24
YOKOHAMA TYRE AUSTRALIA PTY LIMITED,26001361459,137608065,7454111,2236233,2023-24
YOUI HOLDINGS PTY LTD,41124972425,1610777517,136538876,39465265,2023-24
YPI2B,94671349728,154511368,1814220,544266,2023-24
YT PARKSONG AUSTRALIA HOLDING PTY LTD,71141125920,159695756,50913455,14286064,2023-24
YUNNAN TIN AUST INVESTMENT HOLDINGS,16124402802,163788125,2063467,619040,2023-24
YUSEN LOGISTICS (AUSTRALIA) PTY LTD,85003550776,100577735,,,2023-24
YUXIN HOLDINGS PTY LIMITED,53653087257,271171668,56346733,16904020,2023-24
ZANARDO & RODRIQUEZ SALES & SERVICE PTY LIMITED,17000642517,124437780,3763074,1128922,2023-24
ZASHVIN PTY LTD,80010980015,408781317,458526093,8905969,2023-24
ZAUNER CONSTRUCTION PTY LTD,21087732607,133432340,3963119,1188936,2023-24
ZEBRA TECHNOLOGIES AUSTRALIA PTY LTD,14153920462,156178904,7328466,2043145,2023-24
ZEN ENERGY PTY LTD,13644924729,229829085,5204860,1362066,2023-24
ZEN ENERGY RETAIL PTY LTD,54615751052,122409013,,,2023-24
ZENDESK PTY LTD,86151424770,147969069,12611275,,2023-24
ZEPPELIN HOLDCO PTY LIMITED,88634191281,153104845,40656017,12196805,2023-24
ZEUS ONE HOLDING COMPANY PTY LTD,54615424238,147421764,18089475,5012474,2023-24
ZEUSS CHILDCARE I PTY LTD,70609818386,554508352,3191065,957320,2023-24
ZIMMER AUSTRALIA HOLDING PTY LIMITED,93107449534,290965803,28922950,8676885,2023-24
ZIP CO LIMITED,50139546428,444127128,,,2023-24
ZOETIS AUSTRALIA PTY LTD,94156476425,577111103,46474079,12792843,2023-24
ZURICH FINANCIAL SERVICES AUSTRALIA LIMITED,11008423372,3913905263,,9837849,2023-24
ZURU PTY LTD,19614731547,114457162,2464335,739300,2023-24
