company_name,abn,total_income,taxable_income,tax_payable,income_year
1884 PTY LIMITED,83114980880,215297043,8124632,2367120,2021-22
20 CASHEWS PTY LTD,16634403124,288582715,36977225,962761,2021-22
21ST CENTURY RESORTS HOLDINGS PTY LIMITED,33104201014,255202722,19673962,5902189,2021-22
29METALS LIMITED,95650096094,501817901,,,2021-22
2SAN PTY LTD,93641633141,739184508,70223411,21067023,2021-22
3M AUSTRALIA PTY LTD,90000100096,691305434,22920599,6876180,2021-22
4CYTE PATHOLOGY PTY LTD,12619244852,760523141,398991550,119697465,2021-22
7 HOLDINGS PTY. LTD.,31005620851,4688114379,,,2021-22
A. HARTRODT AUSTRALIA PTY LTD,28000640504,137203826,3875165,1162550,2021-22
A.C.N. 003 933 300 PTY LTD,58003933300,767403256,12226618,3667985,2021-22
A.C.N. 085 239 998 PTY LTD,39085239998,469078115,92455519,26531131,2021-22
A.C.N. 113 332 942 LIMITED,99113332942,123496898,40474543,10817694,2021-22
A.C.N. 116 779 876 PTY LTD,62116779876,205230837,,,2021-22
A.C.N. 166 119 133 PTY LTD,31166119133,2676985659,,,2021-22
A.C.N. 169 231 172 PTY LTD,34169231172,320697915,,,2021-22
A.C.N. 603 303 126 PTY LTD,98603303126,127199861,,,2021-22
A.C.N. 630 698 716 PTY LTD,18630698716,147561238,,,2021-22
A2 AUSTRALIAN INVESTMENTS PTY. LIMITED.,93126014275,506187163,21624071,6167430,2021-22
A2 INFANT NUTRITION LIMITED,81618864958,692545136,34182182,10254655,2021-22
A2B AUSTRALIA LIMITED,99001958390,124290565,,,2021-22
AA HOLDINGS PTY LTD,94112233744,660833621,44254768,13276430,2021-22
AAPC LIMITED,87009175820,819213185,,,2021-22
ABACUS GROUP HOLDINGS LIMITED,31080604619,127412802,,,2021-22
ABACUS STORAGE OPERATIONS LIMITED,37112457075,221923544,18086649,5425995,2021-22
ABB GROUP INVESTMENT MANAGEMENT PTY LIMITED,47082803852,708861819,26457921,,2021-22
ABBOT POINT BULKCOAL PTY LTD,23010183534,116222721,8429207,2528762,2021-22
ABBOT POINT OPERATIONS PTY LTD,58605852060,113060899,1262470,378741,2021-22
ABBOTT AUSTRALASIA PTY LIMITED,95000180389,673897302,45995022,13798507,2021-22
ABBVIE PTY LIMITED,48156384262,480857852,61821882,9556559,2021-22
ABC REFINERY (AUSTRALIA) PTY LIMITED,86621121079,5910596849,19618279,5885484,2021-22
ABC TISSUE PRODUCTS PTY LIMITED,33003085112,499604873,23435242,7030573,2021-22
ABERGELDIE CONSOLIDATED PTY LTD,21143512350,361655862,9681894,2904568,2021-22
ABN AMRO CLEARING SYDNEY PTY LTD,36081279889,101017636,7355264,2206579,2021-22
ABN GROUP (VIC) PTY LTD,82130382188,534197221,5772709,1731813,2021-22
ABN RESIDENTIAL WA PTY LTD,11008871761,368500323,,,2021-22
ABP FINANCE PTY LIMITED,58139991101,359367582,42689204,12806761,2021-22
ABSOLUTE EQUITY PERFORMANCE FUND LIMITED,17608552496,237840957,3487403,,2021-22
ABT ASSOCIATES AUSTRALIA PTY LTD,72161695156,165093717,1245719,373716,2021-22
ACCENT GROUP LIMITED,85108096251,1010555341,9941731,2982519,2021-22
ACCENTURE AUSTRALIA HOLDINGS PTY LIMITED,61096995649,3010668488,139705777,39565341,2021-22
ACCENTURE SOLUTIONS PVT LTD,46902577243,106790523,13935624,4180687,2021-22
ACCIONA AGUA AUSTRALIA PTY LTD,84128531742,1397153026,2857144,,2021-22
ACCIONA GEOTECH HOLDING PTY LTD,99616868314,986701475,,,2021-22
ACCO BRANDS AUSTRALIA HOLDING PTY LIMITED,58130787923,190598942,21940063,6582019,2021-22
ACER COMPUTER AUSTRALIA PTY LIMITED,78003872768,342613728,6582031,1974609,2021-22
ACM AUTOS PTY LTD,66121604082,128219991,4770085,1431026,2021-22
ACM HOLDINGS CO PTY LTD,42622029798,496439396,5150366,1545110,2021-22
AD ASTRA HOLDINGS PTY LTD,19111061726,273845467,41211116,12363335,2021-22
ADAIRS LIMITED,50147375451,492372612,62061698,18618509,2021-22
ADAMA AUSTRALIA HOLDINGS PTY LTD,31108759495,315068706,14975545,4492664,2021-22
ADAMS GROUP AUS HOLDINGS PTY LIMITED,13637089162,133076195,,,2021-22
ADAPT-A-LIFT GROUP PTY LTD,81605149568,262427299,,,2021-22
ADBRI LIMITED,15007596018,1646004767,101570757,28007806,2021-22
ADCO CONSTRUCTIONS PTY LIMITED,46001044391,822904165,40989225,6287430,2021-22
ADCO GROUP PTY LIMITED,15094531272,402528212,4202460,1260738,2021-22
ADCOME PTY LTD,99110315681,497847681,20517440,6155232,2021-22
ADCORP HOLDINGS AUSTRALIA PTY LTD,91161583893,368605396,16655856,4764131,2021-22
ADECCO HOLDINGS PTY LTD,11003652088,663850504,,,2021-22
ADIDAS AUSTRALIA PTY LTD,80058390659,488983686,60133831,18040149,2021-22
ADM TRADING AUSTRALIA PTY LTD,92126806979,1507551314,,,2021-22
ADOBE SYSTEMS PTY LTD,72054247835,801389002,37910577,11373173,2021-22
ADORE BEAUTY GROUP LIMITED,78636138988,199685357,,,2021-22
ADRAD HOLDINGS LIMITED,51121033396,128315887,17122883,5129904,2021-22
ADT GROUP HOLDINGS PTY LTD,35144849436,219936115,26817823,7975569,2021-22
ADVANCED FRESH CONCEPTS PTY LTD,35605455936,106428690,3405102,1021531,2021-22
ADYEN AUSTRALIA PTY LIMITED,55162682411,184389718,5537562,1661269,2021-22
AE SMITH & SON PROPRIETARY LIMITED,54004274793,104717572,,,2021-22
AECI AUSTRALIA PTY LTD,33165704870,113962907,6935663,2080699,2021-22
AERIS RESOURCES LIMITED,30147131977,387010833,,,2021-22
AERISON GROUP LIMITED,77614735474,175876829,,,2021-22
AFGRI AUSTRALIA PTY LTD,14103619067,461357930,27193992,8157394,2021-22
AFTERPAY LIMITED,30618280649,341366795,,,2021-22
AG N VET MANAGEMENT SERVICES PTY LIMITED,91087675465,699781973,60199344,17433182,2021-22
AGCO AUSTRALIA LIMITED,89004092684,355464012,20949835,4919950,2021-22
AGGREKO GENERATOR RENTALS PTY. LIMITED,66001991457,146675090,17194497,5158349,2021-22
AGILENT TECHNOLOGIES AUSTRALIA PTY LTD,29088510605,140943000,29639418,1397589,2021-22
AGL ENERGY LIMITED,74115061375,15461918085,,,2021-22
AGL GENERATION HOLDCO PTY LIMITED,46155768291,1406847340,176325365,52090951,2021-22
AGRI-BEST GROUP PTY LTD,19103565635,144527066,5638945,1691684,2021-22
AGRICULTURAL BANK OF CHINA LIMITED,48848300367,248107818,40017859,11997015,2021-22
AGRIUM SP HOLDINGS PTY LIMITED,58146674400,4298024617,335547590,88372032,2021-22
AGS GROUP HOLDINGS PTY LIMITED,42151808598,254807907,36923139,11076942,2021-22
AGTRADE INTERNATIONAL PTY LTD,87139280461,641152907,67081078,19793206,2021-22
AHRENS GROUP PTY LTD,76114260230,321488836,32151546,9581708,2021-22
AI SKY AUS HOLDCO PTY LIMITED,67636519143,115411144,,,2021-22
AIA AUSTRALIA LIMITED,79004837861,6304648184,275751562,48418931,2021-22
AIG AUSTRALIA LIMITED,93004727753,2072556145,139733733,40983908,2021-22
AIOI NISSAY DOWA INSURANCE COMPANY AUSTRALIA PTY LTD,11132524282,244149430,10283279,3084984,2021-22
AIR LIQUIDE AUSTRALIA LIMITED,57004385782,354117073,22095712,6222019,2021-22
AIRBUS AUSTRALIA PACIFIC HOLDINGS PTY LIMITED,75003066788,530545392,48854735,14656420,2021-22
AIRPORT MOTOR GROUP PTY LTD,61113244492,147964459,5575853,1672756,2021-22
AIRPORT MOTORWAY HOLDINGS PTY LTD,55078322531,126440549,63463517,19039055,2021-22
AIRSERVICES AUSTRALIA,59698720886,578456915,,,2021-22
AJ & PA MCBRIDE LIMITED,61007870804,102197788,7362353,1827462,2021-22
AJ LUCAS GROUP LIMITED,12060309104,123396157,,,2021-22
AKAMAI TECHNOLOGIES NETHERLANDS BV,52115435955,122118357,3591996,1077599,2021-22
AKUNA CAPITAL AUSTRALIA PTY LTD,71622473750,236520038,72030907,21459334,2021-22
AKZO NOBEL COATINGS (HOLDINGS) PTY LTD,51000285012,264910020,9053114,2715934,2021-22
AL AQUA ZIP HOLDCO PTY LTD,92620030846,117075089,,,2021-22
ALBERT AUTOMOTIVE HOLDINGS PTY LTD,15616126722,1115563583,,,2021-22
ALCOA AUSTRALIAN HOLDINGS PTY LTD,33096987370,371945459,527825297,,2021-22
ALCOA OF AUSTRALIA LTD,93004879298,4729559179,1040209165,309038636,2021-22
ALCON LABORATORIES (AUSTRALIA) PTY LTD,88000740830,287369406,16265506,4879652,2021-22
ALDI FOODS PTY LIMITED,18086210139,10171257680,499504922,149851477,2021-22
ALERE HOLDINGS PTY LIMITED,88128023058,135918088,4034583,1210375,2021-22
ALEXION PHARMACEUTICALS AUST PL,59132343036,111658337,5170186,1551056,2021-22
ALIGN TECHNOLOGY (AUSTRALIA) PTY LTD,62163076971,110435074,5769970,1730991,2021-22
ALIMFRESH PTY LIMITED,78002831843,295677189,16537270,571077,2021-22
ALKANE RESOURCES LIMITED,35000689216,214850781,9240332,701127,2021-22
AL-KO INTERNATIONAL PTY LTD,96003066813,118062092,12711795,3813538,2021-22
ALLEGION (AUSTRALIA) PTY LTD,49077898161,115309756,5881916,1764575,2021-22
ALLEGIS GROUP APAC HOLDINGS PTY LTD,84159406523,154074320,,,2021-22
ALLEGRO PTY LTD,55008833494,205548119,2036070,610821,2021-22
ALLERGAN AUSTRALIA PTY LIMITED,85000612831,256107772,9198086,2759426,2021-22
ALLERMUIR HOLDINGS PTY LTD,29104800482,403865107,31416239,9409464,2021-22
ALLIANCE AVIATION SERVICES LIMITED,96153361525,404041667,,,2021-22
ALLIANZ AUSTRALIA LIMITED,21000006226,5503113296,743078188,222433332,2021-22
ALLIED EXPRESS TRANSPORT PTY LIMITED,20001787962,213432835,24621015,7386304,2021-22
ALLIED WORLD ASSURANCE COMPANY LTD,54163304907,130536032,310740,,2021-22
ALLKEM LIMITED,31112589910,602289934,231999437,69588561,2021-22
ALLNEX AUSTRALIA PTY. LTD.,24160397768,312798374,8906005,1990172,2021-22
ALLSEAS MARINE CONTRACTORS AUSTRALIA PTY LTD,81158534582,237741006,7398939,2219682,2021-22
ALMONDCO AUSTRALIA LIMITED,81062887352,125646455,,,2021-22
ALS LIMITED,92009657489,888679952,59562523,15012151,2021-22
ALSCO PTY LIMITED,26000435629,282977799,43938993,13111927,2021-22
ALSTOM TRANSPORT AUSTRALIA HOLDINGS PTY LIMITED,28644102992,689201346,10319077,3095723,2021-22
ALTOMONTE HOLDINGS PTY LIMITED,18000821910,602468410,8920012,2676004,2021-22
ALUMINA & BAUXITE COMPANY LTD,52692964098,318929601,,,2021-22
ALUMINA LIMITED,85004820419,250186531,348351711,,2021-22
ALUMINIUM SPECIALTIES GROUP PTY LTD,63001252259,401117585,30235809,9070743,2021-22
AM DIAGNOSTICS PTY LTD,36604119360,332651280,30452633,9135790,2021-22
AMA GROUP LIMITED,50113883560,545136346,,,2021-22
AMARI METALS AUSTRALIA PTY LTD,13004496128,386586026,32646546,9793964,2021-22
AMAZON COMMERCIAL SERVICES PTY LTD,30616935623,1758053293,134062835,40068107,2021-22
AMAZON CORPORATE SERVICES PTY LTD,95082931600,811074526,135666121,40699836,2021-22
AMAZON SUPPORT SERVICES PTY LTD,77163823416,114957724,19912856,5973857,2021-22
AMAZON WEB SERVICES AUSTRALIA PTY LTD,63605345891,1114921433,141510245,42453074,2021-22
AMB HOLDINGS PTY LTD,85084557737,274252734,293794752,,2021-22
AMCI INVESTMENTS PTY LTD,30112315661,173313986,,,2021-22
AMCOR PTY LTD,62000017372,1282509335,1559448,,2021-22
AMDOCS (AUSTRALIA) PTY LTD,96098687006,108193860,9982688,2994806,2021-22
AMERICAN EXPRESS AUSTRALIA LIMITED,92108952085,1091200000,124347569,37304271,2021-22
AMERICOLD AUSTRALIAN HOLDINGS PTY LTD,48117491291,327835573,16560311,4968093,2021-22
AMEROPA AUSTRALIA PTY LTD,21009504394,720431808,56054797,16816439,2021-22
AMGEN AUSTRALIA PTY LIMITED,31051057428,483571510,50707724,9174793,2021-22
AMP CAPITAL (GIF CAYMAN HOLDCO) 4 LP,,106818930,955202,286561,2021-22
AMP LIMITED,49079354519,3024659382,,,2021-22
AMPCI MACARTHUR WIND HOLDCO PTY LTD,69636886541,205218827,,,2021-22
AMPCONTROL LIMITED,28000915542,205545366,,,2021-22
AMPHORA AUSTRALIA PTY LTD,50625199322,445717193,,,2021-22
AMPLIFON AUSTRALIA HOLDING PTY LTD,34147231561,219042170,,,2021-22
AMPLIFY BIDCO PTY LTD,30636456623,289542749,,,2021-22
AMPOL LIMITED,40004201307,23160117702,209607564,48828935,2021-22
ANCA PTY LTD,43005163244,207842276,33191692,,2021-22
ANDREWS MEAT INDUSTRIES PTY LTD,16600428537,209456176,17489277,4501069,2021-22
ANGLO AMERICAN AUSTRALIA LTD,47004892371,3995439345,411028759,,2021-22
ANGLO AMERICAN TECHNICAL & SUSTAINABILITY SERVICES LTD,81629813216,125546394,22726912,6818074,2021-22
ANGLOGOLD INVESTMENTS AUSTRALIA PTY LTD,48090112459,1194753447,,,2021-22
ANIXTER AUSTRALIA PTY LTD,68055815551,313766868,47316024,14194807,2021-22
ANL CONTAINER LINE PTY LTD,41083962136,568255240,47634844,14095844,2021-22
ANSELL LIMITED,89004085330,283610214,,,2021-22
ANSVAR INSURANCE LIMITED,21007216506,296620444,,,2021-22
ANTICIMEX PTY LTD,24162914374,196327625,20112509,6033753,2021-22
ANTIPODES GLOBAL INVESTMENT COMPANY PTY LIMITED,38612843517,846262439,76565693,22271212,2021-22
ANZ HOSPITALS TOPCO PTY LTD,20631014965,2663845714,,,2021-22
AON CONSOLIDATED GROUP PTY LTD,38090132675,577460000,93527782,27985598,2021-22
AOYUAN PROPERTY GROUP (AUSTRALIA) PTY LIMITED,97600594125,203797716,22835513,,2021-22
APA INFRASTRUCTURE TRUST,21858175226,2774944721,314142955,86692324,2021-22
APCO SERVICE STATIONS PTY LTD,91007229898,641144796,9791425,2937428,2021-22
APEX STEEL PTY LTD,88080253756,208303909,22783256,6834977,2021-22
APH TOP CO PTY LIMITED,96608192374,422243295,14293032,4287910,2021-22
APM HUMAN SERVICES INTERNATIONAL LIMITED,38639621766,695082224,77506031,23251809,2021-22
APOG TOPCO PTY LTD,66654198268,352544809,,,2021-22
APOLLO HOLDCO PTY LTD,68626190896,574853251,70065535,21019660,2021-22
APOLLO TOURISM & LEISURE LTD,67614714742,210072296,,,2021-22
APPLE PTY LTD,46002510054,9335050508,458656103,137312506,2021-22
APPLIED AUSTRALIA HOLDINGS PTY LTD,48156643462,106186319,8165381,2449614,2021-22
AQUALAND HOLDING PTY LTD,19614472347,309252184,,,2021-22
AQUASURE FINANCE PTY LTD,35136072627,318719912,,,2021-22
AQUASURE HOLDINGS PTY LTD,46135956053,369502437,107955505,32386652,2021-22
ARA GROUP LIMITED,47074886561,578888056,34925539,10152224,2021-22
ARAFURA PACIFIC PTY LTD,29151898029,261113202,,,2021-22
ARAMEX FASTWAY HOLDINGS PTY. LTD.,86609553513,172251296,4346160,1303848,2021-22
ARB CORPORATION LTD,31006708756,594165502,123817401,35799267,2021-22
ARCADIAN ORGANIC & NATURAL MEAT CO PTY LIMITED,37158956864,103920550,3005624,901687,2021-22
ARCADIS AUSTRALIA PACIFIC HOLDINGS PTY LTD,56608711351,281479644,29214783,7569088,2021-22
ARCHITECTURAL WINDOW SYSTEMS PTY LIMITED,48067950903,142829170,17256509,4459524,2021-22
ARCHMONT INVESTMENTS PTY LTD,68063715033,225560793,,,2021-22
ARDENT LEISURE GROUP LIMITED,51628881603,605125907,,,2021-22
ARDEX AUSTRALIA PTY LIMITED,82000550005,114825160,14573194,3484046,2021-22
ARE MEDIA HOLDCO PTY LTD,30649385044,245663393,13555199,4020802,2021-22
ARGO INVESTMENTS LIMITED,35007519520,348962863,538060161,50414039,2021-22
ARISTOCRAT LEISURE LIMITED,44002818368,1541419561,447719809,114619268,2021-22
ARJ GROUP HOLDINGS PTY LTD,31104958527,362469428,,,2021-22
ARKEMA PTY LTD,44000330772,109661388,,,2021-22
ARLA FOODS MAYER AUSTRALIA PTY LTD,78167620706,148295124,7083314,2124994,2021-22
ARROTEX HOLDINGS PTY LTD,47630331814,1153293783,128617665,36646230,2021-22
ARROW COMMODITIES PTY LIMITED,17078081428,1438093083,80008885,24002666,2021-22
ARROW ELECTRONICS ANZ HOLDINGS PTY LTD,90102589515,354586579,18061864,5418559,2021-22
ARROW ENERGY HOLDINGS PTY LTD,94141385293,360007794,,,2021-22
ARTHREX AUSTRALIA PTY LTD,40627466979,109578628,,,2021-22
ARUP AUSTRALIA SERVICES PTY LTD,36625911686,562064035,3083489,,2021-22
ARVINMERITOR LIGHT VEHICLE SYSTEMS AUSTRALIA PTY LTD,46004314372,124981535,14463019,4338906,2021-22
ARYZTA HOLDINGS ASIA PACIFIC PTY LIMITED,57146007365,192906712,14467599,4340280,2021-22
ASAHI HOLDINGS (AUSTRALIA) PTY LTD,48135315767,5564209796,912760304,269065945,2021-22
ASC PTY LTD,64008605034,583533882,53896005,16168802,2021-22
ASC SHIPBUILDING PTY LIMITED,15051899864,388804968,21531438,6459431,2021-22
ASG BRISBANE PTY LTD,72614297684,206413156,10242670,3072801,2021-22
ASG MELBOURNE PTY LTD,64616840110,537753015,23732885,7119865,2021-22
ASHLEY SERVICES GROUP LIMITED,92094747510,414082142,2981302,894391,2021-22
ASICS OCEANIA PTY LTD,59003091389,301280136,43465760,13039728,2021-22
ASKIN GROUP HOLDINGS PTY LIMITED,51626106947,209726948,12944843,3883453,2021-22
ASPEN ASIA PACIFIC PTY LTD,75146444484,577212897,125126142,33145421,2021-22
ASPEN GROUP LIMITED,50004160927,100013029,,,2021-22
ASPEN MEDICAL PTY LIMITED,32105250413,311626612,40743671,11945466,2021-22
ASPLUNDH HOLDINGS PTY LTD,,183004475,,,2021-22
ASSA ABLOY AUSTRALIA PACIFIC PTY LIMITED,81095354582,506196761,68492972,19453533,2021-22
ASSOCIATED KILN DRIERS PTY. LIMITED,34004341048,686184094,130064791,39019437,2021-22
ASSOCIATED RETAILERS LIMITED,42004520030,212914715,,,2021-22
ASTELLAS PHARMA AUSTRALIA PTY LTD,81147915482,125116961,,,2021-22
ASTRAZENECA HOLDINGS PTY LIMITED,59066876962,1085127894,155685431,40390847,2021-22
ASX LIMITED,98008624691,1082780387,789619162,226981735,2021-22
AT&T GLOBAL NETWORK SERVICES AUSTRALIA PTY LTD,72087916701,116392467,1006673,302002,2021-22
ATCO AUSTRALIA PTY LTD,74091033546,212976002,13949788,,2021-22
ATCO STRUCTURES & LOGISTICS PTY LTD,71083902309,185012944,29843628,8953088,2021-22
ATI GLOBAL LIMITED,31634158204,536678029,,,2021-22
ATLANTIC & PENINSULA AUSTRALIA PTY LIMITED LIMITED,50158698527,107536290,10998132,3299440,2021-22
ATLAS COPCO AUSTRALIA PTY LIMITED,85620125153,186087834,19697280,5909184,2021-22
ATLAS IRON PTY LTD,63110396168,1351929270,557296466,167188940,2021-22
ATLASSIAN AUSTRALIA 1 PTY LTD,98166799542,3558944047,702796070,124535314,2021-22
AUB GROUP LIMITED,60000000715,158802030,83785301,,2021-22
AUDANT INVESTMENTS PTY LIMITED,33002892855,200399822,21612779,5185552,2021-22
AUDI AUSTRALIA PTY LIMITED,86077092776,1079171254,43805086,13141526,2021-22
AUDIBLE AUSTRALIA PTY LTD,89624383811,141449423,14150936,4226776,2021-22
AURECON GROUP PTY LTD,12133838187,902808462,104854907,30921916,2021-22
AURELIA METALS LIMITED,37108476384,476655310,,,2021-22
AURIZON HOLDINGS LIMITED,14146335622,3136941552,601287468,170845723,2021-22
AURORA DAIRIES HOLDINGS PTY LTD,90625617003,114048168,,,2021-22
AUSBUILD GROUP PTY LTD,35609450419,209680981,2764572,79372,2021-22
AUSCAN HOLDINGS PTY LTD,70084400886,222814172,,,2021-22
AUSCO HOLDINGS PTY LIMITED,13150795547,352360803,121392,,2021-22
AUSENCO PTY LTD,31114541114,217631689,4688440,,2021-22
AUSFINE FOODS INTERNATIONAL PTY LTD,12006926129,259299140,5792148,1737644,2021-22
AUSGRID FINANCE PTY LTD,14615343005,444682171,,,2021-22
AUSGRID MANAGEMENT PTY LTD,83615449548,504152157,,,2021-22
AUSNET SERVICES LTD.,45603317559,1762754796,10196854,3059056,2021-22
AUSREO HOLDINGS PTY LIMITED,22125694055,360132021,17448834,5153062,2021-22
AUSSIE BROADBAND LIMITED,29132090192,546243280,,,2021-22
AUSTAL LIMITED,73009250266,626936942,,,2021-22
AUSTRALASIAN FOODS HOLDCO PTY LTD,70612640329,388622781,6111968,,2021-22
AUSTRALASIAN PERFORMING RIGHT ASSOCIATION LIMITED,42000016099,380948538,,,2021-22
AUSTRALASIAN SOLVENTS AND CHEMICALS COMPANY PTY LTD,57095441080,169425958,6594141,1974960,2021-22
AUSTRALIA AND NEW ZEALAND BANKING GROUP LIMITED,11005357522,26635077162,5346411632,1569273055,2021-22
AUSTRALIA MILLING GROUP PTY LTD,57127428406,147744255,,,2021-22
AUSTRALIA PACIFIC AIRPORTS CORPORATION LIMITED,89069775266,658084615,,,2021-22
AUSTRALIA PACIFIC LNG PTY LTD,68001646331,9347824996,689659530,,2021-22
AUSTRALIA YMCI PTY LTD,35607884711,146550595,,,2021-22
AUSTRALIA ZHIRAN CO. PTY LTD,87619268727,222553648,4908271,1472481,2021-22
AUSTRALIAN AGED CARE PARTNERS HOLDINGS PTY LTD,20162265983,427887030,,,2021-22
AUSTRALIAN AGRICULTURAL COMPANY LIMITED,15010892270,667433111,81400,,2021-22
AUSTRALIAN BAKELS PTY LIMITED,35000112836,143670372,15014827,4504448,2021-22
AUSTRALIAN BULLION COMPANY (N S W) PTY LTD,82002858602,1514729913,3603514,1081054,2021-22
AUSTRALIAN CENTRAL CREDIT UNION LTD,11087651125,329139990,29689155,5933576,2021-22
AUSTRALIAN CLINICAL LABS LIMITED,94645711128,996114663,238586930,71466569,2021-22
AUSTRALIAN COMFORT GROUP HOLDINGS PTY LTD,48143785522,189658270,,,2021-22
AUSTRALIAN COUNTRY CHOICE HOLDINGS PTY LTD,87009729999,964441710,,,2021-22
AUSTRALIAN DAIRY FARMERS CORPORATION LTD,80456117281,174633794,299262,89779,2021-22
AUSTRALIAN FINANCE GROUP LIMITED,11066385822,940464015,60573521,18172056,2021-22
AUSTRALIAN FOOD & AGRICULTURE COMPANY LIMITED,38005858293,155123688,5945406,1405406,2021-22
AUSTRALIAN FOUNDATION INVESTMENT COMPANY LIMITED,56004147120,410292355,722529297,77508436,2021-22
AUSTRALIAN GAS NETWORKS HOLDINGS PTY LIMITED,24169818026,665324337,4890383,1467115,2021-22
AUSTRALIAN GOLD REAGENTS PTY LTD,93009140121,296101193,,,2021-22
AUSTRALIAN GRAIN EXPORT PTY LTD,92073563185,1299970376,24621033,6537266,2021-22
AUSTRALIAN LAMB COMPANY PTY LTD,51007340123,633818422,73518001,22055400,2021-22
AUSTRALIAN LEISURE AND HOSPITALITY GROUP PTY LIMITED,37067391511,5129422667,491299002,147389701,2021-22
AUSTRALIAN LOGISTICS ACQUISITION HOLDINGS PTY LTD,28611628909,2444889798,,,2021-22
AUSTRALIAN MEAT GROUP PTY LTD,75168396316,572960811,18624927,91529,2021-22
AUSTRALIAN MOTOR GROUP PTY LTD,67095047902,342439049,26931188,8079356,2021-22
AUSTRALIAN NATURE INVESTMENT PTY LTD,16611339621,373892678,,,2021-22
AUSTRALIAN PAYMENTS PLUS LTD,19649744203,138893190,,,2021-22
AUSTRALIAN PHARMACEUTICAL INDUSTRIES PTY LTD,57000004320,3230105227,38311997,11458591,2021-22
AUSTRALIAN POSTAL CORPORATION,28864970579,8859305039,177757850,53282395,2021-22
AUSTRALIAN RAIL TRACK CORPORATION LIMITED,75081455754,904228521,,,2021-22
AUSTRALIAN REGISTRY FINANCE PTY LTD,38617925916,345119316,,,2021-22
AUSTRALIAN TRAILER SOLUTIONS GROUP PTY LTD,88614717261,233174476,1020619,,2021-22
AUSTRALIAN UNITY LIMITED,23087648888,1356622446,20026050,,2021-22
AUSTRALIAN VENUE CO. HOLDINGS LIMITED,90619977070,372726455,3226530,,2021-22
AUSTRALIAN VINTAGE LIMITED,78052179932,262233374,,,2021-22
AUSTRALIANSUPER PTY LTD,94006457987,233050789,32371420,9711426,2021-22
AUSTREO COMMERCIAL VENTURES PTY LTD,19618406901,165775220,76965482,23089645,2021-22
AUSWIDE BANK LTD,40087652060,118349468,34334753,10278379,2021-22
AUTO & GENERAL HOLDINGS PTY LTD,84086321459,451705245,21934514,6580354,2021-22
AUTO & GENERAL INSURANCE COMPANY LIMITED,42111586353,1853513036,80553028,24165908,2021-22
AUTO CLASSIC (W.A.) PTY LTD,66009124690,262475547,11901796,3570539,2021-22
AUTO CORNER PTY LTD,45009905079,240100365,14256260,4276878,2021-22
AUTODESK AUSTRALIA PTY LTD,91006741340,161244720,14504910,2020303,2021-22
AUTOMATIC DATA PROCESSING LIMITED,70003924945,215238033,47827495,12113414,2021-22
AUTOMOTIVE IMPORTS PTY LTD,29005378727,246809074,11075285,3322586,2021-22
AUTOPACIFIC GROUP TOPCO PTY LTD,68635465780,204809776,32241784,7785016,2021-22
AUTOPACT PTY LTD,44608040606,1363752777,60844404,18253321,2021-22
AUTOSPORTS CASTLE HILL PTY LIMITED,65163974481,272811525,10821115,3246334,2021-22
AUTOSPORTS LEICHHARDT PTY LTD,38161160765,148721566,5430439,1629132,2021-22
AVANADE AUSTRALIA PTY LIMITED,58093925207,335855086,54323922,16284276,2021-22
AVANT MUTUAL GROUP LIMITED,58123154898,650100246,153849635,38504706,2021-22
AVENG AUSTRALIA HOLDINGS PTY LTD,33108058331,1244607002,325425,,2021-22
AVEO HEALTHCARE LIMITED,75061421565,175003301,,,2021-22
AVERY PROPERTIES PTY LTD,40007713564,172924098,23106841,6932052,2021-22
AVID PROPERTY GROUP HOLDINGS PTY LTD,46608054833,491703289,100243197,30072959,2021-22
AVIS MANAGEMENT PTY LTD,50001889336,545252789,,,2021-22
AVJENNINGS LIMITED,44004327771,210978150,7117623,2135287,2021-22
AWARE SUPER ELG FINCO PTY LTD,76649973311,295342939,,,2021-22
AWLENCAN INNOVATIONS AUSTRALIA PTY LTD,45629939948,946369271,220938,66281,2021-22
AWP AUSTRALIA HOLDINGS PTY LTD,75097227211,151039002,,,2021-22
AXICOM HOLDCO PTY LTD,78605798829,262745691,50564921,15169476,2021-22
AZ NEXT GENERATION ADVISORY LIMITED,57167960018,116772000,23958795,7187638,2021-22
B & E FOODS PTY LTD,69629618837,230860562,4225351,1267605,2021-22
B&W RURAL PTY LTD,33068943528,275358182,24387996,7316399,2021-22
B. BRAUN AUSTRALIA PTY LTD,56002945155,143593248,8818360,2645508,2021-22
B.M.D. HOLDINGS PTY. LIMITED,47010093348,1232206217,31610694,8732350,2021-22
BABCOCK & BROWN INTERNATIONAL PTY LTD,76108617483,271177479,,,2021-22
BABCOCK AUSTRALIA HOLDINGS PTY LTD,99602953739,360245855,13954153,,2021-22
BABY BUNTING GROUP LIMITED,58128533693,508355619,21283237,6384971,2021-22
BAC HOLDINGS LIMITED,67108568038,991059091,,,2021-22
BADGE GROUP HOLDINGS PTY LTD,18606660271,426628680,,,2021-22
BADGER HOLDINGS AUSTRALIA PTY LIMITED,43627251889,211524453,6651523,1953604,2021-22
BAE SYSTEMS AUSTRALIA HOLDINGS LIMITED,44008648333,1146422403,158378115,35466463,2021-22
BAIADA POULTRY PTY LIMITED,96002925948,2303324689,11448356,3434507,2021-22
BAIN INTERNATIONAL INC,29003850619,202659001,30225524,9066657,2021-22
BAKER HUGHES GROUP AUSTRALIA PTY LTD,77618893226,964724522,61505259,18451578,2021-22
BALL & DOGGETT GROUP PTY LTD,59146091625,317878624,17560362,5268109,2021-22
BALVERONA PTY LTD,78002826173,1539028873,124967263,37480515,2021-22
BANK AUSTRALIA LIMITED,21087651607,236754424,72387870,19526435,2021-22
BANK OF AMERICA NATIONAL ASSOCIATION,51064874531,543499438,82164740,24649422,2021-22
BANK OF CHINA (AUSTRALIA) LIMITED,28110077622,112985047,42465312,12739550,2021-22
BANK OF CHINA LIMITED,29002979955,1026071098,282303095,84583316,2021-22
BANK OF COMMUNICATIONS CO LTD,74137909963,286237476,107034975,32110492,2021-22
BANK OF QUEENSLAND LIMITED,32009656740,2645225475,446153632,132994557,2021-22
BANPU AUSTRALIA CO. PTY LTD,56136468007,969052823,,,2021-22
BAO AUSTRALIA PTY LTD,54063463945,129403687,5048318,1497007,2021-22
BAPCOR LIMITED,80153199912,1639749550,131878079,39563424,2021-22
BAPSH PTY LTD,54605702618,514047308,,,2021-22
BARALABA COAL COMPANY PTY LTD,42096909634,302525675,,,2021-22
BAROB PTY LTD,38001024915,261571317,125293833,37165912,2021-22
BARRENJOEY CAPITAL PARTNERS GROUP HOLDINGS PTY LIMITED,44644241510,242368851,,,2021-22
BARRICK (AUSTRALIA PACIFIC HOLDINGS) PTY LTD,68085702558,609546474,,,2021-22
BARTO INDUSTRY CO PTY LTD,84616407777,155070504,,,2021-22
BARTTER HOLDINGS PTY LIMITED,84104671561,2448712659,,,2021-22
BASE RESOURCES LIMITED,88125546910,112420596,,,2021-22
BASF AUSTRALIA LTD,62008437867,615423023,42385389,3300145,2021-22
BASW PTY LTD,63601452199,183223732,9799991,2939997,2021-22
BATCHFIRE CALLIDE PTY LTD,55081022228,273469417,,,2021-22
BAXTER HEALTHCARE PTY LTD,43000392781,920035235,59395967,17817054,2021-22
BAYER AUSTRALIA LIMITED,22000138714,1513075751,102216798,25976944,2021-22
BBC STUDIOS AUSTRALIA HOLDINGS PTY LTD,85127624104,161073774,20080329,5410584,2021-22
BBMG INVESTMENTS PTY LTD,98624128749,241607773,9404559,2821368,2021-22
BBPHA 1 PTY LTD,15144078151,3203703511,93010094,27903028,2021-22
BBQSAM HOLDINGS PTY LTD,41159613706,641235518,37184612,11155384,2021-22
BDD FOODS PTY LTD,49002400339,861372298,,,2021-22
BDD MILK PTY LTD,63051195272,938764638,,,2021-22
BDO GROUP HOLDINGS LIMITED,77133657833,354981779,74274192,22282258,2021-22
BEACH ENERGY LIMITED,20007617969,1607720401,331589817,99476945,2021-22
BEAUTY BAY PRODUCE PTY LTD,93051941854,309745837,,,2021-22
BEC FEED SOLUTIONS PTY LTD,36010345150,220025481,1160291,348087,2021-22
BECA PTY LTD,85004974341,117036632,12958446,3634538,2021-22
BECHTEL AUSTRALIA PTY LTD,42006334505,304147484,27530412,8259124,2021-22
BECTON DICKINSON PTY LIMITED,82005914796,372205611,35323096,10596929,2021-22
BEGA CHEESE LIMITED,81008358503,1933963674,106740654,,2021-22
BEGA DAIRY AND DRINKS SERVICES PTY LTD,63080706887,162406272,,,2021-22
BEIERSDORF AUSTRALIA LIMITED,98000025623,211205819,14203732,4261120,2021-22
BEIJER REF HOLDINGS AUSTRALIA PTY LTD,28607082379,314081132,18420872,5371976,2021-22
BELL FINANCIAL GROUP LIMITED,59083194763,288737336,64452331,19335590,2021-22
BELRON AUSTRALIA PTY LIMITED,97001052704,283783229,27619973,8285992,2021-22
BENDIGO AND ADELAIDE BANK LIMITED,11068049178,2046648939,696637627,199726631,2021-22
BENGERANG NO. 1 PTY LTD,53629739402,376886001,,,2021-22
BENNELONG FUNDS MANAGEMENT LTD,39111214085,155077409,,,2021-22
BENNETT'S PETROLEUM SUPPLIES PTY. LTD.,71009508285,237757503,3063900,918971,2021-22
BERKLEY INSURANCE COMPANY- AUSTRALIAN BRANCH,53126559706,446370246,59519260,17709331,2021-22
BERKSHIRE HATHAWAY SPECIALTY INSURANCE COMPANY AUSTRALIAN BRANCH,84600643034,736607889,61749044,18524713,2021-22
BERRI PTY LIMITED,71008077889,144092941,,,2021-22
BESIX AUSTRALIA HOLDINGS PTY LTD,48629502843,843751480,95638,,2021-22
BEST & LESS PTY LIMITED,29003724696,495975148,43652826,13095848,2021-22
BEST BAR PTY LTD,48068713539,342705830,22559294,6767788,2021-22
BEST FRIENDS PETS HOLDINGS PTY LIMITED,54159280412,203891941,,,2021-22
BESTON GLOBAL FOOD COMPANY LIMITED,28603023383,140497828,,,2021-22
BEUMER GROUP AUSTRALIA PTY LTD,27154255919,111154492,17640874,5292262,2021-22
BEYOND BANK AUSTRALIA LIMITED,15087651143,214862517,54263653,15329761,2021-22
BFB HOLDCO PTY LTD,29630396619,172279230,997177,283628,2021-22
BGC (AUSTRALIA) PTY LTD,62005736005,1098177351,,,2021-22
BHCA1 PTY LTD,61611057991,418315451,13447789,1637738,2021-22
BHP ALUMINIUM AUSTRALIA PTY LTD,65063671349,1703825806,668543918,200513352,2021-22
BHP GROUP LIMITED,49004028077,87387398006,40298379937,9483568682,2021-22
BHP IRON ORE (JIMBLEBAR) PTY LTD,95009114210,8762425130,6206271556,1861881467,2021-22
BIDFOOD AUSTRALIA LIMITED,33000228231,2396693440,125669708,37695662,2021-22
BIELBY GROUP PTY LTD,30647283083,227686686,1345404,403621,2021-22
BIFM AUS HOLDINGS PTY LTD,16632468109,692287651,42933034,12879910,2021-22
BIG BEN HOLDINGS PTY LIMITED,63008434562,589501328,112932173,31487044,2021-22
BIG RIVER INDUSTRIES LTD,72609901377,409325505,18134009,5368390,2021-22
BILD GROUP PTY LTD,48645883996,253891291,,,2021-22
BILLABONG GOLD PTY LTD,34613900922,183823759,,,2021-22
BILLBERGIA GROUP HOLDING PTY LTD,32633155423,240177000,16440652,4932196,2021-22
BING LEE ELECTRICS PTY LTD,61000733488,530708386,41747606,12524282,2021-22
BINTAN PTY LIMITED,18095076421,928176428,,,2021-22
BIOGEN AUSTRALIA PTY LIMITED,30095760115,125739448,8271978,2481593,2021-22
BIOMAR PTY LTD,52619617248,158360970,11215059,2103187,2021-22
BIOPAK PTY LTD,48119998711,127568616,14205153,4261546,2021-22
BIOSTIME HEALTHY AUSTRALIA PTY LTD,17608153528,355928011,,,2021-22
BIS INDUSTRIES HOLDINGS LIMITED,48622481752,454375251,,,2021-22
BISALLOY STEEL GROUP LIMITED,22098674545,104980333,18103998,5225177,2021-22
BKI INVESTMENT COMPANY LTD,23106719868,115419284,137491496,1341274,2021-22
BLACK RIVER AG FUND 2 HOLDINGS (AUSTRALIA) PTY LTD,58162498624,136844998,5758474,,2021-22
BLACKHAWK NETWORK (AUSTRALIA) PTY LTD,84123251703,143184154,6063241,1818972,2021-22
BLACKMAGIC DESIGN PTY LTD,30098098287,580531157,9765507,176924,2021-22
BLACKMORES LIMITED,35009713437,548812665,43565844,8797722,2021-22
BLACKROCK AUSTRALIA HOLDCO PTY LTD,22139463693,196301702,59818623,17945587,2021-22
BLACQUA PTE LTD,62169810011,1852406341,122512600,28155865,2021-22
BLOC HOLDINGS (ACT) PTY LTD,74149091565,241750829,9538418,2861525,2021-22
BLOOMBERG AUSTRALIA PTY LTD,47622777851,291114722,32120275,9636082,2021-22
BLUE NRG PTY LTD,30151014658,203546280,,,2021-22
BLUESCOPE STEEL LIMITED,16000011058,9131530938,1249533582,139799533,2021-22
BLUEWATERS POWER 1 PTY LTD,93106034879,132527012,,,2021-22
BLUEWATERS POWER 2 PTY LTD,57122896968,160082468,22737140,6821142,2021-22
BLUM AUSTRALIA PTY LTD,80076459713,135302801,14591815,4377544,2021-22
BLUNDSTONE AUSTRALIA PTY LTD,60009475852,342299853,88620748,26279723,2021-22
BM ALLIANCE COAL OPERATIONS PTY LTD,67096412752,987585152,,,2021-22
BMW AUSTRALIA LIMITED,11004675129,2201981803,188821352,56646406,2021-22
BNC GLOBAL INVESTMENTS PTY LTD,39618091517,221143328,255654,76696,2021-22
BNK BANKING CORPORATION LIMITED,63087651849,380790081,60622058,17564755,2021-22
BNP PARIBAS ARBITRAGE,51150201880,128359724,,,2021-22
BNP PARIBAS S.A.,23000000117,216901488,61691363,17851696,2021-22
BNP PARIBAS SECURITIES SERVICES AUSTRALIAN BRANCH,87149440291,266959408,11596170,3478851,2021-22
BOART LONGYEAR PTY LIMITED,49123052728,327843217,,,2021-22
BOC AIP LIMITED PARTNERSHIP,19883689849,258264119,368908043,,2021-22
BOC LIMITED,95000029729,1839679892,357510761,107035961,2021-22
BOEHRINGER INGELHEIM PTY LIMITED,52000452308,551828671,46891488,11644386,2021-22
BOEING AUSTRALIA HOLDINGS PTY LTD,42101168932,1274350504,177185064,37089173,2021-22
BOLLORE LOGISTICS AUSTRALIA PTY LTD,91055370575,200429503,4675615,1402684,2021-22
BOMBARDIER TRANSPORTATION AUSTRALIA PTY LTD,73010699804,610746373,,,2021-22
BONNEY ENERGY GROUP PTY LTD,24053113992,469820326,5160903,1548271,2021-22
BOOKTOPIA PTY LTD,24096845126,240982654,,,2021-22
BOOM LOGISTICS LIMITED,28095466961,216072430,7697903,,2021-22
BOORTMALT AUSTRALIA PTY LTD,70634393338,421067840,7890022,2367007,2021-22
BORAL LIMITED,13008421761,4084736740,,,2021-22
BORG MANUFACTURING PTY LIMITED,31003246357,865970670,116689684,35006905,2021-22
BOSTON SCIENTIFIC PTY LIMITED,45071676063,302097759,23575322,7072597,2021-22
BOUYGUES CONSTRUCTION AUSTRALIA PTY LTD,37144013801,775912443,,,2021-22
BOWEN & POMEROY PTY LTD,78004174887,513257243,42978798,12548037,2021-22
BOWEN BASIN COAL PTY LTD,22065321440,512815869,10090325,3027098,2021-22
BOWEN INVESTMENT (AUSTRALIA) PTY LTD,12002806831,102918268,4699688,1172492,2021-22
BOYNE SMELTERS LIMITED,90010061935,1130654916,14277263,,2021-22
BP REGIONAL AUSTRALASIA HOLDINGS PTY LTD,91092495700,20614971450,583872404,168927872,2021-22
BPIH PTY LIMITED,61100364234,789299380,,,2021-22
BPL ADELAIDE PTY LIMITED,40108037798,463622196,,,2021-22
BPW TRANSPEC PTY LTD,63006645272,125261458,13832598,4149779,2021-22
BRADKEN PTY LIMITED,33108693009,434154977,23954946,,2021-22
BRADNAMS WINDOWS AND DOORS PTY LTD,78010409819,326889275,34330904,10202842,2021-22
BRAHMAN COMMODITIES PTY LTD,70653879157,185442973,10231883,3069565,2021-22
BRAMBLES LIMITED,89118896021,1101099923,283015899,70685623,2021-22
BRANDO AUS HOLDCO PTY LTD,31632004392,273888205,8771276,2631383,2021-22
BRANDT TRACTOR PTY LTD,73157830656,386685358,24965415,7489624,2021-22
BRAVE LOGISTICS PTY LTD,73627919411,428942288,5847530,1754259,2021-22
BRAVURA SOLUTIONS LIMITED,54164391128,147052824,,,2021-22
BRENNAN VDI PTY LIMITED,38125976007,153944253,12802723,3743536,2021-22
BRENNTAG AUSTRALIA PTY LTD,84117996595,114126000,4452309,1335693,2021-22
BREVILLE GROUP LIMITED,90086933431,500184437,134102490,22896877,2021-22
BRICE METALS AUSTRALIA PTY LIMITED,21098296201,228494630,30332314,9099694,2021-22
BRICKLANE RESOURCES PTY LTD,46629911959,262401961,779425,,2021-22
BRICKWORKS LIMITED,17000028526,2191874303,111915179,,2021-22
BRIDGESTONE AUSTRALIA LTD,65007516841,622865602,34379814,10313944,2021-22
BRIDGESTONE MINING SOLUTIONS AUSTRALIA PTY LTD,74000069714,714563555,29979913,8993974,2021-22
BRIGHT FOOD GROUP HOLDINGS PTY LTD,95152610645,569334158,8738986,2621696,2021-22
BRIGHT TREASURE PTY LTD,18636561432,159413245,,,2021-22
BRISBANE MARKETS LIMITED,39064983017,106493198,7955928,1487531,2021-22
BRISTOL-MYERS SQUIBB AUSTRALIA PTY LTD,33004333322,516997242,76766871,12588459,2021-22
BRISTOW HELICOPTERS AUSTRALIA PTY LTD,92000565579,114296202,,,2021-22
BRITISH AMERICAN TOBACCO SOUTH EAST ASIA PTY LIMITED,23095066345,889255603,419936255,123754436,2021-22
BROOKFIELD PROPERTY PARTNERS (BPY) AUSTRALIA PTY LTD,30620697252,229902267,30940613,9282184,2021-22
BROTHER INTERNATIONAL (AUST) PTY LTD,17001393835,170824764,10461610,3138483,2021-22
BROWN-FORMAN AUSTRALIA PTY LIMITED,87000064086,305586852,18660455,5598136,2021-22
BRP AUSTRALIA PTY LTD,64097370100,289379423,23762286,,2021-22
BRUNEL AUSTRALIA HOLDINGS PTY LTD,60078544126,144631562,,,2021-22
BSA LIMITED,50088412748,467035366,,,2021-22
BSN MEDICAL AUSTRALIA FINANCE HOLDING PTY LTD,83159120135,238179165,26126980,7811705,2021-22
BT AUSTRALASIA PTY LIMITED,93003050146,167386376,10254111,3076233,2021-22
BTO LT HOLD PTY LTD,85623323044,346438635,162998672,48899602,2021-22
BU12 AUSTRALIA PTY LTD,84644038433,278852091,1358658,407597,2021-22
BU13 AUSTRALIA PTY LTD,31644038648,159203089,778466,233540,2021-22
BUCHER MUNICIPAL PTY LTD,68004992090,154404967,4754037,1021318,2021-22
BUICK HOLDINGS PTY LTD,76094424674,886448782,8567018,2569813,2021-22
BUILDCORP GROUP PTY LIMITED,85091336168,602976429,13581900,4074570,2021-22
BUILT GROUP HOLDINGS PTY LIMITED,88163462637,1722609253,52527758,15721808,2021-22
BUNDABERG BREWED DRINKS PTY LTD,40009781953,243104110,7338190,2188490,2021-22
BUNGE AGRIBUSINESS AUSTRALIA PTY LTD,46097843582,604549289,,,2021-22
BUNZL AUSTRALASIA LIMITED,18004611090,720082881,54431212,16329364,2021-22
BUPA ANZ GROUP PTY LTD,95608490455,8979670076,561751005,167876796,2021-22
BURBANK TRADING PTY LTD,37011066934,242204649,10717746,3215324,2021-22
BUREAU VERITAS AUSTRALIA PTY LTD,15090874570,283413925,1356395,,2021-22
BURNS PHILP & COMPANY PTY LIMITED,65000000359,103030989,,,2021-22
BURRUP FACILITIES COMPANY PTY LTD,28122234539,1217496978,773554984,232066495,2021-22
BURRUP TRAIN 1 PTY LTD,77122234306,1903008611,499641531,149892459,2021-22
BUSY BEES AUSTRALIA HOLDING PTY LTD,82625449809,160865193,5083015,1524904,2021-22
BX BUNKA AUSTRALIA PTY LTD,74124163793,152846230,4586536,1204056,2021-22
BYERWEN COAL PTY LTD,64133357632,1360700777,503326773,150931815,2021-22
BYRNECUT AUSTRALIA PTY LTD,94129142516,1648164695,,,2021-22
C R KENNEDY & CO PTY LTD,50008458884,251620458,16826620,4921472,2021-22
C.H. ROBINSON (AUSTRALIA) PTY LTD,93614158879,665425825,21441413,6432424,2021-22
C0001 PTY LTD,13618935069,1026749981,,,2021-22
CADENCE CAPITAL LIMITED,17112870096,1757231957,50508762,11209762,2021-22
CADENCE OPPORTUNITIES FUND LIMITED,37627359166,269073882,842257,,2021-22
CAESARSTONE AUSTRALIA PTY LTD,45121819976,157978714,5984817,1795445,2021-22
CALIBRE GROUP PTY LTD,44100255623,451888865,,,2021-22
CAMCARSTRUCKS PTY LTD,90169620213,823274077,34100296,10230089,2021-22
CAMERON APME HOLDING PTY LTD,37141037925,250212634,13476808,4043042,2021-22
CAML RESOURCES PTY LTD,84080649029,252226591,27929353,8378806,2021-22
CAMPAIGN MONITOR AUSTRALIA 1 PTY LIMITED,45604705473,108175350,8830228,2647955,2021-22
CAMPARI AUSTRALIA PTY LIMITED,72137554726,172320728,5254789,1576437,2021-22
CANACCORD FINANCIAL GROUP (AUSTRALIA) PTY LTD,53128279336,287721454,56712306,17013692,2021-22
CANADIAN IMPERIAL BANK OF COMMERCE,33608235847,204716082,39444901,11833470,2021-22
CANADIAN SOLAR MSS (AUSTRALIA) PTY LTD,44607434300,237753652,9791086,2937326,2021-22
CANBERRA AIRPORT HOLDINGS PTY LTD,98008608928,1028262808,100997608,30298919,2021-22
CANON AUSTRALIA PTY LTD,66005002951,588798051,37355624,10887737,2021-22
CANON MEDICAL SYSTEMS ANZ PTY LIMITED,73612054707,108668129,9200235,2760070,2021-22
CANTARELLA BROS PTY LIMITED,68000095607,210377780,10464953,3139486,2021-22
CANVA INC.,13640855101,811040372,,,2021-22
CAPE AUSTRALIA HOLDINGS PTY LIMITED,12126824397,232903443,6717684,2015305,2021-22
CAPE PRESTON PORT COMPANY PTY LTD,84147842153,164713635,6901362,2070409,2021-22
CAPGEMINI AUSTRALIA PTY LIMITED,11092284314,568875630,22878235,6863470,2021-22
CAPITAL SMART GROUP HOLDINGS PTY LTD,86637044092,294015949,,,2021-22
CAPITOL HEALTH LIMITED,84117391812,161960163,496379,,2021-22
CAPRAL LIMITED,78004213692,596184219,,,2021-22
CAPRICORN METALS LTD,84121700105,287222954,,,2021-22
CAPRICORN MUTUAL LIMITED,24104601194,147970796,181558,54005,2021-22
CAPRICORN SOCIETY LIMITED,29008347313,173991716,47008060,13457726,2021-22
CARDIFF CAR CITY HOLDINGS PTY LTD,15602181751,130706572,4246572,1273972,2021-22
CARDNO LIMITED,70108112303,961808905,,,2021-22
CARGOTEC AUSTRALIA PTY LTD,72097663431,198612076,,,2021-22
CARL ZEISS PTY LTD,82008410704,113328744,11028902,2397005,2021-22
CARLISLE HOMES PTY LTD,86106263209,465499241,12674519,3030928,2021-22
CARNEY TOWNSVILLE PARTNERSHIP,16842172023,150038910,4529627,1358888,2021-22
CARPET COURT AUSTRALIA LIMITED,77001195697,231351205,59050,17715,2021-22
CARRIER INVESTMENTS AUSTRALIA PTY LTD,12117282149,837946146,68157854,18093617,2021-22
CARSALES.COM LIMITED,91074444018,397497438,240842563,65145188,2021-22
CASA TECHNOLOGIES PTY LIMITED,11632730020,295471200,,,2021-22
CASELLA WINES PTY LIMITED,96060745315,482622835,45267708,13580312,2021-22
CASEY BLOCK SERVICES PTY LTD,19619574186,518019430,418245539,125473662,2021-22
CASH CONVERTERS INTERNATIONAL LIMITED,39069141546,246999724,31536088,9404288,2021-22
CATER CARE HOLDINGS PTY LTD,69603124812,310471002,12977825,3893348,2021-22
CATERPILLAR FINANCIAL AUSTRALIA LIMITED,70006714585,260658757,70952951,20835833,2021-22
CATERPILLAR HOLDINGS AUSTRALIA PTY LTD,26003430135,1138554169,301995563,81522126,2021-22
CATHAY PACIFIC AIRWAYS LIMITED,57000479514,142877573,,,2021-22
CBH GRAIN PTY LTD,39089394883,5176485032,446557412,133963089,2021-22
CBH GROUP HOLDINGS PTY LTD,74068223147,340667772,3340719,1002216,2021-22
CBH RESOURCES LIMITED,27009423858,136091619,,,2021-22
CBRE PTY LTD,57057373574,802452531,54469574,15787653,2021-22
CCCI AUSTRALIA PTY LTD,95603555988,6312929540,,,2021-22
CCEP HOLDINGS (AUSTRALIA) PTY LTD,80645547968,2193804220,56265293,16604417,2021-22
CCW CO-OPERATIVE LTD,52715276984,102016094,66837,20051,2021-22
CDB GOLDAIR AUSTRALIA PTY LTD,50162661323,116830474,15362607,4608782,2021-22
CDC GROUP HOLDINGS PTY LTD,67612332073,587471841,,,2021-22
CDC MANAGEMENT PTY LTD,50606815178,758885671,166311242,49893373,2021-22
CEA TECHNOLOGIES PTY LIMITED,99059951183,205261201,32435776,2154858,2021-22
CEDAR WOODS PROPERTIES LIMITED,47009259081,337091185,52981753,15894526,2021-22
CELGENE PTY LIMITED,42118998771,169421061,18702735,5610820,2021-22
CEMENT AUSTRALIA HOLDINGS PTY LTD,99001085561,469921415,69072366,13204378,2021-22
CENTAMIN EGYPT LIMITED,86007700352,985193759,,,2021-22
CENTENARY AUSTRALIA PTY LIMITED,77085156216,378342913,10004435,2753407,2021-22
CENTRE COM SUNSHINE PTY LTD,96084165293,228858418,1093119,327936,2021-22
CENTREPOINT ALLIANCE LIMITED,72052507507,228979195,,,2021-22
CENTURIA CAPITAL LIMITED,22095454336,227431907,43554629,8666971,2021-22
CENTURY GROUP AUS PTY LTD,43613557592,224961408,23862298,7158689,2021-22
CENTURY YUASA BATTERIES PTY LTD,66009685232,305457201,29416350,8824905,2021-22
CENVERSA LIMITED,55092375221,147183640,3301630,590024,2021-22
CEREAL PARTNERS AUSTRALIA PTY LIMITED,98120338249,201919619,12378812,3273338,2021-22
CERNER CORPORATION PTY LIMITED,23051063435,143230221,7161097,2148329,2021-22
CERTIS AUSTRALIA PTY LTD,51602871287,306829902,,,2021-22
CEVA PTY LTD,27122147433,506817636,,,2021-22
CFT HOLDINGS COMPANY PTY LIMITED,42160294904,393117643,94014256,28204277,2021-22
CGI INFORMATION SYSTEMS AND MANAGEMENT CONSULTANTS PRIVATE LIMITED,,600949314,45068,13520,2021-22
CH ROBINSON WORLDWIDE (AUSTRALIA) PTY LIMITED,51135205551,291620028,2808854,842656,2021-22
CH2 HOLDINGS PTY LTD,80113630505,1709892936,2272487,681746,2021-22
CHALLENGER LIMITED,85106842371,3479190853,1000274768,282569363,2021-22
CHAMBERLAIN HOLDINGS LIMITED,85008688202,2227662004,111865554,33548875,2021-22
CHANEL (AUSTRALIA) PTY LTD,83000012153,454966686,98934543,29680363,2021-22
CHARTER HALL LIMITED,57113531150,791133154,515203427,154561028,2021-22
CHARTER HALL LWR PTY LIMITED,22613952346,133206430,,,2021-22
CHARTER HALL OPPORTUNITY FUND NO.5,26940162692,251784965,40981907,11616184,2021-22
CHARTERED ACCOUNTANTS AUSTRALIA AND NEW ZEALAND,50084642571,111964188,,,2021-22
CHESTER COMMODITIES PTY LTD,59601350430,222950130,11051227,3315368,2021-22
CHEVRON AUSTRALIA DOWNSTREAM HOLDINGS PTY LTD,15637003662,5261821134,,,2021-22
CHEVRON AUSTRALIA HOLDINGS PTY LTD,60098079344,11912052408,630398052,155644127,2021-22
CHINA CONSTRUCTION BANK CORPORATION,24125167553,784581650,33533636,10060091,2021-22
CHINA OVERSEAS AUSTRALIA PTY LIMITED,74609777915,146944334,,,2021-22
CHOBANI AUSTRALIA PTY LTD,60150876305,277823820,8317401,758468,2021-22
CHRISTIAN DIOR AUSTRALIA PTY LIMITED,15072174451,147931410,29502647,8850794,2021-22
CHUBB HOLDINGS AUSTRALIA PTY LTD,64116987618,1773343404,109360117,32343934,2021-22
CHUGOKU ELECTRIC POWER AUSTRALIA RESOURCES PTY LTD,14600294068,116547350,17790932,5298058,2021-22
CHURCH & DWIGHT (AUSTRALIA) PTY LTD,99008446053,100160517,11722855,3516856,2021-22
CIGARETTE & GIFT WAREHOUSE (FRANCHISING) PTY LTD,52055030567,206042934,2028399,608520,2021-22
CIMIC GROUP LIMITED,57004482982,5678420999,249466138,62928594,2021-22
CIMPRESS AUSTRALIA PTY LTD,98137563369,240560318,5907490,1120472,2021-22
CIRRUS HOLDINGS 1 PTY LTD,37632829906,188990383,97801,29340,2021-22
CIRRUS NETWORKS HOLDINGS LIMITED,98103348947,104112392,300263,,2021-22
CISCO SYSTEMS AUSTRALIA PTY LTD,52050332940,1990968208,101196478,30358943,2021-22
CITIBANK NA,34072814058,423300000,244976601,73492980,2021-22
CITIC RESOURCES AUSTRALIA PTY LTD,87107652817,566284971,33405643,,2021-22
CITIGROUP PTY LTD,88004325080,1404076000,177994188,53398256,2021-22
CITRIX SYSTEMS ASIA PACIFIC PTY LTD,37078874530,310394151,900554,,2021-22
CITY AUTO (2016) HOLDINGS PTY LTD,40611922993,109001174,4564844,1337106,2021-22
CITY CHIC COLLECTIVE LIMITED,43057569169,159276630,24769872,7430962,2021-22
CITY HOLDINGS (AUS) PTY LTD,33135098636,572270765,26788109,8023497,2021-22
CIVEO HOLDING COMPANY 1 PTY LTD,91146700441,332225023,,,2021-22
CIVICA PTY LIMITED,83003691718,180954256,13719970,3471413,2021-22
CIVMEC LIMITED,50604316690,814652997,55759452,16727836,2021-22
CJD EQUIPMENT PTY LTD,63008754523,701661315,38944525,11683358,2021-22
CK WILLIAM AUSTRALIA HOLDINGS PTY LTD,14613690243,1082445666,150918181,45275454,2021-22
CLEANAWAY WASTE MANAGEMENT LIMITED,74101155220,2989619049,58314362,,2021-22
CLEARLIGHT INVESTMENTS PTY LTD,59007543544,334160180,34887283,10431788,2021-22
CLEARVIEW WEALTH LIMITED,83106248248,875262063,38128869,5248527,2021-22
CLEMENGER GROUP LIMITED,98004882928,231136972,56727855,11217776,2021-22
CLEMENGER INTERNATIONAL FREIGHT PTY LTD LTD,73074240627,207260491,10380265,3114080,2021-22
CLERMONT COAL MINES LIMITED,56010487939,193318818,,,2021-22
CLIME CAPITAL LIMITED,99106282777,114149856,8669208,,2021-22
CLOROX HOLDINGS PTY LTD,57077214076,120530457,6869931,2060979,2021-22
CMC MARKETS GROUP AUSTRALIA PTY LTD,99128774890,142590387,36391125,7612477,2021-22
CMOC MINING PTY LIMITED,17164997317,350856738,101741944,28545259,2021-22
CNCGC AUSTRALIAN PTY LTD,65163225198,393739367,4575755,1372726,2021-22
CNH INDUSTRIAL AUSTRALIA PTY LTD,76000031130,1417793377,127386189,38215857,2021-22
CNOOC AUSTRALIA ENERGY CAPITAL MANAGEMENT PTY LTD,79129021316,657174217,285904072,85771222,2021-22
CNOOC GAS AND POWER (AUS) INVESTMENT PTY LTD,28142591044,1866031889,,,2021-22
CNW PTY LTD,48009669836,644033897,41855257,12556577,2021-22
COBBITTY PARENT PTY LTD,11625510554,221664675,,,2021-22
COBHAM AVIATION SERVICES AUSTRALIA PTY LTD,34003469574,311599126,,,2021-22
COBRAM ESTATE OLIVES LIMITED,32115131667,139265949,24076340,4520146,2021-22
COCA-COLA EUROPACIFIC PARTNERS API PTY LTD,26004139397,1189347899,110831019,33836403,2021-22
COCA-COLA SOUTH PACIFIC PTY LTD,50003029794,114417345,5741513,1722454,2021-22
COCHLEAR LIMITED,96002618073,1296859592,368140606,13616051,2021-22
CODAN LIMITED,77007590605,333157729,116628675,26311911,2021-22
COFCO INTERNATIONAL AUSTRALIA PTY LTD,25001069423,1104229537,,,2021-22
COFI-COM TRADING PTY LIMITED,57095403820,119168762,1380777,406094,2021-22
COFORGE LIMITED,,674266445,1172328,351698,2021-22
COG FINANCIAL SERVICES LIMITED,58100854788,105796160,22237024,2494005,2021-22
COGI PTY LTD,15634090092,1229964223,34439644,6225679,2021-22
COGNIZANT TECHNOLOGY SOLUTIONS AUSTRALIA PTY LTD,74100749997,374556435,38881788,11603399,2021-22
COL CRAWFORD PTY LTD,27001798081,218707130,9677486,2903246,2021-22
COLAS AUSTRALIA GROUP PTY LTD,11000388161,481615270,,,2021-22
COLE SUPPLIES PTY LTD,51166955602,286859009,65637140,19691142,2021-22
COLES GROUP LIMITED,11004089936,44256305173,1275197962,382546048,2021-22
COLGATE-PALMOLIVE PTY LTD,79002792163,685556579,34647581,10388287,2021-22
COLIN JOSS & CO. PTY. LIMITED,73003538583,462017816,29524704,8857411,2021-22
COLLIERS INTERNATIONAL HOLDINGS (AUSTRALIA) LIMITED,65008178238,431066671,83945926,24327462,2021-22
COLLINS FOODS LIMITED,13151420781,998929817,91406306,27421892,2021-22
COMENSURA PTY LIMITED,30120725902,416580931,5425402,1627621,2021-22
COMFORTDELGRO CORPORATION AUSTRALIA PTY LTD,84002072004,671411719,73376318,22012895,2021-22
COMGEN AUSTRALIA PTY LTD,17050242441,1233990174,3125496,,2021-22
COMMERCIAL MOTOR VEHICLES PTY LTD,84007874142,1621753460,66939466,19959078,2021-22
COMMONWEALTH BANK OF AUSTRALIA,48123123124,29831902301,9925754036,2974863710,2021-22
COMMSCOPE HOLDINGS AUSTRALIA PTY LTD,57605413456,309521999,28688584,8403035,2021-22
COMO GLASSHOUSE INVESTMENTS PTY LTD,49604272951,584291761,19055197,5149175,2021-22
COMPASS GROUP (AUSTRALIA) PTY LTD,41000683125,1581148928,54327504,16152156,2021-22
COMPETITIVE FOODS AUSTRALIA PTY LTD,48010542908,1585487820,100379884,29563637,2021-22
COMPUTERSHARE LIMITED,71005485825,725283393,73093035,19285228,2021-22
CONCENTRIX SERVICES PTY LIMITED,63166171991,299653180,42287942,12619937,2021-22
CONGLOMERATE GOLD EXPLORATION PTY LTD,47150397158,140666104,,,2021-22
CONOCOPHILLIPS AUSTRALIA OPERATIONS PTY LTD,28141253787,450769245,,,2021-22
CONSOLIDATED MINERALS HOLDINGS (AUSTRALIA) PTY LTD,88127662257,302345449,,,2021-22
CONSORTIO PTY LIMITED,99128575619,306991790,2855871,856761,2021-22
CONSTELLATION SOFTWARE AUSTRALIA PTY LTD,50141627232,396891943,92145515,26918398,2021-22
CONSTRUCTION CONTROL PTY LIMITED,79150745154,340714965,12215595,3664678,2021-22
CONSTRUCTION SERVICES AUSTRALIA PTY LTD,99007641787,209719346,,,2021-22
CONTINENTAL PTY LTD,46004390587,462932845,24400157,7320047,2021-22
CONTRACT RESOURCES GROUP PTY LTD,77637730511,143794322,13851573,4153960,2021-22
COOGEE CHEMICALS PTY LTD,37008747500,287787344,36293810,5927430,2021-22
COOK AUSTRALIA PTY LTD,27141258648,253911372,24417615,6382076,2021-22
COOPER ENERGY LIMITED,93096170295,206181640,,,2021-22
CO-OPERATIEVE RABOBANK U.A.,70003917655,918747785,117138922,35141677,2021-22
COOPERS BREWERY LIMITED,13007871409,273931078,24677701,7369009,2021-22
COPYRIGHT AGENCY LIMITED,53001228799,127427549,,,2021-22
CORAL HOLDINGS AUSTRALIA PTY LTD,48126887750,121921615,,,2021-22
CORANAR (AUSTRALIA) PTY LTD,12114668727,226260693,103987867,31196360,2021-22
CORELOGIC AUSTRALIA HOLDINGS PTY LIMITED,75150637406,176260369,45630051,12715551,2021-22
CORINELLA FARMS PTY LTD,25606876653,182272992,203626523,61087957,2021-22
CORONADO AUSTRALIA HOLDINGS PTY LTD,23623524989,1771059024,,,2021-22
CORONIS HEALTH HOLDCO PTY LTD,53617868916,210854168,1273645,382094,2021-22
CORPORATE TRAVEL MANAGEMENT LIMITED,17131207611,117251921,,,2021-22
CORTEVA AGRISCIENCE AUSTRALIA PTY LTD,24003771659,197602910,9651335,2895400,2021-22
COSTA GROUP HOLDINGS LIMITED,68151363129,1020126359,20397898,759369,2021-22
COSTCO WHOLESALE AUSTRALIA PTY LTD,57104012893,3674080651,82431186,24729356,2021-22
COTY AUSTRALIA HOLDINGS PTY LTD,52626169711,199206979,4122717,1236815,2021-22
COUNT FINANCIAL LIMITED,19001974625,100112400,2586237,775871,2021-22
COUNTRY GARDEN AUSTRALIA PTY LTD,45165045125,155600582,,,2021-22
COUNTRY ROAD GROUP PTY LTD,78006759182,1030050038,88210028,25917608,2021-22
COUNTRYWIDE AUSTRALASIA LIMITED,34068162676,393070389,,,2021-22
COVENTRY GROUP LTD,37008670102,296115326,,,2021-22
COX AUTOMOTIVE AUSTRALIA PTY LTD,97090535505,161727134,,,2021-22
CPA AUSTRALIA LTD,64008392452,179086708,,,2021-22
CPC GROUP HOLDINGS PTY LTD,28644449758,427026093,1113319,333996,2021-22
CR AUSTRALIA HOLDING PTY LTD,52627005609,174847311,21323181,2735192,2021-22
CRAIG MOSTYN HOLDINGS PTY LIMITED,14008398356,300777495,18179655,3495309,2021-22
CRANPORT PTY LIMITED,77003854000,329093282,4840729,1045619,2021-22
CRAWFORD & COMPANY (AUSTRALIA) PTY LTD,11002317133,145440092,286770,85406,2021-22
CREDIT AGRICOLE CIB AUSTRALIA LIMITED,32002540409,114620000,62911268,18873380,2021-22
CREDIT CORP GROUP LIMITED,33092697151,307574671,96923362,28487188,2021-22
CREDIT SUISSE AG,17061700712,355291921,111282524,33384757,2021-22
CREDIT SUISSE HOLDINGS (AUSTRALIA) LTD,96008496713,458065739,52769435,15280184,2021-22
CREDIT UNION AUSTRALIA LIMITED,44087650959,541992810,214187890,54615428,2021-22
CREMA CONSTRUCTIONS PTY LTD,70137733290,249485346,646802,194041,2021-22
CRESCO CAPITAL PTY LTD,19162834540,320348282,,,2021-22
CROWN EQUIPMENT PTY LIMITED,79000514858,371554689,17095764,5128729,2021-22
CROWN RESORTS LIMITED,39125709953,2251367731,,,2021-22
CRRC CHANGCHUN AUSTRALIA RAIL PTY LIMITED,52615414072,278141078,,,2021-22
CS (AUSTRALIA) PTY LIMITED,84093488361,687796511,,,2021-22
CSC STEEL AUSTRALIA HOLDINGS PTY LTD,27123783282,179788367,175937775,,2021-22
CSE GLOBAL (AUSTRALIA) PTY LTD,85109958090,128475563,7579240,2273772,2021-22
CSG INTERNATIONAL PTY LTD,33082026551,143965609,217732,,2021-22
CSL LIMITED,99051588348,3556054095,88265129,,2021-22
CSR LIMITED,90000001276,1773974557,164174950,41979344,2021-22
CT FREIGHT PTY. LTD.,89002489705,265605630,21429042,6428713,2021-22
CTC PRECAST PTY LTD,12614966059,216208339,2741839,822552,2021-22
CTI LOGISTICS LIMITED,69008778925,284629713,17494545,5247418,2021-22
CUBIC TRANSPORTATION SYSTEMS (AUSTRALIA) PTY LIMITED,82003617561,158201226,24883796,,2021-22
CUMMINS FILTRATION INTERNATIONAL CORPORATION,60007505473,126985155,8988974,2696692,2021-22
CUMMINS SOUTH PACIFIC PTY LTD,42006332949,1021779812,167573914,50272174,2021-22
CUSCAL LIMITED,95087822455,247059634,41451078,2862732,2021-22
CW GROUP HOLDINGS LIMITED,83635851839,3090833232,578471033,172796777,2021-22
CWF HOLDINGS PTY LTD,66142083323,139302630,,,2021-22
CX HOLDCO PTY LIMITED,92653475417,279709471,2246988,,2021-22
CXC CORPORATE SERVICES PTY LTD,58150274007,527437326,,,2021-22
D & C CORPORATION PTY LTD,37159824736,115493715,196602,58981,2021-22
D & E AIR CONDITIONING PTY LIMITED,24158631979,239960487,5507014,1652104,2021-22
D & M LYONE HOLDINGS PTY LTD,45102456851,316811613,74900229,22386257,2021-22
D.E HOLDING AUSTRALIA PTY LTD,16100632595,354483621,68313958,20494187,2021-22
DAC FINANCE PTY LIMITED,28129420444,783546423,5890429,1767129,2021-22
DACIAN GOLD LIMITED,61154262978,223714108,,,2021-22
DAHENA PTY LTD,34003081061,204745073,2280588,684176,2021-22
DAHLSENS BUILDING CENTRES PTY LTD,30005032333,303526076,7468388,2240516,2021-22
DAHUA GROUP MELBOURNE INVESTMENT PTY LTD,16604279736,167174591,994895,298468,2021-22
DAHUA GROUP SYDNEY INVESTMENT PTY LTD,22606376416,273649305,33111965,9933590,2021-22
DAIKIN AUSTRALIA PTY LTD,62000172967,1084568865,57079246,15753222,2021-22
DAIMLER AUSTRALIA/PACIFIC PTY LTD,50004348421,4161599241,281121674,84336502,2021-22
DAIRY FARMERS PTY LTD,65010308068,224621638,,,2021-22
DAIWA HOUSE AUSTRALIA PTY LTD,90169473241,279076380,,,2021-22
DALRYMPLE BAY COAL TERMINAL PTY LTD,12010268167,269391797,26134199,7840260,2021-22
DALRYMPLE BAY INFRASTRUCTURE LIMITED,76643302032,454139035,,,2021-22
DAMPIER SALT LTD,30008706590,454687866,20368928,6110678,2021-22
DANAHER AUSTRALIA HOLDING PTY LTD,80122016424,625626360,75417405,16424055,2021-22
DAN-BUNKERING (AUSTRALIA) PTY LTD,26123643952,153603386,,,2021-22
DANDENONG MITS PTY LTD,34149410024,266644647,17378709,5213613,2021-22
DARACON CONTRACTORS PTY LTD,82002344667,287386386,2166285,649886,2021-22
DARWIN LNG PTY LTD,48085130981,2801101805,144159203,43247761,2021-22
DATA#3 LIMITED,31010545267,2193340054,42399903,12719971,2021-22
DATACOM AUSTRALIA HOLDINGS PTY LIMITED,45094235373,646186319,5239269,1571781,2021-22
DAVIS LANGDON PROPERTY SERVICES PTY LTD,97006986947,802727568,95565640,26000002,2021-22
DBG (AUSTRALIA) PTY LIMITED,79010693713,100308888,4071535,1221460,2021-22
DBS BANK LTD,46601105373,169204732,101122920,30336876,2021-22
DDH1 LIMITED,48636677088,405733712,,,2021-22
DECMIL GROUP LIMITED,35111210390,377627458,,,2021-22
DEFENCE HOUSING AUSTRALIA,72968504934,901806376,115713822,34714147,2021-22
DEGREMONT PROCESS COMPANY PTY LTD,32169392876,166601090,105053,,2021-22
DELAWARE NORTH COMPANIES AUSTRALIA PTY LTD,92003435345,328460045,,,2021-22
DELIVEROO AUSTRALIA PTY LTD,73607915640,191297003,,,2021-22
DELL AUSTRALIA PTY LTD,46003855561,418543496,129373062,38785630,2021-22
DE'LONGHI AUSTRALIA PTY LIMITED,49104012857,201162600,6693920,2008176,2021-22
DELTA AGRIBUSINESS PTY LTD,93118781445,784881299,57273859,17182158,2021-22
DELTA ELECTRICITY PTY LTD,66620205263,585567744,,,2021-22
DELTA GROUP HOLDINGS PTY LTD,37159149185,700553756,,,2021-22
DEMANT AUSTRALIA PTY LTD,11636246305,209023227,9922434,2976730,2021-22
DEMATIC HOLDINGS PTY LTD,50121488202,272762396,13292854,3772983,2021-22
DENGKOL PTY LTD,82005518258,402807947,15511580,4653474,2021-22
DENNIS FAMILY HOLDINGS PTY LTD,39097641855,372203662,578722,173617,2021-22
DENTSPLY SIRONA PTY LIMITED,87111950602,161567621,5140875,1542262,2021-22
DENTSU AUSTRALIA HOLDINGS PTY LTD,60147301700,263079860,,,2021-22
DETERRA ROYALTIES LIMITED,88641743348,265379428,198480487,59544146,2021-22
DETMOLD HOLDINGS PTY LTD,87007527022,369141518,5432990,,2021-22
DEUTSCHE AUSTRALIA LIMITED,37006385593,277396469,3565863,1069759,2021-22
DEUTSCHE BANK AKTIENGESELLSCHAFT,13064165162,562233171,,,2021-22
DEVELOPER GROUP HOLDINGS PTY LTD,47166966114,305855429,,,2021-22
DEXUS OPERATIONS TRUST,69645176383,496309334,148897048,44669114,2021-22
DFA AUSTRALIA LIMITED,46065937671,122093287,30878379,9263514,2021-22
DGL GROUP LIMITED,71002802646,362190816,29184287,8745807,2021-22
DH BOX HILL PTY LTD,99625555553,183711673,,,2021-22
DHL EXPRESS (AUSTRALIA) PTY LTD,62001112929,963234518,36147324,10844197,2021-22
DHL GLOBAL FORWARDING (AUSTRALIA) PTY LIMITED,62002636124,1922972742,205276740,61583022,2021-22
DIAGEO AUSTRALIA LIMITED,33004167720,709282156,69781261,20934378,2021-22
DIALOG PTY LTD,16010089175,179373756,25319339,7595227,2021-22
DIAMOND GAS RESOURCES PTY LTD,58007440664,669565785,42062855,,2021-22
DIAMOND OFFSHORE GENERAL LLC,91050122051,220123178,1891859,567558,2021-22
DIB GROUP PTY LIMITED,87002889474,2042666951,51540805,15462242,2021-22
DIC AUSTRALIA PTY LTD,12000079550,100940227,,,2021-22
DICKER DATA LIMITED,95000969362,2152880131,100210665,29886202,2021-22
DIPLOMA AUSTRALIA HEALTHCARE PTY LTD,51145464660,125528843,11102303,3330691,2021-22
DIRECT COURIERS GROUP PTY LTD,70637899051,206838206,27794251,8338275,2021-22
DIRECT FREIGHT EXPRESS PTY LIMITED,66060136870,465944540,23943733,7183120,2021-22
DIRECT GROUP INVESTMENTS PTY LTD,67602302205,216116106,3492700,897780,2021-22
DISCOUNT TYRE AND WHEEL PTY LTD,31169153468,314135790,26488684,7946605,2021-22
DISCOVERY PARKS HOLDINGS PTY LIMITED,61127847269,295877633,23998579,7199574,2021-22
DITH AUSTRALIA PTY LTD,21620953166,400614997,21074629,6322389,2021-22
DIVERGER LIMITED,48111695357,121850259,6786901,2036070,2021-22
DIVERSIFIED INFRASTRUCTURE TRUST,,103168916,3893588,609836,2021-22
DKSH AUSTRALIA PTY LTD,70005059307,357868433,9379457,2813837,2021-22
DNATA PTY LTD,35615994495,168172015,334693,100408,2021-22
DOF SUBSEA AUSTRALIA PTY LTD,53083000239,130895887,,,2021-22
DOMAIN HOLDINGS AUSTRALIA LIMITED,43094154364,302923204,60161245,11492381,2021-22
DOMETIC AUSTRALIA PTY LTD,62086366305,212610386,7114561,2134368,2021-22
DOMINO'S PIZZA ENTERPRISES LIMITED,16010489326,703262347,116513557,29352275,2021-22
DONALDSON AUSTRALASIA PTY LTD,78000521200,133350263,15038315,4511494,2021-22
DONEILYN PTY LTD,69007544836,314534383,9764656,2479397,2021-22
DOORDASH TECHNOLOGIES AUSTRALIA PTY LTD,96634446030,159527604,,,2021-22
DORMAKABA HOLDING AUSTRALIA PTY LTD,82005869447,302546815,27507258,8004948,2021-22
DORRIEN ESTATE WINERY PTY LTD,81003775139,211429451,6417704,1925311,2021-22
DORSOGNA LIMITED,27063427752,314179933,787202,236161,2021-22
DOTERRA AUSTRALIA PTY LTD,26145700689,103205712,517757,155327,2021-22
DOUBLEBAY TERRACE PTY LIMITED,83064257870,242607520,221726967,55507438,2021-22
DOUGLAS AND MANN PTY LTD,74076987007,630448788,359970172,107991052,2021-22
DOW CHEMICAL (AUSTRALIA) PTY LTD,72000264979,213350108,,,2021-22
DOW PERFORMANCE MATERIALS (AUSTRALIA) PTY LTD,29004513188,150828538,36620,,2021-22
DOWELL WINDOWS PTY LTD,78004069523,210925381,17259578,5177873,2021-22
DOWFORD INVESTMENTS PTY LTD,17093388446,214739845,,,2021-22
DOWNER EDI LIMITED,97003872848,8995829640,21167804,,2021-22
DP WORLD AUSTRALIA (HOLDING) PTY LIMITED,58147892715,728953764,4555713,,2021-22
DR. OETKER QUEEN AUSTRALIA PTY LTD,92606358516,107832082,18737690,5152298,2021-22
DRA GLOBAL LIMITED,75622581935,645934831,,,2021-22
DRAEGER AUSTRALIA PTY LTD,99098885539,131233612,8401473,2518907,2021-22
DRAKE AUSTRALIA PTY LTD,42004939771,175330220,3280,,2021-22
DRAMET PTY LTD,59109544425,287298204,15489627,4646888,2021-22
DRYSDALE INVESTMENTS PTY LTD,86104614422,773377187,32314282,9091033,2021-22
DSI HOLDINGS 2 AUSTRALIA PTY LTD,49151658785,202535056,21502208,5660139,2021-22
DSM NUTRITIONAL PRODUCTS AUSTRALIA PTY LIMITED,36000991793,146225386,4809242,768661,2021-22
DSV AIR & SEA PTY LTD,47002275676,546139662,2330291,699087,2021-22
DTZ AUS HOLDCO PTY LTD,36602106936,496274043,1820926,546278,2021-22
DTZ AUSTRALIA PTY LIMITED,84106515931,115426774,7754537,2326361,2021-22
DUCALA PTY LTD,38008031874,259369905,10778773,2847918,2021-22
DULUXGROUP LIMITED,42133404065,2034407118,220413515,61947198,2021-22
DURATEC LIMITED,94141614075,314208399,7175335,1505654,2021-22
DUSK GROUP LIMITED,38603018131,139989809,27070131,8121039,2021-22
DXC TECHNOLOGY AUSTRALIA HOLDINGS PTY LIMITED,33120570390,2627113810,100465160,29246705,2021-22
DYE & DURHAM HOLDINGS PTY LTD,87646897412,189597834,19796634,5913790,2021-22
DYNAMIC SUPPLIES PTY LTD,25064793862,209644431,3927306,1178192,2021-22
DYSON APPLIANCES (AUST.) PTY LIMITED,50073072509,542106342,23896058,7168817,2021-22
E & S TRADING CO. (DISCOUNTS) PTY LTD,71007449265,259010450,12196619,3658986,2021-22
E&P FINANCIAL GROUP LIMITED,54609913457,200203083,20283290,4579830,2021-22
E.B. MAWSON & SONS PTY. LTD.,14004519617,221301669,5726425,1717928,2021-22
EAGERS AUTOMOTIVE LIMITED,87009680013,7324732731,314293619,82516878,2021-22
EASTCOAST AUTOMOTIVE (QLD) PTY LTD,93162382050,261480609,11776143,3532843,2021-22
EATON INDSUTRIES PTY LTD,66103014571,313344436,15519314,4655794,2021-22
ECHO HOLDCO PTY LIMITED,50645699261,203739577,12188667,3656600,2021-22
ECLIPX GROUP LIMITED,85131557901,357512728,,,2021-22
ECOM COMMODITIES PTY LTD,65089892713,209122015,,,2021-22
EDUCATION AUSTRALIA LIMITED,63008597831,496801211,3125094357,937528307,2021-22
EFN (AUSTRALIA) PTY LIMITED,90607344650,330408255,,,2021-22
EG GROUP AUSTRALIA PTY LTD,39629792810,3681568659,59319967,17795990,2021-22
EGO PHARMACEUTICALS HOLDINGS PTY LTD,34613741352,222078655,14584486,3184773,2021-22
EINHELL HOLDING AUSTRALIA PTY LTD,12163099885,245018536,29843571,8953071,2021-22
ELANCO AUSTRALIA HOLDING PTY LIMITED,24628673754,196146633,18753221,523286,2021-22
ELDERS INSURANCE UNDERWRITING AGENCY PTY LIMITED,56138879026,212299061,65107099,19532130,2021-22
ELDERS LIMITED,34004336636,3470721561,26744957,,2021-22
ELECNOR AUSTRALIA PTY LTD,90164831930,313749362,14970389,4491117,2021-22
ELECTRA CABLES (AUST) PTY LIMITED,38056024385,372863455,27834366,8350309,2021-22
ELECTRANET PTY LIMITED,41094482416,427331323,50042791,15012837,2021-22
ELECTRO OPTIC SYSTEMS HOLDINGS LTD,95092708364,212548624,8492804,2428339,2021-22
ELECTROLUX HOME PRODUCTS PTY LIMITED,51004762341,928657676,136808456,39953361,2021-22
ELECTRONICS BOUTIQUE AUSTRALIA PTY LTD,50077681442,766826873,25055351,7516605,2021-22
ELECTUS DISTRIBUTION PTY LIMITED,30000087347,220915392,4748776,1382719,2021-22
ELI LILLY AUSTRALIA PTY LIMITED,39000233992,215395806,24202600,824871,2021-22
EMC AUSTRALIA PTY LIMITED,34143603123,442237430,24542463,7358839,2021-22
EMECO HOLDINGS LIMITED,89112188815,864383112,,,2021-22
EMERALD GRAIN PTY LTD,82109203054,1108114821,62902604,18870781,2021-22
EMERGING ENERGY SOLUTIONS GROUP PTYLTD,34152953412,920607012,,,2021-22
EMERSON PROCESS MANAGEMENT AUSTRALIA PTY LTD,99004590005,215060830,19326118,5790863,2021-22
EMICHROME PTY LTD,31002668028,291689508,397523532,139653,2021-22
EMIRATES LEISURE RETAIL (AUSTRALIA) PTY LTD,76131473679,297403920,,,2021-22
EMPLOYERS MUTUAL MANAGEMENT PTY LTD,11001735191,385070206,1419786,425936,2021-22
EMPLOYERS MUTUAL NSW LIMITED,52003201885,263213467,,,2021-22
EMPLOYSURE PTY LIMITED,40145676026,170738953,37949937,11384981,2021-22
ENAEX AUSTRALIA PTY LTD,97009687487,137730133,5789643,1736893,2021-22
ENAK HOLDINGS PTY LTD,94151868772,808873423,12402456,3329296,2021-22
ENDEAVOUR ENERGY NETWORK MANAGEMENT PTY LTD,22617221495,296634468,,,2021-22
ENDEAVOUR GROUP LIMITED,77159767843,6462897056,601352958,116120173,2021-22
ENDEAVOUR WOOL EXPORTS PTY LTD,28621014293,316025380,2243996,673199,2021-22
ENDEMOL SHINE AUSTRALIA HOLDINGS PTY LTD,94134845364,223602144,,,2021-22
ENERGIZER AUSTRALIA PTY LIMITED,91003539026,147844282,11607539,3449257,2021-22
ENERGY INFRASTRUCTURE TRUST,23779151748,211730872,71751520,17957882,2021-22
ENERGY POWER SYSTEMS AUSTRALIA PTY LTD,80055274514,223927213,7820522,2346157,2021-22
ENERGY RESOURCES OF AUSTRALIA LTD,71008550865,213506100,,,2021-22
ENERGYAUSTRALIA HOLDINGS LIMITED,57101876135,5551951321,,,2021-22
ENERMECH PTY LTD,32136435062,134010713,,,2021-22
ENERSYS AUSTRALIA PTY LTD,52103740290,115103074,1241727,372518,2021-22
ENERVEN ENERGY INFRASTRUCTURE PTY LTD,31621124909,200743513,6333869,1900161,2021-22
ENGENCO LIMITED,99120432144,191523492,,,2021-22
ENGIE SERVICES HOLDINGS PTY LTD,18615894794,210498848,,,2021-22
ENI AUSTRALIA B.V.,18092812023,175906573,,,2021-22
ENSCO AUSTRALIA PTY LTD,79100601634,116356314,822950,246885,2021-22
ENSHAM COAL SALES PTY LTD,13050411713,680188215,,,2021-22
ENSIGN (AUSTRALIA) HOLDINGS PTY LTD,71100195426,105774145,,,2021-22
ENVATO PTY LTD,11119159741,252726581,14346982,355263,2021-22
EPIROC SOUTH PACIFIC HOLDINGS PTY LTD,87107374550,757329616,75678852,22703656,2021-22
EPSON AUSTRALIA PTY LTD,91002625783,223441895,7324736,2197421,2021-22
EQT HOLDINGS LIMITED,22607797615,109758168,48036127,14410838,2021-22
EQUIFAX AUSTRALIA HOLDINGS PTY LTD,37609497494,423116393,,,2021-22
EQUINIX AUSTRALIA PTY LTD,25092807264,399263077,5929,1779,2021-22
ESR REAL ESTATE (AUSTRALIA) PTY LTD,64625761962,220244050,,,2021-22
ESRI-AUSTRALIA PTY LTD,16008852775,119012888,25116681,7450292,2021-22
ESTEE LAUDER PTY LIMITED,63008444719,274105926,56604651,16981395,2021-22
ESTIA HEALTH LIMITED,37160986201,680033000,,,2021-22
ETEX HOLDING AUSTRALIA PTY LTD,54645836531,238141679,23939368,5462644,2021-22
ETG COMMODITIES PTY LTD,71643241329,327545612,,,2021-22
ETHOS BEATHCHAPMAN AUSTRALIA PTY LTD,15628088451,167271279,5557931,1667379,2021-22
ETORO AUS CAPITAL PTY LTD,66612791803,151047462,3275942,982783,2021-22
ETSA UTILITIES FINANCE PTY LTD,78091701825,127271715,,,2021-22
EUROFINS AUSTRALIA NEW ZEALAND HOLDING PTY LTD,99612485819,114224196,4720307,1416092,2021-22
EUROPCAR HOLDING PTY LTD,72130750640,190894085,13604370,4081311,2021-22
EUROZ HARTLEYS GROUP LTD,53000364465,150315947,62207533,17959585,2021-22
EVAND PTY LTD,59072254007,443545746,33658031,10086882,2021-22
EVANS PETROLEUM GIPPSLAND PTY LTD,44007455192,258644394,6036340,1509085,2021-22
EVERGREEN GARDEN CARE AUSTRALIA HOLDINGS PTY LTD,18620606840,139986096,8685692,2605708,2021-22
EVOLUTION MINING LIMITED,74084669036,1966858364,198186878,55285864,2021-22
EVT LIMITED,51000005103,445382921,82243798,24370918,2021-22
EW PACIFIC PTY LTD,64160098162,476399695,26931603,8079481,2021-22
EXCHANGE FOR CHANGE (NSW) PTY LIMITED,12620512469,416531005,907622,272287,2021-22
EXCLUSIVE NETWORKS PTY LTD,26102858542,142805748,3456207,1036862,2021-22
EXPEDIA AUSTRALIA PTY LTD,12101694946,157293098,7587659,2273948,2021-22
EXPEDITORS INTERNATIONAL PTY LIMITED,79003337282,181765321,20605336,6181601,2021-22
EXPORT TRADING GROUP AUSTRALIA PTY LTD,92168116041,130127969,2420107,726032,2021-22
EXXONMOBIL AUSTRALIA PTY LTD,48091561198,15494308493,1714286,,2021-22
F K GARDNER & SONS PTY LTD,99010136053,309739747,4437357,1331207,2021-22
FACEBOOK AUSTRALIA PTY LIMITED,83134012543,1147348081,100584537,30175361,2021-22
FACTORY MUTUAL INSURANCE COMPANY,47163108861,429900314,44566586,12897683,2021-22
FAIRBROTHER PTY LTD,51009510561,298676430,1359800,21808,2021-22
FAR EAST CONSORTIUM HOLDINGS (AUSTRALIA) PTY LTD,80062878880,319375878,,,2021-22
FASHION BIZ (AUST) PTY LTD,63070328282,114173682,10872628,3261788,2021-22
FAYMAN INTERNATIONAL GROUP PTY LTD,72640390576,233443896,9023796,2707139,2021-22
FCA AUSTRALIA PTY LIMITED,23125956505,615481173,33258442,9977533,2021-22
FDC CONSOLIDATED PTY LTD,84644030759,1168747883,34563328,10368998,2021-22
FEDERAL EXPRESS (AUSTRALIA) PTY LTD,51624271487,2352451367,49465993,14826471,2021-22
FENIX RESOURCES LIMITED,68125323622,255296778,60986502,18295951,2021-22
FENNER (PACIFIC) PTY LIMITED,49000231532,414259098,37026585,10082293,2021-22
FERRARI AUSTRALASIA PTY LIMITED,90160706141,114942858,2572174,771652,2021-22
FERRERO AUSTRALIA PTY LIMITED,29001249261,304389212,12976572,3313243,2021-22
FIELDCORE SERVICE SOLUTIONS INTERNATIONAL LLC,59487620706,112226641,,,2021-22
FIGTREE TOPCO PTY LTD,50644253378,130659591,5411600,1623480,2021-22
FIL INVESTMENT MANAGEMENT (AUSTRALIA) LIMITED,34006773575,153061913,46666501,13999950,2021-22
FINASUCRE INVESTMENTS (AUSTRALIA) PTY LIMITED,23062315593,292861525,,,2021-22
FINDEX GROUP LIMITED,40128588714,399748794,2876579,,2021-22
FINISAR AUSTRALIA PTY LTD,45098184582,204982563,34858412,,2021-22
FIP GROUP HOLDINGS PTY LTD,66611302553,244237561,8355656,2506697,2021-22
FIRST DATA RESOURCES INVESTMENTS PTY LTD,63057257771,127451645,12779367,3833810,2021-22
FIRST SENTIER INVESTORS HOLDINGS PTY LTD,49630725558,587348438,208917423,62447781,2021-22
FIRSTMAC LIMITED,59094145963,281757911,95573972,28672192,2021-22
FISHER & PAYKEL AUSTRALIA HOLDINGS LIMITED,19003659425,608644770,14299420,4244224,2021-22
FITNESS AND LIFESTYLE GROUP TOPCO PTY LTD,50614113192,430353124,,,2021-22
FITZROY AUSTRALIA RESOURCES PTY LTD,14615772391,790396523,194377469,58313241,2021-22
FLEETWOOD CORPORATION LIMITED,69009205261,439501604,233666,70100,2021-22
FLETCHER BUILDING (AUSTRALIA) PTY LTD,11093539452,2744932783,11429256,,2021-22
FLETCHER INTERNATIONAL GROUP PTY LTD,75626211907,1121854702,169724108,50917041,2021-22
FLIGHT CENTRE TRAVEL GROUP LIMITED,25003377188,495634399,,,2021-22
FLINDERS PORT HOLDINGS PTY LTD,46117687313,244956576,25586947,7676084,2021-22
FLORA GREEN PTY LTD,47608829214,6478515534,127685454,30708824,2021-22
FLSMIDTH PTY LTD,85000221590,500673471,38181291,11409767,2021-22
FLUENCE ENERGY PTY LTD,18627071461,164442540,,,2021-22
FLUIDRA HOLDINGS AUSTRALIA PTY LTD,11128458104,200209097,19837948,5951384,2021-22
FLUOR AUSTRALIA PTY LTD,28004511942,666676706,356536,39945,2021-22
FMC AUSTRALASIA PTY LTD,45095326891,205439665,13016345,,2021-22
FNZ HOLDINGS AUSTRALIA PTY LIMITED,73138819146,107428442,,,2021-22
FOCHEONG PTY LTD,37639103718,755269235,1073982714,766243,2021-22
FOOD INVESTMENTS PTY LIMITED,85008426177,2390476222,79817719,18917084,2021-22
FOOT LOCKER AUSTRALIA INC,22619093977,343137226,31436262,9430879,2021-22
FORD MOTOR COMPANY OF AUSTRALIA PTY LTD,30004116223,3818519020,,,2021-22
FOREST ONE GROUP PTY LTD,42004560605,314571075,37963988,11389196,2021-22
FORM 700 HOLDINGS PTY LTD,42102996378,254304490,,,2021-22
FORMBAY TRADING PTY LTD,31146464995,294795234,675611,202683,2021-22
FORTESCUE METALS GROUP LIMITED,57002594872,21610894275,11925748351,3508539362,2021-22
FOX & LILLIE HOLDINGS PTY. LTD.,57004604844,485545778,4769213,1430764,2021-22
FOXLEIGH COAL PTY LTD,24125986549,129158169,,,2021-22
FQM AUSTRALIA HOLDINGS PTY LTD,77136613075,411750030,,,2021-22
FRAGRANCE SOUTH PACIFIC PTY LTD,98167894662,305113880,56651427,16995428,2021-22
FRANKLIN TEMPLETON (AUSTRALIA) HOLDINGS PTY LTD,66118222343,284555528,47206725,14162018,2021-22
FRASERS PROPERTY AUSTRALIA PTY LIMITED,89600448726,1240173986,21446550,6433965,2021-22
FREEDMAN ELECTRONICS PTY LIMITED,91000576483,331204383,65676302,13293120,2021-22
FREEDOM ENERGY HOLDINGS PTY LTD,24093243844,1569821458,9672527,2901758,2021-22
FREIGHT MANAGEMENT HOLDINGS PTY LTD,14144724532,526064412,40264727,10934479,2021-22
FREQUENCY INFRASTRUCTURE AUSTRALIA HOLDINGS PTY LIMITED,27136262952,420557186,845325,,2021-22
FRESENIUS KABI AUSTRALIA PTY LIMITED,39109383593,132833124,9755022,2926507,2021-22
FRESENIUS MEDICAL CARE AUSTRALIA PTY LIMITED,80067557877,193794611,13477442,2909399,2021-22
FRESENIUS MEDICAL CARE DAY HOSPITAL HOLDINGS PTY LTD,82615724000,225441072,30016122,9004837,2021-22
FRESHMAX GROUP PTY LIMITED,33154789321,224880186,,,2021-22
FREUDENBERG HOME AND CLEANING SOLUTIONS PTY LTD,99082274324,112069546,5789938,1736981,2021-22
FRIENDLY SOCIETY MEDICAL ASSOCIATION LIMITED,69088347602,295234954,,,2021-22
FRONIUS AUSTRALIA PTY LTD,65144615896,140854549,10156826,3047048,2021-22
FRUCOR SUNTORY AUSTRALIA PTY LIMITED,73060091536,316414999,13371957,4011587,2021-22
FSS AGRICULTURE 1 PTY LIMITED,33628220913,294686578,,,2021-22
FSS BAC AIRPORTS 1 PTY LIMITED,54609406322,813266777,,,2021-22
FTA FOOD SOLUTIONS PTY LTD,82059480054,345069547,6968726,2090618,2021-22
FUCHS LUBRICANTS (AUSTRALASIA) PTY LTD,88005681916,307314247,12547005,3764102,2021-22
FUEL DISTRIBUTORS OF WESTERN AUSTRALIA PTY LTD,11087051778,244805448,,,2021-22
FUEL TRANS AUSTRALIA PTY LTD,54128300309,262189303,,,2021-22
FUGRO HOLDINGS (AUSTRALIA) PTY LTD,99003010099,191140600,,,2021-22
FUJIFILM BUSINESS INNOVATION AUSTRALIA PTY LTD,63000341819,800908860,43015042,12337467,2021-22
FUJIFILM HOLDINGS AUSTRALASIA PTY LIMITED,58008443892,213215143,9429071,2828721,2021-22
FUJITSU AUSTRALIA LIMITED,19001011427,859553091,85438989,24336503,2021-22
FUJITSU GENERAL (AUST) PTY LIMITED,55001229554,208478076,8423236,2526971,2021-22
FULTON HOGAN AUSTRALIA PTY LTD,42135849115,2774246863,147642249,43799818,2021-22
FUTURE FUND INVESTMENT COMPANY NO.1 PTY LTD,81130318188,385743061,271884052,79875102,2021-22
FUTURE FUND INVESTMENT COMPANY NO.2 PTY LTD,90130788493,2019064223,540629109,144839108,2021-22
FUTURE FUND INVESTMENT COMPANY NO.3 PTY LTD,40134338882,1370003471,596941765,144710390,2021-22
FUTURE FUND INVESTMENT COMPANY NO.4 PTY LTD,47134338908,2640907101,1681237606,504371282,2021-22
FUTURE FUND INVESTMENT COMPANY NO.5 PTY LTD,51134338926,3691933505,94680448,19099162,2021-22
FUTURE GENERATION INVESTMENT COMPANY LIMITED,97063935553,119229802,44406160,10343021,2021-22
G & K O'CONNOR PTY LTD,49005934029,262603360,38920551,11676165,2021-22
G J & K CLEANING SERVICES PTY LIMITED,64006418908,235008738,45806392,13338718,2021-22
G JAMES PTY LTD,25009696404,437300833,,,2021-22
G&W AUSTRALIA HOLDINGS LP,30124868215,497958550,29324135,8797240,2021-22
G.P. & M.M. THURLOW PTY LTD,25064311879,282894451,9978278,2494570,2021-22
G.U.D. HOLDINGS LIMITED,99004400891,717380000,106362212,29015047,2021-22
G4S AUSTRALIA HOLDINGS PTY LTD,68128783602,281772874,12614940,3784482,2021-22
G8 EDUCATION LIMITED,95123828553,937664175,53192639,15957792,2021-22
GAIF 4-1 BORROWER COMPANY PTY LIMITED,55134604176,212554046,,,2021-22
GAIF BOND ISSUER PTY LIMITED,53149276540,209844800,,,2021-22
GALAXY RESOURCES LIMITED,11071976442,180830623,,,2021-22
GALDERMA AUSTRALIA PTY LIMITED,12003976930,203238865,28171936,8451581,2021-22
GALE PACIFIC LIMITED,80082263778,102120710,10868119,2768897,2021-22
GALLAGHER AUSTRALIA INVESTMENT PTY LTD,79127141306,119542816,1438878,,2021-22
GAMUDA BERHAD,27632738768,102797276,,,2021-22
GARMIN AUSTRALASIA PTY LIMITED,85129153448,286997004,6492852,1947856,2021-22
GARNET INTERNATIONAL RESOURCES PTY LTD,77081244715,144408150,50315366,15094610,2021-22
GARTNER AUSTRALASIA PTY LIMITED,69003708601,204572461,3932728,1179818,2021-22
GASCOYNE RESOURCES LIMITED,57139522900,186899923,,,2021-22
GASMAK PTY LIMITED,71157730580,332223954,19120228,5736068,2021-22
GBX TRADING FZE,32406282107,419978039,96938,29081,2021-22
GE HEALTHCARE AUSTRALIA PTY LIMITED,32001408402,117411486,2845627,853688,2021-22
GE POWER HOLDINGS AUSTRALIA PTY LTD,18143300985,542905095,,,2021-22
GEA PROCESS ENGINEERING PTY LTD,26000689618,114485244,6411787,1923536,2021-22
GECKO HOLDINGS AUSTRALIA PTY LTD,17614067775,109090928,,,2021-22
GENERAL ELECTRIC INTERNATIONAL INC,85002420751,585872497,50359773,15107932,2021-22
GENERAL MILLS HOLDING (AUSTRALIA) PTY LTD,50095075808,318151782,19661711,2942543,2021-22
GENERAL MOTORS HOLDINGS AUSTRALIA PTY LTD,39603486844,503045000,,,2021-22
GENERAL REINSURANCE AUSTRALIA LIMITED,16008427450,349477424,29413138,8765918,2021-22
GENERATION LIFE LIMITED,68092843902,107402978,61287774,6421775,2021-22
GENESIS CARE PTY LIMITED,38137188464,596049751,13739242,1135808,2021-22
GENPACT AUSTRALIA PTY LTD,15616571423,199218137,22252551,6675765,2021-22
GENUSPLUS GROUP LIMITED,86620283561,454355706,,,2021-22
GENWORTH MORTGAGE INSURANCE AUSTRALIA LIMITED,72154890730,589598591,233085551,68442162,2021-22
GEOCON CONSTRUCTORS (ACT) PTY LTD,56163299769,219119383,1640526,492158,2021-22
GEOCON LAND HOLDINGS GROUP PTY LTD,27601912949,345045491,8959605,2687882,2021-22
GEODIS HOLDING AUSTRALIA PTY LTD,76001193193,557498079,8030069,2409021,2021-22
GEOFABRICS AUSTRALASIA PTY LTD,23005479961,207942096,22228630,5940821,2021-22
GEORGIOU GROUP PTY LTD,82073851948,720001878,17504105,5251232,2021-22
GERALDTON FISHERMEN'S CO-OPERATIVE LTD,52425663385,248647646,,,2021-22
GERALDTON FUEL CO PTY LTD,29002844162,265323471,9117811,2735343,2021-22
GERARD PRIVATE HOLDINGS (NO 2) PTY LTD,24103888491,213825431,,,2021-22
GHD GROUP LIMITED,32118062258,1225237183,91841165,25683997,2021-22
GIANT BICYCLE COMPANY PTY LTD,35006904730,126137396,13806937,4142081,2021-22
GIBSON'S LIMITED,23009476064,282261692,16535649,3913238,2021-22
GILEAD SCIENCES PTY LTD,71072611708,332740117,20731593,3406324,2021-22
GIPA CAPRICORN PTE LTD,,195672121,27849332,8354800,2021-22
GIPA GUERNSEY CO 1 LIMITED,20848114195,122994653,,,2021-22
GIPA GUERNSEY CO 3 LIMITED,47917406620,106987365,,,2021-22
GIVAUDAN AUSTRALIA PTY LIMITED,87000470280,157496940,4691770,1407531,2021-22
GLASSHOUSE GROUP HOLDINGS PTY LTD,37655131561,301582494,1320078,,2021-22
GLASSONS AUSTRALIA LIMITED,15074774637,145606581,25177139,7553142,2021-22
GLAXOSMITHKLINE CONSUMER HEALTHCARE AUSTRALIA PTY LTD,68603310292,523638572,30310842,8354142,2021-22
GLAXOSMITHKLINE HOLDINGS PTY LTD,75000465878,859956534,77516611,23254983,2021-22
GLENCORE HOLDINGS PTY LIMITED,41104160689,5548782288,6954991323,,2021-22
GLENCORE INVESTMENT PTY LIMITED,67076513034,21754942086,5167218064,1312455890,2021-22
GLOBAL DIVERSIFIED INFRASTRUCTURE FUND (ACTIVE),73751308908,363613230,,,2021-22
GLOBAL FOOD & WINE HOLDINGS PTY LTD,83128888602,211832298,,,2021-22
GLOBAL KNIGHTS PTY LTD,13650030872,2555901428,5899001,1769700,2021-22
GLOBAL SWITCH AUSTRALIA HOLDINGS PTY LTD,35138200049,224636968,13652066,4095620,2021-22
GLOBAL VALUE FUND LIMITED,90168653521,450813438,29833907,7927359,2021-22
GLOBE INTERNATIONAL LIMITED,65007066033,137279414,23215642,6696439,2021-22
GLYNWED PACIFIC HOLDINGS PTY LTD,50008100703,561559571,28927057,8678117,2021-22
GMP PHARMACEUTICALS PTY LIMITED,80063353006,241164984,6651037,,2021-22
GN AUDIO AUSTRALIA PTY LTD,21062245050,100726466,6998489,2099547,2021-22
GOLD BULLION AUSTRALIA HOLDINGS PTY LTD,51606574618,238661968,5489913,1646974,2021-22
GOLD FIELDS AUSTRALIA PTY LTD,91098385285,2464253984,748613621,223129085,2021-22
GOLD ROAD RESOURCES LIMITED,13109289527,284628099,20365379,5694303,2021-22
GOLDEN COCKEREL PTY LTD,84009906432,306958700,,,2021-22
"GOLDEN GROVE, LP",68938347066,203497911,21880289,6564087,2021-22
GOLDMAN SACHS HOLDINGS ANZ PTY LIMITED,27151154791,2085340315,288906485,86664686,2021-22
GOOD FOOD PARTNERS HOLDCO PTY LIMITED,47646575662,125203997,,,2021-22
GOODMAN LIMITED,69000123071,686913969,65574505,19672352,2021-22
GOODYEAR AUSTRALIA PTY LTD,75000017489,753130840,,,2021-22
GOOGLE AUSTRALIA PTY LIMITED,33102417032,1789056238,325873549,83263425,2021-22
GOOGLE CLOUD AUSTRALIA PTY LTD,68610798466,102951870,22419389,6725817,2021-22
GOVE ALUMINIUM FINANCE LTD,45001860073,708348057,34349923,9519607,2021-22
GPC ASIA PACIFIC HOLDINGS PTY LTD,80162550978,2449720518,145357469,42572806,2021-22
GPI MANAGEMENT SERVICES PTY LTD,59082075705,228671857,186442,55933,2021-22
GPT MANAGEMENT HOLDINGS LIMITED,67113510188,238144132,36735127,10459195,2021-22
GR ENGINEERING SERVICES LIMITED,12121542738,642406714,54256153,16236044,2021-22
GRACE WORLDWIDE (AUSTRALIA) PTY LTD,90070345845,271326276,33959133,10177513,2021-22
GRAINCORP LIMITED,60057186035,8153694197,541328387,161544876,2021-22
GRANGE RESOURCES LIMITED,80009132405,818285407,415764348,124083736,2021-22
GRANGEHURST ENTERPRISES PTY LIMITED,18091454527,108628008,10254940,3076295,2021-22
GRANSOLAR CONSTRUCTION AUSTRALIA PTY LTD,71640607209,213663555,19350721,5789201,2021-22
GRANT BROADCASTERS PTY LIMITED,65000667470,226489474,112251317,32268506,2021-22
GRANT THORNTON AUSTRALIA LIMITED,41127556389,293457137,71225628,21367688,2021-22
GRAPHIC PACKAGING INTERNATIONAL AUSTRALIA PTY LTD,22057776888,162735660,,,2021-22
GREATER BANK LIMITED,88087651956,214958333,23628244,7088473,2021-22
GREENLAND (AUSTRALIA) INVESTMENT PTY LIMITED,38163240408,779427763,,,2021-22
GREENLIT BRANDS PTY LIMITED,21612890874,1049781309,6103197,1782696,2021-22
GREENSTONE HOLDCO PTY LIMITED,38612810232,845738991,,,2021-22
GRESHAM PARTNERS LIMITED,61003248922,144250998,76052491,22615374,2021-22
GRIFFON AUSTRALIA HOLDINGS PTY LTD,35156377356,333770535,53022592,15906778,2021-22
GRILL'D PTY LTD,17106297394,306907118,5934114,1780234,2021-22
GRINDING MEDIA PTY LTD,47615611759,420416672,36816593,,2021-22
GROCERY DELIVERY E-SERVICES AUSTRALIA PTY LTD,19155437620,813412284,75137168,21150224,2021-22
GROOTE EYLANDT MINING COMPANY PTY LTD,26004618491,1730253918,737184337,221155301,2021-22
GROSNECCA AGRICULTURE HOLDINGSPTY LTD,70607142870,511786691,15607751,2919575,2021-22
GROSVENOR ENGINEERING GROUP PTY LTD,12003608795,214184028,6360012,,2021-22
GROUP ZARA AUSTRALA PTY LTD,64089376349,310217661,15269132,4580740,2021-22
GROWTHPOINT FINANCE PTY LTD,11633419842,103703883,,,2021-22
GRUMA OCEANIA PTY LTD,35117976002,206014781,20068831,6020649,2021-22
GRUNDFOS AUSTRALIA HOLDING PTY LTD,31162450259,152937956,15987362,4796209,2021-22
GS COAL HOLDINGS PTY LTD,56166342427,1032693951,250580199,74955640,2021-22
GUARDIAN ALPHABET HOLDCO PTY LTD,54628455103,225368056,,,2021-22
GUCCI AUSTRALIA PTY LIMITED,49093354548,306250269,17431606,5226698,2021-22
GUILD GROUP HOLDINGS LIMITED,72060237774,282640232,47483739,13933036,2021-22
GUMTREE AU PTY LTD,33616996840,111264391,4190625,1257187,2021-22
GUZMAN Y GOMEZ (HOLDINGS) LIMITED,25125554743,214375205,,,2021-22
GWA GROUP LIMITED,15055964380,343414432,53451292,15114905,2021-22
GWR GROUP LIMITED,54102622051,130269772,,,2021-22
H & M HENNES & MAURITZ PTY LTD,83160056548,365237932,9134036,2740211,2021-22
H&R BLOCK LIMITED,89064268800,118888263,5045794,1513738,2021-22
H.B. FULLER COMPANY AUSTRALIA PTY LTD,37003638435,102457858,13356550,4006965,2021-22
H.R.L. MORRISON & CO (AUSTRALIA) PTY LTD,39073922102,190533998,61384837,18415451,2021-22
HAAS INVESTMENTS PTY LTD,33008642608,106683916,21352346,5770423,2021-22
HAFELE AUSTRALIA PTY LTD,51006021432,155680725,11969688,3590906,2021-22
HAGER ELECTRO PTY LTD,84061639576,108129336,15108161,4532448,2021-22
HALAR INVESTMENTS PTY LTD,96624918949,260541669,,,2021-22
HALLIBURTON CONSOLIDATED PTY LTD,67101049521,312859085,,,2021-22
HAMILTON & MARINO HOLDINGS PTY LTD,72145812228,426259844,17297766,5189330,2021-22
HANCOCK PROSPECTING PTY LTD,69008676417,7614499704,8154414736,1077696278,2021-22
HANCOCK QUEENSLAND PLANTATIONS PTY LTD,30142129342,401796000,,,2021-22
HANCOCK VICTORIAN PLANTATIONS AUSTRALIA I PTY LTD,55084800975,104347593,194889,58467,2021-22
HANCOCK VICTORIAN PLANTATIONS HOLDINGS PTY LIMITED,16084801178,714599080,,,2021-22
HANNOVER LIFE RE OF AUSTRALASIA LTD,37062395484,1874197897,,,2021-22
HANNOVER RUECK SE AUSTRALIAN BRANCH,88002927031,1027027540,,,2021-22
HANSEN YUNCKEN PTY LTD,38063384056,1018211286,,,2021-22
HANSON AUSTRALIA (HOLDINGS) PTY LTD,48090994657,2055839524,218725218,53423254,2021-22
HARINA COMPANY LIMITED,46615332348,618976727,81986352,24595906,2021-22
HARLEY-DAVIDSON AUSTRALIA PTY LTD,83098483259,185738081,9456484,2797905,2021-22
HARVEST ROAD GROUP PTY LTD,31169138014,553176348,,,2021-22
HARVEY NORMAN HOLDINGS LTD,54003237545,1968808662,683945412,203225274,2021-22
HAS AUST PTY LTD,82002537895,112933314,3671665,1101500,2021-22
HASTINGS CO-OP LIMITED,86601035121,113859358,,,2021-22
HATCHCOS HOLDINGS PTY LTD,35072620467,306970787,63568410,17993383,2021-22
HAVAL MOTORS AUSTRALIA PTY LTD,68166119795,539311602,46831548,14049464,2021-22
HAYS SPECIALIST RECRUITMENT (AUSTRALIA) PTY LTD,47001407281,3000322300,86379001,25913700,2021-22
HBI HOLDINGS AUSTRALASIA PTY LTD,52612185476,1649661932,115244765,31665130,2021-22
HCF HOLDCO PTY LIMITED,53653844181,224329049,,,2021-22
HCL AUSTRALIA SERVICES PTY LIMITED,72081196983,625749301,49094863,14728459,2021-22
HCL TECHNOLOGIES LTD,37541578951,105741309,94924298,14442022,2021-22
HDI GLOBAL SE AUSTRALIA BRANCH,55490279016,398919009,40956595,12286978,2021-22
HDI GLOBAL SPECIALTY SE AUSTRALIAN BRANCH,58129395544,522456597,6623052,973914,2021-22
HEALIUS LIMITED,24064530516,2364711491,365630380,109551299,2021-22
HEALTHDIRECT AUSTRALIA LTD,28118291044,266809661,,,2021-22
HEARTLAND GROUP PTY LIMITED,96001235392,272123354,16896101,4335763,2021-22
HEARTS AND MINDS INVESTMENTS LIMITED,61628753220,489185223,24709045,6527848,2021-22
HEINEMANN AUSTRALIA PTY LTD,36159521338,198053398,,,2021-22
HELLMANN WORLDWIDE LOGISTICS PTY LTD,13003199755,244460986,,,2021-22
HELLOWORLD TRAVEL LIMITED,60091214998,170664286,,,2021-22
HEMMES GROUP PTY LTD,53105332376,364445894,,,2021-22
HEMPEL (WATTYL) AUSTRALIA PTY LTD,40000035914,172420861,1743171,518427,2021-22
HENDRICKSON ASIA PACIFIC PTY LTD,21004992769,108503078,15264263,4457146,2021-22
HENKEL FINANCE AUSTRALIA,15740196765,430766059,32376056,9709724,2021-22
HENLEY PROPERTIES (QLD) PTY LTD,42068886000,267228586,16421641,4926492,2021-22
HENNING HARDERS HOLDINGS PTY LTD,53617634367,223950226,14280632,4284190,2021-22
HEP AUSTRALIA HOLDINGS PTY LTD,22129428155,188895436,19902850,5723371,2021-22
HERITAGE BANK LIMITED,32087652024,312865207,53069233,15466957,2021-22
HERMES AUSTRALIA PTY LTD,88003558085,297903876,95746081,28723824,2021-22
HERTZ INVESTMENT (HOLDINGS) PTY LTD,,294964502,,,2021-22
HEWLETT-PACKARD SOUTH PACIFIC PTY LTD,94121554489,681206237,42744180,12823254,2021-22
HEXION PTY LTD,32004271827,157268034,10203385,2419136,2021-22
HG HOLDCO PTY LTD,20603088606,337870017,4098844,1229653,2021-22
HICKORY GROUP HOLDINGS LIMITED,11617050914,572176602,4904848,1471454,2021-22
HIGHBROOK HOLDINGS PTY LTD,32157828058,369271373,4084799,1225440,2021-22
HIGHLAND AUTOS PTY LTD,13121604297,134279244,7705822,2311747,2021-22
HILLS LIMITED,35007573417,129897538,,,2021-22
HILLS PET NUTRITION PTY LIMITED,86003954550,144900798,1879632,563890,2021-22
HILLSIDE (AUSTRALIA NEW MEDIA) PTY LIMITED,75148920665,200452689,,,2021-22
HILTI (AUST.) PTY LIMITED,44007602100,161360142,10120446,3036134,2021-22
HILTON FOODS AUSTRALIA PTY LTD,60613035500,2291806913,31996500,9598950,2021-22
HINDMARSH CONSTRUCTION AUSTRALIA PTY LTD,15126578176,346193606,,,2021-22
HINO MOTOR SALES AUSTRALIA PTY LTD,74064989724,530140275,20082411,6024723,2021-22
HISENSE AUSTRALIA PTY LTD,55105022080,412962400,,,2021-22
HITACHI AUSTRALIA PTY LTD,34075381332,197611215,5392784,1617835,2021-22
HITACHI CONSTRUCTION MACHINERY (AUSTRALIA) PTY LTD,62000080179,1380038658,210170891,60673954,2021-22
HITACHI CONSTRUCTION MACHINERY OCEANIA HOLDINGS PTY LTD,94632744275,798927504,122149267,11031759,2021-22
HITACHI ENERGY AUSTRALIA HOLDINGS PTY LTD,11632805862,268670809,6478671,,2021-22
HITACHI RAIL STS AUSTRALIA PTY LTD,34068707380,279545208,44159412,13201991,2021-22
HLRS HOLDCO PTY LTD,32628433134,124751304,,,2021-22
HMA INTERNATIONAL LTD,91615451502,105912912,15333086,4599926,2021-22
HOCHTIEF AUSTRALIA HOLDINGS LIMITED,17103181675,250046095,69577836,,2021-22
HOLCIM PARTICIPATIONS (AUSTRALIA) PTY LTD,46122401405,1877696034,21071429,,2021-22
HOLLARD HOLDINGS AUSTRALIA PTY LTD,30154586802,2191297291,2187268,,2021-22
HOLOGIC (AUSTRALIA & NEW ZEALAND) PTY LIMITED,95079821275,196029952,5978609,1793583,2021-22
HOMECORP CONSTRUCTIONS PTY LTD,27169928205,119549267,2857000,857100,2021-22
HOMETOWN AUSTRALIA HOLDINGS PTY LTD,35614528746,411003971,7259584,2177875,2021-22
HONAN HOLDINGS PTY LTD,31000392727,1782697485,181262333,54035843,2021-22
HONDA AUSTRALIA MOTORCYCLE AND POWER EQUIPMENT PTY LTD,96006662862,379633126,50279579,15083874,2021-22
HONDA AUSTRALIA PTY LTD,66004759611,597507931,117733685,20172172,2021-22
HONEYWELL HOLDINGS PTY LTD,18000383764,856341962,143311787,39280568,2021-22
HOOGWEGT AUSTRALIA PTY LTD,30075457902,297467235,3532823,1059847,2021-22
HOPE DOWNS MARKETING COMPANY PTY LTD,58115712117,9343194815,,,2021-22
HORIZON ROADS PTY LTD,67152097875,322141887,,,2021-22
HOSPITAL & REHAB HOLDINGS PTY LTD,35134391067,237710275,12976640,3892992,2021-22
HOUMA HOLDINGS PTY LIMITED,44002590758,279109463,13088586,3511318,2021-22
HOWE AUTOMOTIVE LTD,43061589188,127886354,34361451,7390346,2021-22
HP FINANCIAL SERVICES (AUSTRALIA) PTY LTD,86082062413,156363529,1602621,480786,2021-22
HSBC AUSTRALIA HOLDINGS PTY LIMITED,22006513873,1205847581,318842223,95652667,2021-22
HT HOLDCO PTY LTD,30645356903,216799367,972856,,2021-22
HT&E LIMITED,95008637643,182804213,84457260,21168592,2021-22
HT1 PTY LTD,83644551100,225918563,,,2021-22
HUAWEI TECHNOLOGIES (AUSTRALIA) PTY LIMITED,49103793380,150344298,,,2021-22
HUB24 LIMITED,87124891685,192524925,43342720,8432927,2021-22
HUDSON HIGHLAND (APAC) PTY LIMITED,14074319396,338946817,,,2021-22
HUDSON RPO (AUST) PTY LTD,29622996918,145947244,7357573,2207272,2021-22
HUHTAMAKI HOLDINGS PTY LIMITED,13003519257,148157552,19600414,4868954,2021-22
HUHTAMAKI TAILORED PACKAGING PTY LTD,98625661216,136563610,7973215,2391964,2021-22
HUMM GROUP LIMITED,75122574583,367096709,,,2021-22
HUNTER DOUGLAS HOLDINGS LIMITED,47000238451,178071891,17494204,5248261,2021-22
HUNTER VALLEY ENERGY COAL PTY LTD,39062894464,2258127554,1378007863,413402358,2021-22
HUSQVARNA AUSTRALIA PTY LIMITED,45115475619,248129316,11157450,3347235,2021-22
HUTCHEON & PEARCE OPERATIONS PTY LIMITED,68169674033,487825811,39885384,11965615,2021-22
HUTCHISON PORTS AUSTRALIA PTY LIMITED,27126649947,126176678,,,2021-22
HVO SERVICES PTY LTD,97622522445,132691803,,,2021-22
HWG HOLDINGS PTY LTD,65115398322,666902211,19726261,5699580,2021-22
HWR PETROLEUM PTY LTD,31621081990,634796476,,,2021-22
HYDRA RL TOPCO PTY LTD,36635012323,1103000978,,,2021-22
HYDRO ALUMINIUM AUSTRALIA PTY LIMITED,42001872215,252151512,9912085,,2021-22
HYPER CAPITAL PTY LTD,64626043383,202435563,143299671,42967694,2021-22
HYSTER-YALE AUSTRALIA HOLDING PTY LTD,26101464073,172945344,,,2021-22
HYUNDAI MOTOR COMPANY AUSTRALIA PTY LTD,58008995588,2264517677,121983768,36595130,2021-22
IAN WEIGH MOTORS PTY LTD & WEIGH PROPERTY INVESTMENTS PTY LTD,90148491233,120172770,5741574,1722370,2021-22
IBERDROLA AUSTRALIA LIMITED,39105051616,176431334,,,2021-22
IBM A/NZ HOLDINGS PTY LIMITED,12105319248,2418936048,,,2021-22
ICHTHYS LNG PTY LTD,42150217299,7281757071,,,2021-22
IDEMITSU AUSTRALIA PTY LTD,45010236272,1702524279,432173482,126690947,2021-22
IDEXX LABORATORIES PTY LTD,31063154352,129083760,12264084,3679225,2021-22
IDP EDUCATION LIMITED,59117676463,683887578,103008482,5653719,2021-22
IFF AUSTRALIA HOLDINGS PTY LTD,78098655335,120805983,18826467,5524921,2021-22
IFM SOCIAL INFRASTRUCTURE HOLDING TRUST,40337513753,312782169,44611432,10413430,2021-22
IGNITE LIMITED,43002724334,114449614,,,2021-22
IGO LIMITED,46092786304,1079510722,442672496,102498719,2021-22
IGT (AUSTRALIA) PTY LTD,65002904690,103312084,15303569,1716777,2021-22
IKEA PTY LTD,84006270757,1706575955,99479331,29843799,2021-22
ILLUMINA AUSTRALIA PTY LTD,97130775932,114866907,6631033,1989310,2021-22
ILUKA RESOURCES LIMITED,34008675018,1884217833,527998715,149166094,2021-22
IMAGE HOLDCO PTY LIMITED,18623028740,1084381576,8733333,,2021-22
IMAGE RESOURCES NL,57063977579,180591619,40821815,12246544,2021-22
IMB LTD,92087651974,204915710,40355090,12106527,2021-22
IMC PACIFIC HOLDINGS PTY LIMITED,83099273819,597228462,60585237,16295589,2021-22
IMCD AUSTRALASIA INVESTMENTS PTY LTD,89149016222,304207373,29407028,8817940,2021-22
IMDEX LIMITED,78008947813,169662875,40156323,1469230,2021-22
IMMER (NO 141) PTY LTD,17002617745,841456632,20034929,6010479,2021-22
IMPERIAL TOBACCO AUSTRALIA LIMITED,46088148681,522950331,28500997,8550299,2021-22
INCHCAPE AUSTRALIA LIMITED,50050035277,998323274,20745363,6223609,2021-22
INCHURCH AUTOMOTIVE PTY LTD,74137048474,268305067,15105687,4531706,2021-22
INCITEC PIVOT LIMITED,42004080264,4307914694,541533781,154128596,2021-22
INDORAMA VENTURES HOLDINGS PTY LTD,13635578960,164658867,,,2021-22
INDUSTRIAL AND COMMERCIAL BANK OF CHINA LIMITED,57086866506,1484470126,159231039,47764846,2021-22
INDUSTRY SUPER HOLDINGS PTY LTD,71119748060,962697193,150479985,35832330,2021-22
INEX INDEPENDENT EXTRUSIONS LIMITED PARTNERSHIP,58515316810,158827107,5885982,1765795,2021-22
INFO MANAGEMENT SERVICES PTY LTD,88119821457,134514475,10613823,3184147,2021-22
INFOMEDIA LIMITED,63003326243,105754822,32601598,3734919,2021-22
INFOR (ANZ HOLDINGS) PTY LIMITED,45160838433,109367577,10185994,2646150,2021-22
INFOSYS TECHNOLOGIES LIMITED,52090591209,727419701,252134331,44762734,2021-22
INFRASTRUCTURE SUPPLY HOLDINGS PTY LTD,13622618053,223189228,33885236,10165571,2021-22
ING AUSTRALIA HOLDINGS LIMITED,27008459596,2656534600,734308772,220292632,2021-22
ING BANK NV (SYDNEY BRANCH),32080178196,108209058,2998690,899607,2021-22
INGENIA COMMUNITIES HOLDINGS LIMITED,92154444925,114696954,6757634,2027290,2021-22
INGENIA COMMUNITIES MANAGEMENT TRUST,99296784351,360769463,,,2021-22
INGENICO INTERNATIONAL (PACIFIC) PTY LTD,46003211514,134481353,13445777,4033733,2021-22
INGHAMS GROUP LIMITED,39162709506,2714450642,37495240,10921465,2021-22
INGRAM MICRO HOLDINGS (AUSTRALIA) PTY LTD,12112487322,2417002323,50501457,15150437,2021-22
INNOVATION SCIENTIFIC PTY LTD,26603270435,225829089,19162058,5748617,2021-22
INPEX ALPHA LTD,34003730756,196991562,4640,,2021-22
INPEX AUSTRALIA PTY LTD,79134715254,399455559,12820410,3843132,2021-22
INPEX HOLDINGS AUSTRALIA PTY LTD,61150217315,4432679169,1316,,2021-22
INSIGHT AUSTRALIA HOLDINGS PTY LIMITED,24073091406,177553472,16743490,5019407,2021-22
INSIGNIA FINANCIAL LTD,49100103722,2219113912,12368731,,2021-22
INSURANCE AUSTRALIA GROUP LIMITED,60090739923,15875398775,68632331,,2021-22
INSURANCE AUSTRALIA LIMITED AAF NON-RESIDENT REINSURERS,,221660244,221660244,66498073,2021-22
INSURANCE MANUFACTURERS OF AUSTRALIA PTY LTD,93004208084,4728814793,416445683,122990011,2021-22
INTEGRAL DIAGNOSTICS LIMITED,55130832816,321164711,21854899,6534753,2021-22
INTEGRATED FOODS HOLDINGS PTY LTD,42603619692,2994638699,21428570,,2021-22
INTEGRIA HEALTHCARE (AUSTRALIA) PTY LTD,70096496212,118757387,,,2021-22
INTERACTIVE PTY. LIMITED,17088952023,218269472,11172231,3351669,2021-22
INTERFACE AUST HOLDINGS PTY LIMITED,68074804381,106433647,7271022,1983074,2021-22
INTERFLOW HOLDINGS PTY LIMITED,64097822592,201762791,9224788,2187998,2021-22
INTERIORCO PTY LTD,76128905564,212273602,,,2021-22
INTERNATIONAL LIVESTOCK EXPORT PTY LTD,54009400846,241575181,5496902,1467143,2021-22
INTERNATIONAL POWER (AUSTRALIA) HOLDINGS PTY LTD,70105041209,1637796710,,,2021-22
INTERNATIONAL SOS (AUSTRALASIA) PTY LTD,83052247104,184933719,8869245,2544634,2021-22
INTERNET SERVICES AUSTRALIA 1 PTY LTD,50152631082,620857461,,,2021-22
INTERPUBLIC AUSTRALIA HOLDINGS PTY LTD,20140379335,205778805,32217819,9654618,2021-22
INTERSNACK AUSTRALIA HOLDING COMPANY PTY LTD,29614132991,388350578,35847188,10741108,2021-22
INTERTEK AUSTRALIA HOLDINGS PTY LTD,74124892879,175593000,,,2021-22
INVOCARE LIMITED,42096437393,464958930,43742892,12777717,2021-22
IOR TERMINALS (PORT BONYTHON) PTY LTD,66155097242,396560456,,,2021-22
IPD GROUP LTD,12111178351,190824423,17883406,5365022,2021-22
IPH LIMITED,49169015838,274775787,51891488,15258187,2021-22
IPS MEMBERS LTD,94080617036,117742371,8497615,2549284,2021-22
IPSEN PTY LTD,47095036909,103630514,5318344,1518503,2021-22
IRESS LIMITED,47060313359,362804268,35271468,9246894,2021-22
IRI (APAC HOLDINGS) PTY LTD,13165572761,109829122,6533869,,2021-22
IRIS ENERGY LIMITED,60629842799,115447613,1574322,,2021-22
IRON MOUNTAIN ACQUISITION HOLDINGS PTY LTD,20608590521,212747251,29747793,8924338,2021-22
ISUZU AUSTRALIA LIMITED,97006962572,1039011712,109536234,32860314,2021-22
ISUZU UTE AUSTRALIA PTY LTD,80129563739,1600905656,127545396,38263619,2021-22
ITI (HOLDCO) PTY LIMITED,60627628120,547640841,53912697,16173809,2021-22
ITOCHU AUSTRALIA LIMITED,63000192790,5425569943,2908614116,567554851,2021-22
ITV STUDIOS AUSTRALIA PTY LIMITED,91088957706,115720696,,,2021-22
IVE GROUP LIMITED,62606252644,741385333,38100356,11428879,2021-22
IWATANI AUSTRALIA PTY LTD,85008902841,104754427,224777,,2021-22
IX INFRASTRUCTURE PTY LTD,78629750401,1235737441,66195439,19509861,2021-22
J HUTCHINSON PTY LTD,52009778330,2668811945,,,2021-22
J RAY MCDERMOTT (AUST) HOLDING PTY LTD,22002797668,492341963,11995409,1430317,2021-22
J. CORDINA INVESTMENTS PTY LTD,99000528281,380379489,,,2021-22
J. J. RICHARDS & SONS PTY LTD,40000805425,1067284725,60474337,13847997,2021-22
J.F. HILLEBRAND AUSTRALIA PTY LIMITED,58079446905,150555136,8799687,2639906,2021-22
J.P. MORGAN AUSTRALIA GROUP PTY LIMITED,54104888155,558280824,90240730,27072219,2021-22
JA SOLAR AUSTRALIA PTY LTD,68164221005,120483379,5774593,1732378,2021-22
JACOBS AUSTRALIA PTY LIMITED,12079749287,891323804,23094932,5123172,2021-22
JADE KING HOLDINGS PTY LTD,86611994917,270755371,6560803,1968241,2021-22
JADESTONE ENERGY (AUSTRALIA) PTY LTD,48613671819,408373659,,,2021-22
JAGUAR LAND ROVER AUSTRALIA PTY LTD,86004352238,680823806,46690,,2021-22
JALATO HOLDINGS PTY LTD,24109811136,235236109,,,2021-22
JAMES HARDIE RESEARCH (HOLDINGS) PTY LIMITED,51082944821,625842957,,,2021-22
JANART HOLDINGS PTY LTD,13092037262,266270569,9273776,2729966,2021-22
JANGHO HEALTH CARE AUSTRALIA PTY LTD,90608040802,144698379,2403654,570884,2021-22
JAPAN ALUMINA ASSOCIATES (AUSTRALIA) PTY LTD,42008907524,235109222,42051772,9288926,2021-22
JAPAN AUSTRALIA LNG (MIMI) PTY LTD,18006303180,1556220559,737698873,220106438,2021-22
JAPARA HEALTHCARE LIMITED,54168631052,151893464,,,2021-22
JAQUES INTERNATIONAL HOLDING PTY LIMITED,57004075978,286075143,43975925,12817906,2021-22
JAROOKA PTY LTD,23002555839,214510059,8805743,2641089,2021-22
JAS HOLDING (AUSTRALIA) PTY LTD,42116743698,116392034,,,2021-22
JAYCAR PTY LTD,65000087936,211073353,28622666,8586800,2021-22
JB HI-FI LIMITED,80093220136,8990822883,765954031,229786059,2021-22
JCDECAUX AUSTRALIA HOLDINGS PTY LTD,50627855323,300379329,,,2021-22
JD SPORTS FASHION HOLDINGS AUSTRALIA PTY LIMITED,15614248332,375084921,49721998,14916599,2021-22
JELD-WEN AUSTRALIA PTY LIMITED,62087012226,742611874,66803488,19191242,2021-22
JELLINBAH GROUP PTY LTD,54010754793,4150201642,2702678055,810523622,2021-22
JENNMAR AUSTRALIA PTY LTD,34078584531,178273658,3963807,758498,2021-22
JET AVIATION AUSTRALIA PTY LTD,94001540316,230906302,25548067,7662432,2021-22
JETMAX TRADING PTY LTD,89608095585,202605567,,,2021-22
JFC AUSTRALIA CO PTY LTD,36003080260,219282506,12656812,3797044,2021-22
JG KING BUILDING GROUP PTY LTD,38142687554,243360248,,,2021-22
JINKO SOLAR AUSTRALIA HOLDINGS CO. LTD,93154662889,102232996,2050230,615069,2021-22
JJ O'CONNOR & SONS PTY LTD,33005242142,338113691,19842123,5952637,2021-22
JK INTERNATIONAL PTY LTD,49010127750,786906863,1555814,466717,2021-22
JMC AUTOMOTIVE GROUP PTY LTD (JACKSON FORD) FORD),83009479190,324799661,21417024,6425107,2021-22
JOHN DEERE FINANCIAL LIMITED,55078714646,112630853,55901505,16048973,2021-22
JOHN LAING INVESTMENT (GRAFTON) HOLD CO PTY LTD,72652956128,146587602,,,2021-22
JOHN SWIRE & SONS (AUSTRALIA) PTY LTD,54118028774,414395991,,,2021-22
JOHNSON & JOHNSON PTY LTD,29000023709,1722782950,60896824,10780439,2021-22
JOHNSON CONTROLS HOLDING AUSTRALIA PTY LIMITED,86102631158,396079147,2342752,327826,2021-22
JOLIMONT DEVELOPMENT FINANCE PTY LTD,94094356779,1090041213,37347840,1153153,2021-22
JOWETT MOTOR GROUP HOLDING CO PTY LTD,54639117570,383635191,17156508,5146952,2021-22
JOY GLOBAL AUSTRALIA HOLDING COMPANY PTY LTD,70059870058,324231975,5346002,1531887,2021-22
"JPMORGAN CHASE BANK, NATIONAL ASSOCIATION",43074112011,467528845,18423690,5527107,2021-22
J-POWER AUSTRALIA PTY. LTD.,59002307682,527394460,144353395,43097061,2021-22
JQZ HOLDINGS PTY LTD,36111636983,350785237,,,2021-22
JUDO CAPITAL HOLDINGS LIMITED,71612862727,227553155,,,2021-22
JUNIPER NETWORKS AUSTRALIA PTY LIMITED,36091016312,161892603,4746528,1423959,2021-22
JUST EAT (ACQUISITIONS) PTY LIMITED,52605645547,450212021,,,2021-22
JWH GROUP PTY LTD,84098664709,270588907,,,2021-22
JWLAND HOLDINGS PTY LTD,25609658193,247979708,38472395,11541718,2021-22
K LINE AUTO LOGISTICS PTY LTD,35140106341,241418637,,,2021-22
K&S CORPORATION LIMITED,67007561837,783871147,1183375,355012,2021-22
KA & MD INVESTMENTS PTY. LTD.,40120126589,335037966,4006558,1201967,2021-22
KAEFER INTEGRATED SERVICES PTY LTD,83009046191,393207293,12023215,3605964,2021-22
KAGERA PTY. LIMITED,58008478797,315707044,29423853,8672381,2021-22
KAIZEN MOTORS PTY LTD,67603805278,252322410,12543764,3763129,2021-22
KAJIMA AUSTRALIA PTY LTD,52604351966,1029643464,,,2021-22
KANSAI ELECTRIC POWER HOLDINGS AUSTRALIA PTY LTD,57601296226,315899535,71305866,,2021-22
KANTAR INSIGHTS AUSTRALIA PTY LTD,84106925866,127789118,5574196,1426228,2021-22
KAPITOL GROUP PTY LTD,62622444544,270350650,4785168,1435550,2021-22
KAPLAN AUSTRALIA HOLDINGS PTY LTD,30117261980,114947591,1386606,415982,2021-22
KARARA MINING LIMITED,68070871831,1340361475,,,2021-22
KARCHER PTY LTD,76002721226,103612811,730512,219154,2021-22
KAROON ENERGY LTD,53107001338,530844383,,,2021-22
KARORA RESOURCES PTY LTD,74633381218,280969282,,,2021-22
KATHMANDU PTY LTD,84007047547,527822027,24430644,5687362,2021-22
KAWASAKI MOTORS PTY LIMITED,79002840315,117666396,6954402,2086321,2021-22
KB AUSTRALIA HOLDING PTY LTD,16610219380,413772265,4068595,1220578,2021-22
KBR HOLDINGS PTY LTD,32093419277,199536998,57941568,16516589,2021-22
KEEMA HOLDINGS PTY LTD,28097123389,241281127,11628347,3488504,2021-22
KEL CAMPBELL PTY LTD,11002783342,218324340,,,2021-22
KELLER AUSTRALIA PTY LIMITED,61081279932,372824013,,,2021-22
KELLOGG AUSTRALIA HOLDINGS PTY LTD,59102893952,475808848,58730282,15203037,2021-22
KELSIAN GROUP LIMITED,49109078257,1082080700,37972376,11385293,2021-22
KENNARDS HIRE PTY LIMITED,69001740727,484702198,30208530,9062559,2021-22
KENNARDS SELF STORAGE PTY LIMITED,57001805036,640460411,93272579,27863163,2021-22
KENT PET AUSTRALIA PTY LTD,34623335866,103285562,6553765,1966130,2021-22
KEOLIS DOWNER PTY LTD,51165343680,1302195898,48287939,14485333,2021-22
KERRY INGREDIENTS AUSTRALIA PTY LTD,47072996895,235126810,5571036,1037521,2021-22
KERRY LOGISTICS (OCEANIA) PTY LTD,19600672366,142484887,9721803,2916541,2021-22
KESTREL COAL GROUP PTY LTD,70624655518,862796908,,,2021-22
KEYBRIDGE CAPITAL LIMITED,16088267190,489889505,517070,,2021-22
KEYSTONE FOODS PTY LIMITED,83077185481,181860454,1763743,361551,2021-22
KFC ADCO LIMITED,22083047992,134587799,,,2021-22
KIA AUSTRALIA PTY LTD,97110483353,1788411042,99220370,29766111,2021-22
KIMBERLY CLARK PACIFIC HOLDINGS PTY LIMITED,59095905294,1075623644,112722746,32865249,2021-22
KIN GROUP PTY LTD,11095313714,406136916,20830740,1023720,2021-22
KIN POWER GROUP PTY LTD,18623522467,269553748,6618250,1985475,2021-22
KINETIC IT PTY LTD,97072941943,209156571,14256272,4258944,2021-22
KINETIC TCO PTY LTD,20601251067,413434846,,,2021-22
KING FURNITURE AUSTRALIA PTY. LTD.,79002757333,274801713,50667423,15119835,2021-22
KINGFISHER MOBILE AUSTRALIA PTY LTD,99630439842,118199063,947751,284325,2021-22
KINGSPAN HOLDINGS AUSTRALIA PTY LTD,81107982098,164414239,3726159,1117848,2021-22
KIRKLAND LAKE GOLD AUSTRALIA PTY LTD,30136505587,1250356440,709811398,212414206,2021-22
KJTC PTY LTD,53156406138,767604332,1464068396,,2021-22
KKKK PTY LTD,18062618964,379749525,21203764,6361129,2021-22
KNAUF GYPSUM PTY LTD,84004231976,233530813,6643498,,2021-22
KNIGHT FRANK AUSTRALIA HOLDINGS PTY LTD,28114923938,169174859,5544112,1599708,2021-22
KNORR-BREMSE AUSTRALIA PTY LTD,31092562671,247385399,11056243,3316873,2021-22
KOBELCO CONSTRUCTION MACHINERY AUSTRALIA PTY LIMITED,89097852296,244265561,19208570,5762571,2021-22
KOCH FERTILISER AUSTRALIA PTY LTD,44140582369,548328684,,,2021-22
KOGAN AUSTRALIA PTY LTD,53152570351,545445691,,,2021-22
KOGAS AUSTRALIA PTY LTD,42130065682,1701233706,,,2021-22
KOMATSU MARKETING SUPPORT AUSTRALIA PTY LTD,63053514739,2684247685,117153941,35146182,2021-22
KONE HOLDINGS (AUSTRALIA) LIMITED,51003986436,471057034,18942140,5682642,2021-22
KONICA MINOLTA BUSINESS SOLUTIONS AUSTRALIA PTY LTD,50001065096,194777977,2061346,618404,2021-22
KOOBA PTY LIMITED,25637540311,135639781,49035621,14710686,2021-22
KOPPERS AUSTRALIA HOLDING COMPANY PTY LTD,19104645301,246884622,53776551,16132965,2021-22
KORN FERRY (AU) PTY LTD,73001804799,137337755,21244379,6351832,2021-22
KPMG HOLDINGS (AUSTRALIA) PTY LTD,34064067241,252562529,5679419,1703826,2021-22
KRAFT HEINZ AUSTRALIA PTY LIMITED,64622234379,821578908,14954646,2818248,2021-22
KRISPY KREME HOLDINGS PTY LIMITED,71134222727,126099968,12478821,3743646,2021-22
KRONOS AUSTRALIA PTY LTD,17074408067,106440762,,,2021-22
KTM AUSTRALIA HOLDING PTY LTD,49112854850,221301579,5250561,1575168,2021-22
KUBOTA AUSTRALIA PTY LTD,72005300621,658069005,55269890,16580967,2021-22
KUEHNE & NAGEL PTY LTD,70000871607,823776235,14831396,4449419,2021-22
KUFPEC AUSTRALIA PTY LTD,42001800924,1285734655,38398826,,2021-22
KUMHO TYRE AUSTRALIA PTY LTD,46003300678,133164037,5028284,1508485,2021-22
KWB GROUP PTY LTD,33159809328,116713177,19196005,5758802,2021-22
KWIKFORM ACQUISITION HOLDINGS PTY LIMITED,43157779961,103917563,,,2021-22
KYOCERA DOCUMENT SOLUTIONS AUSTRALIA PTY LTD,77003852444,121422724,4309151,1292745,2021-22
KYUSHU ELECTRIC AUSTRALIA PTY LTD,54152417260,117467143,831568,,2021-22
L.U. SIMON BUILDERS PTY LTD,38006137220,300674547,12707979,3812394,2021-22
L1 LONG SHORT FUND LIMITED,47623418539,320547167,680392291,185939670,2021-22
L3HARRIS AUSTRALIA FINANCE PTY LIMITED,47119831819,217351735,28926382,7451017,2021-22
L3HARRIS COMMUNICATIONS AUSTRALIA PTY LTD,88054982151,142214166,11593484,3478045,2021-22
L3HARRIS TECHNOLOGIES AUSTRALIA GROUP PTY LTD,61654390146,290512435,17877979,5144237,2021-22
LACTALIS AUSTRALIA FINANCE PTY LTD,17163435103,1922231414,56654530,16996359,2021-22
LAING O'ROURKE AUSTRALIA GROUP PTY LIMITED,36001333900,1966879759,,,2021-22
LANDIS & GYR HOLDINGS PTY LTD,82098539587,111702010,260049504,76425476,2021-22
LANDPOWER AUSTRALIA PTY LTD,52005851801,253129825,10730161,3219048,2021-22
LATITUDE GROUP HOLDINGS LIMITED,83604747391,876645544,132990010,34908378,2021-22
LATRAN CAPITAL PTY LTD,76615781185,201832206,417316,125195,2021-22
LATROBE VALLEY POWER (HOLDINGS) PTY LTD,57621363102,450094780,141042886,42312866,2021-22
LAWCOVER INSURANCE PTY LIMITED,15095082509,128793188,,,2021-22
LAWRENCE AND HANSON GROUP PTY LTD,69080350812,987672925,34991328,10497398,2021-22
LAZARD ASSET MANAGEMENT PACIFIC CO,13064523619,158214131,24714656,7414397,2021-22
LB AUSTRALIA HOLDINGS PTY LTD,96165597482,765810057,175450649,51549611,2021-22
LEADER COMPUTERS PTY LTD,24093139354,558853514,46796089,13234386,2021-22
LEASEPLAN AUSTRALIA LIMITED,57006923011,294146321,34871555,10461466,2021-22
LEGO AUSTRALIA PTY LTD,42001540914,493657552,22531760,6759528,2021-22
LEGRAND GROUP PTY LIMITED,41000565739,151548532,20679444,4828252,2021-22
LEICA GEOSYSTEMS PTY LIMITED,18000112765,111118922,19578038,4045038,2021-22
LEIDOS AUSTRALIA PTY LIMITED,79612590155,643061248,65855566,19756670,2021-22
LEMPRIERE (AUSTRALIA) PTY LTD,27004386841,219249255,1574288,,2021-22
LENDI GROUP PTY LTD,44648681654,514252493,,,2021-22
LENDLEASE CORPORATION LTD,32000226228,5693666800,289984920,66107648,2021-22
LENOVO (AUSTRALIA & NEW ZEALAND) PTY LIMITED,70112394411,1336989709,51932040,15579612,2021-22
LENOVO GLOBAL TECHNOLOGY (AUSTRALIA & NEW ZEALAND) PTY LTD,90614012985,243488049,5446979,1634094,2021-22
LEONARDO HOLDCO PTY LTD,63629681116,517963453,,,2021-22
LEONE FAMILY HOLDINGS PTY LTD,69618356586,919390310,29078592,8719657,2021-22
LEPGF PTY LTD,82640391868,3237055679,,,2021-22
LES CREUX AUSTRALIA PTY LTD,70147912187,129100273,19005633,5701690,2021-22
LESSO MALL (AUSTRALIA) HOLDINGS PTY LIMITED,37609840486,105214613,89751599,26925480,2021-22
LEVI STRAUSS (AUSTRALIA) PTY LTD,67000607965,127168192,14926396,4477919,2021-22
LG ELECTRONICS AUSTRALIA PTY LIMITED,98064531264,1091286234,32642607,9792782,2021-22
LIBERTY BELL BAY PTY LTD,23004456035,301015934,106513993,31851534,2021-22
LIBERTY FINANCIAL GROUP LIMITED,59125611574,538976523,71982467,20655938,2021-22
LIBERTY HOLDINGS AUSTRALIA PTY LTD,16627011938,8471350640,1003914530,286553497,2021-22
LIBERTY MUTUAL INSURANCE COMPANY,61086083605,337085879,151141056,45342317,2021-22
LIBERTYTOWN AUSTRALIA PTY LTD,70128997526,104022401,,,2021-22
LIEBHERR-AUSTRALIA PTY LTD,65007970452,1256487113,102323560,30697068,2021-22
LIFESTYLE COMMUNITIES LIMITED,11078675153,316864014,30919648,9275894,2021-22
LIKEWIZE AUSTRALIA PTY LTD,58111399752,690346186,47680910,14099328,2021-22
LIMESTONE HOLDCO PTY LIMITED,87639416667,354442615,,,2021-22
LINDE MATERIAL HANDLING PTY LIMITED,62000768776,261704229,12775649,3832695,2021-22
LINDSAY AUSTRALIA LIMITED,81061642733,578420781,,,2021-22
LINDT & SPRUNGLI (AUSTRALIA) PTY LTD,43079224892,243030236,15108702,4532611,2021-22
LINEAGE AP HOLDINGS PTY LTD,27637083544,332799191,,,2021-22
LINK ADMINISTRATION HOLDINGS LIMITED,27120964098,739921745,21580025,5920018,2021-22
LINKEDIN SINGAPORE PTE. LTD.,73615253408,108203501,17325339,5197602,2021-22
LINKFORCE SITE SERVICES PTY LTD,63615813020,210951228,4310458,1293137,2021-22
LION PTY LIMITED,50128004268,1663445279,106198319,31760429,2021-22
LIPMAN GROUP HOLDINGS PTY LIMITED,62150243682,216933353,,,2021-22
LIRAL GROUP PTY LTD,44633961001,294734497,,,2021-22
LITE N' EASY PTY LTD,33010655820,275647994,27311073,,2021-22
LIVE WELL & FREE PTY LTD,35633993441,241676714,,,2021-22
LIVE-IN LEARNING OPERATIONS PTY LTD,20633163096,146300020,,,2021-22
LLOYD GROUP PTY LTD,96069674479,276593287,803656,241097,2021-22
LLOYD HELICOPTER SERVICES PTY LTD,45058277491,266026372,,,2021-22
LM GROUP (AUST) PTY LTD,41114717814,225142988,19922858,5937285,2021-22
LOAN MARKET GROUP PTY LTD,83105221967,1158183546,,,2021-22
LOC GLOBAL PTY LTD,53637527541,783891476,31330,9399,2021-22
LOCHARD ENERGY (IONA FINANCE) PTY LTD,96608445030,237899045,,,2021-22
LOCKHEED MARTIN AUSTRALIA PTY LIMITED,30008425509,972064066,54210775,14667041,2021-22
LOGICALIS AUSTRALIA HOLDINGS PTY LTD,67089914581,144458006,1924846,529487,2021-22
LOGISTIK PTY LTD,16150595421,147837057,12061403,3618421,2021-22
LOGOS AUSTRALIA COMPANY PTY LIMITED,39601746516,299876446,177047086,53114126,2021-22
LONGI SOLAR AUSTRALIA PTY LTD,15632322288,197062377,4662657,1398797,2021-22
L'OREAL AUSTRALIA PTY LTD,40004191673,735363340,127506389,38251917,2021-22
LOSCAM HOLDINGS AUSTRALIA PTY LTD,46144845867,145604771,69181844,20717419,2021-22
LOUIS DREYFUS COMPANY MELBOURNE HOLDINGS PTY LTD,18161877185,1225255231,111203,,2021-22
LOUIS VUITTON AUSTRALIA PTY LTD,41005918678,541997811,115630040,34689012,2021-22
LOVISA HOLDINGS LIMITED,34602304503,216227427,51899649,15155485,2021-22
LOWES MANHATTAN PTY LTD,31000307666,233515893,27697550,8308892,2021-22
LOYALTY PACIFIC PTY LTD,82057931334,428360033,,,2021-22
LPI (AUSTRALIA) HOLDINGS PTY LIMITED,81084042473,1513079023,91380918,27330567,2021-22
LR TRADING PTY LIMITED,33003068166,209522869,1937373,581212,2021-22
LSH AUTO (MELBOURNE) PTY LIMITED,77618554635,815279980,29182334,8754700,2021-22
LUERSSEN AUSTRALIA PTY LTD,39618700637,318253420,7302929,2190879,2021-22
LULULEMON ATHLETICA AUSTRALIA PTY LTD,45110186233,220258211,20693273,6207982,2021-22
LUXOTTICA SOUTH PACIFIC HOLDINGS PTY LTD,58104629772,837680325,60490492,18147148,2021-22
LUYE AUSTRALIA HOLDINGS PTY LTD,98609669472,962957571,,,2021-22
LWAM HOLDINGS PTY LTD,48627060682,272568590,4680130,1404039,2021-22
LYCOPODIUM LIMITED,83098556159,222546312,15022244,1763134,2021-22
LYNAS RARE EARTHS LIMITED,27009066648,268314896,22221845,4272457,2021-22
LYNCH GROUP HOLDINGS LIMITED,35608543219,366863470,14439175,4234852,2021-22
M J LUFF PTY LTD,52001001850,379351731,25606159,7276404,2021-22
MA FINANCIAL GROUP LIMITED,68142008428,228735656,62903624,18859457,2021-22
MACA MINING PTY LTD,22102886064,1341235311,20901781,6270534,2021-22
MACA PLANT PTY LTD,29110779167,260625342,28314036,8494211,2021-22
MACH ENERGY AUSTRALIA PTY LTD,34608495441,873304199,87955944,26386783,2021-22
MACKAY SUGAR LIMITED,12057463671,523178617,,,2021-22
MACKELLAR MINING PTY LTD,81150919761,305774535,1420701,426210,2021-22
MACMAHON HOLDINGS LIMITED,93007634406,1329675229,,,2021-22
MACQUARIE GLOBAL SERVICES PRIVATE LIMITED,,145160177,4655163,1396549,2021-22
MACQUARIE GROUP LIMITED,94122169279,13799315375,1762141706,437098373,2021-22
MACQUARIE TELECOM GROUP LIMITED,72056712228,309347204,,,2021-22
MACROLINK & LANDREAM AUSTRALIA LAND PTY LTD,55610040081,427910337,70740081,21222024,2021-22
MACSTEEL INTERNATIONAL AUSTRALIA PTY LTD,94000904978,410116893,14305551,4291665,2021-22
MADER CONTRACTING PTY LTD,36114021537,274607748,20307391,6092217,2021-22
MAERSK DRILLING AUSTRALIA PTY LTD,55106414108,124297711,9780250,2934075,2021-22
MAERSK LOGISTICS & SERVICES AUSTRALIA PTY LTD,70006211052,103548582,,,2021-22
MAGELLAN FINANCIAL GROUP LIMITED,59108437592,705505080,405907080,121022700,2021-22
MAGNITE HOLDINGS PTY LTD,49607240791,163351309,5499390,1649559,2021-22
MAGOTTEAUX AUSTRALIA PTY LTD,40055713301,113117091,3413731,,2021-22
MAHERCORP PTY LTD,87100090560,210717217,,,2021-22
MAINBRACE CONSTRUCTIONS PTY LIMITED,45002970658,311016584,4049921,1214976,2021-22
MAINFRIEGHT HOLDINGS PTY LTD,24084637605,1202715071,85980090,25794027,2021-22
MAKITA (AUSTRALIA) PTY LIMITED,57001117335,521314298,40578143,12173443,2021-22
MALAYSIA AIRLINES BERHAD,29420085735,181664528,,,2021-22
MALTEUROP AUSTRALIA PTY LTD,48068420244,140538291,7336244,2200873,2021-22
MAMMOET AUSTRALIA PTY LTD,77075483644,137439053,,,2021-22
MANDALAY RESOURCES AUSTRALIA PTY LTD,38005482815,179575111,83333687,24460162,2021-22
MANITOU AUSTRALIA PTY LIMITED,42114388591,105100497,6311233,1893370,2021-22
MANPOWER SERVICES (AUSTRALIA) PTY LIMITED,15071884994,423514081,,,2021-22
MARGETIC & SITZLER CONSOLIDATED HOLDINGS PTY LTD,51167716181,294582514,39318197,10844466,2021-22
MARINE POWER INTERNATIONAL LLC,25003100007,142079747,14673221,4401966,2021-22
MARMON CONSTRUCTION SERVICES (AUSTRALIA) HOLDINGS PTY LTD,38154626954,290808765,,,2021-22
MARQUIS MACADAMIAS LTD,93002607972,156847135,,,2021-22
MARQUIS MARKETING PTY LTD,76147689987,236033467,,,2021-22
MARRON GROUP HOLDINGS PTY LTD,71631941403,587338404,,,2021-22
MARS WRIGLEY AUSTRALIA HOLDINGS PTY LTD,68133509930,1677247179,193594951,54605172,2021-22
MARSH MERCER HOLDINGS (AUSTRALIA) PTY LTD,86097026812,1191588461,210554450,61320400,2021-22
MARSH PTY LTD AS AGENTS FOR NON RESIDENT INSURERS,,161836335,161836335,48550900,2021-22
MARTIN-BROWER AUSTRALIA HOLDINGS PTY LTD,91156502251,1593761686,6993690,2098107,2021-22
MARTINUS GROUP HOLDINGS PTY LTD,98651593878,333597707,9817646,2945294,2021-22
MARUBENI AUSTRALIA LIMITED,53000329699,2435984626,1624126337,100371465,2021-22
MARUBENI ITOCHU STEEL OCEANIA PTY LTD,78098025506,158618396,2801378,840413,2021-22
MARUBENI-ITOCHU TUBULARS OCEANIA PTY LTD,87077953827,163973495,8994650,2692709,2021-22
MASTERCARD AUSTRALIA HOLDING PTY LTD,83143337722,280376414,4538002,,2021-22
MASTERTON CORPORATION HOLDING COMPANY PTY LIMITED,56055692825,229244258,,,2021-22
MATRAD PTY LTD,27011019088,163199913,,,2021-22
MATTEL PTY LTD,60000660962,142963671,3952916,1185875,2021-22
MAUGHAN THIEM AUTOMOTIVE PTY LTD,29107649338,201666384,13821880,4146564,2021-22
MAULES CREEK MARKETING PTY LTD,73140534256,316492381,,,2021-22
MAURICE BLACKBURN PTY LTD,21105657949,258452686,,,2021-22
MAXIMUS AUSTRALIA HOLDING COMPANY PTY LTD,91608016128,241794658,17959518,5387855,2021-22
MAXIPARTS LIMITED,58006797173,196953830,,,2021-22
MAXI-TANKERS PTY LTD,22117406934,667964634,5805768,1741730,2021-22
MAYFLOWER ENTERPRISES PTY LTD,48607181662,442264193,76140491,22842147,2021-22
MAYNE PHARMA GROUP LTD,76115832963,103779783,11042238,,2021-22
MAZDA AUSTRALIA PTY LTD,78004690804,3447217124,122037079,36554184,2021-22
MB SOLUTIONS AUSTRALIA PTY LTD,69634934419,104167748,,,2021-22
MCCAIN FOODS (AUST) PTY LTD,96000629587,740266800,35544515,10654080,2021-22
MCCORMICK FOODS AUSTRALIA PTY LTD,62004763259,246073931,20916274,6274882,2021-22
MCDONALD'S AUSTRALIAN PROPERTY CORPORATION,55002913555,2002246641,385161655,114022014,2021-22
MCGRATH LIMITED,61608153779,113510132,15096242,4511758,2021-22
MCGREGOR GOURLAY PTY LTD,80619661988,280486520,22226820,6668046,2021-22
MCINTOSH HOLDINGS PTY LTD,28008675876,451880417,20238205,6066290,2021-22
MCKINSEY PACIFIC RIM INC,66055131443,433140015,18223809,5227386,2021-22
MCMAHON SERVICES AUSTRALIA PTY LTD,75097072565,415644771,22872432,6703947,2021-22
MCMILLAN SHAKESPEARE LIMITED,74107233983,574591890,64110864,19233045,2021-22
MCNAB DEVELOPMENTS (QLD) PTY LTD,63118748548,328505318,7545575,2263672,2021-22
MCPHERSON'S LIMITED,98004068419,199737352,,,2021-22
MEARS GROUP PTY LTD,92149486500,283968508,59431,,2021-22
MEDIBANK PRIVATE LIMITED,47080890259,7202151357,1098205865,325801502,2021-22
MEDINA PROPERTY SERVICES PTY LIMITED,36062326176,222614475,,,2021-22
MEDION AUSTRALIA PTY LIMITED,58106611330,260769552,41600419,12480126,2021-22
MEDITERRANEAN SHIPPING COMPANY (AUSTRALIA) PTY LTD,12003760638,101618666,7210668,2163200,2021-22
MEDLINE STELLAR AUSTRALIA PTY LTD,94149963226,204163608,4894565,1464246,2021-22
MEDTRONIC AUSTRALASIA PTY LTD,47001162661,1009695813,64951148,18556327,2021-22
MEIJI DAIRY AUSTRALASIA PTY LTD,34064273418,123861241,581381,174414,2021-22
MEMOCORP AUSTRALIA PTY LTD,57051213800,148506925,44519596,13355879,2021-22
MENZIES AVIATION HOLDINGS AUSTRALIA PTY LTD,18102031836,284460632,17718245,5315474,2021-22
MERCK HEALTHCARE PTY LTD,72006900830,163218701,,,2021-22
MERCK SHARP & DOHME (HOLDINGS) PTY LTD,57000235245,735783255,91060003,7823925,2021-22
MERITON PROPERTIES PTY LIMITED,49000698626,1415313435,308835699,92534811,2021-22
MERRICKS CAPITAL FOO MASTER FUND,,366188491,3615046,1084514,2021-22
MERRICKS COMMODITIES TRADING PTY LTD,15155870590,945751270,134992,11036,2021-22
MERRILL LYNCH (AUSTRALASIA) PTY LTD,72075923894,379751495,113725931,34117779,2021-22
MESH AND BAR PTY LTD,35084464746,403634810,59595954,17878786,2021-22
METAGENICS AUSTRALIA PTY LTD,78113937572,135882072,28517153,7322226,2021-22
METALS X LIMITED,25110150055,244770021,,,2021-22
METAROCK GROUP LIMITED,96142490579,456146311,,,2021-22
METCASH LIMITED,32112073480,17252008490,335710094,93429793,2021-22
METECNO PTY LTD,44096402934,151667231,9326720,2798016,2021-22
METHUSELAH HOLDINGS PTY LTD,45611923383,318961874,18252519,5475756,2021-22
METLIFE INSURANCE LIMITED,75004274882,987534574,39839105,11945606,2021-22
METRO FINANCE PTY LIMITED,44600674093,247178507,,,2021-22
METRO MINING LIMITED,45117763443,192998016,,,2021-22
METRO TRAINS AUSTRALIA PTY LTD,88614061960,2259225268,82940538,24882161,2021-22
METRO TRAINS SYDNEY PTY LTD,54600820737,117946779,,,2021-22
METROLL PTY LTD,97001446439,137976507,7753688,1587771,2021-22
METROLL QUEENSLAND PTY LTD,17010035266,136293122,36623512,10987054,2021-22
METROLL VICTORIA PTY LTD,60005505135,216163697,5725303,1717591,2021-22
MEYER TIMBER PTY LTD,54005314321,338787417,26260143,7601209,2021-22
MFF CAPITAL INVESTMENTS LIMITED,32121977884,124327800,94656291,25689581,2021-22
MFS INTERNATIONAL AUSTRALIA PTY LIMITED,68607579537,111779447,55527698,16658309,2021-22
MFS LOGISTICS PTY LIMITED,31125320658,101602586,1478057,443417,2021-22
MH PREMIUM FARMS HOLDINGS PTY LTD,34125875112,166465000,,,2021-22
MHG HOTEL HOLDING AUSTRALIA PTY LTD,49153049917,410344607,,,2021-22
MHPL INVESTMENTS PTY LTD,17010584031,634158717,41516550,10681363,2021-22
MICHAEL HILL INTERNATIONAL LIMITED,25610937598,393237219,6509153,89974,2021-22
MICHAEL PAGE INTERNATIONAL (AUSTRALIA) PTY LTD,58002872264,179782987,15708883,4712665,2021-22
MICHELIN AUSTRALIA PTY LTD,84006761628,821120000,35553695,7380454,2021-22
MICRO FOCUS AUSTRALIA PTY LTD,73614548346,122111766,4304999,1291500,2021-22
MICROSOFT CLIPCHAMP HOLDINGS PTY LTD,95655130617,210826619,57,17,2021-22
MICROSOFT DATACENTER (AUSTRALIA) PTY LIMITED,31163792078,1090699291,,,2021-22
MICROSOFT PTY LTD,29002589460,6296619602,400935241,120280572,2021-22
MIDAS TOUCH INVESTMENTS PTY LTD,19079087031,239194912,64215700,3601929,2021-22
MIDDLEMOUNT COAL PTY LTD,49122348412,747874737,,,2021-22
MIDFIELD MEAT INTERNATIONAL PTY LTD,78065864904,653333730,28011719,8403516,2021-22
MIDFIELD TRADING PTY LTD,91090910508,226550180,8178163,2414878,2021-22
MIDLAND 2015 PTY LTD,39606139146,133108832,7335882,2200765,2021-22
MIDWAY LTD,44005616044,171539885,27772649,8331795,2021-22
MIELE AUSTRALIA PTY LIMITED,96005635398,398953915,19781308,5934392,2021-22
MILEDO PTY LIMITED,19002050295,211118575,86768983,25816731,2021-22
MILK DEPARTMENT PTY LTD,80633414007,261632067,22699,6810,2021-22
MILLELL PTY LTD,17148151213,310273563,,,2021-22
MILLENNIUM SERVICES GROUP LIMITED,11607926787,243733394,,,2021-22
MILLER POHANG COAL COMPANY PTY LTD,99001588209,472985903,,,2021-22
MINERAL RESOURCES LIMITED,33118549910,3307487128,142343793,,2021-22
MINERALOGY INTERNATIONAL LIMITED,39632245446,738994854,288034376,86410269,2021-22
MINI-TANKERS AUSTRALIA PTY LTD,81050220016,267196084,9362347,2808704,2021-22
MINJAR GOLD PTY LTD,15119514528,161738571,,,2021-22
MINTEGO PTY. LIMITED,98054957587,247035791,5545669,1663701,2021-22
MIRVAC LIMITED,92003280699,1882274077,195659968,58571644,2021-22
MITCHELL SERVICES LTD,31149206333,214623936,,,2021-22
MITEK AUSTRALIA LTD,98004564587,163355321,72966573,20584706,2021-22
MITSUBISHI DEVELOPMENT PTY LTD,17009779873,10511577698,4754097786,1424660994,2021-22
MITSUBISHI ELECTRIC AUSTRALIA PTY LTD,58001215792,448133659,28935795,8680738,2021-22
MITSUBISHI HEAVY INDUSTRIES AIR CONDITIONERS AUSTRALIA PTY LTD,92133980275,302390755,17473592,5242078,2021-22
MITSUBISHI MOTORS AUSTRALIA LIMITED,53007870395,2342642798,117768501,35330550,2021-22
MITSUI & CO. (AUSTRALIA) LTD,64004349795,11763658087,6202633397,1101464973,2021-22
MITSUI MATSUSHIMA INTERNATIONAL PTY LIMITED,72100874600,217657028,64280569,19284171,2021-22
MITSUI SUMITOMO INSURANCE COMPANY LTD,49000525637,109930476,,,2021-22
MITSUI-ITOCHU IRON PTY LTD,84008702761,2557329600,931644119,279493236,2021-22
"MIZUHO BANK, LTD (SYDNEY BRANCH)",83099031106,487585120,243430259,73029078,2021-22
MLC LIMITED,90000000402,1557793478,,669846,2021-22
MLG OZ LIMITED,53102642366,287250847,,,2021-22
MMA OFFSHORE LIMITED,21083185693,216972502,,,2021-22
MMG AUSTRALIA LIMITED,23004074962,1299676355,352052701,54920020,2021-22
MML HOLDINGS LIMITED,55084402380,3504995281,300917556,90166806,2021-22
MNT PTY LTD,92606743266,217350391,21409778,6056333,2021-22
MOBIL PNG GAS HOLDINGS PTY LTD,35008633707,455419566,197298,59189,2021-22
MOBIS PARTS AUSTRALIA PTY LTD,34107778156,174730473,14354750,4306425,2021-22
MODERN STAR HOLDINGS TOPCO PTY LTD,92639348655,302161122,24138274,7241482,2021-22
MOET HENNESSY AUSTRALIA PTY LIMITED,26104454604,327167296,18023469,5407041,2021-22
MOFFAT GROUP PTY LTD,92069691407,195195802,36264962,10415919,2021-22
MONADELPHOUS GROUP LIMITED,28008988547,1632355132,55892106,15911748,2021-22
MONASH IVF GROUP LTD,90169302309,179474636,23375324,7012597,2021-22
MONDE NISSIN (AUSTRALIA) PTY LTD,25169518325,238849554,,,2021-22
MONDELEZ AUSTRALIA GROUP CO PTY LTD,53147371846,1548892458,77002960,21273859,2021-22
MONEYME LIMITED,29636747414,143073267,,,2021-22
MORGAN PASTORAL PTY LTD,27115390488,412276706,,,2021-22
MORGAN STANLEY AUSTRALIA FINANCE PTY LIMITED,84086080015,765689510,193066712,57920014,2021-22
MORGANS HOLDINGS (AUSTRALIA) LIMITED,80050413682,333376724,29480507,8842151,2021-22
MORT & CO HOLDINGS LTD,54606165128,836404367,27175479,8152644,2021-22
MOSAIC BRANDS LIMITED,96003321579,514487032,,,2021-22
MOSSOP GROUP PTY LTD,52008018540,206976113,4537152,1361146,2021-22
MOTA INVESTMENTS PTY LTD,98158946144,238397441,13529955,4058986,2021-22
MOTORCYCLE HOLDINGS LIMITED,29150386995,459649609,32451291,9735387,2021-22
MOTOROLA SOLUTIONS AUSTRALIA PTY LTD,16004742312,298076781,,,2021-22
MOTORONE TOPCO PTY LTD,82613793472,220763318,9638876,2783237,2021-22
MOTT MACDONALD AUSTRALIA PTY LTD,13134120353,370918699,30875787,9262736,2021-22
MOTUS AUSTRALIA PTY LTD,79113527263,346345099,12342733,3702820,2021-22
MOUNT GIBSON IRON LIMITED,87008670817,179240396,,,2021-22
MOUNT PRICHARD & DISTRICT COMMUNITY CLUB LIMITED,98000458622,159392495,,,2021-22
MOY INVESTMENT PTY LTD,11169154572,606153353,940902,,2021-22
MP AUSTRALIA HOLDINGS PTY LTD,37156629211,369456098,,,2021-22
MPA HOLDINGS (AUST) PTY LIMITED,20609473421,275547343,3069803,920941,2021-22
MPC KINETIC HOLDINGS LIMITED,68626678911,574221616,,,2021-22
MPD DAIRY PRODUCTS PTY LTD,55001442520,400212400,12846694,3853999,2021-22
MPG PROPERTY FINANCE PTY LTD,84657150724,221010486,220881003,603426,2021-22
MRFF INVESTMENT COMPANY NO.1 PTY LTD,95610668598,347079967,107986972,32396092,2021-22
MRFF INVESTMENT COMPANY NO.2 PTY LTD,50610668785,271359841,115427431,28974888,2021-22
MTD PRODUCTS AUSTRALIA PTY LTD,96004873572,140026628,17346626,5203988,2021-22
MTR CORPORATION (SYDNEY) SMCSW PTY LTD,53615158122,230889095,111195565,33358670,2021-22
"MUFG BANK, LTD.",75103418882,544519550,119747811,35923528,2021-22
MUIR GROUP PTY LTD,16004732656,373753259,32811085,9843122,2021-22
MULAWA HOLDINGS PTY LIMITED,18000259834,553644563,24591585,7377476,2021-22
MULPHA AUSTRALIA LIMITED,44002888039,315896874,,,2021-22
MULTI MARKET SERVICES AUSTRALIA HOLDINGS PTY LTD,50000026228,460330266,32269059,9657312,2021-22
MULTI-COLOR AUSTRALIA HOLDINGS PTY LTD,28129274719,174846195,8625668,2524700,2021-22
MULTIGATE MEDICAL PRODUCTS PTY LTD,98003283529,392981629,176011623,52491711,2021-22
MUNCHENER RUCKVERSICHERUNGS GESELLSCHAFT,90009763526,1854687538,28629712,,2021-22
MUNDIPHARMA PTY LIMITED,87081322509,173128285,33472781,10041834,2021-22
MUNICH HOLDINGS OF AUSTRALASIA PTY LTD,80000159651,1528233545,2009831,,2021-22
MURRAY ENGINEERING PTY LTD,21119603655,136561628,,,2021-22
MUTUAL MARKETPLACE PTY LTD,35615297820,211041465,2805632,841690,2021-22
MYER HOLDINGS LIMITED,14119085602,2545241164,84208577,25262573,2021-22
MYHOMECARE GROUP PTY LTD,82620857098,328952604,17656392,5296918,2021-22
MYLAN AUSTRALIA HOLDING PTY LTD,52127537302,504868399,13992413,4197724,2021-22
MYOB GROUP CO PTY LTD,23630725825,463423633,,,2021-22
MYSTATE LIMITED,26133623962,191288000,41420459,12426138,2021-22
N G P INVESTMENTS (NO 1) PTY LTD,80001495352,912151300,178967186,40529698,2021-22
N.H.P. HOLDINGS PROPRIETARY LIMITED,21004745644,470346685,37628643,11288593,2021-22
NAMOI COTTON LIMITED,76010485588,244562929,,,2021-22
NANDO'S AUSTRALIA PTY LTD,20079066407,233638490,,,2021-22
NANOSONICS LIMITED,11095076896,111803810,32062656,,2021-22
NASDAQ AUSTRALIA HOLDINGS PTY LTD,15145262371,198672114,69694728,20709935,2021-22
NATIONAL AUSTRALIA BANK LIMITED,12004044937,26741229335,5432323018,1625065031,2021-22
NATIONAL GROUP CORPORATION PTY LTD,32629791153,235459963,,,2021-22
NATIONAL ROADS & MOTORISTS ASSOCIATION LIMITED,77000010506,650407671,61280228,14866357,2021-22
NATIONAL STORAGE HOLDINGS LIMITED,38166572845,277290823,29376640,8812992,2021-22
NATIONAL TYRE & WHEEL LTD,97095843020,430383861,11421286,3426386,2021-22
NATURA BRAZIL PTY LTD,41162093030,335584074,109388701,28715288,2021-22
NATURE'S CARE HOLDINGS PTY LTD,62627672306,166722548,764792,,2021-22
NAVAL GROUP AUSTRALIA PTY LTD,14605467123,187814235,,,2021-22
NAVAL GROUP S.A.,54162722901,142296852,163545,49064,2021-22
NAVAL SHIP MANAGEMENT (AUSTRALIA) PTY LTD,56158512157,226744254,20927805,6278342,2021-22
NBN CO LIMITED,86136533741,6294871594,,,2021-22
NCIG HOLDINGS PTY LIMITED,98124700483,524425856,,,2021-22
NCR AUSTRALIA PTY LIMITED,61000003592,239330833,16400505,4920152,2021-22
NEC AUSTRALIA PTY LTD,86001217527,383469673,,,2021-22
NEGU PTY LTD,22637047066,2608067212,3699525868,12013812,2021-22
NEMO (BC) HOLDCO PTY LTD,13614209880,197657399,,,2021-22
NEP-GTV HOLDCO PTY LTD,34167517660,154017132,,,2021-22
NES FIRCROFT AUSTRALIA PTY LTD,58100091245,167541363,3370565,1011170,2021-22
NESTLE AUSTRALIA LIMITED,77000011316,2443756831,183590228,44731339,2021-22
NETAPP AUSTRALIA PTY LTD,14092499431,244536670,6504637,1951391,2021-22
NETWEALTH GROUP LIMITED,84620145404,173304898,80852852,24242307,2021-22
NETWORK FINANCE COMPANY PTY LTD,17617869511,672593456,986,296,2021-22
NEW AIM PTY LTD,50115804432,355905100,7543592,2262804,2021-22
NEW BALANCE AUSTRALIA PTY LTD,65003049296,114997192,6888855,2066656,2021-22
NEW CENTENARY PTY LTD,21168183864,276734421,14158002,4247401,2021-22
NEW CENTURY RESOURCES LTD,53142165080,434533985,,,2021-22
NEW HOPE CORPORATION LIMITED,38010653844,2555603358,1296363074,388907456,2021-22
NEW TOWN (WA) PTY LTD,51057584595,200692721,7865164,2359549,2021-22
NEW ZEALAND MILK (AUSTRALASIA) PTY LTD,23003502654,1946993595,,,2021-22
NEWCASTLE PERMANENT BUILDING SOCIETY LIMITED,96087651992,331542742,62173465,18652040,2021-22
NEWCREST MINING LIMITED,20005683625,3758148877,1102683525,325508379,2021-22
NEWELL AUSTRALIA PTY LTD,68075071233,281131378,17299804,5157392,2021-22
NEWFURN FLOOR COVERINGS LTD,63004650668,188119351,538957,161687,2021-22
NEWGEN KWINANA HOLDINGS PTY LTD,68116576955,186110426,3970371,1191111,2021-22
NEWMONT AUSTRALIA PTY LTD,95099040507,2858250160,777245778,230825131,2021-22
NEWS AUSTRALIA HOLDINGS PTY LIMITED,32105197028,1816105835,187973282,,2021-22
NEXANS AUSTRALIA HOLDING PTY LTD,52122486195,394398565,,,2021-22
NEXTDC LIMITED,35143582521,293735482,,,2021-22
NEXUS DAY HOSPITALS HOLDINGS PTY LTD,75165809101,154797662,,,2021-22
NF OCEAN PRODUCTIONS PTY LTD,38643491061,162802950,,,2021-22
NH FOODS AUSTRALIA PTY LTD,87001548401,968087592,,,2021-22
NIB HOLDINGS LIMITED,51125633856,2566593751,349452942,101797103,2021-22
NICK SCALI LIMITED,82000403896,343252146,97222436,29160444,2021-22
NIKE AUSTRALIA PTY. LTD.,99055141743,705868119,29958185,8987456,2021-22
NINE ENTERTAINMENT CO. HOLDINGS LIMITED,60122203892,2962179277,405945860,112887733,2021-22
NINTENDO AUSTRALIA PTY LIMITED,43060566083,470679964,22357172,6707152,2021-22
NIPPON STEEL AUSTRALIA PTY. LIMITED,64001445049,1648622397,1234628572,369560126,2021-22
NISSAN MOTOR CO (AUSTRALIA) PTY LTD,54004663156,1795182633,182613766,52939581,2021-22
NMT INTERNATIONAL (AUSTRALIA) PTY LTD,49112930542,298901113,13168367,3950510,2021-22
NOBLEOAK LIFE LIMITED,85087648708,512876942,8276487,2482939,2021-22
NOKIA SOLUTIONS AND NETWORKS AUSTRALIA PTY LTD,74122172365,796470626,27704025,8311208,2021-22
NOLAN MEATS PTY LTD,81096869304,212801758,6526750,1859568,2021-22
NORCO CO-OPERATIVE LIMITED,17009717417,652013000,,,2021-22
NORCO WHOLESALERS PTY LTD,78003630055,550126568,,,2021-22
NORITZ AUSTRALIA PTY LTD,71603048308,125775856,7840897,2352269,2021-22
NORMET ASIA PACIFIC PTY LTD,73119159625,117905572,2816511,844953,2021-22
NORRIS ENTERPRISES PTY LTD,92001917853,276031333,26485232,6364913,2021-22
NORSKE SKOG INDUSTRIES AUSTRALIA LIMITED,50003902985,258910290,,,2021-22
NORSTAR RECYCLING PTY LTD,37125250151,230308526,54292445,16287734,2021-22
NORTH QUEENSLAND EXPORT TERMINAL HOLDINGS PTY LTD,17154644685,497469610,,,2021-22
NORTHERN CO-OPERATIVE MEAT COMPANY LTD,42060208366,162901760,,,2021-22
NORTHERN STAR RESOURCES LTD,43092832892,3673622389,163030155,48782816,2021-22
NORTHROP GRUMMAN AUSTRALIA PTY LIMITED,78156458981,357971338,,,2021-22
NORTHROP SERVICES PTY LTD,88120539095,225545604,5087165,1526150,2021-22
NORTHWESTERN ROADS GROUP PTY LTD,21169328330,526725255,2646249,793875,2021-22
NORTON GOLD FIELDS PTY LTD,23112287797,348433791,13199247,3959774,2021-22
NOTE PRINTING AUSTRALIA LIMITED,86082630671,134002145,,,2021-22
NOUMI LIMITED,41002814235,531443739,,,2021-22
NOVA AEROSPACE PTY LTD,11090818214,355750569,18040418,5389044,2021-22
NOVARTIS AUSTRALIA PTY LIMITED,81004371224,1028957829,67767368,13921351,2021-22
NOVO NORDISK PHARMACEUTICALS PTY LIMITED,40002879996,357566773,22584476,4989355,2021-22
NP AUSTRALIA PTY LTD,46162670279,110659828,4123357,1237007,2021-22
NQXT PORT PTY LTD,61150498098,135763522,,,2021-22
NRI AUSTRALIA HOLDINGS PTY LTD,40621613385,699362058,73202755,18947139,2021-22
NRW HOLDINGS LTD,95118300217,2390036907,11912,,2021-22
NSC (AUSTRALIA) PTY LTD,71607111268,340465508,29889103,8943406,2021-22
NSW ELECTRICITY NETWORKS FINANCE PTY LTD,66609171913,244814897,,,2021-22
NSW PORTS FINANCE CO PTY LIMITED,83161943497,410637247,,,2021-22
NTI LIMITED,84000746109,137705663,6142428,1842728,2021-22
NTT AUSTRALIA PTY LTD,65003371239,1465339308,32573748,,2021-22
NTT AUSTRALIA SOLUTIONS PTY LTD,35081031432,107276140,,,2021-22
NUFARM LIMITED,37091323312,1549807483,18042698,,2021-22
NUTRICIA AUSTRALIA PTY LTD,99076246752,464963576,14512091,4353627,2021-22
NUTRITION & BIOSCIENCES AUSTRALIA PTY LTD,59000716469,139189262,8710705,2613212,2021-22
NXE AUSTRALIA PTY LIMITED,85625190990,2807702963,,,2021-22
NXT BUILDING GROUP PTY LTD,59089524050,812510055,11093832,3328150,2021-22
NYRSTAR HOBART PTY LTD,49124818113,261648734,,,2021-22
NYRSTAR PORT PIRIE PTY LTD,31008046428,493917097,,,2021-22
O&M HALYARD AUSTRALIA PTY LTD,99623524872,189178922,11464201,3439260,2021-22
OAKBRIDGE PTY LIMITED,67000230419,1309289820,187236450,54347178,2021-22
OCEANIA (TOPCO) PTY LTD,24639682027,335551529,84040042,25141275,2021-22
OCWEN ENERGY PTY LTD,44605178578,1549389667,19158883,5747665,2021-22
OFFSHORE REINSURER (BERMUDA) COMPANY LIMITED,68977393511,980263091,,,2021-22
OFX GROUP LIMITED,12165602273,102173618,24749593,4492198,2021-22
OGOG (OTWAY) HOLDINGS PTY LTD,51628945657,163823094,,,2021-22
OJI OCEANIA MANAGEMENT (AUS) PTY LTD,52169111362,150522494,,,2021-22
OKR TECHNICAL SERVICES AUSTRALIA PTY LTD,52612348222,186234644,,,2021-22
OLAM INVESTMENTS AUSTRALIA PTY LTD,17124391920,185956922,9788497,2903216,2021-22
OLBIA PTY LIMITED,64000305304,406502021,9452253,1507546,2021-22
OLYMPUS AUSTRALIA PTY LTD,90078493295,216516575,15462949,4638885,2021-22
OMEGA MATERIALS HANDLING PTY LTD,75069624031,298153969,15960013,4788004,2021-22
OMN INVESTMENTS PTY. LTD.,26119990064,346825063,,,2021-22
OMNICOM MEDIA GROUP AUSTRALIA PTY LTD,74129754883,348065217,38345004,11503501,2021-22
OMYA AUSTRALIA PTY LIMITED,97001682533,123783655,14275128,4282538,2021-22
ONE DIVERSIFIED PTY LTD,22632586844,106836013,2305434,691630,2021-22
ONE STOP WAREHOUSE PTY LTD,46161849323,513715092,13843785,4153136,2021-22
ONEFORTYONE PLANTATIONS HOLDINGS PTY LTD,42159689942,694946384,,,2021-22
ONLINE EDUCATION SERVICES PTY LTD,75148177959,186192821,25720908,7716272,2021-22
ONSITE RENTAL GROUP LIMITED,42126396852,302067000,,,2021-22
ONTEX MANUFACTURING PTY LTD,16145822528,146982193,2283809,685143,2021-22
OOH!MEDIA LIMITED,69602195380,456873769,13899486,3156614,2021-22
OPIC AUSTRALIA PTY LTD,66008603487,721703032,,,2021-22
OPTEON GROUP HOLDINGS LIMITED,20616574755,138420159,23476275,7042577,2021-22
OPTIVER AUSTRALIA HOLDINGS PTY LIMITED,35077364286,1225289620,102667549,24165537,2021-22
ORA BANDA MINING LTD,69100038266,167231121,,,2021-22
ORD MINNETT INVESTMENTS LTD,63635706759,260539511,48629106,14588470,2021-22
ORGANON PHARMA PTY LTD,54637107512,107786645,9310887,2793266,2021-22
ORICA LIMITED,24004145868,2493737014,179338532,,2021-22
ORICA MINING SERVICES PILABRA PTY LTD,65158151369,342400078,2800721,840216,2021-22
ORIENTAL MERCHANT PTY LTD,34007368925,349978767,38161613,11448484,2021-22
ORIGIN ENERGY LIMITED,30000051696,16629678126,315818441,92602675,2021-22
ORIX AUSTRALIA CORPORATION LIMITED,79002992681,295379368,,,2021-22
ORORA LIMITED,55004275165,893925580,64610193,9747242,2021-22
OSAKA GAS AUSTRALIA PTY LTD,49093246381,169587830,,,2021-22
OSIRIS HOLDINGS PTY LIMITED,29168919391,2234649431,,,2021-22
OTIS ELEVATOR COMPANY PTY LTD,56002873065,351047656,35439067,10631720,2021-22
OTR 330 PTY LTD,86638301649,1689198132,,,2021-22
OTR AUSTRALIA HOLDINGS PTY LTD,60156147849,124698728,,,2021-22
OUTDOOR SUPACENTRE PTY LTD,30609212624,337119135,22938259,6881478,2021-22
OUTOTEC PTY LTD,74003491165,735544720,25105735,7240734,2021-22
OUTSOURCING OCEANIA HOLDINGS PTY LIMITED,20628356141,712769871,34662865,10398860,2021-22
OVERSEA-CHINESE BANKING CORPORATION LIMITED,94073598035,209004585,147520092,44256028,2021-22
OZ GROUP CO-OP LIMITED,73482255177,223324839,,,2021-22
OZ MINERALS LIMITED,40005482824,2031925667,432910975,127695693,2021-22
OZGEN HOLDINGS AUSTRALIA PTY LTD,34128655096,273479907,12964319,3889296,2021-22
OZWIDE ENERGY GROUP PTY LTD,61631830825,205616860,6759046,2027714,2021-22
P20 ESG ACQUISITION PTY LTD (ABN 93 638 769 963),93638769963,475177401,,,2021-22
PACCAR AUSTRALIA PTY LTD,43004669667,1389204000,211807006,62102768,2021-22
PACIFIC 2021 TOPCO G PTY LIMITED,38649860177,166374280,,,2021-22
PACIFIC ASIA EXPRESS PTY LTD,65051866409,205016822,6312693,1893808,2021-22
PACIFIC HUNTER GROUP PTY LTD,79607717206,218559776,,,2021-22
PACIFIC INVEST DECEMBER 2004 PTY LTD,58112150973,878093745,76354751,22906425,2021-22
PACIFIC LIFE RE (AUSTRALIA) PTY LTD,91601822431,1043257655,,,2021-22
PACIFIC PETROLEUM PTY LTD,31618546339,307654680,1791975,537592,2021-22
PACIFIC SMILES GROUP LTD,42103087449,140790675,,,2021-22
PACT GROUP HOLDINGS LTD,55145989644,1571925626,,,2021-22
PADDY POWER AUSTRALIA PTY LTD,83133081491,2397822961,541972136,156350432,2021-22
PAGAC CHICKEN TENDERS HOLDINGS III PTY LIMITED,84634719458,197599206,37535692,11260708,2021-22
PALLADIUM HOLDINGS PTY LTD,51640464197,209254344,2971487,891446,2021-22
PALM LAKE WORKS HOLDINGS PTY LTD,43150532335,260474042,31001928,9300578,2021-22
PALO ALTO NETWORKS (AUSTRALIA) PTY LTD,43160218379,169795455,,,2021-22
PANASONIC AUSTRALIA PTY LIMITED,83001592187,288784718,5367627,1610288,2021-22
PANDROL AUSTRALIA PTY LIMITED,90000061227,162405707,27185059,8155518,2021-22
PANORAMIC RESOURCES LTD,47095792288,151387934,,,2021-22
PANTHER TOPCO PTY LTD,79626390136,238006119,,,2021-22
PANTONIC PTY LTD,93647861701,210681196,21360414,6408124,2021-22
PAPER AUSTRALIA PTY LTD,63061583533,1914844728,,,2021-22
PAPUAN OIL SEARCH LIMITED,62000251025,251813385,,,2021-22
PARAGON CARE LIMITED,76064551426,184876400,,,2021-22
PARAWAY PASTORAL COMPANY LIMITED,14122572641,574543610,4314180,1294254,2021-22
PARK FREIGHT INTERNATIONAL PTY LTD,84001954203,225232635,5103185,1530956,2021-22
PARK24 AUSTRALIA PTY LTD,58616101341,192340610,,,2021-22
PARKER HANNIFIN AUSTRALIA HOLDING PTY LIMITED,61117010107,1415453945,37116254,11134876,2021-22
PARKVIEW CERBERUS PTY LTD,44119071135,258974438,,,2021-22
PASTEL HOLDINGS PTY LTD,33168929566,533425960,71642266,21445130,2021-22
PAUL WAKELING MOTOR GROUP PTY LTD,47119908780,270384290,9799312,2939794,2021-22
PAX AUSTRALIA PTY LTD,42000447414,221637475,7007176,1237200,2021-22
PAYNTERS PTY LTD,32060951162,230725780,1852572,555772,2021-22
PAYPAL AUSTRALIA PTY LTD,93111195389,950251431,28336197,8500859,2021-22
PBS PROPERTY GROUP PTY LTD,39099677844,292102019,573709,172113,2021-22
PCL CONSTRUCTORS PACIFIC RIM PTY LTD,74140877792,272554821,12481078,3744323,2021-22
PE WHEATSTONE PTY LTD,53158341612,631011793,,,2021-22
PEABODY AUSTRALIA HOLDCO PTY LTD,61154820130,3164469005,6860837,,2021-22
PEARL CORPORATION OF AUSTRALIA PTY.LTD.,33009623081,200016386,41960081,,2021-22
PEARSON AUSTRALIA HOLDINGS PTY LTD,62103243858,193925124,4366033,,2021-22
PEDAL GROUP PTY LTD,67131402278,319738587,37772031,11331609,2021-22
PEET LIMITED,56008665834,272738190,59171398,17059559,2021-22
PELICAN ACQUISITION COMPANY PTY LTD,94146841027,551107263,27171875,8151562,2021-22
PENDAL GROUP LIMITED,28126385822,338449668,5829576,1367562,2021-22
PENGUIN RANDOM HOUSE AUSTRALIA PTY LTD,28004815703,247466545,16297024,4260981,2021-22
PENRITE OIL CO. PTY. LTD.,25005001525,254798248,57020658,17106197,2021-22
PENRITH CITY AUTOMOTIVE PTY LTD,31091198631,212767904,14455194,4336558,2021-22
PENRITH RUGBY LEAGUE CLUB LTD,57000578398,114000682,,,2021-22
PENSKE TRANSPORTATION GROUP INTERNATIONAL PTY LTD,42164850355,691768877,44864369,13203862,2021-22
PENTAIR AUSTRALIA HOLDINGS PTY LIMITED,71168775826,151568031,,,2021-22
PENTAL LIMITED,29091035353,117662017,10405455,3114774,2021-22
PEOPLEIN LIMITED,39615173076,563576406,23565294,7069588,2021-22
PEPPER MONEY LIMITED,55094317665,1105111422,166488000,49850284,2021-22
PEPSICO BEVERAGE SINGAPORE PTY LTD,28609497832,102352786,486197,145859,2021-22
PEPSICO FOODS GROUP PTY LIMITED,71122527137,1575539688,110575271,33172581,2021-22
PERCY STREET PTY LTD,83644820020,211789155,24260152,7278046,2021-22
PERENTI LIMITED,95009211474,1393183303,24542127,,2021-22
PERILYA LIMITED,85009193695,395228130,,,2021-22
PERMASTEELISA PTY LIMITED,26001294613,113665402,,,2021-22
PERNOD RICARD PACIFIC HOLDING PTY LTD,16003678484,663892000,,,2021-22
PERPETUAL EQUITY INVESTMENT COMPANY LIMITED,68601406419,113486655,114544415,27548924,2021-22
PERPETUAL LIMITED,86000431827,529997042,125033507,35902469,2021-22
PERRON INVESTMENTS PTY LTD,48000003976,870490065,235886126,67065807,2021-22
PERSOL AUSTRALIA HOLDINGS PTY LTD,58620794130,2466774959,59155014,17746504,2021-22
PERTH AIRPORT DEVELOPMENT GROUP PTY LTD,53076286630,683423874,65555367,19196006,2021-22
PET CARE HOLDINGS AUSTRALIA PTY LTD,77000060364,8726980179,302765251,90736536,2021-22
PETER WARREN AUTOMOTIVE HOLDINGS LIMITED,57615674185,1562041026,76735459,23019050,2021-22
PETRO NATIONAL PTY LIMITED,83606401325,589806546,3128196,938459,2021-22
PETROCHINA INTERNATIONAL (AUSTRALIA) PTY LTD,67618641697,785069768,9413488,2824046,2021-22
PETROLEUM HELICOPTERS AUSTRALIA PTY LTD,48154419628,120123503,4415555,1324666,2021-22
PETRONAS AUSTRALIA PTY LIMITED,25064998867,1145139131,,,2021-22
PETSTOCK PTY LTD,80098394588,535887162,46761433,13761295,2021-22
PEXA GROUP LIMITED,23629193764,280341071,,,2021-22
PFD FOOD SERVICES PTY LTD,29006972381,2119684907,52754268,15826280,2021-22
PFG PROPERTIES PTY LTD,93100371220,226532388,30130258,9039077,2021-22
PFG TOPCO 1 PTY LTD,35604317875,712583889,6780839,2034252,2021-22
PFIZER AUSTRALIA INVESTMENTS PTY LTD,86146429138,3516562849,190985990,57295797,2021-22
PHARMA SOUL PTY LTD,24639985863,356078470,40813994,12244198,2021-22
PHARM-A-CARE LABORATORIES PTY LTD,99003468219,338206490,50915935,14060314,2021-22
PHILIP MORRIS (AUSTRALIA) LIMITED,68004316901,4311659966,85199567,25559870,2021-22
PHILIP USHER CONSTRUCTIONS PTY LTD,38011008101,316159842,89441383,25601785,2021-22
PHILIP YATES FAMILY HOLDINGS PTY LTD,69610437119,160630201,49591536,13117063,2021-22
PHILIPS ELECTRONICS AUSTRALIA LIMITED,24008445743,456992118,16907336,4999173,2021-22
PIACENTINI & SON PTY LTD,18008797715,363518027,71430,,2021-22
PICKERING CORPORATION PTY LTD,31125213738,244898832,13981710,4194513,2021-22
PICKLES AUCTIONS PTY LTD,32003417650,316694871,60346548,18103964,2021-22
PILBARA MINERALS LIMITED,95112425788,1215600851,305977376,88586658,2021-22
PIMCO AUSTRALIA PTY LIMITED,54084280508,176762087,65430755,19629226,2021-22
PINNACLE INVESTMENT MANAGEMENT GROUP LIMITED,22100325184,124448028,77669190,,2021-22
PIONEER SAIL HOLDINGS PTY LTD,45617844569,3957928007,165038114,20916072,2021-22
PIPEMAKERS AUSTRALIA PTY LTD,76061712365,217531612,12890820,3867246,2021-22
PIRELLI TYRES AUSTRALIA PTY LTD,63001784014,123979439,4781560,1434468,2021-22
PJ MORRIS WOOLS PTY LTD,57008767968,232382502,1013380,275909,2021-22
PKMC ADELAIDE PTY LIMITED,91620982694,372420888,14714174,4414252,2021-22
PLANET INNOVATION HOLDINGS LTD,37152424916,105849307,4484134,61197,2021-22
PLASIA HOLDCO PTY LTD,97646084184,1175163019,78878839,22875603,2021-22
PLATINUM ASSET MANAGEMENT LIMITED,13050064287,256900135,179717181,52766501,2021-22
PLATINUM CAPITAL LIMITED,51063975431,128089564,48987943,13583415,2021-22
PLATINUM OPERATIONS PTY LTD,66140741153,187985015,11041281,3312384,2021-22
PLUMBERS SUPPLIES CO-OPERATIVE LIMITED,55053236436,126232376,,,2021-22
PO STREET CAPITAL PTY LTD,78626706410,1395868679,6265039,1879512,2021-22
POLARIS SALES AUSTRALIA PTY LTD,62088081949,174026744,6825832,2047750,2021-22
POLICE & NURSES LIMITED,69087651876,212265329,11899178,3094398,2021-22
POLLY HOLDCO PTY LTD,58627160794,519915475,7256567,2017009,2021-22
POLYAIRE HOLDINGS PTY LTD,59007766369,180171379,7479469,2243841,2021-22
PON HOLDING AUSTRALIA PTY LTD,67164517104,181036471,,,2021-22
POPEYE TREASURES PTY LTD,94631402456,234236012,234224571,312640,2021-22
PORSCHE CARS AUSTRALIA PTY LIMITED,67004327048,699725676,32862606,9858782,2021-22
PORT AUGUSTA OPERATIONS LIMITED,85633416529,168683752,,,2021-22
PORT WARATAH COAL SERVICES LTD,99001363828,337820015,70438602,20620558,2021-22
POSCO AUSTRALIA PTY LTD,54002062160,384306014,274944387,27479592,2021-22
PPG INDUSTRIES AUSTRALIA PTY LTD,82055500939,557816375,97548476,28961857,2021-22
PPT INVESTMENTS PTY LTD,80000868860,470190609,19139762,5741929,2021-22
PRATT CONSOLIDATED HOLDINGS PTY LTD,43104958581,3849910767,104942844,23659266,2021-22
PRECISE AIR GROUP (HOLDINGS) PTY LTD,37604902203,110146837,,,2021-22
PRECISION ADMINISTRATION SERVICES PTY LTD,47098977667,212988227,33273466,9982040,2021-22
PREMIER COAL HOLDINGS PTY LTD,89158560911,579455437,,,2021-22
PREMIER INVESTMENTS LIMITED,64006727966,1320618514,317131278,87768872,2021-22
PREMIUM FLOORS AUSTRALIA PTY LTD,15152867984,415288867,41521952,11745689,2021-22
PRESTIGE AUTO TRADERS AUSTRALIA PTY LTD,11105105771,214891928,7225433,2167630,2021-22
PRICEWATERHOUSECOOPERS ASEANZ CONSULTING PTY LIMITED,77606603436,848645097,,,2021-22
PRICEWATERHOUSECOOPERS SECURITIES LTD,54003311617,275375402,,,2021-22
PRIMAPLAS PTY LIMITED,94003720474,286904998,14295332,4279947,2021-22
PROBE GROUP HOLDINGS PTY LTD,76638108835,414201307,36942166,10088850,2021-22
PROCTER & GAMBLE AUSTRALIA PTY LIMITED,91008396245,713561111,18650923,5583263,2021-22
PROJECT QUILL I PTY LTD,41617774017,754173744,,,2021-22
PRO-PAC PACKAGING LIMITED,36112971874,421012534,2724875,81490,2021-22
PROPEL FUNERAL PARTNERS LIMITED,41616909310,119108946,16797761,4769637,2021-22
PROSEGUR AUSTRALIA HOLDINGS PTY LIMITED,44166656739,123923268,,,2021-22
PROSPA GROUP LTD,13625648722,176580135,,,2021-22
PROSPECT RESOURCES LIMITED,30124354329,461963139,,,2021-22
PROSSER 2015 PTY LTD,43606139164,278177292,11136972,3341092,2021-22
PROUDS JEWELLERS PTY LIMITED,99073053273,652677744,106066631,31742736,2021-22
PROXIMO APAC PTY LTD,15619807448,121877859,4536843,1361053,2021-22
PRT COMPANY LIMITED,97000764867,144832892,15215951,4564785,2021-22
PRUDENTIAL INVESTMENT COMPANY OF AUSTRALIA PTY LTD,84004266817,117721782,10294063,3082853,2021-22
PRYSMIAN AUSTRALIA PTY LIMITED,36096594080,563331128,19150798,2071397,2021-22
PSC INSURANCE GROUP LIMITED,81147812164,111062415,34659080,10215567,2021-22
PT (2013) PTY LTD,85162030015,109607423,3656032,1096810,2021-22
PTH NO 1 PTY LTD,43611116155,763089388,143492415,42589429,2021-22
PUMA AUSTRALIA PTY LTD,52050539501,158898557,,,2021-22
PUMA ENERGY (AUSTRALIA) ASSETS HOLDINGS PTY LTD,24167119020,359142287,,,2021-22
PWTK HOLDINGS PTY LTD,66164537419,247268237,36008819,10802646,2021-22
PZ CUSSONS (HOLDINGS) PTY LTD,19000327873,156398891,14807327,4442198,2021-22
Q. AUTOMOTIVE GROUP PTY. LTD.,47010489460,310576495,16848846,4419983,2021-22
QAL TECHNOLOGIES PTY LTD,25600791026,108239487,2844032,853210,2021-22
QANTAS AIRWAYS LIMITED,16009661901,9324605379,,,2021-22
QANTM INTELLECTUAL PROPERTY LIMITED,43612441326,134261698,13309363,3992809,2021-22
QATAR AIRWAYS GROUP (Q.C.S.C),18105742916,352295878,,,2021-22
QBE INSURANCE GROUP LIMITED,28008485014,7770732598,77095159,,2021-22
QCOAL PTY LTD,99010911234,1472675579,504391672,105717221,2021-22
QENOS HOLDINGS PTY LTD,62086026968,709843740,,,2021-22
QGC UPSTREAM HOLDINGS PTY LIMITED,76130856843,5870107878,,,2021-22
QGIF SWAN HOLDCO PTY LTD,64634920184,283405791,,,2021-22
QIC AGRIBUSINESS HOLDINGS PTY LTD,93612232112,222084313,,,2021-22
QIC GLOBAL INFRASTRUCTURE FUND (AUSTRALIA) NO.2 TRUST,93801605359,203920796,,,2021-22
QIC INFRASTRUCTURE PORTFOLIO NO. 2 TRUST,12154236871,126093020,,,2021-22
QINETIQ PTY LTD,68125805647,174351625,20879500,6263850,2021-22
QSCAN GROUP HOLDINGS NEWCO PTY LTD,22645220328,280194878,3239227,971768,2021-22
QSUPER LIMITED,50125248286,1160228363,30947200,9284160,2021-22
QUARTZ REEF HILL INVESTMENTS PTY LTD,34612741812,476876704,34962778,10488833,2021-22
QUASAR RESOURCES PTY LTD,17101227070,229512380,,,2021-22
QUBE HOLDINGS LIMITED,14149723053,2414842399,742778015,208444386,2021-22
QUD PTY LTD,16056658176,120454406,1580294,474088,2021-22
QUEENSLAND ALUMINA LIMITED,98009725044,838485703,6890451,,2021-22
QUEENSLAND COUNTRY BANK LIMITED,77087651027,115230900,14241364,2569744,2021-22
QUEENSLAND COUNTRY HEALTH FUND LTD,18085048237,156233879,11295073,3149459,2021-22
QUEENSLAND NITRATES PTY LTD,63079889268,170365877,52110857,15633257,2021-22
QUEENSLAND VENUE CO PTY LTD,57079861626,363181884,,,2021-22
QUESTAS HOLDCO PTY LTD,85634069837,273779322,8777205,1878930,2021-22
QUIKSILVER AUSTRALIA PTY LTD,20091136195,455405059,,,2021-22
R&F DEVELOPMENT HOLDINGS PTY LTD,77169840555,196020543,,,2021-22
R&P MATTHEWS PTY LTD,42054660374,352827408,7164223,2149267,2021-22
RA (HOLDINGS) 2014 PTY LTD,75603289792,268376756,,,2021-22
RA PARTNERSHIP HOLDING 1 PTY LTD,74610717407,387853060,44955471,12296405,2021-22
RABO AUSTRALIA LIMITED,39060452217,964345987,234782996,69014185,2021-22
RACQ INSURANCE LIMITED,50009704152,1748177371,,,2021-22
RACQ OPERATIONS PTY LTD,80009663414,546766574,1256294,,2021-22
RALERU LTD,52002575340,111819550,,,2021-22
RALPH LAUREN AUSTRALIA PTY LTD,61118847359,170887968,10392945,3117884,2021-22
RAMELIUS RESOURCES LIMITED,51001717540,635069547,48336667,14487422,2021-22
RAMPAGE RETAIL PTY LTD,66600817178,912257151,2961410,888423,2021-22
RAMSAY HEALTH CARE LIMITED,57001288768,5193782970,467364930,135865692,2021-22
RANDSTAD HOLDINGS PTY LIMITED,33098899855,1331581692,24925218,5428913,2021-22
RARD NO 3 PTY LTD,87618271542,334399859,11064490,1875959,2021-22
RATCH-AUSTRALIA CORPORATION PTY LTD,31106617332,161859092,,,2021-22
RAVAGO AUSTRALIA PTY LTD,45120210782,126236884,7717528,2315258,2021-22
RAVENSDOWN SHIPPING SERVICES PTY LIMITED,37149142807,354564190,72992996,20897899,2021-22
RAYTHEON AUSTRALIA PTY LTD,35063709295,682525322,97457629,27074456,2021-22
RDO AUSTRALIA GROUP PTY LTD,82169836533,785499445,44354381,13306314,2021-22
REA GROUP LIMITED,54068349066,1238503823,672059771,188520708,2021-22
READING ENTERTAINMENT AUSTRALIA PTY LTD,12070893908,157915237,38753552,11626066,2021-22
REALWISE HOLDINGS PTY LIMITED,87059309161,251237793,255946580,71811936,2021-22
RECKITT BENCKISER HEALTHCARE AUSTRALIA PTY LIMITED,64000071278,748751734,47180001,14154000,2021-22
RECO INDFUND PRIVATE LIMITED,,367050389,,,2021-22
RECO WESTPAR PTE LIMITED,,1108433542,671988,201596,2021-22
RECOCHEM INC,69010485999,105517433,9725250,2917575,2021-22
RECYCLE AND RESOURCE HOLDINGS LIMITED,20649347302,495430997,,,2021-22
RED 5 LIMITED,73068647610,165451045,,,2021-22
RED BULL AUSTRALIA PTY LTD,67085840259,250158105,22619624,6785887,2021-22
RED DOT HOLDINGS PTY LIMITED,66123584618,211121888,17743508,5323052,2021-22
RED HILL MINERALS LIMITED,44114553392,200046217,207818438,51954610,2021-22
RED HOT AUSTRALIA HOLDCO PTY LIMITED,38620321351,598268133,304627224,,2021-22
REDBUBBLE LTD,11119200592,192105404,,,2021-22
REDCAPE HOTEL TRUST II,62958405971,312815410,,,2021-22
REDOX LTD,92000762345,1024795439,105723809,31717113,2021-22
REDPATH (AUSTRALIA) HOLDINGS PTY LTD,43133126682,285779693,100903,30271,2021-22
REECE LIMITED,49004313133,3431990206,431349722,127767601,2021-22
REED INDUSTRIAL MINERALS PTY LTD,67138805722,1078230682,609847789,182954337,2021-22
REFINITIV AUSTRALIA PTY LTD,70002834237,151205824,5534381,1660314,2021-22
REGAN HOLDINGS PTY LTD,61073039791,229666698,4816967,1445090,2021-22
REGENT MOTORS PTY LTD,12008685087,388931656,28029013,3209084,2021-22
REGIONAL EXPRESS HOLDINGS LIMITED,18099547270,324367395,,,2021-22
REGIS HEALTHCARE LIMITED,11125203054,734510000,,,2021-22
REGIS RESOURCES LIMITED,28009174761,1016057711,,,2021-22
RELIANCE WORLDWIDE CORPORATION LIMITED,46610855877,388463816,23467079,5830211,2021-22
RELX AUSTRALIA PTY LTD,19004323166,190729529,28593593,8555736,2021-22
REMA TIP TOP ASIA PACIFIC PTY LTD,63104702614,177925339,,,2021-22
REMONDIS AUSTRALIA PTY LTD,95002429781,416173392,49150071,14629884,2021-22
RENTOKIL PTY LTD,61000143733,274652236,29342928,8802878,2021-22
RESIMAC GROUP LIMITED,55095034003,275084003,114777420,34214235,2021-22
RESMED HOLDINGS PTY LTD,28003765133,2065010522,780679245,188960804,2021-22
RESOLUTION LIFE NOHC PTY LTD,48633375069,4961856652,1104672869,161750288,2021-22
RESOURCECO HOLDINGS PTY LTD,64107343288,201988362,24178754,4467912,2021-22
RESTAURANT BRANDS AUSTRALIA HOLDINGS PTY LTD,53611058701,230161080,5904356,1771307,2021-22
RETAIL ZOO HOLDINGS PTY LIMITED,51169039721,184317938,26555728,7758870,2021-22
REVLON AUSTRALIA PTY LTD,18095360731,204164902,10043783,3013135,2021-22
REWARD SUPPLY CO PTY LTD,40010183669,165929935,12495882,3370872,2021-22
REXEL HOLDINGS AUSTRALIA PTY LTD,17081022068,863996928,21862468,6558740,2021-22
RGA AUSTRALIAN HOLDINGS PTY LTD,20071125507,394922632,,,2021-22
RGF STAFFING APEJ PTY LTD,84603568403,1801421341,30490675,7941765,2021-22
RHEINMETALL DEFENCE AUSTRALIA PTY LTD,62137668092,427481287,,,2021-22
RHEINMETALL MAN MILITARY VEHICLES AUSTRALIA PTY LTD,87114035595,251158029,7985079,2395524,2021-22
RIBSHIRE PTY LTD T/A GOODLINE,40085847892,212636979,,,2021-22
RICEGROWERS LIMITED,55007481156,853244811,13672781,1896281,2021-22
RICHARD CROOKES CONSTRUCTIONS PTY LIMITED,33001375266,1347251552,29299659,8789898,2021-22
RICHEMONT AUSTRALIA PTY LIMITED,99003432504,376710723,25877222,7763167,2021-22
RICHLAND EXPRESS PTY LIMITED,52127488340,120169897,1729540,518862,2021-22
RICOH AUSTRALIA PTY LTD,30000593171,255848907,,,2021-22
RIDDOCH HOLDINGS PTY LTD,85610959727,277072891,,,2021-22
RIDLEY CORPORATION LIMITED,33006708765,1063135108,61571829,14668581,2021-22
RINNAI AUSTRALIA PTY LTD,74005138769,314914979,25842157,7109644,2021-22
RIO TINTO LTD,96004458404,55444883504,32098258450,9075018208,2021-22
RIORDAN GROUP PTY LTD,35076271148,510704848,21247228,6374168,2021-22
RISEN ENERGY AUSTRALIA HOLDINGS PTY LTD,70644669830,110461647,,,2021-22
RITCHIE BROS. HOLDINGS PTY LTD,27080895861,198623622,4654062,1396219,2021-22
RITCHIES STORES PTY LTD,61005041814,1392034683,46452451,13935735,2021-22
RIVALEA HOLDINGS PTY LTD,37097393112,357544920,,,2021-22
RIVERINA (AUSTRALIA) PTY LIMITED,76010755254,472496999,722272,54333,2021-22
RIVERINA OILS & BIO ENERGY PTY LIMITED,25103697703,251755943,,,2021-22
RIVIERA AUSTRALIA PTY LTD,55139663906,233518298,14885373,2272702,2021-22
RIVIERA HOLDINGS (AUS) PTY LTD,96169709415,388398466,60852674,17486472,2021-22
ROBE RIVER MINING CO PTY LTD,71008694246,3813845051,2514837159,754150733,2021-22
ROBERT BOSCH (AUSTRALIA) PTY LTD,48004315628,1141061891,96453877,21238953,2021-22
ROBERT HALF AUSTRALIA PTY LIMITED,32081257052,130464804,14207026,4262108,2021-22
ROBERT WALTERS PTY LTD,18079521618,283298701,7993175,2388694,2021-22
ROBERTS CO AUSTRALIA PTY LTD,83616561678,300766335,15339880,4601964,2021-22
ROBINSON GRAIN TRADING CO. PTY. LTD.,71079213219,503665043,14999061,4499718,2021-22
ROCHE DIAGNOSTICS AUSTRALIA PTY LTD,29003001205,400494957,34089466,10226840,2021-22
ROCHE PRODUCTS PTY LIMITED,70000132865,569702273,86768473,11362354,2021-22
ROCKWELL AUTOMATION AUSTRALIA LIMITED,80005549477,155640555,7673955,2301951,2021-22
ROHLIG AUSTRALIA PTY LTD,51001191402,277100657,14962796,4488839,2021-22
ROLEX AUSTRALIA PTY LTD,47005956338,258984925,21620784,6486235,2021-22
ROLLEASE ACMEDA HOLDINGS PTY LTD,60602994016,108632709,11641995,3453921,2021-22
RON FINEMORE TRANSPORT PTY LTD,30106495087,224053451,137580,,2021-22
RONDO BUILDING SERVICES PTY LTD,69000289207,285037531,44262676,12411224,2021-22
ROSS HOUSE INVESTMENTS PTY LTD,98004360392,325576700,6194669,1839705,2021-22
ROSS LLEWELLYN MOTORS PTY LTD,81010428841,207998213,11679804,3503941,2021-22
ROY HILL HOLDINGS PTY LTD,71123721077,8876715371,4727924650,1418377395,2021-22
ROYAL AUTOMOBILE ASSOCIATION OF SOUTH AUSTRALIA INC,90020001807,729739379,,,2021-22
ROYAL AUTOMOBILE CLUB OF VICTORIA (RACV) LIMITED,44004060833,796354546,,,2021-22
ROYAL BANK OF CANADA,86076940880,545434911,75902076,22770623,2021-22
ROYAL CANIN AUSTRALIA PTY LTD,88092020178,272541111,30949924,9284977,2021-22
RPS ENERGY PTY LTD,44072504299,264340003,31654132,9428008,2021-22
RS COMPONENTS PTY LIMITED,73009403356,112734030,4746923,1424077,2021-22
RSEA HOLDCO PTY LTD,80625934116,266048777,18153766,5446130,2021-22
RTA HOLDCO AUSTRALIA 1 PTY LTD,17128762318,2418854574,22322889,,2021-22
RTCH PTY LTD,66616357487,733435082,117860789,34795704,2021-22
RTPDS AUS PTY LTD,21099346899,17000015718,24285714650,109,2021-22
RUSSELL INVESTMENTS AUSTRALIA HOLDCO PTY LTD,99612159314,177025117,44934410,13476798,2021-22
RYMAN HEALTHCARE (AUSTRALIA) PTY LTD,44142241110,133131251,,,2021-22
RYOWA DEVELOPMENT II PTY LTD,22063780021,257855337,26811253,8043376,2021-22
S&P GLOBAL AUSTRALIA PTY LTD,18000473674,107922758,50701316,15210395,2021-22
SAAB TECHNOLOGIES AUSTRALIA PTY LTD,47002950790,238194621,37765565,11329670,2021-22
SADDLEBACK INVESTMENTS PTY LTD,96134978224,688696383,223426900,67028070,2021-22
SAFCOL AUSTRALIA PTY LTD,19052489924,128259977,,,2021-22
SAFRAN HELICOPTER ENGINES AUST PTY LTD,49063102198,164107482,23456927,7037078,2021-22
SAI GLOBAL HOLDINGS II(AUSTRALIA) PTY LIMITED,55615020409,358408331,,,2021-22
SAIC MOTOR AUSTRALIA PTY LTD,30608096519,845690036,51020141,15306042,2021-22
SALIC AUSTRALIA PTY LTD,19629864437,163840281,,,2021-22
SALINI AUSTRALIA PTY LTD,86158955885,101733296,,,2021-22
SAMIOS PLUMBING PTY LTD,91010360899,255489203,12872916,3861875,2021-22
SAMSUNG C&T CORPORATION,49160079470,364603559,,,2021-22
SAMSUNG ELECTRONICS AUSTRALIA PTY LIMITED,63002915648,2965603884,90637622,27191287,2021-22
SAMUEL SMITH & SON PTY LTD,64007534278,244221987,11385217,3077089,2021-22
SAN MIGUEL YAMAMURA AUSTRALASIA PTY LTD,49099994162,254327659,9227308,2760948,2021-22
SANDFIRE RESOURCES LIMITED,55105154185,971894672,454707291,135281187,2021-22
SANDVIK AUSTRALIA HOLDINGS PTY LTD,60003771373,1499056560,104773097,18236265,2021-22
SANOFI-AVENTIS AUSTRALIA PTY LTD,31008558807,758498990,76147629,19924194,2021-22
SANTE GLOBAL PTY LTD,75640677783,415384780,120436130,36130839,2021-22
SANTOS LIMITED,80007550923,4746037784,74055825,,2021-22
SANTOS NA (19-12) PTY LTD,73064963346,523403602,25745,7724,2021-22
SANTOS NA (19-13) PTY LTD,77099996782,131052501,4997,1499,2021-22
SANTOS NA BAYU UNDAN PTY LTD,64097445942,267090313,14931,4479,2021-22
SANTOS NA TIMOR SEA PTY LTD,85053698794,193335730,7246,2174,2021-22
SANWA PTY LIMITED,96000904987,701525529,32188495,9655858,2021-22
SAP AUSTRALIA PTY LIMITED,26003682504,1176395666,2341712,,2021-22
SAPPHIRE CATTLE COMPANY PTY LTD,14600389286,161864510,,,2021-22
SAUNDERS INTERNATIONAL LIMITED,14050287431,130852500,8915827,2674748,2021-22
SAVILLS (AUST) HOLDINGS PTY LTD,49059047371,144339297,6152176,1845653,2021-22
SCANIA AUSTRALIA PTY LTD,44000537333,536448914,37794548,11338364,2021-22
SCENTRE GROUP LIMITED,66001671496,2683714747,88975205,26671991,2021-22
SCHENKER AUSTRALIA PTY LIMITED,75000410211,862031855,28503442,8551033,2021-22
SCHINDLER LIFTS AUSTRALIA PTY LTD,19005838773,482236330,19695758,5908727,2021-22
SCHLUMBERGER AUSTRALIA PTY LTD,74002459225,566779846,,,2021-22
SCHNEIDER ELECTRIC AUSTRALIA HOLDINGS PTY LTD,30105310781,1329947251,96797737,27353027,2021-22
SCHOLASTIC AUSTRALIA PTY LIMITED,11000614577,113798820,1305656,75705,2021-22
SCHUTZ AUSTRALIA PTY LTD,60090995958,111891559,14670570,4318742,2021-22
SCIFLEET MOTORS PTY LTD,25057783749,690428263,38484548,11545364,2021-22
SCOR GLOBAL LIFE AUSTRALIA PTY LIMITED,83148897670,159559500,,,2021-22
SCOTT PARK GROUP PTY LTD,42118798253,305406795,7160241,1997594,2021-22
SDP FINCO PTY LIMITED,27158077073,165799278,,,2021-22
SDP HOLDCO PTY LIMITED,60158076843,282926254,22561260,6768378,2021-22
SEA PLANT & EQUIPMENT PTY LTD,59601889614,1014598884,18837952,5651386,2021-22
SEALED AIR AUSTRALIA (HOLDINGS) PTY LIMITED,74102261307,303224310,13270674,3475175,2021-22
SEALORD AUSTRALIA PTY LIMITED,19001670864,163399194,4567937,1275337,2021-22
SEAROAD HOLDINGS PTY LTD,16123749655,237925500,,,2021-22
SEAWAY HOLDINGS PTY LTD,82616470010,432377339,49353858,14631276,2021-22
SEDGWICK AUSTRALIA HOLDINGS PTY LIMITED,,125532469,,,2021-22
SEE GROUP PARENT PTY LTD,47626830206,329810689,3532999,1059900,2021-22
SEEK LIMITED,46080075314,886369346,370173110,80212058,2021-22
SEI AUSTRALIA HOLDINGS PTY LIMITED,36133805820,320771744,10088932,3026680,2021-22
SEKISUI HOUSE AUSTRALIA HOLDINGS PTY LTD,71134688510,417331863,,,2021-22
SEKTOR LIMITED PARTNERSHIP,74297651095,200954210,14703245,4410974,2021-22
SELECT ACCESS INVESTMENTS LIMITED,35101078111,167499375,,,2021-22
SELECT HARVESTS LIMITED,87000721380,240390122,,,2021-22
SELECTION STEEL TRADING PTY LTD,37005324407,277564829,30589593,9176878,2021-22
SELL & PARKER PTY LIMITED,98000101315,451589928,49801062,14940319,2021-22
SENEX ENERGY LIMITED,50008942827,139131202,,,2021-22
SEPHORA AUSTRALIA PTY LTD,37169030737,191831446,,,2021-22
SEQUOIA FINANCIAL GROUP LIMITED,90091744884,147329720,10775795,3224804,2021-22
SERCO GROUP PTY LTD,55061889763,1633351083,133511133,40053340,2021-22
SERV FINCO PTY LTD,16627986476,310462386,,,2021-22
SERVCO AUSTRALIA CAIRNS PTY LTD,96136856614,236596026,17680651,5304195,2021-22
SERVCO AUSTRALIA CALOUNDRA PTY LTD,56000223021,105165906,5772565,1676066,2021-22
SERVCO AUSTRALIA MELBOURNE CITY PTY LTD,96616073226,345718147,12252209,3675663,2021-22
SERVCO AUSTRALIA MELVILLE PTY LTD,39622157706,287159104,9610168,2883050,2021-22
SERVCO AUSTRALIA MORNINGSIDE PTY LTD,29127812604,124122863,3467686,1040306,2021-22
SERVICE STREAM LIMITED,46072369870,1567248003,,,2021-22
SERVICENOW AUSTRALIA PTY LTD,88149683312,410705558,,,2021-22
SERVIER LABORATORIES (AUST) PTY LTD,54004838500,116041200,31743691,7328259,2021-22
SEVEN GROUP HOLDINGS LIMITED,46142003469,5441746014,332869916,90955118,2021-22
SEVEN WEST MEDIA LIMITED,91053480845,1766732099,262982345,72117563,2021-22
SFDC AUSTRALIA PTY LTD,91109182989,1214762520,,,2021-22
SFG GROUP HOLDINGS PTY LTD,,1022737430,,,2021-22
SG FLEET GROUP LIMITED,40167554574,637174979,,,2021-22
SG GAMING AUSTRALIA HOLDINGS I PTY LTD,37169042013,115382120,27126145,5264066,2021-22
SGS AUSTRALIA HOLDINGS PTY LTD,46004269023,249828437,,,2021-22
SGSP (AUSTRALIA) ASSETS PTY LTD,60126327624,1695694590,5869150,2989,2021-22
SHADFORTH'S CIVIL PTY LTD,68162606377,561723487,,,2021-22
SHAPE AUSTRALIA CORPORATION LIMITED,14654729352,658324932,6415616,1924685,2021-22
SHAVER SHOP GROUP LIMITED,78150747649,213119443,18808684,5642605,2021-22
SHAW AND PARTNERS LIMITED,24003221583,200791886,26986314,8095894,2021-22
SHEIN DISTRIBUTION AUSTRALIA PTY LIMITED,38653503023,404145775,3916207,1174862,2021-22
SHELL ENERGY HOLDINGS AUSTRALIA LIMITED,69054260776,8970321749,759120187,117507887,2021-22
SHELL ENERGY OPERATIONS NO. 2 PTY LTD,88143533322,263923290,,,2021-22
SHIMANO OCEANIA HOLDINGS PTY LTD,45002926918,110782906,17942316,5382695,2021-22
SHINE JUSTICE LTD,93162817905,213888342,98716,,2021-22
SHIWORKS PTY LTD,17636236676,786262335,,,2021-22
SHRIRO HOLDINGS LIMITED,29605279329,144445669,12504527,3529860,2021-22
SIEMENS ENERGY PTY LTD,69636537409,352078047,41619003,12485701,2021-22
SIEMENS HEALTHCARE PTY LTD,83604853938,652260077,18639316,5591795,2021-22
SIEMENS LTD.,98004347880,647637177,83194366,22819229,2021-22
SIGMA ALDRICH OCEANIA PTY LTD,29112895708,137587448,5917246,1775174,2021-22
SIGMA HEALTHCARE LIMITED,15088417403,3547506138,21972918,5845556,2021-22
SIGNIFY AUSTRALIA LIMITED,49606173648,114824147,3391935,1017580,2021-22
SIKA AUSTRALIA PTY LIMITED,12001342329,301263000,30071874,9021562,2021-22
SILICON METAL COMPANY OF AUSTRALIA PTY LTD,73009401736,174924108,6459150,1937745,2021-22
SILK LOGISTICS HOLDINGS LIMITED,45165867372,399624116,28480326,8544098,2021-22
SILTECH PMR PTY LIMITED,17164783402,328455879,172568,51770,2021-22
SILVER LAKE RESOURCES LIMITED,38108779782,625690056,,,2021-22
SIME DARBY INDUSTRIAL AUSTRALIA PTY LTD,56153652594,2953262679,149500947,44489505,2021-22
SIME DARBY MOTORS RETAIL AUSTRALIA PTY LIMITED,37158278883,400435254,8538196,2561459,2021-22
SIMONDS GROUP LIMITED,54143841801,693849584,,,2021-22
SIMPLOT AUSTRALIA (HOLDINGS) PTY LIMITED,23070571934,1432467315,54554202,11800893,2021-22
SIMS LIMITED,69114838630,1628161369,115395342,31260547,2021-22
SINGAPORE TELECOM AUSTRALIA INVESTMENTS PTY LIMITED,69096686190,8036700908,,,2021-22
SINGPOST LOGISTICS AUSTRALIA HOLDINGS PTY LTD,59609291330,239342631,,,2021-22
SINO GAS & ENERGY PTY LIMITED,75115316599,233633449,,,2021-22
SINO IRON HOLDINGS PTY LTD,43118791772,4726118489,,,2021-22
SINOPEC OIL AND GAS AUSTRALIA PTY LTD,94130568553,476964047,,,2021-22
SIRVA (ASIA PACIFIC) PTY LTD,48005944187,143429520,10805682,3232643,2021-22
SIS AUSTRALIA HOLDINGS PTY LTD,65132211459,840368075,35645978,10562889,2021-22
SKF AUSTRALIA PTY LTD,87004236855,106164092,3331587,999476,2021-22
SKYCITY AUSTRALIA PTY LIMITED,67090828612,184867295,,,2021-22
SLATER AND GORDON LIMITED,93097297400,182649471,,,2021-22
SLECO PTY. LTD.,25007893781,493273274,42090926,12615375,2021-22
SMA AUSTRALIA PTY LIMITED,44127198761,202854576,12886639,3865992,2021-22
SMARTGROUP CORPORATION LTD,48126266831,222051354,89080204,26509775,2021-22
SME CAPITAL HOLDINGS PTY LTD,25628947544,194402333,60094349,18028305,2021-22
SMEG AUSTRALIA PTY LTD,33146901082,184112533,6461540,1938462,2021-22
SMIT LAMNALCO AUSTRALIA PTY LTD,24113226074,112958770,1315454,394636,2021-22
SMITH & NEPHEW PTY LTD,68000087507,313870921,10361765,3108047,2021-22
SMRM HOLDINGS PTY LTD,85168760861,1088662357,5497016,1649105,2021-22
SNACKING INVESTMENTS HOLDCO PTY LIMITED,64634908482,1012434263,31299232,,2021-22
SNAP AUS PTY LTD,80601333573,106289368,16550643,936305,2021-22
SNAP-ON TOOLS (AUSTRALIA) PTY LTD,55010793683,151466141,24995147,7498544,2021-22
SNF (AUSTRALIA) PTY LIMITED,32050056267,154550606,11084628,3325388,2021-22
SNOWY HYDRO LIMITED,17090574431,3679870794,173905931,48730168,2021-22
SODASTREAM AUSTRALIA PTY LTD,81104202093,106658596,5673518,1702055,2021-22
SODEXO AUSTRALIA PTY LTD,50006072975,1017418625,,,2021-22
SOFTWAREONE AUSTRALIA PTY LTD,18151340608,149346947,,,2021-22
SOJITZ AUSTRALIA LIMITED,16000213132,1336230343,372946933,111488145,2021-22
SOLAR JUICE PTY LTD,96139534026,167231213,6696206,2008862,2021-22
SOLAR TURBINES INTERNATIONAL COMPANY,43066283074,117664643,9168388,2750516,2021-22
SOLARIS PAPER PTY LTD,41126825769,248544949,,,2021-22
SOLVAR LIMITED,63117296143,140463152,55527240,16350201,2021-22
SONIC CLINICAL SERVICES PTY LIMITED,13083519377,426801860,,,2021-22
SONIC HEALTHCARE LIMITED,24004196909,3753051700,702890689,191711528,2021-22
SONOS AUSTRALIA PTY LTD,32060712638,108979388,1712767,513830,2021-22
SONOVA AUDIOLOGICAL CARE AUSTRALIA PTY LTD,93113235779,145821734,,,2021-22
SONY AUSTRALIA LIMITED,59001215354,1351849333,36263322,6037249,2021-22
SOOKE INVESTMENTS INC.,,120304801,24732677,7419803,2021-22
SOUTH32 (BVI) LIMITED,,397352527,629159,188748,2021-22
SOUTH32 LIMITED,84093732597,19825181799,3247797606,832963592,2021-22
SOUTHERN AUSTRALIAN INTERNATIONAL LIVESTOCK SERVICES PTY LTD,88630248190,252785435,38777467,11633240,2021-22
SOUTHERN CROSS ALUMINIUM PTY LIMITED,25063778996,158873440,,,2021-22
SOUTHERN CROSS ELECTRICAL ENGINEERING LIMITED,92009307046,560443596,27094873,8128462,2021-22
SOUTHERN CROSS MEDIA GROUP LIMITED,91116024536,517436305,36772577,10682487,2021-22
SOUTHERN MEATS PTY LTD,51003111528,237130212,8645280,2309329,2021-22
SOUTHERN QUEENSLAND STEEL PTY LIMITED,62085107991,230689282,36362303,10908691,2021-22
SOUTHERN SHEET & COIL PTY LIMITED,48003385322,360510679,52055478,15616643,2021-22
SOUTHERN STEEL SUPPLIES PTY LIMITED,37000060131,286406559,62519370,18755811,2021-22
SOUTHTRADE INTERNATIONAL PTY LTD,46099947163,189098000,4980763,1494229,2021-22
SPARK INFRASTRUCTURE HOLDINGS NO 1 PTY LIMITED,14116940786,144693400,93236259,23263272,2021-22
SPARROW EARLY LEARNING PTY LTD,29600354443,104789266,8959940,2687982,2021-22
SPC GLOBAL LTD,73633389394,290752689,41378428,10661776,2021-22
SPECSAVERS PTY. LTD.,82097147932,680579576,52844843,11771219,2021-22
SPENDLESS SHOES PTY LTD,15008152850,110552085,5735321,1720596,2021-22
SPIC PACIFIC ENERGY PTY LTD,92609771057,394345265,,,2021-22
SPICERS LIMITED,70005146350,276146269,,,2021-22
SPIRIT TECHNOLOGY SOLUTIONS LTD,73089224402,138731926,,,2021-22
SPLUNK SERVICES AUSTRALIA PTY LTD,51609939817,118949939,5178534,1553560,2021-22
SPM FRESH HOLDINGS PTY LTD,21161701337,248483039,,,2021-22
SPORTS ENTERTAINMENT GROUP LIMITED,20009221630,106691115,4631191,1389357,2021-22
S-PROCESS EQUIPMENT AUSTRALIA PTY LTD,21127927226,180843794,23869052,6020644,2021-22
SQUARE AU PTY LIMITED,38167106176,177374192,26339405,,2021-22
SQUARE TRADING PTY LTD,57147788663,537882112,7714629,2314389,2021-22
SRG GLOBAL LIMITED,81104662259,619051216,2995645,,2021-22
SS&C SOLUTIONS PTY LIMITED,75007325779,124626057,8253126,743714,2021-22
SSAB SWEDISH STEEL PTY LTD,74064572925,103010751,12336818,3701045,2021-22
SSANGYONG AUSTRALIA PTY LTD,92627864475,100562689,,,2021-22
ST BARBARA LIMITED,36009165066,481850776,77641261,22700730,2021-22
STAHMANN HOLDINGS PTY LTD,68617861677,154165896,,,2021-22
STANLEY BLACK & DECKER HOLDINGS AUSTRALIA PTY LTD,81154671244,304795007,39002807,11700842,2021-22
STANMORE RESOURCES LIMITED,27131920968,389976286,22100509,5199577,2021-22
STANMORE SMC PTY LTD,34009713875,4173431723,2138530145,639995174,2021-22
STANTEC AUSTRALIA PTY LTD,17007820322,262750090,,,2021-22
STATE STREET AUSTRALIA LIMITED,21002965200,133526478,20865,6260,2021-22
STATE STREET SERVICES AUSTRALIA PTY LIMITED,38151402247,182386050,59013276,17703983,2021-22
STATEWIDE INDEPENDENT WHOLESALERS LIMITED,51009519546,1298555670,4979735,1493921,2021-22
STEADFAST GROUP LIMITED,98073659677,745519024,198250857,26607481,2021-22
STELLA FOODS AUSTRALIA PTY LTD,77156644834,346194610,3032204,909661,2021-22
STERLING AND WILSON RENEWABLE ENERGY LIMITED,36632074901,392176461,,,2021-22
STERLING AND WILSON SOLAR AUSTRALIA PTY LTD,35632960680,172887968,,,2021-22
STIHL PTY LTD,76004881145,259007423,14714456,4414337,2021-22
STOCKLAND CORPORATION LIMITED,43000181733,2367587186,,,2021-22
STODDART GROUP PTY LTD,82010744751,352424375,8842603,2568475,2021-22
STORA ENSO AUSTRALIA PTY LTD,64099948491,168382796,4717413,1415224,2021-22
STOWE AUSTRALIA PTY LTD,27002556603,513729054,37956748,11387024,2021-22
STRAIT LINK QS PTY LTD,84649025614,215998714,,,2021-22
STRANDBAGS HOLDINGS PTY LTD,99128842482,230236472,,,2021-22
STRIPE PAYMENTS AUSTRALIA PTY LTD,66160180343,412003262,2503098,750929,2021-22
STRYKER AUSTRALIA PTY LTD,48002873850,703386206,64424749,17983265,2021-22
SUBARU (AUST) PTY LIMITED,95000312792,1297857239,73226921,21968076,2021-22
SUBSEA 7 AUSTRALIA CONTACTING PTY LTD,36005288406,298821848,,,2021-22
SUGAR TERMINALS LIMITED,17084059601,101587295,37872478,11361743,2021-22
SUMITOMO AUSTRALIA PTY LTD,81000371497,1536233177,268396726,36585788,2021-22
SUMITOMO MITSUI BANKING CORPORATION-SYDNEY BRANCH,98114053459,586923086,389126618,116737985,2021-22
SUMMIT AUTO LEASE AUSTRALIA PTY LTD,87054704737,119999026,,,2021-22
SUMO AUSTRALIA LIMITED,84602964143,117604563,,,2021-22
SUN METALS CORPORATION PTY LTD,97074241982,1072336429,105743006,31722902,2021-22
SUNCO MOTORS PTY LTD,21010722111,202962858,5270355,1581106,2021-22
SUNCORP GROUP LIMITED,66145290124,14588049645,1154949190,337811457,2021-22
SUNLAND GROUP LIMITED,65063429532,592739780,131709496,39512849,2021-22
SUNNY QUEEN PTY LIMITED,31060702034,442742915,19498365,5532947,2021-22
SUNPORK FRESH FOODS PTY LTD,24135230545,516934354,3285448,985634,2021-22
SUNPORK PTY LTD,11059168786,307497698,10838675,2636444,2021-22
SUNSHINE A PTY LTD,86631684770,430221682,74367021,22310106,2021-22
SUNSHINE HARDWARE PTY LTD,95129140085,162149502,10438052,3131416,2021-22
SUNSHINE STATE POWER B.V.,40062295425,106238895,2050373,615112,2021-22
SUNSTATE CEMENT LTD,58010421879,133722798,22424018,6727205,2021-22
SUNTORY (AUST) PTY LIMITED,27001628780,270606898,10832717,3249815,2021-22
SUPER RETAIL GROUP LIMITED,81108676204,3350040123,280986413,83092108,2021-22
SUPERANNUATION AND INVESTMENTS HOLDCO PTY LIMITED,64644660882,709456279,,,2021-22
SUPERLOOP LIMITED,96169263094,246060214,,,2021-22
SUPPLY NETWORK LTD,12003135680,165734630,23538842,7061653,2021-22
SURBANA JURONG HOLDINGS (AUSTRALIA) PTY LTD,49612229197,591409681,29075282,3283102,2021-22
SURDEX STEEL PTY LIMITED,39004339904,359545447,60024016,18007205,2021-22
SURFIT CAPITAL PTY LTD,82612058867,375291888,2254558,676367,2021-22
SUSQUEHANNA PACIFIC PTY LTD,23082467605,664834276,280101173,82615961,2021-22
SUTTONS INVESTMENTS PTY LTD,84008446428,1894889493,72551616,21763727,2021-22
SUZUKI AUSTRALIA PTY LIMITED,57001828164,419761649,27758895,8327668,2021-22
SVITZER AUSTRALASIA HOLDINGS PTY LTD,16120555302,349927195,11166895,992926,2021-22
SWANSTON STREET HOLDINGS PTY LTD,26109185015,288784854,,,2021-22
SWAROVSKI AUSTRALIA PTY LTD,16000679416,110023314,5508770,1652631,2021-22
SWISS RE ASIA PTE. LTD,19631490447,1814719532,,,2021-22
SWISS RE AUSTRALIA LIMITED,28004360909,2787432092,832143,,2021-22
SWISS RE INTERNATIONAL SE AUSTRALIA BRANCH,38138873211,372955970,40830439,12249132,2021-22
SWISSPORT ANZ PTY LTD,54167311551,158448294,,,2021-22
SYDNEY AIRPORT LIMITED,18165056360,639098258,,,2021-22
SYDNEY TOOLS PTY LTD,19112852285,716313190,86295794,25888738,2021-22
SYMAL INFRASTRUCTURE PTY LTD,87130808276,391503961,7302340,2190702,2021-22
SYMBIO HOLDINGS LIMITED,37118699853,165241898,12211337,1580423,2021-22
SYMON BROS CONSTRUCTIONS (VIC) PTY LTD,46005194043,237728545,127953,38386,2021-22
SYNGENTA AUSTRALIA PTY LIMITED,33002933717,433212777,24688024,4852706,2021-22
SYNNEX AUSTRALIA PTY LTD,40052285882,2814426379,62629679,18788904,2021-22
SYRINX AUSTRALIA PTY LTD,50130046267,228999457,48287523,14329873,2021-22
T. ROWE PRICE AUSTRALIA LIMITED,13620668895,112716568,4852269,1382455,2021-22
T.EN AUSTRALIA & NEW ZEALAND PTY LTD,20636996060,141372700,40604301,12181290,2021-22
T.F. WOOLLAM HOLDINGS PTY LTD,41106564354,219209461,,,2021-22
TABCORP HOLDINGS LIMITED,66063780709,11425504976,523058182,138803919,2021-22
TADANO OCEANIA PTY LTD,84142236995,162392733,9373926,2812178,2021-22
TAIHAN ELECTRIC AUSTRALIA PTY LTD,90120653250,100169589,2883229,864969,2021-22
TAIPOWER BENGALLA PTY LTD,18075407617,307320844,110400348,33119743,2021-22
TAKEDA PHARMACEUTICALS AUSTRALIA PTY LTD,71095610870,195656684,10011906,3003572,2021-22
TAL DAI-ICHI LIFE AUSTRALIA PTY LTD,97150070483,5634089988,,,2021-22
TALENT INTERNATIONAL HOLDINGS PTY LIMITED,28131419577,760057599,15002573,4500772,2021-22
TALENTO HOLDINGS PTY LTD,81602259861,274697926,7640203,1422577,2021-22
TASMAN K B PTY LTD,18003044102,271393324,39907605,11972282,2021-22
TASMANIA HARDWARE PTY LTD,46159847462,133781209,7327729,2131652,2021-22
TASMEA LIMITED,22088588425,248179658,,,2021-22
TASSAL GROUP LIMITED,15106067270,810136000,79365652,,2021-22
TATA CONSULTANCY SERVICES LIMITED,28109981777,1021405508,347866793,52592779,2021-22
TATTARANG CAPITAL PTY LTD,40161233674,302140641,431607448,,2021-22
TATURA MILK INDUSTRIES PTY LTD,66006603970,578331408,39439726,10981894,2021-22
TAYLOR CORPORATION PTY LIMITED,40146589344,334325772,,,2021-22
TCAPL PTY LIMITED,65601572472,357931934,,,2021-22
TCL ELECTRONICS AUSTRALIA PTY LTD,83111032896,199609260,,,2021-22
TEACHERS MUTUAL BANK LIMITED,30087650459,233275825,44153704,12544593,2021-22
TECH DATA (ANZ) PTY LTD,15090111890,474792207,,,2021-22
TECH MAHINDRA LIMITED,15092511558,167378376,14000032,3544724,2021-22
TECHNICOLOR PTY LTD,23000978343,136577105,,,2021-22
TECHNIP OCEANIA PTY LTD,43062878719,788560572,,,2021-22
TECHNOLOGY ONE LIMITED,84010487180,353952835,123520428,12284732,2021-22
TECHWOOL TRADING PTY LTD,69006145955,588788894,5646992,1694098,2021-22
TECO AUSTRALIA PTY LIMITED,77002595388,104559835,20168453,5979259,2021-22
TEEG TOPCO PTY LTD,52622408422,270363604,,,2021-22
TEEKAY HOLDINGS AUSTRALIA PTY LTD,12125391880,126287332,,,2021-22
TELERIC PTY LTD,90004284664,1203128936,15913837,4721184,2021-22
TELSTRA CORPORATION LIMITED,33051775556,25073870070,2450675191,723030130,2021-22
TELWATER PTY LTD,15010795507,119533840,18558344,5567503,2021-22
TEMPERZONE AUSTRALIA HOLDINGS PTY LTD,52001653176,128928854,3641800,1092540,2021-22
TEMPLE AND WEBSTER GROUP LTD,69608595660,427453777,9251559,2775468,2021-22
TEMPO GROUP HOLDINGS PTY LTD,63607698153,240938176,7338712,2201614,2021-22
TEN NETWORK HOLDINGS LIMITED,14081327068,955038893,,,2021-22
TERADATA AUSTRALIA PTY LTD,77125071374,125812178,4468541,1340530,2021-22
TERRACOM LIMITED,35143533537,797048832,148831029,44649309,2021-22
TERUMO AUSTRALIA PTY LIMITED,34158693595,131740270,17217523,5165257,2021-22
TESLA MOTORS AUSTRALIA PTY LIMITED,68142889816,1289017725,26298770,7889631,2021-22
TETRA PAK MANUFACTURING PTY LIMITED,50004435901,147005683,3045653,913352,2021-22
TETRA TECH HOLDINGS PTY LTD,98623346225,100129988,19560569,5868171,2021-22
TEVA PHARMACEUTICALS AUSTRALIA PTY LTD,98002951877,104881239,6403248,,2021-22
TEXCO CONSTRUCTION (VIC) PTY LTD,89626365071,222556840,6009958,1802987,2021-22
TEYS AUSTRALIA PTY LTD,38009872600,2785610743,175214147,43427496,2021-22
TFG RETAILERS PTY LIMITED,90612634312,640728865,59695677,17908703,2021-22
TGM HOLDCO PTY LTD,72629957884,213191949,35296813,10589044,2021-22
THALES AUSTRALIA HOLDINGS PTY LTD,84058583841,1849145927,164368856,40509432,2021-22
THE AUSTCORP GROUP (AUSTRALIA) PTY LTD,81080926414,219064000,16723874,4499002,2021-22
THE BANK OF NOVA SCOTIA,34133513827,633960898,53060030,15918009,2021-22
THE BLACKSTONE GROUP (AUSTRALIA) PTY LIMITED,53149142058,100897104,4340385,1302116,2021-22
THE BODY SHOP AUSTRALIA PTY LTD,47602683349,135917394,3462011,1038603,2021-22
THE BOSTON CONSULTING GROUP PTY LTD,70007347131,333921819,83385501,25015650,2021-22
THE BROWN & HURLEY GROUP PTY. LTD.,66010732966,601877890,34199660,10259898,2021-22
THE DEMPSEY GROUP PTY LTD,16004722936,309577005,61704751,18478768,2021-22
THE EPOCH HOLDING GROUP PTY LTD,54169456517,282930399,,,2021-22
THE FOURTH FORCE PTY LTD,22084438773,544066508,1878529,563559,2021-22
THE GEO GROUP AUSTRALASIA PTY LIMITED,79051914688,419850276,15383901,4615170,2021-22
THE HONGKONG AND SHANGHAI BANKING CORPORATION LIMITED,65117925970,447559149,204678582,61403575,2021-22
THE HOUR GLASS (AUSTRALIA) PTY LTD,64010831713,195161238,41263052,12378916,2021-22
THE INDEPENDENT LIQUOR GROUP (SUPPLIERS) CO-OPERATIVE LTD,63629864769,434729870,775011,232503,2021-22
THE INDEPENDENT LIQUOR GROUP DISTRIBUTION CO-OP LTD,70252541400,442371506,,,2021-22
THE LOTTERY CORPORATION LIMITED,21081925706,274369351,43152475,12748026,2021-22
THE MAYO GROUP INTERNATIONAL PTY LIMITED,46008394876,243153245,32603217,9515104,2021-22
THE NORTHERN TRUST COMPANY,62126279918,170824101,88126199,26437860,2021-22
THE NUANCE GROUP (AUSTRALIA) PTY LTD,54068215341,101464048,,,2021-22
THE QUANTIUM GROUP HOLDINGS PTY LIMITED,29121842957,205692346,28176921,6279605,2021-22
THE REJECT SHOP LIMITED,33006122676,800479967,1130204,339061,2021-22
THE ROYAL AUTOMOBILE CLUB OF QUEENSLAND LIMITED,72009660575,174318424,,,2021-22
THE ROYAL AUTOMOBILE CLUB OF TASMANIA LIMITED,62009475861,179827538,3547963,,2021-22
THE ROYAL AUTOMOBILE CLUB OF WA (INC),33212133120,1252292720,69093189,19035838,2021-22
THE STAR ENTERTAINMENT GROUP LIMITED,85149629023,1542626238,,,2021-22
THE SWATCH GROUP (AUSTRALIA) PTY LTD,20004287110,106236900,7959375,2387813,2021-22
THE TRUSTEE FOR QIC GLOBAL INFRASTRUCTURE FUND TAYLOR AIV TRUST,11454629109,161019001,,,2021-22
THE VICTORIA CARPET COMPANY PTY LTD,14004304956,200486480,16174446,4852334,2021-22
THE VILLAGE BUILDING CO. LIMITED,97056509025,208331858,15768616,4716333,2021-22
THE WALT DISNEY COMPANY (AUSTRALIA) PTY LTD,30054610025,659548635,4165837,,2021-22
THERMO ELECTRON AUSTRALIA PTY LTD,44109074115,504005052,37514705,5404757,2021-22
THIESS GROUP HOLDINGS PTY LTD,34646054757,2405027343,91619484,21311934,2021-22
THINK CHILDCARE PTY LTD,81600793388,128819839,13349690,4004907,2021-22
THINKSMART PTY LTD,24092319698,112140866,,,2021-22
THOMAS FOODS INTERNATIONAL CONSOLIDATED PTY LTD,20105099849,1706394951,198070231,57973081,2021-22
THOMSON REUTERS (AUSTRALIA) PTY LTD,87058914766,188040690,17018074,5105422,2021-22
THORNEY INVESTMENT GROUP AUSTRALIA PTY LTD,37117488892,336782670,,,2021-22
THOUGHTWORKS AUSTRALIA PTY LTD,99088279761,240862516,2361250,708375,2021-22
THRYV AUSTRALIA HOLDINGS PTY LTD,89638633342,172988081,44587942,12614598,2021-22
THYSSENKRUPP MATERIALS AUSTRALIA PTY LTD,94078033520,700824094,8040606,,2021-22
TIANQI LITHIUM ENERGY AUSTRALIA PTY LTD,24862057747,335725592,69210912,,2021-22
TIANQI LITHIUM HOLDINGS PTY LTD,11622763919,1082335402,59049269,,2021-22
TIFFANY & CO (AUSTRALIA) PTY LIMITED,93128219554,172527474,10878384,3263515,2021-22
TILLING TIMBER PTY LTD,92004621121,220218600,31140028,9342008,2021-22
TIMBERLINK AUSTRALIA PTY LTD,12161713015,384970196,83728638,19576147,2021-22
TIVOLI INVESTMENTS PTY LTD,90165718070,275116957,100773,,2021-22
TJX AUSTRALIA HOLDING COMPANY PTY LTD,58605889843,460374306,,,2021-22
TK ELEVATOR AUSTRALIA PTY LIMITED,12073056149,173427028,516939,155082,2021-22
TOKYO GAS AUSTRALIA PTY LTD,46102349557,547906507,66864350,,2021-22
TOKYO TIMOR SEA RESOURCES PTY LTD,39000751593,226059068,,,2021-22
TOLL HOLDINGS PTY LIMITED,25006592089,4262665267,,,2021-22
TOMKINS COMMERCIAL & INDUSTRIAL BUILDERS PTY LTD,98061732778,206570245,,,2021-22
TOMRA CLEANAWAY PTY LIMITED,43620427116,200497514,,,2021-22
TOPCO INVESTMENTS AUSTRALIA PTY LIMITED,78622116992,672192866,,,2021-22
TORO AUSTRALIA PTY LTD,47001310443,236816871,17528227,5258468,2021-22
TOSHIBA (AUSTRALIA) PTY LIMITED,19001320421,118165840,8570,,2021-22
TOSHIBA INTERNATIONAL CORPORATION PTY LTD,29001555068,160160575,5596264,1678248,2021-22
TOTAL STEEL OF AUSTRALIA PTY LTD,34001201850,128746271,20880739,6264222,2021-22
TOTAL TOOLS HOLDINGS PTY LTD,57138595525,191770915,44240466,10825426,2021-22
TOTALENERGIES EP AUSTRALIA,96832035151,234304792,,,2021-22
TOTALENERGIES EP HOLDINGS AUSTRALIA PTY LTD,11602975619,2391482571,,,2021-22
TOWER SOFTWARE ENGINEERING PTY LTD,81008602739,1923289458,96079940,28823982,2021-22
TOYO TYRE AUSTRALIA PTY LTD,93000767279,214817675,62605002,18781501,2021-22
TOYOTA MATERIAL HANDLING AUSTRALIA PTY LIMITED,38104644635,538083002,59719658,17915897,2021-22
TOYOTA MOTOR CORPORATION AUSTRALIA LIMITED,64009686097,11889734418,972652268,289264950,2021-22
TOYOTA TSUSHO SOUTH PACIFIC HOLDINGS PTY LTD,82050105443,160709478,15823979,776057,2021-22
TPC CONSOLIDATED LIMITED,99073079268,134879235,11436028,3430808,2021-22
TPG TELECOM LIMITED,76096304620,5365805601,,,2021-22
TP-LINK AUSTRALIA PTY LTD,27146745173,102918252,19807861,5942358,2021-22
TRADEZONE PTY LTD,39103815130,201593185,4194992,1258498,2021-22
TRANSALTA ENERGY (AUSTRALIA) PTY LTD,40062135844,182327341,50158934,13999411,2021-22
TRANSATLANTIC REINSURANCE COMPANY,96096053226,107678761,4366044,,2021-22
TRANSDEV AUSTRALASIA PTY LTD,40079303816,544406882,52826017,15824452,2021-22
TRANSURBAN HOLDINGS LIMITED,86098143429,2700134704,,,2021-22
TRANSURBAN QUEENSLAND FINANCE PTY LIMITED,16169093850,267553574,,,2021-22
TRANSURBAN QUEENSLAND HOLDINGS 1 PTY LTD,64169090804,677940051,,,2021-22
TRAVELEX AUSTRALIA HOLDINGS PTY LTD,98105260035,387152250,,,2021-22
TREASURY WINE ESTATES LIMITED,24004373862,1418396305,227953420,65487422,2021-22
TREK BICYCLE CORPORATION (AUSTRALIA) PTY LTD,56143457998,111345674,4957552,1487266,2021-22
TRELLEBORG HOLDINGS AUSTRALIA PTY LTD,49096223568,122067912,,,2021-22
TREND MICRO AUSTRALIA PTY LTD,70077055817,237921227,64811188,2912296,2021-22
TRILITY GROUP PTY LTD,39144522565,120376591,8817324,1788054,2021-22
TRINA SOLAR (AUSTRALIA) PTY LTD,24150695524,301285348,2107321,632196,2021-22
TRONOX LIMITED,91153348111,1504651830,,,2021-22
TRU BLU BEVERAGES PTY LIMITED,77151411764,271942782,,,2021-22
TRUCK CENTRE (WA) PTY LTD,19120476879,246799976,12900342,3870103,2021-22
TRUE ALLIANCE PTY LIMITED,25098282001,248621859,7480624,2242762,2021-22
TRUSTEE FOR NORTH QUEENSLAND AIRPORTS NO. 2 (MACKAY) TRUST,11805258426,121932188,,,2021-22
TULLY SUGAR LIMITED,92011030256,181096756,2379573,155191,2021-22
TURI FOODS PTY LTD,29057142971,558370934,8118047,2435414,2021-22
TURNER & TOWNSEND PTY LTD,84115688830,227902296,27220047,8166014,2021-22
TUROSI FARMING PTY LTD,43626773126,271774558,,,2021-22
TUTT BRYANT GROUP LIMITED,89009242675,402832351,,,2021-22
TVS SUPPLY CHAIN SOLUTIONS AUSTRALIA HOLDINGS PTY LTD,86607085496,164821812,1834929,548601,2021-22
TW CYBER SECURITY PTY LTD,45625409958,109358967,7684453,2305336,2021-22
TYNAN MOTORS HOLDINGS PTY LTD,15002448446,290346069,18215392,5220322,2021-22
TYREE HOLDINGS PTY LIMITED,19100884599,238804819,13587870,4076361,2021-22
TYRO PAYMENTS LIMITED,49103575042,326325497,,,2021-22
U & D COAL LIMITED,19165894806,112035268,,,2021-22
UACJ AUSTRALIA PTY LTD,82005579840,150007486,,,2021-22
UBER AUSTRALIA HOLDINGS PTY LTD,54622364318,2068325051,59316488,17794946,2021-22
UBS AG AUSTRALIA BRANCH,47088129613,634762222,113661038,34098311,2021-22
UBS HOLDINGS PTY LTD,50050101249,459310979,193358748,58007624,2021-22
UCC COFFEE AUSTRALIA LIMITED,49000254660,116915886,5339668,1601900,2021-22
UGL UNIPART RAIL SERVICES PTY LTD,49154895940,204526756,17167023,5150107,2021-22
ULLRICH ALUMINIUM PTY. LIMITED,70001697445,165831834,16327908,4518428,2021-22
UNICHARM AUSTRALASIA HOLDING PTY LTD,56114210794,119195605,6755368,2026610,2021-22
UNILEVER AUSTRALIA GROUP PTY LTD,13614413179,1134259232,110015619,33004686,2021-22
UNIQLO AUSTRALIA PTY LTD,36161922103,433221922,50404195,15121258,2021-22
UNISUPER MANAGEMENT PTY LTD,91006961799,263377141,16871283,5061385,2021-22
UNISYS AUSTRALIA PTY LIMITED,31105642902,186964012,8326773,,2021-22
UNITED COLLIERIES PTY LIMITED,67001990209,423324997,,,2021-22
UNITED ENERGY DISTRIBUTION HOLDINGS PTY LTD,15104381660,648881842,,,2021-22
UNITED MALT GROUP LIMITED,61140174189,211476925,,,2021-22
UNITED OVERSEAS BANK LIMITED SYDNEY BRANCH,56060785284,369081111,209538718,62861615,2021-22
UNITED TERMINALS PTY LTD,73129440955,2597078866,5828179,1748454,2021-22
UNITI GROUP LIMITED,73158957889,222534067,,,2021-22
UNIVERSAL PICTURES INTERNATIONAL AUSTRALASIA PTY LTD,44122951099,201846539,,,2021-22
UNIVERSAL PROPERTY GROUP PTY LIMITED,98078297748,778078753,92253729,27676119,2021-22
UNIVERSAL STORE HOLDINGS LIMITED,94628836484,208068499,26597505,7979252,2021-22
USINCH PTY LIMITED,24060571673,439060462,11137031,3257388,2021-22
UTILITIES MANAGEMENT PTY LTD,25090664878,298292585,,,2021-22
VALMONT QUEENSLAND PTY LTD,73142183800,397693333,6925420,,2021-22
VALVOLINE (AUSTRALIA) PTY LTD,86000446855,228893480,15396789,4619037,2021-22
VANGUARD INVESTMENTS AUSTRALIA LTD,72072881086,294144577,46580263,13932720,2021-22
VANTAGE FUELS PTY LTD,24151023040,214961258,1783289,445614,2021-22
VANTIVE AUSTRALIA PTY LIMITED,69076201619,2808626607,72188753,17071642,2021-22
VANWARREN PTY LTD,81103861990,323377995,271350985,78366593,2021-22
VARROCK RESEARCH PTY LTD,65651351843,374100695,2535601,760680,2021-22
VAX APPLIANCES (AUSTRALIA) PTY LTD,84009099736,989865005,49666156,14899847,2021-22
VBS INVESTMENTS PTY LTD,95079048972,458696611,260122162,70255753,2021-22
VEGIE BANDITS PTY LTD,31079441044,446886526,3473397,1042019,2021-22
VEHICLE DISTRIBUTORS AUSTRALIA PTY LTD,11073668596,134676483,,,2021-22
VELOCITY VEHICLE GROUP TOPCO PTY LTD,76646514141,634764000,26923643,8077093,2021-22
VENTIA SERVICES GROUP LTD,53603253541,3998864807,15143199,3667057,2021-22
VENTURA MOTORS PROPRIETARY LIMITED,67004235518,285457785,42577413,12773224,2021-22
VEOLIA RECYCLING & RECOVERY HOLDINGS ANZ PTY LTD,30070452890,2177322269,387704176,113521865,2021-22
VEOLIA WATER AUSTRALIA PTY LTD,99061161279,340860493,12909932,,2021-22
VERBREC LIMITED,90127897689,125143479,,,2021-22
VERIS LIMITED,80122958178,110209688,,,2021-22
VERIZON AUSTRALIA PTY LIMITED,62081001194,185424519,,,2021-22
VERMILION AUSTRALIA LIMITED PARTNERSHIP,92210617868,150550639,,,2021-22
VERMONT AUS HOLDCO PTY LTD,82626842135,1275514791,107406971,10841161,2021-22
VERTEX PHARMACEUTICALS (AUSTRALIA) PTY LTD,34160157157,166449961,,,2021-22
VERTIV (AUSTRALIA) PTY LTD,53003469654,140761494,11334457,3400337,2021-22
VESTAS AUSTRALIAN WIND TECHNOLOGY PTY LIMITED,80089653878,858169496,20822148,6246644,2021-22
VEYANCE TECHNOLOGIES AUSTRALIA PTY LTD,87125188070,175980836,6769787,2030936,2021-22
VGI PARTNERS ASIAN INVESTMENTS LIMITED,58635219484,817029171,,,2021-22
VGI PARTNERS GLOBAL INVESTMENTS LIMITED,91619660721,1261559248,30147383,7203762,2021-22
VGW HOLDINGS LIMITED,36147193511,983245188,538790630,155802536,2021-22
VIATRIS PTY LTD,29601608771,179512903,14354326,4306298,2021-22
VICINITY LIMITED,90114757783,228131667,,,2021-22
VICTORIA INTERNATIONAL CONTAINER TERMINAL LIMITED,56164915655,209541083,,,2021-22
VICTORIA POWER NETWORKS PTY LTD,37116940820,1761245755,134996027,40034505,2021-22
VINCI ENERGIES AUSTRALIA PTY LTD,86602042339,166573656,,,2021-22
VINPAC INTERNATIONAL PTY LIMITED,20008266779,177701165,,,2021-22
VIRBAC (AUSTRALIA) PTY LIMITED,77003268871,132616138,34333222,8964247,2021-22
VIRGIN AUSTRALIA HOLDINGS PTY LTD,54100686226,2311202028,,,2021-22
VIRTUS HEALTH LIMITED,80129643492,260180516,32782023,7831063,2021-22
VITA GROUP LIMITED,62113178519,205486740,,,2021-22
VITASOY AUSTRALIA PRODUCTS PTY LTD,18088959835,106900621,4659338,,2021-22
VITERRA AUSTRALIA HOLDINGS PTY LTD,81161229867,4403095781,93365559,28009668,2021-22
VIVA ENERGY GROUP LIMITED,74626661032,16084371083,164681929,41449085,2021-22
VIVA ENERGY POLYMERS HOLDINGS PTY LTD,74066270237,336585896,31384914,8861439,2021-22
VMWARE AUSTRALIA PTY LTD,77122677089,417372651,31584408,8690772,2021-22
VOESTALPINE HIGH PERFORMANCE METALS (AUSTRALIA) PTY LTD,15000013052,123969118,21327642,6398293,2021-22
VOESTALPINE RAILWAY SYSTEMS AUSTRALIA PTY LTD,71011073108,116670573,9589965,2876990,2021-22
VOLKSWAGEN FINANCIAL SERVICES AUSTRALIA PTY LTD,20097071460,339626148,148001847,44400554,2021-22
VOLKSWAGEN GROUP AUSTRALIA PTY LTD,14093117876,2032252910,103177775,30953332,2021-22
VOLVO CAR AUSTRALIA PTY LIMITED,18004830611,520859429,18307125,5492138,2021-22
VOLVO GROUP AUSTRALIA PTY LTD,27000761259,1321799349,81971134,24268558,2021-22
VOSSLOH AUSTRALIA PTY LTD,52100797699,163454817,19907114,5972134,2021-22
VOYAGE AUSTRALIA HOLDINGS PTY LIMITED,31648328803,1342097614,,,2021-22
VR AUSTRALIA HOLDINGS PTY LTD,41605041530,148722649,36116601,10834980,2021-22
VRG HOLDCO PTY LTD,16642854313,431994082,,,2021-22
VULCAN STEEL PTY LTD,61100061283,567433148,80493715,24148114,2021-22
WALKER GROUP HOLDINGS PTY LIMITED,81001215069,1408833356,2830027,,2021-22
WAM ACTIVE LIMITED,49126420719,213892155,,,2021-22
WAM GLOBAL LIMITED,76624572925,538559548,4172546,1250867,2021-22
WAM LEADERS LIMITED,33611053751,7136492732,208271734,37609135,2021-22
WAM MICROCAP LIMITED,34617838418,580164741,30414761,6810704,2021-22
WAM RESEARCH LIMITED,15100504541,455259036,20747228,4726975,2021-22
WAM STRATEGIC VALUE LIMITED,24649096220,137212781,15501031,2079601,2021-22
WAMBO COAL PTY LTD,13000668057,576948791,139582257,41684671,2021-22
WARMOLL FOODS PTY LTD,49152503092,296683543,18281589,5484477,2021-22
WARNER BROS. ENTERTAINMENT AUSTRALIA PTY LTD,70003773411,428796445,,,2021-22
WASHINGTON H. SOUL PATTINSON AND COMPANY LIMITED,49000002728,971094864,660029298,46504067,2021-22
WCX M4 PROJECT TRUST,,283532333,61641694,18492508,2021-22
WCX M5 PROJECT TRUST,,236934129,47706404,14311921,2021-22
WCX STATE WORKS CONTRACTOR PTY LTD,65624154089,242058861,,,2021-22
WEBER-STEPHEN PRODUCTS CO. (AUSTRALIA) PTY LTD,18006305237,153543914,6958154,2087446,2021-22
WEBUILD S.P.A.,83159573896,148786355,,,2021-22
WEIR GROUP (AUSTRALIAN HOLDINGS) PTY LTD,57090873117,709982580,91203374,21017949,2021-22
WELLINGTON MANAGEMENT AUSTRALIA PTY LTD,19167091090,113419105,12132584,3639775,2021-22
WENGFU AUSTRALIA PTY LTD,31141160581,485195518,11388859,3416658,2021-22
WESFARMERS LIMITED,28008984049,35304361934,3055694521,866047812,2021-22
WESSEL PETROLEUM PTY. LTD.,46054320991,278076182,4358660,1089665,2021-22
WEST END MOTOR GROUP PTY. LIMITED,30001988450,202717716,6410273,1922979,2021-22
WESTCON GROUP PTY LTD,77050539672,328312363,4611251,1223736,2021-22
WESTERN AREAS LIMITED,68091049357,363444568,27888432,8366530,2021-22
WESTERN AUSTRALIAN MEAT MARKETING CO-OP LTD,54048449698,261049871,5817603,1609920,2021-22
WESTERN AUSTRALIAN SPECIALTY ALLOYS PTY LTD,14053910188,129906017,17838583,5351575,2021-22
WESTERN SUBURBS (N'CLE) LEAGUES CLUB LTD,24000973919,135131775,,,2021-22
WESTERN UNION FINANCIAL SERVICES (AUSTRALIA) PTY LIMITED,77082282773,143354040,3409380,1022814,2021-22
WESTFIELD CORPORATION LIMITED,12166995197,203581941,,,2021-22
WESTGOLD RESOURCES LIMITED,60009260306,677196916,,,2021-22
WESTLAB HOLDINGS PL,87606525348,534806799,98291555,29487466,2021-22
WESTON ALUMINIUM PTY LTD,91075245108,239015096,11796924,3518903,2021-22
WESTPAC BANKING CORPORATION,33007457141,35155456580,7395304855,2212417027,2021-22
WESTROCK PACKAGING SOLUTIONS PTY LTD,59003986472,101204411,,,2021-22
WEWORK AUSTRALIA PTY LTD,25607522510,107550670,,,2021-22
WH MCCARTHY PTY LTD,73000004893,437897068,1150411,345123,2021-22
WHITE STRIPE FOODS PTY LTD,44105781977,113877599,4080072,1224022,2021-22
WHITEHAVEN COAL LIMITED,68124425396,4976063728,1858649143,545634749,2021-22
WICET HOLDINGS PTY LTD,26131210001,477810663,7514984,,2021-22
WILEY & CO PTY. LTD.,40010604869,225289948,3779108,1133732,2021-22
WILEY PUBLISHING AUSTRALIA PTY LTD,48085710952,112683848,28343462,8236281,2021-22
WILKINSON HOLDINGS AUSTRALIA PTY LTD,85108448228,277877198,,,2021-22
WILLIAM ADAMS INDUSTRIES PTY LTD,58108367997,219611070,3370943,1011283,2021-22
WILLIAM ADAMS PTY. LTD.,72009569493,546618261,33429852,10028956,2021-22
WILLIS TOWERS WATSON AUSTRALIA HOLDINGS LIMITED,98112435079,236739539,86280947,24883416,2021-22
WILMAR AUSTRALIA HOLDINGS PTY LIMITED,79144972743,1729007963,6883436,,2021-22
WILMAR GF HOLDINGS AUSTRALIA PTY LTD,55600457430,997187884,24778317,4426791,2021-22
WILMAR TRADING (AUSTRALIA) PTY LTD,58128080455,1116830182,18039305,5249776,2021-22
WILSON PARKING AUSTRALIA 1992 PTY LTD,67052475911,911976856,,,2021-22
WIN CORPORATION PTY LTD,43000737404,230798090,144538,,2021-22
WINDFIELD HOLDINGS PTY LTD,60160456164,707933385,250275307,72882362,2021-22
WINNING APPLIANCES PTY LIMITED,94002193688,892290508,18035061,5410518,2021-22
WIPRO LIMITED,18093961936,364164608,38642000,11592600,2021-22
WIRRAWAY MOTOR COMPANY PTY LTD,51155882081,102767947,4285447,1285634,2021-22
WISETECH GLOBAL LIMITED,41065894724,466926099,153199654,27115265,2021-22
WISEWAY GROUP LIMITED,26624909682,116029641,,,2021-22
WITRON AUSTRALIA PTY LTD,25627864126,184153670,3991751,1197525,2021-22
WOLLONGONG RESOURCES PTY LTD,28111244896,144578404,,,2021-22
WOOD GROUP AUSTRALIA PTY LTD,51101049076,512144244,,,2021-22
WOODSIDE ENERGY GROUP LTD,55004898962,10134114470,1912032762,176911482,2021-22
WOODWARD FOODS AUSTRALIA PTY LTD,93623470575,289096509,1128213,338464,2021-22
WOOLNORTH WIND FARM HOLDING PTY LTD,91154051617,118039696,30316736,9095021,2021-22
WOOLWORTHS GROUP LIMITED,88000014675,58136662436,1610082986,460957826,2021-22
WORKPAC GROUP PTY LTD,61633330060,1197389998,,,2021-22
WORLD TIMBERFUND HOLDINGS LIMITED,,493479620,381125371,114337611,2021-22
WORLEY LIMITED,17096090158,1458653948,40352149,,2021-22
WORMALD AUSTRALIA PTY LTD,80008399004,262993169,9682843,2904853,2021-22
WORMALL CIVIL PTY LTD,60162970863,254800392,12898,3869,2021-22
WPP AUNZ LIMITED,84001657370,733177229,40222328,9949478,2021-22
WS AUDIOLOGY ANZ PTY LTD,30009163419,122641025,5375929,1612594,2021-22
WSP AUSTRALIA HOLDINGS PTY LTD,90169545395,835788715,79640972,19875449,2021-22
WT FINANCIAL GROUP LIMITED,87169037058,103629537,,,2021-22
WURTH AUSTRALIA PTY LTD,48002487096,158236410,9783916,2935175,2021-22
WX TRADING PTY LTD,38624673141,12701773466,,,2021-22
WYNDHAM DESTINATIONS ASIA PACIFIC PTY LTD,30090083613,168675354,32694220,9166596,2021-22
XERO AUSTRALIA PTY LIMITED,89124215247,291935782,45149891,6928392,2021-22
XL INSURANCE COMPANY SE,36083570441,1024819887,527783,,2021-22
XPANSIV LIMITED,34610645148,213484978,,,2021-22
XYLEM AUSTRALIA HOLDINGS PTY LTD,89162495070,225331387,22179124,6653737,2021-22
YAMAHA MOTOR AUSTRALIA PTY LIMITED,88002556989,485509359,39718323,11915497,2021-22
YAMAHA MUSIC AUSTRALIA PTY LTD,84004259527,101030835,7912621,2373786,2021-22
YANCOAL AUSTRALIA LIMITED,82111859119,5755563092,18287807,,2021-22
YANG KEE GROUP (AUSTRALIA) PTY LTD,28615582093,161048441,2979841,888627,2021-22
YARA AUSTRALIA PTY LIMITED,77076301221,715202155,,,2021-22
YARA PILBARA NITRATES PTY LTD,33127391422,187832624,,,2021-22
YARRA PARK CITY PTY LTD,35169645103,243801235,58723033,17616910,2021-22
YELLOW BRICK ROAD HOLDINGS LIMITED,44119436083,288302730,,,2021-22
YENDA PRODUCERS CO-OPERATIVE SOCIETY LIMITED,79134587268,146702079,2968165,790554,2021-22
YKK ALUMINIUM (AUSTRALIA) PTY LTD,66001779237,161279129,,,2021-22
YN ENERGY PTY LTD,88611962451,440318522,,,2021-22
YOKOGAWA AUSTRALIA PTY LIMITED,36003888364,103860533,11549704,3463363,2021-22
YOKOHAMA TYRE AUSTRALIA PTY LIMITED,26001361459,101951688,6630057,1989017,2021-22
YOLARNO PTY LTD,95002255183,502066989,,,2021-22
YOUI HOLDINGS PTY LTD,41124972425,1041569863,94080280,27767609,2021-22
YT PARKSONG AUSTRALIA HOLDING PTY LTD,71141125920,229042454,114572281,34371684,2021-22
YUNNAN TIN AUST INVESTMENT HOLDINGS,16124402802,210679013,3640496,1092149,2021-22
YUSEN LOGISTICS (AUSTRALIA) PTY LTD,85003550776,107213178,,,2021-22
ZASHVIN PTY LTD,80010980015,307867651,424327888,812507,2021-22
ZEBRA TECHNOLOGIES AUSTRALIA PTY LTD,14153920462,147076623,9831836,2912835,2021-22
ZEN ENERGY RETAIL PTY LTD,54615751052,408186917,,,2021-22
ZENDESK PTY LTD,86151424770,116558013,14415673,1987882,2021-22
ZEUS ONE HOLDING COMPANY PTY LTD,54615424238,105500045,810572,,2021-22
ZEUSS CHILDCARE I PTY LTD,70609818386,386380531,,,2021-22
ZFAAS HOLDINGS PTY LTD,87609580690,219495534,206108050,61832415,2021-22
ZIMMER AUSTRALIA HOLDING PTY LIMITED,93107449534,282546149,17665597,5299679,2021-22
ZIP CO LIMITED,50139546428,304646327,,,2021-22
ZOETIS AUSTRALIA PTY LTD,94156476425,469791424,26261399,7878420,2021-22
ZURICH FINANCIAL SERVICES AUSTRALIA LIMITED,11008423372,4965391466,117579598,11750915,2021-22
