company_name,abn,total_income,taxable_income,tax_payable,income_year
1 MENDS STREET PTY LTD,94600082111,108996236,10603699,3181110,2024-25
1884 PTY LIMITED,83114980880,319135614,18129064,5438719,2024-25
1ST ENERGY PTY LTD,71604999706,141699139,5741100,1722330,2024-25
20 CASHEWS PTY LTD,16634403124,218132378,3954380,1124529,2024-25
21ST CENTURY RESORTS HOLDINGS PTY LIMITED,33104201014,336737226,30968101,9290430,2024-25
26 RYDE PTY LTD,,154334997,178056693,47989151,2024-25
29METALS LIMITED,95650096094,602173980,,,2024-25
2CONSTRUCT PTY LTD,28109517188,140787174,10136683,3032048,2024-25
360 INTERNATIONAL TRADING PTY LTD,34645024362,141984609,9681580,2904474,2024-25
3M AUSTRALIA PTY LTD,90000100096,601416742,3359866,1007960,2024-25
4CYTE PATHOLOGY PTY LTD,12619244852,295423358,41555317,5668409,2024-25
4K AUTOMOTIVE GROUP PTY LTD,18062618964,979490775,15565720,4554859,2024-25
509 DAVIES RD CLAREMONT PTY LTD,63608523020,141305828,78467190,23540157,2024-25
5POINT PROJECTS PTY LTD,61615602027,126037967,640048,192014,2024-25
5WAYS FOODSERVICE PTY LTD,55096671920,119980085,2768629,830482,2024-25
7C HOLDINGS PTY LTD,63008210106,174442587,9236843,2717760,2024-25
895 ANN STREET PROJECT PTY LTD,70628867103,133983205,7591,2277,2024-25
9TE DEVELOPER PTY LTD,35666875850,138089243,,,2024-25
A S P ALUMINIUM HOLDINGS PTY LTD,59002302310,443897310,24301320,5985550,2024-25
A W NICHOLSON PTY LTD,14118404381,169881180,10181383,3054415,2024-25
A.C.N 666 066 860 PTY LTD,88666066860,265978083,243548,60887,2024-25
A.C.N. 003 933 300 PTY LTD,58003933300,935221298,,,2024-25
A.C.N. 085 239 998 PTY LTD,39085239998,570140431,97854377,27766966,2024-25
A.C.N. 085 537 266 PTY LIMITED,54085537266,100477725,,,2024-25
A.C.N. 166 119 133 PTY LTD,31166119133,2955451154,4414980,,2024-25
A.C.N. 630 698 716 PTY LTD,18630698716,171244486,1512240,,2024-25
A.G. COOMBS GROUP PTY. LTD.,67005711722,186335176,11891255,2037260,2024-25
A.G. COOMBS PTY. LTD.,49005653332,346206976,7028622,2108587,2024-25
A.G.OATLEY WINES PTY LTD,63118584928,128290258,2804562,841369,2024-25
A.H. BEARD HOLDINGS PTY LIMITED,79001569937,117518997,,,2024-25
A.J. BAKER & SONS PTY LTD,93008734834,135363064,,,2024-25
A2 AUSTRALIAN INVESTMENTS PTY LIMITED,93126014275,335724244,23246686,6444874,2024-25
A2 INFANT NUTRITION LIMITED,81618864958,862447260,145634175,43337087,2024-25
AA HOLDINGS PTY LTD,94112233744,853938838,75130197,22539059,2024-25
AAA EGG COMPANY PTY LTD,63079437639,202792416,17152447,5025046,2024-25
AAM DIVERSIFIED AGRICULTURE OPERATING TRUST,82620396937,172738325,,,2024-25
AAPC LIMITED,87009175820,1420995990,59636777,15664514,2024-25
AARDVARK TOPCO PTY LTD,24670588824,848683812,84775744,7666904,2024-25
AAW GROUP HOLDINGS PTY LTD,14007257865,166771546,6948535,1784560,2024-25
AB FOOD HOLDINGS PTY LTD,27681237454,136048856,6002222,1338066,2024-25
ABACUS STORAGE OPERATIONS LIMITED,37112457075,248586711,12607795,3782338,2024-25
ABB GROUP INVESTMENT MANAGEMENT PTY LIMITED,47082803852,723518248,64272856,19182090,2024-25
ABBE HOLDINGS VIC PTY LTD,92605336221,194713573,17363510,5209053,2024-25
ABBE NSW PTY LTD,93125187724,151940417,6225521,1867656,2024-25
ABBOT POINT BULKCOAL PTY LTD,23010183534,150284913,12813976,3844193,2024-25
ABBOT POINT OPERATIONS PTY LTD,58605852060,148523858,1423041,426912,2024-25
ABBOTT AUSTRALASIA PTY LIMITED,95000180389,824179565,52626163,14790449,2024-25
ABBVIE PTY LIMITED,48156384262,687408336,73287386,9793080,2024-25
ABC REFINERY (AUSTRALIA) PTY LIMITED,86621121079,18296603519,32504691,9751407,2024-25
ABC TISSUE PRODUCTS PTY LIMITED,33003085112,603610978,77795812,23338713,2024-25
ABCOR PTY. LTD.,12006504918,117388452,21011950,6303585,2024-25
ABERGELDIE CONSOLIDATED PTY LTD,21143512350,615648542,33511603,10053481,2024-25
A-BL SUPER TOPCO 2 PTY LTD,15673597129,185218777,,,2024-25
ABN CONSTRUCTION SERVICES PTY LTD,55068687294,135574606,1506827,452048,2024-25
ABN GROUP (VIC) PTY LTD,82130382188,827387234,51121103,15336331,2024-25
ABN RESIDENTIAL WA PTY LTD,11008871761,719923478,70155071,21046521,2024-25
ABP FINANCE PTY LIMITED,58139991101,444907932,55152146,16545644,2024-25
ABRA MINING PTY LIMITED,30110233577,343326960,,,2024-25
ABT ASSOCIATES AUSTRALIA PTY LTD,72161695156,206219822,937490,281247,2024-25
ACCENT GROUP LIMITED,85108096251,1457314214,61252058,18375617,2024-25
ACCENTURE AUSTRALIA HOLDINGS PTY LIMITED,61096995649,2936671817,241842951,70747844,2024-25
ACCESS EQUIPMENT GROUP PTY LTD,53131094874,183024742,7819389,2345817,2024-25
ACCESS HARDWARE HOLDINGS PTY LTD,36123214611,107337152,10972897,3291869,2024-25
ACCESS PLATFORM SYSTEMS PTY LTD,51116622158,139980646,9547663,2864299,2024-25
ACCESS WORKSPACE PTY LTD,81636482383,237496042,16532770,4944896,2024-25
ACCIONA AGUA AUSTRALIA PTY LTD,84128531742,347981518,,,2024-25
ACCIONA GEOTECH HOLDING PTY LTD,99616868314,4092477832,248000680,74365844,2024-25
ACCO BRANDS AUSTRALIA HOLDING PTY LIMITED,58130787923,166046186,11378940,3413682,2024-25
ACCORD PROPERTY HOLDINGS PTY LTD,13636033273,111366267,6591814,1965044,2024-25
ACCREDITED DISTRIBUTORS PTY LTD,82112903198,174768055,15124973,4533301,2024-25
ACER COMPUTER AUSTRALIA PTY LIMITED,78003872768,290240980,4266496,1279949,2024-25
ACH ENTERPRISES PTY LTD,57606793793,105479702,13291712,3987514,2024-25
ACHMEA SCHADEVERZEKERINGEN N.V.,86158237702,107693626,,,2024-25
ACLE SERVICES PTY LTD,66631910659,130209253,18548535,5564560,2024-25
ACM AUTOS PTY LTD,66121604082,101304272,214655,64396,2024-25
ACM HOLDINGS CO PTY LTD,42622029798,548595978,,,2024-25
ACROW FORMWORK AND SCAFFOLDING PTY LTD,35004284806,103041799,9522550,2856765,2024-25
ACS AUSTRALIA HOLDINGS PTY LTD,39655692176,205631099,27997805,953999,2024-25
ACTIVE GROUP HOLDINGS PTY LIMITED,63106459590,208156786,17429860,5228958,2024-25
ACTIVE STEEL PTY LTD,13068669296,106538793,10580718,3174215,2024-25
ACTRON ENGINEERING PTY LTD,34002767240,165356876,2310350,693105,2024-25
ACUSHNET AUSTRALIA PTY LTD,23105222017,103552125,9184587,2755376,2024-25
ACU-TECH PTY LTD,68626756223,149634360,1791920,537576,2024-25
AD ASTRA HOLDINGS PTY LTD,19111061726,396335898,28189477,8456843,2024-25
ADAIRS LIMITED,50147375451,585333183,34262888,10256960,2024-25
ADAMA AUSTRALIA HOLDINGS PTY LTD,31108759495,263550885,,,2024-25
ADAMS GROUP AUS HOLDINGS PTY LIMITED,13637089162,150310264,248866,,2024-25
ADANI MINING PTY LTD,27145455205,1315844890,,,2024-25
ADAPT-A-LIFT GROUP PTY LTD,81605149568,371703024,,,2024-25
ADBRI PTY LIMITED,15007596018,1874923873,121713042,32426033,2024-25
ADCHEM (AUSTRALIA) PTY LTD,87069180258,162770399,2628751,788625,2024-25
ADCO CONSTRUCTIONS PTY LIMITED,46001044391,1113752403,13143788,3943136,2024-25
ADCO GROUP PTY LIMITED,15094531272,172633139,896960,269088,2024-25
ADCOME PTY LTD,99110315681,523096941,20236962,6071089,2024-25
ADCORP HOLDINGS AUSTRALIA PTY LTD,91161583893,514573065,7660854,2298256,2024-25
ADECCO HOLDINGS PTY LTD,11003652088,896377141,45873129,13761939,2024-25
ADELAIDE AIRPORT LIMITED,78075176653,391874417,100249885,30074966,2024-25
ADIDAS AUSTRALIA PTY LTD,80058390659,455336396,41599882,12479965,2024-25
ADITYA BIRLA GLOBAL TRADING (AUSTRALIA) PTY LTD,37609394176,102571989,3812223,1143667,2024-25
ADM AUSTRALIA HOLDINGS I PTY LIMITED,52158548675,1324356583,,,2024-25
ADOBE SYSTEMS PTY LTD,72054247835,1105339867,53758853,16127656,2024-25
ADORE BEAUTY GROUP LIMITED,78636138988,198916579,1363629,409089,2024-25
ADRAD HOLDINGS LTD,51121033396,133576471,5752820,1382651,2024-25
ADT GROUP HOLDINGS PTY LTD,35144849436,241309696,5916704,1553116,2024-25
ADVANCED FRESH CONCEPTS PTY LTD,35605455936,144030973,3831685,1149506,2024-25
ADVANTA SEEDS PTY LTD,87010933061,106305898,41449426,8962595,2024-25
ADVENTURE HOLDINGS AUSTRALIA PTY LTD,93622679216,113981106,7827923,2348377,2024-25
ADVERTISING ASSOCIATES PTY LTD,43057158488,119495431,1217098,365129,2024-25
ADYEN AUSTRALIA PTY LTD,55162682411,195670489,20220349,6066105,2024-25
AECI AUSTRALIA PTY LTD,33165704870,312365163,10938468,3281540,2024-25
AEG FUELS AUSTRALIA PTY LTD,76670706411,101283364,4180639,1254192,2024-25
AEG TOPCO PTY LTD,28650972688,610321324,44729417,13418825,2024-25
AERIS RESOURCES LIMITED,30147131977,577542648,,,2024-25
AESTHETICS AUSTRALIA HOLDINGS PTY LTD,45621040220,142126923,,,2024-25
AFGRI AUSTRALIA PTY LTD,14103619067,592398527,17314329,5193496,2024-25
AFL STADIA PTY LTD,26615077891,111128666,,,2024-25
AFT PHARMACEUTICALS (AU) PTY LTD,29105636413,121178065,4541681,1362504,2024-25
AG N VET MANAGEMENT SERVICES PTY LIMITED,91087675465,611017811,29982527,8537123,2024-25
AGCO AUSTRALIA LIMITED,89004092684,379193530,25785451,7735635,2024-25
AGGREGATE HOLDINGS PTY LTD,24000455881,143591062,31636946,8583431,2024-25
AGGREKO AUSTRALIA PTY LTD,66001991457,205909562,17892817,5367845,2024-25
AGH TOPCO PTY LTD,65648897278,379573839,12704644,3811393,2024-25
AGILENT TECHNOLOGIES AUSTRALIA PTY LTD,29088510605,150356264,26243874,1507401,2024-25
AGILITUS PTY LTD,94628465056,118284517,15257888,3934509,2024-25
AGL ENERGY LIMITED,74115061375,13108616875,513777549,,2024-25
AGL GENERATION HOLDCO PTY LIMITED,46155768291,1526981667,621287806,184033534,2024-25
AGNVET RURAL PTY LTD,52125781222,140766941,8169000,2448557,2024-25
AGORA GAS PTY LIMITED,38160254311,287286421,15096077,4528823,2024-25
AGRI DIRECT AUSTRALIA PTY LTD,18151647684,200842798,3615681,1084704,2024-25
AGRI OM AUSTRALIA PTY LTD,28601179024,152057055,2128317,638495,2024-25
AGRICOMM TRADING AUSTRALIA PTY LTD,66102862313,331167003,7481897,2244569,2024-25
AGRICULTURAL BANK OF CHINA LIMITED,48848300367,1082604006,58187657,17456297,2024-25
AGRI-LABOUR AUSTRALIA PTY LTD,23142526216,139423819,5086229,1525869,2024-25
AGRIUM SP HOLDINGS PTY LIMITED,58146674400,4696172793,295982852,69823084,2024-25
AGROCORP PROCESSING AUSTRALIA PTY LTD,84618979123,154691811,,,2024-25
AGTRADE INTERNATIONAL PTY LTD,87139280461,452691094,,,2024-25
AHRENS GROUP PTY LTD,76114260230,423996614,63855308,18133653,2024-25
AI GRACE AUS HOLDCO PTY LTD,70670020292,540887243,77314777,22333667,2024-25
AI SKY AUS HOLDCO PTY LIMITED,67636519143,187143244,17688174,3511997,2024-25
AIA AUSTRALIA LIMITED,79004837861,3410137325,,,2024-25
AIC MINES LIMITED,11060156452,196292122,,,2024-25
AIG AUSTRALIA LIMITED,93004727753,1227993934,159348479,47002833,2024-25
AIIM CHOICES PTY LTD,78622029949,166833326,883335,265000,2024-25
AIM MINING CORPORATION LIMITED,98006640553,179054027,,,2024-25
AINSLIE BULLION MELBOURNE PTY LTD,58646041830,139491903,331703,99511,2024-25
AIOI NISSAY DOWA INSURANCE COMPANY AUSTRALIA PTY LTD,11132524282,432960221,21967211,6590163,2024-25
AIR LIQUIDE AUSTRALIA LIMITED,57004385782,416160496,26635114,7990534,2024-25
AIRBUS AUSTRALIA PACIFIC HOLDINGS PTY LIMITED,75003066788,568443869,48189724,14456917,2024-25
AIRPORT DEVELOPMENT GROUP PTY LIMITED,77081422915,198097537,25941586,7782476,2024-25
AIRPORT LINK HOLDINGS PTY LTD,87120722081,151214356,9094154,2728246,2024-25
AIRPORT MOTOR GROUP PTY LTD,61113244492,196827573,6743486,2023046,2024-25
AIRPORT MOTORWAY HOLDINGS PTY LTD,55078322531,161814010,106204714,31861414,2024-25
AIRROAD PTY LIMITED,81002955419,168282603,4010031,1202862,2024-25
AIRSERVICES AUSTRALIA,59698720886,1099859936,,,2024-25
AIRTRUNK AUSTRALIA HOLDING PTY LTD,50616379232,282357181,,,2024-25
AIRWALLEX PTY LTD,37609653312,105923819,,,2024-25
AJ LUCAS GROUP LIMITED,12060309104,146768535,,,2024-25
AJE WHOLESALING PTY LTD,26130160753,139516565,,,2024-25
AKAMAI TECHNOLOGIES NETHERLANDS BV,52115435955,120249223,3668038,1100411,2024-25
AKESA PTY LTD,57168121122,144711540,15478329,4643499,2024-25
AKUNA CAPITAL AUSTRALIA PTY LTD,71622473750,176974744,60694117,14500376,2024-25
AKURA ENTERPRISES PTY LTD,72646793222,116492985,6848540,2054562,2024-25
AKZO NOBEL COATINGS (HOLDINGS) PTY LTD,51000285012,366928619,,,2024-25
ALAN MANCE MOTORS PTY LTD,69005500747,133666309,2654257,796277,2024-25
ALBEM OPERATIONS PTY LTD,98010179432,138141646,15799436,4739831,2024-25
ALBEMARLE LITHIUM PTY LTD,14618095471,978114462,,,2024-25
ALBRIGHT & WILSON (AUSTRALIA) PTY LTD,36004234137,106747482,6508797,1940973,2024-25
ALBUM INVESTMENT PTE LTD,,271939391,,,2024-25
ALCEON CAPITAL PTY LTD,41163867016,143582087,5817553,1740938,2024-25
ALCOA AUSTRALIAN HOLDINGS PTY LTD,33096987370,3313960934,581357146,127373851,2024-25
ALCOA OF AUSTRALIA LTD,93004879298,2924152684,147020137,44106041,2024-25
ALCON LABORATORIES (AUSTRALIA) PTY LTD,88000740830,347900229,7591333,2277400,2024-25
ALDER CONSTRUCTIONS PTY LTD,31106657470,109590114,2368609,710583,2024-25
ALDI FOODS PTY LTD,18086210139,13972600030,683150541,204945162,2024-25
ALDL HOLDINGS PTY LTD,89144809594,129997516,9771750,2862416,2024-25
ALEXION PHARMACEUTICALS AUSTRALASIA PTY LTD,59132343036,126183954,2536138,760841,2024-25
ALH GROUP PTY LTD,68098212134,460000000,657142857,,2024-25
ALKANE RESOURCES LIMITED,35000689216,272569101,54621669,15736667,2024-25
ALL ENERGY CONTRACTING PTY LTD,96623989453,116980661,23169846,6950954,2024-25
ALLAM CONSOLIDATED PTY LIMITED,24673803202,200830333,,,2024-25
ALLAM PROPERTY GROUP PTY LTD,74614339365,151346765,,,2024-25
ALLEGION (AUSTRALIA) PTY LTD,49077898161,133125374,6060138,1818041,2024-25
ALLEGIS GROUP APAC HOLDINGS PTY LTD,84159406523,304243715,12783,,2024-25
ALLEGRO PTY LTD,55008833494,213669412,2252652,675796,2024-25
ALLIANCE AVIATION SERVICES LIMITED,96153361525,836772772,,,2024-25
ALLIANZ AUSTRALIA LIMITED,21000006226,8688768842,797381562,238901154,2024-25
ALLIANZ TECHNOLOGY SE,68344730676,267391224,2827035,848110,2024-25
ALLIED BEEF GROUP PTY LTD,52151578102,210702292,,,2024-25
ALLIED CREDIT PTY LTD,65143964667,297051241,,,2024-25
ALLIED WORLD ASSURANCE COMPANY LTD,54163304907,175608582,35682982,10543513,2024-25
ALLKEM PTY LTD,31112589910,201373576,14905005,4471502,2024-25
ALLNEX AUSTRALIA PTY. LTD.,24160397768,303393162,6662591,992142,2024-25
ALLPOINT NOMINEES PTY LTD,37083731257,112756902,13775821,4132746,2024-25
ALLSEAS MARINE CONTRACTORS AUSTRALIA PTY LTD,81158534582,783745592,23902824,7170847,2024-25
ALMAX ALUMINIUM PTY LTD,66091040363,101415973,9635256,2890577,2024-25
ALMONDCO AUSTRALIA LIMITED,81062887352,322916710,199993,59998,2024-25
ALQUEMIE GROUP HOLDINGS PTY LTD,55637401104,228349543,,,2024-25
ALS LIMITED,92009657489,909043214,84145211,18978322,2024-25
ALSCO PTY LIMITED,26000435629,389042885,59447600,17785607,2024-25
ALSTOM TRANSPORT AUSTRALIA HOLDINGS PTY LIMITED,28644102992,1643014971,186586204,53511575,2024-25
ALTCOM GROUP HOLDINGS PTY LIMITED,78000870897,128124268,54831970,,2024-25
ALTIUS HOLDCO PTY LTD,22646640280,141346227,16995250,5098575,2024-25
ALTOMONTE HOLDINGS PTY LIMITED,18000821910,780125967,8139099,2441730,2024-25
ALTORA AG HOLDCO PTY LTD,29630396619,377590196,,,2024-25
ALTRAD AUSTRALIA PTY LTD,56652016807,205545488,12743434,3823030,2024-25
ALTX VENTURES HOLDINGS PTY LIMITED,15619131449,122022506,14577994,3835112,2024-25
AMA GROUP LIMITED,50113883560,534111303,,,2024-25
AMADEUS IT PACIFIC PTY LTD,22080674255,188503269,10069219,,2024-25
AMARI METALS AUSTRALIA PTY LTD,13004496128,383226015,15626865,4488716,2024-25
AMAROO GROUP HOLDCO PTY LIMITED,88651036403,163264686,3613764,1066330,2024-25
AMAZON COMMERCIAL SERVICES PTY LTD,30616935623,3826343252,141072500,42321750,2024-25
AMAZON CORPORATE SERVICES PTY LTD,95082931600,1366922047,,,2024-25
AMAZON SUPPORT SERVICES PTY LTD,77163823416,181751556,19077289,5723187,2024-25
AMAZON WEB SERVICES AUSTRALIA PTY LTD,63605345891,4085830794,556293883,166888165,2024-25
AMB HOLDINGS PTY LTD,85084557737,176314559,151844771,,2024-25
AMBER HOLDING CORPORATION PTY LTD,71673818052,114836310,,,2024-25
AMBERTECH LIMITED,17079080158,101975841,1010314,303094,2024-25
AMC AUSCO 1 PTY LTD,49658085771,605746187,242515636,72718107,2024-25
AMCI (WA) PTY LTD,91120952150,137237043,,,2024-25
AMCOR PTY LTD,62000017372,636516658,4088691,,2024-25
AMDOCS (AUSTRALIA) PTY LTD,96098687006,124662656,4884647,1465394,2024-25
AMENTUM AUSTRALIA PROPRIETARY LIMITED,12079749287,207251412,29942946,8982884,2024-25
AMENTUM GLOBAL SERVICES AUSTRALIA PTY LTD,68160505162,118673104,,,2024-25
AMER SPORTS AUSTRALIA PTY LTD,65063414568,146965494,13616453,4084936,2024-25
AMERICAN EXPRESS AUSTRALIA LIMITED,92108952085,2088741049,119822805,35946842,2024-25
AMERICOLD AUSTRALIA HOLDINGS PTY LTD,48117491291,376852153,,,2024-25
AMEROPA AUSTRALIA PTY LTD,21009504394,792681845,10392610,2751682,2024-25
AMG HEADQUARTERS FIVE PTY LTD,19638154328,237046366,5372968,1611890,2024-25
AMG HEADQUARTERS TWELVE PTY LTD,98668007654,278133214,,,2024-25
AMG HORNSBY PTY LTD,67083155471,111858295,3735364,1120609,2024-25
AMG WAITARA PTY LTD,17613903281,207255379,7559334,2267800,2024-25
AMGEN AUSTRALIA PTY LIMITED,31051057428,569017336,69640267,9183675,2024-25
AMOTIV LIMITED,99004400891,761117986,115553031,29505100,2024-25
AMP LIMITED,49079354519,3027895882,,,2024-25
AMPHORA AUSTRALIA PTY LTD,50625199322,610914225,,,2024-25
AMPLIFON AUSTRALIA HOLDING PTY LTD,34147231561,379038672,33622099,10049551,2024-25
AMPLIFY BIDCO PTY LTD,30636456623,673042626,464286,,2024-25
AMPLITUDE ENERGY LIMITED,93096170295,270226481,,,2024-25
AMPOL LIMITED,40004201307,32366893706,127688301,16291026,2024-25
AMPS COMMERCIAL PTY LTD,36097034261,112049704,5514575,1048236,2024-25
AMR RECYCLERS PTY LTD,78126024306,133393187,5897909,1769373,2024-25
ANABELLE BITS PTY LTD,40068649972,227432631,2739895,821968,2024-25
ANCA PTY LTD,43005163244,166323483,13271493,,2024-25
ANCORA TOPCO LTD,49677564662,986634580,,,2024-25
ANDANTE FINANCE COMPANY PTY LTD,82639365183,237622559,1385099,415530,2024-25
ANDRASH NEWCO 1 PTY LTD,37676367801,132044362,1768335,530500,2024-25
ANDREW JOHNSON HOLDINGS PTY LTD,54089200448,117662649,1614097,484229,2024-25
ANDREW MIEDECKE MOTORS PTY LTD,50002582621,111187173,,,2024-25
ANDREWS MEAT INDUSTRIES PTY LTD,16600428537,322500940,22629712,6017485,2024-25
ANDURIL AUSTRALIA PTY LTD,15657508088,114247498,38801549,1874957,2024-25
ANGELWITCH INVESTMENTS PTY LTD,93141418493,123800830,,,2024-25
ANGLE GROUP HOLDINGS PTY LTD,33680855609,949750471,,,2024-25
ANGLO AMERICAN AUSTRALIA LTD,47004892371,5510894856,708132321,42971292,2024-25
ANGLO AMERICAN TECHNICAL & SUSTAINABILITY SERVICES LTD,81629813216,125969957,11532232,3459670,2024-25
ANGLOGOLD INVESTMENTS AUSTRALIA PTY LTD,48090112459,2125113181,670109996,200802462,2024-25
ANIXTER AUSTRALIA PTY LTD,68055815551,491026039,47271390,14181417,2024-25
ANL CONTAINER LINE PTY LTD,41083962136,438832066,39176484,11696939,2024-25
ANSELL LIMITED,89004085330,239925179,6624157,1987247,2024-25
ANSVAR INSURANCE LIMITED,21007216506,274218333,3400370,,2024-25
ANTAP INTERNATIONAL PTY LTD,96601127020,161413080,3973827,1192148,2024-25
ANTICIMEX PTY LTD,24162914374,287732360,33432511,10026784,2024-25
ANZ GROUP HOLDINGS LIMITED,16659510791,60633265519,5758457665,1672045229,2024-25
ANZ HOSPITALS TOPCO PTY LTD,20631014965,2916466961,,,2024-25
ANZFOF2 NZ PTY LIMITED,33600153133,115891903,,,2024-25
ANZUK EDUCATION SERVICES PTY LTD,19123730521,186670703,14177446,4253234,2024-25
AON GROUP PTY LTD,37615080290,732797787,199727793,59902143,2024-25
AON RISK SERVICES AUSTRALIA LTD AAF NON RESIDENT INSURERS,,102127950,102127950,30638385,2024-25
AOT TRADING CO. PTY LTD,35666472448,127151921,,,2024-25
AOYUAN CAPITAL BLUESTONE HOLDINGS PTY LTD,19632258327,252858855,,,2024-25
APA INFRASTRUCTURE TRUST,21858175226,3419775844,262234420,76960463,2024-25
APC MANUFACTURING & LOGISTICS PTY LTD,43119762962,175578511,41319541,12395862,2024-25
APCO SERVICE STATIONS PTY LTD,91007229898,792169301,13756800,4127040,2024-25
APD ALLIANCE PTY LTD,49159246812,126061996,27362929,8208879,2024-25
APEX BUILDING PRODUCTS (QLD) PTY LTD,46127374092,122928693,14362507,4308752,2024-25
APEX BUILDING PRODUCTS PTY LTD,27078974115,149329255,18793474,1554543,2024-25
APEX FUND HOLDINGS AUSTRALIA PTY LTD,23649344507,104102986,,,2024-25
APEX STEEL PTY LTD,88080253756,149240918,5614859,1684458,2024-25
APEX STEEL SUPPLIES PTY LTD,97008075938,131485115,4324425,1104278,2024-25
APEX TOPCO PTY LTD,13647943173,170086990,,,2024-25
APH TOP CO PTY LIMITED,96608192374,634561762,76640534,22992160,2024-25
APM HUMAN SERVICES INTERNATIONAL LIMITED,38639621766,211925710,14409721,4322916,2024-25
APOG TOPCO PTY LTD,66654198268,2114579953,2407439,,2024-25
APOLLO DEVELOPMENT HOLDINGS PTY LTD,71675516622,140419608,5510047,1652158,2024-25
APPLE PTY LTD,46002510054,13092923798,682073608,199637944,2024-25
APPLIED AUSTRALIA HOLDINGS PTY LTD,48156643462,126429847,6531785,1959536,2024-25
APS GROUP (HOLDINGS) PTY LTD,94096418101,186162078,415035,124510,2024-25
APT ASIA PACIFIC PTY LTD,72066046231,100132428,8595442,2578633,2024-25
APTELLA PTY LTD,56130367065,141577031,4367203,1310161,2024-25
AQUACULTURE AUSTRALIA HOLDCO PTY LTD,57660056440,777146376,,,2024-25
AQUALAND HOLDING PTY LTD,19614472347,663770388,,,2024-25
AQUASURE FINANCE PTY LTD,35136072627,289588689,,,2024-25
AQUASURE HOLDINGS PTY LTD,46135956053,322852086,117299949,35189985,2024-25
AQUA-TEC FLUID SYSTEMS PTY LTD,94114944026,117654788,9704065,2911220,2024-25
AQUILA RESOURCES PTY LTD,81092002769,181868526,5509341,,2024-25
AR HOLDCO PTY LTD,43673156593,5123573410,109213790,30954492,2024-25
ARA GROUP LIMITED,47074886561,1005110245,59587279,17374362,2024-25
ARA INDIGENOUS SERVICES PTY LTD,83605947822,106602153,3510467,1053140,2024-25
ARAFURA PACIFIC PTY LTD,29151898029,415317089,12124643,3637393,2024-25
ARAMEX FASTWAY HOLDINGS PTY. LTD.,86609553513,222843036,,,2024-25
ARB CORPORATION LTD,31006708756,611062396,113051225,32478817,2024-25
ARC PROJECTS CORPORATION PTY LTD,70655207471,150486896,7405938,2221781,2024-25
ARCADIS AUSTRALIA PACIFIC HOLDINGS PTY LTD,56608711351,374576889,62120844,14029313,2024-25
ARCH FINANCIAL HOLDINGS AUSTRALIA PTY LTD,18605164627,353796439,95967646,28790294,2024-25
ARCHER DIGBY PTY LTD,89107693710,109012546,3190437,957131,2024-25
ARCHIES FOOTWEAR PTY LTD,91164576854,105589003,17038636,4950416,2024-25
ARCHITECTURAL WINDOW SYSTEMS PTY LIMITED,48067950903,141349886,11044560,2670511,2024-25
ARCHITECTUS SERVICES HOLDCO PTY LTD,31654274629,182999321,19076299,5722890,2024-25
ARCHMONT INVESTMENTS PTY LTD,68063715033,466421153,,,2024-25
ARDEX AUSTRALIA PTY LIMITED,82000550005,157276143,15088852,3063442,2024-25
ARDONAGH GROUP FINCO PTY LTD,13674734733,160233702,,,2024-25
ARE MEDIA HOLDCO PTY LTD,30649385044,225282280,3355180,961128,2024-25
ARGENTO INVESTMENTS PTY LTD,,132764856,2345154,703546,2024-25
ARGO INVESTMENTS LIMITED,35007519520,305357357,507803902,62902264,2024-25
ARISTOCRAT LEISURE LIMITED,44002818368,2927831491,685944183,175209830,2024-25
ARISTOTLE HOLDING PTY LIMITED,76666554810,768004513,,,2024-25
ARJ GROUP HOLDINGS PTY LTD,31104958527,513974916,33640979,10092294,2024-25
ARK INDUSTRIAL PTY LTD,26632776839,100255608,6395465,1918640,2024-25
ARKEMA PTY LTD,44000330772,114565950,,,2024-25
ARLA FOODS MAYER AUSTRALIA PTY LTD,78167620706,180613777,6209791,1862937,2024-25
ARN MEDIA LIMITED,95008637643,343993721,40772275,8943018,2024-25
ARROW COMMODITIES PTY LIMITED,17078081428,678394324,1707099,512130,2024-25
ARROW ELECTRONICS ANZ HOLDINGS PTY LTD,90102589515,191846953,1245650,373695,2024-25
ARROW ENERGY HOLDINGS PTY LTD,94141385293,986838328,,,2024-25
ART GROUP SERVICES LIMITED,50125248286,1865143122,97940266,29382080,2024-25
ARTHREX AUSTRALIA PTY LTD,40627466979,138605499,15769425,4730828,2024-25
ARTICORE GROUP LIMITED,11119200592,101889315,,,2024-25
ARUBIAL PTY LTD,30113386119,175257626,,,2024-25
ARUP AUSTRALIA SERVICES PTY LTD,36625911686,618898684,262655,,2024-25
ARVINMERITOR LIGHT VEHICLE SYSTEMS AUSTRALIA PTY LTD,46004314372,185759578,24521092,7356328,2024-25
ARYZTA HOLDINGS ASIA PACIFIC PTY LIMITED,57146007365,238050286,31019426,9305828,2024-25
AS COLOUR PTY LTD,17130999165,152394626,6618661,1985598,2024-25
ASAHI HOLDINGS (AUSTRALIA) PTY LTD,48135315767,6687678722,943860919,276526244,2024-25
ASC PTY LTD,64008605034,979832590,28334220,8479264,2024-25
ASC SHIPBUILDING PTY LIMITED,15051899864,1041581104,99557973,29867392,2024-25
ASCENDAS HOSPITALITY OPERATIONS PTY LTD,28156287857,132506068,,,2024-25
ASCOTT INTERNATIONAL MANAGEMENT (AUSTRALIA) PTY LTD,20078223186,118228672,24309550,7248465,2024-25
ASDAM HOLDINGS PTY LTD,74631990086,298104830,32283040,8826056,2024-25
ASG BRISBANE PTY LTD,72614297684,227099407,,,2024-25
ASG EUROPEAN CARS PTY LTD,81007382005,173636036,,,2024-25
ASG MELBOURNE PTY LTD,64616840110,1031757535,20216344,6064903,2024-25
ASGIP III AUSTRALASIA HOLDINGS PTY LTD,74611681755,157194462,4386206,1315862,2024-25
ASGIP III CCC HOLD CO PTY LTD,52670200852,163882014,12908697,3872609,2024-25
ASH 302 PTY LTD,56065395815,458345222,,,2024-25
ASHLEY SERVICES GROUP LIMITED,92094747510,533568820,5590319,1677096,2024-25
ASHWOOD HOLDINGS PTY LTD,92654911547,300705776,42857426,12857228,2024-25
ASICS OCEANIA PTY LTD,59003091389,435315538,60546570,18163971,2024-25
ASKIN GROUP HOLDINGS PTY LIMITED,51626106947,178838920,22123580,6637074,2024-25
ASPEN ASIA PACIFIC PTY LTD,75146444484,545017432,80641187,20887791,2024-25
ASPEN GROUP LIMITED,50004160927,150638402,,,2024-25
ASPEN MEDICAL PTY LIMITED,32105250413,143335031,,,2024-25
ASSA ABLOY AUSTRALIA PACIFIC PTY LIMITED,81095354582,658195479,56476805,15306113,2024-25
ASSEMBLE HOLDCO 1 PTY LTD,51638649457,130010237,,,2024-25
ASSETINSURE PTY LTD,65066463803,167596819,41885299,12565590,2024-25
ASSETLINK HOLDINGS PTY LTD,51168396656,212454231,,,2024-25
ASSETT HOLDINGS PTY LTD,12680834897,102511862,30266652,9079996,2024-25
ASSOCIATED KILN DRIERS PTY LTD,34004341048,555615853,,,2024-25
ASSOCIATED RETAILERS LIMITED,42004520030,153968679,,,2024-25
ASSURANT SERVICES AUSTRALIA PTY LTD,18613632367,109496205,18330798,5499239,2024-25
ASTELLAS PHARMA AUSTRALIA PTY LTD,81147915482,185782122,10261113,3078334,2024-25
ASTRAZENECA HOLDINGS PTY LIMITED,59066876962,961941180,109652634,21133453,2024-25
ASX LIMITED,98008624691,1728478771,742757407,222628074,2024-25
ATCO AUSTRALIA PTY LTD,74091033546,294626038,,,2024-25
ATCO STRUCTURES & LOGISTICS PTY LTD,71083902309,390437422,78811016,23643305,2024-25
ATHENA FINANCIAL PTY LTD,77619535545,277283772,,,2024-25
ATI GLOBAL LIMITED,31634158204,700218417,,,2024-25
ATKINSON PRODUCE PTY LTD T/A MURRAY BROS,77010762106,134729768,3523826,1057148,2024-25
ATLAS AU HOLDCO PTY LTD,25661797904,180540471,,,2024-25
ATLAS COPCO AUSTRALIA PTY LIMITED,85620125153,252369772,6666527,1999958,2024-25
ATLAS FUEL AUSTRALIA PTY LTD,33634907538,264100261,453104,135931,2024-25
ATLAS IRON PTY LTD,63110396168,1315858950,369109482,110732845,2024-25
ATLASSIAN AUSTRALIA 1 PTY LTD,98166799542,7509186687,922552972,143589095,2024-25
ATOM GROUP HOLDINGS PTY LTD,86670416529,396344984,13503436,4051031,2024-25
ATP INSTONE AUSTRALIA PTY LTD,64141362478,231206110,,,2024-25
ATRADIUS CREDITO Y CAUCION S.A. DE SEGUROS Y REASEGUROS,90610834556,101505653,21052876,6315863,2024-25
ATRON ENTERPRISES PTY LTD,73122150485,184714936,24803951,7441185,2024-25
ATTAIN HEALTHTECH PTY LTD,41655851755,105473829,,,2024-25
ATTURRA LIMITED,34654662638,263935520,10788772,3216479,2024-25
AUB GROUP LIMITED,60000000715,255600324,148986100,3552495,2024-25
AUDANT INVESTMENTS PTY LIMITED,33002892855,152215249,32605537,9646846,2024-25
AUDIBLE AUSTRALIA PTY LTD,89624383811,189795377,7784430,2325798,2024-25
AURECON GROUP PTY LTD,12133838187,1112872737,108982107,31996565,2024-25
AURELIA METALS LIMITED,37108476384,364031776,47380535,14214160,2024-25
AURENNE GROUP HOLDINGS PTY LTD,90627857176,333820864,,,2024-25
AURIGA GROUP HOLDINGS PTY LTD,58619472221,146997361,,,2024-25
AURIZON HOLDINGS LIMITED,14146335622,4132550040,436906075,127187084,2024-25
AURORA DAIRIES HOLDINGS PTY LTD,90625617003,269617204,,,2024-25
AURRUM HOLDINGS PTY LTD,12168679123,237097641,116990460,34762096,2024-25
AUS HOLDCO PTY LTD,27078276758,110933269,,,2024-25
AUS PIE CO HOLDINGS PTY LTD,30662466597,117355194,,,2024-25
AUS STAR HOLDINGS INTERNATIONAL PTYLTD,63605622026,141295476,1881236,564371,2024-25
AUSBUILD GROUP PTY LTD,35609450419,383955616,12857150,3857145,2024-25
AUSCAMPER PTY LTD,75609693674,127137799,15597503,4679251,2024-25
AUSCAN HOLDINGS PTY LIMITED,70084400886,235983046,,,2024-25
AUSCO HOLDINGS PTY LIMITED,13150795547,477663834,14392080,4172803,2024-25
AUSENCO PTY LTD,31114541114,132475263,3771674,,2024-25
AUSFINE FOODS INTERNATIONAL PTY LTD,12006926129,324994113,3264695,979408,2024-25
AUSGRID FINANCE PTY LTD,14615343005,613578831,,,2024-25
AUSGRID MANAGEMENT PTY LTD,83615449548,687645569,,,2024-25
AUSMAR HOMES PTY LTD,55087236208,136760234,13949768,4184930,2024-25
AUSPAT INTERNATIONAL PTY. LTD.,88050328231,161588046,,,2024-25
AUSPORK LIMITED,38006563355,133298335,5044342,1513303,2024-25
AUSREO HOLDINGS PTY LIMITED,22125694055,341478429,1442270,283607,2024-25
AUSSIE BROADBAND LIMITED,29132090192,1201344548,113805325,34108324,2024-25
AUSTAL LIMITED,73009250266,565945657,,,2024-25
AUSTIN ENGINEERING LIMITED,60078480136,144614617,,,2024-25
AUSTRAL FISHERIES PTY LTD,71008989982,163583788,15481855,4644556,2024-25
AUSTRALASIAN LANDSCAPE SERVICES HOLDCO PTY LTD,24652220794,210035163,7064971,2119491,2024-25
AUSTRALASIAN MEDICAL AND SCIENTIFIC LIMITED,28051991372,129543977,9197234,2759170,2024-25
AUSTRALASIAN PERFORMING RIGHT ASSOCIATION LIMITED,42000016099,506485996,,,2024-25
AUSTRALASIAN POWER SOLUTIONS PTY LTD,51618477142,136022447,4094508,1228352,2024-25
AUSTRALASIAN SOLVENTS AND CHEMICALS COMPANY PTY LTD,57095441080,192406334,2229170,668751,2024-25
AUSTRALIA BY SAINT PTY LTD,56624004566,185060493,8111454,2102789,2024-25
AUSTRALIA MILLING GROUP PTY LTD,57127428406,143901686,2992259,897678,2024-25
AUSTRALIA OCEAN LOGISTICS PTY LTD,54626546807,428777587,10001450,3000435,2024-25
AUSTRALIA PACIFIC AIRPORTS CORPORATION LIMITED,89069775266,1571719586,280089510,84026853,2024-25
AUSTRALIA PACIFIC ELECTRIC CABLES PTY LTD,23068447763,103673135,5784882,1735465,2024-25
AUSTRALIA PACIFIC LNG PTY LTD,68001646331,10087950165,4581062358,1322109159,2024-25
AUSTRALIA ZHIRAN CO. PTY LTD,87619268727,270735186,8911981,2673594,2024-25
AUSTRALIAN AGRICULTURAL COMPANY LIMITED,15010892270,656196177,903783,,2024-25
AUSTRALIAN AIRCONDITIONING DISTRIBUTORS PTY LTD,43139947363,147094372,18700334,5610100,2024-25
AUSTRALIAN BAKELS PTY LIMITED,35000112836,207963493,24248556,7274567,2024-25
AUSTRALIAN BEARINGS CORPORATION PTY LTD,15139918013,125076002,7302707,2190812,2024-25
AUSTRALIAN BULLION COMPANY (N S W) PTY LTD,82002858602,1532514673,10518876,3155663,2024-25
AUSTRALIAN BUSINESS SOLUTIONS GROUP PTY LTD,67153829666,173358482,,,2024-25
AUSTRALIAN CAPITAL EQUITY PTY LTD,88009412328,149180374,10280250,,2024-25
AUSTRALIAN CARAVAN CENTRE PTY LTD,86615916937,114821976,,,2024-25
AUSTRALIAN CATTLE ENTERPRISES (NT) PTY LTD,26635745425,144491095,7292775,2187832,2024-25
AUSTRALIAN CHOICE EXPORTS PTY LTD,51607783586,115436527,1063058,318917,2024-25
AUSTRALIAN CLINICAL LABS LIMITED,94645711128,741593982,65557369,19521909,2024-25
AUSTRALIAN COMFORT GROUP HOLDINGS PTY LTD,48143785522,162344839,,,2024-25
AUSTRALIAN CONSTRUCTION GROUP PTY LTD,19604459127,109096155,38330722,11499217,2024-25
AUSTRALIAN COUNTRY CHOICE HOLDINGS PTY LTD,87009729999,831775456,,,2024-25
AUSTRALIAN DAIRY FARMERS CORPORATION LTD,80456117281,171132419,,,2024-25
AUSTRALIAN ENERGY HOLDINGS NO.1 PTY LTD,18654672670,2331479735,,,2024-25
AUSTRALIAN ETHICAL INVESTMENT LIMITED,47003188930,119362988,32412358,9723707,2024-25
AUSTRALIAN FINANCE GROUP LIMITED,11066385822,1252127410,45421481,13017052,2024-25
AUSTRALIAN FOOD & AGRICULTURE COMPANY LIMITED,38005858293,251345997,1244058,,2024-25
AUSTRALIAN FOOTWEAR PTY LTD,40168259210,325494570,,,2024-25
AUSTRALIAN FOUNDATION INVESTMENT COMPANY LIMITED,56004147120,341786647,791852757,138023568,2024-25
AUSTRALIAN FRESH MILK HOLDINGS PTY LTD,89606506290,232947850,4295050,,2024-25
AUSTRALIAN GAS NETWORKS HOLDINGS PTY LIMITED,24169818026,720263628,31107886,7949469,2024-25
AUSTRALIAN GOLD REAGENTS PTY LTD,93009140121,338597769,204751,61425,2024-25
AUSTRALIAN GRAIN EXPORT PTY LTD,92073563185,1525907584,1599252,,2024-25
AUSTRALIAN LEISURE AND HOSPITALITY GROUP PTY LIMITED,37067391511,6774402999,639868479,191960544,2024-25
AUSTRALIAN LOGISTICS ACQUISITION HOLDINGS PTY LTD,28611628909,2318405446,,,2024-25
AUSTRALIAN MEAT GROUP PTY LTD,75168396316,1112146062,58537459,17561238,2024-25
AUSTRALIAN MERINO EXPORTS PTY LTD,57151148435,151149335,,,2024-25
AUSTRALIAN METAL BUILDING PRODUCTS PTY LTD,16663177277,530741609,34529915,10358974,2024-25
AUSTRALIAN MILITARY BANK LIMITED,48087649741,119489080,13281671,3291784,2024-25
AUSTRALIAN MOTOR GROUP PTY LTD,67095047902,448862242,34328136,10298441,2024-25
AUSTRALIAN MOTORING SERVICES PTY LTD,60100488613,254851892,,,2024-25
AUSTRALIAN MOTORS S.A. PTY. LIMITED,60007635958,225993756,6464511,1939353,2024-25
AUSTRALIAN NATIVE LANDSCAPES PTY LTD,42001749980,109166333,25510504,7653151,2024-25
AUSTRALIAN NATURE INVESTMENT PTY LTD,16611339621,432423692,,,2024-25
AUSTRALIAN PAYMENTS PLUS LIMITED,19649744203,259938127,,,2024-25
AUSTRALIAN POSTAL CORPORATION,28864970579,9714900825,67626224,19457009,2024-25
AUSTRALIAN PRODUCE PARTNERS PTY LTD,97656102626,194459415,4157543,1247263,2024-25
AUSTRALIAN RAIL TRACK CORPORATION LIMITED,75081455754,975424341,,,2024-25
AUSTRALIAN REGISTRY FINANCE PTY LTD,38617925916,150607591,,,2024-25
AUSTRALIAN STEEL TRADERS PTY LTD,93644181028,240628701,8922442,2676733,2024-25
AUSTRALIAN STRATA COMMUNITY GROUP PTY LTD,70166256257,104451685,21784252,6535276,2024-25
AUSTRALIAN TERMINAL OPERATIONS MANAGEMENT PTY LTD,70606006866,179164799,7975776,2392733,2024-25
AUSTRALIAN TIMKEN PTY LTD,91004379444,105983515,9689577,2906873,2024-25
AUSTRALIAN TOOL CORP PTY LTD,31094699537,154752976,7534822,2131876,2024-25
AUSTRALIAN TYRE TRADERS PTY LTD,54097694141,127973954,14672526,4401758,2024-25
AUSTRALIAN UNITY LIMITED,23087648888,2690093556,26127970,,2024-25
AUSTRALIAN VINTAGE LTD,78052179932,262245000,,,2024-25
AUSTRALIAN WHOLESALE MEATS (SYDNEY) PTY LTD,12132145638,178950899,7716379,2229199,2024-25
AUSTRALIAN WHOLESALE MEATS PTY LTD,14094306082,102696191,4151820,1219832,2024-25
AUSWASTE RECYCLING PTY LTD,18102521460,101710322,1689112,506734,2024-25
AUSWIDE BANK LTD,40087652060,197854417,8030730,2404670,2024-25
AUTO & GENERAL HOLDINGS PTY LTD,84086321459,954810973,78024495,23406298,2024-25
AUTO & GENERAL INSURANCE COMPANY LIMITED,42111586353,3521652467,442302354,132690706,2024-25
AUTO CLASSIC (W.A.) PTY LTD,66009124690,323077233,15704334,4711300,2024-25
AUTO CORNER PTY LTD,45009905079,298012194,14517201,4355160,2024-25
AUTODESK AUSTRALIA PTY LTD,91006741340,337447281,8048965,1348774,2024-25
AUTOMATIC DATA PROCESSING LIMITED,70003924945,251625173,71524047,13337610,2024-25
AUTOMOTIVE IMPORTS PTY LTD,29005378727,326628878,3906848,931878,2024-25
AUTOPACT HOLDINGS PTY LTD,88679668850,772258370,9243912,2773174,2024-25
AUTOPACT PTY LTD,44608040606,1109557343,33444132,10033240,2024-25
AUTOSPORTS CASTLE HILL PTY LIMITED,65163974481,342454621,653163,195949,2024-25
AUTOSPORTS FIVE DOCK PTY LTD,95118786762,119766307,74385,22316,2024-25
AUTOSPORTS LEICHHARDT PTY LTD,38161160765,168694901,1685219,505566,2024-25
AVADA GROUP LIMITED,57648988783,178163647,707686,212306,2024-25
AVANADE AUSTRALIA PTY LIMITED,58093925207,290556775,22880590,6838243,2024-25
AVANT MUTUAL GROUP LIMITED,58123154898,972597950,114014331,32267226,2024-25
AVENG AUSTRALIA HOLDINGS PTY LTD,33108058331,1861993037,,,2024-25
AVEO HEALTHCARE LIMITED,75061421565,218749219,,,2024-25
AVERY PROPERTIES PTY LTD,40007713564,148172297,20491556,6052337,2024-25
AVEVA SOFTWARE AUSTRALIA HOLDINGS PTY LTD,49609316832,134727188,68044360,18139619,2024-25
AVIA HOMES AUSTRALIA PTY LTD,85660201598,103798143,2307549,692265,2024-25
AVID PROPERTY GROUP HOLDINGS PTY LTD,46608054833,323906020,61357934,18407380,2024-25
AVIS MANAGEMENT PTY LTD,50001889336,1211601528,235764164,70504478,2024-25
AVJENNINGS LIMITED,44004327771,254590674,17470140,5241042,2024-25
AW HOLDING GROUP PTY LTD,98622978134,241273936,,,2024-25
AWARE SUPER ELG FINCO PTY LTD,76649973311,335002931,,,2024-25
AWARE SUPER SERVICES PTY LTD,67633384059,282496785,267209,80163,2024-25
AWCON PTY LTD,72165655694,137632688,35495625,10648688,2024-25
AWH PTY LTD,81069066842,116138000,,,2024-25
AWLENCAN INNOVATIONS AUSTRALIA PTY LTD,45629939948,336848283,,,2024-25
AWP AUSTRALIA HOLDINGS PTY LTD,75097227211,237797507,,,2024-25
AXA GT FORESTRY HOLDINGS PTY LIMITED,38651735241,101089772,,,2024-25
AXICORP FINANCIAL SERVICES PTY LTD,85127606348,149538304,23318179,4754138,2024-25
AYONZ PTY LIMITED,29602266928,118728872,2087310,626193,2024-25
AZ NEXT GENERATION ADVISORY LIMITED,57167960018,220879966,36738661,10943863,2024-25
AZELIS AUSTRALIA PTY LTD,54091997027,215072941,15587799,3830038,2024-25
AZZ PTY LTD,38107919988,157418966,20782349,6138216,2024-25
AZZURRI CONCRETE GROUP PTY LIMITED,13132759650,104170802,,,2024-25
B & E FOODS PTY LTD,69629618837,441442115,25324679,7597404,2024-25
B & E LTD,32087652088,110452240,9641393,2892418,2024-25
B & E POULTRY (QUEENSLAND) PTY LTD,62154695539,174790893,6027059,1808118,2024-25
B K LABOUR HIRE PTY LTD,55617618112,123638874,10999468,3299840,2024-25
B&W RURAL PTY LTD,33068943528,273322058,17922535,5376760,2024-25
B. BRAUN AUSTRALIA PTY LTD,56002945155,148292516,4662799,1370155,2024-25
B.I.G INVEST AUSTRALIA PTY LTD,35626849241,112709148,,,2024-25
B.M.D. HOLDINGS PTY. LIMITED,47010093348,1682325826,151621058,45251007,2024-25
BABCOCK & BROWN INTERNATIONAL PTY LTD,76108617483,942588166,,,2024-25
BABCOCK AUSTRALIA HOLDINGS PTY LTD,99602953739,587337561,9413252,2823976,2024-25
BABY BUNTING GROUP LIMITED,58128533693,509420506,20853163,6255949,2024-25
BABYBOO PTY LTD,18678077695,119074175,24197112,7259134,2024-25
BAC HOLDINGS LIMITED,67108568038,1295683984,291759582,87527875,2024-25
BADGE GROUP HOLDINGS PTY LTD,18606660271,398498236,23039347,6643848,2024-25
BADGER HOLDINGS AUSTRALIA PTY LIMITED,43627251889,484999813,14512147,3913909,2024-25
BAE SYSTEMS AUSTRALIA HOLDINGS LIMITED,44008648333,1441024495,232023199,25644225,2024-25
BAIADA HOLDINGS PTY LIMITED,19003013321,118744263,169131086,339446,2024-25
BAIADA POULTRY PTY LIMITED,96002925948,3009351384,109758941,32927682,2024-25
BAIADA PTY LIMITED,47000426808,377183095,429652435,13545730,2024-25
BAIDAM SOLUTIONS PTY LTD,11626747073,121169282,2194737,658421,2024-25
BAIN INTERNATIONAL INC,29003850619,277360382,69420442,20754046,2024-25
BAKER HUGHES GROUP AUSTRALIA PTY LTD,77618893226,1117942475,163011996,48843607,2024-25
BALCO PTY LTD,50094493866,128728747,,,2024-25
BALL & DOGGETT GROUP PTY LTD,59146091625,326143739,6728895,2018668,2024-25
BALLANTYNE PTY LTD,89006036684,180717968,9808937,2272176,2024-25
BALLARAT MOTORS PTY LTD,57005065798,123003318,5422105,1626632,2024-25
BALMAIN & CO PTY LTD,71613663817,176145879,15576696,4673009,2024-25
BALMAIN NB CORPORATION LIMITED,86107505760,121002324,44509384,10359060,2024-25
BALVERONA PTY LTD,78002826173,1467155746,,,2024-25
BANK AUSTRALIA LIMITED,21087651607,703268022,91917491,24758614,2024-25
BANK OF AMERICA NATIONAL ASSOCIATION,51064874531,2593181894,330012801,99003840,2024-25
BANK OF CHINA (AUSTRALIA) LIMITED,28110077622,367493229,69402579,20820749,2024-25
BANK OF CHINA LIMITED,29002979955,2244146813,393212058,113659815,2024-25
BANK OF COMMUNICATIONS CO LTD,74137909963,1105495577,123277986,36983396,2024-25
BANK OF QUEENSLAND LIMITED,32009656740,5808340300,482507919,144597238,2024-25
BANK OF SYDNEY LTD,44093488629,174991611,6481920,1625485,2024-25
BANKTECH AUSTRALIA PTY LTD,53057976655,163224968,15602307,4680692,2024-25
BANPU AUSTRALIA CO. PTY LTD,56136468007,1393764263,,,2024-25
BAO AUSTRALIA PTY LTD,54063463945,120514449,5099934,1515670,2024-25
BAOSTEEL AUSTRALIA MINING COMPANY PTY LTD,93100513844,309857220,147006458,44098434,2024-25
BAPCOR LIMITED,80153199912,1817940222,,,2024-25
BAPSH PTY LTD,54605702618,416453435,,,2024-25
BARALABA COAL COMPANY PTY LTD,42096909634,421961279,,,2024-25
BARCLAYS BANK PLC,95644502170,110436737,,,2024-25
BARNWELL CAMBRIDGE PTY LTD,98002682957,107571087,24982769,7394573,2024-25
BAROB PTY LTD,38001024915,207392960,123598393,35658402,2024-25
BARPA PTY LTD,63600276015,173561088,5055166,1516550,2024-25
BARRENJOEY CAPITAL PARTNERS GROUP HOLDINGS PTY LIMITED,44644241510,669626053,15828299,3900217,2024-25
BARRICK (AUSTRALIA PACIFIC HOLDINGS) PTY LTD,68085702558,271866719,,,2024-25
BARRY BOURKE MOTORS PTY. LTD.,48006760667,125921504,509557,152867,2024-25
BARTO INDUSTRY CO PTY LTD,84616407777,239789943,,,2024-25
BARTTER HOLDINGS PTY LIMITED,84104671561,3219099538,94182587,28254776,2024-25
BASF AUSTRALIA LTD,62008437867,654653904,34755048,6650763,2024-25
BASW PTY LTD,63601452199,213918585,11878021,3563406,2024-25
BAT SOUTH PTY LIMITED,23095066345,1289913968,450763380,130861851,2024-25
BATCHFIRE CALLIDE NO. 2 PTY LTD,92004784454,232491672,,,2024-25
BATCHFIRE CALLIDE PTY LTD,55081022228,464983344,,,2024-25
BAXI ENTERPRISES PTY LTD,86634624249,129243328,1700795,510238,2024-25
BAXTER HEALTHCARE PTY LTD,43000392781,1262739567,63987336,19155694,2024-25
BAY BUILDING SERVICES PTY. LTD.,34101675530,104785501,,,2024-25
BAYER AUSTRALIA LIMITED,22000138714,1462942306,31704004,,2024-25
BBC STUDIOS AUSTRALIA HOLDINGS PTY LTD,85127624104,255908406,23793973,1184029,2024-25
BBI GROUP PTY LIMITED,30139886187,122058377,,,2024-25
BBMG INVESTMENTS PTY LTD,98624128749,426004562,4658521,1218357,2024-25
BBPHA 1 PTY LTD,15144078151,4096733740,,,2024-25
BBQSAM HOLDINGS PTY LTD,41159613706,580440088,7716854,2315056,2024-25
BC INVESTMENT GROUP AUSTRALIA PTY LTD,13613691928,375329543,,,2024-25
BCI SALES PTY LTD,88073935341,103613100,,,2024-25
BCM TOY HOLDING CO PTY LTD,59638350080,126230201,7915376,2374613,2024-25
BDO AUDIT PTY LTD,33134022870,154713545,,,2024-25
BDO AUSTRALIA LIMITED,77133657833,578112037,97248901,29140044,2024-25
BEACH ENERGY LIMITED,20007617969,2027233066,526421472,157926442,2024-25
BEAUTY BAY PRODUCE PTY LIMITED,93051941854,355831982,,,2024-25
BEC FEED SOLUTIONS PTY LTD,36010345150,224574572,1020887,300266,2024-25
BECA PTY LTD,85004974341,212006702,9561471,2177193,2024-25
BECHTEL AUSTRALIA PTY LTD,42006334505,1186585691,117289070,34354487,2024-25
BECON CONSTRUCTIONS (AUSTRALIA) PTY LTD,78092361165,106353328,4304353,1291306,2024-25
BECOOL REFRIGERATED COURIERS GROUP PTY LTD,83629023016,115090768,,,2024-25
BECTON DICKINSON PTY LIMITED,82005914796,363976953,24958414,7487524,2024-25
BEENLEIGH STEEL FABRICATIONS PTY LTD,18010942999,103200059,,,2024-25
BEGA CHEESE LIMITED,81008358503,3556016749,69804820,18226231,2024-25
BEIERSDORF AUSTRALIA LIMITED,98000025623,268571492,18347479,5504244,2024-25
BEIGENE AUS PTY LTD,23164802037,164881030,47797826,14339348,2024-25
BEIJER REF HOLDINGS AUSTRALIA PTY LTD,28607082379,477248878,35919935,10775980,2024-25
BEIJING JINGNENG CLEAN ENERGY (AUSTRALIA) HOLDING PTY LTD,94620007365,104125732,18271069,5481321,2024-25
BELL FINANCIAL GROUP LIMITED,59083194763,261266307,48104220,14362261,2024-25
BELLEVUE GOLD LIMITED,99110439686,510468981,,,2024-25
BELLROY PTY LTD,90137011637,127815046,9015951,2447268,2024-25
BELMADAR PTY LTD,53156053351,104962343,8870664,2629549,2024-25
BELRON AUSTRALIA PTY LIMITED,97001052704,433466237,44730656,13419197,2024-25
BEMBE PTY LTD,16605856817,214470790,12682436,3804731,2024-25
BEMCOVE PTY. LTD.,91010843606,151042288,38356852,11507056,2024-25
BENDIGO AND ADELAIDE BANK LIMITED,11068049178,5305934852,621222948,172898370,2024-25
BENGERANG NO. 1 PTY LTD,53629739402,589316997,21262647,6378794,2024-25
BENNETT'S PETROLEUM SUPPLIES PTY. LTD.,71009508285,264724474,2058450,617396,2024-25
BERKLEY INSURANCE COMPANY- AUSTRALIAN BRANCH,53126559706,504895638,186835308,55846116,2024-25
BERKSHIRE HATHAWAY SPECIALTY INSURANCE COMPANY AUSTRALIAN BRANCH,84600643034,734327370,140503821,41992502,2024-25
BERNARDI GROUP PTY LTD,84093421919,107563023,2997522,899257,2024-25
BERRICK INVESTMENTS PTY LTD,77001212120,207632272,375335,112600,2024-25
BERTOCCHI SMALLGOODS PTY LTD,58163884982,167684610,,,2024-25
BESIX AUSTRALIA HOLDINGS PTY LTD,48629502843,1070157249,27802731,,2024-25
BEST & LESS PTY LIMITED,29003724696,610392723,48107900,14432370,2024-25
BEST FAB PTY LTD,83105906876,217357386,,,2024-25
BEST SHEDS PTY LTD,78103586198,133134646,20884976,6265493,2024-25
BESTBAR PTY LTD,48068713539,519799422,25122253,7536676,2024-25
BETASHARES FINANCIAL GROUP PTY LTD,58646305517,157217691,49307590,14790986,2024-25
BEYOND BANK AUSTRALIA LIMITED,15087651143,609060739,84647077,22836522,2024-25
BG INTERNATIONAL LIMITED,72114818825,143067524,,,2024-25
BG&E GROUP LIMITED,57650895426,205931310,70735334,13720525,2024-25
BGC (AUSTRALIA) PTY LTD,62005736005,1172949794,105199671,27389716,2024-25
BGH CAPITAL HOLDINGS PTY LTD,11617386713,107369514,105292,31588,2024-25
BHAGWAN MARINE LIMITED,81009154349,292773260,,,2024-25
BHCA1 PTY LTD,61611057991,138924307,,,2024-25
BHP GROUP LIMITED,49004028077,50146021914,17980389140,3909604261,2024-25
BHP IRON ORE (JIMBLEBAR) PTY LTD,95009114210,7807521700,4768195993,1430458798,2024-25
BIANCO REINFORCING PTY LTD,88087147251,140458262,14564499,4369350,2024-25
BIDFOOD AUSTRALIA LIMITED,33000228231,2682243763,208826582,62647975,2024-25
BIELBY GROUP PTY LTD,30647283083,259645933,14464634,4339390,2024-25
BIFM AUS HOLDINGS PTY LTD,16632468109,1076781923,73660886,22098266,2024-25
BIG BEN HOLDINGS PTY LIMITED,63008434562,628888466,135376406,34817080,2024-25
BIG RIVER INDUSTRIES LTD,72609901377,408539943,9290665,2734370,2024-25
BIG YELLOW MINING PTY LTD,47640765073,150311125,20345567,6103670,2024-25
BILD GROUP PTY LTD,48645883996,349926220,23050899,6915270,2024-25
BILL.COM AUSTRALIA HOLDINGS PTY LTD,86662092159,140826828,,,2024-25
BILLBERGIA GROUP HOLDING PTY LTD,32633155423,393812643,104714932,31414480,2024-25
BINAH HOLDINGS PTY LTD,13668387648,247761818,6450125,1935038,2024-25
BING LEE ELECTRICS PTY LTD,61000733488,418469874,1989145,596744,2024-25
BINTAN PTY LIMITED,18095076421,950869073,,,2024-25
BIOMAR PTY LTD,52619617248,243255455,18060508,4702672,2024-25
BIOMERIEUX AUSTRALIA PTY LTD,18007122527,118894635,40397618,11682307,2024-25
BIOPAK PTY LTD,48119998711,239225418,15521446,4480216,2024-25
BIOSTIME HEALTHY AUSTRALIA PTY LTD,17608153528,506988738,71724669,21517401,2024-25
BIRADEL PTY LIMITED,86001578436,258620397,354907384,9402641,2024-25
BIRDANCO PROPRIETORS PTY LTD,90079052994,106536774,94752523,27882865,2024-25
BIRDON GLOBAL PTY LTD,93646170836,129163810,25187999,7556400,2024-25
BIRKENSTOCK AUSTRALIA PTY LTD,63089868404,108314837,21748412,6524524,2024-25
BIS INDUSTRIES HOLDINGS LIMITED,48622481752,169511091,,,2024-25
BISALLOY STEEL GROUP LIMITED,22098674545,131288678,25927735,7663866,2024-25
BIZCAP AU PTY LTD,54633927090,214561804,23619488,7085846,2024-25
BIZCOVER PTY LTD,68127707975,106890778,43012309,12879389,2024-25
BKH CONTRACTORS NSW PTY LTD,83602239172,187452255,3350935,1005280,2024-25
BLACK MAGIC CAPITAL PTY LTD,97650243011,220002241,873254,261976,2024-25
BLACK RHINO GROUP PTY LTD,70609276048,277231175,,,2024-25
BLACK STUMP VENTURES PTY LTD,41643120067,155218292,3302262,990679,2024-25
BLACKHAWK NETWORK (AUSTRALIA) PTY LTD,84123251703,206374233,,,2024-25
BLACKMAGIC DESIGN PTY LTD,30098098287,499369981,,,2024-25
BLACKROCK AUSTRALIA HOLDCO PTY LTD,22139463693,302250156,86697927,26009378,2024-25
BLACQUA PTE LTD,62169810011,2408159811,628376564,5691168,2024-25
BLENNER'S TRANSPORT QLD PTY LTD,36169008495,193926936,7615923,2284777,2024-25
BLOC HOLDINGS (ACT) PTY LTD,74149091565,304911444,6646192,1993858,2024-25
BLOOMBERG AUSTRALIA PTY LTD,47622777851,435447086,40543146,12162944,2024-25
BLUE CONNECTIONS PTY LTD,66630573349,123891812,3717268,682375,2024-25
BLUE NRG PTY LTD,30151014658,153697068,,,2024-25
BLUE SUN GROUP PTY LTD,47149641887,117852275,1037291,311187,2024-25
BLUE WATER SHIPPING PTY LTD,46159947092,178998978,,,2024-25
BLUECHIP INFOTECH PTY LTD,32076483808,212623956,,,2024-25
BLUEFIT GROUP PTY LTD,15623370552,111067872,5956807,1787042,2024-25
BLUEPRINT HOMES (WA) PTY LTD,29111763690,182801850,27181608,8154482,2024-25
BLUESCOPE STEEL LIMITED,16000011058,6912865595,60969315,3668936,2024-25
BLUESTAR GLOBAL INVESTMENTS PTY LTD,66662104592,117640867,,,2024-25
BLUETANG HOLDINGS PTY LTD,62659125416,232578036,,,2024-25
BLUEWATERS POWER 1 PTY LTD,93106034879,170944617,,,2024-25
BLUEWATERS POWER 2 PTY LTD,57122896968,220384211,48070263,14421079,2024-25
BLUM AUSTRALIA PTY LTD,80076459713,162829919,18216929,5465079,2024-25
BLUNDSTONE AUSTRALIA PTY LTD,60009475852,333077153,76432739,22773697,2024-25
BM ALLIANCE COAL OPERATIONS PTY LTD,67096412752,733258475,,,2024-25
BMC SOFTWARE (AUSTRALIA) PTY LIMITED,12007280088,113540543,7913899,2021570,2024-25
BML VENTURES PTY LTD,16648071587,130646331,17540420,5262126,2024-25
BMS HEAVY CRANES AUSTRALIA PTY LTD,13623691378,140302547,30479738,9143921,2024-25
BMS RETAIL GROUP HOLDINGS PTY LTD,93090448007,264062801,5543252,1662976,2024-25
BMW AUSTRALIA LIMITED,11004675129,2614279942,179652208,52960707,2024-25
BN LAW LIMITED,22621026864,117451436,39117818,11735345,2024-25
BNC GLOBAL INVESTMENTS PTY LTD,39618091517,116113885,32321,9696,2024-25
BNP PARIBAS FINANCIAL MARKETS,51150201880,1900733857,20095677,6028703,2024-25
BNP PARIBAS S.A.,23000000117,2900627088,165217559,49501588,2024-25
BOARD PRO PTY. LTD.,51114730808,137579954,14239862,3907785,2024-25
BOART LONGYEAR PTY LIMITED,49123052728,429263160,,,2024-25
BOB JANE CORPORATION PTY LTD,52005870431,174505571,,,2024-25
BOC AIP LIMITED PARTNERSHIP,19883689849,258824219,369699670,,2024-25
BOC LIMITED,95000029729,2319901980,478445205,143533562,2024-25
BOEHRINGER INGELHEIM PTY LIMITED,52000452308,628432601,52667796,9488413,2024-25
BOEING AUSTRALIA HOLDINGS PTY LTD,42101168932,1777994726,216871999,50371162,2024-25
BOEKEMAN MACHINERY (WA) PTY LTD,92613070090,125033732,4774988,1432496,2024-25
BOLD PROPERTIES (QLD) PTY LTD,43127545804,112214505,2992772,897832,2024-25
BOMBO HOLDINGS PTY LIMITED,26008428742,124567160,2776966,832223,2024-25
BONNEY ENERGY GROUP PTY LTD,24053113992,422012496,1572862,471859,2024-25
BOOM LOGISTICS LIMITED,28095466961,265270407,,,2024-25
BOORAN MOTORS SALES PTY LTD,89005447825,161063185,,,2024-25
BOORTMALT AUSTRALIA PTY LTD,70634393338,303583304,,,2024-25
BOOTH TRANSPORT PTY LTD,98007678622,258723539,15396001,4618800,2024-25
BORG FLEET MANAGEMENT PTY LIMITED,11070099213,122065403,,,2024-25
BORGER CRANE HIRE & RIGGING SERVICES PTY LTD,98001947413,333787159,5259215,1577764,2024-25
BOSE PTY LTD,41078010607,132468599,5750075,1725022,2024-25
BOSKALIS AUSTRALIA PTY LTD,83099738333,128207408,15194091,4558227,2024-25
BOSS ENERGY LIMITED,38116834336,124549736,,,2024-25
BOSTON SCIENTIFIC PTY LIMITED,45071676063,417196826,43495772,13048732,2024-25
BOTANY INTERNATIONAL FOODS PTY LIMITED,92083262935,150759544,1486787,446036,2024-25
BOUYGUES CONSTRUCTION AUSTRALIA PTY LTD,37144013801,893189218,,,2024-25
BOWEN & POMEROY PTY LTD,78004174887,588361045,37385223,11185379,2024-25
BOWEN BASIN COAL PTY LTD,22065321440,254209765,9528025,2858408,2024-25
BOWEN INVESTMENT (AUSTRALIA) PTY LTD,12002806831,116423609,11486460,3445938,2024-25
BOWEN RAIL COMPANY PTY LTD,77638074889,125789790,,,2024-25
BOYNE SMELTERS LIMITED,90010061935,1483950589,224147247,,2024-25
BP REGIONAL AUSTRALASIA HOLDINGS PTY LTD,91092495700,21518202504,625536398,179591158,2024-25
BPIH PTY LIMITED,61100364234,545168156,,,2024-25
BPL ADELAIDE PTY LIMITED,40108037798,592193083,16564320,4969296,2024-25
BPL FOODS PTY LIMITED,38002957299,107780121,15580267,4674080,2024-25
BPS INTERNATIONAL HOLDINGS PTY LTD,14643209947,125229917,12113772,3124672,2024-25
BPW TRANSPEC PTY LTD,63006645272,154150457,12224075,3667222,2024-25
BRADKEN PTY LIMITED,33108693009,624073001,27455231,,2024-25
BRADNAMS WINDOWS AND DOORS PTY LTD,78010409819,481841144,41897317,12429909,2024-25
BRADY CONSTRUCTIONS PTY LTD,59608977573,102969326,2433610,730083,2024-25
BRAEMAC GROUP PTY LIMITED,21664632811,120567415,2710269,813081,2024-25
BRAMBLES LIMITED,89118896021,2403203908,337574427,76260428,2024-25
BRANDO AUS HOLDCO PTY LTD,31632004392,240561161,11602051,3480615,2024-25
BRANDT TRACTOR PTY LTD,73157830656,245387831,,,2024-25
BRAVE LOGISTICS PTY LTD,73627919411,540068502,15844347,4753304,2024-25
BRAVO HOLDCO PTY LTD,22628069474,143048167,11251861,3375558,2024-25
BRAVURA SOLUTIONS LIMITED,54164391128,184132545,25518270,,2024-25
BREAKOUT RIVER PTY LTD,25117453933,113783185,4006896,1010176,2024-25
BREDE MANAGEMENT CONSULTANTS PTY LTD,78008551264,186676122,7832897,2349869,2024-25
BREIGHT PTY LTD,76160865734,111685621,2584270,775281,2024-25
BRENNAN VDI PTY LIMITED,38125976007,295264707,23069436,6631472,2024-25
BRENNTAG AUSTRALIA PTY LTD,84117996595,180793949,5232404,1569721,2024-25
BREVILLE GROUP LIMITED,90086933431,612904763,162424870,29375710,2024-25
BRICE SHEET & COIL PTY LIMITED,70659504159,123967707,6677500,2003250,2024-25
BRICKWORKS LIMITED,17000028526,953473357,133523463,,2024-25
BRIDGE NT PTY LTD,56670979889,221631739,13431650,4029495,2024-25
BRIDGESTONE AUSTRALIA LTD,65007516841,767434777,43824321,13147296,2024-25
BRIDGESTONE MINING SOLUTIONS AUSTRALIA PTY LTD,74000069714,1059795845,84983032,25494910,2024-25
BRIGGS AND STRATTON AUSTRALIA PTY LIMITED,13006576656,102211980,,,2024-25
BRIGHANN COTTON,57143025307,198075661,,,2024-25
BRIGHT FOOD GROUP HOLDINGS PTY LTD,95152610645,655294554,18181995,5451090,2024-25
BRISTOL-MYERS SQUIBB AUSTRALIA PTY LTD,33004333322,526726750,76853538,9332167,2024-25
BRISTOW HELICOPTERS AUSTRALIA PTY LTD,92000565579,156823412,,,2024-25
BRL HOLDINGS PTY LTD,79067554563,120957468,3294729,988419,2024-25
BROERS GROUP PTY LTD,86647179271,133934924,,,2024-25
BROMLEY INVESTMENTS PTY LTD,46001109628,131812020,15879678,4763903,2024-25
BROOKFIELD AUSTRALIA MANAGER HOLDINGS PTY LTD,79662132185,123645552,15781061,4729685,2024-25
BROOKFIELD INVESTMENT MANAGEMENT AUSTRALIA PTY LTD,80662118489,118754329,,,2024-25
BROOKS HIRE SERVICE PTY LTD,20008975988,151341613,,,2024-25
BROTHER INTERNATIONAL (AUST) PTY LTD,17001393835,171727600,6692260,2007678,2024-25
BROWN BROS. HOLDINGS PTY. LTD.,58005349244,124399173,7914293,2374288,2024-25
BROWN-FORMAN AUSTRALIA PTY LIMITED,87000064086,313461711,22182067,6654620,2024-25
BROWNPORT ALMONDS PTY LTD,70140163257,135202012,,,2024-25
BROWNS STOCKFEED PTY LTD,74105495734,100119230,,,2024-25
BRP AUSTRALIA PTY LTD,64097370100,326834705,7686777,1277462,2024-25
BRUNEL AUSTRALIA HOLDINGS PTY LTD,60078544126,287980816,3800806,1058651,2024-25
BRYANT BUILDING CONTRACTORS PTY LTD,25076958453,190411411,9587875,2876362,2024-25
BSA LIMITED,50088412748,286780521,,,2024-25
BSN MEDICAL AUSTRALIA FINANCE HOLDING PTY LTD,83159120135,631144247,32903759,9743583,2024-25
BSR AUSTRALIA LIMITED,84122529695,229846785,9242241,2772672,2024-25
BT AUSTRALASIA PTY LIMITED,93003050146,234128796,18742193,5622658,2024-25
BUCHER MUNICIPAL PTY LTD,68004992090,217001307,,,2024-25
BUILDCORP GROUP PTY LTD,85091336168,831806666,9424010,2827203,2024-25
BUILDING ENGINEERING PTY LTD,41103839514,171726275,6807865,2042360,2024-25
BUILDING PRODUCTS SUPPLIES PTY LTD,95006150036,104491644,15598175,4679452,2024-25
BUILT GROUP HOLDINGS PTY LIMITED,88163462637,3057216479,71863119,21539667,2024-25
BUILTCOM CONSTRUCTIONS PTY LTD,85609255423,100357471,1882683,564805,2024-25
BULK FROZEN FOODS PTY LTD,17009520512,120758473,,,2024-25
BULK FUEL AUSTRALIA PTY LTD,15122432062,151743506,7581248,2274374,2024-25
BUMA AUSTRALIA PTY LTD,28649634579,794394523,,,2024-25
BUNDABERG BREWED DRINKS PTY LTD,40009781953,293354920,12398707,3683382,2024-25
BUNDABERG MOTORS PTY LTD,46098931849,115516682,4752335,1425700,2024-25
BUNGE AGRIBUSINESS AUSTRALIA PTY LTD,46097843582,616074752,,,2024-25
BUNGE AUSTRALIA HOLDINGS PTY LTD,81161229867,4109271898,166051765,49555250,2024-25
BUNZL AUSTRALASIA LIMITED,18004611090,798365566,53212429,13906586,2024-25
BUONISSIMO BAKERY (AUSTRALIA) PTY LTD,66612024263,101979637,12920940,3876282,2024-25
BUPA ANZ GROUP PTY LTD,95608490455,11033233887,746490155,221906556,2024-25
BURBANK AUSTRALASIA PTY LTD,11605846259,358812801,,,2024-25
BURBANK TRADING PTY LTD,37011066934,325435543,19746853,5924056,2024-25
BUREAU VERITAS AUSTRALIA PTY LTD,15090874570,414794109,67018157,19407912,2024-25
BURK PTY LTD,51634373818,188183615,,,2024-25
BURRUP FACILITIES COMPANY PTY LTD,28122234539,1613512606,1222172919,366651876,2024-25
BURRUP TRAIN 1 PTY LTD,77122234306,2338847273,794988072,238496422,2024-25
BUSWAYS NORTH WEST PTY LTD,50643586770,138798897,,,2024-25
BUSWAYS R1 PTY LTD,41665095027,140075818,8401758,2520527,2024-25
BUSY BEES AUSTRALIA HOLDING PTY LTD,82625449809,374891300,13061404,3918421,2024-25
BUY & SELL HOLDINGS PTY LTD,87669257014,196091564,107639501,32291850,2024-25
BV CAPITAL PTY LTD,86636746471,156398427,11395511,3412966,2024-25
BX BUNKA AUSTRALIA PTY LTD,74124163793,240328333,21918446,5915936,2024-25
BYBLOS CONSTRUCTIONS PTY LTD,34093886241,107669785,17622629,5286789,2024-25
BYD AUSTRALIA PTY LTD,82166009687,690916141,9671539,2901462,2024-25
BYERWEN COAL PTY LTD,64133357632,741373323,,,2024-25
BYRNECUT AUSTRALIA PTY LTD,94129142516,2075944972,235151346,70230093,2024-25
C.A.L. MARKETING PTY. LIMITED,98091287259,316887321,67180875,20108126,2024-25
C.R. KENNEDY & COMPANY PROPRIETARY LIMITED,50008458884,292838746,23214499,6733179,2024-25
CA GROUP HOLDCO PTY LTD,95663533195,181160342,,,2024-25
CADENCE CAPITAL LIMITED,17112870096,554199308,,,2024-25
CAE USA INC,20198122362,1422361294,75222,22567,2024-25
CAESARSTONE AUSTRALIA PTY LTD,45121819976,115221417,144723,43417,2024-25
CAF RAIL AUSTRALIA PTY LTD,15146694537,112044078,929489,278847,2024-25
CAHILL TRANSPORT AUSTRALIA PTY LTD,46151192504,102393895,747358,224207,2024-25
CAIRNTON HOLDINGS PTY LIMITED,79008394134,1151192846,200490320,59806612,2024-25
CAMBRIDGE GULF LIMITED,16026785781,142236054,,,2024-25
CAMCARSTRUCKS PTY LTD,90169620213,996173795,40745552,12223666,2024-25
CAMILLA AUSTRALIA PTY LTD,67135300382,135495466,6314812,1894444,2024-25
CAML RESOURCES PTY LTD,84080649029,466147050,69423979,20827194,2024-25
CAMPARI AUSTRALIA PTY LIMITED,72137554726,201301435,9241883,2772565,2024-25
CAMPBELL PROPERTY GROUP PTY LTD,64126219912,609594433,15281968,4584590,2024-25
CAMPION EDUCATION (AUST) PTY LTD,33074318602,175170654,16898178,5069136,2024-25
CANACCORD FINANCIAL GROUP (AUSTRALIA) PTY LTD,53128279336,198764205,10466835,3135338,2024-25
CANADIAN IMPERIAL BANK OF COMMERCE,33608235847,635969661,48368926,14510678,2024-25
CANBERRA AIRPORT HOLDINGS PTY LTD,98008608928,461352000,183815627,55144688,2024-25
CANON AUSTRALIA PTY LTD,66005002951,615399383,27644904,8120710,2024-25
CANON MEDICAL SYSTEMS ANZ PTY LIMITED,73612054707,145169103,9603864,2881159,2024-25
CANTARELLA BROS PTY LTD,68000095607,285887345,5361928,1605666,2024-25
CANTERBURY LEAGUE CLUB LIMITED,84000191248,108338325,1170416,351125,2024-25
CANVA AUSTRALIA HOLDINGS PTY LTD,13640855101,3221790717,637151078,160787717,2024-25
CAPE AUSTRALIA HOLDINGS PTY LIMITED,12126824397,320842906,15233156,4569947,2024-25
CAPE BOUVARD INVESTMENTS PTY LTD,17009171402,154418999,9481835,2546012,2024-25
CAPE BYRON MANAGEMENT PTY LTD,26165320445,111800702,,,2024-25
CAPE FLATTERY SILICA MINES PTY LTD,66000586096,103946602,15414512,4624354,2024-25
CAPE PRESTON PORT COMPANY PTY LTD,84147842153,182918524,,,2024-25
CAPEM PTY LIMITED,42008000664,223561729,4863023,1458907,2024-25
CAPGEMINI AUSTRALIA PTY LIMITED,11092284314,832898597,,,2024-25
CAPITAL PROPERTY CREDIT PTY LIMITED,92643632286,356659849,356625076,7915158,2024-25
CAPITAL SMART GROUP HOLDINGS PTY LTD,86637044092,502563460,24567108,7370132,2024-25
CAPITOL HEALTH LIMITED,84117391812,106979882,14777446,1856939,2024-25
CAPPELLO LAND OWNERS PTY LTD,86625050848,205576650,,,2024-25
CAPRAL LIMITED,78004213692,655110611,,,2024-25
CAPRICORN METALS LTD,84121700105,516820716,14092465,4227740,2024-25
CAPRICORN MUTUAL LIMITED,24104601194,167793477,2986408,895796,2024-25
CAPRICORN SOCIETY LIMITED,29008347313,266944810,59704545,16584220,2024-25
CAPSTONE FINANCIAL PLANNING PTY LTD,24093733969,100838759,1997324,599197,2024-25
CAR GROUP LIMITED,91074444018,664093647,188620594,43807859,2024-25
CARDIFF CAR CITY HOLDINGS PTY LTD,15602181751,139099404,2515012,754504,2024-25
CARDTRONICS AUSTRALIA PTY LTD,46157774224,136427706,,,2024-25
CARESUPER (SECRETARIAT CO) PTY LTD,29104826413,108115664,7302609,2190783,2024-25
CAREY MINING PTY LTD,75073810910,166340827,5941709,1782513,2024-25
CARL ZEISS PTY LTD,82008410704,128522415,7105758,1227010,2024-25
CARLISLE HOMES PTY LTD,86106263209,920213781,127861420,37736998,2024-25
CARMAN'S FINE FOODS PTY LTD,37109604202,192730662,5850011,1755003,2024-25
CARNEY TOWNSVILLE PARTNERSHIP,16842172023,213579538,7550314,2238128,2024-25
CARPET COURT AUSTRALIA LIMITED,77001195697,205026957,,,2024-25
CARRIAGE MOTORS PTY LTD,25627949688,109047804,2360515,708154,2024-25
CARRIER INVESTMENTS AUSTRALIA PTY LTD,12117282149,327580682,84917621,22680673,2024-25
CARTER GRANGE PTY LTD,51143423438,142248625,7083071,2124921,2024-25
CASELLA WINES PTY LIMITED,96060745315,464866641,6788303,2036491,2024-25
CASELLO GROUP PTY LTD,42650028130,105827435,8704530,2611359,2024-25
CASEY BLOCK SERVICES PTY LTD,19619574186,457165459,389021830,116706549,2024-25
CASH CONVERTERS INTERNATIONAL LIMITED,39069141546,295067844,21352619,6260924,2024-25
CASTLEGATE JAMES AUSTRALASIA PTY LTD,73098051846,128696625,,,2024-25
CASTLEREAGH AUTOMOTIVE PTY LTD,84136581970,153265976,4014355,1204306,2024-25
CASTLYN PTY LTD,52072572322,260779266,,,2024-25
CATALYST HOLDCO PTY LTD,96671097859,110154402,1855996,556799,2024-25
CATALYST METALS LTD,54118912495,455760676,57651587,17295476,2024-25
CATAPULT HOLDCO PTY LTD,,132904220,,,2024-25
CATEGORY 5 LABOUR MANAGEMENT (WA) PTY LTD,60625535506,228009160,,,2024-25
CATER CARE HOLDINGS PTY LTD,69603124812,462363347,23319299,6995790,2024-25
CATERING INDUSTRIES PTY LTD,92000491869,154830803,2660925,688156,2024-25
CATERPILLAR FINANCIAL AUSTRALIA LIMITED,70006714585,327671431,119434629,35469384,2024-25
CATERPILLAR HOLDINGS AUSTRALIA PTY LTD,26003430135,1018808871,178965664,39479738,2024-25
CATHAY PACIFIC AIRWAYS LIMITED,57000479514,934556011,,,2024-25
CAVCORP QLD PTY LTD,99105868068,121344676,,,2024-25
CBH GRAIN PTY LTD,39089394883,4463974896,,,2024-25
CBH GROUP HOLDINGS PTY LTD,74068223147,387014415,14215671,4264701,2024-25
CBRE AUSTRALIA PTY LIMITED,47664591682,1153772393,43575551,12827007,2024-25
CCCI AUSTRALIA PTY LTD,95603555988,7733355796,,,2024-25
CCEP HOLDINGS (AUSTRALIA) PTY LTD,80645547968,4326201107,280852209,77084607,2024-25
CCGA HOLDINGS PTY LTD,68662906523,255164787,18086096,5425829,2024-25
CCH HOLDCO PTY LIMITED,50662377139,146056636,947989,,2024-25
CCMSM MANUFACTURING PTY LTD,92611555401,131909359,5381363,1614409,2024-25
CDB GOLDAIR AUSTRALIA PTY LTD,50162661323,190280169,34275670,7276921,2024-25
CDC GROUP HOLDINGS PTY LTD,67612332073,1486941685,2806733,,2024-25
CDC MANAGEMENT PTY LTD,50606815178,679558693,6479946,1943984,2024-25
CDI GROUP PTY LTD,92056787734,130957882,4335677,1300703,2024-25
CDPT FINANCE NO. 2 PTY LTD,17163779066,188279378,,,2024-25
CDPT FINANCE PTY LTD,98133772942,107132723,68949,20685,2024-25
CEA TECHNOLOGIES PTY LIMITED,99059951183,353944648,19045738,5713702,2024-25
CEDAR UNITED ABATTOIRS PTY LTD,68672852961,153323243,,,2024-25
CEDAR WOODS PROPERTIES LIMITED,47009259081,471075076,72276628,21682988,2024-25
CELANESE PTE LTD,59400614145,1061385425,282662,84799,2024-25
CELSUS SECURITISATION PTY LTD,18147998230,170982852,,,2024-25
CEMENT AUSTRALIA HOLDINGS PTY LTD,99001085561,555737424,79648789,9675015,2024-25
CENTAMIN EGYPT LIMITED,86007700352,1790882837,,,2024-25
CENTENARY AUSTRALIA PTY LIMITED,77085156216,544210495,46499994,13567468,2024-25
CENTRAL AGRI GROUP PTY LTD,26606032599,180123263,4457481,1337244,2024-25
CENTRAL EARTHMOVING COMPANY PTY LTD,31114978675,118250148,,,2024-25
CENTRE COM SUNSHINE PTY LTD,96084165293,326994903,6134696,1840409,2024-25
CENTREPOINT ALLIANCE LIMITED,72052507507,327792202,4562787,1368836,2024-25
CENTURIA BASS CREDIT PTY LIMITED,66606680353,128140942,22505988,6751796,2024-25
CENTURIA CAPITAL LIMITED,22095454336,289498222,37275670,5415954,2024-25
CENTURY YUASA BATTERIES PTY LTD,66009685232,383758594,25555661,7666698,2024-25
CENVERSA LIMITED,55092375221,171089765,394578,,2024-25
CEREAL PARTNERS AUSTRALIA PTY LIMITED,98120338249,206605057,2813881,155668,2024-25
CERTIS AUSTRALIA PTY LTD,51602871287,438722350,,,2024-25
CESSNOCK AUTOMOTIVE SALES PTY LIMITED,11089268397,160950144,2761704,828511,2024-25
CETTIRE LIMITED,75645474166,744741220,,,2024-25
CEVA FREIGHT (AUSTRALIA) PTY LTD,58000820075,311771532,3527207,1058162,2024-25
CEVA PTY LTD,27122147433,781047064,35967166,10790150,2024-25
CH ROBINSON WORLDWIDE (AUSTRALIA) PTY LIMITED,51135205551,620309471,19608558,5882567,2024-25
CHALLENGER LIMITED,85106842371,2406542647,,,2024-25
CHALLENGER SERVICES GROUP PTY LTD,60610657479,107883616,8853460,2501753,2024-25
CHAMBERLAIN HOLDINGS LIMITED,85008688202,1898268424,86993673,26080579,2024-25
CHAMPION IRON LTD,34119770142,124013946,,,2024-25
CHANEL (AUSTRALIA) PTY LTD,83000012153,505589535,51669840,15500952,2024-25
CHANGHONG ELECTRICAL AUSTRALIA PTY LTD,32095276181,106911852,6505046,1951514,2024-25
CHARLES HULL CONTRACTING CO PTY LTD,20008694406,282202489,38071642,11399168,2024-25
CHARTER HALL LIMITED,57113531150,559383740,298517080,84587485,2024-25
CHARTERED ACCOUNTANTS AUSTRALIA AND NEW ZEALAND,50084642571,132313345,,,2024-25
CHASE BUILDING GROUP HOLDINGS CANBERRA PTY LTD,11165179902,146026084,301358,90407,2024-25
CHEF QUALITY INVESTMENTS 1 PTY LIMITED,43677009326,150474375,5368148,1610444,2024-25
CHENWOOD INVESTMENTS PTY LTD,24650608969,158087515,1754042,526213,2024-25
CHERY MOTOR AUSTRALIA PTY LTD,28662958205,350764300,21787137,6536141,2024-25
CHESTER COMMODITIES PTY LTD,59601350430,201137436,,,2024-25
CHESTNUT AVENUE AUSTRALIA PTY. LTD.,85667250688,200337641,4221487,,2024-25
CHEVRON AUSTRALIA DOWNSTREAM HOLDINGS PTY LTD,15637003662,6835428862,,,2024-25
CHEVRON AUSTRALIA HOLDINGS PTY LTD,60098079344,17291346716,9839612179,2906406092,2024-25
CHINA CONSTRUCTION BANK CORPORATION,24125167553,2368998559,71357776,21407333,2024-25
CHINA EVERBRIGHT BANK CO. LTD,69322403457,656159108,8849827,2654948,2024-25
"CHINA MERCHANTS BANK CO., LTD",96609857383,194663780,60743242,18222973,2024-25
CHINA TRAVEL SERVICE (AUSTRALIA) PTY LTD,76003003905,184646697,257653,77296,2024-25
CHINA YUNNAN COPPER (AUSTRALIA) INVESTMENT AND DEVELOPMENT PTY LTD,32110345750,171312223,790192,237058,2024-25
CHOBANI AUSTRALIA PTY LTD,60150876305,403068432,13670334,3602024,2024-25
CHRISTIAN DIOR AUSTRALIA PTY LTD,15072174451,240410358,49368668,14810600,2024-25
CHROMAGEN AUSTRALIA PTY LTD,12604330289,128150368,4632021,1389606,2024-25
CHU FAMILY INVESTMENTS PTY LTD,94660547973,111089241,,,2024-25
CHU UNDERWRITING AGENCIES PTY LTD,18001580070,247463822,77671968,23301590,2024-25
CHUBB AUSTRALIA PTY LTD,13000096122,495125987,38972837,11556622,2024-25
CHUBB HOLDINGS AUSTRALIA PTY LTD,64116987618,2564853003,257271063,76874635,2024-25
CHUGOKU ELECTRIC POWER AUSTRALIA RESOURCES PTY LTD,14600294068,183172448,70560526,21146233,2024-25
CHURCH & DWIGHT (AUSTRALIA) PTY LTD,99008446053,117570126,14420055,4326016,2024-25
CIF AUSTRALIA HOLDINGS PTY LTD,51663818139,148280181,1685378,505613,2024-25
CIL AUSTRALIA NORTH PTY LTD,25113005753,241343485,,,2024-25
CIMPRESS AUSTRALIA PTY LTD,98137563369,246200643,1403359,421008,2024-25
CIP CONSOLIDATED PTY LTD,30643593533,375518141,12508376,3752513,2024-25
CIRRUS HOLDINGS 1 PTY LTD,37632829906,251290607,9690225,2907068,2024-25
CISCO SYSTEMS AUSTRALIA PTY LTD,52050332940,2378518975,177110312,53133094,2024-25
CITADEL SECURITIES AUSTRALIA PTY LTD,82609936263,172048356,47993503,14398051,2024-25
CITADEL SECURITIES FINANCIAL TRADING (AUSTRALIA) PTY LIMITED,13667504225,185534330,58860230,17153759,2024-25
CITIBANK NA,34072814058,1690500000,278276142,83482843,2024-25
CITIC RESOURCES AUSTRALIA PTY LTD,87107652817,1621543932,18509438,4865083,2024-25
CITIGROUP GLOBAL MARKETS AUSTRALIA HOLDINGS PTY LTD,56081472684,756700000,,,2024-25
CITIGROUP PTY LTD,88004325080,540200000,,,2024-25
CITY AUTO (2016) HOLDINGS PTY LTD,40611922993,102601317,,,2024-25
CITY HOLDINGS (AUS) PTY LTD,33135098636,813439527,31547722,9435244,2024-25
CIVCON CIVIL & PROJECT MANAGEMENT PTY LTD,95161038759,102866920,6707281,2012184,2024-25
CIVEO HOLDING COMPANY 1 PTY LTD,91146700441,645128270,100403128,30120938,2024-25
CIVICA PTY LIMITED,83003691718,203751770,30519087,9155726,2024-25
CIVIL & ALLIED TECHNICAL CONSTRUCTION PTY LTD,78077924120,168295624,26187575,4037702,2024-25
CIVIWORKS PTY LTD,28107029667,102665300,6387474,1916242,2024-25
CIVMEC LIMITED,19672407171,814229654,40781240,12234372,2024-25
CK WILLIAM AUSTRALIA HOLDINGS PTY LTD,14613690243,1380083193,260159340,64978866,2024-25
CKD AUTOMOTIVE HOLDINGS PTY LIMITED,98128940045,391585736,10299747,3089924,2024-25
CL COMMODITIES PTY LTD,85623903079,345018981,,,2024-25
CLAREVILLE PTY LTD,42003038668,122416876,4966194,976706,2024-25
CLARKE ENERGY (AUSTRALIA) PTY LTD,20086492935,134090549,,,2024-25
CLEANAWAY WASTE MANAGEMENT LIMITED,74101155220,3881715231,350301204,86937081,2024-25
CLEARLIGHT INVESTMENT PTY LTD,59007543544,412606348,36610966,10908053,2024-25
CLEARVIEW WEALTH LIMITED,83106248248,543714808,74243026,10592561,2024-25
CLEMENGER GROUP LIMITED,98004882928,204723998,42304515,5552636,2024-25
CLERMONT COAL MINES LIMITED,56010487939,255120777,,,2024-25
CLEVERTRONICS PTY. LTD.,64136264349,118565574,9572328,2871698,2024-25
CLIME CAPITAL LIMITED,99106282777,124984046,9345656,1166517,2024-25
CLOROX HOLDINGS PTY LTD,57077214076,131350537,8511212,2553364,2024-25
CLOUD SOFTWARE GROUP AUSTRALIA PTY LTD,94092002321,288432699,19148046,5744414,2024-25
CLOUDSTAFF HOLDINGS PTY LIMITED,11613909809,119675409,10817680,2332497,2024-25
CLOVER PIPELINES PTY LTD,55166929700,147852468,3336831,1001049,2024-25
CLUB BONDI JUNCTION LIMITED,87001057594,110838041,,,2024-25
CLUB WYNDHAM SOUTH PACIFIC,47710932252,123626450,,,2024-25
CMC HOLDINGS AUSTRALIA PTY LTD,95606819425,194180268,19673640,4299366,2024-25
CMC MARKETS GROUP AUSTRALIA PTY LTD,99128774890,167653402,44184708,10658900,2024-25
CMG (SA) PTY LTD,89653054123,110583173,3476294,1042888,2024-25
CMP OILSEEDS PTY LTD,85607079390,210801965,5848258,1754477,2024-25
CMT GROUP PTY LTD,79144654839,115609400,17091317,5127395,2024-25
CNH INDUSTRIAL AUSTRALIA PTY LTD,76000031130,1357895293,61026728,17032733,2024-25
CNOOC AUSTRALIA ENERGY CAPITAL MANAGEMENT PTY LTD,79129021316,998610906,359451001,107835300,2024-25
CNOOC GAS AND POWER (AUS) INVESTMENT PTY LTD,28142591044,2595080855,,,2024-25
CNW PTY LTD,48009669836,833574236,46324490,13897347,2024-25
COACH STORES AUSTRALIA PTY LTD,48622183224,138333367,8758080,2627424,2024-25
COAST ENTERTAINMENT HOLDINGS LIMITED,51628881603,105218043,,,2024-25
COAXIAL FINANCE PTY LTD,,114637575,114956700,4222568,2024-25
COBRAM ESTATE OLIVES LIMITED,32115131667,330862711,60572559,15883001,2024-25
COCA-COLA SOUTH PACIFIC PTY LTD,50003029794,133991051,584788,175436,2024-25
COCHLEAR LIMITED,96002618073,1685854604,587638654,106832899,2024-25
COCKBURN CENTRAL MOTORS PTY LTD,67605654082,142900785,262355,78700,2024-25
COELAB AUTOMOTIVE PTY LIMITED,58666902656,106193302,1815363,544609,2024-25
COFCO INTERNATIONAL AUSTRALIA PTY LTD,25001069423,1608886662,34114568,10234370,2024-25
COG FINANCIAL SERVICES LIMITED,58100854788,130189437,22193768,,2024-25
COGI PTY LTD,15634090092,1338684210,75760813,19118023,2024-25
COGNIZANT TECHNOLOGY SOLUTIONS AUSTRALIA PTY LTD,74100749997,404558555,13748580,4067914,2024-25
COHO GROUP PTY LTD,67159604529,134098239,16446231,4933869,2024-25
COIGN PTY LIMITED,82142667043,401142000,8667339,458206,2024-25
COL CRAWFORD PTY LTD,27001798081,303480885,4133840,1240152,2024-25
COLAS AUSTRALIA GROUP PTY LTD,11000388161,600799608,3896371,,2024-25
COLCAP FINANCIAL LIMITED,99650487353,1229286676,119885177,35965553,2024-25
COLES GROUP LIMITED,11004089936,50137785750,1423963217,414400507,2024-25
COLGATE-PALMOLIVE PTY LTD,79002792163,871944842,42939543,12869631,2024-25
COLIN JOSS & CO. PTY. LIMITED,73003538583,370892768,10870524,3261157,2024-25
"COLIN, BIGGERS & PAISLEY PTY LIMITED",28166080682,121256863,24953103,7485931,2024-25
COLLIERS INTERNATIONAL HOLDINGS (AUSTRALIA) LIMITED,65008178238,381689848,56200492,15697841,2024-25
COLLINS FOODS LIMITED,13151420781,1227577819,104427384,31328215,2024-25
COMCATER PTY LTD,53005974185,122601029,7452052,2235616,2024-25
COMENSURA PTY LIMITED,30120725902,777648546,4381915,1170030,2024-25
COMFORTDELGRO CORPORATION AUSTRALIA PTY LTD,84002072004,897889202,71467900,21268992,2024-25
COMISKEY MINING SERVICES PTY LTD,19152029555,103547602,,,2024-25
COMMERCIAL MOTOR VEHICLES PTY LTD,84007874142,1983914691,43834448,12940264,2024-25
COMMONWEALTH BANK OF AUSTRALIA,48123123124,66642875832,12875188087,3792458481,2024-25
COMMSCOPE HOLDINGS AUSTRALIA PTY LTD,57605413456,257466558,33992784,9717617,2024-25
COMPAS PTY LTD,90008615745,108589631,3722266,1116680,2024-25
COMPASS GROUP (AUSTRALIA) PTY LTD,41000683125,2171538738,114167759,33210037,2024-25
COMPETITIVE FOODS AUSTRALIA PTY LTD,48010542908,2071775161,160253977,47229514,2024-25
COMPLETE PARTS & EQUIPMENT SOLUTIONS P,98152986153,127499751,14861038,4458311,2024-25
COMPUTER ALLIANCE PTY LTD,83092544253,107384298,2688067,806420,2024-25
COMPUTERSHARE LIMITED,71005485825,1387426339,109088542,26138525,2024-25
CONCENTRIX SERVICES PTY LTD,63166171991,375009370,30799550,9239865,2024-25
CONDESA PTY LTD,71160166601,341630539,2819206,845762,2024-25
CONDUENT VICTORIA TICKETING SYSTEM PTY LTD,87667867950,156304671,9725653,2917696,2024-25
CONECTIV PTY LIMITED,23000978343,144334562,7499114,2249734,2024-25
CONNECTIVE GROUP PTY LTD,89162397060,119934662,27788700,7915511,2024-25
CONNECTSYDNEY PTY LIMITED,16646646808,203002200,29233618,8770085,2024-25
CONO SERVICES PTY LTD,90167205656,103949023,14880146,4464044,2024-25
CONOCOPHILLIPS AUSTRALIA OPERATIONS PTY LTD,28141253787,1318866658,1775200969,,2024-25
CONQUEST CROP PROTECTION PTY LTD,84098814932,127683773,,,2024-25
CONSOLIDATED FOOD COMPANY PTY LTD,14153417004,339635366,2847614,854284,2024-25
CONSOLIDATED MINERALS HOLDINGS (AUSTRALIA) PTY LTD,88127662257,426218118,,,2024-25
CONSOLIDATED PRESS INTERNATIONAL HOLDINGS LIMITED,26954755361,1028077431,,,2024-25
CONSORTIO PTY LIMITED,99128575619,292282251,1065552,319666,2024-25
CONSTELLATION SOFTWARE AUSTRALIA PTY LTD,50141627232,616462905,141009812,41914452,2024-25
CONSTRUCT ALM PTY LTD,37617146611,140832561,34787533,10436260,2024-25
CONSTRUCTION CONTROL PTY LIMITED,79150745154,396228953,22950796,6885239,2024-25
CONSTRUCTION SERVICES AUSTRALIA PTY LTD,99007641787,532647508,71446997,21434099,2024-25
CONTINENTAL PTY LTD,46004390587,624497068,33892517,10167755,2024-25
CONTRACT RESOURCES GROUP PTY LTD,77637730511,237875545,29202497,8668161,2024-25
CONVERA AUSTRALIA HOLDINGS PTY LTD,13654352244,104622756,7244497,2173349,2024-25
CONVERGINT AUSTRALIA HOLDING PTY LTD,84168882362,153723226,5667633,1700290,2024-25
COOGEE CHEMICALS PTY LTD,37008747500,354304718,42770684,376199,2024-25
COOK AUSTRALIA PTY LTD,27141258648,328451957,141125732,41595273,2024-25
COOKE & DOWSETT PTY LTD,18129065694,113205633,6905792,2071738,2024-25
CO-OPERATIEVE RABOBANK U.A.,70003917655,1670509605,14577794,4373338,2024-25
COOPERATIVE MOTORS PTY LTD,50072725403,172497630,14345991,4303797,2024-25
CO-OPERATIVE SUPERMARKETS AUSTRALIA LIMITED,65842675323,109028076,,,2024-25
COOPERS BREWERY LIMITED,13007871409,318868760,19828017,5690284,2024-25
COPYRIGHT AGENCY LIMITED,53001228799,132982025,,,2024-25
CORAL HOMES PTY LTD,44011032929,187960522,26100785,7830236,2024-25
CORAL HOMES QLD PTY LTD,53097304062,353434878,53669845,16100954,2024-25
CORANAR (AUSTRALIA) PTY LTD,12114668727,249261956,101445998,30433799,2024-25
CORBET'S GROUP PTY LTD,34677400958,171048290,17573653,5272090,2024-25
CORDINA FOOD GROUP (HOLDCO) PTY LTD,90656209595,474146000,24632916,7389875,2024-25
CORE DEVELOPERS PTY LTD,92625257436,357697449,,,2024-25
CORELLIAN CAPITAL PTY LTD,13651435871,476625414,1553200,24855,2024-25
CORELOGIC AUSTRALIA HOLDINGS PTY LIMITED,75150637406,194388040,38013004,7445699,2024-25
CORNERSTONE MEDICAL RECRUITMENT PTY LTD,70605575531,108365227,3318362,995509,2024-25
CORNING AUSTRALIA HOLDINGS CO PTY LTD,52099032667,130326155,,,2024-25
CORONADO AUSTRALIA HOLDINGS PTY LTD,23623524989,2534230399,,,2024-25
CORPORATE TRAVEL MANAGEMENT LIMITED,17131207611,236439717,2145804,,2024-25
CORPS HOLDINGS PTY LTD,36667461841,152183122,10177246,3053174,2024-25
CORTEVA AGRISCIENCE AUSTRALIA PTY LTD,24003771659,192956414,13650759,504026,2024-25
CORVALIS AGRICULTURE PTY LTD,23653351118,106812321,1082721,324816,2024-25
CORY JOHNSTON (AUST) PTY. LIMITED,22010083020,163778002,4536960,1361088,2024-25
COSOL LIMITED,66635371363,105201916,8820975,2646292,2024-25
COSTA GROUP CONSOLIDATED HOLDINGS PTY LTD,42670567898,1155884502,,,2024-25
COSTA GROUP HOLDINGS LIMITED,68151363129,192634755,,,2024-25
COSTCO WHOLESALE AUSTRALIA PTY LTD,57104012893,5658261951,129794519,38938356,2024-25
COTTON GROWERS SERVICES PTY LTD,15001723048,148100615,,,2024-25
COTY AUSTRALIA HOLDINGS PTY LTD,52626169711,254274583,1857190,557157,2024-25
COUNT LIMITED,11126990832,351042774,8674320,,2024-25
COUNTRY GARDEN AUSTRALIA PTY LTD,45165045125,503932958,,,2024-25
COUNTRY ROAD GROUP HOLDINGS PTY LTD,16664111942,1037521052,1722722,,2024-25
COURTNEY & PATTERSON PTY LTD,98005562443,132037964,1488632,446590,2024-25
COVENTRY GROUP LTD,37008670102,329018925,,,2024-25
COVER SYNDICATE PTY LTD,54614038765,165464927,4956811,1487043,2024-25
COX AUTOMOTIVE AUSTRALIA PTY LTD,97090535505,214060813,,,2024-25
COXONS OF CASTERTON PTY. LTD.,65006365895,146495486,3249281,974784,2024-25
CPA AUSTRALIA LTD,64008392452,209822246,,,2024-25
CPC ENGINEERING PTY LTD,73009271774,100818745,,,2024-25
CPC GROUP HOLDINGS PTY LTD,28644449758,212838733,,,2024-25
CPF AUSTRALIA PTY LTD,84666074942,102556062,251894,75568,2024-25
CPG GROUP PTY. LTD.,13164269023,175871488,,,2024-25
CPOF FINANCE PTY LIMITED,68137694476,152050422,,,2024-25
CPS HOLDCO PTY LTD,23676350717,128427186,2257509,677253,2024-25
CR ANZ HOLDINGS PTY LTD,28653343483,153655104,,,2024-25
CRAIG MOSTYN HOLDINGS PTY LIMITED,14008398356,685741565,16839563,4408942,2024-25
CRANE TOPCO PTY LTD,97646044046,157864738,9854445,2956334,2024-25
CRANPORT PTY LIMITED,77003854000,183850224,7288574,1896278,2024-25
CRAWFORD & COMPANY (AUSTRALIA) PTY LTD,11002317133,140044356,20956641,6133073,2024-25
CRAYON AUSTRALIA HOLDING PTY LTD,37653041313,386074119,366005,,2024-25
CREATION HOMES (SA) PTY LTD,29629201869,175165685,33399555,10019866,2024-25
CREDIT AGRICOLE S.A.,80654071075,453462891,63856384,19156915,2024-25
CREDIT CORP GROUP LIMITED,33092697151,397840942,103416737,30838698,2024-25
CREDIT SUISSE AG,17061700712,227627187,12862073,3858622,2024-25
CREDIT UNION AUSTRALIA LIMITED,44087650959,1033615754,88984980,24909742,2024-25
CREDIT UNION SA LIMITED,36087651232,120118822,22250411,4254177,2024-25
CREMA CONSTRUCTIONS PTY LTD,70137733290,130613335,,,2024-25
CREMA SPA. PTY LTD,37651740091,233787371,4895260,1468578,2024-25
CRESCO CAPITAL PTY LTD,19162834540,109813975,,,2024-25
CRH ANZ PTY LTD,30604858139,178182943,16385511,4301308,2024-25
CRISP BROS. & HAYWARDS PTY LTD,88009483694,117325876,13380689,4014207,2024-25
CROCS AUSTRALIA PTY LIMITED,86113735907,140479827,4867647,1460294,2024-25
CROFTMINSTER PTY. LTD.,11007061314,204432663,42332708,12699812,2024-25
CROKERS FUEL & OILS PTY LTD,41069396354,204533609,6991460,2097438,2024-25
CROP SMART PTY LTD,28093927961,170037694,1254406,6250,2024-25
CROPLINE GROUP PTY LTD,35645548965,204055161,1559922,467977,2024-25
CROWDSTRIKE AUSTRALIA PTY LTD,19613865295,213155167,12782742,3834823,2024-25
CROWN EQUIPMENT PTY LIMITED,79000514858,396038995,10828351,3248505,2024-25
CRRC CHANGCHUN AUSTRALIA RAIL PTY LIMITED,52615414072,163735006,,,2024-25
CS (AUSTRALIA) PTY LIMITED,84093488361,685473308,102653107,30795932,2024-25
CSC STEEL AUSTRALIA HOLDINGS PTY LTD,27123783282,136101549,130226878,4246625,2024-25
CSE-GLOBAL (AUSTRALIA) PTY LTD,85109958090,211203960,11784293,3535288,2024-25
CSG INTERNATIONAL PTY LTD,33082026551,199330512,1433229,,2024-25
CSL LIMITED,99051588348,4761999721,319831050,,2024-25
CSR LIMITED,90000001276,498992002,39180608,10587785,2024-25
CT FREIGHT PTY. LTD.,89002489705,363217058,26872415,8061724,2024-25
CTC PRECAST PTY LTD,12614966059,107804681,2620457,786137,2024-25
CTI LOGISTICS LIMITED,69008778925,325651757,26807393,8041124,2024-25
CUBIC TRANSPORTATION SYSTEMS (AUSTRALIA) PTY LIMITED,82003617561,127014608,,,2024-25
CULTURE AMP PTY LTD,12138600987,105737407,,,2024-25
CUMMINS FILTRATION INTERNATIONAL CORPORATION,60007505473,136616987,18129759,5438928,2024-25
CUMMINS SOUTH PACIFIC PTY LTD,42006332949,1582747270,268201644,80460493,2024-25
CURRIMUNDI MOTORS PTY LTD,28112296223,262955821,7276902,2183071,2024-25
CUSCAL LIMITED,95087822455,492267125,48562431,11744244,2024-25
CVS LANE HOLDINGS PTY LTD,69154742097,162341784,15725734,4717720,2024-25
CW GROUP HOLDINGS LIMITED,83635851839,3726781786,439059261,131179795,2024-25
CWF HOLDINGS PTY LTD,66142083323,126544614,76053011,22815903,2024-25
CX HOLDCO PTY LIMITED,92653475417,884899889,41698606,9895243,2024-25
CXC CORPORATE SERVICES PTY LTD,58150274007,710937695,1488982,446695,2024-25
CYAN RENEWABLES (AUSTRALIA) HOLDINGS PTY LTD,44675839782,121838442,,,2024-25
CYBERCX HOLDINGS PTY LTD,24629361806,302451852,5567507,,2024-25
D & C CORPORATION PTY LTD,37159824736,114452261,,,2024-25
D & E AIR CONDITIONING PTY LIMITED,24158631979,324042841,34817897,10445369,2024-25
D & M LYONE HOLDINGS PTY LTD,45102456851,367848101,42348254,12704476,2024-25
D M & M T NOLAN PTY LTD,29009767766,133297259,,,2024-25
D.E HOLDING AUSTRALIA PTY LTD,16100632595,441186614,60069382,18020815,2024-25
DA & JF CAMM PTY LTD,18064290740,210235114,,,2024-25
DABBLE SPORTS PTY LTD,26641982425,151375419,1594156,,2024-25
DAC FINANCE PTY LIMITED,28129420444,1665629142,136817970,40003549,2024-25
DAHLSENS BUILDING CENTRES PTY LTD,30005032333,455757697,,,2024-25
DAHUA GROUP SYDNEY INVESTMENT PTY LTD,22606376416,129493605,11725305,3517592,2024-25
DAHUA GROUP WATERLOO PROJECT PTY LTD,79602597697,127486032,33730753,10119226,2024-25
DAIKIN AUSTRALIA PTY LTD,62000172967,1324166877,77836366,22109436,2024-25
DAIMLER TRUCK HOLDING AUSTRALIA PACIFIC PTY LTD,62629141699,1290950646,16280226,4884068,2024-25
DAIRY FARMERS MILK CO-OPERATIVE LIMITED,74669522867,106054102,357511,,2024-25
DAISHO DEVELOPMENT SYDNEY PTY LTD,90129002357,120253054,,,2024-25
DAIWA HOUSE AUSTRALIA PTY LTD,90169473241,227062391,,,2024-25
DALIAN HUARUI HEAVY INDUSTRY (AUSTRALIA) PTY LTD,69615916866,131881183,2262462,678739,2024-25
DALRYMPLE BAY COAL TERMINAL PTY LTD,12010268167,373082242,40246006,12073802,2024-25
DALRYMPLE BAY INFRASTRUCTURE LIMITED,76643302032,784099594,64267391,19280217,2024-25
DAMPIER SALT LTD,30008706590,904889227,283726029,85117809,2024-25
DANA AUSTRALIA (HOLDINGS) PTY LTD,29000145657,109144333,,,2024-25
DANAHER AUSTRALIA HOLDING PTY LTD,80122016424,750466245,128888797,32439881,2024-25
DAN-BUNKERING (AUSTRALIA) PTY LTD,26123643952,209589426,7161730,2148519,2024-25
DANDENONG MITS PTY LTD,34149410024,352731265,11484145,3445244,2024-25
DANFOSS (AUSTRALIA) PTY LTD,93004385997,149640044,4971979,1491594,2024-25
DANONE SAPUTO DAIRY AUSTRALIA PTY LTD,32143172258,167805350,,,2024-25
DARACON CONTRACTORS PTY LTD,82002344667,295358683,12040584,3612175,2024-25
DARWALLA POULTRY DISTRIBUTORS PTY LTD,20009717873,159892479,622505,186752,2024-25
DARWIN AUTOMOTIVE PTY LTD,35627496431,128113733,1557591,467277,2024-25
DASCO AUSTRALIA PTY LTD,32135751049,244307608,,,2024-25
DASCO DEVELOPMENT GROUP PTY LTD,22652301785,100929472,,,2024-25
DASHING PTY LTD,57166754301,101816003,11135339,3135530,2024-25
DASSAULT SYSTEMES AUSTRALIA PTY LTD,92113589772,107343929,,,2024-25
DATA#3 LIMITED,31010545267,863518471,73736559,22067223,2024-25
DATACOM AUSTRALIA HOLDINGS PTY LIMITED,45094235373,634405300,33626,,2024-25
DATS PTY LTD,26001733697,137433782,4379076,1313723,2024-25
DAVIDSON TECHNOLOGY (AUST) PTY LTD,51167752258,162855192,2414811,724443,2024-25
DAVIE GROUP HOLDINGS PTY LTD,56646762370,111057168,3094973,928492,2024-25
DAVIES BAKERY PTY LTD,25123302036,156021067,29598775,8879632,2024-25
DAVIS LANGDON PROPERTY SERVICES PTY LTD,97006986947,886603033,74625420,22317086,2024-25
DAYFORCE AUSTRALIA PTY LTD,43611427206,166594953,,,2024-25
DBG GLOBAL ENTERPRISES PTY LTD,79667063050,2219508052,54705596,14827245,2024-25
DBS BANK LTD,46601105373,910307874,207075818,62122745,2024-25
DCL CORP PTY LTD,60633008992,218884987,11960332,3052386,2024-25
DCOH PTY LTD,95092987463,111617125,19505065,4102686,2024-25
DDR AUSTRALIA PTY LTD,52618480381,114579479,14622920,4386876,2024-25
DDT HOLDINGS GROUP PTY LTD,68661209114,297242152,4538961,1361688,2024-25
DE BORTOLI WINES PTY LIMITED,77000146672,193518822,11162611,3335807,2024-25
DE LUCA CONSTRUCTION HOLDINGS PTY LTD,43659585065,146283632,10156073,3046822,2024-25
DEAKIN TOPCO PTY LTD.,29657472074,301140543,,,2024-25
DECJUBA PTY LTD,22611918873,190586022,17597017,5279105,2024-25
DECON CORPORATION PTY LTD,24606401012,113066617,,,2024-25
DEDALUS HEALTHCARE AUSTRALIA PTY LTD,29645064099,120684362,14806647,4441994,2024-25
DEEL AUSTRALIA SERVICES PTY LTD,64646477723,205703878,,,2024-25
DEFENCE BANK LIMITED,57087651385,220598976,56172403,12826194,2024-25
DEFENCE HOUSING AUSTRALIA,72968504934,887299884,41854976,12556493,2024-25
DEGNAN GROUP PTY LTD,47663651698,115263696,8239177,2471753,2024-25
DEICORP PROPERTY GROUP PTY LTD,58169423250,1210957220,,,2024-25
DEICORP PTY LTD,55138180337,737484290,3020469,906141,2024-25
DELAWARE NORTH COMPANIES AUSTRALIA PTY LTD,92003435345,507657371,,,2024-25
DELCON CIVIL PTY LTD,19120524530,114445303,12781817,3834545,2024-25
DELL AUSTRALIA PTY LTD,46003855561,2772449235,81583139,24293138,2024-25
DELL FINANCIAL SERVICES HOLDING PTY LTD,35619928228,118031620,,,2024-25
DE'LONGHI AUSTRALIA PTY LIMITED,49104012857,184565804,8845969,2653791,2024-25
DELTA AGRIBUSINESS PTY LTD,93118781445,815353315,24247927,7223324,2024-25
DELTA GROUP HOLDINGS PTY LTD,37159149185,927010764,96837920,27337090,2024-25
DEMAND MANAGER PTY LIMITED,64115850729,124698643,,,2024-25
DEMANT AUSTRALIA PTY LTD,11636246305,251657537,21799744,6539923,2024-25
DEMATIC HOLDINGS PTY LTD,50121488202,327565540,8176818,2299216,2024-25
DEMETER CORMACK PTY LTD,77134279977,240015828,10919349,3275805,2024-25
DENGKOL PTY LTD,82005518258,432136423,21272429,6381729,2024-25
DENISON GAS LIMITED,86625883561,136887330,7871295,,2024-25
DENNIS FAMILY CORPORATION PTY LTD,67605630144,212642039,62534238,18760271,2024-25
DENNIS FAMILY HOLDINGS PTY LTD,39097641855,184976648,2315220,694566,2024-25
DENSFORD CIVIL PTY LTD,28009090073,154725163,25806882,7742065,2024-25
DENTONS AUSTRALIA LIMITED,69100963308,161695913,44780364,13434109,2024-25
DENTSPLY SIRONA PTY LIMITED,87111950602,137671027,3993885,1198166,2024-25
DENTSU AUSTRALIA HOLDINGS PTY LTD,60147301700,220932598,,,2024-25
DETERRA ROYALTIES LIMITED,88641743348,248277157,192679946,57803984,2024-25
DETMOLD HOLDINGS PTY LTD,87007527022,455187476,24181979,4667458,2024-25
DEUTSCHE AUSTRALIA LIMITED,37006385593,453907339,63366655,18865466,2024-25
DEUTSCHE BANK AKTIENGESELLSCHAFT,13064165162,1087379111,56160433,16848130,2024-25
DEVCO PROJECT & CONSTRUCTION MANAGEMENT PTY LTD,15007223332,103073153,3948483,1184545,2024-25
DEVELOP GLOBAL LIMITED,28122180205,234312927,,,2024-25
DEVELOPER GROUP HOLDINGS PTY LTD,47166966114,143726377,,,2024-25
DEVRO PTY LIMITED,70050095755,109529830,14431085,4329326,2024-25
DEXUS COMMUNITY INFRASTRUCTURE HOLDINGS PTY LIMITED,20122620884,123551758,16499596,4653676,2024-25
DEXUS FINANCE PTY LIMITED,29110473786,186536028,,,2024-25
DEXUS OPERATIONS TRUST,69645176383,580191132,72975438,20318597,2024-25
DFA AUSTRALIA LIMITED,46065937671,151663166,33113005,9933902,2024-25
DFD RHODES PTY LTD,67008672731,163549338,115017974,33599581,2024-25
DGL GROUP LIMITED,71002802646,451052346,16159989,4738598,2024-25
DHL EXPRESS (AUSTRALIA) PTY LTD,62001112929,1028481520,54381428,16314428,2024-25
DHL GLOBAL FORWARDING (AUSTRALIA) PTY LIMITED,62002636124,2514065550,157062983,47118895,2024-25
DIAGEO AUSTRALIA LIMITED,33004167720,646194840,77222649,23094180,2024-25
DIAMOND GAS RESOURCES PTY LTD,58007440664,418705245,35588819,10676646,2024-25
DIAMOND INFRACO 2 PTY LTD,19657873811,160911722,,,2024-25
DIAMOND OFFSHORE GENERAL LLC,91050122051,202452481,8882651,2664795,2024-25
DIB GROUP PTY LTD,87002889474,2829322693,102244687,30656367,2024-25
DIBSTECH PTY LIMITED,66624547397,259883600,328160,98448,2024-25
DICKER DATA LIMITED,95000969362,1894587880,105475798,31047579,2024-25
DIDI MOBILITY (AUSTRALIA) PTY LTD,96623144963,142619714,,,2024-25
DIGITAL IMAGING EXPRESS PTY LTD,92122703806,249756804,10249341,3074802,2024-25
DIGITAL SERVICES AUSTRALIA IV PTY LTD,11633652749,147310250,,,2024-25
DIPLOMA AUSTRALIA HEALTHCARE PTY LTD,51145464660,158900825,17307771,5192331,2024-25
DIRECT COURIERS GROUP PTY LTD,70637899051,267443009,40238108,12071432,2024-25
DIRECT DIGITAL GROUP HOLDINGS PTY LIMITED,64657310140,196482934,,,2024-25
DIRECT FREIGHT (AUST) PTY LTD,32071822172,214745436,4520792,1356238,2024-25
DIRECT FREIGHT EXPRESS PTY LIMITED,66060136870,565399287,51356821,15407046,2024-25
DIRT WISE PTY LTD,33123070039,156555638,34366925,10310078,2024-25
DISCOUNT TYRE AND WHEEL PTY LTD,31169153468,352942153,30391524,9117457,2024-25
DISCOVERY PARKS HOLDINGS PTY LIMITED,61127847269,460489030,,,2024-25
DISSH HOLDCO PTY LTD,,153513270,32740255,9822076,2024-25
DITH AUSTRALIA PTY LTD,21620953166,394349147,12350441,3705132,2024-25
DIVERSEY AUSTRALIA PTY LTD,92080527117,120965315,,,2024-25
DIVERSIFIED INFRASTRUCTURE TRUST,95210332438,255831701,230911899,64324422,2024-25
DIY RESOLUTIONS PTY LTD,72103688679,168656901,21087926,6321378,2024-25
DKSH AUSTRALIA PTY. LTD.,70005059307,386054139,2069839,589148,2024-25
DKSH PERFORMANCE MATERIALS AUSTRALIA PTY LIMITED,88602074322,204248687,4172651,949430,2024-25
DOEHLER AUSTRALIA HOLDINGS PTY LTD,34635064229,153133997,3445907,1033772,2024-25
DOF AUSTRALIA PTY LTD,53083000239,311149436,3169913,443643,2024-25
DOLLARAMA AUSTRALIA PTY LTD,33006122676,880171193,26372425,7911728,2024-25
DOMAIN HOLDINGS AUSTRALIA LIMITED,43094154364,374493786,104097800,18399207,2024-25
DOMETIC AUSTRALIA PTY LTD,62086366305,217336730,12598945,3779684,2024-25
DOMINO'S PIZZA ENTERPRISES LIMITED,16010489326,706056014,52569371,4622243,2024-25
DONALDSON AUSTRALASIA PTY LTD,78000521200,172665125,19403312,5820994,2024-25
DONEILYN PTY LTD,69007544836,383347823,20554095,3112684,2024-25
DOORDASH TECHNOLOGIES AUSTRALIA PTY LTD,96634446030,224762377,,,2024-25
DORMAKABA HOLDING AUSTRALIA PTY LTD,82005869447,367649230,24456327,7317161,2024-25
DORRIEN ESTATE WINERY PTY LTD,81003775139,277245796,,,2024-25
DORSETT RETAIL PTY LTD,30100205329,177367290,4462697,1338809,2024-25
D'ORSOGNA LIMITED,27063427752,348732092,7984497,1749335,2024-25
DOVAL CONSTRUCTIONS (QLD.) LTD,75010007155,123164363,31303731,9356396,2024-25
DOW CHEMICAL (AUSTRALIA) PTY LTD,72000264979,133275680,13713,,2024-25
DOW PERFORMANCE MATERIALS (AUSTRALIA) PTY LTD,29004513188,129784458,,,2024-25
DOWELL WINDOWS PTY LTD,78004069523,182253191,,,2024-25
DOWNER EDI LIMITED,97003872848,7727369855,122383952,25319149,2024-25
DOWNWARD SPIRAL ENTERPRISES (TAS) PTY LTD,30163277718,171323529,,,2024-25
DP WORLD AUSTRALIA (HOLDING) PTY LIMITED,58147892715,970645668,219267228,65780168,2024-25
DP WORLD AUSTRALIA (POSN) PTY LTD,19129842057,201164531,28290036,7838349,2024-25
DR JONES & PARTNERS GROUP HOLDINGS PTY LIMITED,87158390802,139224926,16519098,4955729,2024-25
DR. OETKER QUEEN AUSTRALIA PTY LTD,92606358516,106450622,12765279,3046419,2024-25
DRA GLOBAL LIMITED,75622581935,190990748,,,2024-25
DRAEGER AUSTRALIA PTY LTD,99098885539,146201359,5192262,1557679,2024-25
DRAKE AUSTRALIA PTY LTD,42004939771,129763863,3050,,2024-25
DRAKE COAL PTY LTD,60138221600,129230522,18334692,5485658,2024-25
DRAKE TRAILERS PTY LTD,91009761031,121450745,8372540,2511762,2024-25
DRAMET PTY LTD,59109544425,371582277,332389,99717,2024-25
DRIVE GROUP CORPORATION PTY LTD,54660445296,111445660,,,2024-25
DRIVEN HOLDINGS PTY LIMITED,87642230073,132862940,5769747,1730924,2024-25
DRURY FARMING COMPANY PTY LTD,30641777513,208013960,,,2024-25
DRYSDALE INVESTMENTS PTY LTD,86104614422,1094555000,38309993,9580048,2024-25
DSM NUTRITIONAL PRODUCTS AUSTRALIA PTY LIMITED,36000991793,158516195,2722820,498018,2024-25
DSV AIR & SEA PTY LTD,47002275676,433641278,4620787,1386236,2024-25
DT GLOBAL AUSTRALIA HOLDINGS PTY LTD,49660152858,472773759,,,2024-25
DTZ AUS HOLDCO PTY LTD,36602106936,591229100,,,2024-25
DTZ AUSTRALIA PTY LIMITED,84106515931,120955202,,,2024-25
DUCALA PTY LTD,38008031874,275026091,20253081,4880732,2024-25
DULUXGROUP LIMITED,42133404065,2399012520,302693220,83990243,2024-25
DUNNE TRADERS PROPRIETARY LTD,76640147146,210773670,701815,210544,2024-25
DUNNETT & JOHNSTON GROUP PTY LTD,58084956525,200402043,15012608,1850925,2024-25
DUNPEC PTY LTD,20003552056,103291487,130,,2024-25
DURACK CIVIL PTY LTD,35633665380,185793015,44572174,13371652,2024-25
DURATEC LIMITED,94141614075,581676895,31056097,8581829,2024-25
DUSK GROUP LIMITED,38603018131,136844433,5188762,1556629,2024-25
DXC TECHNOLOGY AUSTRALIA HOLDINGS PTY LIMITED,33120570390,2102906723,154499907,45584078,2024-25
DYE & DURHAM HOLDINGS PTY LTD,87646897412,173193044,19294438,5788331,2024-25
DYMOCKS HOLDINGS PTY LTD,59008453110,122062784,10475333,3129661,2024-25
DYNALITE PTY LIMITED,33097246921,234820734,13381521,1836338,2024-25
DYNAMIC BRADVIEW ROOFING PTY LTD,98161333991,146090144,13340835,4002250,2024-25
DYNAMIC SUPPLIES PTY LTD,25064793862,213326135,4468702,1340611,2024-25
DYNAMONEY LIMITED,80613082698,145370475,766931,230079,2024-25
DYSON APPLIANCES (AUST.) PTY LIMITED,50073072509,551174244,17193484,5061243,2024-25
E G CAMPBELL INVESTMENTS (2) PTY LIMITED,,107436149,107299436,2823547,2024-25
E SUN COMMERCIAL BANK LTD,60606234879,222238726,30739380,9221814,2024-25
E&P FINANCIAL GROUP LIMITED,54609913457,179454761,78446,,2024-25
E&S TRADING CO. (DISCOUNTS) PTY LTD,71007449265,273809884,6028025,1808408,2024-25
E.B. MAWSON & SONS PTY. LTD.,14004519617,237005762,19731998,5919582,2024-25
EAGERS AUTOMOTIVE LIMITED,87009680013,8158763545,273363554,52534089,2024-25
EAGERS TACT PTY LTD,43658497299,226968983,11163757,3349127,2024-25
EARLY START AUSTRALIA PTY LTD,56616435575,159026456,,,2024-25
EASST PTY LTD,46651942264,213819159,11278630,3383589,2024-25
EAST AUTOMOTIVE PTY LTD,78604088833,108748215,1429280,428784,2024-25
EASTERN DISTRIBUTORS PTY LTD,20050238474,121201984,2592008,777602,2024-25
EASTPOINT CARS QLD PTY LTD,69158933496,100098766,1628215,488464,2024-25
EASYGO SOLUTIONS PTY LTD,99611437668,2865002963,325940540,97782162,2024-25
EATON INDUSTRIES PTY LTD,66103014571,397281111,34694824,10408447,2024-25
EBSCO INTERNATIONAL INC.,51002260602,129788100,5939184,1763830,2024-25
EBSTAR PTY LTD,16010660161,112439762,5839970,1751991,2024-25
ECHO HOLDCO PTY LIMITED,50645699261,279909630,14200345,4260104,2024-25
ECOLAB PTY LTD,59000449990,519165982,30514793,9141221,2024-25
EDEN ACADEMY INVESTMENT HOLDINGS PTY LTD,63660727659,124398914,13693126,4107938,2024-25
EDEN BRAE HOLDINGS PTY LIMITED,42083807489,272476707,22911703,6873511,2024-25
EDGARANGE PTY LTD,59010272849,123534036,30588318,9167134,2024-25
EDGE EARLY LEARNING HOLDINGS PTY LTD,34618453197,182128224,5688960,1706688,2024-25
EDMI PTY LTD,65010061391,191207992,11860574,1866714,2024-25
EDUCATION CENTRE OF AUSTRALIA PTY LTD,14111918775,112048717,15809991,2600140,2024-25
EDUCO AUSTRALIA HOLDINGS PTY LTD,13146075229,101369397,,,2024-25
EDWARDS LIFESCIENCES PTY LIMITED,77098906873,143254751,15893604,3351459,2024-25
EFN (AUSTRALIA) PTY LTD,90607344650,627930156,208381559,62348465,2024-25
EG GROUP AUSTRALIA PTY LTD,39629792810,4241009871,,,2024-25
EGO PHARMACEUTICALS HOLDINGS PTY LTD,34613741352,260470723,18143272,4251362,2024-25
EIGHTCAP HOLDINGS PTY LTD,34669264519,136459901,5993610,1798083,2024-25
EINHELL HOLDING AUSTRALIA PTY LTD,12163099885,313311879,53033565,15910070,2024-25
EL RIHANI HOLDING PTY LTD,55643937517,171611174,,,2024-25
ELANCO AUSTRALIA HOLDING PTY LIMITED,24628673754,159475293,30042548,331032,2024-25
ELDERLY CARE LIMITED,35666996167,187678943,15560472,4668142,2024-25
ELDERS INSURANCE (UNDERWRITING AGENCY) PTY LIMITED,56138879026,318268668,97362831,29208849,2024-25
ELDERS LIMITED,34004336636,3180400277,35595414,,2024-25
ELECNOR AUSTRALIA HOLDINGS PTY LTD,90164831930,744722531,,,2024-25
ELECTRA CABLES (AUST) PTY LTD,38056024385,432527595,48503325,14550982,2024-25
ELECTRANET PTY LIMITED,41094482416,613945271,52954535,15886360,2024-25
ELECTRO OPTIC SYSTEMS HOLDINGS LTD,95092708364,239572775,23529721,4751670,2024-25
ELECTROLUX HOME PRODUCTS PTY LIMITED,51004762341,1353827058,49752376,13600731,2024-25
ELECTRONICS BOUTIQUE AUSTRALIA PTY LTD,50077681442,594417729,,,2024-25
ELECTUS DISTRIBUTION PTY LIMITED,30000087347,250529577,,,2024-25
ELEMENTAL INFRASTRUCTURE HOLDCO PTY LTD,89639582737,136045142,,,2024-25
ELI LILLY AUSTRALIA PTY LIMITED,39000233992,430673092,95303251,11361589,2024-25
ELLERSLIE FREE RANGE FARMS PTY LTD,74140998045,234771490,28924196,3962973,2024-25
ELLIS AIR CONDITIONING PROPRIETARY LIMITED,13004601790,132750687,8379918,2513975,2024-25
ELMO SOFTWARE HOLDINGS PTY LTD,75664004013,183999961,1523043,,2024-25
EMECO HOLDINGS LIMITED,89112188815,802727590,,,2024-25
EMERALD NEWCO PTY LIMITED,48152094043,103420398,12874,,2024-25
EMERALD RESOURCES NL,72009795046,119694779,,,2024-25
EMERSON PROCESS MANAGEMENT AUSTRALIA PTY LTD,99004590005,276046164,39890081,11529013,2024-25
EMICHROME PTY LTD,31002668028,213608814,215592286,9228711,2024-25
EMIRATES LEISURE RETAIL (AUSTRALIA) PTY LTD,76131473679,1518379503,10078913,3023674,2024-25
EML NSW LTD,52003201885,357820387,246781,74034,2024-25
EMMETT HOLDINGS (SA) PTY LTD,46606055305,168755068,,,2024-25
EMPLOYERS MUTUAL LIMITED,67000006486,151083276,60255935,13504799,2024-25
EMPLOYERS MUTUAL MANAGEMENT PTY LTD,11001735191,551761469,2549658,764897,2024-25
EMPLOYMENT HERO HOLDINGS PTY LTD,31611036796,216470239,,,2024-25
ENAEX AUSTRALIA PTY LTD,97009687487,386620318,7946269,2383881,2024-25
ENAK HOLDINGS PTY LTD,94151868772,1029204024,46849324,13549859,2024-25
ENBEEAR PTY LTD,73000857483,267831363,62227619,643011,2024-25
ENCORE EVENT TECHNOLOGIES GROUP PTY LTD,69083269701,119125317,,,2024-25
ENDAVA AUSTRALIA PTY LTD,90642165740,130118149,1594974,478492,2024-25
ENDEAVOUR ENERGY NETWORK MANAGEMENT PTY LTD,22617221495,344622131,,,2024-25
ENDEAVOUR GROUP LIMITED,77159767843,6898734972,734737401,23278363,2024-25
ENDEAVOUR MEATS PTY LTD,64117854243,530589149,8665746,2599724,2024-25
ENDEAVOUR WOOL EXPORTS PTY LTD,28621014293,370556426,215182,64555,2024-25
ENERGIZER AUSTRALIA PTY LIMITED,91003539026,151998091,1867359,554075,2024-25
ENERGY BAY GROUP PTY LTD,17674256467,194399769,,,2024-25
ENERGY INFRASTRUCTURE TRUST,23779151748,189314203,64291913,13660954,2024-25
ENERGY POWER SYSTEMS AUSTRALIA PTY LTD,80055274514,315195029,18332809,5499843,2024-25
ENERGY WORLD CORPORATION LTD,34009124994,798911945,,,2024-25
ENERGYAUSTRALIA HOLDINGS LIMITED,57101876135,7492723794,,,2024-25
ENERMECH PTY LTD,32136435062,131453911,,,2024-25
ENERO GROUP LIMITED,97091524515,111539577,2751426,825428,2024-25
ENERSYS AUSTRALIA PTY LTD,52103740290,148174203,,,2024-25
ENERVEN ENERGY INFRASTRUCTURE PTY LTD,31621124909,446097140,25120429,7536129,2024-25
ENGAGE MARINE TOPCO PTY LTD,46675998562,137126091,,,2024-25
ENGENCO LIMITED,99120432144,228215530,,,2024-25
ENSCO AUSTRALIA PTY LTD,79100601634,422097340,9605051,2881515,2024-25
ENSHAM COAL SALES PTY LTD,13050411713,768539910,864962,259489,2024-25
ENSIGN (AUSTRALIA) HOLDINGS PTY LTD,71100195426,175395182,,,2024-25
ENSIGN LABORATORIES PTY LTD,11004395242,175613213,5732573,1180933,2024-25
ENTIRE OPERATIONS PTY LTD,54634099684,162708038,3837588,1151276,2024-25
ENTIRETI LIMITED,51676518577,227996690,22793,6838,2024-25
ENTYCE FOOD INGREDIENTS PTY LTD,99120104083,125495656,4850550,1455165,2024-25
EP2 MANAGEMENT PTY LTD,25149908289,116135426,,,2024-25
EPEC GROUP PTY LTD,71634234129,107958622,8293679,2488104,2024-25
EPH CONTRACTS PTY LTD,97153936273,116426989,7045061,2113518,2024-25
EPH ENTERPRISES PTY LTD,57109822246,169026887,,,2024-25
EPIC WRIGHT HEATON PTY LTD,65000105233,182120232,6216049,1864708,2024-25
EPIROC SOUTH PACIFIC HOLDINGS PTY LTD,87107374550,1249369607,53489602,16046881,2024-25
EPSON AUSTRALIA PTY LTD,91002625783,189931094,9270434,2781130,2024-25
EPTEC HOLDCO PTY LTD,14638785387,209455531,402051,120615,2024-25
EQT HOLDINGS LIMITED,22607797615,182482635,44110373,13233112,2024-25
EQUANS ANZ HOLDINGS PTY LIMITED,18615894794,193676171,,,2024-25
EQUIFAX AUSTRALIA HOLDINGS PTY LTD,37609497494,457810610,,,2024-25
EQUINIX AUSTRALIA PTY LTD,25092807264,586338521,71533215,17686152,2024-25
ERA POLYMERS PTY LTD,14003055936,108968659,16220886,3022743,2024-25
ERILYAN HOLDINGS PTY LTD,97664334294,297029948,9214209,2764263,2024-25
ERIN HOLDINGS PTY LTD,,120002393,90850,27255,2024-25
ERINFEN PTY LIMITED,85003900696,109093526,562760,168797,2024-25
ERTECH HOLDINGS PTY LTD,93008999353,418864023,35336711,9284350,2024-25
ESCARE HOLDINGS PTY LTD,76065386110,143319719,3438794,1031531,2024-25
ESR FINANCE 4 (AUSTRALIA) PTY LTD,94649346430,101077527,,,2024-25
ESR GROUP HOLDINGS PTY LTD,73113065973,140907985,1954877,586463,2024-25
ESR REAL ESTATE (AUSTRALIA) PTY LTD,64625761962,192596458,,,2024-25
ESRI-AUSTRALIA PTY LTD,16008852775,183068950,45992949,13315391,2024-25
ESSENTIAL FIRST CHOICE HOMES PTY LTD,87138185341,110457201,16370314,4911094,2024-25
ESTEE LAUDER PTY LIMITED,63008444719,303082500,24835185,7449150,2024-25
ESTHER INVESTMENT PROPRIETARY LIMITED,68004459536,150232726,,,2024-25
ESTIA HEALTH TOPCO PTY LTD,47669884244,1232960731,76452870,22935861,2024-25
ETERNAL AUS HOLDCO LTD,84669042782,475749222,146804,,2024-25
ETEX HOLDING AUSTRALIA PTY LTD,54645836531,535152181,72431767,20124344,2024-25
ETG COMMODITIES PTY LTD,71643241329,365644096,,,2024-25
ETHAN GLOBAL PTY LTD (FORMERLY ETHAN GROUP),93099503456,224654805,2011554,505639,2024-25
ETIHAD AIRWAYS PJSC,40123078688,242539694,,,2024-25
ETS INFRASTRUCTURE MANAGEMENT PTY LTD,38070013884,254205046,2868384,,2024-25
ETSA UTILITIES FINANCE PTY LTD,78091701825,160009980,,,2024-25
ETTASON PTY LTD,47002837390,230360396,1949205,316476,2024-25
EUC MANAGEMENT PTY LTD,54631013860,235587199,,,2024-25
EUDUNDA FARMERS LTD,30008222188,204268486,2853120,843569,2024-25
EUPH CAPITAL PTY LTD,90684815950,200328307,228621,68586,2024-25
EUREKA STREET PTY LTD,41010764833,106568898,2361149,708345,2024-25
EUROFINS FOOD TESTING ANZ HOLDING PTY LTD,99612485819,148907951,3801053,1140316,2024-25
EUROPCAR HOLDING PTY LTD,72130750640,301794485,,,2024-25
EUROZ HARTLEYS GROUP LTD,53000364465,100499448,17319251,5195775,2024-25
EV DEALER GROUP PTY LTD,86657632758,990590560,29866324,8959897,2024-25
EVAND PTY LTD,59072254007,654089151,83751009,25121106,2024-25
EVANS PETROLEUM GIPPSLAND PTY LTD,44007455192,289873759,6987970,1746992,2024-25
"EVEREST INTERNATIONAL REINSURANCE, LTD",45672987334,166906332,8980810,2694243,2024-25
EVERETT SMITH & CO. PTY LTD,84009184338,110813390,22146686,4444329,2024-25
EVERGREEN GARDEN CARE AUSTRALIA HOLDINGS PTY LTD,18620606840,192191818,12481363,3744409,2024-25
EVERLIGHT RADIOLOGY HOLDINGS PTY LTD,49651297139,111238738,,,2024-25
EVERNESS TOPCO PTY LTD,46669862364,248736080,49217610,14765283,2024-25
EVOLUTION MINING LTD,74084669036,3903201613,1002433927,299783455,2024-25
EVOLUTION PRECAST SYSTEMS HOLDINGS (AUST) PTY LTD,53651491557,133276289,15081149,4524345,2024-25
EVT LIMITED,51000005103,673500502,47748653,14297884,2024-25
EVZ LIMITED,87010550357,102651395,128610,,2024-25
EWE GROUP PTY LTD,46142232273,145229606,705003,211501,2024-25
EXACT CONTRACTING GROUP PTY LTD,65057760353,339592200,16697236,5009171,2024-25
EXCLUSIVE NETWORKS HOLDING PTY LTD,59676022807,232459934,,,2024-25
EXPEDIA AUSTRALIA PTY LTD,12101694946,158809325,1373940,289811,2024-25
EXPEDITORS INTERNATIONAL PTY LIMITED,79003337282,195561034,15790841,4737252,2024-25
EXPERIAN AUSTRALIA HOLDINGS PTY LTD,17124553984,108760428,16355,,2024-25
EXPERIENCE CO LIMITED,56167320470,117541117,115210,,2024-25
EXPORT TRADING GROUP AUSTRALIA PTY LTD,92168116041,186341556,,,2024-25
EXPRESSWAY HOLDINGS PTY LTD,98651132017,159271349,10479918,3143975,2024-25
EXPRO HOLDINGS AUSTRALIA 1 PTY LTD,34132095517,118082881,,,2024-25
EXXONMOBIL AUSTRALIA PTY LTD,48091561198,22914545754,2121490459,612160701,2024-25
EY RUBIX PTY LTD,34604477009,147869715,,,2024-25
EZYQUIP HIRE PTY LTD,39129600308,109659527,18853218,5655965,2024-25
F K GARDNER & SONS PTY LTD,99010136053,296858839,25903539,7769946,2024-25
F MAYER (IMPORTS) PTY LTD,51000697889,256269506,16033825,4809948,2024-25
F. LAUCKE PROPRIETARY LIMITED,94007519833,111614804,10455782,3136735,2024-25
FACEBOOK AUSTRALIA PTY LIMITED,83134012543,1466051464,132915948,39874784,2024-25
FACTORY MUTUAL INSURANCE COMPANY,47163108861,563076270,123649552,36648482,2024-25
FACTORY X PTY LTD,51078151667,174637845,14740617,4422185,2024-25
FAIRBROTHER PTY LTD,51009510561,320004825,18975735,4997314,2024-25
FAIRMONT HOMES GROUP PTY LTD,26110542553,197544568,25182949,7554885,2024-25
FALCONREST PTY LTD,44098954968,161386067,,,2024-25
FAMILY DOCTOR PTY LTD,87156304657,122299948,10023277,3006983,2024-25
FAR EAST CONSORTIUM HOLDINGS (AUSTRALIA) PTY LTD,80062878880,647572788,12497712,3749314,2024-25
FARLEIGH HOLDINGS PTY LTD,43005419652,832423451,,,2024-25
FARM FRITES AUSTRALIA PTY LTD,13614478438,172180084,11301678,3295318,2024-25
FARM PRIDE FOODS LIMITED,42080590030,101903554,,,2024-25
FASHION BIZ (AUST) PTY LTD,63070328282,127632462,18760099,5628030,2024-25
FAST AUTOS PTY LTD,49657022592,165650229,9667573,2900272,2024-25
FAWKES INFRASTRUCTURE TOPCO PTY LTD,85674603868,183703445,,,2024-25
FAYMAN INTERNATIONAL GROUP PTY LTD,72640390576,411983148,17486483,5245945,2024-25
FCCD (AUSTRALIA) PTY LIMITED,16134182380,143866452,2381169,714351,2024-25
FCI HOLDINGS AUSTRALIA PTY LTD,96123942389,282580967,16522358,4344248,2024-25
FDC CONSOLIDATED PTY LTD,84644030759,1525750661,108820508,32646152,2024-25
FEDERAL EXPRESS (AUSTRALIA) PTY LTD,51624271487,2651194236,47782360,14317047,2024-25
FEEDWORKS PTY LTD,72080629983,101282443,9407644,2822293,2024-25
FENIX RESOURCES LIMITED,68125323622,319905003,16978970,5093691,2024-25
FENNER (PACIFIC) PTY LIMITED,49000231532,583353823,56716619,16800700,2024-25
FERNGROVE PHARMACEUTICALS AUSTRALIA PTY LTD,80154645762,123191614,17211691,5163507,2024-25
FERRARI AUSTRALASIA PTY LIMITED,90160706141,186189925,8442604,2532781,2024-25
FERRERO AUSTRALIA PTY LIMITED,29001249261,422741767,26319082,7895725,2024-25
FERROVIAL CONSTRUCTION (AUSTRALIA) PTY LTD,98150820116,211073498,76305986,22891796,2024-25
FERTDIRECT PTY LIMITED,29601232099,144532745,5928590,1778577,2024-25
FETTLE GROUP PTY LTD,90648441258,114543030,41870058,12561017,2024-25
FFGA INVESTMENT HOLDINGS PTY LIMITED,44621842644,102766465,2511806,753542,2024-25
FIELDCORE SERVICE SOLUTIONS ANZ PTY LTD,37086855076,107717592,,,2024-25
FIENZA PTY LTD,76136411311,102073390,16343854,4903156,2024-25
FIGTREE HEAD TOPCO II PTY LTD,12651158404,209547201,,,2024-25
FIGUREHEAD CONSTRUCTION HOLDINGS PTY LTD,,126794679,,,2024-25
FIL INVESTMENT MANAGEMENT (AUSTRALIA) LIMITED,34006773575,126542154,19950194,5985058,2024-25
FINASUCRE INVESTMENTS (AUSTRALIA) PTY LIMITED,23062315593,421391447,,,2024-25
FINDEX GROUP LIMITED,40128588714,435464309,25362874,7584423,2024-25
FINISAR AUSTRALIA PTY LTD,45098184582,140795211,48409821,254555,2024-25
FINSBURY GREEN PTY LTD,52007743151,111980292,7975712,2392714,2024-25
FIRESAFE GROUP PTY LTD,51619974033,106560314,,,2024-25
FIRST COMMERCIAL BANK LTD,15126292608,225315436,28016303,8404891,2024-25
FIRST DATA RESOURCES INVESTMENTS PTY LTD,63057257771,198370542,22411326,6723398,2024-25
FIRST FIBRE TOPCO PTY LIMITED,,159916823,,,2024-25
FIRST MAVEN PTY LTD,46125379062,103406614,144842502,,2024-25
FIRST SENTIER GROUP LIMITED,49630725558,507234735,62621010,18147167,2024-25
FIRSTMAC LIMITED,59094145963,309514411,32637769,9791331,2024-25
FIRSTYLE HOMES PTY LIMITED,59087773779,115780092,10671648,3201494,2024-25
FIS AUSTRALASIA PTY LTD,45093114759,257350676,,,2024-25
FISHER & PAYKEL AUSTRALIA HOLDINGS LIMITED,19003659425,725978988,24277484,7137042,2024-25
FISHER & PAYKEL HEALTHCARE PTY. LIMITED,52005484999,101884145,6003980,1801194,2024-25
FITNESS AND LIFESTYLE GROUP TOPCO PTY LTD,50614113192,539577073,,,2024-25
FITZGERALD CONSTRUCTIONS AUSTRALIA PTY LTD LTD,11087331164,190066430,48332624,14499787,2024-25
FITZROY AUSTRALIA RESOURCES PTY LTD,14615772391,458870531,,,2024-25
FKG CIVIL PTY LTD,65123436751,169033369,23106382,6931915,2024-25
FLAVORITE HOLDCO PTY LIMITED,18641610513,226041606,,,2024-25
FLAVOUR MAKERS AUSTRALIA PTY LTD,61145820220,174856889,5981690,1365936,2024-25
FLAVOUR MAKERS PTY LTD,65005953168,134390956,2126821,638046,2024-25
FLEET NETWORK PTY LTD,88134534286,119104021,23517578,7055273,2024-25
FLEETCOR TECHNOLOGIES PTY LTD,58161719393,230484677,117293046,35187914,2024-25
FLEETPARTNERS GROUP LIMITED,85131557901,516746626,2758652,827596,2024-25
FLEETWOOD LIMITED,69009205261,500533268,46028949,13808685,2024-25
FLETCHER BUILDING (AUSTRALIA) PTY LTD,11093539452,1858941887,2412622,,2024-25
FLETCHER INTERNATIONAL GROUP PTY LTD,75626211907,1186012544,84630873,25388983,2024-25
FLIGHT CENTRE TRAVEL GROUP LIMITED,25003377188,1641189314,48872791,,2024-25
FLINDERS PORT HOLDINGS PTY LTD,46117687313,309744507,75305692,22591708,2024-25
FLOORING XTRA (AUST) PTY LTD,77144808293,100871357,1705724,511717,2024-25
FLORA GREEN PTY LTD,47608829214,8831270623,625391105,169375849,2024-25
FLOWSERVE AUSTRALIA PTY LTD,30004604291,104770263,3733259,1119978,2024-25
FLSMIDTH PTY LTD,85000221590,559771651,,,2024-25
FLUENCE ENERGY PTY LTD,18627071461,533681538,42304721,12675596,2024-25
FLUIDRA HOLDINGS AUSTRALIA PTY LTD,11128458104,260120374,47826194,13118116,2024-25
FLUOR AUSTRALIA PTY LTD,28004511942,250563636,,,2024-25
FMC AUSTRALASIA PTY LTD,45095326891,213430563,44058033,11105940,2024-25
FMS GROUP OPERATIONS PTY LTD,79621625769,126414596,712841,213852,2024-25
FNZ HOLDINGS AUSTRALIA,73138819146,181787415,,,2024-25
FOCUS MINERALS LIMITED,56005470799,115697027,,,2024-25
FOOD INVESTMENTS PTY LTD,85008426177,3069709559,153062145,38007184,2024-25
FOODEX CORP PTY LTD,,107338639,2838089,851427,2024-25
FOODLINK AUSTRALIA PTY LTD,86132703229,353046926,22935058,6880517,2024-25
"FOOT LOCKER AUSTRALIA HOLDINGS, LLC",53669762387,178144670,1733069,519921,2024-25
FOOT LOCKER AUSTRALIA INC,22619093977,214300243,,,2024-25
FORACO AUSTRALIA PTY LTD,63137031782,126869730,34213644,10264093,2024-25
FORD CIVIL CONTRACTING PTY LIMITED,24002542814,105562391,2155623,646687,2024-25
FORD MOTOR COMPANY OF AUSTRALIA PTY LTD,30004116223,6406855154,227137768,68141330,2024-25
FOREST ONE GROUP PTY LTD,42004560605,289991825,,,2024-25
FORICO PTY LIMITED,33169204059,128270391,,,2024-25
FORMBAY TRADING PTY LIMITED,31146464995,341170347,3204222,961267,2024-25
FORMOSA RESOURCES AUSTRALIA PTY LTD,41163535715,243013785,,,2024-25
FORTESCUE LTD,57002594872,25537916587,8463936729,2427823158,2024-25
FORTH FARM PRODUCE PTY LTD,25009527913,124573010,2591292,652388,2024-25
FOX & LILLIE HOLDINGS PTY. LTD.,57004604844,374645058,1457550,437265,2024-25
FOX GROUP HOLDINGS PTY LTD,30058015777,115360034,46487413,13926953,2024-25
FOX HOLDCO LIMITED,19676925821,138807606,14686487,4405946,2024-25
FOXLEIGH COAL PTY LTD,24125986549,268081529,58271009,1848058,2024-25
FQM AUSTRALIA HOLDINGS PTY LTD,77136613075,151506132,,,2024-25
FRAGRANCE SOUTH PACIFIC PTY LTD,98167894662,140959347,2972429,891729,2024-25
FRANKLIN TEMPLETON (AUSTRALIA) HOLDINGS PTY LTD,66118222343,205447162,37592456,11253194,2024-25
FRASERS PROPERTY AUSTRALIA PTY LIMITED,89600448726,990844030,162054514,48616354,2024-25
FRASERS QUEENS PTY LTD,42119363174,123154456,,,2024-25
FREDON INDUSTRIES PTY. LIMITED,12003361297,174850891,11906368,3163312,2024-25
FREEDMAN ELECTRONICS PTY LIMITED,91000576483,358540236,43542179,,2024-25
FREEDOM ENERGY HOLDINGS PTY LTD,24093243844,2210976862,875358,262607,2024-25
FREIGHT MANAGEMENT HOLDINGS PTY. LTD.,14144724532,977247791,28507657,7127041,2024-25
FREIGHTER GROUP PTY LTD,88614717261,255603971,10733774,1947275,2024-25
FRENKEN HOMES PTY LTD,39121265898,110257100,6260623,1878187,2024-25
FREQUENCY INFRASTRUCTURE AUSTRALIA HOLDINGS PTY LIMITED,27136262952,344568393,,,2024-25
FRESENIUS KABI AUSTRALIA PTY LIMITED,39109383593,168010726,,,2024-25
FRESENIUS MEDICAL CARE AUSTRALIA PTY LIMITED,80067557877,276283323,,,2024-25
FRESH & SAVE FOOD WAREHOUSE PTY LTD,75161117175,188502333,7315423,2194627,2024-25
FRESH BERRY CO. PTY LTD,43104751199,100952768,2947733,884320,2024-25
FRESH FREIGHT TASMANIA PTY LTD,58106686373,100169722,22886837,6866051,2024-25
FRESH TO GO FOODS PTY LTD,92659532171,104603415,,,2024-25
FRESTINE DAIRY AUSTRALIA PTY LIMITED,40641142485,185839956,,,2024-25
FREUDENBERG HOME AND CLEANING SOLUTIONS PTY LTD,99082274324,107377636,4612324,1383697,2024-25
FRIESIAN PTY LTD,33625545995,201224719,7981694,2394508,2024-25
FRONTIER INTERNATIONAL AGRI PTY LTD,78166496064,221262032,3671948,1101584,2024-25
FSS BAC AIRPORTS 1 PTY LIMITED,54609406322,118407550,,,2024-25
FTA FOOD SOLUTIONS PTY LTD,82059480054,374924154,1410530,423159,2024-25
FTI CONSULTING FD AUSTRALIA HOLDINGS PTY LTD,97127241454,142717741,31242806,9372842,2024-25
FUCHS LUBRICANTS (AUSTRALASIA) PTY LTD,88005681916,435593434,19966291,5989887,2024-25
FUEL DISTRIBUTORS OF WESTERN AUSTRALIA PTY LTD,11087051778,245805697,2798168,839450,2024-25
FUEL TRANS AUSTRALIA PTY LTD,54128300309,446049135,11616823,3485047,2024-25
FUGRO HOLDINGS (AUSTRALIA) PTY LTD,99003010099,306239828,,,2024-25
FUJI SMBE HARWAL PTY LTD,78113905598,120643915,28585370,8575611,2024-25
FUJIFILM BUSINESS INNOVATION AUSTRALIA PTY LTD,63000341819,757532880,74477773,19674721,2024-25
FUJIFILM HOLDINGS AUSTRALASIA PTY LIMITED,58008443892,310307356,14160377,4248113,2024-25
FUJITSU AUSTRALIA LIMITED,19001011427,916241719,,,2024-25
FUJITSU GENERAL (AUST) PTY LIMITED,55001229554,250038099,13128404,3938521,2024-25
FULTON HOGAN AUSTRALIA PTY LTD,42135849115,3682832547,244416977,72569764,2024-25
FURNX PTY LTD,80111723829,124593160,18139756,5441927,2024-25
FUTURE GENERATION AUSTRALIA LIMITED,97063935553,130529291,55718291,11763123,2024-25
FUTURE GENERATION GLOBAL LIMITED,52606110838,206818016,37630045,10871600,2024-25
FX HOLDCO PTY LIMITED,33609955062,274157138,135627872,39907374,2024-25
FYFE HOLDCO PTY LTD,64673720879,120860965,18264322,5479297,2024-25
G & B GATHERCOLE (VIC) PTY LTD,90005455050,115682693,2382606,687625,2024-25
G J & K CLEANING SERVICES PTY LIMITED,64006418908,216265223,12630858,3487434,2024-25
G JAMES PTY LTD,25009696404,436873857,,,2024-25
G. & K. O'CONNOR PTY. LTD.,49005934029,421388168,77424834,23227450,2024-25
G.A. GROUP (AUSTRALIA) PTY LTD,26605793682,201235549,,,2024-25
G.P. & M.M. THURLOW PTY LTD,25064311879,404251396,15067283,4520185,2024-25
G4S AUSTRALIA HOLDINGS PTY LTD,68128783602,342354891,7919957,2375987,2024-25
G8 EDUCATION LIMITED,95123828553,1033539907,69342889,20802867,2024-25
GAIF 4-1 BORROWER COMPANY PTY LIMITED,55134604176,147418000,,,2024-25
GALDERMA AUSTRALIA PTY LTD,12003976930,273279554,32631848,9789554,2024-25
GALIPO FOOD CO PTY LTD,20631041695,258260265,5218847,1565654,2024-25
GALLAGHER AUSTRALIA INVESTMENT PTY LTD,79127141306,163710912,8844083,,2024-25
GALLERIA MOTORS PTY LIMITED,73077588017,144358668,8273651,2455976,2024-25
GALLERY HOMES PTY LTD,81151101914,158009504,17607665,5282300,2024-25
GAMMA INVESTMENTS HOLDCO PTY LTD,30635098690,257209340,34484636,10345391,2024-25
GAMUDA BERHAD,27632738768,288659956,35565135,10669540,2024-25
GAMUDA HOLDINGS PTY LTD,81665763020,2211256855,2540672,762202,2024-25
GARDEN CITY PLANTERS PTY. LTD.,28005295223,164594554,9282879,2784864,2024-25
GARDENLINE INTERNATIONAL PTY LTD,94606226420,111888653,7256894,2177068,2024-25
GARDNER AUTOS PTY LTD,36615971750,213715426,13250076,3975023,2024-25
GARMIN AUSTRALASIA PTY LIMITED,85129153448,338992849,10184391,3055317,2024-25
GARNET INTERNATIONAL RESOURCES PTY LTD,77081244715,227257289,40543362,12163009,2024-25
GARTNER AUSTRALASIA PTY LIMITED,69003708601,277570079,11471133,3441340,2024-25
GASMAK PTY LIMITED,71157730580,555118222,18642139,5592642,2024-25
GATE GOURMET (HOLDINGS) PTY LIMITED,59004122892,250902996,,,2024-25
GBG (AUSTRALIA) HOLDING PTY LTD,88168770152,128512758,17317532,4110900,2024-25
GCW HOLDINGS PTY LTD,90070345845,249737325,32400943,9720283,2024-25
GDI (EII) PTY LIMITED,96154766524,127995955,19245213,5773564,2024-25
GE GRID AUSTRALIA PTY LTD,91106900707,184724490,15429976,4628993,2024-25
GE HEALTHCARE AUSTRALIA PTY LIMITED,32001408402,456102430,32044898,9613469,2024-25
GE POWER AU HOLDINGS PTY LTD,29113566377,301534124,,,2024-25
GE POWER HOLDINGS AUSTRALIA PTY LTD,18143300985,739586653,14319807,4295942,2024-25
GEA PROCESS ENGINEERING PTY LTD,26000689618,168598451,12243439,3637673,2024-25
GEEMAZ HOLDINGS PTY LTD,39144787084,100867318,5193083,1557925,2024-25
GEETOY HOLDINGS PTY LTD,38144785017,150971504,9275860,2773009,2024-25
GEMFIRE PTY LTD,19056293684,122310448,,,2024-25
GEMLIFE GROUP LTD,30607629149,187313048,,,2024-25
GENERAL MILLS HOLDING (AUSTRALIA) PTY LTD,50095075808,375597798,15355733,4047484,2024-25
GENERAL MOTORS HOLDINGS AUSTRALIA PTY LTD,39603486844,1477939000,,,2024-25
GENERAL REINSURANCE AUSTRALIA LIMITED,16008427450,395253101,82794805,21090664,2024-25
GENERATION DEVELOPMENT GROUP LIMITED,90087334370,626830000,137705739,23020498,2024-25
GENERIC HEALTH PTY LTD,93110617859,121248256,25337408,7601222,2024-25
GENESIS MINERALS LTD,72124772041,930349972,,,2024-25
GENESISCARE AUSTRALIA HOLDINGS PTY LTD,65674439359,446554310,3105164,413708,2024-25
GENESYS CLOUD SERVICES PTY. LTD.,80077375887,193798712,11873865,3364430,2024-25
GENPACT AUSTRALIA PTY LTD,15616571423,225978340,19496509,5848953,2024-25
GENUITY PTY LTD,34128655096,289133653,,,2024-25
GENUSPLUS GROUP LIMITED,86620283561,755963335,61274391,18382317,2024-25
GEO GROUP AUSTRALASIA PTY LTD,79051914688,300377509,21348406,6404522,2024-25
GEOCON LAND HOLDINGS GROUP PTY LTD,27601912949,163588585,,,2024-25
GEODIS HOLDING AUSTRALIA PTY LTD,76001193193,491775477,15953255,4785976,2024-25
GEOFABRICS AUSTRALASIA PTY LTD,23005479961,304232709,16370838,4436889,2024-25
GEOFFREY NATHAN (AUSTRALIA) PTY LTD,66157867091,206406065,4031798,1209539,2024-25
GEORGE INSTITUTE VENTURES PTY LTD,83630416205,157802519,158156796,8287041,2024-25
GEORGIOU GROUP PTY LTD,82073851948,534425901,11618056,3485417,2024-25
GERALDTON FISHERMEN'S CO-OPERATIVE LTD,52425663385,395844043,,,2024-25
GERALDTON FUEL CO PTY LTD,29002844162,334935829,10570294,3171088,2024-25
GERARD PRIVATE HOLDINGS (NO2) PTY LTD,24103888491,147660673,,,2024-25
GET REAL FOODS PTY LIMITED,65601572472,607253060,14637010,4391103,2024-25
GETINGE AUSTRALIA PTY LIMITED,67009673518,114657425,5991103,1797331,2024-25
GHD GROUP LIMITED,32118062258,1527529444,232309087,63617629,2024-25
GHELLA PTY LTD,85142392461,636846378,,,2024-25
GIBSON'S LIMITED,23009476064,375579052,,,2024-25
GILBARCO AUSTRALIA PTY LTD,93000020799,282375698,929505,278852,2024-25
GILBERT TRADING PTY LTD,55622730885,104580278,4858993,1457698,2024-25
GILEAD SCIENCES PTY LTD,71072611708,359015355,29450394,3736509,2024-25
GILEAD SCIENCES YM AUSTRALIA PTY LTD,44162988249,2037425801,1275816898,381225563,2024-25
GILMAC PTY LTD,55059831926,176952404,16838276,5051483,2024-25
GIP CAPRICORN FINCO PTY LTD,41644564394,111641166,,,2024-25
GIP SHARON FINCO PTY LTD,79653997463,426316311,,,2024-25
GIPA GUERNSEY CO 1 LIMITED,20848114195,110171315,,,2024-25
GIVAUDAN AUSTRALIA PTY LIMITED,87000470280,168211932,6773187,2031956,2024-25
GLAD SECURITY PTY LTD,99122097590,181535068,2494321,748296,2024-25
GLASSHOUSE GROUP HOLDINGS PTY LTD,37655131561,950803346,,,2024-25
GLASSONS AUSTRALIA PTY LTD,15074774637,229894487,32899966,9869990,2024-25
GLAXOSMITHKLINE HOLDINGS PTY LTD,75000465878,1088879215,70601338,21180401,2024-25
GLEN DIMPLEX AUSTRALIA HOLDINGS PTY LIMITED,12609977728,121031354,645663,,2024-25
GLENCORE HOLDINGS PTY LIMITED,41104160689,1175762587,,,2024-25
GLENCORE INVESTMENT PTY LIMITED,67076513034,25216036478,3038531769,671076410,2024-25
GLENEAGLE SECURITIES (AUST) PTY LIMITED,58136930526,240808055,20194316,,2024-25
GLOBAL BLUE CURRENCY CHOICE AUSTRALIA PTY LTD,43092237968,113496550,5160386,,2024-25
GLOBAL CARS AUS HOLDINGS PTY LTD,50654160488,141228479,,,2024-25
GLOBAL DIVERSIFIED INFRASTRUCTURE FUND (ACTIVE),73751308908,309843939,,,2024-25
GLOBAL KNIGHTS PTY LTD,13650030872,598558038,1560452,468136,2024-25
GLOBAL MEDICS PTY LTD,61122582183,124514552,6241379,1872414,2024-25
GLOBAL PAYMENTS AUSTRALIA 1 PTY LTD,26601396543,162564374,37171655,7144290,2024-25
GLOBAL RETAIL BRANDS PTY LTD,15117041960,316009798,3210785,963236,2024-25
GLOBALIZATION PARTNERS PTY. LTD.,24609771146,103779198,916407,274922,2024-25
GLOBE INTERNATIONAL LIMITED,65007066033,115276182,8879815,2634291,2024-25
GLOBIRD ENERGY GROUP PTY LTD,35669085956,309743286,10965676,3289703,2024-25
GLOBUS MEDICAL AUSTRALIA PTY LIMITED,31152151098,420357464,35471179,9468453,2024-25
GLYNWED PACIFIC HOLDINGS PTY LTD,50008100703,606404265,4537391,1361217,2024-25
GMP PHARMACEUTICALS PTY LIMITED,80063353006,253964391,7527254,15430,2024-25
GO MARINE GROUP PTY LTD,13136337409,294550478,25485158,6677855,2024-25
GO SPECIALIST TRADE HOLDCO PTY LTD,61664087914,124929452,5593174,1677952,2024-25
GOLD AUSTRALIA (SA) PTY LTD,72641570309,125282030,2420511,726153,2024-25
GOLD DEALERS EXCHANGE PTY LTD,76611812536,136938964,3003583,901075,2024-25
GOLD FIELDS AUSTRALIA PTY LTD,91098385285,3819638959,1464343584,436968891,2024-25
GOLD ROAD RESOURCES LIMITED,13109289527,535063814,126931288,38079386,2024-25
GOLDEN COCKEREL PTY LTD,84009906432,407941185,,,2024-25
GOLDEN EGG PRODUCERS PTY LTD,34009761228,113125284,574077,172223,2024-25
GOLDEN M NSW PTY LTD,62674991345,763397775,,,2024-25
GOLDMAN SACHS HOLDINGS ANZ PTY LIMITED,27151154791,1457080016,160448660,47859622,2024-25
GOLDWIND AUSTRALIA PTY LIMITED,32140108390,931700165,,,2024-25
GOOD BEEF PTY LTD,93665232566,149637472,,,2024-25
GOOD DRINKS AUSTRALIA LIMITED,22103014320,121336838,,,2024-25
GOOD FOOD PARTNERS HOLDCO PTY LIMITED,47646575662,145792987,,,2024-25
GOOD GOODS HOLDINGS PTY LTD,,149109729,,,2024-25
GOODMAN LIMITED,69000123071,614717670,60117036,16507498,2024-25
GOODYEAR AUSTRALIA PTY LTD,75000017489,638045223,,,2024-25
GOOGLE AUSTRALIA PTY LIMITED,33102417032,2070359291,332141582,89523747,2024-25
GOOGLE CLOUD AUSTRALIA PTY LTD,68610798466,204923708,,,2024-25
GOTW PTY LTD,31000392727,2562832512,,,2024-25
GOVE ALUMINIUM FINANCE LINITED,45001860073,589270778,54837310,2351678,2024-25
GPC ASIA PACIFIC HOLDINGS PTY LTD,80162550978,3232079393,195249686,56756556,2024-25
GPC ELECTRONICS PTY LTD,56002088164,129591857,21439136,6431741,2024-25
GPT MANAGEMENT HOLDINGS LIMITED,67113510188,348412613,37004463,11101339,2024-25
GR ENGINEERING SERVICES LIMITED,12121542738,523952517,60357462,17960699,2024-25
GRAHAME COOK PLUMBING SUPPLIES SALES PTY LIMITED,11070592951,188246969,8652805,2595842,2024-25
GRAINCORP LIMITED,60057186035,7944051311,116070473,34698133,2024-25
GRAINTRANS PTY LTD,64083191977,103382533,5023295,1506988,2024-25
GRAMWEAV HOLDINGS PTY LTD,83162592243,147726649,9335147,2800544,2024-25
GRAND CENTRAL (AUSTRALIA) PTY. LIMITED,74054210061,100948962,19251771,5775531,2024-25
GRAND HOTEL COMPANY PTY LTD,51073486003,102127888,,,2024-25
GRAND MOTORS PTY LTD,86009763508,111912226,7103521,2131056,2024-25
GRANDTON APPLECROSS PTY LTD,52166508907,109591229,18380353,5514106,2024-25
GRANGE RESOURCES LIMITED,80009132405,538374872,25166788,5706559,2024-25
GRANGEHURST ENTERPRISES PTY LIMITED,18091454527,112886271,14131355,4238236,2024-25
GRANSOLAR CONSTRUCTION AUSTRALIA PTY LTD,71640607209,170107760,,,2024-25
GRANT THORNTON AUSTRALIA LIMITED,41127556389,396658446,103087893,30872167,2024-25
GRAPHIC PACKAGING INTERNATIONAL AUSTRALIA PTY LTD,22057776888,187264523,,,2024-25
GREAT LAKES INSURANCE (SE),18964580576,349666873,2814389,836748,2024-25
GREATLAND HOLDINGS GROUP PTY LTD,84662916752,1011753907,241854369,72556311,2024-25
GREEN ENDEAVOUR PTY LTD,49010144760,108050476,2199372,659812,2024-25
GREEN ENERGY TRADING PTY LTD,21128476406,131770835,3902355,1170706,2024-25
GREEN LEAVES HOLDCO PTY LTD,78655049120,264112374,28162478,8448743,2024-25
GREEN RV PTY LTD,56626792630,108124398,3604128,1081238,2024-25
GREENFIELDS DEVELOPMENT COMPANY NO. 2 PTY LTD,31133939965,190378110,1172287,351686,2024-25
GREENLAND HOLDCO PTY LTD,,152158082,2393775,718132,2024-25
GREENLIT BRANDS PTY LTD,21612890874,875855699,15878976,4703435,2024-25
GREENMOUNTAIN GROUP PTY LTD (CONSOLIDATED),51106325811,191508384,4635476,1390643,2024-25
GREENRIDGE PROPERTY HOLDINGS PTY LTD,,172369696,8520022,2556007,2024-25
GREENSTONE HOLDCO PTY LIMITED,38612810232,821314342,,,2024-25
GREGALA PTY LIMITED,88001294060,257125651,,,2024-25
GRESHAM PARTNERS LIMITED,61003248922,115506172,33881283,10027731,2024-25
GRIFFON AUSTRALIA HOLDINGS PTY LIMITED,35156377356,428053035,59893427,17953561,2024-25
GRIFOLS AUSTRALIA PTY LTD,35050104875,124501103,2752151,825645,2024-25
GRILL'D PTY LTD,17106297394,449326592,,,2024-25
GRINDING MEDIA PTY LTD,47615611759,349047436,,,2024-25
GRINDLEY CONSTRUCTION PTY LIMITED,42003586687,170720733,10438703,3131611,2024-25
GRIZZLY TOPCO PTY LTD,25665595184,111201807,9032724,,2024-25
GROCERY DELIVERY E-SERVICES AUSTRALIA PTY LTD,19155437620,962010132,,,2024-25
GROOTE EYLANDT MINING COMPANY PTY LTD,26004618491,737409992,,,2024-25
GROSNECCA AGRICULTURE HOLDINGS PTY LTD,70607142870,456024877,35744623,9254931,2024-25
GROSVENOR ENGINEERING GROUP PTY LTD,12003608795,274229257,1665975,56893,2024-25
GROWTHBUILT PTY LTD,43115132020,329060403,,,2024-25
GRUMA OCEANIA PTY LTD,35117976002,275984515,24760279,7428084,2024-25
GRUNDFOS AUSTRALIA HOLDING PTY LTD,31162450259,200007946,5151678,1545503,2024-25
GS COAL HOLDINGS PTY LTD,56166342427,1559865271,669617845,200620089,2024-25
GS GLOBAL AUSTRALIA PTY. LTD.,12003931548,119004521,1924688,577406,2024-25
GSA CAPITAL PTY LTD,41004948298,396077259,29156733,8189782,2024-25
GTN LIMITED,38606841801,101641742,4697637,1409291,2024-25
GTS FREIGHT MANAGEMENT PTY LTD,58007997604,129731649,,,2024-25
GUARDFORCE INVESTMENT HOLDINGS PTY LIMITED,46610494105,189141489,,,2024-25
GUARDIAN ALPHABET HOLDCO PTY LTD,54628455103,193048985,,,2024-25
GUARDIAN VAULTS HOLDINGS PTY LTD,53138618176,125194916,5673633,1702090,2024-25
GUCCI AUSTRALIA PTY LIMITED,49093354548,292250468,21406952,6422086,2024-25
GUIDERA O'CONNOR PTY LTD,71099012870,114937487,992834,297850,2024-25
GUILD GROUP HOLDINGS LIMITED,72060237774,411844843,44671693,12543388,2024-25
GULF WESTERN HOLDINGS PTY LTD,90670201822,117046896,4296849,1289055,2024-25
GUMTREE INDUSTRIAL SERVICES HOLDCO PTY LIMITED,70682579013,107578380,,,2024-25
GUNLAKE CONCRETE NSW PTY LTD,35606681850,241247674,9709204,2912761,2024-25
GUSTO AUS HOLDCO PTY LTD,22661078146,322416770,14490409,4347123,2024-25
GUZMAN Y GOMEZ LIMITED,25125554743,482620476,63084676,17961509,2024-25
GWA GROUP LIMITED,15055964380,356897313,60491117,16711124,2024-25
GWS AUTOMOTIVE GROUP PTY LTD,97161490759,259067539,3284021,983801,2024-25
H & K RESTAURANT SYSTEMS UNLIMITED COMPANY,88097969579,100903838,5570950,1671285,2024-25
H & M HENNES & MAURITZ PTY LTD,83160056548,360980245,7072742,2121823,2024-25
H A BENNETT & SONS PTY LTD,70007450811,134268536,6414680,1924404,2024-25
H P S TRANSPORT PTY LTD,84082807690,135078167,19645073,5893522,2024-25
H TROON PTY LTD,73120422755,192866165,6665650,1999695,2024-25
H&R BLOCK LIMITED,89064268800,144144996,18839073,5651722,2024-25
H.A. JACOB & SONS PROPRIETARY LIMITED,88004464411,207070260,7188652,2156596,2024-25
H.B. FULLER AUSTRALIA HOLDINGS PTY LTD,71677971818,103546296,19405633,5821690,2024-25
HABIT FINANCIAL SERVICES PTY LTD,59626521202,688705558,424,127,2024-25
HACER AUSTRALIA PTY LTD,90650862721,553222929,10343790,3103137,2024-25
HACHETTE AUSTRALIA PTY LIMITED,32000884855,117949700,12361762,3663904,2024-25
HAEUSLERS GROUP PTY LTD,72004735700,156279287,3429585,1028876,2024-25
HAFELE AUSTRALIA PTY LTD,51006021432,177268151,7994485,2398346,2024-25
HAGER ELECTRO PTY LTD,84061639576,139926533,6892188,2067656,2024-25
HALEON AUSTRALIA PTY LTD,68603310292,523330175,29055862,7916623,2024-25
HALL HOLDCO PTY LTD,83623029005,206926799,20353223,3648146,2024-25
HALLETT CONCRETE PTY. LTD.,46007955419,146760012,,,2024-25
HALLIBURTON CONSOLIDATED PTY LTD,67101049521,551931884,55564082,16599921,2024-25
HALLMARK HOMES PTY LTD,57007959524,139929425,16109009,4832703,2024-25
HAMILTON & MARINO HOLDINGS PTY LTD,72145812228,547179978,45442350,13632705,2024-25
HAMPTON TRANSPORT SERVICES PTY LTD,73008733060,139522736,33321714,9996514,2024-25
HANCOCK PROSPECTING PTY LTD,69008676417,5592710007,4253886830,582232298,2024-25
HANCOCK QUEENSLAND PLANTATIONS PTY LTD,30142129342,273243657,,,2024-25
HANCOCK VICTORIAN PLANTATIONS HOLDINGS PTY LIMITED,16084801178,331694097,,,2024-25
HANKINSON GROUP PTY LTD,57686500596,199353041,138398230,37831033,2024-25
HANKOOK TYRE AUSTRALIA PTY LTD,77082389704,101823923,,,2024-25
HANNOVER LIFE RE OF AUSTRALASIA LTD,37062395484,1396221122,,,2024-25
HANNOVER RUECK SE AUSTRALIAN BRANCH,88002927031,1370937563,399982408,115597430,2024-25
HAN'S HOLDING AUSTRALIA PTY LTD,35169498131,129822140,71516972,21455092,2024-25
HANSEN YUNCKEN AUSTRALIA PTY LTD,97666564683,987312604,,,2024-25
HANSHOW AUSTRALIA PTY LTD,67647233887,129440848,4045637,1213691,2024-25
HANSSEN PTY LTD,93058600427,123061814,2771010,659875,2024-25
HANWHA DEFENSE AUSTRALIA PTY LTD,76630335616,294801457,,,2024-25
HANWHA ENERGY AUSTRALIA PTY LTD,87624193068,172256571,,,2024-25
HARE & FORBES PTY LTD,96000286957,162234272,19705419,5906179,2024-25
HARFLO INVESTMENTS PTY LIMITED,94069795544,164125379,,,2024-25
HARLEY-DAVIDSON AUSTRALIA PTY LTD,83098483259,182425263,8532000,2556864,2024-25
HARRISON MOTORING GROUP PTY LTD,62005752269,218850415,5253101,1560894,2024-25
HARRY THE HIRER PTY LTD,78004959362,199945792,46072425,13821728,2024-25
HART HOLDINGS PTY LTD,87008612422,109800255,,,2024-25
HARVEST ROAD GROUP PTY LTD,31169138014,474256952,,,2024-25
HARVEY NORMAN HOLDINGS LTD,54003237545,1735059418,448994972,133454395,2024-25
HAS AUST PTY LTD,82002537895,121825748,177528,,2024-25
HASLIN CONSTRUCTIONS PTY LTD,85051102124,167690512,9936229,2976934,2024-25
HASSELL AUSTRALIA LIMITED,34128785080,117246499,8960132,2561124,2024-25
HATCHCOS HOLDINGS PTY LTD,35072620467,367173770,50183630,15055089,2024-25
HAVAL MOTORS AUSTRALIA PTY LTD,68166119795,1397838735,59492743,17847823,2024-25
HAVANESE PTY LTD,78629735075,108776419,8132795,2439838,2024-25
HAYS SPECIALIST RECRUITMENT (AUSTRALIA) PTY LTD,47001407281,2220058135,14810716,4303899,2024-25
HAZELL BROS (QLD) PTY LTD,46145228986,133721460,20276185,6082856,2024-25
HAZELL BROS GROUP PTY LTD,27088345804,219642739,4134000,1201577,2024-25
HB LAND PTY LTD,46637165498,309002715,53861137,16158341,2024-25
HBI HOLDINGS AUSTRALASIA PTY LTD,52612185476,1041018970,58686404,14626606,2024-25
HBT AUSTRALIA PTY LTD,68001253470,160389596,455499,136650,2024-25
HCA HOLDCO PTY LTD,30667753862,492296507,886136,265841,2024-25
HCF HOLDCO PTY LIMITED,53653844181,416230552,,,2024-25
HCL AUSTRALIA SERVICES PTY LTD,72081196983,617172740,27297943,8189383,2024-25
HDI GLOBAL SE AUSTRALIA BRANCH,55490279016,839637772,157948687,47384606,2024-25
HDI GLOBAL SPECIALTY SE AUSTRALIAN BRANCH,58129395544,674095697,21895891,5113512,2024-25
HDI SYD1 HOLDINGS PTY LIMITED,35138200049,125704531,15895485,4768646,2024-25
HEADLANDS TECHNOLOGIES AUSTRALIA LLC,17612184013,102058109,283777,85133,2024-25
HEALIUS LIMITED,24064530516,2211640837,,,2024-25
HEALTHCARE OPERATIONS SOLUTIONS HOLDCOPTY LTD,49650176024,106934469,26367640,7910292,2024-25
HEALTHDIRECT AUSTRALIA LTD,28118291044,206900767,,,2024-25
HEARTHEALTH HOLDCO PTY LIMITED,50659881562,157663254,,,2024-25
HEARTLAND BANK AUSTRALIA LIMITED,54087651750,182933731,41063533,12319060,2024-25
HEARTLAND GROUP PTY LIMITED,96001235392,326401633,5966992,1369715,2024-25
HEARTS AND MINDS INVESTMENTS LIMITED,61628753220,524743275,27995618,7876999,2024-25
HEAT AND CONTROL PTY. LTD.,82009742803,426351920,25719355,7394168,2024-25
HEIDELBERG MATERIALS AUSTRALIA GROUP HOLDINGS PTY LTD,48090994657,2462779125,236398270,52282739,2024-25
HEINEMANN OCEANIA PTY LTD,36159521338,397141371,,,2024-25
HELIA GROUP LIMITED,72154890730,572533911,330842573,96738781,2024-25
HELIX OFFSHORE ENERGY SERVICES (AUSTRALIA) PTY LTD,13647986114,206465743,1751714,525514,2024-25
HELLMANN WORLDWIDE LOGISTICS PTY LTD,13003199755,188066515,,,2024-25
HELLO MOLLY PTY LTD,91158264076,139681760,35127015,10536868,2024-25
HELLOWORLD TRAVEL LIMITED,60091214998,165084103,49041685,11442391,2024-25
HEMMES GROUP PTY LTD,53105332376,637074939,9506180,2851854,2024-25
HEMPEL NEWCO (AUSTRALIA) PTY LTD,98647861345,259958210,,,2024-25
HENDRICKSON ASIA PACIFIC PTY LTD,21004992769,139964462,21931726,6358844,2024-25
HENKEL FINANCE AUSTRALIA,15740196765,544890115,57589637,17276099,2024-25
HENLEY PROPERTIES (QLD) PTY LTD,42068886000,446217421,44429419,13328826,2024-25
HENNING HARDERS HOLDINGS PTY LTD,53617634367,156972210,6841309,2039544,2024-25
HENRY HAYMES PTY LTD,14004201638,186032189,11573640,2901220,2024-25
HEP AUSTRALIA HOLDINGS PTY LTD,22129428155,274577143,38847023,11293058,2024-25
HERITAGE AND PEOPLE'S CHOICE LIMITED,11087651125,1420950310,99378662,26055696,2024-25
HERITAGE HOLDINGS (AUSTRALIA) PTY LTD,34618848936,159237671,14225965,4267790,2024-25
HERMES AUSTRALIA PTY LTD,88003558085,579800077,179302214,53790664,2024-25
HERMITAGE BUILDING GROUP PTY LTD,79150694572,123536592,4758486,1427546,2024-25
HERTZ INVESTMENT (HOLDINGS) PTY LTD,,552028714,229630040,68889012,2024-25
HESTIA HOLDCO PTY LIMITED,94671594764,182044516,21257693,6377308,2024-25
HEWITT FOODS PTY LTD,37158956864,145754158,5673936,1702181,2024-25
HEXION PTY LTD,32004271827,171964989,10694866,1875337,2024-25
HEYTESBURY HOLDING COMPANY PTY LTD,47009218133,130155847,10939695,3253840,2024-25
HG HOLDCO PTY LTD,20603088606,567268282,39981475,11994442,2024-25
HIAB AUSTRALIA PTY LTD,72097663431,106071799,,,2024-25
HIBBARDS PTY LTD,22057895020,104530686,2157221,647166,2024-25
HICKORY GROUP HOLDINGS LIMITED,11617050914,699387294,,,2024-25
HIGH DENSITY CIVIL PTY LIMITED,87168606586,122608476,13695458,4108637,2024-25
HIGHBROOK HOLDINGS PTY LTD,32157828058,413884650,25697865,6507743,2024-25
HIGHLAND AUTOS PTY LTD,13121604297,169181048,8913869,2674161,2024-25
HILDITCH PTY LTD,47005669161,190739000,7712987,2313896,2024-25
HILLGROVE RESOURCES LIMITED,73004297116,120460070,,,2024-25
HILLS PET NUTRITION PTY LIMITED,86003954550,180210819,7528384,2258515,2024-25
HILLS TANKERS PTY LTD,17065209707,106816309,4945695,1483708,2024-25
HILLSIDE (AUSTRALIA NEW MEDIA) PTY LIMITED,75148920665,295787352,,,2024-25
HILLSIDE MEAT PROCESSORS PTY LTD,46159963729,118180279,557509,167253,2024-25
HILT AGRICULTURE 1 PTY LIMITED,33628220913,178322189,,,2024-25
HILTI (AUST.) PTY. LTD.,44007602100,210482345,8034441,2410332,2024-25
HILTON FOODS AUSTRALIA PTY LTD,60613035500,2508890026,45506086,13651826,2024-25
HINDMARSH CONSTRUCTION AUSTRALIA PTY LTD,15126578176,434796725,,,2024-25
HINO MOTOR SALES AUSTRALIA PTY LTD,74064989724,538531304,18517596,5555279,2024-25
HINTERLAND MOTORS PTY LTD,12010478341,243597501,12817434,3768087,2024-25
HIREUP PTY LTD,32600120787,242701371,4426460,,2024-25
HISENSE AUSTRALIA PTY LTD,55105022080,536625726,18300290,5490087,2024-25
HITACHI AUSTRALIA PTY LTD,34075381332,185438916,10638791,2802758,2024-25
HITACHI CONSTRUCTION MACHINERY (AUSTRALIA) PTY LTD,62000080179,1789428848,301675103,87833901,2024-25
HITACHI CONSTRUCTION MACHINERY OCEANIA HOLDINGS PTY LTD,94632744275,942552572,252200331,20410504,2024-25
HITACHI ENERGY AUSTRALIA HOLDINGS PTY LTD,11632805862,301322590,,,2024-25
HITACHI RAIL STS AUSTRALIA PTY LTD,34068707380,294786801,41376340,11956550,2024-25
HI-TEC OIL TRADERS PTY LIMITED,28053837362,105516677,4806772,1441961,2024-25
HLRS HOLDCO PTY LTD,32628433134,148384081,,,2024-25
HM CONSOLIDATED PTY LTD,65168632791,118338061,,,2024-25
HMA INTERNATIONAL LTD,91615451502,117093862,15994096,4798229,2024-25
HMC DIGITAL INFRASTRUCTURE LTD,64682024924,107981717,,,2024-25
HOBSON ENGINEERING CO PTY LTD,38000289958,154163609,13605092,4081528,2024-25
HOCHTIEF AUSTRALIA HOLDINGS LIMITED,17103181675,6986582763,61458071,,2024-25
HOFMANN ENGINEERING PTY LTD,39114806969,242780525,57797661,8171670,2024-25
HOLCIM PARTICIPATIONS (AUSTRALIA) PTY LTD,46122401405,2331987755,168094632,45349819,2024-25
HOLDCO HOLDINGS PTY LTD,77065295016,214488591,22946680,6543290,2024-25
HOLDINGS CONSOLIDATED PTY LTD,46620501644,178476390,511056,153317,2024-25
HOLLAND COMMODITIES INTERNATIONAL PTY LTD,52067057096,170812599,24151520,7245456,2024-25
HOLLARD HOLDINGS AUSTRALIA PTY LTD,30154586802,4364773102,212994522,61552243,2024-25
HOLOGIC (AUSTRALIA & NEW ZEALAND) PTY LIMITED,95079821275,109855370,1737681,521304,2024-25
HOME CARE HOLDING ANZ PTY LTD,41654622974,162050280,9937603,2981281,2024-25
HOME GROUP WA PTY LTD,21603963864,319326037,32787571,9836271,2024-25
HOMECORP CONSTRUCTIONS PTY LTD,27169928205,197386139,29918526,8975558,2024-25
HOMETOWN AUSTRALIA HOLDINGS PTY LTD,35614528746,158120637,20881593,6264478,2024-25
HONDA AUSTRALIA MOTORCYCLE AND POWER EQUIPMENT PTY LTD,96006662862,308312417,15025718,4444682,2024-25
HONDA AUSTRALIA PTY LTD,66004759611,633944379,7865958,352219,2024-25
HONEYCOMBES SALES & SERVICE PTY LTD,54011002556,110726214,2323715,697114,2024-25
HONEYWELL HOLDINGS PTY LTD,18000383764,1043875311,176752186,50033892,2024-25
HONG. AUSTRALIA CORPORATION PTY LTD,16000307540,137686837,6187283,1856185,2024-25
HOOGWEGT AUSTRALIA PTY LTD,30075457902,469064985,4970415,1491124,2024-25
HOPE DOWNS MARKETING COMPANY PTY LTD,58115712117,6405710648,,,2024-25
HOPE TRADING COMPANY PTY LTD,12645591797,133095430,3837494,1151248,2024-25
HORIZON ROADS PTY LTD,67152097875,417910054,,,2024-25
HOSPITALITY INDUSTRY INSURANCE LIMITED,34124091470,187246112,12758027,3772556,2024-25
HOUMA HOLDINGS PTY LTD,44002590758,358315376,10890655,2220844,2024-25
HOWDEN AUSTRALIA PTY LTD,15004265276,172041823,12629020,3585566,2024-25
HOWE AUTOMOTIVE LIMITED,43061589188,183602838,32228845,7087266,2024-25
HPE FINANCIAL SERVICES (AUSTRALIA) PTY LTD,86082062413,157705166,28887370,8666211,2024-25
HPX GROUP PTY LTD,81621014515,145899960,28799232,8637578,2024-25
HSBC AUSTRALIA HOLDINGS PTY LIMITED,22006513873,3182089812,605992722,181797817,2024-25
HT HOLDCO PTY LTD,30645356903,224873675,168912,,2024-25
HT1 PTY LTD,83644551100,127301373,,,2024-25
HUA NAN COMMERCIAL BANK LTD,54138221637,113323687,20720308,6216092,2024-25
HUB24 LIMITED,87124891685,414526410,97394959,18535544,2024-25
HUBSPOT AUSTRALIA PTY LTD,33169157911,197356218,10752923,3210842,2024-25
HUDSON HIGHLAND (APAC) PTY LIMITED,14074319396,292696292,,,2024-25
HUDSON RPO (AUST) PTY LTD,29622996918,107000871,,,2024-25
HUGO BOSS HOLDINGS PTY LTD,46007118667,114241394,1341961,402588,2024-25
HUHTAMAKI HOLDINGS PTY LIMITED,13003519257,292704156,9228796,2768639,2024-25
HUME BANK LTD,85051868556,116360663,15108255,4532476,2024-25
HUME DOORS & TIMBER (AUST) PTY LTD,39001472493,160263870,22776689,6712226,2024-25
HUME DOORS & TIMBER (QLD) PTY LTD,25009994996,134313754,36534259,10907198,2024-25
HUME DOORS & TIMBER (VIC) PTY LTD,87006329906,108040806,11795384,3538615,2024-25
HUMM GROUP LIMITED,75122574583,540582075,9390783,,2024-25
HUNO GROUP PTY LTD,85669710669,263478487,116557818,34430855,2024-25
HUNTER DOUGLAS HOLDINGS PTY LIMITED,47000238451,139847343,,,2024-25
HUNTER MASON (NSW) PTY LTD,22656817131,132644301,3053991,916197,2024-25
HUNTER VALLEY ENERGY COAL PTY LTD,39062894464,2653799151,39876659,11962997,2024-25
HUNTERMOTIVE PTY LTD,24003247514,154081722,,,2024-25
HURFORD WHOLESALE PTY LTD,87009657845,106492033,2816024,702187,2024-25
HUSQVARNA AUSTRALIA PTY LIMITED,45115475619,209799345,1881938,564581,2024-25
HUTCHEON & PEARCE OPERATIONS PTY LIMITED,68169674033,557200065,11267039,3380112,2024-25
HUTCHISON PORTS AUSTRALIA PTY LIMITED,27126649947,136078306,,,2024-25
HVAC CONSOLIDATED PTY LTD,26162828971,125435090,1022523,306757,2024-25
HVO SERVICES PTY LTD,97622522445,194744160,,,2024-25
HWG HOLDINGS PTY LTD,65115398322,1194009220,173110930,51824934,2024-25
HWR PETROLEUM PTY LTD,31621081990,961902369,12248687,3674606,2024-25
HX CONSOLIDATED PTY LTD,96658243095,100140437,28051970,8415591,2024-25
HYDRA RL TOPCO PTY LTD,36635012323,1664121921,,,2024-25
HYDRO ALUMINIUM AUSTRALIA PTY LTD,42001872215,298704663,,,2024-25
HYG HOLDCO PTY LIMITED,81622657729,108035728,11721183,3516355,2024-25
HYPERION HOLDINGS LIMITED,87109308894,174536950,151575656,45472697,2024-25
HYPNOS GROUP INVESTMENTS HOLDINGS PTY LTD,15667386870,136454912,17688935,4806549,2024-25
HYUNDAI MOTOR COMPANY AUSTRALIA PTY LTD,58008995588,3124851403,91691502,27507451,2024-25
IAN WEIGH MOTORS PTY LTD & WEIGH PROPERTY INVESTMENTS PTY LTD,90148491233,176053603,10033326,2969382,2024-25
IBERDROLA AUSTRALIA LIMITED,39105051616,808372705,1,,2024-25
IBM A/NZ HOLDINGS PTY LIMITED,12105319248,2064115912,58536296,10726639,2024-25
ICHTHYS LNG PTY LTD,42150217299,9680295658,,,2024-25
ICI INDUSTRIES PTY LTD,55121214417,117122085,2779601,833880,2024-25
IDEMITSU AUSTRALIA PTY LTD,45010236272,1788342407,668902181,195752145,2024-25
IDEXX LABORATORIES PTY LTD,31063154352,160575888,8365760,2509728,2024-25
IDP EDUCATION LIMITED,59117676463,746518963,68496063,,2024-25
IFC GLOBAL LOGISTICS PTY LTD,23051694074,107560896,3958389,1187517,2024-25
IFF AUSTRALIA HOLDINGS PTY LTD,78098655335,177209875,12565965,3769790,2024-25
IFM SOCIAL INFRASTRUCTURE HOLDING TRUST,40337513753,282209997,82175947,22102784,2024-25
IGNITION TOPCO PTY LTD,86661447847,102744475,,,2024-25
IGO LIMITED,46092786304,527915165,,,2024-25
IGT (AUSTRALIA) PTY LTD,65002904690,131564048,2910163,699526,2024-25
IIF CAIRNS MACKAY INVESTMENT LIMITED,,218820242,22045092,6613528,2024-25
IKEA PTY LTD,84006270757,1779467984,176763734,53029120,2024-25
ILLIAD PTY LTD,47009070777,116248161,,,2024-25
ILLUMINA AUSTRALIA PTY LTD,97130775932,144532346,7672001,2301600,2024-25
ILS HOLDCO PTY LTD,70639523452,177964409,,,2024-25
ILUKA RESOURCES LTD,34008675018,1210561456,485001117,124867379,2024-25
IMAGE HOLDCO PTY LIMITED,18623028740,1309242112,75748023,20312577,2024-25
IMAGING ASSOCIATES AUSTRALIA PTY LTD,20653117009,113902127,4613538,1384061,2024-25
IMAXEON PTY LTD,93093950906,130704022,14584793,909106,2024-25
IMB LTD,92087651974,568910979,59193121,17722790,2024-25
IMC PACIFIC HOLDINGS PTY LTD,83099273819,582493983,119324079,31735896,2024-25
IMCD AUSTRALASIA INVESTMENTS PTY LIMITED,89149016222,348824979,20167750,6034304,2024-25
IMDEX LTD,78008947813,387810776,59936384,,2024-25
IMMER (NO 141) PTY LTD,17002617745,1579271203,244030011,70208817,2024-25
IMPERIAL SQUARE PTY LTD,63614375334,125830413,2663891,799167,2024-25
IMPERIAL TOBACCO AUSTRALIA LIMITED,46088148681,2409887117,21325981,6397794,2024-25
INCAT HOLDINGS LIMITED,50128645885,141840497,6317711,,2024-25
INCHCAPE AUSTRALIA LIMITED,50050035277,1169396160,172282212,474137,2024-25
INCHURCH AUTOMOTIVE PTY LTD,74137048474,329111472,8823703,2647111,2024-25
INCOMM AUSTRALIA & NEW ZEALAND PTY LTD,31125567357,205397098,,,2024-25
INDARA CORPORATION PTY LTD,59643875165,464684467,,,2024-25
INDITEX AUSTRALIA PTY LTD,64089376349,403348427,40473295,12141988,2024-25
INDORAMA VENTURES HOLDINGS PTY LTD,13635578960,104279749,,,2024-25
INDUE LIMITED,97087822464,134611197,6712584,2013775,2024-25
INDUSTRIAL AND COMMERCIAL BANK OF CHINA LIMITED,57086866506,2944220050,292329459,87657493,2024-25
INDUSTRIAL FOOD SERVICES PTY LTD,55102805185,118323778,13633291,4089987,2024-25
INDUSTRIAL LIGHT AND MAGIC (AUSTRALIA) PTY. LIMITED,46145485767,163722991,27416969,8225091,2024-25
INDUSTRIE CLOTHING PTY LIMITED,64087743762,166563877,43281057,12984317,2024-25
INDUSTRY SUPER HOLDINGS PTY LTD,71119748060,1491048725,,,2024-25
INFINITE AUSTRALIA AGED CARE HOLDINGS PTY LTD,75621313826,328622646,25726166,7599380,2024-25
INFINITE UNIVERSAL TRAVEL SERVICE PTY,72659306091,122978147,498166,149450,2024-25
INFINITY CONSTRUCTIONS GROUP PTY LTD,95111941792,159083337,16408692,4922608,2024-25
INFINITY GROUP COACHING PTY LTD,88636078656,130073925,74842420,22452726,2024-25
INFO MANAGEMENT SERVICES PTY LTD,88119821457,427628673,43688369,12855882,2024-25
INFOCUS WEALTH MANAGEMENT LTD,28103551015,113287729,223460,,2024-25
INFOMEDIA LTD,63003326243,138726738,45574679,8158766,2024-25
INFOR (ANZ HOLDINGS) PTY LIMITED,45160838433,142440354,19491770,5616668,2024-25
INFOSYS TECHNOLOGIES LIMITED,52090591209,740884678,55832810,16749843,2024-25
INFOTRUST LIMITED,73089224402,102537638,,,2024-25
ING AUSTRALIA HOLDINGS LIMITED,27008459596,6419231278,875516863,262655059,2024-25
ING BANK NV (SYDNEY BRANCH),32080178196,873834882,,,2024-25
INGENIA COMMUNITIES HOLDINGS LIMITED,92154444925,273184624,692514,207754,2024-25
INGENIA COMMUNITIES MANAGEMENT TRUST,99296784351,432323146,,,2024-25
INGENICO INTERNATIONAL (PACIFIC) PTY LTD,46003211514,143119758,4633230,887187,2024-25
INGETEAM AUSTRALIA PTY LTD,51166870168,120349658,4199032,1259710,2024-25
INGHAMS GROUP LIMITED,39162709506,3135616159,97206598,27891832,2024-25
INGRAM MICRO HOLDINGS (AUSTRALIA) PTY LTD,12112487322,2153322786,50423954,15127186,2024-25
INMARSAT AUSTRALIA PTY LIMITED,19090853080,115076322,,,2024-25
INNEVISION TECHNOLOGY AUSTRALIA PTY. LTD.,42609696782,172332279,13736773,4121032,2024-25
INNOMOTICS PTY LTD,90656995701,102017774,18726163,5617849,2024-25
INNOVATION HOLDINGS AUSTRALIA PTY LTD,30617998866,353073826,6034591,1810377,2024-25
INPEX ALPHA LTD,34003730756,220507867,27895518,5969503,2024-25
INPEX AUSTRALIA PTY LTD,79134715254,548122113,6290406,1735910,2024-25
INPEX HOLDINGS AUSTRALIA PTY LTD,61150217315,6414923017,1980895990,566641957,2024-25
INSIGHT AUSTRALIA HOLDINGS PTY LIMITED,24073091406,245532325,27374316,8212295,2024-25
INSIGNIA FINANCIAL LTD,49100103722,1562390162,,,2024-25
INSITUGROUP HOLDINGS PTY LTD,37617611551,123870390,5208413,1562524,2024-25
INSPIRING VACATIONS PTY LTD,22623610711,138050290,,,2024-25
INSURANCE AUSTRALIA GROUP LIMITED,60090739923,17776762273,604242835,,2024-25
INSURANCE AUSTRALIA LTD AAF NON RESIDENT REINSURERS,,333053044,333053044,99915913,2024-25
INSURANCE BUILDING AUSTRALIA HOLDINGS PTY LTD.,44661804879,303430853,5303286,1590986,2024-25
INSURANCE MANUFACTURERS OF AUSTRALIA PTY LIMITED,93004208084,6472811303,780796716,232611843,2024-25
INTEGRAL DIAGNOSTICS LIMITED,55130832816,575469541,18608589,5013040,2024-25
INTEGRATED FOODS HOLDINGS PTY LTD,42603619692,3405756229,265932514,15494040,2024-25
INTEGRATED TECHNOLOGY SERVICES PTY LTD,53079514917,121818851,,,2024-25
INTEN INVESTMENTS PTY LIMITED,82108733713,114166942,6440063,1932019,2024-25
INTER AGRI GROUP PTY LTD,58103191126,106822405,3798839,1139652,2024-25
INTERACTIVE BROKERS AUSTRALIA PTY LTD,98166929568,214257762,36064813,10819444,2024-25
INTERACTIVE PTY. LIMITED,17088952023,252855785,4452083,1335625,2024-25
INTERFACE AUST HOLDINGS PTY LIMITED,68074804381,112265177,2909916,872975,2024-25
INTERIORCO PTY LIMITED,76128905564,213908516,2627797,,2024-25
INTERNATIONAL BRANDS (AUST) PTY LTD,64609374852,110787944,4972554,1491766,2024-25
INTERNATIONAL CARGO EXPRESS PTY. LIMITED,54003500347,123604454,3960825,1188248,2024-25
INTERNATIONAL LIVESTOCK EXPORT PTY LTD,54009400846,240585727,8051317,2415395,2024-25
INTERNATIONAL POWER (AUSTRALIA) HOLDINGS PTY LTD,70105041209,1937539858,30972,,2024-25
INTERNET SERVICES AUSTRALIA 1 PTY LTD,50152631082,591673811,,,2024-25
INTERPUBLIC AUSTRALIA HOLDINGS PTY LTD,20140379335,211513994,36504997,10944054,2024-25
INTERSNACK ANZ PTY LTD,52634501349,575899560,24474922,7326543,2024-25
INTERTEK AUSTRALIA HOLDINGS PTY LTD,74124892879,315618166,14386081,,2024-25
INTESA SANPAOLO SPA,46156153829,172838625,32891267,9867380,2024-25
INTRACT AUSTRALIA PTY LTD,32164014368,135948954,4469232,1340770,2024-25
INTREPID GROUP LIMITED,30131952513,603308160,,,2024-25
INVESTA 140E DEVCO PTY LTD,95679698036,111774340,1347,404,2024-25
IOR TERMINAL HOLDINGS PTY LTD,88667095187,1454195330,,,2024-25
IPD GROUP LTD,12111178351,380329006,36780486,11034146,2024-25
IPH LIMITED,49169015838,350564231,41970459,11110747,2024-25
IPIC HOLDINGS LIMITED,16610708695,105597835,,,2024-25
IPSEN PTY LTD,47095036909,114408015,5079245,1523774,2024-25
IQUMULATE PREMIUM FUNDING PTY LTD,82127517677,107899408,11487388,3446216,2024-25
IQVIA SOLUTIONS AUSTRALIA HOLDINGS PTY LTD,42104475363,370990087,69285411,3010480,2024-25
IRELAND BROWN CONSTRUCTIONS PTY LTD,69111715621,138890100,6827506,2048252,2024-25
IREN LIMITED,60629842799,910040970,5211745,,2024-25
IRESS LIMITED,47060313359,420777684,45403775,6053538,2024-25
IRI (APAC HOLDINGS) PTY LTD,13165572761,155549773,15957049,2225347,2024-25
IRON MOUNTAIN ACQUISITION HOLDINGS PTY LTD,20608590521,288712037,31498799,9431211,2024-25
IRONBARK INVESTMENT PARTNERS PTY LTD,,207903364,27925991,6412933,2024-25
IRONMAN 4X4 IP PTY LTD,54152677793,108318402,15870023,,2024-25
IRONSIDE CONSTRUCTION PTY LTD,71606670277,218403497,3832989,1149897,2024-25
ISIS CENTRAL SUGAR MILL COMPANY LTD,99009657078,133452780,,,2024-25
ISPT FINANCE PTY LTD,47632254829,123532778,,,2024-25
ISUZU AUSTRALIA LIMITED,97006962572,1268680400,75772217,22731125,2024-25
ISUZU UTE AUSTRALIA PTY LTD,80129563739,1998435368,151310441,45393132,2024-25
ITI (HOLDCO) PTY LTD,60627628120,468871637,19580849,5874255,2024-25
ITOCHU AUSTRALIA LIMITED,63000192790,4345014374,1949572540,386996924,2024-25
ITR PACIFIC PTY. LTD.,75122293065,100271400,14918781,4475634,2024-25
IT'S FRESH PTY LTD,83155253259,129075569,15604030,4681209,2024-25
ITV STUDIOS AUSTRALIA PTY LTD,91088957706,180022272,,,2024-25
IVE GROUP LIMITED,62606252644,937942406,78412072,23523622,2024-25
IVECO TRUCKS AUSTRALIA PTY LTD,86004065061,328623264,21020880,6024204,2024-25
IVF PHARMACY SERVICES PTY LIMITED,39163823256,102562747,,,2024-25
IWATANI AUSTRALIA PTY LTD,85008902841,174248521,24695807,7408742,2024-25
IX INFRASTRUCTURE PTY LTD,78629750401,1237187313,54699717,15633083,2024-25
J & V MCGRATH HOLDINGS PTY LTD,81122411778,160186353,,,2024-25
J HUTCHINSON PTY LTD,52009778330,3360409811,105594066,31656472,2024-25
J RAY MCDERMOTT (AUST) HOLDING PTY LTD,22002797668,1470849237,61146176,18343853,2024-25
J.C.D. AUSTRALIA PTY LTD,49002017209,154432983,59357157,17807147,2024-25
J.J. RICHARDS & SONS PTY LTD,40000805425,1566316029,275572516,61217770,2024-25
J.K. WILLIAMS HOLDINGS PTY LIMITED,58084225883,208935029,19434014,3794416,2024-25
J.P. MORGAN AUSTRALIA GROUP PTY LIMITED,54104888155,1520104778,257039444,76860677,2024-25
JA SOLAR AUSTRALIA PTY LTD,68164221005,242050877,7925016,2377505,2024-25
JACKAROO PTY. LIMITED,33010741232,134587620,24937606,6984113,2024-25
JACOBS GROUP INVESTMENTS AUSTRALIA PTY LTD,15008817061,776421112,34266353,5303900,2024-25
JADESTONE ENERGY (AUSTRALIA) PTY LTD,48613671819,632699550,1217926,,2024-25
JAGGARDS PTY LIMITED,15613822709,166384061,2268503,680551,2024-25
JAGUAR LAND ROVER AUSTRALIA PTY LTD,86004352238,1140906916,103322405,30386895,2024-25
JAMES HARDIE RESEARCH (HOLDINGS) PTY LIMITED,51082944821,738216796,,,2024-25
JAN DE NUL (AUSTRALIA) PTY. LTD,22011070474,144890439,9896984,2969095,2024-25
JANART HOLDINGS PTY LTD,13092037262,363337591,5200047,1559769,2024-25
JANDS PTY LTD,45001187837,102288187,3460401,1038120,2024-25
JANGHO HEALTH CARE AUSTRALIA PTY LTD,90608040802,162645315,1749861,524958,2024-25
JAPAN ALUMINA ASSOCIATES (AUSTRALIA) PTY LTD,42008907524,277829762,59436307,17219497,2024-25
JAPAN AUSTRALIA LNG (MIMI) PTY LTD,18006303180,1812293094,869468335,259597028,2024-25
JAQUES INTERNATIONAL HOLDING PTY LIMITED,57004075978,335561687,47630852,13267882,2024-25
JARDEN AUSTRALIA HOLDINGS PTY LTD,31608611614,143742520,,,2024-25
JAS FORWARDING WORLDWIDE PTY LIMITED,23101573479,150640979,436620,130986,2024-25
JASON WINDOWS PTY LTD,86060974138,117727255,23278621,6983586,2024-25
JAYCAR PTY LTD,65000087936,208244419,,,2024-25
JB HI-FI LIMITED,80093220136,9982051119,709369415,212810722,2024-25
JB METROPOLITAN DISTRIBUTORS PTY LTD,72088821023,213210871,7304741,2187311,2024-25
JB TOPCO PTY LTD,14656565249,432860331,7850874,2355262,2024-25
JBS GLOBAL MEAT HOLDINGS PTY LTD,84050207960,4845444635,,,2024-25
JBS&G AUSTRALIA PTY LTD,62100220479,102372558,19004999,5701500,2024-25
JBX PTY LTD,52134120139,371818585,132199693,39659908,2024-25
JCDECAUX AUSTRALIA HOLDINGS PTY LTD,50627855323,465362619,,,2024-25
JD SPORTS FASHION HOLDINGS AUSTRALIA PTY LIMITED,15614248332,640216931,75652665,22695800,2024-25
JEFFERIES (AUSTRALIA) PTY LIMITED,76623059898,148071957,9964426,2989328,2024-25
JEFFERSON FORD PTY LTD,27005620897,128643896,19335169,4162766,2024-25
JELLINBAH GROUP PTY LTD,54010754793,2482186545,874881981,262123846,2024-25
JERA AUSTRALIA PTY LTD,68140147048,207103076,18334879,3825596,2024-25
JET AVIATION AUSTRALIA PTY LTD,94001540316,290348740,22998152,6883101,2024-25
JETBEST PTY LTD,17009709317,136913517,3651609,1048309,2024-25
JEWELARK HOLDINGS PTY LTD,39655934302,123413410,21894247,6567945,2024-25
JFC AUSTRALIA CO PTY LTD,36003080260,310109407,11665181,3499554,2024-25
JFE STEEL AUSTRALIA RESOURCES PTY LTD,77113447064,117089775,28163104,2818427,2024-25
JG KING BUILDING GROUP PTY LTD,38142687554,233785015,,,2024-25
JINKO SOLAR AUSTRALIA HOLDINGS CO. LTD,93154662889,107446703,5642666,1692800,2024-25
JJG AUTO HOLDINGS PTY LTD,63646792814,190769469,2656311,796893,2024-25
JK INTERNATIONAL PTY LTD,49010127750,891348408,3655362,1096609,2024-25
JK MILLING PTY LTD,64084343733,169604599,721013,216304,2024-25
JLG ANZ PTY LIMITED,72663367495,126581934,6878132,2063440,2024-25
JMC AUTOMOTIVE GROUP PTY LTD,83009479190,383417797,9257596,2777279,2024-25
JOEY HOLDCO PTY LTD,37658985276,114576710,,,2024-25
JOHN COTTON AUSTRALIA PTY LTD,63616432734,108322049,3216306,964892,2024-25
JOHN DEERE FINANCIAL LIMITED,55078714646,233566611,51230762,15164774,2024-25
JOHN SWIRE & SONS (AUSTRALIA) PTY LTD,54118028774,166003212,,,2024-25
JOHNSON & JOHNSON (AUSTRALIA) PTY LTD,36658579456,1398997797,91785068,16683947,2024-25
JOHNSON AND JOHNSON PTY LTD,29000023709,572172011,40176674,12053002,2024-25
JOHNSON CONTROLS HOLDING AUSTRALIA PTY LTD,86102631158,630478498,38514857,9506090,2024-25
JOLIMONT DEVELOPMENT FINANCE PTY LTD,94094356779,1503778754,131557470,27408364,2024-25
JORD INTERNATIONAL PTY LIMITED,42102636215,195903242,51749225,15451002,2024-25
JOURNEY EARLY LEARNING AUSTRALIA PTY LTD,88655964551,132117158,19834946,5950484,2024-25
JOVAL WINES PTY LTD,80004564069,214575920,11573968,3472190,2024-25
JOWETT MOTOR GROUP HOLDING CO PTY LTD,54639117570,681237143,3149218,944765,2024-25
JOY GLOBAL AUSTRALIA HOLDING COMPANY PTY LTD,70059870058,613243666,41630510,12238396,2024-25
JPH1 PTY LTD,99101619596,171276411,,,2024-25
"JPMORGAN CHASE BANK, NATIONAL ASSOCIATION",43074112011,1612874648,169000779,50700234,2024-25
J-POWER AUSTRALIA PTY. LTD.,59002307682,762343449,300018565,90005570,2024-25
JUDO CAPITAL HOLDINGS LIMITED,71612862727,1074332387,138250387,41475116,2024-25
JUMBO INTERACTIVE LIMITED,66009189128,120834120,51580756,15474227,2024-25
JUNGHEINRICH AUSTRALIA HOLDINGS PTY LTD,28608769642,134862078,,,2024-25
JUNIPER NETWORKS AUSTRALIA PTY LIMITED,36091016312,207856662,10433110,3129933,2024-25
JUREMONT PTY LTD,93007139933,141296876,16052861,4815858,2024-25
JUST EAT (ACQUISITIONS) PTY LIMITED,52605645547,262887537,,,2024-25
JWH GROUP PTY LTD,84098664709,458213380,22018752,6605626,2024-25
K LINE AUTO LOGISTICS PTY LTD,35140106341,424324338,28419627,8525888,2024-25
K&S CORPORATION LIMITED,67007561837,732131330,36718584,11015575,2024-25
K.A.P MOTORS PTY LTD,35009645845,122775666,3232812,541273,2024-25
K.S. & C.A. HUNT & SON PTY. LTD.,34007993446,178700895,3165573,949672,2024-25
KA & MD INVESTMENTS PTY. LTD.,40120126589,335166176,14400359,4320108,2024-25
KAEFER INTEGRATED SERVICES PTY LTD,83009046191,472843675,19449654,5834896,2024-25
KAGOME AUSTRALIA PTY LTD,42144695125,131397627,,,2024-25
KAH AUSTRALIA PTY LIMITED,51052003139,105386800,17936698,5381009,2024-25
KAIZEN MOTORS PTY LTD,67603805278,394140182,18319781,5495934,2024-25
KAJIMA AUSTRALIA PTY LTD,52604351966,1238436956,,,2024-25
KALMAR EQUIPMENT (AUSTRALIA) PTY LTD,64078885613,123738994,,,2024-25
KANDA HOLDCO PTY LTD,22670805820,231935881,11398420,3419526,2024-25
KANSAI ELECTRIC POWER HOLDINGS AUSTRALIA PTY LTD,57601296226,511064992,250924114,45538264,2024-25
KANTAR INSIGHTS AUSTRALIA PTY LTD,84106925866,111720983,18576124,5373009,2024-25
KAO AUSTRALIA PTY LTD,59054708299,124930792,,,2024-25
KAPITOL GROUP PTY LTD,62622444544,741019157,41091705,12327512,2024-25
KAPLAN AUSTRALIA HOLDINGS PTY LTD,30117261980,247291959,40325386,12097616,2024-25
KARARA MINING LIMITED,68070871831,934695421,,,2024-25
KARCHER PTY LTD,76002721226,110797032,,,2024-25
KARINYA TRADING PTY. LTD.,94005846373,164348013,,,2024-25
KAROON ENERGY LTD,53107001338,978571924,30209257,,2024-25
KARORA RESOURCES PTY LTD,74633381218,937856057,51858714,14166076,2024-25
KATHMANDU PTY LTD,84007047547,521724402,,,2024-25
KAWASAKI MOTORS PTY LIMITED,79002840315,109096654,3364234,1009270,2024-25
KB AGRI SERVICES PTY LTD,24157885991,108906354,1447551,434265,2024-25
KB AUSTRALIA HOLDING PTY LTD,16610219380,483171950,7665195,2299558,2024-25
KBR HOLDINGS PTY LTD,32093419277,759220183,90308455,25799781,2024-25
KCE PTY LIMITED,83059721881,223265825,15838172,4751452,2024-25
KCI MEDICAL AUSTRALIA PTY LTD,47056073468,211181584,8153811,2446143,2024-25
KEEMA HOLDINGS PTY LTD,28097123389,268450089,3773986,1132196,2024-25
KEL CAMPBELL PTY LTD,11002783342,233043207,,,2024-25
KELLER AUSTRALIA PTY LIMITED,61081279932,505985524,,,2024-25
KELLOGG AUSTRALIA HOLDINGS PTY LTD,59102893952,646386877,82986923,23052332,2024-25
KELSIAN GROUP LIMITED,49109078257,1570816277,44492382,11642398,2024-25
KENNARDS HIRE PTY LIMITED,69001740727,627910299,183960477,54956475,2024-25
KENNARDS SELF STORAGE PTY LIMITED,57001805036,314752063,112171932,33484332,2024-25
KENNETT PTY. LTD.,80007534787,201961417,8556433,2566930,2024-25
KENNY CONSTRUCTIONS (AUST.) PTY LTD,74096169416,121824907,13696143,4108843,2024-25
KENT PROJECTS PTY LTD,50107699221,275755778,186758,56027,2024-25
KEOLIS DOWNER PTY LTD,51165343680,1024024708,71378518,21410714,2024-25
KERRY INGREDIENTS AUSTRALIA PTY LTD,47072996895,247561800,6312695,1317366,2024-25
KESTREL COAL GROUP PTY LTD,70624655518,1139237281,,,2024-25
KFC ADCO LIMITED,22083047992,167116941,,,2024-25
KGF COOMINYA FOODS PTY LTD,83077185481,148716187,,,2024-25
KIA AUSTRALIA PTY LTD,97110483353,3200030045,212837547,63851264,2024-25
KICK STREAMING PTY L TD,59663807645,167284858,130508,39152,2024-25
KIM AN PTY LIMITED,78083083489,174945391,15869794,4521413,2024-25
KIMBERLY CLARK PACIFIC HOLDINGS PTY LIMITED,59095905294,1338269267,200584115,58240423,2024-25
KIN GROUP PTY LTD,11095313714,421134709,15558775,1142828,2024-25
KIN POWER GROUP PTY LTD,18623522467,435072377,,,2024-25
KINETIC IT PTY LTD,97072941943,266988629,17323986,5197196,2024-25
KINETIC TCO PTY LTD,20601251067,757752093,,,2024-25
KING FURNITURE AUSTRALIA PTY. LTD.,79002757333,315088344,34580279,9594457,2024-25
KINGSPAN HOLDINGS AUSTRALIA PTY LTD,81107982098,297700635,13123552,3905236,2024-25
KINGSPAN WATER & ENERGY PTY LTD,62108491881,128127689,12882489,3864747,2024-25
KINROSS FARM PTY LTD,64007356014,134426729,5030308,1509092,2024-25
KIRKLAND LAKE GOLD AUSTRALIA PTY LTD,30136505587,838655344,415396712,124483116,2024-25
KITCHEN WAREHOUSE (AUST) PTY LTD,77151232754,152808974,5823473,1747042,2024-25
KIWA AUSTRALIA 1 PTY LTD,22654686021,200853405,6137066,1841120,2024-25
KJTC PTY LTD,53156406138,361943003,928550618,,2024-25
KKR AUSTRALIA PTY LIMITED,56126516336,107868979,24398003,7319401,2024-25
KLIKON GROUP HOLDINGS PTY LIMITED,46167162987,163578954,13429279,4028784,2024-25
KLN FREIGHT (OCEANIA) PTY LTD,19600672366,107349654,8087893,2426368,2024-25
KNAUF GYPSUM PTY LTD,84004231976,534459302,119341181,21252354,2024-25
KNAUF INSULATION PTY LTD,73129827336,110859192,7458290,2237487,2024-25
KNIGHT FRANK AUSTRALIA HOLDINGS PTY LTD,28114923938,197688391,249359,,2024-25
KNORR-BREMSE AUSTRALIA PTY LTD,31092562671,265501001,18624755,5587426,2024-25
KOBELCO CONSTRUCTION MACHINERY AUSTRALIA PTY LIMITED,89097852296,210897200,14666388,4399916,2024-25
KOCH FERTILISER AUSTRALIA PTY LTD,44140582369,700613059,27855203,8356561,2024-25
KOGAN AUSTRALIA PTY LTD,53152570351,642335009,,,2024-25
KOGAS AUSTRALIA PTY LTD,42130065682,1848329000,,,2024-25
KOMATSU AUSTRALIA CORPORATE FINANCE PTY LIMITED,84067959666,120776928,14294373,4288312,2024-25
KOMATSU AUSTRALIA HOLDINGS PTY LTD,61001663752,270199901,116434434,5457949,2024-25
KOMATSU AUSTRALIA PTY LTD,63053514739,3774628015,311211474,90157859,2024-25
KONE HOLDINGS (AUSTRALIA) LIMITED,51003986436,570534719,23931662,7179499,2024-25
KONECRANES AND DEMAG PTY LIMITED,48002965817,118791597,608557,182567,2024-25
KONICA MINOLTA BUSINESS SOLUTIONS AUSTRALIA PTY LTD,50001065096,212817946,4493384,1348015,2024-25
KOPPERS AUSTRALIA HOLDING COMPANY PTY LTD,19104645301,321076371,45261674,13577404,2024-25
KOR EQUIPMENT SOLUTIONS PTY LTD,66149861861,112601641,8357085,2507126,2024-25
KORN FERRY (AU) PTY LTD,73001804799,129221365,19937474,5953544,2024-25
KORVEST LTD,20007698106,122691785,20425248,6127574,2024-25
KPMG HOLDINGS (AUSTRALIA) PTY LTD,34064067241,180316337,9083905,2725172,2024-25
KPMG INVESTMENTS (HOLDINGS) PTY LIMITED,38008524365,232217617,10181657,2885645,2024-25
KRAFT HEINZ AUSTRALIA PTY LIMITED,64622234379,884771009,9162757,837967,2024-25
KRISPY KREME HOLDINGS PTY LIMITED,71134222727,167840984,11371879,3411564,2024-25
KRONOS AUSTRALIA PTY LTD,17074408067,149793620,4944081,,2024-25
KRYPTON EARLY LEARNING PTY LTD,55600030911,106283056,23510967,7053290,2024-25
KTM AUSTRALIA HOLDING PTY LTD,49112854850,158302456,,,2024-25
KUATRO BUILD PTY LTD,16648675496,117023277,332214,99664,2024-25
KUBOTA AUSTRALIA PTY LTD,72005300621,606647833,59263916,17779175,2024-25
KUEHNE & NAGEL PTY LTD,70000871607,713684010,19587382,5876215,2024-25
KUFPEC AUSTRALIA PTY LTD,42001800924,1724815813,688362882,205836575,2024-25
KUIPER AUSTRALIA PTY LTD,15150058807,393567318,14545082,4363525,2024-25
KUMHO TYRE AUSTRALIA PTY LTD,46003300678,201850614,4956443,1486933,2024-25
KUWAIT PETROLEUM AVIATION (AUSTRALIA) PTY LIMITED,88122531631,814724154,,,2024-25
KWB GROUP PTY LTD,33159809328,124483759,24114617,7234385,2024-25
KWIKFORM ACQUISITION HOLDINGS PTY LIMITED,43157779961,131685927,,,2024-25
KYNDRYL AUSTRALIA PTY LTD,98646647592,423140199,,,2024-25
KYOCERA DOCUMENT SOLUTIONS AUSTRALIA PTY LTD,77003852444,124983131,1617560,485268,2024-25
KYUSHU ELECTRIC AUSTRALIA PTY LTD,54152417260,449297300,192430,,2024-25
KYVALLEY DAIRY GROUP PTY LTD,68608664937,157561818,2318483,695545,2024-25
L.C. DYSONS BUS SERVICES PTY LTD,99004436542,220765184,8184714,2455414,2024-25
L.H. PERRY & SONS PTY. LTD.,65622813923,167849814,3264602,979381,2024-25
L.U. SIMON BUILDERS PTY LTD,38006137220,233060029,,,2024-25
L1 CAPITAL PTY LTD,21125378145,146825164,111496101,33448830,2024-25
L1 GLOBAL LONG SHORT FUND LIMITED,51063975431,109312902,16474176,4210943,2024-25
L1 GROUP LIMITED,13050064287,138102188,62704952,18616774,2024-25
L1 LONG SHORT FUND LIMITED,47623418539,317476107,125481733,25285446,2024-25
L3HARRIS TECHNOLOGIES AUSTRALIA GROUP PTY LTD,61654390146,521893551,39978375,8205917,2024-25
LA VIDA AUSTRALIA PTY LTD,36645789993,193306236,21885628,6565688,2024-25
LACTALIS AUSTRALIA FINANCE PTY LTD,17163435103,2484588231,59342401,17802720,2024-25
LAGUNA BAY AGRICULTURAL NO 1 PTY LTD,27608464624,117382252,,,2024-25
LAI INDUSTRIES PTY LTD,76070094245,127035366,,,2024-25
LAING O'ROURKE AUSTRALIA GROUP PTY LIMITED,36001333900,3331224891,,,2024-25
LAMB WESTON AUSTRALIA HOLDINGS PTY LTD,53629887270,109479138,,,2024-25
LAMBDA SOFTWARE PTY LTD,79634635126,195609755,2663432,799030,2024-25
LANAI (AU) 1 PTY LTD,86652351909,1170602138,124125511,,2024-25
LANCO RESOURCES AUSTRALIA PTY LTD,30147835452,293393730,,,2024-25
LANDIS & GYR HOLDINGS PTY LTD,82098539587,127804731,2462510,738753,2024-25
LANDPOWER AUSTRALIA PTY LTD,52005851801,254263489,6240931,1872279,2024-25
LANGDON GROUP PTY LIMITED,34004116241,166675511,3811094,1143328,2024-25
LANGS BUILDING SUPPLIES PTY LTD,24010007315,143671862,11219531,3365859,2024-25
LANTRAK LOGISTICS (QLD) PTY LTD,76151310440,118821929,4379325,1313798,2024-25
LANTRAK LOGISTICS (VICTORIA EAST) PTY LTD,78164074579,180306341,,,2024-25
LANTRAK PTY LTD,14163639727,392884416,8185756,2455727,2024-25
LAOP HOLDCO PTY LTD,39673500377,159528886,,,2024-25
LATITUDE GROUP HOLDINGS LIMITED,83604747391,1025228724,134242160,37909587,2024-25
LATROBE VALLEY POWER (HOLDINGS) PTY LTD,57621363102,564431975,181482203,54444661,2024-25
LAWCOVER INSURANCE PTY LIMITED,15095082509,130322400,18142404,5353406,2024-25
LAWRENCE AND HANSON GROUP PTY LTD,69080350812,1121964015,23558229,7067469,2024-25
LAYER 8 NETWORKS PTY LTD,12626832559,174888607,3937301,1181190,2024-25
LAZARD AUSTRALIA HOLDINGS PTY LIMITED,98126711724,170308630,14720647,4416194,2024-25
LB AUSTRALIA HOLDINGS PTY LTD,96165597482,798866515,86315366,23275864,2024-25
LEADER COMPUTERS PTY LTD,24093139354,753207247,61473669,18442101,2024-25
LEARNING WITH TECHNOLOGIES PTY LTD,96099102002,123195219,8187980,2456394,2024-25
LEED ENGINEERING AND CONSTRUCTION PTY LTD,35097021728,169277093,13934937,4180481,2024-25
LEGO AUSTRALIA PTY LTD,42001540914,554521029,17871160,5361348,2024-25
LEGRAND GROUP PTY LIMITED,41000565739,182231755,15406735,561622,2024-25
LEICA GEOSYSTEMS PTY LIMITED,18000112765,148369287,6430820,487771,2024-25
LEIDOS AUSTRALIA PTY LIMITED,79612590155,892049257,85800654,25353950,2024-25
LEMNOS FOODS PTY LTD,52147490480,144648457,,,2024-25
LEMONWOOD INVEST PTY LTD,19612566417,101893201,28590340,8577102,2024-25
LENDI GROUP PTY LTD,44648681654,376440851,,,2024-25
LENDLEASE CORPORATION LTD,32000226228,6021525054,403709375,108826980,2024-25
LENOVO (AUSTRALIA & NEW ZEALAND) PTY LIMITED,70112394411,1321644248,22718105,6815432,2024-25
LENOVO GLOBAL TECHNOLOGY (AUSTRALIA & NEW ZEALAND) PTY LTD,90614012985,349444054,14162299,4248690,2024-25
LEO LITHIUM LIMITED,70638065068,594440160,6992248,2097674,2024-25
LEONARDO AUSTRALIA PTY LTD,48123930343,113474237,10017309,2992680,2024-25
LEONARDO HOLDCO PTY LTD,63629681116,624294184,37232423,9741758,2024-25
LEONE FAMILY HOLDINGS PTY LTD,69618356586,1287697470,5502470,1639191,2024-25
LEPGF PTY LTD,82640391868,3245433866,186125453,52061953,2024-25
LEPPINGTON PASTORAL CO PTY LTD,83000420404,227825068,134150450,40245135,2024-25
LESCHENAULT PTY LTD,90160941926,102360738,1894240,568272,2024-25
LEVI STRAUSS (AUSTRALIA) PTY LTD,67000607965,135357594,10731188,3219356,2024-25
LEVIAT PTY LTD,41000496079,103667579,16831878,5049563,2024-25
LEWIS LAND HOLDINGS PTY LIMITED,68008522496,235368141,21071757,6321527,2024-25
LG ELECTRONICS AUSTRALIA PTY LIMITED,98064531264,1039763794,45628529,13688559,2024-25
LGT HOLDING (AUSTRALIA) PTY LTD,93656007028,271547781,1771354,531406,2024-25
LH PERRY & SONS WHOLESALE NO 2 PTY LTD,68675153723,124537692,762512,228754,2024-25
LH PERRY & SONS WHOLESALE PTY LTD,75648368307,124537692,762512,228754,2024-25
LIBERTY FINANCIAL GROUP LIMITED,59125611574,1129365308,63364289,17475098,2024-25
LIBERTY GROUP PTY LTD,55167839394,136698807,,,2024-25
LIBERTY HOLDINGS AUSTRALIA PTY LTD,16627011938,6056775385,,,2024-25
LIBERTY MUTUAL INSURANCE COMPANY,61086083605,1276278833,285977886,85793366,2024-25
LIBERTYTOWN AUSTRALIA PTY LTD,70128997526,134407084,265874,,2024-25
LIEBHERR-AUSTRALIA PTY LTD,65007970452,2260698514,228693575,66701050,2024-25
LIFE FITNESS AUSTRALIA PTY LTD,98079300815,107321560,9481019,2844306,2024-25
LIFESTYLE COMMUNITIES LIMITED,11078675153,149486673,,,2024-25
LIGHTSPEED POS HOLDING PTY LTD,86636550813,113182363,,,2024-25
LIKEWIZE AUSTRALIA PTY LTD,58111399752,951304020,26698926,8009678,2024-25
LIMESTONE HOLDCO PTY LIMITED,87639416667,426648658,,,2024-25
LINDE MATERIAL HANDLING PTY LIMITED,62000768776,376887521,22877848,6863354,2024-25
LINDSAY AUSTRALIA LIMITED,81061642733,907545873,48195939,14418844,2024-25
LINDT & SPRUNGLI (AUSTRALIA) PTY LTD,43079224892,277686901,11304182,3391255,2024-25
LINEAGE AP HOLDINGS PTY LTD,27637083544,498789013,11022286,3306686,2024-25
LINFOX ARMAGUARD PTY LTD,83099701872,395390927,,,2024-25
LINK CONSTRUCT PTY LTD,87630627271,193626782,700034,210010,2024-25
LINKEDIN SINGAPORE PTE. LTD.,73615253408,152946499,26203588,7861076,2024-25
LINKFORCE ENGINEERING PTY LTD,57123543699,180953969,8124686,2139882,2024-25
LINKFORCE PROCUREMENT PTY LTD,44630985125,157585822,3623949,1087185,2024-25
LINKFORCE SITE SERVICES PTY LTD,63615813020,358851136,5253674,1576102,2024-25
LION PTY LTD,50128004268,2022684224,21163277,,2024-25
LIONTOWN LIMITED,39118153825,350729207,,,2024-25
LIPMAN GROUP HOLDINGS PTY LIMITED,62150243682,303947689,,,2024-25
LIQUID MIX (WA) PTY LTD,90127094008,223123151,5777689,1733307,2024-25
LITE N' EASY (NEW SOUTH WALES) PTY LTD,51165076380,135185247,3414727,1024418,2024-25
LITE N' EASY (QUEENSLAND) PTY LTD,62066985073,138705973,6504125,1951238,2024-25
LITE N' EASY (VICTORIA) PTY LTD,56153499579,126896289,6188765,1856630,2024-25
LITE N' EASY PTY LTD,33010655820,344807909,7778780,,2024-25
LITTLE RESOURCES PTY LTD,28634354653,100864473,,,2024-25
LIVE NATION AUSTRALASIA PTY LTD,69156286341,860555025,65454917,19447997,2024-25
LLOYD HELICOPTER SERVICES PTY LTD,45058277491,448436951,,,2024-25
LM GROUP (AUST) PTY LTD,41114717814,256712396,45891169,13699376,2024-25
LMS ENERGY PTY LTD,39059428474,169369002,67895021,20347654,2024-25
LNW GAMING AUSTRALIA HOLDINGS I PTY LTD,37169042013,465516227,213946211,62800711,2024-25
LOAN MARKET GROUP PTY LTD,83105221967,1513182275,16506563,,2024-25
LOC GLOBAL PTY LTD,53637527541,1484855252,12294916,3688475,2024-25
LOCKHEED MARTIN AUSTRALIA PTY LIMITED,30008425509,884114914,121484048,34462597,2024-25
LOCKSMITHS NOMINEES PTY LTD,43005513164,110273897,5897520,1769256,2024-25
LOGICALIS AUSTRALIA HOLDINGS PTY LTD,67089914581,199208914,215819,,2024-25
LOGISTIK PTY LTD,16150595421,124722541,3786319,1135896,2024-25
LOGWIN AIR & OCEAN AUSTRALIA PTY LTD,57003909939,104379492,3278466,983540,2024-25
LONGREACH CAPITAL INVESTMENT PTY LTD,22117213706,170220553,18993461,5348224,2024-25
LONGRIDGE GROUP PTY LTD,45100117922,102507344,13952160,4185648,2024-25
LONSDALE FINANCE PTY LIMITED,72614453566,227038948,120307,36092,2024-25
LORAM PTY LTD,85167226262,130198272,22010005,6603002,2024-25
L'OREAL AUSTRALIA PTY LTD,40004191673,1597318981,218763233,61817498,2024-25
LORNA JANE PTY LTD,91065384616,189594517,31628171,9488451,2024-25
LOSCAM HOLDINGS AUSTRALIA PTY LTD,46144845867,196981777,62183756,18577786,2024-25
LOTTE TRAVEL RETAIL AUSTRALIA PTY LTD,71628207367,357592950,,,2024-25
LOUIS DREYFUS COMPANY MELBOURNE HOLDINGS PTY LTD,18161877185,3130991676,50749531,15160082,2024-25
LOUIS VUITTON AUSTRALIA PTY LTD,41005918678,576641024,147856034,44356810,2024-25
LOVISA HOLDINGS LIMITED,34602304503,313710454,25600290,7320293,2024-25
LOWES MANHATTAN PTY LTD,31000307666,239130247,11127693,3337851,2024-25
LOYALTY PACIFIC PTY LTD,82057931334,666661633,,,2024-25
LP / ATM PTY LTD,94147435194,108765985,3766648,1129994,2024-25
LPI (AUSTRALIA) HOLDINGS PTY LIMITED,81084042473,1690313406,73284718,21753865,2024-25
LR TRADING PTY LIMITED,33003068166,116790184,1758539,527562,2024-25
LSH AUTO (MELBOURNE) PTY LIMITED,77618554635,367065939,,,2024-25
LSKD GROUP PTY LTD,88639986502,144557278,23695535,7108660,2024-25
LUBRIZOL INTERNATIONAL INC,52073495603,101135068,7610201,2283060,2024-25
LUCAS TOTAL CONTRACT SOLUTIONS (HOLDINGS) PTY LTD,66137901752,215603260,,,2024-25
LUDO STUDIO PTY LTD,28161009623,180127007,10401544,,2024-25
LUERSSEN AUSTRALIA PTY LTD,39618700637,329126608,,,2024-25
LULULEMON ATHLETICA AUSTRALIA PTY LTD,45110186233,482457426,38170595,11451178,2024-25
LUMI FINANCIAL HOLDINGS LIMITED,37627896655,120155195,,,2024-25
LUMIA CARE HOLD CO PTY LTD,19658146322,170339531,408909,122673,2024-25
LUNAR METAL TRADING PTY LTD,44645958498,108037901,358470,107541,2024-25
LUNAR MINING SERVICES PTY LTD,73162002048,103427913,5821216,1746365,2024-25
LUX GROUP LIMITED,11601688966,157798089,5937320,1781196,2024-25
LUXOTTICA SOUTH PACIFIC HOLDINGS PTY LTD,58104629772,1041630062,72368485,21710546,2024-25
LUXTON HOMES PTY LTD,22615340675,224077773,47477844,14243353,2024-25
LUXTRALIA PTY LIMITED,64124896831,116329985,,,2024-25
LUYE AUSTRALIA HOLDINGS PTY LTD,98609669472,339942680,,,2024-25
LVMH PERFUMES & COSMETICS GROUP PTY LTD,63069188272,162519071,11286825,3386048,2024-25
LVP TECHNOLOGY SERVICES PTY LTD,72643786118,103039723,2980115,865218,2024-25
LYCOPODIUM LIMITED,83098556159,270158453,29616306,6397269,2024-25
LYNAS RARE EARTHS LIMITED,27009066648,211758960,,,2024-25
LYNCH GROUP HOLDINGS LIMITED,35608543219,410924834,15936635,4780990,2024-25
LYNDONS PTY LTD,31010583721,101228738,1164474,349342,2024-25
M J & J FOOD GROUP PTY LTD,16146498900,126007461,557532,167260,2024-25
M RESOURCES TRADING PTY LTD,58156582320,1547428424,161274138,48178672,2024-25
M.A SERVICES GROUP PTY LTD,73151498001,176988842,8220768,2466230,2024-25
M1 TOPCO PTY LTD,99663463116,393684150,475238,,2024-25
M2P ENGINEERING PTY LTD,28619840274,170335918,25984075,7795222,2024-25
MA FINANCIAL GROUP LIMITED,68142008428,979710822,54711249,16310843,2024-25
MAAS GROUP HOLDINGS LIMITED,84632994542,928071901,83593317,23890815,2024-25
MABEN GROUP PTY LTD,65107657152,203295000,7504624,2251387,2024-25
MACDON AUSTRALIA PTY LTD,34079393721,156717332,18884333,5665300,2024-25
MACH AUSTRALIA HOLDINGS PTY LTD,66608494828,832087487,365997364,109735924,2024-25
MACH ENERGY AUSTRALIA PTY LTD,34608495441,574632786,216772658,64965369,2024-25
MACKAY CITY AUTO GROUP PTY LTD,28125986503,129780824,3275085,982526,2024-25
MACKAY SUGAR LIMITED,12057463671,590208931,4722751,280621,2024-25
MACLEAY RIVER MEATS PTY LIMITED,24070149923,108597091,1146323,343897,2024-25
MACMAHON HOLDINGS LIMITED,93007634406,2226877491,159480403,43703473,2024-25
MACQUARIE GROUP LIMITED,94122169279,24223827435,2111467581,444762005,2024-25
MACQUARIE TECHNOLOGY GROUP LIMITED,72056712228,374623664,65048188,19514456,2024-25
MACSTEEL INTERNATIONAL AUSTRALIA PTY LIMITED,94000904978,466715271,15352481,4605744,2024-25
MADAD PTY LTD,57009678344,119750313,1902386,36808,2024-25
MADER CONTRACTING PTY LTD,36114021537,534318417,41773855,12532156,2024-25
MADER QUEENSLAND PTY LTD,86611004552,151045267,13402341,4020702,2024-25
MADILL NO. 1 PTY. LTD.,66009897090,105110523,7792291,2337687,2024-25
MADMS PTY LTD,94620016275,263223105,7366295,2209888,2024-25
MAERSK LOGISTICS & SERVICES AUSTRALIA PTY LTD,70006211052,202858221,,,2024-25
MAGELLAN FINANCIAL GROUP LIMITED,59108437592,348497394,208252768,61700220,2024-25
MAGI ENTERPRISES PTY LTD,49154423613,183800326,27938080,8378848,2024-25
MAGNETIC INFRASTRUCTURE GROUP PTY LTD,81663518563,295071716,14135664,4240699,2024-25
MAGOTTEAUX AUSTRALIA PTY LTD,40055713301,154196558,2314882,180276,2024-25
MAHINDRA AUTOMOTIVE AUSTRALIA PTY LTD,85133379218,144509986,1796397,538919,2024-25
MAINBRACE CONSTRUCTIONS PTY LIMITED,45002970658,525532994,30157152,9047146,2024-25
MAINFREIGHT HOLDINGS PTY LTD,24084637605,1615150376,100983847,30295154,2024-25
MAINLAND CIVIL HOLDINGS PTY LIMITED,84098379152,210473433,28017443,8405233,2024-25
MAKANI 2001 PTY LIMITED,52075263142,108193842,153623,46087,2024-25
MAKITA (AUSTRALIA) PTY LIMITED,57001117335,477813652,31499376,9449813,2024-25
MALAYSIA AIRLINES BERHAD,29420085735,277569607,173999,52200,2024-25
MALINDO AIRWAYS SDN.BHD.,17606999311,146793866,,,2024-25
MALTEUROP AUSTRALIA PTY LTD,48068420244,134924826,5069403,1520821,2024-25
MAMMOET AUSTRALIA PTY LTD,77075483644,211435763,22900013,6870004,2024-25
MANAGEMENT & TRAINING CORPORATION PTY. LTD.,25602791364,126403341,26811564,8043469,2024-25
MANAGEMENT REPORTS INTERNATIONAL PTY LTD,88078230387,104866591,1061748,318524,2024-25
MANDALA TRADING PTY LTD,60608372416,338874018,4289800,1106586,2024-25
MANDALAY RESOUCES AUSTRALIA PTY LTD,38005482815,216334923,96879373,28239884,2024-25
MANITOU AUSTRALIA PTY LIMITED,42114388591,150679708,7693961,2308188,2024-25
MANITOWOC CRANE GROUP AUSTRALIA PTY LIMITED,52076700082,115206128,5651981,1695594,2024-25
MANPOWER SERVICES (AUSTRALIA) PTY LIMITED,15071884994,184782833,,,2024-25
MANSA HOLDINGS PTY LTD,51006960756,107145068,3600795,1080238,2024-25
MANTEENA COMMERCIAL PTY LTD,56614438989,112284416,3106694,932008,2024-25
MANTEL GROUP PTY LTD,38622268240,192487868,14320252,4296076,2024-25
MAPEI AUSTRALIA PTY LTD,34059838765,146343108,19216303,5764891,2024-25
MAPS HOTELS AND RESORTS SYDNEY 1 PTY LTD,46165087767,127570122,,,2024-25
MARATHON TYRES HOLDINGS PTY LIMITED,74147561475,100249692,10419997,3125999,2024-25
MARCOPOLO AUSTRALIA HOLDINGS PTY LTD,23154692001,253167732,28687683,8606305,2024-25
MARGETIC & SITZLER CONSOLIDATED HOLDINGS PTY LTD,51167716181,600673911,22937146,6881144,2024-25
MARINA COMMODITIES (AUSTRALIA) PTY LTD,21610517925,111010602,132583,39775,2024-25
MARINE POWER INTERNATIONAL LLC,25003100007,149043230,,,2024-25
MARITIMO (MFG) INTERNATIONAL PTY LTD,68612656158,111378394,14266970,2473270,2024-25
MARKET CITY MOTORS PTY LTD,22007055763,101604627,2543368,763010,2024-25
MARKET DIRECT GROUP PTY LTD,22115038483,121097281,9124330,2737299,2024-25
MARLAU NOMINEES PTY LTD,18056365327,460045521,18213646,5464094,2024-25
MARLEYSPOON PTY LTD,28603969571,204423930,,,2024-25
MARMON CONSTRUCTION SERVICES (AUSTRALIA) HOLDINGS PTY LTD,38154626954,385749862,31099785,9329936,2024-25
MARQUIS HOLDCO PTY LTD,71670403059,141999666,12787065,3783082,2024-25
MARQUIS MACADAMIAS LTD,93002607972,140936440,1769610,530883,2024-25
MARRON GROUP HOLDINGS PTY LTD,71631941403,965446576,1244800,,2024-25
MARS WRIGLEY AUSTRALIA HOLDINGS PTY LTD,68133509930,1985804892,272939354,77896745,2024-25
MARSH MERCER HOLDINGS (AUSTRALIA) PTY LTD,86097026812,1700540789,241277193,70116729,2024-25
MARSH PTY LTD AS AGENT FOR NON-RESIDENT INSURERS,,144266436,144266436,43279931,2024-25
MARTIN-BROWER AUSTRALIA HOLDINGS PTY LTD,91156502251,1943715585,3090766,927230,2024-25
MARUBENI AUSTRALIA LIMITED,53000329699,4099184923,1563200695,93098198,2024-25
MARUBENI ITOCHU STEEL OCEANIA PTY LTD,78098025506,126232828,,,2024-25
MARUBENI-ITOCHU TUBULARS OCEANIA PTY LTD,87077953827,199226731,21403573,6396175,2024-25
MASCOT MARINE HOLDINGS PTY LIMITED,84153814709,212781680,9750505,2925152,2024-25
MASTER BUTCHERS CO-OPERATIVE LTD,58874245597,100922101,,,2024-25
MASTERCARD AUSTRALIA HOLDING PTY LTD,83143337722,421195434,39945218,7577296,2024-25
MASTERMYNE GROUP LIMITED,96142490579,215570060,482500,144623,2024-25
MASTERTON CORPORATION HOLDING COMPANY PTY LIMITED,56055692825,264510106,3696041,1108812,2024-25
MATRAD PTY LTD,27011019088,219118679,,,2024-25
MATTBEN PTY LTD,63104515568,144744813,11634103,3490231,2024-25
MATTEL PTY LTD,60000660962,187792222,5187644,1556293,2024-25
MAUGHAN THIEM AUTOMOTIVE PTY LTD,29107649338,278646861,6377757,1913327,2024-25
MAULES CREEK MARKETING PTY LTD,73140534256,182707667,,,2024-25
MAURICE BLACKBURN PTY LTD,21105657949,294276670,,,2024-25
MAX GRAINS AUSTRALIA PTY LTD,65137908297,200031105,3059446,917834,2024-25
MAXCON CONSTRUCTIONS PTY LTD,69152259820,182769270,302167,90650,2024-25
MAXFILL AUSTRALIA LOGISTICS PTY LTD,35603861856,189193346,9924896,2977469,2024-25
MAXFOODS PTY LTD,53137612081,119453450,4607022,1382107,2024-25
MAXIGENES PTY LTD,52150321770,219127614,71752939,21525882,2024-25
MAXIM ELECTRICAL SERVICES PTY LTD,87088295907,106320962,14965008,4489502,2024-25
MAXIPARTS LIMITED,58006797173,246885913,,,2024-25
MAXI-TANKERS PTY LTD,22117406934,698016315,,,2024-25
MAXUM FOODS PTY LTD,80103379657,257790792,3865957,1159787,2024-25
MAYFAIRS W'SALE PTY LTD,23009693592,141402903,8793790,2638137,2024-25
MAYFIELD GROUP HOLDINGS LIMITED,57010597672,118744428,5081716,,2024-25
MAYFLOWER ENTERPRISES PTY LTD,48607181662,446070602,31263574,9049590,2024-25
MAYNE PHARMA GROUP LTD,76115832963,119482066,,,2024-25
MAYRIN ARCHER HOLDING PTY LTD,19654220667,101781294,2491070,747321,2024-25
MAZ BUILDING MAINTENANCE PTY LTD,36091323750,105368724,10893923,3268177,2024-25
MAZDA AUSTRALIA PTY LTD,78004690804,3390763518,100861266,30196738,2024-25
MAZZEI GROUP PTY LTD,36620085707,140788274,,,2024-25
MB SOLUTIONS AUSTRALIA PTY LTD,69634934419,127380509,,,2024-25
MBC TOPCO PTY LTD,80658690101,267328126,,,2024-25
MCCAIN FOODS (AUST) PTY LTD,96000629587,946417057,52827460,15169689,2024-25
MCCARROLLS OF MOSS VALE PTY LTD,60003411210,490307125,2799903,667210,2024-25
MCCLOY SUCCESSION PTY LTD,,115875987,163018844,62518,2024-25
MCCORKELL CONSTRUCTIONS PTY LTD,92094764584,126251450,12025999,3607800,2024-25
MCCORMICK FOODS AUSTRALIA PTY LTD,62004763259,305856665,32428830,9728649,2024-25
MCCOSKER CONTRACTING PTY LTD,42070997787,124288545,3386149,1015845,2024-25
MCDERMOTT AVIATION HOLDINGS PTY LIMITED,72653365167,149535584,8850204,2655061,2024-25
MCDONALD'S AUSTRALIAN PROPERTY CORPORATION,55002913555,2293964701,346573578,101791807,2024-25
MCE HOLDINGS PTY LTD,42140636193,211851834,40738839,12221652,2024-25
MCGREGOR GOURLAY PTY LTD,80619661988,305539706,12091623,3625329,2024-25
MCINTOSH HOLDINGS PTY LTD,28008675876,534945009,,,2024-25
MCKINSEY PACIFIC RIM INC,66055131443,376602072,40638332,12168767,2024-25
MCLEAN FARM SALES PTY LTD,47114227780,177393762,,,2024-25
MCLEAN POULTRY PTY LTD,39114227744,180069986,6977196,2093159,2024-25
MCLS (AUST) PTY LTD,33169551571,233842939,78442,23533,2024-25
MCMAHON SERVICES AUSTRALIA PTY LTD,75097072565,522126012,7614834,1932850,2024-25
MCMILLAN SHAKESPEARE LIMITED,74107233983,572726532,171591948,51477584,2024-25
MCNAB DEVELOPMENTS (QLD) PTY LTD,63118748548,635128257,24931972,7479592,2024-25
MCNALLY GROUP CONTRACTING PTY LTD,40159349210,142922485,21164197,6349259,2024-25
MCO BEAUTY PTY LIMITED,51631344780,154864546,37828621,11348586,2024-25
MCPHERSON'S LIMITED,98004068419,130095730,,,2024-25
MCT AUTOMOTIVE GROUP PTY LTD,59636285017,307188222,10829086,2980148,2024-25
MCTRUCKS PTY LTD,67082673596,104026732,6873837,2062151,2024-25
MDA NATIONAL INSURANCE PTY LTD,56058271417,126842352,5576549,1509217,2024-25
MEARS GROUP PTY LTD,92149486500,998843283,130515025,37223824,2024-25
MECCA BRANDS NZ PTY LTD,36126675401,148687860,,,2024-25
MEDACTA AUSTRALIA PTY LTD,60115307563,109772581,3638095,1091428,2024-25
MEDHEALTH GROUP PTY LTD,64160098162,740295475,77076198,23122859,2024-25
MEDIBANK PRIVATE LIMITED,47080890259,8409233631,720950547,213601056,2024-25
MEDICAL INDEMNITY PROTECTION SOCIETY LIMITED,64007067281,112957933,,,2024-25
MEDICAL INSURANCE AUSTRALIA PTY LTD,99092709629,105754768,,,2024-25
MEDINA PROPERTY SERVICES PTY LIMITED,36062326176,339833924,,,2024-25
MEDION AUSTRALIA PTY LIMITED,58106611330,401558828,67991261,20397378,2024-25
MEDITERRANEAN SHIPPING COMPANY (AUSTRALIA) PTY LTD,12003760638,345641115,24342156,7302628,2024-25
MEDLINE STELLAR AUSTRALIA PTY LTD,94149963226,201599922,6556825,1967048,2024-25
MEDRECRUIT AU TRADING PTY LTD,81619730773,118799588,,,2024-25
MEDTRONIC AUSTRALASIA PTY LTD,47001162661,1157614838,82052776,23592969,2024-25
MEGA INTERNATIONAL COMMERCIAL BANK CO. LIMITED,27079372688,265040610,50639644,15191893,2024-25
MEHOLD PTY LTD,98161736572,201007279,14289699,589491,2024-25
MELBCON PTY LTD,89094370457,120564205,24012079,7203624,2024-25
MELBOURNE SQUARE PTY LTD,11005608686,113146964,158894791,1931958,2024-25
MELRINA MELBOURNE PTY LTD,31604809538,115326836,9953855,2986156,2024-25
MELRINA WHOLESALE MEATS PTY LTD,70604782541,213749528,24692804,3612841,2024-25
MEMBERS BANKING GROUP LIMITED,83087651054,202180456,13210002,3796807,2024-25
MENZIES AVIATION HOLDINGS AUSTRALIA PTY LTD,18102031836,443921355,,,2024-25
MENZIES HOLD CO 1 PTY LTD,12616441868,122323619,,,2024-25
MENZIES INTERNATIONAL (AUST) PTY LTD,44004967757,133531728,8589318,2576795,2024-25
MERCEDES-BENZ GROUP AUSTRALIA/PACIFIC PTY LTD,50004348421,3296277790,180914192,54274258,2024-25
MERCK HEALTHCARE PTY LTD,72006900830,203336730,8205753,2300881,2024-25
MERCK SHARP & DOHME (HOLDINGS) PTY LTD,57000235245,878761920,140819593,13588206,2024-25
MERITON PROPERTIES PTY LIMITED,49000698626,1378703078,152609752,45782926,2024-25
MERLIN ENTERTAINMENTS (AUSTRALIA) PTY LTD,51147624557,150175510,15908257,4653897,2024-25
MERRILL LYNCH (AUSTRALASIA) PTY LTD,72075923894,695552569,140262057,42078617,2024-25
MERRYLANDS INVESTMENT HOLDINGS PTY LTD,38658436830,168164369,,,2024-25
MERYM PTY LTD,73009174510,109312421,3421075,1026322,2024-25
MESH & BAR PTY LTD,35084464746,433627841,44095514,13228654,2024-25
MESHKI PTY LIMITED,63606524878,183614595,42910811,12873243,2024-25
MET GROUP HOLDINGS PTY LTD,55668768974,837514317,,,2024-25
METAGENICS AUSTRALIA PTY LTD,78113937572,155320883,12775476,3185522,2024-25
METALS ACQUISITION CORP. (AUSTRALIA) PTY LTD,98657799758,537822680,35408085,10622426,2024-25
METALS X LIMITED,25110150055,275129911,,,2024-25
METCASH LIMITED,32112073480,19189342322,310067450,85062762,2024-25
METECNO PTY LTD,44096402934,145607323,8639215,2073920,2024-25
METHUSELAH HOLDINGS PTY LTD,45611923383,318834910,20275870,6082761,2024-25
METLIFE INSURANCE LIMITED,75004274882,1540807679,59589630,17876889,2024-25
METRICS CREDIT HOLDINGS PTY LTD,66150647091,122146959,33274257,9982277,2024-25
METRO FINANCE PTY LIMITED,44600674093,346967563,,,2024-25
METRO MINING LIMITED,45117763443,436525916,,,2024-25
METRO TRAINS AUSTRALIA PTY LTD,88614061960,2405812845,149180232,44754070,2024-25
METRO TRAINS SYDNEY PTY LTD,54600820737,327777656,28129361,8438808,2024-25
METSO AUSTRALIA PTY LTD,99000197428,863882910,40271681,12081504,2024-25
MEYER TIMBER N.S.W. PTY LTD,75126515606,152432250,,,2024-25
MEYER TIMBER PTY LTD,54005314321,287515168,6585564,1975669,2024-25
MFF CAPITAL INVESTMENTS LIMITED,32121977884,617338272,295934846,85357255,2024-25
MFF CONSOLIDATED PTY LTD,75666543460,302156941,18645265,5593580,2024-25
MGHOP PTY LTD,74010361574,117713058,2281467,684440,2024-25
MGM BULK PTY LTD,34165448920,275080436,,,2024-25
MGX RESOURCES LIMITED,87008670817,404869284,,,2024-25
MH PREMIUM FARMS HOLDINGS PTY LTD,34125875112,141948615,8110893,2433268,2024-25
MHG HOTEL HOLDING AUSTRALIA PTY LTD,49153049917,440973335,3980000,,2024-25
MICHAEL HILL INTERNATIONAL LIMITED,25610937598,414698669,,,2024-25
MICHAEL PAGE INTERNATIONAL (AUSTRALIA) PTY LTD,58002872264,162867835,1313032,358377,2024-25
MICHELIN AUSTRALIA PTY LTD,84006761628,1023240860,61004858,10179356,2024-25
MICROSOFT DATACENTER (AUSTRALIA) PTY LIMITED,31163792078,2293654452,,,2024-25
MICROSOFT PTY LTD,29002589460,9231161995,535466062,160639819,2024-25
MIDDLEMOUNT COAL PTY LTD,49122348412,700750305,54952254,16485676,2024-25
MIDDLEMOUNT SOUTH PTY LTD,85611632314,168461226,211870811,3808567,2024-25
MIDFIELD COMMODITIES PTY LTD,67105001063,120714503,3356243,1006873,2024-25
MIDFIELD TRADING PTY LTD,91090910508,272934000,8048620,2374343,2024-25
MIDLAND 2015 PTY LTD,39606139146,245606287,9743772,2923132,2024-25
MIDOCEAN ENERGY PARENT PTY LTD,31666688786,732199848,332274274,69475696,2024-25
MIDWAY LTD,44005616044,219568143,2563220,768966,2024-25
MIDWAY METALS PTY LTD,88001831090,192924629,9207712,2762314,2024-25
MIELE AUSTRALIA PTY LIMITED,96005635398,498226429,21241430,6372429,2024-25
MIGALOO QLD PTY LTD,30600219172,159117638,,,2024-25
MILBURN LAKE PTY LTD,13050462381,141174477,7126328,2137898,2024-25
MILEDO PTY LIMITED,19002050295,186612816,65892844,19567525,2024-25
MILLELL PTY LTD,17148151213,377631023,,,2024-25
MILLER POHANG COAL COMPANY PTY LTD,99001588209,364058826,,,2024-25
MIMOSA HOMES PTY LTD,12123989408,298525751,42519288,12695077,2024-25
MINERAL COMMODITIES LTD,39008478653,106820639,,,2024-25
MINERAL MINING SERVICES PTY LTD,55664959906,135531794,,,2024-25
MINERAL RESOURCES LIMITED,33118549910,4812729059,,,2024-25
MINERALOGY INTERNATIONAL LIMITED,39632245446,285446630,152091742,45627472,2024-25
MINERVA FOODS AUSTRALIA PTY LTD,87652859811,655777445,20399799,6119940,2024-25
MINI-TANKERS AUSTRALIA PTY LTD,81050220016,337946762,16621460,4986438,2024-25
MINPROVISE INTERNATIONAL PTY LTD,65167931768,145698173,4770634,976767,2024-25
MINTEGO PTY. LIMITED,98054957587,328043187,1338270,401481,2024-25
MIPS INSURANCE PTY LTD,81089048359,106476995,2946104,883831,2024-25
MIRAIT TECHNOLOGIES AUSTRALIA PTY. LIMITED,16089894502,108554669,,,2024-25
MIRVAC LIMITED,92003280699,2300627188,18610089,5441428,2024-25
MISHTALEM PTY LTD,27155986922,126776803,2215406,100771,2024-25
MITCHELL SERVICES LTD,31149206333,194934129,8489993,2546998,2024-25
MITCHELL WATER AUSTRALIA PTY LTD,16097612149,123034617,21899749,6569925,2024-25
MITEK AUSTRALIA LTD,98004564587,170690570,47436311,12898293,2024-25
MITSUBISHI DEVELOPMENT PTY LTD,17009779873,7232026884,907381841,263995978,2024-25
MITSUBISHI ELECTRIC AUSTRALIA PTY LTD,58001215792,578595548,49576853,14873056,2024-25
MITSUBISHI HEAVY INDUSTRIES AIR CONDITIONERS AUSTRALIA PTY LTD,92133980275,327857362,25587055,7331893,2024-25
MITSUBISHI MATERIALS (AUSTRALIA) PTY LTD,78001429349,120387747,35099093,10123311,2024-25
MITSUBISHI MOTORS AUSTRALIA LIMITED,53007870395,2796962245,186195766,55730534,2024-25
MITSUI & CO. (AUSTRALIA) LTD,64004349795,8827787231,3968872290,739545286,2024-25
MITSUI SUMITOMO INSURANCE COMPANY LTD,49000525637,182661050,21397728,6417372,2024-25
MITSUI-ITOCHU IRON PTY LTD,84008702761,1962840342,452618295,135785488,2024-25
"MIZUHO BANK, LTD., SYDNEY BRANCH",83099031106,1705774421,323028702,96908611,2024-25
MJCP HOLDINGS PTY LIMITED,65626875349,165653010,4335793,1300738,2024-25
MKD TRANSCORP PTY LTD,46089072891,101462620,11658490,3497547,2024-25
ML RESOURCES PTE LTD,,390068040,3189340,446816,2024-25
MLC LIMITED,90000000402,2081862332,13542756,,2024-25
MLG OZ LIMITED,53102642366,547658352,33699636,10109891,2024-25
MMG AUSTRALIA LIMITED,23004074962,1394808452,302437125,85673548,2024-25
MML HOLDINGS LIMITED,55084402380,4881984529,365101577,109344311,2024-25
MMS BC8 JV PTY LTD,49677409504,130999580,,,2024-25
MNT PTY LTD,92606743266,408777664,31599441,9479832,2024-25
MOBIL PNG GAS HOLDINGS PTY LTD,35008633707,984069199,3334966,1000490,2024-25
MOBILE CONCRETE HOLDING PTY LTD,85674428034,127260772,23437526,7031258,2024-25
MOBIS PARTS AUSTRALIA PTY LIMITED,34107778156,268390570,23971836,7147916,2024-25
MODEC MANAGEMENT SERVICES PTE LTD,18109283810,114285496,6469274,1940782,2024-25
MODERN STAR HOLDINGS TOPCO PTY LTD,92639348655,368898471,42173865,12652160,2024-25
MODERNA AUSTRALIA PTY LIMITED,65650204872,110535797,45176189,10902437,2024-25
MODSCAPE HOLDINGS PTY LTD,31617645182,132641530,9050719,2715216,2024-25
MODULAR MINING SYSTEMS PTY LIMITED,15007297501,112179063,34336228,8930604,2024-25
MOET HENNESSY AUSTRALIA PTY LIMITED,26104454604,350757940,15620667,4686200,2024-25
MOFFAT GROUP PTY LTD,92069691407,240058793,45979788,12665503,2024-25
MOGUL STUD PTY LTD,16000331840,108215776,23273493,6982048,2024-25
MOLNLYCKE HEALTH CARE PTY LTD,65096897657,107045665,3692053,1107616,2024-25
MONADELPHOUS GROUP LIMITED,28008988547,2113315708,143844966,41957256,2024-25
MONASH IVF GROUP LTD,90169302309,225483334,,,2024-25
MONDE NISSIN (AUSTRALIA) PTY LTD,25169518325,298279843,,,2024-25
MONDELEZ AUSTRALIA GROUP CO PTY LTD,53147371846,4038883746,103403810,29627066,2024-25
MONEYME LIMITED,29636747414,203225849,,,2024-25
MONEYSPOT FINANCE PTY LTD,29166488197,120728717,5532563,1659769,2024-25
MONFORD GROUP PTY LTD,89145210895,162243048,,,2024-25
MONSTER ENERGY AU PTY LTD,84132571638,169328184,26175506,7852652,2024-25
MONTESSORI ACADEMY GROUP HOLDINGS PTY LTD,42631760275,144683324,12676142,3802843,2024-25
MONTU GROUP PTY LTD,35634198360,402901606,29568277,7020057,2024-25
MONZA HOLD CO PTY LTD,23672598499,109444373,10068798,2567852,2024-25
MOODYS GROUP AUSTRALIA PTY LTD,54129182485,103810183,45443153,13632946,2024-25
MOORELEX PTY LTD,31110296341,109432661,5666161,1699848,2024-25
MOORGATE CONSOLIDATED PTY LTD,80667198405,480359205,22800653,,2024-25
MOOROOKA MOTOR GROUP PTY LTD,36050411875,104417687,810984,237902,2024-25
MORAN HOLDINGS (NO.2) PTY LIMITED,54124561360,113442907,,,2024-25
MORE TELECOM PTY LTD,23165518589,128772970,,,2024-25
MORELLO TOPCO PTY LTD,62671720095,314247554,8584440,,2024-25
MORGAN PASTORAL PTY LTD,27115390488,344466093,,,2024-25
MORGAN STANLEY AUSTRALIA FINANCE PTY LIMITED,84086080015,734827592,108575406,32572622,2024-25
MORGANS HOLDINGS (AUSTRALIA) LIMITED,80050413682,355966104,31806950,9539908,2024-25
MORRISON AUSTRALIA PTY LIMITED,39073922102,195378128,124829416,36564698,2024-25
MORT & CO HOLDINGS LTD,54606165128,958555130,,,2024-25
MORTGAGE HOUSE PTY LIMITED,65129091372,339864507,,,2024-25
MOSAIC CONSTRUCTION PTY LTD,49161541957,243555714,1029297,308789,2024-25
MOSSOP GROUP PTY LTD,52008018540,272715190,9898264,2969479,2024-25
MOTORCYCLE HOLDINGS LIMITED,29150386995,624745693,29138391,8741517,2024-25
MOTOROLA SOLUTIONS AUSTRALIA PTY LTD,16004742312,517859040,35253353,4818208,2024-25
MOTORS GROUP (GLEN WAVERLEY) PTY LTD,85164997228,138588553,6231956,1869587,2024-25
MOTT MACDONALD AUSTRALIA PTY LTD,13134120353,348441945,7876800,1845124,2024-25
MOTUS AUSTRALIA PTY LTD,79113527263,972811846,17451102,5235331,2024-25
MOUNT PRICHARD & DISTRICT COMMUNITY CLUB LIMITED,98000458622,247349752,150944,,2024-25
MOY INVESTMENT PTY LTD,11169154572,918934752,,,2024-25
MP AUSTRALIA HOLDINGS PTY LTD,37156629211,563789858,,,2024-25
MPA HOLDINGS (AUST) PTY LIMITED,20609473421,308306893,13328447,3998534,2024-25
MPC KINETIC HOLDINGS PTY LTD,68626678911,534738090,115398958,34619687,2024-25
MPD DAIRY PRODUCTS PTY LTD,55001442520,402524490,19328965,5798682,2024-25
MPH HOLDINGS PTY LIMITED,15001731148,127259894,1124276,337283,2024-25
MQG HOLDING PTY LTD,46670797967,115069933,4654869,1396461,2024-25
MS OPERATIONS PTY LTD,37673801262,267126371,8256373,2411579,2024-25
MSM MILLING PTY LTD,57115070150,178895155,4042606,1212782,2024-25
MT CUTHBERT RESOURCES PTY LTD,56140474693,121166084,,,2024-25
MT GELLIBRAND WIND FARM HOLDINGS PTY LTD,92614414701,197467538,,,2024-25
MT MARION LITHIUM PTY LTD,67138805722,483075178,,,2024-25
MTD PRODUCTS AUSTRALIA PTY LTD,96004873572,129405061,9050521,2715156,2024-25
MTR CORPORATION (SYDNEY) SMCSW PTY LTD,53615158122,247319803,9574007,2872202,2024-25
"MUFG BANK, LTD.",75103418882,2071939624,395546739,118664022,2024-25
MUFG PENSION & MARKET SERVICES HOLDINGS PTY LIMITED,27120964098,370072423,3777134,1115750,2024-25
MUIR GROUP PTY LTD,16004732656,381728542,3601719,961374,2024-25
MULAWA HOLDINGS PTY LIMITED,18000259834,450281439,1842878,552863,2024-25
MULPHA AUSTRALIA LIMITED,44002888039,373160305,,,2024-25
MULTI MARKET SERVICES AUSTRALIA HOLDINGS PTY LTD,50000026228,576186860,55072593,16521705,2024-25
MULTI-COLOR AUSTRALIA HOLDINGS PTY LTD,28129274719,214916121,16280945,4884284,2024-25
MULTIGATE MEDICAL PRODUCTS PTY LTD,98003283529,254694023,19219171,5678767,2024-25
MULTIMEDIA TECHNOLOGY PTY LTD,91058914784,157566873,2571057,771317,2024-25
MULTIQUIP POULTRY PTY LTD,36086089616,212777646,8134061,2440218,2024-25
MULTIVAC AUSTRALIA PTY LTD,40112608116,109455759,5701795,1710538,2024-25
MULWARRA EXPORT PTY LTD,65079120415,110553700,5945479,1772562,2024-25
MUNCHENER RUCKVERSICHERUNGS GESELLSCHAFT,90009763526,2157495645,477046501,130425785,2024-25
MUNDIPHARMA PTY LIMITED,87081322509,116676018,23361983,7008595,2024-25
MUNICH HOLDINGS OF AUSTRALASIA PTY LTD,80000159651,1398532094,1100966,,2024-25
MUNTULGURA GURUMA PTY LTD,27169850882,102310497,12348086,3704426,2024-25
MURRAY ENGINEERING PTY LTD,21119603655,163945170,,,2024-25
MUTUAL MARKETPLACE PTY LTD,35615297820,203765837,1998540,599562,2024-25
MYER HOLDINGS LIMITED,14119085602,3174553122,35822732,10743797,2024-25
MYLAN AUSTRALIA HOLDING PTY LTD,52127537302,653222523,33426383,10027915,2024-25
MYOB GROUP CO PTY LTD,23630725825,611456924,34573073,,2024-25
MYSTATE LIMITED,26133623962,639439586,57591240,17277372,2024-25
N G P PARRA HOLDINGS PTY LTD,72649626602,312164003,16749677,5024903,2024-25
N.H.P. HOLDINGS PROPRIETARY LIMITED,21004745644,531553402,34240878,10272263,2024-25
NACG AUSTRALIA HOLDINGS PTY LTD,48650762913,655356646,25114242,7409644,2024-25
NAMOI COTTON LIMITED,76010485588,485939575,,,2024-25
NANDO'S AUSTRALIA PTY LTD,20079066407,290135687,,,2024-25
NANOSONICS LIMITED,11095076896,146194197,55140133,720272,2024-25
NAPA TOPCO PTY LTD,66654627504,164667260,20117064,6035119,2024-25
NASDAQ AUSTRALIA HOLDINGS PTY LTD,15145262371,335312941,72407138,21100336,2024-25
NATIONAL AUSTRALIA BANK LIMITED,12004044937,53909770502,7602708154,2263849284,2024-25
NATIONAL AUTO AND TRANSPORT GLASS SUPPLIES AUSTRALASIA PTY LTD,89662902114,101156712,29254329,8776299,2024-25
NATIONAL CAN INDUSTRIES PTY LTD,89006266799,115729913,,,2024-25
NATIONAL GROUP CORPORATION PTY LTD,32629791153,308432494,,,2024-25
NATIONAL JET EXPRESS PTY LTD,46063561482,233938344,4773416,1432025,2024-25
NATIONAL PUMP & ENERGY PTY LTD,83098812492,108169194,16500330,4897251,2024-25
NATIONAL ROADS & MOTORISTS ASSOCIATION LIMITED,77000010506,1054076781,109017993,29499701,2024-25
NATIONAL STORAGE HOLDINGS LIMITED,38166572845,386642046,45198202,13559461,2024-25
NATIONAL TILE CO PTY LTD,57007381599,198090519,,,2024-25
NATURAL NINE B V,,214021786,51963568,15589070,2024-25
"NAVANTIA S.A., S.M.E.",74127634217,109882787,920518,276155,2024-25
NAVIGATOR GLOBAL INVESTMENTS LIMITED,47101585737,167342255,354309,,2024-25
NBN CO LIMITED,86136533741,7003371282,,,2024-25
NCIG HOLDINGS PTY LTD,98124700483,914219311,390437141,117131142,2024-25
NCR AUSTRALIA PTY LIMITED,61000003592,151958245,23058486,6917546,2024-25
NCSI (AUSTRALIA) PTY LIMITED,38089983317,245093625,,,2024-25
NDC HOLDCO PTY LTD,13654148188,197539204,12617696,3785309,2024-25
NEC AUSTRALIA PTY LTD,86001217527,280440839,,,2024-25
NEGU PTY LTD,22637047066,1485351254,1460061143,,2024-25
NEPEAN CONVEYORS PTY LIMITED,47003794885,103296638,15667058,4700117,2024-25
NEP-GTV HOLDCO PTY LTD,34167517660,206373373,,,2024-25
NES FIRCROFT AUSTRALIA PTY LTD,58100091245,433735225,4049984,1214995,2024-25
NESTE AUSTRALIA PTY LTD,99636657488,239873547,11580605,3474182,2024-25
NESTLE AUSTRALIA LIMITED,77000011316,2869543124,117284618,22864228,2024-25
NETAPP AUSTRALIA PTY LTD,14092499431,292434857,51477594,15443278,2024-25
NETCOMM WIRELESS PTY LTD,85002490486,144690696,,,2024-25
NETFLIX AUSTRALIA PTY LTD,81601296771,1409848983,45882212,8430843,2024-25
NETWEALTH GROUP LIMITED,84620145404,324447343,147813545,44343466,2024-25
NETWORK FINANCE COMPANY PTY LTD,17617869511,704945543,26326,7898,2024-25
NETWORK TEN ALL ACCESS PTY LTD,60629391117,158724279,,,2024-25
NEUMANN STEEL PTY LTD,59009818035,155684300,3410651,966887,2024-25
NEUREN PHARMACEUTICALS LIMITED,72111496130,225221573,178012836,46031209,2024-25
NEW AIM PTY LTD,50115804432,358470310,12713106,143877,2024-25
NEW BALANCE AUSTRALIA PTY LTD,65003049296,241130572,11840980,3552294,2024-25
NEW CENTENARY PTY LTD,21168183864,272690137,6862407,2058722,2024-25
NEW FOOD COATINGS PTY LTD,51002604042,240942176,33046626,9072351,2024-25
NEW HOPE CORPORATION LIMITED,38010653844,1967610245,374199399,111894296,2024-25
NEW TOWN (WA) PTY LTD,51057584595,270681493,11705763,3511729,2024-25
NEW ZEALAND MILK (AUSTRALASIA) PTY LTD,23003502654,2447809572,76176,,2024-25
NEWBALE CLOTHING PTY LIMITED,33136405091,103938943,8601075,2580322,2024-25
NEWCASTLE GREATER MUTUAL GROUP LTD,96087651992,1384137955,136416561,40924968,2024-25
NEWCOLD MELBOURNE PTY LIMITED,81609728083,109781850,,,2024-25
NEWCOLD TRANSPORT HOLDING PTY LTD,12670217768,111757380,3109858,932901,2024-25
NEWELL AUSTRALIA PTY LTD,68075071233,264583555,3125944,867379,2024-25
NEWFURN FLOOR COVERINGS LTD,63004650668,172106308,,,2024-25
NEWGEN KWINANA HOLDINGS PTY LTD,68116576955,254403465,,,2024-25
NEWMONT AUSTRALIA PTY LTD,95099040507,7498474908,1236041493,363175734,2024-25
NEWPOL CONSTRUCTION PTY LTD,54160365417,105361402,14197593,4259278,2024-25
NEWS AUSTRALIA HOLDINGS PTY LIMITED,32105197028,1886287823,310408656,,2024-25
NEX BUILDING GROUP PTY LTD,59089524050,1377626362,60736680,18221004,2024-25
NEXANS AUSTRALIA HOLDING PTY LTD,52122486195,477174924,,,2024-25
NEXANS NORWAY AS,21111250465,150138731,8053208,2415962,2024-25
NEXT GREEN GROUP PTY LTD,39656555636,249407296,4815783,1444735,2024-25
NEXT PAYMENTS PTY LTD,59160985106,130924231,5593832,1678150,2024-25
NEXTDC LIMITED,35143582521,461668083,,,2024-25
NEXUS DAY HOSPITAL HOLDINGS PTY LTD,75165809101,239264113,,,2024-25
NEXUS MINING PTY LTD,45606201969,110088417,,,2024-25
NGP INVESTMENTS NO 1 PTY LTD,80001495352,355038877,162113901,9192437,2024-25
NH FOODS AUSTRALIA PTY LTD,87001548401,1275706746,5782764,1734829,2024-25
NIB HOLDINGS LIMITED,51125633856,3326045597,203711146,59665968,2024-25
NICK SCALI LIMITED,82000403896,342804056,73705646,22089826,2024-25
NIDO EDUCATION LIMITED,12650967703,167996746,6107826,1832348,2024-25
NIGHTOWL (QLD) PTY LTD,75149469483,109859586,,,2024-25
NIKE AUSTRALIA PTY LTD,99055141743,893961111,21626729,6488019,2024-25
NINE ENTERTAINMENT CO. HOLDINGS LIMITED,60122203892,2267581254,290509867,76719189,2024-25
NINTENDO AUSTRALIA PTY LIMITED,43060566083,238769205,13273110,3981933,2024-25
NIPPON STEEL AUSTRALIA PTY. LIMITED,64001445049,1619963597,997632364,295500631,2024-25
NISSAN MOTOR CO (AUSTRALIA) PTY LTD,54004663156,2439285192,110605783,32065280,2024-25
NMG HOLDINGS PTY LTD,19651498716,179826644,,,2024-25
NO 1 ROOFING & BUILDING SUPPLIES PTY LTD,54102699972,185680740,21415872,6424762,2024-25
NO WAY BACK PTY LIMITED,55609275176,226009833,17242306,5172692,2024-25
NOBLE DRILLING AUSTRALIA PTY LTD,55106414108,110400019,3720020,1116006,2024-25
NOBLEOAK LIFE LIMITED,85087648708,732268278,,,2024-25
NOJA POWER SWITCHGEAR PTY LTD,21099412807,160994634,66267754,14724065,2024-25
NOKIA SOLUTIONS AND NETWORKS AUSTRALIA PTY LTD,74122172365,811133331,9101446,2730434,2024-25
NOLAN MEATS PTY LTD,81096869304,319681777,35512887,10568556,2024-25
NORCO CO-OPERATIVE LIMITED,17009717417,788036000,437992,,2024-25
NORCO WHOLESALERS PTY LTD,78003630055,654810525,,,2024-25
NORINCHUKIN AUSTRALIA PTY LIMITED,57617251617,382607279,82814402,24844321,2024-25
NORITZ AUSTRALIA PTY LTD,71603048308,161441847,15575950,4672785,2024-25
NORMET ASIA PACIFIC PTY LTD,73119159625,158345550,4157219,1247166,2024-25
NORRIS ENTERPRISES PTY LTD,92001917853,144142730,27647357,3624494,2024-25
NORSKE SKOG INDUSTRIES AUSTRALIA LIMITED,50003902985,277535001,,,2024-25
NORSTAR RECYCLING PTY LTD,37125250151,150907278,29771926,8931578,2024-25
NORTH CONSTRUCTION & BUILDING PTY LIMITED,15147507702,126958077,1777795,533338,2024-25
NORTH HARBOUR HOLDINGS PTY LTD,28101569457,140472804,59213532,17764060,2024-25
NORTH JACKLIN PTY LTD,79058224972,118826302,6243546,1873064,2024-25
NORTH QUEENSLAND EXPORT TERMINAL HOLDINGS PTY LTD,17154644685,352127038,10373924,3112177,2024-25
NORTH SHORE PROPERTY CONSTRUCTION PTY LTD,85146011903,105689250,,,2024-25
NORTHERN OIL REFINERIES PTY LTD,47151738966,129387851,32373729,9712119,2024-25
NORTHERN STAR RESOURCES LTD,43092832892,5514670352,1057768443,317204303,2024-25
NORTHROP GRUMMAN AUSTRALIA PTY LIMITED,78156458981,386474685,33447915,,2024-25
NORTHWESTERN ROADS GROUP PTY LTD,21169328330,697667473,155348269,46604481,2024-25
NORTON GOLD FIELDS PTY LTD,23112287797,850342472,,,2024-25
NOTE PRINTING AUSTRALIA LIMITED,86082630671,185542950,12247208,3674162,2024-25
NOUMI LIMITED,41002814235,593618573,,,2024-25
NOUS GROUP PTY LTD,66086210344,119525480,,,2024-25
NOV AUSTRALIA PTY LTD,77004449478,135365482,7395767,1975550,2024-25
NOVA AEROSPACE PTY LTD,11090818214,434550689,6040203,1759054,2024-25
NOVA ENTERTAINMENT RADIO INVESTMENTS PTY LIMITED,64603324929,193505229,15731027,1578641,2024-25
NOVA INVESTMENT & TRADING PTY LTD,36614947974,106618269,442238,132671,2024-25
NOVARTIS AUSTRALIA PTY LIMITED,81004371224,752559068,63947157,14221248,2024-25
NOVO NORDISK PHARMACEUTICALS PTY LIMITED,40002879996,906541743,72247408,11814496,2024-25
NOVOTECH AUS HOLDCO PTY LIMITED,29621142283,214590984,42054361,12255748,2024-25
NOW FINANCE GROUP HOLDINGS LIMITED,54651802596,167068739,9211354,2763406,2024-25
NP AUSTRALIA PTY LTD,46162670279,150808301,9657643,2897293,2024-25
NPPA GROUP PTY LTD,66112193129,102138647,976905,293072,2024-25
NRI AUSTRALIA HOLDINGS PTY LTD,40621613385,618599408,7432650,,2024-25
NRW HOLDINGS LIMITED,95118300217,3172457142,220512934,65171316,2024-25
NSC (AUSTRALIA) PTY LTD,71607111268,498129725,50423337,15127001,2024-25
NST INVESTMENT PTY LTD,26112693562,127941748,4804059,1441218,2024-25
NSW ELECTRICITY NETWORKS FINANCE PTY LTD,66609171913,533681964,,,2024-25
NSW PORTS FINANCE CO PTY LIMITED,83161943497,309735995,123502,37051,2024-25
NTAW HOLDINGS LTD,97095843020,531271185,,,2024-25
NTC WISMETTAC AUSTRALIA PTY LTD,46159428681,100857972,,,2024-25
NTI LIMITED,84000746109,192695055,3607474,1082242,2024-25
NTT AUSTRALIA PTY LTD,65003371239,1471777433,,,2024-25
NUFARM LIMITED,37091323312,1432445254,18584269,,2024-25
NUFSED HOLDINGS PTY LTD,83100811005,139946322,23166740,6950022,2024-25
NUIX LIMITED,80117140235,129185478,,,2024-25
NUTRICIA AUSTRALIA PTY LTD,99076246752,396195816,8222769,2466831,2024-25
NUTRITION & BIOSCIENCES AUSTRALIA PTY LTD,59000716469,107633739,2536254,760876,2024-25
NUTRITION WAREHOUSE PTY LTD,17128438755,142171902,3958846,1187654,2024-25
NUTTING INVESTMENTS PTY LTD,33112137032,117777782,4510047,1351036,2024-25
NW PEOPLE GROUP PTY LTD,47134737812,183217712,3210670,262124,2024-25
NX BLUE PTY LTD,34629711771,101270947,12065083,3619525,2024-25
NXE AUSTRALIA PTY LIMITED,85625190990,2929433938,891403,,2024-25
NYRSTAR HOBART PTY LTD,49124818113,256957326,,,2024-25
NYRSTAR PORT PIRIE PTY LTD,31008046428,519114128,,,2024-25
O.E. & D.R. POPE PTY LTD,17007645810,131043004,8349357,2504807,2024-25
OAKBRIDGE PTY LIMITED,67000230419,1712685801,517878425,142737578,2024-25
OAKDALE MEAT CO PTY LTD,24619477888,238455510,410766,123230,2024-25
OATLANDS CAPITAL PTY LIMITED,35667811314,129602659,,,2024-25
OBJECTIVE CORPORATION LIMITED,16050539350,130030780,36447098,902274,2024-25
O'BRIEN GROUP AUSTRALIA PTY LTD,29051538197,110786328,10740440,3222132,2024-25
OCEANEERING AUSTRALIA PTY LTD,53005031685,111439017,,,2024-25
OCHRE HEALTH GROUP PTY LIMITED,58114468405,117815730,,,2024-25
OCS GROUP AUSTRALIA PTY LTD,24100515106,110240658,,,2024-25
OCTOPUS DEPLOY PTY. LTD.,69160339186,102483332,11614945,,2024-25
OCWEN ENERGY PTY LTD,44605178578,1499371340,11727671,3244015,2024-25
OFFSHORE REINSURER (BERMUDA) COMPANY LIMITED,68977393511,1058818553,,,2024-25
OFX GROUP LIMITED,12165602273,137188603,26923250,,2024-25
OGOG (OTWAY) HOLDINGS PTY LTD,51628945657,337386155,156715396,47014619,2024-25
OJI OCEANIA MANAGEMENT (AUS) PTY LTD,52169111362,201886589,,,2024-25
OLAM INVESTMENTS AUSTRALIA PTY LTD,17124391920,502015160,31482750,9378158,2024-25
OLAM ORCHARDS AUSTRALIA PTY LTD,15139442532,854415310,,,2024-25
OLDMAC T PTY LTD,58126291165,232476900,13866117,4159835,2024-25
OLYMPUS AUSTRALIA PTY LTD,90078493295,179613250,16070467,4821140,2024-25
OMC AUSTRALIA PTY LTD,39004663094,173100785,1025292,307588,2024-25
OMEGA MATERIALS HANDLING PTY LIMITED,75069624031,316979516,6988036,2096411,2024-25
OMN INVESTMENTS PTY. LTD.,26119990064,463549736,30528142,9158443,2024-25
OMNI BRIDGEWAY LIMITED,45067298088,358160476,,,2024-25
OMNI EXECUTIVE PTY LTD,31160925413,101544635,60224,18067,2024-25
OMNICOM MEDIA GROUP AUSTRALIA PTY LTD,74129754883,471673985,45902282,13584531,2024-25
OMNICOTTON AUSTRALIA PTY LTD,42160380316,120123283,2779692,833908,2024-25
OMYA AUSTRALIA PTY LIMITED,97001682533,133363881,13742045,4122614,2024-25
ONCORE GROUP HOLDINGS PTY LTD,83137343349,495282147,68775,20632,2024-25
ONE MEA HOLDINGS PTE. LTD,,104268303,102712328,30813698,2024-25
ONE STOP WAREHOUSE PTY LTD,46161849323,456022393,314906,94472,2024-25
ONEFORTYONE PLANTATIONS HOLDINGS PTY LTD,42159689942,693160923,21680699,6504210,2024-25
ONESUBSEA AUSTRALIA HOLDINGS PTY LTD,82162438333,162091803,5746688,1431470,2024-25
ONLINE EDUCATION SERVICES PTY LTD,75148177959,260636691,40353038,12105911,2024-25
ONTEX MANUFACTURING PTY LTD,16145822528,152654071,4928371,1478511,2024-25
OOH!MEDIA LIMITED,69602195380,584724892,68376969,20462723,2024-25
OPEN TEXT PTY LTD,98071903010,213287888,11757358,3527207,2024-25
OPIC AUSTRALIA PTY LTD,66008603487,372336934,,,2024-25
OPTEON GROUP HOLDINGS LIMITED,20616574755,146763787,33753675,10126102,2024-25
OPTIMUS GROUP AUSTRALIA PTY LTD,19628862840,228103591,14792030,3820143,2024-25
OPTIVER AUSTRALIA HOLDINGS PTY LIMITED,35077364286,2229012330,557210994,127393811,2024-25
OPUS GROUP PTY LTD,48006162876,104418492,9854450,2956335,2024-25
ORA BANDA MINING LTD,69100038266,405958769,,,2024-25
ORBIT HOMES (QUEENSLAND) PTY LTD,93064726905,132411514,11539853,3461956,2024-25
ORBIT HOMES AUSTRALIA PTY LTD,11080735771,171826955,6988773,2096632,2024-25
ORD MINNETT INVESTMENTS LTD,63635706759,284537605,54041943,16212583,2024-25
OREANA PROJECT MANAGEMENT PTY LTD,33614630349,179735332,10529857,3158957,2024-25
ORGANON PHARMA PTY LTD,54637107512,188093919,8229297,2468789,2024-25
ORICA LIMITED,24004145868,3077128327,152785935,,2024-25
ORICA MINING SERVICES PILABRA PTY LTD,65158151369,476755506,1503570,451071,2024-25
ORIENTAL MERCHANT PTY LTD,34007368925,455370558,46481998,13944599,2024-25
ORIGIN ENERGY LIMITED,30000051696,18954941523,1812336277,198614592,2024-25
ORIX AUSTRALIA CORPORATION LIMITED,79002992681,402985621,,,2024-25
ORORA LIMITED,55004275165,1743843730,26062463,1216451,2024-25
OROTONGROUP PTY LIMITED,14000038675,137714369,3098990,929697,2024-25
ORRO HOLDCO PTY LTD,12653127514,178940377,469160,140748,2024-25
OSAKA GAS AUSTRALIA PTY LTD,49093246381,335735105,55780764,2516574,2024-25
OSCAR ALUMINIUM HOLDINGS PTY LTD,74650522811,102037478,6893196,901067,2024-25
OSM AUSTRALIA PTY LTD,38165549879,206664244,7952327,2385698,2024-25
OSMOSIS HOLDINGS AUSTRALIA I PTY LTD,59650740266,335479173,22162696,1576990,2024-25
OTIS ELEVATOR COMPANY PTY LIMITED,56002873065,420525296,33845425,10132517,2024-25
OTTLEY LIVESTOCK HOLDINGS PTY LTD,94635361321,386166537,2444196,733259,2024-25
OUR VACATION CENTRE PTY LTD,54105542176,130460418,,,2024-25
OUTCOMEX PTY LTD,73614725736,132868593,4142468,,2024-25
OUTDOOR ADVENTURE HOLDINGS PTY LTD,89650966466,115349672,,,2024-25
OUTDOOR SUPACENTRE PTY LTD,30609212624,440302491,19222277,5766683,2024-25
OUTSOURCING OCEANIA HOLDINGS PTY LIMITED,20628356141,684911383,17444993,5233498,2024-25
OVERSEA-CHINESE BANKING CORP LTD,94073598035,1023729703,60560246,18168074,2024-25
OWENS GROUP AUSTRALIA PTY LTD,30054141472,120929284,9826970,2948091,2024-25
OXWORKS TRADING PTY LTD,81145873909,118465621,6744501,2023350,2024-25
OZ GROUP CO-OP LIMITED,73482255177,278172302,1003324,300997,2024-25
OZCAR PTY LTD,98052221299,199073147,,,2024-25
P.G.A GROUP PTY LTD,83005265921,217918582,97453204,23594198,2024-25
P.M.T. SECURITY SYSTEMS PTY LTD,14005822097,119911698,4348612,1304584,2024-25
P20 ESG ACQUISITION PTY LTD,93638769963,551508770,,,2024-25
PACCAR AUSTRALIA PTY LTD,43004669667,2153415000,402499713,118889552,2024-25
PACIFIC 2021 TOPCO G PTY LIMITED,38649860177,845443219,,,2024-25
PACIFIC 2021 TOPCO H PTY LIMITED,88650622941,115867513,,,2024-25
PACIFIC GROUP TOPCO PTY LIMITED,85644302492,203715713,22271327,,2024-25
PACIFIC HYUNDAI PTY LTD,95106247492,100649815,998583,299565,2024-25
PACIFIC INVEST DECEMBER 2004 PTY LTD,58112150973,1109095564,30299839,9089952,2024-25
PACIFIC LIFE RE (AUSTRALIA) PTY LTD,91601822431,630640415,,,2024-25
PACIFIC MEAT HOLDINGS PTY LTD,57121494399,193873727,11163658,3349097,2024-25
PACIFIC SMILES GROUP LTD,42103087449,196880283,22351173,6705352,2024-25
PACIFIC WEST FOODS AUSTRALIA PTY LTD,87069569517,224681289,25789971,7736991,2024-25
PACT CONSTRUCTION PTY LTD,14108015747,203058950,,,2024-25
PACT GROUP HOLDINGS LIMITED,55145989644,1686497069,19766283,,2024-25
PADDY POWER AUSTRALIA PTY LTD,83133081491,2118303486,232835261,64077663,2024-25
PAGAC CHICKEN TENDERS HOLDINGS IV PTY LIMITED,88634718602,243885702,11427976,3428393,2024-25
PAGAC URBAN II (AUSTRALIA) PTY LTD,38646152785,101627818,12029469,3608841,2024-25
PALADIN ENERGY LTD,47061681098,127087082,6257799,,2024-25
PALLAS GROUP PTY LIMITED,61618981892,165700265,12276097,3682829,2024-25
PALM LAKE WORKS HOLDINGS PTY LTD,43150532335,219908257,,,2024-25
PALMIRA HOLDINGS GROUP PTY LTD,12672810589,126460362,184570,55371,2024-25
PALO ALTO NETWORKS (AUSTRALIA) PTY LTD,43160218379,360255408,15281585,4584476,2024-25
PAMSIM PTY LTD,34083219318,250721864,13062184,3918655,2024-25
PANASONIC AUSTRALIA PTY LIMITED,83001592187,292085745,5789547,1736864,2024-25
PANAUST LIMITED,17011065160,325637480,14718976,4415693,2024-25
PANDROL AUSTRALIA PTY LIMITED,90000061227,191655149,26687217,8006165,2024-25
PANTHER TOPCO PTY LTD,79626390136,210613876,7514211,2254263,2024-25
PANTORO GOLD LIMITED,30003207467,361979957,,,2024-25
PAPER AUSTRALIA PTY LTD,63061583533,1669627499,,,2024-25
PAPER FORCE (OCEANIA) PTY LTD,84109526776,132936137,4666747,1400024,2024-25
PARAGON CARE LIMITED,76064551426,3471636211,,,2024-25
PARAMOUNT MACHINERY (BROWNS) PTY LTD,31007668617,109920704,12187213,1989497,2024-25
PARAWAY PASTORAL COMPANY LIMITED,14122572641,396452808,,,2024-25
PARC ENGINEERING PTY LTD,91624974385,168355230,,,2024-25
PARK FREIGHT INTERNATIONAL PTY LTD,84001954203,177818429,4059665,1217900,2024-25
PARK24 AUSTRALIA PTY LTD,58616101341,192831129,,,2024-25
PARKER HANNIFIN AUSTRALIA HOLDING PTY LIMITED,61117010107,242648089,46420076,13926023,2024-25
PARKSIDE HOLDINGS PTY. LTD.,54009827365,144854554,11942669,3582801,2024-25
PARKVIEW CERBERUS PTY LTD,44119071135,407876406,,,2024-25
PARRAMATTA LEAGUES CLUB LIMITED,52000218655,144685633,,,2024-25
PARRATECH GROUP PTY LTD,91634192920,214641705,65848081,19754424,2024-25
PARTOUT PTY LTD,52009071103,259325544,22908029,6872409,2024-25
PASTEL HOLDINGS PTY LTD,33168929566,925170435,130514716,39142373,2024-25
PATDOVE PTY LIMITED,29003657029,131688782,4079881,1019970,2024-25
PATHEON BIOLOGICS AUSTRALIA PTY LTD,33141099041,137549805,7058739,2117622,2024-25
PATRI INVESTMENTS PTY LTD,70124646546,133979482,26110968,7833290,2024-25
PATTERSON BUILDING GROUP PTY LIMITED,71109697207,139152232,3806736,1137887,2024-25
PAUL HARTMANN PTY LIMITED,35000099589,156561998,8725972,2617792,2024-25
PAUL WAKELING MOTOR GROUP PTY LTD,47119908780,377778210,7881367,2364410,2024-25
PAWBOY PTY LTD,75135778415,215890796,17593026,5277908,2024-25
PAYLOAD INDUSTRIES PTY LTD,96611121610,239656546,33518625,10055588,2024-25
PAYME AUSTRALIA PTY LTD,80130125334,107372098,460030,138009,2024-25
PAYNTERS PTY LTD,32060951162,320170158,14160672,4248202,2024-25
PAYPAL AUSTRALIA PTY LTD,93111195389,1011034467,67949952,20384986,2024-25
PBE RUTHERFORD MINING PTY LTD,73622492826,117012911,9309462,2269214,2024-25
PBH AUSTRALIA HOLDING COMPANY PTY LIMITED,53164608646,153001053,50555422,15152438,2024-25
PCL CONSTRUCTORS PACIFIC RIM PTY LTD,74140877792,197649646,5796130,1738839,2024-25
PE WHEATSTONE PTY LTD,53158341612,944103928,,,2024-25
PEABODY AUSTRALIA HOLDCO PTY LTD,61154820130,3442630916,298180395,66423097,2024-25
PEACO FOODS PTY LTD,28645333393,156722591,94096,28229,2024-25
PEACOCK PROPERTIES PTY LTD,68606822922,117439090,3839285,1151786,2024-25
PEARL CORPORATION OF AUSTRALIA PTY.LTD.,33009623081,308979062,21107622,5962484,2024-25
PEARSON AUSTRALIA HOLDINGS PTY LTD,62103243858,267669603,10204241,,2024-25
PEBMAC PTY LTD,48010621851,278376964,12350338,3705101,2024-25
PEDAL GROUP PTY LTD,67131402278,334006686,10722399,3216720,2024-25
PEET LIMITED,56008665834,388824804,59842779,16506387,2024-25
PELICAN ACQUISITION COMPANY PTY LTD,94146841027,457954244,22700620,6810186,2024-25
PEMBROKE OLIVE DOWNS PTY LTD,53611674376,566020837,,,2024-25
PENDLE HAM & BACON CURERS PARTNERSHIP (A LIMITED PARTNERSHIP),22867600434,107849286,3249651,974895,2024-25
PENGUIN RANDOM HOUSE AUSTRALIA PTY LTD,28004815703,291013964,21685999,5424841,2024-25
PENINSULA AUSTRALIA PTY LTD,40145676026,197558680,52428091,15677173,2024-25
PENRITE OIL CO. PTY. LTD.,25005001525,358884288,89364739,26809422,2024-25
PENRITH CITY AUTOMOTIVE PTY LTD,31091198631,290040446,18846574,5653972,2024-25
PENRITH RUGBY LEAGUE CLUB LTD,57000578398,133935057,,,2024-25
PENSKE TRANSPORTATION GROUP INTERNATIONAL PTY LTD,42164850355,1278876488,87157025,25664502,2024-25
PENTAIR AUSTRALIA HOLDINGS PTY LIMITED,71168775826,155257196,16614143,4984243,2024-25
PEOPLEIN LIMITED,39615173076,951711389,11804461,2805576,2024-25
PEPPER MONEY LIMITED,55094317665,1705702733,157421295,46994440,2024-25
PEPSICO FOODS GROUP PTY LIMITED,71122527137,2054702050,92487746,26009629,2024-25
PERCY STREET PTY LTD,83644820020,283592997,12445672,3733702,2024-25
PERDAMAN CHEMICALS AND FERTILISERS (FINANCE) PTY LTD,50654233388,220801230,,,2024-25
PERENTI LIMITED,95009211474,1953886170,8940583,,2024-25
PERILYA LIMITED,85009193695,410527354,,,2024-25
PERKAL PTY LTD,43009283363,116243848,6699064,2009719,2024-25
PERKINS (WA) PTY LTD,60008844862,137156103,7646018,2293805,2024-25
PERNOD RICARD PACIFIC HOLDING PTY LTD,16003678484,650976542,,,2024-25
PERPETUAL LIMITED,86000431827,823070200,,,2024-25
PERRIGO AUSTRALIA PTY LIMITED,15141623403,104096956,8338722,2501617,2024-25
PERRON INVESTMENTS PTY LTD,48000003976,1206939699,715540915,209049906,2024-25
PERROWOOD PTY. LTD.,86006724750,109719549,2344496,586124,2024-25
PERSEUS MINING LIMITED,27106808986,649769278,3654683,,2024-25
PERSOL AUSTRALIA HOLDINGS PTY LTD,58620794130,3381567949,64471433,19341430,2024-25
PERTH AIRPORT DEVELOPMENT GROUP PTY LTD,53076286630,796029753,187554912,56266474,2024-25
PET CARE HOLDINGS AUSTRALIA PTY LTD,77000060364,9551922538,191670195,57083637,2024-25
PETCO HOLDING INVESTMENTS PTY LTD,23675432550,155946635,,,2024-25
PETER G WARD INDUSTRIES PTY LIMITED,82002306149,148185114,15283925,4585178,2024-25
PETER WARREN AUTOMOTIVE HOLDINGS LIMITED,57615674185,1940285988,18130541,2656354,2024-25
PETRO NATIONAL PTY LTD,83606401325,726310406,3919337,1175801,2024-25
PETROCHINA INTERNATIONAL (AUSTRALIA) PTY LIMITED,67618641697,758757467,6781278,2034383,2024-25
PETROFAC FACILITIES MANAGEMENT LTD,51138094470,318171053,29792801,8937840,2024-25
PETROLEUM HELICOPTERS AUSTRALIA PTY LIMITED,48154419628,269992491,3463705,1039112,2024-25
PETRONAS AUSTRALIA PTY LIMITED,25064998867,1722256975,,,2024-25
PETSTOCK PTY LTD,80098394588,672246190,2503210,210398,2024-25
PEUKER & ALEXANDER PTY LTD,84004328750,105588888,7457854,2237356,2024-25
PEXA GROUP LTD,23629193764,348165353,40953841,,2024-25
PF GROUP HOLDINGS PTY LTD,71622776765,164160227,,,2024-25
PF HOLDCO PTY LTD,66646201489,102680011,9752778,2925833,2024-25
PFD FOOD SERVICES PTY LTD,29006972381,1146635468,25011003,7503301,2024-25
PFG PROPERTIES PTY LTD,93100371220,160657311,,,2024-25
PFG TOPCO 1 PTY LTD,35604317875,908728899,14768821,2268732,2024-25
PFH NOMINEES PTY LTD,49673598902,1365440593,,,2024-25
PFIZER AUSTRALIA INVESTMENTS PTY LTD,86146429138,867559442,104354648,31306394,2024-25
PHARM-A-CARE LABORATORIES PTY LTD,99003468219,414006523,48165082,13172785,2024-25
PHILIP MORRIS (AUSTRALIA) LIMITED,68004316901,3088074231,76592302,22977691,2024-25
PHILIP USHER CONSTRUCTIONS PTY LTD,38011008101,312391987,108514090,32551529,2024-25
PHILIP YATES FAMILY HOLDINGS PTY LTD,69610437119,193499166,61316066,16220229,2024-25
PHILIPS ELECTRONICS AUSTRALIA LIMITED,24008445743,506325941,4075244,1222573,2024-25
PHOENIX LITHIUM (CAYMAN ISLANDS),19670731718,2854057390,,,2024-25
PHOSPHATE RESOURCES LIMITED,77009396543,107680750,1259447,377834,2024-25
PIACENTINI & SON PTY LTD,18008797715,346361014,,,2024-25
PICKERING CORPORATION PTY LTD,31125213738,345167257,10310893,3093268,2024-25
PIKA HOLDCO PTY LTD,56652787150,237792950,44023972,13207192,2024-25
PIL AUSTRALIA PTY LTD,65051866409,228766613,3916444,1174933,2024-25
PILATUS AUSTRALIA PTY LTD,51083791708,122979876,,,2024-25
PILBARA MINERALS LIMITED,95112425788,892230146,,,2024-25
PIMCO AUSTRALIA PTY LIMITED,54084280508,228859147,83351612,25005484,2024-25
PIMS MINING PTY LTD,93129008046,116416032,12064166,3619250,2024-25
PINDAN TOPCO PTY LTD,73659167218,131835338,,,2024-25
PINNACLE DIVERSITY PTY LTD,87614496196,136107693,20729835,6218950,2024-25
PINNACLE INVESTMENT MANAGEMENT GROUPLIMITED,22100325184,215584728,180382065,7834994,2024-25
PIONEER SAIL HOLDINGS PTY LTD,45617844569,5073220541,662872594,151445390,2024-25
PIP AUSTRALIA PTY LTD,13632076487,221658777,17615429,5284629,2024-25
PIPEMAKERS AUSTRALIA PTY LTD,76061712365,243664222,21754185,6398757,2024-25
PIRANHA HOLDCO PTY LTD,28662228373,830231570,18620689,1408920,2024-25
PIRELLI TYRES AUSTRALIA PTY LTD,63001784014,165476832,5323205,1596962,2024-25
PIRTEK FLUID SYSTEMS PTY LTD,71001824166,116911916,42799012,12839704,2024-25
PISA HOLD CO 1 PTY LTD,73648536341,127765965,,,2024-25
PITT STREET DEVELOPER NORTH PTY LTD,42635396824,389147050,,,2024-25
PIVOTEL GROUP PTY LIMITED,85102274322,117648471,2895275,106630,2024-25
PJ MORRIS WOOLS PTY LTD,57008767968,149657063,1215691,346450,2024-25
PKMC ADELAIDE PTY LIMITED,91620982694,484018558,30069812,8592373,2024-25
PLANTATION PINE PRODUCTS AUSTRALIA PTY LTD,63124724269,104617091,13559575,4067872,2024-25
PLASIA HOLDCO PTY LTD,97646084184,676669976,38921055,10562332,2024-25
PLATINUM OPERATIONS PTY LTD,66140741153,214100561,8957150,2687145,2024-25
PLATO INCOME MAXIMISER LIMITED,63616746215,110264362,56177739,,2024-25
PLENARY GROUP HOLDINGS PTY LTD,20607311946,253224742,1247863,,2024-25
PLENTI GROUP LIMITED,11643435492,264432432,,,2024-25
PLUMBERS SUPPLIES CO-OPERATIVE LIMITED,55053236436,125541882,,,2024-25
PLUSH-THINK SOFAS PTY LTD,55080012595,104503134,25244478,7573343,2024-25
PM CAPITAL GLOBAL OPPORTUNITIES FUND LIMITED,17166064875,273010912,122700875,29819676,2024-25
PMT PTY LTD,37611351412,132455939,1810624,543187,2024-25
PO STREET CAPITAL PTY LTD,78626706410,1094646697,2033173,609952,2024-25
POLARIS (CAYMAN ISLANDS),72670731503,926994864,,,2024-25
POLARIS MARINE GROUP PTY LTD,16672372333,101285043,,,2024-25
POLARIS SALES AUSTRALIA PTY LTD,62088081949,152846107,6609108,1982732,2024-25
POLICE & NURSES LIMITED,69087651876,508755264,50100778,14720849,2024-25
POLICE BANK LTD,95087650799,150379968,23016666,6638829,2024-25
POLICE FINANCIAL SERVICES LIMITED,33087651661,176771756,17261321,5128038,2024-25
POLLY HOLDCO PTY LTD,58627160794,396780868,,,2024-25
POLY (AUSTRALIA) REAL ESTATE DEVELOPMENT PTY LIMITED,96603324689,302374739,,,2024-25
POLYAIRE HOLDINGS PTY LTD,59007766369,275744799,28383668,8515100,2024-25
POLYMER DIRECT PTY LTD,72153304280,175033167,4625612,1387684,2024-25
POMONA VALLEY CONSOLIDATED PTY LTD,84649518169,162634431,,,2024-25
POOLROOM HOLDCO PTY LTD,93671797201,189264528,,,2024-25
PORSCHE CARS AUSTRALIA PTY LIMITED,67004327048,1397716771,203710671,60957763,2024-25
PORT MELBOURNE INVESTMENTS PTY LTD,73668744232,162631648,12599405,3779822,2024-25
PORT OF NEWCASTLE INVESTMENTS PTY LIMITED,55169132441,222731489,,,2024-25
PORT WARATAH COAL SERVICES LTD,99001363828,424136131,135890746,40170992,2024-25
PORTA PRODUCTS PTY LTD,31003246357,1037532111,161426720,48428016,2024-25
PORTBIRD PTY LTD,79137937083,161100053,6148072,1785903,2024-25
PORTER EQUIPMENT AUSTRALIA PTY LTD,94150961934,171495987,,,2024-25
POSCO AUSTRALIA PTY LTD,54002062160,356153856,276985156,40456456,2024-25
POSTVILLE PTY LTD,23057201626,113335796,6682376,2004713,2024-25
POULTRY N MORE (AUST) PTY LTD,42142888015,116334792,6359748,1907924,2024-25
PPC MOULDING SERVICES PTY LIMITED,47127519966,108021278,17601345,3769420,2024-25
PPD AUSTRALIA PTY LIMITED,43077675373,141953591,8773097,2608491,2024-25
PPG INDUSTRIES AUSTRALIA PTY LTD,82055500939,537348908,6354913,1351129,2024-25
PPT INVESTMENTS PTY LTD,80000868860,669143128,11447759,3434328,2024-25
PR HOLDINGS PTY LIMITED,55003098299,204619804,6189151,1350645,2024-25
PRAEMIUM LTD,74098405826,105079145,15579009,4317959,2024-25
PRATT CONSOLIDATED HOLDINGS PTY LTD,43104958581,4236540537,5343716,,2024-25
PRECISE AIR GROUP (HOLDINGS) PTY LTD,37604902203,168588791,,,2024-25
PRECISION ADMINISTRATION SERVICES PTY LTD,47098977667,260873876,,,2024-25
PREKARO PROJECTS PTY LTD,51167285261,101512571,10592721,3177816,2024-25
PREMIAIR FUELS PTY LTD,74112110022,117719382,1520982,456295,2024-25
PREMIER COAL HOLDINGS PTY LTD,89158560911,887833223,116883779,34885775,2024-25
PREMIER FRESH AUSTRALIA PTY LTD,87004843556,527350932,1994920,273178,2024-25
PREMIER INVESTMENTS LIMITED,64006727966,1171405909,263541372,66263157,2024-25
PREMIUM FLOORS AUSTRALIA PTY LTD,15152867984,407320427,17713213,4952223,2024-25
PREMIUM GRAIN HOLDINGS PTY LTD,74644519102,105507761,8320586,2496176,2024-25
PRESTIGE AUTO TRADERS AUSTRALIA PTY LTD,11105105771,279022135,4969524,1490857,2024-25
PRESTIGE CARS PTY LTD,59068818020,238215196,9458142,2837443,2024-25
PRESTIGE MOTORS (NORTHSHORE) PTY LIMITED,30135461497,199040853,1999937,599981,2024-25
PRESTIGE TOPCO PTY LTD,88660972770,529478702,7860092,,2024-25
PRICEWATERHOUSECOOPERS ASEANZ CONSULTING PTY LIMITED,77606603436,314762567,,,2024-25
PRICEWATERHOUSECOOPERS SECURITIES LTD,54003311617,196313147,,,2024-25
PRIMAPLAS PTY LIMITED,94003720474,321025023,16417636,4912604,2024-25
PRIME CONSTRUCTIONS PTY LTD,82002699032,186397758,17530703,4436281,2024-25
PRIMEWEST MOTOR HOLDINGS PTY LTD,30118114462,118872116,6496909,1949073,2024-25
PRISM METALS PTY LTD,86603756332,182405811,,,2024-25
PRO MEDICUS LIMITED,25006194752,189681688,150147370,36380676,2024-25
PROCAL DAIRIES PTY LTD,36103573806,113008844,5964438,1789331,2024-25
PROCTER & GAMBLE AUSTRALIA PTY LIMITED,91008396245,793019312,15384131,4347712,2024-25
PRODUCTO PTY LTD,41161263654,180025588,15577236,4600355,2024-25
PROJECT QUILL I PTY LTD,41617774017,854820003,,,2024-25
PROJEX BUILDING GROUP PTY LTD,77109570863,116055859,8293853,2488156,2024-25
PROK GLOBAL PTY LTD,88668784496,106967033,17740984,5307009,2024-25
PROMONTORIA FALCON HOLDING PTY LTD,15624187917,297235585,31642388,9492716,2024-25
PRONTO SOFTWARE LIMITED,47001337248,134077133,27533426,6311349,2024-25
PROPEL FUNERAL PARTNERS LIMITED,41616909310,173687090,21840718,5865376,2024-25
PROSPA GROUP LTD,13625648722,230331547,1081672,96938,2024-25
PROSSER 2015 PTY LTD,43606139164,517713690,12246456,3673937,2024-25
PROTECH GPS PTY LTD,60110148662,121512295,2460227,738068,2024-25
PROUDS JEWELLERS PTY LIMITED,99073053273,715550147,105501246,31650374,2024-25
PROVENCE GROUP HOLDINGS PTY LTD,66650515549,188706127,34521994,10356598,2024-25
PROVICO AUSTRALIA PTY LTD,20638686530,143015543,,,2024-25
PROXIMO APAC PTY LTD,15619807448,140386068,4396171,1318851,2024-25
PRP GROUP HOLDINGS PTY LIMITED,39663443801,283035812,29180845,8754254,2024-25
PRUDENTIAL ASSURANCE COMPANY SINGAPORE (PTE) LIMITED,,8957878609,,,2024-25
PRUDENTIAL INVESTMENT COMPANY OF AUSTRALIA PTY LTD,84004266817,132481502,12600517,3769520,2024-25
PRYSMIAN AUSTRALIA PTY LIMITED,36096594080,781576427,69943173,17618594,2024-25
PSGA PTY LTD,67106191039,176361006,5587103,1676131,2024-25
PT (2013) PTY LTD,85162030015,153157055,10873595,3262078,2024-25
PTH NO 1 PTY LTD,43611116155,936517792,217923692,65377108,2024-25
PU-FAM PTY LTD,66008752538,149248885,3404250,1021275,2024-25
PUIG OCEANIA PTY LTD,15614118348,138901435,13069341,3920802,2024-25
PULSE PARTNERS FINANCE PTY LIMITED,76627644893,118623126,,,2024-25
PUMA AUSTRALIA PTY LTD,52050539501,179148162,,,2024-25
PUMA ENERGY (AUSTRALIA) ASSETS HOLDINGS PTY LTD,24167119020,319835194,,,2024-25
PWTK HOLDINGS PTY LTD,66164537419,274072000,11365647,3409694,2024-25
PYFA AUSTRALIA PTY LTD,47672617588,137841265,2813382,844015,2024-25
PZ CUSSONS (HOLDINGS) PTY LTD,19000327873,327960107,28768239,8287105,2024-25
Q. AUTOMOTIVE GROUP PTY. LTD.,47010489460,455927958,22853529,5327308,2024-25
Q. H. & M. BIRT PTY LTD,15009963222,314858532,1659877,497963,2024-25
QANTAS AIRWAYS LIMITED,16009661901,23376151680,1908942491,567327934,2024-25
QATAR AIRWAYS GROUP (Q.C.S.C),18105742916,1410261617,,,2024-25
QBE INSURANCE GROUP LIMITED,28008485014,10827452032,425581862,100350695,2024-25
QCOAL PTY LTD,99010911234,785121617,20740039,6117748,2024-25
QGC UPSTREAM HOLDINGS PTY LIMITED,76130856843,6587044585,2749624382,824887315,2024-25
QGIF SWAN HOLDCO PTY LTD,64634920184,273749653,,,2024-25
QIC AGRIBUSINESS HOLDINGS PTY LTD,93612232112,346641588,,,2024-25
QIC GLOBAL INFRASTRUCTURE FUND (AUSTRALIA) NO.2 TRUST,93801605359,213516796,,,2024-25
QIC INFRASTRUCTURE PORTFOLIO NO. 2 TRUST,12154236871,326755803,1806890,542067,2024-25
QINETIQ PTY LTD,68125805647,273645942,4767448,1430234,2024-25
QMAG PTY LIMITED,68111279906,173802657,,,2024-25
QMETCO LIMITED,98008124025,322449279,422498037,,2024-25
QPE ALPHA 1 PTY LTD,29664130689,446936935,37053113,11115934,2024-25
QPE SPV 2 TOPCO PTY LTD,14645134443,210861573,17416084,5224825,2024-25
QPE7 3 TOPCO PTY LTD,78655966126,464166314,,,2024-25
QPEACQ 1 PTY LTD,52623421732,195484740,,,2024-25
QPH FINANCE CO PTY LTD,74146988454,155772169,15333,4600,2024-25
QPM ENERGY LIMITED,61125368658,125915834,,,2024-25
QS MAPS HOLDINGS NO. 3 PTY LTD,38163278500,129679323,23646921,7094076,2024-25
QSCAN GROUP HOLDINGS NEWCO PTY LTD,22645220328,322722060,33022757,9906827,2024-25
QUADRA COMMODITIES PTY. LTD.,91147853594,139571246,,,2024-25
QUALITAS DIVERSIFIED CREDIT INVESTMENTS PTY LTD,85660336069,133792553,,,2024-25
QUALITAS LIMITED,46655057588,113364970,60503680,18142517,2024-25
QUALITY LOGISTIC SERVICES AUSTRALIA PTY LTD,52107976250,172073417,3150410,876552,2024-25
QUARTZ REEF HILL INVESTMENTS PTY LTD,34612741812,562630565,47308435,13476405,2024-25
QUASAR RESOURCES PTY LTD,17101227070,727204781,,,2024-25
QUATTRO AUTOMOTIVE PTY LTD,11606545662,127972660,3698681,1109604,2024-25
QUAYCLEAN AUSTRALIA PTY LTD,40102238933,158613516,14011721,4203516,2024-25
QUBE HOLDINGS LIMITED,14149723053,4025578327,515984102,108512506,2024-25
QUDOS MUTUAL LIMITED,53087650557,418766832,28592990,8515619,2024-25
QUEENSLAND AIRPORTS LIMITED,61104121824,293513029,39633444,8117915,2024-25
QUEENSLAND ALUMINA LIMITED,98009725044,926049199,6319616,,2024-25
QUEENSLAND COUNTRY BANK LIMITED,77087651027,255770262,14889854,4356303,2024-25
QUEENSLAND NITRATES PTY LTD,63079889268,218035802,85773843,25732153,2024-25
QUEENSLAND VENUE CO PTY LTD,57079861626,553316823,73266673,21980002,2024-25
QUESTAS HOLDCO PTY LTD,85634069837,247689575,11652542,3493213,2024-25
QUICKWAY GROUP PTY LIMITED,25627274435,200735980,16883906,5065172,2024-25
QUIKSILVER AUSTRALIA PTY LTD,20091136195,341990408,,,2024-25
R & J BATTERIES PTY LTD,71151273675,148425797,12956048,3847384,2024-25
R&P MATTHEWS PTY LTD,42054660374,392012385,12881176,3864353,2024-25
R.G.M. MAINTENANCE PTY LTD,18100509484,103128045,4479166,1343750,2024-25
RA (HOLDINGS) 2014 PTY LTD,75603289792,346356421,,,2024-25
RA PARTNERSHIP HOLDING 1 PTY LTD,74610717407,376616407,42450406,11541566,2024-25
RABO AUSTRALIA LIMITED,39060452217,3008081799,397186813,119156044,2024-25
RACING AUSTRALIA CONSOLIDATED ENTERPRISES LTD,60653704002,125815221,2922487,,2024-25
RACQ INSURANCE LIMITED,50009704152,2126528471,139985711,41421847,2024-25
RACQ OPERATIONS PTY LTD,80009663414,717526513,110414286,,2024-25
RADLINK HOLDINGS PTY LTD,91137270421,145533530,4943030,1482909,2024-25
RAINFRESH VIC PTY LTD,21078482407,100218183,1863835,559150,2024-25
RAJ & JAI CONSTRUCTION PTY LTD,87098688218,148892268,,,2024-25
RALERU LTD,52002575340,136559677,790776,172947,2024-25
RALMANA PTY LTD,93009149106,214132564,8026382,2403208,2024-25
RALPH D'SILVA MOTOR GROUP PTY LTD,12119957676,200714064,2264132,679240,2024-25
RALPH LAUREN AUSTRALIA PTY LTD,61118847359,284027569,22920111,6876033,2024-25
RALPHS MEAT COMPANY PTY LTD,80080995777,168260033,7055103,2116531,2024-25
RAMELIUS RESOURCES LIMITED,51001717540,1226844283,529786230,158935869,2024-25
RAMPAGE RETAIL PTY LTD,66600817178,1019332384,3970805,1191242,2024-25
RAMSAY HEALTH CARE LIMITED,57001288768,6195075223,512488290,140802583,2024-25
RANDSTAD HOLDINGS PTY LIMITED,33098899855,1651160503,25812154,7743646,2024-25
RANGE MOTORS PTY LTD,69610865695,143843782,6152456,1845737,2024-25
RATCH-AUSTRALIA CORPORATION PTY LTD,31106617332,329354052,,,2024-25
RAUBEX CONSTRUCTION PTY LTD,12633148928,128199119,14727782,4418335,2024-25
RAVAGO AUSTRALIA PTY LTD,45120210782,172744444,10489219,1480099,2024-25
RAVENSDOWN SHIPPING SERVICES PTY LIMITED,37149142807,177342607,11993114,3597934,2024-25
RAVENSWOOD GOLD GROUP PTY LTD,18637523712,533705088,,,2024-25
RAYTHEON AUSTRALIA PTY LTD,35063709295,758519013,102172501,26514757,2024-25
RCC TOP COMPANY PTY LTD,48627184623,168524090,2904320,871296,2024-25
RDO AUSTRALIA GROUP PTY LTD,82169836533,953319519,12266136,3679841,2024-25
REA GROUP LIMITED,54068349066,1557173833,892073189,246878762,2024-25
READING ENTERTAINMENT AUSTRALIA PTY LTD,12070893908,131978735,4589119,1376736,2024-25
READY HOLDINGS PTY LTD,76167280060,105756284,21042956,5972000,2024-25
READYTECH HOLDINGS LIMITED,25632137216,114185939,22297288,3741903,2024-25
REAL FOODSERVICE PTY LTD,93667518845,157445570,2974223,892267,2024-25
REALWISE HOLDINGS PTY LIMITED,87059309161,1061100076,1034314768,299800268,2024-25
RECKITT BENCKISER HEALTHCARE AUSTRALIA PTY LIMITED,64000071278,865902237,38443304,11532991,2024-25
RECO SPRING PTE LTD,,244595887,458,,2024-25
RECO WESTPAR PTE LIMITED,,348640196,869862,260959,2024-25
RECOCHEM INC,69010485999,123310077,8589181,2576754,2024-25
RECYCLE AND RESOURCE HOLDINGS LIMITED,20649347302,686733281,,,2024-25
RECYCLING METAL INDUSTRIES PTY LIMITED,32084762381,249710995,2099014,629704,2024-25
RED BULL AUSTRALIA PTY LTD,67085840259,334096945,28109857,8432957,2024-25
RED DOT HOLDINGS PTY LTD,66123584618,349491288,18606686,5582006,2024-25
REDCAPE HOTEL TRUST II,62958405971,400316544,,,2024-25
REDFLEX HOLDINGS PTY LTD,96069306216,107644218,5536800,,2024-25
REDOX LIMITED,92000762345,1069581766,112005341,33479655,2024-25
REDPATH (AUSTRALIA) HOLDINGS PTY LTD,43133126682,711748596,860595,,2024-25
REDZED LENDING SOLUTIONS PTY LTD,31123588527,318352623,,,2024-25
REECE LIMITED,49004313133,3799975043,384036542,112145369,2024-25
REFINITIV AUSTRALIA PTY LTD,70002834237,195846797,5935873,1780762,2024-25
REFRESCO AUSTRALIA HOLDING PTY LTD,15663006282,333629820,14375522,4312657,2024-25
REGAL ASIAN INVESTMENTS LIMITED,58635219484,4542542635,5252412,,2024-25
REGAL PARTNERS GLOBAL INVESTMENTS LIMITED,91619660721,6607601868,6947673,,2024-25
REGAL PARTNERS LIMITED,33129188450,259583769,101574853,27393624,2024-25
REGAN HOLDINGS PTY LTD,61073039791,215822428,3073875,922162,2024-25
REGENT METAL GROUP PTY LTD,45639518933,101551148,844500,253350,2024-25
REGENT MOTORS PTY LTD,12008685087,484362449,47805161,4482749,2024-25
REGENT RV PTY LTD,19601581186,171163587,452982,135895,2024-25
REGIONAL AUSTRALIA BANK LTD,21087650360,243786228,27055902,8107276,2024-25
REGIS HEALTHCARE LIMITED,11125203054,1180990001,82416396,24724919,2024-25
REGIS RESOURCES LIMITED,28009174761,1674406926,306443225,91932968,2024-25
REGROUP AUSTRALIA PTY LTD,70646172358,133707723,,,2024-25
RE-GROW FINANCE PTY LTD,74144792085,159555050,146334386,12540096,2024-25
REID STOCKFEEDS PTY LTD,75004953673,181096454,1208939,362682,2024-25
REINFORCED CONCRETE PIPES AUSTRALIA (HOLDINGS) PTY LTD,49136810163,137520257,,,2024-25
RELIANCE RAIL FINANCE PTY LTD,23120380805,121257461,,,2024-25
RELIANCE WORLDWIDE CORPORATION LIMITED,46610855877,691671540,1226051,,2024-25
RELX HOLDINGS AUSTRALIA PTY LTD,19004323166,326079458,110456777,33137033,2024-25
REMA TIP TOP ASIA PACIFIC PTY LTD,63104702614,222594892,,,2024-25
REMEDY DRINKS PTY LTD,57609783066,162704106,8720976,2616293,2024-25
REMONDIS AUSTRALIA PTY LTD,95002429781,692517878,73194332,21958300,2024-25
RENAISSANCE INDUSTRIES PTY LTD,31654309832,190007797,4897748,1469324,2024-25
"RENAISSANCERE EUROPE AG, AUSTRALIA BRANCH",12146546661,117533084,33373957,10010003,2024-25
RENASCENT AUSTRALIA PTY LTD,53109220760,128326629,4804417,1341273,2024-25
RENESAS ELECTRONICS AUSTRALIA PTY LTD,34676799161,216652795,7213178,1916007,2024-25
RENTOKIL PTY LTD,61000143733,376341002,39658461,11897538,2024-25
RESEARCH AND DEVELOPMENT PTY LTD,30008676631,148588634,62072597,15277232,2024-25
RESIDENTIA HOLDINGS PTY LTD,17618920059,114650116,,,2024-25
RESIMAC GROUP LIMITED,55095034003,325686137,80114304,24034291,2024-25
RESMED HOLDINGS PTY LTD,28003765133,3051063672,1287090861,324531550,2024-25
RESOLUTION LIFE NOHC PTY LTD,48633375069,3408408269,318298581,24254422,2024-25
RESOURCE ENVIRONMENTAL SOLUTIONS PTY LTD,42601089614,152109072,11567790,3406052,2024-25
RESTAURANT BRANDS AUSTRALIA HOLDINGS PTY LTD,53611058701,284528028,5280678,1584203,2024-25
RETAIL FOOD GROUP LIMITED,31106840082,131979816,,,2024-25
REVLON AUSTRALIA PTY LTD,18095360731,179463859,16620599,4986180,2024-25
REWARD SUPPLY CO PTY LTD,40010183669,249490378,4500574,1350172,2024-25
REX GORELL FORD PTY LTD,75006175515,223441123,6047003,1814101,2024-25
REX GORELL PTY LTD,96006256668,102110787,2811087,843326,2024-25
REXEL HOLDINGS AUSTRALIA PTY LTD,17081022068,993872752,6973449,2092035,2024-25
RF GROUP HOLDINGS PTY LTD,64614297648,142617560,4985484,1495645,2024-25
RFI HOLDINGS LTD,81146014379,137586888,16842670,5043991,2024-25
RG RESTAURANTS PTY LTD,52611108911,225204561,25028281,7503702,2024-25
RGA AUSTRALIAN HOLDINGS PTY LTD,20071125507,647243064,,,2024-25
RGF STAFFING ANZ PTY LTD,84603568403,1703315504,35046504,8438676,2024-25
RHEINMETALL DEFENCE AUSTRALIA PTY LTD,62137668092,648139305,29230149,2025424,2024-25
RHEINMETALL MAN MILITARY VEHICLES AUSTRALIA PTY LTD,87114035595,113492080,19260807,2013850,2024-25
RHOMBERG AUSTRALIA PTY LTD,32118517052,103056708,6727,2018,2024-25
RIBSHIRE PTY LTD T/A GOODLINE,40085847892,210724312,10048235,3014470,2024-25
RICEGROWERS LIMITED,55007481156,1225165515,91716582,25408190,2024-25
RICHARD CROOKES CONSTRUCTIONS PTY LIMITED,33001375266,1550686144,,,2024-25
RICHEMONT AUSTRALIA PTY LTD,99003432504,589359192,38953155,11685946,2024-25
RICHLAND INVESTMENT GROUP PTY LTD,44668666859,117484480,22253315,6675994,2024-25
RICOH AUSTRALIA PTY LTD,30000593171,260190286,,,2024-25
RIDLEY CORPORATION LIMITED,33006708765,1286244087,58809394,17642818,2024-25
RIGHTSHIP PTY LTD,66098279068,123344074,4152679,,2024-25
RIMEX WHEEL PTY LTD,17078609122,111240496,11288404,3386521,2024-25
RINCON MINING PTY LIMITED,46088854639,106595394,106595431,2076069,2024-25
RINEHART DEVELOPMENTS PTY LTD,97654973583,425625771,668063,200419,2024-25
RINNAI AUSTRALIA PTY LTD,74005138769,337834680,62362247,17458414,2024-25
RIO TINTO LTD,96004458404,48060996420,18769485447,5240958556,2024-25
RIORDAN GROUP PTY LTD,35076271148,640303884,14615091,4384527,2024-25
RITCHIE BROS. HOLDINGS PTY LTD,27080895861,211692384,6454956,1936487,2024-25
RITCHIES STORES PROPRIETARY LIMITED,61005041814,1404440962,39387359,11816208,2024-25
RIVERGUM HOMES GROUP (AUST.) PTY LTD,62074736762,114536663,7078708,2106742,2024-25
RIVERINA (AUSTRALIA) PTY LIMITED,76010755254,449199398,6537155,1961146,2024-25
RIVERINA OILS & BIO ENERGY PTY LIMITED,25103697703,286527159,,,2024-25
RIVIERA AUSTRALIA PTY LTD,55139663906,355378635,25707752,7712326,2024-25
RIVIERA HOLDINGS (AUS) PTY LTD,96169709415,575913633,114727714,34024827,2024-25
RIVTOY PTY LTD,15002742412,102863904,3833666,1150100,2024-25
RIZON PTY LTD,52153718122,139911331,6052495,1815748,2024-25
ROAD TRAINS OF AUSTRALIA PTY LTD,97120775224,119023189,4101324,1230397,2024-25
ROBE RIVER MINING CO PTY LTD,71008694246,3215121309,1672916378,501688274,2024-25
ROBERT BOSCH (AUSTRALIA) PTY LTD,48004315628,1278477491,72212611,13990005,2024-25
ROBERT HALF AUSTRALIA PTY LIMITED,32081257052,129700265,9225870,2767761,2024-25
ROBERT WALTERS PTY LTD,18079521618,266243368,,,2024-25
ROBERTS CO (NSW) PTY LTD,61620108483,315582142,1232961,369888,2024-25
ROBINSON GRAIN TRADING CO. PTY. LTD.,71079213219,517443824,,,2024-25
ROBINSON ROAD ENTERPRISES PTY LTD,26009872173,199156525,9569221,2870766,2024-25
ROBSON CIVIL PROJECTS PTY LIMITED,62008430939,151883957,3625692,1087708,2024-25
ROC DON HOLDCO PTY LTD,81683191406,177683864,418428,16536,2024-25
ROC OIL COMPANY PTY LIMITED,32075965856,122108376,,,2024-25
ROCHE DIAGNOSTICS AUSTRALIA PTY LTD,29003001205,342399885,29946164,8983849,2024-25
ROCHE PRODUCTS PTY LIMITED,70000132865,637474967,40854702,12256411,2024-25
ROCK RIDGE FRESH PTY LTD,43623094084,115059762,3309547,992864,2024-25
ROCKTOWN PTY LTD,18122450711,142635822,14160421,4248126,2024-25
ROCKWELL AUTOMATION AUSTRALIA LIMITED,80005549477,203383911,14835635,4439199,2024-25
RODD & GUNN AUSTRALIA PTY LIMITED,11003714458,104004963,2372134,711640,2024-25
ROHLIG AUSTRALIA PTY LTD,51001191402,345004457,13633666,4090100,2024-25
ROHRIG GROUP PTY LTD,82127895532,234968774,13889813,4166944,2024-25
ROKON PTY LTD,21077599145,188132678,13905690,4171707,2024-25
ROLEX AUSTRALIA PTY LTD,47005956338,417341725,30068748,9020624,2024-25
ROLLEASE ACMEDA HOLDINGS PTY LTD,60602994016,114082387,18089816,5385588,2024-25
RON FINEMORE TRANSPORT PTY LTD,30106495087,279973881,42062659,12304513,2024-25
RONDO BUILDING SERVICES PTY LTD,69000289207,124507129,23448611,7034583,2024-25
ROSEDALE HOLDCO PTY LTD,90677058196,112136366,169303,50791,2024-25
ROSS HOUSE INVESTMENTS PTY LTD,98004360392,146341578,21830217,6447211,2024-25
ROSS LLEWELLYN MOTORS PTY LTD,81010428841,206996613,7970884,2391265,2024-25
ROTHWELL FAMILY FINANCES PTY LTD,95631498505,153798418,91081719,27324516,2024-25
ROY GRIPSKE & SONS PTY LTD,52009779140,110443330,7460467,2238140,2024-25
ROY HILL HOLDINGS PTY LTD,71123721077,7567417001,2739314222,821794267,2024-25
ROYAL AUTOMOBILE CLUB OF VICTORIA (RACV) LIMITED,44004060833,1205838065,228226147,,2024-25
ROYAL BANK OF CANADA,86076940880,1797555026,82414904,24724471,2024-25
ROYAL CANIN AUSTRALIA PTY LTD,88092020178,394373484,59372200,17811660,2024-25
ROYAL FOODS AUST PTY LTD,19130110048,142387834,5270200,1581060,2024-25
ROYAN GROUP HOLDCO PTY LIMITED,91638670238,148717239,12158942,3647683,2024-25
ROYSTON HOMES PTY LTD,56116651346,221254831,24685244,7405573,2024-25
RPMGLOBAL HOLDINGS LIMITED,17010672321,142823447,29176877,,2024-25
RS COMPONENTS PTY LIMITED,73009403356,120142382,5525308,1657592,2024-25
RSEA HOLDCO PTY LTD,80625934116,268664820,5788492,1736548,2024-25
RSGX HOLDINGS PTY LTD,66660849114,223601073,22337803,6216353,2024-25
RSK ENVIRONMENT AUSTRALIA PTY LTD,56652882730,257011020,7212054,2163616,2024-25
RTA HOLDCO AUSTRALIA 1 PTY LTD,17128762318,3457567695,47369823,,2024-25
RTCH PTY LTD,66616357487,1358524255,207829193,61460310,2024-25
RTL AUSTRALIA PTY LTD,97673839293,127300679,,,2024-25
RTL MINING AND EARTHWORKS PTY LTD,60152855135,134689428,11926138,3577841,2024-25
RTPDS AUS PTY LTD,21099346899,5200056999,7428628427,17099,2024-25
RUGBY FARMING GROUP PTY LTD,79135426434,184148862,12004256,3601277,2024-25
RUSSELL INVESTMENTS AUSTRALIA HOLDCO PTY LTD,99612159314,151778322,25828985,7748624,2024-25
RYCON PTY LTD,53005544810,121243139,10063359,2913789,2024-25
RYDE AUTOMOTIVE GROUP PTY LTD,79619139016,178544047,4075108,1222532,2024-25
RYMAN HEALTHCARE (AUSTRALIA) PTD LTD,44142241110,143031374,,,2024-25
RYOWA DEVELOPMENT II PTY LTD,22063780021,203786610,,,2024-25
S&P GLOBAL AUSTRALIA PTY LTD,18000473674,126870563,60020114,18006034,2024-25
SAAB TECHNOLOGIES AUSTRALIA PTY LTD,47002950790,439601921,63121786,18936536,2024-25
SADDLEBACK INVESTMENTS PTY LTD,96134978224,898436925,266892318,80067695,2024-25
SADLEIRS TRANSPORT CO (N S W) PTY LTD,19000936194,145487352,20315403,1808907,2024-25
SAFARI HOLDCO PTY LIMITED,48663371373,262521467,17717259,4460824,2024-25
SAFCOL AUSTRALIA PTY LTD,19052489924,178964962,11029197,3308759,2024-25
SAFECORP GROUP LTD,46006536661,143381824,30256134,8741280,2024-25
SAFETYCULTURE PTY LTD,16089180049,198966708,,,2024-25
SAFRAN HELICOPTER ENGINES AUSTRALIA PTY LTD,49063102198,114004530,4349402,1304821,2024-25
SAFT AUSTRALIA PTY LTD,53003462726,131342104,11907320,3572196,2024-25
SAGE GROUP HOLDINGS LTD,58093581330,216207092,11250718,2553405,2024-25
SAIC MOTOR AUSTRALIA PTY LTD,30608096519,1089090465,11757030,3527109,2024-25
SAINT GOBAIN HOLDCO PTY LTD,80676506040,1002531739,52597730,8008405,2024-25
"SAIPEM (PORTUGAL) COMERCIO MARITIMO, SOCIEDADE UNIPESSOAL, LDA",25100388458,213555704,,,2024-25
SAIPEM AUSTRALIA PTY LIMITED,17000544507,1171885969,,,2024-25
SAIZERIYA AUSTRALIA PTY LTD,31093080623,124504431,11143275,3342982,2024-25
SAL NATIONAL PTY LTD,21633189474,120567770,34690458,10407137,2024-25
SALINI AUSTRALIA PTY LTD,86158955885,2581058440,31978879,8803217,2024-25
SALTER BROTHERS HOSPITALITY REAL ESTATE COMPANY PTY LTD,11652043788,111532108,,,2024-25
SALTER BROTHERS HOTEL COMPANY LTD,80608745991,163189365,,,2024-25
SAMEX AUSTRALIAN MEAT CO PTY LTD,15008006602,235959783,14813685,4444106,2024-25
SAMIOS PLUMBING PTY LTD,91010360899,309677905,18246695,5474008,2024-25
SAMSONITE AUSTRALIA PTY LTD,31006363248,201696508,8335432,2500630,2024-25
SAMSUNG ELECTRONICS AUSTRALIA PTY LIMITED,63002915648,2918626724,113486737,34046021,2024-25
SAMSUNG SDS GLOBAL SCL AUSTRALIA PTY LTD,27169449996,150432406,1689954,506986,2024-25
SAMUEL SMITH & SON PTY LTD,64007534278,254995420,18018866,5145900,2024-25
SAN MIGUEL YAMAMURA AUSTRALASIA PTY LTD,49099994162,291916694,1203786,361136,2024-25
SANDFIRE RESOURCES LIMITED,55105154185,132704039,,,2024-25
SANDOZ PTY LTD,60075449553,392617580,10184132,3055240,2024-25
SANDRAN HOLDINGS PTY LIMITED,91002235725,152686728,30813913,9244174,2024-25
SANDS METRO REFRIGERATED DISTRIBUTION SERVICE PTY LTD,72168241512,113287921,,,2024-25
SANDVIK AUSTRALIA HOLDINGS PTY LTD,60003771373,2562824960,168317176,44898166,2024-25
SANOFI-AVENTIS AUSTRALIA PTY LTD,31008558807,1196410628,107490293,12653126,2024-25
SANOFI-AVENTIS HEALTHCARE PTY LTD,43076651959,119341716,,,2024-25
SANTOS LIMITED,80007550923,5117008013,,,2024-25
SANWA PTY LIMITED,96000904987,471513591,16772432,5031730,2024-25
SAP AUSTRALIA PTY LTD,26003682504,1438533615,56503159,16298148,2024-25
SAPPHIRE CATTLE COMPANY PTY LTD,14600389286,215243623,,,2024-25
SAPURA AUSTRALIA (HOLDINGS) PTY LTD,38153397374,261968323,5616850,1685055,2024-25
SARAH BUILD PTY LTD,38642026186,104589400,3832414,1149724,2024-25
SASS JOINT VENTURE COMPANY PTY LTD,86161929746,131483963,2937007,868068,2024-25
SATTERLEY MADORA BAY PTY LTD,40636428307,104876627,43576223,13072867,2024-25
SAUNDERS INTERNATIONAL LIMITED,14050287431,215547071,4641156,1392347,2024-25
SAVILLS (AUST) HOLDINGS PTY LTD,49059047371,133101289,,,2024-25
SAWICKI GROUP PTY LTD,39004855949,225573700,,,2024-25
SB ASSET MANAGEMENT PTY LTD,93111680963,109121001,600656,179715,2024-25
SCAN GLOBAL LOGISTICS PTY LTD,92089605694,100963349,5054491,1516347,2024-25
SCANIA AUSTRALIA PTY LTD,44000537333,820525534,58135485,17440646,2024-25
SCAPE AUSTRALIA MANAGEMENT PTY LTD,47603368609,139781296,59520285,17856086,2024-25
SCAPE CORE FUND OPERATOR PTY LTD,88636018641,291008841,,,2024-25
SCENTRE GROUP LIMITED,66001671496,4385850406,40053677,12016103,2024-25
SCHAEFER SYSTEMS INTERNATIONAL PTY LTD,99084230026,158049580,16837654,5051296,2024-25
SCHENKER AUSTRALIA PTY LIMITED,75000410211,753375708,23270422,6981127,2024-25
SCHIAVELLO CONSTRUCTION (NSW) PTY LTD,21068626764,104774255,4330185,1299056,2024-25
SCHIAVELLO CONSTRUCTION (SA) PTY LTD,74169525446,113681492,2932189,879657,2024-25
SCHINDLER LIFTS AUSTRALIA PTY LTD,19005838773,653107764,21498036,6449411,2024-25
SCHNEIDER ELECTRIC AUSTRALIA HOLDINGS PTY LTD,30105310781,1612406394,133775077,37811842,2024-25
SCHOLASTIC AUSTRALIA PTY LIMITED,11000614577,113695978,,,2024-25
SCHREDER AUSTRALIA PTY LTD,17604331937,100526550,5184210,1555263,2024-25
SCHUTZ AUSTRALIA PTY LTD,60090995958,116623916,17614618,5284385,2024-25
SCI-FLEET MOTORS PTY LTD,25057783749,949297046,57901164,17370349,2024-25
SCOR GLOBAL LIFE AUSTRALIA PTY LIMITED,83148897670,1410464561,,,2024-25
SCOR REINSURANCE ASIA PACIFIC PTE LTD AUSTRALIAN BRANCH,85071103092,213829212,57696596,16040069,2024-25
SCOTT PARK GROUP PTY LTD,42118798253,483807475,45599361,13339506,2024-25
SCREENTIME PTY LIMITED,67072710073,238472895,1008465,,2024-25
SCT GROUP HOLDINGS PTY LTD,39651271920,547613384,35407883,3577312,2024-25
SCYNE ADVISORY HOLDINGS PTY LIMITED,51669327397,212630503,,,2024-25
SDP HOLDCO PTY LIMITED,60158076843,248440996,54996749,16499025,2024-25
SDP SOLUTIONS PTY LTD,70108572032,135615119,1605169,481551,2024-25
SEAFRIGO AUSTRALIA PTY LTD,54163334067,163653548,3899913,1169974,2024-25
SEAGRASS HOLDCO PTY LTD,91634224936,190856293,,,2024-25
SEALED AIR AUSTRALIA (HOLDINGS) PTY LIMITED,74102261307,376349743,25847213,7529111,2024-25
SEALORD AUSTRALIA PTY. LIMITED,19001670864,174418027,33795143,4017505,2024-25
SEAROAD HOLDINGS PTY LTD,16123749655,223557035,,,2024-25
SEASONS INVESTMENTS HOLDINGS PTY LTD,83633221299,175868841,,,2024-25
SEAWAY HOLDINGS PTY LTD,82616470010,378820604,15827323,4584972,2024-25
SEDCO FOREX INTERNATIONAL LTD,44188717522,491889476,9153823,2746147,2024-25
SEDGWICK AUSTRALIA HOLDINGS PTY LIMITED,,137033651,,,2024-25
SEE GROUP PARENT PTY LTD,47626830206,663015791,63822113,19146634,2024-25
SEEK LIMITED,46080075314,1024853542,296787277,53581310,2024-25
SEELEY INTERNATIONAL PTY LTD,23054687035,173157035,6229769,,2024-25
SEI AUSTRALIA HOLDINGS PTY LTD,36133805820,371515251,68575033,20540861,2024-25
SEKISUI HOUSE AUSTRALIA HOLDINGS PTY LIMITED,71134688510,452624925,,,2024-25
SEKO AU HOLDINGS PTY LTD,98673682589,123936044,8431058,2529317,2024-25
SEKTOR LIMITED PARTNERSHIP,74297651095,187852100,4573424,1372027,2024-25
SEKURO LIMITED,14648798618,179796618,6429629,1928889,2024-25
SELECT ACCESS INVESTMENTS LIMITED,35101078111,710744141,,,2024-25
SELECT FRESH PROVIDORES PTY LIMITED,18149747446,122322601,25749,7725,2024-25
SELECT HARVESTS LIMITED,87000721380,466272575,,,2024-25
SELECTION STEEL TRADING PTY LTD,37005324407,234276955,3613397,1084019,2024-25
SELL & PARKER PTY LIMITED,98000101315,379379563,17880507,5364152,2024-25
SENEX HOLDINGS PTY LTD,45656318759,308485080,,,2024-25
SEPHORA AUSTRALIA PTY LTD,37169030737,339585308,,,2024-25
SEQUOIA FINANCIAL GROUP LIMITED,90091744884,127683969,5200334,1401194,2024-25
SEQUOIA MATERIALS INDUSTRY GROUP AUSTRALIA PTY LTD,84639803839,200144025,52364,15709,2024-25
SERCO GROUP PTY LTD,55061889763,1482998755,63731852,17953709,2024-25
SERGUN PTY LTD,52154889031,174640732,76157,22847,2024-25
SERV FINCO PTY LTD,16627986476,152891870,,,2024-25
SERVCO AUSTRALIA CAIRNS PTY LTD,96136856614,287596945,21624380,6487314,2024-25
SERVCO AUSTRALIA CALOUNDRA PTY LTD,56000223021,123182474,8921916,2676575,2024-25
SERVCO AUSTRALIA DUBBO PTY LTD,41124473454,128482338,7164436,2149331,2024-25
SERVCO AUSTRALIA MELBOURNE CITY PTY LTD,96616073226,461088631,11842021,3552606,2024-25
SERVCO AUSTRALIA MELVILLE PTY LTD,39622157706,334496657,15362972,4608892,2024-25
SERVCO AUSTRALIA MORNINGSIDE PTY LTD,29127812604,148537714,5789112,1736734,2024-25
SERVCO AUSTRALIA MOTORAMA INVESTMENTS PTY LTD,38672081631,501332998,13146271,3324595,2024-25
SERVCO AUSTRALIA MOTORAMA MOOROOKA PTY LTD,11673148797,202107728,7874169,2362251,2024-25
SERVCO AUSTRALIA TAMWORTH PTY LTD,28628011905,149058179,6205693,1861708,2024-25
SERVICE STREAM LIMITED,46072369870,2446200389,132721712,36704014,2024-25
SERVICENOW AUSTRALIA PTY LTD,88149683312,715944874,6767130,2030139,2024-25
SERVO PRODUCTIONS 10 PTY LTD,96671510884,110208820,,,2024-25
SETIA (MELBOURNE) DEVELOPMENT COMPANY PTY LTD,61143464804,147908241,23271268,6981380,2024-25
SEV.EN GLOBAL INVESTMENTS PTY LTD,52661272233,861205028,,,2024-25
SEVEN WEST MEDIA LIMITED,91053480845,1313361876,11742671,2959597,2024-25
SEW-EURODRIVE PTY LTD,27006076053,149489093,14782607,4434782,2024-25
SFDC AUSTRALIA PTY LIMITED,91109182989,1941049127,185871400,55761420,2024-25
SG FLEET GROUP LIMITED,40167554574,834379252,25052862,7515859,2024-25
SG FLEET TOPCO LIMITED,59682621003,174953564,22062592,6618778,2024-25
SGH LIMITED,46142003469,11026528878,988732576,273971858,2024-25
SGH PETROLEUM PTY LTD,22123131555,200959212,2134930,640479,2024-25
SGL HOTELS PTY LTD,74627068526,139696215,,,2024-25
SGS AUSTRALIA HOLDINGS PTY LTD,46004269023,340606308,,,2024-25
SGSP (AUSTRALIA) ASSETS PTY LTD,60126327624,2371076799,328221440,91733950,2024-25
SHADFORTH FINANCE PTY LTD,35627187437,119189233,120656538,4732706,2024-25
SHADFORTH'S CIVIL PTY LTD,68162606377,911349303,35674624,10702387,2024-25
SHAMROCK CIVIL ENGINEERING PTY LTD,68066655856,209491276,6582805,1974842,2024-25
"SHANGHAI ELECTRIC POWER DESIGN INSTITUTE CO., LTD.",23613315610,220420992,,,2024-25
SHANGRI-LA INVESTMENTS (AUSTRALIA) PTY LIMITED,15146016033,139130089,,,2024-25
SHAPE AUSTRALIA CORPORATION LIMITED,14654729352,956864853,33010031,9793486,2024-25
SHAPE HOMES PTY LTD,39619008874,102913965,2345130,703539,2024-25
SHARKNINJA PTY LTD,87147260197,197264468,4399402,1319821,2024-25
SHARTON MOTORS PTY LTD,55001345384,206674963,9794728,2938418,2024-25
SHAVER SHOP GROUP LIMITED,78150747649,219324368,17008599,5102580,2024-25
SHAW AND PARTNERS LIMITED,24003221583,186242546,8304614,2491384,2024-25
SHAW OF AUSTRALIA PTY LTD,75000075383,188556970,1587003,476101,2024-25
SHEIN DISTRIBUTION AUSTRALIA PTY LIMITED,38653503023,1230380721,22860062,6858019,2024-25
SHELDON & HAMMOND PTY LIMITED,90076567989,136467330,20704332,6199388,2024-25
SHELFORD CONSTRUCTIONS PTY LTD,17051265546,161295480,9731120,2919336,2024-25
SHELL ENERGY HOLDINGS AUSTRALIA LIMITED,69054260776,15421178382,4609295189,1360332394,2024-25
SHELLEY TOPCO PTY LTD,94634291375,230744455,,,2024-25
SHERRIDON PTY LTD,14127439132,211125032,31036645,9310994,2024-25
SHERRIFF ELECTRICAL PTY LTD,63010059837,185781574,17768690,5330607,2024-25
SHIMANO OCEANIA HOLDINGS PTY LTD,45002926918,101369260,9998547,2999564,2024-25
SHIMAO AOYA HOLDING PTY LTD,90611955607,119662606,30446847,9134054,2024-25
SHINE JUSTICE LTD,93162817905,200088809,8130115,2375775,2024-25
SHINE TOPCO PTY LTD,13677487188,247544783,23270654,6981196,2024-25
SHIYING AGRICULTURAL AUSTRALIA HOLDING PTY LTD,34617716097,124884568,41837156,12551147,2024-25
SHUTTERSTOCK AUS COMPANY PTY LTD,67672062369,174551601,,,2024-25
SIBANYE AUSTRALIA PTY LTD,44665665798,380333048,,,2024-25
SIEMENS ENERGY PTY LTD,69636537409,973315373,58123469,17389343,2024-25
SIEMENS HEALTHCARE PTY LTD,83604853938,759120279,49406930,14818607,2024-25
SIEMENS LTD.,98004347880,963662760,133009613,37831481,2024-25
SIGMA ALDRICH OCEANIA PTY LTD,29112895708,141716787,4427966,1328390,2024-25
SIGMA HEALTHCARE LIMITED,15088417403,4957157705,2003567,,2024-25
SIKA AUSTRALIA PTY LTD,12001342329,311736903,32305697,9691709,2024-25
SILICON METAL COMPANY OF AUSTRALIA PTY LTD,73009401736,199663496,14325337,4297601,2024-25
SILK LOGISTICS HOLDINGS LIMITED,45165867372,573915673,13571554,4071466,2024-25
SILTECH PMR PTY LIMITED,17164783402,278156288,2537771,761331,2024-25
SILVER CHEF RENTALS PTY LTD,33112241522,162134440,24151953,7245586,2024-25
SIME DARBY INDUSTRIAL AUSTRALIA PTY LTD,56153652594,4672137459,219781438,65085951,2024-25
SIME DARBY MOTORS RETAIL AUSTRALIA PTY LIMITED,37158278883,531725023,,,2024-25
SIMON GEORGE & SONS PTY LTD,55104866284,196577763,7543852,2263156,2024-25
SIMON TRANSPORT PTY LTD,24009898159,136593064,15307290,4592187,2024-25
SIMONDS GROUP LIMITED,54143841801,665648086,,,2024-25
SIMPLOT AUSTRALIA (HOLDINGS) PTY LIMITED,23070571934,1640540558,77230601,18646511,2024-25
SIMS LIMITED,69114838630,1470153257,25529046,,2024-25
SINCH COMMUNICATIONS PTY LTD,31112676132,224660380,25396597,7165865,2024-25
SINGAPORE TELECOM AUSTRALIA INVESTMENTS PTY LIMITED,69096686190,8318716290,,,2024-25
SINGPOST LOGISTICS AUSTRALIA HOLDINGS PTY LTD,59609291330,320981311,15967163,3904520,2024-25
SINO GAS & ENERGY PTY LIMITED,75115316599,382920464,,,2024-25
SINO IRON HOLDINGS PTY LTD,43118791772,2717440024,,,2024-25
SINOPEC INTERNATIONAL (AUSTRALIA) PTY LIMITED,69163459701,364440065,,,2024-25
SINOPEC OIL AND GAS AUSTRALIA PTY LTD,94130568553,927207194,1507552198,161608054,2024-25
SIRROM CORPORATION GROUP PTY LTD,50154271780,165328514,1392648,417794,2024-25
SIRVA (ASIA PACIFIC) PTY LTD,48005944187,153808496,829276,120501,2024-25
SIS AUSTRALIA HOLDINGS PTY LTD,65132211459,909388852,21971356,6462184,2024-25
SITEMINDER LIMITED,59121931744,120513255,,,2024-25
SJ HIGGINS PTY LTD,14005648395,210546996,30058666,9017600,2024-25
SKF AUSTRALIA PTY LTD,87004236855,143049596,3191510,957453,2024-25
SKIER CAPITAL PTY LTD,43672261031,228019795,56484312,6151924,2024-25
SKS TECHNOLOGIES GROUP LIMITED,24004554929,260946521,22953486,6886046,2024-25
SKY WOOL AUSTRALIA PTY LIMITED,22112372773,132816819,,,2024-25
SKYCITY AUSTRALIA PTY LIMITED,67090828612,212613070,,,2024-25
SLATER AND GORDON LIMITED,93097297400,257214748,,,2024-25
SLB AUSTRALIA HOLDINGS PTY LTD,37141037925,888986940,88240632,26472190,2024-25
SLECO PTY. LTD.,25007893781,592281108,20201854,5842351,2024-25
SLR CONSULTING AUSTRALIA PTY LTD,29001584612,147129911,5721918,1716575,2024-25
SM HOLDCO PTY LTD,20659224058,165654817,43584061,13075218,2024-25
SMA AUSTRALIA PTY LIMITED,44127198761,252079044,6401107,1224448,2024-25
SMARTGROUP CORPORATION LTD,48126266831,326205829,100738859,29943087,2024-25
SMC MARINE PTY LTD,48096465333,132714349,27309549,8192865,2024-25
SME CAPITAL HOLDINGS PTY LTD,25628947544,517084699,48552052,14565616,2024-25
SMEG AUSTRALIA PTY LTD,33146901082,188117702,6576321,1972896,2024-25
SMIT LAMNALCO AUSTRALIA PTY LTD,24113226074,144357031,,,2024-25
SMITH & NEPHEW PTY LTD,68000087507,331019063,29163239,8748972,2024-25
SMITHBRIDGE GROUP PTY LTD,50116627840,123366244,12754056,3022646,2024-25
SMITHFIELD CATTLE COMPANY PTY LTD,31167650044,101908857,633131,189939,2024-25
SMITHS DETECTION (AUSTRALIA) PTY LTD,66088868062,108748667,5366632,1531013,2024-25
SMR HOLDING AUSTRALIA PTY LTD,86006579899,208110504,7722281,2188773,2024-25
SMRM HOLDINGS PTY LTD,85168760861,1745942932,59353894,17806168,2024-25
SMS (WA) HOLDINGS PTY LTD,93669989815,155324607,,,2024-25
SNACKING INVESTMENTS HOLDCO PTY LIMITED,64634908482,1224372208,148477031,37788052,2024-25
SNAP-ON TOOLS (AUSTRALIA) PTY LTD,55010793683,195136081,33393940,10017380,2024-25
SNF (AUSTRALIA) PTY LIMITED,32050056267,142556351,11459542,3437863,2024-25
SNOW SUMMIT INVESTMENTS PTY LTD,64633002007,126494513,749478,224843,2024-25
SNOWFLAKE COMPUTING PTY LTD,50624134587,121505505,,,2024-25
SNOWY HYDRO LIMITED,17090574431,5362845251,301413537,89508080,2024-25
SOCIETE GENERALE,71092516286,438722903,17282590,5184777,2024-25
SODEXO AUSTRALIA PTY LTD,50006072975,1213097335,,,2024-25
SODOR INVESTMENTS PTY LTD,13165846104,113802819,4676665,1403000,2024-25
SOFTWARE AG AUSTRALIA (HOLDINGS) PTY LIMITED,29088595368,162853689,121508885,36421726,2024-25
SOFTWAREONE AUSTRALIA PTY LTD,18151340608,270656218,5342647,1602794,2024-25
SOHO LIVING AUSTRALIA PTY LTD,14147394367,132056036,18440170,5532051,2024-25
SOJITZ AUSTRALIA LIMITED,16000213132,2170889629,125472677,37640251,2024-25
SOLAR JUICE PTY LTD,96139534026,206218919,497819,149346,2024-25
SOLAR TURBINES INTERNATIONAL COMPANY,43066283074,141752734,3429089,1028727,2024-25
SOLARIS PAPER PTY LTD,41126825769,263924323,,,2024-25
SOLENIS AUSTRALIA PTY LTD,37169325151,109427254,,,2024-25
SOLSTICE ENERGY HOLDINGS PTY LTD,96636365805,111310844,619065,,2024-25
SOLUTIONS PLUS GROUP PTY LTD,12113803124,132810943,3484840,1043989,2024-25
SOLVAR LIMITED,63117296143,190684813,47926752,13860696,2024-25
SOMPO JAPAN INSURANCE INC (AUSTRALIAN BRANCH),26061428775,137654324,4901885,1461802,2024-25
SONIC HEALTHCARE LIMITED,24004196909,4155866676,318433638,85043134,2024-25
SONOVA AUDIOLOGICAL CARE AUSTRALIA PTY LTD,93113235779,214746008,12100694,3494108,2024-25
SONY AUSTRALIA LIMITED,59001215354,1557540537,,,2024-25
SOOKE INVESTMENTS INC.,,140034786,38843701,11653110,2024-25
SOPRANO DESIGN PTY LTD,50066450397,112020142,50011323,8749915,2024-25
SOUTH EAST AUTOMOTIVE PTY LTD,16117048450,134493767,3662412,1098724,2024-25
SOUTH PERTH CIVIC TRIANGLE PTY LTD,43600087643,131381938,9204449,2761335,2024-25
SOUTH32 LIMITED,84093732597,4623413448,1284501418,314680363,2024-25
SOUTHERN CLASSIC GROUP PTY LIMITED,56108422108,140246170,,,2024-25
SOUTHERN CROSS ALUMINIUM PTY LIMITED,25063778996,218795182,2362855,708856,2024-25
SOUTHERN CROSS ELECTRICAL ENGINEERING LIMITED,92009307046,802797844,69487144,20846143,2024-25
SOUTHERN CROSS MEDIA GROUP LIMITED,91116024536,494102186,14775260,4218292,2024-25
SOUTHERN LABOUR HIRE PTY LTD,75651747616,131762185,272081,81624,2024-25
SOUTHERN MEATS PTY LTD,51003111528,238322386,,,2024-25
SOUTHERN QUEENSLAND STEEL PTY LIMITED,62085107991,200855679,13900412,4170124,2024-25
SOUTHERN RANGE PERSONNEL PTY LTD,66658504164,101554277,,,2024-25
SOUTHERN RESTAURANTS AUSTRALIA PTY LTD,21619912711,197581521,16088019,4826406,2024-25
SOUTHERN RESTAURANTS HOLDINGS PTY LTD,25098858498,167381670,7102712,2130814,2024-25
SOUTHERN SHEET & COIL PTY LIMITED,48003385322,256862724,15331002,4599301,2024-25
SOUTHERN STEEL (WA) PTY LIMITED,64125188409,123374859,9269484,2780845,2024-25
SOUTHERN STEEL SUPPLIES PTY LIMITED,37000060131,232653353,12330540,3699162,2024-25
SOUTHERN STEEL TRADING PTY LIMITED,17138204029,237213590,9527458,2858237,2024-25
SOUTHTRADE INTERNATIONAL PTY LTD,46099947163,212973664,,,2024-25
SPACEFRAME BUILDINGS PTY LTD,42009930554,115774097,4456513,1122668,2024-25
SPAR AUSTRALIA LIMITED,69102281167,171456730,2299909,689973,2024-25
SPARK INVESTMENT HOLDCO PTY LTD,98626001394,211127345,,,2024-25
SPARK TOPCO PTY LTD,17642529502,120208843,,,2024-25
SPARROW EARLY LEARNING PTY LTD,29600354443,131950954,8096946,2429084,2024-25
SPECSAVERS PTY. LTD.,82097147932,871348817,74917015,16279584,2024-25
SPENDLESS SHOES PTY LTD,15008152850,129334808,,,2024-25
SPIC PACIFIC ENERGY PTY LTD,92609771057,556775550,,,2024-25
SPICEME CAPITAL PTY LTD,32125298884,166812529,,,2024-25
SPICERS LIMITED,70005146350,363477963,,,2024-25
SPIECAPAG AUSTRALIA PTY. LIMITED,53067306138,225855250,8052405,2415722,2024-25
SPIRITS PLATFORM PTY LTD,44604520783,149627197,3039875,911962,2024-25
SPL GROUP HOLDINGS PTY LIMITED,18628086466,177241895,,,2024-25
SPLUNK SERVICES AUSTRALIA PTY LTD,51609939817,127632654,5763653,,2024-25
SPORTS ENTERTAINMENT GROUP LIMITED,20009221630,146799535,3628118,968157,2024-25
SPRINGMOUNT SERVICES PTY LTD,61101763179,120767182,4500709,1350213,2024-25
SPX PROCESS EQUIPMENT PTY LTD,14004624480,103515641,11382011,3414603,2024-25
SQUADRON WIND ENERGY ASSETS PTY LTD,30652283639,273837334,,,2024-25
SQUARE CIVIL PTY LTD,72614018585,103333979,5546553,1663966,2024-25
SQUARETRADE AUSTRALIA PTY LTD,52631111861,120455556,,,2024-25
SR HOMES PTY LTD,16643554590,148333182,16747771,5024331,2024-25
SRG GLOBAL LIMITED,81104662259,1255292228,68059614,20404031,2024-25
SRT LOGISTICS PTY LTD,21086507002,138067863,13880765,4164230,2024-25
SS SILVER PTY LTD,40644174710,3122998694,,,2024-25
SS&C SOLUTIONS PTY LIMITED,75007325779,220592037,,,2024-25
SSAB SWEDISH STEEL PTY LTD,74064572925,130863162,6403797,1921139,2024-25
SSANGYONG AUSTRALIA PTY LTD,92627864475,199101103,4265117,1279535,2024-25
SSP AUSTRALIA CATERING PTY LIMITED,75134475924,286384321,,,2024-25
SSRCP HOLDCO PTY LTD,87672328139,418168562,,,2024-25
STABILISED PAVEMENTS OF AUSTRALIA PTY LTD,90002900736,168732812,2650705,795212,2024-25
STAHMANN HOLDINGS PTY LTD,68617861677,158031659,,,2024-25
STANDARD CHARTERED BANK AUSTRALIA BRANCH,35845772731,249005023,6156998,1847099,2024-25
STANDARD COMMUNICATIONS HOLDINGS PTY LTD,76640855545,146125095,27547176,3605276,2024-25
STANDARDAERO AUSTRALIA PTY LTD,28156165472,138494648,16159283,4847785,2024-25
STANLEY BLACK & DECKER HOLDINGS AUSTRALIA PTY LTD,81154671244,313707601,11421524,3426457,2024-25
STANMORE RESOURCES LIMITED,27131920968,4044381336,104519306,28194240,2024-25
STANTEC AUSTRALIA PTY LTD,17007820322,466991402,537503,,2024-25
STAR GROUP HOLDINGS PTY LIMITED,93000452924,161137579,,,2024-25
STARBUCKS COFFEE AUSTRALIA PTY LTD,73169062926,177253919,,,2024-25
STARCORP HOLDINGS (NSW) PTY LTD,51089450368,182278384,,,2024-25
STARCORP HOLDINGS (VIC) PTY LTD,91602238899,108775186,2065,620,2024-25
STARHILL HOTEL (SYDNEY) PTY LTD,63158871035,127274597,2288456,686537,2024-25
STATE BANK OF INDIA,95082610008,216900476,26531450,7932751,2024-25
STATE STREET AUSTRALIA LIMITED,21002965200,154524257,,,2024-25
STATE STREET BANK & TRUST COMPANY,70062819630,543102673,,,2024-25
STATE STREET SERVICES AUSTRALIA PTY LIMITED,38151402247,211075423,80649517,24194855,2024-25
STATEWIDE INDEPENDENT WHOLESALERS LIMITED,51009519546,1453396913,7169483,2150845,2024-25
STAUDE CAPITAL GLOBAL VALUE FUND LIMITED,90168653521,243217228,43059225,12730348,2024-25
STEADFAST GROUP LIMITED,98073659677,977558553,394857430,21427743,2024-25
STEALTH GROUP HOLDINGS LTD,25615518020,141755120,3503069,1050921,2024-25
STEEL BUILD INTERNATIONAL PTY LTD,19668813223,281612444,1246820,374046,2024-25
STEGGLES FOODS MT KURING-GAI PTY LTD,73126100418,166479843,7150045,2145014,2024-25
STELLA FOODS AUSTRALIA PTY LTD,77156644834,349970186,1951964,585589,2024-25
STELLA MMTS FINANCE PTY LIMITED,85612094078,103122718,,,2024-25
STELLA NEL FINANCE PTY LTD,20637599574,148650020,,,2024-25
STELLANTIS (AUSTRALIA AND NEW ZEALAND) PTY LTD,23125956505,376090561,,,2024-25
STEPHEN EDWARDS CONSTRUCTIONS PTY LTD,65001824139,162745713,7899090,2313183,2024-25
STIHL PTY LTD,76004881145,234488681,3300557,990167,2024-25
STIRLINGS PERFORMANCE STEELS PTY LTD,79625765200,108229958,5426826,1628048,2024-25
STM TRUCKS & MACHINERY PTY LTD,36142316916,167182181,,,2024-25
STOCKLAND CORPORATION LIMITED,43000181733,2476087852,13934440,3558777,2024-25
STOCKWELL INTERNATIONAL PTY LTD,19000871330,123443715,3338171,1001451,2024-25
STOCKYARD GROUP PTY LTD,27640897472,164990959,5082746,1524824,2024-25
STOCKYARD HILL WIND FARM (HOLDING) PTY LTD,58619779734,109254122,,,2024-25
STOCKYDOGGY PTY LTD,84628136961,124366288,18463,2457,2024-25
STODDART GROUP PTY LTD,82010744751,347506715,6002473,1332163,2024-25
STONE AXE HOLDCO PTY LTD,37628956945,148233087,,,2024-25
STORA ENSO AUSTRALIA PTY LTD,64099948491,157971319,,,2024-25
STOWE AUSTRALIA PTY LTD,27002556603,819771100,75612185,22683656,2024-25
STRAIT LINK SHIPPING PTY LTD,74138616645,328170532,319188,95756,2024-25
STRANDBAGS HOLDINGS PTY LTD,99128842482,437363073,31264626,9198116,2024-25
STRATEGIC GAS MARKET TRADING PTY LTD,60613884978,281114700,1838900,551670,2024-25
STRATHANE HOLDINGS PTY LTD,35621577366,111543751,26235525,7870658,2024-25
STRIPE PAYMENTS AUSTRALIA PTY LTD,66160180343,950789436,21794890,6538467,2024-25
STRYKER AUSTRALIA PTY LTD,48002873850,1081967508,83467332,25040200,2024-25
STUDCO AUSTRALIA PTY LTD,39145053925,103976409,24323101,7296930,2024-25
SUBARU (AUST) PTY LTD,95000312792,1749294700,143650656,43095197,2024-25
SUBSEA 7 AUSTRALIA CONTACTING PTY LTD,36005288406,725634600,,,2024-25
SUBSEA 7 INTERNATIONAL CONTRACTING LIMITED,89611761958,104909822,2340666,702200,2024-25
SUEZ ANZ HOLDINGS PTY LTD,94653823726,224622394,,,2024-25
SUGAR TERMINALS LIMITED,17084059601,120303352,39792184,11937655,2024-25
SULZER AUSTRALIA HOLDING PTY LTD,71134665446,111350780,,,2024-25
SUMITOMO AUSTRALIA PTY LTD,81000371497,1520324464,439362364,50617498,2024-25
SUMITOMO FORESTRY AUSTRALIA PTY LTD,70101550109,201859408,24285775,5992100,2024-25
SUMITOMO METAL MINING OCEANIA PTY LIMITED,81059761125,109087954,37616755,10734421,2024-25
SUMITOMO MITSUI BANKING CORPORATION-SYDNEY BRANCH,98114053459,2767523792,555576226,166672868,2024-25
SUMITOMO RUBBER AUSTRALIA PTY LTD,31602872391,120646475,7285129,2112127,2024-25
SUMMIT AUTO LEASE AUSTRALIA PTY LTD,87054704737,158511424,22716002,6814801,2024-25
SUMO AUSTRALIA PTY LIMITED,84602964143,248275048,,,2024-25
SUN METALS CORPORATION PTY LTD,97074241982,1059655472,,,2024-25
SUNCO MOTORS PTY LTD,21010722111,277533857,2368442,710533,2024-25
SUNCORP GROUP LIMITED,66145290124,16085021231,1475447065,434218243,2024-25
SUNGELA HOLDINGS PTY LTD,94665229336,669951962,106772919,32031876,2024-25
SUNGENIA DEVELOPMENT PTY LTD,32629790343,110834422,12286505,3685952,2024-25
SUNGROW AUSTRALIA GROUP PTY LTD,76168258679,287481254,12982344,3894703,2024-25
SUNNY QUEEN PTY LIMITED,31060702034,684454798,48257103,13900520,2024-25
SUNPORK FRESH FOODS PTY LTD,24135230545,646828456,,,2024-25
SUNPORK GROUP PTY LTD,84131574091,196238601,,,2024-25
SUNPORK PTY LTD,11059168786,263698945,31311356,9360056,2024-25
SUNRISE EGGS PTY LTD,83613208192,128068470,19232980,5769894,2024-25
SUNSHINE A PTY LTD,86631684770,503876382,26782058,8034617,2024-25
SUNSHINE HARDWARE PTY LTD,95129140085,172899987,4789257,1436777,2024-25
SUNSHINE STATE POWER (NO. 2) B.V.,27063382829,144669268,3540206,1062062,2024-25
SUNSHINE STATE POWER B.V.,40062295425,165338531,4061166,1218350,2024-25
SUNSTATE CEMENT LIMITED,58010421879,307644862,23242963,6972889,2024-25
SUNTORY (AUST) PTY LIMITED,27001628780,281799595,13186250,3955875,2024-25
SUNTORY BEVERAGE & FOOD AUSTRALIA PTY LIMITED,73060091536,438686505,,,2024-25
SUPALAI AUSTRALIA HOLDINGS PTY LTD,92602237150,183002785,35716434,8992170,2024-25
SUPER RETAIL GROUP LIMITED,81108676204,3888883436,351127391,103857957,2024-25
SUPERANNUATION AND INVESTMENTS HOLDCO PTY LIMITED,64644660882,1189865298,48433139,14529073,2024-25
SUPERIOR PAK PTY LTD,30162247323,185363583,27852666,8355800,2024-25
SUPERLOOP LIMITED,96169263094,544420373,81012,,2024-25
SUPPLY NETWORK LTD,12003135680,302391176,52542288,15762686,2024-25
SUPPLY PARTNERS PTY LTD,94155169074,135147624,,,2024-25
SUPREME CARAVANS PTY LTD,65006939322,114416877,15064472,4519342,2024-25
SURBANA JURONG HOLDINGS (AUSTRALIA) PTY LTD,49612229197,636316194,58444024,14894436,2024-25
SURDEX SHEET & COIL PTY LIMITED,43004339922,102449313,,,2024-25
SURDEX STEEL PTY LIMITED,39004339904,268743425,21933572,6580072,2024-25
SUSHI HUB HOLDING PTY LTD,55168026855,120152685,31134943,9340483,2024-25
SUSQUEHANNA PACIFIC PTY LTD,23082467605,831345709,400028708,99506502,2024-25
SUTTON TOOLS PTY LTD,12004175731,122890584,4497625,1346320,2024-25
SUTTONS INVESTMENTS PTY LTD,84008446428,2096990809,85668197,25187497,2024-25
SUZUKI AUSTRALIA PTY LIMITED,57001828164,490643494,2922099,876630,2024-25
SV LAKSHMI INTERNATIONAL PTY LTD,74629219012,206874934,7124668,1781167,2024-25
SV LAKSHMI PTY LTD,79128771997,180777100,2971838,742960,2024-25
SVITZER AUSTRALASIA HOLDINGS PTY LTD,16120555302,512992744,43805124,12179301,2024-25
SWANSTON STREET HOLDINGS PTY LTD,26109185015,119970177,21300508,6390152,2024-25
SWAROVSKI AUSTRALIA PTY LTD,16000679416,135192751,,,2024-25
SWICKER'S KINGAROY BACON FACTORY PTY. LTD.,35009678693,105368263,,,2024-25
SWIFT CONTAINER SERVICES PTY LTD,50160427396,126736731,1420361,426108,2024-25
SWIFT HOLDINGS INVESTMENTS PTY LTD,47655356424,2281731349,1567259,,2024-25
SWIFT WORLDWIDE RESOURCES AUSTRALIA HOLDINGS CORP PTY LIMITED,17166473936,310120425,9202707,2760812,2024-25
SWISS RE ASIA PTE. LTD,19631490447,1190031824,,,2024-25
SWISS RE AUSTRALIA LIMITED,28004360909,1964135480,324440,,2024-25
SWISS RE INTERNATIONAL SE AUSTRALIA BRANCH,38138873211,682918428,148891229,44667369,2024-25
SWISSPORT ANZ PTY LTD,54167311551,351941168,533740,,2024-25
SWOOP HOLDINGS LIMITED,20009256535,110878635,,,2024-25
SWYFTX PTY LTD,72623556730,141566046,61668279,16381237,2024-25
SYDNEY AVIATION ALLIANCE HOLDINGS PTY LTD,54654912197,2317358738,,,2024-25
SYDNEY DIRECT FRESH PRODUCE PTY LIMITED,40151365007,104454338,4534344,1360303,2024-25
SYDNEY TOOLS PTY LTD,19112852285,1034888905,77531167,23259350,2024-25
SYESUN PTY LIMITED,51001805830,119259916,5277147,1583144,2024-25
SYMAL GROUP LIMITED,72615255466,811173373,51914283,,2024-25
SYMAL INFRASTRUCTURE PTY LTD,87130808276,160264939,,,2024-25
SYMBOS TOPCO PTY LTD,16675615648,100655243,,,2024-25
SYMON BROS CONSTRUCTIONS (VIC) PTY LTD,46005194043,265217218,19176755,5753026,2024-25
SYMPHONY INFRASTRUCTURE PARTNERS PTY LTD,87660075258,317128462,939088,281726,2024-25
SYNACO GLOBAL RECRUITMENT PTY LTD,36157844212,128271809,1271360,381408,2024-25
SYNECHRON AUSTRALIA PTY LTD,49069325088,113473886,1295167,388550,2024-25
SYNERGY GROUP AUSTRALIA HOLDINGS PTY LTD,38662711551,106210945,6603980,1981194,2024-25
SYNGENTA AUSTRALIA PTY LTD,33002933717,456335843,21598536,3457293,2024-25
SYNNEX AUSTRALIA PTY LTD,40052285882,2615349036,94253429,28276029,2024-25
SYRINX AUSTRALIA PTY LTD,50130046267,228611771,20411418,5443773,2024-25
SYSTEMATIC TRADING TECHNOLOGIES PTY LT,39130626130,110825069,,,2024-25
SYSTRA ANZ HOLDINGS PTY LTD,93609902212,118190796,2561494,768448,2024-25
T Q L INVESTMENTS PTY LTD,83108095432,185476178,,,2024-25
T. ROWE PRICE AUSTRALIA LIMITED,13620668895,142618975,15910333,4759604,2024-25
T.C. DRAINAGE (WA) PTY LTD,37064603096,107545725,5655187,1696556,2024-25
T.EN AUSTRALIA AND NEW ZEALAND PTY LTD,20636996060,208495343,4883303,1464991,2024-25
T.F. WOOLLAM HOLDINGS PTY LTD,41106564354,153192347,,,2024-25
T.J. & R.F. FORDHAM PTY LTD,56000548354,265026382,17862450,5358672,2024-25
TABCORP HOLDINGS LIMITED,66063780709,2256002642,100813890,,2024-25
TADANO OCEANIA PTY LTD,84142236995,158533552,14033572,4210072,2024-25
TAIPOWER BENGALLA PTY LTD,18075407617,388392768,184639678,55391323,2024-25
TAISHIN INTERNATIONAL BANK CO. LTD.,30165085638,103628639,9610024,2883007,2024-25
"TAIWAN BUSINESS BANK, LTD",36078577250,134012492,28198249,8459475,2024-25
TAKEDA PHARMACEUTICALS AUSTRALIA PTY LTD,71095610870,268669501,11237689,3371307,2024-25
TAL DAI-ICHI LIFE AUSTRALIA PTY LTD,97150070483,6734530704,374877,,2024-25
TALENT ACQUISITION GROUP PTY LIMITED,32676701045,120478873,884581,265374,2024-25
TALENT INTERNATIONAL HOLDINGS PTY LIMITED,28131419577,941269306,15532818,4659845,2024-25
TALICOMBE HOLDINGS PTY LTD,92082966934,162355902,1631558,489467,2024-25
TAMA AUSTRALIA PTY LTD,88617155361,115993859,2538749,761625,2024-25
TAMAWOOD LTD,56010954499,100123938,3440880,1032264,2024-25
TAMBAVALE (QLD) PTY LTD,90109550218,152202803,4973374,1492012,2024-25
TANDEM BUILDING GROUP HOLDINGS PTY LTD,46642053325,210875796,,,2024-25
TANGARATTA STOCKFEEDS PTY LIMITED,51001278584,129505225,1480818,444245,2024-25
TANGERINE TELECOM PTY LTD,11602814791,135505492,,,2024-25
TAP IV CO. PTY LIMITED,68642736329,126425495,,,2024-25
TASMAN CARGO AIRLINES PTY LIMITED,50073412272,154777576,4642456,1392737,2024-25
TASMAN K B PTY LTD,18003044102,157130981,14757468,4427240,2024-25
TASMAN LOGISTICS SERVICES PTY LTD,37103193979,206739687,,,2024-25
TASMANIA HARDWARE PTY LIMITED,46159847462,122823978,,,2024-25
TASMANIAN QUALITY MEATS PTY LTD,94056011655,136104714,5689335,1706800,2024-25
TASMEA LIMITED,22088588425,550125922,55181856,16554557,2024-25
TATA CONSULTANCY SERVICES LIMITED,28109981777,902877210,26779863,5608646,2024-25
TATTARANG CAPITAL PTY LTD,40161233674,141450275,202008386,,2024-25
TAYLOR APARTMENTS PTY. LIMITED,24008464373,172650350,12611285,3783386,2024-25
TAYLOR CORPORATION PTY LIMITED,40146589344,379162252,5012901,1503870,2024-25
TAYLOR FERGUSON & CO PTY LTD,57010833744,118784584,1027875,308362,2024-25
TCL ELECTRONICS AUSTRALIA PTY LTD,83111032896,284689777,12502707,3750812,2024-25
TEA TOO PTY LTD,61072399529,111906642,,,2024-25
TEACHERS MUTUAL BANK LIMITED,30087650459,584183788,65149021,19173180,2024-25
TEAM GLOBAL EXPRESS PTY LTD,15084157666,2986616577,,,2024-25
TEAM HOLIDAY PTY LTD,18155258227,116490956,6480076,1944023,2024-25
TEAMINVEST PRIVATE GROUP LIMITED,74629045736,101316504,3176274,295237,2024-25
TECH DATA (ANZ) PTY LTD,15090111890,335025516,2715911,814773,2024-25
TECH MAHINDRA LIMITED,15092511558,283889063,22113532,6537559,2024-25
TECHFORCE PERSONNEL PTY LIMITED,38129012611,149013243,4905364,1471609,2024-25
TECHNICAL RESOURCES PTY LTD,27009433514,161435020,7640377,2292113,2024-25
TECHNIPFMC AUSTRALIA PTY LTD,43062878719,623979983,70233062,21056056,2024-25
TECHNOLOGY ONE LIMITED,84010487180,534778948,246733198,42889402,2024-25
TECHWOOL TRADING PTY LTD,69006145955,446200676,,,2024-25
TECO AUSTRALIA PTY LIMITED,77002595388,132989673,13686534,4018167,2024-25
TED'S CAMERA STORES (VIC) PTY LTD,82006282088,100675603,,,2024-25
TEEG TOPCO PTY LTD,52622408422,414082921,43311500,11137857,2024-25
TEEKAY HOLDINGS AUSTRALIA PTY LTD,12125391880,167965924,23056941,6917082,2024-25
TELCO SERVICES AUSTRALIA PTY LTD,31106527422,182053882,,,2024-25
TELERIC PTY LTD,90004284664,883608106,32873032,9846345,2024-25
TELIX PHARMACEUTICALS LIMITED,85616620369,431843284,,,2024-25
TELSTRA GROUP LIMITED,56650620303,22188411908,2887695585,776891880,2024-25
TELWATER PTY LTD,15010795507,112134729,8025463,1557898,2024-25
TEMPERZONE AUSTRALIA HOLDINGS PTY LTD,52001653176,146106147,2042975,612892,2024-25
TEMPLE AND WEBSTER GROUP LIMITED,69608595660,606441037,18231112,5469334,2024-25
TEMPO GROUP HOLDINGS PTY LTD,63607698153,219264481,,,2024-25
TEN NETWORK HOLDINGS LIMITED,14081327068,436923884,,,2024-25
TENEZO PTY LTD,16002994407,101917219,4447922,1205377,2024-25
TERADATA AUSTRALIA PTY LTD,77125071374,140424466,10153961,3044151,2024-25
TERRA MINING PTY LTD,36605732518,119405396,,,2024-25
TERRACE TOWER GROUP PTY LIMITED,27002742967,139778051,70232194,20735065,2024-25
TERRACOM LIMITED,35143533537,230139861,,,2024-25
TERUMO AUSTRALIA PTY LIMITED,34158693595,129767928,13632951,4089885,2024-25
TESLA MOTORS AUSTRALIA PTY LIMITED,68142889816,5086510365,120160547,36048164,2024-25
TETRA PAK MANUFACTURING PTY LIMITED,50004435901,169664491,11291917,3373822,2024-25
TETRA TECH AUSTRALIA GROUP HOLDINGS PTY LTD,74676488716,794365437,54923236,9911157,2024-25
TEVA PHARMACEUTICALS AUSTRALIA PTY LTD,98002951877,132935511,21985279,,2024-25
TEXCO CONSTRUCTION (NSW) PTY LTD,73628207312,220983019,19990868,5997260,2024-25
TEXCO CONSTRUCTION (VIC) PTY LTD,89626365071,415744543,39206873,11762062,2024-25
TEYS AUSTRALIA PTY LTD,38009872600,3831356310,444973839,126959553,2024-25
TF GLOBAL MARKETS (AUST) PTY LTD,69158361561,100760419,,,2024-25
TFG RETAILERS PTY LIMITED,90612634312,760658654,65946975,19784092,2024-25
THALES AUSTRALIA HOLDINGS PTY LTD,84058583841,1754491965,79447685,18554020,2024-25
THC HOLDING (NSW) PTY LTD,98601822020,137541204,4891152,1467346,2024-25
THE AUSTCORP GROUP (AUSTRALIA) PTY LTD,81080926414,310644033,22350972,6109648,2024-25
THE BANK OF NOVA SCOTIA,34133513827,1317540547,35052621,10515786,2024-25
THE BIDVEST GROUP AUSTRALIA PTY LTD,62659193030,388854628,25075598,7522679,2024-25
THE BOSTON CONSULTING GROUP PTY LTD,70007347131,326226883,,,2024-25
THE BROWN & HURLEY GROUP PTY. LTD.,66010732966,894353003,50185149,15055534,2024-25
THE CARE AUTOMOTIVE GROUP PTY LTD,94633108700,113731517,21983136,6594941,2024-25
THE COLLAGEN CO PTY LTD,86603721491,102647873,7615113,1820912,2024-25
THE DEMPSEY GROUP PTY LTD,16004722936,327622538,22901575,6824212,2024-25
THE DOUGLAS GROUP LTD,50002624357,137733628,14414852,4324456,2024-25
THE ENVEST GROUP PTY LTD,73645319820,218793325,33604564,,2024-25
THE ENVIRONMENTAL GROUP LIMITED,89000013427,111955826,10165412,1475347,2024-25
THE FASHION GOAT PTY LTD,25636024854,127996356,15754579,4726374,2024-25
THE FIVE GROUP PTY LTD,62161098951,110031524,11763102,3321100,2024-25
THE FOURTH FORCE PTY LTD,22084438773,637593992,4119921,1235976,2024-25
THE HADD GROUP PTY LTD,16134116386,112275745,4802975,1440892,2024-25
THE HAPPY NUT PTY LTD,99003611514,123267038,13455418,4036569,2024-25
THE HONGKONG AND SHANGHAI BANKING CORPORATION LIMITED,65117925970,2104912924,307308304,92192491,2024-25
THE HOUR GLASS (AUSTRALIA) PTY LTD,64010831713,281952178,55586904,16499486,2024-25
THE INDEPENDENT LIQUOR GROUP (SUPPLIERS) CO-OPERATIVE LTD,63629864769,537140199,,,2024-25
THE INDEPENDENT LIQUOR GROUP DISTRIBUTION CO-OP LTD,70252541400,566398824,,,2024-25
THE KITCHENARY HOLDINGS PTY LTD,49108790718,169529408,3514978,1054493,2024-25
THE KITCHENARY PTY LTD,82619485353,191899435,741625,,2024-25
THE KOALA COMPANY LIMITED,48619538671,195743276,5517545,,2024-25
THE LOTTERY CORPORATION LIMITED,21081925706,3779207516,582968349,171283003,2024-25
THE MAYO GROUP INTERNATIONAL PTY LIMITED,46008394876,304170504,29535517,8798670,2024-25
THE MYER FAMILY INVESTMENTS LIMITED,32004116296,205367498,108228980,28866965,2024-25
THE N. & A. FRUIT DISTRIBUTORS PTY LTD,31000050448,173055077,4628760,1388628,2024-25
THE NORTHERN TRUST COMPANY,62126279918,806154816,74733522,22420057,2024-25
THE PROVEDORES PTY LTD,48614781903,126153452,2952386,885609,2024-25
THE QUANTIUM GROUP HOLDINGS PTY LTD,29121842957,282650061,25454686,6269139,2024-25
THE RIX GROUP PTY LTD,50092239113,142020171,17658508,5297552,2024-25
THE ROYAL AUTOMOBILE CLUB OF QUEENSLAND LIMITED,72009660575,247424911,,,2024-25
THE ROYAL AUTOMOBILE CLUB OF TASMANIA LIMITED,62009475861,233701370,13656711,3966197,2024-25
THE STAR ENTERTAINMENT GROUP LIMITED,85149629023,1375009215,,,2024-25
THE SWATCH GROUP (AUSTRALIA) PTY LTD,20004287110,217690962,6520645,1956194,2024-25
THE TRANSFORMATION GROUP PTY LTD,53634381490,113711570,1432274,429682,2024-25
THE TRUSTEE FOR QIC GLOBAL INFRASTRUCTURE FUND TAYLOR AIV TRUST,11454629109,194422707,,,2024-25
THE VICTORIA CARPET COMPANY PTY LTD,14004304956,204425160,12585338,3775601,2024-25
THE VILLAGE BUILDING CO. LIMITED,97056509025,118921675,324720,90749,2024-25
THE WALT DISNEY COMPANY (AUSTRALIA) PTY LTD,30054610025,1102516993,58054575,10495993,2024-25
THEIA HOLDCO PTY LTD,42673254156,316821679,6563958,1969187,2024-25
THERMO ELECTRON AUSTRALIA PTY LTD,44109074115,573971489,80994577,21934406,2024-25
THIESS GROUP HOLDINGS PTY LTD,34646054757,5183983392,143721772,35465819,2024-25
THINK TANK GROUP PTY LTD,75117819084,529742017,14429098,4328729,2024-25
THL GROUP (AUSTRALIA) PTY LTD,68055966222,587420398,,,2024-25
THOMAS BUILDING PTY LTD,36146391675,119858867,7680534,2304160,2024-25
THOMAS FOODS INTERNATIONAL CONSOLIDATED PTY LTD,20105099849,2565759324,131418582,38671329,2024-25
THOMAS ROBERT PTY LTD,70649234542,121827624,10218303,3062814,2024-25
THOMPSON HEALTH CARE PTY LTD,29000745004,315325034,55156107,16546832,2024-25
THOMSON REUTERS (AUSTRALIA) PTY LTD,87058914766,196533145,10438326,3131498,2024-25
THORNEY INVESTMENT GROUP AUSTRALIA PTY LTD,37117488892,466132112,25877396,,2024-25
THOUGHTWORKS AUSTRALIA PTY LTD,99088279761,191628141,,,2024-25
THRYV AUSTRALIA HOLDINGS PTY LTD,89638633342,180186003,20670819,6201246,2024-25
THULE HOLDCO PTY LTD,19682154338,127759315,16186929,4530327,2024-25
THUNDERBIRD OPERATIONS PTY LTD,11611351743,243740912,,,2024-25
THYSSENKRUPP MATERIALS AUSTRALIA PTY LTD,94078033520,277215162,8393403,2518021,2024-25
TIANQI LITHIUM ENERGY AUSTRALIA PTY LTD,24862057747,1472111930,376047316,,2024-25
TICKETMASTER AUSTRALASIA PTY LTD,49089258837,190480596,16932314,,2024-25
TIDEWATER OFFSHORE OPERATIONS PTE LTD,53626291615,184394667,,,2024-25
TIFFANY & CO (AUSTRALIA) PTY LIMITED,93128219554,202635264,14123689,4237107,2024-25
TIGER HOLDCO PTY LTD,71639276412,223188528,9058476,2671952,2024-25
TIKTOK AUSTRALIA PTY LTD,15637464638,686614046,88343503,17342969,2024-25
TILFORD PTY LTD,13009487807,111259155,4778429,1433529,2024-25
TILLING TIMBER PTY LTD,92004621121,132891366,,,2024-25
TIMBERLINK AUSTRALIA PTY LIMITED,12161713015,342555288,51170555,,2024-25
TINGARI GROUP PTY LTD,38141976374,108814387,3783157,1134947,2024-25
TITAN MACHINERY HOLDINGS AUSTRALIA PTY LTD,39670778426,338587137,6722269,2016681,2024-25
TITAN RECRUITMENT PTY LTD,34086897636,100200456,3495608,1048682,2024-25
TIVOLI INVESTMENTS PTY LTD,90165718070,309119034,1031959,,2024-25
TJX AUSTRALIA HOLDING COMPANY PTY LTD,58605889843,841583359,,,2024-25
TK ELEVATOR AUSTRALIA PTY LIMITED,12073056149,169970617,,,2024-25
TKPH PTY LTD,40615115565,110770081,18644684,,2024-25
TLC AGED CARE PTY. LTD.,20090724726,187827239,3829486,1148846,2024-25
TLP3 AUSTRALIAN HOLDINGS PTY LIMITED,54653160966,155849120,,,2024-25
TMA IMPORTS PTY LTD,61646270706,256347494,17480038,5244011,2024-25
TNA AUSTRALIA PTY LTD,38002937859,175429031,409809,,2024-25
TOGA PTY. LTD.,27000926947,418263728,,,2024-25
TOKIO MARINE & NICHIDO FIRE INSURANCE CO LIMITED,80000438291,307296017,,,2024-25
TOKIO MARINE MANAGEMENT (AUSTRALASIA) PTY LIMITED,69001488455,112473017,3282721,984816,2024-25
TOKYO GAS AUSTRALIA PTY LTD,46102349557,528896079,162651716,44447990,2024-25
TOLL HOLDINGS PTY LIMITED,25006592089,2847180576,,,2024-25
TOM STODDART PTY LTD,16009690251,128954403,9303234,2688177,2024-25
TOMKINS COMMERCIAL & INDUSTRIAL BUILDERS PTY LTD,98061732778,284111735,,,2024-25
TOMRA CLEANAWAY PTY LIMITED,43620427116,280674261,,,2024-25
TOMRA COLLECTION PTY LTD,90111224018,141735597,16649095,4994728,2024-25
TOOWONG AUTOMOTIVE GROUP PTY LTD,13102449801,107534757,332602,99781,2024-25
TOOWOOMBA MOTORS PTY LTD,76153536406,150868302,9536334,2860900,2024-25
TOP CUT FOODS PTY LIMITED,96628117564,201222441,1916449,320474,2024-25
TOP UP LABOUR HIRE PTY LTD,82637959098,121856463,7898096,2369429,2024-25
TOPCO INVESTMENTS AUSTRALIA PTY LIMITED,78622116992,540463044,,,2024-25
TOPDRILL PTY LTD,46118519609,129289902,1330974,399292,2024-25
TORO AUSTRALIA PTY LTD,47001310443,195866696,26299029,7889709,2024-25
TORRENS HEALTH PTY LTD,38136379274,142126288,4408563,840426,2024-25
TOSHIBA (AUSTRALIA) PTY LIMITED,19001320421,125256675,2670768,,2024-25
TOSHIBA INTERNATIONAL CORPORATION PTY LTD,29001555068,236840108,13833533,3874955,2024-25
TOTAL AMS PTY LTD,81091839619,292200064,60594366,18178310,2024-25
TOTAL CONSTRUCTION PTY. LIMITED,32067732941,149048799,4521805,1356542,2024-25
TOTAL RESOURCE SOLUTIONS (TRS) PTY LTD,46116721334,116954628,101772,,2024-25
TOTAL SPECIAL PROJECTS PTY LTD,19137910840,106699042,193956,58187,2024-25
TOTAL STEEL OF AUSTRALIA PTY LTD,34001201850,124101960,7782263,2334679,2024-25
TOTAL VENTILATION HYGIENE PTY LTD,15149359437,159295837,1505383,451615,2024-25
TOTALENERGIES EP AUSTRALIA,96832035151,364936044,,,2024-25
TOTALENERGIES EP HOLDINGS AUSTRALIA PTY LTD,11602975619,3221040223,287635998,64898849,2024-25
TOTALENERGIES GAS & POWER AUSTRALIA PTY LTD,87167432448,125985119,,,2024-25
TOWER SOFTWARE ENGINEERING PTY LTD,81008602739,1716881831,83926848,25178054,2024-25
TOYO TYRE AUSTRALIA PTY LTD,93000767279,148294282,11686287,3505886,2024-25
TOYOTA MATERIAL HANDLING AUSTRALIA PTY LIMITED,38104644635,635896143,64615726,19384718,2024-25
TOYOTA MOTOR CORPORATION AUSTRALIA LIMITED,64009686097,16281141196,1141298618,336838170,2024-25
TOYOTA TSUSHO SOUTH PACIFIC HOLDINGS PTY LTD,82050105443,211635209,17357208,1546844,2024-25
TPC CONSOLIDATED LIMITED,99073079268,196877853,7103609,2103370,2024-25
TPG TELECOM LIMITED,76096304620,5532771353,260326382,47626024,2024-25
TP-LINK AUSTRALIA PTY LTD,27146745173,149498168,15932002,4779601,2024-25
TRACC CIVIL PTY LTD,76143998369,163924039,11034676,3310403,2024-25
TRADETOOLS PTY LTD,67010700053,170751588,19971284,5991385,2024-25
TRADEZONE PTY LTD,39103815130,374746426,15847758,4754327,2024-25
TRAILER SALES PTY LTD,41106983199,107372354,9836633,2950990,2024-25
TRANE THERMO KING PTY LTD,67636031064,103250300,7563348,2253867,2024-25
TRANSALTA ENERGY (AUSTRALIA) PTY LTD,40062135844,214781359,68876988,19549022,2024-25
TRANSATLANTIC REINSURANCE COMPANY,96096053226,116174997,1878856,,2024-25
TRANSDEV AUSTRALASIA PTY LTD,40079303816,253321563,,,2024-25
TRANSDEV JOHN HOLLAND BUSES (NSW) PTY LTD,29643796098,181420894,,,2024-25
TRANSPORT REFRIGERATION SERVICES PTY LTD,77002086697,104646596,11357784,3407335,2024-25
TRANSURBAN HOLDINGS LIMITED,86098143429,2864374683,2623034,,2024-25
TRANSURBAN QUEENSLAND FINANCE PTY LIMITED,16169093850,301798827,2224535,667360,2024-25
TRANSURBAN QUEENSLAND HOLDINGS 1 PTY LTD,64169090804,937129051,,,2024-25
TRAVCORP HOUSE PTY LTD,18081620242,171491706,9150791,2745237,2024-25
TRAVEL AND LEISURE SOUTH PACIFIC PTY LTD,82673494981,342735178,91446482,27075784,2024-25
TRAVELCUBE PACIFIC PTY LTD,52099122577,256282039,5164574,1429528,2024-25
TREASURY WINE ESTATES LIMITED,24004373862,1662130204,363823172,103269082,2024-25
TREESERVE PTY LTD,87169334712,118445365,4548778,1364633,2024-25
TREK BICYCLE CORPORATION (AUSTRALIA) PTY LTD,56143457998,128230954,,,2024-25
TRELLEBORG HOLDINGS AUSTRALIA PTY LTD,49096223568,166940613,7290250,1025915,2024-25
TREND MICRO AUSTRALIA PTY LTD,70077055817,376576146,113666086,5393986,2024-25
TRIANGLE FRUIT AND VEGETABLE CO PTY LTD,17008679445,108320829,7934540,2380362,2024-25
TRIBUNE RESOURCES LTD,11009341539,122276902,60697565,16990020,2024-25
TRICAB (AUSTRALIA) PTY LTD,40006373824,136987247,6301383,1101057,2024-25
TRICORBRAUN AUSTRALIA PTY LTD,41652672494,125661771,,,2024-25
TRILITY GROUP PTY LTD,39144522565,123275954,19242086,4026197,2024-25
TRINA SOLAR (AUSTRALIA) PTY LTD,24150695524,136598886,3647834,1071606,2024-25
TRIPLE M CAPITAL PTY LTD,25611961374,113192670,9574783,2872435,2024-25
TRIPPAS WHITE GROUP HOLDINGS PTY LTD,73654241522,252150825,,,2024-25
TRI-STAR E&P PTY LTD,79629728605,135650085,96438636,28552770,2024-25
TRONOX LIMITED,91153348111,1353271573,,,2024-25
TROPICAL AUTO GROUP PTY LTD,68060716850,129301248,2354945,706484,2024-25
TRUCK CENTRE (WA) PTY LTD,19120476879,424094610,27376119,8212836,2024-25
TRUE ALLIANCE PTY LIMITED,25098282001,174776988,,,2024-25
TRUSTEE FOR NORTH QUEENSLAND AIRPORTS NO. 2 (MACKAY) TRUST,11805258426,191291053,15224598,4567379,2024-25
TUCKER HOLDCO PTY LTD,85644211772,272552350,29759312,8927794,2024-25
TULLY SUGAR LIMITED,92011030256,238601808,25130285,6953526,2024-25
TURNER AND TOWNSEND PTY LTD,84115688830,202526987,23950794,7185238,2024-25
TUROSI PTY LTD,92620198165,836402000,,,2024-25
TURTLE HOLDCO PTY LTD,70650938846,105165913,5231423,1569427,2024-25
TUTT BRYANT GROUP LIMITED,89009242675,463701415,40221983,11919704,2024-25
TVS SUPPLY CHAIN SOLUTIONS AUSTRALIA HOLDINGS PTY LTD,86607085496,102055309,,,2024-25
TWG COFFS HARBOUR CONSOLIDATED PTY LTD,50662772803,138276371,8485581,2545674,2024-25
TWO CHOOSE TWO CAPITAL PTY LTD,26645917853,271136711,,,2024-25
TYNAN MOTORS HOLDINGS PTY LTD,15002448446,322212453,7359742,2106227,2024-25
TYREE HOLDINGS PTY. LIMITED,19100884599,360269798,33413216,10023965,2024-25
TYREPOWER MARKETING (QLD) LIMITED,80010118153,109106571,,,2024-25
TYRO PAYMENTS LIMITED,49103575042,487302032,5001054,,2024-25
U&U HOLDINGS PTY LTD,,150716143,8457174,2537152,2024-25
UA AUSTRALIA PTY LTD,18162580190,108909203,,,2024-25
UACJ AUSTRALIA PTY LTD,82005579840,177377197,,,2024-25
UBER AUSTRALIA HOLDINGS PTY LTD,54622364318,4077058255,63389865,19016960,2024-25
UBI LOGISTICS (AUSTRALIA) PTY LTD,73134943285,106581823,121055,36316,2024-25
UBS AG AUSTRALIA BRANCH,47088129613,1806916752,34767370,10430211,2024-25
UBS HOLDINGS PTY LTD,50050101249,919923140,44534902,13355635,2024-25
UCB AUSTRALIA PTY LTD,48005799208,113604069,5765746,1724744,2024-25
UCC ANZ HOLDINGS PTY LTD,96657105407,154530251,414552,,2024-25
UCS TOPCO PTY LTD,57607610560,140989783,,,2024-25
UGL UNIPART RAIL SERVICES PTY LTD,49154895940,144900707,13238913,3971674,2024-25
U-GO MOBILITY PTY LTD,94644573526,113923245,,,2024-25
ULTISSIMO PTY LTD,21161860108,113303314,7382167,2214650,2024-25
UNCLE BILL'S (AUSTRALIA) PTY LIMITED,12110447731,145020165,3443898,1033169,2024-25
UNDERGROUND CONSTRUCTION ALLIANCE PTY LTD,14630411424,249901203,2373204,711961,2024-25
UNDERWRITING AGENCIES OF AUSTRALIA PTY LTD,86003565302,131605487,53007860,15866721,2024-25
UNICHARM AUSTRALASIA HOLDING PTY LTD,56114210794,143041575,8697462,2609239,2024-25
UNIGRAIN PTY LTD (T/A ESSANTIS),67120061841,140414971,,,2024-25
UNILEVER AUSTRALIA GROUP PTY LTD,13614413179,1189830365,64000315,19200094,2024-25
UNILODGE HOLDINGS PTY LTD,56143599759,126803789,25643804,6347702,2024-25
UNIMUTUAL LIMITED,45106564372,104922057,2746297,823889,2024-25
UNIQLO AUSTRALIA PTY LTD,36161922103,833240440,137333922,41200177,2024-25
UNISUPER MANAGEMENT PTY LTD,91006961799,466978580,53163255,15948976,2024-25
UNISYS AUSTRALIA PTY LIMITED,31105642902,219369355,2515562,,2024-25
UNITA GROUP HOLDINGS PTY LTD,63622274006,124291939,4507320,1352196,2024-25
UNITED COLLIERIES PTY LIMITED,67001990209,603847957,,,2024-25
UNITED ENERGY DISTRIBUTION HOLDINGS PTY LTD,15104381660,840129909,139432476,41829743,2024-25
UNITED MALT GROUP PTY LIMITED,61140174189,280021008,,,2024-25
UNITED OVERSEAS BANK LIMITED,56060785284,1401494385,314692144,94407643,2024-25
"UNITED RENTALS U.S. AUSTRALASIA HOLDINGS, INC.",46659851126,211731624,,,2024-25
UNITED RETAIL GROUP PTY LTD,64109680533,164421916,3690977,922564,2024-25
UNITED TERMINAL BELL BAY PTY LTD,61101299870,208906246,634143,190243,2024-25
UNITED TERMINALS PTY LTD,73129440955,3249299347,3998218,1199465,2024-25
UNITY BANK LIMITED,72087650637,141223346,21035800,6310740,2024-25
UNIVERSAL AU PTY LTD,93090425764,116972045,6462880,1938864,2024-25
UNIVERSAL PICTURES INTERNATIONAL AUSTRALASIA PTY LTD,44122951099,351009141,,,2024-25
UNIVERSAL PROPERTY GROUP PTY LIMITED,98078297748,1188300965,,,2024-25
UNIVERSAL STORE HOLDINGS LIMITED,94628836484,336892547,57741172,17322352,2024-25
UON PTY LTD,44099963354,119350739,10170174,3051052,2024-25
UP EDUCATION AUSTRALIA PTY LTD,58095741227,190146922,48279857,14483957,2024-25
UPL AUSTRALIA PTY LTD,76066391384,101313569,,,2024-25
URBAN RESOURCES PTY LTD,47121043034,138025936,18128866,5438660,2024-25
URBIS LTD,50105256228,190116877,20493666,6148100,2024-25
USINCH PTY LIMITED,24060571673,791910483,84458429,25337529,2024-25
USSC ACQUISITION CORPORATION PTY LTD,67636328857,109761337,19355278,5806583,2024-25
UTILITIES MANAGEMENT PTY LTD,25090664878,538483626,,,2024-25
V&G CONCRETE CONSTRUCTIONS GROUP PTY LTD,81634500664,122423663,24949922,7484977,2024-25
VALMONT QUEENSLAND PTY LTD,73142183800,479627375,35026579,10507805,2024-25
VALUE ADDED ENGINEERING GROUP PTY LTD,48080489756,161979356,7466436,2239931,2024-25
VALVOLINE (AUSTRALIA) PTY LTD,86000446855,242315650,14356362,4306909,2024-25
VAN OORD AUSTRALIA PTY LTD,63100142292,183954109,,,2024-25
VANDERLANDE INDUSTRIES AUSTRALIA PTY LTD,61164889838,275526053,3444715,1033414,2024-25
VANGUARD INVESTMENTS AUSTRALIA LTD,72072881086,342764419,48297976,13279354,2024-25
VANTAGE FUELS PTY LTD,24151023040,222721386,308462,77116,2024-25
VANTAGE HOLDINGS AUSTRALIA PTY LTD,56151763610,105510652,10181470,3054441,2024-25
VANTIVE AUSTRALIA PTY LIMITED,69076201619,1797960524,51080173,10377908,2024-25
VANWARREN PTY LTD,81103861990,361233442,5246902,,2024-25
VARLEY GROUP PTY LTD,54629995820,390702100,10496437,2357762,2024-25
VAUGHAN CIVIL PTY LTD,50152638447,116765038,6511894,1953568,2024-25
VAULT MINERALS LIMITED,73068647610,1452868130,,,2024-25
VAWDREY AUSTRALIA PTY LTD,66005075052,206852145,32487493,9746248,2024-25
VAWDREY MANUFACTURING PTY LTD,92084490906,222566030,13432459,4029738,2024-25
VAX APPLIANCES (AUSTRALIA) PTY LTD,84009099736,1242663946,29615430,8884629,2024-25
VE PROPERTY PTY LTD,57623469625,472993666,366578315,109973494,2024-25
VEGIE BANDITS PTY LTD,31079441044,652086329,31655420,9496626,2024-25
VEHICLE REPAIRHUB PTY LTD,12632384224,175223987,1164560,349368,2024-25
VELLEX HOLDINGS PTY LTD,85651221000,122468462,,,2024-25
VELOCITY VEHICLE GROUP TOPCO PTY LTD,76646514141,1016784144,12129808,3638942,2024-25
VENTIA SERVICES GROUP LIMITED,53603253541,6806026439,232855237,66669558,2024-25
VEOLIA HOLDINGS AUSTRALIA PTY LTD,82663593093,3277103650,118940911,5358749,2024-25
VEOLIA WATER TECHNOLOGIES & SOLUTIONS PROCESS AUSTRALIA PTY LTD,32169392876,163237247,2945359,883608,2024-25
VERIZON AUSTRALIA PTY LIMITED,62081001194,195807562,9450548,2835164,2024-25
VERMILION AUSTRALIA LIMITED PARTNERSHIP,92210617868,215186899,,,2024-25
VERMONT AUS HOLDCO PTY LTD,82626842135,1710250317,145304814,42147560,2024-25
VERTECH GROUP PTY LTD,53132745665,108122504,4064567,695531,2024-25
VERTEX PHARMACEUTICALS (AUSTRALIA) PTY LTD,34160157157,341544592,,,2024-25
VERTIV (AUSTRALIA) PTY LTD,53003469654,239742726,48613787,14584136,2024-25
VESTAS AUSTRALIAN WIND TECHNOLOGY PTY. LIMITED,80089653878,1950592335,40717129,12215139,2024-25
VEYANCE TECHNOLOGIES AUSTRALIA PTY LTD,87125188070,220252753,7151230,2145369,2024-25
VGW HOLDINGS PTY LIMITED,36147193511,1244002539,361180546,104782917,2024-25
VIATRIS PTY LTD,29601608771,146513257,15333147,4599944,2024-25
VICINITY LIMITED,90114757783,247475540,522780,,2024-25
VICKERY BROS PTY LTD,26007190614,104397557,2406205,721862,2024-25
VICTORIA INTERNATIONAL CONTAINER TERMINAL LIMITED,56164915655,281349303,,,2024-25
VICTORIA POWER NETWORKS PTY LTD,37116940820,2209572495,166523349,49528434,2024-25
VICTORIA TEACHERS LIMITED,44087651769,209706270,24811213,7434745,2024-25
VICTORIAN CHEMICAL COMPANY PROPRIETARY LIMITED,36004188863,111210354,23248772,6281437,2024-25
VINCI ENERGIES AUSTRALIA PTY LTD,86602042339,192754219,,,2024-25
VINEY HOLDCO PTY LTD,81658290898,292240692,,,2024-25
VINPAC INTERNATIONAL PTY LTD,20008266779,201857346,,,2024-25
VIRBAC (AUSTRALIA) PTY LIMITED,77003268871,155998429,40503020,10077033,2024-25
VIRGIN AUSTRALIA HOLDINGS LIMITED,54100686226,5991332089,50607121,15181136,2024-25
VIRIDIAN FINANCIAL GROUP LTD,67605994741,106924629,20417321,5954838,2024-25
VIRIDIAN GLASS PTY LTD,68006904052,191960314,,,2024-25
VISA AP (AUSTRALIA) PTY LTD,20134885564,137402396,18029904,5408971,2024-25
VISY RECYCLING AUSTRALIA PTY LTD,46118295239,113346321,9643199,2739433,2024-25
VITASOY AUSTRALIA PRODUCTS PTY LTD,18088959835,109884925,,,2024-25
VITEX PHARMACEUTICALS PTY LTD,81089651383,216531418,32185937,9655781,2024-25
VITURA HEALTH LIMITED,59629071594,124820152,3753968,1126190,2024-25
VIVA ENERGY GROUP LIMITED,74626661032,30550161100,203005396,47534321,2024-25
VIVA LEISURE LIMITED,76607079792,210718094,12956447,3021288,2024-25
VJE GLOBAL PTY LTD,83682363659,379228920,379175969,609931,2024-25
VOC GROUP LIMITED,51159630761,137510071,172876944,,2024-25
VOESTALPINE HIGH PERFORMANCE METALS (AUSTRALIA) PTY LTD,15000013052,115150836,12879648,3863894,2024-25
VOESTALPINE RAILWAY SYSTEMS AUSTRALIA PTY LTD,71011073108,107906161,1102741,330822,2024-25
VOLKSWAGEN FINANCIAL SERVICES AUSTRALIA PTY LTD,20097071460,1241380299,85580002,25674001,2024-25
VOLKSWAGEN GROUP AUSTRALIA PTY LTD,14093117876,3493802561,116241380,34872414,2024-25
VOLTAIRE AUSTRALIA PTY LTD,52656104497,139808239,,,2024-25
VOLVO CAR AUSTRALIA PTY LIMITED,18004830611,517809152,18189411,5456823,2024-25
VOLVO FINANCE AUSTRALIA PTY LIMITED,83071774233,104496448,29944998,8983499,2024-25
VOLVO GROUP AUSTRALIA PTY LTD,27000761259,2334341742,168184418,48767811,2024-25
VOPAK TERMINALS AUSTRALIA PTY LTD,75065452520,129436396,36161155,10848346,2024-25
VOS CONSTRUCTION & JOINERY PTY LTD,99009558258,168378343,9217742,2765323,2024-25
VOSSLOH AUSTRALIA PTY LTD,52100797699,128919502,9337842,2457437,2024-25
VOYAGE AUSTRALIA HOLDINGS PTY LIMITED,31648328803,2008754124,,,2024-25
VOYAGES INDIGENOUS TOURISM AUSTRALIA PTY LTD,82146482591,222173231,,,2024-25
VRG HOLDCO PTY LTD,16642854313,536995635,,,2024-25
VRV AUSTRALIA PTY LTD,66631624729,207543662,46556558,13966967,2024-25
VSA ROADS PTY LTD,18136665935,165056074,5830062,1749019,2024-25
VSL AUSTRALIA PTY LTD,56000528914,105980064,14153450,4246035,2024-25
VULCAN STEEL (AUSTRALIA) PTY LTD,61100061283,709457167,14756720,4427016,2024-25
VYSARN LIMITED,41124212175,107821739,8841198,2652359,2024-25
WA FUEL SUPPLIES PTY LTD,73604421267,367831319,7735346,1933836,2024-25
WAGNERS HOLDING COMPANY LTD,49622632848,434249175,35449470,10167260,2024-25
WAGSTAFF PILING PTY LTD,26052146488,211220607,47639299,14291790,2024-25
WALKER GROUP HOLDINGS PTY LIMITED,81001215069,659717637,2961289,,2024-25
WALKER PRECINCT PTY LTD,94614451160,772913011,40446101,12133830,2024-25
WALLIS DRILLING PTY LTD,72009091070,100039379,12926149,3474742,2024-25
WALTOCK PTY LTD,68003118090,119236933,1949652,584896,2024-25
WALZ GROUP PTY LTD,37610347076,109672115,7565799,2269740,2024-25
WAM ACTIVE LIMITED,49126420719,557822237,7605933,2137740,2024-25
WAM CAPITAL LIMITED,34086587395,4990716596,183262470,45222049,2024-25
WAM GLOBAL LIMITED,76624572925,629705154,108110697,32433209,2024-25
WAM INCOME MAXIMISER LIMITED,40683776954,100944819,2243681,601740,2024-25
WAM LEADERS LIMITED,33611053751,12537648711,46180311,1330220,2024-25
WAM MICROCAP LIMITED,34617838418,759500854,39667346,9349491,2024-25
WAM RESEARCH LIMITED,15100504541,545160953,18003521,3784723,2024-25
WAMBO COAL PTY LTD,13000668057,937154821,321758048,96357271,2024-25
WARAKIRRI AGRICULTURAL FARM TRUST II,58128446181,182594050,,,2024-25
WARMOLL FOODS PTY LTD,49152503092,306326417,3896253,1168876,2024-25
WARNER BROS. ENTERTAINMENT AUSTRALIA PTY LTD,70003773411,973949604,,,2024-25
WARNER MUSIC AUSTRALIA PTY LIMITED,35000815565,129207182,10828532,2714474,2024-25
WARRIKAL ENGINEERING PTY LTD,74616230267,236455747,8328342,2498503,2024-25
WARRIKAL PTY LTD,21614209095,243699727,5494018,1648205,2024-25
WARRIKAL SITE SERVICES PTY LTD,33656543832,127795838,379302,113791,2024-25
WARTSILA AUSTRALIA PTY LTD,38003736892,118570916,,,2024-25
WARWICK FARM AUTOMOTIVE PTY LTD,75665769111,182600687,8141893,2442568,2024-25
WASTE SERVICES GROUP PTY LTD,37655019408,344562295,,,2024-25
WASTE TOP CO PTY LTD,,152441897,,,2024-25
WATCHES OF SWITZERLAND PTY LTD,81062949786,196176834,31276818,9383045,2024-25
WATCO INTERNATIONAL PTY LTD,28150437951,118083879,,,2024-25
WATERCO LIMITED,62002070733,226378247,8886338,2180023,2024-25
WATERWORKS GROUP HOLDINGS PTY LTD,16663966612,166183264,165775085,12123903,2024-25
WAYNE PHILLIS FORD PTY. LTD.,30007836213,158287343,4118770,1235631,2024-25
WCM GLOBAL GROWTH LIMITED,69617281268,108268395,53024233,15552496,2024-25
WCX M5 FINCO PTY LTD,65606993462,124741388,,,2024-25
WEATHERFORD AUSTRALIA PTY LIMITED,68008947395,106235547,,,2024-25
WEAVER ENTERPRISES PTY LIMITED,64097822592,283381725,24026791,7205698,2024-25
WEB TRAVEL GROUP LIMITED,68002013612,366781521,,,2024-25
WEBER-STEPHEN PRODUCTS CO. (AUSTRALIA) PTY LTD,18006305237,125570780,11942057,3582617,2024-25
WEBUILD S.P.A.,83159573896,2958643193,187235281,56170584,2024-25
WECK HOLDINGS PTY LTD,12651477619,102072985,44875,13462,2024-25
WEIR GROUP (AUSTRALIAN HOLDINGS) PTY LTD,57090873117,1142931182,198777676,50250672,2024-25
WELLINGTON MANAGEMENT AUSTRALIA PTY LTD,19167091090,109278562,7939633,2381890,2024-25
WEM GROUP HOLDINGS PTY LTD,34003081061,300028475,25482274,7644682,2024-25
WENDY HOLDCO PTY LTD,72635436190,127086725,,,2024-25
WENGFU AUSTRALIA PTY LTD,31141160581,547660178,1163454,349036,2024-25
WESBEAM HOLDINGS PTY LTD,89095594826,145372550,5149182,1544755,2024-25
WESFARMERS LIMITED,28008984049,44785872323,3402357842,992088596,2024-25
WESPINE INDUSTRIES PTY LTD,88052954337,139569524,,,2024-25
WESSEL PETROLEUM PTY. LTD.,46054320991,303348923,5469398,1640819,2024-25
WEST END MOTOR GROUP PTY. LIMITED,30001988450,229404012,,,2024-25
WEST HQ LIMITED,54000842375,117770600,,,2024-25
WEST TO WEST CARPENTRY SERVICES PTY LTD,22155477393,116678028,1596095,478828,2024-25
WESTBOURNE CONSTRUCTIONS PTY LTD,32100473907,214850692,,,2024-25
WESTCO CAIRNS PTY LTD,99011009297,107421386,,,2024-25
WESTCON GROUP PTY LTD,77050539672,303865097,12670064,2828497,2024-25
WESTCONNEX FINANCE COMPANY PTY LTD,54626812039,356956701,,,2024-25
WESTERN AG SUPPLIES PTY LTD,27113662758,131635917,2183403,652878,2024-25
WESTERN AUSTRALIAN MEAT MARKETING CO-OP LTD,54048449698,260642559,1490036,424473,2024-25
WESTERN AUSTRALIAN SPECIALTY ALLOYS PTY. LTD.,14053910188,270768624,53884888,16165466,2024-25
WESTERN DOWNS HOLDCO PTY LTD,94638652810,218066445,,,2024-25
WESTERN STEEL PROCESSORS PTY LTD,64140678039,191931664,22104746,6586330,2024-25
WESTERN SUBURBS NCLE LEAGUES CLUB LIMITED,24000973919,164689967,,,2024-25
WESTERN TRUCK GROUP PTY LTD,31624305353,263211776,3740958,1122287,2024-25
WESTERN UNION FINANCIAL SERVICES (AUSTRALIA) PTY LIMITED,77082282773,125266550,3530312,1059094,2024-25
WESTFORCE CONSTRUCTION PTY LTD,34121966041,152044836,17577366,5273210,2024-25
WESTGOLD RESOURCES LIMITED,60009260306,862266710,35008390,10502517,2024-25
WESTINA CORPORATION PTY LTD,64095230943,131695163,26110925,7833278,2024-25
WESTKON PRECAST CONCRETE PTY LTD,68150388337,118554112,201676,60503,2024-25
WESTKON PRECAST PTY LTD,92107423156,145158024,23900172,7170052,2024-25
WESTPAC BANKING CORPORATION,33007457141,54990809031,8884565327,2662113156,2024-25
WESTPORK PTY LTD,90009148789,277932552,22049048,6614624,2024-25
WESTSIDE ENERGY PTY LTD,39168060366,108269400,,,2024-25
WESTSIDE MEAT PTY LTD,69004800097,191874902,10154245,3046274,2024-25
WESTSTAR INDUSTRIAL LIMITED,38119047693,131833042,21671504,,2024-25
WEWORK AUSTRALIA PTY LTD,25607522510,240691786,,,2024-25
WGA GROUP HOLDINGS PTY LTD,86649953980,145314452,6129834,1785394,2024-25
WH MCCARTHY PTY LTD,73000004893,542862085,2480621,744186,2024-25
WH SMITH AUSTRALIA PTY LTD,70146430622,170827825,17344,,2024-25
WHITE FOX BOUTIQUE PTY LTD,35606710114,567309392,149415888,44824766,2024-25
WHITE PRINCE PTY LIMITED,38073173716,102519031,,,2024-25
WHITE STRIPE FOODS PTY LTD,44105781977,192806850,5226263,1567879,2024-25
WHITEHAVEN COAL LIMITED,68124425396,6827478354,492305897,147025343,2024-25
WHITES GROUP PTY LTD,25001845478,149620108,17881748,5364524,2024-25
WHIZDOM PTY LTD,52119884945,100249249,3269847,980954,2024-25
WHSP HOLDINGS PTY LIMITED,49000002728,1304484356,550747595,47069459,2024-25
WICET HOLDINGS PTY LTD,26131210001,564218797,,,2024-25
WICKHAM FREIGHT LINES PTY LTD,59062620240,188463580,1950794,585238,2024-25
WIDEBAY MOTORS PTY LTD,56009715146,143218618,8079262,2423779,2024-25
WILEY & CO PTY. LTD.,40010604869,118755608,5481664,1644499,2024-25
WILEY PUBLISHING AUSTRALIA PTY LTD,48085710952,125586028,37624505,10860141,2024-25
WILHELMSEN PORT SERVICES (AUSTRALIA) PTY LIMITED,61000740714,103389514,6902588,2070776,2024-25
WILKINSON HOLDINGS AUSTRALIA PTY LTD,85108448228,227034845,,,2024-25
WILKINSON PROPERTY HOLD CO PTY LTD,20605472820,261866946,,,2024-25
WILLIAM ADAMS INDUSTRIES PTY LTD,58108367997,304002691,41405537,12421661,2024-25
WILLIAM ADAMS PTY LTD,72009569493,576513126,20480126,5942998,2024-25
WILLIS TOWERS WATSON AUSTRALIA HOLDINGS LIMITED,98112435079,189764853,14795997,3435041,2024-25
WILMAR AUSTRALIA HOLDINGS PTY LIMITED,79144972743,2089032846,146365206,41586402,2024-25
WILMAR GF HOLDINGS AUSTRALIA PTY LTD,55600457430,1221077093,11116518,,2024-25
WILMAR TRADING (AUSTRALIA) PTY LTD,58128080455,1166201865,19011405,5682100,2024-25
WILSON & BRADLEY PTY LTD,56630675375,108583305,4257694,1277308,2024-25
WILSON ASSET MANAGEMENT (INTERNATIONAL) PTY LIMITED,89081047118,104917460,57769326,17185628,2024-25
WILSON PARKING AUSTRALIA 1992 PTY LTD,67052475911,1168289745,36885518,11065655,2024-25
WILSON TRANSFORMER HOLDINGS PTY LTD,24109811136,437914624,65823246,19473784,2024-25
WIN CORPORATION PTY LTD,43000737404,190654675,,,2024-25
WINDFIELD HOLDINGS PTY LTD,60160456164,2127812655,813901028,244170308,2024-25
WINDY STUDIOS PTY LTD,18664532352,611609224,,,2024-25
WINGATE GROUP HOLDINGS PTY LTD,82128511035,263255300,1904848,,2024-25
WINNING APPLIANCES PTY LIMITED,94002193688,891063094,22923404,6877021,2024-25
WIPRO LIMITED,18093961936,328098178,26161268,7848380,2024-25
WIPRO TECHNOLOGIES AUSTRALIA PTY LTD,67003785617,143965625,,,2024-25
WIRRAWAY MOTOR COMPANY PTY LTD,51155882081,118373231,,,2024-25
WISE AUSTRALIA PTY LTD,38616463855,436203494,11056250,3316875,2024-25
WISETECH GLOBAL LIMITED,41065894724,935899927,340721747,75041951,2024-25
WISEWAY GROUP LIMITED,26624909682,138946733,3875879,1162764,2024-25
WOLTERS KLUWER AUSTRALIA PTY LIMITED,46095325643,100110246,10308011,3065929,2024-25
WOOD GROUP AUSTRALIA PTY LTD,51101049076,625005247,,,2024-25
WOODHAM PETROLEUM PTY LTD,45654386035,382828085,3552841,888210,2024-25
WOODHOUSE TIMBER COMPANY PTY LTD,52010503161,105306012,2989472,896842,2024-25
WOODLANDS ENTERPRISES PTY. LTD.,48009759746,173736872,20112564,5956863,2024-25
WOODS HOLDING GROUP PTY LTD,11131958551,293646439,4762176,1050755,2024-25
WOODSIDE ENERGY GROUP LTD,55004898962,17626121990,5540966803,1059733538,2024-25
WOODWARD FOODS AUSTRALIA PTY LTD,93623470575,251301992,1701535,510460,2024-25
WOOLNORTH WIND FARM HOLDING PTY LTD,91154051617,128096438,41445330,12433599,2024-25
WOOLWORTHS GROUP LIMITED,88000014675,59470797770,2133911000,622390740,2024-25
WORKDAY AUSTRALIA PTY LTD,75154840507,264061954,1306121,391836,2024-25
WORKPAC GROUP PTY LTD,61633330060,1067861703,13114117,3934235,2024-25
WORLD FUEL SERVICES (AUSTRALIA) PTY LTD,99150375063,153884329,,,2024-25
WORLD WIRE CABLES (AUSTRALIA) PTY LTD,26079817379,127996379,4372389,1311717,2024-25
WORLDLINE AUSTRALIA PTY LTD,50645073034,600315095,,,2024-25
WORLEY LIMITED,17096090158,2220142155,85865689,,2024-25
WORMALD AUSTRALIA PTY LTD,80008399004,342784515,16835298,5050589,2024-25
WORMALL CIVIL PTY LTD,60162970863,401673166,25825053,7742553,2024-25
WOTTON KEARNEY HOLDINGS LTD,60632647306,180620008,38551119,11557115,2024-25
WPP AUNZ PTY LTD,84001657370,590861446,25708979,7285923,2024-25
WR CARPENTER NO 1 PTY LTD,34118630461,108219071,,,2024-25
WRIGHT PROSPECTING PTY LTD,35008677021,349856011,342883791,102865137,2024-25
WRIGHTVILLE CORPORATION PTY LTD,34097843091,112122379,4967482,1489548,2024-25
WRIGHTVILLE OPERATIONS PTY LTD,34008046820,158190652,8820150,2644406,2024-25
WS AUDIOLOGY ANZ PTY LTD,30009163419,129045446,203844,3418,2024-25
WS MOTORS PTY LTD,99608791804,192359845,4889750,1466925,2024-25
WSO FINANCE PTY LIMITED,60102757871,112036144,,,2024-25
WSP AUSTRALIA HOLDINGS PTY LTD,90169545395,1977977293,131727362,33996698,2024-25
WT FINANCIAL GROUP LIMITED,87169037058,217703006,1490970,447291,2024-25
WTP AUSTRALIA PTY LIMITED,69605212182,112268523,18240334,5225073,2024-25
WURTH AUSTRALIA PTY LTD,48002487096,196522171,11240712,3372214,2024-25
WWT AUSTRALIA PTY LTD,78611478463,114680800,10920388,3276116,2024-25
WYLOO CONSOLIDATED PTY LTD,49646334269,436907607,,,2024-25
XENTIUM HOLDINGS PTY LTD,66159222572,104711036,1702732,487148,2024-25
XERO AUSTRALIA PTY LIMITED,89124215247,502602619,82111192,17981567,2024-25
XL INSURANCE COMPANY SE,36083570441,1325856116,106620666,31229265,2024-25
XYLEM AUSTRALIA HOLDINGS PTY LTD,89162495070,284132957,14821011,4446303,2024-25
YAMAHA MOTOR AUSTRALIA PTY LIMITED,88002556989,506559373,24874406,7462322,2024-25
YANCOAL AUSTRALIA LIMITED,82111859119,7292823686,1876993996,548094457,2024-25
YARA AUSTRALIA PTY LIMITED,77076301221,582854000,,,2024-25
YARA PILBARA NITRATES PTY LTD,33127391422,311638296,,,2024-25
YARRA JOURNEY MAKERS PTY LTD,87671633159,437903613,1577319,473196,2024-25
YENDA PRODUCERS CO-OPERATIVE SOCIETY LIMITED,79134587268,141676739,,,2024-25
YETI AUSTRALIA PTY LTD,14615277033,205323925,8301729,2461433,2024-25
YKK ALUMINIUM (AUSTRALIA) PTY LTD,66001779237,227923674,,,2024-25
YN ENERGY PTY LTD,88611962451,214577872,1635434,490630,2024-25
YOKOGAWA AUSTRALIA PTY LIMITED,36003888364,130902797,17211038,5160507,2024-25
YOKOHAMA TYRE AUSTRALIA PTY LIMITED,26001361459,165282962,11209811,3362943,2024-25
YOLARNO PTY LTD,95002255183,783177430,,,2024-25
YOUI HOLDINGS PTY LTD,41124972425,2033167657,299372957,88244278,2024-25
YT PARKSONG AUSTRALIA HOLDING PTY LTD,71141125920,236147442,87906988,26372096,2024-25
YU LONG INVESTMENTS (AUSTRALIA) PTY LTD,45164176443,172185213,,,2024-25
YUNNAN TIN AUSTRALIAN INVESTMENT,16124402802,390981619,5379975,1613992,2024-25
YURRA PTY LTD,99162178458,100963884,2681693,804508,2024-25
YUTONG AUSTRALIA PTY LTD,18163171042,114524778,6456457,1936937,2024-25
YUXIN HOLDINGS PTY LIMITED,53653087257,339469741,134283177,40284953,2024-25
ZANARDO & RODRIQUEZ SALES & SERVICE PTY LIMITED,17000642517,120233804,2666737,800021,2024-25
ZASHVIN PTY LTD,80010980015,535640656,721987746,9103516,2024-25
ZAUNER CONSTRUCTION PTY LTD,21087732607,102362063,3282203,984661,2024-25
ZEBRA TECHNOLOGIES AUSTRALIA PTY LTD,14153920462,173393492,8263910,2303921,2024-25
ZEN ENERGY PTY LTD,13644924729,410770671,,,2024-25
ZENDESK PTY LTD,86151424770,133425120,18792341,1001804,2024-25
ZENVIRON PTY LTD,87612344313,185287748,18130193,5439058,2024-25
ZEUS ONE HOLDING COMPANY PTY LTD,54615424238,176915551,20690292,5612019,2024-25
ZEUSS CHILDCARE I PTY LTD,70609818386,635991203,32810051,9843015,2024-25
ZIMMER AUSTRALIA HOLDING PTY LIMITED,93107449534,318570456,25366396,7609919,2024-25
ZIP CO LIMITED,50139546428,846456285,,,2024-25
ZURICH FINANCIAL SERVICES AUSTRALIA LIMITED,11008423372,5673891679,49474539,3309995,2024-25
ZURU PTY LTD,19614731547,151422697,8872677,2661803,2024-25
