company_name,abn,total_income,taxable_income,tax_payable,income_year
130 ELIZABETH STREET UNIT TRUST,34791838671,125549219,61386012,18415804.0,2014-15
21ST CENTURY RESORT HOLDINGS PTY LTD,33104201014,216169773,,,2014-15
318 RUSSELL STREET PTY LTD,33146526052,244571771,2879632,863890.0,2014-15
3M AUSTRALIA PTY LTD,90000100096,451442784,78533075,22740986.0,2014-15
7 HOLDINGS PTY LTD,31005620851,2656137512,158520113,45811348.0,2014-15
A P EAGERS LIMITED,87009680013,2690661986,148269844,34422220.0,2014-15
A.C.N 003 933 300 PTY LTD,58003933300,370076926,86520,23098.0,2014-15
A.E SMITH & SON PTY LTD,54004274793,224697421,750007,,2014-15
A2 AUSTRALIAN INVESTMENTS PTY LTD,93126014275,152452496,4210818,1191380.0,2014-15
AA HOLDINGS PTY LTD,94112233744,503286890,15532471,4659741.0,2014-15
AAPC LIMITED,87009175820,576695349,42131051,10715193.0,2014-15
ABACUS GROUP HOLDINGS LIMITED,31080604619,109649223,12971497,3891449.0,2014-15
ABB GROUP INVESTMENT MANAGEMENT PTY LTD,47082803852,932442487,,,2014-15
ABBOTT AUSTRALASIA PTY LIMITED,95000180389,408006805,18376639,5512992.0,2014-15
ABBVIE PTY LIMITED,48156384262,298407784,21196535,2807428.0,2014-15
ABC REFINERY PTY LTD,82154520199,644880018,,,2014-15
ABC TISSUE PRODUCTS PTY LIMITED,33003085112,437826822,51142918,15342794.0,2014-15
ABN GROUP (VIC) PTY LTD,82130382188,224875015,,,2014-15
ABNOTE GROUP (AUSTRALASIA) PTY LTD,71118294536,116052996,4683569,1405071.0,2014-15
ABP FINANCE PTY LIMITED,58139991101,290071367,,,2014-15
ACCENT GROUP PTY LTD,28001742552,192046342,16367739,4910322.0,2014-15
ACCENTURE AUSTRALIA HOLDINGS PTY LTD,61096995649,1513504329,126759646,34274290.0,2014-15
ACCESS PREPAID AUSTRALIA PTY LTD,47145452044,685753808,3063842,919153.0,2014-15
ACCO BRANDS AUSTRALIA HOLDING PTY LIMITED,58130787923,140070801,15269932,3651560.0,2014-15
ACCOLADE WINES HOLDINGS AUSTRALIA PTY LIMITED,56103359299,425226439,,,2014-15
ACE AUSTRALIA HOLDINGS PTY LIMITED,64116987618,653521981,81345150,24001620.0,2014-15
ACER COMPUTER AUSTRALIA PTY LIMITED,78003872768,268389924,,,2014-15
ACN 001 583 268 PTY LTD,,131228002,5496345,1648904.0,2014-15
ACN 085 239 998 PTY LTD,39085239998,507812549,44910124,13473037.0,2014-15
ACONEX LIMITED,49091376091,106283154,1402820,,2014-15
ACTAVIS PHARMA PTY LTD,95147695225,127781773,,,2014-15
ACTE PTY LTD,79122076877,241757862,5870505,1761152.0,2014-15
ACTIVISION BLIZZARD PTY LIMITED,90054096883,111578651,5223306,1341076.0,2014-15
AD ASTRA HOLDINGS PTY LIMITED,19111061726,175533395,30154740,9010582.0,2014-15
ADAIRS LIMITED,50147375451,271030185,22070010,6620963.0,2014-15
ADAMA AUSTRALIA HOLDINGS PTY LIMITED,31108759495,168605382,2483214,744964.0,2014-15
ADANI ABBOT POINT TERMINAL HOLDINGS PTY LTD,17154644685,350204603,,,2014-15
ADANI MINERALS PTY LTD,32151649740,135934900,131098,39329.0,2014-15
ADCO CONSTRUCTIONS PTY LIMITED,46001044391,482833773,5452964,1181092.0,2014-15
ADCOME PTY LTD,99110315681,388267962,,,2014-15
ADCORP HOLDINGS AUSTRALIA PTY LIMITED,91161583893,346778178,5155461,1262406.0,2014-15
ADECCO HOLDINGS PTY LTD,11003652088,477923000,,,2014-15
ADELAIDE BRIGHTON LIMITED,15007596018,1391394704,200453995,54305236.0,2014-15
ADIDAS AUSTRALIA PTY LTD,80058390659,235235533,8173726,2452118.0,2014-15
ADM TRADING AUSTRALIA PTY LTD,92126806979,1195490787,,,2014-15
ADT GROUP HOLDINGS PTY LTD,35144849436,212246195,954811,286443.0,2014-15
AFFINITY EDUCATION GROUP LIMITED,37163864195,164258915,16819824,5045947.0,2014-15
AFTERMARKET NETWORK AUSTRALIA PTY LTD,55159216485,266686814,29353569,8806071.0,2014-15
AGC AUSTRALIA PTY LTD,59081037274,363604154,,,2014-15
AGCO AUSTRALIA LIMITED,89004092684,337218017,4705803,1411741.0,2014-15
AGGREGATE HOLDINGS PTY LIMITED,24000455881,258999851,33289430,8902022.0,2014-15
AGGREKO GENERATOR RENTALS PTY LTD,66001991457,116917259,,,2014-15
AGILITY LOGISTICS HOLDINGS PTY LTD,62116779876,369901091,2474864,742459.0,2014-15
AGL ENERGY LIMITED,74115061375,10601156586,616577246,184844603.0,2014-15
AGL GENERATION HOLDCO PTY LTD,46155768291,611692750,,,2014-15
AGNVET MANAGEMENT SERVICES PTY LIMITED,91087675465,302578189,10546614,3098199.0,2014-15
AGREX AUSTRALIA PTY LTD,57168277101,326782066,,,2014-15
AGRIUM SP HOLDINGS PTY LIMITED,58146674400,2126807149,,,2014-15
AHI-CARRIER (AUSTRALIA) PTY LTD,47136426214,136958677,6280954,1884286.0,2014-15
AHL HOLDINGS PTY LIMITED,79105266073,288956606,44134118,13240235.0,2014-15
AHRENS GROUP PTY LTD,76114260230,257598906,17202286,5161811.0,2014-15
AIA AUSTRALIA LIMITED,79004837861,2719135992,157576351,45052350.0,2014-15
AIG AUSTRALIA LIMITED,93004727753,1061678710,20536012,5058027.0,2014-15
AINSWORTH GAME TECHNOLOGY LTD,37068516665,175483079,77939506,13655913.0,2014-15
AIR CONSULTING AUSTRALIA PTY LTD,20106063674,119631820,2337625,701288.0,2014-15
AIR LIQUIDE AUSTRALIA LIMITED,57004385782,327738401,52576769,14435174.0,2014-15
AIRBUS GROUP AUSTRALIA PACIFIC HOLDINGS PTY LIMITED,75003066788,708118121,41625352,9803522.0,2014-15
AIRPORT MOTORWAY HOLDINGS PTY LTD,55078322531,116061516,,,2014-15
AIRSERVICES AUSTRALIA,59698720886,1008126555,,,2014-15
AJ LUCAS GROUP LIMITED,12060309104,134456054,,,2014-15
AKZO NOBEL COATINGS (HOLDINGS) PTY LTD,51000285012,242869396,,,2014-15
ALCATEL-LUCENT AUSTRALIA LIMITED,97000005363,369608361,2622197,782611.0,2014-15
ALCOA AUSTRALIAN HOLDINGS PTY LTD,33096987370,521285336,,,2014-15
ALCOA OF AUSTRALIA LIMITED,93004879298,3946813067,557746880,162031244.0,2014-15
ALDI FOODS PTY LIMITED,18086210139,5800785488,238521110,71556333.0,2014-15
ALH GROUP PTY LTD,68098212134,3951836102,387668571,116300571.0,2014-15
ALIMFRESH PTY LIMITED,78002831843,224650128,34307423,4770915.0,2014-15
ALINTA HOLDINGS,52148012471,1030061007,,,2014-15
ALINTA POWER CAT PTY LTD,63124509619,1575189251,271517,,2014-15
ALKANE RESOURCES LIMITED,35000689216,102793853,,,2014-15
ALLEGIS GROUP AUSTRALIA PTY LTD,84159406523,114727866,,,2014-15
ALLERGAN AUSTRALIA PTY LTD,85000612831,181656356,4791186,1189015.0,2014-15
ALLIANCE AVIATION SERVICES LIMITED,96153361525,214890123,,,2014-15
ALLIANZ AUSTRALIA LIMITED,21000006226,4032821902,485363034,135459060.0,2014-15
ALLIED DOMECQ AUSTRALIA PTY LTD,89008549326,204377026,,,2014-15
ALLIED MILLS AUSTRALIA PTY LIMITED,61101262588,490730437,19547200,3676876.0,2014-15
ALLSEAS CONSTRUCTION CONTRACTORS SA,45096664649,950679113,13567715,4070315.0,2014-15
ALMONDCO AUSTRALIA LIMITED,81062887352,199465771,,,2014-15
ALS LIMITED,92009657489,623917345,53723756,13660741.0,2014-15
ALSCO PTY LIMITED,26000435629,254208828,37739594,11320391.0,2014-15
ALSTOM AUSTRALIA LIMITED,81000215092,361727976,,,2014-15
ALTERNATIVE INVESTMENT (HOTEL AND NEW ZEALAND) PRIVATE SYNDICATE,51080896525,156482019,16995689,4967178.0,2014-15
ALTOMONTE HOLDINGS PTY LIMITED,18000821910,507042938,,,2014-15
ALUMINA & BAUXITE COMPANY LTD,52692964098,223517906,,,2014-15
ALUMINA LIMITED,85004820419,179739639,,,2014-15
AMADEUS IT PACIFIC PTY LTD,22080674255,113763135,18625037,2241560.0,2014-15
AMAYSIM AUSTRALIA PTY LTD,65143613478,212655000,6287339,,2014-15
AMAZON CORPORATE SERVICES PTY LTD,95082931600,148291151,14231351,4269405.0,2014-15
AMCOM TELECOMMUNICATIONS LTD,20062046217,165907910,6664619,820225.0,2014-15
AMCOR LIMITED,62000017372,1397456317,,,2014-15
AMEC FOSTER WHEELER AUSTRALIA HOLDING COMPANY PTY LTD,23138831455,299236083,,,2014-15
AMERICAN EXPRESS AUSTRALIA LIMITED,92108952085,925900000,6730780,,2014-15
AMERICAN EXPRESS CREDIT CORPORATION,99110265088,241267585,49285175,14785552.0,2014-15
AMERICAN EXPRESS INTERNATIONAL INC AUSTRALIA BRANCH,15000618208,112756201,,,2014-15
AMERICOLD AUSTRALIAN HOLDINGS PTY LTD,48117491291,236009276,18940554,5584701.0,2014-15
AMEROPA AUSTRALIA PTY LTD,21009504394,440961701,,,2014-15
AMGEN AUSTRALIA PTY LIMITED,31051057428,320833492,19233017,5769905.0,2014-15
AMGROW PTY LTD,81100684786,444627180,21370190,4367939.0,2014-15
AMP CAPITAL HOLDINGS LIMITED,69078651966,751637221,131564240,38432282.0,2014-15
AMP LIMITED,49079354519,31349767906,5843662310,586659669.0,2014-15
AMPLIFON AUSTRALIA HOLDING PTY LTD,34147231561,141355556,36783620,11035086.0,2014-15
ANGLO AMERICAN AUSTRALIA LIMITED,47004892371,3605359575,32378304,,2014-15
ANGLOGOLD INVESTMENTS AUSTRALIA PTY LTD,48090112459,874019667,45083920,,2014-15
ANL CONTAINER LINE PTY LTD,41083962136,265835307,25934352,6596797.0,2014-15
ANSALDO STS AUSTRALIA PTY LTD,34068707380,389942834,42641390,12507446.0,2014-15
ANSELL LIMITED,89004085330,315130682,10128071,,2014-15
ANSVAR INSURANCE LIMITED,21007216506,160354213,2884933,865480.0,2014-15
AON CORPORATION AUSTRALIA LIMITED,58004756772,510270267,104078102,29510514.0,2014-15
APCO SERVICE STATIONS PTY LTD,91007229898,272473426,5332124,1599637.0,2014-15
APN NEWS & MEDIA LIMITED,95008637643,418426121,27324299,,2014-15
APN OUTDOOR GROUP LIMITED,57155848589,231387369,2306207,595420.0,2014-15
APOTEX AUSTRALIA PTY LTD,48054124980,234703564,15357531,4607259.0,2014-15
APPLE PTY LTD,46002510054,8348192650,487996001,146295503.0,2014-15
AQUASURE FINANCE PTY LTD,35136072627,346602749,,,2014-15
AQUASURE HOLDINGS PTY LTD,46135956053,312209352,,,2014-15
ARA GROUP PTY LTD,47074886561,321760743,10457411,3049587.0,2014-15
ARB CORPORATION LTD,31006708756,315592056,48661733,13429544.0,2014-15
ARCADIA ENERGY AUSTRALIA HOLDINGS PTY LTD,84148015098,173457421,2926975,878092.0,2014-15
ARDAGH AUSTRALASIA HOLDINGS PTY LTD,55127112038,105554818,,,2014-15
ARDENT LEISURE LIMITED,22104529106,415098024,2808660,,2014-15
ARGO INVESTMENTS LIMITED,35007519520,260554983,318815199,20426279.0,2014-15
ARISTOCRAT LEISURE LIMITED,44002818368,802592961,49688777,,2014-15
ARJ GROUP HOLDINGS PTY LTD,31104958527,475312942,41805654,12541696.0,2014-15
ARNOTTS BISCUITS HOLDINGS PTY LTD,84080889621,1378202558,113258867,26424064.0,2014-15
ARROW COMMODITIES PTY LIMITED,17078081428,275666978,1707386,512216.0,2014-15
ARROW ENERGY HOLDINGS PTY LTD,94141385293,207572239,,,2014-15
ARUP PTY LIMITED,18000966165,229409905,10092488,3027746.0,2014-15
ARYZTA HOLDINGS ASIA PACIFIC PTY LIMITED,57146007365,135221927,5113324,586600.0,2014-15
ASAHI HOLDINGS (AUSTRALIA) PTY LTD,48135315767,1499345138,62268160,11226671.0,2014-15
ASALEO CARE LIMITED,61154461300,683492471,,,2014-15
ASC PTY LTD,64008605034,1029231477,34726427,10417928.0,2014-15
ASCENDAS HOSPITALITY OPERATIONS PTY LTD,28156287857,150718909,4251053,1275316.0,2014-15
ASCIANO LIMITED,26123652862,3664310010,418855599,121112172.0,2014-15
ASG GROUP LIMITED,57070045117,163631553,11773854,,2014-15
ASHLEY SERVICES GROUP LIMITED,92094747510,313324177,2887390,866217.0,2014-15
ASHTON COAL MINES LIMITED,66096238603,103121086,,,2014-15
ASICS OCEANIA PTY LIMITED,59003091389,177241510,35237976,10106622.0,2014-15
ASP PACIFIC HOLDINGS PTY LTD,91080401930,269918815,4051300,1214390.0,2014-15
ASPEN ASIA PACIFIC PTY LIMITED,75146444484,836721330,205173207,56771937.0,2014-15
ASPEN MEDICAL PTY LIMITED,32105250413,311553730,29093442,8728033.0,2014-15
ASSA ABLOY AUSTRALIA PACIFIC PTY LTD,81095354582,277587248,32176857,8022161.0,2014-15
ASSOCIATED MOTOR HOLDINGS AUSTRALIA PTY LTD,79113527263,308097534,,,2014-15
ASSOCIATED RETAILERS LIMITED,42004520030,204013188,,,2014-15
ASTRAZENECA HOLDINGS PTY LIMITED,59066876962,1080159308,68641796,16802800.0,2014-15
ASX LIMITED,98008624691,867647416,570505918,168968655.0,2014-15
AT&T GLOBAL NETWORK SERVICES AUSTRALIA PTY LIMITED,72087916701,136504036,8512066,2553620.0,2014-15
ATCO AUSTRALIA PTY LTD,74091033546,284562877,34833254,5011226.0,2014-15
ATCO STRUCTURES & LOGISTICS PTY LTD,71083902309,217083455,41574200,12300116.0,2014-15
ATLAS COPCO SOUTH PACIFIC HOLDINGS PTY LTD,87107374550,630652652,10860882,3148966.0,2014-15
ATLAS IRON LIMITED,63110396168,784925465,,,2014-15
ATLAS SPECIALTY METALS PTY LTD,13004496128,118653679,,,2014-15
ATLASSIAN AUSTRALIA 1 PTY LTD,98166799542,367444922,34568372,,2014-15
ATWOOD AUSTRALIAN WATERS DRILLING PTY LTD,64143726005,623761529,30585989,9175797.0,2014-15
AUB GROUP LIMITED,60000000715,111440977,44278931,3122943.0,2014-15
AUDACIA MARINE CONTRACTORS SA,72126749164,155552934,4286652,1285996.0,2014-15
AUDI AUSTRALIA PTY LIMITED,86077092776,1183519755,28238060,8471418.0,2014-15
AURECON GROUP PTY LTD,12133838187,488527212,18397304,1874439.0,2014-15
AURIZON HOLDINGS LIMITED,14146335622,3899761362,500953249,129104832.0,2014-15
AURORA OIL & GAS LIMITED,90008787988,399983339,146430,43929.0,2014-15
AUSBAO PTY LIMITED,78051968597,218626151,36788137,11036441.0,2014-15
AUSCAN HOLDINGS PTY LTD,70084400886,247099893,,,2014-15
AUSCO HOLDINGS PTY LIMITED,13150795547,340009687,,,2014-15
AUSCOTT LIMITED,38008436011,140806678,,,2014-15
AUSDRILL LIMITED,95009211474,722155530,,,2014-15
AUSENCO LIMITED,31114541114,150932529,13775499,,2014-15
AUSNET SERVICES (DISTRIBUTION) LTD,37108788245,1299978216,,,2014-15
AUSNET SERVICES (TRANSMISSION) LTD,48116124362,673835714,256084476,75087902.0,2014-15
AUSTAL LIMITED,73009250266,321709328,111030647,17966821.0,2014-15
AUSTIN ENGINEERING LTD,60078480136,107807831,,,2014-15
AUSTRALAND HOLDINGS LTD,12008443696,343728241,,,2014-15
AUSTRALASIAN LUBRICANTS MANUFACTURING COMPANY PTY LTD,65088894857,487022702,1933718,580115.0,2014-15
AUSTRALASIAN PERFORMING RIGHT ASSOCIATION LIMITED,42000016099,208390000,,,2014-15
AUSTRALIA AND NEW ZEALAND BANKING GROUP LIMITED,11005357522,30003815057,8673609240,2072457658.0,2014-15
AUSTRALIA BUNKERING PTY LIMITED,26123643952,180602395,1693685,508106.0,2014-15
AUSTRALIA MILLING GROUP PTY LTD,57127428406,163557340,,,2014-15
AUSTRALIA PACIFIC AIRPORTS CORPORATION LIMITED,89069775266,835234168,238393613,71518084.0,2014-15
AUSTRALIA PACIFIC LNG PTY LTD,68001646331,415273848,,,2014-15
AUSTRALIAN AGED CARE PARTNERS HOLDINGS PTY LIMITED,20162265983,298806000,,,2014-15
AUSTRALIAN AGRICULTURAL COMPANY LTD,15010892270,355348985,,,2014-15
AUSTRALIAN BAKELS (PTY) LTD,35000112836,122229637,20207610,5559364.0,2014-15
AUSTRALIAN BULLION COMPANY (NSW) PTY LTD,82002858602,649986964,4775220,1432566.0,2014-15
AUSTRALIAN CENTRAL CREDIT UNION LTD,11087651125,350929085,41088998,11439362.0,2014-15
AUSTRALIAN COMFORT GROUP HOLDINGS PTY LTD,48143785522,184666192,,,2014-15
AUSTRALIAN CONSOLIDATED FOOD HOLDINGS PTY LIMITED,74152947101,1145346410,15860744,3354100.0,2014-15
AUSTRALIAN FINANCE GROUP LTD,11066385822,489327866,23320027,6996008.0,2014-15
AUSTRALIAN FOUNDATION INVESTMENT COMPANY LIMITED,56004147120,367769264,436001485,29419382.0,2014-15
AUSTRALIAN GAS NETWORKS HOLDINGS PTY LIMITED,24169818026,125514416,,,2014-15
AUSTRALIAN GAS NETWORKS LIMITED,19078551685,179867493,,,2014-15
AUSTRALIAN GOLD REAGENTS PTY LTD,93009140121,181680418,,,2014-15
AUSTRALIAN GOVERNMENT SOLICITOR,69405937639,122182781,10866897,3260069.0,2014-15
AUSTRALIAN GRAIN EXPORT PTY LTD,92073563185,209585493,3330698,999209.0,2014-15
AUSTRALIAN GRAIN GROWERS CO-OPERATIVE LTD,33719186591,100114079,,,2014-15
AUSTRALIAN HOSPITAL PARTNERS HOLDINGS PTY LTD,32151280358,468307275,,,2014-15
AUSTRALIAN INDEPENDENT RETAILERS PTY LTD,66004678675,527445806,8327210,2498163.0,2014-15
AUSTRALIAN INDEPENDENT RURAL RETAILERS PTY LTD,36112308835,300452369,7517848,2255354.0,2014-15
AUSTRALIAN LAMB COMPANY PTY LTD,51007340123,311553793,10414328,1986130.0,2014-15
AUSTRALIAN LEADERS FUND LIMITED,64106845970,1006383974,7423123,,2014-15
AUSTRALIAN MOTOR GROUP PTY LTD,67095047902,243394195,11866817,3560045.0,2014-15
AUSTRALIAN PACIFIC (HOLDINGS) PTY LTD,43005419652,494080098,26350939,7185190.0,2014-15
AUSTRALIAN PHARMACEUTICAL INDUSTRIES LIMITED,57000004320,3525002613,55170397,5096197.0,2014-15
AUSTRALIAN PIPELINE TRUST,21858175226,1503565726,14328123,,2014-15
AUSTRALIAN POSTAL CORPORATION,28864970579,6352627297,,,2014-15
AUSTRALIAN RAIL TRACK CORPORATION LTD,75081455754,858790166,34602895,,2014-15
AUSTRALIAN RURAL EXPORTS PTY LTD,49009933831,317563335,14971901,4336192.0,2014-15
AUSTRALIAN SCENIC HOLDINGS PTY LTD,56065395815,377144297,47672974,13406050.0,2014-15
AUSTRALIAN SCHOLARSHIPS GROUP FRIENDLY SOCIETY LIMITED,21087648879,246090647,72594198,18241550.0,2014-15
AUSTRALIAN UNITY LIMITED,23087648888,1280911957,57605258,9425050.0,2014-15
AUSTRALIAN VINTAGE LTD,78052179932,232829114,303,,2014-15
AUSTRALIANSUPER PTY LTD,94006457987,290044554,,,2014-15
AUSWIDE BANK LTD,40087652060,137325620,16294139,4888147.0,2014-15
AUTO & GENERAL HOLDINGS PTY LTD,84086321459,181482340,,,2014-15
AUTO & GENERAL INSURANCE COMPANY LTD,42111586353,510882912,16683595,5005078.0,2014-15
AUTO CLASSIC (W.A.) PTY LTD,66009124690,202863102,4879181,1463754.0,2014-15
AUTOMATIC DATA PROCESSING LIMITED,70003924945,139132375,15194064,4182833.0,2014-15
AUTOMOTIVE HOLDINGS GROUP LIMITED,35111470038,4465985768,141058523,24487862.0,2014-15
AVANADE AUSTRALIA PTY LIMITED,58093925207,162334167,21050312,6315094.0,2014-15
AVANT MUTUAL GROUP LIMITED,58123154898,405317253,128437816,34854007.0,2014-15
AVENG AUSTRALIA HOLDINGS PTY LTD,33108058331,1642995538,,,2014-15
AVERY PROPERTIES PTY LTD,40007713564,160660979,7191917,2144826.0,2014-15
AVIS MANAGEMENT PTY LTD,50001889336,767528632,30709232,9172238.0,2014-15
AVJENNINGS LIMITED,44004327771,329961754,,,2014-15
AVNET (AUSTRALIA) PTY LTD,15090111890,530087822,8472390,2541717.0,2014-15
AVON PRODUCTS PTY LIMITED,48008428457,109984504,,,2014-15
AWAS AVIATION TRADING LIMITED,,111216140,,,2014-15
AWE LIMITED,70077897440,152073512,,,2014-15
AXIS SPECIALTY EUROPE SE,19131203122,157468359,,,2014-15
AZSA HOLDINGS PTY LIMITED,51082714770,3594591903,,,2014-15
B.M.D. HOLDINGS PTY. LIMITED,47010093348,912132985,,,2014-15
B2GOLD AUSTRALIA PAPILLON CO PTY LTD,16601972856,451177949,,,2014-15
BA AUSTRALIA LIMITED,50004617341,253502706,,,2014-15
BABCOCK & BROWN INTERNATIONAL PTY LTD,76108617483,387165663,,,2014-15
BAC HOLDINGS LIMITED,67108568038,666039010,135287000,40586100.0,2014-15
BAE SYSTEMS AUSTRALIA HOLDINGS LIMITED,44008648333,1349991206,55355035,,2014-15
BAIADA POULTRY PTY LIMITED,96002925948,1730540001,76303802,22891141.0,2014-15
BAIN INTERNATIONAL INC,29003850619,107487400,22800721,6840216.0,2014-15
BAKER HUGHES AUSTRALIA PTY LIMITED,20004752050,436817963,37332189,11199657.0,2014-15
BALFOUR BEATTY AND PARSONS BRINCKERHOFF LIMITED PARTNERSHIP,82329215178,369642132,,,2014-15
BALVERONA PTY LTD,78002826173,299725533,1020462,231572.0,2014-15
BANK OF AMERICA NATIONAL ASSOCIATION,51064874531,278140549,,,2014-15
BANK OF CHINA LIMITED SYDNEY BRANCH,29002979955,842623820,240613742,65055924.0,2014-15
BANK OF QUEENSLAND LIMITED,32009656740,2454848690,417120410,123319329.0,2014-15
BANPU AUSTRALIA CO. PTY LTD,56136468007,1159795025,,,2014-15
BAO AUSTRALIA PTY LTD,54063463945,102557090,3098569,929571.0,2014-15
BAOSTEEL AUSTRALIA MINING COMPANY PTY LTD,93100513844,195144946,82466513,24739954.0,2014-15
BARCLAYS BANK PLC,86062449585,510736984,,,2014-15
BARMINCO HOLDINGS PTY LIMITED,85126398276,444424022,349090,104727.0,2014-15
BAROB PTY LTD,38001024915,236570008,77748342,23315490.0,2014-15
BARRICK (AUSTRALIA PACIFIC HOLDINGS) PTY LTD,68085702558,878303471,36091504,6808620.0,2014-15
BARRICK (PD) AUSTRALIA LIMITED,80050284967,101988264,19029846,4787923.0,2014-15
BARTTER HOLDINGS PTY LIMITED,84104671561,1642190373,53924281,16177284.0,2014-15
BASF AUSTRALIA LTD,62008437867,585306255,,,2014-15
BAUER MEDIA AUSTRALIA LP,55874600262,439353532,14366529,4244536.0,2014-15
BAXTER HEALTHCARE PTY LIMITED,43000392781,608484126,30369558,8944497.0,2014-15
BAYER AUSTRALIA LIMITED,22000138714,1020375796,68278813,12687492.0,2014-15
BAYFORD GROUP PTY. LIMITED,22007414593,421363627,,,2014-15
BBC WORLDWIDE AUSTRALIA HOLDINGS PTY LTD,85127624104,131795583,3220395,,2014-15
BBQSAM HOLDINGS PTY LTD,41159613706,789229601,,,2014-15
BC IRON LIMITED,21120646924,291348529,,,2014-15
BEACH ENERGY LIMITED,20007617969,765078002,76498371,10743158.0,2014-15
BEC FEED SOLUTIONS PTY LTD,36010345150,202720098,1348646,404594.0,2014-15
BECA PTY LTD,85004974341,114682695,3027320,,2014-15
BECHTEL AUSTRALIA PTY LTD,42006334505,9480923171,993953649,298186095.0,2014-15
BECTON DICKINSON PTY LIMITED,82005914796,168033941,7326155,2197846.0,2014-15
BECTON PROPERTY GROUP LIMITED (RECEIVERS AND MANAGERS APPOINTED),64095067771,488782161,,,2014-15
BEGA CHEESE LIMITED,81008358503,888064022,21098172,4611137.0,2014-15
BEIERSDORF AUSTRALIA LIMITED,98000025623,164790281,10758228,3227468.0,2014-15
BELL FINANCIAL GROUP LIMITED,59083194763,144820377,7520182,2256055.0,2014-15
BELLAMY'S AUSTRALIA LIMITED,37124272108,125306282,13462447,4019963.0,2014-15
BELRON AUSTRALIA PTY LIMITED,97001052704,162175428,,,2014-15
BENDIGO AND ADELAIDE BANK LTD,11068049178,3370683997,593663167,165676789.0,2014-15
BERKLEY INSURANCE COMPANY-AUSTRALIAN BRANCH,53126559706,102384251,25330269,7494377.0,2014-15
BERNAFON AUSTRALIA PTY LTD,19050487593,169899565,10542886,3162866.0,2014-15
BEST BAR PTY LTD,48068713539,206409389,,,2014-15
BEVCHAIN PTY LTD,95118451773,233784740,7318534,2195560.0,2014-15
BG INTERNATIONAL (AUST) PTY LIMITED,76130856843,396530406,,,2014-15
BGC (AUSTRALIA) PTY LTD,62005736005,2375128131,141068039,40314606.0,2014-15
BHCA PTY LIMITED,99126164163,2584518548,11205283,,2014-15
BHP BILLITON ALUMINIUM AUSTRALIA PTY LTD,65063671349,4955930348,495380720,,2014-15
BHP BILLITON LIMITED,49004028077,33044169721,6338539254,1718329663.0,2014-15
BHP BILLITON MITSUI COAL PTY LTD,34009713875,991959939,120664868,34423409.0,2014-15
BHP IRON ORE (JIMBLEBAR) PTY LTD,95009114210,1119369314,187282205,36123840.0,2014-15
BIDVEST AUSTRALIA LIMITED,33000228231,2560138753,120023231,36006969.0,2014-15
BIG BEN HOLDINGS PTY LIMITED,63008434562,291916096,26279874,6053165.0,2014-15
BILLABONG INTERNATIONAL LIMITED,17084923946,585815114,,,2014-15
BINDAREE BEEF PTY LIMITED,42056599163,471088765,31752797,9390071.0,2014-15
BING LEE ELECTRICS PTY LTD,61000733488,314544751,1122263,336679.0,2014-15
BIOTA HOLDINGS LIMITED,28006479081,118837993,1041930,,2014-15
BIS INDUSTRIES GROUP LIMITED,43166293849,591614768,,,2014-15
BLACKMAGIC DESIGN PTY LTD,30098098287,216163435,38091570,3532039.0,2014-15
BLACKMORES LIMITED,35009713437,364848806,84037223,20194481.0,2014-15
BLACKROCK AUSTRALIA HOLDCO PTY LTD,22139463693,134110743,,,2014-15
BLACQUA PTE LTD,62169810011,601051459,45660573,12729609.0,2014-15
BLUESCOPE STEEL LIMITED,16000011058,4975881786,353907424,,2014-15
BLUEWATER (GLAS DOWR) N.V,24910320479,161123372,2248713,674614.0,2014-15
BLUEWATERS POWER 1 PTY LTD,93106034879,138643947,,,2014-15
BLUEWATERS POWER 2 PTY LTD,57122896968,155599491,,,2014-15
BM ALLIANCE COAL OPERATIONS PTY LTD,67096412752,200414888,,,2014-15
BMW AUSTRALIA LTD,11004675129,2261474636,172543761,51763128.0,2014-15
BNP PACIFIC (AUSTRALIA) LTD,31000226666,111801683,28292869,8487861.0,2014-15
BNP PARIBAS,23000000117,2356845471,,,2014-15
BNP PARIBAS SECURITIES SERVICES AUSTRALIAN BRANCH,87149440291,197079510,,,2014-15
BOART LONGYEAR LTD,49123052728,372702949,,,2014-15
BOB FORBES CORPORATION PTY LTD,55001442520,216351607,8746922,2624070.0,2014-15
BOB JANE CORPORATION PTY LTD,52005870431,295369752,7419241,2225772.0,2014-15
BOC AIP LIMITED PARTNERSHIP (CONSOLIDATED),19883689849,310012105,442738701,54673.0,2014-15
BOC LIMITED (CONSOLIDATED),95000029729,1778356667,213914391,63264718.0,2014-15
BOEHRINGER INGELHEIM PTY LIMITED,52000452308,356499422,27417407,5676883.0,2014-15
BOEING AUSTRALIA HOLDINGS PTY LTD,42101168932,1104498300,147951932,,2014-15
BOMBARDIER TRANSPORTATION AUSTRALIA PTY LTD,73010699804,583691153,,,2014-15
BOOM LOGISTICS LIMITED,28095466961,206628664,,,2014-15
BORAL LIMITED,13008421761,3936896790,252341850,55895472.0,2014-15
BORG MANUFACTURING PTY LIMITED,31003246357,339355508,28987195,8696126.0,2014-15
BOROUGE AUSTRALIA PTY LTD,45120210782,134590166,1276288,382886.0,2014-15
BOSE PTY LTD,41078010607,129593228,10344303,3103291.0,2014-15
BOSKALIS AUSTRALIA PTY LIMITED,83099738333,470296870,229381099,68814330.0,2014-15
BOSTIK HOLDING AUSTRALIA LTD,97000146378,127060147,7985144,2123956.0,2014-15
BOSTON SCIENTIFIC PTY LIMITED,45071676063,220268449,20928540,6278562.0,2014-15
BOUNDARY BEND LIMITED,32115131667,129829126,27881333,,2014-15
BOWEN & POMEROY PTY LTD,78004174887,277753531,17518081,5255424.0,2014-15
BOYNE SMELTERS LTD,90010061935,934405830,25602843,,2014-15
BP REGIONAL AUSTRALASIA HOLDINGS PTY LTD,91092495700,28527387997,1138672280,234113661.0,2014-15
BPIH PTY LIMITED,61100364234,1540451299,,,2014-15
BPL ADELAIDE PTY LIMITED,40108037798,330347838,5593039,1677912.0,2014-15
BRADKEN LIMITED,33108693009,621870364,16259953,,2014-15
BRADNAM'S WINDOWS AND DOORS PTY LTD,78010409819,222749991,17383217,4762659.0,2014-15
BRAEMAR POWER PROJECT PTY LTD,54113386600,309724064,,,2014-15
BRAMBLES LIMITED,89118896021,1356492079,186700890,45749057.0,2014-15
BRAND DEVELOPERS AUST PTY LTD,70115139565,251737046,5911456,1773437.0,2014-15
BREVILLE GROUP LIMITED,90086933431,313653990,59645012,11741713.0,2014-15
BRICKWORKS LIMITED,17000028526,815077545,135293040,9201227.0,2014-15
BRIDGESTONE AUSTRALIA LTD,65007516841,529405396,1600728,480218.0,2014-15
BRIDGESTONE EARTHMOVER TYRES PTY LTD,74000069714,414276624,21621102,6486331.0,2014-15
BRIERTY LIMITED,65095459448,293232053,,,2014-15
BRIGHT FOOD GROUP HOLDINGS PTY LTD,95152610645,543410036,14244257,4217915.0,2014-15
BRIGHTSTAR LOGISTICS PTY LTD,58111399752,390699532,32172000,8266430.0,2014-15
BRISTOL-MYERS SQUIBB AUSTRALIA PTY LTD,33004333322,242763000,30211684,1901338.0,2014-15
BRISTOW HELICOPTERS AUSTRALIA PTY LTD,92000565579,250262840,,,2014-15
BRITISH AMERICAN TOBACCO (AUSTRALASIA HOLDINGS) PTY LIMITED,23095066345,4619869528,854551119,254814381.0,2014-15
BROADSPECTRUM LIMITED,69000484417,2947965259,,,2014-15
BROTHER INTERNATIONAL (AUSTRALIA) PTY LIMITED,17001393835,161357607,8867768,2660330.0,2014-15
BROWN & HURLEY GROUP PTY LTD,66010732966,330559046,13372074,4011571.0,2014-15
BROWN-FORMAN AUSTRALIA PTY LIMITED,87000064086,214195263,6755595,2026678.0,2014-15
BRP AUSTRALIA PTY LIMITED,64097370100,142776711,3169285,950786.0,2014-15
BRUNEL AUSTRALIA HOLDINGS PTY LTD,60078544126,171064655,6853307,1985091.0,2014-15
BRUNEL TECHNICAL SERVICES PTY LTD,22101589691,254601506,17596322,5278897.0,2014-15
BSA LTD,50088412748,549232117,4810596,,2014-15
BSH HOME APPLIANCES PTY LTD,22109198405,206975297,2164715,649414.0,2014-15
BT AUSTRALASIA PTY LIMITED,93003050146,246186077,19030702,5709211.0,2014-15
BT INVESTMENT MANAGEMENT LIMITED,28126385822,279218666,65973326,19791998.0,2014-15
BUICK HOLDINGS PTY LTD,76094424674,645510601,7394855,2218456.0,2014-15
BUILDCORP GROUP PTY LIMITED,85091336168,254268285,5891658,1625614.0,2014-15
BUNGE AGRIBUSINESS AUSTRALIA PTY LTD,46097843582,576221230,,,2014-15
BUNZL AUSTRALASIA LIMITED,18004611090,604492990,10235425,3026892.0,2014-15
BUPA AUSTRALIA HEALTHCARE HOLDINGS PTY LIMITED,16126737308,6743408528,334455998,96252782.0,2014-15
BURBANK AUSTRALIA PTY LTD,91007099872,249767173,7701030,2310309.0,2014-15
BUREAU VERITAS AUSTRALIA PTY LTD,15090874570,313329679,,,2014-15
BURNS PHILP & CO PTY LIMITED,65000000359,1621296610,,,2014-15
BURRA FOODS PTY LTD,58007119904,206678552,9203680,,2014-15
BURRUP FACILITIES COMPANY PTY LTD,28122234539,1347369687,651472373,194742950.0,2014-15
BURRUP TRAIN 1 PTY LTD,77122234306,2207810844,412231440,123669432.0,2014-15
BURSON GROUP LIMITED,80153199912,375316975,28476945,8543084.0,2014-15
BYRNECUT AUSTRALIA PTY LTD,94129142516,597195329,58973144,17419711.0,2014-15
C S AGRICULTURE PTY LTD,73160516594,220447208,100,30.0,2014-15
CA (PACIFIC) PTY LIMITED,20001146345,222021202,21827249,5567510.0,2014-15
CABCHARGE AUSTRALIA LIMITED,99001958390,206162998,56496588,16937655.0,2014-15
CADENCE CAPITAL LIMITED,17112870096,537454002,34284292,7674406.0,2014-15
CAESARSTONE AUSTRALIA PTY LTD,45121819976,119006181,3391060,1017318.0,2014-15
CALIBRE GROUP LIMITED,44100255623,540400765,,,2014-15
CALLIDEN GROUP LIMITED,37061215601,183729600,51512,,2014-15
CALTEX AUSTRALIA LIMITED,40004201307,26396492748,18752491,4461180.0,2014-15
CAML RESOURCES PTY LTD,84080649029,208125661,5490905,1457415.0,2014-15
CAMPARI AUSTRALIA PTY LIMITED,72137554726,137195311,1139826,341948.0,2014-15
CANON AUSTRALIA PTY LIMITED,66005002951,780575989,41362558,1259083.0,2014-15
CANTARELLA BROS PTY LIMITED,68000095607,210883306,28228214,8468464.0,2014-15
CAPE AUSTRALIA HOLDINGS PTY LTD,12126824397,175619181,,,2014-15
CAPGEMINI AUSTRALIA PTY LIMITED,11092284314,250161867,,,2014-15
CAPILANO HONEY LIMITED,55009686435,120863001,12284603,3497112.0,2014-15
CAPITAL PROPERTY FINANCE PTY LIMITED,98008608928,404928226,62872932,15847090.0,2014-15
CAPITOL HEALTH LIMITED,84117391812,111223673,13908214,4172464.0,2014-15
CAPRAL LIMITED,78004213692,376631383,,,2014-15
CARDNO LIMITED,70108112303,507684577,66776904,9019803.0,2014-15
CAREERS AUSTRALIA GROUP LIMITED,52122171840,223426671,36130722,10593154.0,2014-15
CARLISLE HOMES PTY LTD,86106263209,275507134,27932829,8379849.0,2014-15
CARPET COURT AUSTRALIA LTD,77001195697,170887115,767375,230212.0,2014-15
CARSALES.COM LTD,91074444018,252206152,132151069,35701153.0,2014-15
CASELLA WINES PTY LIMITED,96060745315,428541735,71813323,21543997.0,2014-15
CASH CONVERTERS INTERNATIONAL LIMITED,39069141546,278176259,6819351,1925804.0,2014-15
CATCH GROUP PTY LTD,89159074003,503845521,188668747,56600624.0,2014-15
CATERPILLAR FINANCIAL AUSTRALIA LIMITED,70006714585,178041118,71274279,21382284.0,2014-15
CATERPILLAR GLOBAL MINING PTY LTD,63088993668,258548133,48410846,11929704.0,2014-15
CATERPILLAR UNDERGROUND MINING PTY LTD,69069652866,281202117,64504098,16635077.0,2014-15
CBH GRAIN PTY LTD,39089394883,3360503916,21442210,5330609.0,2014-15
CBH RESOURCES LIMITED,27009423858,214478028,,,2014-15
CBI CONSTRUCTORS PTY LTD,90000612411,2112501992,174281738,49491317.0,2014-15
CBRE PTY LTD,57057373574,413129930,50256968,15077090.0,2014-15
CEBAS PTY LTD,15009156003,299310534,21005694,6301708.0,2014-15
CEDAR WOODS PROPERTIES LIMITED,47009259081,200343080,66384806,19915442.0,2014-15
CEMENT AUSTRALIA HOLDINGS PTY LTD,99001085561,464228654,87402845,16916104.0,2014-15
CENTAMIN EGYPT LTD,86007700352,506991774,,,2014-15
CENTURY YUASA BATTERIES PTY LTD,66009685232,193253148,8344104,2503231.0,2014-15
CENVET GROUP HOLDINGS LIMITED,55092375221,102853055,2241347,672404.0,2014-15
CEREAL PARTNERS AUSTRALIA PTY LIMITED,98120338249,189464282,18618334,4426216.0,2014-15
CEREBOS AUSTRALIA LTD,82004304803,185394901,8618343,369083.0,2014-15
CEVA PTY LTD,27122147433,399507149,,,2014-15
CFT HOLDINGS COMPANY PTY LIMITED,42160294904,262659932,,,2014-15
CGA MINING PTY LTD,88009153128,276683447,,,2014-15
CH2 HOLDINGS PTY LTD,80113630505,904151333,,,2014-15
CHALLENGER LIMITED,85106842371,1674477201,199482135,47134007.0,2014-15
CHAMBERLAIN HOLDINGS LIMITED,85008688202,832168446,,,2014-15
CHANDLER MACLEOD GROUP LIMITED,33090555052,1010507341,,,2014-15
CHANEL (AUSTRALIA) PTY LTD,83000012153,178098230,6304477,1891343.0,2014-15
CHARTER HALL LIMITED,57113531150,131322338,2947200,,2014-15
CHARTERED ACCOUNTANTS AUSTRALIA AND NEW ZEALAND,50084642571,111912434,,,2014-15
CHASSIS BRAKES INTERNATIONAL (AUSTRALIA) PTY LTD,19006530427,113918024,,,2014-15
CHEVRON AUSTRALIA HOLDINGS PTY LTD,60098079344,3088416159,,,2014-15
CHINA CONSTRUCTION BANK CORPORATION,24125167553,507712569,109559969,32867991.0,2014-15
CHINA MERCHANTS LOSCAM HOLDINGS AUSTRALIA PTY LTD,46144845867,106410823,175756,,2014-15
CHINA RAILWAY MATERIALS (AUSTRALIA) PTY LIMITED,15120794701,308282371,880534,264160.0,2014-15
CHINATEX (AUSTRALIA) PTY LTD,40003400217,1065915500,,,2014-15
CHINOVA RESOURCES PTY LTD,20107689878,221437271,,,2014-15
CHIPPEN HOLDINGS PTY LTD,75054492474,295828597,5822654,1746796.0,2014-15
CHOBANI (AUSTRALIA) PTY LTD,60150876305,175549280,7776126,1925993.0,2014-15
CHRISCO HAMPERS AUSTRALIA LIMITED,41080852535,142030724,6111154,1833346.0,2014-15
CHS TRADING COMPANY AUSTRALIA PTY LTD,19137965121,583531210,,,2014-15
CHUBB INSURANCE COMPANY OF AUSTRALIA LIMITED,69003710647,522587984,59227014,17730767.0,2014-15
CIC AUSTRALIA LIMITED,92003157515,106134522,11428571,,2014-15
CIMIC GROUP LIMITED,57004482982,16926974177,1815250872,463924115.0,2014-15
CISCO SYSTEMS AUSTRALIA PTY LTD,52050332940,1572136322,68126440,19670951.0,2014-15
CITIBANK NA,34072814058,514627985,1008381,302514.0,2014-15
CITIC PACIFIC MINING MANAGEMENT PTY LTD,64119578371,629965945,,,2014-15
CITIC RESOURCES AUSTRALIA PTY LTD,87107652817,2328707937,,,2014-15
CITIGROUP PTY LTD,88004325080,2457836466,286127221,85838167.0,2014-15
CITRIX SYSTEMS ASIA PACIFIC PTY LTD,37078874530,275024696,11128513,,2014-15
CITY HOLDINGS (AUS) PTY LTD,33135098636,200291173,8791819,2637546.0,2014-15
CITY LODGE MOTEL PTY LTD,99009770478,214077041,,,2014-15
CIVEO HOLDING COMPANY 1 PTY LTD,91146700441,239409052,,,2014-15
CIVMEC LIMITED,50604316690,454692788,24915652,7474696.0,2014-15
CJD EQUIPMENT PTY LTD,63008754523,394162999,801176,240353.0,2014-15
CLARIUS GROUP LIMITED,43002724334,160329874,,,2014-15
CLEARLIGHT INVESTMENTS PTY LTD,59007543544,298463584,35055180,10337293.0,2014-15
CLEARVIEW WEALTH LIMITED,83106248248,490804126,44817172,9136325.0,2014-15
CLEMENGER GROUP LIMITED,98004882928,181666154,42061141,10103888.0,2014-15
CLERMONT COAL MINES LTD,56010487939,972334470,,,2014-15
CLICK ENERGY GROUP HOLDINGS PTY LTD,31160484837,154735938,,,2014-15
CLIFFS NATURAL RESOURCES HOLDINGS PTY LTD,69112437331,1005268174,82491474,24747442.0,2014-15
CLOROX HOLDINGS PTY LTD,57077214076,146547819,8197306,2459192.0,2014-15
CMOC MINING PTY LIMITED,17164997317,366633924,173039636,46437262.0,2014-15
CNCGC AUSTRALIAN PTY LIMITED,65163225198,119824371,3886628,1165988.0,2014-15
CNH INDUSTRIAL AUSTRALIA PTY LIMITED,76000031130,719104020,79425893,23827768.0,2014-15
CNOOC AUSTRALIA ENERGY PTY LTD,79129021316,310541455,77051055,23115317.0,2014-15
CNPR LIMITED,45078590682,3878839004,,,2014-15
CNW PTY LTD,48009669836,454854694,24858529,4865224.0,2014-15
COAL & ALLIED INDUSTRIES LTD,67008416760,2272319475,209019259,55217016.0,2014-15
COCA COLA SOUTH PACIFIC PTY LTD,50003029794,144739366,9330995,2799298.0,2014-15
COCA-COLA AMATIL LIMITED,26004139397,3682016170,375396012,104609471.0,2014-15
COCHLEAR LIMITED,96002618073,692637125,247788243,35586728.0,2014-15
COCKRAM CORPORATION PTY LTD,18104957664,534889964,,,2014-15
CODAN LIMITED,77007590605,120282217,18625656,,2014-15
COFCO (AUSTRALIA) PTY LTD,43003729182,278800461,197857,59357.0,2014-15
COFFEY INTERNATIONAL LTD,16003835112,386504394,,,2014-15
COFI-COM TRADING PTY LIMITED,57095403820,102207183,3160066,948020.0,2014-15
COLAS AUSTRALIA GROUP PTY LTD,11000388161,348943303,16791910,4662671.0,2014-15
COLGATE PALMOLIVE PTY LTD,79002792163,810092139,110020209,32214523.0,2014-15
COLLECTION HOUSE LIMITED,74010230716,165575660,32844885,9230683.0,2014-15
COLLIERS INTERNATIONAL HOLDINGS (AUSTRALIA) LIMITED,65008178238,233546383,39682952,9521904.0,2014-15
COLLINS FOODS LIMITED,13151420781,571812206,39165619,11749686.0,2014-15
COLORPAK LIMITED,56107485898,140916041,550000,165000.0,2014-15
COMDAIN INFRASTRUCTURE PTY LTD,50092035419,212828405,8834116,2650235.0,2014-15
COMFORTDELGRO CABCHARGE PTY LTD,84002072004,344271242,25322754,7596826.0,2014-15
COMGEN AUSTRALIA PTY LTD,17050242441,1051482137,77208749,14360527.0,2014-15
COMMERCIAL & INDUSTRIAL PROPERTY PTY LTD,88105081865,271699941,11633648,3490094.0,2014-15
COMMERCIAL METALS PTY LTD,39164131855,369135942,,,2014-15
COMMERCIAL MOTOR VEHICLES PTY LTD,84007874142,1081538839,35779512,10687958.0,2014-15
COMMONWEALTH BANK OF AUSTRALIA,48123123124,44216128308,10795572337,3107074610.0,2014-15
COMMSCOPE AUSTRALIA PTY LTD,27004663861,138962696,18139254,4276501.0,2014-15
COMMUNITY CPS AUSTRALIA LTD,15087651143,236640412,32173005,8804269.0,2014-15
COMPASS GROUP (AUSTRALIA) PTY LTD,41000683125,1487254854,94950543,24680217.0,2014-15
COMPETENTIA PTY LTD,11143641543,120884715,7623560,2287068.0,2014-15
COMPETITIVE FOODS AUSTRALIA PTY LTD,48010542908,981753238,48571185,14290011.0,2014-15
COMPUTERSHARE LIMITED,71005485825,881275002,137270491,32153296.0,2014-15
CONBEAR HOLDINGS PTY LTD,85000220780,353170259,8465400,2292030.0,2014-15
CONCENTRIX SERVICES PTY LIMITED,63166171991,140169737,13369996,4010999.0,2014-15
CONNECTEAST PTY LTD,99101213263,287495562,,,2014-15
CONOCOPHILLIPS AUSTRALIA GAS HOLDINGS PTY LTD,69081089170,1708851614,112940592,,2014-15
CONSOLIDATED MINERALS HOLDINGS (AUSTRALIA) PTY LTD,88127662257,355932926,,,2014-15
CONSOLIDATED SNACKS PTY LTD,91169426260,250649402,,,2014-15
CONTANGO MICROCAP LIMITED,47107617381,111043967,6506153,75868.0,2014-15
CONTINENTAL PTY LTD,46004390587,128617373,,,2014-15
CONTRACTOR WORKFORCE SOLUTIONS PTY LTD,85145542114,328746275,355926,106778.0,2014-15
CONTURA MINING PTY LTD,58008901915,378221122,8518732,2555620.0,2014-15
COOGEE CHEMICALS PTY LTD,37008747500,268961389,32831151,6793229.0,2014-15
COOK AUSTRALIA PTY LTD,27141258648,212115705,19024841,4758644.0,2014-15
CO-OPERATIEVE CENTRALE RAIFFEISEN-BOER ENLEENBANK B.A,70003917655,1165027203,,,2014-15
COOPERS BREWERY LIMITED,13007871409,225879108,40900192,10692900.0,2014-15
CORELOGIC AUSTRALIA HOLDINGS PTY LIMITED,75150637406,103197033,,,2014-15
CORIANT (AUSTRALIA) PTY LTD,25162198781,101294766,3202589,960777.0,2014-15
CORNING AUSTRALIA HOLDINGS CO PTY LTD,52099032667,139873534,,,2014-15
COSL (AUSTRALIA) PTY LTD,12117833333,145996573,5062933,1518880.0,2014-15
COSTA GROUP HOLDINGS LIMITED,68151363129,745805074,23064671,2819928.0,2014-15
COSTCO WHOLESALE AUSTRALIA PTY LTD,57104012893,1336754040,3736120,1120836.0,2014-15
COTY AUSTRALIA PTY. LIMITED,96058696549,183677709,34436759,10331028.0,2014-15
COUNTPLUS LTD,11126990832,125508618,15785595,3854024.0,2014-15
COUNTRY ROAD GROUP PTY LTD,78006759182,897999216,103498315,30662212.0,2014-15
COUNTRYWIDE AUSTRALASIA LTD,34068162676,304002564,313723,94117.0,2014-15
COVENTRY GROUP LTD,37008670102,165979196,,,2014-15
COVER-MORE GROUP LIMITED,79166776334,193328063,36954563,11079292.0,2014-15
COVIDIEN PTY LIMITED,51003143502,344250201,17572839,5271852.0,2014-15
CPA AUSTRALIA LTD,64008392452,161249000,1118478,,2014-15
CPH FASHION PTY LTD,51089304941,225493078,70343,,2014-15
CRAIG MOSTYN HOLDINGS PTY LIMITED,14008398356,320979942,16428310,3423099.0,2014-15
CREDIT AGRICOLE CIB AUSTRALIA LIMITED,32002540409,160394000,79968406,23990522.0,2014-15
CREDIT CORP GROUP LIMITED,33092697151,186816647,66453081,19898671.0,2014-15
CREDIT SUISSE AG,17061700712,257324485,32049835,9614950.0,2014-15
CREDIT SUISSE HOLDINGS (AUSTRALIA) LIMITED,96008496713,359154840,,,2014-15
CREDIT UNION AUSTRALIA LIMITED,44087650959,502968134,60784144,14586500.0,2014-15
CRISTAL INORGANIC CHEMICALS AUSTRALIA PTY LTD,20125123784,690615198,,,2014-15
CROCODILE GOLD AUSTRALIA PTY LTD,30136505587,113582522,,,2014-15
CROWN CASTLE AUSTRALIA HOLDINGS PTY LTD,44086370274,168496115,15469319,4640796.0,2014-15
CROWN EQUIPMENT PTY LIMITED,79000514858,327892648,7397456,2219237.0,2014-15
CROWN RESORTS LIMITED,39125709953,3647371874,555809648,156977161.0,2014-15
CS AUSTRALIA PTY LTD,84093488361,819683102,,,2014-15
CSC COMPUTER SCIENCES AUSTRALIA HOLDINGS PTY LTD,33120570390,728926956,29497377,8383799.0,2014-15
CSG LIMITED,64123989631,110636579,,,2014-15
CSL LIMITED,99051588348,2269966638,244415270,,2014-15
CSR LIMITED,90000001276,1850624117,,,2014-15
CST MINERALS AUSTRALIA PTY LTD,50142485470,138887252,,,2014-15
CTI LOGISTICS LIMITED,69008778925,124505066,8609070,2228392.0,2014-15
CUA HEALTH LIMITED,98098685459,119657872,3352489,1005747.0,2014-15
CUBIC TRANSPORTATION SYSTEMS (AUSTRALIA) PTY LIMITED,82003617561,155334002,,,2014-15
CUMMINS FILTRATION INTERNATIONAL CORPORATION,60007505473,106560314,7029939,2108982.0,2014-15
CUMMINS SOUTH PACIFIC PTY LTD,42006332949,827366645,53493775,15940720.0,2014-15
CUSCAL LTD,95087822455,278092336,18516852,2466462.0,2014-15
D E HOLDING AUSTRALIA PTY LTD,16100632595,258156067,50869213,15134922.0,2014-15
DAC FINANCE PTY LIMITED,28129420444,236885709,,,2014-15
DAIKIN AUSTRALIA PTY LTD,62000172967,435215291,25237471,7027737.0,2014-15
DAIMLER AUSTRALIA/PACIFIC PTY LTD,50004348421,3217537000,196310607,58893182.0,2014-15
DAIRY FARMERS MILK CO-OPERATIVE LIMITED,74669522867,142323629,527673,,2014-15
DALE ALCOCK HOMES PTY LTD,61009217887,223457784,9057241,2717172.0,2014-15
DAMPIER SALT LTD,30008706590,467855786,39297596,11692520.0,2014-15
DANAHER AUSTRALIA HOLDING PTY LTD,80122016424,536104266,,,2014-15
DARACON CONTRACTORS PTY LIMITED,82002344667,211039868,569061,170718.0,2014-15
DARK GREEN AUSTRALIA PTY LIMITED,71122527137,1181700384,47353458,14206037.0,2014-15
DARWIN LNG PTY LTD,48085130981,2917350335,204959374,60974357.0,2014-15
DATA #3 LIMITED,31010545267,871145548,16429409,4509579.0,2014-15
DATACOM AUSTRALIA HOLDINGS PTY LIMITED,45094235373,377681565,8341196,1705610.0,2014-15
DAVIS LANGDON PROPERTY SERVICES PTY LTD,97006986947,685074102,775930,,2014-15
DBNGP (WA) TRANSMISSION PTY LTD,69081609190,398044245,,,2014-15
DBNGP FINANCE CO PTY LTD,14110721072,189759843,,,2014-15
DECMIL GROUP LIMITED,35111210390,671410199,106946397,7728784.0,2014-15
DEFENCE HOUSING AUSTRALIA,72968504934,1387810974,99238240,28908618.0,2014-15
DELAWARE NORTH COMPANIES AUSTRALIA PTY LTD,92003435345,256680309,,,2014-15
DELL AUSTRALIA PTY LIMITED,46003855561,267432889,11954730,3370120.0,2014-15
DE'LONGHI AUSTRALIA PTY LIMITED,49104012857,149799863,4510388,1353116.0,2014-15
DELTA GROUP HOLDINGS PTY LTD,37159149185,245847236,5277871,1583361.0,2014-15
DEMATIC HOLDINGS PTY LTD,50121488202,157530534,9202111,2354368.0,2014-15
DENGKOL PTY LTD,82005518258,240218965,5048928,1514678.0,2014-15
DENSO INTERNATIONAL AUSTRALIA PTY LTD,72081951402,220627713,23521720,7056516.0,2014-15
DENTSU AEGIS NETWORK AUSTRALIA HOLDINGS PTY LTD,60147301700,278015788,16864357,5059307.0,2014-15
DEUTSCHE AUSTRALIA LIMITED,37006385593,810302686,,,2014-15
DEUTSCHE BANK AKTIENGESELLSCHAFT,13064165162,1175691595,60156718,18047015.0,2014-15
DEVICE TECHNOLOGIES AUSTRALIA PTY LTD,40058091973,253683335,9850752,2487429.0,2014-15
DEVINE LIMITED,51010769365,348650000,,,2014-15
DEXUS OPERATIONS TRUST,69645176383,413961679,,,2014-15
DHL EXPRESS (AUSTRALIA) PTY LTD,62001112929,365261773,11384059,3415218.0,2014-15
DHL GLOBAL FORWARDING (AUSTRALIA) PTY LIMITED,62002636124,1575451692,58818385,17645516.0,2014-15
DIAGEO AUSTRALIA LIMITED,33004167720,532554444,24236727,7271018.0,2014-15
DIAMANTINA HOLDING COMPANY PTY LTD,59149762130,200598443,,,2014-15
DIAMOND OFFSHORE GENERAL COMPANY,91050122051,211314160,,,2014-15
DIB GROUP PTY LIMITED,87002889474,570735284,7910862,2315374.0,2014-15
DIC AUSTRALIA PTY LTD,12000079550,118009244,,,2014-15
DICKER DATA LIMITED,95000969362,447160668,,,2014-15
DIMENSION DATA AUSTRALIA PTY LTD,65003371239,1194938124,,,2014-15
DIPLOMA GROUP LTD,14127462686,107207588,,,2014-15
DIRECT GROUP PTY LTD,45065432199,244979834,12028186,3505774.0,2014-15
DIRECTCASH PAYMENTS AUSTRALIA PTY LTD,46157774224,116052392,19858454,5957536.0,2014-15
DISTRIBUTION CENTRAL PTY LTD,70006687056,292053624,9427187,2457083.0,2014-15
DNATA AIRPORT SERVICES PTY LTD,30098319790,113876334,,,2014-15
DOF SUBSEA AUSTRALIA PTY LTD,53083000239,153722547,5505108,,2014-15
DOMETIC AUSTRALIA PTY LTD,62086366305,132579503,7870141,2361042.0,2014-15
DOMINO'S PIZZA ENTERPRISES LIMITED,16010489326,222305447,72755923,18150998.0,2014-15
DORAY MINERALS LIMITED,48138978631,136703534,,,2014-15
DORMA DOOR CONTROLS PTY LTD,82005869447,122840813,18278573,5483572.0,2014-15
DORSOGNA LIMITED,27063427752,161162087,9929881,1731689.0,2014-15
DOW AGROSCIENCES AUSTRALIA LIMITED,24003771659,159281851,,,2014-15
DOW CHEMICAL (AUSTRALIA) LIMITED,72000264979,247551068,,,2014-15
DOWNER EDI LIMITED,97003872848,5816965428,192682506,4668204.0,2014-15
DP WORLD AUSTRALIA (HOLDING) PTY LIMITED,58147892715,542757098,,,2014-15
DRAMET PTY LTD,59109544425,463249150,,,2014-15
DREDGING INTERNATIONAL (AUSTRALIA) PTY LTD,44001088197,796115241,72943282,21882985.0,2014-15
DREDGING INTERNATIONAL ASIA PACIFIC PTE LTD,71868530610,156399249,8995259,2698578.0,2014-15
DRILLSEARCH ENERGY LIMITED,73006474844,274240062,56038270,,2014-15
DRYSDALE INVESTMENTS PTY LTD,86104614422,316477071,,,2014-15
DSI HOLDINGS 2 AUSTRALIA PTY LIMITED,49151658785,190086264,9378892,1860766.0,2014-15
DST BLUEDOOR HOLDINGS PTY LTD,28104705713,109881568,25243447,6608716.0,2014-15
DUET COMPANY LIMITED,93163100061,215884249,2905848,871754.0,2014-15
DULUXGROUP LIMITED,42133404065,1563028227,151752308,40083994.0,2014-15
DUPONT (AUSTRALIA) PTY LIMITED,59000716469,300493482,50313225,11552564.0,2014-15
DURO FELGUERA AUSTRALIA PTY LTD,79164834753,288783519,6910947,2073284.0,2014-15
DYNAMIC SUPPLIES PTY LTD,25064793862,217031393,17029924,5108977.0,2014-15
DYSON APPLIANCES (AUST) PTY LIMITED,50073072509,235281757,5720275,1707458.0,2014-15
E C THROSBY PTY LIMITED,24060571673,227213547,50334892,15046897.0,2014-15
EARTHLING INVESTMENTS PTY LTD,70111401766,220712460,,,2014-15
EAST YARRA FRIENDLY SOCIETY PTY LTD,44087648913,316824111,78571308,23571392.0,2014-15
EATON INDUSTRIES PTY LTD,66103014571,260715508,6756223,1634900.0,2014-15
ECLIPX GROUP LIMITED,85131557901,351695130,16272492,4881748.0,2014-15
ECOLAB PTY LTD,59000449990,401495501,26862204,7475832.0,2014-15
ECOM COMMODITIES PTY LTD,65089892713,111202459,,,2014-15
EDI RAIL-BOMBARDIER TRANSPORTATION PTY LTD,42009978803,113606501,9722573,2916772.0,2014-15
EDU HOLDINGS SPV PTY LIMITED,34143998127,181328420,,,2014-15
EE MUIR & SONS PTY LTD,83004524387,222642631,3977313,1190792.0,2014-15
EFS WORSLEY HOLDINGS PTY LTD,,133762648,91772815,27531844.0,2014-15
EINHELL HOLDINGS AUSTRALIA PTY LTD,12163099885,111409691,5112447,1533734.0,2014-15
ELDERS LTD,34004336636,1387703258,3194574,,2014-15
ELECTRANET PTY LIMITED,41094482416,340685391,74229419,22268826.0,2014-15
ELECTROLUX HOME PRODUCTS PTY LIMITED,51004762341,771739668,51814348,10054359.0,2014-15
ELECTRONICS BOUTIQUE AUSTRALIA PTY LTD,50077681442,709566375,36180829,10854249.0,2014-15
ELI LILLY AUSTRALIA PTY LIMITED,39000233992,246410409,30224983,6210225.0,2014-15
EMC AUSTRALIA PTY LIMITED,34143603123,299470842,26827709,4904152.0,2014-15
EMECO HOLDINGS LIMITED,89112188815,156461228,,,2014-15
EMERALD GRAIN PTY LTD,82109203054,1149938203,,,2014-15
EMERSON NETWORK POWER AUSTRALIA PTY LIMITED,53003469654,150530970,,,2014-15
EMERSON PROCESS MANAGEMENT AUSTRALIA PTY LTD,99004590005,153898216,18810163,5634718.0,2014-15
EMIRATES AIRLINE,81073569696,184831279,,,2014-15
EMIRATES LEISURE RETAIL (AUSTRALIA) PT Y LTD,76131473679,386890629,15581829,4674549.0,2014-15
EMPLOYERS MUTUAL LIMITED,67000006486,214597981,14634734,2023661.0,2014-15
ENAK HOLDINGS PTY LTD,94151868772,447443866,16119075,4581294.0,2014-15
ENERFLEX ENERGY SYSTEMS (AUSTRALIA) PTY LTD,74140790610,222775388,29910896,2193282.0,2014-15
ENERGY DEVELOPMENTS LIMITED,84053410263,365401486,47897220,14126525.0,2014-15
ENERGY POWER SYSTEMS AUSTRALIA PTY LTD,80055274514,212147170,11745269,2741694.0,2014-15
ENERGY RESOURCES AUSTRALIA LTD,71008550865,414278638,,,2014-15
ENERGYAUSTRALIA HOLDINGS LIMITED,57101876135,7302401958,,,2014-15
ENERMECH PTY LTD,32136435062,108809000,13934572,4178762.0,2014-15
ENERO GROUP LIMITED,97091524515,146665568,,,2014-15
ENGENCO LIMITED,99120432144,126789989,,,2014-15
ENI AUSTRALIA BV,18092812023,132186060,,,2014-15
ENI JPDA 03-13 LIMITED,14054729930,305512354,18615432,5584630.0,2014-15
ENI JPDA 06-105 PTY LTD,92066086075,159426979,,,2014-15
ENIRGI AUSTRALIA PTY LTD,69155392911,128239377,,,2014-15
ENSHAM COAL SALES PTY LTD,13050411713,375778689,,,2014-15
ENSIGN (AUSTRALIA) HOLDINGS PTY LTD,71100195426,409189280,6706390,2010917.0,2014-15
ENTITY SOLUTIONS SERVICES PTY LTD,24091536364,276948863,,,2014-15
EPSON AUSTRALIA PTY LIMITED,91002625783,188046331,7937332,2381200.0,2014-15
ERM POWER LIMITED,28122259223,2331518403,,,2014-15
ERTECH HOLDINGS PTY LTD,93008999353,348499206,27166701,805683.0,2014-15
ESCO AUSTRALIA HOLDINGS PTY LTD,14140443223,131762734,,,2014-15
ESS THALANYJI PTY LTD,89141801541,148047054,6119808,1835942.0,2014-15
ESSILOR AUSTRALIA PTY LTD,96002659458,161103632,12031545,2875698.0,2014-15
ESTEE LAUDER PTY LIMITED,63008444719,227737547,35721240,10716372.0,2014-15
ESTHER INVESTMENT PTY LTD,68004459536,441046920,48175316,14391215.0,2014-15
ESTIA HEALTH LIMITED,37160986201,285779719,15515901,4654770.0,2014-15
ETIHAD AIRWAYS PJSC,40123078688,356524858,,,2014-15
ETSA UTILITIES FINANCE PTY LTD,78091701825,207167096,,,2014-15
EUDUNDA FARMERS LTD,30008222188,122396761,4891281,1359984.0,2014-15
EUROPCAR HOLDING PTY LTD,72130750640,174775062,,,2014-15
EVENT HOSPITALITY AND ENTERTAINMENT LIMITED,51000005103,569555122,120855795,35801485.0,2014-15
EVOLUTION MINING LIMITED,74084669036,666817729,5234257,,2014-15
EXPEDITORS INTERNATIONAL PTY LIMITED,79003337282,112405980,13073486,3922046.0,2014-15
EXXONMOBIL AUSTRALIA PTY LTD,48091561198,8464272972,,,2014-15
F K GARDNER & SONS PTY LTD,99010136053,256708470,3831425,654568.0,2014-15
FAIRFAX MEDIA LIMITED,15008663161,1449718642,91856465,23350324.0,2014-15
FANTASTIC HOLDINGS LIMITED,19004000775,499783742,28664491,7819758.0,2014-15
FCA AUSTRALIA PTY LTD,23125956505,1609370687,72160881,21648264.0,2014-15
FDC CONSTRUCTION & FITOUT PTY LIMITED,44120295034,410438708,13039503,3911851.0,2014-15
FEDERAL EXPRESS (AUSTRALIA) PTY LTD,35003100052,228612085,73427159,22028148.0,2014-15
FENNER (PACIFIC) PTY LIMITED,49000231532,220493446,1397004,419101.0,2014-15
FERRERO AUSTRALIA PTY LIMITED,29001249261,229324757,13796129,2877639.0,2014-15
FIL INVESTMENT MANAGEMENT (AUSTRALIA) LIMITED,34006773575,106687608,5457178,1637153.0,2014-15
FINASUCRE INVESTMENTS (AUSTRALIA) PTY LIMITED,23062315593,239525535,,,2014-15
FINITE GROUP APAC PTY LIMITED,43085406300,247715279,,,2014-15
FIRCROFT AUSTRALIA PTY LTD,58100091245,359492761,16659730,4895284.0,2014-15
FIRST DATA RESOURCES INVESTMENTS PTY LTD,63057257771,228604703,2148307,191050.0,2014-15
FIRST SOLAR (AUSTRALIA) PTY LTD,66141686946,190061713,10216389,3064917.0,2014-15
FISHER & PAYKEL AUSTRALIA HOLDINGS LIMITED,19003659425,592942631,10688558,3206567.0,2014-15
FISHERS SUPERMARKETS PTY LTD,65169928429,233710002,971464,291439.0,2014-15
FITNESS FIRST ASIA PACIFIC GROUP PTY LTD,86106497321,216847559,,,2014-15
FLEETCOR TECHNOLOGIES PTY LTD,58161719393,356304308,6811691,2043507.0,2014-15
FLEETWOOD CORPORATION LIMITED,69009205261,295840695,3216570,466358.0,2014-15
FLETCHER BUILDING (AUSTRALIA) PTY LTD,11093539452,2890992098,8787543,2636263.0,2014-15
FLETCHER BUILDING INTERNATIONAL LP,15597295270,227412647,6567156,1813556.0,2014-15
FLETCHER INTERNATIONAL EXPORTS PTY LTD,64003213652,516351411,13585900,4075770.0,2014-15
FLEXIGROUP LIMITED,75122574583,375990746,111805758,33541727.0,2014-15
FLIGHT CENTRE TRAVEL GROUP LIMITED,25003377188,1449342729,316982181,93093013.0,2014-15
FLINDERS PORT HOLDINGS PTY LTD,46117687313,200786488,56567766,16970330.0,2014-15
FLINDERS POWER HOLDINGS GMBH,28094284723,463325353,,,2014-15
FLOWSERVE AUSTRALIA PTY LTD,30004604291,104224474,13454008,4036202.0,2014-15
FLSMIDTH PTY LTD,85000221590,465972071,44922,,2014-15
FLUOR AUSTRALIA PTY LTD,28004511942,1808215847,77641254,23060914.0,2014-15
FM INSURANCE COMPANY LIMITED,99007502829,203714961,24406772,6762298.0,2014-15
FMC TECHNOLOGIES AUSTRALIA LTD,21004030317,271798346,17282622,5184787.0,2014-15
FOOD INVESTMENTS PTY LTD,85008426177,2120934430,5051446,,2014-15
FOOT LOCKER AUSTRALIA INC,22619093977,170249653,21407469,6422241.0,2014-15
FORD MOTOR COMPANY OF AUSTRALIA LTD,30004116223,2496821478,,,2014-15
FORM 700 HOLDINGS PTY LTD,42102996378,300571953,9496292,2848888.0,2014-15
FORTESCUE METALS GROUP LIMITED,57002594872,9126314726,208264980,13225595.0,2014-15
FOX & LILLIE HOLDINGS PTY LTD,57004604844,393058300,4516619,1354986.0,2014-15
FOX FILMED ENTERTAINMENT AUSTRALIA PTY LTD,99004126738,370720418,60418195,18125268.0,2014-15
FOXCONN AUSTRALIA PTY LIMITED,38114305494,209038734,,,2014-15
FOXTEL CABLE TELEVISION PTY LIMITED,45069008797,2000863242,,,2014-15
FOXTEL HOLDINGS PTY LIMITED,55151690327,776425856,76761356,23028407.0,2014-15
FOXTEL MANAGEMENT PTY LIMITED,65068671938,354200426,,,2014-15
FQM AUSTRALIA HOLDINGS PTY LTD,77136613075,588534478,4571416,,2014-15
FRANKLIN TEMPLETON INVESTMENTS AUSTRALIA LIMITED,87006972247,107348089,18495333,5548600.0,2014-15
FRASERS PROPERTY AUSTRALIA PTY LIMITED,89600448726,822185633,,,2014-15
FREEDOM ENERGY HOLDINGS PTY LTD,24093243844,1159503359,9793181,2937954.0,2014-15
FREMANTLEMEDIA AUSTRALIA HOLDINGS PTY LIMITED,83001076142,150640811,,,2014-15
FREQUENCY INFRASTRUCTURE AUSTRALIA HOLDINGS PTY LIMITED,27136262952,428498807,,,2014-15
FRESENIUS KABI AUSTRALIA PTY LIMITED,39109383593,193461630,,,2014-15
FRESENIUS MEDICAL CARE AUSTRALIA PTY L IMITED,80067557877,165708164,6214082,1864224.0,2014-15
FRESHMAX GROUP PTY LIMITED,33154789321,305021515,,,2014-15
FREYSSINET AUSTRALIA PTY LTD,15002617736,197024475,18211372,,2014-15
FRIENDLY SOCIETY MEDICAL ASSOCIATION LIMITED,69088347602,288014988,,,2014-15
FRONTIER INTERNATIONAL AGRI PTY LTD,78166496064,225248989,,,2014-15
FRUCOR BEVERAGES (AUSTRALIA) PTY LIMITED,73060091536,299382324,7880818,2364245.0,2014-15
FUCHS LUBRICANTS (AUSTRALASIA) PTY LTD,88005681916,174552546,26746545,7950088.0,2014-15
FUGRO HOLDINGS (AUSTRALIA) PTY LTD,99003010099,506271093,,,2014-15
FUJI XEROX ASIA PACIFIC PTE LIMITED,26103964629,113196139,,,2014-15
FUJI XEROX AUSTRALIA PTY. LTD,63000341819,1200463440,82408978,18360259.0,2014-15
FUJIFILM HOLDINGS AUSTRALASIA PTY LIMITED,58008443892,172641310,537703,,2014-15
FUJITSU AUSTRALIA LIMITED,19001011427,979836295,27974450,5250928.0,2014-15
FUJITSU GENERAL (AUST) PTY LIMITED,55001229554,191790995,4448272,1318917.0,2014-15
FULTON HOGAN AUSTRALIA PTY LTD,42135849115,1423312686,43537043,6202230.0,2014-15
FUNTASTIC LIMITED,94063886199,109725506,,,2014-15
FURY ROAD PICTURES PTY LIMITED,59137077135,332824946,,,2014-15
FUTURE FUND INVESTMENT COMPANY NO 3 PTY LTD,40134338882,3544716624,292221376,72637865.0,2014-15
FUTURE FUND INVESTMENT COMPANY NO.5 PTY LTD,51134338926,290381352,16355275,4906582.0,2014-15
FUTURE FUND INVESTMENT COMPANY NO1 PTY LTD,81130318188,557594496,179255612,53578878.0,2014-15
FUTURE FUND INVESTMENT COMPANY NO2 PTY LTD,90130788493,2965084603,1152770212,337508668.0,2014-15
FUTURE FUND INVESTMENT COMPANY NO4 PTY LTD,47134338908,2882161002,386317399,115895220.0,2014-15
FUTURIS AUTOMOTIVE INTERIORS (AUSTRALIA) PTY LTD,43065993553,265425763,515402,154621.0,2014-15
G & K O'CONNOR PTY LTD,49005934029,312951102,34516634,10354990.0,2014-15
G JAMES PTY LTD,25009696404,374888904,,,2014-15
G&W AUSTRALIA HOLDINGS LP,30124868215,348732109,48848189,14654457.0,2014-15
G4S AUSTRALIA HOLDINGS PTY LTD,68128783602,326053245,12240070,3672020.0,2014-15
G8 EDUCATION LIMITED,95123828553,479629465,88903130,26670939.0,2014-15
GALLAGHER BASSETT SERVICES PTY LTD,68009778018,488747151,17673834,2941210.0,2014-15
GARTNER AUSTRALASIA PTY LTD,69003708601,102027893,3613661,745790.0,2014-15
GATE GOURMET (HOLDINGS) PTY LIMITED,59004122892,216509679,,,2014-15
GAZAL CORPORATION LIMITED,57004623474,303230495,10745070,3223521.0,2014-15
GBX TRADING FZE,32406282107,225222158,24628,7388.0,2014-15
GE CAPITAL AGC HOLDINGS I LLC & GE CAPITAL AGC HOLDINGS II LLC,39148706836,442030130,,,2014-15
GE CAPITAL AUSTRALIA FUNDING PTY LTD,67085675467,904619999,,,2014-15
GE CAPITAL AUSTRALIA HOLDINGS I LLC,,289203264,,,2014-15
GE CAPITAL HOLDINGS PARTNERSHIP LLP,92957043907,2446697321,342728617,102762624.0,2014-15
GE ENERGY HOLDINGS AUSTRALIA PTY LTD,37086855076,171033170,,,2014-15
GE HEALTHCARE AUSTRALIA PTY LIMITED,32001408402,301000239,,,2014-15
GE OIL & GAS AUSTRALIA PTY LTD,65009080951,538476348,33786790,10128006.0,2014-15
GEA PROCESS ENGINEERING PTY LTD,26000689618,111625071,17493668,1288576.0,2014-15
GEMICO HOLDINGS PTY LTD,95099020694,606777330,,,2014-15
GENERAL ELECTRIC INTERNATIONAL INC,85002420751,387413295,25119508,7535852.0,2014-15
GENERAL MILLS HOLDING (AUSTRALIA) PTY LTD,50095075808,344100913,16480532,2612457.0,2014-15
GENERAL MOTORS AUSTRALIA LTD,85103162956,3704748755,,,2014-15
GENERAL REINSURANCE AUSTRALIA LIMITED,16008427450,130059227,19295036,5788511.0,2014-15
GENERAL REINSURANCE LIFE AUSTRALIA LTD,73002166869,267667572,,,2014-15
GENESIS CARE LIMITED,38137188464,292726146,9717407,2610931.0,2014-15
GENWORTH MORTGAGE INSURANCE AUSTRALIA LIMITED,72154890730,722668220,426423461,127248117.0,2014-15
GEODIS WILSON AUSTRALIA HOLDINGS PTY LTD,76001193193,209152146,,,2014-15
GEOFABRICS AUSTRALASIA PTY LTD,23005479961,141743959,12664677,1388054.0,2014-15
GEORGIOU GROUP PTY LTD,82073851948,489222679,,,2014-15
GEOSEA AUSTRALIA PTY LTD,97134048758,130883600,,,2014-15
GEOTECH HOLDINGS PTY LTD,59114553454,203019794,44340529,2000349.0,2014-15
GERALDTON FISHERMEN'S CO-OPERATIVE LTD,52425663385,360831595,,,2014-15
GETS-WANDOAN (AUSTRALIA) PTY LTD,18143300985,331403335,,,2014-15
GHD GROUP PTY LTD,32118062258,653740251,94476581,15532091.0,2014-15
GHP 104 160 689 PTY LTD,41104160689,2465114376,2567672,770302.0,2014-15
GIBSON'S LIMITED,23009476064,137810298,15877284,4372584.0,2014-15
GILEAD SCIENCES PTY LTD,71072611708,181623294,15125160,1484452.0,2014-15
GLAXOSMITHKLINE HOLDINGS PTY LTD,75000465878,1366256159,32928130,9878439.0,2014-15
GLENCORE AUSTRALIA INVESTMENT HOLDINGS PTY LTD,74154042636,1481804717,,,2014-15
GLENCORE INVESTMENT HOLDINGS  AUSTRALIA LTD,,7787854928,,,2014-15
GLENCORE INVESTMENT PTY LIMITED,67076513034,4968756911,108107993,,2014-15
GLENTEL AMT PTY LTD,85159894676,107112536,,,2014-15
GLOBAL CONSTRUCTION SERVICES LIMITED,81104662259,151643372,6198391,1859517.0,2014-15
GLOBAL SWITCH AUSTRALIA HOLDINGS PTY LTD,35138200049,121628787,24991378,7497413.0,2014-15
GLORIOUS SUN (AUSTRALIA) PTY LTD,45091122020,167633051,,,2014-15
GLYNWED PACIFIC HOLDINGS PTY LTD,50008100703,256750223,11910715,2339923.0,2014-15
GODFREY HIRST AUSTRALIA PTY LTD,58000849758,286082217,15468880,4159850.0,2014-15
GOLD FIELDS AUSTRALIA PTY LTD,91098385285,1470708571,150595839,44082170.0,2014-15
GOLDEN COCKEREL PTY LTD,84009906432,216058793,2799073,,2014-15
GOLDER ASSOCIATES PTY LTD,64006107857,218639229,,,2014-15
GOLDING GROUP PTY LIMITED,97129247025,267789784,,,2014-15
GOLDMAN SACHS HOLDINGS ANZ PTY LIMITED,27151154791,634449267,,,2014-15
GOLDWIND AUSTRALIA PTY LIMITED,32140108390,357820588,5163052,1548916.0,2014-15
GOODMAN FIELDER PTY LIMITED,51116399430,743663522,,,2014-15
GOODMAN LIMITED,69000123071,343553238,,,2014-15
GOODYEAR AUSTRALIA PTY LTD,75000017489,875355400,230062,,2014-15
GOOGLE AUSTRALIA PTY LIMITED,33102417032,438687915,106097095,12171091.0,2014-15
GOVE ALUMINIUM FINANCE LIMITED,45001860073,546207172,122071454,33219862.0,2014-15
GPC ASIA PACIFIC HOLDINGS PTY LTD,80162550978,1099783860,35888068,10500386.0,2014-15
GPT MANAGEMENT HOLDINGS LIMITED,67113510188,163540620,,,2014-15
GR ENGINEERING SERVICES LIMITED,12121542738,130632140,23871558,5947833.0,2014-15
GRACE WORLDWIDE (AUSTRALIA) PTY LTD,90070345845,172533085,13336929,3999447.0,2014-15
GRAINCORP LIMITED,60057186035,2876718314,8662519,933967.0,2014-15
GRANGE RESOURCES LIMITED,80009132405,325170325,48493724,8633453.0,2014-15
GRANGEHURST ENTERPRISES PTY LIMITED,18091454527,241268905,17850027,5355008.0,2014-15
GRANT THORNTON AUSTRALIA LIMITED,41127556389,223989072,36271874,10881562.0,2014-15
GRAYS ECOMMERCE GROUP LIMITED,94125736914,139081374,,,2014-15
GREAT LAKES REINSURANCE (UK) PLC,18964580576,127950129,3499682,1046789.0,2014-15
GREATER BUILDING SOCIETY LIMITED,88087651956,291062701,51473116,15095454.0,2014-15
GREENCROSS LIMITED,58119778862,519964588,11635479,,2014-15
GREEN'S FOODS HOLDINGS PTY LIMITED,81160202200,217466130,6573901,1972091.0,2014-15
GREENSTONE LIMITED,83075949432,481738044,19010776,5125281.0,2014-15
GREYTHORN PTY LTD,57071352031,146833361,3485827,1045748.0,2014-15
GROCON GROUP HOLDINGS PTY LTD,82148964890,495624894,351336,,2014-15
GROOTE EYLANDT MINING COMPANY PTY LTD,26004618491,1034324685,259142733,77742820.0,2014-15
GROUP ZARA AUSTRALIA PTY LTD,64089376349,179138821,16403481,4921044.0,2014-15
GRUNDFOS PUMPS PTY LTD,90007920765,123053104,1356295,406888.0,2014-15
GS COAL HOLDINGS PTY LTD,56166342427,224267332,,,2014-15
GSA GROUP PTY LTD,41004948298,233057506,6399955,649604.0,2014-15
GUARDIAN HOLDCO PTY LTD,80164818179,115790453,12309454,3692836.0,2014-15
GUD HOLDINGS LIMITED,99004400891,424737019,42907269,9080754.0,2014-15
GUILD GROUP HOLDINGS LIMITED,72060237774,213031280,9501411,2163628.0,2014-15
GUNNERSEN COMPANIES PTY LTD,42004560605,217116164,46966,,2014-15
GWA GROUP LIMITED,15055964380,624103238,46650398,11922086.0,2014-15
H & M HENNES & MAURITZ PTY LTD,83160056548,162074397,8499279,2549784.0,2014-15
HAFELE AUSTRALIA PTY LTD,51006021432,121052893,,,2014-15
HAIL CREEK MARKETING PTY LTD,36080001985,1081655927,,,2014-15
HALLIBURTON CONSOLIDATED PTY LTD,67101049521,534925325,12365323,3618307.0,2014-15
HAMILTON & MARINO BUILDERS PTY LTD,70088898999,230770169,12242336,3672701.0,2014-15
HAMSDALE AUSTRALIA PTY LTD,37097393112,360445101,15866037,,2014-15
HANCOCK PROSPECTING PTY LTD,69008676417,2323349478,923528460,273351256.0,2014-15
HANCOCK QUEENSLAND PLANTATIONS PTY LTD,30142129342,229278267,,,2014-15
HANCOCK VICTORIAN PLANTATIONS HOLDINGS PTY LIMITED,16084801178,307597160,,,2014-15
HANNOVER LIFE RE OF AUSTRALASIA LTD,37062395484,1811729046,,,2014-15
HANNOVER RUECK SE AUSTRALIAN BRANCH,88002927031,277232165,57468054,16773196.0,2014-15
HANSEN YUNCKEN PTY LTD,38063384056,852135194,29768193,1893459.0,2014-15
HANSON AUSTRALIA (HOLDINGS) PTY LTD,48090994657,1758702202,258957847,60383450.0,2014-15
HARINA COMPANY LIMITED,46615332348,230195046,,,2014-15
HARLEY DAVIDSON AUSTRALIA PTY LTD,83098483259,247984321,15839927,4751978.0,2014-15
HARVEY NORMAN,54003237545,1307199315,292828570,82332048.0,2014-15
HASBRO AUSTRALIA LIMITED,69004348565,110948532,4101717,1230515.0,2014-15
HATCHCOS HOLDINGS PTY LTD,35072620467,427158925,47792822,11946116.0,2014-15
HAWKER PACIFIC PTY LTD,94001540316,164650497,1279769,381024.0,2014-15
HAYDOS CORPORATION PTY LTD,32125298884,632184690,1935842,580753.0,2014-15
HAYS SPECIALIST RECRUITMENT (AUSTRALIA) PTY LIMITED,47001407281,1516952723,80245696,24073709.0,2014-15
HAZELDENE'S CHICKEN FARM PTY LTD,72004381346,244946764,25901120,7770336.0,2014-15
HAZELL BROS GROUP PTY LTD,27088345804,212535164,,,2014-15
HCL AUSTRALIA SERVICES PTY LIMITED,72081196983,247275296,14621640,4384893.0,2014-15
HCL INTERNATIONAL PTY LIMITED,46134588837,144170906,,,2014-15
HDI-GERLING INDUSTRIE VERSICHERUNG AG AUSTRALIA BRANCH,55490279016,100691997,15157024,4547107.0,2014-15
HEALTHDIRECT AUSTRALIA LIMITED,28118291044,132867846,162417,48725.0,2014-15
HEALTHSCOPE LTD,65144840639,2213410295,6795857,,2014-15
HEALTHSCOPE SALECO LIMITED,,473268170,,,2014-15
HEARTLAND GROUP PTY LIMITED,96001235392,302490489,11614611,3449514.0,2014-15
HEINZ WATTIE'S PTY LTD,51071783447,714590552,6976750,,2014-15
HELLA ASIA PACIFIC PTY LTD,46004516947,146601158,1302863,390859.0,2014-15
HELLERUP FINANCE INTERNATIONAL LIMITED,,263264427,3473826,1042148.0,2014-15
HELLMANN WORLDWIDE LOGISTICS PTY LTD,13003199755,174778758,700654,210118.0,2014-15
HELLOWORLD LIMITED,60091214998,211448479,988713,137268.0,2014-15
HEMMES GROUP PTY LTD,53105332376,244360637,27132428,8139652.0,2014-15
HENKEL FINANCE AUSTRALIA,15740196765,228106791,9658465,2897540.0,2014-15
HENLEY PROPERTIES (QLD) PTY LTD,42068886000,274074979,30927230,9278169.0,2014-15
HEP AUSTRALIA HOLDINGS PTY LTD,22129428155,132464234,7378851,1192368.0,2014-15
HERITAGE BANK LIMITED,32087652024,415636405,56184263,15104562.0,2014-15
HERTEL AUSTRALIA HOLDING PTY LTD,53142708665,181218661,,,2014-15
HERTZ INVESTMENT (HOLDINGS) PTY LTD,,334141167,,,2014-15
HEWLETT PACKARD SOUTH PACIFIC PTY LTD,94121554489,3528228816,,,2014-15
HEXION PTY LTD,32004271827,147556861,8580245,,2014-15
HG HOLDCO PTY LIMITED,20603088606,254363954,928523,,2014-15
HICKORY GROUP PTY LTD,84091236912,318155822,5579586,691250.0,2014-15
HIGHBROOK HOLDINGS PTY LTD,32157828058,361456601,29593761,8878128.0,2014-15
HIGHLAND AUTOS PTY LTD,13121604297,111986058,4695205,1408562.0,2014-15
HILLGROVE RESOURCES LTD,73004297116,168467644,22291657,,2014-15
HILLS LIMITED,35007573417,389391029,,,2014-15
HILTI (AUST) PTY LIMITED,44007602100,116460741,3388489,1016547.0,2014-15
HILTON INTERNATIONAL AUSTRALIA PTY LTD,88098665537,186321458,22067837,6186386.0,2014-15
HINDMARSH CONSTRUCTION AUSTRALIA PTY LIMITED,15126578176,235306707,,,2014-15
HINO MOTOR SALES AUSTRALIA PTY LIMITED,74064989724,299226216,4910921,1473276.0,2014-15
HISENSE AUSTRALIA PTY LTD,55105022080,100259292,1613551,183686.0,2014-15
HITACHI AUSTRALIA PTY LIMITED,34075381332,265714789,5556114,1539210.0,2014-15
HITACHI CONSTRUCTION MACHINERY (AUSTRALIA) PTY LTD,62000080179,927213296,80010359,22241240.0,2014-15
HOCHTIEF AUSTRALIA HOLDINGS LIMITED,17103181675,253754573,130916350,,2014-15
HOLDCO 1 PTY LTD,28157845871,246598115,,,2014-15
HOLLARD HOLDINGS AUSTRALIA PTY LTD,30154586802,272831320,,,2014-15
HONAN HOLDINGS PTY LIMITED,31000392727,1225017294,21097689,2762985.0,2014-15
HONDA AUSTRALIA PTY LTD,66004759611,878855918,16088878,,2014-15
HONDA MPE PTY LTD,96006662862,249794655,16290010,4887003.0,2014-15
HONEYWELL HOLDINGS PTY LTD,18000383764,645993348,121350528,27719826.0,2014-15
HOOGWEGT AUSTRALIA PTY LTD,30075457902,115083270,3188856,956657.0,2014-15
HOPE DOWNS MARKETING COMPANY PTY LTD,58115712117,4374942147,188238,56471.0,2014-15
HOSPIRA HOLDINGS (S.A.) PTY LTD,14121147019,381611565,,,2014-15
HOWE AUTOMOTIVE LIMITED,43061589188,103864998,12553433,107560.0,2014-15
HP FINANCIAL SERVICES (AUSTRALIA) PTY LTD,86082062413,155524216,160350,,2014-15
HSBC AUSTRALIA HOLDINGS PTY LIMITED,22006513873,1370536181,309845637,90993364.0,2014-15
HSE GROUP HOLDINGS PTY LTD,91164670302,241126753,15766381,4729914.0,2014-15
HUAWEI TECHNOLOGIES (AUSTRALIA) PTY LIMITED,49103793380,501988508,33706424,8579642.0,2014-15
HUDSON HIGHLAND (APAC) PTY LIMITED,14074319396,205055912,,,2014-15
HUHTAMAKI HOLDINGS PTY LTD,13003519257,108356244,7354600,2206380.0,2014-15
HUNTER DOUGLAS HOLDINGS LIMITED,47000238451,105761151,15475,,2014-15
HUNTSMAN CORPORATION AUSTRALIA PTY LTD,67083984187,255225823,,,2014-15
HUSQVARNA AUSTRALIA PTY LIMITED,45115475619,126560000,,,2014-15
HWG HOLDINGS PTY LTD,65115398322,431972060,88286193,26367790.0,2014-15
HYDRO ALUMINIUM AUSTRALIA PTY LTD,42001872215,180257548,,,2014-15
HYDRONOVA AUSTRALIA NZ PTY LTD,74111599958,164249034,15263177,3916628.0,2014-15
HYDROX HOLDINGS PTY LTD,94138990593,1981282896,,,2014-15
HYNE & SON PTY LIMITED,67009660995,343836086,,,2014-15
HYUNDAI MOTOR COMPANY AUSTRALIA PTY LIMITED,58008995588,2098038419,54423648,16327094.0,2014-15
I & D GROUP PTY LTD,56164703360,218107321,7423248,2226974.0,2014-15
IAN WEIGH MOTORS PTY LTD & WEIGH PROPERTY INVESTMENTS PTY LTD,90148491233,103258099,2880614,864184.0,2014-15
IBM A/NZ HOLDINGS PTY LIMITED,12105319248,3627755348,49341621,,2014-15
IDEMITSU AUSTRALIA RESOURCES PTY LTD,45010236272,740569348,65900068,16815423.0,2014-15
IDP EDUCATION LIMITED,59117676463,307079695,45390091,7308324.0,2014-15
IFM SOCIAL INFRASTRUCTURE HOLDING TRUST,40337513753,342202270,,,2014-15
IINET LIMITED,48068628937,1086094396,88445922,26533777.0,2014-15
IKEA PTY LIMITED,84006270757,883459585,41701035,12510310.0,2014-15
IMB LTD,92087651974,281035178,43636537,13036635.0,2014-15
IMC PACIFIC HOLDINGS PTY LIMITED,83099273819,253022268,36810722,8056745.0,2014-15
IMCD AUSTRALASIA INVESTMENTS PTY LTD,89149016222,245506795,11374830,3405748.0,2014-15
IMDEX LIMITED,78008947813,137222714,,,2014-15
IMPERIAL TOBACCO AUSTRALIA LIMITED,46088148681,723125930,,,2014-15
INCHCAPE AUSTRALIA LIMITED,50050035277,1502482013,165731891,15273898.0,2014-15
INCITEC PIVOT LIMITED,42004080264,2526332191,216349893,47839026.0,2014-15
INDEPENDENCE GROUP NL,46092786304,498594302,,,2014-15
INDUSTRIAL AND COMMERCIAL BANK OF CHINA LIMITED,57086866506,568121091,104235306,30783679.0,2014-15
INDUSTRY SUPERANNUATION PROPERTY TRUST DEVELOPMENT AND OPPORTUNITIES FUND NO2,74907828804,544703034,110094960,31000817.0,2014-15
INFIGEN ENERGY LIMITED,39105051616,140791385,,,2014-15
INFOSYS TECHNOLOGIES LIMITED,52090591209,353011325,23758392,7127518.0,2014-15
INFRASHORE FINANCE PTY LIMITED,65133358068,182293012,,,2014-15
INFRASTRUCTURE SERVICES GROUP (AUSTRALIA) PTY LTD,90142331717,451250063,16779171,5033751.0,2014-15
INFRATIL AUSTRALIA LIMITED,35250598969,350394681,,,2014-15
ING AUSTRALIA HOLDINGS LIMITED,27008459596,2704506882,398641968,111035313.0,2014-15
ING BANK NV (SYDNEY BRANCH),32080178196,317018744,936226,280868.0,2014-15
INGHAM HOLDINGS PTY LIMITED,39162709506,2480161000,69735049,18764022.0,2014-15
INGRAM MICRO HOLDINGS (AUST) PL,12112487322,1748320192,,,2014-15
INNOVIA FILMS (HOLDING) PTY LTD,29111098232,249314274,29652407,5463768.0,2014-15
INPEX AUSTRALIA PTY LTD,79134715254,578462602,10776949,3233085.0,2014-15
INPEX HOLDINGS AUSTRALIA PTY LTD,61150217315,345075017,186761014,45461977.0,2014-15
INPEX SAHUL LTD,28059844781,322511897,21793328,6537998.0,2014-15
INPEX TIMOR SEA LTD,66058524619,107893279,,,2014-15
INSIGHT ENTERPRISES AUSTRALIA PTY LIMITED,47058645677,168147997,10381067,3114320.0,2014-15
INSPIRATIONS PAINT STORE (HOLDINGS) LTD,94080617036,249749917,,,2014-15
INSURANCE AUSTRALIA GROUP LIMITED,60090739923,15064544480,746691353,68279315.0,2014-15
INSURANCE MANUFACTURERS OF AUSTRALIA LIMITED,93004208084,3433234952,485570464,143344343.0,2014-15
INTEGRAL DIAGNOSTICS LIMITED,55130832816,120491045,21140543,6036734.0,2014-15
INTEGRATED FOODS HOLDINGS PTY LTD,42603619692,3084268258,,,2014-15
INTEGRIA HEALTHCARE (AUSTRALIA) PTY LIMITED,70096496212,111377632,,,2014-15
INTERLINK ROADS PTY LIMITED,53003845430,249340000,62086274,18625882.0,2014-15
INTERNATIONAL LIVESTOCK EXPORT PTY LTD,54009400846,266840506,5727889,1718067.0,2014-15
INTERNATIONAL POWER (AUSTRALIA) HOLDINGS PTY LTD,70105041209,1133429737,,,2014-15
INTERPUBLIC AUSTRALIA HOLDINGS PTY LTD,20140379335,247074751,54243498,15222530.0,2014-15
INTERTEK AUSTRALIA HOLDINGS PTY LTD,74124892879,100451684,1809243,,2014-15
INTREPID MINES LIMITED,11060156452,160996348,3606518,1081955.0,2014-15
INVESTA PROPERTY GROUP HOLDINGS PTY LIMITED,68125612419,934456116,,,2014-15
INVESTEC HOLDINGS AUSTRALIA LIMITED,49071292567,242228325,,,2014-15
INVOCARE LIMITED,42096437393,386436495,61368074,17254273.0,2014-15
IOOF HOLDINGS LTD,49100103722,894316947,335547423,78881352.0,2014-15
IOR PTY LTD,85168760861,364683355,7480349,2244105.0,2014-15
IPMG PTY LIMITED,84123230259,372076079,,,2014-15
IRESS LIMITED,47060313359,253251083,53390010,15212060.0,2014-15
ISAGENIX (ASIA PACIFIC) AUSTRALIA PTY LIMITED,31122975357,141191741,3229037,968711.0,2014-15
ISELECT LIMITED,48124302932,163787044,15221252,3475325.0,2014-15
ISUZU AUSTRALIA LIMITED,97006962572,585466227,15105689,4531707.0,2014-15
ISUZU UTE AUSTRALIA PTY LTD,80129563739,587133445,44234682,13270405.0,2014-15
ITI (NSW) PTY LIMITED,17003282755,109987686,5617832,1685350.0,2014-15
ITOCHU AUSTRALIA LIMITED,63000192790,2508101514,421868691,115180013.0,2014-15
IVE GROUP AUSTRALIA PTY LTD,58000205210,257125566,14585193,3946987.0,2014-15
IVECO TRUCKS AUSTRALIA LIMITED,86004065061,352939145,,,2014-15
IVERNIA AUSTRALIA PTY LTD,76075103221,168930628,,,2014-15
IXOM HOLDCO PTY LTD,36602722547,486961644,,,2014-15
J CORDINA INVESTMENTS PTY LIMITED,99000528281,242637945,,,2014-15
J G KING BUILDING GROUP PTY LTD,38142687554,237721010,1764286,,2014-15
J HUTCHINSON PTY LTD,52009778330,1276180125,56154465,16836848.0,2014-15
J&F AUSTRALIA PTY LTD,72150917285,418993464,582329,74038.0,2014-15
J. J. RICHARDS & SONS PTY LTD,40000805425,762250424,86839806,23367407.0,2014-15
JAGUAR LAND ROVER AUSTRALIA PTY LTD,86004352238,833499519,20885986,5948200.0,2014-15
JAMES FRIZELLE'S AUTOMOTIVE GROUP PTY. LTD.,47010210723,518664959,19172261,5751678.0,2014-15
JAMES HARDIE RESEARCH (HOLDINGS) PTY LIMITED,51082944821,335029355,,,2014-15
JAN DE NUL (AUSTRALIA) PTY LTD,22011070474,767788999,83331197,24999359.0,2014-15
JANART HOLDINGS PTY LTD,13092037262,229406069,1997764,599329.0,2014-15
JAPAN ALUMINA ASSOCIATES (AUSTRALIA) PTY LTD,42008907524,168585506,,,2014-15
JAPAN AUSTRALIA LNG (MIMI) PTY LTD,18006303180,2488223991,1528900579,448503382.0,2014-15
JAPARA HEALTHCARE LIMITED,54168631052,285643741,20948838,6284651.0,2014-15
JAQUES INTERNATIONAL HOLDING PTY LTD,57004075978,265042082,21678709,6000916.0,2014-15
JARDINE LLOYD THOMPSON AUSTRALIA PTY LIMITED,24005279890,216759478,39207379,11762214.0,2014-15
JB HI-FI LIMITED,80093220136,3457142146,204981444,61494309.0,2014-15
JBS HOLDCO AUSTRALIA PTY LTD,89126211023,4523819128,788045607,172644378.0,2014-15
JBWERE LIMITED,68137978360,130489619,,,2014-15
JELD-WEN AUSTRALIA PTY LIMITED,62087012226,430573009,32459984,8972798.0,2014-15
JELLINBAH GROUP PTY LTD,54010754793,1011943488,172147252,51148535.0,2014-15
JENNMAR AUSTRALIA PTY LTD,34078584531,121567236,8984422,1712470.0,2014-15
JET SYSTEMS PTY LTD,34003469574,434021567,44263031,12837091.0,2014-15
JF HILLEBRAND AUSTRALIA PTY LTD,58079446905,105509741,4631178,1389353.0,2014-15
JFC AUSTRALIA CO PTY LTD,36003080260,114566117,4227486,1268246.0,2014-15
JFE STEEL AUSTRALIA RESOURCES PTY LTD,77113447064,161685200,,,2014-15
JGC OCEANIA PTY LTD,94154383374,103034465,70382627,1955002.0,2014-15
JKC AUSTRALIA LNG PTY LTD,14154383409,5337959028,287960302,86388091.0,2014-15
JMC AUTOMOTIVE GROUP PTY LTD (JACKSON FORD),83009479190,213900480,5356441,1576975.0,2014-15
JOHN SWIRE & SONS PTY LTD,88000106141,474947782,42414018,10844329.0,2014-15
JOHNSON & JOHNSON PTY LTD,29000023709,1516661490,135405325,34962939.0,2014-15
JOLIMONT DEVELOPMENT FINANCE PTY LTD,94094356779,452208356,21907497,6572249.0,2014-15
JOY GLOBAL AUSTRALIA HOLDING COMPANY PTY LTD,70059870058,690678692,,,2014-15
JP MORGAN AUSTRALIA GROUP PTY LIMITED,54104888155,585129706,5225720,,2014-15
JP MORGAN CHASE BANK NATIONAL ASSOCIATION,43074112011,684482284,,,2014-15
J-POWER AUSTRALIA PTY. LTD.,59002307682,188949414,,,2014-15
JWH GROUP PTY LTD,84098664709,429796117,15437246,3065413.0,2014-15
JX NIPPON OIL & GAS EXPLORATION (AUSTRALIA) PTY LTD,46078323743,105536039,,,2014-15
K&S CORPORATION LTD,67007561837,682168854,7897365,2359266.0,2014-15
KA & MD INVESTMENTS PTY. LTD.,40120126589,286714985,34876556,10462967.0,2014-15
KAEFER INTEGRATED SERVICES PTY LTD,83009046191,127116965,,,2014-15
KAGERA PTY LTD,58008478797,250615337,29411272,5856106.0,2014-15
KAILIS BROS PTY LTD,97008723000,436201948,26610350,4894704.0,2014-15
KANSAI ELECTRIC POWER AUSTRALIA PTY LTD,32126720732,222812505,46002896,,2014-15
KAPLAN AUSTRALIA HOLDINGS PTY LIMITED,30117261980,108411186,,,2014-15
KARARA MINING LIMITED,68070871831,396283795,,,2014-15
KAROON GAS AUSTRALIA LTD,53107001338,399896051,44895684,13164770.0,2014-15
KATHMANDU PTY LTD,84007047547,244415752,9284998,2785499.0,2014-15
KBR HOLDINGS PTY LTD,32093419277,766531679,87118375,14306574.0,2014-15
KEEMA HOLDINGS PTY LTD,28097123389,241594491,6479151,1761961.0,2014-15
KELLER AUSTRALIA PTY LIMITED,61081279932,470920126,40695599,12208680.0,2014-15
KELLOGG AUSTRALIA HOLDINGS PTY LIMITED,59102893952,483962395,6252514,23401.0,2014-15
KELLY SERVICES (AUSTRALIA) LTD,45010806523,134546430,,,2014-15
KENNARDS HIRE PTY LIMITED,69001740727,261408172,48248947,13724754.0,2014-15
KENTZ PTY LTD,50107699221,196212161,43517810,13055343.0,2014-15
KEOLIS DOWNER PTY LTD,51165343680,598210344,16413642,4923000.0,2014-15
KERMAN CONTRACTING PTY LTD,72008987988,325726821,27834990,,2014-15
KERRY INGREDIENTS AUSTRALIA PTY LTD,47072996895,406132452,15841392,,2014-15
KIA MOTORS AUSTRALIA PTY LIMITED,97110483353,609010158,5093142,1527943.0,2014-15
KIMBERLY CLARK PACIFIC HOLDINGS PTY LIMITED,59095905294,1028593206,91044093,27174357.0,2014-15
KINGSPAN HOLDINGS AUSTRALIA PTY LTD,81107982098,135261077,4855112,1456533.0,2014-15
KIEWIT AUSTRALIA HOLDINGS PTY LTD,33141920818,276386826,,,2014-15
KNAUF GYPSUM (AUSTRALIA) PTY LTD,82134378313,159436967,7213817,1369464.0,2014-15
KNIGHT FRANK AUSTRALIA HOLDINGS PTY LTD,28114923938,145700613,9640207,2870205.0,2014-15
KNORR-BREMSE AUSTRALIA PTY LTD,31092562671,211252182,11791512,2213304.0,2014-15
KOCH FERTILISER AUSTRALIA PTY LTD,44140582369,173938398,,,2014-15
KOMATSU MARKETING SUPPORT AUSTRALIA PTY LTD,63053514739,1266141631,43369330,5760481.0,2014-15
KONE HOLDINGS (AUSTRALIA) LIMITED,51003986436,408867669,34196237,10258871.0,2014-15
KONICA MINOLTA BUSINESS SOLUTIONS AUSTRALIA PTY LIMITED,50001065096,227132384,4657104,1397131.0,2014-15
KOPPERS AUSTRALIA HOLDING COMPANY PTY LTD,19104645301,199477739,30461628,9138488.0,2014-15
KORDIA PTY LIMITED,33062953940,152984707,,,2014-15
KUBOTA TRACTOR AUSTRALIA PTY LTD,72005300621,251995038,16698584,5009575.0,2014-15
KUEHNE & NAGEL PTY LTD,70000871607,354974957,6135817,1840745.0,2014-15
KUFPEC AUSTRALIA PTY LTD,42001800924,355813698,,,2014-15
KUMHO TYRE AUSTRALIA PTY LTD,46003300678,129679764,1463412,439024.0,2014-15
KUWAIT PETROLEUM AVIATION (AUSTRALIA) PTY LIMITED,88122531631,269700687,,,2014-15
L.U. SIMON BUILDERS PTY LTD,38006137220,252405060,22457100,6737130.0,2014-15
LAGARDERE SERVICES ASIA PACIFIC PTY LTD,77095961201,239875674,8964773,2689432.0,2014-15
LAING O'ROURKE AUSTRALIA PTY LIMITED,71111023431,2306971468,134660028,38157172.0,2014-15
LAMANNA BANANAS,87004843556,201789549,2911498,555933.0,2014-15
LANDIS & GYR HOLDINGS PTY LTD,82098539587,103323542,3166025,,2014-15
LANDMARK GLOBAL EXPORTS PTY LTD,44131015373,220803880,15451880,4635564.0,2014-15
LAO III AUST PTY LIMITED,46147971668,166342566,,,2014-15
LAWRENCE &HANSON GROUP PTY LTD,69080350812,856148062,,,2014-15
LAZARD ASSET MANAGEMENT PACIFIC CO.,13064523619,114579964,25423633,7627090.0,2014-15
LEASEPLAN AUSTRALIA LIMITED,57006923011,511029550,31126128,9337838.0,2014-15
LEGES HOLDINGS (AUSTRALIA) PTY LIMITED,19072077706,251961051,3808235,1142470.0,2014-15
LEGO AUSTRALIA PTY LIMITED,42001540914,174588943,5028975,1508692.0,2014-15
LEGRAND GROUP PTY LIMITED,41000565739,146234281,,,2014-15
LEI AUSTRALIA HOLDINGS PTY LIMITED,36133805820,160752260,,,2014-15
LEMPRIERE (AUSTRALIA) PROPRIETARY LIMITED,27004386841,483893849,1043822,94423.0,2014-15
LENDLEASE CORPORATION LIMITED,32000226228,8794836828,,,2014-15
LENOVO (AUSTRALIA &NEW ZEALAND) PTY LIMITED,70112394411,554638893,5690894,1707268.0,2014-15
LEXMARK INTERNATIONAL (AUSTRALIA) PTY LIMITED,86050148466,100635939,1593271,465826.0,2014-15
LG ELECTRONICS AUSTRALIA PTY LIMITED,98064531264,733104552,12786677,3836003.0,2014-15
LGL CO PTY LTD,46087391704,169273759,8415915,2394670.0,2014-15
LIBERTY MUTUAL INSURANCE COMPANY,61086083605,182471519,85280993,25584298.0,2014-15
LIEBHERR-AUSTRALIA PTY LTD,65007970452,552572203,23204046,6961214.0,2014-15
LIFE TECHNOLOGIES AUSTRALIA PTY LTD,89004669863,102164597,10569787,3170137.0,2014-15
LIGHTING INVESTMENTS AUSTRALIA HOLDINGS PTY LTD,54159519810,306260847,,,2014-15
LINDE MATERIAL HANDLING PTY LIMITED,62000768776,165518130,2102877,630863.0,2014-15
LINDSAY AUSTRALIA LIMITED,81061642733,320475715,9147639,2744292.0,2014-15
LINDT &SPRUNGLI (AUSTRALIA) PTY LTD,43079224892,181661579,17230575,5169172.0,2014-15
LINFOX PTY LTD,59004667298,2181460710,167182944,49816662.0,2014-15
LINK ADMINISTRATION HOLDINGS LIMITED,27120964098,546782743,815213,,2014-15
LION PTY LIMITED,50128004268,4135772248,186400675,31718084.0,2014-15
LLOYD HELICOPTER SERVICES PTY LTD,45058277491,293545514,,,2014-15
ILUKA RESOURCES LIMITED,34008675018,731359446,116422878,21124708.0,2014-15
LOCKHEED MARTIN AUSTRALIA PTY LIMITED,30008425509,274568506,43048250,11851071.0,2014-15
LOGICAMMS LIMITED,90127897689,112042762,17937662,452325.0,2014-15
L'OREAL AUSTRALIA PTY LTD,40004191673,484078042,88424187,26527256.0,2014-15
LOUIS DREYFUS COMPANY MELBOURNE HOLDINGS PTY LTD,18161877185,311620368,,,2014-15
LOUIS VUITTON AUSTRALIA PTY LTD,41005918678,182672381,18388633,5516590.0,2014-15
LOWES MANHATTAN PTY LTD,31000307666,233931290,9330528,2798458.0,2014-15
LOY YANG HOLDINGS PTY LTD,60057361805,451643421,,,2014-15
LPI (AUSTRALIA) HOLDINGS PTY LIMITED,81084042473,323715874,59572401,17245780.0,2014-15
LUXOTTICA SOUTH PACIFIC HOLDINGS PTY L IMITED,58104629772,735936505,1986917,540424.0,2014-15
LYONDELLBASELL AUSTRALIA (HOLDINGS) PTY LTD,74066270237,305117228,10000000,,2014-15
M J LUFF PTY LTD,52001001850,222914778,2714287,,2014-15
M RESOURCES TRADING PTY LTD,58156582320,675957919,19919781,5975934.0,2014-15
M&J CHICKENS LLP LIMITED PARTNERSHIP,36471942124,109404311,3712005,1113602.0,2014-15
M2 GROUP LIMITED,74091575021,1090837086,105448171,30318543.0,2014-15
MACA LIMITED,42144745782,100915983,140533235,757692.0,2014-15
MACA MINING PTY LTD,22102886064,542327363,36755928,11026778.0,2014-15
MACA PLANT PTY LTD,29110779167,129911722,82319442,12391071.0,2014-15
MACADAMIA MARKETING INTERNATIONAL PTY  LTD,76147689987,111239324,12581,3774.0,2014-15
MACKAY SUGAR LTD,12057463671,487812147,152881,,2014-15
MACMAHON HOLDINGS LIMITED,93007634406,592245998,4207042,,2014-15
MACQUARIE GROUP LTD,94122169279,8917967284,995344971,194019798.0,2014-15
MACQUARIE TELECOM GROUP LIMITED,72056712228,192511771,2742169,,2014-15
MAGELLAN FINANCIAL GROUP LIMITED,59108437592,284910591,190020126,56684164.0,2014-15
MAGELLAN FLAGSHIP FUND LIMITED,32121977884,280756129,14529790,2929348.0,2014-15
MAH CAPITAL PTY LTD,,482069301,,,2014-15
MAINBRACE CONSTRUCTIONS PTY LIMITED,45002970658,222444834,6571510,1971453.0,2014-15
MAINFREIGHT HOLDINGS PTY LTD,24084637605,505284468,21480331,6444099.0,2014-15
MAKITA (AUSTRALIA) PTY LIMITED,57001117335,217136145,13956128,4186838.0,2014-15
MALIBRU PTY LTD,98008467114,211991174,21280526,6159988.0,2014-15
MAMMOET AUSTRALIA PTY LTD,77075483644,176584735,,,2014-15
MANHEIM AUCTIONS AUSTRALIA PTY LTD,97090535505,144523696,670691,148352.0,2014-15
MANPOWER SERVICES (AUSTRALIA) PTY LIMITED,15071884994,580837698,14827976,4448393.0,2014-15
MANTRA GROUP LIMITED,69137639395,492928650,53968735,16190620.0,2014-15
MARS AUSTRALIA PTY LTD,48008454313,1390821599,263123908,66556564.0,2014-15
MARSH MERCER HOLDINGS (AUST) PTY LTD,86097026812,701140444,152785400,45201001.0,2014-15
MARTIN BROWER AUSTRALIA HOLDINGS PTY LTD,91156502251,1115699640,7264733,2179420.0,2014-15
MARUBENI AUSTRALIA LIMITED,53000329699,1384249417,,,2014-15
MARUBENI ITOCHU TUBULARS OCEANIA PTY LTD,87077953827,183862422,10935732,3280720.0,2014-15
MASTERCARD ASIA/PACIFIC (AUSTRALIA) PTY LTD,95108603345,303744803,11717565,1860578.0,2014-15
MASTERMYNE GROUP LIMITED,96142490579,170497802,501182,,2014-15
MASTERTON CORPORATION HOLDING COMPANY PTY LIMITED,56055692825,241507387,15161000,4548300.0,2014-15
MATRIX & COMPOSITES ENGINEERING LTD,54009435250,143418111,,,2014-15
MAX SOLUTIONS PTY LTD,51067092737,221111979,19889837,5966951.0,2014-15
MAXI-TANKERS PTY LTD,22117406934,215718943,400498,120149.0,2014-15
MAXITRANS INDUSTRIES LIMITED,58006797173,309883558,15049979,2218074.0,2014-15
MAZDA AUSTRALIA PTY LTD,78004690804,2556412296,108865128,32659538.0,2014-15
MC FINANCE AUSTRALIA PTY LTD,37159007360,337531053,11439629,3428563.0,2014-15
MC RESOURCES AUSTRALIA PTY LTD,86142911233,271269420,198856,,2014-15
MCALEESE LIMITED,86156354068,696825139,,,2014-15
MCCAIN FOODS (AUST) PTY LTD,96000629587,661917730,39507703,9242042.0,2014-15
MCCARROLLS OF MOSS VALE PTY LTD,60003411210,308119971,1526199,457860.0,2014-15
MCCORMICK FOODS AUSTRALIA PTY LTD,62004763259,128491758,2114575,634372.0,2014-15
MCDERMOTT AUSTRALIA PTY LTD,99002736352,730048258,17686688,5306006.0,2014-15
MCDONALD JONES HOMES PTY LTD,59089524050,307856223,9170423,2751127.0,2014-15
MCDONALDS ASIA PACIFIC CONSORTIUM PTY LIMITED,63102428571,764724932,,,2014-15
MCDONALDS AUSTRALIAN PROPERTY CORPORATION,55002913555,1646208223,435050049,126731859.0,2014-15
MCKINSEY PACIFIC RIM INC,66055131443,205120508,32096633,9509441.0,2014-15
MCMILLAN SHAKESPEARE LIMITED,74107233983,375451126,87693385,26308016.0,2014-15
MCPHERSON'S LIMITED,98004068419,257062771,5227148,1520880.0,2014-15
MCWILLIAM'S WINES GROUP LTD,36000024108,118987698,,,2014-15
MECU LIMITED,21087651607,166669000,38432041,9967948.0,2014-15
MEDIBANK PRIVATE LIMITED,47080890259,6630614122,359133346,90868521.0,2014-15
MEDINA PROPERTY SERVICES PTY LIMITED,36062326176,200544403,11477794,3443338.0,2014-15
MEDLINE STELLAR AUSTRALIA PTY LTD,94149963226,109912324,10317395,3095218.0,2014-15
MEDTRONIC AUSTRALASIA PTY LIMITED,47001162661,406072595,9017402,2705221.0,2014-15
MELBOURNE IT LTD,21073716793,122403973,1315247,394574.0,2014-15
MEMART INVESTMENTS PTY LTD,98004325562,823781663,,,2014-15
MEMBERS EQUITY BANK LIMITED,56070887679,1076083397,101874521,29213881.0,2014-15
MENZIES AVIATION HOLDINGS (AUSTRALIA) PTY LTD,18102031836,220800480,14211786,4262294.0,2014-15
MERCK SERONO AUSTRALIA PTY LTD,72006900830,102922652,2097865,509883.0,2014-15
MERCK SHARP & DOHME (HOLDINGS) PTY LTD,57000235245,878556132,78595157,17796370.0,2014-15
MERITON PROPERTIES PTY LIMITED,49000698626,1099820266,289701174,77514684.0,2014-15
MERLIN ENTERTAINMENTS (AUSTRALIA) PTY LIMITED,51147624557,166157692,13812786,3502091.0,2014-15
METAGENICS AUSTRALIA PTY LTD,78113937572,129986107,24698766,5737236.0,2014-15
METALS X LIMITED,25110150055,318723758,,,2014-15
METCASH LIMITED,32112073480,14402159529,193591731,53919941.0,2014-15
METECNO PTY LTD,44096402934,102609765,5887090,1370230.0,2014-15
METLIFE INSURANCE LIMITED,75004274882,718470919,660782,,2014-15
METRO TRAINS MELBOURNE PTY LTD,43136429948,1288760274,95656738,28697021.0,2014-15
METSO AUSTRALIA LIMITED,99000197428,400693833,25188682,1014537.0,2014-15
MHG HOTEL HOLDING AUSTRALIA PTY LTD,49153049917,171636093,14010749,4203225.0,2014-15
MHPS PLANT SERVICES PTY LTD,87010975256,116466889,9571485,2871446.0,2014-15
MICHAEL HILL JEWELLER (AUSTRALIA) PTY LTD,82003181333,390678849,15549618,4059427.0,2014-15
MICHAEL PAGE INTERNATIONAL (AUSTRALIA) PTY LTD,58002872264,196529423,6810926,1891667.0,2014-15
MICHELIN AUSTRALIA PTY LTD,84006761628,595420560,12886594,3768550.0,2014-15
MICROSOFT PTY LTD,29002589460,679432365,111115856,33334757.0,2014-15
MIDDLEMOUNT COAL PTY LTD,49122348412,382513519,,,2014-15
MIDFIELD MEAT INTERNATIONAL PTY LTD,78065864904,617101394,26823967,7235756.0,2014-15
MIELE AUSTRALIA PTY LIMITED,96005635398,322531762,22877156,6863147.0,2014-15
MILLENNIUM MINERALS LIMITED,85003257556,124337383,,,2014-15
MILLER POHANG COAL COMPANY PTY LTD,99001588209,401701431,,,2014-15
MILTON CORPORATION LIMITED,18000041421,137583733,181629497,5881637.0,2014-15
MINERAL RESOURCES LIMITED,33118549910,1321361938,140981436,42294431.0,2014-15
MINERVA FINANCIAL GROUP PTY LIMITED,43124171759,213469436,,,2014-15
MINMETALS AUSTRALIA PTY LTD,63006868033,264173982,,,2014-15
MIRABELA NICKEL LIMITED,23108161593,613113010,,,2014-15
MIRVAC LIMITED,92003280699,1550390021,18293243,,2014-15
MITSUBISHI AUSTRALIA LIMITED,81004354278,443801487,4169356,1149554.0,2014-15
MITSUBISHI DEVELOPMENT PTY LTD,17009779873,4830238158,,,2014-15
MITSUBISHI ELECTRIC AUSTRALIA PTY LIMITED,58001215792,287440765,6818656,2045597.0,2014-15
MITSUBISHI HEAVY INDUSTRIES AIR CONDITIONERS AUSTRALIA PTY LTD,92133980275,142579771,8636890,2591067.0,2014-15
MITSUBISHI MOTORS AUSTRALIA LIMITED,53007870395,2022530360,962672,,2014-15
MITSUI & CO. (AUSTRALIA) LTD,64004349795,5743249324,1249024190,300627120.0,2014-15
MITSUI MATSUSHIMA INTERNATIONAL PTY LIMITED,72100874600,138674114,2687402,805657.0,2014-15
MITSUI SUMITOMO INSURANCE COMPANY LTD,49000525637,102897312,3584215,1075264.0,2014-15
MITSUI-ITOCHU IRON PTY LTD,84008702761,1056722862,425929643,127253531.0,2014-15
MIZUHO BANK LTD (SYDNEY BRANCH),83099031106,826552121,,,2014-15
MMA OFFSHORE LIMITED,21083185693,781539908,39037440,9996946.0,2014-15
MMG AUSTRALIA LIMITED,23004074962,1511942614,,,2014-15
MML HOLDINGS PTY LTD,55084402380,2056526738,177821697,53325881.0,2014-15
MOBIL PNG GAS HOLDINGS PTY LTD,35008633707,152316019,126053,37816.0,2014-15
MOBIS PARTS AUSTRALIA PTY LTD,34107778156,100477019,10839644,3251893.0,2014-15
MODEC MANAGEMENT SERVICES PTE LTD,18109283810,117803334,,,2014-15
MODIANO AUSTRALIA PTY LTD,44006450344,116468321,1074668,322400.0,2014-15
MOET HENNESSY AUSTRALIA PTY LIMITED,26104454604,267245650,17109954,5124219.0,2014-15
MOFFAT GROUP PTY LTD,92069691407,130518709,20224204,5764215.0,2014-15
MONADELPHOUS GROUP LIMITED,28008988547,1827671423,206514401,34142912.0,2014-15
MONASH IVF GROUP LTD,90169302309,119405842,23977398,7193220.0,2014-15
MONDELEZ AUSTRALIA GROUP CO PTY LTD,53147371846,1660405328,70123099,,2014-15
MONSANTO AUSTRALIA LIMITED,86006725560,132371049,7542387,2262716.0,2014-15
MORGAN STANLEY AUSTRALIA FINANCE PTY LIMITED,84086080015,496344491,50167094,15050128.0,2014-15
MORGANS HOLDINGS (AUSTRALIA) LIMITED,80050413682,225928047,24259932,7275944.0,2014-15
MORRIS CORPORATION GROUP PTY LTD,50154271780,199073724,,,2014-15
MORTGAGE CHOICE LIMITED,57009161979,184795489,27366981,6159926.0,2014-15
MOTA INVESTMENTS PTY LTD,98158946144,117092587,,,2014-15
MOTORAMA HOLDINGS PTY LTD,17010584031,427521792,12304180,3691254.0,2014-15
MOTOROLA SOLUTIONS AUSTRALIA PTY LTD,16004742312,259547094,37438320,11231496.0,2014-15
MOUNT GIBSON IRON LIMITED,87008670817,352492066,,,2014-15
MOUNT PRITCHARD & DISTRICT COMMUNITY CLUB LTD,98000458622,121890932,,,2014-15
MOY INVESTMENT PTY LTD,11169154572,313467880,4976234,,2014-15
MP AUSTRALIA HOLDINGS PTY LTD,37156629211,235977000,,,2014-15
MRC GLOBAL AUSTRALIA PTY LTD,46080156378,196640171,,,2014-15
MTU DETROIT DIESEL AUSTRALIA PTY LTD,47073690990,198257593,,,2014-15
MULAWA HOLDINGS PTY LIMITED,18000259834,499586637,29522197,8601967.0,2014-15
MULTI MARKET SERVICES AUSTRALIA HOLDINGS PTY LTD,50000026228,227673484,31542404,9462721.0,2014-15
MUNCHENER RUCKVERSICHERUNGS GESELLSCHAFT,90009763526,1111924528,,,2014-15
MUNDIPHARMA PTY LTD,87081322509,163150064,13354367,4006310.0,2014-15
MUNICH HOLDINGS OF AUSTRALASIA PTY LTD,80000159651,1562477442,,,2014-15
MURPHY PIPE AND CIVIL GROUP PTY LTD,43142862904,453295374,109361845,32012117.0,2014-15
MURRAY & ROBERTS PTY LTD,33105617865,1228114240,9005829,,2014-15
MURRAY GOULBURN CO-OPERATIVE CO. LIMITED,23004277089,3042602646,53646570,12417429.0,2014-15
MWH AUSTRALIA PTY LTD,17007820322,120406296,1653770,445855.0,2014-15
MYER HOLDINGS LIMITED,14119085602,2786523787,108415886,28110985.0,2014-15
MYLAN AUSTRALIA HOLDING PTY LTD,52127537302,327532827,,,2014-15
MYOB GROUP LIMITED,61153094958,259380850,,,2014-15
MYSTATE LIMITED,26133623962,200063573,48079820,13945532.0,2014-15
N.H.P. HOLDINGS PROPRIETARY LIMITED,21004745644,344736513,4637410,1264779.0,2014-15
NAMOI COTTON COOPERATIVE LIMITED,76010485588,451646920,,,2014-15
NATIONAL AUSTRALIA BANK LIMITED,12004044937,46064575264,12938685627,2688097025.0,2014-15
NATIONAL ROADS AND MOTORISTS ASSOCIATION LIMITED,77000010506,571268922,25416595,,2014-15
NAVITAS LIMITED,69109613309,688910118,114023473,33312531.0,2014-15
NBN CO LIMITED,86136533741,192581993,,,2014-15
NCIG HOLDINGS PTY LIMITED,98124700483,357847701,,,2014-15
NCR AUSTRALIA PTY LTD,61000003592,261765826,17476199,5226438.0,2014-15
NEC AUSTRALIA PTY LTD,86001217527,410528281,,,2014-15
NESTLE AUSTRALIA LIMITED,77000011316,2149111209,270179009,67118140.0,2014-15
NETAPP AUSTRALIA PTY LTD,14092499431,212028151,10904591,3271377.0,2014-15
NEW HOPE CORPORATION LIMITED,38010653844,539588240,59656350,14478535.0,2014-15
NEW ZEALAND MILK (AUSTRALASIA) PTY LTD,23003502654,1836220000,2598710,,2014-15
NEWCASTLE PERMANENT BUILDING SOCIETY LIMITED,96087651992,445291336,58645489,15461734.0,2014-15
NEWCREST MINING LIMITED,20005683625,3690629404,2181675,,2014-15
NEWELL AUSTRALIA PTY LTD,68075071233,116931180,5043806,1436926.0,2014-15
NEWFURN FLOOR COVERINGS LTD,63004650668,163277000,1964271,589281.0,2014-15
NEWGEN KWINANA HOLDINGS PTY LTD,68116576955,157603035,16300782,4890235.0,2014-15
NEWMONT AUSTRALIA HOLDINGS PTY LTD,95099040507,2017163833,26348917,,2014-15
NEWS AUSTRALIA HOLDINGS PTY LIMITED,32105197028,2744355371,70847581,,2014-15
NEXANS AUSTRALIA HOLDING PTY LTD,52122486195,408056544,,,2014-15
NEXTGEN GROUP HOLDINGS PTY LIMITED,69162568765,257796040,,,2014-15
NGP INVESTMENTS NO 1 PTY LTD,80001495352,1041408947,87738717,14498948.0,2014-15
NH FOODS AUSTRALIA PTY LTD,87001548401,926902442,,,2014-15
NIB HOLDINGS LIMITED,51125633856,1517265202,91069079,26636006.0,2014-15
NICK SCALI LIMITED,82000403896,157195476,24681720,7404516.0,2014-15
NIKE AUSTRALIA PTY LTD,99055141743,367332190,9919035,2975710.0,2014-15
NIKON AUSTRALIA PTY LTD,34121761537,134390105,3391929,1017579.0,2014-15
NINE ENTERTAINMENT CO HOLDINGS LIMITED,60122203892,1497878357,12215162,,2014-15
NINEMSN PTY LTD,33077753461,172065935,35813871,9015756.0,2014-15
NINTENDO AUSTRALIA PTY LIMITED,43060566083,126427959,7819091,2345727.0,2014-15
NIPPON STEEL & SUMITOMO METAL AUSTRALIA PTY LIMITED,64001445049,926626304,509343729,151302712.0,2014-15
NISSAN MOTOR CO (AUSTRALIA) PTY LTD,54004663156,2452404125,14954860,476.0,2014-15
NMHG AUSTRALIA HOLDING PTY LTD,26101464073,156154874,,,2014-15
NOBLE CONTRACTING II GMBH,48166643349,157272751,,,2014-15
NOBLE RESOURCES AUSTRALIA PTY LTD,25001069423,182362347,,,2014-15
NOLAN MEATS PTY LTD,81096869304,207378688,38061644,2429279.0,2014-15
NONI B LIMITED,96003321579,110397207,,,2014-15
NORCO,17009717417,510909000,,,2014-15
NORCO WHOLESALERS PTY LTD,78003630055,434805290,,,2014-15
NORILSK NICKEL AUSTRALIA PTY LTD,71076976906,388332214,,,2014-15
NORILSK NICKEL CAWSE PTY LTD,81099027559,121551705,,,2014-15
NORSKE SKOG INDUSTRIES AUSTRALIA,50003902985,455767571,,,2014-15
NORTHERN STAR RESOURCES LTD,43092832892,873483075,94764760,28319656.0,2014-15
NORTHGATE AUSTRALIAN VENTURES CORPORATION PTY LTD,21128442375,212136857,,,2014-15
NORTHROP GRUMMAN AUSTRALIA PTY LIMITED,78156458981,163365337,3107308,,2014-15
NORTON GOLD FIELDS LIMITED,23112287797,244484002,,,2014-15
NOVA ENTERTAINMENT (AUSTRALIA) PTY LIMITED,60106378134,166795484,23979157,2752882.0,2014-15
NOVARTIS AUSTRALIA PTY LIMITED,81004371224,1265293335,85439757,11353976.0,2014-15
NOVO NORDISK PHARMACEUTICALS PTY LTD,40002879996,216045331,11030178,1208847.0,2014-15
NRG VICTORIA I PTY LTD,26076286578,121349490,5766922,1730077.0,2014-15
NRW HOLDINGS LTD,95118300217,793932023,,,2014-15
NTT COM ICT SOLUTIONS (AUSTRALIA) PTY LTD,61059040998,123060810,,,2014-15
NUPLEX OPERATIONS (AUST) PTY LTD,56000436126,342765590,,,2014-15
NUTRICIA AUSTRALIA PTY LIMITED,99076246752,251898498,71479334,21443800.0,2014-15
NYRSTAR HOBART PTY LTD,49124818113,204288625,,,2014-15
NYRSTAR PORT PIRIE PTY LTD,31008046428,387963541,38795850,10946624.0,2014-15
OAKBRIDGE PTY LIMITED,67000230419,1207007653,183901127,53630080.0,2014-15
OCEANEERING AUSTRALIA PTY LIMITED,53005031685,127057540,9253824,2351770.0,2014-15
OFFICEMAX INTERNATIONAL PTY LTD,78073257379,315959626,,,2014-15
OLAM INVESTMENTS AUSTRALIA PTY LTD,17124391920,364576854,,,2014-15
OLAM ORCHARDS AUSTRALIA PTY LTD,15139442532,314795158,,,2014-15
OLBIA PTY LTD HEAD COY CONSOL,64000305304,241716657,,,2014-15
OLYMPUS AUSTRALIA PTY LTD,90078493295,190420630,4577271,1373181.0,2014-15
OM (MANGANESE) LIMITED,60097091506,145776108,,,2014-15
OMEGA MATERIALS HANDLING PTY LTD,75069624031,221797412,,,2014-15
OMN INVESTMENTS PTY LTD,26119990064,395241360,12098159,2226379.0,2014-15
OMNICOM MEDIA GROUP AUSTRALIA PTY LTD,74129754883,106996874,20132181,5357369.0,2014-15
OMYA AUSTRALIA PTY LIMITED,97001682533,103333241,14626621,4387939.0,2014-15
ONE HARVEST HOLDINGS PTY LTD,90165718070,206936117,11445483,2220552.0,2014-15
ONEFORTYONE PLANTATIONS HOLDINGS PTY LTD,42159689942,255005780,,,2014-15
ONSITE RENTAL GROUP PTY LIMITED,42126396852,302811000,,,2014-15
ONTEX MANUFACTURING PTY LIMITED,16145822528,116240949,2809566,842870.0,2014-15
OOH!MEDIA LIMITED,69602195380,247103143,1885215,368823.0,2014-15
OPTIVER AUSTRALIA HOLDINGS PTY LIMITED,35077364286,441380117,87497766,24507504.0,2014-15
ORBIS GOLD LIMITED,59120212017,151482217,,,2014-15
ORD MINNETT HOLDINGS PTY LIMITED,32062323728,108274928,16317684,4895305.0,2014-15
ORICA LIMITED,24004145868,2801998018,270376588,57115859.0,2014-15
ORIENTAL MERCHANT PTY LTD,34007368925,207387285,12421503,3722919.0,2014-15
ORIGIN ENERGY LIMITED,30000051696,12200600757,,,2014-15
ORIGIN ENERGY URANQUINTY POWER PTY LTD,26120384938,191342029,20771682,6231505.0,2014-15
ORIX AUSTRALIA CORPORATION LIMITED,79002992681,330059077,52555569,15766671.0,2014-15
ORORA LIMITED,55004275165,1863668491,62111269,202230.0,2014-15
OROTONGROUP LIMITED,14000038675,125114304,10521494,3156448.0,2014-15
OSIRIS HOLDINGS PTY LIMITED,29168919391,1952729955,163693888,49108166.0,2014-15
OSTWALD BROS PTY LTD,91099115009,279245448,4579217,1373765.0,2014-15
OTTO ENERGY LTD,56107555046,109919188,,,2014-15
OUTOTEC PTY LTD,74003491165,353646312,18437864,3429423.0,2014-15
OVERSEA-CHINESE BANKING CORPORATION LTD,94073598035,309027638,92867860,27860358.0,2014-15
OWENS-ILLINOIS (AUSTRALIA) PTY LTD,30002060059,624828763,,,2014-15
OZ MINERALS LIMITED,40005482824,878864216,,,2014-15
OZFOREX GROUP LIMITED,12165602273,119885240,23280469,6971523.0,2014-15
OZGEN HOLDINGS AUSTRALIA PTY LTD,34128655096,177350527,,,2014-15
PA PACIFIC PTY LIMITED,76080049145,667968068,,,2014-15
PACCAR AUSTRALIA PTY LTD,43004669667,855295000,144519241,42773904.0,2014-15
PACIFIC BRANDS LTD,64106773059,1038505930,28849689,2841135.0,2014-15
PACIFIC CURRENT GROUP LIMITED,39006708792,220116355,17193913,,2014-15
PACIFIC INVEST DECEMBER 2004 PTY LTD,58112150973,826322971,16755269,5026581.0,2014-15
PACIFIC WEST FOODS AUSTRALIA PTY LTD,87069569517,145409050,10206082,3061825.0,2014-15
PACT GROUP HOLDINGS LTD,55145989644,971650950,32347547,6458627.0,2014-15
PADDY POWER AUSTRALIA PTY LTD,83133081491,341060611,65488800,15234127.0,2014-15
PAGEPACK (AU) PTY LTD,59146091625,290536785,2503645,751094.0,2014-15
PANALPINA WORLD TRANSPORT PTY LIMITED,29000525995,224630726,1596675,479002.0,2014-15
PANASONIC AUSTRALIA PTY LIMITED,83001592187,455749109,6514045,1954214.0,2014-15
PANDROL AUSTRALIA PTY LIMITED,90000061227,115943992,13405689,3244412.0,2014-15
PANORAMIC RESOURCES LIMITED,47095792288,406630497,,,2014-15
PAPER AUSTRALIA PTY LTD,63061583533,781768522,,,2014-15
PAPUAN OIL SEARCH LIMITED,62000251025,145298629,9933406,2806887.0,2014-15
PARK FREIGHT INTERNATIONAL PTY LTD,84001954203,132466495,3392647,1017794.0,2014-15
PARK PTY LTD,17093014129,724369483,1523667,457100.0,2014-15
PARKER HANNIFIN AUSTRALIA HOLDING PTY LIMITED,61117010107,134114502,,,2014-15
PARKVIEW CERBERUS PTY LTD,,275749395,,,2014-15
PARMALAT FINANCE AUSTRALIA PTY LTD,17163435103,1528929849,50770059,13107174.0,2014-15
PATRICK AUTOCARE PTY LTD,67004497607,233268049,10086564,3025969.0,2014-15
PATTERSON CHENEY HOLDINGS PTY LTD,40004335853,615293264,26201182,5384413.0,2014-15
PATTIES FOODS LTD,62007157182,258761857,13501447,2442830.0,2014-15
PAUL RAMSAY HOLDINGS PTY LTD,33008446151,481653549,78617236,,2014-15
PAUL WAKELING MOTOR GROUP PTY LTD,47119908780,211520441,11616189,3393057.0,2014-15
PAYPAL AUSTRALIA PTY LIMITED,93111195389,297584010,12013561,3604068.0,2014-15
PDH GROUP PTY LTD,26125135524,426184139,12073208,3621962.0,2014-15
PEABODY AUSTRALIA HOLDCO PTY LTD,61154820130,2782830999,,,2014-15
PEAK GOLD ASIA PACIFIC PTY LTD,93103879054,194346506,25687181,7325553.0,2014-15
PEARSON AUSTRALIA HOLDINGS PTY LTD,62103243858,164453709,18870519,4957204.0,2014-15
PEET LIMITED,56008665834,235315045,25398230,6675317.0,2014-15
PELICAN ACQUISITION COMPANY PTY LTD,94146841027,357284970,2095562,628669.0,2014-15
PENFOLD MOTORS BURWOOD PTY LTD,28005667461,304235436,7973466,2332126.0,2014-15
PENGUIN RANDOM HOUSE AUSTRALIA PTY LTD,28004815703,206723436,,,2014-15
PENRITH RUGBY LEAGUE CLUB LTD,57000578398,101116898,,,2014-15
PENSKE TRANSPORTATION GROUP INTERNATIONAL PTY LTD,42164850355,430005459,10248776,3074633.0,2014-15
PENTAG NIDERA PTY LTD,25113005753,135967519,,,2014-15
PENTAL LIMITED,29091035353,111365960,715066,203912.0,2014-15
PEOPLEBANK HOLDINGS PTY LIMITED,75127554410,273833473,1502801,450840.0,2014-15
PEPKOR SOUTH EAST ASIA PTY LIMITED,80081408791,862696728,,,2014-15
PEPPER GROUP LIMITED,55094317665,331525020,46719284,13668872.0,2014-15
PERFECTION FRESH GROUP HOLDINGS PTY LTD,47131802723,302691869,2985190,666020.0,2014-15
PERILYA LIMITED,85009193695,225546870,,,2014-15
PERNOD RICARD PACIFIC HOLDING PTY LTD,16003678484,537315337,,,2014-15
PERPETUAL LIMITED,86000431827,518626247,158599426,43246500.0,2014-15
PERRON INVESTMENTS PTY LTD,48000003976,639800038,210803302,58488139.0,2014-15
PERTH AIRPORT DEVELOPMENT GROUP PTY LTD,53076286630,534131214,66839026,18179167.0,2014-15
PERTH ENERGY PTY LTD,39087386445,274583546,,,2014-15
PET CARE HOLDINGS AUSTRALIA PTY LTD,77000060364,4408317705,119712874,35913862.0,2014-15
PETER WARREN AUTOMOTIVE PTY LTD,67000293621,617951616,16947085,5083114.0,2014-15
PETFOOD HOLDINGS PTY LTD,22131978035,263263570,22405657,5731834.0,2014-15
PETROGAS PTY LTD,64006960372,117836810,211267,63380.0,2014-15
PFD FOOD SERVICES PTY LTD,29006972381,1645438657,34329605,10190402.0,2014-15
PFG PROPERTIES PTY LTD,93100371220,109370413,2149990,644997.0,2014-15
PHARM-A-CARE LABORATORIES PTY LTD,99003468219,212746266,19653732,5896120.0,2014-15
PHARSALUS INVESTMENTS PTY LTD,88163462637,904511097,58003298,12609282.0,2014-15
PHILIP MORRIS (AUSTRALIA) LIMITED,68004316901,2977105082,561515643,168454693.0,2014-15
PHILIP USHER CONSTRUCTIONS PTY LTD,38011008101,214305134,50488279,13498820.0,2014-15
PHILIPS ELECTRONICS AUSTRALIA LIMITED,24008445743,383594142,8226456,2467937.0,2014-15
PHOSPHATE RESOURCES LTD,77009396543,118747268,37833816,11217377.0,2014-15
PICKLES AUCTIONS PTY LTD,32003417650,240427631,29506828,8852048.0,2014-15
PIPEMAKERS AUSTRALIA PTY LTD,76061712365,116445845,1400429,420129.0,2014-15
PLATINUM ASSET MANAGEMENT LTD,13050064287,365238861,280800673,84117730.0,2014-15
PLATINUM CAPITAL LIMITED,51063975431,110205249,48980823,13519203.0,2014-15
PLATINUM OPERATIONS PTY LTD,66140741153,109177371,2475615,742684.0,2014-15
PLUM GROVE PTY LTD,61104516305,473956240,5424857,1627457.0,2014-15
PLUMBERS SUPPLIES CO-OPERATIVE LIMITED,55053236436,144757988,,,2014-15
PMP LIMITED,39050148644,697414364,,,2014-15
POLA ORBIS JURLIQUE HOLDINGS PTY LTD,37154847211,111941727,6261355,1039067.0,2014-15
POLICE & NURSES LIMITED,69087651876,189623744,17558532,4550997.0,2014-15
POMI PTY LIMITED,58129842664,985965920,189239,56772.0,2014-15
PORSCHE CARS AUSTRALIA PTY LTD,67004327048,425333864,30700231,9210069.0,2014-15
PORT WARATAH COAL SERVICES LIMITED,99001363828,400360511,65272278,17870855.0,2014-15
POSCO AUSTRALIA PTY LIMITED,54002062160,264949945,38551576,10301621.0,2014-15
PPG INDUSTRIES AUSTRALIA PTY LTD,82055500939,474602073,46422984,12348018.0,2014-15
PRATT CONSOLIDATED HOLDINGS PTY LTD,43104958581,2550121108,60020207,,2014-15
PREMIER COAL HOLDINGS PTY LTD,89158560911,303308792,,,2014-15
PREMOSO PTY LTD,84006802053,110221569,4861884,1458565.0,2014-15
PRESTON MOTORS (HOLDINGS) PTY LTD,23004357279,382484951,,,2014-15
PRICEWATERHOUSECOOPERS SECURITIES LTD,54003311617,113497335,,,2014-15
PRIMARY HEALTH CARE LIMITED,24064530516,1660404228,220556868,59919883.0,2014-15
PRIME MEDIA GROUP LIMITED,97000764867,260893129,50214051,15064126.0,2014-15
PRIXCAR TRANSPORT SERVICES PTY LTD,18158361721,153359187,1356703,146038.0,2014-15
PROBUILD CONSTRUCTIONS (AUST) PTY LTD,93095250945,1357647597,11218082,2857112.0,2014-15
PROCTER & GAMBLE AUSTRALIA PTY LIMITED,91008396245,449789270,3438290,1031487.0,2014-15
PROGRAMMED MAINTENANCE SERVICES LIMITED,61054742264,1309704346,22533363,6730602.0,2014-15
PROJECT SUNSHINE I PTY LTD,13167275818,886590388,173283916,44923543.0,2014-15
PRO-PAC PACKAGING LIMITED,36112971874,247609909,9129617,2725731.0,2014-15
PROSEGUR AUSTRALIA HOLDINGS PTY LIMITED,44166656739,133858474,6519899,1955970.0,2014-15
PROUDS JEWELLERS PTY LTD,99073053273,586503892,8023375,2407012.0,2014-15
PRP INVESTMENT TRUST,,151873332,36425213,10927564.0,2014-15
PRYSMIAN TELECOM CABLES AND SYSTEMS AUSTRALIA PTY LIMITED,14001313551,379443539,18219396,2627889.0,2014-15
PTTEP AUSTRALIA PERTH PTY LTD,74134686525,792146623,,,2014-15
PUMA ENERGY (AUSTRALIA) ASSETS HOLDINGS PTY LTD,24167119020,112645296,,,2014-15
PUMA ENERGY (AUSTRALIA) HOLDINGS PTY L TD,26147978890,2681649388,,,2014-15
PUMPKIN PATCH ORIGINALS LIMITED,61083321046,121646472,,,2014-15
PYBAR HOLDINGS PTY LIMITED,32088981757,299465237,37208909,11073531.0,2014-15
PZ CUSSONS (HOLDINGS) PTY LTD,19000327873,194428522,,,2014-15
QANTAS AIRWAYS LTD,16009661901,15467492749,211727187,,2014-15
QATAR AIRWAYS (Q.C.S.C),18105742916,464868346,,,2014-15
QBE INSURANCE GROUP LIMITED,28008485014,6757661127,1008792278,277528461.0,2014-15
QCOAL PTY LTD,99010911234,336766231,,,2014-15
QENERGY LIMITED,58120124101,139479716,,,2014-15
QENOS HOLDINGS PTY LTD,62086026968,721804486,,,2014-15
QNI METALS PTY LTD,56066656175,263633648,,,2014-15
QNI RESOURCES PTY LTD,14054117921,1030631583,,,2014-15
QPH HOLD CO PTY LIMITED,31146978994,342793395,16867557,5060267.0,2014-15
QSI FINANCE (AUSTRALIA) PTY LTD,40164312047,243935631,49089266,14726780.0,2014-15
QSUPER LIMITED,50125248286,227496084,18131066,5439320.0,2014-15
QUADRANT ENERGY AUSTRALIA LIMITED,39009301964,1544970743,,,2014-15
QUBE HOLDINGS LIMITED,14149723053,1387200295,125914448,34170999.0,2014-15
QUEENSLAND ALUMINA LIMITED,98009725044,854532077,8608724,,2014-15
RABO AUSTRALIA LIMITED,39060452217,1174621830,97421248,27952065.0,2014-15
RACQ INSURANCE LIMITED,50009704152,883955968,65586959,19676088.0,2014-15
RACQ OPERATIONS PTY LTD,80009663414,313373262,26015771,,2014-15
RAG HOLDCO PTY LIMITED,11150181472,274457219,8464629,2539389.0,2014-15
RALMANA PTY LTD,93009149106,302323684,15574162,3493678.0,2014-15
RALPH LAUREN AUSTRALIA PTY LTD,61118847359,112536452,3857190,1157157.0,2014-15
RAMELIUS RESOURCES LTD,51001717540,134139968,,,2014-15
RAMPAGE NATIONAL PTY LTD,49111801828,316637436,367686,110306.0,2014-15
RAMPAGE RETAIL PTY LTD,66600817178,397884645,443089,132927.0,2014-15
RAMSAY HEALTH CARE LIMITED,57001288768,4061264373,496505526,147397938.0,2014-15
RANDSTAD HOLDINGS PTY LIMITED,33098899855,634857605,,,2014-15
RAWSON GROUP PTY LIMITED,64000382329,280709594,32497300,9749190.0,2014-15
RAYTHEON AUSTRALIA PTY LTD,35063709295,386066091,,,2014-15
RCR TOMLINSON LTD,81008898486,1055169603,59986017,,2014-15
REA GROUP LIMITED,54068349066,506232383,324048141,80946419.0,2014-15
READING ENTERTAINMENT AUSTRALIA PTY LTD,12070893908,142097999,1060714,,2014-15
RECALL HOLDINGS LIMITED,27116537832,231224304,27951679,7740109.0,2014-15
RECKITT BENCKISER HEALTHCARE AU,64000071278,802364844,91393229,27417969.0,2014-15
RECO BAY AUSTRALIA PTY LTD,97104043469,145167625,18403114,5520934.0,2014-15
RECO OAK PTE LIMITED,91671131889,142575706,19397821,5819346.0,2014-15
RED BULL AUSTRALIA PTY LTD,67085840259,200776334,11842493,3552748.0,2014-15
REDCAPE GROUP LIMITED,44124753733,211291039,,,2014-15
REDOX PTY LIMITED,92000762345,483502658,26283706,7885007.0,2014-15
REDPATH (AUSTRALIA) HOLDINGS PTY LTD,43133126682,218188920,,,2014-15
REECE LIMITED,49004313133,2087011884,238768260,71605098.0,2014-15
REED ELSEVIER AUSTRALIA PTY LTD,19004323166,247301611,40342189,12102657.0,2014-15
REGIONAL EXPRESS HOLDINGS LIMITED,18099547270,257068688,2659480,797844.0,2014-15
REGIS HEALTHCARE LIMITED,11125203054,481458239,46161489,13848447.0,2014-15
REGIS RESOURCES LIMITED,28009174761,467771697,84011616,25203485.0,2014-15
REMONDIS AUSTRALIA PTY LTD,95002429781,318505044,9707720,1814002.0,2014-15
RENTOKIL PTY LTD,61000143733,190184743,12321748,3696524.0,2014-15
RESMED HOLDINGS LIMITED,28003765133,1558245090,292744154,45931167.0,2014-15
RESOLUTE MINING LIMITED,39097088689,164244609,,,2014-15
RESOURCE DEVELOPMENT GROUP LTD,33149028142,168934898,,,2014-15
RESOURCE PACIFIC HOLDINGS PTY LIMITED,15111369594,172906119,,,2014-15
RETAIL FOOD GROUP LIMITED,31106840082,197481112,56625759,16312129.0,2014-15
REXEL HOLDINGS AUSTRALIA PTY LTD,17081022068,789950372,12015567,3604670.0,2014-15
RGA AUSTRALIAN HOLDINGS PTY LTD,20071125507,1158159819,,,2014-15
RGF STAFFING MELBOURNE ONE PTY LIMITED,84603568403,483410978,18990716,3876887.0,2014-15
RHEEM AUSTRALIA PTY LTD,21098823511,324012259,23499935,4805052.0,2014-15
RIBSHIRE PTY LTD T/A GOODLINE,40085847892,294794082,16178084,4853425.0,2014-15
RICEGROWERS LIMITED,55007481156,1070080232,77403760,14228350.0,2014-15
RICH MARK DEVELOPMENT (GROUP) PTY LTD,11091877780,342573906,1461591,438477.0,2014-15
RICHARD CROOKES CONSTRUCTIONS PTY. LIMITED,33001375266,738080251,22107132,6632140.0,2014-15
RICHEMONT AUSTRALIA PTY LIMITED,99003432504,133456135,14436244,4330858.0,2014-15
RICOH AUSTRALIA PTY LTD,30000593171,408288369,14390817,3965728.0,2014-15
RIDLEY CORPORATION LIMITED,33006708765,960417987,41532865,10134208.0,2014-15
RINNAI AUSTRALIA PTY LTD,74005138769,164110976,20038232,5889608.0,2014-15
RIO DOCE AUSTRALIA PTY LTD,63112797403,436365484,,,2014-15
RIO TINTO LTD,96004458404,31191603974,9806685939,2733767906.0,2014-15
RIP CURL GROUP PTY LTD,52068999520,233146265,11301347,3356118.0,2014-15
RITCHIES STORES PTY LTD,61005041814,855612690,13328233,3998470.0,2014-15
RIVERINA (AUSTRALIA) PTY LIMITED,76010755254,581977265,5630193,1547466.0,2014-15
RIVERWISE PTY LIMITED,20084303408,229045400,1761663,528499.0,2014-15
RIVIERA HOLDINGS (AUS) PTY LTD,96169709415,152159357,1,,2014-15
ROBE RIVER MINING CO PTY LIMITED,71008694246,2254671183,1205390416,361495444.0,2014-15
ROBERT BOSCH (AUSTRALIA) PTY LTD,48004315628,582726146,16270176,,2014-15
ROBERT WALTERS PTY LTD,18079521618,247980853,3391743,992317.0,2014-15
ROCHE DIAGNOSTICS AUSTRALIA PTY LTD,29003001205,261720046,18474506,5542352.0,2014-15
ROCHE PRODUCTS PTY LIMITED,70000132865,645961353,54661109,7201000.0,2014-15
ROCKWELL AUTOMATION AUSTRALIA LTD,80005549477,120117517,7966767,2389773.0,2014-15
ROHLIG AUSTRALIA PTY LTD,51001191402,120078919,3078798,923639.0,2014-15
ROHM AND HAAS AUSTRALIA PTY LTD,29004513188,113116877,,,2014-15
RONDO BUILDING SERVICES PTY LTD,69000289207,200388276,25028735,7508620.0,2014-15
ROSS HOUSE INVESTMENTS PTY LTD,98004360392,323100085,6239885,1864928.0,2014-15
ROYAL AUTOMOBILE ASSOCIATION OF SOUTH AUSTRALIA INC,90020001807,282094839,23487254,6612467.0,2014-15
ROYAL AUTOMOBILE CLUB OF VICTORIA (RACV) LIMITED,44004060833,643791395,190400285,,2014-15
ROYAL BANK OF CANADA,86076940880,311379987,5401971,1620591.0,2014-15
ROYAL WOLF HOLDINGS LIMITED,91121226793,121379121,10032792,2944209.0,2014-15
RPG CONSOLIDATED PTY LTD,45128364787,204755206,,,2014-15
RPS ENERGY PTY LTD,44072504299,201236114,10886599,2746907.0,2014-15
RTA HOLDCO AUSTRALIA 1 PTY LTD,17128762318,1767479245,19647499,,2014-15
RURALCO HOLDINGS LIMITED,40009660879,1360955690,24502918,4884928.0,2014-15
RUSSELL INVESTMENT GROUP PTY LIMITED,92003066859,165569462,21668643,6500593.0,2014-15
RYOWA DEVELOPMENT II PTY LTD,22063780021,199820210,,,2014-15
S.C. JOHNSON & SON PTY LTD,71000021009,111992655,4433333,1330000.0,2014-15
SA HEALTH PARTNERSHIP SECURITISATION PTY LIMITED,18147998230,176564055,,,2014-15
SAAB TECHNOLOGIES AUSTRALIA PTY LTD,47002950790,160099280,24582880,5746566.0,2014-15
SABMILLER AUSTRALIA PTY LIMITED,17125851167,3466001385,,,2014-15
SADDLEBACK INVESTMENTS PTY LTD,96134978224,376161344,,,2014-15
SAI GLOBAL LIMITED,67050611642,308866860,45867421,11072205.0,2014-15
SAIPEM PORTUGAL COMERCIO MARITIMO SOCIEDADE UNIPESSOAL LDA,25100388458,905762828,,,2014-15
SALMAT LIMITED,11002724638,399811655,,,2014-15
SAMSUNG C&T CORPORATION,49160079470,2988233302,,,2014-15
SAMSUNG ELECTRONICS AUSTRALIA PTY LIMITED,63002915648,2270381856,112820171,33846051.0,2014-15
SAMUEL SMITH & SON PTY LTD,64007534278,273516337,7115119,1685402.0,2014-15
SANDFIRE RESOURCES NL,55105154185,552920710,60970847,15634226.0,2014-15
SANDVIK AUSTRALIA HOLDINGS PTY LTD,60003771373,948171569,,,2014-15
SANGER AUSTRALIA PTY LTD,25001085687,654929684,2760476,538007.0,2014-15
SANOFI-AVENTIS AUSTRALIA PTY LTD,31008558807,738091581,,,2014-15
SANTA FE HOLDINGS AUSTRALIA PTY LTD,70146265894,119322679,,,2014-15
SANTOS LTD,80007550923,3389399798,,,2014-15
SANWA PTY LIMITED,96000904987,322906799,7777357,2333130.0,2014-15
SAP AUSTRALIA PTY LTD,26003682504,799558030,7755370,1190771.0,2014-15
SAPPI TRADING AUSTRALIA PTY LIMITED,17086317071,101575349,486226,145868.0,2014-15
SAPURAACERGY (AUSTRALIA) PTY LTD,49141920005,142376703,35585594,10675678.0,2014-15
SARACEN MINERAL HOLDINGS LIMITED,52009215347,253085803,,,2014-15
SAS INSTITUTE AUSTRALIA PTY LIMITED,13002287247,112411196,4847825,1441946.0,2014-15
SAVANNA ENERGY SERVICES PTY LTD,16140172756,138895772,,,2014-15
SAVILLS (AUST) HOLDINGS PTY LIMITED,49059047371,124364066,9545479,2863644.0,2014-15
SCANIA AUSTRALIA PTY LTD,44000537333,379786458,19708417,5912525.0,2014-15
SCENIC LEISURE GROUP PTY LTD,36125872755,865107827,,,2014-15
SCENTRE GROUP LIMITED,66001671496,2776903678,216817440,63689711.0,2014-15
SCG1 FINANCE (AUST) PTY LIMITED,16108806711,1230211824,,,2014-15
SCHENKER AUSTRALIA PTY LIMITED,75000410211,687394682,18187930,4522239.0,2014-15
SCHINDLER LIFTS AUSTRALIA PTY LTD,19005838773,295660284,2626285,787886.0,2014-15
SCHLUMBERGER AUSTRALIA PTY LTD,74002459225,1290239484,40910163,12046192.0,2014-15
SCHNEIDER ELECTRIC AUSTRALIA HOLDINGS PTY LTD,30105310781,1189659891,32526698,,2014-15
SCHNEIDER ELECTRIC BUILDINGS AUSTRALIA PTY LTD,19008059345,133784304,7566960,2105724.0,2014-15
SCHNEIDER ELECTRIC IT AUSTRALIA PTY LTD,70088913866,129117934,7074213,2122264.0,2014-15
SCHOLASTIC AUSTRALIA PTY LIMITED,11000614577,115678712,3636603,996334.0,2014-15
SCHRODER AUSTRALIA HOLDINGS PTY LIMITED,83008423738,164259012,82470146,24697572.0,2014-15
SCIFLEET MOTORS PTY LTD,25057783749,487461303,15953641,4786092.0,2014-15
SCOR GLOBAL LIFE AUSTRALIA PTY LTD,83148897670,147711471,,,2014-15
SCOR REINSURANCE ASIA PACIFIC PTE LTD AUSTRALIAN BRANCH,85071103092,121200332,,,2014-15
SCOTIA HOLDINGS LTD FORMERLY PORTLAND HOLDINGS LTD,59155327083,189485356,111873928,32562729.0,2014-15
SDP HOLDCO PTY LIMITED,60158076843,204616022,,,2014-15
SEALED AIR AUSTRALIA (HOLDINGS) PTY LIMITED,74102261307,338685163,7245727,,2014-15
SEALINK TRAVEL GROUP LIMITED,49109078257,111748147,13222943,3966883.0,2014-15
SEDCO FOREX INTERNATIONAL INC,44188717522,696072893,69504097,20851229.0,2014-15
SEDGMAN LIMITED,86088471667,288127762,21518901,3315274.0,2014-15
SEEK LIMITED,46080075314,564413343,140977401,22830803.0,2014-15
SEKISUI HOUSE AUSTRALIA HOLDINGS PTY LTD,71134688510,576793414,1,,2014-15
SELECT HARVESTS LTD,87000721380,272443888,31851064,860375.0,2014-15
SENEX ENERGY LIMITED,50008942827,154458862,,,2014-15
SERCO GROUP PTY LIMITED,55061889763,1250188393,30999999,5210397.0,2014-15
SERCO SODEXO DEFENCE SERVICES PTY LTD,78061067678,259140265,,,2014-15
SERVICE STREAM LIMITED,46072369870,411270055,12988211,,2014-15
SERVIER LABORATORIES (AUST) PTY LTD,54004838500,112939307,9488620,291264.0,2014-15
SEVEN GROUP HOLDINGS LIMITED,46142003469,3583478772,28426593,,2014-15
SEVEN WEST MEDIA LIMITED,91053480845,1778099648,221739017,57571474.0,2014-15
SEYMOUR WHYTE LIMITED,67105493203,268117988,2316361,471297.0,2014-15
SFDC AUSTRALIA PTY LTD,91109182989,155661127,11604481,3481344.0,2014-15
SG FLEET GROUP LIMITED,40167554574,122779107,59153623,17746087.0,2014-15
SGS AUSTRALIA HOLDINGS PTY LTD,46004269023,350106151,,,2014-15
SGSP (AUSTRALIA) ASSETS PTY LTD,60126327624,1462090721,,,2014-15
SHANGRI-LA INVESTMENT (AUSTRALIA) PTY LIMITED,15146016033,116322553,,,2014-15
SHAPE AUSTRALIA HOLDINGS PTY LTD,93008656264,411621949,6210266,1613913.0,2014-15
SHARP CORPORATION OF AUSTRALIA PTY LTD,40003039405,134783261,703267,210980.0,2014-15
SHELL ENERGY HOLDINGS AUSTRALIA LTD,69054260776,18449928728,4188252139,1028943536.0,2014-15
SHRIRO AUSTRALIA PTY LIMITED,28002386129,144412406,8466917,2540075.0,2014-15
SIBELCO ASIA PACIFIC PTY LIMITED,70092916811,449941343,,,2014-15
SIEMENS LTD,98004347880,1251231455,39320896,9439099.0,2014-15
SIENNA FUNDS MANAGEMENT PTY LTD,97125942225,400735017,214789,52382.0,2014-15
SIGMA PHARMACEUTICALS LTD,15088417403,3193632108,71122223,21336667.0,2014-15
SIKA AUSTRALIA PTY LTD,12001342329,134919987,13744012,4123204.0,2014-15
SILICON METAL COMPANY OF AUSTRALIA PTY LTD,73009401736,161639197,10906435,,2014-15
SILVER CHEF LIMITED,28011045828,208170254,24518364,7355509.0,2014-15
SILVER LAKE RESOURCES LIMITED,38108779782,191316861,,,2014-15
SIME DARBY AUTOMOBILES PTY LIMITED,26000426282,131285366,,,2014-15
SIME DARBY INDUSTRIAL AUSTRALIA PTY LTD,56153652594,1977892927,,,2014-15
SIMONDS GROUP LIMITED,54143841801,629032999,29055223,7990702.0,2014-15
SIMPLOT AUSTRALIA (HOLDINGS) PTY LIMIT ED,23070571934,1260455820,68174441,14176309.0,2014-15
SIMS METAL MANAGEMENT LIMITED,69114838630,1202953860,65169135,14233398.0,2014-15
SINGAPORE TELECOM AUSTRALIA INVESTMENTS PTY LTD,69096686190,8916240987,962569290,263474107.0,2014-15
SINO NICKEL PTY LIMITED,62104242588,145154632,5574246,1672274.0,2014-15
SINOSTEEL AUSTRALIA PTY LTD,36009277230,502064165,14197433,2734247.0,2014-15
SIRTEX MEDICAL LTD,35078166122,103903748,23469437,3985283.0,2014-15
SIRVA (ASIA PACIFIC) PTY LTD,48005944187,134176977,2607535,782260.0,2014-15
SIS AUSTRALIA HOLDINGS PTY LTD,65132211459,428894325,14973688,4460606.0,2014-15
SKF AUSTRALIA PTY LTD,87004236855,108600090,3506715,1001876.0,2014-15
SKILLED GROUP LIMITED,66005585811,1942304928,53467873,15915278.0,2014-15
SKYCITY AUSTRALIA PTY LTD,67090828612,316225834,15622616,2831574.0,2014-15
SLATER AND GORDON LIMITED,93097297400,331189344,24045443,6577959.0,2014-15
SMEC HOLDINGS LTD,84057274049,422447535,20554737,,2014-15
SMEG AUSTRALIA PTY LTD,33146901082,123872841,6223238,1866971.0,2014-15
SMITH & NEPHEW PTY LTD,68000087507,301486342,49315653,14531242.0,2014-15
SMR HOLDING AUSTRALIA PTY LIMITED,86006579899,129545553,12934564,3630341.0,2014-15
SMS MANAGEMENT & TECHNOLOGY LIMITED,49009558865,357193418,29894201,8968260.0,2014-15
SNC-LAVALIN AUSTRALIA PTY LTD,50085951542,164059101,4238571,929921.0,2014-15
SNOWY HYDRO LIMITED,17090574431,1876038234,215471126,59946285.0,2014-15
SODEXO AUSTRALIA PTY LTD,50006072975,522113649,17796126,3517409.0,2014-15
SOJITZ AUSTRALIA LIMITED,16000213132,567008242,,,2014-15
SOLAR TURBINES INTERNATIONAL COMPANY,43066283074,100125796,30885230,9265569.0,2014-15
SOLITAIRE MARINE CONTRACTORS SA,98378669746,226421876,12203778,3661133.0,2014-15
SONIC CLINICAL SERVICES PTY LIMITED,13083519377,366775250,14679436,4403831.0,2014-15
SONIC HEALTHCARE LIMITED,24004196909,1946899376,186146446,38791595.0,2014-15
SONSUB INTERNATIONAL PTY LTD,44009105524,285021029,,,2014-15
SONY AUSTRALIA LIMITED,59001215354,1119472591,6562624,1747085.0,2014-15
SOUTH32 LIMITED,84093732597,312210523,,,2014-15
SOUTHERN CROSS ALUMINIUM PTY LIMITED,25063778996,132424765,5156149,1546845.0,2014-15
SOUTHERN CROSS ELECTRICAL ENGINEERING LIMITED,92009307046,175949479,22785794,6835738.0,2014-15
SOUTHERN CROSS MEDIA GROUP LIMITED,91116024536,612806007,106119337,31803306.0,2014-15
SPARK INFRASTRUCTURE HOLDINGS NO 2 PTY LIMITED,16116940795,175697245,,,2014-15
SPECIALTY FASHION GROUP LIMITED,43057569169,777903045,6997685,2099306.0,2014-15
SPECSAVERS PTY LIMITED,82097147932,370322664,20672918,3720180.0,2014-15
SPICERS LIMITED,70005146350,241088517,,,2014-15
SPM FRESH HOLDINGS PTY LTD,21161701337,216812544,,,2014-15
SPOTLESS GROUP HOLDINGS LIMITED,27154229562,2438873473,11209536,,2014-15
SPRINGVALE SK KORES PTY LIMITED,71051015402,192606486,,,2014-15
S-PROCESS EQUIPMENT AUSTRALIA PTY LTD,21127927226,197307349,30776574,8276122.0,2014-15
SRG LIMITED,57006413574,172258849,,,2014-15
ST BARBARA LIMITED,36009165066,584945461,48894470,,2014-15
ST JUDE MEDICAL AUSTRALIA PTY LIMITED,73080212746,174232411,6607908,1982372.0,2014-15
STAMFORD HOTELS AND RESORTS PTY LIMITED,35067139208,170913208,24679357,7403807.0,2014-15
STANLEY BLACK & DECKER HOLDINGS AUSTRALIA PTY LTD,81154671244,201703672,4478176,1272675.0,2014-15
STAPLES AUSTRALIA HOLDINGS PTY LIMITED,64142352234,739089426,,,2014-15
STARHILL HOTEL (SYDNEY) PTY LTD,63158871035,106417860,1153810,346143.0,2014-15
STARWOOD PACIFIC HOTELS PTY LTD,48000575048,174474363,61662486,18346164.0,2014-15
STATE ONE HOLDINGS PTY LTD,60097092316,594926620,,,2014-15
STATE STREET AUSTRALIA LIMITED,21002965200,210023605,76882928,2127385.0,2014-15
STATE STREET BANK & TRUST COMPANY,70062819630,121379922,23259751,6977925.0,2014-15
STATE SUPER FINANCIAL SERVICES AUSTRALIA LIMITED,86003742756,165056144,71327747,18389510.0,2014-15
STATEWIDE INDEPENDENT WHOLESALERS LIMITED,51009519546,871412004,7323921,2197176.0,2014-15
STEADFAST GROUP LIMITED,98073659677,171655874,38756805,460113.0,2014-15
STEINHOFF ASIA PACIFIC HOLDINGS PTY LTD,44105828957,431102188,,,2014-15
STELLAR ASIA PACIFIC PTY LTD,86082618148,122114548,1969723,590917.0,2014-15
STEMCOR (S.E.A.) PTE LTD,37601457855,176423326,65310,19593.0,2014-15
STENA DRILLING (AUSTRALIA) PTY LTD,25116801435,144905995,,,2014-15
STIHL PTY LTD,76004881145,123260466,4370840,1311252.0,2014-15
STOCKLAND CORPORATION LTD,43000181733,1492405195,,,2014-15
STODDART GROUP PTY LTD,82010744751,217149826,12299411,3566617.0,2014-15
STOWE AUSTRALIA PTY LTD,27002556603,464362772,8577478,2082263.0,2014-15
STRAITS RESOURCES LIMITED,30147131977,221990413,,,2014-15
STRANDBAGS HOLDINGS PTY LTD,99128842482,296906312,24493247,7347974.0,2014-15
STRATCO HOLDINGS PTY LTD,25007893781,397508793,10339485,3101846.0,2014-15
STRYKER AUSTRALIA PTY LTD,48002873850,406187251,34185539,10255662.0,2014-15
STW COMMUNICATIONS GROUP LIMITED,84001657370,150270230,19274994,310310.0,2014-15
SUBARU (AUST) PTY LIMITED,95000312792,1302909330,85518807,25655642.0,2014-15
SUBSEA 7 AUSTRALIA CONTRACTING PTY LTD,36005288406,937602406,,,2014-15
SUEZ RECYCLING & RECOVERY HOLDINGS PTY LIMITED,18002658255,1052028127,72393447,19458550.0,2014-15
SUMITOMO AUSTRALIA PTY LTD,81000371497,1571266400,,,2014-15
SUMITOMO METAL MINING OCEANIA PTY LIMITED,81059761125,109501259,32083061,8717035.0,2014-15
SUMITOMO MITSUI BANKING CORPORATION-SYDNEY BRANCH,98114053459,707806459,149483589,44845077.0,2014-15
SUN METALS CORPORATION PTY LTD,97074241982,692401095,78338077,23134024.0,2014-15
SUNCORP GROUP LIMITED,66145290124,14599032520,1854712847,442580838.0,2014-15
SUNLAND GROUP LIMITED,65063429532,288964252,38843786,11100985.0,2014-15
SUNNY QUEEN PTY LIMITED,31060702034,314874129,10227665,2646123.0,2014-15
SUNSTATE CEMENT LTD,58010421879,136749961,30097449,9029235.0,2014-15
SUNTORY (AUST) PTY LIMITED,27001628780,259840539,4677617,1377278.0,2014-15
SUPER RETAIL GROUP LIMITED,81108676204,2241695523,146052798,43815839.0,2014-15
SUSQUEHANNA IRELAND LIMITED,25358648201,119839241,11128746,3278039.0,2014-15
SUSQUEHANNA PACIFIC PTY LTD,23082467605,166843294,54085753,14990533.0,2014-15
SUTTONS INVESTMENTS PTY LTD,84008446428,1603512437,66227642,19857305.0,2014-15
SUZUKI AUSTRALIA PTY LIMITED,57001828164,440696314,5277176,1583153.0,2014-15
SVITZER AUSTRALASIA HOLDINGS PTY LTD,16120555302,335618306,6409116,,2014-15
SWICK MINING SERVICES LIMITED,20112917905,117357280,,,2014-15
SWIFT WORLDWIDE RESOURCES AUSTRALIA HOLDINGS CORP PTY LIMITED,17166473936,129389078,7174643,2152393.0,2014-15
SWIRE PACIFIC OFFSHORE PTY LTD,57003428788,147268239,6507828,1952348.0,2014-15
SWISS RE AUSTRALIA LTD,28004360909,1749788088,616090,,2014-15
SWISS RE INTERNATIONAL SE,38138873211,192561511,14827787,4448336.0,2014-15
SWISS REINSURANCE COMPANY PRINCIPAL OFFICE FOR AUSTRALIA,43007479941,718310159,104716060,31414818.0,2014-15
SWISSE WELLNESS GROUP PTY LTD,67160339177,295473569,102448894,26011146.0,2014-15
SYDNEY AIRPORT LIMITED,18165056360,1176161050,,,2014-15
SYDNEY NIGHT PATROL &INQUIRY CO PTY LTD,11000013098,241923287,14725585,4417676.0,2014-15
SYMANTEC (AUSTRALIA) PTY LTD,59085397100,160911067,16245134,4873540.0,2014-15
SYNGENTA AUSTRALIA PTY LIMITED,33002933717,247919806,17529028,1523425.0,2014-15
SYNNEX AUSTRALIA PTY LTD,40052285882,1840714433,18016467,5002943.0,2014-15
TA (AUSTRALIA) GROUP PTY. LTD.,94100829829,142750462,,,2014-15
TABCORP HOLDINGS LIMITED,66063780709,1783646936,273553491,71994320.0,2014-15
TAL DAI-ICHI LIFE AUSTRALIA PTY LTD,97150070483,2811646272,259488787,56171147.58,2014-15
TALENT INTERNATIONAL HOLDINGS PTY LIMITED,28131419577,319065713,4062391,564694.0,2014-15
TASMANIAN DAIRY PRODUCTS CO PTY LTD,12149714198,126448053,,,2014-15
TASMANIAN INDEPENDENT RETAILERS CO-OP SOCIETY LTD,89743048843,122170345,614328,162022.0,2014-15
TASSAL GROUP LIMITED,15106067270,336480000,32905822,5128607.0,2014-15
TATA CONSULTANCY SERVICES LIMITED,28109981777,380990246,55462776,9871942.0,2014-15
TATTS GROUP LIMITED,19108686040,5073912397,393911671,112176320.0,2014-15
TATURA MILK INDUSTRIES LTD,66006603970,432910830,9809380,,2014-15
TAYLOR CORPORATION PTY LIMITED,40146589344,298254711,11124946,3337484.0,2014-15
TEACHERS MUTUAL BANK LIMITED,30087650459,256182715,43711859,12668241.0,2014-15
TECH MAHINDRA LIMITED,15092511558,149837582,7593072,2277922.0,2014-15
TECHNICOLOR PTY LTD,23000978343,185144692,12056437,3616931.0,2014-15
TECHNIP OCEANIA PTY LTD,43062878719,390702190,,,2014-15
TECHNOLOGY ONE LIMITED,84010487180,211672162,69271991,9310188.0,2014-15
TECHWOOL TRADING PTY LTD,69006145955,448889156,5094823,1528447.0,2014-15
TECNICAS REUNIDAS SA,50159554686,136810643,24853494,7456048.0,2014-15
TELERIC PTY LTD,90004284664,847073518,60077044,14311724.0,2014-15
TELETECH INTERNATIONAL PTY LIMITED,46061711804,174793388,,,2014-15
TELSTRA CORPORATION LTD,33051775556,25659795396,5987147963,1712473178.0,2014-15
TEMPERZONE AUSTRALIA HOLDINGS PTY LIMITED,52001653176,127589107,7998414,2336180.0,2014-15
TEN NETWORK HOLDINGS LIMITED,14081327068,649958892,,,2014-15
TERADATA AUSTRALIA PTY LTD,77125071374,111563032,3823309,1144944.0,2014-15
TETRA PAK MANUFACTURING PTY LIMITED,50004435901,144983069,5075576,1522673.0,2014-15
TEYS AUSTRALIA BEENLEIGH PTY LTD,97009672459,705764472,133205610,37317411.0,2014-15
TEYS AUSTRALIA BILOELA PTY LTD,17009669265,253149724,61638572,14041439.0,2014-15
TEYS AUSTRALIA NARACOORTE PTY LTD,80010807986,323255678,60979979,17146326.0,2014-15
TEYS AUSTRALIA PTY LTD,38009872600,744222501,158045886,25667075.0,2014-15
TEYS AUSTRALIA SOUTHERN PTY LTD,53084034695,879280889,129646594,31756436.0,2014-15
TGS-NOPEC GEOPHYSICAL COMPANY PTY LTD,48077150424,118101688,,,2014-15
THALES AUSTRALIA HOLDINGS PTY LTD,84058583841,1137789182,151127964,26636852.0,2014-15
THE BANK OF TOKYO-MITSUBISHI UFJ LTD,75103418882,724416516,103312113,30993634.0,2014-15
THE BOSTON CONSULTING GROUP PTY LTD,70007347131,137260826,,,2014-15
THE FOURTH FORCE PTY LTD,22084438773,515127356,12503660,3751098.0,2014-15
THE HONGKONG AND SHANGHAI BANKING CORPORATION LIMITED,65117925970,548138098,232046256,69613877.0,2014-15
THE INDEPENDENT LIQUOR GROUP (SUPPLIERS) CO-OPERATIVE LTD,63629864769,196150187,,,2014-15
THE INDEPENDENT LIQUOR GROUP DISTRIBUTION CO-OP LTD,70252541400,336063804,57568,17270.0,2014-15
THE JEWELLERY GROUP HOLDINGS PTY LTD,27124077738,183940933,,,2014-15
THE MYER FAMILY INVESTMENTS PTY LTD,32004116296,473838165,70029425,7919728.0,2014-15
THE NORTHERN TRUST COMPANY,62126279918,117317636,25416228,7624868.0,2014-15
THE PAS GROUP LIMITED,25169477463,251376603,,,2014-15
THE REJECT SHOP LIMITED,33006122676,759862310,24690087,7134196.0,2014-15
THE ROYAL AUTOMOBILE CLUB OF QUEENSLAND LIMITED,72009660575,162987295,13306623,3991987.0,2014-15
THE ROYAL AUTOMOBILE CLUB OF WA (INC),33212133120,626452324,11917141,1726504.0,2014-15
THE ROYAL BANK OF SCOTLAND NV (AUSTRALIA BRANCH),84079478612,387754909,,,2014-15
THE ROYAL BANK OF SCOTLAND PLC (AUSTRALIA BRANCH),30101464528,608190091,,,2014-15
THE STAR ENTERTAINMENT GROUP LIMITED,85149629023,2151672653,261439907,77775365.0,2014-15
THE WALT DISNEY COMPANY (AUSTRALIA) PTY LTD,30054610025,730282028,,,2014-15
THERMO ELECTRON AUSTRALIA PTY LTD,44109074115,279349810,,,2014-15
THOMAS FOODS INTERNATIONAL CONSOLIDATED PTY LTD,20105099849,1237478638,98995959,27399135.0,2014-15
THOMSON REUTERS (AUSTRALIA) PTY LTD,87058914766,295091831,9852745,1933179.0,2014-15
THORN GROUP LIMITED,54072507147,291785089,42206335,12661900.0,2014-15
THORNEY INVESTMENT GROUP AUSTRALIA PTY LTD,37117488892,227845113,31589291,,2014-15
THYSSENKRUPP LIFTS PACIFIC PTY LIMITED,90070470521,357042017,14695251,4378908.0,2014-15
THYSSENKRUPP MANNEX PTY LTD,18003229294,105555976,,,2014-15
TIANYU WOOL PTY LTD,67155215053,236120702,373171,111951.0,2014-15
TIFFANY & CO (AUSTRALIA) PTY LIMITED,93128219554,179449947,21193860,6358158.0,2014-15
TJ & RF FORDHAM PTY LIMITED,56000548354,249628865,27288387,8186444.0,2014-15
TMC POOLS PTY LTD,49132109338,219906638,9777,2933.0,2014-15
TNT AUSTRALIA PTY LIMITED,41000495269,912667750,,,2014-15
TOGA PTY. LTD.,27000926947,519510023,,,2014-15
TOKYO GAS AUSTRALIA PTY LTD,46102349557,355452532,,,2014-15
TOKYO TIMOR SEA RESOURCES PTY LTD,39000751593,297467372,20524690,6157407.0,2014-15
TOLEDO HOLDING (AUSCO) PTY LTD,26159264598,117564840,,,2014-15
TOLL HOLDINGS LIMITED,25006592089,5334823372,132886477,29258562.0,2014-15
TORO AUSTRALIA PTY LTD,47001310443,191808941,12148566,3644570.0,2014-15
TOSHIBA (AUSTRALIA) PTY LIMITED,19001320421,624906272,11884345,3531831.0,2014-15
TOX FREE SOLUTIONS LIMITED,27058596124,446874149,35259749,6233775.0,2014-15
TOYO TYRE & RUBBER AUSTRALIA LIMITED,93000767279,113491721,4244902,1273471.0,2014-15
TOYOTA BOSHOKU AUSTRALIA PTY LTD,93101683943,181155826,17648544,5294563.0,2014-15
TOYOTA MATERIAL HANDLING AUSTRALIA PTY LIMITED,38104644635,329874184,7367087,2210126.0,2014-15
TOYOTA MOTOR CORPORATION AUSTRALIA LTD,64009686097,10195080554,539100751,150884361.0,2014-15
TOYOTA TSUSHO INVESTMENT (AUSTRALIA) PTY LTD,59003964154,368411478,,,2014-15
TOYOTA TSUSHO SOUTH PACIFIC HOLDINGS PTY LTD,82050105443,142320424,14028052,693733.0,2014-15
TOYS 'R' US (AUSTRALIA) PTY LTD,77057455026,268313569,,,2014-15
TPG TELECOM LIMITED,46093058069,1277242958,353315388,104357913.0,2014-15
TRANSALTA ENERGY (AUSTRALIA) PTY LTD,40062135844,197438921,35297491,10545775.0,2014-15
TRANSDEV AUSTRALASIA PTY LTD,40079303816,485509828,25132663,7539799.0,2014-15
TRANSFIELD WORLEY POWER SERVICES PTY LTD,50112723181,202439870,20286143,6084525.0,2014-15
TRANSPACIFIC INDUSTRIES GROUP LTD,74101155220,1373971232,51926212,,2014-15
TRANSURBAN HOLDINGS LIMITED,86098143429,1882421714,143954594,,2014-15
TRANSURBAN QUEENSLAND FINANCE PTY LIMITED,16169093850,140297152,1930727,579218.0,2014-15
TRANSURBAN QUEENSLAND HOLDINGS 1 PTY LIMITED,64169090804,349816176,,,2014-15
TRAVELCUBE PACIFIC PTY LTD,52099122577,198283802,2877730,863319.0,2014-15
TRAVELEDGE PTY LIMITED,70092658421,233653193,1579167,473750.0,2014-15
TRAVELEX AUSTRALIA HOLDINGS PTY LTD,98105260035,1744422854,7597889,2239457.0,2014-15
TREASURY WINE ESTATES LIMITED,24004373862,1075296037,40621378,,2014-15
TRONOX AUSTRALIA PIGMENTS HOLDINGS PTY LIMITED,70155120728,306590707,,,2014-15
TRONOX LIMITED,91153348111,1099342773,,,2014-15
TRUE ALLIANCE PTY LIMITED,25098282001,241162534,4435267,1318070.0,2014-15
TRUE VALUE SOLAR PTY LTD,11143232482,110924110,,,2014-15
TRUSTPOWER AUSTRALIA HOLDINGS PTY LTD,15101038331,142353008,15564451,4667761.0,2014-15
TTC CONSOL PTY LIMITED,48098788062,366756090,,,2014-15
TULLY SUGAR LIMITED,92011030256,156173718,2534091,588710.0,2014-15
TURI FOODS PTY LTD,29057142971,316897443,3096436,928931.0,2014-15
TUTT BRYANT GROUP LIMITED,89009242675,264948017,2815235,844570.0,2014-15
TYNAN MOTORS HOLDINGS PTY LTD,15002448446,347417322,8697462,2609239.0,2014-15
UACJ AUSTRALIA PTY LTD,82005579840,119206829,,,2014-15
UBS AG AUSTRALIA BRANCH,47088129613,947298731,72404703,21392279.0,2014-15
UBS HOLDINGS PTY LTD,50050101249,693922726,189765458,54821066.0,2014-15
UGL LIMITED,85009180287,2094794620,,,2014-15
UGL UNIPART RAIL SERVICES PTY LTD,49154895940,263361654,18708200,5612460.0,2014-15
ULAN COAL MINES LIMITED,80000189248,851508455,1214420,364326.0,2014-15
UNICHARM AUSTRALASIA HOLDING PTY LTD,56114210794,142113653,6329237,1898771.0,2014-15
UNILEVER AUSTRALIA GROUP PARTNERSHIP,17935397189,1659534188,28576051,8572815.0,2014-15
UNIQLO AUSTRALIA PTY LTD,36161922103,122224418,,,2014-15
UNISYS AUSTRALIA PTY LIMITED,31105642902,211994990,10769212,1932443.0,2014-15
UNITED ENERGY DISTRIBUTION HOLDINGS PTY LTD,15104381660,646506682,,,2014-15
UNITED GLOBAL LOGISTICS PTY LTD,28144641154,272671408,5571255,1410470.0,2014-15
UNITED OVERSEAS BANK LIMITED SYDNEY BRANCH,56060785284,195081326,,,2014-15
UNITED TERMINALS PTY LTD,73129440955,1053350433,,,2014-15
UNIVERSAL SONY PICTURES HOME ENTERTAINMENT AUSTRALIA PTY LIMITED,39152425735,118684672,,,2014-15
UNIVERSITY CO-OPERATIVE BOOKSHOP LTD,70009937160,124629971,,,2014-15
URS ASIA PACIFIC PTY LTD,81102335928,180301974,,,2014-15
USG BORAL BUILDING PRODUCTS PTY LIMITED,84004231976,426821184,62761220,13044328.0,2014-15
UTI (AUST) PTY LTD,48006734747,254010468,,,2014-15
UTILITIES MANAGEMENT PTY LTD,25090664878,346843411,,,2014-15
UTILITY SERVICES GROUP LIMITED,51151921596,218923479,,,2014-15
UXC LIMITED,65067682928,579674124,33913847,5899672.0,2014-15
VALEANT HOLDCO 2 PTY LTD,35154341367,239301394,361557,108467.0,2014-15
VALMONT QUEENSLAND PTY LTD,73142183800,481018561,,,2014-15
VALVOLINE (AUSTRALIA) PTY LTD,86000446855,209187047,22338109,6701433.0,2014-15
VAN LEEUWEN AUSTRALIA HOLDING PTY LTD,92003704201,125636342,2862908,858872.0,2014-15
VANGUARD INVESTMENTS AUSTRALIA LTD,72072881086,112818444,11646129,3493839.0,2014-15
VANTIVE AUSTRALIA PTY LIMITED,,1086549052,38694673,11576210.0,2014-15
VAX APPLIANCES (AUSTRALIA) PTY LTD,84009099736,364912686,4431766,1329530.0,2014-15
VEDA GROUP LIMITED,26124306958,281195639,45354799,,2014-15
VEGIE BANDITS PTY LTD,31079441044,214840453,5735044,1720513.0,2014-15
VENNOR INVESTMENTS PTY LTD,92050397110,1726814794,,,2014-15
VENTURA MOTORS PTY LTD,67004235518,236277420,,,2014-15
VENTURE DMG PTY LTD,83119505092,129899143,17676,5303.0,2014-15
VEOLIA WATER AUSTRALIA PTY LTD,99061161279,158854153,15790927,,2014-15
VERIZON AUSTRALIA PTY LIMITED,62081001194,186295275,4211885,1250269.0,2014-15
VERMILION AUSTRALIA LIMITED PARTNERSHIP,92210617868,280971746,81605753,21381549.0,2014-15
VESTAS AUSTRALIAN WIND TECHNOLOGY PTY LIMITED,80089653878,275899000,,,2014-15
VEYANCE TECHNOLOGIES AUSTRALIA PTY LTD,87125188070,166196604,19062077,5371393.0,2014-15
VICINITY HOLDINGS LIMITED,79167087363,143966679,,,2014-15
VICINITY LIMITED,90114757783,174916822,,,2014-15
VICTORIA POWER NETWORKS PTY LTD,37116940820,1439918033,,,2014-15
VICTORIA TEACHERS LIMITED,44087651769,106869490,21949561,6576393.0,2014-15
VILLA WORLD LIMITED,38117546326,324258547,4086686,1226006.0,2014-15
VILLAGE ROADSHOW LIMITED,43010672054,788146047,73552384,21012789.0,2014-15
VIRBAC (AUSTRALIA) PTY LIMITED,77003268871,107089888,17166603,3059597.0,2014-15
VIRGIN AUSTRALIA HOLDINGS LIMITED,54100686226,4426028621,,,2014-15
VIRTUS HEALTH LIMITED,80129643492,203929805,44362759,10610743.0,2014-15
VISION EYE INSTITUTE LTD,21098890816,115817633,21363895,6409168.0,2014-15
VITA GROUP LIMITED,62113178519,610313851,31046794,8368371.0,2014-15
VIVA ENERGY AUSTRALIA LTD,46004610459,6308676481,,,2014-15
VLI PTY LTD,20114932311,156287169,,,2014-15
VOCUS COMMUNICATIONS LIMITED,96084115499,107543954,29106834,8052132.0,2014-15
VODAFONE HUTCHISON AUSTRALIA PTY LTD,76096304620,4082505178,,,2014-15
VOLKSWAGEN FINANCIAL SERVICES AUSTRALIA PTY LTD,20097071460,249262731,16523737,4957121.0,2014-15
VOLKSWAGEN GROUP AUSTRALIA PTY LTD,14093117876,1850896591,20448697,6134609.0,2014-15
VOLVO CAR AUSTRALIA PTY LIMITED,18004830611,230485845,7576245,2272874.0,2014-15
VOLVO GROUP AUSTRALIA PTY LTD,27000761259,1175265196,55612653,15954035.0,2014-15
VULCAN STEEL PTY LTD,61100061283,219457326,648823,,2014-15
W.R. BERKLEY INSURANCE (EUROPE) LIMITED,81126483681,101656865,,,2014-15
WAGNER GROUP HOLDINGS PTY LTD,13116370024,227521216,,,2014-15
WALKER GROUP HOLDINGS PTY LIMITED,81001215069,363067318,,,2014-15
WAM ACTIVE LIMITED,49126420719,118112217,1400137,33716.0,2014-15
WAM CAPITAL LIMITED,34086587395,1426907682,57490239,11345839.0,2014-15
WAM RESEARCH LIMITED,15100504541,179648802,27774174,7144886.0,2014-15
WAMBO COAL PTY LTD,13000668057,676053654,27240295,7937762.0,2014-15
WARKWORTH COAL SALES LTD,76001614393,656822254,1904303,,2014-15
WARNER BROS. ENTERTAINMENT AUSTRALIA PTY LIMITED,70003773411,538033330,,,2014-15
WARRNAMBOOL CHEESE & BUTTER FACTORY COMPANY HOLDINGS LTD,15071945232,461752409,48922420,13363322.0,2014-15
WASHINGTON H. SOUL PATTINSON AND COMPANY LIMITED,49000002728,367065948,177893568,,2014-15
WATPAC LIMITED,98010562562,1221025695,2074795,,2014-15
WBHO INFRASTRUCTURE PTY LTD,78089434220,165101293,,,2014-15
WEATHERFORD AUSTRALIA PTY LTD,68008947395,159773505,,,2014-15
WEIR GROUP (AUSTRALIAN HOLDINGS) PTY LTD,57090873117,489556954,85145910,19126155.0,2014-15
WENGFU AUSTRALIA PTY LTD,31141160581,253756998,,,2014-15
WESFARMERS LIMITED,28008984049,68564214822,3347874171,958824629.0,2014-15
WESSEL PETROLEUM PTY. LTD.,46054320991,209119161,2945800,883740.0,2014-15
WESTCON GROUP PTY LTD,77050539672,257035999,4644783,1388552.0,2014-15
WESTERN AREAS LIMITED,68091049357,320609513,55825960,10123935.0,2014-15
WESTERN AUSTRALIAN MEAT MARKETING CO-OP LTD,54048449698,136318907,3501257,,2014-15
WESTERN PACIFIC AUTOMOTIVE PTY LTD,75112218210,217557608,7356945,2207084.0,2014-15
WESTERN SUBURBS (N'CLE) LEAGUES CLUB LIMITED,24000973919,113457258,,,2014-15
WESTFIELD CORPORATION LIMITED,12166995197,515372702,3566126,457630.0,2014-15
WESTOZ INVESTMENT COMPANY LIMITED,99113332942,118104915,6331808,,2014-15
WESTPAC BANKING CORPORATION,33007457141,36838104467,10239264580,2853558937.0,2014-15
WEYHILL PTY LTD,83005812671,123120992,,,2014-15
WFA FINANCE (AUST) PTY LIMITED,41108802384,209916495,,,2014-15
WHITEHAVEN COAL LIMITED,68124425396,1079350142,,,2014-15
WHITEHILLS AUSTRALIA PTY LTD,76087404340,502338414,,,2014-15
WHITING HOLDINGS AUSTRALIA PTY LIMITED,94151385116,163627554,107141,,2014-15
WILEY PUBLISHING AUSTRALIA PTY LTD,48085710952,100417260,10726688,3095029.0,2014-15
WILLIAM ADAMS PTY LTD,72009569493,361661314,8333106,,2014-15
WILLIAM HILL AUSTRALIA HOLDINGS PTY LIMITED,54161652955,243337017,2650149,,2014-15
WILMAR AUSTRALIA HOLDINGS PTY LIMITED,79144972743,1567605050,,,2014-15
WILMAR GAVILON PTY LTD,58128080455,702378219,,,2014-15
WILSON PARKING AUSTRALIA 1992 PTY LTD,67052475911,1061128896,44811797,12251605.0,2014-15
WILSON TRANSFORMER HOLDINGS PTY LTD,24109811136,223890000,,,2014-15
WIN CORPORATION PTY LTD,43000737404,285149837,36015607,8722352.0,2014-15
WINDFIELD HOLDINGS PTY LTD,60160456164,212747101,975440,,2014-15
WINNING APPLIANCES PTY LIMITED,94002193688,352404608,11341252,3402376.0,2014-15
WIPRO LIMITED,18093961936,208976019,16653412,4996024.0,2014-15
WIRTGEN AUSTRALIA PTY LTD,29002968167,139698661,,,2014-15
WISCONSIN HOLDINGS PTY LTD,26003430135,443496332,,,2014-15
WOOD GROUP AUSTRALIA PTY LIMITED,51101049076,536996557,,,2014-15
WOODSIDE PETROLEUM LTD,55004898962,8460295354,3608969932,810889738.0,2014-15
WOOLWORTHS LIMITED,88000014675,49481153978,3107162066,898750445.0,2014-15
WORKPAC PTY LTD,52111076012,632124347,6807102,2042131.0,2014-15
WORLD FUEL SERVICES (AUSTRALIA) PTY LTD,99150375063,180538402,1460908,438272.0,2014-15
WORLDMARK GROUP HOLDINGS PTY LTD,44144505199,146251554,11825270,1896446.0,2014-15
WORLEYPARSONS LIMITED,17096090158,1888382194,32149987,20399.0,2014-15
WPP HOLDINGS (AUSTRALIA) PTY LIMITED,86000029630,306781505,35082502,7883610.0,2014-15
WR CARPENTER NO 1 PTY LTD,34118630461,151768668,,,2014-15
WRIGLEY UNO 2 AUSTRALIA PTY LTD,68133509930,242394013,34083938,9928553.0,2014-15
WYNDHAM VACATION RESORTS ASIA PACIFIC PTY LTD,30090083613,270947264,54955940,16050207.0,2014-15
XEGELAB PTY LTD,58159334764,295382090,,,2014-15
XL INSURANCE COMPANY SE,36083570441,130485786,,,2014-15
XYLEM AUSTRALIA HOLDINGS PTY LTD,89162495070,145010996,,,2014-15
XYZNETWORKS PTY LTD,71066812119,109104714,7220878,2166263.0,2014-15
YAHOO! AUSTRALIA & NZ (HOLDINGS) PTY LIMITED,54117505450,102146418,33355201,8728420.0,2014-15
YAMAHA MOTOR AUSTRALIA PTY LIMITED,88002556989,327243237,28189798,8456939.0,2014-15
YANCOAL AUSTRALIA LTD,82111859119,1692872915,,,2014-15
YARA PILBARA FERTILISERS PTY LTD,74095441151,375158366,135867563,40760269.0,2014-15
YKK ALUMINIUM (AUSTRALIA) PTY LTD,66001779237,150712294,,,2014-15
YOKOGAWA AUSTRALIA PTY LIMITED,36003888364,221570484,14584872,4342018.0,2014-15
YOKOHAMA TYRE AUSTRALIA PTY LIMITED,26001361459,110443871,,,2014-15
YOUI HOLDINGS PTY LTD,41124972425,579598994,,,2014-15
YUANDA AUSTRALIA PTY LTD,60121594858,120527188,,,2014-15
YUSEN LOGISTICS (AUSTRALIA) PTY LTD,85003550776,114738508,3383583,1015075.0,2014-15
ZF HOLDINGS AUSTRALIA PTY LTD,85109711828,185513964,11267625,3324102.0,2014-15
ZIMMER AUSTRALIA HOLDING PTY LTD,93107449534,194898109,46351895,13905568.0,2014-15
ZOETIS AUSTRALIA PTY LIMITED,94156476425,227923349,21148409,4198287.0,2014-15
ZURICH FINANCIAL SERVICES AUSTRALIA LIMITED,11008423372,2148575463,208078071,31145811.0,2014-15
