company_name,abn,total_income,taxable_income,tax_payable,income_year
1884 PTY LIMITED,83114980880,239078601,,,2022-23
1ST ENERGY PTY LTD,71604999706,106269686,3619844,1085953,2022-23
20 CASHEWS PTY LTD,16634403124,271407128,19260630,5774287,2022-23
21ST CENTURY RESORTS HOLDINGS PTY LIMITED,33104201014,329674680,47950070,14385021,2022-23
29METALS LIMITED,95650096094,738419898,,,2022-23
2CONSTRUCT PTY. LTD.,28109517188,147281271,407260,107847,2022-23
3M AUSTRALIA PTY LTD,90000100096,879218033,55684523,16705357,2022-23
4CYTE PATHOLOGY PTY LTD,12619244852,255376541,24979448,7493834,2022-23
4K AUTOMOTIVE GROUP PTY LTD,18062618964,417187679,17284651,5185395,2022-23
509 DAVIES RD CLAREMONT PTY LTD,63608523020,227023537,,,2022-23
5WAYS FOODSERVICE PTY LTD,55096671920,103357294,3233068,969813,2022-23
5Z WHOLESALE PTY LTD,30618228809,117060558,1815157,544547,2022-23
690 WPH PTY LTD,20614450412,159759773,95194470,28558341,2022-23
7 HOLDINGS PTY. LTD.,31005620851,2922864863,67295787,18653299,2022-23
A & S WHOLESALE FRUIT & VEGETABLES PTY LTD,60006598796,126139179,6262488,1594517,2022-23
A J BUSH & SONS PTY LTD,77000134010,102317278,,,2022-23
A S P ALUMINIUM HOLDINGS PTY LTD,59002302310,411856334,26867784,7769678,2022-23
A. HARTRODT AUSTRALIA PTY LTD,28000640504,181058070,6409421,1922826,2022-23
A.C.N. 003 933 300 PTY LTD,58003933300,755218296,,,2022-23
A.C.N. 085 239 998 PTY LTD,39085239998,506602275,97772411,28021263,2022-23
A.C.N. 087 652 024 LIMITED,32087652024,386704026,46370017,13438717,2022-23
A.C.N. 166 119 133 PTY LTD,31166119133,2933993730,,,2022-23
A.C.N. 169 231 172 PTY LTD,34169231172,332529346,,,2022-23
A.C.N. 603 303 126 PTY LTD,98603303126,398287496,,,2022-23
A.C.N. 630 698 716 PTY LTD,18630698716,169572992,,,2022-23
A.E. SMITH & SON PROPRIETARY LIMITED,54004274793,155750958,535998,160799,2022-23
A.H. BEARD HOLDINGS PTY LIMITED,79001569937,142750972,987936,296381,2022-23
A.J. GRANT BUILDING PTY LIMITED,13080764567,167486420,2212873,663862,2022-23
A2 AUSTRALIAN INVESTMENTS PTY LIMITED,93126014275,379367479,19364958,5690782,2022-23
A2 INFANT NUTRITION LIMITED,81618864958,863864732,149125728,44600228,2022-23
A2B AUSTRALIA LIMITED,99001958390,168050117,12823029,3740220,2022-23
A2K HOLDINGS PTY LTD,27162163064,114670686,8271881,2476794,2022-23
AA HOLDINGS PTY LTD,94112233744,820288328,68592802,20577841,2022-23
AAA EGG COMPANY PTY LTD,63079437639,102762562,,,2022-23
AAG HOLDCO PTY LTD,64653537672,105799156,,,2022-23
AAM DIVERSIFIED AGRICULTURE OPERATING TRUST,82620396937,141107479,,,2022-23
AAPC LIMITED,87009175820,1240067434,7848210,2354463,2022-23
AAW GLOBAL LOGISTICS PTY LTD,14007257865,160165404,11991801,2413172,2022-23
ABACUS STORAGE OPERATIONS LIMITED,37112457075,211029908,17866601,5359980,2022-23
ABB GROUP INVESTMENT MANAGEMENT PTY LIMITED,47082803852,600057177,26369954,,2022-23
ABBE HOLDINGS VIC PTY LTD,92605336221,181401048,26993716,8098115,2022-23
ABBE NSW PTY LTD,93125187724,123863600,3517889,1055367,2022-23
ABBOT POINT BULKCOAL PTY LTD,23010183534,127124845,10812365,3243710,2022-23
ABBOT POINT OPERATIONS PTY LTD,58605852060,140487515,12591267,488186,2022-23
ABBOTT AUSTRALASIA PTY LIMITED,95000180389,869900378,95554234,28666270,2022-23
ABBVIE PTY LIMITED,48156384262,516963640,61869852,9702356,2022-23
ABC REFINERY (AUSTRALIA) PTY LIMITED,86621121079,6720952129,24490860,7347258,2022-23
ABC TISSUE PRODUCTS PTY LIMITED,33003085112,567429925,,,2022-23
ABC TRANSPORT EQUITY PTY LTD,,103429901,1973075,590306,2022-23
ABCOR PTY. LTD.,12006504918,107168906,18043342,5413003,2022-23
ABERGELDIE CONSOLIDATED PTY LTD,21143512350,459662839,19547207,5864162,2022-23
ABN AMRO CLEARING SYDNEY PTY LTD,36081279889,135628005,2843535,853060,2022-23
ABN CONSTRUCTION SERVICES PTY LTD,55068687294,133264691,,,2022-23
ABN GROUP (VIC) PTY LTD,82130382188,625662202,11396178,3418853,2022-23
ABN RESIDENTIAL WA PTY LTD,11008871761,446971295,,,2022-23
ABP FINANCE PTY LIMITED,58139991101,345908352,71047206,21314162,2022-23
ABT ASSOCIATES AUSTRALIA PTY LTD,72161695156,157528159,,,2022-23
ACCENT GROUP LIMITED,85108096251,1282326802,77162797,23148839,2022-23
ACCENTURE AUSTRALIA HOLDINGS PTY LIMITED,61096995649,3059681217,251619317,73331507,2022-23
ACCENTURE SOLUTIONS PRIVATE LIMITED,46902577243,143078263,18661189,5598357,2022-23
ACCESS EQUIPMENT GROUP PTY LTD,53131094874,101579130,12125975,3637792,2022-23
ACCESS HARDWARE HOLDINGS PTY LTD,36123214611,102397231,8722843,2616853,2022-23
ACCESS PLATFORM SYSTEMS PTY LTD,51116622158,144538397,15176579,4552974,2022-23
ACCESS WORKSPACE PTY LTD,81636482383,191335961,21285726,6385718,2022-23
ACCIONA AGUA AUSTRALIA PTY LTD,84128531742,882100297,6617928,,2022-23
ACCIONA GEOTECH HOLDING PTY LTD,99616868314,1717726237,,,2022-23
ACCO BRANDS AUSTRALIA HOLDING PTY LIMITED,58130787923,169089149,19638437,5891531,2022-23
ACCREDITED DISTRIBUTORS PTY LTD,82112903198,151021900,7367089,2207159,2022-23
ACE CONTRACTORS HOLDING PTY LTD,28639834389,179371470,10579506,3173852,2022-23
ACE GUTTERS PTY LTD,49001885276,109951593,10762034,2737254,2022-23
ACER COMPUTER AUSTRALIA PTY LIMITED,78003872768,374292483,18294799,5488440,2022-23
ACM AUTOS PTY LTD,66121604082,122322684,6989305,2096792,2022-23
ACM HOLDINGS CO PTY LTD,42622029798,572613000,2002000,600600,2022-23
ACN 144 701 833 PTY LIMITED,11144701833,126107259,56798614,17039584,2022-23
ACROW FORMWORK AND SCAFFOLDING PTY LTD,35004284806,106705197,,,2022-23
ACS AUSTRALIA HOLDINGS PTY LTD,39655692176,124861952,20739461,1055219,2022-23
ACTIVE GROUP HOLDINGS PTY LIMITED,63106459590,163032027,,,2022-23
ACTIVE STEEL PTY LTD,13068669296,114936927,16288309,4886493,2022-23
ACTRON ENGINEERING PTY LTD,34002767240,166862386,7923640,1409104,2022-23
ACU-TECH PTY LTD,68626756223,151395861,21833164,6549949,2022-23
AD ASTRA HOLDINGS PTY LTD,19111061726,350204245,71812514,21543754,2022-23
ADAIRS LIMITED,50147375451,566277626,58864778,17644864,2022-23
ADAMA AUSTRALIA HOLDINGS PTY LTD,31108759495,380086976,11488794,3446638,2022-23
ADAMS GROUP AUS HOLDINGS PTY LIMITED,13637089162,150197468,,,2022-23
ADANI INFRASTRUCTURE PTY LTD,16606764827,115607565,,,2022-23
ADANI MINING PTY LTD,27145455205,921141056,,,2022-23
ADAPT-A-LIFT GROUP PTY LTD,81605149568,322889532,,,2022-23
ADBRI LIMITED,15007596018,1845454391,40002308,10313401,2022-23
ADCHEM (AUSTRALIA) PTY LTD,87069180258,152301501,1726788,518036,2022-23
ADCO CONSTRUCTIONS PTY LIMITED,46001044391,879541957,,,2022-23
ADCO GROUP PTY LIMITED,15094531272,562676039,301484,90445,2022-23
ADCOME PTY LTD,99110315681,518733658,19052868,5715860,2022-23
ADCORP HOLDINGS AUSTRALIA PTY LTD,91161583893,357016782,,,2022-23
ADECCO HOLDINGS PTY LTD,11003652088,684191240,6852613,2055784,2022-23
ADELAIDE AIRPORT LIMITED,78075176653,257723733,53487810,8906320,2022-23
ADIDAS AUSTRALIA PTY LTD,80058390659,405655155,32437011,9731103,2022-23
ADM TRADING AUSTRALIA PTY LTD,92126806979,1347340548,30737405,9221222,2022-23
ADORE BEAUTY GROUP LIMITED,78636138988,180847563,,,2022-23
ADRAD HOLDINGS LIMITED,51121033396,137683499,12814433,3545414,2022-23
ADT GROUP HOLDINGS PTY LTD,35144849436,258301520,42311062,12393138,2022-23
ADVANCED FRESH CONCEPTS PTY LTD,35605455936,130961865,4575559,1372668,2022-23
ADVANTAGE GRAIN PTY LIMITED,53644226219,124367250,780138,234041,2022-23
ADVENTURE HOLDINGS AUSTRALIA PTY LTD,93622679216,118720191,1296493,388948,2022-23
ADVERTISING ASSOCIATES PTY LTD LTD,43057158488,109002848,1705046,511514,2022-23
ADYEN AUSTRALIA PTY LIMITED,55162682411,305927701,4634628,1390388,2022-23
AECI AUSTRALIA PTY LTD,33165704870,246923476,14965061,4489518,2022-23
AEG TOPCO PTY LTD,28650972688,415493247,30401930,9120579,2022-23
AERIS RESOURCES LIMITED,30147131977,612788018,,,2022-23
AEROKLAS AUSTRALIA PTY LTD,66149775628,127761758,,,2022-23
AESTHETICS AUSTRALIA HOLDINGS PTY LTD,45621040220,159297526,,,2022-23
AFGRI AUSTRALIA PTY LTD,14103619067,641290061,41928879,12578090,2022-23
AG COOMBS GROUP PTY LTD,67005711722,166645939,9829545,1498344,2022-23
AG COOMBS PTY LTD,49005653332,251738431,4211903,1263571,2022-23
AG N VET MANAGEMENT SERVICES PTY LIMITED,91087675465,670203902,37453355,10342256,2022-23
AGCO AUSTRALIA LIMITED,89004092684,402883452,20350896,4740269,2022-23
AGFERT FERTILIZERS PTY LTD,58085092146,105783457,4407283,1322185,2022-23
AGGREGATE HOLDINGS PTY LIMITED,24000455881,116743676,27974628,7205565,2022-23
AGGREKO GENERATOR RENTALS PTY. LIMITED,66001991457,167571076,15973260,4791978,2022-23
AGILENT TECHNOLOGIES AUSTRALIA PTY LTD,29088510605,144479000,26344269,,2022-23
AGL ENERGY LIMITED,74115061375,13081174849,44176438,,2022-23
AGL GENERATION HOLDCO PTY LIMITED,46155768291,2940400157,129305035,36629241,2022-23
AGMARK PTY LTD,54143385835,107443473,483952,145186,2022-23
AGNVET RURAL PTY LTD,52125781222,158209084,8300482,2488003,2022-23
AGORA GAS PTY LIMITED,38160254311,199997336,17203144,5160943,2022-23
AGRI DIRECT AUSTRALIA PTY LTD,18151647684,132593358,5668726,1700618,2022-23
AGRI OM AUSTRALIA PTY LTD,28601179024,126266065,653434,196030,2022-23
AGRICOMM TRADING AUSTRALIA PTY LTD,66102862313,249708345,1472387,441716,2022-23
AGRICULTURAL BANK OF CHINA LIMITED,48848300367,411399245,47793090,14337593,2022-23
AGRICULTURAL EQUIPMENT HOLDINGS 1 PTY LTD,14623246239,105654663,4875562,1372669,2022-23
AGRI-LABOUR AUSTRALIA PTY LTD,23142526216,105542093,5347022,1604107,2022-23
AGRIUM SP HOLDINGS PTY LIMITED,58146674400,5135059885,441757747,111079764,2022-23
AGS GROUP HOLDINGS PTY LIMITED,42151808598,196274521,21317333,6395200,2022-23
AGTRADE INTERNATIONAL PTY LTD,87139280461,722521788,10418605,3125582,2022-23
AHRENS GROUP PTY LTD,76114260230,367327731,52770053,15817601,2022-23
AI SKY AUS HOLDCO PTY LIMITED,67636519143,160964332,,,2022-23
AIA AUSTRALIA LIMITED,79004837861,6538585906,246372111,28673390,2022-23
AIC MINES LIMITED,11060156452,208573118,,,2022-23
AIG AUSTRALIA LIMITED,93004727753,1558466058,122174682,35732847,2022-23
AINSLIE BULLION MELBOURNE PTY LTD,58646041830,114651950,1023343,307003,2022-23
AIOI NISSAY DOWA INSURANCE COMPANY AUSTRALIA PTY LTD,11132524282,261106588,6894276,2068283,2022-23
AIR LIQUIDE AUSTRALIA LIMITED,57004385782,351971461,25532140,7612499,2022-23
AIRBUS AUSTRALIA PACIFIC HOLDINGS PTY LIMITED,75003066788,570132056,40338400,12101520,2022-23
AIRPORT DEVELOPMENT GROUP PTY LIMITED,77081422915,154097076,28206841,8462052,2022-23
AIRPORT LINK HOLDINGS PTY LTD,87120722081,118351437,6933259,2079978,2022-23
AIRPORT MOTOR GROUP PTY LTD,61113244492,206267355,6260390,1878117,2022-23
AIRPORT MOTORWAY HOLDINGS PTY LTD,55078322531,169944334,109537935,32861380,2022-23
AIRPORT RETAIL ENTERPRISES PTY LTD,16008749031,157648851,4530957,1200589,2022-23
AIRROAD PTY LIMITED,81002955419,159254322,8916081,2674739,2022-23
AIRSERVICES AUSTRALIA,59698720886,923659649,,,2022-23
AJ BAKER & SONS PTY LTD,93008734834,131567732,3095726,928718,2022-23
AJ LUCAS GROUP LIMITED,12060309104,158151236,,,2022-23
AJE WHOLESALING PTY LTD,26130160753,121938261,,,2022-23
AKAMAI TECHNOLOGIES NETHERLANDS BV,52115435955,122978670,3511709,1053513,2022-23
AKUNA CAPITAL AUSTRALIA PTY LTD,71622473750,118770842,,,2022-23
AKZO NOBEL COATINGS (HOLDINGS) PTY LTD,51000285012,287626543,8433401,2530020,2022-23
ALAN MANCE MOTORS PTY LTD,69005500747,153145281,6185592,1855678,2022-23
ALAND B & W PTY LTD,96635680545,208615148,4100120,1230036,2022-23
ALBEMARLE LITHIUM PTY LTD,14618095471,703406317,4896759,,2022-23
ALBERT AUTOMOTIVE HOLDINGS PTY LTD,15616126722,889554695,,,2022-23
ALBRIGHT & WILSON (AUSTRALIA) LIMITED,36004234137,121877610,4215175,1261276,2022-23
ALCEON CAPITAL PTY LTD,41163867016,143512397,,,2022-23
ALCHEMY AUSTRALIAN HOLDCO PTY LTD,69628548390,106526782,3869141,1160742,2022-23
ALCHEMY CONSTRUCT PTY LTD,47604483105,106943935,679977,203993,2022-23
ALCOA AUSTRALIAN HOLDINGS PTY LTD,33096987370,791725299,1105351483,,2022-23
ALCOA OF AUSTRALIA LTD,93004879298,5361164989,894558759,268239089,2022-23
ALCON LABORATORIES (AUSTRALIA) PTY LTD,88000740830,303318670,19645844,5893753,2022-23
ALDI FOODS PTY LTD,18086210139,10859481688,346592650,103977795,2022-23
ALDL HOLDINGS PTY LIMITED,89144809594,142429057,11088536,3236915,2022-23
ALERE HOLDINGS PTY LIMITED,88128023058,264691516,14859512,4457854,2022-23
ALEXION PHARMACEUTICALS AUST PL,59132343036,108427381,14694065,4408220,2022-23
ALIGN TECHNOLOGY (AUSTRALIA) PTY LTD,62163076971,111914773,3273654,982096,2022-23
ALKANE RESOURCES LIMITED,35000689216,193357191,20312507,5174654,2022-23
AL-KO INTERNATIONAL PTY LTD,96003066813,119633192,12295877,3688763,2022-23
ALLAM HOMES PTY LTD,33003798883,164688278,,,2022-23
ALLCASTLE HOMES PTY LIMITED,12057761378,113008434,1601948,480584,2022-23
ALLEGION (AUSTRALIA) PTY LTD,49077898161,120848051,2903496,871049,2022-23
ALLEGIS GROUP APAC HOLDINGS PTY LTD,84159406523,173508185,77646,,2022-23
ALLEGRO PTY LTD,55008833494,173004098,214376,64313,2022-23
ALLERGAN AUSTRALIA PTY LIMITED,85000612831,260982768,17705810,5311743,2022-23
ALLIANCE AUCTIONS PTY LIMITED,75651126260,113847841,,,2022-23
ALLIANCE AVIATION SERVICES LIMITED,96153361525,561157208,,,2022-23
ALLIANCE HOLDCO PTY LTD,39654265755,139688498,,,2022-23
ALLIANZ AUSTRALIA LIMITED,21000006226,6240385017,863737766,258267352,2022-23
ALLIANZ TECHNOLOGY SE,68344730676,120668141,5763148,1728944,2022-23
ALLIED BEEF GROUP PTY LTD,52151578102,120262949,,,2022-23
ALLIED CREDIT PTY LTD,65143964667,161864096,,,2022-23
ALLIED WORLD ASSURANCE COMPANY LTD,54163304907,162850796,388385,,2022-23
ALLKEM LIMITED,31112589910,1124969168,476020237,139332563,2022-23
ALLNEX AUSTRALIA PTY. LTD.,24160397768,351170889,3392658,280090,2022-23
ALLSEAS MARINE CONTRACTORS AUSTRALIA PTY LTD,81158534582,380550729,14681691,4404507,2022-23
ALMAX ALUMINIUM PTY LTD,66091040363,114290165,9929456,2978837,2022-23
ALMONDCO AUSTRALIA LIMITED,81062887352,253504000,1208767,362630,2022-23
ALQUEMIE GROUP HOLDINGS PTY LTD,55637401104,277729891,,,2022-23
ALS LIMITED,92009657489,811716868,84246498,20842338,2022-23
ALSCO PTY LIMITED,26000435629,322468441,40239963,12024447,2022-23
ALSTOM TRANSPORT AUSTRALIA HOLDINGS PTY LIMITED,28644102992,1314228137,35755993,8905369,2022-23
ALTIUS HOLDCO PTY LTD,22646640280,107302569,13256788,3977036,2022-23
ALTOMONTE HOLDINGS PTY LIMITED,18000821910,704430965,21302718,6390815,2022-23
ALTORA AG DB PTY LTD,25614043873,130100147,,,2022-23
ALTORA AG HOLDCO PTY LTD,29630396619,301557208,9606702,2787656,2022-23
ALTRAD AUSTRALIA PTY LTD,56652016807,220024079,13697891,4109367,2022-23
ALUMINA & BAUXITE COMPANY LTD,52692964098,108726598,,,2022-23
ALUMINA LIMITED,85004820419,482654335,726588897,,2022-23
AMA GROUP LIMITED,50113883560,547468558,,,2022-23
AMADEUS IT PACIFIC PTY LTD,22080674255,127426600,,,2022-23
AMARI METALS AUSTRALIA PTY LTD,13004496128,457367929,36877752,11063326,2022-23
AMAROO GROUP HOLDCO PTY LIMITED,88651036403,150337768,3599551,1079865,2022-23
AMAZON COMMERCIAL SERVICES PTY LTD,30616935623,2636874054,153873174,45857247,2022-23
AMAZON CORPORATE SERVICES PTY LTD,95082931600,964686737,74487299,22346190,2022-23
AMAZON SUPPORT SERVICES PTY LTD,77163823416,175245318,20815447,6244634,2022-23
AMAZON WEB SERVICES AUSTRALIA PTY LTD,63605345891,2790493449,170088232,51026470,2022-23
AMB HOLDINGS PTY LTD,85084557737,145243492,142387690,,2022-23
AMC AUSCO 1 PTY LTD,49658085771,483211264,206928869,62078661,2022-23
AMCOR PTY LTD,62000017372,773222952,,,2022-23
AMENTUM GLOBAL SERVICES AUSTRALIA PTY LTD,68160505162,105069305,,,2022-23
AMERICAN EXPRESS AUSTRALIA LIMITED,92108952085,1466800000,116153545,34841324,2022-23
AMERICOLD AUSTRALIAN HOLDINGS PTY LTD,48117491291,324308806,,,2022-23
AMEROPA AUSTRALIA PTY LTD,21009504394,972977438,61963848,18589154,2022-23
AMG HEADQUARTERS FIVE PTY LTD,19638154328,216897231,7641694,2292508,2022-23
AMG HORNSBY PTY LTD,67083155471,105633966,3971377,1191413,2022-23
AMG WAITARA PTY LIMITED,17613903281,155415154,4377528,1313258,2022-23
AMGEN AUSTRALIA PTY LIMITED,31051057428,521869090,54754609,9395611,2022-23
AMP LIMITED,49079354519,3601870424,,,2022-23
AMPHORA AUSTRALIA PTY LTD,50625199322,458613720,,,2022-23
AMPLIFON AUSTRALIA HOLDING PTY LTD,34147231561,318019551,25429224,7568160,2022-23
AMPLIFY BIDCO PTY LTD,30636456623,696537005,,,2022-23
AMPOL LIMITED,40004201307,34203854234,728652522,185930723,2022-23
AMPS COMMERCIAL PTY LTD,36097034261,103835158,2620671,45812,2022-23
AMR RECYCLERS PTY LTD,78126024306,120437808,1854792,556438,2022-23
ANABELLE BITS PTY LTD,40068649972,140220034,,,2022-23
ANCA PTY LTD,43005163244,164554888,,,2022-23
ANDANTE FINANCE COMPANY PTY LTD,82639365183,162342667,,,2022-23
ANDREW JOHNSON HOLDINGS PTY LTD,54089200448,156124199,1587250,476175,2022-23
ANDREW K INVESTMENTS PTY LIMITED,74000568749,144237184,203678690,,2022-23
ANDREW MIEDECKE MOTORS PTY LTD,50002582621,133993734,4944816,1483445,2022-23
ANDREWS MEAT INDUSTRIES PTY LTD,16600428537,279013840,38706408,10840494,2022-23
ANGANG GROUP INVESTMENT (AUSTRALIA) PTY LTD,32118934277,218733307,,,2022-23
ANGELWITCH INVESTMENTS PTY LTD,93141418493,113872733,,,2022-23
ANGLO AMERICAN AUSTRALIA LTD,47004892371,7308273842,2411617281,377900430,2022-23
ANGLO AMERICAN TECHNICAL & SUSTAINABILITY SERVICES LTD,81629813216,191594005,36882922,11064877,2022-23
ANGLOGOLD INVESTMENTS AUSTRALIA PTY LTD,48090112459,1400177128,,,2022-23
ANGUSKNIGHT PTY LIMITED,58076749605,112245500,12809479,2133202,2022-23
ANIXTER AUSTRALIA PTY LTD,68055815551,355826528,52806844,15842053,2022-23
ANL CONTAINER LINE PTY LTD,41083962136,2410620473,239754937,71840475,2022-23
ANSELL LIMITED,89004085330,231622047,4991321,1497396,2022-23
ANSVAR INSURANCE LIMITED,21007216506,305800954,,,2022-23
ANTAP INTERNATIONAL PTY LTD,96601127020,128735146,4066724,1220017,2022-23
ANTICIMEX PTY LTD,24162914374,226922583,28388813,8507654,2022-23
ANZ GROUP HOLDINGS LIMITED,16659510791,45123239078,5490740011,1539126719,2022-23
ANZ HOSPITALS TOPCO PTY LTD,20631014965,2771126886,,,2022-23
ANZ OPERATIONS AND TECHNOLOGY PRIVATE LIMITED,23851540552,300703153,32552187,9765656,2022-23
ANZUK EDUCATION SERVICES PTY LTD,19123730521,161698704,14441547,4332464,2022-23
AON CONSOLIDATED GROUP PTY LTD,38090132675,661040512,113307878,33984310,2022-23
AOYUAN PROPERTY GROUP (AUSTRALIA) PTY LIMITED,97600594125,140166688,20473564,,2022-23
APA INFRASTRUCTURE TRUST,21858175226,2957797723,,,2022-23
APC MANUFACTURING & LOGISTICS PTY LTD,43119762962,148334257,177032,,2022-23
APCO SERVICE STATIONS PTY LTD,91007229898,768581196,20835301,6250590,2022-23
APEX BUILDING PRODUCTS (QLD) PTY LTD,46127374092,118249468,14805180,4441554,2022-23
APEX BUILDING PRODUCTS PTY LTD,27078974115,153309338,25209043,1632012,2022-23
APEX FUND HOLDINGS AUSTRALIA PTY LTD,23649344507,175038682,,,2022-23
APEX STEEL PTY LTD,88080253756,211092934,18089440,5426832,2022-23
APEX STEEL SUPPLIES PTY LTD,97008075938,135067727,4950625,1485188,2022-23
APEX TOPCO PTY LTD,13647943173,156680651,,,2022-23
APH TOP CO PTY LIMITED,96608192374,506722612,22365853,6709756,2022-23
APM HUMAN SERVICES INTERNATIONAL LIMITED,38639621766,754307859,31788733,9536620,2022-23
APOG TOPCO PTY LTD,66654198268,1480306479,,,2022-23
APOLLO HOLDCO PTY LTD,68626190896,561454178,43077674,12923302,2022-23
APOLLO TOURISM AND LEISURE LTD,67614714742,164802057,,,2022-23
APP MANAGEMENT PTY LIMITED,97088186154,116699885,,,2022-23
APPLE PTY LTD,46002510054,12607684988,481118439,141702552,2022-23
APPLIED AUSTRALIA HOLDINGS PTY LTD,48156643462,123472494,6176354,1852906,2022-23
APS GROUP (HOLDINGS) PTY LTD,94096418101,146469728,306095,91828,2022-23
APTELLA PTY LTD,56130367065,160223220,7038828,2111648,2022-23
AQUACULTURE AUSTRALIA HOLDCO PTY LTD,57660056440,126627000,,,2022-23
AQUALAND HOLDING PTY LTD,19614472347,147584280,,,2022-23
AQUASURE FINANCE PTY LTD,35136072627,315725440,,,2022-23
AQUASURE HOLDINGS PTY LTD,46135956053,313388348,114762461,34428738,2022-23
ARA GROUP LIMITED,47074886561,700972278,44858487,12916130,2022-23
ARA INDIGENOUS SERVICES PTY LTD,83605947822,106150787,2928905,878672,2022-23
ARAFURA PACIFIC PTY LTD,29151898029,294584804,13596605,3954696,2022-23
ARAMEX FASTWAY HOLDINGS PTY. LTD.,86609553513,142719076,,,2022-23
ARB CORPORATION LTD,31006708756,600976902,106602957,30771067,2022-23
ARC PROJECTS CORPORATION PTY LTD,70655207471,120632073,142088,42626,2022-23
ARCADIAN ORGANIC & NATURAL MEAT CO PTY LIMITED,37158956864,226654238,97679,29304,2022-23
ARCADIS AUSTRALIA PACIFIC HOLDINGS PTY LTD,56608711351,342849335,61312143,17327597,2022-23
ARCH FINANCIAL HOLDINGS AUSTRALIA PTY LTD,18605164627,329184582,20799356,6239807,2022-23
ARCHITECTURAL WINDOW SYSTEMS PTY LIMITED,48067950903,130823945,9592593,2327492,2022-23
ARCHITECTUS SERVICES HOLDCO PTY LTD,31654274629,126312101,10443803,3133141,2022-23
ARCHMONT INVESTMENTS PTY LTD,68063715033,271250499,,,2022-23
ARDEX AUSTRALIA PTY LIMITED,82000550005,130994231,14567566,3495256,2022-23
ARGO INVESTMENTS LIMITED,35007519520,319155738,386490322,26389889,2022-23
ARISTOCRAT LEISURE LIMITED,44002818368,1645773509,498892252,120989547,2022-23
ARJ GROUP HOLDINGS PTY LTD,31104958527,474988559,42867364,12860209,2022-23
ARKEMA PTY LTD,44000330772,110799825,,,2022-23
ARLA FOODS MAYER AUSTRALIA PTY LTD,78167620706,149043481,5588005,1676402,2022-23
ARN MEDIA LIMITED,95008637643,307583756,53579162,12437023,2022-23
ARROTEX HOLDINGS PTY LTD,47630331814,1448341400,123994269,37117570,2022-23
ARROW COMMODITIES PTY LIMITED,17078081428,1529039363,36784551,11035365,2022-23
ARROW ELECTRONICS ANZ HOLDINGS PTY LTD,90102589515,527405981,13659489,4097847,2022-23
ARROW ENERGY HOLDINGS PTY LTD,94141385293,683308002,,,2022-23
ART GROUP SERVICES LIMITED,50125248286,1448563585,51308861,15392658,2022-23
ARTHREX AUSTRALIA PTY LTD,40627466979,118394711,,,2022-23
ARTICORE GROUP LIMITED,11119200592,176848956,,,2022-23
ARTIFICIAL INTELLIGENCE MARKETS PTY LIMITED,36663575013,165798532,,,2022-23
ARTISANAL HOLDINGS PTY LTD,74623503257,112912008,10083043,3024913,2022-23
ARUBIAL PTY LTD,30113386119,178563396,,,2022-23
ARUP AUSTRALIA SERVICES PTY LTD,36625911686,582807170,,,2022-23
ARYZTA HOLDINGS ASIA PACIFIC PTY LIMITED,57146007365,212291183,18475563,5333353,2022-23
AS COLOUR PTY LTD,17130999165,123231871,7351838,2205551,2022-23
ASAHI HOLDINGS (AUSTRALIA) PTY LTD,48135315767,5913654970,939929332,278339096,2022-23
ASC PTY LTD,64008605034,770654511,49978083,14993425,2022-23
ASC SHIPBUILDING PTY LIMITED,15051899864,458524957,38508300,11552490,2022-23
ASCENDAS HOSPITALITY OPERATIONS PTY LTD,28156287857,124715110,,,2022-23
ASCOTT INTERNATIONAL MANAGEMENT (AUSTRALIA) PTY LTD,20078223186,124655846,4389193,1285614,2022-23
ASDAM HOLDINGS PTY LTD,74631990086,287917108,2748163,,2022-23
ASG BRISBANE PTY LTD,72614297684,245918574,13680620,4104186,2022-23
ASG MELBOURNE PTY LTD,64616840110,706267900,24064704,7219411,2022-23
ASH 302 PTY LTD,56065395815,126321192,,,2022-23
ASHLEY SERVICES GROUP LIMITED,92094747510,472729271,30838927,8894731,2022-23
ASICS OCEANIA PTY LTD,59003091389,370436041,50919777,15275933,2022-23
ASKIN GROUP HOLDINGS PTY LIMITED,51626106947,216753523,15294187,4588256,2022-23
ASPEN ASIA PACIFIC PTY LTD,75146444484,559713782,96017335,24094913,2022-23
ASPEN MEDICAL PTY LIMITED,32105250413,190486981,,,2022-23
ASPLUNDH HOLDINGS PTY LTD,,207263713,,,2022-23
ASSA ABLOY AUSTRALIA PACIFIC PTY LIMITED,81095354582,578623566,58820884,16478580,2022-23
ASSETINSURE PTY LTD,65066463803,161738186,18340419,5502126,2022-23
ASSETLINK HOLDINGS PTY LTD,51168396656,212304985,794652,231892,2022-23
ASSOCIATED KILN DRIERS PTY. LIMITED,34004341048,694105416,55580609,16674183,2022-23
ASSOCIATED RETAILERS LIMITED,42004520030,200625138,1,,2022-23
ASTELLAS PHARMA AUSTRALIA PTY LTD,81147915482,133446726,,,2022-23
ASTRAZENECA HOLDINGS PTY LIMITED,59066876962,915404362,141050359,33631050,2022-23
ASTUTE FINANCIAL MANAGEMENT PTY LTD,59093587010,102866740,808167,242450,2022-23
ASX LIMITED,98008624691,1404247243,513620817,150119283,2022-23
ATACAMA COPPER PTY LTD,99118474034,1591089501,20010425,6003128,2022-23
ATCO AUSTRALIA PTY LTD,74091033546,223663782,3677777,,2022-23
ATCO STRUCTURES & LOGISTICS PTY LTD,71083902309,360758900,53357482,16007245,2022-23
ATHENA FINANCIAL PTY LTD,77619535545,166223676,,,2022-23
ATI GLOBAL LIMITED,31634158204,523471802,,,2022-23
ATLANTIC & PENINSULA AUSTRALIA PTY LIMITED,50158698527,104155479,9668625,2900588,2022-23
ATLAS AU HOLDCO PTY LTD,25661797904,105044780,,,2022-23
ATLAS COPCO AUSTRALIA PTY LIMITED,85620125153,220571693,5013701,1504110,2022-23
ATLAS FUEL AUSTRALIA PTY LTD,33634907538,146701723,263542,79063,2022-23
ATLAS IRON PTY LTD,63110396168,1281347323,343541274,103062382,2022-23
ATLAS PROGRAMMED MARINE HOLDINGS PTY LTD,69620316252,142258535,,,2022-23
ATLASSIAN AUSTRALIA 1 PTY LTD,98166799542,4967212911,332065453,9349908,2022-23
ATRON ENTERPRISES PTY LTD,73122150485,172596735,,,2022-23
ATS BUILDING PRODUCTS PTY LTD,48149780343,112638848,4080326,1224098,2022-23
ATTURRA LIMITED,34654662638,159619045,16064374,3882574,2022-23
AUB GROUP LIMITED,60000000715,271669028,134093080,11539768,2022-23
AUDANT INVESTMENTS PTY LIMITED,33002892855,139717316,42669833,11321198,2022-23
AUDIBLE AUSTRALIA PTY LTD,89624383811,166855168,14466170,4324407,2022-23
AURECON GROUP PTY LTD,12133838187,1057629748,101185585,30000535,2022-23
AURELIA METALS LIMITED,37108476384,385170281,,,2022-23
AURIZON HOLDINGS LIMITED,14146335622,3597169241,169773936,47949836,2022-23
AURORA DAIRIES HOLDINGS PTY LTD,90625617003,202574623,,,2022-23
AURUMLAND PTY LTD,65168796049,100915459,,,2022-23
AUS STAR HOLDINGS INTERNATIONAL PTYLTD,63605622026,120271041,1458936,437681,2022-23
AUSBUILD GROUP PTY LTD,35609450419,266478323,13753053,4125916,2022-23
AUSCAMPER PTY LTD,75609693674,138559996,14890165,4467050,2022-23
AUSCAN HOLDINGS PTY LTD,70084400886,241139008,,,2022-23
AUSCO HOLDINGS PTY LIMITED,13150795547,451255180,180287,,2022-23
AUSENCO PTY LTD,31114541114,172000348,16694220,,2022-23
AUSFINE FOODS INTERNATIONAL PTY LTD,12006926129,359538664,4080815,1224244,2022-23
AUSGRID FINANCE PTY LTD,14615343005,441025246,,,2022-23
AUSGRID MANAGEMENT PTY LTD,83615449548,576937186,,,2022-23
AUSMAR HOMES PTY LTD,55087236208,115368877,615897,184769,2022-23
AUSPAT INTERNATIONAL PTY. LTD.,88050328231,110225501,,,2022-23
AUSPORK LIMITED,38006563355,111663237,3915596,1135246,2022-23
AUSREO HOLDINGS PTY LIMITED,22125694055,405330171,25008004,7391692,2022-23
AUSSIE BROADBAND LIMITED,29132090192,790082192,1566803,470041,2022-23
AUSTAL LIMITED,73009250266,512308999,,,2022-23
AUSTIN ENGINEERING LIMITED,60078480136,102912596,,,2022-23
AUSTRAL FISHERIES PTY LTD,71008989982,161625992,29925997,8365029,2022-23
AUSTRALASIAN FOODS HOLDCO PTY LTD,70612640329,224579634,4871290,338863,2022-23
AUSTRALASIAN GLOBAL EXPORTS PTY LTD,61606199633,110069756,2355948,706784,2022-23
AUSTRALASIAN LANDSCAPE SERVICES HOLDCO PTY LTD,24652220794,138828479,739922,221977,2022-23
AUSTRALASIAN MEDICAL & SCIENTIFIC LIMITED,28051991372,122216636,50007145,15002144,2022-23
AUSTRALASIAN PERFORMING RIGHT ASSOCIATION LIMITED,42000016099,435053590,,,2022-23
AUSTRALASIAN POWER SOLUTIONS PTY LTD,51618477142,132846655,9612349,2883705,2022-23
AUSTRALASIAN SOLVENTS AND CHEMICALS COMPANY PTY LTD,57095441080,213402830,4089136,1193652,2022-23
AUSTRALIA BY SAINT PTY LTD,56624004566,172500365,16142349,4773105,2022-23
AUSTRALIA JINDING GROUP PTY LTD,11612252463,101630759,,,2022-23
AUSTRALIA MILLING GROUP PTY LTD,57127428406,211416195,,,2022-23
AUSTRALIA OCEAN LOGISTICS PTY LTD,54626546807,185140367,,,2022-23
AUSTRALIA PACIFIC AIRPORTS CORPORATION LIMITED,89069775266,1055492508,,,2022-23
AUSTRALIA PACIFIC LNG PTY LTD,68001646331,11315191510,,,2022-23
AUSTRALIA ZHIRAN CO. PTY LTD,87619268727,234083103,7764861,2329458,2022-23
AUSTRALIAN AGED CARE PARTNERS HOLDINGS PTY LTD,20162265983,780044151,646585119,193454876,2022-23
AUSTRALIAN AGRICULTURAL COMPANY LIMITED,15010892270,564069828,,,2022-23
AUSTRALIAN BAKELS PTY LIMITED,35000112836,163291551,13554952,4066486,2022-23
AUSTRALIAN BUILDING COMPANY PTY LTD,71603519366,157548240,,,2022-23
AUSTRALIAN BULLION COMPANY (N S W) PTY LTD,82002858602,1502860571,14116934,4235080,2022-23
AUSTRALIAN CAPITAL EQUITY PTY LTD,88009412328,110656146,93701688,,2022-23
AUSTRALIAN CARAVAN CENTRE PTY LTD,86615916937,119728597,2956889,887067,2022-23
AUSTRALIAN CHOICE EXPORTS PTY LTD,51607783586,108601492,6225216,1867565,2022-23
AUSTRALIAN CLINICAL LABS LIMITED,94645711128,703495374,32737119,9695277,2022-23
AUSTRALIAN COMFORT GROUP HOLDINGS PTY LTD,48143785522,203186192,,,2022-23
AUSTRALIAN COUNTRY CHOICE HOLDINGS PTY LTD,87009729999,912930789,,,2022-23
AUSTRALIAN DAIRY FARMERS CORPORATION LTD,80456117281,236388776,459856,137957,2022-23
AUSTRALIAN ENERGY HOLDINGS NO.1 PTY LTD,18654672670,1797232499,,,2022-23
AUSTRALIAN FINANCE GROUP LIMITED,11066385822,985183300,54171207,13422791,2022-23
AUSTRALIAN FOOD & AGRICULTURE COMPANY LIMITED,38005858293,216831514,16075732,4364277,2022-23
AUSTRALIAN FOOTWEAR PTY LTD,40168259210,318821055,,,2022-23
AUSTRALIAN FOUNDATION INVESTMENT COMPANY LIMITED,56004147120,357368946,511884986,42703228,2022-23
AUSTRALIAN FRESH MILK HOLDINGS PTY LTD,89606506290,177446332,1096839,,2022-23
AUSTRALIAN GAS NETWORKS HOLDINGS PTY LIMITED,24169818026,673485369,6629445,1988834,2022-23
AUSTRALIAN GOLD REAGENTS PTY LTD,93009140121,361138406,,,2022-23
AUSTRALIAN GRAIN EXPORT PTY LTD,92073563185,1709467893,142021427,39279208,2022-23
AUSTRALIAN LAMB COMPANY PTY LTD,51007340123,207783759,28653612,8596084,2022-23
AUSTRALIAN LEISURE AND HOSPITALITY GROUP PTY LIMITED,37067391511,6829321929,639237316,191771195,2022-23
AUSTRALIAN LOGISTICS ACQUISITION HOLDINGS PTY LTD,28611628909,2499179932,,,2022-23
AUSTRALIAN MEAT GROUP PTY LTD,75168396316,553901171,,,2022-23
AUSTRALIAN MERINO EXPORTS PTY LTD,57151148435,199694352,698681,209604,2022-23
AUSTRALIAN MOTOR GROUP PTY LTD,67095047902,322925290,17244668,5173400,2022-23
AUSTRALIAN MOTORS S.A. PTY. LIMITED,60007635958,185242165,7696343,2308903,2022-23
AUSTRALIAN NATURE INVESTMENT PTY LTD,16611339621,461304487,3151834,,2022-23
AUSTRALIAN OUTBACK BEEF PTY LTD,92613901161,178534670,144581729,43374519,2022-23
AUSTRALIAN PAYMENTS PLUS LTD,19649744203,237823854,14465652,,2022-23
AUSTRALIAN PLASTIC PROFILES PTY LIMITED,77001414759,169966858,36716677,11015003,2022-23
AUSTRALIAN POSTAL CORPORATION,28864970579,8941294995,,,2022-23
AUSTRALIAN PRODUCE PARTNERS PTY LTD,97656102626,150473690,3485808,1045742,2022-23
AUSTRALIAN RAIL TRACK CORPORATION LIMITED,75081455754,868695297,,,2022-23
AUSTRALIAN REGISTRY FINANCE PTY LTD,38617925916,102082302,,,2022-23
AUSTRALIAN STEEL TRADERS PTY LTD,93644181028,122769168,7413537,2224061,2022-23
AUSTRALIAN TERMINAL OPERATIONS MANAGEMENT PTY LTD,70606006866,117070950,4087731,1226319,2022-23
AUSTRALIAN TIMKEN PTY LTD,91004379444,102775812,10283885,3085166,2022-23
AUSTRALIAN TOOL CORP PTY LTD,31094699537,152452362,12963568,3889070,2022-23
AUSTRALIAN TRAILER SOLUTIONS GROUP PTY LTD,88614717261,331600572,14549317,2768097,2022-23
AUSTRALIAN TYRE TRADERS PTY LTD,54097694141,103267399,9609121,2882736,2022-23
AUSTRALIAN UNITED RETAILERS LTD AND CONTROLLED ENTITIES,93077879782,155493360,3349175,1004752,2022-23
AUSTRALIAN UNITY LIMITED,23087648888,1860003424,,,2022-23
AUSTRALIAN VENUE CO. HOLDINGS LIMITED,90619977070,647243368,33182458,2931635,2022-23
AUSTRALIAN VINTAGE LIMITED,78052179932,276667000,7802106,2340632,2022-23
AUSTRALIAN WHOLESALE MEATS (SYDNEY) PTY LTD,12132145638,139066738,6803327,1933855,2022-23
AUSTREO COMMERCIAL VENTURES PTY LTD,19618406901,153462466,67380359,20214108,2022-23
AUSWIDE BANK LTD,40087652060,200903019,35671900,10671213,2022-23
AUTO & GENERAL HOLDINGS PTY LTD,84086321459,517442127,,,2022-23
AUTO & GENERAL INSURANCE COMPANY LIMITED,42111586353,2063985676,138715642,41614693,2022-23
AUTO CLASSIC (W.A.) PTY LTD,66009124690,250949803,9729704,2918911,2022-23
AUTO CORNER PTY LTD,45009905079,255026212,13437815,4031344,2022-23
AUTO PARTS GROUP PTY LTD,32065899176,140140001,20397376,6119213,2022-23
AUTODESK AUSTRALIA PTY LTD,91006741340,223104244,16673190,4038082,2022-23
AUTOMATIC DATA PROCESSING LIMITED,70003924945,245931476,57095941,14493328,2022-23
AUTOMOTIVE IMPORTS PTY LTD,29005378727,291868071,12370234,3298893,2022-23
AUTOPACT PTY LTD,44608040606,1686083964,65795659,19738698,2022-23
AUTOSPORTS CASTLE HILL PTY LIMITED,65163974481,332316843,16023790,4807137,2022-23
AUTOSPORTS FIVE DOCK PTY LTD,95118786762,122261733,6223960,1867188,2022-23
AUTOSPORTS LEICHHARDT PTY LTD,38161160765,153178799,6465339,1939602,2022-23
AVADA GROUP LIMITED,57648988783,175143467,6506012,1951804,2022-23
AVANT MUTUAL GROUP LIMITED,58123154898,727486701,11025586,,2022-23
AVENG AUSTRALIA HOLDINGS PTY LTD,33108058331,1756816307,93087,,2022-23
AVEO HEALTHCARE LIMITED,75061421565,220059827,,,2022-23
AVERY PROPERTIES PTY LTD,40007713564,153639858,12025953,3607786,2022-23
AVIATION 3030 PTY LTD (IN LIQUIDATION),58150720317,121023889,108125169,32437551,2022-23
AVID PROPERTY GROUP HOLDINGS PTY LTD,46608054833,368166233,48179537,14453861,2022-23
AVIS MANAGEMENT PTY LTD,50001889336,843262114,,,2022-23
AVJENNINGS LIMITED,44004327771,300317319,16728280,5018484,2022-23
AW HOLDING GROUP PTY LTD,98622978134,864662833,,,2022-23
AW NICHOLSON PTY LTD,14118404381,165622494,5390885,1609079,2022-23
AWARE SUPER ELG FINCO PTY LTD,76649973311,142440896,,,2022-23
AWARE SUPER SERVICES PTY LTD,67633384059,235192277,44298,13289,2022-23
AWH PTY LTD,81069066842,143251663,19166752,5428317,2022-23
AWLENCAN INNOVATIONS AUSTRALIA PTY LTD,45629939948,294044682,,,2022-23
AWP AUSTRALIA HOLDINGS PTY LTD,75097227211,153420319,,,2022-23
AXICORP FINANCIAL SERVICES PTY LTD,85127606348,106875317,7763915,1838960,2022-23
AYONZ PTY LIMITED,29602266928,125737981,3308621,992586,2022-23
AZ NEXT GENERATION ADVISORY LIMITED,57167960018,139313018,28743206,8622962,2022-23
AZELIS AUSTRALIA PTY LTD,54091997027,117051099,6749287,2024786,2022-23
AZZURRI CONCRETE GROUP PTY LIMITED,13132759650,130527330,,,2022-23
B & E FOODS PTY LTD,69629618837,315387269,465555,139666,2022-23
B & E POULTRY (QUEENSLAND) PTY LTD,62154695539,129654224,8314236,2494271,2022-23
B & J CATALANO PTY LTD,68008961975,155491420,21350359,6405108,2022-23
B & J CITY KITCHEN PTY LTD,82619485353,172115146,1864396,,2022-23
B&W RURAL PTY LTD,33068943528,273467283,15381914,4614574,2022-23
B. BRAUN AUSTRALIA PTY LTD,56002945155,137932094,4972867,1484254,2022-23
B.M.D. HOLDINGS PTY. LIMITED,47010093348,1475223521,40184870,12027749,2022-23
BABCOCK & BROWN INTERNATIONAL PTY LTD,76108617483,623885316,,,2022-23
BABCOCK AUSTRALIA HOLDINGS PTY LTD,99602953739,485949903,,,2022-23
BABY BUNTING GROUP LIMITED,58128533693,521019632,14332719,4299816,2022-23
BAC HOLDINGS LIMITED,67108568038,897233101,168093441,50428032,2022-23
BACARDI MARTINI AUSTRALIA PTY LTD,40103911146,108220912,3704465,1111340,2022-23
BADGE GROUP HOLDINGS PTY LTD,18606660271,450504552,,,2022-23
BADGER HOLDINGS AUSTRALIA PTY LIMITED,43627251889,419907281,9357099,2742329,2022-23
BAE SYSTEMS AUSTRALIA HOLDINGS LIMITED,44008648333,1183907517,135354641,23543051,2022-23
BAIADA POULTRY PTY LIMITED,96002925948,2806583541,49006109,14701833,2022-23
BAIN INTERNATIONAL INC,29003850619,187739935,,,2022-23
BAKER HUGHES GROUP AUSTRALIA PTY LTD,77618893226,733464152,14616952,4368483,2022-23
BALL & DOGGETT GROUP PTY LTD,59146091625,375091305,28521585,8556476,2022-23
BALLANTYNE PTY LTD,89006036684,153576601,6637073,957433,2022-23
BALMAIN & CO PTY LTD,71613663817,157484112,5244655,1573396,2022-23
BALMORAL PASTORAL INVESTMENTS PTY. LTD.,81002238995,178067026,92778448,,2022-23
BALVERONA PTY LTD,78002826173,2384061796,150342856,45086055,2022-23
BANK AUSTRALIA LIMITED,21087651607,456957327,74601776,21864107,2022-23
BANK OF AMERICA NATIONAL ASSOCIATION,51064874531,1164572004,188992088,56697626,2022-23
BANK OF CHINA (AUSTRALIA) LIMITED,28110077622,170266678,57489073,17246684,2022-23
BANK OF CHINA LIMITED,29002979955,1573203082,376946234,112594040,2022-23
BANK OF COMMUNICATIONS CO LTD,74137909963,458943769,84664457,25399337,2022-23
BANK OF QUEENSLAND LIMITED,32009656740,4020857115,665308585,198944590,2022-23
BANKTECH AUSTRALIA PTY LTD,53057976655,134291818,1958696,587609,2022-23
BANPU AUSTRALIA CO. PTY LTD,56136468007,1845821745,3024589,,2022-23
BAO AUSTRALIA PTY LTD,54063463945,182179611,7928648,2370817,2022-23
BAPCOR LIMITED,80153199912,1860135789,105400995,31620298,2022-23
BAPSH PTY LTD,54605702618,524533139,,,2022-23
BARALABA COAL COMPANY PTY LTD,42096909634,1015547228,,,2022-23
BARANA (ST KILDA) HOLDINGS PTY LTD,72630569710,349030377,50534419,15160326,2022-23
BARBEQUES GALORE PTY LIMITED,92008577759,179401302,,,2022-23
BAROB PTY LTD,38001024915,442235447,218153661,64468973,2022-23
BARON RUBBER PTY LTD,94005178549,133173173,27277131,8048804,2022-23
BARPA PTY LTD,63600276015,129095503,4733492,1420048,2022-23
BARRENJOEY CAPITAL PARTNERS GROUP HOLDINGS PTY LIMITED,44644241510,379339746,,,2022-23
BARRETT DISTRIBUTORS PTY LTD,81005588303,100069387,59873,17958,2022-23
BARRICK (AUSTRALIA PACIFIC HOLDINGS) PTY LTD,68085702558,619462058,,,2022-23
BARRY BOURKE MOTORS PTY LTD,48006760667,116114201,2019571,605871,2022-23
BARTO INDUSTRY CO PTY LTD,84616407777,142757471,,,2022-23
BARTTER HOLDINGS PTY LIMITED,84104671561,2915711961,67362432,20208730,2022-23
BASE RESOURCES LIMITED,88125546910,114942395,,,2022-23
BASF AUSTRALIA LTD,62008437867,680097286,37346971,7025605,2022-23
BASW PTY LTD,63601452199,191607661,9939437,2981831,2022-23
BATCHFIRE CALLIDE NO. 2 PTY LTD,92004784454,254413454,,,2022-23
BATCHFIRE CALLIDE PTY LTD,55081022228,508826909,,,2022-23
BAXTER HEALTHCARE PTY LTD,43000392781,984193862,51194123,15358237,2022-23
BAY BUILDING SERVICES PTY. LTD.,34101675530,146267205,699614,209884,2022-23
BAY TRUSSES AND FRAMES PTY LIMITED,68142860197,114036875,,,2022-23
BAYER AUSTRALIA LIMITED,22000138714,1621593552,91866071,22949441,2022-23
BBC STUDIOS AUSTRALIA HOLDINGS PTY LTD,85127624104,164784588,4318722,551501,2022-23
BBMG INVESTMENTS PTY LTD,98624128749,279488159,5936722,1510825,2022-23
BBPHA 1 PTY LTD,15144078151,3418773453,6188,1856,2022-23
BBQSAM HOLDINGS PTY LTD,41159613706,675194889,61149205,18344762,2022-23
BCM TOY HOLDING CO PTY LTD,59638350080,100909194,6567025,1970108,2022-23
BDMG PTY LIMITED,82144702125,136804932,19293638,5788091,2022-23
BDO GROUP HOLDINGS LIMITED,77133657833,413831735,81258442,24357741,2022-23
BEACH ENERGY LIMITED,20007617969,1518517634,241594482,72478345,2022-23
BEAK & JOHNSTON HOLDINGS PTY LTD,49108790718,213724972,2204355,,2022-23
BEAUTY BAY PRODUCE PTY LTD,93051941854,311176967,,,2022-23
BEC FEED SOLUTIONS PTY LTD,36010345150,240624018,,,2022-23
BECA PTY LTD,85004974341,173730627,5644762,1393146,2022-23
BECHTEL AUSTRALIA PTY LTD,42006334505,454872261,17442911,5232873,2022-23
BECON CONSTRUCTIONS (AUSTRALIA) PTY LTD,78092361165,116793440,,,2022-23
BECOOL REFRIGERATED COURIERS GROUP PTY LTD,83629023016,120272764,,,2022-23
BECTON DICKINSON PTY LIMITED,82005914796,333403376,20511859,6153558,2022-23
BEGA CHEESE LIMITED,81008358503,4461938285,104485553,24448076,2022-23
BEIERSDORF AUSTRALIA LIMITED,98000025623,224287718,11441957,3432587,2022-23
BEIJER REF HOLDINGS AUSTRALIA PTY LTD,28607082379,400891440,24184119,7255236,2022-23
BEIJING JINGNENG CLEAN ENERGY (AUSTRALIA) HOLDING PTY LTD,94620007365,140153701,72884162,21865249,2022-23
BEKAERT WIRE ROPES PTY LTD,22603902601,102114376,24408014,5349288,2022-23
BELGRAVIA GROUP PTY LTD,72050138246,316394204,10965345,3088196,2022-23
BELL FINANCIAL GROUP LIMITED,59083194763,237260129,39018292,11599819,2022-23
BELLROY PTY LTD,90137011637,119200104,13737699,4121310,2022-23
BELRON AUSTRALIA PTY LIMITED,97001052704,341092339,40078785,12023636,2022-23
BENDIGO AND ADELAIDE BANK LIMITED,11068049178,3707300873,803372831,230945089,2022-23
BENDIX PTY LTD,13606219667,212572521,,,2022-23
BENGERANG NO. 1 PTY LTD,53629739402,948652305,,,2022-23
BENNETT'S PETROLEUM SUPPLIES PTY. LTD.,71009508285,257160440,133351,39446,2022-23
BERKLEY INSURANCE COMPANY- AUSTRALIAN BRANCH,53126559706,527866532,77249050,22985575,2022-23
BERKSHIRE HATHAWAY SPECIALTY INSURANCE COMPANY AUSTRALIAN BRANCH,84600643034,901583797,100260250,30078075,2022-23
BERNARDI GROUP PTY LTD,84093421919,110870266,5060786,1518236,2022-23
BERRICK INVESTMENTS PTY LTD,77001212120,207298111,435202,130561,2022-23
BERTOCCHI SMALLGOODS PTY LTD,58163884982,197964312,6278912,1883674,2022-23
BERWICK MOTOR GROUP PTY LTD,12067078371,158751336,3514720,1054416,2022-23
BESIX AUSTRALIA HOLDINGS PTY LTD,48629502843,944922678,,,2022-23
BEST & LESS PTY LIMITED,29003724696,530502941,12538034,3761410,2022-23
BEST BAR PTY LTD,48068713539,422562883,43030024,12909007,2022-23
BEST FAB PTY LTD,83105906876,125092188,1171442,292860,2022-23
BEST SHEDS PTY LTD,78103586198,129778453,17392863,5217859,2022-23
BESTON GLOBAL FOOD COMPANY LIMITED,28603023383,184838671,,,2022-23
BETAR PRESTIGE CARS PTY LTD,60118667913,118745960,7455905,2236772,2022-23
BETASHARES FINANCIAL GROUP PTY LTD,58646305517,106415816,38121101,11425955,2022-23
BEUMER GROUP AUSTRALIA PTY LTD,27154255919,107913770,14195642,4258693,2022-23
BEYOND BANK AUSTRALIA LIMITED,15087651143,355716479,51537362,15116707,2022-23
BG AND E PTY LIMITED,67150804603,142103236,20713694,6214108,2022-23
BG INTERNATIONAL LIMITED,72114818825,598103825,,,2022-23
BGC (AUSTRALIA) PTY LTD,62005736005,1168670326,,,2022-23
BHAGWAN MARINE PTY LTD,81009154349,169108632,,,2022-23
BHCA1 PTY LTD,61611057991,156319280,,,2022-23
BHP GROUP LIMITED,49004028077,60525543731,23935080579,5454076004,2022-23
BHP IRON ORE (JIMBLEBAR) PTY LTD,95009114210,8344676007,5472694193,1641808257,2022-23
BIANCO CONSTRUCTION SUPPLIES PTY LTD,70152933750,125334041,12096935,3280800,2022-23
BIANCO REINFORCING PTY LTD,88087147251,150498362,15842127,4752638,2022-23
BIDFOOD AUSTRALIA LIMITED,33000228231,3011481389,141107779,42331485,2022-23
BIELBY GROUP PTY LTD,30647283083,231175850,18691880,5607564,2022-23
BIFM AUS HOLDINGS PTY LTD,16632468109,1051971420,56432152,16886789,2022-23
BIG BEN HOLDINGS PTY LIMITED,63008434562,1247495136,476411486,140286113,2022-23
BIG BOX HOLDINGS PTY LTD,75117287724,115705519,4498608,1349582,2022-23
BIG RIVER INDUSTRIES LTD,72609901377,449547740,27959787,8317881,2022-23
BILD GROUP PTY LTD,48645883996,375965072,,,2022-23
BILLABONG GOLD PTY LTD,34613900922,161806220,,,2022-23
BILLBERGIA GROUP HOLDING PTY LTD,32633155423,259673024,,,2022-23
BILLSON'S BEVERAGES PTY LTD,72621093061,115808555,16589014,4976704,2022-23
BING LEE ELECTRICS PTY LTD,61000733488,474042328,10523623,3157087,2022-23
BINTAN PTY LIMITED,18095076421,1067898789,,,2022-23
BIOGEN AUSTRALIA PTY LIMITED,30095760115,125796314,4514130,1354239,2022-23
BIOMAR PTY LTD,52619617248,211964826,14637457,3606212,2022-23
BIOPAK PTY LTD,48119998711,174875674,13038906,3911672,2022-23
BIOSTIME HEALTHY AUSTRALIA PTY LTD,17608153528,571719234,,,2022-23
BIS INDUSTRIES HOLDINGS LIMITED,48622481752,473308177,,,2022-23
BISALLOY STEEL GROUP LIMITED,22098674545,135694360,13628440,3974311,2022-23
BKH CONTRACTORS GROUP PTY LTD,82115165976,145774574,9764214,2929264,2022-23
BLACK RHINO GROUP PTY LTD,70609276048,236691692,16626623,4987987,2022-23
BLACK RIVER AG FUND 2 HOLDINGS (AUSTRALIA) PTY LTD,58162498624,119022994,169923531,,2022-23
BLACK STUMP VENTURES PTY LTD,41643120067,101735825,1679236,503771,2022-23
BLACKHAWK NETWORK (AUSTRALIA) PTY LTD,84123251703,191062019,,,2022-23
BLACKMAGIC DESIGN PTY LTD,30098098287,509935357,4817627,,2022-23
BLACKMORES LIMITED,35009713437,542224202,60683468,13198665,2022-23
BLACKROCK AUSTRALIA HOLDCO PTY LTD,22139463693,197014176,40691271,12207381,2022-23
BLACQUA PTE LTD,62169810011,2226179516,30117913,7959095,2022-23
BLENNER'S TRANSPORT QLD PTY LTD,36169008495,185976546,3078773,923632,2022-23
BLOC HOLDINGS (ACT) PTY LTD,74149091565,219537758,2213037,663911,2022-23
BLOOMBERG AUSTRALIA PTY LTD,47622777851,347118801,26043123,7812937,2022-23
BLOSSOMS BH WHOLESALE PTY LTD,87166261561,125797328,522378,156713,2022-23
BLUE COLLAR RECRUITMENT PTY LIMITED,67105263152,103020041,4423569,1327071,2022-23
BLUE CONNECTIONS PTY LTD,66630573349,115503515,245984,73795,2022-23
BLUE NRG PTY LTD,30151014658,110371206,1070173,321052,2022-23
BLUE SUN GROUP PTY LTD,47149641887,143212314,1543361,463008,2022-23
BLUE WATER SHIPPING PTY LTD,46159947092,166850255,,,2022-23
BLUECHIP INFOTECH PTY LTD,32076483808,203799077,3080229,924069,2022-23
BLUESCOPE STEEL LIMITED,16000011058,8419712577,342929962,90321973,2022-23
BLUETANG HOLDINGS PTY LTD,62659125416,107008459,,,2022-23
BLUEWATERS POWER 1 PTY LTD,93106034879,128651305,,,2022-23
BLUEWATERS POWER 2 PTY LTD,57122896968,169873766,27486555,8245966,2022-23
BLUEWAYS LAND NO 1 PTY LTD,48627036819,124312967,22085743,6625723,2022-23
BLUM AUSTRALIA PTY LTD,80076459713,139202237,14976609,4492983,2022-23
BLUNDSTONE AUSTRALIA PTY LTD,60009475852,327426338,72873663,21579836,2022-23
BM ALLIANCE COAL OPERATIONS PTY LTD,67096412752,584183237,,,2022-23
BMC SOFTWARE (AUSTRALIA) PTY LIMITED,12007280088,118594229,2807080,684810,2022-23
BMS RETAIL GROUP HOLDINGS PTY LTD,93090448007,220239765,10077154,3023146,2022-23
BMW AUSTRALIA LIMITED,11004675129,2204355231,140529360,42158808,2022-23
BNC GLOBAL INVESTMENTS PTY LTD,39618091517,272051498,,,2022-23
BNP PARIBAS ARBITRAGE,51150201880,2083597420,2481092,744328,2022-23
BNP PARIBAS S.A.,23000000117,855860377,72720731,21816219,2022-23
BNP PARIBAS SECURITIES SERVICES AUSTRALIAN BRANCH,,286905516,1119617,335885,2022-23
BOART LONGYEAR PTY LIMITED,49123052728,334447970,598878,,2022-23
BOB JANE CORPORATION PTY LTD,52005870431,165744813,10465198,3139559,2022-23
BOC AIP LIMITED PARTNERSHIP,19883689849,272421132,389131051,,2022-23
BOC LIMITED,95000029729,2163948383,346315259,103742240,2022-23
BOEHRINGER INGELHEIM PTY LIMITED,52000452308,592920944,46928104,11068725,2022-23
BOEING AUSTRALIA HOLDINGS PTY LTD,42101168932,1529263626,215936585,41491995,2022-23
BOEKEMAN MACHINERY (WA) PTY LTD,92613070090,109290879,9421550,2826465,2022-23
BOLLORE LOGISTICS AUSTRALIA PTY LTD,91055370575,304901054,9982581,2994774,2022-23
BONNEY ENERGY GROUP PTY LTD,24053113992,521036297,2317950,695385,2022-23
BOOKTOPIA PTY LTD,24096845126,198295539,,,2022-23
BOOM LOGISTICS LIMITED,28095466961,205408148,,,2022-23
BOORAN MOTORS SALES PTY LTD,89005447825,132136771,6838656,2051597,2022-23
BOORTMALT AUSTRALIA PTY LTD,70634393338,834173982,38508310,11552493,2022-23
BOOTH TRANSPORT PTY LTD,98007678622,223902707,,,2022-23
BORAL LIMITED,13008421761,3631994130,210540086,46835589,2022-23
BORG MANUFACTURING PTY LIMITED,31003246357,976208184,149561329,44868399,2022-23
BORGER CRANE HIRE & RIGGING SERVICES PTY LTD,98001947413,174072530,,,2022-23
BOSE PTY LTD,41078010607,125624743,6919875,2075962,2022-23
BOSTON SCIENTIFIC PTY LIMITED,45071676063,331592678,29896453,8968936,2022-23
BOTANY INTERNATIONAL FOODS PTY LIMITED,92083262935,139430286,2084877,625463,2022-23
BOUYGUES CONSTRUCTION AUSTRALIA PTY LTD,37144013801,615113888,,,2022-23
BOWDEN CORPORATION PTY LTD,55097029993,113278380,1653848,496154,2022-23
BOWEN & POMEROY PTY LTD,78004174887,593081843,46149387,13839907,2022-23
BOWEN BASIN COAL PTY LTD,22065321440,653988280,10004629,3001389,2022-23
BOWEN COKING COAL LIMITED,72064874620,223854282,,,2022-23
BOWEN COKING COAL MARKETING PTY LTD,22642022437,220612058,2332728,699818,2022-23
BOWEN INVESTMENT (AUSTRALIA) PTY LTD,12002806831,258183351,95984564,28266063,2022-23
BOYNE SMELTERS LIMITED,90010061935,1615893673,5958312,,2022-23
BP REGIONAL AUSTRALASIA HOLDINGS PTY LTD,91092495700,31722984780,2341670793,698279024,2022-23
BPIH PTY LIMITED,61100364234,594163283,,,2022-23
BPL ADELAIDE PTY LIMITED,40108037798,563591438,14536596,4360979,2022-23
BPL FOODS PTY LIMITED,38002957299,103877973,17537260,5261178,2022-23
BPS INTERNATIONAL HOLDINGS PTY LTD,14643209947,105304551,5571519,1402896,2022-23
BPW TRANSPEC PTY LTD,63006645272,139129744,18254607,5476382,2022-23
BRADKEN PTY LIMITED,33108693009,558121389,57217751,,2022-23
BRADNAMS WINDOWS AND DOORS PTY LTD,78010409819,379807986,54253623,16051087,2022-23
BRAHMAN COMMODITIES PTY LTD,70653879157,468707988,15808729,4742619,2022-23
BRAMBLES LIMITED,89118896021,1400744981,342581495,86439188,2022-23
BRAND COLLECTIVE PTY LTD,34098742628,217754728,,,2022-23
BRANDO AUS HOLDCO PTY LTD,31632004392,265548343,558809,167643,2022-23
BRANDT TRACTOR PTY LTD,73157830656,267966561,5510125,1653038,2022-23
BRAVE LOGISTICS PTY LTD,73627919411,489948518,14391529,4317459,2022-23
BRAVO HOLDCO PTY LTD,22628069474,120822815,3660142,1098043,2022-23
BRAVURA SOLUTIONS LIMITED,54164391128,246821004,,,2022-23
BREAKOUT RIVER PTY LTD,25117453933,103817284,3407333,1022200,2022-23
BREDE MANAGEMENT CONSULTANTS PTY LTD,78008551264,169906764,8808503,2642551,2022-23
BREMICK PTY LIMITED,68000496131,156404646,23546435,7063930,2022-23
BRENNAN VDI PTY LIMITED,38125976007,240602978,19959317,5788789,2022-23
BRENNTAG AUSTRALIA PTY LTD,84117996595,154894687,13754136,4126241,2022-23
BREVILLE GROUP LIMITED,90086933431,503741333,129350971,20363739,2022-23
BRICE SHEET & COIL PTY LIMITED,70659504159,173324399,12384532,3715360,2022-23
BRICKLANE RESOURCES PTY LTD,46629911959,282457620,1833289,,2022-23
BRICKWORKS LIMITED,17000028526,1457337507,95974225,,2022-23
BRIDGESTONE AUSTRALIA LTD,65007516841,751001887,73364315,22009294,2022-23
BRIDGESTONE MINING SOLUTIONS AUSTRALIA PTY LTD,74000069714,914262488,39024884,11707465,2022-23
BRIGGS AND STRATTON AUSTRALIA PTY LIMITED,13006576656,133889218,,,2022-23
BRIGHANN COTTON MARKETING PTY LTD,57143025307,403786386,12503386,3751016,2022-23
BRIGHT FOOD GROUP HOLDINGS PTY LTD,95152610645,596051968,18374286,5512286,2022-23
BRISTOL-MYERS SQUIBB AUSTRALIA PTY LTD,33004333322,498711841,91952209,12956925,2022-23
BRISTOW HELICOPTERS AUSTRALIA PTY LTD,92000565579,112689932,,,2022-23
BRISVEGAS MACHINERY PTY LTD,70130561965,100393440,7787961,2322969,2022-23
BRITISH AMERICAN TOBACCO SOUTH EAST ASIA PTY LIMITED,23095066345,1029002682,408851341,121528408,2022-23
BRL HOLDINGS PTY LTD,79067554563,126955346,10091771,3027531,2022-23
BROMLEY INVESTMENTS PTY LTD,46001109628,156509714,24733463,7420039,2022-23
BROOKFIELD PROPERTY PARTNERS (BPY) AUSTRALIA PTY LTD,30620697252,293905139,49994573,14998372,2022-23
BROOKS HIRE SERVICE PTY LTD,20008975988,151379730,,,2022-23
BROTHER INTERNATIONAL (AUST) PTY LTD,17001393835,171737666,6067847,1820354,2022-23
BROWN BROS HOLDINGS PTY LTD,58005349244,113805519,5334811,1600443,2022-23
BROWN-FORMAN AUSTRALIA PTY LIMITED,87000064086,328564001,19377603,5813281,2022-23
BRP AUSTRALIA PTY LTD,64097370100,375730167,9460979,2838294,2022-23
BRUNEL AUSTRALIA HOLDINGS PTY LTD,60078544126,193061284,,,2022-23
BRYANT BUILDING CONTRACTORS PTY LTD,25076958453,110845023,322347,96704,2022-23
BSA LIMITED,50088412748,375060440,,,2022-23
BSN MEDICAL AUSTRALIA FINANCE HOLDING PTY LTD,83159120135,555678904,32573185,9163735,2022-23
BSR AUSTRALIA LIMITED,84122529695,217274323,10528371,3158511,2022-23
BT AUSTRALASIA PTY LIMITED,93003050146,170994267,8533045,2559914,2022-23
BU12 AUSTRALIA PTY LTD,84644038433,318215266,6346437,1326680,2022-23
BU13 AUSTRALIA PTY LTD,31644038648,181247057,3732704,788949,2022-23
BUCHER MUNICIPAL PTY LTD,68004992090,161526143,,,2022-23
BUICK HOLDINGS PTY LTD,76094424674,378012627,21654290,2392333,2022-23
BUILDCORP GROUP PTY LIMITED,85091336168,693381467,1456945,437084,2022-23
BUILDING ENGINEERING PTY LTD,41103839514,151038178,2532353,759706,2022-23
BUILT GROUP HOLDINGS PTY LIMITED,88163462637,2276365058,59269437,17780831,2022-23
BULK FROZEN FOODS PTY LTD,17009520512,119535672,,,2022-23
BULK FUEL AUSTRALIA PTY LTD,15122432062,143928260,2881545,864464,2022-23
BULLION CAPITAL LIMITED,67148002877,565930879,,,2022-23
BULLION NOW PTY LTD,50629016468,128210921,840167,252050,2022-23
BULLION TRADERS AUSTRALIA PTY LTD,32629016771,113292501,623434,187030,2022-23
BUMA AUSTRALIA PTY LTD,28649634579,515930467,,,2022-23
BUNDABERG BREWED DRINKS PTY LTD,40009781953,269612570,,,2022-23
BUNGE AGRIBUSINESS AUSTRALIA PTY LTD,46097843582,1289086654,105184958,31555487,2022-23
BUNZL AUSTRALASIA LIMITED,18004611090,795561814,53653878,16096163,2022-23
BUPA ANZ GROUP PTY LTD,95608490455,8986751101,552622399,164734135,2022-23
BURBANK AUSTRALASIA PTY LTD,11605846259,143353539,,,2022-23
BURBANK AUSTRALIA PTY LTD,91007099872,196410746,8174016,,2022-23
BURBANK TRADING PTY LTD,37011066934,279604708,5707957,1712387,2022-23
BUREAU VERITAS AUSTRALIA PTY LTD,15090874570,321492084,2028062,,2022-23
BURNS PHILP AND CO PTY LIMITED,65000000359,135201153,,,2022-23
BURRUP FACILITIES COMPANY PTY LTD,28122234539,1443480660,960819394,288245818,2022-23
BURRUP TRAIN 1 PTY LTD,77122234306,2164593282,633617917,190085375,2022-23
BUSWAYS BLACKTOWN PTY. LIMITED,86000173437,116337949,6896952,1775248,2022-23
BUSWAYS NORTH WEST PTY LTD,50643586770,135351946,,,2022-23
BUSY BEES AUSTRALIA HOLDING PTY LTD,82625449809,312908137,,,2022-23
BUXTON CONSTRUCTIONS (VIC) PTY LTD,93141994425,107606757,,,2022-23
BX BUNKA AUSTRALIA PTY LTD,74124163793,182912856,3660820,1098246,2022-23
BYD AUSTRALIA PTY LTD,82166009687,151470233,2215137,664541,2022-23
BYERWEN COAL PTY LTD,64133357632,1105095004,230141528,68985063,2022-23
BYRNECUT AUSTRALIA PTY LTD,94129142516,1870907153,,,2022-23
C.A.L MARKETING PTY. LIMITED,98091287259,240796329,71304015,21357690,2022-23
C.R. KENNEDY & COMPANY PROPRIETARY LIMITED,50008458884,271818399,18703587,5431719,2022-23
CADENCE CAPITAL LIMITED,17112870096,728755453,,,2022-23
CADENCE OPPORTUNITIES FUND LIMITED,37627359166,119554686,,,2022-23
CAESARSTONE AUSTRALIA PTY LTD,45121819976,168261000,6011695,1803508,2022-23
CAF RAIL AUSTRALIA PTY LTD,15146694537,154038053,2377872,713362,2022-23
CAHILL TRANSPORT AUSTRALIA PTY LTD,46151192504,119197018,,,2022-23
CAIRNS HARDWARE COMPANY PTY LTD,87009881341,160319681,6566884,1970065,2022-23
CAIRNTON HOLDINGS PTY LIMITED,79008394134,559725838,95477518,28324570,2022-23
CALCULATOR PROPERTIES LIMITED,,100794143,2852326,478929,2022-23
CALDIPP PTY LTD,69008616402,102252500,12037597,3611279,2022-23
CAMBRIDGE GULF LIMITED,16026785781,211025848,3007619,523001,2022-23
CAMCARSTRUCKS PTY LTD,90169620213,827723232,37421256,11226377,2022-23
CAMILLA AUSTRALIA PTY LTD,67135300382,125742213,6067472,1820242,2022-23
CAML RESOURCES PTY LTD,84080649029,626203012,225092551,67527765,2022-23
CAMPAIGN MONITOR AUSTRALIA 1 PTY LIMITED,45604705473,112563310,17514184,5254255,2022-23
CAMPARI AUSTRALIA PTY LIMITED,72137554726,195513723,9949041,2984712,2022-23
CAMPBELL PROPERTY GROUP PTY LTD,64126219912,510430040,,,2022-23
CAMPBELL RESI CON AVE PTY LIMITED,33601692219,194748589,,,2022-23
CAMPION EDUCATION (AUST) PTY LTD,33074318602,155032650,14244519,4273068,2022-23
CANACCORD FINANCIAL GROUP (AUSTRALIA) PTY LTD,53128279336,168473047,34947300,10473973,2022-23
CANBERRA AIRPORT HOLDINGS PTY LTD,98008608928,546777392,138982127,41694093,2022-23
CANON AUSTRALIA PTY LTD,66005002951,615579633,29911113,8766444,2022-23
CANON MEDICAL SYSTEMS ANZ PTY LIMITED,73612054707,115057759,7004680,2101404,2022-23
CANTARELLA BROS PTY LTD,68000095607,249770414,26292635,7887790,2022-23
CANVA INC.,13640855101,1439798733,69922489,,2022-23
CAPE AUSTRALIA HOLDINGS PTY LIMITED,12126824397,239686605,,,2022-23
CAPE PRESTON PORT COMPANY PTY LTD,84147842153,153579052,,,2022-23
CAPEM PTY LIMITED,42008000664,211067970,13462333,4038700,2022-23
CAPGEMINI AUSTRALIA PTY LIMITED,11092284314,815223315,,,2022-23
CAPITAL SMART GROUP HOLDINGS PTY LTD,86637044092,377874419,,,2022-23
CAPITOL HEALTH LIMITED,84117391812,186491683,331685,,2022-23
CAPRAL LIMITED,78004213692,695951535,,,2022-23
CAPRICORN METALS LTD,84121700105,321992337,,,2022-23
CAPRICORN MUTUAL LIMITED,24104601194,114249075,125034,36768,2022-23
CAPRICORN SOCIETY LIMITED,29008347313,205921486,52301475,15102598,2022-23
CAPS AUSTRALIA PTY LTD,79008877790,103868904,8645725,2578425,2022-23
CAR GROUP LIMITED,91074444018,606288033,259052291,68927233,2022-23
CARDIFF CAR CITY HOLDINGS PTY LTD,15602181751,142822388,2817225,845168,2022-23
CARDTRONICS AUSTRALIA PTY LTD,46157774224,100932595,,,2022-23
CAREY MINING PTY LTD,75073810910,102371054,,,2022-23
CARGOTEC AUSTRALIA PTY LTD,72097663431,163482583,,,2022-23
CARL ZEISS PTY LTD,82008410704,139454831,12028822,2681640,2022-23
CARLISLE HOMES PTY LTD,86106263209,547127477,17246923,4574077,2022-23
CARMAN'S FINE FOODS PTY LTD,37109604202,166184964,11044024,3313207,2022-23
CARMICHAEL RAIL HOLDINGS PTY LTD,32601738827,110518064,,,2022-23
CARNEY TOWNSVILLE PARTNERSHIP,16842172023,153812521,3749237,1124771,2022-23
CARPET COURT AUSTRALIA LIMITED,77001195697,226698655,,,2022-23
CARRIER INVESTMENTS AUSTRALIA PTY LTD,12117282149,231637097,35659191,8830615,2022-23
CARTER GRANGE PTY LTD,51143423438,125658236,2357873,707362,2022-23
CASA TECHNOLOGIES PTY LIMITED,11632730020,218932001,,,2022-23
CASELLA WINES PTY LIMITED,96060745315,457209888,46105874,13831762,2022-23
CASEY BLOCK SERVICES PTY LTD,19619574186,172603305,109669176,32900753,2022-23
CASH CONVERTERS INTERNATIONAL LTD,39069141546,291225100,28534600,8507235,2022-23
CASTLEREAGH AUTOMOTIVE PTY LTD,84136581970,148761270,7183735,2155120,2022-23
CASTLYN PTY LTD,52072572322,207802109,,,2022-23
CATEGORY 5 LABOUR MANAGEMENT (WA) PTY LTD,60625535506,130577781,,,2022-23
CATER CARE HOLDINGS PTY LTD,69603124812,396742113,15879783,4763935,2022-23
CATERING INDUSTRIES PTY LTD,92000491869,138510112,1877048,560521,2022-23
CATERPILLAR FINANCIAL AUSTRALIA LIMITED,70006714585,266232684,108339459,31770781,2022-23
CATERPILLAR HOLDINGS AUSTRALIA PTY LTD,26003430135,1464798827,384794281,100318426,2022-23
CATHAY PACIFIC AIRWAYS LIMITED,57000479514,266672479,,,2022-23
CATHIE REID PTY LTD,15130479935,153343392,,,2022-23
CAVCORP (QLD) NO. 6 PTY LTD,80632205924,159673404,,,2022-23
CAVCORP QLD PTY LTD,99105868068,110437210,,,2022-23
CBH GRAIN PTY LTD,39089394883,4719748282,386996233,116091056,2022-23
CBH GROUP HOLDINGS PTY LTD,74068223147,311684445,10133334,3040000,2022-23
CBH RESOURCES LIMITED,27009423858,122221767,,,2022-23
CBRE PTY LIMITED,57057373574,908355945,54057477,15736761,2022-23
CCCI AUSTRALIA PTY LTD,95603555988,6062412871,,,2022-23
CCEP HOLDINGS (AUSTRALIA) PTY LTD,80645547968,3766516386,440717416,131586832,2022-23
CCMSM MANUFACTURING PTY LTD,92611555401,101113472,3324699,997410,2022-23
CCP VI VG HOLDINGS PTY LTD,41630151530,207437269,10355694,3106708,2022-23
CDB GOLDAIR AUSTRALIA PTY LTD,50162661323,137872065,17467509,5240253,2022-23
CDC GROUP HOLDINGS PTY LTD,67612332073,1149962434,,,2022-23
CDC MANAGEMENT PTY LTD,50606815178,757576027,22249222,6674767,2022-23
CEA TECHNOLOGIES PTY LIMITED,99059951183,249795772,34866643,3584755,2022-23
CEDAR WOODS PROPERTIES LIMITED,47009259081,393511754,38215510,11464653,2022-23
CELANESE PTE LTD,59400614145,133703905,20838,6251,2022-23
CELGENE PTY LIMITED,42118998771,172296875,70131560,21039468,2022-23
CELSUS SECURITISATION PTY LTD,18147998230,181177578,,,2022-23
CEMENT AUSTRALIA HOLDINGS PTY LTD,99001085561,485223750,,,2022-23
CENTAMIN EGYPT LIMITED,86007700352,1146712091,,,2022-23
CENTENARY AUSTRALIA PTY LIMITED,77085156216,474213373,38104447,10975822,2022-23
CENTRAL EQUITY LTD,27006708738,186264808,70763993,21229198,2022-23
CENTRAL NATIONAL AUSTRALIA PTY LTD,49000724023,100502723,2697155,809146,2022-23
CENTRE COM SUNSHINE PTY LTD,96084165293,200793081,234877,70463,2022-23
CENTREPOINT ALLIANCE LIMITED,72052507507,272260802,,,2022-23
CENTURIA CAPITAL LIMITED,22095454336,320429924,32097531,3393682,2022-23
CENTURY YUASA BATTERIES PTY LTD,66009685232,341438035,22572221,6771666,2022-23
CENVERSA LIMITED,55092375221,149758221,2341691,344528,2022-23
CEREAL PARTNERS AUSTRALIA PTY LIMITED,98120338249,201769000,9433318,2414263,2022-23
CERIDIAN AUSTRALIA PTY LTD,43611427206,120961513,,,2022-23
CERNER CORPORATION PTY LIMITED,23051063435,123735276,5363761,1609128,2022-23
CERTIS AUSTRALIA PTY LTD,51602871287,386888745,,,2022-23
CESSNOCK AUTOMOTIVE SALES PTY LIMITED,11089268397,136131535,4417619,1325286,2022-23
CEVA FREIGHT (AUSTRALIA) PTY LTD,58000820075,293800510,,,2022-23
CEVA PTY LTD,27122147433,577435714,,,2022-23
CGI INFORMATION SYSTEMS AND MANAGEMENT CONSULTANTS PRIVATE LIMITED,,724050170,14450,4335,2022-23
CH ROBINSON WORLDWIDE (AUSTRALIA) PTY LIMITED,51135205551,1773931001,34012474,10203742,2022-23
CH2 HOLDINGS PTY LIMITED,80113630505,2187527453,12333350,3700005,2022-23
CHALLENGER LIMITED,85106842371,2654428076,118320468,20486787,2022-23
CHAMBERLAIN HOLDINGS LIMITED,85008688202,2958675319,197653598,59290261,2022-23
CHAMPION IRON LTD,34119770142,124622931,,,2022-23
CHANEL (AUSTRALIA) PTY LTD,83000012153,571539025,116957626,35087288,2022-23
CHARLES HULL CONTRACTING CO PTY LTD,20008694406,206640020,12913208,3854158,2022-23
CHARTER HALL LIMITED,57113531150,679267223,431193826,119294214,2022-23
CHARTER HALL LWR PTY LIMITED,22613952346,108909071,,,2022-23
CHARTER HALL OPPORTUNITY FUND NO.5,26940162692,224714215,34272752,10281826,2022-23
CHARTERED ACCOUNTANTS AUSTRALIA AND NEW ZEALAND,50084642571,115283683,,,2022-23
CHASE BUILDING GROUP HOLDINGS CANBERRA PTY LTD,11165179902,113347260,,,2022-23
CHEAP AS CHIPS DISCOUNT STORES PTY LTD,17616449122,125348770,1067285,320186,2022-23
CHEMIPLAS AUSTRALIA PTY LTD,29003056808,103147997,7031225,2109368,2022-23
CHENWOOD INVESTMENTS PTY LTD,24650608969,266828157,5248092,1574428,2022-23
CHESTER COMMODITIES PTY LTD,59601350430,242866193,6242697,1872809,2022-23
CHEVRON AUSTRALIA DOWNSTREAM HOLDINGS PTY LTD,15637003662,9539719162,,,2022-23
CHEVRON AUSTRALIA HOLDINGS PTY LTD,60098079344,24152116914,14363167462,4272056232,2022-23
CHINA CONSTRUCTION BANK CORPORATION,24125167553,2019229204,17888655,5366596,2022-23
CHINA EVERBRIGHT BANK CO. LTD,69322403457,164752968,37940138,11382041,2022-23
CHINA RAILWAY MATERIALS (AUSTRALIA) PTY LTD,15120794701,138380925,5408683,1622605,2022-23
CHINA YUNNAN COPPER (AUSTRALIA) INVESTMENT AND DEVELOPMENT PTY LTD,32110345750,188840839,414359,124308,2022-23
CHOBANI AUSTRALIA PTY LTD,60150876305,296087691,,,2022-23
CHRISTIAN DIOR AUSTRALIA PTY LIMITED,15072174451,243314839,66486528,19945958,2022-23
CHROMAGEN AUSTRALIA PTY LTD,12604330289,120972734,852857,255857,2022-23
CHUBB AUSTRALIA PTY LTD,13000096122,430749134,10627673,3102024,2022-23
CHUBB HOLDINGS AUSTRALIA PTY LTD,64116987618,2021638791,,,2022-23
CHUGOKU ELECTRIC POWER AUSTRALIA RESOURCES PTY LTD,14600294068,261408136,155955555,46770128,2022-23
CHURCH & DWIGHT (AUSTRALIA) PTY LTD,99008446053,106642175,16335360,4900608,2022-23
CIGARETTE & GIFT WAREHOUSE (FRANCHISING) PTY LTD,52055030567,214647652,,,2022-23
CIMIC GROUP LIMITED,57004482982,3510562641,,,2022-23
CIMPRESS AUSTRALIA PTY LTD,98137563369,239198426,,,2022-23
CIP CONSOLIDATED PTY LTD,30643593533,249463957,3331090,999327,2022-23
CIRRUS HOLDINGS 1 PTY LTD,37632829906,225993702,,,2022-23
CIRRUS NETWORKS HOLDINGS LIMITED,98103348947,112356555,3237452,,2022-23
CISCO SYSTEMS AUSTRALIA PTY LTD,52050332940,2396375923,98972980,29691894,2022-23
CITIBANK NA,34072814058,814100000,348491061,104547318,2022-23
CITIC RESOURCES AUSTRALIA PTY LTD,87107652817,805212694,40146823,,2022-23
CITIGROUP PTY LTD,88004325080,1342799535,,,2022-23
CITRIX SYSTEMS ASIA PACIFIC PTY LTD,37078874530,294421913,,,2022-23
CITY AUTO (2016) HOLDINGS PTY LTD,40611922993,102796902,2715063,814519,2022-23
CITY CHIC COLLECTIVE LIMITED,43057569169,133162994,639427,191828,2022-23
CITY HOLDINGS (AUS) PTY LTD,33135098636,665431559,24596964,7362484,2022-23
CIVCON CIVIL & PROJECT MANAGEMENT PTY LTD,95161038759,102539375,,,2022-23
CIVEO HOLDING COMPANY 1 PTY LTD,91146700441,399488495,,,2022-23
CIVICA PTY LIMITED,83003691718,192443626,30284783,8601682,2022-23
CIVIL & ALLIED TECHNICAL CONSTRUCTION PTY LTD,78077924120,156544556,,,2022-23
CIVMEC LIMITED,50604316690,835082509,75259782,22577935,2022-23
CJD EQUIPMENT PTY LTD,63008754523,807354693,58779763,17633929,2022-23
CK WILLIAM AUSTRALIA HOLDINGS PTY LTD,14613690243,1231593200,294654152,88396246,2022-23
CKD AUTOMOTIVE HOLDINGS PTY LIMITED,98128940045,301538905,14285456,4285637,2022-23
CL COMMODITIES PTY LTD,85623903079,227677817,,,2022-23
CLAREVILLE PTY LTD,42003038668,123760162,6748705,1669137,2022-23
CLARKE ENERGY (AUSTRALIA) PTY LTD,20086492935,119459484,4181004,1254301,2022-23
CLARKE'S SANDS PTY LTD,82059363478,119783829,234206,,2022-23
CLEANAWAY WASTE MANAGEMENT LIMITED,74101155220,3528407830,30918273,,2022-23
CLEARLIGHT INVESTMENTS PTY LTD,59007543544,368703684,34227738,10192057,2022-23
CLEARVIEW WEALTH LIMITED,83106248248,853418386,24474311,1960482,2022-23
CLEMENGER GROUP LIMITED,98004882928,224988026,54962516,10623192,2022-23
CLEMENGER INTERNATIONAL FREIGHT PTY. LTD.,73074240627,123762606,6099306,1829792,2022-23
CLERMONT COAL MINES LIMITED,56010487939,204032252,,,2022-23
CLEVERTRONICS PTY. LTD.,64136264349,114250653,5667981,803130,2022-23
CLOROX HOLDINGS PTY LTD,57077214076,124810519,,,2022-23
CLOUDSTAFF HOLDINGS PTY LIMITED,11613909809,102256472,5986125,1574912,2022-23
CLOVER PIPELINES PTY LTD,55166929700,136033711,5863482,1759045,2022-23
CLUB ASSIST CORPORATION PTY LTD,62065089278,139267299,3166200,949860,2022-23
CLUB WYNDHAM SOUTH PACIFIC,47710932252,105160942,,,2022-23
CMC HOLDINGS AUSTRALIA PTY LTD,95606819425,142582683,7899382,,2022-23
CMC MARKETS GROUP AUSTRALIA PTY LTD,99128774890,140120912,13968716,1213283,2022-23
CMOC MINING PTY LIMITED,17164997317,303756651,601669,,2022-23
CMP OILSEEDS PTY LTD,85607079390,149844552,4771558,1431467,2022-23
CMTP HOLDINGS PTY LTD,49613133903,117458256,24020194,7175201,2022-23
CNCGC AUSTRALIAN PTY LTD,65163225198,127102162,6274117,1882235,2022-23
CNH INDUSTRIAL AUSTRALIA PTY LTD,76000031130,1406059291,147286937,44186081,2022-23
CNOOC AUSTRALIA ENERGY CAPITAL MANAGEMENT PTY LTD,79129021316,1190984511,614956418,184486925,2022-23
CNOOC GAS AND POWER (AUS) INVESTMENT PTY LTD,28142591044,2568614120,,,2022-23
CNW PTY LTD,48009669836,756689126,46207991,13862397,2022-23
COATES SIGNCO PTY LIMITED,61131100046,115930099,4646059,1202139,2022-23
COBHAM AVIATION SERVICES AUSTRALIA PTY LTD,34003469574,430531878,16492973,4947892,2022-23
COBRAM ESTATE OLIVES LIMITED,32115131667,185921097,,,2022-23
COCA-COLA SOUTH PACIFIC PTY LTD,50003029794,122512490,5444633,1633390,2022-23
COCHLEAR LIMITED,96002618073,1283519228,436051723,64429580,2022-23
COCKBURN CENTRAL MOTORS PTY LTD,67605654082,161079832,2206893,662064,2022-23
CODAN LIMITED,77007590605,250725982,44988690,5749966,2022-23
COFCO INTERNATIONAL AUSTRALIA PTY LTD,25001069423,2916729655,27096750,8129025,2022-23
COFI-COM TRADING PTY LIMITED,57095403820,124053699,,,2022-23
COFORGE LIMITED,,874800290,947506,284252,2022-23
COG FINANCIAL SERVICES LIMITED,58100854788,128466568,25731149,1861911,2022-23
COGI PTY LTD,15634090092,1215694502,15835947,2063049,2022-23
COGNIZANT TECHNOLOGY SOLUTIONS AUSTRALIA PTY LTD,74100749997,408394670,23081928,6798706,2022-23
COL CRAWFORD PTY LTD,27001798081,237004137,6049981,1814994,2022-23
COLAS AUSTRALIA GROUP PTY LTD,11000388161,608504395,49445261,12190496,2022-23
COLCAP FINANCIAL LIMITED,99650487353,535728962,83179990,24953997,2022-23
COLES GROUP LIMITED,11004089936,46671683128,1504170326,433834203,2022-23
COLGATE-PALMOLIVE PTY LTD,79002792163,768394508,25030691,7497893,2022-23
COLIN BIGGERS & PAISLEY PTY LTD,28166080682,107681483,16908515,5072554,2022-23
COLIN JOSS & CO. PTY. LIMITED,73003538583,475506576,2439226,731768,2022-23
COLLIERS INTERNATIONAL HOLDINGS (AUSTRALIA) LIMITED,65008178238,384695216,67941718,19419769,2022-23
COLLINS FOODS LIMITED,13151420781,1207250332,71638681,21491604,2022-23
COMCATER PTY LTD,53005974185,127728710,13196323,3958897,2022-23
COMENSURA PTY LIMITED,30120725902,613070079,3002224,900667,2022-23
COMFORTDELGRO CORPORATION AUSTRALIA PTY LTD,84002072004,705344573,28198233,8459470,2022-23
COMGEN AUSTRALIA PTY LTD,17050242441,1473586640,14142467,,2022-23
COMMERCIAL & GENERAL PTY LTD,14600978103,160265645,,,2022-23
COMMERCIAL MOTOR VEHICLES PTY LTD,84007874142,1882778979,74835932,22423553,2022-23
COMMONWEALTH BANK OF AUSTRALIA,48123123124,45732905961,11828537271,3496085283,2022-23
COMMSCOPE HOLDINGS AUSTRALIA PTY LTD,57605413456,325273834,18974101,5514838,2022-23
COMPASS GROUP (AUSTRALIA) PTY LTD,41000683125,1893084725,82964988,24889496,2022-23
COMPETITIVE FOODS AUSTRALIA PTY LTD,48010542908,1706276195,92878429,27419328,2022-23
COMPUTERSHARE LIMITED,71005485825,1829694429,69863435,14649770,2022-23
CONCENTRIX SERVICES PTY LIMITED,63166171991,273707628,44962288,13488686,2022-23
CONGLOMERATE GOLD EXPLORATION PTY LTD,47150397158,108713622,,,2022-23
CONMAS GROUP PTY LTD,44100255623,614976052,5550090,,2022-23
CONNECTIVE GROUP PTY LTD,89162397060,107900676,31153608,9346082,2022-23
CONNECTSYDNEY PTY LIMITED,16646646808,169242783,6983325,2094998,2022-23
CONOCOPHILLIPS AUSTRALIA OPERATIONS PTY LTD,28141253787,5707640193,,,2022-23
CONSOLIDATED FOOD COMPANY PTY LTD,14153417004,237115420,5415245,1624574,2022-23
CONSOLIDATED MINERALS HOLDINGS (AUSTRALIA) PTY LTD,88127662257,259775507,,,2022-23
CONSOLIDATED PRESS INTERNATIONAL HOLDINGS LIMITED,26954755361,3489191392,3590488862,,2022-23
CONSOLIDATED PROPERTY SERVICES (AUSTRALIA) PTY LTD,54006727484,190820180,23671580,7101474,2022-23
CONSOLIDATED REAL FOODS PTY LTD,65601572472,422845407,,,2022-23
CONSORTIO PTY LIMITED,99128575619,340732517,1463048,438914,2022-23
CONSTELLATION SOFTWARE AUSTRALIA PTY LTD,50141627232,451535060,120565363,35701855,2022-23
CONSTRUCTION CONTROL PTY LIMITED,79150745154,222210243,8859661,2657898,2022-23
CONSTRUCTION SERVICES AUSTRALIA PTY LTD,99007641787,262441178,1505390,,2022-23
CONTINENTAL PTY LTD,46004390587,534849938,24856158,7456847,2022-23
CONTRACT RESOURCES GROUP PTY LTD,77637730511,166405962,12313921,3694176,2022-23
CONV AUSTRALIA HOLDING PTY LTD,98620359382,115780996,9846332,2887555,2022-23
CONVENIENCE GROUP HOLDINGS PTY LTD,48662201274,2738405756,28144021,8443206,2022-23
COOGEE CHEMICALS PTY LTD,37008747500,326437547,,,2022-23
COOK AUSTRALIA PTY LTD,27141258648,268964897,10483608,2192089,2022-23
COOL-OFF PTY LIMITED,79068308225,142773381,8665423,2599627,2022-23
COOPER ENERGY LIMITED,93096170295,199998134,,,2022-23
CO-OPERATIEVE RABOBANK U.A.,70003917655,1525809039,111678910,33503673,2022-23
COOPERATIVE MOTORS PTY LTD,50072725403,134367833,9240384,2768276,2022-23
COOPERS BREWERY LIMITED,13007871409,290985674,17040365,4904818,2022-23
COPYRIGHT AGENCY LIMITED,53001228799,127686544,,,2022-23
CORAL HOLDINGS AUSTRALIA PTY LTD,48126887750,237536738,,,2022-23
CORAL HOMES PTY LTD,44011032929,175303480,21381606,6414482,2022-23
CORAL HOMES QLD PTY LTD,53097304062,231102466,24477638,7343291,2022-23
CORANAR (AUSTRALIA) PTY LTD,12114668727,415533845,252176979,75653094,2022-23
CORDALE HOLDINGS PTY LTD,48009155837,110461969,152327715,862674,2022-23
CORDINA FOOD GROUP (HOLDCO) PTY LTD,90656209595,438172348,2750169,,2022-23
CORE DEVELOPERS PTY LTD,92625257436,108526705,,,2022-23
CORELOGIC AUSTRALIA HOLDINGS PTY LIMITED,75150637406,166357498,32285492,6430053,2022-23
CORONADO AUSTRALIA HOLDINGS PTY LTD,23623524989,3103513360,355345405,105125216,2022-23
CORONADO GLOBAL RESOURCES INC.,99628199468,1163695239,,,2022-23
CORONIS HEALTH HOLDCO PTY LTD,53617868916,287069457,22990771,6897231,2022-23
CORPORATE CARBON GROUP PTY LTD,30637262189,115281099,2212698,663809,2022-23
CORPORATE TRAVEL MANAGEMENT LIMITED,17131207611,251381485,6686623,,2022-23
CORRY LYN PTY LTD,79009678880,590220610,286152820,85813375,2022-23
CORTEVA AGRISCIENCE AUSTRALIA PTY LTD,24003771659,231445187,5677164,1703149,2022-23
CORY JOHNSTON (AUST) PTY. LIMITED,22010083020,127461044,3690635,1107190,2022-23
COSTA GROUP HOLDINGS LIMITED,68151363129,1204120894,5834593,,2022-23
COSTCO WHOLESALE AUSTRALIA PTY LTD,57104012893,4430937502,84316930,25295079,2022-23
COTTON GROWERS SERVICES PTY LTD,15001723048,166337173,,,2022-23
COTY AUSTRALIA HOLDINGS PTY LTD,52626169711,246147048,11083197,3324959,2022-23
COUNT FINANCIAL LIMITED,19001974625,112616380,3136441,940932,2022-23
COUNTRY GARDEN AUSTRALIA PTY LTD,45165045125,137329119,,,2022-23
COUNTRY ROAD GROUP HOLDINGS PTY LTD,16664111942,1159001363,117313569,34104327,2022-23
COUNTRYWIDE AUSTRALASIA LIMITED,34068162676,313884944,1281928,384578,2022-23
COVENTRY GROUP LTD,37008670102,325873862,,,2022-23
COVER GENIUS HOLDINGS PTY LTD,93635224421,167639353,,,2022-23
COVER SYNDICATE PTY LTD,54614038765,147748395,3498930,1049679,2022-23
COX AUTOMOTIVE AUSTRALIA PTY LTD,97090535505,183244290,,,2022-23
COXONS OF CASTERTON PTY LIMITED,65006365895,136529855,7674205,2302262,2022-23
CPA AUSTRALIA LTD,64008392452,192397203,,,2022-23
CPC ENGINEERING PTY LTD,73009271774,113817153,,,2022-23
CPC GROUP HOLDINGS PTY LTD,28644449758,192716852,,,2022-23
CR ANZ HOLDINGS PTY LTD,28653343483,188945905,,,2022-23
CR AUSTRALIA HOLDING PTY LTD,52627005609,185562438,24082349,4482581,2022-23
CRAIG MOSTYN HOLDINGS PTY LIMITED,14008398356,614117925,18652614,5368583,2022-23
CRANE TOPCO PTY LTD,97646044046,154894871,,,2022-23
CRANPORT PTY LIMITED,77003854000,115003970,2306069,641503,2022-23
CRAWFORD & COMPANY (AUSTRALIA) PTY LTD,11002317133,142531141,34417797,10324523,2022-23
CRAYON AUSTRALIA HOLDING PTY LIMITED,37653041313,369470116,,,2022-23
CREATION HOMES (SA) PTY LTD,29629201869,109951437,10218668,3065600,2022-23
CREATION HOMES GROUP PTY LTD,26628777006,450959981,,,2022-23
CREDIT AGRICOLE CORPORATE AND INVESTMENT BANK,80654071075,186393764,81506788,24452036,2022-23
CREDIT CORP GROUP LIMITED,33092697151,351028485,71635502,21282974,2022-23
CREDIT DATA SOLUTIONS PTY LTD,72606370576,145151961,,,2022-23
CREDIT SUISSE AG,17061700712,488687745,70065396,21019619,2022-23
CREDIT SUISSE HOLDINGS (AUSTRALIA) LIMITED,96008496713,454697641,,,2022-23
CREDIT UNION AUSTRALIA LIMITED,44087650959,653154784,69302900,19232074,2022-23
CREMA CONSTRUCTIONS PTY LTD,70137733290,268211536,1733215,519964,2022-23
C-RES (QLD) PTY LTD,61158250992,268733046,797506,239252,2022-23
CRISP BROS. & HAYWARDS PTY LTD,88009483694,121585725,13165810,3949743,2022-23
CROFTMINSTER PTY. LTD.,11007061314,217699652,38904472,11671342,2022-23
CROKERS FUEL & OILS PTY LTD,41069396354,214963274,7682630,2304789,2022-23
CROP SMART PTY LTD,28093927961,161370815,4389539,1316862,2022-23
CROPLINE GROUP PTY LTD,35645548965,140171075,3806435,1141930,2022-23
CROWDSTRIKE AUSTRALIA PTY LTD,19613865295,140400805,18963502,2727885,2022-23
CROWN EQUIPMENT PTY LIMITED,79000514858,387251365,7255193,2176558,2022-23
CRRC CHANGCHUN AUSTRALIA RAIL PTY LIMITED,52615414072,404163523,,,2022-23
CS (AUSTRALIA) PTY LIMITED,84093488361,712315184,,,2022-23
CSC STEEL AUSTRALIA HOLDINGS PTY LTD,27123783282,112545772,74869812,,2022-23
CSE GLOBAL (AUSTRALIA) PTY LTD,85109958090,169217891,10235388,3070616,2022-23
CSG INTERNATIONAL PTY LTD,33082026551,187414871,,,2022-23
CSL LIMITED,99051588348,4543775356,109677978,,2022-23
CSR LIMITED,90000001276,2171369169,196208777,48410743,2022-23
CT FREIGHT PTY. LTD.,89002489705,267326571,24002911,7200873,2022-23
CT GROUP HOLDINGS NO. 6 PTY LTD,31160459727,209826305,209825466,10961862,2022-23
CT INVESTMENTS GROUP PTY LIMITED,74634004907,231482769,,,2022-23
CTC PRECAST PTY LTD,12614966059,297007027,28819158,8645747,2022-23
CTI LOGISTICS LIMITED,69008778925,303394631,18502959,5549883,2022-23
CUE & CO PTY LIMITED,57000725306,108089013,,,2022-23
CUMMINS FILTRATION INTERNATIONAL CORPORATION,60007505473,134214023,9194544,2758363,2022-23
CUMMINS SOUTH PACIFIC PTY LTD,42006332949,1181786204,221356544,66406963,2022-23
CURRIMUNDI MOTORS PTY LTD,28112296223,181359225,9135108,2740532,2022-23
CUSCAL LIMITED,95087822455,384587785,45925794,8461246,2022-23
CVS LANE HOLDINGS PTY LTD,69154742097,130414424,15784137,4735241,2022-23
CW GROUP HOLDINGS LIMITED,83635851839,4999137314,384102572,112980400,2022-23
CWF HOLDINGS PTY LTD,66142083323,200681592,24393162,7317948,2022-23
CX HOLDCO PTY LIMITED,92653475417,808021389,,,2022-23
CXC CORPORATE SERVICES PTY LTD,58150274007,665793285,,,2022-23
CYBERCX HOLDINGS PTY LTD,24629361806,230065100,,,2022-23
CYCLONE GLOBAL PTY LIMITED,89103907375,109351865,6305032,1891510,2022-23
CYCON CIVIL PTY LTD,81144647558,100529582,,,2022-23
D & C CORPORATION PTY LTD,37159824736,106733699,255518,76655,2022-23
D & E AIR CONDITIONING PTY LIMITED,24158631979,192818903,,,2022-23
D & M LYONE HOLDINGS PTY LTD,45102456851,309672356,41053435,12251037,2022-23
D M & M T NOLAN PTY LTD,29009767766,130423203,,,2022-23
D&G DREAM INVESTMENTS HOLDINGS PTY LTD,83633221299,159927867,,,2022-23
D.E HOLDING AUSTRALIA PTY LTD,16100632595,375642891,56626876,16988063,2022-23
DAC FINANCE PTY LIMITED,28129420444,878696032,,,2022-23
DACHSER AUSTRALIA PTY LTD,94056550700,130490708,3046439,913932,2022-23
DACIAN GOLD LIMITED,61154262978,127438161,,,2022-23
DAHENA PTY LTD,34003081061,334867681,6015033,1804510,2022-23
DAHLSENS BUILDING CENTRES PTY LTD,30005032333,320708100,10676512,3202954,2022-23
DAIKIN AUSTRALIA PTY LTD,62000172967,1222049875,58637623,16004902,2022-23
DAIMLER TRUCK HOLDING AUSTRALIA PACIFIC PTY LTD,62629141699,1152915321,36002401,10800720,2022-23
DAIRY FARMERS MILK CO-OPERATIVE LIMITED,74669522867,105089214,113016,,2022-23
DAISHO DEVELOPMENT SYDNEY PTY LTD,90129002357,112962447,,,2022-23
DAIWA HOUSE AUSTRALIA PTY LTD,90169473241,252072895,,,2022-23
DALE ALCOCK HOMES PTY LTD,61009217887,170369919,,,2022-23
DALRYMPLE BAY COAL TERMINAL PTY LTD,12010268167,325504743,32390674,9717202,2022-23
DALRYMPLE BAY INFRASTRUCTURE LIMITED,76643302032,626361627,13752616,4125785,2022-23
DAMPIER SALT LTD,30008706590,541115033,39025859,11707758,2022-23
DANA AUSTRALIA (HOLDINGS) PTY LTD,29000145657,105407924,,,2022-23
DANAHER AUSTRALIA HOLDING PTY LTD,80122016424,700451484,73714809,17013127,2022-23
DAN-BUNKERING (AUSTRALIA) PTY LTD,26123643952,216246790,489895,138168,2022-23
DANDENONG MITS PTY LTD,34149410024,286162920,15775464,4732639,2022-23
DANFOSS (AUSTRALIA) PTY LTD,93004385997,102492032,2339379,701814,2022-23
DANONE SAPUTO DAIRY AUSTRALIA PTY LTD,32143172258,123501634,52770,,2022-23
DARACON CONTRACTORS PTY LTD,82002344667,322511756,,,2022-23
DARWALLA POULTRY DISTRIBUTORS PTY LTD,20009717873,140316589,62100,18630,2022-23
DARWIN AUTOMOTIVE PTY LTD,35627496431,127167416,3657981,1097394,2022-23
DARWIN LNG PTY LTD,48085130981,2266122516,,,2022-23
DARWIN'S THEORY PTY LIMITED,68648162903,136096503,68387302,20473623,2022-23
DASCO AUSTRALIA PTY LTD,32135751049,103035135,,,2022-23
DATA#3 LIMITED,31010545267,2564904084,54727523,16418257,2022-23
DATACOM AUSTRALIA HOLDINGS PTY LIMITED,45094235373,628229263,,,2022-23
DATS PTY LTD,26001733697,136701833,4387017,1316105,2022-23
DAVID JONES PTY LIMITED,75000074573,638840323,,,2022-23
DAVIDSON TECHNOLOGY (AUST) PTY LTD,51167752258,180461416,4704915,1411474,2022-23
DAVIE GROUP HOLDINGS PTY LTD,56646762370,152591424,15306280,4591884,2022-23
DAVIES BAKERY PTY LTD,25123302036,123842872,18627421,5588226,2022-23
DAVIS LANGDON PROPERTY SERVICES PTY LTD,97006986947,919192399,68481686,20442074,2022-23
DBG (AUSTRALIA) PTY LIMITED,79010693713,107922871,,,2022-23
DBS BANK LTD,46601105373,339989651,123039995,36911998,2022-23
DCL CORP PTY LTD,60633008992,158792432,5983951,1730900,2022-23
DDH1 LIMITED,48636677088,516046479,,,2022-23
DDT HOLDINGS PTY LTD,20137675140,279410662,14586734,4376020,2022-23
DE BORTOLI WINES PTY LIMITED,77000146672,185465378,,,2022-23
DE LUCA CONSTRUCTION HOLDINGS PTY LTD,43659585065,164299752,4552159,1365648,2022-23
DEAKIN TOPCO PTY LTD.,29657472074,612719092,,,2022-23
DECJUBA PTY LTD,22611918873,212054380,45077044,13523113,2022-23
DECMIL GROUP LIMITED,35111210390,489167086,,,2022-23
DEFENCE BANK LIMITED,57087651385,138453108,41628115,9405564,2022-23
DEFENCE HOUSING AUSTRALIA,72968504934,870582896,115350372,34605112,2022-23
DEICORP PROPERTY GROUP PTY LTD,58169423250,435730791,,,2022-23
DEICORP PTY LIMITED,55138180337,408873545,5232281,1569684,2022-23
DELAWARE NORTH COMPANIES AUSTRALIA PTY LTD,92003435345,474234016,12427382,3728215,2022-23
DELL AUSTRALIA PTY LTD,46003855561,366803538,87944031,26254245,2022-23
DE'LONGHI AUSTRALIA PTY LIMITED,49104012857,207539392,9445938,2833580,2022-23
DELTA AGRIBUSINESS PTY LTD,93118781445,878100645,39734593,11920378,2022-23
DELTA ELECTRICITY PTY LTD,66620205263,550802704,78171641,23451492,2022-23
DELTA GROUP HOLDINGS PTY LTD,37159149185,768421597,29988954,8996686,2022-23
DEMANT AUSTRALIA PTY LTD,11636246305,211961502,7548227,2264468,2022-23
DEMATIC HOLDINGS PTY LTD,50121488202,368727982,16168777,4509450,2022-23
DEMETER CORMACK PTY LTD,77134279977,259739278,22147670,6644301,2022-23
DENGKOL PTY LTD,82005518258,369854192,21914105,6574232,2022-23
DENNIS FAMILY CORPORATION PTY LTD,67605630144,327678884,123248977,36974693,2022-23
DENNIS FAMILY HOLDINGS PTY LTD,39097641855,312698192,280961,84288,2022-23
DENRITH PTY LIMITED,46060434871,107602140,1662664,498799,2022-23
DENTONS AUSTRALIA LIMITED,69100963308,124630886,31389635,9416890,2022-23
DENTSPLY SIRONA PTY LIMITED,87111950602,151083092,13476180,4042854,2022-23
DENTSU AUSTRALIA HOLDINGS PTY LTD,60147301700,264975388,,,2022-23
DESIGNWORKS INTERNATIONAL PTY LTD,99644545193,136841531,8563425,2569028,2022-23
DETERRA ROYALTIES LIMITED,88641743348,230547929,259742218,77922665,2022-23
DETMOLD HOLDINGS PTY LTD,87007527022,380426952,,,2022-23
DEUTSCHE AUSTRALIA LIMITED,37006385593,302528545,,,2022-23
DEUTSCHE BANK AKTIENGESELLSCHAFT,13064165162,637538021,,,2022-23
DEVELOPER GROUP HOLDINGS PTY LTD,47166966114,170450771,,,2022-23
DEXUS COMMUNITY INFRASTRUCTURE HOLDINGS PTY LIMITED,20122620884,127872677,11153962,3064308,2022-23
DEXUS FINANCE PTY LIMITED,29110473786,180661000,,,2022-23
DEXUS OPERATIONS TRUST,69645176383,520603840,87420784,25237023,2022-23
DFA AUSTRALIA LIMITED,46065937671,125403648,24574274,7372282,2022-23
DFD RHODES PTY LTD,67008672731,223102354,99471113,28748589,2022-23
DFF PTY LTD,28129932887,117463646,117454751,35236425,2022-23
DGL GROUP LIMITED,71002802646,439047918,23267457,6840747,2022-23
DH BOX HILL PTY LTD,99625555553,140687218,,,2022-23
DHL EXPRESS (AUSTRALIA) PTY LTD,62001112929,1130318525,48181855,14454556,2022-23
DHL GLOBAL FORWARDING (AUSTRALIA) PTY LIMITED,62002636124,2684812258,229506854,68852056,2022-23
DHP CONSOLIDATED PTY LTD,67606811572,174681944,980509,294153,2022-23
DIAGEO AUSTRALIA LIMITED,33004167720,742267820,80941167,24282350,2022-23
DIALOG PTY LTD,16010089175,126589792,6116131,1834131,2022-23
DIAMOND ENERGY PTY LTD,97107516334,122214729,4001769,1200531,2022-23
DIAMOND GAS RESOURCES PTY LTD,58007440664,1183706376,48600066,9959708,2022-23
DIAMOND INFRACO 2 PTY LTD,19657873811,113822248,,,2022-23
DIAMOND OFFSHORE GENERAL LLC,91050122051,172531877,7557687,2267306,2022-23
DIB GROUP PTY LTD,87002889474,2487827477,78794008,23638202,2022-23
DIBSTECH PTY LIMITED,66624547397,108860142,389540,116862,2022-23
DICKER DATA LIMITED,95000969362,2555326822,104437141,30776957,2022-23
DIGITAL IMAGING EXPRESS PTY LTD,92122703806,220372273,4023860,1207158,2022-23
DIPLOMA AUSTRALIA HEALTHCARE PTY LTD,51145464660,140920989,13704629,4111389,2022-23
DIRECT COURIERS GROUP PTY LTD,70637899051,254748409,34877378,10463213,2022-23
DIRECT DIGITAL GROUP HOLDINGS PTY LIMITED,64657310140,256546905,,,2022-23
DIRECT FREIGHT (AUST) PTY LTD,32071822172,197603583,4733347,1420004,2022-23
DIRECT FREIGHT EXPRESS PTY LIMITED,66060136870,524580527,20475551,6142665,2022-23
DIRECTED ELECTRONICS AUSTRALIA PTY LTD,50126066322,181954294,19033574,5710072,2022-23
DIRT WISE PTY LTD,33123070039,105679254,6955395,2086618,2022-23
DISCOUNT TYRE AND WHEEL PTY LTD,31169153468,355252685,30982278,9294683,2022-23
DISCOVERY PARKS HOLDINGS PTY LIMITED,61127847269,362572069,,,2022-23
DITCHFIELD CONTRACTING PTY LIMITED,16056793830,101285355,4265560,1279668,2022-23
DITH AUSTRALIA PTY LTD,21620953166,352267728,13137867,3941360,2022-23
DIVERGER LIMITED,48111695357,132586745,4958854,1487656,2022-23
DIVERSIFIED INFRASTRUCTURE TRUST,,146129827,9142472,2285067,2022-23
DIY RESOLUTIONS PTY LTD,72103688679,184805826,29381060,8729820,2022-23
DKSH AUSTRALIA PTY LTD,70005059307,235500153,,,2022-23
DKSH PERFORMANCE MATERIALS AUSTRALIA PTY LIMITED,88602074322,252372646,6948740,2084622,2022-23
DOEHLER AUSTRALIA HOLDINGS PTY LTD,34635064229,103407324,1049965,314990,2022-23
DOF SUBSEA AUSTRALIA PTY LTD,53083000239,185848898,,,2022-23
DOMA AUSTRALIA HOLDINGS PTY LTD,96154139189,179682955,,,2022-23
DOMAIN HOLDINGS AUSTRALIA LIMITED,43094154364,309195946,42481308,3642859,2022-23
DOMETIC AUSTRALIA PTY LTD,62086366305,267316975,21930902,6579271,2022-23
DOMINO'S PIZZA ENTERPRISES LIMITED,16010489326,704750150,13702062,,2022-23
DON WATSON PTY LTD,65004659161,101110083,,,2022-23
DONALDSON AUSTRALASIA PTY LTD,78000521200,152037771,12094230,3628269,2022-23
DONEILYN PTY LTD,69007544836,302388643,5202253,699513,2022-23
DOORDASH TECHNOLOGIES AUSTRALIA PTY LTD,96634446030,202479116,,,2022-23
DORMAKABA HOLDING AUSTRALIA PTY LTD,82005869447,353755461,29013341,8704002,2022-23
DORRIEN ESTATE WINERY PTY LTD,81003775139,248158489,4035152,1210546,2022-23
DORSETT RETAIL PTY LTD,30100205329,145894536,3336952,1001086,2022-23
DORSOGNA LIMITED,27063427752,305870734,,,2022-23
DOUGLAS AND MANN PTY LTD,74076987007,130011388,30105482,9031645,2022-23
DOUGLAS CONSTRUCTION & ENGINEERING PTY LTD,25082412011,136638849,7336025,2200808,2022-23
DOVAL CONSTRUCTIONS (QLD.) LTD,75010007155,115347865,22750774,6694704,2022-23
DOW CHEMICAL (AUSTRALIA) PTY LTD,72000264979,257004580,,,2022-23
DOW PERFORMANCE MATERIALS (AUSTRALIA) PTY LTD,29004513188,151226123,,,2022-23
DOWELL WINDOWS PTY LTD,78004069523,210348069,10786451,3235935,2022-23
DOWNER EDI LIMITED,97003872848,9324502052,217637961,21377860,2022-23
DOWNWARD SPIRAL ENTERPRISES (TAS) PTY LTD,30163277718,138678904,,,2022-23
DP WORLD AUSTRALIA (HOLDING) PTY LIMITED,58147892715,837291760,,,2022-23
DPC ADMINISTRATION PTY LTD,73092246501,129262935,,,2022-23
DR JONES & PARTNERS GROUP HOLDINGS PTY LIMITED,87158390802,113137228,16248336,4874501,2022-23
DR. OETKER QUEEN AUSTRALIA PTY LTD,92606358516,102735000,15861883,4069440,2022-23
DRA GLOBAL LIMITED,75622581935,367648878,,,2022-23
DRAEGER AUSTRALIA PTY LTD,99098885539,150265020,10621225,3185332,2022-23
DRAKE AUSTRALIA PTY LTD,42004939771,163958021,3430,,2022-23
DRAKE COAL PTY LTD,60138221600,246261643,123315599,36977194,2022-23
DRAMET PTY LTD,59109544425,291284653,11845064,3553518,2022-23
DRURY FARMING COMPANY PTY LTD,30641777513,155347927,1885366,565610,2022-23
DRW INVESTMENTS PTY LTD,48162126703,104564293,,,2022-23
DRYSDALE INVESTMENTS PTY LTD,86104614422,1075233169,23631079,6276422,2022-23
DSM NUTRITIONAL PRODUCTS AUSTRALIA PTY LIMITED,36000991793,189448249,8379503,1873259,2022-23
DSV AIR & SEA PTY LTD,47002275676,824359957,10354703,3106411,2022-23
DT GLOBAL AUSTRALIA HOLDINGS PTY LTD,49660152858,354470192,,,2022-23
DTZ AUS HOLDCO PTY LTD,36602106936,556201409,10369401,3110820,2022-23
DUCALA PTY. LTD.,38008031874,259994852,11439022,1957554,2022-23
DULUXGROUP LIMITED,42133404065,2212034447,204763744,57583747,2022-23
DUNNETT & JOHNSTON GROUP PTY LTD,58084956525,150259167,9975753,1843101,2022-23
DUNPEC PTY. LIMITED,20003552056,107753307,3125631,937675,2022-23
DURATEC LIMITED,94141614075,493656142,27674840,8146117,2022-23
DUSK GROUP LIMITED,38603018131,136688551,13687104,4106131,2022-23
DXC TECHNOLOGY AUSTRALIA HOLDINGS PTY LIMITED,33120570390,2590901459,58649322,17150778,2022-23
DYE & DURHAM HOLDINGS PTY LTD,87646897412,167518189,16688678,3223387,2022-23
DYMOCKS HOLDINGS PTY LTD,59008453110,116338629,10072113,3011335,2022-23
DYNALITE PTY LIMITED,33097246921,238708028,12417328,1961536,2022-23
DYNAMIC BRADVIEW ROOFING PTY LTD,98161333991,138143736,11285648,3385694,2022-23
DYNAMIC GROUP HOLDINGS LIMITED,49640888213,107888852,7175431,2152629,2022-23
DYNAMIC SUPPLIES PTY LTD,25064793862,212600646,1051462,315439,2022-23
DYSON APPLIANCES (AUST.) PTY LIMITED,50073072509,626388970,23723153,7069879,2022-23
E & S TRADING CO. (DISCOUNTS) PTY LTD,71007449265,259379169,4641755,1392526,2022-23
E J & W A BOOTH PTY LIMITED,68001016502,150775547,6050244,1815073,2022-23
E&P FINANCIAL GROUP LIMITED,54609913457,173783399,,,2022-23
E.B. MAWSON & SONS PTY. LTD.,14004519617,240960634,,,2022-23
EAGERS AUTOMOTIVE LIMITED,87009680013,6774585850,327965823,81337576,2022-23
EASST PTY LTD,46651942264,179293872,6208346,1862504,2022-23
EAST AUTOMOTIVE PTY LTD,78604088833,121178279,5757111,1727133,2022-23
EASTCOAST AUTOMOTIVE (QLD) PTY LTD,93162382050,177137247,56827533,17048260,2022-23
EASTERN DISTRIBUTORS PTY LTD,20050238474,123572323,2321421,696426,2022-23
EASY PAY PTY. LTD.,54152647311,457499675,9254182,2776255,2022-23
EATON INDSUTRIES PTY LTD,66103014571,311688908,12684459,3805338,2022-23
EBSCO INTERNATIONAL INC.,51002260602,128610027,5794496,1707474,2022-23
ECHO HOLDCO PTY LIMITED,50645699261,236904069,,,2022-23
ECOLAB PTY LTD,59000449990,512401254,21587289,6192796,2022-23
ECOM COMMODITIES PTY LTD,65089892713,335875286,,,2022-23
EDEN BRAE HOLDINGS PTY LIMITED,42083807489,237255080,2601147,780344,2022-23
EDMI PTY LTD,65010061391,132124074,5596559,974792,2022-23
EDWARDS LIFESCIENCES PTY LIMITED,77098906873,109550363,6305595,1425309,2022-23
EFN (AUSTRALIA) PTY LIMITED,90607344650,481306652,18430470,,2022-23
EG GROUP AUSTRALIA PTY LTD,39629792810,4695184898,38468070,11540421,2022-23
EGO PHARMACEUTICALS HOLDINGS PTY LTD,34613741352,406538658,16330783,3742902,2022-23
EIGHTCAP GROUP PTY LTD,31643881967,106846189,7078959,2123688,2022-23
EINHELL HOLDING AUSTRALIA PTY LTD,12163099885,267833415,31019283,9305785,2022-23
ELANCO AUSTRALIA HOLDING PTY LIMITED,24628673754,196989925,37251490,4783963,2022-23
ELDERS INSURANCE UNDERWRITING AGENCY PTY LIMITED,56138879026,238817708,75854677,22756403,2022-23
ELDERS LIMITED,34004336636,3311884075,42819062,,2022-23
ELECNOR AUSTRALIA PTY LTD,90164831930,519052338,,,2022-23
ELECTRA CABLES (AUST) PTY LTD,38056024385,397860665,29634591,8890373,2022-23
ELECTRANET PTY LIMITED,41094482416,477597834,57006990,17102097,2022-23
ELECTRO OPTIC SYSTEMS HOLDINGS LTD,95092708364,133815917,,,2022-23
ELECTROLUX HOME PRODUCTS PTY LIMITED,51004762341,889744102,86188294,24824374,2022-23
ELECTRONICS BOUTIQUE AUSTRALIA PTY LTD,50077681442,812214058,33996294,10198888,2022-23
ELECTUS DISTRIBUTION PTY LIMITED,30000087347,246640937,,,2022-23
ELI LILLY AUSTRALIA PTY LIMITED,39000233992,232601850,30143697,2581445,2022-23
EMC AUSTRALIA PTY LIMITED,34143603123,450551680,,,2022-23
EMECO HOLDINGS LIMITED,89112188815,883360027,,,2022-23
EMERSON PROCESS MANAGEMENT AUSTRALIA PTY LTD,99004590005,265608216,42993724,12777055,2022-23
EMICHROME PTY LTD,31002668028,203465719,274626175,3383928,2022-23
EMIRATES LEISURE RETAIL (AUSTRALIA) PTY LTD,76131473679,876222852,,,2022-23
EML NSW LTD,52003201885,344669325,99009,29703,2022-23
EMMETT HOLDINGS (SA) PTY LTD,46606055305,141592822,8102074,2430622,2022-23
EMPLOYERS MUTUAL MANAGEMENT PTY LTD,11001735191,459265246,3626619,1087986,2022-23
EMPLOYMENT HERO HOLDINGS PTY LTD,31611036796,106012996,,,2022-23
EMPLOYSURE PTY LIMITED,40145676026,183486002,56134668,16547896,2022-23
ENAEX AUSTRALIA PTY LTD,97009687487,267311340,4141662,1242499,2022-23
ENAK HOLDINGS PTY LTD,94151868772,1065308627,1704648,62844,2022-23
ENDEAVOUR ENERGY NETWORK MANAGEMENT PTY LTD,22617221495,310651952,,,2022-23
ENDEAVOUR GROUP LIMITED,77159767843,6324301276,439894020,46253920,2022-23
ENDEAVOUR MEATS PTY LTD,64117854243,233489111,3813243,1143973,2022-23
ENDEAVOUR WOOL EXPORTS PTY LTD,28621014293,425398299,2352345,705704,2022-23
ENERGIZER AUSTRALIA PTY LIMITED,91003539026,150603592,11988269,3563966,2022-23
ENERGY INFRASTRUCTURE TRUST,23779151748,177542059,50486184,11581835,2022-23
ENERGY POWER SYSTEMS AUSTRALIA PTY LTD,80055274514,268413572,19612561,5883768,2022-23
ENERGYAUSTRALIA HOLDINGS LIMITED,57101876135,7720844596,,,2022-23
ENERMECH PTY LTD,32136435062,178219897,,,2022-23
ENERO GROUP LIMITED,97091524515,116563420,,,2022-23
ENERSYS AUSTRALIA PTY LTD,52103740290,130166191,3414594,1024378,2022-23
ENERVEN ENERGY INFRASTRUCTURE PTY LTD,31621124909,204566494,7215542,2164663,2022-23
ENGENCO LIMITED,99120432144,217955291,,,2022-23
ENGIE RENEWABLES AUSTRALIA PTY LTD,59615753574,136463120,,,2022-23
ENI AUSTRALIA B.V.,18092812023,115545515,,,2022-23
ENSCO AUSTRALIA PTY LTD,79100601634,229763583,4677942,1403383,2022-23
ENSHAM COAL SALES PTY LTD,13050411713,1577677892,,,2022-23
ENSIGN (AUSTRALIA) HOLDINGS PTY LTD,71100195426,131037980,,,2022-23
ENSIGN LABORATORIES PTY LTD,11004395242,183003031,5040782,1008297,2022-23
ENTIRE OPERATIONS PTY LTD,54634099684,101658212,,,2022-23
ENTYCE FOOD INGREDIENTS PTY LTD,99120104083,115945576,,,2022-23
ENVATO PTY LTD,11119159741,311622961,49471937,10291887,2022-23
ENVIRO PIPES PTY LTD,84130666518,152651825,39148249,11744475,2022-23
EPH CONTRACTS PTY LTD,97153936273,110946792,7904999,2371500,2022-23
EPH ENTERPRISES PTY LTD,57109822246,201165226,5176295,1552888,2022-23
EPIC WRIGHT HEATON PTY LTD,65000105233,157259226,4442921,1332876,2022-23
EPIROC SOUTH PACIFIC HOLDINGS PTY LTD,87107374550,871478958,73029629,21908889,2022-23
EPSON AUSTRALIA PTY LTD,91002625783,215755150,7830527,2349158,2022-23
EPTEC HOLDCO PTY LTD,14638785387,165665728,4246520,1273956,2022-23
EQT HOLDINGS LIMITED,22607797615,139821472,43940250,13182075,2022-23
EQUIFAX AUSTRALIA HOLDINGS PTY LTD,37609497494,446168644,2659019,,2022-23
EQUINIX AUSTRALIA PTY LTD,25092807264,432926774,291160,87348,2022-23
ERA POLYMERS PTY LTD,14003055936,112321994,10359847,1596038,2022-23
ERTECH HOLDINGS PTY LTD,93008999353,300098431,121346,,2022-23
ESCARE HOLDINGS PTY LTD,76065386110,121820888,2499243,749666,2022-23
ESR GROUP HOLDINGS PTY LTD,73113065973,124468692,,,2022-23
ESR REAL ESTATE (AUSTRALIA) PTY LTD,64625761962,123391386,,,2022-23
ESRI-AUSTRALIA PTY LTD,16008852775,128357792,25908190,7506968,2022-23
ESSILOR AUSTRALIA PTY LTD,96002659458,104955953,1490928,447278,2022-23
ESTEE LAUDER PTY LIMITED,63008444719,323162414,57654330,17294895,2022-23
ESTHER INVESTMENT PROPRIETARY LIMITED,68004459536,176553335,,,2022-23
ESTIA HEALTH LIMITED,37160986201,806028000,50462192,15138658,2022-23
ETEX HOLDING AUSTRALIA PTY LTD,54645836531,323206392,36628183,9375483,2022-23
ETG COMMODITIES PTY LTD,71643241329,749033833,9538398,2861519,2022-23
ETHAN GLOBAL PTY LTD (FORMERLY ETHAN GROUP),93099503456,203800876,846776,54507,2022-23
ETHOS BEATHCHAPMAN AUSTRALIA PTY LTD,15628088451,154235219,4676480,1402944,2022-23
ETIHAD AIRWAYS PJSC,40123078688,222743000,,,2022-23
ETS INFRASTRUCTURE MANAGEMENT PTY LTD,38070013884,164635694,,,2022-23
ETSA UTILITIES FINANCE PTY LTD,78091701825,126500750,,,2022-23
ETTASON PTY LTD,47002837390,226011870,5927777,1441476,2022-23
EUDUNDA FARMERS LTD,30008222188,205886231,8440512,2470420,2022-23
EUROFINS AUSTRALIA NEW ZEALAND HOLDING PTY LTD,99612485819,124096795,,,2022-23
EUROPCAR HOLDING PTY LTD,72130750640,282153327,23210885,6963266,2022-23
EVAND PTY LTD,59072254007,486846740,62758866,18820010,2022-23
EVANS PETROLEUM GIPPSLAND PTY LTD,44007455192,311623763,5113252,1278313,2022-23
EVERGREEN GARDEN CARE AUSTRALIA HOLDINGS PTY LTD,18620606840,162373964,9219661,2765898,2022-23
EVOLUTION MINING LIMITED,74084669036,2003282203,157728734,46371897,2022-23
EVT LIMITED,51000005103,671110390,7118960,4335,2022-23
EVZ LIMITED,87010550357,104538298,111807,,2022-23
EW PACIFIC PTY LTD,64160098162,554669085,29219525,8765858,2022-23
EWE GROUP PTY LTD,46142232273,102535652,,,2022-23
EXACT CONTRACTING GROUP PTY LTD,65057760353,327878305,,,2022-23
EXCELSIOR CAPITAL LIMITED,98050542553,104915193,15072365,4353291,2022-23
EXCHANGE FOR CHANGE (NSW) PTY LIMITED,12620512469,452983959,1566167,469850,2022-23
EXCLUSIVE NETWORKS PTY LTD,26102858542,165275672,4188883,1256665,2022-23
EXPEDIA AUSTRALIA PTY LTD,12101694946,163465876,3789850,1136837,2022-23
EXPEDITORS INTERNATIONAL PTY LIMITED,79003337282,216488824,19765536,5929661,2022-23
EXPORT TRADING GROUP AUSTRALIA PTY LTD,92168116041,264172442,10981673,3294502,2022-23
EXPRESSWAY HOLDINGS PTY LTD,98651132017,147452955,18956929,5687079,2022-23
EXXONMOBIL AUSTRALIA PTY LTD,48091561198,25729366873,3444449297,844521332,2022-23
EY RUBIX PTY LTD,34604477009,199609459,15391148,4617344,2022-23
EZYQUIP HIRE PTY LTD,39129600308,103659037,,,2022-23
F K GARDNER & SONS PTY LTD,99010136053,395962325,9937168,2981150,2022-23
F MAYER (IMPORTS) PTY LIMITED,51000697889,207656038,8014340,1984241,2022-23
F. LAUCKE PROPRIETARY LIMITED,94007519833,106951574,9314162,2794249,2022-23
FACEBOOK AUSTRALIA PTY LIMITED,83134012543,1262075477,126358601,37907580,2022-23
FACTORY MUTUAL INSURANCE COMPANY,47163108861,483747301,23873047,6727842,2022-23
FACTORY X PTY LTD,51078151667,164070846,10849396,3254819,2022-23
FAIRBROTHER PTY LTD,51009510561,324648719,6984603,1618728,2022-23
FAIRLAND GROUP PTY LTD,13609132363,121544462,31205365,7433038,2022-23
FAIRMONT HOMES GROUP PTY LTD,26110542553,166555848,4943474,1483042,2022-23
FAMIGLIA A LIMITED PARTNERSHIP,98822445564,167399524,209699585,1706926,2022-23
FAR EAST CONSORTIUM HOLDINGS (AUSTRALIA) PTY LTD,80062878880,133940937,,,2022-23
FARLEIGH HOLDINGS PTY LTD,43005419652,214920205,,,2022-23
FARRELLY CONSTRUCTION SERVICES PTY LTD,19136719394,112048853,14794354,4438306,2022-23
FASHION BIZ (AUST) PTY LTD,63070328282,132464142,20176794,6053038,2022-23
FAST AUTOS PTY LTD,49657022592,118172980,6418384,1925515,2022-23
FAYMAN INTERNATIONAL GROUP PTY LTD,72640390576,241045258,10869403,3260821,2022-23
FDC CONSOLIDATED PTY LTD,84644030759,1284100016,47524693,14257408,2022-23
FEDERAL EXPRESS (AUSTRALIA) PTY LTD,51624271487,2607086907,54178167,16233835,2022-23
FENIX RESOURCES LIMITED,68125323622,210256798,32548060,9764418,2022-23
FENNER (PACIFIC) PTY LIMITED,49000231532,527456844,73370707,22011212,2022-23
FERNGROVE PHARMACEUTICALS AUSTRALIA PTY LTD,80154645762,117329541,26550682,7224505,2022-23
FERNTREE GULLY AUTO SALES PTY LTD,82156564224,138183845,10139719,2288879,2022-23
FERRARI AUSTRALASIA PTY LIMITED,90160706141,130034072,5111488,1533446,2022-23
FERRERO AUSTRALIA PTY LIMITED,29001249261,348393233,5068167,1519998,2022-23
FIGTREE HEAD TOPCO II PTY LTD,12651158404,212500269,,,2022-23
FIGUREHEAD CONSTRUCTION HOLDINGS PTY LTD,,131571194,,,2022-23
FIL INVESTMENT MANAGEMENT (AUSTRALIA) LIMITED,34006773575,131635827,22015110,6604533,2022-23
FINANCIAL HOLDINGS AUSTRALIA PTY LTD,69112971132,117262430,,,2022-23
FINASUCRE INVESTMENTS (AUSTRALIA) PTY LIMITED,23062315593,327257591,,,2022-23
FINDEX GROUP LIMITED,40128588714,394150355,,,2022-23
FINSBURY GREEN PTY LTD,52007743151,103206077,,,2022-23
FIREFINCH LTD,11113931105,642907609,,,2022-23
FIRST COMMERCIAL BANK LTD,15126292608,123835604,35716642,10714993,2022-23
FIRST DATA RESOURCES INVESTMENTS PTY LTD,63057257771,214420948,,,2022-23
FIRST FIBRE TOPCO PTY LIMITED,,191528870,,,2022-23
FIRST SENTIER INVESTORS HOLDINGS PTY LTD,49630725558,525601555,135636046,40065090,2022-23
FIRSTMAC LIMITED,59094145963,292658912,93608784,27824806,2022-23
FIRSTYLE HOMES PTY LIMITED,59087773779,108501161,9414927,2824478,2022-23
FIS AUSTRALASIA PTY LTD,45093114759,126921935,,,2022-23
FISHER & PAYKEL AUSTRALIA HOLDINGS LIMITED,19003659425,701235433,23967861,7065735,2022-23
FITNESS AND LIFESTYLE GROUP TOPCO PTY LTD,50614113192,481696263,,,2022-23
FITZGERALD CONSTRUCTIONS AUSTRALIA PTY LTD LTD,11087331164,183699819,21330297,6399089,2022-23
FITZROY AUSTRALIA RESOURCES PTY LTD,14615772391,1109237626,262249982,78674995,2022-23
FKG CIVIL PTY LTD,65123436751,121280158,6459780,1937934,2022-23
FLAVORITE HOLDCO PTY LIMITED,18641610513,169111398,,,2022-23
FLAVOUR MAKERS AUSTRALIA PTY LTD,61145820220,107086115,505582,,2022-23
FLEET PLANT HIRE PTY LTD,90053329301,130602730,6938754,2081626,2022-23
FLEETCOR TECHNOLOGIES PTY LTD,58161719393,122917877,42306079,12691824,2022-23
FLEETPARTNERS GROUP LIMITED,85131557901,459793053,,,2022-23
FLEETWOOD LIMITED,69009205261,404718060,,,2022-23
FLETCHER BUILDING (AUSTRALIA) PTY LTD,11093539452,2760857965,460,,2022-23
FLETCHER INTERNATIONAL GROUP PTY LTD,75626211907,1112388217,133918352,40175506,2022-23
FLIGHT CENTRE TRAVEL GROUP LIMITED,25003377188,1189692781,,,2022-23
FLINDERS PORT HOLDINGS PTY LTD,46117687313,278313935,48686794,14606038,2022-23
FLOORING XTRA (AUST) PTY LTD,77144808293,101053749,1408169,422451,2022-23
FLORA GREEN PTY LTD,47608829214,8149701978,73738798,9989867,2022-23
FLSMIDTH PTY LTD,85000221590,510745184,33851782,10111396,2022-23
FLUENCE ENERGY PTY LTD,18627071461,386742282,,,2022-23
FLUIDRA HOLDINGS AUSTRALIA PTY LTD,11128458104,253331127,25958619,7233238,2022-23
FLUOR AUSTRALIA PTY LTD,28004511942,228411757,,,2022-23
FMC AUSTRALASIA PTY LTD,45095326891,245064059,19708726,4237459,2022-23
FOCHEONG PTY LTD,37639103718,777808951,1091968812,5942797,2022-23
FOCUS MELBOURNE APARTMENTS PTY LTD,73602424180,361729158,61004009,18301203,2022-23
FOOD INVESTMENTS PTY LTD,85008426177,2755805157,26618865,2529171,2022-23
FOODLINK AUSTRALIA PTY LTD,86132703229,281082878,15842638,4752791,2022-23
FOOT LOCKER AUSTRALIA INC,22619093977,400348249,42186739,12656022,2022-23
FORD MOTOR COMPANY OF AUSTRALIA PTY LTD,30004116223,4057453480,,,2022-23
FOREST ONE GROUP PTY LTD,42004560605,279058904,22060788,6618236,2022-23
FORICO PTY LIMITED,33169204059,156433067,,,2022-23
FORM 700 HOLDINGS PTY LTD,42102996378,227961522,,,2022-23
FORMBAY TRADING PTY LTD,31146464995,323710968,1506049,451815,2022-23
FORTESCUE LTD,57002594872,24585069388,12155529497,3523000096,2022-23
FORTH FARM PRODUCE PTY LTD,25009527913,103517682,,,2022-23
FOX & LILLIE HOLDINGS PTY. LTD.,57004604844,451638022,1376874,383979,2022-23
FOXLEIGH COAL PTY LTD,24125986549,404158077,168191183,9360531,2022-23
FQM AUSTRALIA HOLDINGS PTY LTD,77136613075,699207766,,,2022-23
FRAGRANCE SOUTH PACIFIC PTY LTD,98167894662,208472053,,,2022-23
FRANKLIN TEMPLETON (AUSTRALIA) HOLDINGS PTY LTD,66118222343,223251329,48422361,14526708,2022-23
FRASERS PROPERTY AUSTRALIA PTY LIMITED,89600448726,995761437,43623422,13087027,2022-23
FREDON (QLD) PTY LTD,41121498324,119279166,,,2022-23
FREDON INDUSTRIES PTY LIMITED,12003361297,128626023,21002350,2783061,2022-23
FREDON INFRASTRUCTURE PTY LTD,53640193602,143961167,7615048,2284514,2022-23
FREEDMAN ELECTRONICS PTY LIMITED,91000576483,235690658,30281890,1020568,2022-23
FREEDOM ENERGY HOLDINGS PTY LTD,24093243844,2194176343,25466885,7640066,2022-23
FREIGHT MANAGEMENT HOLDINGS PTY LTD,14144724532,493145760,48250454,13221097,2022-23
FREMANTLEMEDIA AUSTRALIA HOLDINGS PTY LIMITED,83001076142,110372873,,,2022-23
FREQUENCY INFRASTRUCTURE AUSTRALIA HOLDINGS PTY LIMITED,27136262952,3862117327,639431,,2022-23
FRESENIUS KABI AUSTRALIA PTY LIMITED,39109383593,133468271,13008923,3891237,2022-23
FRESENIUS MEDICAL CARE AUSTRALIA PTY LIMITED,80067557877,221093814,,,2022-23
FRESENIUS MEDICAL CARE DAY HOSPITAL HOLDINGS PTY LTD,82615724000,242166695,15132233,4539670,2022-23
FRESH & SAVE FOOD WAREHOUSE PTY LTD,75161117175,141211036,1840642,552193,2022-23
FRESH FREIGHT TASMANIA PTY LTD,58106686373,100363622,18982691,5694807,2022-23
FRESHMAX GROUP PTY LIMITED,33154789321,224478611,,,2022-23
FREUDENBERG HOME AND CLEANING SOLUTIONS PTY LTD,99082274324,119427868,4224905,1267472,2022-23
FREW FOODS INTERNATIONAL PTY LTD,69004967800,208773972,29435416,8688746,2022-23
FRIENDLY SOCIETY MEDICAL ASSOCIATION LIMITED,69088347602,316300458,,,2022-23
FRIESIAN PTY LTD,33625545995,200369614,,,2022-23
FRONTIER INTERNATIONAL AGRI PTY LTD,78166496064,133127125,2466613,739984,2022-23
FRUCOR SUNTORY AUSTRALIA PTY LIMITED,73060091536,372228918,13527065,4050450,2022-23
FSS AGRICULTURE 1 PTY LIMITED,33628220913,134152526,,,2022-23
FSS BAC AIRPORTS 1 PTY LIMITED,54609406322,185596820,,,2022-23
FTA FOOD SOLUTIONS PTY LTD,82059480054,380512249,2982444,894733,2022-23
FTI CONSULTING FD AUSTRALIA HOLDINGS PTY LTD,97127241454,110141165,22087632,6626290,2022-23
FUCHS LUBRICANTS (AUSTRALASIA) PTY LTD,88005681916,364040615,17282720,5184816,2022-23
FUEL DISTRIBUTORS OF WESTERN AUSTRALIA PTY LTD,11087051778,268320385,,,2022-23
FUEL TRANS AUSTRALIA PTY LTD,54128300309,334269495,637203,191161,2022-23
FUGRO HOLDINGS (AUSTRALIA) PTY LTD,99003010099,202690998,,,2022-23
FUJIFILM BUSINESS INNOVATION AUSTRALIA PTY LTD,63000341819,803371193,52355346,15446470,2022-23
FUJIFILM HOLDINGS AUSTRALASIA LIMITED,58008443892,243288011,11147780,3344334,2022-23
FUJITSU AUSTRALIA LIMITED,19001011427,997723604,22550062,5739296,2022-23
FUJITSU GENERAL (AUST) PTY LIMITED,55001229554,225390409,10915941,3274782,2022-23
FULTON HOGAN AUSTRALIA PTY LTD,42135849115,3450758082,164298653,48689596,2022-23
FURNESS WITHY (AUSTRALIA) PTY. LIMITED,19004837101,132851941,,,2022-23
FURNX PTY LTD,80111723829,114394713,12873812,3862144,2022-23
FUTURE FUND INVESTMENT COMPANY NO.2 PTY LTD,90130788493,403089730,,,2022-23
FUTURE FUND INVESTMENT COMPANY NO.3 PTY LTD,40134338882,614215087,38934358,4888954,2022-23
FUTURE FUND INVESTMENT COMPANY NO.4 PTY LTD,47134338908,1052944526,612983379,183895014,2022-23
FUTURE FUND INVESTMENT COMPANY NO.5 PTY LTD,51134338926,1088639923,181123819,53394289,2022-23
FUTURE GENERATION AUSTRALIA LIMITED,97063935553,103895763,47232137,7762888,2022-23
FUTURE GENERATION GLOBAL LIMITED,52606110838,204914538,5264754,1437365,2022-23
FX HOLDCO PTY LIMITED,33609955062,215495024,101440346,30225194,2022-23
G & B GATHERCOLE (VIC) PTY LTD,90005455050,146910561,31516,9455,2022-23
G & W AUSTRALIA HOLDINGS LP,30124868215,289312048,31572967,9480890,2022-23
G J & K CLEANING SERVICES PTY LIMITED,64006418908,180502560,14123122,3396937,2022-23
G JAMES PTY LTD,25009696404,451283953,,,2022-23
G. & K. O'CONNOR PTY. LTD.,49005934029,290374464,18380191,5514057,2022-23
G.A. GROUP (AUSTRALIA) PTY LTD,26605793682,201076367,,,2022-23
G.P. & M.M. THURLOW PTY LTD,25064311879,373273701,13246621,3973986,2022-23
G.U.D. HOLDINGS LIMITED,99004400891,847128492,121656503,32484065,2022-23
G4S AUSTRALIA HOLDINGS PTY LTD,68128783602,296772730,9646098,2893829,2022-23
G8 EDUCATION LIMITED,95123828553,943786301,40866843,12260053,2022-23
GAFO INDUSTRIES PTY LTD,39130683779,129228480,29189104,8756731,2022-23
GAIF 4-1 BORROWER COMPANY PTY LIMITED,55134604176,117753404,,,2022-23
GAIF BOND ISSUER PTY LIMITED,53149276540,125757020,,,2022-23
GALDERMA AUSTRALIA PTY LIMITED,12003976930,248828353,36041418,10812425,2022-23
GALIPO FOOD CO PTY LTD,20631041695,220196807,4757369,1427211,2022-23
GALLAGHER AUSTRALIA INVESTMENT PTY LTD,79127141306,147265207,3411380,,2022-23
GALLERIA MOTORS PTY LIMITED,73077588017,119378323,2999459,899838,2022-23
GAMMA INVESTMENTS HOLDCO PTY LTD,30635098690,200220868,17648744,5294623,2022-23
GAMUDA BERHAD,27632738768,792471170,465303,139591,2022-23
GARDEN CITY PLANTERS PTY. LTD.,28005295223,176221964,,,2022-23
GARDNER AUTOS PTY LTD,36615971750,176223812,8918199,2675460,2022-23
GARMIN AUSTRALASIA PTY LIMITED,85129153448,269633662,14135981,4240794,2022-23
GARNET INTERNATIONAL RESOURCES PTY LTD,77081244715,248226096,58200383,17460115,2022-23
GARTNER AUSTRALASIA PTY LIMITED,69003708601,243332086,8636643,2590993,2022-23
GASMAK PTY LIMITED,71157730580,424753851,22672953,6801886,2022-23
GATE GOURMET (HOLDINGS) PTY LIMITED,59004122892,129426791,,,2022-23
GBX TRADING FZE,32406282107,471610181,203341,61002,2022-23
GCW HOLDINGS PTY LTD,90070345845,303367410,38615205,11584562,2022-23
GDI (EII) PTY LIMITED,96154766524,112098017,,,2022-23
GE GRID AUSTRALIA PTY LTD,91106900707,101532771,8762,,2022-23
GE POWER HOLDINGS AUSTRALIA PTY LTD,18143300985,871138974,,,2022-23
GEA PROCESS ENGINEERING PTY LTD,26000689618,125728285,8213002,2463901,2022-23
GEEMAZ HOLDINGS PTY LTD,39144787084,100560236,8117886,2435366,2022-23
GEETOY HOLDINGS PTY LTD,38144785017,121252295,8713224,2604894,2022-23
GEMFIRE PTY LTD,19056293684,125716104,9620682,2886205,2022-23
GENERAL MILLS HOLDING (AUSTRALIA) PTY LTD,50095075808,345487086,21068711,3723754,2022-23
GENERAL MOTORS HOLDINGS AUSTRALIA PTY LTD,39603486844,686104000,,,2022-23
GENERAL REINSURANCE AUSTRALIA LIMITED,16008427450,449748081,72632318,18939200,2022-23
GENERATION LIFE LIMITED,68092843902,302089643,8872217,,2022-23
GENERIC HEALTH PTY LTD,93110617859,112208000,37131847,11139554,2022-23
GENESYS CLOUD SERVICES PTY. LTD.,80077375887,141754780,4326011,1297803,2022-23
GENPACT AUSTRALIA PTY LTD,15616571423,204732363,13928326,4178498,2022-23
GENUITY PTY LTD,34128655096,304884249,,,2022-23
GENUSPLUS GROUP LIMITED,86620283561,448849622,27879693,8363908,2022-23
GEO GROUP AUSTRALASIA PTY LTD,79051914688,344609477,21922085,6576626,2022-23
GEOCON CONSTRUCTORS (ACT) PTY LTD,56163299769,144569115,,,2022-23
GEOCON LAND HOLDINGS GROUP PTY LTD,27601912949,170048242,,,2022-23
GEODIS HOLDING AUSTRALIA PTY LTD,76001193193,858670047,17164463,5149339,2022-23
GEOFABRICS AUSTRALASIA PTY LTD,23005479961,271692788,36103342,10572655,2022-23
GEOFFREY NATHAN (AUSTRALIA) PTY LTD,66157867091,141741267,1621794,486538,2022-23
GEORGE HEALTH ENTERPRISES PTY LIMITED,52600182821,132455503,,,2022-23
GEORGIOU GROUP PTY LTD,82073851948,738904777,47166831,14150049,2022-23
GERALDTON FISHERMEN'S CO-OPERATIVE LTD,52425663385,260798283,,,2022-23
GERALDTON FUEL CO PTY LTD,29002844162,355678093,9929407,2978822,2022-23
GERARD PRIVATE HOLDINGS (NO2) PTY LTD,24103888491,175484857,,,2022-23
GHD GROUP LIMITED,32118062258,1405837963,128552805,36086973,2022-23
GIANT BICYCLE COMPANY PTY LTD,35006904730,120339280,6625997,1987799,2022-23
GIBSON'S LIMITED,23009476064,321402838,31559674,8640694,2022-23
GILEAD SCIENCES PTY LTD,71072611708,624641191,32350665,6990924,2022-23
GILMAC PTY LTD,55059831926,183544273,18605296,5581589,2022-23
GIP CAPRICORN FINCO PTY LTD,41644564394,131024506,,,2022-23
GIP SHARON FINCO PTY LTD,79653997463,144992027,,,2022-23
GIVAUDAN AUSTRALIA PTY LIMITED,87000470280,152713057,4580576,1374173,2022-23
GLASSHOUSE GROUP HOLDINGS PTY LTD,37655131561,893022057,,,2022-23
GLASSONS AUSTRALIA LIMITED,15074774637,175087303,25067306,7520192,2022-23
GLAXOSMITHKLINE HOLDINGS PTY LTD,75000465878,1083802946,9991537,2997461,2022-23
GLEN DIMPLEX AUSTRALIA HOLDINGS PTY LIMITED,12609977728,141019781,,,2022-23
GLENCORE HOLDINGS PTY LIMITED,41104160689,12280313108,12172194883,,2022-23
GLENCORE INVESTMENT PTY LIMITED,67076513034,41932840300,17480443726,4786318519,2022-23
GLOBAL BLUE CURRENCY CHOICE AUSTRALIA PTY LTD,43092237968,203237681,,,2022-23
GLOBAL CARS AUS HOLDINGS PTY LTD,50654160488,117272020,,,2022-23
GLOBAL DIVERSIFIED INFRASTRUCTURE FUND (ACTIVE),73751308908,463180933,,,2022-23
GLOBAL FOOD & WINE HOLDINGS PTY LTD,83128888602,172543232,,,2022-23
GLOBAL KNIGHTS PTY LTD,13650030872,104998650,1651892,495568,2022-23
GLOBAL MEDICS PTY LTD,61122582183,102327090,1261583,378475,2022-23
GLOBAL PAYMENTS AUSTRALIA 1 PTY LTD,26601396543,163313548,50960647,10656618,2022-23
GLOBAL SWITCH AUSTRALIA HOLDINGS PTY LTD,35138200049,130791132,4135612,1240684,2022-23
GLOBE INTERNATIONAL LIMITED,65007066033,120845603,7337146,2156368,2022-23
GLOBIRD ENERGY PTY. LTD.,68600285827,171417216,45703337,13639474,2022-23
GLYNWED PACIFIC HOLDINGS PTY LTD,50008100703,600941672,33356145,10006844,2022-23
GMP PHARMACEUTICALS PTY LIMITED,80063353006,241796758,4695715,,2022-23
GODOLPHIN AUSTRALIA PTY LTD,42093921021,131977740,,,2022-23
GOLD AUSTRALIA (SA) PTY LTD,72641570309,140933356,2662358,798707,2022-23
GOLD DEALERS EXCHANGE PTY LTD,76611812536,115810844,1478542,443563,2022-23
GOLD FIELDS AUSTRALIA PTY LTD,91098385285,2877237873,879805527,262412645,2022-23
GOLD ROAD RESOURCES LIMITED,13109289527,389705381,79351180,23805354,2022-23
GOLDACRES TRADING PTY LTD,30061306732,113264571,20151101,5530815,2022-23
GOLDEN COCKEREL PTY LTD,84009906432,376465055,1693791,508137,2022-23
GOLDLINQ HOLDINGS PTY LTD,,198550712,,,2022-23
GOLDMAN SACHS HOLDINGS ANZ PTY LIMITED,27151154791,2787683079,143343947,43003184,2022-23
GOLDWIND AUSTRALIA PTY LIMITED,32140108390,365107873,,,2022-23
GOOD DRINKS AUSTRALIA LIMITED,22103014320,106966078,,,2022-23
GOOD FOOD PARTNERS HOLDCO PTY LIMITED,47646575662,152850334,6451396,1935419,2022-23
GOOD GOODS HOLDINGS PTY LTD,,132875137,,,2022-23
GOODMAN LIMITED,69000123071,591303039,,,2022-23
GOODYEAR AUSTRALIA PTY LTD,75000017489,856215470,,,2022-23
GOOGLE AUSTRALIA PTY LIMITED,33102417032,2024890405,448930806,124115035,2022-23
GOOGLE CLOUD AUSTRALIA PTY LTD,68610798466,158201327,29958929,8987679,2022-23
GORDON BROTHERS INDUSTRIES PTY LTD,54160126456,125960391,10474094,3142228,2022-23
GOTW PTY LTD,31000392727,2101432081,,,2022-23
GOVE ALUMINIUM FINANCE LIMITED,45001860073,797396172,9350289,534823,2022-23
GPC ASIA PACIFIC HOLDINGS PTY LTD,80162550978,2718514395,191520839,55688894,2022-23
GPT MANAGEMENT HOLDINGS LIMITED,67113510188,234403645,1988764,596629,2022-23
GR ENGINEERING SERVICES LIMITED,12121542738,581262431,37436969,11105985,2022-23
GRAHAME COOK PLUMBING SUPPLIES SALES PTY LIMITED,11070592951,171983007,11232143,3369643,2022-23
GRAINCORP LIMITED,60057186035,9170069754,428605830,127749728,2022-23
GRAINTRANS PTY LTD,64083191977,103027297,7825764,2347729,2022-23
GRAND MOTORS PTY LTD,86009763508,112279608,5828969,1748691,2022-23
GRANGE RESOURCES LIMITED,80009132405,605037061,126750031,37073295,2022-23
GRANGEHURST ENTERPRISES PTY LIMITED,18091454527,104265806,10542311,3161471,2022-23
GRANSOLAR CONSTRUCTION AUSTRALIA PTY LTD,71640607209,382307701,34277344,10218445,2022-23
GRANT THORNTON AUSTRALIA LIMITED,41127556389,339796199,84545572,25363672,2022-23
GRAPHIC PACKAGING INTERNATIONAL AUSTRALIA PTY LTD,22057776888,178161308,,,2022-23
GRAYS.COM PTY LTD,78634636310,175697274,,,2022-23
GREATER BANK LIMITED,88087651956,212151540,29579711,8873913,2022-23
GREEN ENDEAVOUR PTY LTD,49010144760,106701545,853871,256161,2022-23
GREEN ENERGY TRADING PTY LTD,21128476406,130975089,1406548,421964,2022-23
GREEN LEAVES HOLDCO PTY LTD,78655049120,189043161,20507779,6152334,2022-23
GREEN RV PTY LTD,56626792630,104459741,4328612,1298584,2022-23
GREENFIELDS DEVELOPMENT COMPANY NO. 2 PTY LTD,31133939965,201035216,,,2022-23
GREENLAND (AUSTRALIA) INVESTMENT PTY LIMITED,38163240408,120440203,,,2022-23
GREENLAND HOLDCO PTY LTD,,191330716,,,2022-23
GREENLIT BRANDS PTY LIMITED,21612890874,988759719,24697806,7353863,2022-23
GREENRIDGE PROPERTIES PTY LTD,74129431170,141721396,10312219,3093666,2022-23
GREENRIDGE PROPERTY HOLDINGS PTY LTD,,281780963,33305494,9991648,2022-23
GREENSTONE HOLDCO PTY LIMITED,38612810232,269703926,,,2022-23
GREGALA PTY LIMITED,88001294060,216656418,,,2022-23
GRIFFON AUSTRALIA HOLDINGS PTY LIMITED,35156377356,336148125,32984259,9856395,2022-23
GRILL'D PTY LTD,17106297394,377657588,,,2022-23
GRINDING MEDIA PTY LTD,47615611759,478550588,45889834,,2022-23
GRINDLEY CONSTRUCTION PTY LIMITED,42003586687,139708348,,,2022-23
GROCERY DELIVERY E-SERVICES AUSTRALIA PTY LTD,19155437620,899904134,36481997,10944599,2022-23
GROOTE EYLANDT MINING COMPANY PTY LTD,26004618491,1559688448,478872823,143661847,2022-23
GROSNECCA AGRICULTURE HOLDINGS PTY LTD,70607142870,517104909,19590976,4354847,2022-23
GROSVENOR ENGINEERING GROUP PTY LTD,12003608795,230097799,3887594,,2022-23
GROVE (AUST) PTY LTD,80078740673,155209451,15232930,4569879,2022-23
GROWTH STEEL AUSTRALIA PTY LTD,33091683457,118936953,4074699,1222410,2022-23
GROWTHBUILT PTY LTD,43115132020,227595595,,,2022-23
GRUMA OCEANIA PTY LTD,35117976002,226815192,6191757,1857527,2022-23
GRUNDFOS AUSTRALIA HOLDING PTY LTD,31162450259,170314000,19163319,5748996,2022-23
GS COAL HOLDINGS PTY LTD,56166342427,2806682917,1549369086,464614242,2022-23
GS GLOBAL AUSTRALIA PTY LTD,12003931548,234956979,2759953,827986,2022-23
GSA CAPITAL PTY LTD,41004948298,437213675,23836884,5827487,2022-23
GTN LIMITED,38606841801,105409549,2224773,667432,2022-23
GTS FREIGHT MANAGEMENT PTY LTD,58007997604,129587106,,,2022-23
GUARDIAN ALPHABET HOLDCO PTY LTD,54628455103,189653125,,,2022-23
GUCCI AUSTRALIA PTY LIMITED,49093354548,385750398,35387754,10616326,2022-23
GUILD GROUP HOLDINGS LIMITED,72060237774,308788857,18606851,5195891,2022-23
GUMP CAPITAL PTY LTD,82620176623,386706913,,,2022-23
GUNLAKE CONCRETE NSW PTY LTD,35606681850,193871183,9453499,2836050,2022-23
GUZMAN Y GOMEZ (HOLDINGS) LIMITED,25125554743,276780069,13823867,3979628,2022-23
GWA GROUP LIMITED,15055964380,342260554,59753425,16805539,2022-23
GWS AUTOMOTIVE GROUP PTY LTD,97161490759,239224532,10622103,3185625,2022-23
H & M HENNES & MAURITZ PTY LTD,83160056548,357316827,6371464,1911439,2022-23
H A BENNETT & SONS PTY LTD,70007450811,104740559,7799039,2339712,2022-23
H P S TRANSPORT PTY LTD,84082807690,125476314,18236551,5470965,2022-23
H TROON PTY LTD,73120422755,153370802,4545751,1363725,2022-23
H&R BLOCK LIMITED,89064268800,122525651,11254131,3376239,2022-23
H.A. JACOB & SONS PROPRIETARY LIMITED,88004464411,190279833,7445522,2233657,2022-23
H.B. FULLER COMPANY AUSTRALIA PTY LTD,37003638435,107164013,18867351,5660205,2022-23
HAAS INVESTMENTS PTY LTD,33008642608,113922163,33328198,9253827,2022-23
HACER AUSTRALIA PTY LTD,90650862721,185391109,,,2022-23
HACHETTE AUSTRALIA PTY LIMITED,32000884855,105199447,7889904,2325301,2022-23
HAEUSLERS GROUP PTY LTD,72004735700,120568672,2650173,795052,2022-23
HAFELE AUSTRALIA PTY LTD,51006021432,169318168,13706473,4111942,2022-23
HAGER ELECTRO PTY LTD,84061639576,121214049,15297617,4589285,2022-23
HALEON AUSTRALIA PTY LTD,68603310292,544233680,6251137,1265539,2022-23
HALIKOS PTY LTD,95092987463,173268522,3534611,1060383,2022-23
HALL HOLDCO PTY LTD,83623029005,343406464,11680143,3504043,2022-23
HALLETT CONCRETE PTY. LTD.,46007955419,102634641,,,2022-23
HALLIBURTON CONSOLIDATED PTY LTD,67101049521,415991869,383766,,2022-23
HALLMARK HOMES PTY LTD,57007959524,101723054,11471476,3441443,2022-23
HAMILTON & MARINO HOLDINGS PTY LTD,72145812228,477365957,20911910,6273573,2022-23
HAMPTON TRANSPORT SERVICES PTY LTD,73008733060,162363162,,,2022-23
HANCOCK PROSPECTING PTY LTD,69008676417,6604645355,4888344064,930942991,2022-23
HANCOCK QUEENSLAND PLANTATIONS PTY LTD,30142129342,332860175,,,2022-23
HANCOCK VICTORIAN PLANTATIONS HOLDINGS PTY LIMITED,16084801178,327335470,,,2022-23
HANNOVER LIFE RE OF AUSTRALASIA LTD,37062395484,1962508496,,,2022-23
HANNOVER RUECK SE AUSTRALIAN BRANCH,88002927031,1246689984,9629678,,2022-23
HANSEN YUNCKEN AUSTRALIA PTY LTD,97666564683,1259420499,,,2022-23
HANSON AUSTRALIA (HOLDINGS) PTY LTD,48090994657,2231216433,171248935,35842850,2022-23
HANWHA Q-CELLS AUSTRALIA PTY LTD,84141108590,123523388,5379850,1613955,2022-23
HARDWARE & GENERAL SUPPLIES LIMITED,81000332105,146409229,3375029,1012509,2022-23
HARE & FORBES PTY LTD,96000286957,179331151,32410654,9702056,2022-23
HARLEY HEAVEN PTY LTD,56003059354,116556397,1916619,574986,2022-23
HARLEY-DAVIDSON AUSTRALIA PTY LTD,83098483259,221012956,15574218,4663676,2022-23
HARRIS SCARFE PTY LTD,83095018803,399430988,19176987,5753096,2022-23
HARRISON MOTORING GROUP PTY LTD,62005752269,160139224,7827663,2243717,2022-23
HARRY THE HIRER PTY LTD,78004959362,174656714,37123590,11137077,2022-23
HART HOLDINGS PTY LTD,87008612422,137595712,,,2022-23
HARVEST ROAD GROUP PTY LTD,31169138014,454236928,,,2022-23
HARVEY NORMAN HOLDINGS LTD,54003237545,1711225577,478190737,140465132,2022-23
HAS AUST PTY LTD,82002537895,184741771,1683298,504989,2022-23
HASLIN CONSTRUCTIONS PTY LTD,85051102124,132978302,20602506,6179716,2022-23
HASSELL AUSTRALIA LTD,34128785080,122356089,11816488,3409570,2022-23
HASTINGS CO-OP LIMITED,86601035121,110136749,,,2022-23
HATCHCOS HOLDINGS PTY LTD,35072620467,461668628,103251779,30176445,2022-23
HAULMARK TRAILERS (AUSTRALIA) PTY LTD,85010131567,130576828,15878704,4763611,2022-23
HAULOTTE AUSTRALIA PTY LTD,43086901699,110823052,2519282,755785,2022-23
HAVAL MOTORS AUSTRALIA PTY LTD,68166119795,1031582299,89832325,26949698,2022-23
HAYS SPECIALIST RECRUITMENT (AUSTRALIA) PTY LTD,47001407281,2889555643,46769793,14030938,2022-23
HAZELL BROS (QLD) PTY LTD,46145228986,108252255,,,2022-23
HAZELL BROS GROUP PTY LTD,27088345804,150722893,,,2022-23
HB TOPCO PTY LTD,14656565249,301569743,,,2022-23
HBF WELLNESS HOLDINGS PTY LTD,69162625390,102588211,,,2022-23
HBI HOLDINGS AUSTRALASIA PTY LTD,52612185476,1168521949,109845590,29938376,2022-23
HCF HOLDCO PTY LIMITED,53653844181,407642915,,,2022-23
HCL AUSTRALIA SERVICES PTY LTD,72081196983,647863458,50840015,15252004,2022-23
HDI GLOBAL SE AUSTRALIA BRANCH,55490279016,540656887,48427511,14528253,2022-23
HDI GLOBAL SPECIALTY SE AUSTRALIAN BRANCH,58129395544,582264990,7691634,1152749,2022-23
HEALIUS LIMITED,24064530516,1035375557,,,2022-23
HEALTHDIRECT AUSTRALIA LTD,28118291044,215996325,,,2022-23
HEARTHEALTH HOLDCO PTY LIMITED,50659881562,115077930,,,2022-23
HEARTLAND GROUP PTY LIMITED,96001235392,306229213,18391973,4974338,2022-23
HEARTS AND MINDS INVESTMENTS LIMITED,61628753220,599932142,,,2022-23
HEAT AND CONTROL PTY. LTD.,82009742803,139588667,,,2022-23
HEAT TO EAT HOLDINGS PTY LTD,22165321237,103574820,,,2022-23
HEINEMANN AUSTRALIA PTY LTD,36159521338,170071795,,,2022-23
HELIA GROUP LIMITED,72154890730,618250613,231472684,67603703,2022-23
HELLMANN WORLDWIDE LOGISTICS PTY LTD,13003199755,316383283,1774006,532181,2022-23
HEMMES GROUP PTY LTD,53105332376,667067608,20409599,6122880,2022-23
HEMPEL NEWCO (AUSTRALIA) PTY LTD,98647861345,253079095,,,2022-23
HENDRICKSON ASIA PACIFIC PTY LTD,21004992769,130164931,13746392,4039813,2022-23
HENKEL FINANCE AUSTRALIA,15740196765,488581415,42397030,12719109,2022-23
HENLEY PROPERTIES (QLD) PTY LTD,42068886000,253331226,1791949,537585,2022-23
HENNING HARDERS HOLDINGS PTY LTD,53617634367,200309582,12677023,3801564,2022-23
HENRY HAYMES PTY LTD,14004201638,167403380,540152,,2022-23
HEP AUSTRALIA HOLDINGS PTY LTD,22129428155,237285949,36924747,10547367,2022-23
HERITAGE AND PEOPLE'S CHOICE LIMITED,11087651125,713242415,85533951,24799247,2022-23
HERITAGE HOLDINGS (AUSTRALIA) PTY LTD,34618848936,122887328,,,2022-23
HERMES AUSTRALIA PTY LTD,88003558085,388441040,135292818,40587845,2022-23
HERMITAGE BUILDING GROUP PTY LTD,79150694572,117804062,,,2022-23
HERTZ INVESTMENT (HOLDINGS) PTY LTD,,507613085,,,2022-23
HEWLETT-PACKARD SOUTH PACIFIC PTY LTD,94121554489,1063529790,27215642,8164693,2022-23
HEXION PTY LTD,32004271827,201222960,7122073,1634815,2022-23
HEYTESBURY HOLDING COMPANY PTY LTD,47009218133,112938506,27507023,8238162,2022-23
HG HOLDCO PTY LTD,20603088606,511513600,15882771,4764831,2022-23
HG HOLDINGS PTY LTD,75619936060,136574733,,,2022-23
HICKORY GROUP HOLDINGS LIMITED,11617050914,610398459,,,2022-23
HIGGINS COATINGS PTY LTD,50005632708,144082921,6751077,2025323,2022-23
HIGHBROOK HOLDINGS PTY LTD,32157828058,391281815,,,2022-23
HIGHLAND AUTOS PTY LTD,13121604297,142815305,8072468,2421740,2022-23
HIGHWAY CONSTRUCTION PTY LTD,95009160007,109991407,6425289,1777587,2022-23
HILDITCH PTY LTD,47005669161,182916440,8548754,2564626,2022-23
HILLS PET NUTRITION PTY LIMITED,86003954550,153693208,5138570,1541571,2022-23
HILLSIDE (AUSTRALIA NEW MEDIA) PTY LIMITED,75148920665,201511568,,,2022-23
HILTI (AUST.) PTY LIMITED,44007602100,177815699,7988770,2396631,2022-23
HILTON FOODS AUSTRALIA PTY LTD,60613035500,2571590012,46485856,13945757,2022-23
HINDMARSH CONSTRUCTION AUSTRALIA PTY LTD,15126578176,281918853,,,2022-23
HINO MOTOR SALES AUSTRALIA PTY LTD,74064989724,526028376,23615650,7084695,2022-23
HINTERLAND MOTORS PTY LTD,12010478341,183801482,9917969,2851963,2022-23
HIREUP PTY LTD,32600120787,204620636,,,2022-23
HISENSE AUSTRALIA PTY LTD,55105022080,443429877,,,2022-23
HISMILE HOLDINGS PTY LTD,19625189095,191420739,3581593,440173,2022-23
HITACHI AUSTRALIA PTY LTD,34075381332,207986220,3700361,1011503,2022-23
HITACHI CONSTRUCTION MACHINERY (AUSTRALIA) PTY LTD,62000080179,1670253391,274273524,81072144,2022-23
HITACHI CONSTRUCTION MACHINERY OCEANIA HOLDINGS PTY LTD,94632744275,963016854,208057456,27618355,2022-23
HITACHI ENERGY AUSTRALIA HOLDINGS PTY LTD,11632805862,271717385,,,2022-23
HITACHI RAIL STS AUSTRALIA PTY LTD,34068707380,285935275,32437248,9403562,2022-23
HLRS HOLDCO PTY LTD,32628433134,139175769,,,2022-23
HMA INTERNATIONAL LTD,91615451502,118848277,15944696,4783409,2022-23
HMC CAPITAL LIMITED,94138990593,123850625,89947,,2022-23
HOBSON ENGINEERING CO PTY LTD,38000289958,166975225,20068948,6020684,2022-23
HOCHTIEF AUSTRALIA HOLDINGS LIMITED,17103181675,3561500021,,,2022-23
HOFMANN ENGINEERING PTY LTD,39114806969,165864850,24363479,,2022-23
HOGG ROBINSON AUSTRALIA HOLDINGS PTY LTD,58077307236,177693954,,,2022-23
HOLCIM PARTICIPATIONS (AUSTRALIA) PTY LTD,46122401405,1969991656,46788473,7436542,2022-23
HOLDCO HOLDINGS PTY LTD,77065295016,164970560,18187082,5456125,2022-23
HOLDINGS CONSOLIDATED PTY LTD,46620501644,129351997,427004,128101,2022-23
HOLLARD HOLDINGS AUSTRALIA PTY LTD,30154586802,2612660292,30838734,8461152,2022-23
HOLOGIC (AUSTRALIA & NEW ZEALAND) PTY LIMITED,95079821275,112074678,3871659,1161498,2022-23
HOME GROUP WA PTY LTD,21603963864,164954543,1283199,384960,2022-23
HOMECORP CONSTRUCTIONS PTY LTD,27169928205,191806205,,,2022-23
HOMETOWN AUSTRALIA HOLDINGS PTY LTD,35614528746,341968116,8649803,2594941,2022-23
HONDA AUSTRALIA MOTORCYCLE AND POWER EQUIPMENT PTY LTD,96006662862,303687450,31861813,9558544,2022-23
HONDA AUSTRALIA PTY LTD,66004759611,620361391,71671230,6468293,2022-23
HONEYCOMBES SALES & SERVICE PTY LTD,54011002556,129447829,7238104,2171431,2022-23
HONEYWELL HOLDINGS PTY LTD,18000383764,937559695,142955620,38482147,2022-23
HONG KONG IMPORT AND EXPORT COMPANY LTD,,186601000,356190,83970,2022-23
HONG. AUSTRALIA CORPORATION PTY LTD,16000307540,145569267,7528606,2258582,2022-23
HOOGWEGT AUSTRALIA PTY LTD,30075457902,413413827,8545357,2563607,2022-23
HOPE DOWNS MARKETING COMPANY PTY LTD,58115712117,7391523295,,,2022-23
HOPE TRADING COMPANY PTY LTD,12645591797,122202150,6064986,1819496,2022-23
HORIZON OIL LIMITED,51009799455,103536744,,,2022-23
HORIZON ROADS PTY LTD,67152097875,1781245887,,,2022-23
HOSPITAL & REHAB HOLDINGS PTY LTD,35134391067,171859289,5853089,1755927,2022-23
HOSPITALITY INDUSTRY INSURANCE LIMITED,34124091470,125943966,18884406,5601927,2022-23
HOUMA HOLDINGS PTY LIMITED,44002590758,336876984,14948099,3911710,2022-23
HOWDEN AUSTRALIA PTY LTD,15004265276,109815390,9008894,2620275,2022-23
HOWE AUTOMOTIVE LIMITED,43061589188,129621120,25736917,5548755,2022-23
HP FINANCIAL SERVICES (AUSTRALIA) PTY LTD,86082062413,166357231,16502655,4950796,2022-23
HSBC AUSTRALIA HOLDINGS PTY LIMITED,22006513873,1488233064,397076709,119123013,2022-23
HT HOLDCO PTY LTD,30645356903,258805565,,,2022-23
HT1 PTY LTD,83644551100,256700609,,,2022-23
HUAWEI TECHNOLOGIES (AUSTRALIA) PTY LIMITED,49103793380,148854075,,,2022-23
HUB24 LIMITED,87124891685,279532137,49849547,6283295,2022-23
HUBSPOT AUSTRALIA PTY LTD,33169157911,132304169,8064069,2410209,2022-23
HUDSON HIGHLAND (APAC) PTY LIMITED,14074319396,359199575,,,2022-23
HUDSON RPO (AUST) PTY LTD,29622996918,153596220,8628134,2588440,2022-23
HUGO BOSS HOLDINGS PTY LTD,46007118667,108329328,9059692,2717908,2022-23
HUHTAMAKI HOLDINGS PTY LIMITED,13003519257,158748933,15822275,3921804,2022-23
HUHTAMAKI TAILORED PACKAGING PTY LTD,98625661216,160336925,12077004,3623101,2022-23
HUME DOORS & TIMBER (AUST) PTY LTD,39001472493,173306647,23669109,7001550,2022-23
HUME DOORS & TIMBER (QLD) PTY LTD,25009994996,135845062,33429239,9985310,2022-23
HUME DOORS & TIMBER (VIC) PTY LTD,87006329906,109713624,10210498,3063149,2022-23
HUME PLASTERBOARD PTY LTD,70101562270,191347751,7261274,2178382,2022-23
HUMM GROUP LIMITED,75122574583,407570935,,,2022-23
HUNO PTY LTD,72124184407,196043276,95955125,28475454,2022-23
HUNTER DOUGLAS HOLDINGS LIMITED,47000238451,248334254,89273203,26781961,2022-23
HUNTER VALLEY ENERGY COAL PTY LTD,39062894464,5186553914,2846676165,854002849,2022-23
HUNTERMOTIVE PTY LTD,24003247514,144591035,,,2022-23
HUON CONTRACTORS PTY LTD,33094145409,109568041,1389742,416923,2022-23
HURFORD WHOLESALE PTY LTD,87009657845,107023888,10724717,3110744,2022-23
HUSQVARNA AUSTRALIA PTY LIMITED,45115475619,271126179,11752608,3525782,2022-23
HUSSMANN AUSTRALIA HOLDINGS PTY LTD,96003188761,103848125,,,2022-23
HUTCHEON & PEARCE OPERATIONS PTY LIMITED,68169674033,680231028,49164747,14749424,2022-23
HUTCHISON PORTS AUSTRALIA PTY LIMITED,27126649947,144737458,,,2022-23
HVO SERVICES PTY LTD,97622522445,139613635,,,2022-23
HWG HOLDINGS PTY LTD,65115398322,738739427,,,2022-23
HWR PETROLEUM PTY LTD,31621081990,918294546,3629134,1088740,2022-23
HYDRA RL TOPCO PTY LTD,36635012323,1163595148,,,2022-23
HYDRO ALUMINIUM AUSTRALIA PTY LIMITED,42001872215,312971398,1466681,,2022-23
HYDRO PRODUCE (AUST) PTY LTD,89056920917,115977697,,,2022-23
HYG HOLDCO PTY LIMITED,81622657729,121320207,244645,73394,2022-23
HYPERION INVESTMENTS AUSTRALIA PTY LIMITED,36600693945,179773660,,,2022-23
HYSTER-YALE AUSTRALIA HOLDING PTY LTD,26101464073,215457388,196883,,2022-23
HYUNDAI MOTOR COMPANY AUSTRALIA PTY LTD,58008995588,2666288322,110659040,33197712,2022-23
IAN WEIGH MOTORS PTY LTD & WEIGH PROPERTY INVESTMENTS PTY LTD,90148491233,124901934,4887930,1466227,2022-23
IBERDROLA AUSTRALIA LIMITED,39105051616,562679615,,,2022-23
IBM A/NZ HOLDINGS PTY LIMITED,12105319248,2230660434,82200425,1433718,2022-23
ICHTHYS LNG PTY LTD,42150217299,11973514434,,,2022-23
IDEMITSU AUSTRALIA PTY LTD,45010236272,4042041627,2118417711,635425755,2022-23
IDEXX LABORATORIES PTY LTD,31063154352,147617375,15010991,4503297,2022-23
IDP EDUCATION LIMITED,59117676463,806791499,182817067,29506411,2022-23
IEC GLOBAL PTY LTD,15632349850,118237044,1074148,322244,2022-23
IFC GLOBAL LOGISTICS PTY LTD,23051694074,132050161,3792643,1137793,2022-23
IFF AUSTRALIA HOLDINGS PTY LTD,78098655335,141192738,3026505,907952,2022-23
IFM SOCIAL INFRASTRUCTURE HOLDING TRUST,40337513753,234126681,57491966,14823590,2022-23
IGNITE LIMITED,43002724334,106837513,,,2022-23
IGO LIMITED,46092786304,2634231837,1714043287,3740540,2022-23
IGT (AUSTRALIA) PTY LTD,65002904690,129980665,13127722,3346827,2022-23
IKEA PTY LTD,84006270757,1785621686,96480315,28944094,2022-23
IKON COLLECTABLES PTY LTD,25108071692,109300307,14106283,4231885,2022-23
ILLUMINA AUSTRALIA PTY LTD,97130775932,138127093,10102914,3030874,2022-23
ILS HOLDCO PTY LTD,70639523452,183881494,,,2022-23
ILUKA RESOURCES LIMITED,34008675018,1938285087,773178307,210169701,2022-23
IMAGE HOLDCO PTY LIMITED,18623028740,1148908733,4460000,,2022-23
IMAGE RESOURCES NL,57063977579,173519862,39520018,11856005,2022-23
IMAXEON PTY LTD,93093950906,104624472,14528199,3088107,2022-23
IMB LTD,92087651974,370645579,56985533,17081754,2022-23
IMC PACIFIC HOLDINGS PTY LTD,83099273819,814352851,38306445,9666728,2022-23
IMCD AUSTRALASIA INVESTMENTS PTY LTD,89149016222,390105418,36317067,10874720,2022-23
IMDEX LIMITED,78008947813,186785795,51723933,,2022-23
IMMER (NO 141) PTY LTD,17002617745,1356915848,96705118,28548467,2022-23
IMPERIAL TOBACCO AUSTRALIA LIMITED,46088148681,532357771,19893249,5967975,2022-23
INCAT HOLDINGS LIMITED,50128645885,103570976,26121700,,2022-23
INCHCAPE AUSTRALIA LIMITED,50050035277,1118783765,58714043,10457569,2022-23
INCHURCH AUTOMOTIVE PTY LTD,74137048474,314171289,16921972,5076592,2022-23
INCITEC PIVOT LIMITED,42004080264,3771198150,,,2022-23
INCOMM AUSTRALIA & NEW ZEALAND PTY LTD,31125567357,133661308,,,2022-23
INDARA CORPORATION PTY LTD,59643875165,424757462,,,2022-23
INDITEX AUSTRALIA PTY LTD,64089376349,390468468,43041707,12912512,2022-23
INDORAMA VENTURES HOLDINGS PTY LTD,13635578960,176448004,,,2022-23
INDUE LIMITED,97087822464,130420059,9973446,2992034,2022-23
INDUSTRIAL AND COMMERCIAL BANK OF CHINA LIMITED,57086866506,2094724093,219803463,65927188,2022-23
INDUSTRIAL LIGHT AND MAGIC (AUSTRALIA) PTY. LIMITED,46145485767,110004749,21438756,6431627,2022-23
INDUSTRIE CLOTHING PTY LIMITED,64087743762,130005649,18919890,5675967,2022-23
INDUSTRY SUPER HOLDINGS PTY LTD,71119748060,1222102710,215437676,62448125,2022-23
INEX INDEPENDENT EXTRUSIONS LIMITED PARTNERSHIP,58515316810,133172562,1531090,459327,2022-23
INFINITE AUSTRALIA AGED CARE HOLDINGS PTY LTD PTY LTD,75621313826,238960749,,,2022-23
INFINITY CONSTRUCTIONS GROUP PTY LTD,95111941792,122336271,2345744,703723,2022-23
INFO MANAGEMENT SERVICES PTY LTD,88119821457,318554433,30341679,9102504,2022-23
INFOMEDIA LIMITED,63003326243,117267565,36984264,5119698,2022-23
INFOR (ANZ HOLDINGS) PTY LIMITED,45160838433,113554545,3007617,476861,2022-23
INFOSYS TECHNOLOGIES LIMITED,52090591209,804431833,263139513,47278168,2022-23
INFRASHORE FINANCE PTY LIMITED,65133358068,129999027,,,2022-23
ING AUSTRALIA HOLDINGS LIMITED,27008459596,3449332979,861896271,258568881,2022-23
ING BANK NV (SYDNEY BRANCH),32080178196,334388404,4957490,1487247,2022-23
INGENIA COMMUNITIES HOLDINGS LIMITED,92154444925,123300732,6127881,1838364,2022-23
INGENIA COMMUNITIES MANAGEMENT TRUST,99296784351,423701292,,,2022-23
INGENICO INTERNATIONAL (PACIFIC) PTY LTD,46003211514,184239296,11028038,2971530,2022-23
INGHAMS GROUP LIMITED,39162709506,3050817541,73377002,21470769,2022-23
INGRAM MICRO HOLDINGS (AUSTRALIA) PTY LTD,12112487322,2374405792,50668433,15200530,2022-23
INLAND TRUCK CENTRES PTY LIMITED,21001451789,105609837,10147549,3044265,2022-23
INNOVATION HOLDINGS AUSTRALIA PTY LTD,30617998866,113024440,4135497,1240649,2022-23
INPEX ALPHA LTD,34003730756,293627986,5122296,1239084,2022-23
INPEX AUSTRALIA PTY LTD,79134715254,453787280,18386918,5478699,2022-23
INPEX HOLDINGS AUSTRALIA PTY LTD,61150217315,8429917005,33486,,2022-23
INSIGHT AUSTRALIA HOLDINGS PTY LIMITED,24073091406,212960541,19009845,5702954,2022-23
INSIGNIA FINANCIAL LTD,49100103722,2046383291,64083727,,2022-23
INSITUGROUP HOLDINGS PTY LTD,37617611551,110533228,3563461,1069038,2022-23
INSURANCE AUSTRALIA GROUP LIMITED,60090739923,15854386684,150096702,,2022-23
INSURANCE AUSTRALIA LTD AAF NON-RESIDENT REINSURERS,,245018620,245018620,73505586,2022-23
INSURANCE BUILDING AUSTRALIA HOLDINGS PTY LTD,44661804879,211094476,1631518,489455,2022-23
INSURANCE MANUFACTURERS OF AUSTRALIA PTY LTD,93004208084,5188714263,426271935,126570149,2022-23
INTEGRAL DIAGNOSTICS LIMITED,55130832816,389741411,,,2022-23
INTEGRATED FOODS HOLDINGS PTY LTD,42603619692,4311407302,348809343,91785660,2022-23
INTEGRIA HEALTHCARE (AUSTRALIA) PTY LTD,70096496212,117590586,,,2022-23
INTEGRITY GROUP HOLDINGS LIMITED,33159865666,194304360,,,2022-23
INTEN INVESTMENTS PTY LIMITED,82108733713,104611767,9553610,2866083,2022-23
INTERA FIN CO PTY LTD,,151799143,,,2022-23
INTERACTIVE PTY. LIMITED,17088952023,220374750,2607999,782400,2022-23
INTERFACE AUST HOLDINGS PTY LIMITED,68074804381,117468596,21547,,2022-23
INTERFLOW HOLDINGS PTY LIMITED,64097822592,240383302,17980416,5377402,2022-23
INTERIORCO PTY LIMITED,76128905564,242047553,,,2022-23
INTERNATIONAL BRANDS (AUST) PTY LTD,64609374852,146131021,23626664,7087999,2022-23
INTERNATIONAL CARGO EXPRESS PTY. LIMITED,54003500347,142031831,4597553,1379266,2022-23
INTERNATIONAL LIVESTOCK EXPORT PTY LTD,54009400846,209748315,7024446,1484598,2022-23
INTERNATIONAL POWER (AUSTRALIA) HOLDINGS PTY LTD,70105041209,1722429576,,,2022-23
INTERNATIONAL SOS (AUSTRALASIA) PTY LTD,83052247104,188102318,5896957,1760087,2022-23
INTERNET SERVICES AUSTRALIA 1 PTY LTD,50152631082,717581075,,,2022-23
INTERPUBLIC AUSTRALIA HOLDINGS PTY LTD,20140379335,222709249,44539590,13361877,2022-23
INTERSNACK ANZ PTY LTD,52634501349,297644349,13909745,4162856,2022-23
INTERSTATE ENTERPRISES PTY LTD,93095898605,112066935,5042485,1512746,2022-23
INTERTEK AUSTRALIA HOLDINGS PTY LTD,74124892879,284755183,1797785,,2022-23
INTREC MANAGEMENT PTY LTD,23073821217,155237417,,,2022-23
INTREPID GROUP PTY LIMITED,30131952513,211010729,,,2022-23
INTUIT AUSTRALIA PTY LTD,28163072704,105623088,5418198,1625459,2022-23
INVOCARE LIMITED,42096437393,519792175,46005346,13332429,2022-23
IOR RURAL HOLDINGS PTY LTD,33641448277,137038866,,,2022-23
IOR SUPPLY AND TRADING PTY LTD,66155097242,522077693,,,2022-23
IPA PERSONNEL SERVICES PTY LTD,12137834738,106887697,,,2022-23
IPD GROUP LTD,12111178351,254571661,25293002,7587901,2022-23
IPH LIMITED,49169015838,297731098,41599209,11447762,2022-23
IPSEN PTY LTD,47095036909,119474599,5628025,1688408,2022-23
IQVIA SOLUTIONS AUSTRALIA HOLDINGS PTY LTD,42104475363,259948396,57660706,1099243,2022-23
IRELAND BROWN CONSTRUCTIONS PTY LTD,69111715621,179046237,,,2022-23
IRESS LIMITED,47060313359,388789735,17895492,4121183,2022-23
IRI (APAC HOLDINGS) PTY LTD,13165572761,123074076,4865634,,2022-23
IRIS ENERGY LIMITED,60629842799,144577666,,,2022-23
IRON MOUNTAIN ACQUISITION HOLDINGS PTY LTD,20608590521,213531543,42969903,12819173,2022-23
IRONSIDE CONSTRUCTION PTY LTD,71606670277,174472493,,,2022-23
ISIS CENTRAL SUGAR MILL COMPANY LTD,99009657078,107141080,,,2022-23
ISPT FINANCE PTY LTD,47632254829,120428234,,,2022-23
ISUZU AUSTRALIA LIMITED,97006962572,1274699727,96320441,28896132,2022-23
ISUZU UTE AUSTRALIA PTY LTD,80129563739,1747820329,167274846,50182454,2022-23
ITI (HOLDCO) PTY LIMITED,60627628120,526069682,30698322,9209497,2022-23
ITOCHU AUSTRALIA LIMITED,63000192790,5057680407,2654851676,594189881,2022-23
ITV STUDIOS AUSTRALIA PTY LIMITED,91088957706,201635894,,,2022-23
IVE GROUP LIMITED,62606252644,945765423,24470687,7340463,2022-23
IVECO TRUCKS AUSTRALIA LTD,86004065061,361169777,71778142,21533443,2022-23
IWATANI AUSTRALIA PTY LTD,85008902841,161711531,33695267,9034302,2022-23
IX INFRASTRUCTURE PTY LTD,78629750401,1340301287,61272613,17625564,2022-23
J & V MCGRATH HOLDINGS PTY LTD,81122411778,164412576,601038,180311,2022-23
J HUTCHINSON PTY LTD,52009778330,3136123632,6166949,1763233,2022-23
J RAY MCDERMOTT (AUST) HOLDING PTY LTD,22002797668,1093336820,31199598,7940619,2022-23
J. J. RICHARDS & SONS PTY LTD,40000805425,1284440199,73861692,9572444,2022-23
J.C.D. AUSTRALIA PTY LTD,49002017209,267739785,162370273,48383079,2022-23
J.K. WILLIAMS HOLDINGS PTY LIMITED,58084225883,145999721,,,2022-23
J.P. MORGAN AUSTRALIA GROUP PTY LIMITED,54104888155,836459783,101659794,30497938,2022-23
JA SOLAR AUSTRALIA PTY LTD,68164221005,239756257,3693027,1107908,2022-23
JACKAROO PTY LTD,33010741232,101203146,7989048,2109463,2022-23
JACOBS AUSTRALIA PTY LIMITED,12079749287,962259226,95311240,24051425,2022-23
JADESTONE ENERGY (AUSTRALIA) PTY LTD,48613671819,511795712,92883816,27865145,2022-23
JAGUAR LAND ROVER AUSTRALIA PTY LTD,86004352238,629039135,6341102,1669759,2022-23
JAMES HARDIE RESEARCH (HOLDINGS) PTY LIMITED,51082944821,634970409,,,2022-23
JANART HOLDINGS PTY LTD,13092037262,298385441,6326157,1847536,2022-23
JANDS PTY LTD,45001187837,111119376,12245376,3673613,2022-23
JANGHO HEALTH CARE AUSTRALIA PTY LTD,90608040802,151927144,290881,31550,2022-23
JAPAN ALUMINA ASSOCIATES (AUSTRALIA) PTY LTD,42008907524,247015512,29805954,8373459,2022-23
JAPAN AUSTRALIA LNG (MIMI) PTY LTD,18006303180,3661301980,2419965022,724477140,2022-23
JAQUES INTERNATIONAL HOLDING PTY LIMITED,57004075978,322898568,47645628,13872786,2022-23
JAROOKA PTY LTD,23002555839,259421524,8712929,2613244,2022-23
JAS FORWARDING WORLDWIDE PTY LIMITED,23101573479,214109739,1596083,478825,2022-23
JASARA CONSTRUCTIONS (AUST) PTY LTD,62132079059,125896673,4848529,1454559,2022-23
JASARA MANAGEMENT PTY LTD,46159956439,120016286,811221,243366,2022-23
JAYCAR PTY LTD,65000087936,219817394,10728385,3218516,2022-23
JAYDO CONSTRUCTION PTY LTD,16062221596,127143573,5054932,1516480,2022-23
JB HI-FI LIMITED,80093220136,9368341354,764278019,229283275,2022-23
JB METROPOLITAN DISTRIBUTORS PTY LTD,72088821023,173419057,4935943,1478114,2022-23
JBX PTY LTD,52134120139,488339167,203852943,61155883,2022-23
JCDECAUX AUSTRALIA HOLDINGS PTY LTD,50627855323,384501509,,,2022-23
JD SPORTS FASHION HOLDINGS AUSTRALIA PTY LIMITED,15614248332,490638425,78056414,23372033,2022-23
JEFFERIES (AUSTRALIA) PTY LIMITED,76623059898,102890421,738294,221488,2022-23
JELD-WEN AUSTRALIA PTY LIMITED,62087012226,808894644,72382982,20895319,2022-23
JELLINBAH GROUP PTY LTD,54010754793,3575542214,1758095626,527142309,2022-23
JENNMAR AUSTRALIA PTY LTD,34078584531,196538606,5714273,1252137,2022-23
JERA AUSTRALIA PTY LTD,68140147048,151223505,4843947,,2022-23
JET AVIATION AUSTRALIA PTY LTD,94001540316,214606549,21613850,6431526,2022-23
JETBEST PTY LTD,17009709317,107392881,4743745,1248212,2022-23
JFC AUSTRALIA CO PTY LTD,36003080260,279374401,20206219,6061866,2022-23
JFE STEEL AUSTRALIA RESOURCES PTY LTD,77113447064,202096233,69017970,1907527,2022-23
JG KING BUILDING GROUP PTY LTD,38142687554,228686490,,,2022-23
JINKO SOLAR AUSTRALIA HOLDINGS CO. LTD,93154662889,245492477,7438568,2231570,2022-23
JJ O'CONNOR & SONS PTY LTD,33005242142,402700425,24163532,7249060,2022-23
JJG AUTO HOLDINGS PTY LTD,63646792814,147818482,4657598,1397279,2022-23
JK INTERNATIONAL PTY LTD,49010127750,864182034,6519552,1955837,2022-23
JK MILLING PTY LTD,64084343733,196912333,1493672,448102,2022-23
"JLG PACIFIC HOLDINGS, INC.",52634889884,115194368,1693459,508038,2022-23
JMC AUTOMOTIVE GROUP PTY LTD,83009479190,343961853,12200467,3660140,2022-23
JOHN BORG INVESTMENTS NO 2 PTY LIMITED,,159740621,159740619,,2022-23
JOHN COTTON AUSTRALIA PTY LTD,63616432734,103936312,,,2022-23
JOHN DEERE FINANCIAL LIMITED,55078714646,175004285,34297117,9803478,2022-23
JOHN E GILL TRADING PTY LTD,26003250379,156850289,,,2022-23
JOHN SWIRE & SONS (AUSTRALIA) PTY LTD,54118028774,451327888,,,2022-23
JOHNSON AND JOHNSON PTY LIMITED,29000023709,1780330088,176951038,44750530,2022-23
JOHNSON CONTROLS HOLDING AUSTRALIA PTY LIMITED,86102631158,537879900,,,2022-23
JOLIMONT DEVELOPMENT FINANCE PTY LTD,94094356779,1635442877,43506410,7754303,2022-23
JORD INTERNATIONAL PTY LIMITED,42102636215,137081154,13263428,3860617,2022-23
JOVAL WINES PTY LTD,80004564069,199704646,11808792,3014062,2022-23
JOWETT MOTOR GROUP HOLDING CO PTY LTD,54639117570,461701528,12081391,3624417,2022-23
JOY GLOBAL AUSTRALIA HOLDING COMPANY PTY LTD,70059870058,412044501,22773357,6694090,2022-23
JPH1 PTY LTD,99101619596,168767030,,,2022-23
"JPMORGAN CHASE BANK, NATIONAL ASSOCIATION",43074112011,925873650,84827775,25448332,2022-23
J-POWER AUSTRALIA PTY. LTD.,59002307682,1540006165,966298585,288978920,2022-23
JQZ HOLDINGS PTY LTD,36111636983,300440524,45315569,13594671,2022-23
JUDO CAPITAL HOLDINGS LIMITED,71612862727,576821769,116571674,34971502,2022-23
JUMBO INTERACTIVE LIMITED,66009189128,100324562,45260898,13578269,2022-23
JUNGHEINRICH AUSTRALIA HOLDINGS PTY LTD,28608769642,101294044,,,2022-23
JUNIPER NETWORKS AUSTRALIA PTY LIMITED,36091016312,185277884,7026861,2108058,2022-23
JUPITER MINES LIMITED,51105991740,127597897,,,2022-23
JUROX HOLDINGS PTY LTD,70001639050,126203205,161027324,12685336,2022-23
JUST EAT (ACQUISITIONS) PTY LIMITED,52605645547,407829930,,,2022-23
JWH GROUP PTY LTD,84098664709,312123443,,,2022-23
K AND S CORPORATION LIMITED,67007561837,856764005,,,2022-23
K LINE AUTO LOGISTICS PTY LTD,35140106341,313070811,313342,94003,2022-23
K.M.S. BUILDING PTY. LIMITED,25000607787,115432825,116887099,35066130,2022-23
K.S. & C.A. HUNT & SON PTY. LTD.,34007993446,216655086,183567,55070,2022-23
KA & MD INVESTMENTS PTY. LTD.,40120126589,488339421,3155623,,2022-23
KAEFER INTEGRATED SERVICES PTY LTD,83009046191,418350842,1549872,463962,2022-23
KAGERA PTY. LIMITED,58008478797,355634358,32069385,9054152,2022-23
KAGOME AUSTRALIA PTY LTD,42144695125,104492165,,,2022-23
KAIZEN MOTORS PTY LTD,67603805278,288337325,16244516,4873355,2022-23
KAJIMA AUSTRALIA PTY LTD,52604351966,961070716,1953911,,2022-23
KANSAI ELECTRIC POWER HOLDINGS AUSTRALIA PTY LTD,57601296226,637375330,102595070,8230892,2022-23
KANTAR INSIGHTS AUSTRALIA PTY LTD,84106925866,125626741,10730796,2519367,2022-23
KAPITOL GROUP PTY LTD,62622444544,360374197,6512794,1953838,2022-23
KAPLAN AUSTRALIA HOLDINGS PTY LTD,30117261980,124365769,1182601,354780,2022-23
KARARA MINING LIMITED,68070871831,1138228678,,,2022-23
KARCHER PTY LTD,76002721226,123227657,3623418,1087025,2022-23
KARINYA TRADING PTY. LTD.,94005846373,144593103,,,2022-23
KAROON ENERGY LTD,53107001338,849704994,,,2022-23
KARORA RESOURCES PTY LTD,74633381218,351575063,,,2022-23
KATHMANDU PTY LTD,84007047547,564658754,20870959,4380624,2022-23
KAWASAKI MOTORS PTY LIMITED,79002840315,119186043,6850902,2055271,2022-23
KB AGRI SERVICES PTY LTD,24157885991,109608687,4046927,1214078,2022-23
KB AUSTRALIA HOLDING PTY LTD,16610219380,426745876,6207810,1862343,2022-23
KBR HOLDINGS PTY LTD,32093419277,421477219,32229849,8375132,2022-23
KCE PTY LIMITED,83059721881,222723561,6805614,2041684,2022-23
KE & PW HOLDINGS PTY LTD,88062799973,103152378,441961,55525,2022-23
KEEMA HOLDINGS PTY LTD,28097123389,281440588,12667075,3800122,2022-23
KEISTAND PTY LIMITED,30006575480,102323979,8049019,2414706,2022-23
KEL CAMPBELL PTY LTD,11002783342,278083666,,,2022-23
KELLER AUSTRALIA PTY LIMITED,61081279932,385743702,,,2022-23
KELLOGG AUSTRALIA HOLDINGS PTY LTD,59102893952,512134295,54809448,14479003,2022-23
KELSEY CREEK SOLAR FARM HOLDCO PTY LTD,19616590071,136322767,,,2022-23
KELSIAN GROUP LIMITED,49109078257,1205013870,43307209,12816508,2022-23
KENNARDS HIRE PTY LIMITED,69001740727,575242753,61294754,18160182,2022-23
KENNARDS SELF STORAGE PTY LIMITED,57001805036,551173098,106614289,31833027,2022-23
KENNETT PTY. LTD.,80007534787,145623773,6505804,1951741,2022-23
KENNY CONSTRUCTIONS (AUST.) PTY. LIMITED,74096169416,123488948,6903754,2071126,2022-23
KEOLIS DOWNER PTY LTD,51165343680,1381826853,78173186,23450207,2022-23
KERMAN CONTRACTING PTY LTD,72008987988,148635339,12333126,3699938,2022-23
KERRY INGREDIENTS AUSTRALIA PTY LTD,47072996895,245475611,10079968,1476911,2022-23
KERRY LOGISTICS (OCEANIA) PTY LTD,19600672366,215614332,13900610,4170183,2022-23
KESTREL COAL GROUP PTY LTD,70624655518,3022826212,,,2022-23
KEY TOPCO PTY LTD,44642828199,156659807,29354971,8806491,2022-23
KEYSTONE FOODS PTY LIMITED,83077185481,230256429,,,2022-23
KEYWEALTH HOLDINGS PTY LTD,15081263461,108028681,,,2022-23
KFC ADCO LIMITED,22083047992,145101450,,,2022-23
KIA AUSTRALIA PTY LTD,97110483353,2652354950,162066538,48619961,2022-23
KIM AN PTY. LIMITED,78083083489,118078885,9001271,2643705,2022-23
KIMBERLY CLARK PACIFIC HOLDINGS PTY LIMITED,59095905294,1190352430,116153266,33691299,2022-23
KIN GROUP PTY LTD,11095313714,381037458,,,2022-23
KIN POWER GROUP PTY LTD,18623522467,369274988,3528892,,2022-23
KINCARE (HOLDINGS) PTY LTD,64095958857,102065132,,,2022-23
KINETIC IT PTY LTD,97072941943,224602649,16989251,5051476,2022-23
KINETIC SOURCING GROUP PTY LTD,76139962075,105554076,9307344,2792203,2022-23
KINETIC TCO PTY LTD,20601251067,634156218,,,2022-23
KING FURNITURE AUSTRALIA PTY. LTD.,79002757333,269261218,22472898,6507722,2022-23
KINGFISHER MOBILE AUSTRALIA PTY LTD,99630439842,172544238,1195116,358535,2022-23
KINGSPAN HOLDINGS AUSTRALIA PTY LTD,81107982098,200982812,11694113,3508234,2022-23
KINGSPAN WATER & ENERGY PTY LTD,62108491881,101011510,2767612,828038,2022-23
KINGSTON GROUP HOLDINGS PTY LTD,17004966394,121007449,11174176,3352253,2022-23
KINROSS FARM PTY LTD,64007356014,110317966,,,2022-23
KIRKLAND LAKE GOLD AUSTRALIA PTY LTD,30136505587,1041478524,569515697,170563151,2022-23
KITCHEN WAREHOUSE (AUST) PTY LTD,77151232754,117143072,,,2022-23
KIWA AUSTRALIA 1 PTY LTD,22654686021,151840958,,,2022-23
KJTC PTY LTD,53156406138,461226154,628310643,,2022-23
KLIKON GROUP HOLDINGS PTY LIMITED,46167162987,135442380,13138826,3941648,2022-23
KNAUF GYPSUM PTY LTD,84004231976,479387162,18058570,,2022-23
KNAUF INSULATION PTY LTD,73129827336,100670243,13054866,3916460,2022-23
KNIGHT FRANK AUSTRALIA HOLDINGS PTY LTD,28114923938,161340728,,,2022-23
KNORR-BREMSE AUSTRALIA PTY LTD,31092562671,259863401,13285790,3552477,2022-23
KOALA SLEEP PTY LTD,18605237090,148065965,,,2022-23
KOBELCO CONSTRUCTION MACHINERY AUSTRALIA PTY LIMITED,89097852296,313480650,41614519,12484356,2022-23
KOBELCO TRADING AUSTRALIA PTY LTD,63076566562,107887713,2489635,746890,2022-23
KOCH FERTILISER AUSTRALIA PTY LTD,44140582369,975736573,27461289,8238387,2022-23
KOGAN AUSTRALIA PTY LTD,53152570351,328400594,,,2022-23
KOGAS AUSTRALIA PTY LTD,42130065682,1556634411,,,2022-23
KOMATSU AUSTRALIA HOLDINGS PTY LTD,61001663752,229021977,119910063,8861889,2022-23
KOMATSU AUSTRALIA PTY LTD,63053514739,2856911680,204997390,61499217,2022-23
KONE HOLDINGS (AUSTRALIA) LIMITED,51003986436,480245621,20643909,6193173,2022-23
KONICA MINOLTA BUSINESS SOLUTIONS AUSTRALIA PTY LTD,50001065096,209887165,3105847,931754,2022-23
KOOBA PTY LIMITED,25637540311,105188746,2922436,876731,2022-23
KOPPERS AUSTRALIA HOLDING COMPANY PTY LTD,19104645301,332966056,63795348,19138604,2022-23
KOR EQUIPMENT SOLUTIONS PTY LTD,66149861861,100646103,6628671,1988601,2022-23
KORN FERRY (AU) PTY LTD,73001804799,136215530,9145172,2721233,2022-23
KORVEST LTD,20007698106,107589967,15379035,4613710,2022-23
KPMG HOLDINGS (AUSTRALIA) PTY LTD,34064067241,194282515,13474679,3388501,2022-23
KPMG INVESTMENTS (HOLDINGS) PTY LIMITED,38008524365,181801474,622908,186872,2022-23
KRAFT HEINZ AUSTRALIA PTY LIMITED,64622234379,872956036,22608497,5585998,2022-23
KRISPY KREME HOLDINGS PTY LIMITED,71134222727,154946544,12879215,3863764,2022-23
KRONOS AUSTRALIA PTY LTD,17074408067,135740679,,,2022-23
KTM AUSTRALIA HOLDING PTY LTD,49112854850,193410218,5740489,1722147,2022-23
KUBOTA AUSTRALIA PTY LTD,72005300621,736615099,47328471,14198541,2022-23
KUEHNE & NAGEL PTY LTD,70000871607,1203610261,70976032,21292810,2022-23
KUFPEC AUSTRALIA PTY LTD,42001800924,2064316507,3204731,,2022-23
KUMHO TYRE AUSTRALIA PTY LTD,46003300678,153236333,3007960,902388,2022-23
KUWAIT PETROLEUM AVIATION (AUSTRALIA) PTY LIMITED,88122531631,446078527,,,2022-23
KWB GROUP PTY LTD,33159809328,126108055,33774709,10132413,2022-23
KWIKFORM ACQUISITION HOLDINGS PTY LIMITED,43157779961,139581558,,,2022-23
KYNDRYL AUSTRALIA PTY LTD,98646647592,497456973,,,2022-23
KYOCERA DOCUMENT SOLUTIONS AUSTRALIA PTY LTD,77003852444,123129184,3806732,1142020,2022-23
KYUSHU ELECTRIC AUSTRALIA PTY LTD,54152417260,273591179,357529,,2022-23
KYVALLEY DAIRY GROUP PTY LTD,68608664937,179755776,,,2022-23
L.C. DYSONS BUS SERVICES PTY LTD,99004436542,214217177,,,2022-23
L.C.N. ENTERPRISES PTY LTD,76104048624,145919412,7265551,2179665,2022-23
L.U. SIMON BUILDERS PTY LTD,38006137220,264610608,,,2022-23
L1 CAPITAL PTY LTD,21125378145,147847856,113456770,34034367,2022-23
L1 LONG SHORT FUND LIMITED,47623418539,396448360,,,2022-23
L3HARRIS TECHNOLOGIES AUSTRALIA GROUP PTY LTD,61654390146,642827377,97942885,25439390,2022-23
LABOUR SOLUTIONS AUSTRALIA PTY LTD,76008137782,118409664,5663629,1699089,2022-23
LABOURFORCE IMPEX PERSONNEL PTY LIMITED,88093578726,100704399,,,2022-23
LACTALIS AUSTRALIA FINANCE PTY LTD,17163435103,2141860025,,,2022-23
LAI INDUSTRIES PTY LTD,76070094245,110294284,1308040,392412,2022-23
LAING O'ROURKE AUSTRALIA GROUP PTY LIMITED,36001333900,2068981525,,,2022-23
LAKE FOX LIMITED,47010563596,159014371,34693493,10408048,2022-23
LAMB WESTON AUSTRALIA HOLDINGS PTY LTD,53629887270,144431345,4303762,1291129,2022-23
LAMBDA SOFTWARE PTY LTD,79634635126,147180521,1025026,307508,2022-23
LANAI (AU) 1 PTY LTD,86652351909,1005229258,7991225,,2022-23
LANCE EAST HOLDINGS PTY LTD,,295250508,299175408,6114868,2022-23
LANDIS & GYR HOLDINGS PTY LTD,82098539587,469425462,1267835,380350,2022-23
LANDPOWER AUSTRALIA PTY LTD,52005851801,301900298,13131801,3939540,2022-23
LANGDON GROUP PTY LIMITED,34004116241,167357692,24671841,7400742,2022-23
LANGS BUILDING SUPPLIES PTY LTD,24010007315,158432182,17566709,5270013,2022-23
LANTRAK LOGISTICS (QLD) PTY LTD,76151310440,120414892,12730692,3819208,2022-23
LANTRAK LOGISTICS (VICTORIA EAST) PTY LTD,78164074579,105809288,1662911,498873,2022-23
LANTRAK PTY LTD,14163639727,293493188,4081487,1224446,2022-23
LATITUDE GROUP HOLDINGS LIMITED,83604747391,867295028,32714939,3446775,2022-23
LATRAN CAPITAL PTY LTD,76615781185,182689313,59524,17857,2022-23
LATROBE VALLEY POWER (HOLDINGS) PTY LTD,57621363102,697617126,164368250,49310475,2022-23
LAWCOVER INSURANCE PTY LIMITED,15095082509,122763113,3345375,960560,2022-23
LAWRENCE AND HANSON GROUP PTY LTD,69080350812,1046184068,37134148,11140244,2022-23
LAZARD ASSET MANAGEMENT PACIFIC CO,13064523619,158523089,15695703,4708711,2022-23
LB AUSTRALIA HOLDINGS PTY LTD,96165597482,832034000,150902504,40905785,2022-23
LEADER COMPUTERS PTY LTD,24093139354,561443822,37823934,11347180,2022-23
LEED ENGINEERING AND CONSTRUCTION PTY LTD,35097021728,192298302,3966655,1189996,2022-23
LEGO AUSTRALIA PTY LTD,42001540914,538040489,16955961,5086788,2022-23
LEGRAND GROUP PTY LIMITED,41000565739,154596542,11012218,1477769,2022-23
LEICA GEOSYSTEMS PTY LIMITED,18000112765,135642264,22934620,4558282,2022-23
LEIDOS AUSTRALIA PTY LIMITED,79612590155,752284313,68057371,20417211,2022-23
LEMNOS FOODS PTY LTD,52147490480,128535301,,,2022-23
LEMONWOOD INVEST PTY LTD,19612566417,106478493,12416115,3724834,2022-23
LEND ME A HAND PTY LTD,33154916917,128340479,,,2022-23
LENDI GROUP PTY LTD,44648681654,326104505,,,2022-23
LENDLEASE CORPORATION LTD,32000226228,6364389011,121098616,18872777,2022-23
LENOVO (AUSTRALIA & NEW ZEALAND) PTY LIMITED,70112394411,1129098296,19963887,5989166,2022-23
LENOVO GLOBAL TECHNOLOGY (AUSTRALIA & NEW ZEALAND) PTY LTD,90614012985,362999723,14170224,4251067,2022-23
LEONARDO HOLDCO PTY LTD,63629681116,549641539,,,2022-23
LEONE FAMILY HOLDINGS PTY LTD,69618356586,1114372984,46428261,13924557,2022-23
LEPGF PTY LTD,82640391868,3321147700,,,2022-23
LEPPINGTON PASTORAL CO PTY LTD,83000420404,140086054,60391585,18117400,2022-23
LES CREUX AUSTRALIA PTY LTD,70147912187,150549113,23305081,6991524,2022-23
LEVI STRAUSS (AUSTRALIA) PTY LTD,67000607965,116706910,3899680,1169904,2022-23
LEWIS LAND HOLDINGS PTY LIMITED,68008522496,144685414,18473582,5542075,2022-23
LG ELECTRONICS AUSTRALIA PTY LIMITED,98064531264,1212079093,38238107,11471432,2022-23
LGT HOLDING (AUSTRALIA) PTY LTD,93656007028,172980339,,,2022-23
LH PERRY & SONS PTY LTD,65622813923,180687818,,,2022-23
LH PERRY & SONS WHOLESALE PTY LTD,75648368307,228649342,,,2022-23
LIATAM MINING PTY LTD,69637907503,107390855,5006202,1501861,2022-23
LIBERTY BELL BAY PTY LTD,23004456035,442661303,2238481,459298,2022-23
LIBERTY FINANCIAL GROUP LIMITED,59125611574,817060297,24892598,5957307,2022-23
LIBERTY GROUP PTY LTD,55167839394,144181472,11562740,3468822,2022-23
LIBERTY HOLDINGS AUSTRALIA PTY LTD,16627011938,7855196167,551127653,153030081,2022-23
LIBERTY MUTUAL INSURANCE COMPANY,61086083605,534278623,225175414,67552624,2022-23
LIBERTYTOWN AUSTRALIA PTY LTD,70128997526,143412145,224721,,2022-23
LIEBHERR-AUSTRALIA PTY LTD,65007970452,1217742503,89519515,26848788,2022-23
LIFESTYLE COMMUNITIES LIMITED,11078675153,318260384,24230508,7269152,2022-23
LIGENTIA AUSTRALIA PTY LTD,13158643648,170515222,8399868,2519960,2022-23
LIKEWIZE AUSTRALIA PTY LTD,58111399752,803484200,27108686,8044413,2022-23
LIMESTONE HOLDCO PTY LIMITED,87639416667,354127539,,,2022-23
LINDE MATERIAL HANDLING PTY LIMITED,62000768776,284738855,10091492,3027448,2022-23
LINDSAY AUSTRALIA LIMITED,81061642733,715793029,333343,,2022-23
LINDT & SPRUNGLI (AUSTRALIA) PTY LTD,43079224892,248079953,22006612,6601984,2022-23
LINEAGE AP HOLDINGS PTY LTD,27637083544,523020397,,,2022-23
LINK ADMINISTRATION HOLDINGS LIMITED,27120964098,1090468025,55074645,14675589,2022-23
LINK CONSTRUCT PTY LTD,87630627271,120764714,295670,88701,2022-23
LINKEDIN SINGAPORE PTE. LTD.,73615253408,136932801,21710063,6513019,2022-23
LINKFORCE ENGINEERING PTY LTD,57123543699,123641643,5697687,1709306,2022-23
LINKFORCE PROCUREMENT PTY LTD,44630985125,120959934,2429959,728988,2022-23
LINKFORCE SITE SERVICES PTY LTD,63615813020,206899807,5324313,1597294,2022-23
LION PTY LIMITED,50128004268,1452495596,,,2022-23
LIPMAN GROUP HOLDINGS PTY LIMITED,62150243682,455195375,,,2022-23
LIQUID MIX (WA) PTY LTD,90127094008,204097776,7286643,2185993,2022-23
LITE N' EASY (NEW SOUTH WALES) PTY LTD,51165076380,144220990,3752381,1125714,2022-23
LITE N' EASY (QUEENSLAND) PTY LTD,62066985073,129761779,10740179,3222054,2022-23
LITE N' EASY (VICTORIA) PTY LTD,56153499579,124544819,7923234,2376970,2022-23
LITE N' EASY PTY LTD,33010655820,280701720,,,2022-23
LIVE NATION AUSTRALASIA PTY LTD,69156286341,165012117,8593267,2529179,2022-23
LIVE-IN LEARNING OPERATIONS PTY LTD,20633163096,104997562,,,2022-23
LLOYD GROUP PTY LTD,96069674479,220595732,,,2022-23
LLOYD HELICOPTER SERVICES PTY LTD,45058277491,327159875,,,2022-23
LM GROUP (AUST) PTY LTD,41114717814,234580595,6025066,1744408,2022-23
LMS ENERGY PTY LTD,39059428474,137155490,22640288,6775846,2022-23
LMZ INTERNATIONAL PTY LTD,18603756485,167453153,2994014,898204,2022-23
LNW GAMING AUSTRALIA HOLDINGS I PTY LTD,37169042013,161566508,28678052,8583786,2022-23
LOAN MARKET GROUP PTY LTD,83105221967,1192315680,,,2022-23
LOC GLOBAL PTY LTD,53637527541,1283737975,54668,16400,2022-23
LOCKHEED MARTIN AUSTRALIA PTY LIMITED,30008425509,547477053,85222653,23960905,2022-23
LOCKSMITHS NOMINEES PTY LTD,43005513164,105209766,5938970,1781691,2022-23
LOGICALIS AUSTRALIA HOLDINGS PTY LTD,67089914581,188772442,1654419,450848,2022-23
LOGISTIK PTY LTD,16150595421,172453307,8880867,2664260,2022-23
LOGOS AUSTRALIA COMPANY PTY LIMITED,39601746516,198792698,20417476,6125242,2022-23
LOGWIN AIR & OCEAN AUSTRALIA PTY LTD,57003909939,213117765,3026250,907875,2022-23
LONGI SOLAR AUSTRALIA PTY LTD,15632322288,125076186,,,2022-23
LONSDALE FINANCE PTY LIMITED,72614453566,194962645,,,2022-23
L'OREAL AUSTRALIA PTY LTD,40004191673,839095348,140764549,42229365,2022-23
LORNA JANE PTY LTD,91065384616,162472038,19410768,5823230,2022-23
LOSCAM HOLDINGS AUSTRALIA PTY LTD,46144845867,167806101,80390827,24038221,2022-23
LOUIS DREYFUS COMPANY MELBOURNE HOLDINGS PTY LTD,18161877185,2541167378,108114437,32384060,2022-23
LOUIS VUITTON AUSTRALIA PTY LTD,41005918678,685898009,142202913,42660874,2022-23
LOVISA HOLDINGS LIMITED,34602304503,304129191,51585268,15475580,2022-23
LOWES MANHATTAN PTY LTD,31000307666,262957245,37553667,11265703,2022-23
LOYALTY PACIFIC PTY LTD,82057931334,525166784,,,2022-23
LPI (AUSTRALIA) HOLDINGS PTY LIMITED,81084042473,1738122073,59791505,17775882,2022-23
LR TRADING PTY LIMITED,33003068166,199462152,3570381,1071114,2022-23
LSH AUTO (MELBOURNE) PTY LIMITED,77618554635,463441583,3732014,1119604,2022-23
LUCAS TOTAL CONTRACT SOLUTIONS (HOLDINGS) PTY LTD,66137901752,261032948,,,2022-23
LUERSSEN AUSTRALIA PTY LTD,39618700637,255590695,,,2022-23
LULULEMON ATHLETICA AUSTRALIA PTY LTD,45110186233,293842315,28531219,8559366,2022-23
LUXOTTICA SOUTH PACIFIC HOLDINGS PTY LTD,58104629772,959544927,69830521,20949156,2022-23
LUXTON HOMES PTY LTD,22615340675,119636429,20486482,6145945,2022-23
LUYE AUSTRALIA HOLDINGS PTY LTD,98609669472,374826091,,,2022-23
LVMH PERFUMES & COSMETICS GROUP PTY LIMITED,63069188272,134400068,5700895,1710268,2022-23
LWAM HOLDINGS PTY LTD,48627060682,158288202,,,2022-23
LYCOPODIUM LIMITED,83098556159,398397138,34612011,9214535,2022-23
LYNAS RARE EARTHS LIMITED,27009066648,278073354,111799904,33539971,2022-23
LYNCH GROUP HOLDINGS LIMITED,35608543219,382022607,5561668,1668500,2022-23
LYNDONS PTY LTD,31010583721,126044190,,,2022-23
LYONDELLBASELL ADVANCED POLYOLEFINS PTY LTD,15600489736,131498353,,,2022-23
M J LUFF PTY LTD,52001001850,433413389,27818926,8345678,2022-23
M MINING PTY LTD,59646657963,114427704,1168931,350679,2022-23
M RESOURCES TRADING PTY LTD,58156582320,344639381,109591450,32877435,2022-23
M.A SERVICES GROUP PTY LTD,73151498001,107791442,8447568,2534270,2022-23
M1 TOPCO PTY LTD,99663463116,174926590,,,2022-23
MA FINANCIAL GROUP LIMITED,68142008428,746375624,64266095,19265700,2022-23
MAAS GROUP HOLDINGS LIMITED,84632994542,666473308,34593581,10347814,2022-23
MABEN GROUP PTY LTD,65107657152,175584826,,,2022-23
MACA MINING PTY LTD,22102886064,380533559,,,2022-23
MACA PLANT PTY LTD,29110779167,124817224,,,2022-23
MACH AUSTRALIA HOLDINGS PTY LTD,66608494828,219764318,221262677,,2022-23
MACH ENERGY AUSTRALIA PTY LTD,34608495441,2478379224,1618390977,485517293,2022-23
MACKAY CITY AUTO GROUP PTY LTD,28125986503,108588219,5518805,1655642,2022-23
MACKAY SUGAR LIMITED,12057463671,521783423,,,2022-23
MACKELLAR MINING PTY LTD,81150919761,420035084,6806796,2042039,2022-23
MACMAHON HOLDINGS LIMITED,93007634406,1783588276,,,2022-23
MACQUARIE GLOBAL SERVICES PRIVATE LIMITED,,162923777,3626783,1088035,2022-23
MACQUARIE GROUP LIMITED,94122169279,19837669727,1929027053,447651921,2022-23
MACQUARIE TECHNOLOGY GROUP LIMITED,72056712228,345565043,,,2022-23
MACSTEEL INTERNATIONAL AUSTRALIA PTY LTD,94000904978,519963891,34231664,10269499,2022-23
MADAD PTY LTD,57009678344,121348552,1856133,28205,2022-23
MADER CONTRACTING PTY LTD,36114021537,368488062,25279448,7583834,2022-23
MADER QUEENSLAND PTY LTD,86611004552,101706131,10780142,3234043,2022-23
MAERSK LOGISTICS & SERVICES AUSTRALIA PTY LTD,70006211052,186626627,,,2022-23
MAGELLAN FINANCIAL GROUP LIMITED,59108437592,431650000,227672937,67544518,2022-23
MAGI ENTERPRISES PTY LTD,49154423613,120094901,9674708,2902412,2022-23
MAGNITE HOLDINGS PTY LTD,49607240791,187297562,7211090,2163327,2022-23
MAGOTTEAUX AUSTRALIA PTY LTD,40055713301,143254637,2270370,,2022-23
MAINBRACE CONSTRUCTIONS PTY LIMITED,45002970658,444023530,7564660,2269398,2022-23
MAINFRIEGHT HOLDINGS PTY LTD,24084637605,1598622667,111147471,33344241,2022-23
MAINLAND CIVIL HOLDINGS PTY LIMITED,84098379152,128816737,6213197,1863959,2022-23
MAKANI 2001 PTY LIMITED,52075263142,120992522,51953,15586,2022-23
MAKITA (AUSTRALIA) PTY LIMITED,57001117335,534092424,18573608,5572082,2022-23
MALAYSIA AIRLINES BERHAD,29420085735,536645828,8291,2487,2022-23
MALTEUROP AUSTRALIA PTY LTD,48068420244,165369604,10978051,3293415,2022-23
MANDALA TRADING PTY LTD,60608372416,187199233,3714901,955765,2022-23
MANDALAY RESOURCES AUSTRALIA PTY LTD,38005482815,177400099,74943989,21942488,2022-23
MANHARI RECYCLING PTY LTD,73624299574,106839313,2712433,813730,2022-23
MANITOU AUSTRALIA PTY LIMITED,42114388591,112070189,6179394,1853818,2022-23
MANPOWER SERVICES (AUSTRALIA) PTY LIMITED,15071884994,395496029,,,2022-23
MANTEL GROUP PTY LTD,38622268240,179409018,19521541,5856462,2022-23
MARATHON TYRES HOLDINGS PTY LIMITED,74147561475,116925615,10573525,3172058,2022-23
MARCOPOLO AUSTRALIA HOLDINGS PTY LTD,23154692001,131242956,,,2022-23
MARGETIC & SITZLER CONSOLIDATED HOLDINGS PTY LTD,51167716181,248689707,,,2022-23
MARINE POWER INTERNATIONAL LLC,25003100007,181660282,12792279,3837684,2022-23
MARKET DIRECT GROUP PTY LTD,22115038483,114401070,11738834,3521650,2022-23
MARLEYSPOON PTY LTD,28603969571,236040816,,,2022-23
MARMON CONSTRUCTION SERVICES (AUSTRALIA) HOLDINGS PTY LTD,38154626954,337818593,,,2022-23
MARNCO PTY LTD,86628184323,184605910,3163757,949127,2022-23
MARQUIS MACADAMIAS LTD,93002607972,131107432,,,2022-23
MARQUIS MARKETING PTY LTD,76147689987,225613874,100068,30020,2022-23
MARRON GROUP HOLDINGS PTY LTD,71631941403,480086423,,,2022-23
MARS WRIGLEY AUSTRALIA HOLDINGS PTY LTD,68133509930,1841886081,173825301,48987569,2022-23
MARSH MERCER HOLDINGS (AUSTRALIA) PTY LTD,86097026812,1250213512,186817624,55084707,2022-23
MARSH PTY LTD AS AGENTS FOR NON RESIDENT INSURERS,,184358163,184358163,55307449,2022-23
MARTIN-BROWER AUSTRALIA HOLDINGS PTY LTD,91156502251,1831742789,7980766,2394230,2022-23
MARTINUS GROUP HOLDINGS PTY LTD,98651593878,270849196,,,2022-23
MARUBENI AUSTRALIA LIMITED,53000329699,4411114542,2012117134,213282961,2022-23
MARUBENI ITOCHU STEEL OCEANIA PTY LTD,78098025506,265068553,10860196,3258059,2022-23
MARUBENI-ITOCHU TUBULARS OCEANIA PTY LTD,87077953827,251184268,17066089,5111237,2022-23
MASTER BUTCHERS CO-OPERATIVE LTD,58874245597,104889959,1133644,340093,2022-23
MASTERCARD AUSTRALIA HOLDING PTY LTD,83143337722,311543150,1578060,,2022-23
MASTERTON CORPORATION HOLDING COMPANY PTY LIMITED,56055692825,261375660,,,2022-23
MASTLINK AUSTRALIA PTY LTD,74159798679,104813598,1246308,373892,2022-23
MATRAD PTY LTD,27011019088,161766190,,,2022-23
MATTBEN PTY LTD,63104515568,144366417,1246786,374036,2022-23
MATTEL PTY LTD,60000660962,166421410,5147547,1544264,2022-23
MAUGHAN THIEM AUTOMOTIVE PTY LTD,29107649338,237306579,11466755,3440026,2022-23
MAULES CREEK MARKETING PTY LTD,73140534256,347206114,,,2022-23
MAURICE BLACKBURN PTY LTD,21105657949,272398244,,,2022-23
MAX GRAINS AUSTRALIA PTY LTD,65137908297,108447663,2276840,683052,2022-23
MAXCAP GROUP HOLDINGS PTY LTD,21637177989,107800619,22233706,6670112,2022-23
MAXCON CONSTRUCTIONS PTY LTD,69152259820,196462387,25221764,7566529,2022-23
MAXFOODS PTY LTD,53137612081,114938054,3649357,1094807,2022-23
MAXIGENES PTY LTD,52150321770,219351012,75020760,22506228,2022-23
MAXIMUS AUSTRALIA HOLDING COMPANY PTY LTD,91608016128,168385166,,,2022-23
MAXIPARTS LIMITED,58006797173,200839283,2150105,,2022-23
MAXI-TANKERS PTY LTD,22117406934,812744658,,,2022-23
MAXUM FOODS PTY LTD,80103379657,250989486,8163725,2449118,2022-23
MAYFAIRS W'SALE PTY LTD,23009693592,116535661,7233945,2170184,2022-23
MAYFLOWER ENTERPRISES PTY LTD,48607181662,246309776,28382158,8514647,2022-23
MAYNE PHARMA GROUP LTD,76115832963,534291861,1495259,,2022-23
MAYNE PHARMA SIP PTY LTD,42612729389,113608780,,,2022-23
MAZDA AUSTRALIA PTY LTD,78004690804,3422461218,136798137,40932650,2022-23
MB SOLUTIONS AUSTRALIA PTY LTD,69634934419,111334986,,,2022-23
MCC MINING (WESTERN AUSTRALIA) PTY LTD,69123854740,125199293,,,2022-23
MCCAIN FOODS (AUST) PTY LTD,96000629587,824588202,58497379,17426737,2022-23
MCCARROLLS OF MOSS VALE PTY LTD,60003411210,495144311,5134754,1539943,2022-23
MCCORKELL CONSTRUCTIONS PTY LTD,92094764584,112218202,5469557,1640867,2022-23
MCCORMICK FOODS AUSTRALIA PTY LTD,62004763259,283053346,39815328,11944598,2022-23
MCCOSKER CONTRACTING PTY LTD,42070997787,156417324,5915369,1774611,2022-23
MCDONALD'S AUSTRALIAN PROPERTY CORPORATION,55002913555,2133802863,414595998,122637093,2022-23
MCE HOLDINGS PTY LTD,42140636193,125166620,14940990,4282978,2022-23
MCGREGOR GOURLAY PTY LTD,80619661988,333477525,16370686,4909058,2022-23
MCINTOSH CE PTY LTD,62647910156,140396792,8930256,2679077,2022-23
MCINTOSH HOLDINGS PTY LTD,28008675876,660755635,28589997,8576999,2022-23
MCKINSEY PACIFIC RIM INC,66055131443,404198930,,,2022-23
MCLEAN FARM SALES PTY LTD,47114227780,128858011,,,2022-23
MCLEAN POULTRY PTY LTD,39114227744,129506692,605758,181727,2022-23
MCLS (AUST) PTY LTD,33169551571,166035171,1245054,373516,2022-23
MCMAHON SERVICES AUSTRALIA PTY LTD,75097072565,568489826,28531164,8268981,2022-23
MCMILLAN SHAKESPEARE LIMITED,74107233983,534317886,,,2022-23
MCNAB DEVELOPMENTS (QLD) PTY LTD,63118748548,490410944,11753475,3526042,2022-23
MCNAB NQ PTY LTD,83126974561,140160405,4317724,1295317,2022-23
MCNALLY GROUP CONTRACTING PTY LTD,40159349210,134546280,23336699,7001010,2022-23
MCPHERSON'S LIMITED,98004068419,193514212,7029470,2077116,2022-23
MCT MOTORSPORT PTY LTD,59636285017,182136028,4640074,1392022,2022-23
MDA NATIONAL INSURANCE PTY LTD,56058271417,109036702,625378,,2022-23
MEARS GROUP PTY LTD,92149486500,601656732,2571429,,2022-23
MECCA BRANDS NZ PTY LTD,36126675401,106002704,,,2022-23
MEDIBANK PRIVATE LIMITED,47080890259,7496690685,349857707,100322572,2022-23
MEDINA PROPERTY SERVICES PTY LIMITED,36062326176,304305848,,,2022-23
MEDION AUSTRALIA PTY LIMITED,58106611330,297170233,48845330,14653599,2022-23
MEDITERRANEAN SHIPPING COMPANY (AUSTRALIA) PTY LTD,12003760638,138168516,11068568,3320570,2022-23
MEDLINE STELLAR AUSTRALIA PTY LTD,94149963226,194811854,6703909,2011173,2022-23
MEDRECRUIT INTERNATIONAL LIMITED PARTNERSHIP,44911819528,143217643,637612,191284,2022-23
MEDTRONIC AUSTRALASIA PTY LTD,47001162661,1072189449,120181491,34924815,2022-23
MEGA INTERNATIONAL COMMERCIAL BANK CO LIMITED,27079372688,115782023,54466756,16340027,2022-23
MEHOLD PTY LTD,98161736572,161674011,11072747,510833,2022-23
MEIJI DAIRY AUSTRALASIA PTY LTD,34064273418,157482616,779528,233858,2022-23
MELBCON PTY LTD,89094370457,109972045,11660399,3498120,2022-23
MELBOURNE TRACTORS PTY LTD,37006204440,124889646,6400368,1920110,2022-23
MELIWA PTY LTD,81635273479,106374360,137900,41370,2022-23
MELRINA WHOLESALE MEATS PTY LTD,70604782541,194819891,21309544,6392863,2022-23
MEMBERS BANKING GROUP LIMITED,83087651054,138265404,443539,,2022-23
MENZIES AVIATION HOLDINGS AUSTRALIA PTY LTD,18102031836,341783757,,,2022-23
MERCEDES-BENZ GROUP AUSTRALIA/PACIFIC PTY LTD,50004348421,3240370869,208196448,62458934,2022-23
MERCK HEALTHCARE PTY LTD,72006900830,177068596,3439113,871712,2022-23
MERCK SHARP & DOHME (HOLDINGS) PTY LTD,57000235245,1379724019,155757100,20824598,2022-23
MERITON PROPERTIES PTY LIMITED,49000698626,1476419362,310644715,93193414,2022-23
MERLIN ENTERTAINMENTS (AUSTRALIA) PTY LTD,51147624557,121010452,,,2022-23
MERRILL LYNCH (AUSTRALASIA) PTY LTD,72075923894,376561892,53454212,16036264,2022-23
MERYM PTY LTD,73009174510,116217148,3158005,947402,2022-23
MESH AND BAR PTY LTD,35084464746,476875570,42473232,12741970,2022-23
METAGENICS AUSTRALIA PTY LTD,78113937572,135023080,10739744,2482642,2022-23
METAROCK GROUP LIMITED,96142490579,521290891,,,2022-23
METCASH LIMITED,32112073480,17681387361,330970876,92452156,2022-23
METECNO PTY LTD,44096402934,163566489,16126864,4838059,2022-23
METHUSELAH HOLDINGS PTY LTD,45611923383,340365199,15338026,4601408,2022-23
METKA EGN AUSTRALIA PTY LTD,29627887709,153237398,,,2022-23
METLIFE INSURANCE LIMITED,75004274882,1158940314,118156477,35445790,2022-23
METRES PTY LTD,75621089030,433948039,59956678,17987003,2022-23
METRO FINANCE PTY LIMITED,44600674093,170890588,,,2022-23
METRO MINING LIMITED,45117763443,180667127,,,2022-23
METRO TRAINS AUSTRALIA PTY LTD,88614061960,2455227644,117376910,35213073,2022-23
METRO TRAINS SYDNEY PTY LTD,54600820737,140822934,,,2022-23
METROLL PTY LTD,97001446439,143076516,2238999,671700,2022-23
METROLL QUEENSLAND PTY LTD,17010035266,151744343,746627,223988,2022-23
METROLL VICTORIA PTY LTD,60005505135,270709101,8440263,2532079,2022-23
MEYER TIMBER PTY LTD,54005314321,328157048,7465605,2239682,2022-23
MF INVESTMENTS PTY LTD,50612357187,248255952,93234568,4369377,2022-23
MFF CAPITAL INVESTMENTS LIMITED,32121977884,484611000,93863607,24991919,2022-23
MFS INTERNATIONAL AUSTRALIA PTY LIMITED,68607579537,102423475,39354629,11806389,2022-23
MGM BULK PTY LTD,34165448920,211407386,,,2022-23
MHG HOTEL HOLDING AUSTRALIA PTY LTD,49153049917,551571762,5741093,,2022-23
MHPL INVESTMENTS PTY LTD,17010584031,709188754,52923650,10833697,2022-23
MICHAEL BORG INVESTMENTS PTY LIMITED,,160891086,160886977,,2022-23
MICHAEL HILL INTERNATIONAL LIMITED,25610937598,393999131,24631648,6632275,2022-23
MICHAEL PAGE INTERNATIONAL (AUSTRALIA) PTY LTD,58002872264,206819764,10005629,3001689,2022-23
MICHELIN AUSTRALIA PTY LTD,84006761628,996718000,27581306,8208064,2022-23
MICROSOFT DATACENTER (AUSTRALIA) PTY LIMITED,31163792078,1103913895,,,2022-23
MICROSOFT PTY LTD,29002589460,7530110161,394133107,118239932,2022-23
MIDDLEMOUNT COAL PTY LTD,49122348412,1352883753,407572430,122121705,2022-23
MIDDLEMOUNT SOUTH PTY LTD,85611632314,142872151,159781542,3153348,2022-23
MIDFIELD MEAT INTERNATIONAL PTY LTD,78065864904,677098740,,,2022-23
MIDFIELD TRADING PTY LTD,91090910508,223833358,7364417,2173108,2022-23
MIDLAND 2015 PTY LTD,39606139146,223314343,9759833,2927950,2022-23
MIDWAY LTD,44005616044,172670308,,,2022-23
MIDWAY METALS PTY LTD,88001831090,177825684,13038761,3911628,2022-23
MIELE AUSTRALIA PTY LIMITED,96005635398,454244410,29199148,8759744,2022-23
MIGHTY CRAFT LIMITED,13622810897,123377649,,,2022-23
MILBURN LAKE PTY LTD,13050462381,104494153,2656569,796971,2022-23
MILEDO PTY LIMITED,19002050295,176353120,44946374,13109568,2022-23
MILK DEPARTMENT PTY LTD,80633414007,337207708,38706,11612,2022-23
MILLELL PTY LTD,17148151213,365556466,,,2022-23
MILLENNIUM SERVICES GROUP LIMITED,11607926787,246066674,,,2022-23
MILLER POHANG COAL COMPANY PTY LTD,99001588209,1060111805,,,2022-23
MIMOSA HOMES PTY LTD,12123989408,158321618,3481212,954365,2022-23
MINERAL RESOURCES LIMITED,33118549910,5639538881,694387618,,2022-23
MINERALOGY INTERNATIONAL LIMITED,39632245446,469128352,228769136,67944723,2022-23
MINERVA AUSTRALIA HOLDINGS PTY LTD,20613516546,102423540,4591851,1377555,2022-23
MINERVA FOODS AUSTRALIA PTY LTD,87652859811,119747404,4737855,1421356,2022-23
MINI-TANKERS AUSTRALIA PTY LTD,81050220016,344550597,12103732,3631120,2022-23
MINJAR GOLD PTY LTD,15119514528,198541369,37049282,11114785,2022-23
MINMETALS AUSTRALIA PTY LTD,63006868033,287860091,,,2022-23
MINPROVISE INTERNATIONAL PTY LTD,65167931768,154961628,5199440,494218,2022-23
MINTEGO PTY. LIMITED,98054957587,278410038,7129965,2138990,2022-23
MIRVAC LIMITED,92003280699,1344263756,,,2022-23
MITCHELL SERVICES LTD,31149206333,246507455,,,2022-23
MITEK AUSTRALIA LTD,98004564587,172683990,59191674,16730310,2022-23
MITSUBISHI DEVELOPMENT PTY LTD,17009779873,13478427651,5612423412,1676695944,2022-23
MITSUBISHI ELECTRIC AUSTRALIA PTY LTD,58001215792,451607409,31524381,9457314,2022-23
MITSUBISHI HEAVY INDUSTRIES AIR CONDITIONERS AUSTRALIA PTY LTD,92133980275,317207634,21091740,6203863,2022-23
MITSUBISHI MATERIALS (AUSTRALIA) PTY LTD,78001429349,147133870,93617160,28046606,2022-23
MITSUBISHI MOTORS AUSTRALIA LIMITED,53007870395,2395836647,125685723,32103713,2022-23
MITSUI & CO. (AUSTRALIA) LTD,64004349795,10842713689,4906113385,1011915632,2022-23
MITSUI MATSUSHIMA INTERNATIONAL PTY LIMITED,72100874600,534548015,370927226,111278168,2022-23
MITSUI SUMITOMO INSURANCE COMPANY LTD,49000525637,208540722,41728,,2022-23
MITSUI-ITOCHU IRON PTY LTD,84008702761,2074534263,637610207,191283062,2022-23
"MIZUHO BANK, LTD (SYDNEY BRANCH)",83099031106,1286634914,240189049,72056715,2022-23
MJCP HOLDINGS PTY LIMITED,65626875349,170247596,,,2022-23
MKCB3 PTY LTD,42640186769,127671429,127671428,,2022-23
MLC LIMITED,90000000402,1535785759,230215513,,2022-23
MLG OZ LIMITED,53102642366,383844587,,,2022-23
MMA OFFSHORE LIMITED,21083185693,153058913,,,2022-23
MMG AUSTRALIA LIMITED,23004074962,1158181504,240493731,69506880,2022-23
MML HOLDINGS LIMITED,55084402380,4167380096,354012222,106203667,2022-23
MN BUILDERS GROUP PTY LTD,71166863341,184176563,,,2022-23
MNT PTY LTD,92606743266,282383608,31091269,7517061,2022-23
MOBIL PNG GAS HOLDINGS PTY LTD,35008633707,1357292910,2455161,736548,2022-23
MOBIS PARTS AUSTRALIA PTY LIMITED,34107778156,214284707,4513975,1354192,2022-23
MODERN STAR HOLDINGS TOPCO PTY LTD,92639348655,331337395,23449409,7034823,2022-23
MODUS PROJECTS PTY LTD,63143167159,166843424,16394704,4918411,2022-23
MOET HENNESSY AUSTRALIA PTY LIMITED,26104454604,368059384,25204521,7561356,2022-23
MOFFAT GROUP PTY LTD,92069691407,214166288,54732612,15289808,2022-23
MOGUL STUD PTY LTD,16000331840,111699202,7500626,2250188,2022-23
MOIT GROUP PTY LTD,76154364226,128299997,,,2022-23
MONADELPHOUS GROUP LIMITED,28008988547,1571295227,71152324,19006222,2022-23
MONASH IVF GROUP LTD,90169302309,198672908,25713121,7713936,2022-23
MONDE NISSIN (AUSTRALIA) PTY LTD,25169518325,261060630,,,2022-23
MONDELEZ AUSTRALIA GROUP CO PTY LTD,53147371846,3195225491,65285846,17590166,2022-23
MONEYME LIMITED,29636747414,235697265,,,2022-23
MONSTER ENERGY AU PTY LTD,84132571638,109195424,4889053,1466716,2022-23
MONTAGUE BROS. (HOLDINGS) PTY LTD,88006001332,110189310,,,2022-23
MONTGOMERY HOMES PTY LIMITED,57069964236,115141478,13223788,3967136,2022-23
MONTUGROUP,35634198360,109294495,5282158,1584647,2022-23
MOON STORIES (AUSTRALIA) PTY LTD,81651643579,111372586,,,2022-23
MORGAN PASTORAL PTY LTD,27115390488,392538641,,,2022-23
MORGAN STANLEY AUSTRALIA FINANCE PTY LIMITED,84086080015,668907726,94637250,28391175,2022-23
MORGANS HOLDINGS (AUSTRALIA) LIMITED,80050413682,280843082,8624357,2585124,2022-23
MORT & CO HOLDINGS LTD,54606165128,923976836,,,2022-23
MORTGAGE HOUSE PTY LIMITED,65129091372,207613169,11887259,3566178,2022-23
MOSAIC BRANDS LIMITED,96003321579,527032050,,,2022-23
MOSAIC CONSTRUCTION PTY LTD,49161541957,106675145,,,2022-23
MOSSOP GROUP PTY LTD,52008018540,195864503,4755653,1426696,2022-23
MOTA INVESTMENTS PTY LTD,98158946144,282559234,17309437,5192831,2022-23
MOTORCYCLE HOLDINGS LIMITED,29150386995,566900802,38267392,11480218,2022-23
MOTOROLA SOLUTIONS AUSTRALIA PTY LTD,16004742312,358066414,,,2022-23
MOTORONE TOPCO PTY LTD,82613793472,114807440,6259767,1877930,2022-23
MOTORS GROUP (GLEN WAVERLY) PTY LTD,85164997228,130139712,8440878,2532263,2022-23
MOTT MACDONALD AUSTRALIA PTY LTD,13134120353,364665814,58133171,17439951,2022-23
MOTUS AUSTRALIA PTY LTD,79113527263,726258364,24190073,7222184,2022-23
MOUNT GIBSON IRON LIMITED,87008670817,483406406,32768170,8767000,2022-23
MOUNT PRICHARD & DISTRICT COMMUNITY CLUB LIMITED,98000458622,213260069,,,2022-23
MOVIGO PTY LTD,57606409394,100862562,18762642,5628793,2022-23
MOY INVESTMENT PTY LTD,11169154572,786755537,15897963,,2022-23
MP AUSTRALIA HOLDINGS PTY LTD,37156629211,411285291,,,2022-23
MP BIOMEDICALS AUSTRALASIA PTY LTD,31106467109,200075248,15351761,4605528,2022-23
MPA HOLDINGS (AUST) PTY LIMITED,20609473421,294216612,11303747,3391124,2022-23
MPC KINETIC HOLDINGS LIMITED,68626678911,784644194,,,2022-23
MPD DAIRY PRODUCTS PTY LTD,55001442520,509843576,13196279,3958875,2022-23
MPG CONSTRUCTIONS CANBERRA PTY LIMITED,89614877726,130500124,2546662,763999,2022-23
MPH HOLDINGS PTY LIMITED,15001731148,104347891,2277818,683207,2022-23
MRFF INVESTMENT COMPANY NO.1 PTY LTD,95610668598,130940088,105527366,31658210,2022-23
MRFF INVESTMENT COMPANY NO.2 PTY LTD,50610668785,291474222,,,2022-23
MSC TRADING PTY LTD,71641828711,194802248,886686,266006,2022-23
MSM MILLING PTY LTD,57115070150,220658437,19285396,5618665,2022-23
MT GELLIBRAND WIND FARM HOLDINGS PTY LTD,92614414701,126811182,,,2022-23
MT MARION LITHIUM PTY LTD,67138805722,2340899730,1605343585,481603076,2022-23
MTD PRODUCTS AUSTRALIA PTY LTD,96004873572,109587207,3487592,1046278,2022-23
MTR CORPORATION (SYDNEY) SMCSW PTY LTD,53615158122,412442021,19945279,5983584,2022-23
"MUFG BANK, LTD.",75103418882,1376330267,329047794,98616090,2022-23
MUIR GROUP PTY LTD,16004732656,397312776,18403393,5520369,2022-23
MULAWA HOLDINGS PTY LIMITED,18000259834,629734425,28640263,8592079,2022-23
MULPHA AUSTRALIA LIMITED,44002888039,308965276,,,2022-23
MULTI MARKET SERVICES AUSTRALIA HOLDINGS PTY LTD,50000026228,526005019,14946004,4465253,2022-23
MULTI-COLOR AUSTRALIA HOLDINGS PTY LTD,28129274719,230828767,11051609,3315483,2022-23
MULTIGATE MEDICAL PRODUCTS PTY LTD,98003283529,236973134,25502910,7276218,2022-23
MULTIMEDIA TECHNOLOGY PTY LTD,91058914784,138336238,3262775,978832,2022-23
MULTIQUIP POULTRY PTY LTD,36086089616,157724580,,,2022-23
MULTIVAC AUSTRALIA PTY LTD,40112608116,104630092,7985666,2395700,2022-23
MUNCHENER RUCKVERSICHERUNGS GESELLSCHAFT,90009763526,1796164849,31670588,,2022-23
MUNDIPHARMA PTY LIMITED,87081322509,130072369,16411552,4923466,2022-23
MUNICH HOLDINGS OF AUSTRALASIA PTY LTD,80000159651,1044097300,1625042,,2022-23
MURRAY ENGINEERING PTY LTD,21119603655,151966772,,,2022-23
MUTUAL MARKETPLACE PTY LTD,35615297820,220822158,2607939,782382,2022-23
MY UNIQUE WATCH PTY. LTD.,26169278639,286662324,96446,28934,2022-23
MYER HOLDINGS LIMITED,14119085602,2814200259,119916914,35971836,2022-23
MYHOMECARE GROUP PTY LTD,82620857098,363306805,16472330,4941699,2022-23
MYLAN AUSTRALIA HOLDING PTY LTD,52127537302,479018755,19393695,5818108,2022-23
MYOB GROUP CO PTY LTD,23630725825,492181815,,,2022-23
MYSTATE LIMITED,26133623962,381342379,55630759,16689228,2022-23
N G P LORIMER PTY LIMITED,98610702988,242280155,8803875,2641162,2022-23
N G P PARRA HOLDINGS PTY LTD,72649626602,188441249,8104518,2431355,2022-23
N.H.P. HOLDINGS PROPRIETARY LIMITED,21004745644,542471817,59117349,17735205,2022-23
NAMOI COTTON LIMITED,76010485588,727482723,,,2022-23
NANDO'S AUSTRALIA PTY LTD,20079066407,241705477,,,2022-23
NANOSONICS LIMITED,11095076896,130181060,49677363,201128,2022-23
NASDAQ AUSTRALIA HOLDINGS PTY LTD,15145262371,213857970,72063139,21203252,2022-23
NATIONAL AUSTRALIA BANK LIMITED,12004044937,50567073519,7944273995,2375744254,2022-23
NATIONAL CAN INDUSTRIES PTY LTD,89006266799,140042881,,,2022-23
NATIONAL GROUP CORPORATION PTY LTD,32629791153,327380687,,,2022-23
NATIONAL JET EXPRESS PTY LTD,46063561482,191791357,,,2022-23
NATIONAL PUMP & ENERGY PTY LTD,83098812492,208118845,29540592,8862178,2022-23
NATIONAL ROADS AND MOTORISTS ASSOCIATION LIMITED,77000010506,842232206,,,2022-23
NATIONAL STORAGE HOLDINGS LIMITED,38166572845,323503466,42786799,12836040,2022-23
NATIONAL TILE CO PTY LTD,57007381599,202384803,,,2022-23
NATIONAL TYRE & WHEEL LTD,97095843020,429757877,5993337,1685597,2022-23
NATIONAL WORKFORCE PTY LTD,47134737812,142731257,2723686,299670,2022-23
NATURA BRAZIL PTY LTD,41162093030,425650402,69350245,16314756,2022-23
NATURE'S CARE HOLDINGS PTY LTD,62627672306,151839530,,,2022-23
NAVAL GROUP AUSTRALIA PTY LTD,14605467123,202294521,143290401,42987120,2022-23
NAVIA PTY LTD,85105752921,164431441,4635811,1390743,2022-23
NBN CO LIMITED,86136533741,6086799413,,,2022-23
NCIG HOLDINGS PTY LIMITED,98124700483,864582483,,,2022-23
NCR AUSTRALIA PTY LIMITED,61000003592,254005316,2928511,878553,2022-23
NDC HOLDCO PTY LTD,13654148188,147329659,7080352,2124106,2022-23
NEC AUSTRALIA PTY LTD,86001217527,391538718,,,2022-23
NEGU PTY LTD,22637047066,616907557,543083824,,2022-23
NEPEAN CONVEYORS PTY LIMITED,47003794885,181090142,4302035,1290610,2022-23
NEPEAN LONGWALL PTY LIMITED,94081123211,108484257,8956375,310691,2022-23
NEPEAN NO1 PTY LTD,15606791931,185640316,88096712,1540146,2022-23
NEP-GTV HOLDCO PTY LTD,34167517660,216825106,,,2022-23
NES FIRCROFT AUSTRALIA PTY LTD,58100091245,363634763,7458463,2237539,2022-23
NESTLE AUSTRALIA LIMITED,77000011316,2557518279,156871171,33835386,2022-23
NETAPP AUSTRALIA PTY LTD,14092499431,239066411,17607418,5282225,2022-23
NETFLIX AUSTRALIA PTY LTD,81601296771,1154856145,2412844,,2022-23
NETWEALTH GROUP LIMITED,84620145404,214749117,101612391,30482455,2022-23
NETWORK FINANCE COMPANY PTY LTD,17617869511,285802175,45679,13704,2022-23
NETWORK TEN ALL ACCESS PTY LTD,60629391117,131012170,,,2022-23
NEUMANN STEEL PTY LTD,59009818035,171954130,12870712,3796882,2022-23
NEW AIM PTY LTD,50115804432,314886252,4258911,,2022-23
NEW BALANCE AUSTRALIA PTY LTD,65003049296,156586244,10702823,3210847,2022-23
NEW CENTENARY PTY LTD,21168183864,272595632,12245802,3673741,2022-23
NEW CENTURY RESOURCES LTD,53142165080,255755943,,,2022-23
NEW FOOD COATINGS PTY LTD,51002604042,162292693,26773766,7256410,2022-23
NEW HOPE CORPORATION LIMITED,38010653844,2794332998,1263719224,379114221,2022-23
NEW TOWN (WA) PTY LTD,51057584595,202748331,8130335,2439100,2022-23
NEW TUREE PTY LTD,39651105038,108419335,142881054,,2022-23
NEW ZEALAND MILK (AUSTRALASIA) PTY LTD,23003502654,3000667151,,,2022-23
NEWBALE CLOTHING PTY LIMITED,33136405091,106751753,11768395,3530518,2022-23
NEWCASTLE GREATER MUTUAL GROUP LTD,96087651992,755445070,119605241,35882172,2022-23
NEWCREST MINING LIMITED,20005683625,3909028022,811345982,240925149,2022-23
NEWELL AUSTRALIA PTY LTD,68075071233,270711357,20305166,6030202,2022-23
NEWFURN FLOOR COVERINGS LTD,63004650668,193752947,1243444,373033,2022-23
NEWGEN KWINANA HOLDINGS PTY LTD,68116576955,181185286,,,2022-23
NEWMONT AUSTRALIA PTY LTD,95099040507,3065631084,866983061,260094918,2022-23
NEWS AUSTRALIA HOLDINGS PTY LIMITED,32105197028,1882067468,199323750,,2022-23
NEXANS AUSTRALIA HOLDING PTY LTD,52122486195,494989079,,,2022-23
NEXT PAYMENTS PTY LTD,59160985106,100006824,7432015,2229604,2022-23
NEXTDC LIMITED,35143582521,374182527,,,2022-23
NEXTED GROUP LIMITED,75105012066,102420119,,,2022-23
NEXTGEN DISTRIBUTION PTY LIMITED,41150814654,209778065,1078724,314861,2022-23
NEXUS DAY HOSPITALS HOLDINGS PTY LTD,75165809101,144641998,,,2022-23
NEXUS MINING PTY LTD,45606201969,100161061,5798442,1699533,2022-23
NGP INVESTMENTS NO 1 PTY LTD,80001495352,872427300,194195954,12478219,2022-23
NH FOODS AUSTRALIA PTY LTD,87001548401,1100613439,,,2022-23
NHOA AUSTRALIA PTY LTD,87651826229,128959503,,,2022-23
NIB HOLDINGS LIMITED,51125633856,2813228984,169223801,48266956,2022-23
NICK SCALI LIMITED,82000403896,379984723,107898774,32369632,2022-23
NIGHTKAP PTY LTD,60110379587,145952880,13301841,3990552,2022-23
NIGHTOWL (QLD) PTY LTD,75149469483,104173397,718058,215417,2022-23
NIKE AUSTRALIA PTY LTD,99055141743,944349169,42920548,12876164,2022-23
NINE ENTERTAINMENT CO. HOLDINGS LIMITED,60122203892,3311084312,341561272,88601857,2022-23
NINTENDO AUSTRALIA PTY LIMITED,43060566083,382112931,10050242,3015073,2022-23
NIPPON STEEL AUSTRALIA PTY. LIMITED,64001445049,1787869772,1307153565,391307730,2022-23
NISSAN MOTOR CO (AUSTRALIA) PTY LTD,54004663156,1689408717,168168119,48371351,2022-23
NITROCHEM PTY LTD,90162834022,157592803,16804963,5041489,2022-23
NMG HOLDINGS PTY LTD,19651498716,153039652,,,2022-23
NMT INTERNATIONAL (AUSTRALIA) PTY LTD,49112930542,104121361,888704,266611,2022-23
NO 1 ROOFING & BUILDING SUPPLIES PTY LTD,54102699972,154961975,28675556,8602667,2022-23
NO WAY BACK PTY LIMITED,55609275176,185138930,2687339,806202,2022-23
NOBLE DRILLING AUSTRALIA PTY LTD,55106414108,119596798,11116476,3334943,2022-23
NOBLEOAK LIFE LIMITED,85087648708,558199629,13824668,4147395,2022-23
NOJA POWER SWITCHGEAR PTY LTD,21099412807,114530798,37596054,7439114,2022-23
NOKIA SOLUTIONS AND NETWORKS AUSTRALIA PTY LTD,74122172365,1063161389,53173913,15952174,2022-23
NOLAN MEATS PTY LTD,81096869304,224153713,5040933,1466644,2022-23
NORCO CO-OPERATIVE LIMITED,17009717417,703019000,,,2022-23
NORCO WHOLESALERS PTY LTD,78003630055,606157717,,,2022-23
NORGAP PTY LIMITED,34008553955,241308536,77690436,7408260,2022-23
NORINCHUKIN AUSTRALIA PTY LIMITED,57617251617,206748677,57890124,17367037,2022-23
NORITZ AUSTRALIA PTY LTD,71603048308,150851389,4131827,1239548,2022-23
NORMET ASIA PACIFIC PTY LTD,73119159625,151800039,6392754,1917826,2022-23
NORRIS ENTERPRISES PTY LTD,92001917853,333019961,25400874,6553120,2022-23
NORSKE SKOG INDUSTRIES AUSTRALIA LIMITED,50003902985,331190136,,,2022-23
NORSTAR RECYCLING PTY LTD,37125250151,169672660,20336603,6100981,2022-23
NORTH CONSTRUCTION & BUILDING PTY LIMITED,15147507702,131257527,,,2022-23
NORTH JACKLIN PTY LTD,79058224972,100419709,5458224,1637467,2022-23
NORTH QUEENSLAND EXPORT TERMINAL HOLDINGS PTY LTD,17154644685,495028380,,,2022-23
NORTHERN CO-OPERATIVE MEAT COMPANY LTD,42060208366,158379599,,,2022-23
NORTHERN OIL REFINERIES PTY LTD,47151738966,106802577,33961052,10188316,2022-23
NORTHERN RIVERS MEAT COMPANY PTY LTD,83165099641,108681782,,,2022-23
NORTHERN STAR RESOURCES LTD,43092832892,4055025012,,,2022-23
NORTHROP CONSULTING ENGINEERS PTY LTD,81094433100,105274406,3070952,921286,2022-23
NORTHROP GRUMMAN AUSTRALIA PTY LIMITED,78156458981,368837569,,,2022-23
NORTHWESTERN ROADS GROUP PTY LTD,21169328330,660604016,5760241,1728072,2022-23
NORTON GOLD FIELDS PTY LTD,23112287797,438916501,,,2022-23
NOTE PRINTING AUSTRALIA LIMITED,86082630671,166033507,14400854,4320256,2022-23
NOUMI LIMITED,41002814235,548337487,,,2022-23
NOUS GROUP PTY LTD,66086210344,130318350,14978677,4440632,2022-23
NOV AUSTRALIA PTY LTD,77004449478,128912120,5757533,1579507,2022-23
NOVA AEROSPACE PTY LTD,11090818214,369083642,11087498,3269100,2022-23
NOVA ENTERTAINMENT RADIO INVESTMENTS PTY LIMITED,64603324929,199810541,36237984,7245609,2022-23
NOVA INVESTMENT & TRADING PTY LTD,36614947974,136553950,453628,136088,2022-23
NOVARTIS AUSTRALIA PTY LIMITED,81004371224,1088750399,79294081,18802274,2022-23
NOVO NORDISK PHARMACEUTICALS PTY LIMITED,40002879996,510859364,32866096,6505878,2022-23
NOVOTECH AUS HOLDCO PTY LIMITED,29621142283,193161716,38123216,10437128,2022-23
NP AUSTRALIA PTY LTD,46162670279,132215955,570361,171108,2022-23
NRI AUSTRALIA HOLDINGS PTY LTD,40621613385,543719952,,,2022-23
NRW HOLDINGS LTD,95118300217,2559086522,,,2022-23
NS RESOURCES AUSTRALIA PTY LTD,88082160432,114882791,35643627,10693088,2022-23
NSC (AUSTRALIA) PTY LTD,71607111268,402658002,33374197,10012259,2022-23
NSW ELECTRICITY NETWORKS FINANCE PTY LTD,66609171913,317636310,,,2022-23
NSW PORTS FINANCE CO PTY LIMITED,83161943497,185180044,95098,28529,2022-23
NTD PTY LIMITED,31658859262,149647781,,,2022-23
NTI LIMITED,84000746109,158936536,7616645,2284994,2022-23
NTT AUSTRALIA PTY LTD,65003371239,1421313151,,,2022-23
NTT DATA PAYMENT SERVICES VICTORIA PTY LTD,32610328802,109483031,46614087,13984226,2022-23
NUFARM LIMITED,37091323312,1572679363,22475349,,2022-23
NUFSED HOLDINGS PTY LTD,83100811005,161129964,5978512,1793554,2022-23
NUMEN PTY LTD,85006339180,203832350,,,2022-23
NUTRICIA AUSTRALIA PTY LTD,99076246752,366391437,13685058,4105517,2022-23
NUTRITION & BIOSCIENCES AUSTRALIA PTY LTD,59000716469,181664500,11780430,3534129,2022-23
NUTRITION WAREHOUSE PTY LTD,17128438755,136319086,2928443,878533,2022-23
NUTTING INVESTMENTS PTY LTD,33112137032,111836247,8060878,2415612,2022-23
NVA AUSTRALIA PARENT PTY LTD,21609622460,356286430,10387336,,2022-23
NW LABOUR HIRE NO 2 PTY LTD,36149524318,108202421,36973,11092,2022-23
NX BLUE PTY LTD,34629711771,106365685,10705637,3211691,2022-23
NXE AUSTRALIA PTY LIMITED,85625190990,2896593695,,,2022-23
NXT BUILDING GROUP PTY LTD,59089524050,1264071073,35439834,10631950,2022-23
NYRSTAR HOBART PTY LTD,49124818113,282954060,,,2022-23
NYRSTAR PORT PIRIE PTY LTD,31008046428,536686296,,,2022-23
O E & D R POPE PTY LTD,17007645810,121952149,,,2022-23
O&M HALYARD AUSTRALIA PTY LTD,99623524872,177598489,10107906,3032372,2022-23
OAKBRIDGE PTY LIMITED,67000230419,3843644727,863149590,257524830,2022-23
OAKDALE MEAT CO PTY LTD,24619477888,163092769,3361635,1008490,2022-23
OAKMOORE PTY LTD,13056159570,164932735,4694708,1372468,2022-23
O'BRIEN GROUP AUSTRALIA PTY LTD,29051538197,101069671,10798623,3239587,2022-23
OCEANIA (TOPCO) PTY LTD,24639682027,427200637,81184499,24194967,2022-23
OCHRE HEALTH GROUP PTY LIMITED,58114468405,100446509,5107367,1532210,2022-23
OCWEN ENERGY PTY LTD,44605178578,1741083777,13764295,4129288,2022-23
OFFSHORE REINSURER (BERMUDA) COMPANY LIMITED,68977393511,756564036,,,2022-23
OFX GROUP LIMITED,12165602273,105047453,9993339,2920663,2022-23
OGOG (OTWAY) HOLDINGS PTY LTD,51628945657,197938928,85173135,25551940,2022-23
OJI OCEANIA MANAGEMENT (AUS) PTY LTD,52169111362,161480847,,,2022-23
OKR TECHNICAL SERVICES AUSTRALIA PTY LTD,52612348222,155360868,,,2022-23
OKTA AUSTRALIA PTY LIMITED,53169149080,101469031,9523576,2857073,2022-23
OLAM INVESTMENTS AUSTRALIA PTY LTD,17124391920,283186889,27381874,8164562,2022-23
OLAM ORCHARDS AUSTRALIA PTY LTD,15139442532,857889205,,,2022-23
OLBIA PTY LIMITED,64000305304,453661369,65895676,64968,2022-23
OLDMAC T PTY LTD,58126291165,182945003,9764595,2929378,2022-23
OLEUM ENERGY HOLDINGS PTY LTD,47632417639,132274471,,,2022-23
OLYMPUS AUSTRALIA PTY LTD,90078493295,240980845,16337902,4901371,2022-23
OMC AUSTRALIA PTY LTD,39004663094,110689659,120012,36004,2022-23
OMEGA MATERIALS HANDLING PTY LIMITED,75069624031,313079372,13466986,4040096,2022-23
OMN INVESTMENTS PTY. LTD.,26119990064,371392296,2455187,736556,2022-23
OMNI EXECUTIVE PTY LTD,31160925413,109533129,3955398,1186619,2022-23
OMNICOM MEDIA GROUP AUSTRALIA PTY LTD,74129754883,401611966,40546899,12164070,2022-23
OMNICOTTON AUSTRALIA PTY LTD,42160380316,105202281,7649724,2294917,2022-23
OMYA AUSTRALIA PTY LIMITED,97001682533,130715295,8341646,2502494,2022-23
ONCORE CONSULTING PTY LTD,63137348951,135044703,,,2022-23
ONCORE CONTRACTOR SOLUTIONS PTY LTD,28137348362,202568729,,,2022-23
ONE DIVERSIFIED PTY LTD,22632586844,134724314,2130953,639286,2022-23
ONE STOP WAREHOUSE PTY LTD,46161849323,604858014,,,2022-23
ONE VENDOR PAYROLL PTY LTD,67135287071,159439036,,,2022-23
ONEFORTYONE PLANTATIONS HOLDINGS PTY LTD,42159689942,601285308,61348288,18404486,2022-23
ONLINE EDUCATION SERVICES PTY LTD,75148177959,217944746,18116568,5434970,2022-23
ONSITE RENTAL GROUP LIMITED,42126396852,249376050,,,2022-23
ONTEX MANUFACTURING PTY LTD,16145822528,163750569,2710666,813200,2022-23
OOH!MEDIA LIMITED,69602195380,543450886,68152113,20400909,2022-23
OPEN TEXT PTY LTD,98071903010,109593580,1714160,514248,2022-23
OPIC AUSTRALIA PTY LTD,66008603487,236543118,,,2022-23
OPTEON GROUP HOLDINGS LIMITED,20616574755,124941090,22447526,6734194,2022-23
OPTIFARM LP,36775959596,116388227,31075296,9322589,2022-23
OPTIVER AUSTRALIA HOLDINGS PTY LIMITED,35077364286,907117567,81327597,15571696,2022-23
ORA BANDA MINING LTD,69100038266,140778946,,,2022-23
ORBIT HOMES AUSTRALIA PTY LTD,11080735771,129145365,29821,8946,2022-23
ORD MINNETT INVESTMENTS LTD,63635706759,225650112,29580981,8874294,2022-23
OREANA HOMES PTY LTD,47097498532,136435714,9748130,2924439,2022-23
OREANA PROJECT MANAGEMENT PTY LTD,33614630349,182086316,15813155,4743946,2022-23
ORGANON PHARMA PTY LTD,54637107512,199883376,10859311,3257793,2022-23
ORICA LIMITED,24004145868,2883825272,222202887,,2022-23
ORICA MINING SERVICES PILABRA PTY LTD,65158151369,343807598,,,2022-23
ORIENTAL MERCHANT PTY LTD,34007368925,395056943,21345134,6403540,2022-23
ORIGIN ENERGY LIMITED,30000051696,19293748121,1905406665,568070600,2022-23
ORIX AUSTRALIA CORPORATION LIMITED,79002992681,328339626,,,2022-23
ORORA LIMITED,55004275165,1054019389,,,2022-23
OROTONGROUP PTY LIMITED,14000038675,115079760,,,2022-23
ORRO HOLDCO PTY LTD,12653127514,166272374,479347,143804,2022-23
OSAKA GAS AUSTRALIA PTY LTD,49093246381,313616883,,,2022-23
OSCAR ALUMINIUM HOLDINGS PTY LTD,74650522811,108932886,4387124,2499,2022-23
OSI INTERNATIONAL FOODS (AUSTRALIA) PTY LIMITED,42076945116,136793959,,,2022-23
OSIRIS HOLDINGS PTY LIMITED,29168919391,1976981708,,,2022-23
OSMOSIS HOLDINGS AUSTRALIA I PTY LTD,59650740266,243454732,32841669,7564894,2022-23
OTIS ELEVATOR COMPANY PTY LTD,56002873065,375712282,37215422,11154436,2022-23
OTR 330 PTY LTD,86638301649,2003257385,,,2022-23
OTTLEY CAPITAL HOLDINGS PTY LTD,94635361321,273566192,,,2022-23
OUTDOOR SUPACENTRE PTY LTD,30609212624,392069861,10332408,3099722,2022-23
OUTLOOK DRIVE INVESTMENTS PTY LTD,39097316160,134383628,2632323,788394,2022-23
OUTOTEC PTY LTD,74003491165,660573445,21666986,6451011,2022-23
OUTSOURCING OCEANIA HOLDINGS PTY LIMITED,20628356141,783445499,35403056,10620917,2022-23
OVERSEA-CHINESE BANKING CORPORATION LIMITED,94073598035,447625363,162756067,48826820,2022-23
OWENS GROUP AUSTRALIA PTY LTD,30054141472,105572100,7714981,2314494,2022-23
OZ GROUP CO-OP LIMITED,73482255177,206622332,845351,90748,2022-23
OZ MINERALS LIMITED,40005482824,1802543244,,,2022-23
OZCAR PTY LTD,98052221299,230713944,3802158,1140647,2022-23
OZWIDE ENERGY GROUP PTY LTD,61631830825,223453366,3286743,986023,2022-23
P G HOLDINGS LTD,71009448793,151520030,22089378,,2022-23
P.G.A GROUP PTY LTD,83005265921,179196461,72920661,15658247,2022-23
P20 ESG ACQUISITION PTY LTD (ABN 93 638 769 963),93638769963,648059067,7205136,2156515,2022-23
PACCAR AUSTRALIA PTY LTD,43004669667,1569486000,234911945,68925470,2022-23
PACIFIC 2021 TOPCO E PTY LIMITED,65648897278,217105708,,,2022-23
PACIFIC 2021 TOPCO G PTY LIMITED,38649860177,778246847,,,2022-23
PACIFIC 2021 TOPCO H PTY LIMITED,88650622941,111965647,2998942,899683,2022-23
PACIFIC ENERGY TRADING PTY LTD,63642539482,117493545,24775887,7432766,2022-23
PACIFIC GROUP TOPCO PTY LIMITED,85644302492,164656195,5700868,,2022-23
PACIFIC HUNTER GROUP PTY LTD,79607717206,299294669,,,2022-23
PACIFIC INVEST DECEMBER 2004 PTY LTD,58112150973,948110103,42056219,12616866,2022-23
PACIFIC LIFE RE (AUSTRALIA) PTY LTD,91601822431,687151220,,,2022-23
PACIFIC MEAT HOLDINGS PTY LTD,57121494399,160915772,11560693,2776432,2022-23
PACIFIC SMILES GROUP LTD,42103087449,168056433,7912135,2373640,2022-23
PACIFIC WEST FOODS AUSTRALIA PTY LTD,87069569517,185247632,19509378,5852253,2022-23
PACT CONSTRUCTION PTY LTD,14108015747,144738955,,,2022-23
PACT GROUP HOLDINGS LTD,55145989644,1707744277,,,2022-23
PADDY POWER AUSTRALIA PTY LTD,83133081491,2250571991,426200938,121998013,2022-23
PAGAC CHICKEN TENDERS HOLDINGS IV PTY LIMITED,88634718602,191003373,473285,141986,2022-23
PALLADIUM HOLDINGS PTY LTD,51640464197,523927840,,,2022-23
PALM LAKE WORKS HOLDINGS PTY LTD,43150532335,161489103,,,2022-23
PALMER RESOURCES HOLDINGS PTY LTD,79636569492,130442382,,,2022-23
PALO ALTO NETWORKS (AUSTRALIA) PTY LTD,43160218379,229359068,11137822,3341347,2022-23
PAMSIM PTY LTD,34083219318,209880388,11177047,3353114,2022-23
PANASONIC AUSTRALIA PTY LIMITED,83001592187,289628598,10740891,3222267,2022-23
PANAUST LIMITED,17011065160,141667710,165908,49772,2022-23
PANDROL AUSTRALIA PTY LIMITED,90000061227,169624057,19812577,5943773,2022-23
PANTHER TOPCO PTY LTD,79626390136,184163101,,,2022-23
PANTORO LIMITED,30003207467,100447172,,,2022-23
PAPER AUSTRALIA PTY LTD,63061583533,2026487233,,,2022-23
PAPUAN OIL SEARCH LIMITED,62000251025,180841335,,,2022-23
PARAGON CARE LIMITED,76064551426,207879942,392706,,2022-23
PARAWAY PASTORAL COMPANY LIMITED,14122572641,488386763,40747959,12224388,2022-23
PARK FREIGHT INTERNATIONAL PTY LTD,84001954203,198872949,3847715,1154314,2022-23
PARK24 AUSTRALIA PTY LTD,58616101341,197940376,,,2022-23
PARKER HANNIFIN AUSTRALIA HOLDING PTY LIMITED,61117010107,268625949,64734646,19420394,2022-23
PARKSIDE HOLDINGS PTY. LTD.,54009827365,106461483,6355399,1906620,2022-23
PARKVIEW CERBERUS PTY LTD,44119071135,363900368,,,2022-23
PARRAMATTA LEAGUES CLUB LIMITED,52000218655,118651843,,,2022-23
PARTOUT PTY LTD,52009071103,225174723,17302767,5190830,2022-23
PASTEL HOLDINGS PTY LTD,33168929566,631425596,93508964,27995505,2022-23
PATDOVE PTY LIMITED,29003657029,151981962,6828979,1707245,2022-23
PATHEON BIOLOGICS AUSTRALIA PTY LTD,33141099041,102256874,9464363,2839309,2022-23
PATRI INVESTMENTS PTY LTD,70124646546,121853751,27557673,8267302,2022-23
PATTERSON BUILDING GROUP PTY LIMITED,71109697207,197292717,,,2022-23
PAUL HARTMANN PTY LIMITED,35000099589,116870940,3602712,1080814,2022-23
PAUL WAKELING MOTOR GROUP PTY LTD,47119908780,318663735,12333574,3700072,2022-23
PAWBOY PTY LTD,75135778415,190790494,33477274,10043182,2022-23
PAX AUSTRALIA PTY LTD,42000447414,246738901,9427518,1994726,2022-23
PAYLOAD INDUSTRIES PTY LTD,96611121610,117548080,241744,72523,2022-23
PAYME AUSTRALIA PTY LTD,80130125334,109939805,1316020,394806,2022-23
PAYNTER DIXON HOLDINGS PTY LIMITED,94069795544,124077633,,,2022-23
PAYNTERS PTY LTD,32060951162,251045175,1680275,504082,2022-23
PAYPAL AUSTRALIA PTY LIMITED,93111195389,972729048,37754093,11326228,2022-23
PBH AUSTRALIA HOLDING COMPANY PTY LIMITED,53164608646,133844661,53257362,15977209,2022-23
PBS PROPERTY GROUP PTY LTD,39099677844,194595265,,,2022-23
PCCG TOPCO PTY LTD,76653899882,127029637,,,2022-23
PE WHEATSTONE PTY LTD,53158341612,1045265746,,,2022-23
PEABODY AUSTRALIA HOLDCO PTY LTD,61154820130,4708892289,5217956,,2022-23
PEACO FOODS PTY LTD,28645333393,160627661,903544,271063,2022-23
PEARSON AUSTRALIA HOLDINGS PTY LTD,62103243858,224257879,,,2022-23
PEBMAC PTY LTD,48010621851,237025369,7783037,2334911,2022-23
PEDAL GROUP PTY LTD,67131402278,282315238,,,2022-23
PEET LIMITED,56008665834,335802426,80812459,21467039,2022-23
PELICAN ACQUISITION COMPANY PTY LTD,94146841027,559258540,19825010,5947503,2022-23
PENDAL GROUP LIMITED,28126385822,131491148,,,2022-23
PENGUIN RANDOM HOUSE AUSTRALIA PTY LTD,28004815703,251628320,18252920,4415290,2022-23
PENRITE OIL CO. PTY. LTD.,25005001525,299430383,45296839,13589052,2022-23
PENRITH CITY AUTOMOTIVE PTY LTD,31091198631,211584341,14752503,4425751,2022-23
PENRITH RUGBY LEAGUE CLUB LTD,57000578398,109570502,,,2022-23
PENSKE TRANSPORTATION GROUP INTERNATIONAL PTY LTD,42164850355,749630983,45042492,13390384,2022-23
PENTAIR AUSTRALIA HOLDINGS PTY LIMITED,71168775826,163267410,,,2022-23
PEOPLEIN LIMITED,39615173076,1034752842,43185881,11803118,2022-23
PEP PERFORMANCE FUND V EXECUTIVES PTY LIMITED,42600642046,157403742,157403742,47221123,2022-23
PEPPER MONEY LIMITED,55094317665,1217417307,206458500,61658714,2022-23
PEPSICO BEVERAGE SINGAPORE PTY LTD,28609497832,135345088,698565,209570,2022-23
PEPSICO FOODS GROUP PTY LIMITED,71122527137,1786442423,49277962,14783389,2022-23
PERCY STREET PTY LTD,83644820020,259503700,21541150,6462345,2022-23
PERDAMAN CHEMICALS & FERTILISERS (FINANCE) PTYLTD,50654233388,105578106,,,2022-23
PEREGRINE ENERGY PTY LTD,80615822065,266669121,,,2022-23
PERENTI LIMITED,95009211474,1512954297,,,2022-23
PERILYA LIMITED,85009193695,399589894,,,2022-23
PERKAL PTY LTD,43009283363,121396682,9468099,2840430,2022-23
PERKINS (WA) PTY LTD,60008844862,159064666,22047,6614,2022-23
PERPETUAL LIMITED,86000431827,619910642,60174155,16770817,2022-23
PERRON GROUP LTD,90009402617,151551464,22123971,,2022-23
PERRON INVESTMENTS PTY LTD,48000003976,916770322,348393693,100584542,2022-23
PERROWOOD PTY. LTD.,86006724750,127340616,,,2022-23
PERSEUS MINING LIMITED,27106808986,162061536,,,2022-23
PERSOL AUSTRALIA HOLDINGS PTY LTD,58620794130,2843160502,21622614,6486784,2022-23
PERTH AIRPORT DEVELOPMENT GROUP PTY LTD,53076286630,660989779,191632138,57086218,2022-23
PET CARE HOLDINGS AUSTRALIA PTY LTD,77000060364,10028005131,273265052,81563935,2022-23
PETER G WARD INDUSTRIES PTY LIMITED,82002306149,160986534,20886569,6265971,2022-23
PETER STEVENS MOTORCYCLES PTY LTD,86006346032,125287464,131096,39329,2022-23
PETER STEVENS MOTORWORLD BALLARAT PTY LTD,80619030027,117270088,2002763,600829,2022-23
PETER WARREN AUTOMOTIVE HOLDINGS LIMITED,57615674185,1781304331,76819508,23044031,2022-23
PETERSHAM RSL CLUB LIMITED,26001068239,144992219,,,2022-23
PETRO NATIONAL PTY LIMITED,83606401325,653428427,3555578,1066673,2022-23
PETROCHINA INTERNATIONAL (AUSTRALIA) PTY LIMITED,67618641697,1334703456,,,2022-23
PETROLEUM HELICOPTERS AUSTRALIA PTY LTD,48154419628,156016306,,,2022-23
PETRONAS AUSTRALIA PTY LIMITED,25064998867,1891659280,,,2022-23
PETSTOCK PTY LTD,80098394588,805251887,28525574,8320499,2022-23
PEUKER & ALEXANDER PTY LTD,84004328750,110029764,3490551,1047165,2022-23
PEXA GROUP LIMITED,23629193764,286760863,,,2022-23
PF GROUP HOLDINGS PTY LTD,71622776765,123740392,,,2022-23
PFD FOOD SERVICES PTY LTD,29006972381,2716141998,116330907,34899272,2022-23
PFG PROPERTIES PTY LTD,93100371220,232712271,26985908,8074481,2022-23
PFG TOPCO 1 PTY LTD,35604317875,819411225,1009597,302879,2022-23
PHARM-A-CARE LABORATORIES PTY LTD,99003468219,395497861,57291741,15720596,2022-23
PHILIP MORRIS (AUSTRALIA) LIMITED,68004316901,4208794971,97159758,29134129,2022-23
PHILIP USHER CONSTRUCTIONS PTY LTD,38011008101,205924506,45602540,13309096,2022-23
PHILIP YATES FAMILY HOLDINGS PTY LTD,69610437119,189467133,65133936,17224091,2022-23
PHILIPS ELECTRONICS AUSTRALIA LIMITED,24008445743,417142683,15924077,4777223,2022-23
PHILLIP HOLDCO PTY LTD,19640749195,109309448,20321030,6096309,2022-23
PHOENIX LITHIUM (CAYMAN ISLANDS),,7420464759,,,2022-23
PHOSPHATE RESOURCES LIMITED,77009396543,104171874,7715741,2314722,2022-23
PIACENTINI & SON PTY LTD,18008797715,386529904,,,2022-23
PICKERING CORPORATION PTY LTD,31125213738,285363383,14263621,4279086,2022-23
PIKA HOLDCO PTY LTD,56652787150,305428251,42601622,8639881,2022-23
PIL AUSTRALIA PTY LTD,65051866409,438477662,20005190,6001557,2022-23
PILBARA MINERALS LIMITED,95112425788,4280045363,2943097700,882929310,2022-23
PIMCO AUSTRALIA PTY LIMITED,54084280508,179381459,64388468,19316540,2022-23
PIMS MINING PTY LTD,93129008046,100617220,190865,57260,2022-23
PINDAN TOPCO PTY LTD,73659167218,108305921,,,2022-23
PINEWOOD PRODUCTS PTY LTD,71125426511,105828081,18592240,5577672,2022-23
PINNACLE DIVERSITY PTY LTD,87614496196,129716029,14451415,4335424,2022-23
PINNACLE INVESTMENT MANAGEMENT GROUP LIMITED,22100325184,125532426,82150285,414228,2022-23
PIONEER SAIL HOLDINGS PTY LTD,45617844569,4336785102,579154144,134969947,2022-23
PIP AUSTRALIA PTY LTD,13632076487,194879695,,,2022-23
PIPEMAKERS AUSTRALIA PTY LTD,76061712365,257641790,17479248,5243774,2022-23
PIRANHA HOLDCO PTY LTD,28662228373,337996491,9013478,,2022-23
PIRELLI TYRES AUSTRALIA PTY LTD,63001784014,148842604,4804354,1441306,2022-23
PIRTEK FLUID SYSTEMS PTY LTD,71001824166,115063581,42350900,12705270,2022-23
PISA HOLD CO 1 PTY LTD,73648536341,138903355,,,2022-23
PITT STREET DEVELOPER NORTH PTY LTD,42635396824,109386037,,,2022-23
PIVOTEL GROUP PTY LIMITED,85102274322,107991635,21967025,5368917,2022-23
PJ MORRIS WOOLS PTY LTD,57008767968,233656683,1351025,399008,2022-23
PKMC ADELAIDE PTY LIMITED,91620982694,363466820,14073312,4221994,2022-23
PLAN GROUP PTY LTD,67160102198,101992026,1432334,429700,2022-23
PLANET INNOVATION HOLDINGS LTD,37152424916,100796457,2668688,,2022-23
PLASIA HOLDCO PTY LTD,97646084184,841108559,48738541,11478933,2022-23
PLATINUM ASSET MANAGEMENT LIMITED,13050064287,220015297,127576583,37699447,2022-23
PLATINUM CAPITAL LIMITED,51063975431,124987639,16258960,4167739,2022-23
PLATINUM OPERATIONS PTY LTD,66140741153,238208786,16246724,4874017,2022-23
PLENARY GROUP HOLDINGS PTY LIMITED,20607311946,131461496,,,2022-23
PLENTI GROUP LIMITED,11643435492,136413238,,,2022-23
PLUMBERS' SUPPLIES CO-OPERATIVE LIMITED,55053236436,148923742,,,2022-23
PLUSH-THINK SOFAS PTY LTD,55080012595,120500096,29420382,8826115,2022-23
PM CAPITAL GLOBAL OPPORTUNITIES FUNDLIMITED,17166064875,196809290,25148515,3154570,2022-23
PO STREET CAPITAL PTY LTD,78626706410,385871388,1608128,482438,2022-23
POLARIS (CAYMAN ISLANDS),,2556560948,,,2022-23
POLARIS SALES AUSTRALIA PTY LTD,62088081949,174684339,7509659,2252898,2022-23
POLICE & NURSES LIMITED,69087651876,325713619,22957215,6717895,2022-23
POLICE BANK LTD,95087650799,106652177,25165997,7367682,2022-23
POLICE FINANCIAL SERVICES LIMITED,33087651661,147408539,20306068,5956099,2022-23
POLLY HOLDCO PTY LTD,58627160794,422157156,,,2022-23
POLYAIRE HOLDINGS PTY LTD,59007766369,203419592,12161168,3648350,2022-23
POLYMER DIRECT PTY LTD,72153304280,203746756,3048588,914576,2022-23
PORSCHE CARS AUSTRALIA PTY LIMITED,67004327048,868388956,46268163,13835199,2022-23
PORT AUGUSTA OPERATIONS LIMITED,85633416529,166539715,2445758,733727,2022-23
PORT OF NEWCASTLE INVESTMENTS PTY LIMITED,55169132441,169367605,,,2022-23
PORT WARATAH COAL SERVICES LTD,99001363828,390603281,105223200,31038956,2022-23
PORTBIRD PTY LIMITED,79137937083,154870619,10241686,2997124,2022-23
PORTER EQUIPMENT AUSTRALIA PTY LTD,94150961934,196513243,,,2022-23
POSCO AUSTRALIA PTY LTD,54002062160,440863894,348298705,60380356,2022-23
POSCO INTERNATIONAL AUSTRALIA HOLDINGS PTY LTD,77139088958,154846974,75659321,22697796,2022-23
POSTVILLE PTY LTD,23057201626,108154942,8385443,2515633,2022-23
POULTRY N MORE (AUST) PTY LTD,42142888015,105808659,7310412,2193124,2022-23
PPC MOULDING SERVICES PTY LIMITED,47127519966,101723446,6778065,1618580,2022-23
PPD AUSTRALIA PTY LTD,43077675373,109812768,5636530,1690959,2022-23
PPG INDUSTRIES AUSTRALIA PTY LTD,82055500939,502016725,25384476,7012237,2022-23
PPT INVESTMENTS PTY LTD,80000868860,573689552,20679320,6203796,2022-23
PR HOLDINGS PTY LIMITED,55003098299,184313224,7576568,1280137,2022-23
PRATT CONSOLIDATED HOLDINGS PTY LTD,43104958581,3656596738,,,2022-23
PRECISE AIR GROUP (HOLDINGS) PTY LTD,37604902203,122054525,,,2022-23
PRECISION ADMINISTRATION SERVICES PTY LTD,47098977667,302776334,14129109,4238733,2022-23
PREMIAIR FUELS PTY LTD,74112110022,132111266,2904297,871289,2022-23
PREMIER COAL HOLDINGS PTY LTD,89158560911,1255544500,74810733,18612861,2022-23
PREMIER FRESH AUSTRALIA PTY LTD,87004843556,450089083,640063,,2022-23
PREMIER INVESTMENTS LIMITED,64006727966,1396525563,352747373,89719404,2022-23
PREMIUM FLOORS AUSTRALIA PTY LTD,15152867984,437271096,29844668,8242502,2022-23
PREMIUM GRAIN HOLDINGS PTY LTD,74644519102,114895795,15343469,4603041,2022-23
PREMOSO PTY LTD,84006802053,255113478,5678745,,2022-23
PRESTAL HOLDINGS LIMITED,29091035353,115965363,5484733,1635296,2022-23
PRESTIGE AUTO TRADERS AUSTRALIA PTY LTD,11105105771,240640608,5428599,1628580,2022-23
PRESTIGE CARS PTY LTD,59068818020,145746705,7633775,2290132,2022-23
PRESTIGE MOTORS (NORTHSHORE) PTY LIMITED,30135461497,148766430,5667323,1700197,2022-23
PRESTIGE TOPCO PTY LTD,88660972770,338290350,,,2022-23
PRESTON MOTORS (HOLDINGS) PTY LIMITED,23004357279,212800242,,,2022-23
PRICEWATERHOUSECOOPERS ASEANZ CONSULTING PTY LIMITED,77606603436,1053519145,,,2022-23
PRICEWATERHOUSECOOPERS SECURITIES LTD,54003311617,247666740,,,2022-23
PRIMAPLAS PTY LIMITED,94003720474,266301243,11997934,3595097,2022-23
PRIME CONSTRUCTIONS PTY LTD,82002699032,186520892,8092241,1141907,2022-23
PRINGLES AG-PLUS PTY LTD,68085683950,124656946,7637513,2291254,2022-23
PRO MEDICUS LIMITED,25006194752,106891224,77082369,18211585,2022-23
PROBIOTEC PHARMA PTY LTD,78076755354,107535056,5866765,1760030,2022-23
PROCTER & GAMBLE AUSTRALIA PTY LIMITED,91008396245,776857534,20396899,5932674,2022-23
PRODUCTO PTY LTD,,115803084,10336559,2972397,2022-23
PROJECT CO-ORDINATION (AUSTRALIA) PTY. LIMITED,26008566005,105931552,483551,109881,2022-23
PROJECT QUILL I PTY LTD,41617774017,796896120,,,2022-23
PROMONTORIA FALCON HOLDING PTY LTD,15624187917,121283660,,,2022-23
PRONTO SOFTWARE LIMITED,47001337248,116108382,23257398,5491448,2022-23
PRO-PAC PACKAGING LIMITED,36112971874,294391001,,,2022-23
PROPEL FUNERAL PARTNERS LIMITED,41616909310,137126678,17781053,5001613,2022-23
PROQUIP RENTAL & SALES OPERATIONS PTY LTD,86625262642,101225291,38609532,11582860,2022-23
PROSEGUR AUSTRALIA HOLDINGS PTY LIMITED,44166656739,146552092,,,2022-23
PROSPA GROUP LTD,13625648722,261092503,520815,,2022-23
PROSSER 2015 PTY LTD,43606139164,429925153,9224555,2767366,2022-23
PROTECH GPS PTY LTD,60110148662,120883057,667939,200382,2022-23
PROUDS JEWELLERS PTY LIMITED,99073053273,710349165,122628096,36788429,2022-23
PROVENCE GROUP HOLDINGS PTY LTD,66650515549,166946990,5164018,1549205,2022-23
PROVICO AUSTRALIA PTY LTD,20638686530,158170834,,,2022-23
PROXIMO APAC PTY LTD,15619807448,141862196,4961577,1488473,2022-23
PRP GROUP HOLDINGS PTY LIMITED,39663443801,117423047,2909331,872799,2022-23
PRUDENTIAL INVESTMENT COMPANY OF AUSTRALIA PTY LTD,84004266817,120737136,7785311,2298913,2022-23
PRYSMIAN AUSTRALIA PTY LIMITED,36096594080,698205651,15753191,4725957,2022-23
PSC INSURANCE GROUP LIMITED,81147812164,169141943,41472908,11885372,2022-23
PT (2013) PTY LTD,85162030015,133125303,5362009,1608603,2022-23
PTH NO 1 PTY LTD,43611116155,799361239,132055590,39411446,2022-23
PUBLIC HOSPITALITY OPERATING CO PTY LTD,57654056845,209122000,209122000,62736600,2022-23
PU-FAM PTY LTD,66008752538,104154669,14616736,4385021,2022-23
PUMA AUSTRALIA PTY LTD,52050539501,193310162,,,2022-23
PUMA ENERGY (AUSTRALIA) ASSETS HOLDINGS PTY LTD,24167119020,371475391,,,2022-23
PWTK HOLDINGS PTY LTD,66164537419,247096715,9996554,2998966,2022-23
PZ CUSSONS (HOLDINGS) PTY LTD,19000327873,176599010,12778055,3833416,2022-23
Q. AUTOMOTIVE GROUP PTY. LTD.,47010489460,364360943,22029514,5147236,2022-23
Q. H. & M. BIRT PTY LTD,15009963222,230550972,33627450,10088235,2022-23
QAL TECHNOLOGIES PTY LTD,25600791026,131144654,9527106,2858132,2022-23
QANTAS AIRWAYS LIMITED,16009661901,19226634349,402129862,,2022-23
QANTM INTELLECTUAL PROPERTY LIMITED,43612441326,139781942,16524369,4957311,2022-23
QATAR AIRWAYS GROUP (Q.C.S.C),18105742916,1229242846,,,2022-23
QBE INSURANCE GROUP LIMITED,28008485014,8480510854,77561645,,2022-23
QCOAL PTY LTD,99010911234,1493377518,581187010,95967076,2022-23
QENOS HOLDINGS PTY LTD,62086026968,742235961,,,2022-23
QGC UPSTREAM HOLDINGS PTY LIMITED,76130856843,10654836617,,,2022-23
QGIF IONA AGGREGATOR PTY LTD,62608437289,111493995,159470,47841,2022-23
QGIF SWAN HOLDCO PTY LTD,64634920184,292015467,,,2022-23
QIC AGRIBUSINESS HOLDINGS PTY LTD,93612232112,241998903,31673566,8332360,2022-23
QIC GLOBAL INFRASTRUCTURE FUND (AUSTRALIA) NO.2 TRUST,93801605359,191702583,,,2022-23
QINETIQ PTY LTD,68125805647,212156084,12348823,3704647,2022-23
QLD COAL AUST NO.1 PTY LTD,28135731154,100870130,22661448,6798434,2022-23
QMAG PTY LIMITED,68111279906,216124089,,,2022-23
QONECO PTY LTD,93626108745,194577276,9659450,2897835,2022-23
QPE ALPHA 1 PTY LTD,29664130689,149019604,19756339,5926902,2022-23
QPE SPV 2 TOPCO PTY LTD,14645134443,203119792,,,2022-23
QPE7 3 TOPCO PTY LTD,78655966126,388898735,16448830,4934649,2022-23
QPEACQ 1 PTY LTD,52623421732,201401346,,,2022-23
QPH FINANCE CO PTY LTD,74146988454,116258119,43433,13030,2022-23
QS MAPS HOLDINGS NO. 3 PTY LTD,38163278500,101206363,34733572,10420072,2022-23
QSCAN GROUP HOLDINGS NEWCO PTY LTD,22645220328,305352740,,,2022-23
QUADRA COMMODITIES PTY LTD,91147853594,156538204,256324,76897,2022-23
QUALITY LOGISTIC SERVICES AUSTRALIA PTY LTD,52107976250,173714435,2878034,863410,2022-23
QUARTZ REEF HILL INVESTMENTS PTY LTD,34612741812,540453014,28060487,7963583,2022-23
QUASAR CONSTRUCTIONS (COMMERCIAL) PTY LIMITED,34155251808,111813833,472171,141651,2022-23
QUASAR RESOURCES PTY LTD,17101227070,347047176,6128600,1052524,2022-23
QUATTRO AUTOMOTIVE PTY LTD,11606545662,138982284,12052187,3615656,2022-23
QUAYCLEAN AUSTRALIA PTY LTD,40102238933,115589610,6848677,2054603,2022-23
QUBE HOLDINGS LIMITED,14149723053,2792949859,230182286,45224229,2022-23
QUDOS MUTUAL LIMITED,53087650557,227666804,23482781,6926506,2022-23
QUEENSLAND AIRPORTS LIMITED,61104121824,246653886,,,2022-23
QUEENSLAND ALUMINA LIMITED,98009725044,839064199,,,2022-23
QUEENSLAND COKING COAL PTY LTD,71129600004,100870130,18277987,5483396,2022-23
QUEENSLAND COUNTRY BANK LIMITED,77087651027,369462294,210883358,50953838,2022-23
QUEENSLAND COUNTRY HEALTH FUND PTY LTD,18085048237,170639923,18183265,4863774,2022-23
QUEENSLAND NITRATES PTY LTD,63079889268,172797171,4108818,1232645,2022-23
QUEENSLAND VENUE CO PTY LTD,57079861626,459580229,49475632,14842690,2022-23
QUESTAS HOLDCO PTY LTD,85634069837,302313157,17311462,5041966,2022-23
QUICKWAY GROUP PTY LIMITED,25627274435,148876759,15541350,4662405,2022-23
R & J BATTERIES PTY LTD,71151273675,128551299,8820558,2614232,2022-23
R KAYEE SERVICES PTY LTD,51648170932,189721000,65119424,463769,2022-23
R&F DEVELOPMENT HOLDINGS PTY LTD,77169840555,142332239,,,2022-23
R&P MATTHEWS PTY LTD,42054660374,418011557,9037601,2711280,2022-23
R.G.M. MAINTENANCE PTY LTD,18100509484,107151993,3159492,947848,2022-23
RA (HOLDINGS) 2014 PTY LTD,75603289792,194425268,,,2022-23
RA PARTNERSHIP HOLDING 1 PTY LTD,74610717407,429038693,50983839,13938741,2022-23
RABO AUSTRALIA LIMITED,39060452217,1283121571,222230505,65248438,2022-23
RACING AUSTRALIA CONSOLIDATED ENTERPRISES LTD,60653704002,109945887,,,2022-23
RACQ INSURANCE LIMITED,50009704152,2047332226,,,2022-23
RACQ OPERATIONS PTY LTD,80009663414,593681386,7963906,,2022-23
RADLINK HOLDINGS PTY LTD,91137270421,194059341,19011272,5703382,2022-23
RALERU LTD,52002575340,114918455,75884,22765,2022-23
RALMANA PTY LTD,93009149106,159538138,3147222,885310,2022-23
RALPH D'SILVA MOTOR GROUP PTY LTD,12119957676,157803824,7334166,2200250,2022-23
RALPH LAUREN AUSTRALIA PTY LTD,61118847359,237488540,9423273,2826982,2022-23
RALPHS MEAT COMPANY PTY LTD,80080995777,142523257,3254239,976272,2022-23
RAMELIUS RESOURCES LIMITED,51001717540,637190812,,,2022-23
RAMPAGE RETAIL PTY LTD,66600817178,1088444124,3035856,910757,2022-23
RAMSAY HEALTH CARE LIMITED,57001288768,5663866938,458943273,124485159,2022-23
RAMSEY BROS PTY LTD,50008064328,131322679,10183676,3055103,2022-23
RANDSTAD HOLDINGS PTY LIMITED,33098899855,1648595762,70612631,18323322,2022-23
RARD NO 3 PTY LTD,87618271542,140324829,14477160,3232211,2022-23
RATCH-AUSTRALIA CORPORATION PTY LTD,31106617332,212310407,,,2022-23
RAUBEX CONSTRUCTION PTY LTD,12633148928,103290768,10434279,3130284,2022-23
RAVAGO AUSTRALIA PTY LTD,45120210782,216091884,7217737,2165321,2022-23
RAVENSDOWN SHIPPING SERVICES PTY LIMITED,37149142807,181997402,28299043,8489713,2022-23
RAVENSWOOD GOLD GROUP PTY LTD,18637523712,330965280,,,2022-23
RAYTHEON AUSTRALIA PTY LTD,35063709295,735667119,89279643,22985129,2022-23
RCC TOP COMPANY PTY LTD,48627184623,113506483,7953503,2386051,2022-23
RDO AUSTRALIA GROUP PTY LTD,82169836533,1069789448,63634410,19090323,2022-23
REA GROUP LIMITED,54068349066,1111047970,593863515,161726556,2022-23
READING ENTERTAINMENT AUSTRALIA PTY LTD,12070893908,137540712,5696757,1709027,2022-23
REALWISE HOLDINGS PTY LIMITED,87059309161,203874937,30086801,1673371,2022-23
REAMPED ENERGY PTY LTD,21605682684,133822971,19887045,5966114,2022-23
RECKITT BENCKISER HEALTHCARE AUSTRALIA PTY LIMITED,64000071278,840020331,51302719,15390816,2022-23
RECKON LIMITED,14003348730,120586963,71210322,18101600,2022-23
RECO BOURKE PRIVATE LIMITED,23129799717,120061305,,,2022-23
RECO INDFUND PRIVATE LIMITED,,185698736,,,2022-23
RECO MAGNOLIA PTE LTD,75683350495,167699626,,,2022-23
RECO SPRING PTE LTD,,155820913,,,2022-23
RECO WESTPAR PTE LIMITED,,186496369,663663,199099,2022-23
RECOCHEM INC,69010485999,113302560,9159654,2747896,2022-23
RECYCLE AND RESOURCE HOLDINGS LIMITED,20649347302,668963019,,,2022-23
RECYCLING METAL INDUSTRIES PTY LIMITED,32084762381,173466123,1687361,506208,2022-23
RED 5 LIMITED,73068647610,423249824,,,2022-23
RED BULL AUSTRALIA PTY LTD,67085840259,287537109,22924377,6877313,2022-23
RED DOT HOLDINGS PTY LIMITED,66123584618,233606908,19894758,5968427,2022-23
REDCAPE HOTEL TRUST II,62958405971,392448589,,,2022-23
REDOX LIMITED,92000762345,1073743298,112793901,33838170,2022-23
REDPATH (AUSTRALIA) HOLDINGS PTY LTD,43133126682,380965387,,,2022-23
REDZED LENDING SOLUTIONS PTY LTD,31123588527,254236045,25042360,7512708,2022-23
REECE LIMITED,49004313133,3792269051,470981338,135321240,2022-23
REEFNALE PTY LTD,98080028173,100706646,11011602,3303481,2022-23
REFINITIV AUSTRALIA PTY LTD,70002834237,170259700,6858553,2057566,2022-23
REFRESCO AUSTRALIA PTY LTD,77151411764,123939377,,,2022-23
REGAL ASIAN INVESTMENTS LIMITED,58635219484,1286896543,14626963,1301550,2022-23
REGAN HOLDINGS PTY LTD,61073039791,252765972,4034130,1210239,2022-23
REGENT MOTORS PTY LTD,12008685087,381383759,35520254,4816711,2022-23
REGENT RV PTY LTD,19601581186,109386274,,,2022-23
REGIONAL AUSTRALIA BANK LTD,21087650360,141957950,47273386,14169201,2022-23
REGIONAL EXPRESS HOLDINGS LIMITED,18099547270,701572798,,,2022-23
REGIS HEALTHCARE LIMITED,11125203054,835163385,28400594,8520178,2022-23
REGIS RESOURCES LIMITED,28009174761,1138087472,,,2022-23
RE-GROW FINANCE PTY LTD,74144792085,118170613,90044474,6644343,2022-23
REINFORCED CONCRETE PIPES AUSTRALIA (HOLDINGS) PTY LTD,49136810163,141515483,5916365,1774910,2022-23
REINHART AUSTRALIA PTY LIMITED,14151255551,122947726,258381,77514,2022-23
RELIABLE PETROLEUM PTY LTD,54602197375,240204161,2552100,765630,2022-23
RELIANCE RAIL FINANCE PTY LTD,23120380805,108570958,,,2022-23
RELIANCE WORLDWIDE CORPORATION LIMITED,46610855877,448785486,2943840,,2022-23
RELX HOLDINGS AUSTRALIA PTY LTD,19004323166,240280469,45462287,13603921,2022-23
REMA TIP TOP ASIA PACIFIC PTY LTD,63104702614,179710223,,,2022-23
REMEDY DRINKS PTY LTD,57609783066,122214411,,,2022-23
REMONDIS AUSTRALIA PTY LTD,95002429781,658785900,51135851,15340755,2022-23
RENAISSANCE INDUSTRIES PTY LTD,31654309832,120294922,10393186,3117956,2022-23
RENASCENT AUSTRALIA PTY LTD,53109220760,179107212,4205502,1261651,2022-23
RENTOKIL PTY LTD,61000143733,297601056,24927011,7478103,2022-23
REPURPOSE IT HOLDINGS PTY LTD,46631435099,118051282,27738760,8321628,2022-23
RESIMAC GROUP LIMITED,55095034003,283726309,107668628,30698390,2022-23
RESMED HOLDINGS PTY LTD,28003765133,2469689323,977705358,229291101,2022-23
RESOLUTION LIFE NOHC PTY LTD,48633375069,3234648437,,,2022-23
RESOURCE ENVIRONMENTAL SOLUTIONS PTY LTD,42601089614,103495798,2551652,622179,2022-23
RESOURCECO HOLDINGS PTY LTD,64107343288,287539025,35023310,9221278,2022-23
RESTAURANT BRANDS AUSTRALIA HOLDINGS PTY LTD,53611058701,261364287,5849911,1754973,2022-23
RETAIL FOOD GROUP LIMITED,31106840082,117972821,,,2022-23
RETAIL ZOO HOLDINGS PTY LIMITED,51169039721,182419094,28616544,8134598,2022-23
REVLON AUSTRALIA PTY LTD,18095360731,372735516,3811580,1143474,2022-23
REWARD GATEWAY PTY LIMITED,40141363564,358969587,12469532,3740860,2022-23
REWARD SUPPLY CO PTY LTD,40010183669,213586639,12862852,3318856,2022-23
REX GORELL FORD PTY LTD,75006175515,174554070,6371025,1911308,2022-23
REX GORELL PTY LTD,96006256668,110790477,5995862,1798759,2022-23
REXEL HOLDINGS AUSTRALIA PTY LTD,17081022068,915210523,21717376,6515213,2022-23
RF GROUP HOLDINGS PTY LIMITED,64614297648,122098149,3273836,982151,2022-23
RFI HOLDINGS LTD,81146014379,132414652,5247344,1574203,2022-23
RG RESTAURANTS PTY LTD,52611108911,198830584,21172286,6346899,2022-23
RGA AUSTRALIAN HOLDINGS PTY LTD,20071125507,378294222,,,2022-23
RGCARS PTY LTD,20635508057,115865647,,,2022-23
RGF STAFFING APEJ PTY LTD,84603568403,1858174187,22293024,4787347,2022-23
RHEINMETALL DEFENCE AUSTRALIA PTY LTD,62137668092,407735409,,,2022-23
RHEINMETALL MAN MILITARY VEHICLES AUSTRALIA PTY LTD,87114035595,266673381,12160990,3648297,2022-23
RHOMBERG AUSTRALIA PTY LTD,32118517052,110233716,9794941,2938482,2022-23
RIBSHIRE PTY LTD T/A GOODLINE,40085847892,286946197,,,2022-23
RICEGROWERS LIMITED,55007481156,1155015967,52539888,14726914,2022-23
RICHARD CROOKES CONSTRUCTIONS PTY LIMITED,33001375266,1520671323,,,2022-23
RICHEMONT AUSTRALIA PTY LIMITED,99003432504,550081728,33024677,9907403,2022-23
RICHLAND EXPRESS PTY LTD,52127488340,152066479,4824708,1447412,2022-23
RICOH AUSTRALIA PTY LTD,30000593171,246497896,,,2022-23
RIDLEY CORPORATION LIMITED,33006708765,1254247123,49268032,11114585,2022-23
RINNAI AUSTRALIA PTY LTD,74005138769,307591916,16565247,4072797,2022-23
RIO TINTO LTD,96004458404,47341285355,20299855627,5788693738,2022-23
RIORDAN GROUP PTY LTD,35076271148,683235992,38503544,11551063,2022-23
RISEN ENERGY AUSTRALIA HOLDINGS PTY LTD,70644669830,143367022,,,2022-23
RITCHIE BROS. HOLDINGS PTY LTD,27080895861,258439058,6147879,1844364,2022-23
RITCHIES STORES PTY LTD,61005041814,1349893089,39941435,11982430,2022-23
RIVERINA (AUSTRALIA) PTY LIMITED,76010755254,525826000,3042804,912841,2022-23
RIVERINA OILS & BIO ENERGY PTY LIMITED,25103697703,364039913,,,2022-23
RIVIERA AUSTRALIA PTY LTD,55139663906,282769157,7288491,332109,2022-23
RIVIERA HOLDINGS (AUS) PTY LTD,96169709415,447971731,72730803,21037910,2022-23
RIZON PTY LTD,52153718122,125469478,7686963,2306089,2022-23
RJE GLOBAL PTY LTD,79607859852,140862513,2133403,,2022-23
RME HOLDINGS PTY LTD,26092457791,112657923,12083627,504424,2022-23
ROBE RIVER MINING CO PTY LTD,71008694246,2943681248,1686331799,505769454,2022-23
ROBERT BOSCH (AUSTRALIA) PTY LTD,48004315628,1172628117,86205015,16047441,2022-23
ROBERT HALF AUSTRALIA PTY LIMITED,32081257052,153886201,15174809,4552443,2022-23
ROBERT WALTERS PTY LTD,18079521618,307868565,2884153,856475,2022-23
ROBERTS CO AUSTRALIA PTY LTD,83616561678,372026876,331671,99501,2022-23
ROBINSON GRAIN TRADING CO. PTY. LTD.,71079213219,453825152,13995057,4198517,2022-23
ROBINSON ROAD ENTERPRISES PTY LTD,26009872173,179589936,16781720,5034516,2022-23
ROBSON CIVIL PROJECTS PTY LIMITED,62008430939,179493512,,,2022-23
ROCHE DIAGNOSTICS AUSTRALIA PTY LTD,29003001205,550930883,30668237,9200471,2022-23
ROCHE PRODUCTS PTY LIMITED,70000132865,559894390,54428749,,2022-23
ROCKTOWN PTY LTD,18122450711,123983672,7020149,2106045,2022-23
ROHLIG AUSTRALIA PTY LTD,51001191402,401189076,22546773,6764032,2022-23
ROHRIG GROUP PTY LTD,82127895532,136487563,,,2022-23
ROKON PTY LTD,21077599145,226079566,,,2022-23
ROLEX AUSTRALIA PTY LTD,47005956338,312677537,24461902,7338571,2022-23
RON FINEMORE TRANSPORT PTY LTD,30106495087,255955721,6261497,1837746,2022-23
RONDO BUILDING SERVICES PTY LTD,69000289207,302751078,64222874,18363381,2022-23
ROSECLARE PTY LTD,18128714527,146959564,144030799,246678,2022-23
ROSS HOUSE INVESTMENTS PTY LTD,98004360392,364084326,8057124,2395281,2022-23
ROSS LLEWELLYN MOTORS PTY LTD,81010428841,193182120,10805321,3241596,2022-23
ROTHWELL FAMILY FINANCES PTY LTD,95631498505,246340352,246550061,73965018,2022-23
ROW TOPCO PTY LTD,61638939045,138464955,,,2022-23
ROY GALVIN & CO PTY LTD,85008719408,116153471,9713059,2913918,2022-23
ROY GRIPSKE & SONS PTY LTD,52009779140,155610202,,,2022-23
ROY HILL HOLDINGS PTY LTD,71123721077,8614003731,4133225333,1234737170,2022-23
ROYAL AUTOMOBILE ASSOCIATION OF SOUTH AUSTRALIA INC,90020001807,811826323,,,2022-23
ROYAL AUTOMOBILE CLUB OF VICTORIA (RACV) LIMITED,44004060833,932704127,,,2022-23
ROYAL CANIN AUSTRALIA PTY LTD,88092020178,370088451,47104923,14131477,2022-23
ROYAL FOODS AUST PTY LTD,19130110048,128482284,1796905,539072,2022-23
ROYAN GROUP HOLDCO PTY LIMITED,91638670238,129784253,,,2022-23
ROYSTON HOMES PTY LTD,56116651346,123913534,1837387,551178,2022-23
RPC TECHNOLOGIES PTY LTD,29100903124,104779070,3057793,,2022-23
RPS ENERGY PTY LTD,44072504299,321260270,33061950,9907367,2022-23
RS COMPONENTS PTY LIMITED,73009403356,121317833,4480399,1344120,2022-23
RSEA HOLDCO PTY LTD,80625934116,272449022,5672360,1628023,2022-23
RSGX HOLDINGS PTY LTD,66660849114,118150404,6501630,1950489,2022-23
RTA HOLDCO AUSTRALIA 1 PTY LTD,17128762318,2679591967,6097372,,2022-23
RTCH PTY LTD,66616357487,1028206442,171125884,50660234,2022-23
RTL MINING AND EARTHWORKS PTY LTD,60152855135,113331820,10086077,3025823,2022-23
RTPDS AUS PTY LTD,21099346899,8000016641,11428588070,4992,2022-23
RUGBY FARMING GROUP PTY LTD,79135426434,171529140,,,2022-23
RUSSELL INVESTMENTS AUSTRALIA HOLDCO PTY LTD,99612159314,155745574,29864902,8957115,2022-23
RWE LIMONDALE SUN FARM HOLDING PTY LTD,61623887614,124797935,16757251,5027175,2022-23
RYCON PTY LTD,53005544810,105242642,3225807,870495,2022-23
RYDE AUTOMOTIVE GROUP PTY LTD,79619139016,165293490,10225209,3067563,2022-23
RYMAN HEALTHCARE (AUSTRALIA) PTY LTD,44142241110,201007965,,,2022-23
RYOWA DEVELOPMENT II PTY LTD,22063780021,284179576,,,2022-23
S&P GLOBAL AUSTRALIA PTY LTD,18000473674,112287494,46341450,13902435,2022-23
SA PREMIUM CEMENT & CONCRETE PTY LTD,77620729026,128897879,,,2022-23
SAAB TECHNOLOGIES AUSTRALIA PTY LTD,47002950790,272774278,40847887,12254366,2022-23
SADDLEBACK INVESTMENTS PTY LTD,96134978224,859732362,290584230,87175269,2022-23
SADLEIRS TRANSPORT CO (N S W) PTY LTD,19000936194,120335285,9402574,2820772,2022-23
SAFCOL AUSTRALIA PTY LTD,19052489924,164233584,7588895,2276668,2022-23
SAFECORP GROUP LTD,46006536661,132198609,13310777,3587269,2022-23
SAFETYCULTURE PTY LTD,16089180049,120561455,,,2022-23
SAGE GROUP HOLDINGS LTD,58093581330,178661036,5941785,1176268,2022-23
SAGEMCOM AUSTRALASIA PTY LTD,75131531989,118442015,1886163,565849,2022-23
SAIC MOTOR AUSTRALIA PTY LTD,30608096519,1124600586,80470921,24141276,2022-23
SAINT LAURENT AUSTRALIA PTY LTD,95616422710,107103426,5415447,1624634,2022-23
SAL NATIONAL PTY LTD,21633189474,121000893,32977789,9893337,2022-23
SALADS OF AUSTRALIA PTY LIMITED,95631463664,339532295,,,2022-23
SALIC AUSTRALIA PTY LTD,19629864437,139452789,,,2022-23
SALINI AUSTRALIA PTY LTD,86158955885,116890691,,,2022-23
SALTER BROTHERS HOTEL COMPANY LTD,80608745991,176812880,,,2022-23
SAMEX AUSTRALIAN MEAT CO PTY LTD,15008006602,167723158,6934232,2080270,2022-23
SAMIOS PLUMBING PTY LTD,91010360899,277310569,11641080,3492324,2022-23
SAMSONITE AUSTRALIA PTY LTD,31006363248,125996770,12753124,3825937,2022-23
SAMSUNG C&T CORPORATION,49160079470,219028415,,,2022-23
SAMSUNG ELECTRONICS AUSTRALIA PTY LIMITED,63002915648,3390525007,127640317,38292095,2022-23
SAMUEL SMITH & SON PTY LTD,64007534278,236773028,2460562,314767,2022-23
SAN MIGUEL YAMAMURA AUSTRALASIA PTY LTD,49099994162,273562952,1787510,536253,2022-23
SANDFIRE RESOURCES LIMITED,55105154185,404356245,41423745,11648372,2022-23
SANDRAN HOLDINGS PTY LIMITED,91002235725,134764709,18871113,5661334,2022-23
SANDVIK AUSTRALIA HOLDINGS PTY LTD,60003771373,2159882936,275460991,76793162,2022-23
SANOFI-AVENTIS AUSTRALIA PTY LTD,31008558807,937005344,79456483,19028585,2022-23
SANTOS LIMITED,80007550923,6257384778,19796482,,2022-23
SANTOS NA (19-12) PTY LTD,73064963346,279388893,9466881,2840064,2022-23
SANTOS NA (19-13) PTY LTD,77099996782,114132704,2812201,843660,2022-23
SANTOS NA BAYU UNDAN PTY LTD,64097445942,139670831,5448674,1634602,2022-23
SANTOS NA TIMOR SEA PTY LTD,85053698794,168780462,4154337,1246301,2022-23
SANWA PTY LIMITED,96000904987,450742577,19608024,5882394,2022-23
SAP AUSTRALIA PTY LTD,26003682504,1306238415,97906096,28968886,2022-23
SAPURA AUSTRALIA (HOLDINGS) PTY LTD,38153397374,123989955,5651875,1695562,2022-23
SAS AUSTRALIA PTY. LIMITED,13002287247,105253000,,,2022-23
SASS JOINT VENTURE COMPANY PTY LTD,86161929746,111045534,8554951,2566485,2022-23
SAUNDERS INTERNATIONAL LIMITED,14050287431,201321794,17850281,5355084,2022-23
SAVILLS (AUST) HOLDINGS PTY LTD,49059047371,128388540,10703521,3153274,2022-23
SAVINO DEL BENE AUSTRALIA PTY LTD,69098199270,117343818,3057413,917224,2022-23
SAWICKI GROUP PTY LTD,39004855949,141367545,2163205,648962,2022-23
SC HYDRO PTY LTD,17640313757,183301737,1548741,464622,2022-23
SCAN GLOBAL LOGISTICS PTY LTD,92089605694,229961114,21404449,6421335,2022-23
SCANIA AUSTRALIA PTY LTD,44000537333,550116220,40467086,12140126,2022-23
SCAPE CORE FUND OPERATOR PTY LTD,88636018641,139110564,,,2022-23
SCENTRE GROUP LIMITED,66001671496,3853533267,50490440,15127847,2022-23
SCHAEFER SYSTEMS INTERNATIONAL PTY LTD,99084230026,152024253,6703152,2010946,2022-23
SCHENKER AUSTRALIA PTY LIMITED,75000410211,1080258958,25420427,7626128,2022-23
SCHINDLER LIFTS AUSTRALIA PTY LTD,19005838773,594679047,23957275,7187182,2022-23
SCHLUMBERGER AUSTRALIA PTY LTD,74002459225,710129850,,,2022-23
SCHNEIDER ELECTRIC AUSTRALIA HOLDINGS PTY LTD,30105310781,1446406805,125765646,36657559,2022-23
SCHOLASTIC AUSTRALIA PTY LIMITED,11000614577,121921373,4411172,913969,2022-23
SCHREDER AUSTRALIA PTY LTD,17604331937,102474144,8831846,2649554,2022-23
SCHUTZ AUSTRALIA PTY LTD,60090995958,124462200,12331079,3645610,2022-23
SCI-FLEET MOTORS PTY LTD,25057783749,726014852,38005766,11401730,2022-23
SCOR GLOBAL LIFE AUSTRALIA PTY LIMITED,83148897670,133601000,,,2022-23
SCOR REINSURANCE ASIA PACIFIC PTE LTD AUSTRALIAN BRANCH,85071103092,204448328,7608876,2282663,2022-23
SCOTT PARK GROUP PTY LTD,42118798253,316851030,2494069,539012,2022-23
SCREENTIME PTY LIMITED,67072710073,227163712,,,2022-23
SCT GROUP HOLDINGS PTY LTD,39651271920,663197671,187532344,601567,2022-23
SDP HOLDCO PTY LIMITED,60158076843,240182895,7486022,2245807,2022-23
SDP SOLUTIONS PTY LTD,70108572032,126894851,1723494,517048,2022-23
SEA PLANT & EQUIPMENT PTY LTD,59601889614,1009130504,6397354,1919206,2022-23
SEAFRIGO AUSTRALIA PTY LTD,54163334067,101943012,5954900,1786470,2022-23
SEAGRASS HOLDCO PTY LTD,91634224936,202742980,,,2022-23
SEALED AIR AUSTRALIA (HOLDINGS) PTY LIMITED,74102261307,323999878,,,2022-23
SEALORD AUSTRALIA PTY LIMITED,19001670864,159915664,,,2022-23
SEAROAD HOLDINGS PTY LTD,16123749655,274769741,,,2022-23
SEAWAY HOLDINGS PTY LTD,82616470010,430969041,27938829,8308759,2022-23
SEDGWICK AUSTRALIA HOLDINGS PTY LIMITED,,155482518,,,2022-23
SEE GROUP PARENT PTY LTD,47626830206,367820881,16064313,4819294,2022-23
SEEK LIMITED,46080075314,1525299377,268908929,42141609,2022-23
SEELEY INTERNATIONAL PTY LTD,23054687035,147815970,,,2022-23
SEI AUSTRALIA HOLDINGS PTY LIMITED,36133805820,315009763,42011302,12583936,2022-23
SEKARA PTY. LTD.,45067379088,127522625,273659,82098,2022-23
SEKISUI HOUSE AUSTRALIA HOLDINGS PTY LIMITED,71134688510,691773796,5144661,1543398,2022-23
SEKTOR LIMITED PARTNERSHIP,74297651095,218960683,13533026,4059908,2022-23
SEKURO LIMITED,14648798618,111299687,5707863,1670703,2022-23
SELECT ACCESS INVESTMENTS LIMITED,35101078111,128409468,,,2022-23
SELECT HARVESTS LIMITED,87000721380,209170769,,,2022-23
SELECTION STEEL TRADING PTY LTD,37005324407,292716933,6568097,1970429,2022-23
SELL & PARKER PTY LIMITED,98000101315,440123537,48892523,14667757,2022-23
SENEX HOLDINGS PTY LTD,45656318759,211573161,7543969,,2022-23
SEPHORA AUSTRALIA PTY LTD,37169030737,247802970,,,2022-23
SEQUOIA MATERIALS INDUSTRY GROUP AUSTRALIA PTY LTD,84639803839,166981775,116622,34987,2022-23
SERCO GROUP PTY LTD,55061889763,1634871541,125944851,37518038,2022-23
SERVCO AUSTRALIA CAIRNS PTY LTD,96136856614,268546632,19300413,5790124,2022-23
SERVCO AUSTRALIA CALOUNDRA PTY LTD,56000223021,114049153,6978645,2093594,2022-23
SERVCO AUSTRALIA DUBBO PTY LTD,41124473454,110155015,5262955,1578886,2022-23
SERVCO AUSTRALIA MELBOURNE CITY PTY LTD,96616073226,385034810,6838515,2051554,2022-23
SERVCO AUSTRALIA MELVILLE PTY LTD,39622157706,269676668,11910505,3573152,2022-23
SERVCO AUSTRALIA MORNINGSIDE PTY LTD,29127812604,130973813,4981702,1494511,2022-23
SERVCO AUSTRALIA TAMWORTH PTY LTD,28628011905,119269055,4937693,1481308,2022-23
SERVICE STREAM LIMITED,46072369870,2034261106,3275289,253581,2022-23
SERVICENOW AUSTRALIA PTY LTD,88149683312,482827507,,,2022-23
SERVICEROCKET INTERNATIONAL PTY LTD,59124182798,118830135,72540473,20953555,2022-23
SETIA (MELBOURNE) DEVELOPMENT COMPANY PTY LTD,61143464804,297625990,41292080,12387624,2022-23
SEVEN GROUP HOLDINGS LIMITED,46142003469,6446329088,453552868,119901709,2022-23
SEVEN WEST MEDIA LIMITED,91053480845,1644932948,,,2022-23
SEW-EURODRIVE PTY LTD,27006076053,124173879,18134561,5440368,2022-23
SFDC AUSTRALIA PTY LTD,91109182989,1486416363,70211425,21063428,2022-23
SFG GROUP HOLDINGS PTY LTD,,1222024540,,,2022-23
SG FLEET GROUP LIMITED,40167554574,728094421,,,2022-23
SGH PETROLEUM PTY LTD,22123131555,220933986,507513,152254,2022-23
SGQ PTY LTD,18146949706,100034594,4676470,1240084,2022-23
SGS AUSTRALIA HOLDINGS PTY LTD,46004269023,270886149,,,2022-23
SGSP (AUSTRALIA) ASSETS PTY LTD,60126327624,1985549986,144490430,43347129,2022-23
SHADFORTH'S CIVIL PTY LTD,68162606377,796837756,26372661,7911798,2022-23
SHAMROCK CIVIL ENGINEERING PTY LTD,68066655856,210652493,4439460,1331838,2022-23
SHANGRI-LA INVESTMENTS (AUSTRALIA) PTY LIMITED,15146016033,121080846,,,2022-23
SHAPE AUSTRALIA CORPORATION LIMITED,14654729352,862366886,16967483,5090245,2022-23
SHARTON MOTORS PTY LTD,55001345384,173265671,8802633,2640790,2022-23
SHAVER SHOP GROUP LIMITED,78150747649,215529682,19421503,5826451,2022-23
SHAW AND PARTNERS LIMITED,24003221583,162214470,14435032,4330510,2022-23
SHAW OF AUSTRALIA PTY LIMITED,75000075383,152819937,2690943,807283,2022-23
SHEIKE & CO PTY LTD,22001784283,100819211,27569820,8270946,2022-23
SHEIN DISTRIBUTION AUSTRALIA PTY LIMITED,38653503023,409380675,2662805,798842,2022-23
SHELDON & HAMMOND PTY LIMITED,90076567989,124603162,23266250,6963524,2022-23
SHELFORD CONSTRUCTIONS PTY LTD,17051265546,120982166,,,2022-23
SHELL ENERGY HOLDINGS AUSTRALIA LIMITED,69054260776,15647362305,5304285361,1555227799,2022-23
SHELLEY TOPCO PTY LTD,94634291375,175895308,,,2022-23
SHERRIDON PTY LTD,14127439132,147984807,4877552,1463266,2022-23
SHERRIFF ELECTRICAL PTY LTD,63010059837,170654346,15706582,4711975,2022-23
SHIMANO OCEANIA HOLDINGS PTY LTD,45002926918,104711217,12270367,3681110,2022-23
SHINE JUSTICE LTD,93162817905,225471179,,,2022-23
SHIWORKS PTY LTD,17636236676,435362231,,,2022-23
SHRIRO HOLDINGS LIMITED,29605279329,113316908,4960783,1227139,2022-23
SIEMENS ENERGY PTY LTD,69636537409,426728873,45778279,13730795,2022-23
SIEMENS GAMESA RENEWABLE ENERGY PTY LTD,90614784575,255516281,,,2022-23
SIEMENS HEALTHCARE PTY LTD,83604853938,733897771,30564644,9168604,2022-23
SIEMENS LTD.,98004347880,756261527,97589073,26922732,2022-23
SIGMA ALDRICH OCEANIA PTY LTD,29112895708,145191520,9189802,2756941,2022-23
SIGMA HEALTHCARE LIMITED,15088417403,3789394537,19237208,5234465,2022-23
SIGNAL BRANDS AUSTRALIA PTY LTD,59613678354,100643933,,,2022-23
SIGNATURE HOSPITALITY GROUP PTY LTD,12619641379,117568584,,,2022-23
SIGNET PTY LTD,15011039295,148650196,8449417,2534825,2022-23
SIKA AUSTRALIA PTY LTD,12001342329,322060975,28189597,8456879,2022-23
SILICON METAL COMPANY OF AUSTRALIA PTY LTD,73009401736,373385406,127100322,38130097,2022-23
SILK HOSPITALITY PTY LTD,16139223895,110428459,1190560,265387,2022-23
SILK LOGISTICS HOLDINGS LIMITED,45165867372,489959659,23373499,7012050,2022-23
SILVER CHEF RENTALS PTY LTD,33112241522,109132038,,,2022-23
SILVER LAKE RESOURCES LIMITED,38108779782,629070061,,,2022-23
SIME DARBY INDUSTRIAL AUSTRALIA PTY LTD,56153652594,3561527303,110821704,29813706,2022-23
SIME DARBY MOTORS RETAIL AUSTRALIA PTY LIMITED,37158278883,486310470,639667,191900,2022-23
SIMON GEORGE & SONS PTY LTD,55104866284,161062203,6877898,2063369,2022-23
SIMON TRANSPORT PTY LTD,24009898159,205396645,51220073,15366022,2022-23
SIMONDS GROUP LIMITED,54143841801,722434284,,,2022-23
SIMPLOT AUSTRALIA (HOLDINGS) PTY LIMITED,23070571934,1423069336,62702698,14330262,2022-23
SIMS LIMITED,69114838630,1695024148,47954282,8892917,2022-23
SINCH COMMUNICATIONS PTY LTD,31112676132,212657122,18873931,5388984,2022-23
SINGAPORE TELECOM AUSTRALIA INVESTMENTS PTY LIMITED,69096686190,8177368341,,,2022-23
SINGPOST LOGISTICS AUSTRALIA HOLDINGS PTY LTD,59609291330,244309683,6463448,,2022-23
SINO GAS & ENERGY PTY LIMITED,75115316599,360682196,,,2022-23
SINO IRON HOLDINGS PTY LTD,43118791772,4107491199,,,2022-23
SINO NICKEL PTY LTD,62104242588,176195632,1549875,464962,2022-23
SINOPEC OIL AND GAS AUSTRALIA PTY LTD,94130568553,1112197877,,,2022-23
SIRVA (ASIA PACIFIC) PTY LTD,48005944187,170378264,11407855,3228780,2022-23
SIS AUSTRALIA HOLDINGS PTY LTD,65132211459,819244072,24198011,7167682,2022-23
SJ HIGGINS PTY LTD,14005648395,165237859,6536896,1961069,2022-23
SKF AUSTRALIA PTY LTD,87004236855,137386841,8461851,2538555,2022-23
SKYCITY AUSTRALIA PTY LIMITED,67090828612,234407191,,,2022-23
SLATER AND GORDON LIMITED,93097297400,215762937,,,2022-23
SLB AUSTRALIA HOLDINGS PTY LTD,37141037925,318189049,63519080,17077232,2022-23
SLECO PTY. LTD.,25007893781,550591278,35067113,10418574,2022-23
SLR CONSULTING AUSTRALIA PTY LTD,29001584612,101001730,7900843,2370253,2022-23
SMA AUSTRALIA PTY LIMITED,44127198761,104105207,3612635,1083790,2022-23
SMARTGROUP CORPORATION LTD,48126266831,225524640,89424671,26595972,2022-23
SMC CORPORATION (AUSTRALIA) PTY LTD,64000543519,100566672,14333907,4002117,2022-23
SME CAPITAL HOLDINGS PTY LTD,25628947544,272139144,51861840,15558552,2022-23
SMEG AUSTRALIA PTY LTD,33146901082,174100610,3462837,1038851,2022-23
SMIT LAMNALCO AUSTRALIA PTY LTD,24113226074,116788509,822966,246890,2022-23
SMITH & NEPHEW PTY LTD,68000087507,296155332,7861797,2358539,2022-23
SMITHFIELD CATTLE COMPANY PTY LTD,31167650044,102045515,14108609,4232583,2022-23
SMRM HOLDINGS PTY LTD,85168760861,1497291045,,,2022-23
SNACKING INVESTMENTS HOLDCO PTY LIMITED,64634908482,1117300792,23878164,,2022-23
SNAP-ON TOOLS (AUSTRALIA) PTY LTD,55010793683,164645033,32153662,9646099,2022-23
SNF (AUSTRALIA) PTY LIMITED,32050056267,188176250,6700415,2010124,2022-23
SNOW BRAND AUSTRALIA PTY LTD,82057664034,105590935,,,2022-23
SNOW SUMMIT INVESTMENTS PTY LTD,64633002007,174492181,3016718,905015,2022-23
SNOWY HYDRO LIMITED,17090574431,4287363209,251878149,74587102,2022-23
SOCIETE GENERALE,71092516286,177086841,15329804,4598941,2022-23
SODEXO AUSTRALIA PTY LTD,50006072975,915158935,,,2022-23
SOFTWAREONE AUSTRALIA PTY LTD,18151340608,191715156,,,2022-23
SOHO LIVING AUSTRALIA PTY LTD,14147394367,123088900,4608845,1382654,2022-23
SOJITZ AUSTRALIA LIMITED,16000213132,1759236361,655920469,196774213,2022-23
SOLAR JUICE PTY LTD,96139534026,191356478,9584702,2875411,2022-23
SOLAR TURBINES INTERNATIONAL COMPANY,43066283074,174380284,14070054,4221016,2022-23
SOLARGAIN PV PTY LTD,90132725501,121768329,537535,46020,2022-23
SOLARIS PAPER PTY LTD,41126825769,314153645,,,2022-23
SOLSTICE ENERGY HOLDINGS PTY LTD,96636365805,104037291,2198283,234604,2022-23
SOLVAR LIMITED,63117296143,164374760,51528279,15294814,2022-23
SONIC CIVIL INVESTMENTS PTY LTD,90160037507,140472876,7551103,1531938,2022-23
SONIC CLINICAL SERVICES PTY LIMITED,13083519377,383787492,,,2022-23
SONIC HEALTHCARE LIMITED,24004196909,3268196797,264302624,56260004,2022-23
SONOVA AUDIOLOGICAL CARE AUSTRALIA PTY LTD,93113235779,197079014,3355892,965988,2022-23
SONY AUSTRALIA LIMITED,59001215354,1553507615,22924973,,2022-23
SOUTH CITY AUTOMOTIVE GROUP PTY LTD,72098801033,117452737,8910171,2673051,2022-23
SOUTH EAST AUTOMOTIVE PTY. LIMITED,16117048450,105184950,2374684,712405,2022-23
SOUTH WEST FIBRE PTY LTD,26127951991,114111822,6834429,2050329,2022-23
SOUTH32 (BVI) PTY LIMITED,,343322493,6105568,1831670,2022-23
SOUTH32 LIMITED,84093732597,5765566652,1825137045,379428603,2022-23
SOUTHERN AUSTRALIAN INTERNATIONAL LIVESTOCK SERVICES PTY LTD,88630248190,291773467,50481473,15144442,2022-23
SOUTHERN CLASSIC GROUP PTY LIMITED,56108422108,167378459,5939115,1781734,2022-23
SOUTHERN CROSS ALUMINIUM PTY LIMITED,25063778996,228110499,2205804,661741,2022-23
SOUTHERN CROSS ELECTRICAL ENGINEERING LIMITED,92009307046,475526857,54330208,16299062,2022-23
SOUTHERN CROSS MEDIA GROUP LIMITED,91116024536,502154842,25130222,7003353,2022-23
SOUTHERN CROSS SUPPORT SERVICES PTY LTD,77151293515,101485101,8403649,2521095,2022-23
SOUTHERN MEATS PTY LTD,51003111528,233541149,24761840,7339937,2022-23
SOUTHERN OIL PTY LTD,73090944906,126742283,48834488,9293204,2022-23
SOUTHERN QUEENSLAND STEEL PTY LIMITED,62085107991,244473458,2064105,619232,2022-23
SOUTHERN SHEET & COIL PTY LIMITED,48003385322,318751081,11137810,3341343,2022-23
SOUTHERN STEEL (WA) PTY LIMITED,64125188409,131441104,15068692,4520608,2022-23
SOUTHERN STEEL SUPPLIES PTY LIMITED,37000060131,308383193,33199856,9959957,2022-23
SOUTHERN STEEL TRADING PTY LIMITED,17138204029,151151174,7517043,2255113,2022-23
SOUTHTRADE INTERNATIONAL PTY LTD,46099947163,216336608,1274700,382410,2022-23
SPACEFRAME BUILDINGS PTY LTD,42009930554,201242712,714286,,2022-23
SPAR AUSTRALIA LIMITED,69102281167,192686363,1062579,318774,2022-23
SPARK TOPCO PTY LTD,17642529502,114040131,,,2022-23
SPARROW EARLY LEARNING PTY LTD,29600354443,115162811,9138357,2741507,2022-23
SPC GLOBAL LTD,73633389394,250752740,,,2022-23
SPECSAVERS PTY. LTD.,82097147932,799548323,54068709,12056812,2022-23
SPENDLESS SHOES PTY LTD,15008152850,136983896,6641919,1992576,2022-23
SPIC PACIFIC ENERGY PTY LTD,92609771057,563485022,,,2022-23
SPICEME CAPITAL PTY LTD,32125298884,287179044,,,2022-23
SPICERS LIMITED,70005146350,327800534,,,2022-23
SPIRIT TECHNOLOGY SOLUTIONS LIMITED,73089224402,127271011,,,2022-23
SPIRITS PLATFORM PTY LTD,44604520783,137244470,4602795,1380838,2022-23
SPL GROUP HOLDINGS PTY LIMITED,18628086466,142917301,,,2022-23
SPLUNK SERVICES AUSTRALIA PTY LTD,51609939817,112702062,11041617,1270043,2022-23
SPORTS ENTERTAINMENT GROUP LIMITED,20009221630,111946772,,,2022-23
SPRINGMOUNT SERVICES PTY LTD,61101763179,112983477,1396435,418930,2022-23
S-PROCESS EQUIPMENT AUSTRALIA PTY LTD,21127927226,173350170,34992538,8786639,2022-23
SQUARE TRADING PTY LTD,57147788663,437786211,18424433,5524541,2022-23
SRG GLOBAL LIMITED,81104662259,766025476,4388137,1316441,2022-23
SRT LOGISTICS PTY LTD,21086507002,112870926,,,2022-23
SS SILVER PTY LTD,40644174710,2897704250,,,2022-23
SS&C SOLUTIONS PTY LIMITED,75007325779,166706382,13098271,1940762,2022-23
SSAB SWEDISH STEEL PTY LTD,74064572925,119127038,13556154,4066846,2022-23
SSANGYONG AUSTRALIA PTY LTD,92627864475,174189847,9339722,2801917,2022-23
ST BARBARA LIMITED,36009165066,469830160,93535525,28060658,2022-23
STABILISED PAVEMENTS OF AUSTRALIA PTY LTD,90002900736,189220316,9774722,2932417,2022-23
STAHMANN HOLDINGS PTY LTD,68617861677,157399871,,,2022-23
STANDARD COMMUNICATIONS HOLDINGS PTY LTD,76640855545,132065708,26724552,4543211,2022-23
STANLEY BLACK & DECKER HOLDINGS AUSTRALIA PTY LTD,81154671244,300163830,31739627,9521888,2022-23
STANMORE RESOURCES LIMITED,27131920968,2783299270,1267484074,88258604,2022-23
STANMORE SMC PTY LTD,34009713875,1035419438,399495245,119727108,2022-23
STANTEC AUSTRALIA PTY LTD,17007820322,513213948,,,2022-23
STAR GROUP HOLDINGS PTY LIMITED,93000452924,124219750,2593170,777951,2022-23
STARBUCKS COFFEE AUSTRALIA PTY LTD,73169062926,157451274,,,2022-23
STARCORP HOLDINGS (NSW) PTY LTD,51089450368,148480440,302734,90820,2022-23
STARHILL HOTEL (SYDNEY) PTY LTD,63158871035,104683586,2829757,848927,2022-23
STARMONT HOLDINGS PTY LTD,14009427418,284693135,147413194,43099032,2022-23
STATE BANK OF INDIA,95082610008,120774438,31348328,9253715,2022-23
STATE STREET AUSTRALIA LIMITED,21002965200,137573113,11471749,3441525,2022-23
STATE STREET BANK & TRUST COMPANY,70062819630,148980192,7339825,2201948,2022-23
STATE STREET SERVICES AUSTRALIA PTY LIMITED,38151402247,189450945,65073454,19522036,2022-23
STATEWIDE INDEPENDENT WHOLESALERS LIMITED,51009519546,1365445206,8100099,2430030,2022-23
STAUDE CAPITAL GLOBAL VALUE FUND LIMITED,90168653521,271919977,5653827,1398382,2022-23
STEADFAST GROUP LIMITED,98073659677,922071978,304837935,48428571,2022-23
STEALTH GLOBAL HOLDINGS LTD,25615518020,111040678,231686,69506,2022-23
STEGGLES FOODS MT KURING-GAI PTY LTD,73126100418,145659033,1362220,408666,2022-23
STELLA FOODS AUSTRALIA PTY LTD,77156644834,264155464,278554,83566,2022-23
STELLA MMTS FINANCE PTY LIMITED,85612094078,173728537,,,2022-23
STELLA NEL FINANCE PTY LTD,20637599574,103492349,,,2022-23
STELLANTIS (AUSTRALIA AND NEW ZEALAND) PTY LTD,23125956505,584888531,40723224,12216967,2022-23
STEPHEN EDWARDS CONSTRUCTIONS PTY LTD,65001824139,122100253,16392500,4917750,2022-23
STERLING AND WILSON RENEWABLE ENERGY LIMITED,36632074901,130581968,,,2022-23
STIHL PTY LTD,76004881145,261706685,10198589,3059577,2022-23
STIRLINGS PERFORMANCE STEELS PTY LTD,79625765200,122190325,14993821,4498146,2022-23
STOCKLAND CORPORATION LIMITED,43000181733,2343900701,80517343,24155203,2022-23
STOCKWELL INTERNATIONAL PTY LTD,19000871330,119044098,2812987,843896,2022-23
STOCKYARD GROUP PTY LTD,27640897472,150263526,,,2022-23
STOCKYARD HILL WIND FARM (HOLDING) PTY LTD,58619779734,165867981,,,2022-23
STODDART GROUP PTY LTD,82010744751,365793986,3678981,1103694,2022-23
STONE AXE HOLDCO PTY LTD,37628956945,130805179,,,2022-23
STORA ENSO AUSTRALIA PTY LTD,64099948491,256257067,18108596,5432579,2022-23
STORY HOUSE GROUP HOLDINGS PTY LTD,60634425693,103807666,,,2022-23
STOWE AUSTRALIA PTY LTD,27002556603,550530448,20435651,6130695,2022-23
STRAIT LINK QS PTY LTD,84649025614,290152795,,,2022-23
STRAIT LINK SHIPPING PTY LTD,74138616645,199793200,,,2022-23
STRANDBAGS HOLDINGS PTY LTD,99128842482,406888223,64029243,19208773,2022-23
STRATEGIC GAS MARKET TRADING PTY LTD,60613884978,289149178,23658480,7097544,2022-23
STRIPE PAYMENTS AUSTRALIA PTY LTD,66160180343,556092299,8127486,2438246,2022-23
STRYKER AUSTRALIA PTY LTD,48002873850,809518242,108673145,32601944,2022-23
SUBARU (AUST) PTY LTD,95000312792,1391725910,113463032,34038910,2022-23
SUBSEA 7 AUSTRALIA CONTACTING PTY LTD,36005288406,213700855,,,2022-23
SUDIMA AUSTRALIA PTY LTD,17612948366,150133022,,,2022-23
SUEZ ANZ HOLDINGS PTY LTD,94653823726,157357164,17163459,5148200,2022-23
SUGAR TERMINALS LIMITED,17084059601,105467733,34444217,10333265,2022-23
SUMITOMO AUSTRALIA PTY LTD,81000371497,1993589168,1036210460,51284301,2022-23
SUMITOMO FORESTRY AUSTRALIA PTY LTD,70101550109,131305565,23593269,,2022-23
SUMITOMO MITSUI BANKING CORPORATION-SYDNEY BRANCH,98114053459,1432703742,399767906,119930372,2022-23
SUMITOMO RUBBER AUSTRALIA PTY LTD,31602872391,100086611,6424120,1900378,2022-23
SUMMIT AUTO LEASE AUSTRALIA PTY LTD,87054704737,124587741,,,2022-23
SUMO AUSTRALIA LIMITED,84602964143,184142440,,,2022-23
SUN METALS CORPORATION PTY LTD,97074241982,909066690,,,2022-23
SUNCO MOTORS PTY LTD,21010722111,250998455,4258310,1277493,2022-23
SUNCORP GROUP LIMITED,66145290124,15557499020,1244418508,367420398,2022-23
SUNGROW AUSTRALIA GROUP PTY LTD,76168258679,181374995,6578997,1973699,2022-23
SUNLAND GROUP LIMITED,65063429532,271764329,64649201,19394760,2022-23
SUNNY QUEEN PTY LIMITED,31060702034,523884816,19019469,5504399,2022-23
SUNPORK FRESH FOODS PTY LTD,24135230545,571866341,2133774,640132,2022-23
SUNPORK PTY LTD,11059168786,326560151,,,2022-23
SUNSHINE A PTY LTD,86631684770,555706754,85714201,25714260,2022-23
SUNSHINE HARDWARE PTY LTD,95129140085,173380208,10655933,3196780,2022-23
SUNSHINE STATE POWER (NO. 2) B.V.,27063382829,153165735,585530,175659,2022-23
SUNSHINE STATE POWER B.V.,40062295425,175046536,671374,201412,2022-23
SUNSTATE CEMENT LIMITED,58010421879,155831301,15212188,4563656,2022-23
SUNTORY (AUST) PTY LIMITED,27001628780,356211729,7052283,2115685,2022-23
SUPER RETAIL GROUP LIMITED,81108676204,3586193801,358557213,103491253,2022-23
SUPERANNUATION AND INVESTMENTS HOLDCO PTY LIMITED,64644660882,1103166465,,,2022-23
SUPERIOR PAK PTY LTD,30162247323,115033098,10187338,3056201,2022-23
SUPERLOOP LIMITED,96169263094,314012571,,,2022-23
SUPPLY NETWORK LTD,12003135680,215918189,33763131,10128939,2022-23
SUPPLY PARTNERS PTY LTD,94155169074,144217296,1572166,471650,2022-23
SUPREME CARAVANS PTY LTD,65006939322,114103422,15049320,4514796,2022-23
SURBANA JURONG HOLDINGS (AUSTRALIA) PTY LTD,49612229197,687613387,89423377,23076459,2022-23
SURDEX SHEET & COIL PTY LIMITED,43004339922,249648243,145943097,2443334,2022-23
SURDEX STEEL PTY LIMITED,39004339904,358298871,31461222,9438367,2022-23
SUSQUEHANNA PACIFIC PTY LTD,23082467605,404186862,129460128,37895008,2022-23
SUTTON TOOLS PTY LTD,12004175731,120787444,2086358,625167,2022-23
SUTTONS INVESTMENTS PTY LTD,84008446428,1942513339,64536206,18618078,2022-23
SUZUKI AUSTRALIA PTY LIMITED,57001828164,498144666,13491295,4047388,2022-23
SV LAKSHMI INTERNATIONAL PTY LTD,74629219012,116158978,2287909,571977,2022-23
SV LAKSHMI PTY LTD,79128771997,184633618,429017,107254,2022-23
SVITZER AUSTRALASIA HOLDINGS PTY LTD,16120555302,390256825,25091260,3498807,2022-23
SWANSTON STREET HOLDINGS PTY LTD,26109185015,261813427,30801586,9240476,2022-23
SWAROVSKI AUSTRALIA PTY LTD,16000679416,126715983,,,2022-23
SWIFT HOLDINGS INVESTMENTS PTY LTD,47655356424,1398384876,5889913,1766974,2022-23
SWIFT WORLDWIDE RESOURCES AUSTRALIA HOLDINGS CORP PTY LIMITED,17166473936,160169706,4314113,1294234,2022-23
SWISS RE ASIA PTE. LTD,19631490447,1514067734,,,2022-23
SWISS RE AUSTRALIA LIMITED,28004360909,2842917707,1310779,,2022-23
SWISS RE INTERNATIONAL SE AUSTRALIA BRANCH,38138873211,347962272,109796131,32938839,2022-23
SWISSPORT ANZ PTY LTD,54167311551,225297816,,,2022-23
SYDNEY AIRPORT LIMITED,18165056360,146535311,,,2022-23
SYDNEY AVIATION ALLIANCE HOLDINGS PTY LTD,54654912197,932803083,,,2022-23
SYDNEY TOOLS PTY LTD,19112852285,811647303,83793919,25138176,2022-23
SYESUN PTY LIMITED,51001805830,108567439,4836397,1450919,2022-23
SYMAL CONTRACTORS PTY LTD,69630027342,155102163,26413810,7924143,2022-23
SYMAL GROUP PTY LTD,72615255466,102620611,,,2022-23
SYMAL INFRASTRUCTURE PTY LTD,87130808276,424106880,4224054,1267216,2022-23
SYMBIO HOLDINGS LIMITED,37118699853,159444101,6171460,,2022-23
SYMON BROS CONSTRUCTIONS (VIC) PTY LTD,46005194043,284810752,6783945,2035184,2022-23
SYNGENTA AUSTRALIA PTY LTD,33002933717,523206124,26393594,5754961,2022-23
SYNNEX AUSTRALIA PTY LTD,40052285882,2921585830,54252023,16275607,2022-23
SYRINX AUSTRALIA PTY LTD,50130046267,220674700,26775900,7838674,2022-23
SYSTEMATIC TRADING TECHNOLOGIES PTY LT,39130626130,202218555,,,2022-23
SZABO TRADING PTY LTD,18116502071,202980133,171254,46080,2022-23
T. ROWE PRICE AUSTRALIA LIMITED,13620668895,105455750,6100627,1781857,2022-23
T.C. DRAINAGE (WA) PTY LTD,37064603096,161040879,10586063,3175819,2022-23
T.EN AUSTRALIA & NEW ZEALAND PTY LTD,20636996060,136276504,1967331,590199,2022-23
T.F. WOOLLAM HOLDINGS PTY LTD,41106564354,241096931,1410840,423252,2022-23
T.J. & R.F. FORDHAM PTY LTD,56000548354,220172319,,,2022-23
TABCORP HOLDINGS LIMITED,66063780709,2025931012,,,2022-23
TAD HOLDCO PTY LTD,90637674376,162028596,,,2022-23
TADANO OCEANIA PTY LTD,84142236995,149655937,12908774,3872632,2022-23
TAIPOWER BENGALLA PTY LTD,18075407617,777926152,514118653,154235224,2022-23
TAKEDA PHARMACEUTICALS AUSTRALIA PTY LTD,71095610870,238030926,10023100,3006930,2022-23
TAL DAI-ICHI LIFE AUSTRALIA PTY LTD,97150070483,8621328310,74544630,20799669,2022-23
TALENT INTERNATIONAL HOLDINGS PTY LIMITED,28131419577,869523431,14293459,4288038,2022-23
TALENZA GROUP PTY LTD,53634381490,122542570,1707799,512340,2022-23
TALICOMBE HOLDINGS PTY LTD,92082966934,178453828,3081639,924492,2022-23
TAMA AUSTRALIA PTY LTD,88617155361,155136214,3547408,1064222,2022-23
TANGARATTA STOCKFEEDS PTY LIMITED,51001278584,126327045,2124462,637339,2022-23
TAP OIL PTY LTD,89068572341,107980994,,,2022-23
TASLINK EQUIPMENT PTY LTD,33652964442,184815881,,,2022-23
TASMAN CARGO AIRLINES PTY LIMITED,50073412272,117433023,4882859,1464858,2022-23
TASMAN K B PTY LTD,18003044102,190064701,18642818,5592845,2022-23
TASMAN LOGISTICS SERVICES PTY LTD,37103193979,103799579,10972759,3291828,2022-23
TASMANIA HARDWARE PTY LIMITED,46159847462,148650937,6957424,2020560,2022-23
TASMANIAN INDEPENDENT RETAILERS CO-OPERATIVE SOCIETY LTD,89743048843,107499086,1771198,508789,2022-23
TASMEA LIMITED,22088588425,302571676,,,2022-23
TASSAL GROUP LIMITED,15106067270,323217126,,,2022-23
TATA CONSULTANCY SERVICES LIMITED,28109981777,774825580,344678347,53618828,2022-23
TATTARANG CAPITAL PTY LTD,40161233674,199399315,284827445,,2022-23
TAYLOR APARTMENTS PTY. LIMITED,24008464373,131654880,3166819,950046,2022-23
TAYLOR CORPORATION PTY LIMITED,40146589344,558582103,,,2022-23
TCL ELECTRONICS AUSTRALIA PTY LTD,83111032896,198862105,,,2022-23
TD CAPITAL NO.1 PTY LTD (PREV. DAVIS-RICE PTY LIMITED),50168862780,113036113,14405650,4321695,2022-23
TEA TOO PTY LTD,61072399529,106122123,,,2022-23
TEACHERS MUTUAL BANK LIMITED,30087650459,380365733,46367161,13655946,2022-23
TEAM GLOBAL EXPRESS PTY LTD,15084157666,2831917213,,,2022-23
TEAMINVEST PRIVATE GROUP LIMITED,74629045736,112538000,2162605,356194,2022-23
TECH DATA (ANZ) PTY LTD,15090111890,238737591,,,2022-23
TECH MAHINDRA LIMITED,15092511558,261328157,19772365,5931710,2022-23
TECHFORCE PERSONNEL PTY LIMITED,38129012611,141458305,8125496,2437649,2022-23
TECHNICAL RESOURCES PTY LTD,27009433514,162216090,7461731,2238519,2022-23
TECHNICOLOR PTY LTD,23000978343,250471366,181963,54589,2022-23
TECHNIP OCEANIA PTY LTD,43062878719,628719824,61195404,18323967,2022-23
TECHNOLOGY ONE LIMITED,84010487180,417857431,176151591,23754335,2022-23
TECHWOOL TRADING PTY LTD,69006145955,544892599,394919,118476,2022-23
TECO AUSTRALIA PTY LIMITED,77002595388,114088528,6646132,1951147,2022-23
TEEG TOPCO PTY LTD,52622408422,413129187,10151229,2096998,2022-23
TEEKAY HOLDINGS AUSTRALIA PTY LTD,12125391880,126059614,6231146,1869344,2022-23
TEK FOODS (AUSTRALIA) PTY LTD,32627191404,123613920,7938615,1798156,2022-23
TELCO SALES AUSTRALIA PTY LTD,50153951841,125216024,,,2022-23
TELERIC PTY LTD,90004284664,987952515,20555588,6131664,2022-23
TELSTRA GROUP LIMITED,56650620303,21418002639,2429109978,706145755,2022-23
TELWATER PTY LTD,15010795507,139689182,16871236,5061371,2022-23
TEMPERZONE AUSTRALIA HOLDINGS PTY LTD,52001653176,138292083,4431834,1329550,2022-23
TEMPLE AND WEBSTER GROUP LTD,69608595660,398879448,6320504,1896151,2022-23
TEMPO GROUP HOLDINGS PTY LTD,63607698153,228381139,,,2022-23
TEN NETWORK HOLDINGS LIMITED,14081327068,753047148,,,2022-23
TERADATA AUSTRALIA PTY LTD,77125071374,125318715,8178077,2452830,2022-23
TERRA MINING PTY LTD,36605732518,125653678,,,2022-23
TERRACE TOWER GROUP PTY LIMITED,27002742967,103449027,51909182,15500354,2022-23
TERRACOM LIMITED,35143533537,961567764,319701866,95910560,2022-23
TERUMO AUSTRALIA PTY LIMITED,34158693595,114566859,5600104,1680031,2022-23
TESLA MOTORS AUSTRALIA PTY LIMITED,68142889816,1698877869,54307770,16292331,2022-23
TESSERENT LIMITED,13605672928,125768141,,,2022-23
TETRA PAK MANUFACTURING PTY LIMITED,50004435901,161370930,11199055,3359716,2022-23
TETRA TECH COFFEY HOLDING PTY LTD,46611080534,329753232,,,2022-23
TETRA TECH HOLDINGS PTY LTD,98623346225,105101589,10071997,3021599,2022-23
TEVA PHARMACEUTICALS AUSTRALIA PTY LTD,98002951877,106393370,9755881,,2022-23
TEXCO CONSTRUCTION (VIC) PTY LTD,89626365071,326726814,11496347,3448904,2022-23
TEYS AUSTRALIA PTY LTD,38009872600,3092079299,29971079,,2022-23
TFCF FILMED ENTERTAINMENT AUSTRALIA PTY LIMITED,99004126738,151934242,,,2022-23
TFG RETAILERS PTY LIMITED,90612634312,820754814,134010389,40203117,2022-23
TGM HOLDCO PTY LTD,72629957884,242659441,26744920,8023476,2022-23
THALES AUSTRALIA HOLDINGS PTY LTD,84058583841,1664213327,124420499,29452152,2022-23
THC HOLDING (NSW) PTY LTD,98601822020,127036213,2350155,705046,2022-23
THE APPOINTMENT GROUP (AUSTRALIA) PTY LTD,76161559968,140283492,,,2022-23
THE AUSTCORP GROUP (AUSTRALIA) PTY LTD,81080926414,251846503,24387686,5213696,2022-23
THE BANK OF NOVA SCOTIA,34133513827,1296505367,50981712,15294514,2022-23
THE BIDVEST GROUP AUSTRALIA PTY LTD,62659193030,147715505,23724364,7117309,2022-23
THE BODY SHOP AUSTRALIA PTY LTD,47602683349,131377098,791533,169401,2022-23
THE BOSTON CONSULTING GROUP PTY LTD,70007347131,352003864,13137547,3941264,2022-23
THE BROWN & HURLEY GROUP PTY. LTD.,66010732966,748872032,49248717,14774609,2022-23
THE DEMPSEY GROUP PTY LTD,16004722936,317381099,29516413,8758457,2022-23
THE DOUGLAS GROUP LTD,50002624357,132476286,20804454,6241336,2022-23
THE EPOCH HOLDING GROUP PTY LTD,54169456517,209924119,30514954,9154486,2022-23
THE FOURTH FORCE PTY LTD,22084438773,571864348,,,2022-23
THE HONGKONG AND SHANGHAI BANKING CORPORATION LIMITED,65117925970,822034381,231720208,69516062,2022-23
THE HOUR GLASS (AUSTRALIA) PTY LTD,64010831713,219057723,43424485,12969694,2022-23
THE INDEPENDENT LIQUOR GROUP (SUPPLIERS) CO-OPERATIVE LTD,63629864769,513916935,,,2022-23
THE INDEPENDENT LIQUOR GROUP DISTRIBUTION CO-OP LTD,70252541400,528679078,,,2022-23
THE LOTTERY CORPORATION LIMITED,21081925706,3528606586,516017168,150800045,2022-23
THE MAYO GROUP INTERNATIONAL PTY LIMITED,46008394876,228159915,22171312,6449712,2022-23
THE MIX AUSTRALIA PTY LTD,88069944930,110577978,8033890,2410167,2022-23
THE MYER FAMILY INVESTMENTS LIMITED,32004116296,175352072,20871603,3094473,2022-23
THE N. & A. FRUIT DISTRIBUTORS PTY LTD,31000050448,151070625,,,2022-23
THE NORTHERN TRUST COMPANY,62126279918,318424576,69108112,20732434,2022-23
THE NUANCE GROUP (AUSTRALIA) PTY LTD,54068215341,128017522,,,2022-23
THE QUANTIUM GROUP HOLDINGS PTY LIMITED,29121842957,245743846,47687749,11443952,2022-23
THE REJECT SHOP LIMITED,33006122676,833678778,11066743,3320023,2022-23
THE ROYAL AUTOMOBILE CLUB OF QUEENSLAND LIMITED,72009660575,176441234,,,2022-23
THE ROYAL AUTOMOBILE CLUB OF TASMANIA LIMITED,62009475861,193844373,13018977,3651822,2022-23
THE ROYAL AUTOMOBILE CLUB OF WA (INC),33212133120,1377139423,15137676,3003409,2022-23
THE STAR ENTERTAINMENT GROUP LIMITED,85149629023,1869213632,,,2022-23
THE SWATCH GROUP (AUSTRALIA) PTY LTD,20004287110,150898464,18643406,5593022,2022-23
THE TRUSTEE FOR QIC GLOBAL INFRASTRUCTURE FUND TAYLOR AIV TRUST,11454629109,173765974,,,2022-23
THE VICTORIA CARPET COMPANY PTY LTD,14004304956,213399351,12458892,3737668,2022-23
THE VILLAGE BUILDING CO. LIMITED,97056509025,123305950,6485853,1935756,2022-23
THE WALT DISNEY COMPANY (AUSTRALIA) PTY LTD,30054610025,879842230,53705070,,2022-23
THERMO ELECTRON AUSTRALIA PTY LTD,44109074115,550591509,30603608,8038818,2022-23
THIESS GROUP HOLDINGS PTY LTD,34646054757,2901838564,87503034,21458333,2022-23
THINK TANK GROUP PTY LTD,75117819084,344979242,28173826,8452148,2022-23
THL GROUP (AUSTRALIA) PTY LTD,68055966222,260974465,,,2022-23
THOMAS FOODS INTERNATIONAL CONSOLIDATED PTY LTD,20105099849,1819668777,104738095,27945988,2022-23
THOMPSON HEALTH CARE. PTY.LTD.,29000745004,190134275,22721923,6816577,2022-23
THOMSON REUTERS (AUSTRALIA) PTY LTD,87058914766,193081322,5187943,1556383,2022-23
THORNEY INVESTMENT GROUP AUSTRALIA PTY LTD,37117488892,238640250,39136846,,2022-23
THOUGHTWORKS AUSTRALIA PTY LTD,99088279761,226812865,3541516,1062455,2022-23
THRYV AUSTRALIA HOLDINGS PTY LTD,89638633342,256885418,67467609,20240283,2022-23
THYSSENKRUPP MATERIALS AUSTRALIA PTY LTD,94078033520,322253253,15216155,1505554,2022-23
TIANQI LITHIUM ENERGY AUSTRALIA PTY LTD,24862057747,4359346070,1766448612,,2022-23
TIANQI LITHIUM HOLDINGS PTY LTD,11622763919,123852512,,,2022-23
TICKETMASTER AUSTRALASIA PTY LTD,49089258837,136849004,,,2022-23
TIFFANY & CO (AUSTRALIA) PTY LIMITED,93128219554,214852940,13726454,4117936,2022-23
TIGER HOLDCO PTY LTD,71639276412,195770501,73675,,2022-23
TIKTOK AUSTRALIA PTY LTD,15637464638,174137906,9536215,2860864,2022-23
TILL PAYMENTS GLOBAL PTY LTD,36638167370,128364423,,,2022-23
TILLING TIMBER PTY LTD,92004621121,157285896,,,2022-23
TIMBERLINK AUSTRALIA PTY LIMITED,12161713015,375910963,41267415,4770821,2022-23
TIMELEY INVESTMENTS (WA) PTY LTD,31641481478,358913864,,,2022-23
TIVOLI INVESTMENTS PTY LTD,90165718070,266689052,,,2022-23
TJX AUSTRALIA HOLDING COMPANY PTY LTD,58605889843,618470858,,,2022-23
TK ELEVATOR AUSTRALIA PTY LIMITED,12073056149,165819758,,,2022-23
TLC AGED CARE PTY LTD,20090724726,127859165,4359231,1307769,2022-23
TLP3 AUSTRALIAN HOLDINGS PTY LIMITED,54653160966,146716844,,,2022-23
TMA IMPORTS PTY LTD,61646270706,243188910,32691472,9807442,2022-23
TNA AUSTRALIA PTY LTD,38002937859,170310736,7420899,,2022-23
TODD DEVINE HOMES PTY LTD,21104128583,137667549,11603091,3480927,2022-23
TOGA PTY. LTD.,27000926947,160887284,,,2022-23
TOKIO MARINE & NICHIDO FIRE INSURANCE CO LIMITED,80000438291,313030166,,,2022-23
TOKYO GAS AUSTRALIA PTY LTD,46102349557,1105537504,254586497,44479689,2022-23
TOKYO TIMOR SEA RESOURCES PTY LTD,39000751593,196643615,4955929,1486779,2022-23
TOLL HOLDINGS PTY LIMITED,25006592089,3665936219,,,2022-23
TOM STODDART PTY LTD,16009690251,171605516,,,2022-23
TOMKINS COMMERCIAL & INDUSTRIAL BUILDERS PTY LTD,98061732778,212227567,,,2022-23
TOMRA CLEANAWAY PTY LIMITED,43620427116,219121239,,,2022-23
TOOWONG AUTOMOTIVE GROUP PTY LTD,13102449801,111194685,4998561,1499568,2022-23
TOOWOOMBA MOTORS PTY LTD,76153536406,113648361,5594690,1678407,2022-23
TOP CLASS CONSTRUCTION NSW PTY LTD,88621721757,704140358,489789,122447,2022-23
TOPCO INVESTMENTS AUSTRALIA PTY LIMITED,78622116992,448986579,,,2022-23
TORO AUSTRALIA PTY LTD,47001310443,229130935,15132117,4539635,2022-23
TORRENS HEALTH PTY LTD,38136379274,159174137,12826880,3848064,2022-23
TOSHIBA (AUSTRALIA) PTY LIMITED,19001320421,115556287,,,2022-23
TOSHIBA INTERNATIONAL CORPORATION PTY LTD,29001555068,240197930,10394590,3070841,2022-23
TOTAL AMS PTY LTD,81091839619,130597554,9989816,2996945,2022-23
TOTAL CONSTRUCTION PTY. LIMITED,32067732941,150086887,,,2022-23
TOTAL ENERGIES EP HOLDINGS AUSTRALIA PTY LTD,11602975619,3665554256,,,2022-23
TOTAL RESOURCE SOLUTIONS (TRS) PTY LTD,46116721334,132473080,3267534,690975,2022-23
TOTAL STEEL OF AUSTRALIA PTY LTD,34001201850,148437281,17213576,5164073,2022-23
TOTAL TOOLS HOLDINGS PTY LTD,57138595525,221202737,45341564,10333605,2022-23
TOTAL VENTILATION HYGIENE PTY LTD,15149359437,104157635,,,2022-23
TOTALENERGIES EP AUSTRALIA,96832035151,351887864,,,2022-23
TOTALENERGIES GAS & POWER AUSTRALIA PTY LTD,87167432448,163868239,,,2022-23
TOWER SOFTWARE ENGINEERING PTY LTD,81008602739,1858357042,52115146,15634544,2022-23
TOYO TYRE AUSTRALIA PTY LTD,93000767279,128453732,6444832,1933450,2022-23
TOYOTA MATERIAL HANDLING AUSTRALIA PTY LIMITED,38104644635,587123891,74868279,22460484,2022-23
TOYOTA MOTOR CORPORATION AUSTRALIA LIMITED,64009686097,12160264752,312660504,90682945,2022-23
TOYOTA TSUSHO SOUTH PACIFIC HOLDINGS PTY LTD,82050105443,192128154,21031281,1665435,2022-23
TPC CONSOLIDATED LIMITED,99073079268,141559604,21185597,6355679,2022-23
TPG TELECOM LIMITED,76096304620,5867415705,,,2022-23
TP-LINK AUSTRALIA PTY LTD,27146745173,123680877,14968450,4490535,2022-23
TRADETOOLS PTY LTD,67010700053,156093415,15098952,4529686,2022-23
TRADEZONE PTY LTD,39103815130,267455742,7172922,2151877,2022-23
TRAILER SALES PTY LTD,41106983199,135125847,11635979,3490794,2022-23
TRANSALTA ENERGY (AUSTRALIA) PTY LTD,40062135844,177344414,32003745,8816790,2022-23
TRANSDEV AUSTRALASIA PTY LTD,40079303816,372468302,,,2022-23
TRANSDEV JOHN HOLLAND BUSES (NSW) PTY LTD,29643796098,133216145,27456542,8236963,2022-23
TRANSURBAN HOLDINGS LIMITED,86098143429,3371846211,46132858,,2022-23
TRANSURBAN INTERNATIONAL LIMITED,90121746825,206951137,,,2022-23
TRANSURBAN QUEENSLAND FINANCE PTY LIMITED,16169093850,245679506,455958,136787,2022-23
TRANSURBAN QUEENSLAND HOLDINGS 1 PTY LTD,64169090804,780130977,,,2022-23
TRANSWEST FUELS PTY LTD,74161266664,115564464,655234,196570,2022-23
TRAVELCUBE PACIFIC PTY LTD,52099122577,213717369,5950364,1784565,2022-23
TRAVELEX AUSTRALIA HOLDINGS PTY LIMITED,98105260035,2020091387,,,2022-23
TREASURY WINE ESTATES LIMITED,24004373862,1323602840,156813229,43761734,2022-23
TREK BICYCLE CORPORATION (AUSTRALIA) PTY LTD,56143457998,141685619,2654183,796255,2022-23
TRELLEBORG HOLDINGS AUSTRALIA PTY LTD,49096223568,118784704,,,2022-23
TREND MICRO AUSTRALIA PTY LTD,70077055817,222109697,44946089,,2022-23
TRIBECA CAPITAL PTY LTD,91129931022,110533328,9544914,2863474,2022-23
TRICAB (AUSTRALIA) PTY LTD,40006373824,133008997,22649907,6517031,2022-23
TRIDENT SERVICES AUSTRALIA PTY LTD,72617268327,107743690,,,2022-23
TRILITY GROUP PTY LTD,39144522565,116103378,13278993,2076555,2022-23
TRINA SOLAR (AUSTRALIA) PTY LTD,24150695524,220888073,2290132,680737,2022-23
TRIPLE M CAPITAL PTY LTD,25611961374,124038635,10930980,3279294,2022-23
TRIPPAS WHITE GROUP PTY LTD,42119225026,108926243,,,2022-23
TRI-STAR E&P PTY LTD,79629728605,179768435,139893601,41967738,2022-23
TRITIUM PTY LTD,75095500280,166384725,,,2022-23
TRONOX LIMITED,91153348111,1481650697,,,2022-23
TROPICAL AUTO GROUP PTY LTD,68060716850,103250662,3273010,981903,2022-23
TRUCK CENTRE (WA) PTY LTD,19120476879,299883781,18335804,5500741,2022-23
TRUE ALLIANCE PTY LIMITED,25098282001,288731695,11604304,3474875,2022-23
TRUSTEE FOR NORTH QUEENSLAND AIRPORTS NO. 2 (MACKAY) TRUST,11805258426,159582400,6862294,2058688,2022-23
TTC CONSOL PTY LIMITED,48098788062,133856743,,,2022-23
TUCKER HOLDCO PTY LTD,85644211772,142858388,,,2022-23
TULLY SUGAR LIMITED,92011030256,220380379,35080992,9625239,2022-23
TUNBAC NATIONAL PTY LTD,20062755426,137585054,1916905,575072,2022-23
TURI FOODS PTY LTD,29057142971,637947217,,,2022-23
TURNER AND TOWNSEND PTY LTD,84115688830,400214058,28153051,8445915,2022-23
TUROSI FARMING PTY LTD,43626773126,328173622,2448343,734503,2022-23
TUROSI PTY LTD,92620198165,125986991,987600,296280,2022-23
TURTLE HOLDCO PTY LTD,70650938846,113914472,11298493,3389548,2022-23
TUTT BRYANT GROUP LIMITED,89009242675,467413622,294631,,2022-23
TVS SUPPLY CHAIN SOLUTIONS AUSTRALIA HOLDINGS PTY LTD,86607085496,145987966,6698218,2006429,2022-23
TWO CHOOSE TWO CAPITAL PTY LTD,26645917853,215196921,1085299,325590,2022-23
TYNAN MOTORS HOLDINGS PTY LTD,15002448446,315055381,21286498,6177259,2022-23
TYREE HOLDINGS PTY LIMITED,19100884599,279091959,15677694,4703308,2022-23
TYRO PAYMENTS LIMITED,49103575042,442082556,,,2022-23
U & D COAL LIMITED,19165894806,213080933,,,2022-23
U&U HOLDINGS PTY LTD,,117924693,13359882,3359815,2022-23
UACJ AUSTRALIA PTY LTD,82005579840,186646364,,,2022-23
UBER AUSTRALIA HOLDINGS PTY LTD,54622364318,2860189993,47942386,14382716,2022-23
UBS AG AUSTRALIA BRANCH,47088129613,666217545,46545134,13963540,2022-23
UBS HOLDINGS PTY LTD,50050101249,655584445,190675882,57202765,2022-23
UCC ANZ HOLDINGS PTY LTD,96657105407,108360160,,,2022-23
UCS TOPCO PTY LTD,57607610560,145326008,,,2022-23
UFP AUSTRALIA PTY LTD,52164773013,104498750,12361405,3708422,2022-23
UGL UNIPART RAIL SERVICES PTY LTD,49154895940,210582744,4219766,1265930,2022-23
UMS GROUP PTY LTD,15134714551,107600031,,,2022-23
UNCLE BILL'S (AUSTRALIA) PTY LIMITED,12110447731,146092359,3425843,1025794,2022-23
UNDERWRITING AGENCIES OF AUSTRALIA PTY LTD,86003565302,120977753,47673026,14301908,2022-23
UNICHARM AUSTRALASIA HOLDING PTY LTD,56114210794,135185254,2567916,770375,2022-23
UNIGRAIN PTY LTD,67120061841,131692781,,,2022-23
UNILEVER AUSTRALIA GROUP PTY LTD,13614413179,1080501304,66582753,19974826,2022-23
UNIQLO AUSTRALIA PTY LTD,36161922103,575529967,60731570,18219471,2022-23
UNISUPER MANAGEMENT PTY LTD,91006961799,372210425,103839100,31151730,2022-23
UNISYS AUSTRALIA PTY LIMITED,31105642902,186100238,3263224,,2022-23
UNITA GROUP HOLDINGS PTY LTD,63622274006,117942792,1935474,580642,2022-23
UNITED COLLIERIES PTY LIMITED,67001990209,998298312,,,2022-23
UNITED ENERGY DISTRIBUTION HOLDINGS PTY LTD,15104381660,753665665,27386909,5510627,2022-23
UNITED MALT GROUP LIMITED,61140174189,360028139,,,2022-23
UNITED OVERSEAS BANK LIMITED,56060785284,673861930,263747660,79124298,2022-23
UNITED PETROLEUM AUSTRALIA PTY LTD,44164398832,108434370,126116168,35070657,2022-23
"UNITED RENTALS U.S. AUSTRALASIA HOLDINGS, INC.",46659851126,100039433,,,2022-23
UNITED RETAIL GROUP PTY LTD,64109680533,220052629,2808726,702182,2022-23
UNITED TERMINAL BELL BAY PTY LTD,61101299870,219414635,1317495,395248,2022-23
UNITED TERMINALS PTY LTD,73129440955,3097762824,1911166,573350,2022-23
UNITED VISION HOLDINGS PTY LTD,79133786259,197874634,2394527,718358,2022-23
UNITED WOOL COMPANY PTY LTD,84164061198,130789673,720491,215697,2022-23
UNIVERSAL PICTURES INTERNATIONAL AUSTRALASIA PTY LTD,44122951099,239737412,,,2022-23
UNIVERSAL PROPERTY GROUP PTY LIMITED,98078297748,1130726852,6043067,1812920,2022-23
UNIVERSAL STORE HOLDINGS LIMITED,94628836484,263690502,29139075,8741722,2022-23
UON PTY LTD,44099963354,135957370,,,2022-23
UP EDUCATION AUSTRALIA PTY LTD,58095741227,102848786,15990207,4797062,2022-23
UPPER HORN INVESTMENTS (AUSTRALIA) PTY LTD,86129190281,217858810,136185513,40855654,2022-23
URBIS PTY LTD,50105256228,155813681,28225480,8467644,2022-23
USINCH PTY LIMITED,24060571673,499977883,9194827,2758448,2022-23
UTILITIES MANAGEMENT PTY LTD,25090664878,400512900,,,2022-23
V&G CONCRETE CONSTRUCTIONS GROUP PTY LTD,81634500664,118945056,14637135,4391140,2022-23
VALMEC LIMITED,94003607074,264390775,,,2022-23
VALMONT QUEENSLAND PTY LTD,73142183800,432969079,3756,,2022-23
VALUE ADDED ENGINEERING GROUP PTY LTD,48080489756,131246467,5836990,1511991,2022-23
VALVOLINE (AUSTRALIA) PTY LTD,86000446855,235129827,12687157,3806147,2022-23
VANGUARD INVESTMENTS AUSTRALIA LTD,72072881086,306316927,40993902,10463972,2022-23
VANTAGE FUELS PTY LTD,24151023040,259831835,2990033,747508,2022-23
VANTIVE AUSTRALIA PTY LIMITED,69076201619,1615200614,12158683,,2022-23
VANWARREN PTY LTD,81103861990,121736963,3765993,,2022-23
VARLEY GROUP PTY LTD,54629995820,198255204,6960250,525399,2022-23
VAUGHAN CIVIL PTY LTD,50152638447,100984347,11216976,3365093,2022-23
VAWDREY AUSTRALIA PTY LTD,66005075052,200789051,23865160,7159548,2022-23
VAWDREY MANUFACTURING PTY LTD,92084490906,237039616,15921432,4776430,2022-23
VAX APPLIANCES (AUSTRALIA) PTY LTD,84009099736,1117590239,13021740,3906522,2022-23
VECTOR AEROSPACE AUSTRALIA PTY LTD,28156165472,120350082,10632199,3166925,2022-23
VEGIE BANDITS PTY LTD,31079441044,519827054,10609220,3182766,2022-23
VEHICLE REPAIRHUB PTY LTD,12632384224,131971510,929851,278955,2022-23
VELOCITY VEHICLE GROUP TOPCO PTY LTD,76646514141,998550000,20312087,6093626,2022-23
VENTIA SERVICES GROUP LTD,53603253541,4683114544,116127951,26292232,2022-23
VENTURA MOTORS PROPRIETARY LIMITED,67004235518,308051861,38980404,11694121,2022-23
VEOLIA RECYCLING & RECOVERY HOLDINGS ANZ PTY LTD,30070452890,1389240375,92767002,25839480,2022-23
VEOLIA WATER AUSTRALIA PTY LTD,99061161279,374862479,22302865,,2022-23
VEOLIA WATER TECHNOLOGIES & SOLUTIONS PROCESS AUSTRALIA PTY LTD,32169392876,132561344,66107,,2022-23
VERBREC LIMITED,90127897689,112749491,,,2022-23
VERIS LIMITED,80122958178,101769572,,,2022-23
VERIZON AUSTRALIA PTY LIMITED,62081001194,194476305,9078033,2656445,2022-23
VERMILION AUSTRALIA LIMITED PARTNERSHIP,92210617868,244606151,,,2022-23
VERMONT AUS HOLDCO PTY LTD,82626842135,1460857974,58741489,10986600,2022-23
VERSENT PTY LTD,78600701764,155470651,5431031,,2022-23
VERTEX PHARMACEUTICALS (AUSTRALIA) PTY LTD,34160157157,241709832,,,2022-23
VERTIV (AUSTRALIA) PTY LTD,53003469654,146194285,3395398,1018619,2022-23
VESTAS AUSTRALIAN WIND TECHNOLOGY PTY. LIMITED,80089653878,898290120,11830929,3549279,2022-23
VEYANCE TECHNOLOGIES AUSTRALIA PTY LTD,87125188070,204938095,10251846,3075554,2022-23
VGI PARTNERS GLOBAL INVESTMENTS LIMITED,91619660721,2083419832,31838202,7373992,2022-23
VGW HOLDINGS LIMITED,36147193511,906650498,571752703,163936580,2022-23
VIATOR SYSTEMS PTY LIMITED,26071510220,111790237,13258547,3977564,2022-23
VIATRIS PTY LTD,29601608771,164570443,12639557,3791867,2022-23
VICINITY LIMITED,90114757783,256207391,,,2022-23
VICKERY BROS PTY LTD,26007190614,112374783,2987592,896278,2022-23
VICTORIA INTERNATIONAL CONTAINER TERMINAL LIMITED,56164915655,242246002,,,2022-23
VICTORIA POWER NETWORKS PTY LTD,37116940820,2029532043,119746757,35769259,2022-23
VICTORIA TEACHERS LIMITED,44087651769,131100298,9892358,2951332,2022-23
VICTORIAN CORRECTIONAL INFRASTRUCTURE PARTNERSHIP PTY LTD,15107247067,190749696,17433692,5230108,2022-23
VICTORIAN R&L SERVICES TRUST,,329097228,85788187,25736456,2022-23
VIDA WOOD AUSTRALIA PTY LTD,62602953962,146100483,6025333,1807600,2022-23
VINCI ENERGIES AUSTRALIA PTY LTD,86602042339,194503284,,,2022-23
VINEY HOLDCO PTY LTD,81658290898,215434816,,,2022-23
VINPAC INTERNATIONAL PTY LTD,20008266779,167661223,,,2022-23
VIRBAC (AUSTRALIA) PTY LIMITED,77003268871,166354021,47719492,12749763,2022-23
VIRGIN AUSTRALIA HOLDINGS PTY LTD,54100686226,5066098934,522661,,2022-23
VIRGO AUSTRALIA PTY LTD,71658315014,145184117,,,2022-23
VIRIDIAN GLASS PTY LTD,68006904052,230386368,,,2022-23
VITASOY AUSTRALIA PRODUCTS PTY LTD,18088959835,109289698,,,2022-23
VITERRA AUSTRALIA HOLDINGS PTY LTD,81161229867,6245767653,812868844,243860653,2022-23
VITEX PHARMACEUTICALS PTY LTD,81089651383,232872139,44442185,13332656,2022-23
VITURA HEALTH LIMITED,59629071594,117416035,17975367,5392610,2022-23
VIVA ENERGY GROUP LIMITED,74626661032,26878015600,905088961,261357180,2022-23
VIVA LEISURE LIMITED,76607079792,141182224,4007023,1202107,2022-23
VIVIENNE COURT HOLDINGS PTY LTD,57153821446,132068163,15994510,4704841,2022-23
VMWARE AUSTRALIA PTY LTD,77122677089,472222052,37151179,10271480,2022-23
VOC GROUP LIMITED,51159630761,119009983,169029277,,2022-23
VOESTALPINE HIGH PERFORMANCE METALS (AUSTRALIA) PTY LTD,15000013052,132210017,22511648,6753494,2022-23
VOESTALPINE RAILWAY SYSTEMS AUSTRALIA PTY LTD,71011073108,109744050,7126198,2137859,2022-23
VOLKSWAGEN FINANCIAL SERVICES AUSTRALIA PTY LTD,20097071460,483686452,128468660,38540598,2022-23
VOLKSWAGEN GROUP AUSTRALIA PTY LTD,14093117876,3183870797,152755449,45826635,2022-23
VOLTAIRE AUSTRALIA PTY LTD,52656104497,129875900,,,2022-23
VOLVO CAR AUSTRALIA PTY LIMITED,18004830611,725160540,17449054,5234716,2022-23
VOLVO GROUP AUSTRALIA PTY LTD,27000761259,1922533126,151825610,44351172,2022-23
VOPAK TERMINALS AUSTRALIA PTY LTD,75065452520,107772686,38237084,11471125,2022-23
VOS CONSTRUCTION & JOINERY PTY LTD,99009558258,183491142,7225608,2167682,2022-23
VOSSLOH AUSTRALIA PTY LTD,52100797699,161934477,16756206,4635567,2022-23
VOYAGE AUSTRALIA HOLDINGS PTY LIMITED,31648328803,2021480814,,,2022-23
VOYAGES INDIGENOUS TOURISM AUSTRALIA PTY LTD,82146482591,188659679,,,2022-23
VR AUSTRALIA HOLDINGS PTY LTD,41605041530,243926197,107362591,32208777,2022-23
VRG HOLDCO PTY LTD,16642854313,590300683,1594437,,2022-23
VSA ROADS PTY LTD,18136665935,171673524,202425,60728,2022-23
VULCAN STEEL (AUSTRALIA) PTY LTD,61100061283,726742588,58044056,17413217,2022-23
W B HUNTER PTY LTD,39008410900,102615784,6948690,2022398,2022-23
WA FUEL SUPPLIES PTY LTD,73604421267,275130515,1069380,267345,2022-23
WAGNERS HOLDING COMPANY LTD,49622632848,469052104,,,2022-23
WAGSTAFF PILING PTY LTD,26052146488,152201617,5010987,1503296,2022-23
WALKER GROUP HOLDINGS PTY LIMITED,81001215069,628878451,,,2022-23
WALLIN FAMILY HOLDINGS PTY LTD,16663966612,650794898,650790208,1668500,2022-23
WALLIS DRILLING PTY LTD,72009091070,105878250,7498990,1923729,2022-23
WALTOCK PTY LTD,68003118090,124271981,1812170,543651,2022-23
WAM ACTIVE LIMITED,49126420719,207734934,11474399,3118148,2022-23
WAM CAPITAL LIMITED,34086587395,4682791089,249587113,63991268,2022-23
WAM GLOBAL LIMITED,76624572925,607277644,35946163,10779579,2022-23
WAM LEADERS LIMITED,33611053751,9386689429,156468325,30339827,2022-23
WAM MICROCAP LIMITED,34617838418,504723844,21102225,4090260,2022-23
WAM RESEARCH LIMITED,15100504541,458660697,12869231,2423699,2022-23
WAMBO COAL PTY LTD,13000668057,812157193,211350466,63180075,2022-23
WARAKIRRI AGRICULTURAL FARM TRUST II,58128446181,252404424,,,2022-23
WARDE STREET PTY LTD,63621486324,140231221,,,2022-23
WARMOLL FOODS PTY LTD,49152503092,294000176,,,2022-23
WARNER BROS. ENTERTAINMENT AUSTRALIA PTY LTD,70003773411,676775267,,,2022-23
WARRIKAL ENGINEERING PTY LTD,74616230267,128515605,4538872,1361662,2022-23
WARRIKAL PTY LTD,21614209095,132215902,2868775,860632,2022-23
WARTSILA AUSTRALIA PTY LTD,38003736892,100698486,,,2022-23
WASHINGTON H. SOUL PATTINSON AND COMPANY LIMITED,49000002728,1079039977,875186822,40517716,2022-23
WASTE SERVICES GROUP PTY LTD,37655019408,236141809,,,2022-23
WATAMI (QLD) PTY LTD,65117081928,128543020,181013673,,2022-23
WATCHES OF SWITZERLAND PTY LTD,81062949786,172731089,30399017,9119705,2022-23
WAVELINK COMMUNICATIONS PTY LTD,43069703715,100481132,7576738,2273021,2022-23
WAYNE PHILLIS FORD PTY. LTD.,30007836213,130606086,3771750,1131525,2022-23
WCX M5 FINCO PTY LTD,65606993462,130291929,,,2022-23
WCX STATE WORKS CONTRACTOR PTY LTD,65624154089,100387521,,,2022-23
WEBER-STEPHEN PRODUCTS CO. (AUSTRALIA) PTY LTD,18006305237,111688422,,,2022-23
WEBJET LIMITED,68002013612,116820904,1038953,,2022-23
WEBUILD S.P.A,83159573896,178584255,34579488,10373846,2022-23
WEIR GROUP (AUSTRALIAN HOLDINGS) PTY LTD,57090873117,898599255,115424402,23214871,2022-23
WELLCAMP ACCOMMODATION PTY LTD,57653191701,103405483,93841390,28152417,2022-23
WENDY HOLDCO PTY LTD,72635436190,170872952,,,2022-23
WENGFU AUSTRALIA PTY LTD,31141160581,605407208,25314426,7594328,2022-23
WESBEAM HOLDINGS PTY LTD,89095594826,155419293,36358921,4660156,2022-23
WESFARMERS LIMITED,28008984049,42516765871,3387297717,968915685,2022-23
WESPINE INDUSTRIES PTY LTD,88052954337,150905508,18102564,5430769,2022-23
WESSEL PETROLEUM PTY. LTD.,46054320991,305719154,3496903,874226,2022-23
WEST END MOTOR GROUP PTY. LIMITED,30001988450,257340642,6043099,1812778,2022-23
WEST HQ LIMITED,54000842375,114383079,,,2022-23
WESTBOURNE CONSTRUCTIONS PTY LTD,32100473907,250199369,,,2022-23
WESTCO CAIRNS PTY LTD,99011009297,101135152,1419663,425899,2022-23
WESTCOAST LIVESTOCK PTY LTD,11132681433,135498252,175508,52652,2022-23
WESTCON GROUP PTY LTD,77050539672,467670095,10780190,2778048,2022-23
WESTCONNEX FINANCE COMPANY PTY LTD,54626812039,252503039,123613,37084,2022-23
WESTERN AG SUPPLIES PTY LTD,27113662758,130771034,6225692,1865812,2022-23
WESTERN AUSTRALIAN MEAT MARKETING CO-OP LTD,54048449698,237193725,3639230,1005607,2022-23
WESTERN AUSTRALIAN SPECIALTY ALLOYS PTY LTD,14053910188,203279296,33449931,10034979,2022-23
WESTERN DOWNS HOLDCO PTY LTD,94638652810,120559077,24871968,7461590,2022-23
WESTERN STEEL PROCESSORS PTY LTD,64140678039,221196578,23222988,6966896,2022-23
WESTERN SUBURBS (N'CLE) LEAGUES CLUB LTD,24000973919,159490506,,,2022-23
WESTERN TRUCK GROUP PTY LTD,31624305353,302471906,9867619,2960286,2022-23
WESTERN UNION FINANCIAL SERVICES (AUSTRALIA) PTY LIMITED,77082282773,132249189,2441331,732399,2022-23
WESTFORCE CONSTRUCTION PTY LTD,34121966041,116413196,9162656,2748797,2022-23
WESTGOLD RESOURCES LIMITED,60009260306,665562061,,,2022-23
WESTINA CORPORATION PTY LTD,64095230943,114390019,11686444,3505933,2022-23
WESTLAB HOLDINGS PL,87606525348,100974620,20694652,6208396,2022-23
WESTPAC BANKING CORPORATION,33007457141,43444691882,8502954287,2529182733,2022-23
WESTPORK PTY LTD,90009148789,132892397,,,2022-23
WESTROCK PACKAGING SOLUTIONS PTY LTD,59003986472,107523185,,,2022-23
WESTSIDE MEAT PTY LTD,69004800097,147864610,9428073,2828422,2022-23
WEWORK AUSTRALIA PTY LTD,25607522510,118801998,,,2022-23
WF AUTOMOTIVE PTY LTD,69617175158,135268281,13310940,3993282,2022-23
WGA GROUP HOLDINGS PTY LTD,86649953980,108695856,7872632,2251790,2022-23
WH MCCARTHY PTY LTD,73000004893,434664806,1981611,594483,2022-23
WH SMITH AUSTRALIA PTY LTD,70146430622,149010740,,,2022-23
WHITE FOX BOUTIQUE PTY LTD,35606710114,204527512,65950865,19785260,2022-23
WHITE ROCK WIND FARM PTY LTD,45153592173,111691853,26280673,7884202,2022-23
WHITE STRIPE FOODS PTY LTD,44105781977,160885155,5726947,1718084,2022-23
WHITEHAVEN COAL LIMITED,68124425396,6199546282,3416786027,1008303217,2022-23
WHITEHORSE MOTORS PTY LTD,89005967046,140708483,6633646,1990094,2022-23
WHITES GROUP PTY LTD,25001845478,171979385,21206189,6361857,2022-23
WHITTENS PTY LIMITED,52132968800,167393404,,,2022-23
WICET HOLDINGS PTY LTD,26131210001,944935288,,,2022-23
WICKHAM FREIGHT LINES PTY LTD,59062620240,155054811,2317738,695321,2022-23
WIDEBAY MOTORS PTY LTD,56009715146,113126784,7208546,2162564,2022-23
WILCORP GROUP HOLDINGS PTY LTD,,159645331,2720770,816231,2022-23
WILEY & CO PTY. LTD.,40010604869,155721122,,,2022-23
WILEY PUBLISHING AUSTRALIA PTY LTD,48085710952,126265133,34153170,9936262,2022-23
WILJUMA PTY LIMITED,68131699655,102715065,,,2022-23
WILKINSON HOLDINGS AUSTRALIA PTY LTD,85108448228,193549624,,,2022-23
WILKINSON PROPERTY HOLD CO PTY LTD,20605472820,185512752,2345142,703543,2022-23
WILLIAM ADAMS INDUSTRIES PTY LTD,58108367997,281258781,,,2022-23
WILLIAM ADAMS PTY. LTD.,72009569493,662767326,25396103,6090545,2022-23
WILLIS TOWERS WATSON AUSTRALIA HOLDINGS LIMITED,98112435079,163277617,15169275,3799869,2022-23
WILMAR AUSTRALIA HOLDINGS PTY LIMITED,79144972743,2058370793,7102270,,2022-23
WILMAR GF HOLDINGS AUSTRALIA PTY LTD,55600457430,1035945767,,,2022-23
WILMAR TRADING (AUSTRALIA) PTY LTD,58128080455,1566489693,20450660,6125035,2022-23
WILSON PARKING AUSTRALIA 1992 PTY LTD,67052475911,989509759,9463227,2827678,2022-23
WILSON TRANSFORMER HOLDINGS PTY LTD,24109811136,284531133,11309114,446651,2022-23
WIN CORPORATION PTY LTD,43000737404,204988389,1120283,,2022-23
WINCHESTER COAL PTY LTD,40625142118,126662612,34145295,10243588,2022-23
WINDFIELD HOLDINGS PTY LTD,60160456164,5653180162,4580958747,1374287624,2022-23
WINGATE GROUP HOLDINGS PTY LTD,82128511035,300200335,10866209,3258853,2022-23
WINNING APPLIANCES PTY LIMITED,94002193688,850892043,,,2022-23
WIPRO LIMITED,18093961936,369375869,37551698,11265509,2022-23
WIPRO TECHNOLOGIES AUSTRALIA PTY LTD,67003785617,211660802,7072149,2121645,2022-23
WIRE INDUSTRIES PTY LIMITED,44055064125,228192483,24626346,7387904,2022-23
WIRRAWAY MOTOR COMPANY PTY LTD,51155882081,143206952,4897355,1469206,2022-23
WISE AUSTRALIA PTY LTD,38616463855,185001431,3928020,1178406,2022-23
WISETECH GLOBAL LIMITED,41065894724,623314465,289612704,66086437,2022-23
WITRON AUSTRALIA PTY LTD,25627864126,210882108,3406844,1022053,2022-23
WONG CAPITAL PTY. LTD,19605667221,225831005,,,2022-23
WOOD GROUP AUSTRALIA PTY LTD,51101049076,576913231,7214475,,2022-23
WOODHAM PETROLEUM PTY LTD,45654386035,386048768,,,2022-23
WOODHOUSE TIMBER COMPANY PTY LTD,52010503161,111748782,11627932,2173603,2022-23
WOODLANDS ENTERPRISES PTY LTD,48009759746,152064064,,,2022-23
WOODS BAGOT HOLDINGS PTY LTD,63008210106,174909186,8549360,2294746,2022-23
WOODS HOLDING GROUP PTY LTD,11131958551,194253724,7996378,1861854,2022-23
WOODSIDE ENERGY GROUP LTD,55004898962,23978913603,10431955500,2673945142,2022-23
WOODWARD FOODS AUSTRALIA PTY LTD,93623470575,248891462,,,2022-23
WOOLNORTH WIND FARM HOLDING PTY LTD,91154051617,151585872,37901004,11370301,2022-23
WOOLWORTHS GROUP LIMITED,88000014675,54006266989,2564975784,750875194,2022-23
WORKDAY AUSTRALIA PTY LTD,75154840507,147562272,,,2022-23
WORKPAC GROUP PTY LTD,61633330060,1136588519,8691442,2607433,2022-23
WORLD CURRENCY TRADING PTY LTD,64090884558,101515654,1308981,326540,2022-23
WORLD WIRE CABLES (AUSTRALIA) PTY LTD,26079817379,118811565,9942304,2982691,2022-23
WORLDLINE AUSTRALIA PTY LTD,50645073034,226380045,,,2022-23
WORLEY LIMITED,17096090158,1769196989,34769109,,2022-23
WORMALD AUSTRALIA PTY LTD,80008399004,293213280,9721068,2916320,2022-23
WORMALL CIVIL PTY LTD,60162970863,258250168,7143266,2137025,2022-23
WOTTON & KEARNEY HOLDINGS LTD,60632647306,118828158,18482587,5544776,2022-23
WPP AUNZ PTY LIMITED,84001657370,665113152,27266701,5944983,2022-23
WR CARPENTER NO 1 PTY LTD,34118630461,118712617,,,2022-23
WRIGHT PROSPECTING PTY LTD,35008677021,364367655,348332254,104499676,2022-23
WRIGHTVILLE OPERATIONS PTY LTD,34008046820,147605464,6287094,1885086,2022-23
WS AUDIOLOGY ANZ PTY LTD,30009163419,144184142,2070624,592865,2022-23
WS MOTORS PTY LTD,99608791804,156927594,7470313,2241094,2022-23
WSP AUSTRALIA HOLDINGS PTY LTD,90169545395,1541707515,96321723,22726719,2022-23
WT FINANCIAL GROUP LIMITED,87169037058,162487500,,,2022-23
WURTH AUSTRALIA PTY LTD,48002487096,183593072,16093954,4828186,2022-23
WX TRADING PTY LTD,38624673141,10986651510,3957284,1187185,2022-23
WYNDHAM DESTINATIONS ASIA PACIFIC PTY LTD,30090083613,215453729,46793118,14007628,2022-23
X-COMPANY PTY LTD,65149500569,102531396,6878033,2063410,2022-23
XERO AUSTRALIA PTY LIMITED,89124215247,385413198,65335217,12030083,2022-23
XF AUSTRALIA PTY LTD,80113288323,104689348,6424120,1927236,2022-23
XL INSURANCE COMPANY SE,36083570441,1279463207,34901430,9940991,2022-23
XPANSIV LIMITED,34610645148,442495505,,,2022-23
XYLEM AUSTRALIA HOLDINGS PTY LTD,89162495070,241220220,19601376,5880413,2022-23
YAHOO AUSTRALIA PTY LTD,60089187100,104810583,,,2022-23
YAMAHA MOTOR AUSTRALIA PTY LIMITED,88002556989,500282540,41339426,12401828,2022-23
YANCOAL AUSTRALIA LIMITED,82111859119,11184963114,5303286433,1567991113,2022-23
YANDAL INVESTMENTS PTY LTD,89070684810,111680919,37552051,5717397,2022-23
YANG KEE GROUP (AUSTRALIA) PTY LTD,28615582093,173315888,3058267,908185,2022-23
YARA AUSTRALIA PTY LIMITED,77076301221,1232622596,87909881,18697233,2022-23
YARA PILBARA NITRATES PTY LTD,33127391422,287107319,,,2022-23
YELLOW BRICK ROAD HOLDINGS LIMITED,44119436083,185894470,,,2022-23
YENDA PRODUCERS CO-OPERATIVE SOCIETY LIMITED,79134587268,145071115,1358655,273318,2022-23
YKK ALUMINIUM (AUSTRALIA) PTY LTD,66001779237,224650964,,,2022-23
YN ENERGY PTY LTD,88611962451,879892867,27144407,8143322,2022-23
YOKOGAWA AUSTRALIA PTY LIMITED,36003888364,114412953,10183867,3046827,2022-23
YOKOHAMA TYRE AUSTRALIA PTY LIMITED,26001361459,118832546,5516986,1655096,2022-23
YOUI HOLDINGS PTY LTD,41124972425,1282805854,181077916,53609584,2022-23
YUNNAN TIN AUST INVESTMENT HOLDINGS,16124402802,257642537,9234104,2770231,2022-23
YUSEN LOGISTICS (AUSTRALIA) PTY LTD,85003550776,123433137,,,2022-23
ZASHVIN PTY LTD,80010980015,576958956,794432195,2551260,2022-23
ZAUNER CONSTRUCTION PTY LTD,21087732607,108879455,1697382,509215,2022-23
ZEBRA TECHNOLOGIES AUSTRALIA PTY LTD,14153920462,165618563,6050019,1726042,2022-23
ZEN ENERGY MARKETS PTY LTD,27633808778,150662971,24268259,7280478,2022-23
ZENDESK PTY LTD,86151424770,155083653,28252411,3214729,2022-23
ZENVIRON PTY LTD,87612344313,181126519,20294918,6088475,2022-23
ZEPPELIN HOLDCO PTY LIMITED,88634191281,146925338,42725287,12817586,2022-23
ZEUS ONE HOLDING COMPANY PTY LTD,54615424238,112597221,1087430,,2022-23
ZEUSS CHILDCARE I PTY LTD,70609818386,442277463,,,2022-23
ZIMBEZEE PTY LIMITED,24072571898,100829031,100828741,288635,2022-23
ZIMMER AUSTRALIA HOLDING PTY LIMITED,93107449534,251104609,6765844,2029753,2022-23
ZIP CO LIMITED,50139546428,374500046,,,2022-23
ZOETIS AUSTRALIA PTY LTD,94156476425,603299554,53309833,14445302,2022-23
ZURICH FINANCIAL SERVICES AUSTRALIA LIMITED,11008423372,5138145283,88451097,4518170,2022-23
