company_name,abn,total_income,taxable_income,tax_payable,income_year
1884 PTY LIMITED,83114980880,209318054,4189543,1256863,2018-19
21ST CENTURY RESORT HOLDINGS PTY LTD,33104201014,256618970,24913517,7474055,2018-19
3M AUSTRALIA PTY LTD,90000100096,511545349,17333790,5200137,2018-19
7 HOLDINGS PTY LTD,31005620851,3811781987,98166302,29449891,2018-19
A P EAGERS LIMITED,87009680013,4029416057,122528679,27143529,2018-19
A.C.N. 003 933 300 PTY LTD,58003933300,502101610,5832464,1749739,2018-19
A.C.N. 085 239 998 PTY LTD,39085239998,384286596,54017666,16205300,2018-19
A.C.N. 166 119 133 PTY LTD,31166119133,2440320280,10842102,,2018-19
A.E. SMITH & SON PTY LTD,54004274793,139150127,,,2018-19
A2 AUSTRALIAN INVESTMENT PTY. LIMITED.,93126014275,766260017,40108555,12032566,2018-19
A2 INFANT NUTRITION LIMITED,81618864958,736997657,268801697,80640509,2018-19
A2B AUSTRALIA LIMITED,99001958390,198416466,20013241,5970726,2018-19
AA HOLDINGS PTY LTD,94112233744,602854305,49917328,14975198,2018-19
AAPC LIMITED,87009175820,1011189579,65008055,17913606,2018-19
ABACUS GROUP HOLDINGS LIMITED,31080604619,153709418,24607605,7382282,2018-19
ABB GROUP INVESTMENT MANAGEMENT PTY LIMITED,47082803852,902139960,18693795,,2018-19
ABBOTT AUSTRALASIA PTY LIMITED,95000180389,386490370,20487348,6146204,2018-19
ABBOTT MEDICAL AUSTRALIA PTY LTD.,73080212746,172120663,13962176,4188653,2018-19
ABBVIE PTY LIMITED,48156384262,386039410,37972219,4722156,2018-19
ABC REFINERY (AUSTRALIA) PTY LIMITED,86621121079,2285986888,11192317,3357695,2018-19
ABC TISSUE PRODUCTS PTY LIMITED,33003085112,430906935,28875421,8662549,2018-19
ABCORP GROUP (AUSTRALASIA) PTY LTD,71118294536,115107648,,,2018-19
ABD GROUP HOLDINGS PTY LTD,13611325896,231277242,1737802,521341,2018-19
ABERGELDIE CONSOLIDATED PTY LTD,21143512350,362006118,18389854,5516956,2018-19
ABI AUSTRALIA HOLDING PTY LTD,99615290849,4397656234,320385221,,2018-19
ABN AMRO CLEARING SYDNEY PTY LTD,36081279889,111735657,8074880,2422464,2018-19
ABN GROUP (VIC) PTY LTD,82130382188,382708628,37294373,11188312,2018-19
ABP FINANCE PTY LIMITED,58139991101,555172056,20260544,6078163,2018-19
ABSOLUTE EQUITY PERFORMANCE FUND LIMITED,17608552496,151629020,,,2018-19
ABT ASSOCIATES AUSTRALIA PTY LTD,72161695156,150709771,3502096,1006890,2018-19
ACCENT GROUP LIMITED,85108096251,742823043,78241440,23472432,2018-19
ACCENTURE AUSTRALIA HOLDINGS PTY LIMITED,61096995649,2222237373,138305166,39526983,2018-19
ACCENTURE SOLUTIONS PVT LTD,46902577243,110138138,14353352,4306006,2018-19
ACCIONA AGUA AUSTRALIA PTY LTD,84128531742,1191308152,,,2018-19
ACCIONA GEOTECH HOLDING PTY LTD,99616868314,383248348,,,2018-19
ACCO BRANDS AUSTRALIA HOLDING PTY LIMITED,58130787923,223879999,29210644,8763193,2018-19
ACER COMPUTER AUSTRALIA PTY LIMITED,78003872768,309821633,4389119,1316736,2018-19
ACM HOLDINGS CO PTY LTD,42622029798,268539445,6256380,1876914,2018-19
AD ASTRA HOLDINGS PTY LTD,19111061726,326832089,66625182,19987555,2018-19
ADAIRS LIMITED,50147375451,338443944,41530016,12459005,2018-19
ADAMA AUSTRALIA HOLDINGS PTY LTD,31108759495,211714766,5539811,1661943,2018-19
ADANI ABBOT POINT TERMINAL HOLDINGS PTY LTD,17154644685,374281051,,,2018-19
ADAPT-A-LIFT GROUP PTY LTD,81605149568,235223619,,,2018-19
ADCO CONSTRUCTIONS (VIC) PTY LIMITED,15094531272,229569712,,,2018-19
ADCO CONSTRUCTIONS PTY LIMITED,46001044391,619247796,,,2018-19
ADCOME PTY LTD,99110315681,399050526,,,2018-19
ADCORP HOLDINGS AUSTRALIA PTY LTD,91161583893,553009169,11768724,3530617,2018-19
ADECCO HOLDINGS PTY LTD,11003652088,632036931,,,2018-19
ADELAIDE AIRPORT LIMITED,78075176653,361179285,48658130,14597439,2018-19
ADELAIDE BRIGHTON LIMITED,15007596018,1734256435,230380708,63695862,2018-19
ADIDAS AUSTRALIA PTY LTD,80058390659,451951237,49279907,14783972,2018-19
ADM TRADING AUSTRALIA PTY LTD,92126806979,674413691,,,2018-19
ADOBE SYSTEMS PTY LTD,72054247835,481637734,21518523,6455557,2018-19
ADT GROUP HOLDINGS PTY LTD,35144849436,197548555,903215,270964,2018-19
AERIS RESOURCES LIMITED,30147131977,232993889,,,2018-19
AFFINITY CHILDCARE HOLDINGS PTY LIMITED,72607818057,247141238,16627944,4988383,2018-19
AFGRI AUSTRALIA PTY LTD,14103619067,284822975,12273841,3680890,2018-19
AFIAA AUSTRALIA PTY LIMITED,59132380744,101050992,,,2018-19
AFTERPAY LIMITED,30618280649,229253209,37820963,10597043,2018-19
AGCO AUSTRALIA LIMITED,89004092684,238903081,6829565,1166870,2018-19
AGGREKO GENERATOR RENTALS PTY. LIMITED,66001991457,166521268,1992906,597872,2018-19
AGILENT TECHNOLOGIES AUSTRALIA PTY LTD,29088510605,118336567,21311687,1611064,2018-19
AGILITY LOGISTICS HOLDINGS PTY LTD,62116779876,265809914,,,2018-19
AGL ENERGY LIMITED,74115061375,12865191697,477663748,143299124,2018-19
AGL GENERATION HOLDCO PTY LIMITED,46155768291,1551610563,430618989,129185697,2018-19
AGNVET MANAGEMENT SERVICES PTY LIMITED,91087675465,360408217,1674823,348147,2018-19
AGRICULTURAL BANK OF CHINA LIMITED,48848300367,250286867,27327548,8181898,2018-19
AGRIFOODS GLOBAL PTY LIMITED,63102428571,566322337,540418,162125,2018-19
AGRIUM SP HOLDINGS PTY LIMITED,58146674400,2503997570,171287893,47627987,2018-19
AGTRADE INTERNATIONAL PTY LTD,87139280461,327092436,5274745,1582424,2018-19
AHRENS GROUP PTY LTD,76114260230,257244084,15146024,4495846,2018-19
AIA AUSTRALIA LIMITED,79004837861,3878062308,98081568,25848508,2018-19
AIG AUSTRALIA LIMITED,93004727753,978310374,8890424,1783549,2018-19
AIOI NISSAY DOWA INSURANCE COMPANY AUSTRALIA PTY LTD,11132524282,309583766,559557,,2018-19
AIR LIQUIDE AUSTRALIA LIMITED,57004385782,366676475,26065867,7737260,2018-19
AIRBUS AUSTRALIA PACIFIC HOLDINGS PTY LIMITED,75003066788,612736294,57092889,17127867,2018-19
AIRPORT MOTORWAY HOLDINGS PTY LTD,55078322531,153720732,,,2018-19
AIRSERVICES AUSTRALIA,59698720886,1127494021,144561668,40601528,2018-19
AJ LUCAS GROUP LIMITED,12060309104,149872913,,,2018-19
AKZO NOBEL COATINGS (HOLDINGS) PTY LTD,51000285012,245880452,17272159,5181648,2018-19
AL AQUA ZIP HOLDCO PTY LTD,92620030846,279211494,19805574,3560511,2018-19
ALBERT AUTOMOTIVE HOLDINGS PTY LTD,15616126722,706891314,,,2018-19
ALBRIGHT & WILSON (AUSTRALIA) LIMITED,36004234137,102363207,17102815,5130844,2018-19
ALCOA AUSTRALIAN HOLDINGS PTY LTD,33096987370,1330371997,1881973042,,2018-19
ALCOA OF AUSTRALIA LTD,93004879298,6205801259,2868932316,857472257,2018-19
ALDI FOODS PTY LIMITED,18086210139,8742530706,294657431,88397229,2018-19
ALEXION PHARMACEUTICALS AUST PL,59132343036,100538920,8930533,2679160,2018-19
ALH GROUP PTY LTD,68098212134,4673663451,388052052,116415616,2018-19
ALIMFRESH PTY LIMITED,78002831843,264275441,7979945,,2018-19
ALLEGIS GROUP APAC HOLDINGS PTY LTD,84159406523,122321298,,,2018-19
ALLERGAN AUSTRALIA PTY LIMITED,85000612831,227075302,16027552,4808266,2018-19
ALLIANCE AVIATION SERVICES LIMITED,96153361525,300068240,,,2018-19
ALLIANZ AUSTRALIA LIMITED,21000006226,4767313504,627193234,182725159,2018-19
ALLNEX AUSTRALIA PTY. LTD.,24160397768,251307581,,,2018-19
ALMONDCO AUSTRALIA LIMITED,81062887352,201936965,391785,117536,2018-19
ALS LIMITED,92009657489,627673320,54858121,14434412,2018-19
ALSCO PTY LIMITED,26000435629,289105123,36741112,10991832,2018-19
ALSTOM TRANSPORT AUSTRALIA PTY LTD,68165157451,536596161,29728715,8918614,2018-19
ALTIUM LIMITED,93009568772,211502699,2956246,886874,2018-19
ALTOMONTE HOLDINGS PTY LIMITED,18000821910,606984033,10153068,3045920,2018-19
ALUMINA & BAUXITE COMPANY LTD,52692964098,319885267,,,2018-19
ALUMINA LIMITED,85004820419,908528618,1242862071,,2018-19
ALUMINIUM SPECIALTIES GROUP PTY LTD,63001252259,297075150,21922507,6576752,2018-19
ALX INFRASTRUCTURE US PTY LTD,30100725808,116834273,,,2018-19
AMA GROUP LIMITED,50113883560,608337203,39357191,11755728,2018-19
AMADEUS IT PACIFIC PTY LTD,22080674255,121268992,24544611,2674689,2018-19
AMARI METALS AUSTRALIA PTY LTD,13004496128,290884039,,,2018-19
AMAYSIM AUSTRALIA LTD,65143613478,516550958,10837036,2046262,2018-19
AMAZON COMMERCIAL SERVICES PTY LTD,30616935623,293715517,20184202,6055261,2018-19
AMAZON CORPORATE SERVICES PTY LTD,95082931600,493103984,39149354,11744806,2018-19
AMAZON WEB SERVICES AUSTRALIA PTY LTD,63605345891,318550482,33567117,10070135,2018-19
AMCOR PTY LTD,62000017372,2246596720,3052296,,2018-19
AMERICAN EXPRESS AUSTRALIA LIMITED,92108952085,1309700000,77449239,23234772,2018-19
AMERICOLD AUSTRALIAN HOLDINGS PTY LTD,48117491291,307055327,10691702,3207511,2018-19
AMEROPA AUSTRALIA PTY LTD,21009504394,471184295,7666946,2267044,2018-19
AMGEN AUSTRALIA PTY LIMITED,31051057428,392502116,45864808,7777391,2018-19
AMP CAPITAL (GIF CAYMAN HOLDCO) 4 LP,,540043935,,,2018-19
AMP CAPITAL HOLDINGS LIMITED,69078651966,883760510,117600850,33703919,2018-19
AMP LIMITED,49079354519,28665391244,7369883213,727343469,2018-19
AMPCONTROL LIMITED,28000915542,234871560,17832412,3847156,2018-19
AMPHORA AUSTRALIA PTY LTD,50625199322,459474692,460361,,2018-19
AMPLIFON AUSTRALIA HOLDING PTY LTD,34147231561,179528446,37387867,11216360,2018-19
ANDREWS MEAT INDUSTRIES PTY LTD,16600428537,191500679,8913931,2674179,2018-19
ANGELWITCH INVESTMENTS PTY LTD,93141418493,242202340,72742,21823,2018-19
ANGLO AMERICAN AUSTRALIA LIMITED,47004892371,7330250904,2516242771,512931123,2018-19
ANGLOGOLD INVESTMENTS AUSTRALIA PTY LTD,48090112459,1056069729,155059818,45199281,2018-19
ANIXTER AUSTRALIA PTY LTD,68055815551,203246125,17668308,5260593,2018-19
ANL CONTAINER LINE PTY LTD,41083962136,671191408,40840102,12245975,2018-19
ANSELL LIMITED,89004085330,302078035,5747577,1724273,2018-19
ANSVAR INSURANCE LIMITED,21007216506,143115408,6339973,1901992,2018-19
ANTICIMEX PTY LTD,24162914374,183882055,401750,93167,2018-19
ANTIPODES GLOBAL INVESTMENT COMPANY LIMITED,38612843517,600348890,34940446,8820270,2018-19
AON CONSOLIDATED GROUP PTY LTD,38090132675,498190879,100347283,29617062,2018-19
APCO SERVICE STATIONS PTY LTD,91007229898,437684630,9431585,2829476,2018-19
APH TOP CO PTY LIMITED,96608192374,400485568,23701040,7110312,2018-19
APN OUTDOOR GROUP LIMITED,57155848589,258920532,32761991,9727149,2018-19
APOLLO TOURISM & LEISURE LTD,67614714742,259335324,,,2018-19
APOTEX AUSTRALIA PTY LTD,48054124980,550323217,23008699,6902610,2018-19
APPLE PTY LTD,46002510054,9559486591,497878865,149287552,2018-19
AQUASURE FINANCE PTY LTD,35136072627,398625908,,,2018-19
AQUASURE HOLDINGS PTY LTD,46135956053,359353138,97137062,29141119,2018-19
ARA GROUP LIMITED,47074886561,529969826,27630365,8147732,2018-19
ARAMEX FASTWAY HOLDINGS PTY. LTD.,86609553513,109274213,1226713,368014,2018-19
ARB CORPORATION LTD,31006708756,421493835,67051358,18493774,2018-19
ARCADIS AUSTRALIA PACIFIC HOLDINGS PTY LTD,56608711351,250406765,22776313,4267377,2018-19
ARCHITECTURAL WINDOW SYSTEMS PTY LIMITED,48067950903,124242264,9178178,2470641,2018-19
ARDEX AUSTRALIA PTY LIMITED,82000550005,102629660,9242214,2164636,2018-19
ARGO GLOBAL LISTED INFRASTRUCTURE LIMITED,23604986914,234458525,33026932,8729221,2018-19
ARGO INVESTMENTS LIMITED,35007519520,326473423,444435846,35323072,2018-19
ARISTOCRAT LEISURE LIMITED,44002818368,1527589300,449111074,108383515,2018-19
ARJ GROUP HOLDINGS PTY LTD,31104958527,454902319,21504897,6451469,2018-19
ARKEMA PTY LTD,44000330772,130882992,2937289,881187,2018-19
ARLA FOODS MAYER AUSTRALIA PTY LTD,78167620706,133020224,2456772,737032,2018-19
ARNOTTS BISCUITS HOLDINGS PTY LTD,84080889621,1432775906,140534865,38653029,2018-19
ARQ GROUP LTD,21073716793,209809095,11037642,3311292,2018-19
ARRIS GROUP AUSTRALIA PTY LTD,24160967582,280035095,2354619,699307,2018-19
ARROW COMMODITIES PTY LIMITED,17078081428,515831684,,,2018-19
ARROW ELECTRONICS ANZ HOLDINGS PTY LTD,90102589515,435748865,19823251,5946975,2018-19
ARROW ENERGY HOLDINGS PTY LTD,94141385293,338460793,,,2018-19
ARUP AUSTRALIA SERVICES PTY LTD,36625911686,378343929,8804116,850663,2018-19
ARVINMERITOR LIGHT VEHICLE SYSTEMS AUSTRALIA PTY LTD,46004314372,107500150,14257907,4277372,2018-19
ARYZTA HOLDINGS ASIA PACIFIC PTY LIMITED,57146007365,157302470,12572636,3647018,2018-19
ASAHI HOLDINGS (AUSTRALIA) PTY LTD,48135315767,1584066165,37926374,7092562,2018-19
ASALEO CARE LIMITED,61154461300,607027933,601965,,2018-19
ASCENDAS HOSPITALITY OPERATIONS PTY LTD,28156287857,141232352,1830262,549079,2018-19
ASG BRISBANE PTY LTD,72614297684,199380738,,,2018-19
ASG MELBOURNE PTY LTD,64616840110,525455010,10477857,3143357,2018-19
ASH 302 PTY LTD,56065395815,316601712,14008410,4202523,2018-19
ASHLEY SERVICES GROUP LIMITED,92094747510,289104486,4055514,1216654,2018-19
ASICS OCEANIA PTY LTD,59003091389,215730091,21641988,6492596,2018-19
ASPEN ASIA PACIFIC PTY LTD,75146444484,632594801,202741918,57216321,2018-19
ASPLUNDH HOLDINGS PTY LTD,,148921799,9558809,2867643,2018-19
ASSA ABLOY AUSTRALIA PACIFIC PTY LTD,81095354582,308655369,47627494,12888941,2018-19
ASSOCIATED KILN DRIERS PTY. LIMITED,34004341048,398366945,25798810,7675357,2018-19
ASSOCIATED RETAILERS LIMITED,42004520030,178573568,,,2018-19
ASTRAL POOL AUSTRALIA PTY LTD,97007284504,106407103,4393506,1318052,2018-19
ASTRAZENECA HOLDINGS PTY LIMITED,59066876962,1118283384,77315353,20615172,2018-19
ASX LIMITED,98008624691,1089420271,955557135,282605955,2018-19
AT&T GLOBAL NETWORK SERVICES AUSTRALIA PTY LTD,72087916701,130092602,5457309,1637193,2018-19
ATCO AUSTRALIA PTY LTD,74091033546,195845980,1017396,,2018-19
ATCO STRUCTURES & LOGISTICS PTY LTD,71083902309,201287960,26337761,7901328,2018-19
ATLAS COPCO AUSTRALIA PTY LIMITED,85620125153,402697193,20167818,6022058,2018-19
ATLAS IRON PTY LTD,63110396168,712970305,,,2018-19
ATLAS PROGRAMMED MARINE HOLDINGS PTY LTD,69620316252,214255124,5028948,1508684,2018-19
ATLASSIAN AUSTRALIA 1 PTY LTD,98166799542,1542313235,56802843,11044248,2018-19
ATWOOD AUSTRALIAN WATERS DRILLING PTY LTD,64143726005,114417915,15997271,4799181,2018-19
AUB GROUP LIMITED,60000000715,126365742,45693365,441896,2018-19
AUDI AUSTRALIA PTY LIMITED,86077092776,1294603148,44408025,13322408,2018-19
AUDMET AUSTRALIA PTY LTD,19050487593,188439225,10783521,3235056,2018-19
AURECON GROUP PTY LTD,12133838187,639607290,68086554,20190915,2018-19
AURELIA METALS LIMITED,37108476384,296707112,51824455,15547337,2018-19
AURIZON HOLDINGS LIMITED,14146335622,3104057786,424253488,127276046,2018-19
AUSBAO PTY LIMITED,78051968597,143424860,,,2018-19
AUSCAN HOLDINGS PTY LTD,70084400886,291172858,,,2018-19
AUSCO HOLDINGS PTY LIMITED,13150795547,282311640,,,2018-19
AUSCOTT LIMITED,38008436011,239243121,,,2018-19
AUSENCO PTY LTD,31114541114,199045698,,,2018-19
AUSGRID FINANCE PTY LTD,14615343005,476310421,,,2018-19
AUSGRID MANAGEMENT PTY LTD,83615449548,658303897,,,2018-19
AUSGROUP COMPANIES PTY LTD,59081037274,294295259,,,2018-19
AUSNET SERVICES LTD.,45603317559,1880050297,254199849,76159419,2018-19
AUSREO HOLDINGS PTY LIMITED,22125694055,280998641,4640564,1331547,2018-19
AUSTAL LIMITED,73009250266,553357411,,,2018-19
AUSTCORP GROUP (AUST) PTY LTD,81080926414,223372967,5402710,1605484,2018-19
AUSTIN ENGINEERING LIMITED,60078480136,139393597,,,2018-19
AUSTRALASIAN FOODS HOLDCO PTY LIMITED,70612640329,277677168,1248426,,2018-19
AUSTRALASIAN PERFORMING RIGHT ASSOCIATION LIMITED,42000016099,324113686,,,2018-19
AUSTRALASIAN SOLVENTS AND CHEMICALS COMPANY PTY LTD,57095441080,104195302,,,2018-19
AUSTRALIA AND NEW ZEALAND BANKING GROUP LIMITED,11005357522,28804896738,6623327228,1637641785,2018-19
AUSTRALIA MILLING GROUP PTY LTD,57127428406,114141467,,,2018-19
AUSTRALIA PACIFIC LNG PTY LTD,68001646331,7207473146,,,2018-19
AUSTRALIA ZHIRAN CO. PTY LTD,87619268727,179500805,,,2018-19
AUSTRALIAN AGED CARE PARTNERS HOLDINGS PTY LTD,20162265983,370967000,24197762,7259329,2018-19
AUSTRALIAN AGRICULTURAL COMPANY LIMITED,15010892270,424357363,,,2018-19
AUSTRALIAN BAKELS PTY LTD,35000112836,144200395,15639208,4691762,2018-19
AUSTRALIAN BULLION COMPANY (NSW) PTY LTD LTD,82002858602,385251260,,,2018-19
AUSTRALIAN CENTRAL CREDIT UNION LTD,11087651125,422772516,37556934,11000714,2018-19
AUSTRALIAN COMFORT GROUP HOLDINGS PTY LTD,48143785522,171698767,,,2018-19
AUSTRALIAN COUNTRY CHOICE HOLDINGS PTY LTD LTD,87009729999,745186970,,,2018-19
AUSTRALIAN FINANCE GROUP LIMITED,11066385822,658448533,41390820,12417246,2018-19
AUSTRALIAN FOUNDATION INVESTMENT COMPANY LIMITED,56004147120,476603121,657719387,31938422,2018-19
AUSTRALIAN GAS NETWORKS HOLDINGS PTY LIMITED,24169818026,617630175,3556788,1067036,2018-19
AUSTRALIAN GOLD REAGENTS PTY LTD,93009140121,239859598,47982,14395,2018-19
AUSTRALIAN GRAIN EXPORT PTY LTD,92073563185,498336288,9982972,2987646,2018-19
AUSTRALIAN INDEPENDENT RURAL RETAILERS PTY LTD,36112308835,368360816,16776226,5032868,2018-19
AUSTRALIAN LAMB COMPANY PTY LTD,51007340123,535861737,29010824,8703247,2018-19
AUSTRALIAN LEADERS FUND LIMITED,64106845970,1373422889,,,2018-19
AUSTRALIAN LOGISTICS ACQUISITION HOLDINGS PTY LTD,28611628909,2673659047,,,2018-19
AUSTRALIAN MEAT GROUP PTY LTD,75168396316,398323043,,,2018-19
AUSTRALIAN MERINO EXPORTS PTY LTD,57151148435,290718723,519679,155904,2018-19
AUSTRALIAN MOTOR GROUP PTY LTD,67095047902,266468383,10786176,3235853,2018-19
AUSTRALIAN NATURE INVESTMENT PTY LTD,16611339621,306055384,10155527,1519217,2018-19
AUSTRALIAN PACIFIC (HOLDINGS) PTY LTD,43005419652,577676118,3235998,816431,2018-19
AUSTRALIAN PACIFIC AIRPORTS CORPORATION LIMITED,89069775266,1190945318,405666466,121699940,2018-19
AUSTRALIAN PHARMACEUTICAL INDUSTRIES LIMITED,57000004320,4855388620,74438187,20337130,2018-19
AUSTRALIAN PIPELINE TRUST,21858175226,2516567154,241565594,65986730,2018-19
AUSTRALIAN POSTAL CORPORATION,28864970579,6932220258,68073808,20299955,2018-19
AUSTRALIAN RAIL TRACK CORPORATION LIMITED,75081455754,848842663,,,2018-19
AUSTRALIAN SCHOLARSHIPS GROUP FRIENDLY SOCIETY LI,21087648879,104687837,10988694,,2018-19
AUSTRALIAN TECHNOLOGY INNOVATORS PTY LIMITED,84620293272,291668073,27950754,5897206,2018-19
AUSTRALIAN UNITY LIMITED,23087648888,1625000355,71931611,13345976,2018-19
AUSTRALIAN VINTAGE LIMITED,78052179932,270123000,404,,2018-19
AUSTRALIANSUPER PTY LTD,94006457987,486396105,369658,110897,2018-19
AUSTREO COMMERCIAL VENTURES PTY LTD,19618406901,127981733,82863620,24859086,2018-19
AUSWIDE BANK LTD,40087652060,145816159,24960112,7473712,2018-19
AUTO & GENERAL HOLDINGS PTY LTD,84086321459,309831399,32479162,9743749,2018-19
AUTO & GENERAL INSURANCE COMPANY LTD,42111586353,914501740,82127924,24638377,2018-19
AUTO CORNER PTY LTD,45009905079,200288317,7380889,2214267,2018-19
AUTOCARE SERVICES PTY LTD,67004497607,241556953,,,2018-19
AUTOMATIC DATA PROCESSING LIMITED,70003924945,180790318,39470643,11270915,2018-19
AUTOMOTIVE HOLDINGS GROUP LIMITED,35111470038,4896318356,15414970,,2018-19
AUTOPACT PTY LTD,44608040606,1151499837,8595103,2576825,2018-19
AUTOSPORTS CASTLE HILL PTY LIMITED,65163974481,206953419,,,2018-19
AUTOSPORTS FIVE DOCK PTY LTD,95118786762,111285721,,,2018-19
AUTOSPORTS LEICHHARDT PTY LTD,38161160765,192411725,,,2018-19
AVANADE AUSTRALIA PTY LIMITED,58093925207,205438749,16407584,4864711,2018-19
AVANT MUTUAL GROUP LIMITED,58123154898,524791397,49939179,10676361,2018-19
AVENG AUSTRALIA HOLDINGS PTY LTD,33108058331,510249562,,,2018-19
AVEO GROUP LIMITED,28010729950,310669310,,,2018-19
AVERY PROPERTIES PTY LTD,40007713564,156911227,19611315,5883394,2018-19
AVID PROPERTY GROUP HOLDINGS PTY LTD,46608054833,252103982,46008600,13731574,2018-19
AVIS MANAGEMENT PTY LTD,50001889336,865687432,45511461,13515935,2018-19
AVJENNINGS LIMITED,44004327771,270668155,28490314,8547094,2018-19
AWP AUSTRALIA HOLDINGS PTY LTD,,203484854,,,2018-19
AXICOM HOLDCO PTY LTD,78605798829,229118411,23421080,7026324,2018-19
AXIEO HOLDINGS PTY LTD,34602067621,205149782,,,2018-19
B. BRAUN AUSTRALIA PTY LTD,56002945155,100589984,2246082,667027,2018-19
B.M.D. HOLDINGS PTY. LIMITED,47010093348,1058893464,,,2018-19
BABCOCK & BROWN INTERNATIONAL PTY LTD,76108617483,488267637,,,2018-19
BABCOCK AUSTRALIA HOLDINGS PTY LTD,99602953739,290270801,6428570,,2018-19
BABY BUNTING GROUP LIMITED,58128533693,368023079,20041270,6012381,2018-19
BAC HOLDINGS LIMTED,67108568038,908541915,221973147,66591944,2018-19
BADGE GROUP HOLDINGS PTY LTD,18606660271,270258829,6412307,1791444,2018-19
BAE SYSTEMS AUSTRALIA HOLDINGS LIMITED,44008648333,1110117077,160549388,28062842,2018-19
BAIADA POULTRY PTY LIMITED,96002925948,2056319629,894752,268426,2018-19
BAIN CAPITAL ROAR PARENT PTY LIMITED,51169039721,133251158,21951613,6347301,2018-19
BAIN INTERNATIONAL INC,29003850619,144005761,18457637,5537291,2018-19
BAKER HUGHES AUSTRALIA PTY LTD,20004752050,217976291,,,2018-19
BALL & DOGGETT GROUP PTY LTD,59146091625,367262928,11277225,3383108,2018-19
BALVERONA PTY LTD,78002826173,444440771,21955272,6558918,2018-19
BANK AUSTRALIA LIMITED,21087651607,243316366,37424683,11016146,2018-19
BANK OF AMERICA NATIONAL ASSOCIATION,51064874531,437232667,70905999,21271800,2018-19
BANK OF CHINA LIMITED SYDNEY BRANCH,29002979955,1743598669,368643492,110024978,2018-19
BANK OF COMMUNICATIONS CO LTD,74137909963,285994759,7197291,2159187,2018-19
BANK OF QUEENSLAND LIMITED,32009656740,2190135884,430299128,128183382,2018-19
BANPU AUSTRALIA CO. PTY LTD,56136468007,1426956926,291138,,2018-19
BAOSTEEL AUSTRALIA MINING COMPANY PTY LTD,93100513844,160471308,,,2018-19
BAPCOR LIMITED,80153199912,1226960430,94963809,28482235,2018-19
BAPSH PTY LTD,54605702618,370780242,,,2018-19
BAROB PTY LTD,38001024915,234343680,96627875,28988362,2018-19
BARRICK (AUSTRALIA PACIFIC HOLDINGS) PTY LTD,68085702558,569512925,157862422,45577805,2018-19
BARTTER HOLDINGS PTY LIMITED,84104671561,2176311021,7654942,2296483,2018-19
BASF AUSTRALIA LTD,62008437867,570531540,7009705,,2018-19
BASW PTY LTD,63601452199,176554139,4708081,1412424,2018-19
BATCHFIRE CALLIDE PTY LTD,55081022228,316639462,,,2018-19
BAUER MEDIA AUSTRALIA LIMITED PARTNERSHIP,55874600262,233181675,79370,,2018-19
BAXALTA AUSTRALIA PTY LIMITED,56601752694,120306651,387226,116168,2018-19
BAXTER HEALTHCARE PTY LTD,43000392781,663575430,40389242,12116773,2018-19
BAYER AUSTRALIA LIMITED,22000138714,1323626789,125219567,32006348,2018-19
BBC STUDIOS AUSTRALIA HOLDINGS PTY LTD,85127624104,130790555,31283277,8767206,2018-19
BBPHA 1 PTY LTD,15144078151,3537434752,,,2018-19
BBQSAM HOLDINGS PTY LTD,41159613706,875740311,,,2018-19
BEACH ENERGY LIMITED,20007617969,2035984434,638615257,191584577,2018-19
BEAUTY BAY PRODUCE PTY LTD,93051941854,253498607,6410217,1747175,2018-19
BEC FEED SOLUTIONS PTY LTD,36010345150,204696457,2218774,665632,2018-19
BECHTEL AUSTRALIA PTY LTD,42006334505,1238351209,,,2018-19
BECTON DICKINSON PTY LIMITED,82005914796,258007190,1181473,354442,2018-19
BEGA CHEESE LIMITED,81008358503,1411958583,,,2018-19
BEIERSDORF AUSTRALIA LIMITED,98000025623,195918716,2773188,831956,2018-19
BEIJER REF HOLDINGS AUSTRALIA PTY LTD,28607082379,143876325,3711832,1039591,2018-19
BELL FINANCIAL GROUP LIMITED,59083194763,218695651,30780025,9227736,2018-19
BELLAMY'S AUSTRALIA LIMITED,37124272108,244815980,34610543,9317685,2018-19
BELRON AUSTRALIA PTY LIMITED,97001052704,220386449,,,2018-19
BENDIGO AND ADELAIDE BANK LIMITED,11068049178,2996807937,559401495,164143115,2018-19
BENSONS PROPERTY GROUP PTY. LTD.,63063470833,246025354,,,2018-19
BERKLEY INSURANCE COMPANY- AUSTRALIAN BRANCH,53126559706,226606775,16334599,4786772,2018-19
BERKSHIRE HATHAWAY SPECIALTY INSURANCE COMPANY AUSTRALIAN BRANCH,84600643034,321974234,,,2018-19
BEST BAR PTY LTD,48068713539,259743402,,,2018-19
BETAR PRESTIGE CARS PTY LTD,60118667913,104567012,3335833,1000750,2018-19
BEYOND BANK AUSTRALIA LIMITED,15087651143,265039469,29415051,8689596,2018-19
BFB PTY LTD,35003514421,143293203,,,2018-19
BG INTERNATIONAL LIMITED,72114818825,130505871,,,2018-19
BGC (AUSTRALIA) PTY LTD,62005736005,1945819436,,,2018-19
BGIS AUSTRALIA PTY LTD,46122178741,440962245,8885187,2508999,2018-19
BHCA1 PTY LTD,,819768865,1144940,,2018-19
BHP ALUMINIUM AUSTRALIA PTY LTD,65063671349,2040815461,,,2018-19
BHP BILLITON MITSUI COAL PTY LTD,34009713875,2048382032,813275289,242582237,2018-19
BHP GROUP LIMITED,49004028077,43059226136,16278812031,4220572951,2018-19
BHP IRON ORE (JIMBLEBAR) PTY LTD,95009114210,4790072758,2890044468,867013340,2018-19
BIDFOOD AUSTRALIA LIMITED,33000228231,2389563573,124295403,37288621,2018-19
BIG BEN HOLDINGS PTY LIMITED,63008434562,559436860,141149637,41429607,2018-19
BIG RIVER INDUSTRIES LTD,72609901377,217820406,5502856,1524477,2018-19
BILLABONG GOLD PTY LTD,34613900922,152880730,,,2018-19
BING LEE ELECTRICS PTY LTD,61000733488,355873111,5155843,1546753,2018-19
BINGO INDUSTRIES LTD,72617748231,402157156,54997061,16499118,2018-19
BIOGEN AUSTRALIA PTY LIMITED,30095760115,113828383,6260877,1878263,2018-19
BIOSAR AUSTRALIA PTY LTD,55620817665,312644647,,,2018-19
BIOSTIME HEALTHY AUSTRALIA PTY LTD,17608153528,889528389,173959009,49464507,2018-19
BIS INDUSTRIES GROUP PTY LIMITED,43166293849,657031664,,,2018-19
BIS INDUSTRIES HOLDINGS LIMITED,48622481752,414358245,,,2018-19
BLACKHAM RESOURCES LIMITED,18119887606,111822694,,,2018-19
BLACKMAGIC DESIGN PTY LTD,30098098287,353233295,42610041,2179656,2018-19
BLACKMORES LIMITED,35009713437,621654845,77057071,19740756,2018-19
BLACKROCK AUSTRALIA HOLDCO PTY LTD,22139463693,157712902,12701976,3810593,2018-19
BLACQUA PTE. LTD.,62169810011,981228398,21545064,1337898,2018-19
BLOC HOLDINGS (ACT) PTY LTD,74149091565,249399262,6062859,1818858,2018-19
BLONDIE TRADING PTY LTD,41621811845,471221345,,,2018-19
BLOOMBERG AUSTRALIA PTY LTD,47622777851,222423779,18317028,5495108,2018-19
BLUECHIP INFOTECH PTY LTD,32076483808,109135149,441370,132411,2018-19
BLUEFIN RESOURCES PTY LTD,48106436837,156214325,7410401,2223120,2018-19
BLUESCOPE STEEL LIMITED,16000011058,6542595449,260307084,,2018-19
BLUEWATERS POWER 1 PTY LTD,93106034879,129124070,,,2018-19
BLUEWATERS POWER 2 PTY LTD,57122896968,153626779,50159708,7685828,2018-19
BLUM AUSTRALIA PTY LTD,80076459713,116788417,8365882,2509765,2018-19
BM ALLIANCE COAL OPERATIONS PTY LTD,67096412752,484561456,,,2018-19
BMW AUSTRALIA LTD,11004675129,2094297268,44354565,13290018,2018-19
BNK BANKING CORPORATION LIMITED,63087651849,204952212,8451,,2018-19
BNP PARIBAS S.A.,23000000117,412233320,118586612,,2018-19
BNP PARIBAS SECURITIES SERVICES AUSTRALIAN BRANCH,87149440291,300555034,,,2018-19
BOART LONGYEAR LTD,49123052728,752340871,,,2018-19
BOB JANE CORPORATION PTY LTD,52005870431,306716696,,,2018-19
BOC AIP LIMITED PARTNERSHIP (CONSOLIDATED),19883689849,182617887,260752439,50731,2018-19
BOC LIMITED (CONSOLIDATED),95000029729,1853762276,204492000,60939787,2018-19
BOEHRINGER INGELHEIM PTY LIMITED,52000452308,457138815,32332155,7357111,2018-19
BOEING AUSTRALIA HOLDINGS PROPRIETARY LIMITED,42101168932,1510312000,272069927,43002701,2018-19
BOHEMIA GROUP PTY LTD,86154100562,111692616,3131403,695474,2018-19
BOLLORE LOGISTICS AUSTRALIA PTY LTD,91055370575,113362047,1032507,309752,2018-19
BOMBARDIER TRANSPORTATION AUSTRALIA PTY LTD,73010699804,1115017060,145612724,42226674,2018-19
BOOM LOGISTICS LIMITED,28095466961,186963692,,,2018-19
BORAL LIMITED,13008421761,3907631784,277170610,60495743,2018-19
BORG MANUFACTURING PTY LIMITED,31003246357,653003995,57143739,17143101,2018-19
BOSE PTY LTD,41078010607,186562333,7446924,2234077,2018-19
BOSTON SCIENTIFIC PTY LIMITED,45071676063,283954497,22300038,6690011,2018-19
BOUNDARY BEND LIMITED,32115131667,131282325,,,2018-19
BOUYGUES CONSTRUCTION AUSTRALIA PTY LTD,37144013801,710673052,,,2018-19
BOWEN & POMEROY PTY LTD,78004174887,421532207,22586223,6775867,2018-19
BOWEN INVESTMENT (AUSTRALIA) PTY LIMITED,12002806831,105062870,19635675,3613914,2018-19
BOYNE SMELTERS LIMITED,90010061935,1042793804,,,2018-19
BP REGIONAL AUSTRALASIA HOLDINGS PTY LTD,91092495700,23677819311,1535208625,455846218,2018-19
BPIH PTY LIMITED,61100364234,1598686340,,,2018-19
BPL ADELAIDE PTY LIMITED,40108037798,399817878,2360414,708124,2018-19
BPW TRANSPEC PTY LTD,63006645272,103341275,7980309,2390891,2018-19
BRADKEN PTY LIMITED,33108693009,474235779,,,2018-19
BRADNAMS WINDOWS AND DOORS PTY LTD,78010409819,286782081,19121341,5446565,2018-19
BRAMBLES LIMITED,89118896021,3381682901,255873530,61461421,2018-19
BRAVURA SOLUTIONS LIMITED,54164391128,104078331,,,2018-19
BRENNAN VDI PTY LIMITED,38125976007,108626331,6820766,1919461,2018-19
BRENNTAG AUSTRALIA PTY LTD,84117996595,123626465,1110757,333227,2018-19
BREVILLE GROUP LIMITED,90086933431,313976704,85114755,13874908,2018-19
BRICKWORKS LIMITED,17000028526,1111086473,312042588,55458998,2018-19
BRIDGESTONE AUSTRALIA LTD,65007516841,532670663,31819316,9545795,2018-19
BRIDGESTONE MINING SOLUTIONS AUSTRALIA PTY LTD,74000069714,631876355,28984012,8695204,2018-19
BRIGHANN COTTON MARKETING PTY LTD,57143025307,225797317,1885600,565680,2018-19
BRIGHT FOOD GROUP HOLDINGS PTY LTD,95152610645,599502537,15678975,4668638,2018-19
BRIGHTSTAR LOGISTICS PTY LTD,58111399752,744793432,11102628,3026447,2018-19
BRISTOL-MYERS SQUIBB AUSTRALIA PTY LTD,33004333322,403384688,67819969,4058989,2018-19
BRISTOW HELICOPTERS AUSTRALIA PTY LTD,92000565579,227660452,,,2018-19
BRITISH AMERICAN TOBACCO (AUSTRALASIA HOLDINGS) PTY LIMITED,23095066345,1301701225,784272761,234485758,2018-19
BROTHER INTERNATIONAL (AUSTRALIA) PTY LIMITED,17001393835,162627860,6815792,2044738,2018-19
BROWN-FORMAN AUSTRALIA PTY LIMITED,87000064086,238217721,10107453,3032236,2018-19
BRP AUSTRALIA PTY LTD,64097370100,205574758,14985826,3822573,2018-19
BRUNEL AUSTRALIA HOLDINGS PTY LTD,60078544126,144069962,,,2018-19
BT AUSTRALASIA PTY LIMITED,93003050146,242576988,14415963,4324789,2018-19
BTO LT HOLD PTY LTD,85623323044,218981730,91033730,27310119,2018-19
BUCHER MUNICIPAL PTY LTD,68004992090,144583644,7781342,1757484,2018-19
BUICK HOLDINGS PTY LTD,76094424674,470086994,,,2018-19
BUILDCORP GROUP PTY LIMITED,85091336168,416967973,11122735,3166150,2018-19
BUNGE AGRIBUSINESS AUSTRALIA PTY LTD,46097843582,521618316,,,2018-19
BUNZL AUSTRALASIA LIMITED,18004611090,656993284,22526081,6743184,2018-19
BUPA ANZ GROUP PTY LTD,95608490455,8121722129,533338546,158410732,2018-19
BURBANK AUSTRALIA PTY LTD,91007099872,329404287,,,2018-19
BURBANK TRADING PTY LTD,37011066934,223468940,4400552,1320166,2018-19
BUREAU VERITAS AUSTRALIA PTY LTD,15090874570,240755468,,,2018-19
BURNS PHILP & CO PTY LTD,65000000359,788821938,,,2018-19
BURRUP FACILITIES COMPANY PTY LTD,28122234539,1652469270,1139702065,341910620,2018-19
BURRUP TRAIN 1 PTY LTD,77122234306,2732710131,803483006,241044902,2018-19
BUZZ SUPPLIES PTY LIMITED,27601785353,200344408,21238308,6370747,2018-19
BWX LIMITED,13163488631,105941416,5921510,290931,2018-19
BYERWEN COAL PTY LTD,64133357632,445754790,,,2018-19
BYRNECUT AUSTRALIA PTY LTD,94129142516,966675409,34237380,10049066,2018-19
C.H. ROBINSON (AUSTRALIA) PTY LIMITED,93614158879,380141891,17940281,5382084,2018-19
C0001 PTY LTD,13618935069,831217079,,,2018-19
CADENCE CAPITAL LIMITED,17112870096,509587444,,,2018-19
CAELLI CONSTRUCTIONS VIC PTY LTD,64080995204,248380361,78327,,2018-19
CAESARSTONE AUSTRALIA PTY LTD,45121819976,175937528,5275936,1582781,2018-19
CALIBRE GROUP PTY LTD,44100255623,465630039,,,2018-19
CALTAS PROPRIETARY LIMITED,24053113992,378207445,5279370,1583811,2018-19
CALTEX AUSTRALIA LTD,40004201307,28310903487,466346808,123644372,2018-19
CAMCARSTRUCKS PTY LTD,90169620213,795029570,17559865,5267960,2018-19
CAMERON APME HOLDING PTY LTD,37141037925,735554382,4271520,1281456,2018-19
CAML RESOURCES PTY LTD,84080649029,346430342,106512090,31953627,2018-19
CAMPAIGN MONITOR AUSTRALIA 1 PTY LIMITED,45604705473,112730113,,,2018-19
CAMPARI AUSTRALIA PTY LIMITED,72137554726,171848828,9949970,2984991,2018-19
CANADIAN SOLAR MSS (AUSTRALIA) PTY LTD,44607434300,186290941,2144212,643264,2018-19
CANOE HOLDCO PTY LIMITED,90619977070,285870955,,,2018-19
CANON AUSTRALIA PTY LTD,66005002951,795910006,24161341,306046,2018-19
CAPE AUSTRALIA HOLDINGS PTY LIMITED,12126824397,849871391,8440109,2203569,2018-19
CAPE BYRON MANAGEMENT PTY LTD,26165320445,112716205,,,2018-19
CAPE PRESTON PORT COMPANY PTY LTD,84147842153,145165652,3452365,1035710,2018-19
CAPGEMINI AUSTRALIA PTY LIMITED,11092284314,340955229,2843476,853043,2018-19
CAPITAL PROPERTY FINANCE PTY LTD,98008608928,505463013,136349290,40295585,2018-19
CAPITAL S.M.A.R.T. REPAIRS AUSTRALIA PTY LTD,47143462748,107876760,3477117,1038326,2018-19
CAPITOL HEALTH LIMITED,84117391812,149328924,10370358,3111107,2018-19
CAPRAL LIMITED,78004213692,457372790,,,2018-19
CAPRICORN COPPER PTY LTD,67106396801,123405071,,,2018-19
CARDIFF CAR CITY HOLDINGS PTY LTD,15602181751,141308579,2575771,772731,2018-19
CARDNO LIMITED,70108112303,620946006,499211,,2018-19
CARDTRONICS AUSTRALIA PTY LTD,46157774224,153406821,,,2018-19
CARGOTEC AUSTRALIA PTY LTD,72097663431,138985201,,,2018-19
CARL ZEISS PTY LTD,82008410704,127949225,11881565,2222605,2018-19
CARLISLE HOMES PTY LTD,86106263209,450030717,44493748,12705267,2018-19
CARNEY TOWNSVILLE PARTNERSHIP,16842172023,140547551,4763293,1428988,2018-19
CARPET COURT AUSTRALIA LIMITED,77001195697,210799089,,,2018-19
CARSALES.COM LIMITED,91074444018,318140615,160226288,43227709,2018-19
CASELLA WINES PTY LIMITED,96060745315,492799740,59296334,17079036,2018-19
CASH CONVERTERS INTERNATIONAL LIMITED,39069141546,286544464,8831556,2548866,2018-19
CATALENT AUSTRALIA HOLDING PTY LTD,69098539470,107013569,3547205,1033344,2018-19
CATCH GROUP HOLDINGS LIMITED,89159074003,471489220,9075789,2722737,2018-19
CATER CARE HOLDINGS PTY LTD,69603124812,277247529,12311118,3693335,2018-19
CATERPILLAR FINANCIAL AUSTRALIA LIMITED,70006714585,215377849,86866229,26046332,2018-19
CATERPILLAR HOLDINGS AUSTRALIA PTY LTD,26003430135,1133470472,74371800,18878721,2018-19
CATHAY PACIFIC AIRWAYS LTD,57000479514,689068784,,,2018-19
CBH GRAIN PTY LTD,39089394883,3560079522,,,2018-19
CBH RESOURCES LIMITED,27009423858,290878931,,,2018-19
CBRE PTY LTD,57057373574,679291024,41604763,12426867,2018-19
CCCI AUSTRALIA PTY LTD,95603555988,5265082431,606984,,2018-19
CCL SECURE (HOLDING) PTY LTD,91161651421,143260535,24780934,5295261,2018-19
CCP VI VG HOLDINGS PTY LTD,41630151530,100099243,3965202,1189561,2018-19
CDC GROUP HOLDINGS PTY LTD,67612332073,333289779,,,2018-19
CDC MANAGEMENT PTY LTD,50606815178,385963555,17449243,5234773,2018-19
CEDAR WOODS PROPERTIES LIMITED,47009259081,369627862,69444030,20833209,2018-19
CELGENE PTY LTD,42118998771,135436329,5220166,1566050,2018-19
CELLNET GROUP LIMITED,97010721749,106427599,,,2018-19
CELSUS SECURITISATION PTY LTD,18147998230,200886661,,,2018-19
CEMENT AUSTRALIA HOLDINGS PTY LTD,99001085561,487720087,93569712,17393810,2018-19
CENGAGE AUSTRALIA HOLDINGS PTY LTD,69129545811,131310078,32095561,9600930,2018-19
CENTAMIN EGYPT LTD,86007700352,821709177,,,2018-19
CENTENARY AUSTRALIA PTY LIMITED,77085156216,383486770,,,2018-19
CENTRAL EQUITY LIMITED,27006708738,215234556,43278369,12983511,2018-19
CENTURIA CAPITAL LIMITED,22095454336,100061805,7347216,1690511,2018-19
CENTURY AUSTRALIA INVESTMENTS LTD,11107772761,186334205,4969039,529765,2018-19
CENTURY YUASA BATTERIES PTY LTD,66009685232,247071620,10963295,3288988,2018-19
CENVERSA LIMITED,55092375221,140917111,2519293,755788,2018-19
CEREAL PARTNERS AUSTRALIA PTY LIMITED,98120338249,204893434,14791205,3616598,2018-19
CERNER CORPORATION PTY LIMITED,23051063435,136319429,8414203,2524261,2018-19
CERTIS AUSTRALIA PTY LTD,51602871287,339384477,421644,126493,2018-19
CERVUS EQUIPMENT AUSTRALIA PTY LTD,73157830656,114836223,3536435,1060930,2018-19
CEVA PTY LTD,27122147433,423148387,,,2018-19
CFT HOLDINGS COMPANY PTY LIMITED,42160294904,519236970,44938601,13481580,2018-19
CGI INFORMATION SYSTEMS AND MANAGEMENT CONSULTANTS PRIVATE LIMITED,,485768142,164553,49366,2018-19
CH2 HOLDINGS PTY LTD,80113630505,1433712855,,,2018-19
CHALLENGER LIMITED,85106842371,2837931859,219178793,46589836,2018-19
CHAMBERLAIN HOLDINGS LIMITED,85008688202,1160976168,39846656,11952217,2018-19
CHANEL (AUSTRALIA) PTY LTD,83000012153,297884976,44673913,13402174,2018-19
CHARTERED ACCOUNTANTS AUSTRALIA AND NEW ZEALAND,50084642571,108186957,,,2018-19
CHEVRON AUSTRALIA HOLDINGS PTY LTD,60098079344,11986037153,900117295,,2018-19
CHINA CONSTRUCTION BANK CORPORATION,24125167553,1965013694,88596312,26578894,2018-19
CHINA MERCHANTS LOSCAM HOLDINGS AUSTRALIA PTY LTD,46144845867,123261644,134136,,2018-19
CHOBANI (AUSTRALIA) PTY LTD,60150876305,256041118,10275612,2748623,2018-19
CHU UNDERWRITING AGENCIES PTY LTD,18001580070,133902744,24940829,7482249,2018-19
CHUBB HOLDINGS AUSTRALIA PTY LIMITED,64116987618,1197546016,153071161,45666289,2018-19
CHUGOKU ELECTRIC POWER AUSTRALIA RESOURCES PTY LTD,14600294068,107926313,23601,,2018-19
CIL AUSTRALIA NORTH PTY LTD,25113005753,360953900,,,2018-19
CIMIC GROUP LIMITED,57004482982,7078170963,297864371,70238676,2018-19
CISCO SYSTEMS AUSTRALIA PTY LTD,52050332940,1987680729,50576240,15172872,2018-19
CITIBANK NA,34072814058,637602152,277533678,83260103,2018-19
CITIC PACIFIC MINING MANAGEMENT PTY LTD,64119578371,1427401609,,,2018-19
CITIC RESOURCES AUSTRALIA PTY LTD,87107652817,622659061,94825074,,2018-19
CITIGROUP PTY LTD,88004325080,2336849092,289577827,86873348,2018-19
CITRIX SYSTEMS ASIA PACIFIC PTY LTD,37078874530,283035070,,,2018-19
CITY CHIC COLLECTIVE LIMITED,43057569169,121384756,21588529,6476559,2018-19
CITY HOLDINGS (AUS) PTY LTD,33135098636,403298385,18867087,5653741,2018-19
CIVEO HOLDING COMPANY 1 PTY LTD,91146700441,159844922,,,2018-19
CIVICA PTY LIMITED,83003691718,155806091,8937604,846842,2018-19
CIVIL & ALLIED TECHNICAL CONSTRUCTION PTY LTD,78077924120,238470643,,,2018-19
CIVMEC LIMITED,50604316690,488649554,,,2018-19
CJD EQUIPMENT PTY LTD,63008754523,500917317,21686339,6505902,2018-19
CK WILLIAM AUSTRALIA HOLDINGS PTY LTD,14613690243,1186811164,1454523,,2018-19
CLARIANT (AUSTRALIA) PTY LTD,30069435552,105174594,3371191,1011357,2018-19
CLEANAWAY WASTE MANAGEMENT LIMITED,74101155220,2280431490,187789997,40790625,2018-19
CLEARLIGHT INVESTMENTS PTY LTD,59007543544,303800788,26643561,7837447,2018-19
CLEMENGER GROUP LIMITED,98004882928,242260242,67822443,11499392,2018-19
CLERMONT COAL MINES LIMITED,56010487939,192268105,,,2018-19
CLIFFS NATURAL RESOURCES HOLDINGS PTY LTD,69112437331,179983121,,,2018-19
CLINICAL LABORATORIES PTY LTD,62006823089,448796575,,,2018-19
CMOC MINING PTY LIMITED,17164997317,287198435,51273098,13247581,2018-19
CNCGC AUSTRALIAN PTY LTD,65163225198,197547657,1780387,534116,2018-19
CNH INDUSTRIAL AUSTRALIA PTY LTD,76000031130,1407356795,28413844,8524153,2018-19
CNOOC AUSTRALIA ENERGY CAPITAL MANAGEMENT PTY LTD,79129021316,332246043,117661600,35298480,2018-19
CNOOC GAS AND POWER (AUS) INVESTMENT PTY LTD,28142591044,1768560195,,,2018-19
CNW PTY LTD,48009669836,576463741,26399232,6988011,2018-19
COATES DIGITAL PTY LIMITED,67603141877,200541610,1224836,367451,2018-19
COBHAM AVIATION SERVICES AUSTRALIA PTY LTD,34003469574,388868833,,,2018-19
COCA-COLA AMATIL LIMITED,26004139397,3329997040,254330878,68696190,2018-19
COCA-COLA SOUTH PACIFIC PTY LTD,50003029794,159282976,14107724,4232317,2018-19
COCHLEAR LIMITED,96002618073,996409522,393111740,73572786,2018-19
CODAN LIMITED,77007590605,275896844,78217704,15272465,2018-19
COFCO INTERNATIONAL AUSTRALIA PTY LTD,25001069423,769463603,,,2018-19
COGNIZANT TECHNOLOGY SOLUTIONS AUSTRALIA PTY LTD,74100749997,290992730,34011114,10203334,2018-19
COLAS AUSTRALIA GROUP PTY LTD,11000388161,534328625,33290977,9669884,2018-19
COLES GROUP LIMITED,11004089936,21876196080,707798755,207561956,2018-19
COLES SUPERMARKETS AUSTRALIA PTY LTD,45004189708,3725803198,153885302,45334887,2018-19
COLGATE PALMOLIVE PTY LTD,79002792163,595466323,30707961,9203277,2018-19
COLIN JOSS & CO. PTY. LIMITED,73003538583,268647401,16165468,4849640,2018-19
COLLECTION HOUSE LIMITED,74010230716,149684657,40994507,12253691,2018-19
COLLIERS INTERNATIONAL HOLDINGS (AUSTRALIA) LIMITED,65008178238,306003771,64996145,17318650,2018-19
COLLINS FOODS LIMITED,13151420781,776436668,66668781,20000634,2018-19
COMDAIN INFRASTRUCTURE PTY LTD,50092035419,207353828,11359598,3407879,2018-19
COMFORTDELGRO CORPORATION AUSTRALIA PTY LTD,84002072004,471922958,50124809,15037443,2018-19
COMGEN AUSTRALIA PTY LTD,17050242441,1100634635,32677376,5167087,2018-19
COMMERCIAL MOTOR VECHILES PTY LTD,84007874142,1390451171,27724345,8188456,2018-19
COMMONWEALTH BANK OF AUSTRALIA,48123123124,42296326555,11257674041,3271915078,2018-19
COMMSCOPE HOLDINGS AUSTRALIA PTY LTD,57605413456,233572957,17816639,5282343,2018-19
COMO GLASSHOUSE INVESTMENTS PTY LTD,49604272951,566798952,8438334,2335190,2018-19
COMPASS GROUP (AUSTRALIA) PTY LTD,41000683125,1255957292,72983740,18980836,2018-19
COMPETITIVE FOODS AUSTRALIA PTY LTD,48010542908,1243495992,2277646,573316,2018-19
COMPUTERSHARE LIMITED,71005485825,792227310,147508017,34001358,2018-19
CONCENTRIX SERVICES PTY LIMITED,63166171991,209486292,40236684,12017932,2018-19
CONOCOPHILLIPS AUSTRALIA GAS HOLDINGS PTY LTD,69081089170,1592059105,29214658,,2018-19
CONSOLIDATED MINERALS HOLDINGS (AUSTRALIA) PTY LTD,88127662257,452436259,,,2018-19
CONSTELLATION SOFTWARE AUSTRALIA PTY LIMITED,50141627232,202813603,36991168,10774804,2018-19
CONSTRUCTION CONTROL PTY LIMITED,79150745154,447142310,18095339,5428602,2018-19
CONTINENTAL PTY LTD,46004390587,145772812,4045702,1213711,2018-19
COOGEE CHEMICALS PTY LTD,37008747500,249076271,37128698,8284788,2018-19
COOK AUSTRALIA PTY LTD,27141258648,256097277,19670939,4126928,2018-19
CO-OPERATIEVE RABOBANK U.A.,70003917655,582111187,42085557,12625667,2018-19
COOPERS BREWERY LIMITED,13007871409,258851074,23191069,6841892,2018-19
COPYRIGHT AGENCY LIMITED,53001228799,150850012,,,2018-19
CORANAR (AUSTRALIA) PTY LTD,12114668727,194061482,93507289,28052187,2018-19
CORELOGIC AUSTRALIA HOLDINGS PTY LIMITED,75150637406,154094635,31277079,6333984,2018-19
CORONADO AUSTRALIA HOLDINGS PTY LTD,23623524989,1610942002,34749290,10424787,2018-19
CORONIS HEALTH HOLDCO PTY LTD,53617868916,244929762,10496915,3149074,2018-19
CORPORATE TRAVEL MANAGEMENT LIMITED,17131207611,177553161,47179187,13308632,2018-19
COSTA GROUP HOLDINGS LIMITED,68151363129,478843771,18877902,4321066,2018-19
COSTCO WHOLESALE AUSTRALIA PTY LTD,57104012893,2161428105,42190834,12657250,2018-19
COTY AUSTRALIA HOLDINGS PTY LTD,52626169711,291792367,11947812,3584344,2018-19
COUNTRY GARDEN AUSTRALIA PTY LTD,45165045125,439035350,1869856,560957,2018-19
COUNTRY ROAD GROUP PTY LTD,78006759182,1049977932,91019829,27096591,2018-19
COUNTRYWIDE AUSTRALASIA LIMITED,34068162676,321171932,1155016,346505,2018-19
COVENTRY GROUP LTD,37008670102,187436922,,,2018-19
COX AUTOMOTIVE AUSTRALIA PTY LTD,97090535505,212859941,2787363,804774,2018-19
CPA AUSTRALIA LTD,64008392452,184795318,907840,,2018-19
CRAIG MOSTYN HOLDINGS PTY LIMITED,14008398356,323077197,10538091,389890,2018-19
CRANPORT PTY LIMITED,77003854000,302494377,449089,,2018-19
CRAWFORD & COMPANY (AUSTRALIA) PTY LTD,11002317133,101125984,15236755,4559388,2018-19
CREDIT AGRICOLE CIB AUSTRALIA LIMITED,32002540409,171673000,60437884,18131365,2018-19
CREDIT CORP GROUP LIMITED,33092697151,286994824,94588914,28291379,2018-19
CREDIT SUISSE AG,17061700712,483921727,21289997,6386999,2018-19
CREDIT SUISSE HOLDINGS (AUSTRALIA) LIMITED,96008496713,453813178,17567385,5117301,2018-19
CREDIT UNION AUSTRALIA LIMITED,44087650959,555842237,83910353,20398637,2018-19
CRISTAL INORGANIC CHEMICALS AUSTRALIA PTY LTD,20125123784,668908894,,,2018-19
CROWN EQUIPMENT PTY LIMITED,79000514858,424843315,6596526,1978958,2018-19
CROWN GROUP HOLDINGS PTY LTD,47125413443,478638056,16141131,4842339,2018-19
CROWN RESORTS LIMITED,39125709953,3254022868,160225120,45580944,2018-19
CS (AUSTRALIA) PTY LIMITED,84093488361,671922809,,,2018-19
CSG INTERNATIONAL PTY LTD,33082026551,103945257,5009018,,2018-19
CSG LIMITED,64123989631,115324255,,,2018-19
CSL LIMITED,99051588348,2717054407,169311636,,2018-19
CSR LIMITED,90000001276,2222817681,152528065,5207303,2018-19
CTI LOGISTICS LIMITED,69008778925,213022264,5299845,1588772,2018-19
CUA HEALTH LIMITED,98098685459,147773848,8976521,2428417,2018-19
CUBIC TRANSPORTATION SYSTEMS (AUSTRALIA) PTY LTD,82003617561,203786262,19493291,5847987,2018-19
CUMMINS FILTRATION INTERNATIONAL CORPORATION,60007505473,123862885,6742719,2022816,2018-19
CUMMINS SOUTH PACIFIC PTY LTD,42006332949,963058000,117887977,35361400,2018-19
CUSCAL LTD,95087822455,271440584,24335602,3720390,2018-19
CW RETAIL TRUST,73738358083,2160732984,302635060,90790518,2018-19
CWF HOLDINGS PTY LTD,66142083323,106698279,,,2018-19
CXC CORPORATE SERVICES PTY LTD,58150274007,434335588,410433,123130,2018-19
D & M LYONE HOLDINGS PTY LTD,45102456851,214341587,12295431,3684887,2018-19
D.E HOLDING AUSTRALIA PTY LTD,16100632595,287566931,49961486,14988446,2018-19
DAC FINANCE PTY LIMITED,28129420444,636776347,17543004,5262901,2018-19
DACIAN GOLD LIMITED,61154262978,133867154,,,2018-19
DAEWOO SHIPBUILDING & MARINE ENGINEERING CO LTD,51150763232,194816848,235361,70608,2018-19
DAHENA PTY LIMITED,34003081061,244081580,27491796,8247459,2018-19
DAHLSENS BUILDING CENTRES PTY LTD,30005032333,228512770,,,2018-19
DAHUA GROUP SYDNEY INVESTMENT PTY LTD,22606376416,113358299,,,2018-19
DAIKIN AUSTRALIA PTY LTD,62000172967,862841028,47443797,13627454,2018-19
DAIMLER AUSTRALIA/PACIFIC PTY LTD,50004348421,4035662000,117155012,35146504,2018-19
DAIRY FARMERS MILK CO-OPERATIVE LIMITED,74669522867,130122528,755173,423,2018-19
DAIWA HOUSE AUSTRALIA PTY LTD,90169473241,377451080,13639282,4091785,2018-19
DALRYMPLE BAY COAL TERMINAL PTY LTD,12010268167,240806230,25021214,7506364,2018-19
DAMPIER SALT LTD,30008706590,360227160,40828023,12248407,2018-19
DANAHER AUSTRALIA HOLDING PTY LTD,80122016424,409846387,57816718,,2018-19
DAN-BUNKERING (AUSTRALIA) PTY LTD,26123643952,167825688,1321499,396450,2018-19
DARACON CONTRACTORS PTY LIMITED,82002344667,263049517,2340397,702119,2018-19
DARWIN LNG PTY LTD,48085130981,2041274365,164311640,49129416,2018-19
DATA #3 LIMITED,31010545267,1411601003,29817533,8945260,2018-19
DATACOM AUSTRALIA HOLDINGS PTY LIMITED,45094235373,544804784,,,2018-19
DAVIS LANGDON PROPERTY SERVICES PTY LTD,97006986947,760835440,45720787,5929623,2018-19
DBS BANK LTD,46601105373,194289145,68592004,20577601,2018-19
DECMIL GROUP LIMITED,35111210390,564932802,,,2018-19
DECODE SYDNEY PTY LTD,49604521173,205819046,8554473,2566342,2018-19
DEFENCE HOUSING AUSTRALIA,72968504934,1017468788,56615417,16984625,2018-19
DEGREMONT PROCESS COMPANY PTY LTD,32169392876,106955236,,,2018-19
DEICORP PTY LTD,55138180337,303681500,11014429,3304329,2018-19
DELAWARE NORTH COMPANIES AUSTRALIA PTY LTD,92003435345,353548910,,,2018-19
DELIVEROO AUSTRALIA PTY LTD,73607915640,105800867,,,2018-19
DELL AUSTRALIA PTY LIMITED,46003855561,296611935,61081537,18125498,2018-19
DE'LONGHI AUSTRALIA PTY LIMITED,49104012857,159703179,3085567,924120,2018-19
DELTA ELECTRICITY PTY LTD,66620205263,650233063,167161798,50148539,2018-19
DELTA GROUP HOLDINGS PTY LTD,37159149185,462228877,21542970,6462891,2018-19
DEMATIC HOLDINGS PTY LTD,50121488202,174449390,,,2018-19
DENGKOL PTY LTD,82005518258,333892266,7501853,642474,2018-19
DENNIS FAMILY HOLDINGS PTY LTD,39097641855,416822568,8425236,2527571,2018-19
DENTSPLY SIRONA PTY LIMITED,87111950602,123844720,8760319,2628096,2018-19
DENTSU AEGIS NETWORK AUSTRALIA HOLDINGS PTY LTD,60147301700,338155618,5339493,,2018-19
DESA AUSTRALIA PTY LIMITED,51007066855,126283602,3859776,1157933,2018-19
DETMOLD HOLDINGS PTY LTD,87007527022,221340229,5054212,,2018-19
DEUTSCHE AUSTRALIA LIMITED,37006385593,431728927,11335592,3400678,2018-19
DEUTSCHE BANK AKTIENGESELLSCHAFT,13064165162,717711161,,,2018-19
DEVICE TECHNOLOGIES AUSTRALIA PTY LTD,40058091973,200547526,4339409,647409,2018-19
DEXUS OPERATIONS TRUST,69645176383,381282747,156962137,47088641,2018-19
DFS AUSTRALIA PTY LTD,98002625809,145626582,11519901,3455970,2018-19
DHL EXPRESS (AUSTRALIA) PTY LTD,62001112929,550670226,22475390,6742617,2018-19
DHL GLOBAL FORWARDING (AUSTRALIA) PTY LIMITED,62002636124,1297908912,59592046,17877614,2018-19
DIAGEO AUSTRALIA LIMITED,33004167720,577137828,53525484,15601984,2018-19
DIB GROUP PTY LIMITED,87002889474,1521050864,37971155,11391346,2018-19
DIC AUSTRALIA PTY LTD,12000079550,114485036,,,2018-19
DICKER DATA LIMITED,95000969362,1407149027,48423545,14466668,2018-19
DIRECT FREIGHT EXPRESS PTY LIMITED,66060136870,267524153,9143362,2743009,2018-19
DIRECT GROUP INVESTMENTS PTY LTD,67602302205,256208893,,,2018-19
DITH AUSTRALIA PTY LTD,21620953166,243829699,,,2018-19
DOF SUBSEA AUSTRALIA PTY LTD,53083000239,115731858,,,2018-19
DOMAIN HOLDINGS AUSTRALIA LIMITED,43094154364,249183221,61664747,14204847,2018-19
DOMETIC AUSTRALIA PTY LTD,62086366305,197230265,11525208,3446077,2018-19
DOMINO'S PIZZA ENTERPRISES LIMITED,16010489326,461197058,138718143,35429197,2018-19
DONALDSON AUSTRALASIA PTY LIMITED,78000521200,107977683,14883432,4465030,2018-19
DONEILYN PTY LTD,69007544836,275600873,5066029,984095,2018-19
DORAY MINERALS LIMITED,48138978631,115830329,,,2018-19
DORIC GROUP HOLDINGS PTY LTD,16080922461,207096040,,,2018-19
DORMA DOOR CONTROLS PTY LTD,82005869447,223598906,28567404,8570221,2018-19
DORSOGNA LIMITED,27063427752,218113320,7647411,897085,2018-19
DOTERRA AUSTRALIA PTY LTD,26145700689,155566658,7412726,2223818,2018-19
DOW AGROSCIENCES AUSTRALIA LIMITED,24003771659,149391056,7356852,2207056,2018-19
DOW CHEMICAL (AUSTRALIA) PTY LTD,72000264979,233080020,,,2018-19
DOW PERFORMANCE MATERIALS (AUSTRALIA) PTY LTD,29004513188,167007036,,,2018-19
DOWNER EDI LIMITED,97003872848,7668826743,94086553,11450451,2018-19
DP WORLD AUSTRALIA (HOLDING) PTY LIMITED,58147892715,583509800,,,2018-19
DP WORLD AUSTRALIA (POSN) PTY LTD,19129842057,318162928,13552670,4065801,2018-19
DR. OETKER QUEEN AUSTRALIA PTY LTD,92606358516,103487280,6987274,1883234,2018-19
DRAEGER AUSTRALIA PTY LTD,99098885539,119654464,3717197,1108576,2018-19
DRAKE AUSTRALIA PTY LTD,42004939771,130838163,3506,,2018-19
DRAMET PTY LTD,59109544425,260684430,1386587,394037,2018-19
DRYSDALE INVESTMENTS PTY LTD,86104614422,534172270,2375920,,2018-19
DSI HOLDINGS 2 AUSTRALIA PTY LIMITED,49151658785,311182485,28093276,7237101,2018-19
DSM NUTRITIONAL PRODUCTS AUSTRALIA PTY LIMITED,36000991793,155211312,8443495,818203,2018-19
DSV AIR AND SEA PTY LTD,47002275676,154189045,,,2018-19
DTZ AUS HOLDCO PTY LTD,36602106936,710029612,,,2018-19
DUCALA PTY LTD,38008031874,208652856,5657926,1697378,2018-19
DUPONT (AUSTRALIA) PTY LTD,59000716469,237948267,8115856,2380658,2018-19
DXC TECHNOLOGY AUSTRALIA HOLDINGS PTY LIMITED,33120570390,1923886934,,,2018-19
DYNAMIC SUPPLIES INVESTMENTS PTY LTD,52088062837,246625367,10854719,2271809,2018-19
DYSON APPLIANCES (AUST.) PTY LIMITED,50073072509,407734665,20208403,6062521,2018-19
E SUN COMMERCIAL BANK LTD,60606234879,114647067,,,2018-19
EAST YARRA FRIENDLY SOCIETY PTY LTD,44087648913,283217180,13331352,3999406,2018-19
EATON INDUSTRIES PTY LTD,66103014571,296061957,7473826,2162017,2018-19
ECLIPX GROUP LIMITED,85131557901,561747575,30029478,9008843,2018-19
ECOLAB PTY LTD,59000449990,427546296,21855636,6273724,2018-19
ECOM COMMODITIES PTY LTD,65089892713,148901596,,,2018-19
EDEN BRAE HOLDINGS PTY LIMITED,42083807489,284880335,30048078,9014423,2018-19
EDU HOLDINGS SPV PTY LTD,34143998127,287924326,,,2018-19
EDUCATION AUSTRALIA LIMITED,63008597831,921148092,29051036,3394875,2018-19
EFN (AUSTRALIA) PTY LIMITED,90607344650,334681359,,,2018-19
EHPO TRUST,94501657720,158743688,,,2018-19
EINHELL HOLDING AUSTRALIA PTY LTD,12163099885,158992417,21688033,6506410,2018-19
ELDERS LIMITED,34004336636,1619585206,14364498,,2018-19
ELECNOR AUSTRALIA PTY LTD,90164831930,255524163,46086542,13825963,2018-19
ELECTRA CABLES (AUST) PTY LIMITED,38056024385,239559944,9394116,2818166,2018-19
ELECTRANET PTY LIMITED,41094482416,389500767,77518995,23255698,2018-19
ELECTROLUX HOME PRODUCTS PTY LIMITED,51004762341,750148330,14561654,2884980,2018-19
ELECTRONICS BOUTIQUE AUSTRALIA PTY LTD,50077681442,861068508,19015316,5704595,2018-19
ELI LILLY AUSTRALIA PTY LIMITED,39000233992,244734295,58178374,8683187,2018-19
EMC AUSTRALIA PTY LIMITED,34143603123,575793687,34738357,10421507,2018-19
EMECO HOLDINGS LIMITED,89112188815,469067570,,,2018-19
EMERGENT COLD TOPCO PTY LTD,80622089909,185886154,,,2018-19
EMERGING ENERGY SOLUTIONS GROUP PTYLTD,34152953412,420823928,,,2018-19
EMERSON PROCESS MANAGEMENT AUSTRALIA PTY LTD,99004590005,241386192,20897961,6264716,2018-19
EMIRATES LEISURE RETAIL (AUSTRALIA) PTY LTD,76131473679,1134410636,,,2018-19
EMPIRED LIMITED,81090503843,116359552,1093873,,2018-19
EMPLOYERS MUTUAL LIMITED,67000006486,341914598,23353170,3404461,2018-19
EMPLOYERS MUTUAL MANAGEMENT PTY LTD,11001735191,275173744,570567,171170,2018-19
EMPLOYERS MUTUAL NSW LIMITED,52003201885,140880871,4207,1262,2018-19
EMPLOYSURE PTY LIMITED,40145676026,133223798,25657910,7697373,2018-19
EMR CAPITAL RF II GOLDEN GROVE LP,68938347066,409042591,105744319,31723296,2018-19
ENAK HOLDINGS PTY LTD,94151868772,1073900913,39307762,11552758,2018-19
ENDEAVOUR ENERGY NETWORK MANAGEMENT PTY LTD,22617221495,315773861,,,2018-19
ENDEAVOUR WOOL EXPORTS PTY LTD,28621014293,209565086,155280,46584,2018-19
ENDEMOL SHINE AUSTRALIA HOLDINGS PTY LTD,94134845364,148982669,,,2018-19
ENERGIZER AUSTRALIA PTY LIMITED,91003539026,121040132,1898500,552546,2018-19
ENERGY INFRASTRUCTURE TRUST,23779151748,285246366,95873068,21324504,2018-19
ENERGY POWER SYSTEMS AUSTRALIA PTY LTD,80055274514,215821826,15283158,4584947,2018-19
ENERGY RESOURCES OF AUSTRALIA LTD,71008550865,218007096,,,2018-19
ENERGYAUSTRALIA HOLDINGS LIMITED,57101876135,7381148435,809094332,240926398,2018-19
ENERMECH PTY LTD,32136435062,343167685,45183955,13344067,2018-19
ENERSYS AUSTRALIA PTY LTD,52103740290,135481738,,,2018-19
ENERVEN ENERGY INFRASTRUCTURE PTY LTD,31621124909,212827999,5846230,1753869,2018-19
ENGENCO LTD,99120432144,171529897,,,2018-19
ENGIE SERVICES AUSTRALIA & NEW ZEALAND HOLDINGS PTY LTD,96160362792,128564734,,,2018-19
ENI AUSTRALIA BV,18092812023,128548047,,,2018-19
ENI JPDA 03-13 LIMITED,14054729930,207469634,66285,19886,2018-19
ENSCO AUSTRALIA PTY LTD,79100601634,217664363,9304816,2791445,2018-19
ENSHAM COAL SALES PTY LTD,13050411713,705946020,,,2018-19
ENSIGN (AUSTRALIA) HOLDINGS PTY LTD,71100195426,119955876,,,2018-19
EP2 MANAGEMENT PTY LTD,25149908289,123344384,3373546,1012064,2018-19
EPHARMACY HOLDINGS PTY LTD,18612656701,239557818,12599293,3779788,2018-19
EPIROC SOUTH PACIFIC HOLDINGS PTY LTD,87107374550,387076062,31756346,9526904,2018-19
EPSON AUSTRALIA PTY LTD,91002625783,205420898,8746626,2623988,2018-19
EQUIFAX AUSTRALIA HOLDINGS PTY LTD,37609497494,409409022,,,2018-19
EQUINIX AUSTRALIA PTY LTD,25092807264,246846533,20223313,6066994,2018-19
ERM POWER LIMITED,28122259223,3335144853,3097545,929264,2018-19
ESR REAL ESTATE (AUSTRALIA) PTY LTD,64625761962,168775915,,,2018-19
ESSILOR AUSTRALIA PTY LTD,96002659458,140325319,2852267,,2018-19
ESTEE LAUDER PTY LIMITED,63008444719,288933901,42913146,12869942,2018-19
ESTHER INVESTMENT PTY LTD,68004459536,239942525,930019,279006,2018-19
ESTIA HEALTH LIMITED,37160986201,585985000,57189107,17156732,2018-19
ETIHAD AIRWAYS PJSC,40123078688,439624800,,,2018-19
ETSA UTILITIES FINANCE PTY LTD,78091701825,131594503,,,2018-19
EUREKA OPERATIONS PTY LTD,78104811216,490055593,14249189,4274757,2018-19
EUROPCAR HOLDING PTY LTD,72130750640,216117581,17558123,5267437,2018-19
EVAND PTY LTD,59072254007,236519223,32992939,9889713,2018-19
EVANS DIXON LIMITED,54609913457,196668440,30176197,8013825,2018-19
EVENT HOSPITALITY AND ENTERTAINMENT LIMITED,51000005103,688530028,191361970,56187127,2018-19
EVOLUTION MINING LTD,74084669036,1517531024,182579346,51185154,2018-19
EW PACIFIC PTY LTD,,223470390,4304152,1291246,2018-19
EXCHANGE FOR CHANGE (NSW) PTY LIMITED,12620512469,363153663,3133759,940128,2018-19
EXPEDIA AUSTRALIA PTY LTD,12101694946,153833637,263659,57845,2018-19
EXPEDITION INVESTMENTS PTY LTD,,751810408,751187773,,2018-19
EXPEDITORS INTERNATIONAL PTY LIMITED,79003337282,141341706,14513673,4354102,2018-19
EXPERIENCE CO LIMITED,56167320470,133249783,,,2018-19
EXXONMOBIL AUSTRALIA PTY LTD,48091561198,13293222200,,,2018-19
F K GARDNER & SONS PTY LTD,99010136053,278672364,6266647,1879994,2018-19
FACEBOOK AUSTRALIA PTY LIMITED,83134012543,581978850,51394291,15418287,2018-19
FACTORY MUTUAL INSURANCE COMPANY,47163108861,300461622,9617576,2885273,2018-19
FAIRBROTHER PTY LTD,51009510561,262745989,5940098,1687283,2018-19
FAIRFAX MEDIA LIMITED,15008663161,449639170,29248799,1627303,2018-19
FAR EAST CONSORTIUM HOLDINGS (AUSTRALIA) PTY LTD,80062878880,115278869,,,2018-19
FAR EAST LAND (AUSTRALIA) PTY LTD,74166129915,100673914,,,2018-19
FCA AUSTRALIA PTY LIMITED,23125956505,600717537,,,2018-19
FCCD (AUSTRALIA) PTY LTD,16134182380,130122965,8584094,2575228,2018-19
FDC GROUP HOLDINGS PTY LTD,68615183358,1047529074,59578627,17757720,2018-19
FEDEX EXPRESS AUSTRALIA PTY LTD,51624271487,1504648845,4288593,1231905,2018-19
FENNER (PACIFIC) PTY LIMITED,49000231532,112947859,6473748,1940090,2018-19
FERRARI AUSTRALASIA PTY LIMITED,90160706141,117117247,3722924,1116877,2018-19
FERRERO AUSTRALIA PTY LIMITED,29001249261,267211709,8967116,1828670,2018-19
FERROVIAL SERVICES AUSTRALIA PTY LTD,74609542556,2725254712,,,2018-19
FIL INVESTMENT MANAGEMENT (AUSTRALIA) LIMITED,34006773575,110973211,11972833,3591850,2018-19
FINASUCRE INVESTMENTS (AUSTRALIA) PTY LIMITED,23062315593,243177659,,,2018-19
FINISAR AUSTRALIA PTY LTD,45098184582,189892328,28554395,,2018-19
FINITE GROUP APAC PTY LIMITED,43085406300,388435853,26597521,7979256,2018-19
FIRCROFT AUSTRALIA PTY LTD,58100091245,221476120,7536369,2137233,2018-19
FIRCROFT TECHNICAL SERVICES AUSTRALIA PTY LTD,52612348222,327950221,,,2018-19
FIRST DATA RESOURCES INVESTMENTS PTY LTD,63057257771,131307262,,,2018-19
FIRST SOLAR (AUSTRALIA) PTY LTD,66141686946,114420957,2658114,797434,2018-19
FIS AUSTRALASIA PTY LTD,45093114759,106053928,29218862,7905340,2018-19
FISHER & PAYKEL AUSTRALIA HOLDINGS LIMITED,19003659425,466622207,8834777,2583504,2018-19
FITBIT (AUSTRALIA) PTY LTD,37168857494,108444357,6873238,2061972,2018-19
FITNESS AND LIFESTYLE GROUP TOPCO PTY LTD,50614113192,533840458,,,2018-19
FITZROY AUSTRALIA RESOURCES PTY LTD,14615772391,553988059,79679517,23903855,2018-19
FLETCHER BUILDING (AUSTRALIA) PTY LTD,11093539452,3114730538,,,2018-19
FLETCHER BUILDING INTERNATIONAL LP,15597295270,139124237,1299785,389936,2018-19
FLETCHER INTERNATIONAL GROUP PTY LTD,75626211907,653486804,22265069,6679460,2018-19
FLEXIGROUP LIMITED,75122574583,378792594,33175485,9086267,2018-19
FLIGHT CENTRE TRAVEL GROUP LIMITED,25003377188,1525408939,130673595,36495843,2018-19
FLINDERS PORT HOLDINGS PTY LTD,46117687313,264059836,50472012,15141604,2018-19
FLOATEL AUSTRALIA PTY LTD,81602694842,164413235,16749330,5024799,2018-19
FLORA GREEN PTY LTD,47608829214,5851704122,117411713,15212593,2018-19
FLSMIDTH PTY LTD,85000221590,366933592,16228791,4859846,2018-19
FLUOR AUSTRALIA PTY LTD,28004511942,665285416,,,2018-19
FMC AUSTRALASIA PTY LTD,45095326891,131916336,5351496,793190,2018-19
FOOD INVESTMENTS PTY LIMITED,85008426177,2283837573,110605883,11711242,2018-19
FOOT LOCKER AUSTRALIA INC,22619093977,218836988,13700729,4110219,2018-19
FORD MOTOR COMPANY OF AUSTRALIA LTD,30004116223,3176008499,51110260,,2018-19
FORMBAY TRADING PTY LTD,31146464995,211330921,2461809,738543,2018-19
FORTESCUE METALS GROUP LIMITED,57002594872,12301363067,5661962372,1671425248,2018-19
FOX & LILLIE HOLDINGS PTY. LTD.,57004604844,573535516,3083579,925074,2018-19
FOXCONN AUSTRALIA PTY LTD,38114305494,140566440,1364952,409486,2018-19
FOXLEIGH COAL PTY LTD,24125986549,284167226,75205260,12562607,2018-19
FPW HOLDINGS AUSTRALIA PTY LTD,55600457430,1025058358,,,2018-19
FRAGRANCE SOUTH PACIFIC PTY LTD,98167894662,156015949,31850634,9555190,2018-19
FRASERS (FPA) PTY LIMITED,80131011026,452872816,141947382,42584215,2018-19
FRASERS PROPERTY AUSTRALIA PTY LIMITED,89600448726,950638890,210220754,63066226,2018-19
FREEDOM ENERGY HOLDINGS PTY LTD,24093243844,1525865398,2092041,627612,2018-19
FREEDOM FOODS GROUP LIMITED,41002814235,480713714,,,2018-19
FREIGHT MANAGEMENT HOLDINGS PTY LTD,14144724532,261338163,5273893,,2018-19
FREMANTLEMEDIA AUSTRALIA HOLDINGS PTY LIMITED,83001076142,119792672,,,2018-19
FREQUENCY INFRASTRUCTURE AUSTRALIA HOLDINGS PTY LIMITED,27136262952,284887002,,,2018-19
FRESENIUS MEDICAL CARE AUSTRALIA PTY LIMITED,80067557877,172275363,,,2018-19
FRESENIUS MEDICAL CARE DAY HOSPITAL HOLDINGS PTY LTD,82615724000,155126896,13881756,4164527,2018-19
FRESHMAX GROUP PTY LIMITED,33154789321,285848319,,,2018-19
FREUDENBERG HOUSEHOLD PRODUCTS PTY LTD,99082274324,113355381,7220836,2166251,2018-19
FRIENDLY SOCIETY MEDICAL ASSOCIATION LIMITED,69088347602,269602727,,,2018-19
FRONIUS AUSTRALIA PTY LTD,65144615896,149667074,24680388,7400895,2018-19
FRONTIER INTERNATIONAL AGRI PTY LTD,78166496064,243965571,,,2018-19
FRUCOR SUNTORY AUSTRALIA PTY LIMITED,73060091536,364865744,11335849,3400755,2018-19
FTA FOOD SOLUTIONS PTY LTD,82059480054,245954562,5328467,1598540,2018-19
FUCHS LUBRICANTS (AUSTRALASIA) PTY LTD,88005681916,218349339,18376496,5512949,2018-19
FUGRO HOLDINGS (AUSTRALIA) PTY LTD,99003010099,239104446,,,2018-19
FUJI XEROX AUSTRALIA PTY. LTD,63000341819,957459376,88245359,26363580,2018-19
FUJIFILM HOLDINGS AUSTRALASIA PTY LIMITED,58008443892,192151440,6478503,1943551,2018-19
FUJITSU AUSTRALIA LIMITED,19001011427,929103355,53938421,14366035,2018-19
FUJITSU GENERAL (AUST) PTY LIMITED,55001229554,246823889,8736105,2620832,2018-19
FULLERTON HEALTH AUSTRALIA PTY LTD,41164892924,122591553,,,2018-19
FULTON HOGAN AUSTRALIA PTY LTD,42135849115,2683903474,60163778,17611990,2018-19
FUNLAB GROUP LIMITED,19615722113,112145584,5113743,1534123,2018-19
FUTURE FUND INVESTMENT COMPANY NO. 1 PTY LTD,81130318188,297252874,42420802,11421837,2018-19
FUTURE FUND INVESTMENT COMPANY NO. 2 PTY LTD,90130788493,1535294514,175421257,42921995,2018-19
FUTURE FUND INVESTMENT COMPANY NO. 3 PTY LTD,40134338882,2912517867,299049971,80833779,2018-19
FUTURE FUND INVESTMENT COMPANY NO.4 PTY LTD,47134338908,2713837637,772646159,231793848,2018-19
FUTURE FUND INVESTMENT COMPANY NO.5 PTY LTD,51134338926,2272443254,,,2018-19
FX HOLDCO PTY LIMITED,33609955062,269794719,117456984,35237095,2018-19
G & K O'CONNOR PTY LTD,49005934029,231509658,2371036,711311,2018-19
G JAMES PTY LTD,25009696404,421228479,,,2018-19
G&W AUSTRALIA HOLDINGS LP,30124868215,427389508,35344652,10603396,2018-19
G.U.D. HOLDINGS LIMITED,99004400891,405454415,80905431,22864917,2018-19
G4S AUSTRALIA HOLDINGS PTY LTD,68128783602,280637431,13424257,4027277,2018-19
G8 EDUCATION LIMITED,95123828553,872374974,110234307,33070292,2018-19
GAIF 4-1 BORROWER COMPANY PTY LIMITED,55134604176,253931847,,,2018-19
GALAXY RESOURCES LTD,11071976442,224239367,,,2018-19
GALDERMA AUSTRALIA PTY LIMITED,12003976930,141591883,28538479,8561544,2018-19
GARMIN AUSTRALASIA PTY LIMITED,85129153448,176718109,5707187,1712156,2018-19
GARNET INTERNATIONAL RESOURCES PTY LTD,77081244715,159038748,74374366,21702897,2018-19
GARTNER AUSTRALASIA PTY LTD,69003708601,219615499,11489304,3446791,2018-19
GASMAK PTY LIMITED,71157730580,212942102,3969309,1190793,2018-19
GATE GOURMET (HOLDINGS) PTY LIMITED,59004122892,257672610,1694117,508235,2018-19
GE HEALTHCARE AUSTRALIA PTY LIMITED,32001408402,354694563,19481742,5844523,2018-19
GE OIL & GAS HOLDINGS AUSTRALIA PTY LTD,77618893226,637471811,61451352,18435406,2018-19
GE POWER HOLDINGS AUSTRALIA PTY LTD,18143300985,317046188,,,2018-19
GEA PROCESS ENGINEERING PTY LTD,26000689618,138727027,8074830,2422449,2018-19
GENERAL ELECTRIC INTERNATIONAL INC,85002420751,1025792456,130421740,39126522,2018-19
GENERAL MILLS HOLDING (AUSTRALIA) PTY LTD,50095075808,336280671,44974434,4792780,2018-19
GENERAL MOTORS HOLDEN AUSTRALIA LTD,39603486844,2153395064,7757065,,2018-19
GENERAL REINSURANCE AUSTRALIA LIMITED,16008427450,388486556,1229779,338783,2018-19
GENESIS CARE PTY LIMITED,38137188464,448277655,13632764,956287,2018-19
GENESYS LABORATORIES AUSTRALASIA PTY LTD,80077375887,100552655,9437506,2831252,2018-19
GENWORTH MORTGAGE INSURANCE AUSTRALIA LIMITED,72154890730,413077985,106774889,28223074,2018-19
GEO GROUP AUSTRALASIA PTY LTD,79051914688,453158506,,,2018-19
GEOCON CONSTRUCTORS (ACT) PTY LTD,56163299769,204341977,3014387,904316,2018-19
GEODIS HOLDING AUSTRALIA PTY LTD,76001193193,356049236,11243214,3372964,2018-19
GEOFABRICS AUSTRALASIA PTY LTD,23005479961,100538168,6644899,1552555,2018-19
GEORGIOU GROUP PTY LTD,82073851948,437981131,2851144,855343,2018-19
GERALDTON FISHERMEN'S CO-OPERATIVE LTD,52425663385,372285859,,,2018-19
GERALDTON FUEL CO PTY LTD,29002844162,211150505,4448199,1334460,2018-19
GETINGE AUSTRALIA PTY LIMITED,67009673518,106897925,2565584,769675,2018-19
GFN ASIA PACIFIC HOLDINGS PTY LTD,28620127791,131562005,,,2018-19
GHD GROUP LTD,32118062258,1090656248,110940883,32138965,2018-19
GIBSON'S LIMITED,23009476064,210876149,23981834,6418809,2018-19
GILEAD SCIENCES PTY LTD,71072611708,353237874,20552458,3776985,2018-19
GIVAUDAN AUSTRALIA PTY LIMITED,87000470280,109221704,3023821,,2018-19
GL COLLINS STREET HOLDING BV,,106910209,,,2018-19
GLAXOSMITHKLINE CONSUMER HEALTHCARE AUSTRALIA PTY LTD,68603310292,172333087,6703295,2010989,2018-19
GLAXOSMITHKLINE HOLDINGS PTY LTD,75000465878,1124616533,19880608,,2018-19
GLENCORE GRAIN HOLDINGS AUSTRALIA PTY LIMITED,81161229867,2509739854,154340847,46302254,2018-19
GLENCORE HOLDINGS PTY LIMITED,41104160689,1512617692,110309961,11030996,2018-19
GLENCORE INVESTMENT PTY LIMITED,67076513034,20679630178,3297891312,813772811,2018-19
GLOBAL BLUE CURRENCY CHOICE AUSTRALIA PTY LTD,43092237968,402935372,,,2018-19
GLOBAL SWITCH AUSTRALIA HOLDINGS PTY LTD,35138200049,291469684,6711469,2013441,2018-19
GLOBAL TRADE HOLDING PTY LTD,51169199366,1044082007,84489,25347,2018-19
GLOBAL VALUE FUND LIMITED,90168653521,235086067,5180692,1212693,2018-19
GLORIOUS SUN (AUSTRALIA) PTY LTD,45091122020,150515923,,,2018-19
GLYNWED PACIFIC HOLDINGS PTY LTD,50008100703,567763746,22675172,6802552,2018-19
GMP PHARMACEUTICALS PTY LIMITED,80063353006,214788143,53669270,15224493,2018-19
GOLD FIELDS AUSTRALIA PTY LTD,91098385285,1505736073,318377370,93725061,2018-19
GOLDEN COCKEREL PTY LTD,84009906432,253623972,1892094,1730,2018-19
GOLDER ASSOCIATES PTY LTD,64006107857,197796945,604765,,2018-19
GOLDMAN SACHS HOLDINGS ANZ PTY LIMITED,27151154791,1540335029,95902331,23965882,2018-19
GOODMAN LIMITED,69000123071,629508094,,,2018-19
GOODYEAR AUSTRALIA PTY LTD,75000017489,859706199,,,2018-19
GOOGLE AUSTRALIA PTY LIMITED,33102417032,1074093234,200343341,51413751,2018-19
GOVE ALUMINIUM FINANCE LIMITED,45001860073,632192050,44626311,10427584,2018-19
GPC ASIA PACIFIC HOLDINGS PTY LTD,80162550978,1393997282,62906499,18547339,2018-19
GPT MANAGEMENT HOLDINGS LIMITED,67113510188,189574785,38512995,11553898,2018-19
GR ENGINEERING SERVICES LIMITED,12121542738,182779896,1765731,,2018-19
GRACE WORLDWIDE (AUSTRALIA) PTY LTD,90070345845,200295025,15235303,4567415,2018-19
GRAINCORP LIMITED,60057186035,4025523057,,,2018-19
GRAND HOTEL COMPANY PTY LTD,51073486003,110323103,3011633,903490,2018-19
GRANGE RESOURCES LIMITED,80009132405,406550134,98576491,29315751,2018-19
GRANT THORNTON AUSTRALIA LIMITED,41127556389,258815616,56560222,16955369,2018-19
GRAPHIC PACKAGING INTERNATIONAL AUSTRALIA PTY LTD,22057776888,162501968,,,2018-19
GREATER BANK LIMITED,88087651956,302616308,44838849,13451655,2018-19
GREENCROSS LIMITED,58119778862,489144659,43468644,2553029,2018-19
GREENLAND (AUSTRALIA) INVESTMENT PTY LIMITED,38163240408,405246736,,,2018-19
GREENLIT BRANDS PTY LIMITED,21612890874,2136554355,,,2018-19
GREENSTONE HOLDCO PTY LIMITED,38612810232,386788105,,,2018-19
GRIFFON AUSTRALIA HOLDINGS PTY LIMITED,35156377356,225032104,23943815,7183144,2018-19
GRILL'D PTY LTD,17106297394,247596288,1156390,346917,2018-19
GRINDING MEDIA PTY LTD,47615611759,425205782,38937339,,2018-19
GROCERY DELIVERY E-SERVICES AUSTRALIA PTY LIMITED,19155437620,266111957,3709103,1112731,2018-19
GROCERY HOLDINGS PTY LTD,27007427581,2408495268,4481513,1344454,2018-19
GROCON GROUP HOLDINGS PTY LTD,82148964890,203230110,,,2018-19
GROOTE EYLANDT MINING COMPANY PTY LTD,26004618491,2291406980,1082527927,324758378,2018-19
GROSNECCA AGRICULTURE HOLDINGS PTY LTD,70607142870,554240171,32155362,8139591,2018-19
GROUP ZARA AUSTRALIA PTY LTD,64089376349,311915207,18005430,5401629,2018-19
GRUNDFOS AUSTRALIA HOLDING PTY LTD,31162450259,144278640,,,2018-19
GS COAL HOLDINGS PTY LTD,56166342427,770016116,284424144,84950951,2018-19
GTN LIMITED,38606841801,102360000,14121976,4236593,2018-19
GUARDFORCE INVESTMENT HOLDINGS PTY LIMITED,46610494105,175864188,,,2018-19
GUCCI AUSTRALIA PTY LIMITED,49093354548,422404205,38994849,11698455,2018-19
GUILD GROUP HOLDINGS LTD,72060237774,217467702,6681157,763287,2018-19
GUMTREE AU PTY LTD,33616996840,105212707,8225210,2467563,2018-19
GUNNERSEN COMPANIES PTY LTD,42004560605,223209994,1521946,417077,2018-19
GWA GROUP LIMITED,15055964380,345955827,56880595,16139929,2018-19
GWS AUTOMOTIVE GROUP PTY LTD,97161490759,234289897,3209701,961785,2018-19
H & M HENNES & MAURITZ PTY LTD,83160056548,390328223,9140800,2742240,2018-19
H & R BLOCK LIMITED,89064268800,110085381,1981115,594334,2018-19
HAFELE AUSTRALIA PTY LTD,51006021432,125386032,5469476,1640843,2018-19
HALLIBURTON CONSOLIDATED PTY LTD,67101049521,316936016,,,2018-19
HAMILTON & MARINO HOLDINGS PTY LTD,72145812228,385307927,1888410,566523,2018-19
HANCOCK PROSPECTING PTY LTD,69008676417,3126734653,1802372952,540650269,2018-19
HANCOCK QUEENSLAND PLANTATIONS PTY LTD,30142129342,318053792,,,2018-19
HANCOCK VICTORIAN PLANTATIONS HOLDINGS PTY LIMITED,16084801178,433986412,,,2018-19
HANKOOK TYRE AUSTRALIA PTY LTD,77082389704,113962254,,,2018-19
HANNOVER LIFE RE OF AUSTRALASIA LTD,37062395484,1184495086,,,2018-19
HANNOVER RUECK SE AUSTRALIAN BRANCH,88002927031,600775717,36911921,8416863,2018-19
HANSEN YUNCKEN PTY LTD,38063384056,1079928775,4911167,,2018-19
HANSON AUSTRALIA (HOLDINGS) PROPRIETARY LIMITED,48090994657,2222029580,51818920,2409944,2018-19
HARINA COMPANY LIMITED,46615332348,244437765,,,2018-19
HARLEY-DAVIDSON AUSTRALIA PTY LTD,83098483259,229865406,8660235,2598071,2018-19
HARRIS COMMUNICATIONS (AUSTRALIA) PTY LTD,88054982151,170619975,44557362,13367209,2018-19
HARVEST ROAD GROUP PTY LTD,31169138014,344487855,,,2018-19
HARVEY NORMAN HOLDINGS LTD,54003237545,1408810406,336096778,98741028,2018-19
HASBRO AUSTRALIA LIMITED,69004348565,137475648,4725950,1417785,2018-19
HASSAD AUSTRALIA PTY LTD,35137006109,125584345,,,2018-19
HATCHCOS HOLDINGS PTY LTD,35072620467,204717264,7488136,750853,2018-19
HAWKER PACIFIC PTY LTD,94001540316,241396855,28417708,8525312,2018-19
HAYS SPECIALIST RECRUITMENT (AUSTRALIA) PTY LTD,47001407281,2647296978,129107857,38732357,2018-19
HAZELDENE'S CHICKEN FARM PROPRIETARY LIMITED,72004381346,293236552,2722327,816698,2018-19
HAZELL BROS GROUP PTY LTD,27088345804,227933491,,,2018-19
HBI AUSTRALIA ACQUISITION CO. PTY LTD,52612185476,1050869189,101625240,28534329,2018-19
HCL AUSTRALIA SERVICES PTY LIMITED,72081196983,366768523,24679761,7403928,2018-19
HCL INTERNATIONAL PTY LIMITED,46134588837,153716561,3983232,1194970,2018-19
HDI GLOBAL SE AUSTRALIA BRANCH,55490279016,352495765,11541431,3462429,2018-19
HDI GLOBAL SPECIALTY SE AUSTRALIAN BRANCH,58129395544,127479538,4271253,1281376,2018-19
HEALIUS LIMITED,24064530516,1837903562,90891738,27036655,2018-19
HEALTHDIRECT AUSTRALIA LTD,28118291044,131083835,,,2018-19
HEALTHSCOPE LTD,65144840639,2136916310,,,2018-19
HEARTLAND GROUP PTY LIMITED,96001235392,338844035,9611240,2882245,2018-19
HEINEMANN AUSTRALIA PTY LTD,36159521338,395964392,,,2018-19
HEINZ WATTIE'S PTY LTD,51071783447,682483667,24979382,5937190,2018-19
HELLMANN WORLDWIDE LOGISTICS PTY LTD,13003199755,224348834,1542172,462534,2018-19
HELLOWORLD TRAVEL LIMITED,60091214998,235098481,27332308,7708972,2018-19
HEMMES GROUP PTY LTD,53105332376,383317770,23819414,7145824,2018-19
HENDRICKSON ASIA PACIFIC PTY LTD,21004992769,102456138,12180441,3498415,2018-19
HENKEL FINANCE AUSTRALIA,15740196765,369108905,14779737,4433921,2018-19
HENLEY PROPERTIES (QLD) PTY LTD,42068886000,290205482,10560228,3168068,2018-19
HEP AUSTRALIA HOLDINGS PTY LTD,22129428155,196131217,25935220,7780566,2018-19
HERITAGE BANK LIMITED,32087652024,396909870,66138443,19126155,2018-19
HERMES AUSTRALIA PTY LTD,88003558085,135194569,42441915,12732574,2018-19
HERTZ INVESTMENT (HOLDINGS) PTY LTD,,390875673,27209595,8162878,2018-19
HEWLETT-PACKARD SOUTH PACIFIC PTY LTD,94121554489,786947762,24575029,7372509,2018-19
HEXION PTY LTD,32004271827,152051405,10892696,2534935,2018-19
HG HOLDCO PTY LTD,20603088606,528268826,34097452,10194238,2018-19
HI HOTEL HOLDINGS PTY LIMITED,23616129689,136188187,,,2018-19
HICKORY GROUP HOLDINGS LIMITED,11617050914,550497382,29496574,8848972,2018-19
HIGHBROOK HOLDINGS PTY LTD,32157828058,373749225,23622786,7086835,2018-19
HIGHLAND AUTOS PTY LTD,13121604297,129556741,5265316,1579595,2018-19
HIGHLOW MARKETS PTY LTD,85143553628,442822379,267456773,80237032,2018-19
HILLGROVE RESOURCES LTD,73004297116,209181351,24464457,,2018-19
HILLS LIMITED,35007573417,249230388,,,2018-19
HILLS PET NUTRITION PTY LIMITED,86003954550,102487938,3018530,905559,2018-19
HILLSIDE (AUSTRALIA NEW MEDIA) PTY LIMITED,75148920665,121371389,,,2018-19
HILTI (AUST.) PTY LIMITED,44007602100,150545938,7208527,2162558,2018-19
HINDMARSH CONSTRUCTION AUSTRALIA PTY LIMITED,15126578176,400106445,,,2018-19
HINO MOTOR SALES AUSTRALIA PTY LTD,74064989724,446031641,15407520,4622256,2018-19
HIRSCH FINANCIAL PTY LTD,16132753167,405908289,2439428,731828,2018-19
HISENSE AUSTRALIA PTY LTD,55105022080,279406958,12870717,3861215,2018-19
HITACHI AUSTRALIA PTY LIMITED,34075381332,251080732,8615445,2584634,2018-19
HITACHI CONSTRUCTION MACHINERY (AUSTRALIA) PTY LTD,62000080179,1258688096,144793247,41212182,2018-19
HITACHI RAIL STS AUSTRALIA PTY LTD,34068707380,198321995,27446259,8082313,2018-19
HMA INTERNATIONAL LTD,91615451502,107236342,14631302,4389391,2018-19
HOCHTIEF AUSTRALIA HOLDINGS LIMITED,17103181675,342303019,487093754,,2018-19
HOLDCO 1 PTY LTD,28157845871,195042939,,,2018-19
HOLLARD HOLDINGS AUSTRALIA PTY LIMITED,30154586802,1594008127,28514199,8231763,2018-19
HONAN HOLDINGS PTY LIMITED,31000392727,1300723006,37065791,9100628,2018-19
HONDA AUSTRALIA PTY LTD,66004759611,1278962089,55887807,13685229,2018-19
HONDA MPE PTY LTD,96006662862,260702827,4582919,1374876,2018-19
HONEYWELL HOLDINGS PTY LTD,18000383764,981512000,157563956,42813245,2018-19
HOOGWEGT AUSTRALIA PTY LTD,30075457902,154238576,2491634,747490,2018-19
HOPE DOWNS MARKETING COMPANY PTY LTD,58115712117,3781084946,,,2018-19
HORIZON GLOBAL HOLDINGS (AUSTRALIA) PTY LIMITED,20107464175,133101212,10866039,2958987,2018-19
HOWE AUTOMOTIVE LIMITED,43061589188,170770156,46206557,11131329,2018-19
HSBC AUSTRALIA HOLDINGS PTY LIMITED,22006513873,1560726651,444796353,133438906,2018-19
HT&E LIMITED,95008637643,339949449,40074958,7047269,2018-19
HUAWEI TECHNOLOGIES (AUSTRALIA) PTY LIMITED,49103793380,737215991,74796430,21882113,2018-19
HUDSON HIGHLAND (APAC) PTY LIMITED,14074319396,335469451,,,2018-19
HUHTAMAKI HOLDINGS PTY LIMITED,13003519257,135330698,8677352,2359896,2018-19
HUNTER DOUGLAS HOLDINGS LIMITED,47000238451,137592234,519428,153151,2018-19
HUNTSMAN CORPORATION AUSTRALIA PTY LTD,67083984187,225217821,,,2018-19
HUON AQUACULTURE GROUP PTY LTD,79114456781,291696837,,,2018-19
HUSQVARNA AUSTRALIA PTY LIMITED,45115475619,159847892,7466165,2239850,2018-19
HVK PTY. LIMITED,66085121768,316666950,20279677,6083903,2018-19
HWG HOLDINGS PTY LTD,65115398322,585876368,53379641,15694169,2018-19
HWR PETROLEUM PTY LTD,31621081990,276325175,1542497,462749,2018-19
HYDRO ALUMINIUM AUSTRALIA PTY LIMITED,42001872215,233163939,,,2018-19
HYSTER-YALE AUSTRALIA HOLDING PTY LTD,26101464073,188941380,,,2018-19
HYUNDAI MOTOR COMPANY AUSTRALIA PTY LTD,58008995588,2249194159,41626438,12487931,2018-19
I & D GROUP PTY LTD,56164703360,300659297,22446487,6733946,2018-19
IAG RE AUSTRALIA,,202994714,202994714,60898414,2018-19
IAN WEIGH MOTORS PTY LTD & WEIGH PROPERTY INVESTMENTS PTY LTD PROPERTY INVESTMENTS PTY LTD,90148491233,126952379,3378602,1013486,2018-19
IBM A/NZ HOLDINGS PTY LIMITED,12105319248,3259004378,59988537,,2018-19
ICHTHYS LNG PTY LTD,42150217299,802110813,,,2018-19
ICON CORPORATE SERVICES PTY LTD,95604136683,685436645,1942104,582631,2018-19
IDEMITSU AUSTRALIA RESOURCES PTY LTD,45010236272,1965887101,551645965,163321900,2018-19
IDP EDUCATION LIMITED,59117676463,525472115,62044019,6742503,2018-19
IFF AUSTRALIA HOLDINGS PTY LTD,78098655335,113899876,6141349,1505710,2018-19
IFM SOCIAL INFRASTRUCTURE HOLDING TRUST,40337513753,327443565,18041555,3029286,2018-19
IGO LIMITED,46092786304,792830853,,,2018-19
IGT (AUSTRALIA) PTY LTD,65002904690,144126882,3743595,,2018-19
IIF CAIRNS MACKAY INVESTMENT LIMITED,,141344485,,,2018-19
IKEA PTY LTD,84006270757,1392723723,,,2018-19
ILUKA RESOURCES LIMITED,34008675018,1098584959,467736903,135698878,2018-19
IMAGE HOLDCO PTY LIMITED,18623028740,810626344,22542614,5964784,2018-19
IMB LTD,92087651974,271928927,45246890,13574067,2018-19
IMC PACIFIC HOLDINGS PTY LIMITED,83099273819,350317199,33773743,9659229,2018-19
IMCD AUSTRALASIA INVESTMENTS PTY LTD,89149016222,252824722,17436980,5228358,2018-19
IMDEX LIMITED,78008947813,117365161,9537569,,2018-19
IMMER (NO 141) PTY LTD,17002617745,799684848,,,2018-19
IMPERIAL TOBACCO AUSTRALIA LIMITED,46088148681,780701600,43899335,13169800,2018-19
INCHCAPE AUSTRALIA LIMITED,50050035277,1635226012,82165133,5332310,2018-19
INCITEC PIVOT LIMITED,42004080264,2577130317,,,2018-19
INDUSTRIAL AND COMMERCIAL BANK OF CHINA LIMITED,57086866506,2055909480,152585255,45774133,2018-19
INDUSTRY SUPER HOLDINGS PTY LTD,71119748060,661017926,133555781,38419670,2018-19
INENCO GROUP PTY LTD,77007595977,407863174,24858326,6898244,2018-19
INEX INDEPENDENT EXTRUSIONS LIMITED PARTNERSHIP,58515316810,106517334,4662750,1398825,2018-19
INFIGEN ENERGY LIMITED,39105051616,245443799,,,2018-19
INFO MANAGEMENT SERVICES PTY LTD,88119821457,112618748,12797232,3839170,2018-19
INFOR (ANZ HOLDINGS) PTY LIMITED,45160838433,124477985,20476131,4959584,2018-19
INFOSYS TECHNOLOGIES LIMITED,52090591209,743103756,251564238,45257062,2018-19
ING AUSTRALIA HOLDINGS LIMITED,27008459596,2639804125,652077652,195623296,2018-19
ING BANK NV (SYDNEY BRANCH),32080178196,275917828,582174,174652,2018-19
INGENIA COMMUNITIES MANAGEMENT TRUST,99296784351,220455062,,,2018-19
INGHAMS GROUP LIMITED,39162709506,2543587931,129980745,38916662,2018-19
INGRAM MICRO HOLDINGS (AUSTRALIA) PTY LTD,12112487322,2455400213,,,2018-19
INGREDION ANZ PTY LTD,71129702576,101148068,2201150,508496,2018-19
INPEX ALPHA LTD,34003730756,176468327,8763,,2018-19
INPEX AUSTRALIA PTY LTD,79134715254,514779678,18928641,5645305,2018-19
INPEX HOLDINGS AUSTRALIA PTY LTD,61150217315,617432469,,,2018-19
INPEX SAHUL LTD,28059844781,199112264,6366254,1909721,2018-19
INSIGHT ENTERPRISES AUSTRALIA PTY LIMITED,47058645677,137369217,8305793,2491738,2018-19
INSURANCE AUSTRALIA GROUP LIMITED,60090739923,16203848370,565056304,87305386,2018-19
INSURANCE MANUFACTURERS OF AUSTRALIA PTY LTD,93004208084,4374574550,454028790,133731420,2018-19
INTEGRAL DIAGNOSTICS LIMITED,55130832816,209499170,24792106,7373154,2018-19
INTEGRATED FOODS HOLDINGS PTY LTD,42603619692,1763250561,,,2018-19
INTEGRIA HEALTHCARE (AUSTRALIA) PTY LTD,70096496212,217938557,272476,,2018-19
INTER AGRI GROUP PTY LTD,58103191126,228848959,5319436,1595831,2018-19
INTERACTIVE PTY LTD,17088952023,207373763,19344652,5803396,2018-19
INTERFACE AUST HOLDINGS PTY LIMITED,68074804381,112377600,9122985,2571396,2018-19
INTERIORCO PTY LTD,76128905564,241031470,953232,,2018-19
INTERLINK ROADS PTY LIMITED,53003845430,317549542,221326415,66397924,2018-19
INTERNATIONAL APM GROUP PTY LTD,12618762977,311319362,308924,92677,2018-19
INTERNATIONAL CAPITAL MARKETS PTY. LTD.,12123289109,739087967,481309761,144392928,2018-19
INTERNATIONAL LIVESTOCK EXPORT PTY LTD,54009400846,233828268,283,,2018-19
INTERNATIONAL POWER (AUSTRALIA) HOLDINGS PTY LTD,70105041209,2516605289,,,2018-19
INTERNATIONAL SOS (AUSTRALASIA) PTY LTD,83052247104,228472362,3232433,969730,2018-19
INTERNET SERVICES AUSTRALIA 1 PTY LTD,50152631082,370654142,,,2018-19
INTERPUBLIC AUSTRALIA HOLDINGS PTY LTD,20140379335,304084738,21585304,5734311,2018-19
INTERTEK AUSTRALIA HOLDINGS PTY LTD,74124892879,126611824,6397438,,2018-19
INTREPID GROUP LIMITED,30131952513,325922779,7922280,,2018-19
INVESTEC HOLDINGS AUSTRALIA LIMITED,49071292567,120011877,1281610,,2018-19
INVOCARE LIMITED,42096437393,429547805,55955468,16509901,2018-19
IOOF HOLDINGS LTD,49100103722,1176734506,370720900,92569037,2018-19
IPH LIMITED,49169015838,154581129,46502263,13571484,2018-19
IQVIA SOLUTIONS AUSTRALIA HOLDINGS PTY LTD,42104475363,129027063,18677134,,2018-19
IRESS LIMITED,47060313359,304897419,59312892,17394910,2018-19
IRI APAC HOLDINGS PTY LTD,13165572761,103618833,2631782,,2018-19
IRON MOUNTAIN ACQUISITION HOLDINGS PTY LTD,20608590521,213259457,367347,,2018-19
ISAGENIX (ASIA PACIFIC) AUSTRALIA PTY LTD,31122975357,105708454,2338957,701687,2018-19
ISELECT LIMITED,48124302932,151300315,2523518,,2018-19
ISUZU AUSTRALIA LIMITED,97006962572,771124562,16514520,4954356,2018-19
ISUZU UTE AUSTRALIA PTY LTD,80129563739,996887335,57954030,17386209,2018-19
ITI (NSW) PTY LIMITED,17003282755,130372707,7182928,2154878,2018-19
ITOCHU AUSTRALIA LIMITED,63000192790,2844242044,1029273907,223875706,2018-19
ITV STUDIOS AUSTRALIA PTY LIMITED,91088957706,145609832,13010417,2477408,2018-19
IVE GROUP LIMITED,62606252644,719760806,33226865,9968060,2018-19
IX INFRASTRUCTURE PTY LTD,78629750401,561899901,3924316,805070,2018-19
IXOM HOLDCO PTY LTD,36602722547,408543362,4513519,1105289,2018-19
J G KING BUILDING GROUP PTY LTD,38142687554,287106916,,,2018-19
J HUTCHINSON PTY LTD,52009778330,2845759062,,,2018-19
J RAY MCDERMOTT (AUST) HOLDING PTY LTD,22002797668,404623303,67516475,20254942,2018-19
J&F AUSTRALIA PTY LTD,72150917285,615921218,2852006,855602,2018-19
J. CORDINA INVESTMENTS PTY LTD,99000528281,292877148,,,2018-19
J. J. RICHARDS & SONS PTY LTD,40000805425,883505209,130316447,27425537,2018-19
J.P. MORGAN AUSTRALIA GROUP PTY LIMITED,54104888155,896387270,164113265,46081430,2018-19
JADE KING HOLDINGS PTY LTD,86611994917,203952564,5209982,1562995,2018-19
JADESTONE ENERGY (AUSTRALIA) PTY LTD,48613671819,155309856,,,2018-19
JAGUAR LAND ROVER AUSTRALIA PTY LTD,86004352238,859715602,42349296,12693128,2018-19
JAMES HARDIE RESEARCH (HOLDINGS) PTY LIMITED,51082944821,464794343,,,2018-19
JANART HOLDINGS PTY LTD,13092037262,260478359,,,2018-19
JANGHO HEALTH CARE AUSTRALIA PTY LTD,90608040802,135699113,9306820,1500584,2018-19
JAPAN ALUMINA ASSOCIATES (AUSTRALIA) PTY LTD,42008907524,191402440,,,2018-19
JAPAN AUSTRALIA LNG (MIMI) PTY LTD,18006303180,2224454174,1171615733,348888493,2018-19
JAPARA HEALTHCARE LIMITED,54168631052,400192015,17107327,5132198,2018-19
JAQUES INTERNATIONAL HOLDING PTY LTD,57004075978,294101169,28577507,8077852,2018-19
JARDINE LLOYD THOMPSON AUSTRALIA PTY LIMITED,24005279890,259942072,61192645,18095688,2018-19
JAROOKA PTY LTD,23002555839,204312261,1109503,332632,2018-19
JB HI-FI LIMITED,80093220136,6877727520,366684513,110005225,2018-19
JCDECAUX AUSTRALIA HOLDINGS PTY LTD,50627855323,106178131,19107203,5732161,2018-19
JD SPORTS FASHION HOLDINGS AUSTRALIA PTY LTD,15614248332,210989229,1,,2018-19
JELD-WEN AUSTRALIA PTY LIMITED,62087012226,858600347,71774206,20658923,2018-19
JELLINBAH GROUP PTY LTD,54010754793,2044674399,964349017,286019238,2018-19
JENNMAR AUSTRALIA PTY LTD,34078584531,153787470,4666681,936491,2018-19
JF HILLEBRAND AUSTRALIA PTY LTD,58079446905,135007114,6567370,1970211,2018-19
JFC AUSTRALIA CO PTY LTD,36003080260,155067326,2359010,707703,2018-19
JINKO SOLAR AUSTRALIA HOLDINGS CO. LTD,93154662889,188722451,,,2018-19
JK INTERNATIONAL PTY LTD,49010127750,430544531,,,2018-19
JKC AUSTRALIA LNG PTY LTD,14154383409,920940589,,,2018-19
JKN HILLS PTY LTD,45159864089,266524376,,,2018-19
JLG INDUSTRIES AUSTRALIA,42056685897,117544148,5747350,1724205,2018-19
JMC AUTOMOTIVE GROUP PTY LTD (JACKSON FORD) FORD),83009479190,317251626,4360678,1308203,2018-19
JOHN DEERE FINANCIAL LIMITED,55078714646,101460830,42468415,12370627,2018-19
JOHN SWIRE & SONS (AUSTRALIA) PTY LTD,54118028774,440720467,25740024,7722007,2018-19
JOHNSON & JOHNSON PTY LTD,29000023709,1376669688,191691659,52053789,2018-19
JOHNSON CONTROLS HOLDING AUSTRALIA PTY LIMITED,86102631158,181040257,10949003,3284701,2018-19
JOLIMONT DEVELOPMENT FINANCE PTY LTD,94094356779,1149962928,41969752,12353326,2018-19
JOY GLOBAL AUSTRALIA HOLDING COMPANY PTY LTD,70059870058,623479856,31044438,2294100,2018-19
"JPMORGAN CHASE BANK, NATIONAL ASSOCIATION",43074112011,715459310,69699251,20909775,2018-19
J-POWER AUSTRALIA PTY. LTD.,59002307682,442030704,190382242,56655896,2018-19
JUNGHEINRICH AUSTRALIA HOLDINGS PTY LTD,28608769642,119219938,,,2018-19
JUNIPER NETWORKS AUSTRALIA PTY LIMITED,36091016312,156018025,7808337,2342501,2018-19
JUPITER MINES LIMITED,51105991740,212478894,4393557,888353,2018-19
JWH GROUP PTY LTD,84098664709,227545352,,,2018-19
JX NIPPON OIL & ENERGY (AUSTRALIA) PTY LTD,78003592881,113305582,88534416,1313695,2018-19
K&S CORPORATION LTD,67007561837,773200954,15652479,4651781,2018-19
KA & MD INVESTMENTS PTY. LTD.,40120126589,235850408,15047387,4514216,2018-19
KAEFER INTEGRATED SERVICES PTY LTD,83009046191,448013088,12169435,3650831,2018-19
KAGERA PTY LTD,58008478797,316752197,40660832,11937331,2018-19
KAIZEN MOTORS PTY LTD,67603805278,238656716,2500388,750116,2018-19
KAJIMA ICON HOLDINGS PTY LTD,58617584175,425614276,,,2018-19
KANSAI ELECTRIC POWER HOLDINGS AUSTRALIA PTY LTD,57601296226,267359092,86544485,,2018-19
KAPLAN AUSTRALIA HOLDINGS PTY LTD,30117261980,110691516,,,2018-19
KARARA MINING LIMITED,68070871831,773494994,,,2018-19
KARINYA TRADING PTY. LTD.,94005846373,210684159,4188926,1256678,2018-19
KATHMANDU PTY LTD,84007047547,322532650,46186498,13855949,2018-19
KAYAK SOFTWARE AUSTRALIA PTY LTD,16626512552,107669087,26154880,7846464,2018-19
KB FOOD COMPANY PTY LTD,16610219380,662471998,8917723,2675317,2018-19
KBR HOLDINGS PTY LTD,32093419277,399330631,65984990,19291277,2018-19
KEANE AUSTRALIA PTY LTD,97114227173,109468742,,,2018-19
KEEMA HOLDINGS PTY LTD,28097123389,227204956,364888,109466,2018-19
KELLER AUSTRALIA PTY LIMITED,61081279932,473589951,,,2018-19
KELLOGG AUSTRALIA HOLDINGS PTY LTD,59102893952,435161038,27418273,6601263,2018-19
KELLY SERVICES AUSTRALIA PTY LTD,92608767979,171011969,1683060,504918,2018-19
KENNARDS HIRE PTY LIMITED,69001740727,386804261,68108293,20056679,2018-19
KENNARDS SELF STORAGE PTY LIMITED,57001805036,244312277,62578617,18773585,2018-19
KEOLIS DOWNER PTY LTD,51165343680,1079947918,49980200,14993448,2018-19
KERRY INGREDIENTS AUSTRALIA PTY LTD,47072996895,219453942,5038082,358655,2018-19
KESTREL COAL GROUP PTY LTD,70624655518,387842512,,,2018-19
KEYSTONE FOODS PTY LIMITED,83077185481,146733956,4078055,1223416,2018-19
KFC ADCO LTD,22083047992,109883551,,,2018-19
KHSA LIMITED,74136475879,162843680,31504467,9451340,2018-19
KIA MOTORS AUSTRALIA PTY LTD,97110483353,1444439271,35356939,10607082,2018-19
KIM AN PTY. LIMITED,78083083489,212942961,25160784,7548205,2018-19
KIMBERLY CLARK PACIFIC HOLDINGS PTY LIMITED LIMITED,59095905294,864101745,,,2018-19
KIN GROUP PTY LTD,11095313714,490389153,13055168,,2018-19
KIN POWER GROUP PTY LTD,18623522467,146537160,5629030,1525083,2018-19
KINETIC IT PTY LTD,97072941943,203573987,24883738,7465121,2018-19
KINGSPAN HOLDINGS AUSTRALIA PTY LTD,81107982098,129132158,4550068,1365021,2018-19
KKKK PTY LIMITED,18062618964,209300925,8147262,2444179,2018-19
KNAUF GYPSUM (AUSTRALIA) PTY LTD,82134378313,209427464,32456743,7869152,2018-19
KNIGHT FRANK AUSTRALIA HOLDINGS PTY LTD,28114923938,148646473,4271619,1226507,2018-19
KNORR-BREMSE AUSTRALIA PTY LTD,31092562671,233119719,13603323,4080997,2018-19
KOBELCO CONSTRUCTION MACHINERY AUSTRALIA PTY LIMITED,89097852296,148011663,10294400,3088320,2018-19
KOCH FERTILISER AUSTRALIA PTY LTD,44140582369,180091039,,,2018-19
KOGAN AUSTRALIA PTY LTD,53152570351,368912195,10894266,3268280,2018-19
KOGARAH RSL CLUB LTD,75001032355,106137286,,,2018-19
KOGAS AUSTRALIA PTY LTD,42130065682,667825073,,,2018-19
KOMATSU MARKETING SUPPORT AUSTRALIA PTY LTD,63053514739,1971121110,134445233,40333570,2018-19
KONE HOLDINGS (AUSTRALIA) LIMITED,51003986436,553874198,78396989,23519097,2018-19
KONICA MINOLTA BUSINESS SOLUTIONS AUSTRALIA PTY LTD,50001065096,255271982,5572102,1671631,2018-19
KOPPERS AUSTRALIA HOLDING COMPANY PTY LTD,19104645301,259508487,51048191,15314457,2018-19
KORN FERRY (AU) PTY LTD,73001804799,106815971,15473172,4331471,2018-19
KRAFT HEINZ AUSTRALIA PTY LTD,64622234379,135303480,20864798,6093118,2018-19
KTM AUSTRALIA HOLDING PTY LTD,49112854850,121923334,645074,193522,2018-19
KUBOTA AUSTRALIA PTY LTD,72005300621,471212347,45774621,13732386,2018-19
KUEHNE & NAGEL PTY LTD,70000871607,464393377,14712514,4413754,2018-19
KUFPEC AUSTRALIA PTY LTD,42001800924,1297068670,,,2018-19
KUIPER AUSTRALIA PTY LTD,15150058807,122446744,7641874,2292562,2018-19
KUMHO TYRE AUSTRALIA PTY LTD,46003300678,115229667,1096615,328984,2018-19
KUWAIT PETROLEUM AVIATION (AUSTRALIA) PTY LIMITED,88122531631,548663967,,,2018-19
KVD AUSTRALIA HOLDCO PTY LTD,83604747391,628129764,114066054,26752334,2018-19
KWIKFORM ACQUISITION HOLDINGS PTY LIMITED,43157779961,128534661,,,2018-19
KYOCERA DOCUMENT SOLUTIONS AUSTRALIA PTY LTD,77003852444,106159313,2287162,686149,2018-19
KYUSHU ELECTRIC AUSTRALIA PTY LTD,54152417260,133259277,4783353,,2018-19
L.U. SIMON BUILDERS PTY LTD,38006137220,316607100,18790778,5637233,2018-19
L1 LONG SHORT FUND LIMITED,47623418539,145880703,,,2018-19
L3 AUSTRALIA GROUP PTY LTD,47119831819,189168832,23792218,5466670,2018-19
LACTALIS AUSTRALIA FINANCE PTY LTD,17163435103,2000489395,4855135,1158492,2018-19
LAGARDERE SERVICES ASIA PACIFIC PTY LTD,77095961201,212404957,,,2018-19
LAING O'ROURKE AUSTRALIA PTY LIMITED,71111023431,1217236920,,,2018-19
LAKE WOODS HOLDINGS PTY LIMITED,83134351134,155859163,,,2018-19
LANCO RESOURCES AUSTRALIA PTY LTD,30147835452,114536326,,,2018-19
LANDIS & GYR HOLDINGS PTY LTD,82098539587,124707224,,,2018-19
LANDPOWER AUSTRALIA PTY LTD,52005851801,128393804,,,2018-19
LATROBE VALLEY POWER (HOLDINGS) PTY LTD,57621363102,462738847,135709888,40712966,2018-19
LAWRENCE & HANSON GROUP PTY LTD,69080350812,972812311,,,2018-19
LAZARD ASSET MANAGEMENT PACIFIC CO.,13064523619,121812890,19122758,5736827,2018-19
LB AUSTRALIA HOLDINGS PTY LTD,96165597482,294894167,37503112,11250934,2018-19
LEADER COMPUTERS PTY LTD,24093139354,230940805,8070196,2421059,2018-19
LEASEPLAN AUSTRALIA LIMITED,57006923011,559697988,18048735,5414620,2018-19
LEGEND CORPORATION LIMITED,69102631087,128170366,13640685,4092206,2018-19
LEGES HOLDINGS (AUSTRALIA) PTY LIMITED,19072077706,134936020,6344762,1903429,2018-19
LEGO AUSTRALIA PTY LIMITED,42001540914,262123236,12643163,3792949,2018-19
LEGRAND GROUP PTY LIMITED,41000565739,149005361,16234762,3065175,2018-19
LEI AUSTRALIA HOLDINGS PTY LIMITED,36133805820,224563267,,,2018-19
LEIDOS PTY LTD,12011071239,399112190,10583419,3175026,2018-19
LEL PTY LTD,53147922209,530545550,,,2018-19
LEMPRIERE (AUSTRALIA) PTY LTD,27004386841,368021260,4673672,634053,2018-19
LENDLEASE CORPORATION LTD,32000226228,10434489593,14155037,,2018-19
LENNARD SHELF PTY LTD,64106564452,147207010,,,2018-19
LENOVO (AUSTRALIA & NEW ZEALAND) PTY LIMITED,70112394411,799261624,21043862,6313159,2018-19
LENOVO GLOBAL TECHNOLOGY (AUSTRALIA & NEW ZEALAND) PTY LTD,90614012985,171570219,4363988,1309196,2018-19
LEONARDO HOLDCO PTY LTD,63629681116,215192177,6976534,2092960,2018-19
LEONE FAMILY HOLDINGS PTY LTD,69618356586,645514045,24330140,7299042,2018-19
LES CREUX AUSTRALIA PTY LTD,70147912187,147812825,6469874,1928880,2018-19
LG ELECTRONICS AUSTRALIA PTY LIMITED,98064531264,871095266,17546160,5263848,2018-19
LGL CO PTY LIMITED,46087391704,115317752,,,2018-19
LH PERRY & SONS PTY LTD,65622813923,204818721,3255160,976548,2018-19
LIBERTY FINANCIAL GROUP PTY LIMITED,43124171759,612446015,,,2018-19
LIBERTY HOLDINGS AUSTRALIA LTD,16627011938,5118602446,,,2018-19
LIBERTY MUTUAL INSURANCE COMPANY,61086083605,224463417,23329794,6998938,2018-19
LIBERTY OIL HOLDINGS PTY LTD,67068080124,1669945151,,,2018-19
LIBERTYTOWN AUSTRALIA PTY LTD,70128997526,110666002,,,2018-19
LIEBHERR-AUSTRALIA PTY LTD,65007970452,888612179,82424346,24727304,2018-19
LIFE TECHNOLOGIES AUSTRALIA PTY LTD,89004669863,127171279,10718815,2937455,2018-19
LIFESTYLE COMMUNITIES LIMITED,11078675153,202573411,22258070,6677421,2018-19
LIGHTING INVESTMENTS AUSTRALIA HOLDINGS PTY LTD,54159519810,203428561,,,2018-19
LINDE MATERIAL HANDLING PTY LIMITED,62000768776,230564979,,,2018-19
LINDSAY AUSTRALIA LIMITED,81061642733,401637181,8045072,2413522,2018-19
LINDT & SPRUNGLI (AUSTRALIA) PTY LTD,43079224892,241526561,17947026,5384108,2018-19
LINFOX PTY LTD,59004667298,2331073199,120871790,33812554,2018-19
LINK ADMINISTRATION HOLDINGS LIMITED,27120964098,885585169,119806867,35398026,2018-19
LION PTY LIMITED,50128004268,3341495774,9972361,,2018-19
LIPMAN GROUP HOLDINGS PTY LIMITED,62150243682,314119885,,,2018-19
LIQUORLAND (AUSTRALIA) PTY LTD,82007512414,307882166,18770421,5631126,2018-19
LIVE ENTERTAINMENT HOLDINGS PTY LTD,,466929844,8906995,2584823,2018-19
LIVE NATION AUSTRALASIA PTY LTD,69156286341,339165546,502143,,2018-19
LLOYD HELICOPTER SERVICES PTY LTD,45058277491,220071278,,,2018-19
LOCKHEED MARTIN AUSTRALIA PTY LIMITED,30008425509,529741456,9585933,781787,2018-19
LOFTEX PTY LIMITED,18135286494,370775412,12456321,3736896,2018-19
LOGISTIK PTY LTD,16150595421,138009259,,,2018-19
LONGTON CAPITAL PTY LTD,21155700495,256105446,,,2018-19
LOREAL AUSTRALIA PTY LTD,40004191673,620515059,104020580,31206174,2018-19
LOUIS DREYFUS COMPANY AUSTRALIA HOLDINGS PTY LTD,48125490851,959212683,5151270,1431588,2018-19
LOUIS VUITTON AUSTRALIA PTY LTD,41005918678,356992081,35893126,10767938,2018-19
LOVISA HOLDINGS LIMITED,34602304503,161306195,36914472,10526754,2018-19
LOWES MANHATTAN PTY LTD,31000307666,234579740,2442821,730664,2018-19
LOYALTY PACIFIC PTY LTD,82057931334,221544614,116357,,2018-19
LPI (AUSTRALIA) HOLDINGS PTY LIMITED,81084042473,1238559479,62434274,18662671,2018-19
LSH AUTO (BRISBANE) PTY LTD,66606816497,196225344,1256021,376806,2018-19
LSH AUTO (MELBOURNE) PTY LIMITED,77618554635,269724000,,,2018-19
LSH AUTO (SYDNEY) PTY LTD,25604103915,318910000,,,2018-19
LUBRIZOL INTERNATIONAL INC,52073495603,101501977,9055506,2716652,2018-19
LULULEMON ATHLETICA AUSTRALIA PTY LTD,45110186233,138035462,9859833,2957950,2018-19
LUXOTTICA SOUTH PACIFIC HOLDINGS PTY LIMITED,58104629772,897032009,30193719,9058116,2018-19
LUXTRALIA PTY LIMITED,64124896831,104847497,,,2018-19
LUYE AUSTRALIA HOLDINGS PTY LTD,98609669472,866858617,862666,,2018-19
LYCOPODIUM LIMITED,83098556159,113650780,11518296,2489929,2018-19
LYNAS CORPORATION LIMITED,27009066648,153853643,,,2018-19
LYNCH GROUP HOLDCO PTY LTD,35608543219,237944560,4797001,1439100,2018-19
LYONDELLBASELL AUSTRALIA (HOLDINGS) PTY LTD,74066270237,282855786,19505150,5245339,2018-19
M EIGHT PTY LTD,50145601529,229725498,7074936,2122481,2018-19
M J LUFF PTY LTD,52001001850,256064375,,,2018-19
MACA MINING PTY LTD,22102886064,488924736,,,2018-19
MACADAMIA MARKETING INTERNATIONAL PTY LTD,76147689987,224368558,232492,69748,2018-19
MACADAMIA PROCESSING CO LIMITED,93002607972,102419313,5478813,1643644,2018-19
MACKAY SUGAR LTD,12057463671,405422809,,,2018-19
MACMAHON HOLDINGS LIMITED,93007634406,739564397,9016999,1478045,2018-19
MACQUARIE GROUP LIMITED,94122169279,10476473420,2001998812,492782455,2018-19
MACQUARIE MEDIA LIMITED,32063906927,131843298,19313345,5794004,2018-19
MACQUARIE TELECOM GROUP LIMITED,72056712228,246895005,25054925,7107938,2018-19
MACSTEEL INTERNATIONAL AUSTRALIA PTY LIMITED,94000904978,289143956,4935932,1480780,2018-19
MAGELLAN FINANCIAL GROUP LIMITED,59108437592,617386286,351035928,104287204,2018-19
MAINBRACE CONSTRUCTIONS PTY LIMITED,45002970658,374088000,11374680,3412404,2018-19
MAINFREIGHT HOLDINGS PTY LTD,24084637605,716699425,36256780,10877034,2018-19
MAKITA (AUSTRALIA) PTY LIMITED,57001117335,317987952,12754774,3826432,2018-19
MALAYSIA AIRLINES BERHAD,29420085735,238122541,21754,6526,2018-19
MALTEUROP AUSTRALIA PTY LTD,48068420244,100214651,,,2018-19
MANPOWER SERVICES (AUSTRALIA) PTY LIMITED,15071884994,770509449,14628857,4388657,2018-19
MARCOPOLO AUSTRALIA HOLDINGS PTY LTD,23154692001,177328660,671500,201450,2018-19
MARLIN MANAGEMENT SERVICES LTD,51611806770,210936755,2830403,849121,2018-19
MARMON CONSTRUCTION SERVICES (AUSTRALIA) HOLDINGS PTY LTD,38154626954,205153313,,,2018-19
MARSH MERCER HOLDINGS (AUST) PTY LTD,86097026812,859676665,172728353,51233302,2018-19
MARTIN-BROWER AUSTRALIA HOLDINGS PTY LTD,91156502251,1365625212,13853257,4155977,2018-19
MARUBENI AUSTRALIA LIMITED,53000329699,1906559543,415947621,45149595,2018-19
MARUBENI ITOCHU STEEL OCEANIA PTY LTD,78098025506,126496179,2644709,793413,2018-19
MARUBENI-ITOCHU TUBULARS OCEANIA PTY LTD,87077953827,113591974,5360205,1602918,2018-19
MASSIVE INTERACTIVE PTY LTD,32073401288,109088772,,,2018-19
MASTERCARD AUSTRALIA HOLDING PTY LTD,83143337722,320871108,,,2018-19
MASTERMYNE GROUP LIMITED,96142490579,241787051,14385336,4184049,2018-19
MASTERTON CORPORATION HOLDING COMPANY PTY LIMITED,56055692825,307724242,21103281,6330984,2018-19
MATRAD PTY LTD,27011019088,107220463,,,2018-19
MATTEL PTY LTD,60000660962,112626197,493579,148074,2018-19
MAULES CREEK MARKETING PTY LTD,73140534256,150495627,,,2018-19
MAURICE BLACKBURN PTY LTD,21105657949,246448380,16047844,4814353,2018-19
MAVEN DENTAL GROUP PTY LTD,80131333492,124278872,9103556,2731067,2018-19
MAXCON CONSTRUCTIONS PTY LTD,69152259820,256380812,,,2018-19
MAXIMUS AUSTRALIA HOLDING COMPANY PTY LTD,91608016128,275736530,22924613,6877384,2018-19
MAXI-TANKERS PTY LTD,22117406934,415736074,,,2018-19
MAXITRANS INDUSTRIES LIMITED,58006797173,462236652,3520369,452340,2018-19
MAYFLOWER ENTERPRISES PTY LTD,48607181662,355340169,3007619,,2018-19
MAYNE PHARMA GROUP LTD,76115832963,178940560,331919,,2018-19
MAZDA AUSTRALIA PTY LTD,78004690804,3077408458,85894278,25727971,2018-19
MC RESOURCES AUSTRALIA PTY LTD,86142911233,502362957,,,2018-19
MCCAIN FOODS (AUST) PTY LTD,96000629587,687299276,27333583,8200075,2018-19
MCCARROLLS OF MOSS VALE PTY LTD,60003411210,407999399,,,2018-19
MCDONALD JONES HOMES PTY LTD,59089524050,816125168,17474938,5242481,2018-19
MCDONALDS AUSTRALIAN PROPERTY CORPORATION,55002913555,1816998355,460970010,136578204,2018-19
MCINTOSH HOLDINGS PTY LTD,28008675876,238027536,8111072,2245822,2018-19
MCKINSEY PACIFIC RIM INC,66055131443,411636010,,,2018-19
MCKINSEY RECOVERY & TRANSFORMATION SERVICES AUSTRALIA CO.,83163257690,128855288,,,2018-19
MCMAHON SERVICES AUSTRALIA PTY LTD,75097072565,244048871,8054790,2248437,2018-19
MCMILLAN SHAKESPEARE LIMITED,74107233983,452620200,123238301,36967764,2018-19
MCNAB DEVELOPMENTS (QLD) PTY LTD,63118748548,228673199,6378297,1913489,2018-19
MCPHERSON'S LIMITED,98004068419,194442916,17618055,5251006,2018-19
MEARS GROUP PTY LTD,92149486500,507717262,,,2018-19
MEDIA INNOVATIONS PTE LIMITED,91138053755,127038454,,,2018-19
MEDIBANK PRIVATE LIMITED,47080890259,7218942389,666887285,196997214,2018-19
MEDINA PROPERTY SERVICES PTY LIMITED,36062326176,247736783,,,2018-19
MEDLINE STELLAR AUSTRALIA PTY LTD,94149963226,128383908,1496658,448997,2018-19
MEDTRONIC AUSTRALASIA PTY LTD,47001162661,982953973,61191427,18357428,2018-19
MEMART INVESTMENTS PTY LTD,98004325562,216724795,,,2018-19
MEMBERS EQUITY BANK LIMITED,56070887679,1126090476,112387339,33716202,2018-19
MENZIES AVIATION HOLDINGS AUSTRALIA PTY LTD,18102031836,324204331,22631716,6789515,2018-19
MERCK SERONO AUSTRALIA PTY LTD,72006900830,107672810,5397799,1619340,2018-19
MERCK SHARP & DOHME (HOLDINGS) PTY LTD,57000235245,837853319,68973695,6261288,2018-19
MERIDIAN ENERGY AUSTRALIA PTY LIMITED,88143533322,435989548,,,2018-19
MERITON PROPERTIES PTY LIMITED,49000698626,1744835500,314252096,94273880,2018-19
MERLIN ENTERTAINMENTS (AUSTRALIA) PTY LTD,51147624557,171081622,4632245,943266,2018-19
MERRILL LYNCH (AUSTRALASIA) PTY LTD,72075923894,304050541,5116883,1535065,2018-19
MESH & BAR PTY LTD,35084464746,283453503,20969097,6290729,2018-19
METALS X LIMITED,25110150055,264863644,,,2018-19
METCASH LIMITED,32112073480,15604583856,223915717,64826627,2018-19
METECNO PTY LTD,44096402934,117160840,4216778,1020336,2018-19
METEORITE LAND PTY LTD,41165157399,105609011,22305355,6691606,2018-19
METHUSELAH HOLDINGS PTY LTD,45611923383,274555019,,,2018-19
METLIFE INSURANCE LIMITED,75004274882,820494655,36701692,10916991,2018-19
METRO MINING LIMITED,45117763443,143479346,,,2018-19
METRO TRAINS AUSTRALIA PTY LTD,88614061960,1900004877,73809489,22142847,2018-19
METROLL PTY LTD,97001446439,120545096,5072668,1521800,2018-19
METROLL VICTORIA PTY LTD,60005505135,139604073,3683588,1105076,2018-19
METSO AUSTRALIA LIMITED,99000197428,452713274,16458285,4937486,2018-19
MF INVESTMENTS NO. 1 PTY LTD,33627414153,321638616,321768378,1797089,2018-19
MFF CAPITAL INVESTMENTS LIMITED,32121977884,321404072,116069534,31321996,2018-19
MFS LOGISTICS PTY LIMITED,31125320658,159371364,858347,257504,2018-19
MHG HOTEL HOLDING AUSTRALIA PTY LTD,49153049917,476644822,5262384,,2018-19
MHPL INVESTMENTS PTY LTD,17010584031,515669624,6442311,1932693,2018-19
MICHAEL HILL INTERNATIONAL LIMITED,25610937598,463630583,3638459,578353,2018-19
MICHAEL PAGE INTERNATIONAL (AUSTRALIA) PTY LTD,58002872264,196038588,8290821,2482237,2018-19
MICHELIN AUSTRALIA PTY LTD,84006761628,798560000,30786995,6836536,2018-19
MICRO FOCUS AUSTRALIA PTY LTD,73614548346,132892573,7893439,2368032,2018-19
MICROSOFT DATACENTER (AUSTRALIA) PTY LIMITED,31163792078,647255843,45163763,13549129,2018-19
MICROSOFT PTY LTD,29002589460,2985664028,235561860,70668558,2018-19
MIDDLEMOUNT COAL PTY LTD,49122348412,787365964,,,2018-19
MIDFIELD MEAT INTERNATIONAL PTY LTD,78065864904,656338424,31294975,9388492,2018-19
MIDWAY LTD,44005616044,290821724,30122506,3778138,2018-19
MIELE AUSTRALIA PTY LIMITED,96005635398,400886093,12672118,3801635,2018-19
MILBURN PTY LTD,27008940672,227566717,154343,,2018-19
MILLENNIUM SERVICES GROUP LIMITED,11607926787,286156262,,,2018-19
MILTON CORPORATION LIMITED,18000041421,157038711,206375048,4530632,2018-19
MINERAL RESOURCES LIMITED,33118549910,1491249072,147953797,25359710,2018-19
MINERALOGY INTERNATIONAL LIMITED,39632245446,306637072,172665681,51799652,2018-19
MINGARA RECREATION CLUB LTD,81001662648,162363440,,,2018-19
MINI-TANKERS AUSTRALIA PTY LTD,81050220016,202249045,5170877,1551263,2018-19
MINMETALS AUSTRALIA PTY LTD,63006868033,165410883,,,2018-19
MIPS INSURANCE PTY LTD,81089048359,112540449,,,2018-19
MIRVAC LIMITED,92003280699,2040035758,2357143,,2018-19
MITCHELL SERVICES LIMITED,31149206333,120473303,,,2018-19
MITEK AUSTRALIA LTD,98004564587,105679038,57759214,12865537,2018-19
MITSUBISHI AUSTRALIA LTD,81004354278,314724625,5676650,1408504,2018-19
MITSUBISHI DEVELOPMENT PTY LTD,17009779873,10103053807,3332580599,994686854,2018-19
MITSUBISHI ELECTRIC AUSTRALIA PTY LTD,58001215792,395968266,19380180,5599292,2018-19
MITSUBISHI HEAVY INDUSTRIES AIR CONDITIONERS AUSTRALIA PTY LTD,92133980275,185507585,9254471,2734438,2018-19
MITSUBISHI MOTORS AUSTRALIA LIMITED,53007870395,2350414351,23233022,6969907,2018-19
MITSUI & CO. (AUSTRALIA) LTD,64004349795,6318802467,2359386509,417187106,2018-19
MITSUI MATUSHIMA INTERNATIONAL PTY LIMITED,72100874600,196718891,63227985,18968396,2018-19
MITSUI SUMITOMO INSURANCE COMPANY LTD,49000525637,123827556,,,2018-19
MITSUI-ITOCHU IRON PTY LTD,84008702761,1353687238,458909475,137575431,2018-19
"MIZUHO BANK, LTD (SYDNEY BRANCH)",83099031106,618690525,120034271,36010281,2018-19
MLC LIMITED,90000000402,1814815842,132933573,32731598,2018-19
MLG OZ PTY LTD,53102642366,202679966,18122975,5436892,2018-19
MMA OFFSHORE LIMITED,21083185693,169608526,,,2018-19
MMC HOLDINGS (AUSTRALIA) PTY LTD,41607891207,112682145,160320850,411698,2018-19
MMG AUSTRALIA LIMITED,23004074962,811937473,127625417,,2018-19
MML HOLDINGS PTY LIMITED,55084402380,2589918646,234263874,69888401,2018-19
MNF GROUP LIMITED,37118699853,138919399,16359084,4262085,2018-19
MOBIL PNG GAS HOLDINGS PTY LTD,35008633707,747701144,3373612,1012084,2018-19
MOBIS PARTS AUSTRALIA PTY LTD,34107778156,173365885,37746646,11323994,2018-19
MODEC MANAGEMENT SERVICES PTE LTD,18109283810,120365883,4253678,1276103,2018-19
MOELIS AUSTRALIA LIMITED,68142008428,158856003,58088375,17420244,2018-19
MOET HENNESSY AUSTRALIA PTY LIMITED,26104454604,310806211,16252799,4875840,2018-19
MOFFAT GROUP PTY LTD,92069691407,149504560,29093186,8105409,2018-19
MONADELPHOUS GROUP LIMITED,28008988547,1297408107,41676305,9384724,2018-19
MONASH IVF GROUP LTD,90169302309,139552585,23536175,7060852,2018-19
MONDE NISSIN (AUSTRALIA) PTY LTD,25169518325,302563087,,,2018-19
MONDELEZ AUSTRALIA GROUP CO PTY LTD,53147371846,1419115236,69006978,18337220,2018-19
MONEY3 CORPORATION LIMITED,63117296143,135949340,56098052,16797459,2018-19
MOONSTONE ASSETS PTE. LTD.,,117539144,7946125,2383838,2018-19
MOOSE ENTERPRISE HOLDINGS PTY LTD,98161736572,230375176,31989654,8340363,2018-19
MORGAN STANLEY AUSTRALIA FINANCE PTY LIMITED,84086080015,618051404,70886173,21265852,2018-19
MORGANS HOLDINGS (AUSTRALIA) LIMITED,80050413682,262587995,26963545,8084624,2018-19
MORT & CO HOLDINGS LTD,54606165128,413348943,689042,,2018-19
MORTGAGE CHOICE LIMITED,57009161979,177355772,18483558,5545067,2018-19
MOTA INVESTMENTS PTY LTD,98158946144,173435704,8665943,2599783,2018-19
MOTORCYCLE HOLDINGS LIMITED,29150386995,334423495,12930475,3879142,2018-19
MOTOROLA SOLUTIONS AUSTRALIA PTY LTD,16004742312,394531881,19536603,5860981,2018-19
MOTORONE TOPCO PTY LTD,82613793472,183552829,,,2018-19
MOTT MACDONALD AUSTRALIA PTY LTD,13134120353,117304955,12474250,3742275,2018-19
MOTUS AUSTRALIA PTY LTD,79113527263,414124754,,,2018-19
MOUNT GIBSON IRON LIMITED,87008670817,301214109,,,2018-19
MOUNT PRITCHARD & DISTRICT COMMUNITY CLUB LTD,98000458622,189242145,,,2018-19
MOY INVESTMENT PTY LTD,11169154572,522633605,,,2018-19
MP AUSTRALIA HOLDINGS PTY LTD,37156629211,299366905,,,2018-19
MPA HOLDINGS (AUST.) PTY LTD,20609473421,243904885,12916790,3875037,2018-19
MPC GROUP HOLDINGS PTY LTD,26620867398,113327402,,,2018-19
MPC KINETIC HOLDINGS LIMITED,68626678911,514038668,,,2018-19
MPD DAIRY PRODUCTS PTY LTD,55001442520,264774227,8987806,2696333,2018-19
MRFF INVESTMENT COMPANY NO.2 PTY LTD,50610668785,108797872,26315496,6512865,2018-19
MSP ENGINEERING PTY LTD,64009449950,627701457,13714750,4099324,2018-19
MTHA PTY LTD,92626588789,419762968,17614964,5284489,2018-19
MTR CORPORATION (SYDNEY) NRT PTY LTD,57166934121,277349336,27619682,8285905,2018-19
"MUFG BANK, LTD.",75103418882,999358789,154046864,46214059,2018-19
MUIR GROUP PTY LTD,16004732656,320475187,13967192,3990359,2018-19
MULAWA HOLDINGS PTY LIMITED,18000259834,529977089,26411779,7770045,2018-19
MULPHA AUSTRALIA LIMITED,44002888039,331162640,7405926,2170349,2018-19
MULTI MARKET SERVICES AUSTRALIA HOLDINGS PTY LTD,50000026228,338441264,54429054,16328716,2018-19
MULTI-COLOR AUSTRALIA HOLDINGS PTY LTD,28129274719,139532641,8874689,2662407,2018-19
MUNCHENER RUCKVERSICHERUNGS GESELLSCHAFT,90009763526,1413269060,25477690,,2018-19
MUNDIPHARMA PTY LIMITED,87081322509,190376008,21497534,6449260,2018-19
MUNDRA PORT PTY LTD,61150498098,266109962,,,2018-19
MUNICH HOLDINGS OF AUSTRALASIA PTY LTD,80000159651,1575590711,,,2018-19
MURRAY & ROBERTS PTY LTD,33105617865,845076641,,,2018-19
MURRUMBIDGEE IRRIGATION LIMITED,39084943037,118202402,,,2018-19
MYER HOLDINGS LIMITED,14119085602,2533734177,53776807,12036049,2018-19
MYLAN AUSTRALIA HOLDING PTY LTD,52127537302,532242671,,,2018-19
MYLAN HEALTH PTY LTD,29601608771,161547753,11013196,3303959,2018-19
MYOB GROUP LIMITED,61153094958,404137821,101406590,14652702,2018-19
MYSALE GROUP PLC,53602567546,181943109,,,2018-19
MYSTATE LIMITED,26133623962,234875000,42742185,12822656,2018-19
N G P LORIMER PTY LIMITED,98610702988,236143861,,,2018-19
N.H.P. HOLDINGS PROPRIETARY LIMITED,21004745644,438097860,22404645,6721394,2018-19
NAMOI COTTON LIMITED,76010485588,625067624,,,2018-19
NANDO'S AUSTRALIA PTY LTD,20079066407,191857859,,,2018-19
NAOS EX-50 OPPORTUNITIES COMPANY LIMITED,49169448837,141581709,,,2018-19
NASDAQ AUSTRALIA HOLDINGS PTY LTD,15145262371,161496521,69643176,19609525,2018-19
NATIONAL AUSTRALIA BANK LIMITED,12004044937,36493765680,7262212777,2172255908,2018-19
NATIONAL MUTUAL INTERNATIONAL PTY LTD,13004484351,187513643,,,2018-19
NATIONAL ROADS & MOTORISTS ASSOCIATION LIMITED,77000010506,706394174,68384203,13662260,2018-19
NATIONAL STORAGE HOLDINGS LIMITED,38166572845,159543934,3525883,1057765,2018-19
NATIONAL TYRE & WHEEL LTD,97095843020,138162776,8477876,2532257,2018-19
NATSUN AUSTRALIA PTY LTD,38128149226,113004553,607125,182138,2018-19
NATURA BRAZIL PTY LTD,41162093030,178309489,52546349,10328631,2018-19
NAVITAS LIMITED,69109613309,609998103,65091507,13801866,2018-19
NBN CO LIMITED,86136533741,2857926451,,,2018-19
NCIG HOLDINGS PTY LIMITED,98124700483,427229595,,,2018-19
NCR AUSTRALIA PTY LTD,61000003592,266014660,9005481,2680875,2018-19
NEC AUSTRALIA PTY LTD,86001217527,405031778,,,2018-19
NEMO (BC) HOLDCO PTY LTD,13614209880,178680126,,,2018-19
NEP-GTV HOLDCO PTY LTD,34167517660,175358598,,,2018-19
NESTLE AUSTRALIA LIMITED,77000011316,2250977854,245177742,59213864,2018-19
NETAPP AUSTRALIA PTY LTD,14092499431,206424308,13859130,4157739,2018-19
NETCOMM WIRELESS LIMITED,85002490486,218029748,18557887,,2018-19
NETGEAR AUSTRALIA PTY LTD,17131554366,125936562,4476688,1343006,2018-19
NETWORK FINANCE COMPANY PTY LTD,17617869511,580038562,8596,2579,2018-19
NEW CENTENARY PTY LTD,21168183864,174759273,5573758,1672127,2018-19
NEW HOPE CORPORATION LIMITED,38010653844,1340638305,279544263,83862244,2018-19
NEW ZEALAND MILK (AUSTRALASIA) PTY LTD,23003502654,2036700226,,,2018-19
NEWCASTLE PERMANENT BUILDING SOCIETY LIMITED,96087651992,456898479,48131970,14439591,2018-19
NEWCREST MINING LIMITED,20005683625,3409765467,1022012524,301871819,2018-19
NEWFURN FLOOR COVERINGS LTD,63004650668,180184114,,,2018-19
NEWGEN KWINANA HOLDINGS PTY LTD,68116576955,180910549,29989032,8996709,2018-19
NEWMARKET GOLD NT HOLDINGS PTY LTD,30136505587,617423494,127980,,2018-19
NEWMONT GOLDCORP AUSTRALIA PTY LTD,95099040507,2546973059,359282685,106432128,2018-19
NEWS AUSTRALIA HOLDINGS PTY LIMITED,32105197028,2115403204,,,2018-19
NEXANS AUSTRALIA HOLDING PTY LTD,52122486195,398181301,,,2018-19
NEXTDC LIMITED,35143582521,180027173,,,2018-19
NGI INVESTMENTS PTY LTD,81001255143,107571337,10262285,3078686,2018-19
NGP INVESTMENTS NO 1 PTY LTD,80001495352,1052857082,78053974,9099627,2018-19
NH FOODS AUSTRALIA PTY LTD,87001548401,944340923,,,2018-19
NIB HOLDINGS LIMITED,51125633856,2316851215,195516506,57358763,2018-19
NICK SCALI LIMITED,82000403896,265693094,59059144,17705738,2018-19
NIIT TECHNOLOGIES LIMITED,,429177877,,,2018-19
NIKE AUSTRALIA PTY LTD,99055141743,571801609,14143559,4243068,2018-19
NINE ENTERTAINMENT CO. HOLDINGS LIMITED,60122203892,2511576267,175601156,47784499,2018-19
NINTENDO AUSTRALIA PTY LIMITED,43060566083,292164779,13268669,3980601,2018-19
NIPPON STEEL AUSTRALIA PTY. LIMITED,64001445049,1401713072,666850259,198905172,2018-19
NISSAN MOTOR CO (AUSTRALIA) PTY LTD,54004663156,2341918178,96492742,27797566,2018-19
NOKIA SOLUTIONS AND NETWORKS AUSTRALIA PTY LTD,74122172365,762695305,38254956,11474849,2018-19
NOLAN MEATS PTY LTD,81096869304,216021612,,,2018-19
NOMURA RESEARCH INSTITUTE AUSTRALIA PTY LTD,40621613385,435953266,23730351,,2018-19
NONI B LIMITED,96003321579,867048019,16799730,5039919,2018-19
NORCO,17009717417,603862000,,,2018-19
NORCO WHOLESALERS PTY LTD,78003630055,536901913,,,2018-19
NORGAP PTY LIMITED,34008553955,236170923,73083346,5356954,2018-19
NORITZ AUSTRALIA PTY LTD,71603048308,107266157,4214029,1093569,2018-19
NORRIS ENTERPRISES PTY LTD,92001917853,222250310,10722515,1608540,2018-19
NORSKE SKOG INDUSTRIES AUSTRALIA LIMITED,50003902985,457661542,,,2018-19
NORTHERN CO-OPERATIVE MEAT COMPANY LTD,42060208366,150484715,6271430,,2018-19
NORTHERN STAR RESOURCES LTD,43092832892,1158454181,245088004,71220254,2018-19
NORTHROP GRUMMAN AUSTRALIA PTY LIMITED,78156458981,291311131,4246571,,2018-19
NORTHWESTERN ROADS GROUP PTY LTD,21169328330,493433085,,,2018-19
NORTON GOLD FIELDS PTY LTD,23112287797,252861124,,,2018-19
NOTE PRINTING AUSTRALIA LIMITED,86082630671,128489584,4509135,107461,2018-19
NOV AUSTRALIA PTY LTD,77004449478,104894971,,,2018-19
NOVA ENTERTAINMENT RADIO INVESTMENTS PTY LIMITED,64603324929,225262980,35229065,6390148,2018-19
NOVARTIS AUSTRALIA PTY LIMITED,81004371224,1204742238,112081093,25741247,2018-19
NOVO NORDISK PHARMACEUTICALS PTY LIMITED,40002879996,227905889,16680341,4254446,2018-19
NRW HOLDINGS LTD,95118300217,1087567509,,,2018-19
NSW ELECTRICITY NETWORKS FINANCE PTY LTD,66609171913,244632877,,,2018-19
NSW PORTS FINANCE CO PTY LIMITED,83161943497,258912604,56606,16982,2018-19
NTT AUSTRALIA PTY LTD,65003371239,1319036212,,,2018-19
NTT AUSTRALIA SOLUTIONS PTY LTD,35081031432,174901850,,,2018-19
NUFARM LIMITED,37091323312,858979016,,,2018-19
NUOVO PIGNONE INTERNATIONAL SRL,75829952336,124862496,56908343,17072503,2018-19
NUTRICIA AUSTRALIA PTY LTD,99076246752,709474154,122457378,36737213,2018-19
NXE AUSTRALIA PTY LIMITED,85625190990,2988083917,,,2018-19
NYRSTAR HOBART PTY LTD,49124818113,241821197,,,2018-19
NYRSTAR PORT PIRIE PTY LTD,31008046428,426171146,26032691,4961038,2018-19
OAKBRIDGE PTY LIMITED,67000230419,1473889497,367717930,108480345,2018-19
OCEANA GOLD PTY LTD,56107488200,115320147,,,2018-19
OCWEN ENERGY PTY LTD,44605178578,1155571143,7621048,2286314,2018-19
OFFICEMAX INTERNATIONAL PTY LTD,78073257379,349569426,,,2018-19
OFFSHORE REINSURER (BERMUDA) CO LTD,68977393511,466433880,237672,71302,2018-19
OJI OCEANIA MANAGEMENT (AUS) PTY LTD,52169111362,132425730,,,2018-19
OLAM INVESTMENTS AUSTRALIA PTY LTD,17124391920,181324285,8774171,2212520,2018-19
OLAM ORCHARDS AUSTRALIA PTY LTD,15139442532,619677320,24248904,5189067,2018-19
OLYMPUS AUSTRALIA PTY LTD,90078493295,215101448,8161272,2448382,2018-19
OM (MANGANESE) LTD,60097091506,230260347,,,2018-19
OMEGA MATERIALS HANDLING PTY LTD,75069624031,251888888,1904711,565378,2018-19
OMNICOM MEDIA GROUP AUSTRALIA PTY LTD,74129754883,263637766,31361666,9396372,2018-19
OMYA AUSTRALIA PTY LIMITED,97001682533,120896801,14443074,4332922,2018-19
ONE STOP WAREHOUSE PTY LTD,46161849323,252155831,10458824,3137647,2018-19
ONEFORTYONE PLANTATIONS HOLDINGS PTY LTD,42159689942,505406653,,,2018-19
ONESUBSEA AUSTRALIA HOLDINGS PTY LTD,82162438333,329150484,13363862,4009158,2018-19
ONLINE EDUCATION SERVICES PTY LTD,75148177959,126945949,36957210,11087163,2018-19
ONSITE RENTAL GROUP LIMITED,42126396852,233017000,,,2018-19
ONTEX MANUFACTURING PTY LTD,16145822528,160596560,6555311,1966593,2018-19
OOH!MEDIA LIMITED,69602195380,452304374,58107396,14270539,2018-19
OPIC AUSTRALIA PTY LTD,66008603487,160407600,,,2018-19
OPTIVER AUSTRALIA HOLDINGS PTY LIMITED,35077364286,670516683,128233500,33500478,2018-19
ORD MINNETT HOLDINGS PTY LIMITED,32062323728,154025532,24203808,7261142,2018-19
ORICA LIMITED,24004145868,2173915084,202390166,19286787,2018-19
ORICA MINING SERVICES PILBARA PTY LTD,65158151369,227441261,1437570,431271,2018-19
ORIENTAL MERCHANT PTY LTD,34007368925,264598253,20336565,6100970,2018-19
ORIGIN ENERGY LIMITED,30000051696,15894540753,634652763,179955804,2018-19
ORIX AUSTRALIA CORPORATION LIMITED,79002992681,274514158,443904,133171,2018-19
ORORA LIMITED,55004275165,2128489867,91782637,23468910,2018-19
OSAKA GAS AUSTRALIA PTY LTD,49093246381,159870052,,,2018-19
OSIRIS HOLDINGS PTY LIMITED,29168919391,2288154277,,,2018-19
OUTOTEC PTY LTD,74003491165,344592699,10924602,765202,2018-19
OVATO LIMITED,39050148644,569120419,,,2018-19
OVERSEA-CHINESE BANKING CORPORATION LIMITED,94073598035,352117249,134074369,40222311,2018-19
OWENS-ILLINOIS HOLDING (AUSTRALIA) PTY LTD,30002060059,693155955,,,2018-19
OZ GROUP CO-OP LIMITED,73482255177,155441908,794513,238354,2018-19
OZ MINERALS LIMITED,40005482824,1089833897,169851801,50955540,2018-19
OZGEN HOLDINGS AUSTRALIA PTY LTD,34128655096,428534060,,,2018-19
P G HOLDINGS LTD,71009448793,127345892,10357140,,2018-19
PA PACIFIC PTY LIMITED,76080049145,199655740,,,2018-19
PACCAR AUSTRALIA PTY LTD,43004669667,1192573969,179055700,52931617,2018-19
PACIFIC ASIA EXPRESS PTY LTD,65051866409,209207705,1932164,545363,2018-19
PACIFIC ENERGY LIMITED,22009191744,123604841,35634685,10690406,2018-19
PACIFIC INVEST DECEMBER 2004 PTY LTD,58112150973,756732872,20345225,6039935,2018-19
PACIFIC LIFE RE (AUSTRALIA) PTY LTD,91601822431,807763155,3205436,961631,2018-19
PACIFIC PETROLEUM PTY LTD,31618546339,371119201,385794,115738,2018-19
PACIFIC SMILES GROUP LTD,42103087449,123440549,15549670,4664901,2018-19
PACT GROUP HOLDINGS LIMITED,55145989644,1278239868,,,2018-19
PADDY POWER AUSTRALIA PTY LTD,83133081491,726008443,103603342,25672975,2018-19
PALL AUSTRALIA PTY LTD,80136524868,112180848,30063480,9019044,2018-19
PANALPINA WORLD TRANSPORT PTY LIMITED,29000525995,171043250,,,2018-19
PANASONIC AUSTRALIA PTY LIMITED,83001592187,408923292,12352885,3705866,2018-19
PANAUST LIMITED,17011065160,120434233,170181,51054,2018-19
PANDROL AUSTRALIA PTY LIMITED,90000061227,136036359,16958601,4837288,2018-19
PAPER AUSTRALIA PTY LTD,63061583533,737518005,,,2018-19
PAPUAN OIL SEARCH LIMITED,62000251025,183274391,,,2018-19
PARAGON CARE LIMITED,76064551426,194842226,,,2018-19
PARAWAY PASTORAL COMPANY LIMITED,14122572641,224849021,,,2018-19
PARK FREIGHT INTERNATIONAL PTY LTD,84001954203,160119997,3528196,1058459,2018-19
PARK24 AUSTRALIA PTY LTD,58616101341,324215353,,,2018-19
PARKER HANNIFIN AUSTRALIA HOLDING PTY LIMITED,61117010107,232025765,26906519,7720888,2018-19
PARKVIEW CERBERUS PTY LTD,44119071135,503401302,31429400,9428820,2018-19
PASTEL HOLDINGS PTY LTD,33168929566,420446116,19857450,5957235,2018-19
PAUL WAKELING MOTOR GROUP PTY LTD,47119908780,243764431,6812065,2043620,2018-19
PAYCE CONSOLIDATED PTY LIMITED,19001566310,283426572,,,2018-19
PAYNTERS PTY LTD,32060951162,276433106,13241324,3972397,2018-19
PAYPAL AUSTRALIA PTY LTD,93111195389,609698659,33515671,10054701,2018-19
PBS PROPERTY GROUP PTY LTD,39099677844,202568886,2190048,631832,2018-19
PDH GROUP PTY LTD,26125135524,609950344,11066315,3319895,2018-19
PE WHEATSTONE PTY LTD,53158341612,391547912,,,2018-19
PEABODY AUSTRALIA HOLDCO PTY LTD,61154820130,4490423301,,,2018-19
PEARL HOTELS C 2013 PTY LTD,27165640853,167263678,,,2018-19
PEARSON AUSTRALIA HOLDINGS PTY LTD,62103243858,225014890,10225656,2875810,2018-19
PEET LIMITED,56008665834,236204324,62094500,16606565,2018-19
PELICAN ACQUISITION COMPANY PTY LTD,94146841027,331190282,10557838,3167351,2018-19
PENDAL GROUP LIMITED,28126385822,286688820,32816962,9629322,2018-19
PENFOLD MOTORS BURWOOD PTY LTD,28005667461,281074213,248425,74528,2018-19
PENGUIN RANDOM HOUSE AUSTRALIA PTY LTD,28004815703,173058435,,,2018-19
PENRITH RUGBY LEAGUE CLUB LTD,57000578398,114956193,,,2018-19
PENSKE TRANSPORTATION GROUP INTERNATIONAL PTY LTD,42164850355,775783790,24473126,6772061,2018-19
PENTAL LIMITED,29091035353,154375554,5908030,1764000,2018-19
PEOPLE INFRASTRUCTURE LTD,39615173076,272877358,14301353,4133409,2018-19
PEPPER GROUP LIMITED,55094317665,809900846,1914319,343573,2018-19
PEPSICO FOODS GROUP PTY LIMITED,71122527137,1260237994,62692212,18807664,2018-19
PERENTI GLOBAL LIMITED,95009211474,1159012281,,,2018-19
PERILYA LIMITED,85009193695,425311961,,,2018-19
PERNOD RICARD PACIFIC HOLDING PTY LTD,16003678484,617029999,,,2018-19
PERPETUAL LIMITED,86000431827,511502954,143465728,40637741,2018-19
PERRON GROUP LTD,90009402617,127345892,10353372,,2018-19
PERRON INVESTMENTS PTY LTD,48000003976,729911735,237433692,61800295,2018-19
PERSOL AUSTRALIA HOLDINGS PTY LTD,58620794130,2318829659,14720053,4416016,2018-19
PERTH AIRPORT DEVELOPMENT GROUP PTY LTD,53076286630,678850493,198150762,58978216,2018-19
PERTH ENERGY HOLDINGS PTY LTD,20611228221,252141153,,,2018-19
PET CARE HOLDINGS AUSTRALIA PTY LTD,77000060364,5603065266,149897985,44969041,2018-19
PETRO DIAMOND AUSTRALIA PTY LTD,66155097242,280450781,,,2018-19
PETRO NATIONAL PTY LIMITED,83606401325,398474080,,,2018-19
PETROCHINA INTERNATIONAL (AUSTRALIA) PTY LTD,67618641697,610154065,1060197,318059,2018-19
PETRONAS AUSTRALIA PTY LIMITED,25064998867,1107168028,,,2018-19
PETSTOCK PTY LTD,80098394588,233104237,15828992,4639517,2018-19
PFD FOOD SERVICES PTY LTD,29006972381,2148869052,38226741,11277482,2018-19
PFG PROPERTIES PTY LTD,93100371220,129264304,10120570,3036171,2018-19
PFG TOPCO 1 PTY LTD,35604317875,744555405,116320036,31696898,2018-19
PHARM-A-CARE LABORATORIES PTY LTD,99003468219,263221706,32019741,8198894,2018-19
PHARSALUS INVESTMENTS PTY LIMITED,88163462637,1322732038,35289617,10568716,2018-19
PHILIP MORRIS (AUSTRALIA) LIMITED,68004316901,3197011027,159845852,47953756,2018-19
PHILIP USHER CONSTRUCTIONS PTY LTD,38011008101,218618134,44487140,11792136,2018-19
PHILIPS ELECTRONICS AUSTRALIA LIMITED,24008445743,448734630,17948632,5384590,2018-19
PIACENTINI & SON PTY LTD,18008797715,324252843,8347809,2504343,2018-19
PICKLES AUCTIONS PTY LTD,32003417650,461818742,24281613,7284484,2018-19
PIMCO AUSTRALIA PTY LIMITED,54084280508,118106103,52549836,15764951,2018-19
PINDAN GROUP PTY LTD,90611922386,200395239,,,2018-19
PIONEER SAIL HOLDINGS PTY LTD,45617844569,3739912090,326016316,49702451,2018-19
PIPEMAKERS AUSTRALIA PTY LTD,76061712365,171429255,3794492,1125817,2018-19
PIRELLI TYRES AUSTRALIA PTY LTD,63001784014,115664236,4051727,1211719,2018-19
PJ MORRIS WOOLS PTY LTD,57008767968,257588607,1626880,478427,2018-19
PLATINUM ASSET MANAGEMENT LIMITED,13050064287,302525175,223507401,65983067,2018-19
PLATINUM CAPITAL LIMITED,51063975431,106480757,46500363,12685000,2018-19
PLUMBERS SUPPLIES CO-OPERATIVE LIMITED,55053236436,133292948,,,2018-19
POLARIS SALES AUSTRALIA PTY LTD,62088081949,113235273,3968425,1190528,2018-19
POLICE & NURSES LIMITED,69087651876,176506684,20169628,5936100,2018-19
POLY (AUSTRALIA) REAL ESTATE DEVELOPMENT PTY LIMITED,96603324689,367754187,39228654,8708596,2018-19
POLYAIRE HOLDINGS PTY LIMITED,59007766369,122095877,,,2018-19
PON HOLDING AUSTRALIA PTY LTD,67164517104,163914573,,,2018-19
PORSCHE CARS AUSTRALIA PTY LTD,67004327048,633680229,23364713,7009414,2018-19
PORT WARATAH COAL SERVICES LIMITED,99001363828,362173677,,,2018-19
POSCO AUSTRALIA PTY LTD,54002062160,320387360,87078487,21016121,2018-19
POSH SEMCO PTE LTD,90490049716,130309123,47230743,14169223,2018-19
POWER RENTAL OP CO AUSTRALIA LLC,85457881818,101442421,18598059,5579418,2018-19
PPG INDUSTRIES AUSTRALIA PTY LTD,82055500939,523170241,61720779,18182543,2018-19
PRATT CONSOLIDATED HOLDINGS PTY LTD,43104958581,2754134067,79991970,9397962,2018-19
PRECISE AIR GROUP (HOLDINGS) PTY LTD,37604902203,110076268,2723326,816998,2018-19
PREMIER COAL HOLDINGS PTY LTD,89158560911,562659562,,,2018-19
PREMIER INVESTMENTS LIMITED,64006727966,995429935,150833000,41250074,2018-19
PREMIUM FLOORS AUSTRALIA PTY LTD,15152867984,341839502,1002793,,2018-19
PRESTIGE AUTO TRADERS AUSTRALIA PTY LTD,11105105771,236483967,5219766,1565930,2018-19
PRESTON MOTORS (HOLDINGS) PTY LIMITED,23004357279,338844848,,,2018-19
PRICEWATERHOUSECOOPERS ASEANZ CONSULTING PTY LIMITED,77606603436,770595810,,,2018-19
PRIMAPLAS PTY LIMITED,94003720474,232865411,8065955,2412418,2018-19
PRIME CONSTRUCTIONS (QLD) PTY LTD,11128215903,214075941,13774890,4132467,2018-19
PRIME MEDIA GROUP LIMITED,97000764867,191861730,15800711,4740213,2018-19
PROBE BPO HOLDINGS PTY LTD,99624628977,169620665,6333345,1793668,2018-19
PROBUILD CONSTRUCTIONS (AUST) PTY LTD,93095250945,1587886492,6473573,1610153,2018-19
PROCTER & GAMBLE AUSTRALIA PTY LIMITED,91008396245,532131290,7423522,2158453,2018-19
PROJECT QUILL I PTY LTD,41617774017,818514239,,,2018-19
PROJECT SUNSHINE I PTY LTD,13167275818,441371306,120344633,33832186,2018-19
PRO-PAC PACKAGING LIMITED,36112971874,436509761,,,2018-19
PROSEGUR AUSTRALIA HOLDINGS PTY LIMITED,44166656739,125051445,,,2018-19
PROSSER (2015) PTY LTD,43606139164,144678186,508928,152678,2018-19
PROUDS JEWELLERS PTY LIMITED,99073053273,540892515,27284218,8185265,2018-19
PRP DIAGNOSTIC IMAGING HOLDINGS LIMITED,93615759898,195011997,44194707,13258412,2018-19
PRUDENTIAL INVESTMENT COMPANY OF AUSTRALIA PTY LIMITED AUSTRALIA PTY LIMITED,84004266817,103064473,8557681,2567304,2018-19
PRYSMIAN AUSTRALIA PTY LIMITED,36096594080,535876391,18949980,5684994,2018-19
PSC INSURANCE GROUP LIMITED,81147812164,104012497,38659944,11169230,2018-19
PTH NO 1 PTY LTD,43611116155,628568831,50535621,15160686,2018-19
PTTEP AUSTRALIA PERTH PTY LTD,74134686525,184901712,,,2018-19
PUMA AUSTRALIA PTY LTD,52050539501,106724900,,,2018-19
PUMA ENERGY (AUSTRALIA) ASSETS HOLDINGS PTY LTD,24167119020,314470389,,,2018-19
PUMA ENERGY (AUSTRALIA) HOLDINGS PTY LTD,26147978890,3446949766,,,2018-19
PVH BRANDS AUSTRALIA PTY LIMITED,15165485290,363447495,42006797,12602039,2018-19
PWA HOLDINGS ONE PTY LTD,57615674185,1344097575,11974175,3591100,2018-19
PYBAR HOLDINGS PTY LIMITED,32088981757,324528868,,,2018-19
PZ CUSSONS (HOLDINGS) PTY LTD,19000327873,181954001,9621288,2598351,2018-19
QANTAS AIRWAYS LIMITED,16009661901,17502749115,942806968,259325904,2018-19
QANTM INTELLECTUAL PROPERTY LIMITED,43612441326,143335020,19105931,5723814,2018-19
QATAR AIRWAYS GROUP (Q.C.S.C),18105742916,708392695,,,2018-19
QBE INSURANCE GROUP LIMITED,28008485014,7870664213,61983641,,2018-19
QCOAL PTY LTD,99010911234,479553368,127821165,38289034,2018-19
QENOS HOLDINGS PTY LTD,62086026968,786394345,,,2018-19
QGC UPSTREAM HOLDINGS PTY LIMITED,76130856843,3985352867,,,2018-19
QIC AGRIBUSINESS HOLDINGS PTY LTD,93612232112,114468761,,,2018-19
QSUPER LIMITED,50125248286,877199044,11588253,3476476,2018-19
QUARTZ REEF HILL INVESTMENTS PTY LTD,34612741812,452787419,30557095,9167128,2018-19
QUASAR RESOURCES PTY LTD,17101227070,154633657,,,2018-19
QUBE HOLDINGS LIMITED,14149723053,1756558607,170316096,44813999,2018-19
QUEENSLAND ALUMINA LIMITED,98009725044,1105250242,14399691,,2018-19
QUEENSLAND COUNTRY CREDIT UNION LIMITED,77087651027,127450384,4838221,1372586,2018-19
QUEENSLAND COUNTRY HEALTH FUND LTD,18085048237,130871287,4787279,1204877,2018-19
QUIKSILVER AUSTRALIA PTY LTD,20091136195,415877298,,,2018-19
QUINTIS HOLDCO PTY LTD,44626968858,115659197,,,2018-19
R & P MATTHEWS PTY LTD,42054660374,305156190,5563134,1668940,2018-19
RA PARTNERSHIP HOLDING 1 PTY LTD,74610717407,368623464,20147221,4451835,2018-19
RABO AUSTRALIA LIMITED,39060452217,1139998399,317673210,94291101,2018-19
RACQ INSURANCE LIMITED,50009704152,1152024097,40361124,12108337,2018-19
RACQ OPERATIONS PTY LTD,80009663414,511582291,35358162,,2018-19
RALERU LTD,52002575340,177305699,994945,298484,2018-19
RALPH LAUREN AUSTRALIA PTY LTD,61118847359,115883517,3629120,1088736,2018-19
RAMELIUS RESOURCES LIMITED,51001717540,356995618,,,2018-19
RAMPAGE RETAIL PTY LTD,66600817178,784306890,499885,149966,2018-19
RAMSAY HEALTH CARE LIMITED,57001288768,5002654891,712751350,212217250,2018-19
RANDSTAD HOLDINGS PTY LIMITED,33098899855,880491760,,,2018-19
RAYTHEON AUSTRALIA PTY LTD,35063709295,669017454,97417473,26079671,2018-19
RCL CRUISES LTD,54150263086,101893007,426005,127802,2018-19
RCL REAL ESTATE HOLDINGS,94164258084,100705098,2138076,,2018-19
REA GROUP LIMITED,54068349066,835813522,497326897,139639571,2018-19
REACH SERVICES AUSTRALIA PTY LIMITED,49095465419,125201146,,,2018-19
READING ENTERTAINMENT AUSTRALIA PTY LTD,12070893908,148872204,25545039,7422441,2018-19
RECKITT BENCKISER HEALTHCARE AUSTRALIA PTY LIMITED,64000071278,646079678,35710021,10713006,2018-19
RED 5 LIMITED,73068647610,216857945,,,2018-19
RED BACK MINING PTY LTD,,161058759,,,2018-19
RED BULL AUSTRALIA PTY LTD,67085840259,197539715,15970558,4791167,2018-19
RED DOT HOLDINGS PTY LIMITED,66123584618,251118804,26928729,8078619,2018-19
RED HAT ASIA PACIFIC PTY LTD,35090438485,119502750,24569556,873047,2018-19
RED HOT AUSTRALIA HOLDCO PTY LIMITED,38620321351,203420222,37140,11142,2018-19
REDCAPE HOTEL TRUST II,62958405971,286333146,,,2018-19
REDOX GROUP PTY LTD,42627118101,684200767,45256208,13576769,2018-19
REDPATH (AUSTRALIA) HOLDINGS PTY LTD,43133126682,238286531,7687249,,2018-19
REECE LIMITED,49004313133,2794598449,280212154,83896305,2018-19
REED INDUSTRIAL MINERALS PTY LTD,67138805722,394626439,140300972,42090292,2018-19
REGAN HOLDINGS PTY LIMITED,61073039791,244681172,1726338,517901,2018-19
REGIONAL EXPRESS HOLDINGS LIMITED,18099547270,318544021,27262763,8178446,2018-19
REGIS HEALTHCARE LIMITED,11125203054,656274841,47902648,14370794,2018-19
REGIS RESOURCES LIMITED,28009174761,659165808,171555345,51466604,2018-19
RELIANCE WORLDWIDE CORPORATION LIMITED,46610855877,345333514,67830336,15558933,2018-19
RELX AUSTRALIA PTY LTD,19004323166,223904925,23018232,6905470,2018-19
REMA TIP TOP INDUSTRY HOLDING AUSTRALIA PTY LTD,56137964973,162981232,,,2018-19
REMONDIS AUSTRALIA PTY LTD,95002429781,376725361,18753888,5626166,2018-19
RENTOKIL PTY LTD,61000143733,243128664,19285033,5785510,2018-19
RESIMAC GROUP LIMITED,55095034003,186298731,40135779,12039205,2018-19
RESMED HOLDINGS PTY LIMITED,28003765133,1469340442,687887091,137944361,2018-19
RESTAURANT BRANDS AUSTRALIA HOLDINGS PTY LTD,53611058701,178340910,11716843,3515053,2018-19
REVLON AUSTRALIA PTY LTD,18095360731,122915123,17728060,5318418,2018-19
REWARD SUPPLY CO PTY LTD,40010183669,142470562,4796822,1416547,2018-19
REXEL HOLDINGS AUSTRALIA PTY LTD,17081022068,802375598,,,2018-19
RGA AUSTRALIAN HOLDINGS PTY LTD,20071125507,910386297,,,2018-19
RGF STAFFING MELBOURNE ONE PTY LIMITED,84603568403,1723786549,30487951,8699874,2018-19
RHEINMETALL MAN MILITARY VEHICLES AUSTRALIA PTY LIMITED,87114035595,676414166,15404865,4793808,2018-19
RHIPE LIMITED,91112452436,164089254,13026278,3662099,2018-19
RHODIUM TRADING AUSTRALIA PTY LTD,18613106666,217338357,4561979,1368594,2018-19
RICEGROWERS LIMITED,55007481156,971808347,38346616,8959504,2018-19
RICH MARK DEVELOPMENT (GROUP) PTY LTD,11091877780,419632571,4027018,1208105,2018-19
RICHARD CROOKES CONSTRUCTIONS PTY LIMITED,33001375266,1343373043,52100017,15630005,2018-19
RICHEMONT AUSTRALIA PTY LIMITED,99003432504,259669000,25147817,7544303,2018-19
RICHLAND EXPRESS PTY LIMITED,52127488340,108683622,4330274,1299082,2018-19
RICOH AUSTRALIA PTY LIMITED,30000593171,340397684,,,2018-19
RIDLEY CORPORATION LIMITED,33006708765,1042300224,45117123,6534913,2018-19
RINNAI AUSTRALIA PTY LTD,74005138769,305226601,26162673,7260357,2018-19
RIO TINTO LTD,96004458404,36247255132,15057882794,4250156233,2018-19
RIORDAN GROUP PTY LTD,35076271148,248629462,980658,294197,2018-19
RIP CURL GROUP PTY LTD,52068999520,231382554,13450950,2115490,2018-19
RITCHIES STORES PTY LTD,61005041814,1095300272,18306373,5491912,2018-19
RIVALEA HOLDINGS PTY LTD,37097393112,321253030,,,2018-19
RIVERINA (AUSTRALIA) PTY LIMITED,76010755254,533427134,6305222,1891567,2018-19
RIVERINA OILS & BIO ENERGY PTY LTD,25103697703,169259411,,,2018-19
RIVIERA HOLDINGS (AUS) PTY LTD,96169709415,311107423,26884786,7300826,2018-19
ROBE RIVER MINING CO PTY LTD,71008694246,1938880803,1023499927,306774414,2018-19
ROBERT BOSCH (AUSTRALIA) PTY LTD,48004315628,891897926,27904965,,2018-19
ROBERT HALF AUSTRALIA PTY LIMITED,32081257052,113522554,10342964,3102889,2018-19
ROBERT WALTERS PTY LTD,18079521618,280496714,4296932,1280383,2018-19
ROBINSON GRAIN TRADING CO. PTY. LTD.,71079213219,304642725,2274134,682240,2018-19
ROCHE DIAGNOSTICS AUSTRALIA PTY LTD,29003001205,305237590,14058947,4217684,2018-19
ROCHE PRODUCTS PTY LIMITED,70000132865,643250926,63551706,7951282,2018-19
ROCKPOOL DINING GROUP PTY LTD,79607717206,328092648,,,2018-19
ROCKWELL AUTOMATION AUSTRALIA LIMITED,80005549477,152959714,4299321,1282886,2018-19
ROHLIG AUSTRALIA PTY LIMITED,51001191402,150801384,2191518,657455,2018-19
ROLEX AUSTRALIA PTY LTD,47005956338,134187690,9010341,2703102,2018-19
RONDO BUILDING SERVICES PTY LTD,69000289207,266502727,41333176,11536479,2018-19
ROSS HOUSE INVESTMENTS PTY LTD,98004360392,380763289,1847689,554307,2018-19
ROSS LLEWELLYN MOTORS PTY LTD,81010428841,213512557,1881315,564394,2018-19
ROY HILL HOLDINGS PTY LTD,71123721077,5227932560,626307112,172937856,2018-19
ROYAL AUTOMOBILE ASSOCIATION OF SOUTH AUSTRALIA INC,90020001807,449622653,25695629,7377150,2018-19
ROYAL AUTOMOBILE CLUB OF VICTORIA (RACV) LIMITED,44004060833,774889724,98084995,,2018-19
ROYAL BANK OF CANADA,86076940880,640384795,59377349,17813205,2018-19
ROYAL CANIN AUSTRALIA PTY LTD,88092020178,156968402,,,2018-19
RPS ENERGY PTY LTD,44072504299,257516626,32438333,9640852,2018-19
RTA HOLDCO AUSTRALIA 1 PTY LTD,17128762318,2850705041,26394196,,2018-19
RTCH PTY LTD,66616357487,452581293,90290204,26660404,2018-19
RTPDS AUS PTY LTD,21099346899,6000018328,8571446899,5499,2018-19
RURALCO HOLDINGS LIMITED,40009660879,1031817606,25483116,3445962,2018-19
RUSSELL INVESTMENTS AUSTRALIA HOLDCO PTY LTD,99612159314,178715658,32547852,9764356,2018-19
RXP SERVICES LIMITED,30146959917,141255501,13680315,4104094,2018-19
RYOWA DEVELOPMENT II PTY LTD,22063780021,225525484,,,2018-19
SAAB TECHNOLOGIES AUSTRALIA PTY LTD,47002950790,185488935,28572287,8571686,2018-19
SABRE AUSTRALIA TECHNOLOGIES 1 PTY LIMITED,16096308486,238275709,3969387,1190816,2018-19
SADDLEBACK INVESTMENTS PTY LTD,96134978224,475638596,1456126,,2018-19
SAFCOL AUSTRALIA PTY LTD,19052489924,118465658,,,2018-19
SAI GLOBAL HOLDINGS II (AUSTRALIA) PTY LTD,55615020409,274837464,1200653,,2018-19
SALMAT LIMITED,11002724638,249379703,,,2018-19
SALT LAKE MINING PTY LTD,26162824473,110588658,,,2018-19
SAMIOS PLUMBING PTY LTD,91010360899,239134734,1597097,479129,2018-19
SAMSONITE AUSTRALIA PTY LTD,31006363248,156586957,12554762,3766429,2018-19
SAMSUNG C&T CORPORATION,49160079470,1550946050,,,2018-19
SAMSUNG ELECTRONICS AUSTRALIA PTY LIMITED,63002915648,2643740642,85391429,25617429,2018-19
"SAMSUNG HEAVY INDUSTRIES CO., LTD.",89611189774,266989963,157562,47269,2018-19
SAMUEL SMITH & SON PTY LTD,64007534278,310056648,12541350,3508471,2018-19
SAN MIGUEL YAMAMURA AUSTRALASIA PTY LTD,49099994162,297780125,12273821,3657695,2018-19
SANDFIRE RESOURCES NL,55105154185,649915777,162447578,48399038,2018-19
SANDVIK AUSTRALIA HOLDINGS PTY LTD,60003771373,1035602932,568213,,2018-19
SANOFI-AVENTIS AUSTRALIA PTY LTD,31008558807,896248798,86902017,21784925,2018-19
SANTOS LIMITED,80007550923,4360612850,8328076,,2018-19
SANTOS WA ENERGY HOLDINGS PTY LTD,50605014462,961699883,37961838,3112393,2018-19
SANWA PTY LIMITED,96000904987,374363712,9180544,2749929,2018-19
SAP AUSTRALIA PTY LIMITED,26003682504,1163617708,,,2018-19
SAPPI TRADING AUSTRALIA PTY LIMITED,17086317071,102254918,,,2018-19
SARACEN MINERAL HOLDINGS LIMITED,52009215347,557778721,70064527,21019358,2018-19
SAS INSTITUTE AUSTRALIA PTY LIMITED,13002287247,126876095,,,2018-19
SAVANNA ENERGY SERVICES PTY LTD,16140172756,151854091,6382784,1914835,2018-19
SAVILLS (AUST) HOLDINGS PTY LIMITED,49059047371,141745869,10147103,3044131,2018-19
SCANIA AUSTRALIA PTY LTD,44000537333,475115570,23740716,7122215,2018-19
SCENTRE GROUP LIMITED,66001671496,3588145029,101622265,30446491,2018-19
SCHENKER AUSTRALIA PTY LIMITED,75000410211,765570681,,,2018-19
SCHINDLER LIFTS AUSTRALIA PTY LTD,19005838773,532379443,28790878,8637263,2018-19
SCHLUMBERGER AUSTRALIA PTY LTD,74002459225,629292935,,,2018-19
SCHNEIDER ELECTRIC AUSTRALIA HOLDINGS PTY LTD,30105310781,1149722613,,,2018-19
SCHNEIDER ELECTRIC BUILDINGS AUSTRALIA PTY LIMITED,19008059345,119558183,,,2018-19
SCHNEIDER ELECTRIC IT AUSTRALIA PTY LTD,70088913866,145187108,,,2018-19
SCHOLASTIC AUSTRALIA PTY LIMITED,11000614577,114711003,10091563,2837758,2018-19
SCHRODERS AUSTRALIA HOLDINGS PTY LTD,83008423738,131819526,39809800,11650359,2018-19
SCIFLEET MOTORS PTY LTD,25057783749,593667838,18981393,5694418,2018-19
SCOR GLOBAL LIFE AUSTRALIA PTY LTD,83148897670,155640944,,,2018-19
SDP HOLDCO PTY LIMITED,60158076843,206314852,3942910,1182873,2018-19
SEALED AIR AUSTRALIA (HOLDINGS) PTY LIMITED,74102261307,334108058,,,2018-19
SEALINK TRAVEL GROUP LIMITED,49109078257,251321943,13963322,4188997,2018-19
SEATECH INDUSTRIAL PTY LIMITED,67614150971,329855638,859070,257721,2018-19
SEAWAY HOLDINGS PTY LTD,82616470010,236117472,10147306,2975621,2018-19
SEDGWICK AUSTRALIA HOLDINGS PTY LIMITED,,107752366,,,2018-19
SEE GROUP PARENT PTY LTD,47626830206,241088172,14958027,4487408,2018-19
SEEK LIMITED,46080075314,574005778,207129780,29617324,2018-19
SEKISUI HOUSE AUSTRALIA HOLDINGS PTY LTD,71134688510,509257177,31426760,9428028,2018-19
SEKTOR LIMITED PARTNERSHIP,74297651095,128668517,4863187,1458956,2018-19
SELECT HARVESTS LTD,87000721380,308260121,69267400,20152509,2018-19
SELECT PROPERTY PORTFOLIO 3B TRUST,57552659760,108471752,,,2018-19
SELL & PARKER PTY LIMITED,98000101315,301546619,24074883,7222465,2018-19
SENEX ENERGY LIMITED,50008942827,140922776,,,2018-19
SEPHORA AUSTRALIA PTY LTD,37169030737,201312756,12159614,3647884,2018-19
SERCO GROUP PTY LTD,55061889763,960771607,86420177,25756308,2018-19
SERVCO AUSTRALIA MELBOURNE CITY PTY LTD LTD,96616073226,253219354,2014273,604282,2018-19
SERVICE STREAM LIMITED,46072369870,852178214,78827596,23648279,2018-19
SERVIER LABORATORIES (AUST) PTY LTD,54004838500,124396366,15221781,,2018-19
SEVEN GROUP HOLDINGS LIMITED,46142003469,4176361362,356983485,92188382,2018-19
SEVEN WEST MEDIA LIMITED,91053480845,1804316674,100987448,23558247,2018-19
SFDC AUSTRALIA PTY LTD,91109182989,428956062,,,2018-19
SFG GROUP HOLDINGS PTY LTD,,809151983,,,2018-19
SG FLEET GROUP LIMITED,40167554574,225420101,86146322,25843897,2018-19
SG GAMING AUSTRALIA HOLDINGS I PTY LTD,,158390423,28507372,4781741,2018-19
SGS AUSTRALIA HOLDINGS PTY LTD,46004269023,240625180,,,2018-19
SGSP (AUSTRALIA) ASSETS PTY LTD,60126327624,1850051122,174113817,50684892,2018-19
SHADFORTH'S CIVIL PTY LTD,68162606377,486639270,17514686,5254406,2018-19
SHANDONG TIANYE GROUP BID CO PTY LTD,84616407777,130108454,,,2018-19
SHANGRI-LA INVESTMENT (AUSTRALIA) PTY LIMITED,15146016033,142576191,6750038,2025011,2018-19
SHAPE AUSTRALIA HOLDINGS PTY LTD,93008656264,653207842,20236328,6070898,2018-19
SHAVER SHOP GROUP LIMITED,78150747649,163711001,4573751,1372125,2018-19
SHELL ENERGY HOLDINGS AUSTRALIA LTD,69054260776,5531026873,318645923,,2018-19
SHERWIN-WILLIAMS AUSTRALIA HOLDING PTY LTD,61604850599,154015315,,,2018-19
SHINE CORPORATE LTD,93162817905,175477443,,,2018-19
SHIYING PROPERTY HOLDINGS AUSTRALIA PTY LIMITED,91602414157,115804502,5427944,1628383,2018-19
SHRIRO HOLDINGS LIMITED,29605279329,145263952,8270065,1517718,2018-19
SIBELCO ASIA PACIFIC PTY LIMITED,70092916811,449461796,,,2018-19
SIEMENS HEALTHCARE PTY LTD,83604853938,408469044,16579504,4973851,2018-19
SIEMENS LTD.,98004347880,974084301,50612651,13205949,2018-19
SIENNA FUNDS MANAGEMENT PTY LTD,97125942225,242146465,21333,872,2018-19
SIGMA ALDRICH OCEANIA PTY LTD,29112895708,139718433,5971319,1791396,2018-19
SIGMA HEALTHCARE LTD,15088417403,4113985050,49918317,13985440,2018-19
SIGNIFY AUSTRALIA LIMITED,49606173648,100075254,2516723,755017,2018-19
SIKA AUSTRALIA PTY LIMITED,12001342329,211950116,16132254,4839676,2018-19
SILICON METAL COMPANY OF AUSTRALIA PTY LTD,73009401736,197025386,26589421,6147480,2018-19
SILVER CHEF LIMITED,28011045828,259622243,,,2018-19
SILVER LAKE RESOURCES LIMITED,38108779782,303612148,,,2018-19
SIME DARBY INDUSTRIAL AUSTRALIA PTY LTD,56153652594,2731933491,4250873,,2018-19
SIMEC ZEN ENERGY PTY LTD,69607714358,220815097,,,2018-19
SIMONDS GROUP LIMITED,54143841801,687724723,,,2018-19
SIMPLOT AUSTRALIA (HOLDINGS) PTY,23070571934,1124999820,52488739,11857919,2018-19
SIMS LIMITED,69114838630,1193609735,90284284,22503754,2018-19
SINGAPORE TELECOM AUSTRALIA INVESTMENTS PTY LIMITED,69096686190,9236172184,652543026,187593678,2018-19
SINGPOST LOGISTICS AUSTRALIA HOLDINGS PTY LTD,59609291330,151711353,1185954,355786,2018-19
SINO IRON HOLDINGS PTY LTD,43118791772,2102365386,,,2018-19
SINOCHEM INTERNATIONAL AUSTRALIA PTY LTD,74160164616,106896317,,,2018-19
SINOPEC INTERNATIONAL (AUSTRALIA) PTY LIMITED,69163459701,471371971,86852,,2018-19
SINOPEC OIL AND GAS AUSTRALIA PTY LTD,94130568553,370722823,,,2018-19
SINOSTEEL AUSTRALIA PTY LTD,36009277230,389085207,,,2018-19
SIRVA (ASIA PACIFIC) PTY LTD,48005944187,123957040,6977297,2087424,2018-19
SIS AUSTRALIA HOLDINGS PTY LTD,65132211459,582044252,21811493,6438663,2018-19
SKF AUSTRALIA PTY LTD,87004236855,102705795,5142166,1542361,2018-19
SKYCITY AUSTRALIA PTY LIMITED,67090828612,230909694,,,2018-19
SLAJAN TRADING PTY LTD,65619418414,358894765,137790,41337,2018-19
SLATER AND GORDON LIMITED,93097297400,161312260,,,2018-19
SLECO PTY. LTD.,25007893781,364170804,3700064,1094724,2018-19
SMARTGROUP CORPORATION LTD,48126266831,252234243,103401212,29725906,2018-19
SMEG AUSTRALIA PTY LTD,33146901082,176963629,6921676,2076503,2018-19
SMIT LAMNALCO AUSTRALIA PTY LTD,24113226074,101953821,,,2018-19
SMITH & NEPHEW PTY LTD,68000087507,298148696,18479094,5475346,2018-19
SMR HOLDING AUSTRALIA PTY LIMITED,86006579899,101812940,18991008,5632254,2018-19
SMRM HOLDINGS PTY LTD,85168760861,580871259,12747547,3824264,2018-19
SNAP-ON TOOLS (AUSTRALIA) PTY LTD,55010793683,129465023,19067238,5720171,2018-19
SNC-LAVALIN AUSTRALIA PTY LTD,50085951542,368813577,41423629,12427088,2018-19
SNF (AUSTRALIA) PTY LIMITED,32050056267,113399998,2294,688,2018-19
SNOWY HYDRO LIMITED,17090574431,2869524945,449081633,130423007,2018-19
SOB TRADING PTY LIMITED,72607610622,472046162,55238,16571,2018-19
SOCIETE GENERALE SECURITIES AUSTRALIA PTY LTD,56114206307,206791943,4725273,1417582,2018-19
SODEXO AUSTRALIA PTY LTD,50006072975,823756743,,,2018-19
SOJITZ AUSTRALIA LIMITED,16000213132,904256603,231875794,69133971,2018-19
SOLAR TURBINES INTERNATIONAL COMPANY,43066283074,117895628,21413767,6424130,2018-19
SONIC CLINICAL SERVICES PTY LIMITED,13083519377,424845778,,,2018-19
SONIC HEALTHCARE LIMITED,24004196909,2445953742,185822246,40863361,2018-19
SONOVA AUDIOLOGICAL CARE AUSTRALIA PTY LTD,93113235779,120173264,,,2018-19
SONY AUSTRALIA LIMITED,59001215354,1206548311,19208067,22510,2018-19
SOUTH EAST ASIAN LIVESTOCK SERVICES PTY LTD,66136732986,126113266,,,2018-19
SOUTH WEST FIBRE PTY LTD,26127951991,206812340,20946628,6283988,2018-19
SOUTH32 LIMITED,84093732597,4788548820,1916400075,352209987,2018-19
SOUTHBANK PLACE APARTMENTS PTY LTD,58166943915,342206547,75842790,22752837,2018-19
SOUTHERN CROSS ALUMINIUM PTY LIMITED,25063778996,159788560,7313697,2194109,2018-19
SOUTHERN CROSS ELECTRICAL ENGINEERING LIMITED,92009307046,376114862,,,2018-19
SOUTHERN CROSS MEDIA GROUP LIMITED,91116024536,661611295,109965301,32560867,2018-19
SOUTHTRADE INTERNATIONAL PTY LTD,46099947163,100575879,4128416,1238525,2018-19
SPARK INFRASTRUCTURE HOLDINGS NO 1 PTY LIMITED,14116940786,136318956,,,2018-19
SPARK INFRASTRUCTURE HOLDINGS NO 2 PTY LIMITED,16116940795,139588569,56169645,16850894,2018-19
SPECSAVERS PTY LIMITED,82097147932,554784033,22690929,3770760,2018-19
SPEEDCAST INTERNATIONAL LIMITED,50600699241,234475380,5953772,,2018-19
SPIC PACIFIC ENERGY PTY LTD,92609771057,423279467,1243270,372981,2018-19
SPICERS LIMITED,70005146350,241033882,,,2018-19
SPM FRESH HOLDINGS PTY LTD,21161701337,262841221,,,2018-19
SPOTLESS GROUP HOLDINGS LIMITED,27154229562,2479582995,14008721,3669774,2018-19
SPRINGVALE SK KORES PTY LIMITED,71051015402,134868076,,,2018-19
S-PROCESS EQUIPMENT AUSTRALIA PTY LTD,21127927226,214157383,31712609,8762468,2018-19
SQUARE RESOURCES HOLDING PTY LTD,67142476631,337410191,6774102,1943066,2018-19
SRG GLOBAL FACADES PTY LTD,29602257581,108160551,1492544,447763,2018-19
SRG GLOBAL LIMITED,81104662259,344249018,,,2018-19
SS&C SOLUTIONS PTY LIMITED,75007325779,125474793,7852943,1305744,2018-19
ST BARBARA LIMITED,36009165066,402651650,137055945,40927720,2018-19
STANLEY BLACK & DECKER HOLDINGS AUSTRALIA PTY LTD,81154671244,271944379,,,2018-19
STANMORE COAL LIMITED,27131920968,413472244,76206380,22861914,2018-19
STARHILL HOTEL (SYDNEY) PTY LTD,63158871035,112689331,1657908,497372,2018-19
STARRYLAND (AUSTRALIA) PTY LTD,24164382094,278037889,59579294,17873788,2018-19
STATE STREET AUSTRALIA LIMITED,21002965200,255015110,115643184,20012669,2018-19
STATE STREET BANK & TRUST COMPANY,70062819630,168263746,23410842,7023253,2018-19
STATEWIDE INDEPENDENT WHOLESALERS LIMITED,51009519546,1084875755,9424391,2827317,2018-19
STEADFAST GROUP LIMITED,98073659677,276335538,82302102,47527,2018-19
STELLA FOODS AUSTRALIA PTY LTD,77156644834,206858806,932224,279667,2018-19
STELLAR ASIA PACIFIC PTY LTD,86082618148,168782558,6444901,1933470,2018-19
STIHL PTY LTD,76004881145,162297199,8276591,2482977,2018-19
STOCKLAND CORPORATION LIMITED,43000181733,2101786666,,,2018-19
STODDART GROUP PTY LTD,82010744751,294302079,11008928,2796032,2018-19
STORA ENSO AUSTRALIA PTY LTD,64099948491,197702115,7824216,2347265,2018-19
STOWE AUSTRALIA PTY LTD,27002556603,529835319,29229450,8768835,2018-19
STRANDBAGS HOLDINGS PTY LTD,99128842482,312925196,29288674,8786602,2018-19
STRIDES ARCOLAB (AUSTRALIA) PTY LTD,30605552234,146248924,12355354,3651963,2018-19
STRYKER AUSTRALIA PTY LTD,48002873850,604102827,24142287,7242686,2018-19
SUBARU (AUST) PTY LIMITED,95000312792,1600251672,99691192,29907358,2018-19
SUBSEA 7 AUSTRALIA CONTACTING PTY LTD,36005288406,192680929,,,2018-19
SUEZ AUSTRALIA HOLDING PTY LTD,30070452890,1524150476,,,2018-19
SUMITOMO AUSTRALIA PTY LTD,81000371497,1812506385,59655883,,2018-19
SUMITOMO MITSUI BANKING CORPORATION-SYDNEY BRANCH,98114053459,1057399368,295760965,88728290,2018-19
SUMMIT AUTO LEASE AUSTRALIA PTY LTD,87054704737,107118033,5153544,1546063,2018-19
SUN METALS CORPORATION PTY LTD,97074241982,1267165392,130102434,39030730,2018-19
SUNBEAM ANZ HOLDINGS PTY LTD,,108155483,2688837,770516,2018-19
SUNCORP GROUP LIMITED,66145290124,18217361799,1135383198,324676064,2018-19
SUNLAND GROUP LIMITED,65063429532,290414025,37952414,11385724,2018-19
SUNNY QUEEN PTY LIMITED,31060702034,380078137,19806662,5460795,2018-19
SUNPORK FRESH FOODS PTY LTD,24135230545,273063928,4193430,1258029,2018-19
SUNSHINE STATE POWER (NO. 2) B.V.,27063382829,110257520,,,2018-19
SUNSHINE STATE POWER B.V.,40062295425,126007962,,,2018-19
SUNSTATE CEMENT LTD,58010421879,138754127,33128490,9938547,2018-19
SUNTORY (AUST) PTY LIMITED,27001628780,250279842,8323236,2496971,2018-19
SUNTORY COFFEE AUSTRALIA LIMITED,49000254660,140063253,11380348,3378067,2018-19
SUPER RETAIL GROUP LIMITED,81108676204,2464463748,144689885,42263976,2018-19
SUPERLOOP LIMITED,96169263094,108280297,,,2018-19
SUPPLY NETWORK LTD,12003135680,101640400,9951401,2985420,2018-19
SURBANA JURONG HOLDINGS (AUSTRALIA) PTY LTD,49612229197,582202540,13328953,2086640,2018-19
SUSQUEHANNA PACIFIC PTY LTD,23082467605,483396015,132219897,38529211,2018-19
SUTTONS INVESTMENTS PTY LTD,84008446428,1745521846,29993178,8992746,2018-19
SUZUKI AUSTRALIA PTY LIMITED,57001828164,322159827,5466615,1639984,2018-19
SVITZER AUSTRALASIA HOLDINGS PTY LTD,16120555302,415816883,46862951,11766028,2018-19
SWAROVSKI AUSTRALIA PTY LTD,16000679416,130823423,2191383,657415,2018-19
SWICK MINING SERVICES LIMITED,20112917905,117451423,,,2018-19
SWISS RE AUSTRALIA LIMITED,28004360909,3855119971,,,2018-19
SWISS RE INTERNATIONAL SE AUSTRALIA BRANCH,38138873211,236937020,,,2018-19
"SWISS REINSURANCE COMPANY LTD, AUSTRALIA BRANCH",43007479941,1224740988,64779816,19433945,2018-19
SWISSPORT ANZ PTY LTD,54167311551,109653036,14427541,4328262,2018-19
SYDNEY AIRPORT LIMITED,18165056360,1588278949,,,2018-19
SYDNEY TOOLS PTY LTD,19112852285,258044169,20582072,6174622,2018-19
SYMON BROS CONSTRUCTIONS (VIC) PTY LTD,46005194043,223247799,14109833,4232950,2018-19
SYNGENTA AUSTRALIA PTY LIMITED,33002933717,257846175,14994648,1804398,2018-19
SYNNEX AUSTRALIA PTY LTD,40052285882,2272844638,30095221,9028566,2018-19
SYRINX AUSTRALIA PTY LTD,50130046267,157061432,20504976,6151493,2018-19
SYSTEMATIC TRADING TECHNOLOGIES PTY LT,39130626130,389899689,72908,21872,2018-19
T F WOOLLAM HOLDINGS PTY LTD,41106564354,329462878,9029876,2708963,2018-19
TA LITTLE BAY PTY LIMITED,25125760483,405992818,64643990,19393197,2018-19
TABCORP HOLDINGS LIMITED,66063780709,4905360637,610274183,167677063,2018-19
TAIPOWER BENGALLA PTY LTD,18075407617,130493210,65237388,19571045,2018-19
TAL DAI-ICHI LIFE AUSTRALIA PTY LTD,97150070483,4395338705,153627601,40754159,2018-19
TALENT INTERNATIONAL HOLDINGS PTY LIMITED,28131419577,522275729,3512487,1053746,2018-19
TANDEM CORP PTY LTD,89612789983,517859887,,,2018-19
TASSAL GROUP LIMITED,15106067270,571073000,98576962,7345690,2018-19
TATA CONSULTANCY SERVICES LIMITED,28109981777,908238846,230396264,55809673,2018-19
TATTARANG CAPITAL PTY LTD,,434819909,149565765,398820,2018-19
TATURA MILK INDUSTRIES PTY LTD,66006603970,494679943,51089518,14491172,2018-19
TAYLOR CORPORATION PTY LIMITED,40146589344,570974007,9584711,2875413,2018-19
TEACHERS MUTUAL BANK LIMITED,30087650459,326960480,43810268,13051208,2018-19
TECH DATA (ANZ) PTY LTD,15090111890,178586696,,,2018-19
TECH MAHINDRA LIMITED,15092511558,189663660,14925342,4477603,2018-19
TECHNICOLOR PTY LTD,23000978343,312633285,9843274,2952982,2018-19
TECHNIP OCEANIA PTY LTD,43062878719,1234654746,,,2018-19
TECHNOLOGY ONE LIMITED,84010487180,283473343,109028691,12871164,2018-19
TECHWOOL TRADING PTY LTD,69006145955,575370999,519616,155885,2018-19
TEEKAY HOLDINGS AUSTRALIA PTY LTD,12125391880,107882525,,,2018-19
TELERIC PTY LTD,90004284664,1163870993,24310216,3820564,2018-19
TELSTRA CORPORATION LTD,33051775556,26620592060,2972745917,863860092,2018-19
TEMPERZONE AUSTRALIA HOLDINGS PTY LIMITED,52001653176,140955506,8090341,2427102,2018-19
TEMPLE & WEBSTER GROUP LTD,69608595660,101834463,,,2018-19
TEMPO GROUP HOLDINGS PTY LTD,63607698153,221153675,2553959,742146,2018-19
TEN NETWORK HOLDINGS PTY LIMITED,14081327068,337690560,685714,,2018-19
TERADATA AUSTRALIA PTY LTD,77125071374,177946921,5750919,1717682,2018-19
TERRA AUSTRALIS PROPERTY FUND,23253417446,328604559,5685975,1705792,2018-19
TERUMO AUSTRALIA PTY LIMITED,34158693595,104828372,9134391,2740317,2018-19
"TESLA MOTORS AUSTRALIA, PTY LIMITED",68142889816,330971688,6957172,2087152,2018-19
TETRA PAK MANUFACTURING PTY LIMITED,50004435901,210764267,11225393,3346270,2018-19
TEVA PHARMACEUTICALS AUSTRALIA PTY LTD,98002951877,100011047,2695121,,2018-19
TEYS AUSTRALIA PTY LTD,38009872600,2657189796,170299804,40508567,2018-19
TFG RETAILERS PTY LIMITED,90612634312,500124909,57069398,17120819,2018-19
TGA HOLDING AUSTRALIA PTY LTD,38611757307,147971663,,,2018-19
THALES AUSTRALIA HOLDINGS PTY LTD,84058583841,1493119478,136405004,30770064,2018-19
THE BANK OF NOVA SCOTIA,34133513827,444343073,27353063,8205919,2018-19
THE BODY SHOP AUSTRALIA PTY LTD,47602683349,112713024,8532113,2533633,2018-19
THE BOSTON CONSULTING GROUP PTY LTD,70007347131,394726122,122517113,36755134,2018-19
THE BROWN & HURLEY GROUP PTY. LTD.,66010732966,457106742,27121777,8136485,2018-19
THE FOURTH FORCE PTY LTD,22084438773,505877855,6022226,1806668,2018-19
THE HONGKONG AND SHANGHAI BANKING CORPORATION LIMITED,65117925970,772865661,217721315,65316394,2018-19
THE INDEPENDENT LIQUOR GROUP (SUPPLIERS) CO-OPERATIVE LTD,63629864769,241164201,,,2018-19
THE INDEPENDENT LIQUOR GROUP DISTRIBUTION CO-OP LTD,70252541400,354021639,,,2018-19
THE JEWELLERY GROUP HOLDINGS PTY LTD,27124077738,102813214,,,2018-19
THE NIELSEN COMPANY (HOLDINGS) PTY LIMITED,24134566804,149748351,7903639,2293454,2018-19
THE NORTHERN TRUST COMPANY,62126279918,233815826,61633640,18490092,2018-19
THE NUANCE GROUP (AUSTRALIA) PTY LTD,54068215341,243101198,,,2018-19
THE PAS GROUP LIMITED,25169477463,279835387,,,2018-19
THE REJECT SHOP LIMITED,33006122676,805913872,840969,252291,2018-19
THE ROYAL AUTOMOBILE CLUB OF QUEENSLAND LIMITED,72009660575,180985301,11926588,3577976,2018-19
THE ROYAL AUTOMOBILE CLUB OF WA (INC),33212133120,853332834,45030947,11510265,2018-19
THE STAR ENTERTAINMENT GROUP LIMITED,85149629023,2169970974,283391912,85017574,2018-19
THE SWATCH GROUP (AUSTRALIA) PTY LTD,20004287110,116129807,1586487,475946,2018-19
THE VICTORIA CARPET COMPANY PTY LTD,14004304956,178814657,5339970,1601991,2018-19
THE VILLAGE BUILDING CO. LIMITED,97056509025,105823459,12757832,3812178,2018-19
THE WALT DISNEY COMPANY (AUSTRALIA) PTY LTD,30054610025,510458230,,,2018-19
THERMO ELECTRON AUSTRALIA PTY LTD,44109074115,291417410,545933,,2018-19
THOMAS FOODS INTERNATIONAL CONSOLIDATED PTY LTD,20105099849,1639232791,114818263,33042171,2018-19
THOMSON REUTERS (AUSTRALIA) PTY LTD,87058914766,338002103,7945801,2383740,2018-19
THORN GROUP LIMITED,54072507147,211619850,,,2018-19
THORNEY INVESTMENT GROUP AUSTRALIA PTY LTD,37117488892,301636196,22532240,510507,2018-19
THYSSENKRUPP LIFTS PACIFIC PTY LIMITED,90070470521,642345417,,,2018-19
TIANYU WOOL PTY LTD,67155215053,363451094,97335,29200,2018-19
TICKETMASTER AUSTRALASIA PTY LTD,49089258837,103338898,,,2018-19
TIFFANY & CO (AUSTRALIA) PTY LIMITED,93128219554,186505628,23816536,7144961,2018-19
TILT RENEWABLES AUSTRALIA PTY LTD,15101038331,154210976,33633614,9938216,2018-19
TIMBERLINK AUSTRALIA PTY LTD,12161713015,268607547,56085309,11775376,2018-19
TITAN NATIONAL (AUSTRALIA) HOLDINGS PTY LTD,60156147849,109959268,,,2018-19
TIVOLI INVESTMENTS PTY LTD,90165718070,248981026,18160978,5293704,2018-19
TJX AUSTRALIA HOLDING COMPANY PTY LTD,58605889843,289881535,,,2018-19
TNSC (AUSTRALIA) PTY LTD,71607111268,270139279,16393905,4918172,2018-19
TOKYO GAS AUSTRALIA PTY LTD,46102349557,720498931,44920448,,2018-19
TOKYO TIMOR SEA RESOURCES PTY LTD,39000751593,196678334,11640088,3492026,2018-19
TOLL HOLDINGS LIMITED,25006592089,6031016416,,,2018-19
TOMKINS COMMERCIAL & INDUSTRIAL BUILDERS PTY LTD BUILDERS PTY LTD,98061732778,203838304,15910624,4773187,2018-19
TOMRA CLEANAWAY PTY LIMITED,43620427116,145418910,,,2018-19
TOPCO INVESTMENTS AUSTRALIA PTY LIMITED,78622116992,222203827,740739,,2018-19
TORO AUSTRALIA PTY LTD,47001310443,212070826,10142237,3042671,2018-19
TOSHIBA (AUSTRALIA) PTY LIMITED,19001320421,177214034,374717,,2018-19
TOSHIBA INTERNATIONAL CORPORATION PTY LTD,29001555068,183595697,9580431,2859381,2018-19
TOTAL E&P AUSTRALIA,96832035151,194689429,,,2018-19
TOTAL E&P HOLDINGS (AUSTRALIA) PTY LTD,11602975619,1021427560,,,2018-19
TOWER SOFTWARE ENGINEERING PTY LTD,81008602739,1697419235,,,2018-19
TOYO TYRE & RUBBER AUSTRALIA LTD,93000767279,117739143,3147879,944364,2018-19
TOYOTA MATERIAL HANDLING AUSTRALIA PTY LIMITED LIMITED,38104644635,399066398,39330903,11799271,2018-19
TOYOTA MOTOR CORPORATION AUSTRALIA LTD,64009686097,10210700420,91711317,16338609,2018-19
TOYOTA TSUSHO (AUSTRALASIA) PTY LIMITED,24056847315,109563153,,,2018-19
TOYOTA TSUSHO SOUTH PACIFIC HOLDINGS PTY LTD,82050105443,126066940,14225995,1162618,2018-19
TPG TELECOM LIMITED,46093058069,2437456609,424974619,126993618,2018-19
TRADE LINK ENGINEERING PTY LTD,98051152099,261285498,1429979,428868,2018-19
TRANSALTA ENERGY (AUSTRALIA) PTY LTD,40062135844,183258156,17780501,4559235,2018-19
TRANSATLANTIC EXPLORATION MEDITERRANEAN INTERNATIONAL PTY LTD,35121104167,223552131,,,2018-19
TRANSDEV AUSTRALASIA PTY LTD,40079303816,566356881,17508698,5241600,2018-19
TRANSURBAN HOLDINGS LIMITED,86098143429,2470535601,158980323,,2018-19
TRANSURBAN QUEENSLAND FINANCE PTY LIMITED,16169093850,225143979,613664,184099,2018-19
TRANSURBAN QUEENSLAND HOLDINGS 1 PTY LIMITED,64169090804,609768000,,,2018-19
TRAVELEX AUSTRALIA HOLDINGS PTY LTD,98105260035,5043925699,609945,182984,2018-19
TREASURY WINE ESTATES LIMITED,24004373862,1736466690,476242750,138829779,2018-19
TREND MICRO AUSTRALIA PTY LTD,70077055817,155004096,37316462,503377,2018-19
TRIBUNE RESOURCES LTD,11009341539,321168971,182963945,39512628,2018-19
TRILITY GROUP PTY LTD,39144522565,108126197,4285715,,2018-19
TRONOX GLOBAL HOLDINGS PTY LIMITED,54154691826,785336889,,,2018-19
TRU BLU BEVERAGES PTY LIMITED,77151411764,220826909,1614582,484375,2018-19
TRUCK CENTRE (WA) PTY LTD,19120476879,203144262,7752999,2325900,2018-19
TRUE ALLIANCE PTY LIMITED,25098282001,238348281,1987728,595612,2018-19
TSG AUSTRALIA PTY LTD,55603274237,174329172,,,2018-19
TTC CONSOL PTY LIMITED,48098788062,287338864,4712825,,2018-19
TTEC INTERNATIONAL PTY LTD,46061711804,173181735,3353503,1006051,2018-19
TULLY SUGAR LIMITED,92011030256,176341060,3199478,357732,2018-19
TURI FOODS PTY LTD,29057142971,210501653,,,2018-19
TURNER & TOWNSEND PTY LTD,84115688830,115673467,12929842,3878953,2018-19
TUSCANY CHEESE HOLDINGS PTY LTD,65601572472,304623085,,,2018-19
TUTT BRYANT GROUP LIMITED,89009242675,294779480,,,2018-19
TYNAN MOTORS HOLDINGS PTY LTD,15002448446,338010010,2858666,857600,2018-19
TYRO PAYMENTS LIMITED,49103575042,189859624,,,2018-19
UACJ AUSTRALIA PTY LTD,82005579840,145475315,,,2018-19
UBER AUSTRALIA HOLDINGS PTY LTD,54622364318,1118074419,48831794,14649538,2018-19
UBS AG AUSTRALIA BRANCH,47088129613,1014674591,171569543,51470863,2018-19
UBS HOLDINGS PTY LTD,50050101249,407378776,51250656,15375197,2018-19
UEM SUNRISE (DEVELOPMENTS) PTY LTD,11165422006,411729709,,,2018-19
UEM SUNRISE (LAND) PTY LTD,15165422024,222921800,29731261,8919378,2018-19
UGL UNIPART RAIL SERVICES PTY LTD,49154895940,247701702,23609351,7082805,2018-19
UNICHARM AUSTRALASIA HOLDING PTY LTD,56114210794,150360994,1834414,550324,2018-19
UNILEVER AUSTRALIA GROUP PTY LTD,13614413179,1675385522,36261665,10878500,2018-19
UNION STANDARD INTERNATIONAL GROUP PTY LTD,79117658349,142062787,9469403,2840821,2018-19
UNIQLO AUSTRALIA PTY LTD,36161922103,308046011,26785171,8035551,2018-19
UNISUPER MANAGEMENT PTY LTD,91006961799,228543956,42396014,12718804,2018-19
UNISYS AUSTRALIA PTY LIMITED,31105642902,240270822,7588566,,2018-19
UNITED ENERGY DISTRIBUTION HOLDINGS PTY LTD,15104381660,658230558,,,2018-19
UNITED GLOBAL LOGISTICS PTY LTD,28144641154,284013949,2683644,551221,2018-19
UNITED OVERSEAS BANK LIMITED SYDNEY BRANCH,56060785284,367955083,111664882,33499465,2018-19
UNITED TERMINALS PTY LTD,73129440955,1936321216,4651170,1395351,2018-19
UNIVERSAL PICTURES INTERNATIONAL AUSTRALASIA PTY LTD,44122951099,216364187,,,2018-19
UNIVERSAL PROPERTY GROUP PTY LIMITED,98078297748,381541272,,,2018-19
URC AUSTRALIA HOLDING COMPANY PTY LTD,29614132991,326355344,20305366,4783421,2018-19
USG BORAL BUILDING PRODUCTS PTY LIMITED,84004231976,594294403,78946731,18578343,2018-19
USINCH PTY LIMITED,24060571673,262417916,19864581,5959374,2018-19
UTILITIES MANAGEMENT PTY LTD,25090664878,368687526,,,2018-19
VALMEC LIMITED,94003607074,110420143,,,2018-19
VALMONT QUEENSLAND PTY LTD,73142183800,461880490,554577,,2018-19
VALVOLINE (AUSTRALIA) PTY LTD,86000446855,195533684,13592132,4077640,2018-19
VANDERFIELD PTY LTD,58060286759,214735060,6356588,1241834,2018-19
VANGUARD INVESTMENTS AUSTRALIA LTD,72072881086,185375602,17956469,5338073,2018-19
VANTIVE AUSTRALIA PTY LIMITED,69076201619,1442993000,,,2018-19
VARIAN MEDICAL SYSTEMS AUSTRALASIA PTY LTD LTD,53086249630,108641215,13681534,4104460,2018-19
VAX APPLIANCES (AUSTRALIA) PTY LTD,84009099736,540119876,21743839,6523152,2018-19
VE PROPERTY PTY LTD,57623469625,9786073576,253041104,75624008,2018-19
VEGIE BANDITS PTY LTD,31079441044,330459670,18916184,5674855,2018-19
VEHICLE DISTRIBUTORS AUSTRALIA PTY LTD,11073668596,310321046,18271637,5481491,2018-19
VENNOR INVESTMENTS PTY LTD,92050397110,1874438662,39571431,,2018-19
VENTIA SERVICES GROUP PTY LTD,53603253541,1881536293,41886518,5183885,2018-19
VENTURA MOTORS PTY LTD,67004235518,274646972,28968640,8690592,2018-19
VEOLIA WATER AUSTRALIA PTY LTD,99061161279,295511863,33171307,,2018-19
VERIS LTD,80122958178,125886976,,,2018-19
VERIZON AUSTRALIA PTY LIMITED,62081001194,178258500,9696583,2695334,2018-19
VERMILION AUSTRALIA LIMITED PARTNERSHIP,92210617868,146375483,7300348,2149644,2018-19
VERMONT AUS HOLDCO PTY LTD,82626842135,244714018,,,2018-19
VERTIV (AUSTRALIA) PTY LTD,53003469654,139525075,3278314,983494,2018-19
VESTAS AUSTRALIAN WIND TECHNOLOGY PTY. LIMITED,80089653878,756973000,24548688,7364606,2018-19
VEYANCE TECHNOLOGIES AUSTRALIA PTY LTD,87125188070,181488180,1783634,119470,2018-19
VGI PARTNERS GLOBAL INVESTMENTS LIMITED,91619660721,363957770,32083488,7683994,2018-19
VIATOR SYSTEMS PTY LIMITED,26071510220,160161813,132833,38850,2018-19
VICINITY LIMITED,90114757783,231128079,3254709,,2018-19
VICTORIA POWER NETWORKS PTY LTD,37116940820,1553052068,327099,,2018-19
VICTORIA TEACHERS LIMITED,44087651769,107744944,16073312,4807037,2018-19
VILLA WORLD LIMITED,38117546326,396078455,30829975,9248992,2018-19
VILLAGE ROADSHOW LIMITED,43010672054,720272559,7404074,,2018-19
VINCI ENERGIES AUSTRALIA PTY LTD,86602042339,167435416,,,2018-19
VIRBAC (AUSTRALIA) PTY LIMITED,77003268871,118228775,26388656,6295856,2018-19
VIRGIN AUSTRALIA HOLDINGS LIMITED,54100686226,6056987041,879328,,2018-19
VIRTUS HEALTH LIMITED,80129643492,217544708,40462574,11334687,2018-19
VITA GROUP LIMITED,62113178519,762433311,39557529,11867259,2018-19
VIVA ENERGY AUSTRALIA PTY LTD,46004610459,831809026,1602551,480765,2018-19
VIVA ENERGY GROUP LIMITED,74626661032,5788714312,,,2018-19
VLI PTY LTD,20114932311,104947915,,,2018-19
VMWARE AUSTRALIA PTY LTD,77122677089,262822823,12769208,3060128,2018-19
VOCUS GROUP LIMITED,96084115499,1542831740,69008701,20233768,2018-19
VODAFONE HUTCHISON AUSTRALIA PTY LTD,76096304620,3646890521,,,2018-19
VOESTALPINE VAE RAILWAY SYSTEMS PTY LTD,71011073108,103563529,9744243,2923273,2018-19
VOLKSWAGEN FINANCIAL SERVICES AUSTRALIA PTY LTD,20097071460,415839211,59271263,17781379,2018-19
VOLKSWAGEN GROUP AUSTRALIA PTY LTD,14093117876,2287127496,56513785,16954136,2018-19
VOLVO CAR AUSTRALIA PTY LIMITED,18004830611,397698850,6303367,1891010,2018-19
VOLVO GROUP AUSTRALIA PTY LTD,27000761259,1606797778,92739199,27443707,2018-19
VOPAK TERMINALS AUSTRALIA PTY LTD,75065452520,111856083,50435003,15130501,2018-19
VOYAGES INDIGENOUS TOURISM AUSTRALIA PTY LTD,82146482591,209775371,,,2018-19
VR AUSTRALIA HOLDINGS PTY LTD,,138801417,39310312,11793094,2018-19
VSA ROADS PTY LTD,18136665935,114360435,7828878,2348663,2018-19
VULCAN STEEL PTY LTD,61100061283,272613211,12640941,3363711,2018-19
WAGNERS HOLDING COMPANY LTD,49622632848,242081520,22480638,5506870,2018-19
WALKER GROUP HOLDINGS PTY LIMITED,81001215069,446404050,,,2018-19
WAM ACTIVE LIMITED,49126420719,160504161,2640135,236086,2018-19
WAM CAPITAL LIMITED,34086587395,3158542142,128056870,24657747,2018-19
WAM GLOBAL LIMITED,76624572925,702531126,13504206,3842055,2018-19
WAM LEADERS LIMITED,33611053751,3266513937,92922330,15904298,2018-19
WAM MICROCAP LIMITED,34617838418,239417723,9194425,1321270,2018-19
WAM RESEARCH LIMITED,15100504541,387496872,27557520,6378990,2018-19
WAMBO COAL PTY LIMITED,13000668057,676772330,142010710,42542182,2018-19
WARMOLL FOODS PTY LIMITED,49152503092,213557954,3832861,1149815,2018-19
WARNER BROS. ENTERTAINMENT AUSTRALIA PTY LTD,70003773411,390241683,101850,,2018-19
WARTSILA AUSTRALIA PTY LTD,38003736892,101319980,13354077,3861394,2018-19
WASHINGTON H. SOUL PATTINSON AND COMPANY LIMITED,49000002728,439468316,162486848,,2018-19
WATERMARK MARKET NEUTRAL FUND LIMITED,45163980498,214408034,,,2018-19
WATERPOINT HOMEBUSH BAY PTY LTD,72101680102,501688849,,,2018-19
WATPAC LIMITED,98010562562,559852594,,,2018-19
WBHO INFRASTRUCTURE PTY LTD,78089434220,481087622,,,2018-19
WCX STATE WORKS CONTRACTOR PTY LTD,65624154089,357886276,,,2018-19
WEBER-STEPHEN PRODUCTS CO. (AUSTRALIA) PTY LTD,18006305237,102206043,14666979,4400094,2018-19
WEBJET LIMITED,68002013612,168385900,51606415,15115104,2018-19
WEBSTER LIMITED,23009476000,156685614,,,2018-19
WEIR GROUP (AUSTRALIAN HOLDINGS) PTY LTD,57090873117,617017133,77110092,16444888,2018-19
WELLARD LIMITED,53607708190,258053137,,,2018-19
WELLCOM GROUP LTD,85114312542,102667773,12500602,3750181,2018-19
WENGFU AUSTRALIA PTY LTD,31141160581,287731137,,,2018-19
WESFARMERS LIMITED,28008984049,48485781539,3067380227,885302560,2018-19
WESSEL PETROLEUM PTY. LTD.,46054320991,202683263,2163120,648936,2018-19
WEST END MOTOR GROUP PTY LIMITED,30001988450,220200149,5884070,1765126,2018-19
WEST GATE TUNNEL LEASEHOLD CO PTY LTD,49622944709,110506113,222958,66887,2018-19
WESTBOURNE CONSTRUCTIONS PTY LTD,32100473907,201361811,1485938,445781,2018-19
WESTCON GROUP PTY LTD,77050539672,314021820,,,2018-19
WESTERN AREAS LIMITED,68091049357,277919954,,,2018-19
WESTERN AUSTRALIAN MEAT MARKETING CO-OP LTD,54048449698,179014905,,,2018-19
WESTERN SUBURBS (N'CLE) LEAGUES CLUB LIMITED LIMITED,24000973919,153898565,,,2018-19
WESTFIELD CORPORATION LIMITED,12166995197,167670743,,,2018-19
WESTGOLD RESOURCES LIMITED,60009260306,605443675,,,2018-19
WESTOZ INVESTMENT COMPANY LIMITED,99113332942,100102849,20082530,4402690,2018-19
WESTPAC BANKING CORPORATION,33007457141,37068064794,10527813188,3010296481,2018-19
WH MCCARTHY PTY LTD,73000004893,353798366,4696848,1409054,2018-19
WH SMITH AUSTRALIA PTY LTD,70146430622,104098818,14215,,2018-19
WHITEHAVEN COAL LIMITED,68124425396,2534952111,296678897,15669958,2018-19
WHITEHILLS AUSTRALIA PTY LTD,76087404340,241179803,,,2018-19
WICET HOLDINGS PTY LTD,26131210001,494877937,,,2018-19
WILEY PUBLISHING AUSTRALIA PTY LTD,48085710952,102167725,18785227,5569946,2018-19
WILLIAM ADAMS PTY LTD,72009569493,516034070,48919154,14148710,2018-19
WILLIAMS-SONOMA AUSTRALIA PTY LIMITED,75157917783,119279176,4615617,1384685,2018-19
WILLIS TOWERS WATSON AUSTRALIA HOLDINGS LIMITED,98112435079,165384009,7001264,1191765,2018-19
WILMAR AUSTRALIA HOLDINGS PTY LIMITED,79144972743,1271909764,,,2018-19
WILMAR GAVILON PTY LTD,58128080455,863712908,3740181,1122054,2018-19
WILSON PARKING AUSTRALIA 1992 PTY LTD,67052475911,1217521076,2758657,,2018-19
WILSON TRANSFORMER HOLDINGS PTY LTD,24109811136,220954158,1204079,,2018-19
WIN CORPORATION PTY LTD,43000737404,243412673,,,2018-19
WINDFIELD HOLDINGS PTY LTD,60160456164,598981847,352086224,105625867,2018-19
WINNING APPLIANCES PTY LIMITED,94002193688,228756290,8292816,2123780,2018-19
WINNING ONLINE GROUP PTY LIMITED,99151836314,329285906,2847322,,2018-19
WIPRO LIMITED,18093961936,331904558,30129525,9038858,2018-19
WISDOM PROPERTIES GROUP PTY LTD,82089425829,246617880,16902927,5070878,2018-19
WISETECH GLOBAL LIMITED,41065894724,237038909,63789622,9868980,2018-19
WLG HOLDINGS (AUSTRALIA) PTY LIMITED,42116743698,101517149,,,2018-19
WOLTERS KLUWER AUSTRALIA PTY LIMITED,46095325643,105986600,7268442,2177451,2018-19
WOOD GROUP AUSTRALIA PTY LTD,51101049076,758412472,,,2018-19
WOODSIDE PETROLEUM LTD.,55004898962,8199321733,1991703841,,2018-19
WOOLNORTH WIND FARM HOLDING PTY LTD,91154051617,108677408,28184918,8455475,2018-19
WOOLWORTHS GROUP LIMITED,88000014675,54155012812,1896494456,509422178,2018-19
WORKPAC PTY LTD,52111076012,1411398697,21985115,6595534,2018-19
WORLD CLASS LAND (AUSTRALIA) PTY LTD,21167066426,445091234,,,2018-19
WORLD FUEL SERVICES (AUSTRALIA) PTY LTD,99150375063,120364856,1467997,440399,2018-19
WORLEY LIMITED,17096090158,1247787759,47102834,,2018-19
WPP AUNZ LIMITED,84001657370,1532069526,66853673,15273289,2018-19
WRIGHT PROSPECTING PTY LTD,35008677021,236564966,232041873,69612562,2018-19
WRIGLEY UNO 2 AUSTRALIA PTY LTD,68133509930,1705760734,182596059,50510028,2018-19
WSP AUSTRALIA HOLDINGS PTY LTD,90169545395,577951112,45996710,8564513,2018-19
WURTH AUSTRALIA PTY LTD,48002487096,132360683,8552971,2565891,2018-19
WYNDHAM DESTINATIONS ASIA PACIFIC PTY LTD,30090083613,326418269,61172063,17363808,2018-19
XENITH IP GROUP LIMITED,88607873209,125856036,11011887,3298349,2018-19
XERO AUSTRALIA PTY LIMITED,89124215247,132167000,16183664,3949427,2018-19
XL INSURANCE COMPANY SE,36083570441,550237365,,,2018-19
XYLEM AUSTRALIA HOLDINGS PTY LTD,89162495070,181861374,,,2018-19
YAMAHA MOTOR AUSTRALIA PTY LIMITED,88002556989,307151118,24515698,7354709,2018-19
YAMAHA MUSIC AUSTRALIA PTY LTD,84004259527,101459496,2115978,634794,2018-19
YANCOAL AUSTRALIA LIMITED,82111859119,5536694297,18401390,,2018-19
YARA AUSTRALIA PTY LIMITED,77076301221,307457534,,,2018-19
YKK ALUMINIUM (AUSTRALIA) PTY LTD,66001779237,182929258,3377537,1013261,2018-19
YN ENERGY PTY LTD,88611962451,222720726,5022886,1506866,2018-19
YOUI HOLDINGS PTY LTD,41124972425,689665959,37728890,11318667,2018-19
YUANDA AUSTRALIA PTY LTD,60121594858,112032216,,,2018-19
YUSEN LOGISTICS (AUSTRALIA) PTY LTD,85003550776,173624715,,,2018-19
ZASHVIN PTY LTD,80010980015,212408315,290246062,876997,2018-19
ZEBRA TECHNOLOGIES AUSTRALIA PTY LTD,14153920462,104324775,11047150,3314145,2018-19
ZENVIRON PTY LTD,87612344313,220980002,18049187,5414756,2018-19
ZIMMER AUSTRALIA HOLDING PTY LIMITED,93107449534,300404557,15404037,4621211,2018-19
ZOETIS AUSTRALIA PTY LTD,94156476425,324045883,21156947,6347084,2018-19
ZURICH FINANCIAL SERVICES AUSTRALIA LIMITED,11008423372,2957379565,271817164,59389437,2018-19
