company_name,abn,total_income,taxable_income,tax_payable,income_year
3M AUSTRALIA PTY LTD,90000100096,541859606,16409915,4922975,2019-20
A.C.N. 085 239 998 PTY LTD,39085239998,366695535,44792471,13437741,2019-20
A.C.N. 166 119 133 PTY LTD,31166119133,2548591607,73626316,16555761,2019-20
A.E. SMITH & SON PTY LTD,54004274793,147582065,,,2019-20
A2 AUSTRALIAN INVESTMENTS PTY. LIMITED.,93126014275,888426786,41791694,12537508,2019-20
A2 INFANT NUTRITION LIMITED,81618864958,965591547,402873928,120862178,2019-20
A2B AUSTRALIA LIMITED,99001958390,176902775,,,2019-20
AAPC LIMITED,87009175820,1637073836,58928550,16250120,2019-20
ABB GROUP INVESTMENT MANAGEMENT PTY LIMITED,47082803852,908522000,13444997,,2019-20
ABBOT POINT BULKCOAL PTY LTD,23010183534,130052196,7546673,2264002,2019-20
ABBOT POINT OPERATIONS PTY LTD,58605852060,102907189,2723474,817042,2019-20
ABBOTT AUSTRALASIA PTY LIMITED,95000180389,470320488,28412964,8523889,2019-20
ABBOTT MEDICAL AUSTRALIA PTY LTD.,73080212746,131254045,5923152,1776946,2019-20
ABBVIE PTY LIMITED,48156384262,454324940,42909898,5166794,2019-20
ABCORP GROUP (AUSTRALASIA) PTY LTD,71118294536,107741650,,,2019-20
ABI AUSTRALIA FINANCING,20615290830,4111883641,376990025,113090630,2019-20
ABM AUSTRALIA HOLDING PTY LTD,77632660774,141518580,6185084,1855525,2019-20
ABP FINANCE PTY LIMITED,58139991101,606647289,91759870,27527961,2019-20
ABSOLUTE EQUITY PERFORMANCE FUND LIMITED,17608552496,298108335,,,2019-20
ABT ASSOCIATES AUSTRALIA PTY LTD,72161695156,142387483,,,2019-20
ACCENT GROUP LIMITED,85108096251,746430837,83900661,25170198,2019-20
ACCENTURE AUSTRALIA HOLDINGS PTY LIMITED,61096995649,2194451490,99340298,27103889,2019-20
ACCIONA AGUA AUSTRALIA PTY LTD,84128531742,901430817,2500000,,2019-20
ACCIONA GEOTECH HOLDING PTY LTD,99616868314,642971524,,,2019-20
ACCO BRANDS AUSTRALIA HOLDING PTY LIMITED,58130787923,204522000,23614053,7084216,2019-20
ACER COMPUTER AUSTRALIA PTY LIMITED,78003872768,286896730,3206004,961801,2019-20
ADAIRS LIMITED,50147375451,358433369,54988764,16496629,2019-20
ADAMA AUSTRALIA HOLDINGS PTY LTD,31108759495,234883573,3725215,1117564,2019-20
ADANI ABBOT POINT TERMINAL HOLDINGS PTY LTD,17154644685,557046646,,,2019-20
ADBRI LIMITED,15007596018,1599418636,119520825,32792044,2019-20
ADCORP HOLDINGS AUSTRALIA PTY LTD,91161583893,439834019,4272277,1281683,2019-20
ADECCO HOLDINGS PTY LTD,11003652088,621373469,,,2019-20
ADIDAS AUSTRALIA PTY LTD,80058390659,443423534,38874145,11662244,2019-20
ADM TRADING AUSTRALIA PTY LTD,92126806979,633326136,,,2019-20
ADOBE SYSTEMS PTY LTD,72054247835,568318387,30445101,9133530,2019-20
ADT GROUP HOLDINGS PTY LTD,35144849436,167144526,,,2019-20
AERIS RESOURCES LIMITED,30147131977,228079727,,,2019-20
AFGRI AUSTRALIA PTY LTD,14103619067,310372649,11764415,3528063,2019-20
AFL TELECOMMUNICATIONS AUSTRALIA PTY LTD,98104136629,117976378,5436342,1083882,2019-20
AFT PHARMACEUTICALS (AU) PTY LTD,29105636413,121115160,,,2019-20
AFTERPAY LIMITED,30618280649,359643837,,,2019-20
AGCO AUSTRALIA LIMITED,89004092684,253248362,8933194,2679958,2019-20
AGGREKO GENERATOR RENTALS PTY. LIMITED,66001991457,134473101,,,2019-20
AGILENT TECHNOLOGIES AUSTRALIA PTY LTD,29088510605,109736828,18188895,652227,2019-20
AGILITY LOGISTICS HOLDINGS PTY LTD,62116779876,282028499,,,2019-20
AGL ENERGY LIMITED,74115061375,11082177428,765673255,133105059,2019-20
AGL GENERATION HOLDCO PTY LIMITED,46155768291,2626595891,275618838,82685651,2019-20
AGRICULTURAL BANK OF CHINA LIMITED,48848300367,393529245,34487359,10339897,2019-20
AGRIUM SP HOLDINGS PTY LIMITED,58146674400,2694966591,142868132,34837411,2019-20
AIA AUSTRALIA LIMITED,79004837861,3791779865,,,2019-20
AIG AUSTRALIA LIMITED,93004727753,1411434726,52185150,15119289,2019-20
AIOI NISSAY DOWA INSURANCE COMPANY AUSTRALIA PTY LTD,11132524282,289916751,,,2019-20
AIR LIQUIDE AUSTRALIA LIMITED,57004385782,347420052,14487488,4275532,2019-20
AIRBUS AUSTRALIA PACIFIC HOLDINGS PTY LIMITED,75003066788,596197560,39252566,11775770,2019-20
AIRPORT MOTOR GROUP PTY LTD,61113244492,127078924,2615885,784766,2019-20
AIRPORT MOTORWAY HOLDINGS PTY LTD,55078322531,139686395,,,2019-20
AIRSERVICES AUSTRALIA,59698720886,1023072225,27646409,5584121,2019-20
AJ LUCAS GROUP LIMITED,12060309104,147265133,,,2019-20
AKAMAI TECHNOLOGIES NETHERLANDS BV,52115435955,114176632,6026604,1807981,2019-20
AKZO NOBEL COATINGS (HOLDINGS) PTY LTD,51000285012,245381053,11144071,3343221,2019-20
AL AQUA ZIP HOLDCO PTY LTD,92620030846,171067663,17526510,3080609,2019-20
AL-KO INTERNATIONAL PTY LTD,96003066813,104700695,11833657,3550097,2019-20
ALCOA AUSTRALIAN HOLDINGS PTY LTD,33096987370,822621746,1164055496,,2019-20
ALCOA OF AUSTRALIA LTD,93004879298,5119386002,1846020542,553798565,2019-20
ALCON LABORATORIES (AUSTRALIA) PTY LTD,88000740830,215577188,13104509,3931353,2019-20
ALDI FOODS PTY LIMITED,18086210139,9630396957,355995491,106798647,2019-20
ALEXION PHARMACEUTICALS AUST PL,59132343036,106225744,5700355,1710106,2019-20
ALH GROUP PTY LTD,68098212134,2942569094,310749201,93224760,2019-20
ALLEGION (AUSTRALIA) PTY LTD,49077898161,125402055,412093,123628,2019-20
ALLEGIS GROUP APAC HOLDINGS PTY LTD,84159406523,135099356,,,2019-20
ALLERGAN AUSTRALIA PTY LIMITED,85000612831,229167421,15661104,4698331,2019-20
ALLIANCE AVIATION SERVICES LIMITED,96153361525,323033938,,,2019-20
ALLIANZ AUSTRALIA LIMITED,21000006226,5380278416,418749920,125624940,2019-20
ALLNEX AUSTRALIA PTY. LTD.,24160397768,249599679,9041204,,2019-20
ALLWORTH CONSTRUCTIONS PTY LTD,78002565353,102163387,5625770,1687731,2019-20
ALMONDCO AUSTRALIA LIMITED,81062887352,259641775,295424,88627,2019-20
ALS LIMITED,92009657489,652074579,85540820,23932717,2019-20
ALSCO PTY LIMITED,26000435629,297005251,44057437,13211041,2019-20
ALSTOM TRANSPORT AUSTRALIA PTY LTD,68165157451,452724598,17721668,5316500,2019-20
ALTIUM LIMITED,93009568772,248474074,3287455,986236,2019-20
ALUMINA & BAUXITE COMPANY LTD,52692964098,240438728,,,2019-20
ALUMINA LIMITED,85004820419,565967589,776036997,,2019-20
AMA GROUP LIMITED,50113883560,713730655,11718779,3515634,2019-20
AMADEUS IT PACIFIC PTY LTD,22080674255,110177141,21061584,1867705,2019-20
AMARI METALS AUSTRALIA PTY LTD,13004496128,258490557,,,2019-20
AMAYSIM AUSTRALIA LTD,65143613478,490354466,2204419,,2019-20
AMAZON COMMERCIAL SERVICES PTY LTD,30616935623,563461169,26279963,7883989,2019-20
AMAZON CORPORATE SERVICES PTY LTD,95082931600,635325206,45130766,13539230,2019-20
AMAZON WEB SERVICES AUSTRALIA PTY LTD,63605345891,549599979,54977891,16493367,2019-20
AMCOR PTY LTD,62000017372,14489406338,10214986,,2019-20
AMERICAN EXPRESS AUSTRALIA LIMITED,92108952085,1123138118,,,2019-20
AMERICOLD AUSTRALIAN HOLDINGS PTY LTD,48117491291,312339891,15846831,4627551,2019-20
AMGEN AUSTRALIA PTY LIMITED,31051057428,422171924,51944586,8102459,2019-20
AMOBEE ANZ PTY LTD,93166886184,100456347,,,2019-20
AMP CAPITAL (GIF CAYMAN HOLDCO) 4 LP,,180901262,547592,164278,2019-20
AMP CAPITAL HOLDINGS LIMITED,69078651966,933806843,150931857,42378116,2019-20
AMP LIMITED,49079354519,22217546560,5979251193,376847906,2019-20
AMPHORA AUSTRALIA PTY LTD,50625199322,455518387,,,2019-20
AMPLIFON AUSTRALIA HOLDING PTY LTD,34147231561,187128091,27923638,8377091,2019-20
AMPLIFY BIDCO PTY LTD,30636456623,158811988,,,2019-20
AMPOL LIMITED,40004201307,28247607349,400047499,104048339,2019-20
ANDREWS MEAT INDUSTRIES PTY LTD,16600428537,215426915,12350916,3576704,2019-20
ANGLO AMERICAN AUSTRALIA LIMITED,47004892371,5388947953,1831105833,333653610,2019-20
ANGLOGOLD INVESTMENTS AUSTRALIA PTY LTD,48090112459,1228372809,275199298,80826860,2019-20
ANIXTER AUSTRALIA PTY LTD,68055815551,268267049,16037894,4811368,2019-20
ANL CONTAINER LINE PTY LTD,41083962136,546603165,44124003,13222607,2019-20
ANSELL LIMITED,89004085330,350810217,6738827,2021648,2019-20
ANSVAR INSURANCE LIMITED,21007216506,189305907,,,2019-20
ANTICIMEX PTY LTD,24162914374,189402352,8828689,2581528,2019-20
ANTIPODES GLOBAL INVESTMENT COMPANY LIMITED,38612843517,697134834,9357464,905921,2019-20
ANZ HOSPITALS TOPCO PTY LTD,20631014965,1372591515,,,2019-20
AON CONSOLIDATED GROUP PTY LTD,38090132675,560461010,81205031,24187569,2019-20
AOYUAN PROPERTY GROUP (AUSTRALIA) PTY LIMITED,97600594125,114006017,,,2019-20
APOLLO TOURISM & LEISURE LTD,67614714742,284411267,,,2019-20
APOTEX AUSTRALIA PTY LTD,48054124980,159820496,,,2019-20
APPLE PTY LTD,46002510054,9994654312,391020533,117194686,2019-20
ARAMEX FASTWAY HOLDINGS PTY. LTD.,86609553513,115335008,93031,27909,2019-20
ARB CORPORATION LTD,31006708756,426660312,66496427,18436562,2019-20
ARCADIS AUSTRALIA PACIFIC HOLDINGS PTY LTD,56608711351,266343436,31486006,8730866,2019-20
ARCHITECTURAL WINDOW SYSTEMS PTY LIMITED,48067950903,113839363,10343779,2754705,2019-20
ARDEX AUSTRALIA PTY LIMITED,82000550005,103044720,10836430,2610288,2019-20
ARGO INVESTMENTS LIMITED,35007519520,242378412,240635927,115234,2019-20
ARISTOCRAT LEISURE LIMITED,44002818368,612342547,301023350,74969816,2019-20
ARKEMA PTY LTD,44000330772,144895554,24742647,7031276,2019-20
ARLA FOODS MAYER AUSTRALIA PTY LTD,78167620706,145726748,2876917,863075,2019-20
ARNOTT'S GROUP HOLDCO PTY LTD,17635109081,101845632,8140070,2085664,2019-20
ARNOTTS BISCUITS HOLDINGS PTY LTD,84080889621,442729118,52920266,15019886,2019-20
ARROTEX HOLDINGS PTY LTD,47630331814,645872812,32082036,9539264,2019-20
ARROW ELECTRONICS ANZ HOLDINGS PTY LTD,90102589515,381881592,14069264,4220779,2019-20
ARUP AUSTRALIA SERVICES PTY LTD,36625911686,454530181,20106909,3086085,2019-20
ARYZTA HOLDINGS ASIA PACIFIC PTY LIMITED,57146007365,157771927,5786247,1623544,2019-20
ASAHI HOLDINGS (AUSTRALIA) PTY LTD,48135315767,1739208683,107224582,29375021,2019-20
ASALEO CARE LIMITED,61154461300,422488981,3447119,,2019-20
ASC PTY LTD,64008605034,678214616,62722829,18565602,2019-20
ASC SHIPBUILDING PTY LIMITED,15051899864,242346642,18138539,5441562,2019-20
ASCENDAS HOSPITALITY OPERATIONS PTY LTD,28156287857,106322405,3529365,1058810,2019-20
ASG BRISBANE PTY LTD,72614297684,186074606,348558,104567,2019-20
ASG MELBOURNE PTY LTD,64616840110,499529168,3936360,1180908,2019-20
ASH 302 PTY LTD,56065395815,319222999,21917182,6575155,2019-20
ASHLEY SERVICES GROUP LIMITED,92094747510,291741949,8458994,1851984,2019-20
ASICS OCEANIA PTY LTD,59003091389,244441081,22393880,6414080,2019-20
ASPEN ASIA PACIFIC PTY LTD,75146444484,542034120,117705557,31627341,2019-20
ASPLUNDH HOLDINGS PTY LTD,,163314582,10072782,3021835,2019-20
ASSA ABLOY AUSTRALIA PACIFIC PTY LIMITED,81095354582,393444799,56655636,15625506,2019-20
ASSOCIATED RETAILERS LIMITED,42004520030,168303982,,,2019-20
ASTRAZENECA HOLDINGS PTY LIMITED,59066876962,1565609729,81658283,21312945,2019-20
ASX LIMITED,98008624691,1095294290,754513770,221729431,2019-20
AT&T GLOBAL NETWORK SERVICES AUSTRALIA PTY LTD,72087916701,142188271,4525208,1357562,2019-20
ATCO AUSTRALIA PTY LTD,74091033546,185915295,,,2019-20
ATCO STRUCTURES & LOGISTICS PTY LTD,71083902309,210875185,17582034,5274610,2019-20
ATLAS COPCO AUSTRALIA PTY LIMITED,85620125153,162726297,10770548,3201922,2019-20
ATLAS PROGRAMMED MARINE HOLDINGS PTY LTD,69620316252,114929769,,,2019-20
ATLASSIAN AUSTRALIA 1 PTY LTD,98166799542,2197184668,253556378,24745491,2019-20
AUB GROUP LIMITED,60000000715,126848826,53286320,1969059,2019-20
AUDI AUSTRALIA PTY LIMITED,86077092776,1290576000,29140860,8742258,2019-20
AUDMET AUSTRALIA PTY LTD,19050487593,196774948,10021823,3006547,2019-20
AURELIA METALS LIMITED,37108476384,320727961,31031054,9309316,2019-20
AURIZON HOLDINGS LIMITED,14146335622,3275045614,572971328,167430069,2019-20
AUSCAN HOLDINGS PTY LTD,70084400886,229518113,,,2019-20
AUSCO HOLDINGS PTY LIMITED,13150795547,264651629,,,2019-20
AUSCOTT LIMITED,38008436011,259433250,160357819,48107346,2019-20
AUSENCO PTY LTD,31114541114,175853722,,,2019-20
AUSGROUP COMPANIES PTY LTD,59081037274,261672559,,,2019-20
AUSNET SERVICES LTD.,45603317559,2035262881,278296968,83246686,2019-20
AUSTAL LIMITED,73009250266,636312404,6977512,,2019-20
AUSTIN ENGINEERING LIMITED,60078480136,152329996,,,2019-20
AUSTRALASIAN PERFORMING RIGHT ASSOCIATION LIMITED,42000016099,321919603,,,2019-20
AUSTRALASIAN SOLVENTS AND CHEMICALS COMPANY PTY LTD,57095441080,122381563,1342876,402863,2019-20
AUSTRALIA AND NEW ZEALAND BANKING GROUP LIMITED,11005357522,21741547278,5374868581,1579718158,2019-20
AUSTRALIA MILLING GROUP PTY LTD,57127428406,100363805,,,2019-20
AUSTRALIA PACIFIC LNG PTY LTD,68001646331,6979353806,,,2019-20
AUSTRALIA ZHIRAN CO. PTY LTD,87619268727,194018091,581640,174492,2019-20
AUSTRALIAN AGRICULTURAL COMPANY LIMITED,15010892270,624130706,,,2019-20
AUSTRALIAN BAKELS (PTY) LTD,35000112836,136877343,14070483,4221145,2019-20
AUSTRALIAN CENTRAL CREDIT UNION LTD,11087651125,396551777,41226330,11664692,2019-20
AUSTRALIAN COMFORT GROUP HOLDINGS PTY LTD,48143785522,186786642,,,2019-20
AUSTRALIAN DAIRY FARMERS CORPORATION LTD,80456117281,206842948,772896,231869,2019-20
AUSTRALIAN FINANCE GROUP LIMITED,11066385822,696456800,56048858,16814657,2019-20
AUSTRALIAN FOUNDATION INVESTMENT COMPANY LIMITED,56004147120,308590510,437815949,41694614,2019-20
AUSTRALIAN GAS NETWORKS HOLDINGS PTY LIMITED,24169818026,632577930,2078659,623598,2019-20
AUSTRALIAN GOLD REAGENTS PTY LTD,93009140121,253297693,,,2019-20
AUSTRALIAN LEADERS FUND LIMITED,64106845970,1505401747,5609733,824988,2019-20
AUSTRALIAN LEISURE AND HOSPITALITY GROUP PTY LIMITED,37067391511,1597880115,,,2019-20
AUSTRALIAN LOGISTICS ACQUISITION HOLDINGS PTY LTD,28611628909,2610467898,,,2019-20
AUSTRALIAN NATURE INVESTMENT PTY LTD,16611339621,333622449,5723681,1349115,2019-20
AUSTRALIAN PHARMACEUTICAL INDUSTRIES LIMITED,57000004320,4788492046,55373451,15487654,2019-20
AUSTRALIAN PIPELINE TRUST,21858175226,2591112881,314150358,84364987,2019-20
AUSTRALIAN POSTAL CORPORATION,28864970579,7380185663,156819870,46951598,2019-20
AUSTRALIAN RAIL TRACK CORPORATION LIMITED,75081455754,853518896,,,2019-20
AUSTRALIAN UNITY LIMITED,23087648888,1412401122,47659099,8486888,2019-20
AUSTRALIAN VETERINARY OWNER'S LEAGUE PTY LTD,44601874588,142121872,8971208,1541936,2019-20
AUSTRALIAN VINTAGE LIMITED,78052179932,269023218,,,2019-20
AUSTREO COMMERCIAL VENTURES PTY LTD,19618406901,230356898,111676377,33502913,2019-20
AUSWIDE BANK LTD,40087652060,136210449,28662080,8579560,2019-20
AUTO & GENERAL HOLDINGS PTY LTD,84086321459,367558722,45147088,13544126,2019-20
AUTO & GENERAL INSURANCE COMPANY LTD,42111586353,1202411438,131632580,39489774,2019-20
AUTOMATIC DATA PROCESSING LIMITED,70003924945,202526543,51514676,14817331,2019-20
AUTOMOTIVE HOLDINGS GROUP LIMITED,35111470038,1775152339,,,2019-20
AUTOSPORTS CASTLE HILL PTY LIMITED,65163974481,231258348,,,2019-20
AUTOSPORTS LEICHHARDT PTY LTD,38161160765,165782776,,,2019-20
AVANADE AUSTRALIA PTY LIMITED,58093925207,211916001,26491244,7925545,2019-20
AVENG AUSTRALIA HOLDINGS PTY LTD,33108058331,601128190,,,2019-20
AVERY PROPERTIES PTY LTD,40007713564,215242651,15397341,4619202,2019-20
AVID PROPERTY GROUP HOLDINGS PTY LTD,46608054833,380646275,25509861,7652958,2019-20
AVIS MANAGEMENT PTY LTD,50001889336,873735108,42514525,12627110,2019-20
AVJENNINGS LIMITED,44004327771,249763307,11996941,3599083,2019-20
AWP AUSTRALIA HOLDINGS PTY LTD,,203059244,9325453,2756605,2019-20
B. BRAUN AUSTRALIA PTY LTD,56002945155,110510126,4726011,1408898,2019-20
BABCOCK & BROWN INTERNATIONAL PTY LTD,76108617483,562287950,,,2019-20
BABCOCK AUSTRALIA HOLDINGS PTY LTD,99602953739,322927553,,,2019-20
BABY BUNTING GROUP LIMITED,58128533693,405180373,14596787,4379036,2019-20
BAC HOLDINGS LIMTED,67108568038,771411240,,,2019-20
BAE SYSTEMS AUSTRALIA HOLDINGS LIMITED,44008648333,1151011009,155322594,36845074,2019-20
BAGASSA HOLDINGS PTY LIMITED,57000232879,205414477,15456204,3764118,2019-20
BAIN INTERNATIONAL INC,29003850619,152042539,21663696,5965154,2019-20
BAKER HUGHES GROUP AUSTRALIA PTY LTD,77618893226,981689430,33120180,9936054,2019-20
BALL & DOGGETT GROUP PTY LTD,59146091625,332059169,3114365,934248,2019-20
BANK AUSTRALIA LIMITED,21087651607,234357812,33453794,9478415,2019-20
BANK OF AMERICA NATIONAL ASSOCIATION,51064874531,448780182,126195086,37858526,2019-20
BANK OF CHINA LIMITED SYDNEY BRANCH,29002979955,1511896759,318319799,95139012,2019-20
BANK OF COMMUNICATIONS CO LTD,74137909963,360347767,42151613,12645484,2019-20
BANK OF QUEENSLAND LIMITED,32009656740,1908480376,334866020,99478960,2019-20
BANPU AUSTRALIA CO. PTY LTD,56136468007,1098431564,,,2019-20
BAOSTEEL AUSTRALIA MINING COMPANY PTY LTD,93100513844,227857193,468640,140592,2019-20
BAPCOR LIMITED,80153199912,1388543172,113667630,34100289,2019-20
BAPSH PTY LTD,54605702618,503088006,,,2019-20
BARALABA COAL COMPANY PTY LTD,42096909634,128429452,,,2019-20
BARRICK (AUSTRALIA PACIFIC HOLDINGS) PTY LTD,68085702558,1489357198,44722375,9685524,2019-20
BASF AUSTRALIA LTD,62008437867,522150641,7821864,,2019-20
BASW PTY LTD,63601452199,189579263,5894080,1768224,2019-20
BAUER MEDIA AUSTRALIA LIMITED PARTNERSHIP,55874600262,209912819,90125,,2019-20
BAXTER HEALTHCARE PTY LTD,43000392781,742537952,49609197,14879197,2019-20
BAYER AUSTRALIA LIMITED,22000138714,1240582990,93172383,22608758,2019-20
BBC STUDIOS AUSTRALIA HOLDINGS PTY LTD,85127624104,129155335,30744591,8537374,2019-20
BBPHA 1 PTY LTD,15144078151,4290570660,63967106,18827481,2019-20
BEACH ENERGY LIMITED,20007617969,1711975717,444818038,133445411,2019-20
BECA PTY LTD,85004974341,109226640,8806891,119356,2019-20
BECHTEL AUSTRALIA PTY LTD,42006334505,342646168,,,2019-20
BECTON DICKINSON PTY LIMITED,82005914796,307402829,26661737,7998521,2019-20
BEGA CHEESE LIMITED,81008358503,1780059254,13694150,,2019-20
BEIERSDORF AUSTRALIA LIMITED,98000025623,203858487,3988550,402059,2019-20
BEIJER REF HOLDINGS AUSTRALIA PTY LTD,28607082379,223170344,3589307,1038221,2019-20
BELECTRIC AUSTRALIA PTY LTD,41157953654,240629879,2453402,736021,2019-20
BELL FINANCIAL GROUP LIMITED,59083194763,249435433,37206317,11160748,2019-20
BELLAMY'S AUSTRALIA LIMITED,37124272108,234609440,20903049,5648150,2019-20
BELRON AUSTRALIA PTY LIMITED,97001052704,238438446,3801110,1140333,2019-20
BENDIGO AND ADELAIDE BANK LIMITED,11068049178,2579169134,555166857,158691183,2019-20
BERKLEY INSURANCE COMPANY- AUSTRALIAN BRANCH,53126559706,254884133,45039926,13387175,2019-20
BERKSHIRE HATHAWAY SPECIALTY INSURANCE COMPANY AUSTRALIAN BRANCH,84600643034,432222881,6371952,1911586,2019-20
BESIX AUSTRALIA HOLDINGS PTY LTD,48629502843,1495069501,,,2019-20
BESTON GLOBAL FOOD COMPANY LIMITED,28603023383,109089334,,,2019-20
BEUMER GROUP AUSTRALIA PTY LTD,27154255919,100966468,13049794,3914938,2019-20
BEYOND BANK AUSTRALIA LIMITED,15087651143,247617920,39228514,11425603,2019-20
BG INTERNATIONAL LIMITED,72114818825,226941234,,,2019-20
BGIS AUSTRALIA PTY LTD,46122178741,185059838,2909549,872865,2019-20
BHCA1 PTY LTD,,999161314,729763532,218208365,2019-20
BHP ALUMINIUM AUSTRALIA PTY LTD,65063671349,1316631691,,,2019-20
BHP BILLITON MITSUI COAL PTY LTD,34009713875,1467327533,244932601,72182092,2019-20
BHP GROUP LIMITED,49004028077,45913880813,18734259496,4565135269,2019-20
BHP IRON ORE (JIMBLEBAR) PTY LTD,95009114210,6496598482,4110082709,1233024812,2019-20
BIDFOOD AUSTRALIA LIMITED,33000228231,2138710997,94684094,28405228,2019-20
BIFM AUS HOLDINGS PTY LTD,16632468109,289732620,17890078,5238452,2019-20
BILLABONG GOLD PTY LTD,34613900922,166302983,,,2019-20
BINGO INDUSTRIES LTD,72617748231,510051444,80258840,24077652,2019-20
BIOGEN AUSTRALIA PTY LIMITED,30095760115,116643840,6118411,1835523,2019-20
BIOSAR AUSTRALIA PTY LTD,55620817665,144812972,,,2019-20
BIOSTIME HEALTHY AUSTRALIA PTY LTD,17608153528,478927203,71216521,21364956,2019-20
BIS INDUSTRIES HOLDINGS LIMITED,48622481752,456272725,,,2019-20
BISALLOY STEEL GROUP LIMITED,22098674545,103955546,9751787,2834391,2019-20
BLACKHAWK NETWORK AUSTRALIA PTY LIMITED,84123251703,119858678,1134408,340322,2019-20
BLACKMORES LIMITED,35009713437,587123489,32576962,6636906,2019-20
BLACKROCK AUSTRALIA HOLDCO PTY LTD,22139463693,160617129,38934439,11680332,2019-20
BLACQUA PTE. LTD.,62169810011,1167590543,53401518,10688432,2019-20
BLOOMBERG AUSTRALIA PTY LTD,47622777851,255044575,21357795,6407338,2019-20
BLUECHIP INFOTECH PTY LTD,32076483808,128162897,741840,222552,2019-20
BLUESCOPE STEEL LIMITED,16000011058,5355696205,216038778,,2019-20
BLUEWATERS POWER 1 PTY LTD,93106034879,132229400,,,2019-20
BLUEWATERS POWER 2 PTY LTD,57122896968,157231494,40968026,12290408,2019-20
BLUM AUSTRALIA PTY LTD,80076459713,115240411,8696773,2609032,2019-20
BMW AUSTRALIA LIMITED,11004675129,2032180174,103297454,30989236,2019-20
BNK BANKING CORPORATION LIMITED,63087651849,318101873,2164014,,2019-20
BNP PARIBAS S.A.,23000000117,349932834,4410290,,2019-20
BNP PARIBAS SECURITIES SERVICES AUSTRALIAN BRANCH,87149440291,312905668,,,2019-20
BOC LIMITED,95000029729,1668084730,239091583,71262577,2019-20
BOEHRINGER INGELHEIM PTY LIMITED,52000452308,496751879,28887328,8666198,2019-20
BOEING AUSTRALIA HOLDINGS PTY LTD,42101168932,1523100000,259806116,38983441,2019-20
BOLLORE LOGISTICS AUSTRALIA PTY LTD,91055370575,121831611,,,2019-20
BOMBARDIER TRANSPORTATION AUSTRALIA PTY LTD,73010699804,885349920,101638091,29140606,2019-20
BOOM LOGISTICS LIMITED,28095466961,186067681,,,2019-20
BOORTMALT AUSTRALIA PTY LTD,70634393338,248558099,,,2019-20
BORAL LIMITED,13008421761,3673978600,47321564,,2019-20
BOSE PTY LTD,41078010607,155262898,5069686,1520906,2019-20
BOSTON SCIENTIFIC PTY LIMITED,45071676063,290891630,32268012,9680404,2019-20
BOUNDARY BEND LIMITED,32115131667,122954558,7605314,,2019-20
BOUYGUES CONSTRUCTION AUSTRALIA PTY LTD,37144013801,630067727,,,2019-20
BOYNE SMELTERS LIMITED,90010061935,1077604552,17038939,,2019-20
BP REGIONAL AUSTRALASIA HOLDINGS PTY LTD,91092495700,23244137525,1189575541,352074726,2019-20
BPIH PTY LIMITED,61100364234,2292788921,,,2019-20
BPW TRANSPEC PTY LTD,63006645272,101789018,6286525,1885958,2019-20
BPY CAYMAN HOLDINGS L.P.,,103460592,103332020,30999606,2019-20
BRADKEN PTY LIMITED,33108693009,497106058,9363502,,2019-20
BRAMBLES LIMITED,89118896021,1987656678,231155169,55603446,2019-20
BRANDO AUS HOLDCO PTY LTD,31632004392,253404069,,,2019-20
BRAVURA SOLUTIONS LIMITED,54164391128,140805361,,,2019-20
BRENNAN VDI PTY LIMITED,38125976007,111477240,10392996,3011269,2019-20
BRENNTAG AUSTRALIA PTY LTD,84117996595,116078499,,,2019-20
BREVILLE GROUP LIMITED,90086933431,352289076,103415280,16305155,2019-20
BRICKWORKS LIMITED,17000028526,1200103153,81724949,,2019-20
BRIDGESTONE AUSTRALIA LTD,65007516841,552403694,23374068,7012220,2019-20
BRIDGESTONE MINING SOLUTIONS AUSTRALIA PTY LTD,74000069714,700933236,43334418,13000325,2019-20
BRIGGS AND STRATTON AUSTRALIA PTY LIMITED,13006576656,130178530,,,2019-20
BRIGHT FOOD GROUP HOLDINGS PTY LTD,95152610645,588531163,3248519,974556,2019-20
BRIGHTSTAR LOGISTICS PTY LTD,58111399752,843959904,64652992,19343161,2019-20
BRISTOL-MYERS SQUIBB AUSTRALIA PTY LTD,33004333322,472745795,57495867,4778686,2019-20
BRISTOW HELICOPTERS AUSTRALIA PTY LTD,92000565579,145534264,,,2019-20
BRITISH AMERICAN TOBACCO (AUSTRALASIA HOLDINGS) PTY LIMITED,23095066345,1454691723,851089001,254348907,2019-20
BROTHER INTERNATIONAL (AUST) PTY LTD,17001393835,164979332,13723750,4117125,2019-20
BROWN-FORMAN AUSTRALIA PTY LIMITED,87000064086,231858127,13638670,4091601,2019-20
BRP AUSTRALIA PTY LTD,64097370100,234599476,4421081,1326324,2019-20
BRUNEL AUSTRALIA HOLDINGS PTY LTD,60078544126,157598036,,,2019-20
BSA LIMITED,50088412748,508041412,2538549,554271,2019-20
BT AUSTRALASIA PTY LIMITED,93003050146,230967354,19403145,4671229,2019-20
BTO LT HOLD PTY LTD,85623323044,281346373,141407604,42422281,2019-20
BUCHER MUNICIPAL PTY LTD,68004992090,144583644,7781342,1757484,2019-20
BUICK HOLDINGS PTY LTD,76094424674,436943713,1366,,2019-20
BUNGE AGRIBUSINESS AUSTRALIA PTY LTD,46097843582,513327977,,,2019-20
BUNZL AUSTRALASIA LIMITED,18004611090,654515213,27062144,8108703,2019-20
BUPA ANZ GROUP PTY LTD,95608490455,8360961535,279066867,82299261,2019-20
BUREAU VERITAS AUSTRALIA PTY LTD,15090874570,251614407,3744269,,2019-20
BURNS PHILP & PTY LIMITED,65000000359,194398853,,,2019-20
BURRUP FACILITIES COMPANY PTY LTD,28122234539,1113069680,615798067,184739420,2019-20
BURRUP TRAIN 1 PTY LTD,77122234306,1749134540,307534611,92260383,2019-20
BUZZ SUPPLIES PTY LIMITED,27601785353,228947293,46958230,14087469,2019-20
BWX LIMITED,13163488631,151928049,15065379,2727246,2019-20
BX BUNKA AUSTRALIA PTY LTD,74124163793,139805279,4540934,1362280,2019-20
BYD AUSTRALIA PTY LTD,82166009687,127786333,12824096,3847229,2019-20
BYRNECUT AUSTRALIA PTY LTD,94129142516,1112496327,86362695,25683726,2019-20
C.H. ROBINSON (AUSTRALIA) PTY LIMITED,93614158879,343158852,18026735,5318468,2019-20
C0001 PTY LTD,13618935069,980036361,,,2019-20
CA (PACIFIC) PTY LIMITED,20001146345,115528842,47610934,14283280,2019-20
CADENCE CAPITAL LIMITED,17112870096,590169595,19830989,4346065,2019-20
CAESARSTONE AUSTRALIA PTY LTD,45121819976,155889851,4025609,1207683,2019-20
CAMERON APME HOLDING PTY LTD,37141037925,139539847,3137675,916407,2019-20
CAML RESOURCES PTY LTD,84080649029,329416327,87718541,26313545,2019-20
CAMPAIGN MONITOR AUSTRALIA 1 PTY LIMITED,45604705473,207566523,,,2019-20
CAMPARI AUSTRALIA PTY LIMITED,72137554726,157323469,7230296,2169089,2019-20
CANADIAN SOLAR CONSTRUCTION (AUSTRALIA) PTY LTD,92620225630,326131864,464842,139453,2019-20
CANOE HOLDCO PTY LIMITED,90619977070,246079529,,,2019-20
CANON AUSTRALIA PTY LTD,66005002951,695480286,,,2019-20
CANVA PTY LTD,80158929938,173543978,,,2019-20
CAPE AUSTRALIA HOLDINGS PTY LIMITED,12126824397,191147388,4583029,1374909,2019-20
CAPE PRESTON PORT COMPANY PTY LTD,84147842153,144771385,7701294,2310388,2019-20
CAPGEMINI AUSTRALIA PTY LIMITED,11092284314,414862416,41085138,12325541,2019-20
CAPITAL SMART GROUP HOLDINGS PTY LTD,86637044092,196010696,,,2019-20
CAPITOL HEALTH LIMITED,84117391812,156006386,5953171,1785951,2019-20
CAPRAL LIMITED,78004213692,421562541,,,2019-20
CAPRICORN COPPER PTY LTD,67106396801,184704142,,,2019-20
CARDNO LIMITED,70108112303,711558287,,,2019-20
CARDTRONICS AUSTRALIA PTY LTD,46157774224,138755901,,,2019-20
CARGOTEC AUSTRALIA PTY LTD,72097663431,199901146,,,2019-20
CARL ZEISS PTY LTD,82008410704,117061528,10687193,2601804,2019-20
CARNEY TOWNSVILLE PARTNERSHIP,16842172023,137059469,4745148,1423544,2019-20
CARPET COURT AUSTRALIA LIMITED,77001195697,201487793,,,2019-20
CARSALES.COM LIMITED,91074444018,336542098,154925706,39562573,2019-20
CASH CONVERTERS INTERNATIONAL LIMITED,39069141546,271302094,,,2019-20
CATERPILLAR FINANCIAL AUSTRALIA LIMITED,70006714585,318007415,161862841,26612431,2019-20
CATERPILLAR HOLDINGS AUSTRALIA PTY LTD,26003430135,1347483914,258544055,74788774,2019-20
CATHAY PACIFIC AIRWAYS LIMITED,57000479514,1014641677,,,2019-20
CBH RESOURCES LIMITED,27009423858,206936780,,,2019-20
CBRE PTY LTD,57057373574,665904621,35877154,10565969,2019-20
CCCI AUSTRALIA PTY LTD,95603555988,5331036429,18655300,,2019-20
CEDAR WOODS PROPERTIES LIMITED,47009259081,260113068,25318140,7595442,2019-20
CELGENE PTY LIMITED,42118998771,146540235,5517723,1655317,2019-20
CEMENT AUSTRALIA HOLDINGS PTY LTD,99001085561,493353561,93995911,18106276,2019-20
CENGAGE AUSTRALIA HOLDINGS PTY LTD,69129545811,114009129,20515278,6097451,2019-20
CENTAMIN EGYPT LTD,86007700352,943564199,,,2019-20
CENTENARY AUSTRALIA PTY LIMITED,77085156216,333045594,,,2019-20
CENTREPOINT ALLIANCE LIMITED,72052507507,130960455,,,2019-20
CENTURIA CAPITAL LIMITED,22095454336,125522942,48929381,14197721,2019-20
CENVERSA LIMITED,55092375221,145615277,2867702,804674,2019-20
CEREAL PARTNERS AUSTRALIA PTY LIMITED,98120338249,194172718,3824361,449982,2019-20
CERNER CORPORATION PTY LIMITED,23051063435,135516354,6465071,1939521,2019-20
CERTIS AUSTRALIA PTY LTD,51602871287,343730254,,,2019-20
CERVUS EQUIPMENT AUSTRALIA PTY LTD,73157830656,123293479,4578855,1373656,2019-20
CEVA PTY LTD,27122147433,410346578,,,2019-20
CF ASIA PACIFIC GROUP PTY LIMITED,64127851263,128406161,,,2019-20
CGI INFORMATION SYSTEMS AND MANAGEMENT CONSULTANTS PRIVATE LIMITED,,559750901,73926,22178,2019-20
CHALLENGER LIMITED,85106842371,2632624430,,,2019-20
CHAMBERLAIN HOLDINGS LIMITED,85008688202,1191860537,73842548,22152196,2019-20
CHANEL (AUSTRALIA) PTY LTD,83000012153,345547717,59451252,17835376,2019-20
CHARTERED ACCOUNTANTS AUSTRALIA AND NEW ZEALAND,50084642571,110212201,,,2019-20
CHEVRON AUSTRALIA HOLDINGS PTY LTD,60098079344,12196173675,169426647,,2019-20
CHEVRON AUSTRALIA PRODUCTS PTY LIMITED,26147978890,3737928688,,,2019-20
CHINA CONSTRUCTION BANK CORPORATION,24125167553,1493940069,74797279,22439184,2019-20
CHINA YUNNAN COPPER (AUSTRALIA) INVESTMENT AND DEVELOPMENT CO.LTD,32110345750,108699029,161783,48535,2019-20
CHOBANI AUSTRALIA PTY LTD,60150876305,275183597,8828289,2409600,2019-20
CHRISCO HAMPERS AUSTRALIA LIMITED,41080852535,100972296,8057885,2417366,2019-20
CHRISTIAN DIOR AUSTRALIA PTY LIMITED,15072174451,128981172,37024505,11107352,2019-20
CHU UNDERWRITING AGENCIES PTY LTD,18001580070,161900598,48076702,14423011,2019-20
CHUBB HOLDINGS AUSTRALIA PTY LTD,64116987618,1404929532,152509409,45370465,2019-20
CIMIC GROUP LIMITED,57004482982,7831809417,338501752,73694789,2019-20
CISCO SYSTEMS AUSTRALIA PTY LTD,52050332940,2014262590,109927579,32978274,2019-20
CITIBANK NA,34072814058,736102032,363359206,109007762,2019-20
CITIC PACIFIC MINING MANAGEMENT PTY LTD,64119578371,1591510623,,,2019-20
CITIC RESOURCES AUSTRALIA PTY LTD,87107652817,495017964,89641602,,2019-20
CITIGROUP PTY TLD,88004325080,2102760902,250355920,75106776,2019-20
CITRIX SYSTEMS ASIA PACIFIC PTY LTD,37078874530,301086685,4227776,,2019-20
CITY CHIC COLLECTIVE LIMITED,43057569169,114866054,8658086,2597426,2019-20
CITY HOLDINGS (AUS) PTY LTD,33135098636,196510812,7418715,2222274,2019-20
CIVEO HOLDING COMPANY 1 PTY LTD,91146700441,223447209,,,2019-20
CIVICA PTY LIMITED,83003691718,160110570,22600532,4994788,2019-20
CIVMEC LIMITED,50604316690,399335158,24834244,5642880,2019-20
CK WILLIAM AUSTRALIA HOLDINGS PTY LTD,14613690243,1223296351,33559151,9733272,2019-20
CLARIANT (AUSTRALIA) PTY LTD,30069435552,109458194,10056965,3017090,2019-20
CLEANAWAY WASTE MANAGEMENT LIMITED,74101155220,2361505561,193250554,43594237,2019-20
CLEANCO QUEENSLAND LIMITED,85628008159,115819574,,,2019-20
CLEMENGER GROUP LIMITED,98004882928,231749821,69845052,11606270,2019-20
CLERMONT COAL MINES LIMITED,56010487939,193486053,,,2019-20
CLIME CAPITAL LIMITED,99106282777,114344505,,,2019-20
CLOROX HOLDINGS PTY LTD,57077214076,106538070,1444457,433337,2019-20
CMC MARKETS GROUP AUSTRALIA PTY LTD,99128774890,168302330,,,2019-20
CMOC MINING PTY LIMITED,17164997317,270900524,18131043,4852270,2019-20
CNCGC AUSTRALIAN PTY LTD,65163225198,169245499,219362,65809,2019-20
CNH INDUSTRIAL AUSTRALIA PTY LTD,76000031130,1099437760,11043343,3313003,2019-20
CNOOC AUSTRALIA ENERGY CAPITAL MANAGEMENT PTY LTD,79129021316,311871837,106802757,32040827,2019-20
CNOOC GAS AND POWER (AUS) INVESTMENT PTY LTD,28142591044,1854305603,,,2019-20
CO-OPERATIEVE RABOBANK U.A.,70003917655,898927620,45693486,13708046,2019-20
COBHAM AVIATION SERVICES AUSTRALIA PTY LTD,34003469574,409566751,,,2019-20
COCA-COLA AMATIL LIMITED,26004139397,3523009870,65113648,17779159,2019-20
COCA-COLA SOUTH PACIFIC PTY LTD,50003029794,163470670,16676242,5002873,2019-20
COCHLEAR LIMITED,96002618073,1025182988,,,2019-20
CODAN LIMITED,77007590605,346261342,117195943,26377436,2019-20
COFCO INTERNATIONAL AUSTRALIA PTY LTD,25001069423,802945322,,,2019-20
COFORGE LIMITED,,539481020,,,2019-20
COGNIZANT TECHNOLOGY SOLUTIONS AUSTRALIA PTY LTD,74100749997,281931130,22148360,6644508,2019-20
COLAS AUSTRALIA GROUP PTY LTD,11000388161,528940852,9565386,1261664,2019-20
COLES GROUP LIMITED,11004089936,45595178344,1585155743,475546273,2019-20
COLGATE-PALMOLIVE PTY LTD,79002792163,622381343,26915965,8068386,2019-20
COLLECTION HOUSE LIMITED,74010230716,144222947,427503,81211,2019-20
COLLIERS INTERNATIONAL HOLDINGS (AUSTRALIA) LIMITED,65008178238,324715501,62781315,17312674,2019-20
COLLINS FOODS LIMITED,13151420781,849140805,75598100,22679430,2019-20
COMENSURA PTY LIMITED,30120725902,377056976,2888083,866425,2019-20
COMFORTDELGRO CORPORATION AUSTRALIA PTY LTD,84002072004,649262553,63383112,19014934,2019-20
COMGEN AUSTRALIA PTY LTD,17050242441,1223981704,14908375,2392776,2019-20
COMMONWEALTH BANK OF AUSTRALIA,48123123124,43603979028,11117317858,3265397541,2019-20
COMMSCOPE HOLDINGS AUSTRALIA PTY LTD,57605413456,475534948,24055735,6914251,2019-20
COMPASS GROUP (AUSTRALIA) PTY LTD,41000683125,1348511849,81071528,20798986,2019-20
COMPETITIVE FOODS AUSTRALIA PTY LTD,48010542908,1331883404,34505884,10179385,2019-20
COMPUTERSHARE LIMITED,71005485825,644025981,311361658,85095529,2019-20
CONCENTRIX SERVICES PTY LIMITED,63166171991,313296515,46660421,13998126,2019-20
CONOCOPHILLIPS AUSTRALIA GAS HOLDINGS PTY LTD,69081089170,1850149843,115304314,,2019-20
CONSOLIDATED MINERALS HOLDINGS (AUSTRALIA) PTY LTD,88127662257,421356900,,,2019-20
CONSTELLATION SOFTWARE AUSTRALIA PTY LTD,50141627232,263609911,22474856,6406269,2019-20
CONTINENTAL PTY LTD,46004390587,431750823,2059358,617807,2019-20
COOK AUSTRALIA PTY LTD,27141258648,254978187,22866106,5413652,2019-20
COPYRIGHT AGENCY LIMITED,53001228799,142232953,,,2019-20
CORANAR (AUSTRALIA) PTY LTD,12114668727,199868589,92230798,27214502,2019-20
CORELOGIC AUSTRALIA HOLDINGS PTY LIMITED,75150637406,148295304,19859138,5064249,2019-20
CORONADO AUSTRALIA HOLDINGS PTY LTD,23623524989,2156401767,341141007,102342302,2019-20
CORONADO GLOBAL RESOURCES INC.,99628199468,599022915,228955315,,2019-20
CORONIS HEALTH HOLDCO PTY LTD,53617868916,274701909,11521350,3456405,2019-20
COSTA GROUP HOLDINGS LIMITED,68151363129,921321394,20677416,1824212,2019-20
COSTCO WHOLESALE AUSTRALIA PTY LTD,57104012893,2591510135,45610781,13683234,2019-20
COTY AUSTRALIA HOLDINGS PTY LTD,52626169711,272380672,5664979,1699494,2019-20
COUNTRY ROAD GROUP PTY LTD,78006759182,914680522,24763750,7387761,2019-20
COUNTRYWIDE AUSTRALASIA LIMITED,34068162676,325362354,173124,51937,2019-20
COVENTRY GROUP LTD,37008670102,235803215,,,2019-20
COX AUTOMOTIVE AUSTRALIA PTY LTD,97090535505,239802283,37876061,11325027,2019-20
CPA AUSTRALIA LTD,64008392452,184134575,,,2019-20
CR AUSTRALIA HOLDING PTY LTD,52627005609,103856571,13528972,,2019-20
CRAWFORD & COMPANY (AUSTRALIA) PTY LTD,11002317133,108468526,14146061,4225805,2019-20
CREDIT AGRICOLE CIB AUSTRALIA LIMITED,32002540409,165807000,64767102,19430131,2019-20
CREDIT CORP GROUP LIMITED,33092697151,263750762,58024420,17339073,2019-20
CREDIT SUISSE AG,17061700712,486183278,82869223,24860767,2019-20
CREDIT SUISSE HOLDINGS (AUSTRALIA) LTD,96008496713,548875295,74989107,22394789,2019-20
CREDIT UNION AUSTRALIA LIMITED,44087650959,485791384,68468460,15666570,2019-20
CROWN EQUIPMENT PTY LIMITED,79000514858,355199253,10448069,3134421,2019-20
CROWN RESORTS LIMITED,39125709953,2765672369,212190128,60643221,2019-20
CS (AUSTRALIA) PTY LIMITED,84093488361,667023593,,,2019-20
CSE GLOBAL (AUSTRALIA) PTY LTD,85109958090,109911632,3737996,1121399,2019-20
CSG INTERNATIONAL PTY LTD,33082026551,121643808,5709021,,2019-20
CSL LIMITED,99051588348,4265133379,45841012,,2019-20
CSR LIMITED,90000001276,1609947132,198190640,35359916,2019-20
CTI LOGISTICS LIMITED,69008778925,216752582,3888385,1165496,2019-20
CUA HEALTH LIMITED,98098685459,154301381,20903349,6146674,2019-20
CUBIC TRANSPORTATION SYSTEMS (AUSTRALIA) PTY LTD,82003617561,216957375,,,2019-20
CUMMINS FILTRATION INTERNATIONAL CORPORATION,60007505473,115015639,5988379,1796514,2019-20
CUMMINS SOUTH PACIFIC PTY LTD,42006332949,979086170,146347007,43903356,2019-20
CUSCAL LTD,95087822455,241552456,10907230,1450184,2019-20
D.E HOLDING AUSTRALIA PTY LTD,16100632595,298077175,53270269,15981081,2019-20
DAC FINANCE PTY LIMITED,28129420444,688666594,20240371,6072111,2019-20
DACIAN GOLD LIMITED,61154262978,270382749,,,2019-20
DAHUA GROUP SYDNEY INVESTMENT PTY LTD,22606376416,166447616,,,2019-20
DAIKIN AUSTRALIA PTY LTD,62000172967,876022017,34173617,9467947,2019-20
DAIMLER AUSTRALIA/PACIFIC PTY LTD,50004348421,3914996063,137682807,41304842,2019-20
DAIRY FARMERS MILK CO-OPERATIVE LIMITED,74669522867,113608329,,,2019-20
DAIWA HOUSE AUSTRALIA PTY LTD,90169473241,519095330,28728372,1506622,2019-20
DAMPIER SALT LTD,30008706590,402393739,76426447,22927934,2019-20
DAN-BUNKERING (AUSTRALIA) PTY LTD,26123643952,211207778,,,2019-20
DANAHER AUSTRALIA HOLDING PTY LTD,80122016424,546356232,82163970,6199364,2019-20
DARWIN LNG PTY LTD,48085130981,1954723317,175389356,52616807,2019-20
DATA #3 LIMITED,31010545267,1621844074,39560818,11868245,2019-20
DATACOM AUSTRALIA HOLDINGS PTY LIMITED,45094235373,587026276,,,2019-20
DAVIS LANGDON PROPERTY SERVICES PTY LTD,97006986947,745561663,51723824,15444509,2019-20
DBS BANK LTD.,46601105373,211795909,74357225,22307168,2019-20
DE'LONGHI AUSTRALIA PTY LIMITED,49104012857,157737450,2035895,610173,2019-20
DECMIL GROUP LIMITED,35111210390,454498975,,,2019-20
DEFENCE HOUSING AUSTRALIA,72968504934,922799484,77157178,23145133,2019-20
DEGREMONT PROCESS COMPANY PTY LTD,32169392876,155073534,,,2019-20
DELAWARE NORTH COMPANIES AUSTRALIA PTY LTD,92003435345,438179318,,,2019-20
DELIVEROO AUSTRALIA PTY LTD,73607915640,140396459,,,2019-20
DELL AUSTRALIA PTY LIMITED,46003855561,329005292,55857559,16531582,2019-20
DEMATIC HOLDINGS PTY LTD,50121488202,206248274,48692,,2019-20
DENTSPLY SIRONA PTY LIMITED,87111950602,123756905,3378582,1013575,2019-20
DENTSU AEGIS NETWORK AUSTRALIA HOLDINGS PTY LTD,60147301700,216111399,,,2019-20
DEUTSCHE AUSTRALIA LIMITED,37006385593,347526973,32463925,9739178,2019-20
DEUTSCHE BANK AKTIENGESELLSCHAFT,13064165162,626244494,,,2019-20
DEVRO PTY LIMITED,70050095755,100120576,21291711,6107328,2019-20
DEXUS OPERATIONS TRUST,69645176383,569048312,84447202,25334161,2019-20
DFA AUSTRALIA LIMITED,46065937671,104307235,14600722,4380217,2019-20
DFS AUSTRALIA PTY LTD,98002625809,187932073,8270696,2481209,2019-20
DHL EXPRESS (AUSTRALIA) PTY LTD,62001112929,584881371,25093727,7528118,2019-20
DHL GLOBAL FORWARDING (AUSTRALIA) PTY LIMITED,62002636124,1471716472,74469012,22340704,2019-20
DIAGEO AUSTRALIA LIMITED,33004167720,592868764,55563715,16669114,2019-20
DIAMOND OFFSHORE GENERAL COMPANY,91050122051,140714862,,,2019-20
DIC AUSTRALIA PTY LTD,12000079550,117177453,,,2019-20
DJERRIWARRH INVESTMENTS LIMITED,38006862693,100260412,43254667,2847460,2019-20
DKSH AUSTRALIA PTY LTD,70005059307,131351350,,,2019-20
DOF SUBSEA AUSTRALIA PTY LTD,53083000239,106683638,,,2019-20
DOMAIN HOLDINGS AUSTRALIA LIMITED,43094154364,234416407,47712374,8723753,2019-20
DOMETIC AUSTRALIA PTY LTD,62086366305,175125638,3213435,952883,2019-20
DOMINO'S PIZZA ENTERPRISES LIMITED,16010489326,647204034,120609928,30815199,2019-20
DONALDSON AUSTRALASIA PTY LIMITED,78000521200,111765261,13566587,4069976,2019-20
DORMA DOOR CONTROLS PTY LTD,82005869447,224258036,20305176,6091553,2019-20
DORRIEN ESTATE WINERY PTY LTD,81003775139,179262522,1895534,568660,2019-20
DOW AGROSCIENCES AUSTRALIA LIMITED,24003771659,129001373,2346505,703951,2019-20
DOW CHEMICAL (AUSTRALIA) PTY LTD,72000264979,174180556,,,2019-20
DOW PERFORMANCE MATERIALS (AUSTRALIA) PTY LTD,29004513188,148378044,,,2019-20
DOWNER EDI LIMITED,97003872848,7468696584,,,2019-20
DP WORLD AUSTRALIA (HOLDING) PTY LIMITED,58147892715,558065959,,,2019-20
DR. OETKER QUEEN AUSTRALIA PTY LTD,92606358516,105703810,3968786,938383,2019-20
DRA GLOBAL LIMITED,75622581935,332859611,,,2019-20
DRAEGER AUSTRALIA PTY LTD,99098885539,118461612,3535141,1050914,2019-20
DRAKE AUSTRALIA PTY LTD,42004939771,136585522,,,2019-20
DSI HOLDINGS 2 AUSTRALIA PTY LIMITED,49151658785,429703728,40432368,11386264,2019-20
DSM NUTRITIONAL PRODUCTS AUSTRALIA PTY LIMITED,36000991793,179057528,5965679,931083,2019-20
DSV AIR AND SEA PTY LTD,47002275676,182102467,,,2019-20
DTZ AUS HOLDCO PTY LTD,36602106936,703931270,,,2019-20
DULUXGROUP LIMITED,42133404065,443300828,31453902,8685288,2019-20
DUPONT (AUSTRALIA) PTY LTD,59000716469,158240729,5901448,1770434,2019-20
DXC TECHNOLOGY AUSTRALIA HOLDINGS PTY LIMITED,33120570390,2626941907,,,2019-20
DYSON APPLIANCES (AUST.) PTY LIMITED,50073072509,455240613,18313625,5484100,2019-20
E SUN COMMERCIAL BANK LTD,60606234879,188867324,5989656,1796897,2019-20
E&P FINANCIAL GROUP LIMITED,54609913457,186855753,22326596,5994628,2019-20
EAGERS AUTOMOTIVE LIMITED,87009680013,4894272458,161030608,45806397,2019-20
EATON INDUSTRIES PTY LTD,66103014571,278678941,5600232,1680070,2019-20
ECLIPX GROUP LIMITED,85131557901,361897059,,,2019-20
ECOLAB PTY LTD,59000449990,439801873,17341505,4967057,2019-20
EDU HOLDINGS SPV PTY LTD,34143998127,194988027,5827263,1748179,2019-20
EFN (AUSTRALIA) PTY LIMITED,90607344650,356509423,,,2019-20
EFTPOS PAYMENTS AUSTRALIA LIMITED,37136180366,145255903,65175625,19552688,2019-20
EG GROUP AUSTRALIA PTY LTD,39629792810,3622079096,12253083,3675925,2019-20
EINHELL HOLDING AUSTRALIA PTY LTD,12163099885,160781837,17763362,5329009,2019-20
ELANCO AUSTRALIA HOLDING PTY LIMITED,24628673754,111729455,10088393,,2019-20
ELDERS LIMITED,34004336636,2021311056,11694921,,2019-20
ELECTRA CABLES (AUST) PTY LTD,38056024385,236210939,11290797,3387209,2019-20
ELECTRANET PTY LIMITED,41094482416,385429253,17289253,5186776,2019-20
ELECTRO OPTIC SYSTEMS HOLDINGS LTD,95092708364,165861362,32230736,9669221,2019-20
ELECTROLUX HOME PRODUCTS PTY LIMITED,51004762341,750476383,4075658,164256,2019-20
ELECTRONICS BOUTIQUE AUSTRALIA PTY LTD,50077681442,733548074,2276807,683042,2019-20
ELI LILLY AUSTRALIA PTY LIMITED,39000233992,201057695,52733767,9329929,2019-20
EMC AUSTRALIA PTY LIMITED,34143603123,610824659,24384594,7315378,2019-20
EMECO HOLDINGS LIMITED,89112188815,644687694,,,2019-20
EMERGENT COLD TOPCO PTY LTD,80622089909,282727000,,,2019-20
EMERSON PROCESS MANAGEMENT AUSTRALIA PTY LTD,99004590005,242778026,23233486,6965773,2019-20
EMIRATES LEISURE RETAIL (AUSTRALIA) PTY LTD,76131473679,1111472132,,,2019-20
EMPIRED LIMITED,81090503843,104290260,2573576,,2019-20
EMPLOYERS MUTUAL NSW LIMITED,52003201885,208569579,6860,2058,2019-20
EMPLOYSURE PTY LIMITED,40145676026,144275277,28997766,8699330,2019-20
EMR CAPITAL RF II GOLDEN GROVE LP,68938347066,482472680,153492967,46047890,2019-20
ENDEAVOUR GROUP LIMITED,77159767843,2466121071,123313034,36418013,2019-20
ENDEMOL SHINE AUSTRALIA HOLDINGS PTY LTD,94134845364,160293848,,,2019-20
ENERGIZER AUSTRALIA PTY LIMITED,91003539026,141883036,3716056,1087110,2019-20
ENERGY INFRASTRUCTURE INVESTMENTS PTY LIMITED,95104348852,101277103,,,2019-20
ENERGY INFRASTRUCTURE TRUST,23779151748,291086562,84930101,22856276,2019-20
ENERGY RESOURCES OF AUSTRALIA LTD,71008550865,238763692,,,2019-20
ENERGYAUSTRALIA HOLDINGS LIMITED,57101876135,7126173760,282968445,83355021,2019-20
ENERMECH PTY LTD,32136435062,274300647,,,2019-20
ENERSYS AUSTRALIA PTY LTD,52103740290,131343323,,,2019-20
ENERVEN ENERGY INFRASTRUCTURE PTY LTD,31621124909,296891474,12368727,3710618,2019-20
ENGIE SERVICES HOLDINGS PTY LTD,18615894794,153336413,,,2019-20
ENI AUSTRALIA B.V.,18092812023,198794340,,,2019-20
ENI JPDA 03-13 LIMITED,14054729930,134575099,,,2019-20
ENSCO AUSTRALIA PTY LTD,79100601634,215443588,3599143,1079743,2019-20
ENSHAM COAL SALES PTY LTD,13050411713,594990831,223911,67173,2019-20
ENSIGN (AUSTRALIA) HOLDINGS PTY LTD,71100195426,171465327,,,2019-20
EP2 MANAGEMENT PTY LTD,25149908289,118465679,2846846,854054,2019-20
EPIROC SOUTH PACIFIC HOLDINGS PTY LTD,87107374550,676930000,54621986,16386596,2019-20
EPSON AUSTRALIA PTY LTD,91002625783,205681172,6426566,1927970,2019-20
EQUIFAX AUSTRALIA HOLDINGS PTY LTD,37609497494,395956689,,,2019-20
EQUINIX AUSTRALIA PTY LTD,25092807264,325328497,30769896,9230969,2019-20
ERM POWER LIMITED,28122259223,1233534718,14510627,4353188,2019-20
ESRI-AUSTRALIA PTY LTD,16008852775,102357189,22788543,6770646,2019-20
ESSILOR AUSTRALIA PTY LTD,96002659458,103176568,,,2019-20
ESTEE LAUDER PTY LIMITED,63008444719,269177591,35386512,10615954,2019-20
ESTIA HEALTH LIMITED,37160986201,636908000,52213548,15664064,2019-20
ETHOS BEATHCHAPMAN AUSTRALIA PTY LTD,15628088451,121521326,,,2019-20
ETIHAD AIRWAYS PJSC,40123078688,393621932,,,2019-20
ETORO AUS CAPITAL PTY LTD,66612791803,122285070,,,2019-20
ETSA UTILITIES FINANCE PTY LTD,78091701825,137953647,,,2019-20
EUROPCAR HOLDING PTY LTD,72130750640,263785789,9286338,2782587,2019-20
EVAND PTY LTD,59072254007,361781235,28186711,8456013,2019-20
EVENT HOSPITALITY AND ENTERTAINMENT LIMITED,51000005103,491770719,,,2019-20
EVERGREEN GARDEN CARE AUSTRALIA HOLDINGS PTY LTD,18620606840,102740063,2759164,827749,2019-20
EVOLUTION MINING LTD,74084669036,1871671907,310810917,92296552,2019-20
EW PACIFIC PTY LTD,,333555066,12425340,3727602,2019-20
EXCLUSIVE NETWORKS PTY LTD,26102858542,120532445,4393099,1317930,2019-20
EXPEDIA AUSTRALIA PTY LTD,12101694946,167796588,505903,139758,2019-20
EXPEDITORS INTERNATIONAL PTY LIMITED,79003337282,136403396,16473358,4942007,2019-20
EXPRO HOLDINGS AUSTRALIA 1 PTY LTD,34132095517,622077852,212196,63659,2019-20
EXXONMOBIL AUSTRALIA PTY LTD,48091561198,15550170727,,,2019-20
EY RUBIX PTY LTD,34604477009,124682267,8719089,2615727,2019-20
FACEBOOK AUSTRALIA PTY LIMITED,83134012543,677465504,56834763,17050429,2019-20
FACTORY MUTUAL INSURANCE COMPANY,47163108861,334591067,8475071,2239752,2019-20
FAR EAST CONSORTIUM HOLDINGS (AUSTRALIA) PTY LTD,80062878880,282978812,,,2019-20
FCA AUSTRALIA PTY LIMITED,23125956505,477087800,19199403,5759821,2019-20
FCCD (AUSTRALIA) PTY LTD,16134182380,141476856,7347320,2204196,2019-20
FEDERAL EXPRESS (AUSTRALIA) PTY LTD,51624271487,2117852199,47927972,14341873,2019-20
FENNER (PACIFIC) PTY LIMITED,49000231532,388223868,35690773,10697918,2019-20
FERRARI AUSTRALASIA PTY LIMITED,90160706141,127427693,8299191,2489757,2019-20
FERRERO AUSTRALIA PTY LIMITED,29001249261,263574456,11811756,3114696,2019-20
FIELDCORE SERVICE SOLUTIONS INTERNATIONAL LLC,59487620706,111417108,,,2019-20
FIL INVESTMENT MANAGEMENT (AUSTRALIA) LIMITED,34006773575,114733848,,,2019-20
FINASUCRE INVESTMENTS (AUSTRALIA) PTY LIMITED,23062315593,258729787,,,2019-20
FINISAR AUSTRALIA PTY LTD,45098184582,235299017,41373424,2113180,2019-20
FIRCROFT AUSTRALIA PTY LTD,58100091245,209806128,9672521,2689034,2019-20
FIRST DATA RESOURCES INVESTMENTS PTY LTD,63057257771,158721531,,,2019-20
FIRST SENTIER INVESTORS HOLDINGS PTY LTD,49630725558,187954137,37698436,11309531,2019-20
FISHER & PAYKEL AUSTRALIA HOLDINGS LIMITED,19003659425,479704993,6500745,1870240,2019-20
FITBIT (AUSTRALIA) PTY LTD,37168857494,103377376,778310,233493,2019-20
FITZROY AUSTRALIA RESOURCES PTY LTD,14615772391,571913312,84303591,25291077,2019-20
FLEETWOOD CORPORATION LIMITED,69009205261,328890889,10639042,1413914,2019-20
FLETCHER BUILDING (AUSTRALIA) PTY LTD,11093539452,2626581266,,,2019-20
FLEXIGROUP LIMITED,75122574583,754819412,35705953,10426391,2019-20
FLIGHT CENTRE TRAVEL GROUP LIMITED,25003377188,1377627103,,,2019-20
FLORA GREEN PTY LTD,47608829214,6482506955,429657153,126499489,2019-20
FLSMIDTH PTY LTD,85000221590,372858182,29178237,7639185,2019-20
FLUIDRA HOLDINGS AUSTRALIA PTY LTD,11128458104,194582095,87962,26389,2019-20
FLUOR AUSTRALIA PTY LTD,28004511942,1580617167,,,2019-20
FMC AUSTRALASIA PTY LTD,45095326891,119968368,,,2019-20
FOOD INVESTMENTS PTY LIMITED,85008426177,2312809520,89890815,23981039,2019-20
FOOT LOCKER AUSTRALIA INC,22619093977,248128997,14704684,4411405,2019-20
FORD MOTOR COMPANY OF AUSTRALIA LTD,30004116223,3276831268,64831597,,2019-20
FORTESCUE METALS GROUP LIMITED,57002594872,17732781450,9832131025,2919008053,2019-20
FOXLEIGH COAL PTY LTD,24125986549,194672836,72617028,8899982,2019-20
FRASERS (FPA) PTY LIMITED,80131011026,150315885,50665960,15199788,2019-20
FRASERS PROPERTY AUSTRALIA PTY LIMITED,89600448726,611620332,,,2019-20
FREEDOM ENERGY HOLDINGS PTY LTD,24093243844,1478171699,1870511,561153,2019-20
FREEDOM FOODS GROUP LIMITED,41002814235,573304427,,,2019-20
FREQUENCY INFRASTRUCTURE AUSTRALIA HOLDINGS PTY LIMITED,27136262952,308127112,2685918,,2019-20
FRESENIUS KABI AUSTRALIA PTY LIMITED,39109383593,101601129,557110,166012,2019-20
FRESENIUS MEDICAL CARE AUSTRALIA PTY LIMITED,80067557877,189245062,6650264,1049522,2019-20
FRESENIUS MEDICAL CARE DAY HOSPITAL HOLDINGS PTY LTD,82615724000,175911967,16708939,5012682,2019-20
FREUDENBERG HOUSEHOLD PRODUCTS PTY LTD,99082274324,114315151,513214,153964,2019-20
FRIENDLY SOCIETY MEDICAL ASSOCIATION LIMITED,69088347602,283146351,,,2019-20
FRONIUS AUSTRALIA PTY LTD,65144615896,136938949,19323501,5796836,2019-20
FRUCOR SUNTORY AUSTRALIA PTY LIMITED,73060091536,292056325,16581934,4974580,2019-20
FUCHS LUBRICANTS (AUSTRALASIA) PTY LTD,88005681916,268901763,17266698,5179592,2019-20
FUGRO HOLDINGS (AUSTRALIA) PTY LTD,99003010099,218866627,,,2019-20
FUJI XEROX AUSTRALIA PTY. LTD,63000341819,939040513,104864829,31040586,2019-20
FUJIFILM HOLDINGS AUSTRALASIA PTY LIMITED,58008443892,217175939,6393659,1918098,2019-20
FUJITSU AUSTRALIA LIMITED,19001011427,884178863,35083671,8792108,2019-20
FUJITSU GENERAL (AUST) PTY LIMITED,55001229554,228542011,2796333,838900,2019-20
FULLERTON HEALTH AUSTRALIA PTY LTD,41164892924,124460845,,,2019-20
FULTON HOGAN AUSTRALIA PTY LTD,42135849115,2667988222,131929740,39321779,2019-20
FUTURE FUND INVESTMENT COMPANY NO. 1 PTY LTD,81130318188,198975853,49802471,13671459,2019-20
FUTURE FUND INVESTMENT COMPANY NO. 2 PTY LTD,90130788493,1544996899,530125988,149200689,2019-20
FUTURE FUND INVESTMENT COMPANY NO. 3 PTY LTD,40134338882,1609313868,418976349,41599955,2019-20
FUTURE FUND INVESTMENT COMPANY NO.4 PTY LTD,47134338908,1412198342,599683339,179905002,2019-20
FUTURE FUND INVESTMENT COMPANY NO.5 PTY LTD,51134338926,1396112452,1696968,,2019-20
G&W AUSTRALIA HOLDINGS LP,30124868215,411665863,17962537,5388761,2019-20
G.U.D. HOLDINGS LIMITED,99004400891,413133916,79176748,21739355,2019-20
G4S AUSTRALIA HOLDINGS PTY LTD,68128783602,285861053,12481649,3744495,2019-20
G8 EDUCATION LIMITED,95123828553,939750175,97545446,29263634,2019-20
GALAXY RESOURCES LTD,11071976442,104009625,,,2019-20
GALDERMA AUSTRALIA PTY LIMITED,12003976930,149178909,26902605,8070782,2019-20
GARMIN AUSTRALASIA PTY LIMITED,85129153448,193694413,7755598,2326679,2019-20
GARNET INTERNATIONAL RESOURCES PTY LTD,77081244715,146628548,66893539,19720994,2019-20
GARTNER AUSTRALASIA PTY LTD,69003708601,249797563,6627442,1978234,2019-20
GASCOYNE RESOURCES LIMITED,57139522900,171507395,,,2019-20
GATE GOURMET (HOLDINGS) PTY LIMITED,59004122892,266209954,8808333,2642500,2019-20
GE HEALTHCARE AUSTRALIA PTY LIMITED,32001408402,305590709,17016076,5104823,2019-20
GE POWER HOLDINGS AUSTRALIA PTY LTD,18143300985,178478178,,,2019-20
GEA PROCESS ENGINEERING PTY LTD,26000689618,116013655,4879989,1463997,2019-20
GENEA LIMITED,82002844448,118542864,,,2019-20
GENERAL ELECTRIC INTERNATIONAL INC,85002420751,922134145,43862836,13158851,2019-20
GENERAL MILLS HOLDING (AUSTRALIA) PTY LTD,50095075808,321771075,10910171,2979702,2019-20
GENERAL MOTORS HOLDEN AUSTRALIA PTY LTD,39603486844,1610579557,,,2019-20
GENERAL REINSURANCE AUSTRALIA LIMITED,16008427450,390665383,34947063,10439048,2019-20
GENESIS CARE PTY LIMITED,38137188464,483467508,7228094,,2019-20
GENESYS LABORATORIES AUSTRALASIA PTY LTD,80077375887,110446534,7680421,2304126,2019-20
GENWORTH MORTGAGE INSURANCE AUSTRALIA LIMITED,72154890730,465224727,174258576,50695082,2019-20
GEO GROUP AUSTRALASIA PTY LTD,79051914688,464481763,,,2019-20
GEODIS HOLDING AUSTRALIA PTY LTD,76001193193,406918288,9706642,2911993,2019-20
GERALDTON FISHERMEN'S CO-OPERATIVE LTD,52425663385,231816477,,,2019-20
GETINGE AUSTRALIA PTY LIMITED,67009673518,103673792,5560162,1668049,2019-20
GFN ASIA PACIFIC HOLDINGS PTY LTD,28620127791,135651457,,,2019-20
GIBSON'S LIMITED,23009476064,220674164,12212394,2990928,2019-20
GILEAD SCIENCES PTY LTD,71072611708,350534538,30684775,7074108,2019-20
GIVAUDAN AUSTRALIA PTY LIMITED,87000470280,106123731,3236813,592013,2019-20
GLAXOSMITHKLINE CONSUMER HEALTHCARE AUSTRALIA PTY LTD,68603310292,298172758,25651885,7695566,2019-20
GLAXOSMITHKLINE HOLDINGS PTY LTD,75000465878,1002292627,45974527,514972,2019-20
GLENCORE GRAIN HOLDINGS AUSTRALIA PTY LTD,81161229867,2452404225,30469878,9140963,2019-20
GLENCORE HOLDINGS PTY LIMITED,41104160689,1855381348,118626560,11862656,2019-20
GLENCORE INVESTMENT PTY LIMITED,67076513034,22340639825,2524202697,578788977,2019-20
GLOBAL BLUE CURRENCY CHOICE AUSTRALIA PTY LTD,43092237968,350598284,,,2019-20
GLOBAL SWITCH AUSTRALIA HOLDINGS PTY LTD,35138200049,135462946,9415765,2824730,2019-20
GLOBAL VALUE FUND LIMITED,90168653521,184654045,4287301,998481,2019-20
GLYNWED PACIFIC HOLDINGS PTY LTD,50008100703,512007539,3915775,1174732,2019-20
GOLD FIELDS AUSTRALIA PTY LTD,91098385285,1793414957,337930319,100690686,2019-20
GOLDEN POINT GROUP PTY LTD,45073531325,100260669,2825612,847684,2019-20
GOLDER ASSOCIATES PTY LTD,64006107857,251050554,20289618,2540269,2019-20
GOLDMAN SACHS HOLDINGS ANZ PTY LIMITED,27151154791,1819773791,163002272,45870085,2019-20
GOLDWIND AUSTRALIA PTY LIMITED,32140108390,309418549,,,2019-20
GOODMAN LIMITED,69000123071,550870991,8825382,2638121,2019-20
GOODYEAR AUSTRALIA PTY LTD,75000017489,848072733,,,2019-20
GOOGLE AUSTRALIA PTY LIMITED,33102417032,1249056795,225695058,56861890,2019-20
GOVE ALUMINIUM FINANCE LIMITED,45001860073,627260551,107296941,30409961,2019-20
GPC ASIA PACIFIC HOLDINGS PTY LTD,80162550978,1704452505,58951688,17032080,2019-20
GPT MANAGEMENT HOLDINGS LIMITED,67113510188,281600393,29604672,8881402,2019-20
GR ENGINEERING SERVICES LIMITED,12121542738,216606652,,,2019-20
GRAINCORP LIMITED,60057186035,5343130800,,,2019-20
GRAND HOTEL COMPANY PTY LTD,51073486003,108968375,1902296,570689,2019-20
GRANGE RESOURCES LIMITED,80009132405,440303486,98503810,29272548,2019-20
GRAPHIC PACKAGING INTERNATIONAL AUSTRALIA PTY LTD,22057776888,173564077,,,2019-20
GREATER BANK LIMITED,88087651956,272498225,36197444,10859233,2019-20
GREENLAND (AUSTRALIA) INVESTMENT PTY LIMITED,38163240408,136235414,,,2019-20
GREENLIT BRANDS PTY LIMITED,21612890874,1142333526,22064443,6619333,2019-20
GREENSTONE HOLDCO PTY LIMITED,38612810232,408919116,,,2019-20
GRIFFON AUSTRALIA HOLDINGS PTY LIMITED,35156377356,285455246,42882135,12864640,2019-20
GRINDING MEDIA PTY LTD,47615611759,409139104,60609118,,2019-20
GROCERY DELIVERY E SERVICES AUSTRALIA PTY LIMITED,19155437620,402750791,22754614,6826384,2019-20
GROOTE EYLANDT MINING COMPANY PTY LTD,26004618491,1714496691,575569657,172670897,2019-20
GROSNECCA AGRICULTURE HOLDINGS PTY LTD,70607142870,487686694,12973637,2661716,2019-20
GROUP ZARA AUSTRALIA PTY LTD,64089376349,326506684,24142741,7242822,2019-20
GRUNDFOS AUSTRALIA HOLDING PTY LTD,31162450259,148996694,,,2019-20
GS COAL HOLDINGS PTY LTD,56166342427,728626382,185398492,55323766,2019-20
GS GLOBAL AUSTRALIA PTY LIMITED,12003931548,114079088,769474,230842,2019-20
GUARDFORCE INVESTMENT HOLDINGS PTY LIMITED,46610494105,173486318,,,2019-20
GUARDIAN ALPHABET HOLDCO PTY LTD,54628455103,226521026,,,2019-20
GUCCI AUSTRALIA PTY LIMITED,49093354548,532181519,55762114,16728634,2019-20
GUILD GROUP HOLDINGS LIMITED,72060237774,237931906,9810135,2586910,2019-20
GWA GROUP LIMITED,15055964380,326129153,59586827,16655352,2019-20
H & M HENNES & MAURITZ PTY LTD,83160056548,344630252,8350182,2505055,2019-20
H & R BLOCK LIMITED,89064268800,116913186,4320066,1296020,2019-20
H.R.L. MORRISON & CO (AUSTRALIA) PTY LTD,39073922102,157513644,,,2019-20
HAFELE AUSTRALIA PTY LTD,51006021432,128117605,3895068,1168520,2019-20
HANCOCK QUEENSLAND PLANTATIONS PTY LTD,30142129342,258898584,,,2019-20
HANCOCK VICTORIAN PLANTATIONS HOLDINGS PTY LIMITED,16084801178,317534474,,,2019-20
HANKOOK TYRE AUSTRALIA PTY LTD,77082389704,114896391,1314953,394486,2019-20
HANNOVER LIFE RE OF AUSTRALASIA LTD,37062395484,1417091437,,,2019-20
HANNOVER RUECK SE AUSTRALIAN BRANCH,88002927031,808865621,42220164,10162598,2019-20
HANSON AUSTRALIA (HOLDINGS) PROPRIETARY LIMITED,48090994657,2082130358,171775857,43238596,2019-20
HARINA COMPANY LIMITED,46615332348,158252776,,,2019-20
HARLEY-DAVIDSON AUSTRALIA PTY LTD,83098483259,184510865,,,2019-20
HARVEY NORMAN HOLDINGS LTD,54003237545,1496808457,475572326,140939814,2019-20
HASBRO AUSTRALIA LIMITED,69004348565,154578591,3777719,1133316,2019-20
HATCHCOS HOLDINGS PTY LTD,35072620467,222599386,53646770,15709468,2019-20
HAWKER PACIFIC PTY LTD,94001540316,199351201,97925,29377,2019-20
HAYS SPECIALIST RECRUITMENT (AUSTRALIA) PTY LTD,47001407281,2890191717,88904819,26671446,2019-20
HBI HOLDINGS AUSTRALASIA PTY LTD,52612185476,1148498246,120430513,32237573,2019-20
HCL AUSTRALIA SERVICES PTY LIMITED,72081196983,402586269,17962982,5388895,2019-20
HDI GLOBAL SE AUSTRALIA BRANCH,55490279016,277927566,18136412,5440924,2019-20
HDI GLOBAL SPECIALTY SE AUSTRALIAN BRANCH,58129395544,195718875,,,2019-20
HEALIUS LIMITED,24064530516,1848828007,77249198,22929051,2019-20
HEALTHDIRECT AUSTRALIA LTD,28118291044,163843898,,,2019-20
HEINEMANN AUSTRALIA PTY LTD,36159521338,431947405,,,2019-20
HELLMANN WORLDWIDE LOGISTICS PTY LTD,13003199755,220630785,3510785,1053174,2019-20
HENKEL FINANCE AUSTRALIA,15740196765,373898908,21335644,6400693,2019-20
HENLEY PROPERTIES (QLD) PTY LTD,42068886000,267049363,3724267,1117280,2019-20
HENSLOW HOLDCO PTY LTD,89636392946,130233774,,,2019-20
HEP AUSTRALIA HOLDINGS PTY LTD,22129428155,207022753,25768335,7527072,2019-20
HERITAGE BANK LIMITED,32087652024,367321588,67074138,19670989,2019-20
HERMES AUSTRALIA PTY LTD,88003558085,174993024,52705840,15811752,2019-20
HERTZ INVESTMENT (HOLDINGS) PTY LTD,,413279779,30094960,9028488,2019-20
HEWLETT-PACKARD SOUTH PACIFIC PTY LTD,94121554489,670792048,3715696,1114709,2019-20
HEXION PTY LTD,32004271827,127029850,9188123,1808563,2019-20
HG HOLDCO PTY LTD,20603088606,533603739,70756128,21217244,2019-20
HI HOTEL HOLDINGS PTY LIMITED,23616129689,123920353,,,2019-20
HIGHLOW MARKETS PTY LTD,85143553628,258666082,142418643,42725593,2019-20
HILLGROVE RESOURCES LTD,73004297116,132555263,,,2019-20
HILLS LIMITED,35007573417,205932383,,,2019-20
HILLS PET NUTRITION PTY LIMITED,86003954550,113352372,3569368,1070810,2019-20
HILLSIDE (AUSTRALIA NEW MEDIA) PTY LIMITED,75148920665,147365220,,,2019-20
HILTI (AUST.) PTY LIMITED,44007602100,156145080,7241700,2172510,2019-20
HILTON FOODS AUSTRALIA PTY LTD,60613035500,165070540,10783501,3235050,2019-20
HINO MOTOR SALES AUSTRALIA PTY LTD,74064989724,395713065,5064064,1519219,2019-20
HISENSE AUSTRALIA PTY LTD,55105022080,314792133,6051168,1815350,2019-20
HITACHI AUSTRALIA PTY LIMITED,34075381332,196216750,5411025,1623308,2019-20
HITACHI CONSTRUCTION MACHINERY (AUSTRALIA) PTY LTD,62000080179,1265833605,124771516,35038257,2019-20
HITACHI CONSTRUCTION MACHINERY OCEANIA HOLDINGS PTY LTD,94632744275,288437911,127863819,10901336,2019-20
HITACHI RAIL STS AUSTRALIA PTY LTD,34068707380,166259621,26630244,7859166,2019-20
HMA INTERNATIONAL LTD,91615451502,101750217,14011623,4203487,2019-20
HNC (AUSTRALIA) RESOURCES HOLDING PTY LTD,23124647534,117773207,,,2019-20
HOCHTIEF AUSTRALIA HOLDINGS LIMITED,17103181675,370563890,527495780,,2019-20
HOLCIM PARTICIPATIONS (AUSTRALIA) PTY LTD,46122401405,1821793539,13285713,,2019-20
HOLLARD HOLDINGS AUSTRALIA PTY LTD,30154586802,2086288206,8988396,2284862,2019-20
HOMETOWN AUSTRALIA HOLDINGS PTY LTD,35614528746,185480667,,,2019-20
HONDA AUSTRALIA MOTORCYCLE AND POWER EQUIPMENT PTY LTD,96006662862,248934377,2121939,636582,2019-20
HONEYWELL HOLDINGS PTY LTD,18000383764,916275771,140347083,36301471,2019-20
HOOGWEGT AUSTRALIA PTY LTD,30075457902,165865193,2682320,804696,2019-20
HOPE DOWNS MARKETING COMPANY PTY LTD,58115712117,5698372091,,,2019-20
HOWDEN AUSTRALIA PTY LTD,15004265276,137590824,9017535,2461548,2019-20
HOWE AUTOMOTIVE LIMITED,43061589188,128942136,32502792,7927980,2019-20
HP FINANCIAL SERVICES (AUSTRALIA) PTY LTD,86082062413,151186115,18430124,5529037,2019-20
HSBC AUSTRALIA HOLDINGS PTY LIMITED,22006513873,1666751554,440915185,132274556,2019-20
HT&E LIMITED,95008637643,204380638,31310477,5711199,2019-20
HUAWEI TECHNOLOGIES (AUSTRALIA) PTY LIMITED,49103793380,659849696,19557383,5867215,2019-20
HUB24 LIMITED,87124891685,112060208,12740093,,2019-20
HUHTAMAKI HOLDINGS PTY LTD,13003519257,140515533,13612389,3285009,2019-20
HUHTAMAKI TAILORED PACKAGING PTY LTD,98625661216,130039495,5365393,1609618,2019-20
HUNTER DOUGLAS HOLDINGS LIMITED,47000238451,155286945,4604967,1381490,2019-20
HUSQVARNA AUSTRALIA PTY LIMITED,45115475619,160355306,5796420,1738926,2019-20
HVO SERVICES PTY LTD,97622522445,124139132,,,2019-20
HWR PETROLEUM PTY LTD,31621081990,264168499,3309522,992857,2019-20
HYDRO ALUMINIUM AUSTRALIA PTY LIMITED,42001872215,211290323,,,2019-20
HYSTER-YALE AUSTRALIA HOLDING PTY LTD,26101464073,190988206,,,2019-20
HYUNDAI MOTOR COMPANY AUSTRALIA PTY LTD,58008995588,2108670128,44856363,13456909,2019-20
IAN WEIGH MOTORS PTY LTD & WEIGH PROPERTY INVESTMENTS PTY LTD PROPERTY INVESTMENTS PTY LTD,90148491233,127064264,5198526,1559467,2019-20
IBM A/NZ HOLDINGS PTY LIMITED,12105319248,2904135583,131218848,15217469,2019-20
ICHTHYS LNG PTY LTD,42150217299,6378812227,,,2019-20
IDEMITSU AUSTRALIA RESOURCES PTY LTD,45010236272,1527227839,259608228,76080599,2019-20
IDEXX LABORATORIES PTY LTD,31063154352,108117919,14644159,4393248,2019-20
IDP EDUCATION LIMITED,59117676463,486643394,39890607,1507347,2019-20
IFF AUSTRALIA HOLDINGS PTY LTD,78098655335,113776279,13410749,3827975,2019-20
IFM SOCIAL INFRASTRUCTURE HOLDING TRUST,40337513753,247209380,37959181,9661106,2019-20
IGNITE LIMITED,43002724334,125133805,,,2019-20
IGO LIMITED,46092786304,889464011,,,2019-20
IGT (AUSTRALIA) PTY LTD,65002904690,144028552,18028782,,2019-20
IIF CAIRNS MACKAY INVESTMENT LIMITED,,124604540,,,2019-20
IKEA PTY LTD,84006270757,1552721431,28713359,8614008,2019-20
ILUKA RESOURCES LIMITED,34008675018,1046013597,410836338,117738193,2019-20
IMAGE HOLDCO PTY LIMITED,18623028740,893204792,37278644,7363687,2019-20
IMAGE RESOURCES NL,57063977579,146683570,,,2019-20
IMB LTD,92087651974,228927598,45053222,13515967,2019-20
IMCD AUSTRALASIA INVESTMENTS PTY LTD,89149016222,263158088,19578385,5865508,2019-20
IMDEX LIMITED,78008947813,188577814,12923131,,2019-20
IMMER (NO 141) PTY LTD,17002617745,808694676,8348462,2504539,2019-20
IMPERIAL TOBACCO AUSTRALIA LIMITED,46088148681,763744599,28346503,8503951,2019-20
INCHCAPE AUSTRALIA LIMITED,50050035277,1553303598,78696231,2117226,2019-20
INCITEC PIVOT LIMITED,42004080264,2594805067,44513566,,2019-20
INDORAMA VENTURES OXIDES AUSTRALIA PTY LTD,67083984187,201861633,,,2019-20
INDUSTRIAL AND COMMERCIAL BANK OF CHINA LIMITED,57086866506,1283783015,181752841,54473047,2019-20
INEX INDEPENDENT EXTRUSIONS LIMITED PARTNERSHIP,58515316810,102636604,2501831,750549,2019-20
INFIGEN ENERGY LIMITED,39105051616,248853981,,,2019-20
INFO MANAGEMENT SERVICES PTY LTD,88119821457,112204635,7225115,2102510,2019-20
INFOR (ANZ HOLDINGS) PTY LIMITED,45160838433,129389845,21710531,5309805,2019-20
INFOSYS TECHNOLOGIES LIMITED,52090591209,789871289,216118617,40441669,2019-20
ING AUSTRALIA HOLDINGS LIMITED,27008459596,3071409820,710339531,213101859,2019-20
ING BANK NV (SYDNEY BRANCH),32080178196,240742592,,,2019-20
INGENIA COMMUNITIES MANAGEMENT TRUST,99296784351,175718772,,,2019-20
INGENICO INTERNATIONAL (PACIFIC) PTY LTD,46003211514,132495536,13412002,3248734,2019-20
INGHAMS GROUP LIMITED,39162709506,2557141521,54567779,16306048,2019-20
INGRAM MICRO HOLDINGS (AUSTRALIA) PTY LTD,12112487322,2097537256,,,2019-20
INPEX ALPHA LTD,34003730756,230038028,12237,,2019-20
INPEX AUSTRALIA PTY LTD,79134715254,419812835,98090,,2019-20
INPEX HOLDINGS AUSTRALIA PTY LTD,61150217315,3820983365,25420,,2019-20
INPEX SAHUL LTD,28059844781,138790693,400,,2019-20
INSIGHT ENTERPRISES AUSTRALIA PTY LIMITED,47058645677,118341364,8995702,2689671,2019-20
INSURANCE AUSTRALIA GROUP LIMITED,60090739923,17041577587,121786647,,2019-20
INSURANCE AUSTRALIA LIMITED AAF NON-RESIDENT REINSURERS,,213213737,213213737,63964121,2019-20
INTEGRATED FOODS HOLDINGS PTY LTD,42603619692,1867032154,21428570,,2019-20
INTEGRIA HEALTHCARE (AUSTRALIA) PTY LTD,70096496212,209198254,581663,,2019-20
INTERFACE AUST HOLDINGS PTY LIMITED,68074804381,109940261,8422145,2343338,2019-20
INTERLINK ROADS PTY LIMITED,53003845430,109028312,70727862,21218359,2019-20
INTERNATIONAL APM GROUP PTY LTD,12618762977,407039872,8762930,2628879,2019-20
INTERNATIONAL POWER (AUSTRALIA) HOLDINGS PTY LTD,70105041209,1638123445,,,2019-20
INTERNATIONAL SOS (AUSTRALASIA) PTY LTD,83052247104,171226582,1318374,395512,2019-20
INTERNET SERVICES AUSTRALIA 1 PTY LTD,50152631082,422203058,,,2019-20
INTERPUBLIC AUSTRALIA HOLDINGS PTY LTD,20140379335,242044772,7219240,1983700,2019-20
INTERTEK AUSTRALIA HOLDINGS PTY LTD,74124892879,128647499,11214646,,2019-20
INVESTEC HOLDINGS AUSTRALIA LIMITED,49071292567,112090079,,,2019-20
INVOCARE LIMITED,42096437393,492746745,59773358,17665715,2019-20
IOOF HOLDINGS LTD,49100103722,1185725052,146868484,33948579,2019-20
IPH LIMITED,49169015838,268923304,47775705,13928780,2019-20
IQVIA SOLUTIONS AUSTRALIA HOLDINGS PTY LTD,42104475363,201607476,20018824,626721,2019-20
IRESS LIMITED,47060313359,315757238,50362488,14269550,2019-20
IRON MOUNTAIN ACQUISITION HOLDINGS PTY LTD,20608590521,208178276,,,2019-20
ISELECT LIMITED,48124302932,124834919,,,2019-20
ISUZU AUSTRALIA LIMITED,97006962572,652611444,3337246,1001174,2019-20
ISUZU UTE AUSTRALIA PTY LTD,80129563739,895232450,28243230,8472969,2019-20
ITI (NSW) PTY LIMITED,17003282755,128747030,7774935,2332480,2019-20
ITOCHU AUSTRALIA LIMITED,63000192790,3552465431,1573338334,330841976,2019-20
ITV STUDIOS AUSTRALIA PTY LIMITED,91088957706,138189139,8966051,483053,2019-20
IVE GROUP LIMITED,62606252644,677030084,28699890,8607361,2019-20
IX INFRASRUCTURE PTY LTD,78629750401,882407609,24226692,6828390,2019-20
J RAY MCDERMOTT (AUST) HOLDING PTY LTD,22002797668,252529195,1871909,,2019-20
J-POWER AUSTRALIA PTY. LTD.,59002307682,403264500,106809151,31615615,2019-20
J.P. MORGAN AUSTRALIA GROUP PTY LIMITED,54104888155,958527001,244900122,72433323,2019-20
JACOBS AUSTRALIA PTY LIMITED,12079749287,759934515,3241917,,2019-20
JADESTONE ENERGY (AUSTRALIA) PTY LTD,48613671819,460849723,200713964,60214189,2019-20
JAGUAR LAND ROVER AUSTRALIA PTY LTD,86004352238,836200748,21867956,6428379,2019-20
JAMES HARDIE RESEARCH (HOLDINGS) PTY LIMITED,51082944821,462588504,,,2019-20
JAN DE NUL (AUSTRALIA) PTY LTD,22011070474,118621868,11841668,3552500,2019-20
JANGHO HEALTH CARE AUSTRALIA PTY LTD,90608040802,138584383,5172938,343281,2019-20
JAPAN ALUMINA ASSOCIATES (AUSTRALIA) PTY LTD,42008907524,207732655,,,2019-20
JAPAN AUSTRALIA LNG (MIMI) PTY LTD,18006303180,1825569343,818935466,242996062,2019-20
JAPARA HEALTHCARE LIMITED,54168631052,430166272,3592172,1077652,2019-20
JAQUES INTERNATIONAL HOLDING PTY LTD,57004075978,325941064,29710827,8908432,2019-20
JARDINE LLOYD THOMPSON AUSTRALIA PTY LIMITED,24005279890,165432699,4128758,1102415,2019-20
JB HI-FI LIMITED,80093220136,7713215129,466309335,139892685,2019-20
JCDECAUX AUSTRALIA HOLDINGS PTY LTD,50627855323,448758843,34019821,10205946,2019-20
JD SPORTS FASHION HOLDINGS AUSTRALIA PTY LIMITED,15614248332,241536209,9866609,2959983,2019-20
JELD-WEN AUSTRALIA PTY LIMITED,62087012226,785415073,54238572,15383162,2019-20
JENNMAR AUSTRALIA PTY LTD,34078584531,159123284,7745349,1848244,2019-20
JERA AUSTRALIA PTY LTD,68140147048,117983941,14471766,,2019-20
JF HILLEBRAND AUSTRALIA PTY LTD,58079446905,129436366,4803429,1441029,2019-20
JFC AUSTRALIA CO PTY LTD,36003080260,178325485,2986613,895984,2019-20
JFE STEEL AUSTRALIA RESOURCES PTY LTD,77113447064,116229316,,,2019-20
JINKO SOLAR AUSTRALIA HOLDINGS CO. LTD,93154662889,165741715,,,2019-20
JKC AUSTRALIA LNG PTY LTD,14154383409,240506031,,,2019-20
JOHN SWIRE & SONS (AUSTRALIA) PTY LTD,54118028774,464657282,26049055,7814716,2019-20
JOHNSON & JOHNSON PTY LTD,29000023709,1407619321,175071393,47436406,2019-20
JOHNSON CONTROLS HOLDING AUSTRALIA PTY LIMITED,86102631158,253116057,,,2019-20
JOY GLOBAL AUSTRALIA HOLDING COMPANY PTY LTD,70059870058,640428304,18163934,5393931,2019-20
"JPMORGAN CHASE BANK, NATIONAL ASSOCIATION",43074112011,747036360,62501542,18750463,2019-20
JUNIPER NETWORKS AUSTRALIA PTY LIMITED,36091016312,155823652,8451971,2535591,2019-20
JUPITER MINES LIMITED,51105991740,111013665,,,2019-20
JUST EAT (ACQUISITIONS) PTY LIMITED,52605645547,114366116,,,2019-20
K&S CORPORATION LTD,67007561837,831738715,6232913,1719411,2019-20
KAEFER INTEGRATED SERVICES PTY LTD,83009046191,288118704,4066975,1220093,2019-20
KAJIMA AUSTRALIA PTY LTD,52604351966,1164010953,,,2019-20
KANSAI ELECTRIC POWER HOLDINGS AUSTRALIA PTY LTD,57601296226,287982127,82963425,,2019-20
KAPLAN AUSTRALIA HOLDINGS PTY LTD,30117261980,133439905,,,2019-20
KARARA MINING LIMITED,68070871831,941313106,,,2019-20
KATANA CAPITAL LIMITED,56116054301,116726773,729430,,2019-20
KATHMANDU PTY LTD,84007047547,465586857,40878448,11321384,2019-20
KAYAK SOFTWARE AUSTRALIA PTY LTD,16626512552,115623674,22841715,6852515,2019-20
KB FOOD COMPANY PTY LTD,16610219380,641487825,794582,238375,2019-20
KBR HOLDINGS PTY LTD,32093419277,377976954,4553849,1056613,2019-20
KEANE AUSTRALIA PTY LTD,97114227173,121759909,26122131,7836639,2019-20
KELLER AUSTRALIA PTY LIMITED,61081279932,297168439,,,2019-20
KELLOGG AUSTRALIA HOLDINGS PTY LTD,59102893952,448215941,44202275,10893043,2019-20
KELLY SERVICES AUSTRALIA PTY LTD,92608767979,146124073,,,2019-20
KEOLIS DOWNER PTY LTD,51165343680,1151369492,23238926,6971022,2019-20
KERRY INGREDIENTS AUSTRALIA PTY LTD,47072996895,227908215,13327389,3125417,2019-20
KESTREL COAL GROUP PTY LTD,70624655518,1074191370,,,2019-20
KEYSTONE FOODS PTY LIMITED,83077185481,160564956,4174404,1252321,2019-20
KFC ADCO LIMITED,22083047992,123798504,,,2019-20
KIA MOTORS AUSTRALIA PTY LTD,97110483353,1536303153,40396570,12118971,2019-20
KIMBERLY CLARK PACIFIC HOLDINGS PTY LIMITED,59095905294,896562227,,,2019-20
KIN POWER GROUP PTY LTD,18623522467,164125816,,,2019-20
KINETIC TCO PTY LTD,20601251067,283183462,,,2019-20
KINGSPAN HOLDINGS AUSTRALIA PTY LTD,81107982098,145132950,5919688,1775906,2019-20
KIRKLAND LAKE GOLD AUSTRALIA PTY LTD,30136505587,1286902262,818104153,243060703,2019-20
KJTC PTY LTD,53156406138,306727931,,,2019-20
KNAUF GYPSUM (AUSTRALIA) PTY LTD,82134378313,209120991,32524760,7814556,2019-20
KNIGHT FRANK AUSTRALIA HOLDINGS PTY LTD,28114923938,133536928,,,2019-20
KNORR-BREMSE AUSTRALIA PTY LTD,31092562671,236328475,13539502,3491493,2019-20
KOBELCO CONSTRUCTION MACHINERY AUSTRALIA PTY LIMITED,89097852296,133279829,5444385,1633316,2019-20
KOCH FERTILISER AUSTRALIA PTY LTD,44140582369,181777017,,,2019-20
KOGAN AUSTRALIA PTY LTD,53152570351,462275010,24919496,7475849,2019-20
KOGAS AUSTRALIA PTY LTD,42130065682,914288026,,,2019-20
KOMATSU MARKETING SUPPORT AUSTRALIA PTY LTD,63053514739,1996344168,110198532,33059560,2019-20
KONE HOLDINGS (AUSTRALIA) LIMITED,51003986436,588014060,27626412,8287924,2019-20
KONICA MINOLTA BUSINESS SOLUTIONS AUSTRALIA PTY LTD,50001065096,239630926,3704636,1111391,2019-20
KOPPERS AUSTRALIA HOLDING COMPANY PTY LTD,19104645301,243870786,43269212,12980764,2019-20
KORDIA PTY LIMITED,33062953940,106626603,,,2019-20
KORN FERRY (AU) PTY LTD,73001804799,102017021,4779047,1342508,2019-20
KRAFT HEINZ AUSTRALIA PTY LTD,64622234379,795761767,9246339,461001,2019-20
KUBOTA AUSTRALIA PTY LTD,72005300621,444045060,21034664,6310399,2019-20
KUEHNE & NAGEL PTY LTD,70000871607,558754397,41815553,12544666,2019-20
KUFPEC AUSTRALIA PTY LTD,42001800924,1287463063,,,2019-20
KUMHO TYRE AUSTRALIA PTY LTD,46003300678,112856822,2812166,843650,2019-20
KVD AUSTRALIA HOLDCO PTY LTD,83604747391,613825154,48568932,11429267,2019-20
KWIKFORM ACQUISITION HOLDINGS PTY LIMITED,43157779961,120853773,,,2019-20
KYOCERA DOCUMENT SOLUTIONS AUSTRALIA PTY LTD,77003852444,114904930,3177245,953174,2019-20
L1 LONG SHORT FUND LIMITED,47623418539,148434960,,,2019-20
L3 AUSTRALIA GROUP PTY LTD,47119831819,236177772,34683500,9192851,2019-20
LACTALIS AUSTRALIA FINANCE PTY LTD,17163435103,1880337137,17077093,5123128,2019-20
LAGARDERE SERVICES ASIA PACIFIC PTY LTD,77095961201,199682190,,,2019-20
LAING O'ROURKE AUSTRALIA PTY LIMITED,71111023431,1165081655,,,2019-20
LAKE WOOD HOLDINGS PTY LIMITED,83134351134,137817337,,,2019-20
LAMANNA PREMIER GROUP PTY LTD,87004843556,396528824,,,2019-20
LANCO RESOURCES AUSTRALIA PTY LTD,30147835452,121654084,,,2019-20
LANDBRIDGE ENERGY AUSTRALIA PTY LTD,39168060366,103768561,,,2019-20
LANDIS & GYR HOLDINGS PTY LTD,82098539587,113115108,,,2019-20
LANDPOWER AUSTRALIA PTY LTD,52005851801,143947645,3190493,957148,2019-20
LATROBE VALLEY POWER (HOLDINGS) PTY LTD,57621363102,619599966,193355393,58006618,2019-20
LAWRENCE AND HANSON GROUP PTY LTD,69080350812,916508628,,,2019-20
LAZARD ASSET MANAGEMENT PACIFIC CO,13064523619,157491957,30981199,9294360,2019-20
LB AUSTRALIA HOLDINGS PTY LTD,96165597482,420792243,18363664,5509099,2019-20
LEASEPLAN AUSTRALIA LIMITED,57006923011,578792411,27548801,8264640,2019-20
LEGO AUSTRALIA PTY LIMITED,42001540914,312657895,10852956,3255887,2019-20
LEGRAND GROUP PTY LIMITED,41000565739,142201626,7498063,822955,2019-20
LEI AUSTRALIA HOLDINGS PTY LIMITED,36133805820,260849294,101555,,2019-20
LEIDOS PTY LTD,12011071239,462662879,54063718,16219115,2019-20
LEMPRIERE (AUSTRALIA) PTY LTD,27004386841,283134815,948060,,2019-20
LENDLEASE CORPORATION LTD,32000226228,8153206566,,,2019-20
LENOVO (AUSTRALIA & NEW ZEALAND) PTY LIMITED,70112394411,928842611,28541320,8562396,2019-20
LENOVO GLOBAL TECHNOLOGY (AUSTRALIA & NEW ZEALAND) PTY LTD,90614012985,183078530,15143951,4543185,2019-20
LES CREUX AUSTRALIA PTY LTD,70147912187,145248240,10167727,3037566,2019-20
LG ELECTRONICS AUSTRALIA PTY LIMITED,98064531264,863254483,17653157,5295947,2019-20
LIBERTY FINANCIAL GROUP LIMITED,59125611574,279288918,54901710,16470513,2019-20
LIBERTY HOLDINGS AUSTRALIA LTD,16627011938,5401111289,,,2019-20
LIBERTY MUTUAL INSURANCE COMPANY,61086083605,312896948,2930789,879237,2019-20
LIBERTYTOWN AUSTRALIA PTY LTD,70128997526,127144396,55843,,2019-20
LIEBHERR-AUSTRALIA PTY LTD,65007970452,1001043497,94704371,28411311,2019-20
LIFE TECHNOLOGIES AUSTRALIA PTY LTD,89004669863,179762003,30254450,8861985,2019-20
LIFESTYLE COMMUNITIES LIMITED,11078675153,166695501,18150007,5445002,2019-20
LINDE MATERIAL HANDLING PTY LIMITED,62000768776,233435618,,,2019-20
LINDSAY AUSTRALIA LIMITED,81061642733,433980906,,,2019-20
LINDT & SPRUNGLI (AUSTRALIA) PTY LTD,43079224892,243071530,16453540,4936062,2019-20
LINK ADMINISTRATION HOLDINGS LIMITED,27120964098,1071424413,57015027,16759860,2019-20
LION PTY LIMITED,50128004268,3207571041,152425876,44118017,2019-20
LIVE ENTERTAINMENT HOLDINGS PTY LTD,,193968140,,,2019-20
LLOYD HELICOPTER SERVICES PTY LTD,45058277491,170385431,,,2019-20
LOCKHEED MARTIN AUSTRALIA PTY LIMITED,30008425509,696549578,41965714,12589714,2019-20
LOGISTIK PTY LTD,16150595421,133065638,2819194,845758,2019-20
LOREAL AUSTRALIA PTY LTD,40004191673,640253197,110878029,33263409,2019-20
LOSCAM HOLDINGS AUSTRALIA PTY LTD,46144845867,127371106,33840668,10111351,2019-20
LOTTE TRAVEL RETAIL AUSTRALIA PTY LTD,71628207367,206791647,1396335,418900,2019-20
LOUIS VUITTON AUSTRALIA PTY LTD,41005918678,468180395,30738076,9221423,2019-20
LOVISA HOLDINGS LIMITED,34602304503,159359745,5302677,,2019-20
LOYALTY PACIFIC PTY LTD,82057931334,333139848,,,2019-20
LPI (AUSTRALIA) HOLDINGS PTY LIMITED,81084042473,1348871375,54523416,16312302,2019-20
LSH AUTO (MELBOURNE) PTY LIMITED,77618554635,731197200,1169457,350837,2019-20
LSH AUTO (SYDNEY) PTY LTD,25604103915,105313413,1266665,380000,2019-20
LUBRIZOL INTERNATIONAL INC,52073495603,113559094,13523218,4056965,2019-20
LULULEMON ATHLETICA AUSTRALIA PTY LTD,45110186233,171934165,8759325,2627798,2019-20
LUXOTTICA SOUTH PACIFIC HOLDINGS PTY LIMITED,58104629772,808406054,61442531,18432759,2019-20
LUYE AUSTRALIA HOLDINGS PTY LTD,98609669472,922508916,1935244,433572,2019-20
LYCOPODIUM LIMITED,83098556159,175499028,14854828,3054920,2019-20
LYONDELLBASELL AUSTRALIA (HOLDINGS) PTY LTD,74066270237,317203488,30339514,8536275,2019-20
MACH ENERGY AUSTRALIA PTY LTD,34608495441,338228804,,,2019-20
MACKAY SUGAR LTD,12057463671,269763795,,,2019-20
MACMAHON HOLDINGS LIMITED,93007634406,900628491,5353136,680819,2019-20
MACQUARIE GROUP LIMITED,94122169279,11001299032,1979569698,459451906,2019-20
MACQUARIE TELECOM GROUP LIMITED,72056712228,266353660,22599564,6665812,2019-20
MACSTEEL INTERNATIONAL AUSTRALIA PTY LTD,94000904978,312200700,6544711,1963413,2019-20
MAGELLAN FINANCIAL GROUP LIMITED,59108437592,693952562,405022052,120992869,2019-20
MAINFREIGHT HOLDINGS PTY LTD,24084637605,851170684,46205192,13861558,2019-20
MAKITA (AUSTRALIA) PTY LIMITED,57001117335,321343919,8772948,2631884,2019-20
MALAYSIA AIRLINES BERHAD,29420085735,321685335,20347,6104,2019-20
MALTEUROP AUSTRALIA PTY LTD,48068420244,116370763,859453,257836,2019-20
MANPOWER SERVICES (AUSTRALIA) PTY LIMITED,15071884994,621754677,,,2019-20
MARCOPOLO AUSTRALIA HOLDINGS PTY LTD,23154692001,164369872,1751059,525318,2019-20
MARINE POWER INTERNATIONAL PTY LTD: AUSTRALIAN BRANCH,25003100007,109460062,1746638,523991,2019-20
MARMON CONSTRUCTION SERVICES (AUSTRALIA) HOLDINGS PTY LTD,38154626954,232293166,14043816,4213145,2019-20
MARQUIS MARKETING PTY LTD,76147689987,201801997,,,2019-20
MARRON GROUP HOLDINGS PTY LTD,71631941403,566383806,,,2019-20
MARS WRIGLEY AUSTRALIA HOLDINGS PTY LTD,68133509930,1675356641,101157613,26900951,2019-20
MARSH MERCER HOLDINGS (AUSTRALIA) PTY LTD,86097026812,975519160,159567753,46849187,2019-20
MARSH PTY LTD AS AGENTS FOR NON RESIDENT INSURERS,,101993212,101993212,30597964,2019-20
MARTIN-BROWER AUSTRALIA HOLDINGS PTY LTD,91156502251,1429828830,13120678,3936204,2019-20
MARUBENI AUSTRALIA LIMITED,53000329699,1608882389,463311522,51617018,2019-20
MARUBENI ITOCHU STEEL OCEANIA PTY LTD,78098025506,107544012,1625719,487716,2019-20
MARUBENI-ITOCHU TUBULARS OCEANIA PTY LTD,87077953827,174259609,13065154,3907339,2019-20
MASTERCARD AUSTRALIA HOLDING PTY LTD,83143337722,318281195,2009700,,2019-20
MASTERMYNE GROUP LIMITED,96142490579,297415125,15308260,4592365,2019-20
MATRAD PTY LTD,27011019088,148462170,,,2019-20
MATTEL PTY LTD,60000660962,108815826,645049,193515,2019-20
MAULES CREEK MARKETING PTY LTD,73140534256,127496755,,,2019-20
MAVEN DENTAL GROUP PTY LTD,80131333492,113203866,2230275,669082,2019-20
MAXIMUS AUSTRALIA HOLDING COMPANY PTY LTD,91608016128,215025843,11394703,2819697,2019-20
MAXITRANS INDUSTRIES LIMITED,58006797173,324988397,,,2019-20
MAYNE PHARMA GROUP LTD,76115832963,106746028,11570325,,2019-20
MAZDA AUSTRALIA PTY LTD,78004690804,2730358952,131204419,39242330,2019-20
MC RESOURCES AUSTRALIA PTY LTD,86142911233,353295937,4505615,,2019-20
MCCAIN FOODS (AUST) PTY LTD,96000629587,700774177,22192345,6646492,2019-20
MCCORMICK FOODS AUSTRALIA PTY LTD,62004763259,225717498,29082669,8724801,2019-20
MCDONALDS AUSTRALIAN PROPERTY CORPORATION,55002913555,1835886512,512505712,151613779,2019-20
MCKINSEY PACIFIC RIM INC,66055131443,436307633,3750081,1093754,2019-20
MCMILLAN SHAKESPEARE LIMITED,74107233983,416657777,79189732,23750808,2019-20
MCPHERSON'S LIMITED,98004068419,207699616,27553097,8233851,2019-20
MEARS GROUP PTY LTD,92149486500,269612294,,,2019-20
MEDIA INNOVATIONS HOLDINGS PTY LTD,21636073884,109440915,,,2019-20
MEDIBANK PRIVATE LIMITED,47080890259,6838424211,779625444,230956798,2019-20
MEDION AUSTRALIA PTY LIMITED,58106611330,164357527,24370578,7311173,2019-20
MEDLINE STELLAR AUSTRALIA PTY LTD,94149963226,155797302,3081794,905369,2019-20
MEDTRONIC AUSTRALASIA PTY LTD,47001162661,997451478,111012843,32268541,2019-20
MEIJI DAIRY AUSTRALASIA PTY LTD,34064273418,126478853,283350,85005,2019-20
MEMBERS EQUITY BANK LIMITED,56070887679,967508929,138258254,41477476,2019-20
MEMOCORP AUSTRALIA PTY LTD,57051213800,108163000,45495827,13648748,2019-20
MENZIES AVIATION HOLDINGS AUSTRALIA PTY LTD,18102031836,327222916,14691105,4407332,2019-20
MERCK HEALTHCARE PTY LTD,72006900830,133467602,15326393,4597918,2019-20
MERCK SHARP & DOHME (HOLDINGS) PTY LTD,57000235245,850899886,98958332,7117847,2019-20
MERIDIAN ENERGY AUSTRALIA PTY LIMITED,88143533322,431442517,,,2019-20
MERLIN ENTERTAINMENTS (AUSTRALIA) PTY LTD,51147624557,310627530,86878792,25822633,2019-20
MERRILL LYNCH (AUSTRALASIA) PTY LTD,72075923894,626600261,4603823,1381147,2019-20
METALS X LIMITED,25110150055,165601154,,,2019-20
METCASH LIMITED,32112073480,15938658512,242612493,70611975,2019-20
METECNO PTY LTD,44096402934,113015644,4644177,1393253,2019-20
METLIFE INSURANCE LIMITED,75004274882,928612233,16292241,4813083,2019-20
METRO MINING LIMITED,45117763443,219833457,,,2019-20
METRO TRAINS AUSTRALIA PTY LTD,88614061960,1965495390,41662837,12498851,2019-20
METRO TRAINS SYDNEY PTY LTD,54600820737,131390099,,,2019-20
METROLL PTY LTD,97001446439,124676276,3759609,1127883,2019-20
METROLL QUEENSLAND PTY LTD,17010035266,101156598,1089155,147144,2019-20
METROLL VICTORIA PTY LTD,60005505135,147253472,2816481,844944,2019-20
METSO AUSTRALIA LIMITED,99000197428,531334426,10552883,3161306,2019-20
MFF CAPITAL INVESTMENTS LIMITED,32121977884,463154652,406442656,118177129,2019-20
MFS INTERNATIONAL AUSTRALIA PTY LIMITED,68607579537,106689203,24881151,7464345,2019-20
MFS LOGISTICS PTY LIMITED,31125320658,171262062,1286512,385954,2019-20
MHG HOTEL HOLDING AUSTRALIA PTY LTD,49153049917,493287810,,,2019-20
MICHAEL HILL INTERNATIONAL LIMITED,25610937598,615802579,2031846,172494,2019-20
MICHAEL PAGE INTERNATIONAL (AUSTRALIA) PTY LTD,58002872264,198555165,6288414,1886524,2019-20
MICHELIN AUSTRALIA PTY LTD,84006761628,933752000,29694780,6400996,2019-20
MICRO FOCUS AUSTRALIA PTY LTD,73614548346,123933994,1056361,304825,2019-20
MICROSOFT DATACENTER (AUSTRALIA) PTY LIMITED,31163792078,900977896,49089142,14726743,2019-20
MICROSOFT PTY LTD,29002589460,4225259814,320370728,89221683,2019-20
MIDDLEMOUNT COAL PTY LTD,49122348412,515371360,,,2019-20
MIDWAY LTD,44005616044,229837458,,,2019-20
MIELE AUSTRALIA PTY LIMITED,96005635398,392500390,9116243,2734873,2019-20
MILLENNIUM SERVICES GROUP LIMITED,11607926787,267830918,,,2019-20
MILLER POHANG COAL COMPANY PTY LTD,99001588209,514717000,,,2019-20
MILTON CORPORATION LIMITED,18000041421,126787338,162004179,5286539,2019-20
MINERAL RESOURCES LIMITED,33118549910,3476598898,1738078495,521423548,2019-20
MINERVA FINANCIAL GROUP PTY LIMITED,43124171759,250104216,,,2019-20
MINGARA RECREATION CLUB LTD,81001662648,144611015,,,2019-20
MINIMED PTY LIMITED,39092459464,120213567,28638,8591,2019-20
MINJAR GOLD PTY LTD,15119514528,160487806,234381,70314,2019-20
MIPS INSURANCE PTY LTD,81089048359,101391101,,,2019-20
MIRVAC LIMITED,92003280699,1925028699,1585713,,2019-20
MITCHELL SERVICES LTD,31149206333,179542421,1522210,456663,2019-20
MITEK AUSTRALIA LTD,98004564587,121119941,49123859,14152886,2019-20
MITSUBISHI AUSTRALIA LTD,81004354278,152688472,,,2019-20
MITSUBISHI DEVELOPMENT PTY LTD,17009779873,7436255926,1981331722,589441454,2019-20
MITSUBISHI ELECTRIC AUSTRALIA PTY LTD,58001215792,420793999,16599367,4935809,2019-20
MITSUBISHI HEAVY INDUSTRIES AIR CONDITIONERS AUSTRALIA PTY LTD,92133980275,214610971,12379474,3678751,2019-20
MITSUBISHI MOTORS AUSTRALIA LIMITED,53007870395,2033304151,43733426,13120028,2019-20
MITSUI & CO. (AUSTRALIA) LTD,64004349795,7827887239,3385580323,587899005,2019-20
MITSUI MATUSHIMA INTERNATIONAL PTY LIMITED,72100874600,174755126,46149446,13844834,2019-20
MITSUI SUMITOMO INSURANCE COMPANY LTD,49000525637,160140027,,,2019-20
MITSUI-ITOCHU IRON PTY LTD,84008702761,1860753759,694832384,208449715,2019-20
"MIZUHO BANK, LTD (SYDNEY BRANCH)",83099031106,912764579,119620896,35886269,2019-20
MLC LIMITED,90000000402,1995473312,,,2019-20
MMA OFFSHORE LIMITED,21083185693,163191853,,,2019-20
MMG AUSTRALIA LIMITED,23004074962,946623300,56643102,,2019-20
MML HOLDINGS LIMITED,55084402380,2983129744,210786903,62862752,2019-20
MNF GROUP LIMITED,37118699853,157505079,18918828,4610964,2019-20
MOBIL PNG GAS HOLDINGS PTY LTD,35008633707,1155583333,3009216,902765,2019-20
MOBIS PARTS AUSTRALIA PTY LTD,34107778156,150481244,12403561,3721068,2019-20
MOELIS AUSTRALIA LIMITED,68142008428,158269530,53966027,16186075,2019-20
MOET HENNESSY AUSTRALIA PTY LIMITED,26104454604,304959981,13230564,3969169,2019-20
MOFFAT GROUP PTY LTD,92069691407,138966221,24732866,6887326,2019-20
MONADELPHOUS GROUP LIMITED,28008988547,1342840619,11069856,122275,2019-20
MONASH IVF GROUP LTD,90169302309,138267076,10159098,3047729,2019-20
MONDE NISSIN (AUSTRALIA) PTY LTD,25169518325,269129939,,,2019-20
MONDELEZ AUSTRALIA GROUP CO PTY LTD,53147371846,1444131171,60642414,16716142,2019-20
MONEY3 CORPORATION LIMITED,63117296143,111239294,43043113,12784596,2019-20
MOONSTONE ASSETS PTE. LTD.,,200131680,72899673,21869902,2019-20
MORGAN STANLEY AUSTRALIA FINANCE PTY LIMITED,84086080015,607962584,29727666,8918300,2019-20
MORPHIC ETHICAL EQUITIES FUND LIMITED,52617345123,119565238,4597730,1209506,2019-20
MORTGAGE CHOICE LIMITED,57009161979,175379891,19724608,5196748,2019-20
MOSAIC BRANDS LIMITED,96003321579,648710737,,,2019-20
MOTA INVESTMENTS PTY LTD,98158946144,195931818,13599035,4079710,2019-20
MOTORCYCLE HOLDINGS LIMITED,29150386995,369689198,19484884,5845465,2019-20
MOTOROLA SOLUTIONS AUSTRALIA PTY LTD,16004742312,378273242,8395329,2518599,2019-20
MOTORONE TOPCO PTY LTD,82613793472,185630084,189844,,2019-20
MOTT MACDONALD AUSTRALIA PTY LTD,13134120353,138815975,13802001,4140600,2019-20
MOTUS AUSTRALIA PTY LTD,79113527263,359730504,,,2019-20
MOUNT GIBSON IRON LIMITED,87008670817,470035734,,,2019-20
MP AUSTRALIA HOLDINGS PTY LTD,37156629211,254248130,,,2019-20
MPC KINETIC HOLDINGS LIMITED,68626678911,410229072,12865948,3420926,2019-20
MRFF INVESTMENT COMPANY NO.2 PTY LTD,50610668785,116057120,32559321,7932736,2019-20
MTR CORPORATION (SYDNEY) NRT PTY LTD,57166934121,106738894,19438729,5831619,2019-20
MTR CORPORATION (SYDNEY) SMCSW PTY LTD,53615158122,193700021,61520932,18456280,2019-20
"MUFG BANK, LTD.",75103418882,1049108031,,,2019-20
MULPHA AUSTRALIA LIMITED,44002888039,396527847,9616138,2572347,2019-20
MULTI MARKET SERVICES AUSTRALIA HOLDINGS PTY LTD,50000026228,349850129,42641009,12789579,2019-20
MULTI-COLOR AUSTRALIA HOLDINGS PTY LTD,28129274719,103505545,3389822,1016947,2019-20
MUNCHENER RUCKVERSICHERUNGS GESELLSCHAFT,90009763526,1473401569,22404224,,2019-20
MUNDIPHARMA PTY LIMITED,87081322509,179024576,18152364,5445709,2019-20
MUNICH HOLDINGS OF AUSTRALASIA PTY LTD,80000159651,1746500879,,,2019-20
MURRAY & ROBERTS PTY LTD,33105617865,872000755,,,2019-20
MURRAY ENGINEERING PTY LTD,21119603655,105419949,1207646,362294,2019-20
MYER HOLDINGS LIMITED,14119085602,2279710746,,,2019-20
MYLAN AUSTRALIA HOLDING PTY LTD,52127537302,601828268,,,2019-20
MYLAN HEALTH PTY LTD,29601608771,173583693,12035957,3610787,2019-20
MYOB GROUP CO PTY LTD,23630725825,288218362,,,2019-20
MYOB GROUP PTY LTD,61153094958,126085978,21515321,3531124,2019-20
MYSALE GROUP PLC,53602567546,141494461,,,2019-20
MYSTATE LIMITED,26133623962,218286595,47676803,14303041,2019-20
NAMOI COTTON LIMTIED,76010485588,289115309,,,2019-20
NANDO'S AUSTRALIA PTY LTD,20079066407,216850120,,,2019-20
NAOS EX-50 OPPORTUNITIES COMPANY LIMITED,49169448837,103298522,,,2019-20
NASDAQ AUSTRALIA HOLDINGS PTY LTD,15145262371,178399468,70491162,20913413,2019-20
NATIONAL AUSTRALIA BANK LIMITED,12004044937,35197527514,5875601871,1753077501,2019-20
NATIONAL ROADS & MOTORISTS ASSOCIATION LIMITED,77000010506,662674198,20318337,3099199,2019-20
NATIONAL STORAGE HOLDINGS LIMITED,38166572845,175093100,,,2019-20
NATIONAL TYRE & WHEEL LTD,97095843020,133231996,10111745,3024049,2019-20
NATURA BRAZIL PTY LTD,41162093030,214882891,27312146,2797632,2019-20
NAVAL SHIP MANAGEMENT (AUSTRALIA) PTY LTD,56158512157,180201315,14207316,4262195,2019-20
NBN CO LIMITED,86136533741,3881582698,,,2019-20
NCR AUSTRALIA PTY LTD,61000003592,217139297,11451200,3424552,2019-20
NEARMAP LTD,37083702907,100288269,18942306,,2019-20
NEC AUSTRALIA PTY LTD,86001217527,417954344,,,2019-20
NEMO (BC) HOLDCO PTY LTD,13614209880,181612703,,,2019-20
NEP-GTV HOLDCO PTY LTD,34167517660,172324838,,,2019-20
NESTLE AUSTRALIA LIMITED,77000011316,2270924998,200886838,40958838,2019-20
NETAPP AUSTRALIA PTY LTD,14092499431,235866134,1946491,583947,2019-20
NETGEAR AUSTRALIA PTY LTD,17131554366,109661026,3158435,947530,2019-20
NETWEALTH GROUP LIMITED,84620145404,125501703,60401938,18106600,2019-20
NEW CENTENARY PTY LTD,21168183864,265522481,10846732,3254020,2019-20
NEW CENTURY RESOURCES LTD,53142165080,188515284,,,2019-20
NEW FORESTS PTY LIMITED,76114145274,212466286,130451566,39135470,2019-20
NEW HOPE CORPORATION LIMITED,38010653844,1087882992,15918417,4378577,2019-20
NEW ZEALAND MILK (AUSTRALASIA) PTY LTD,23003502654,1934322677,,,2019-20
NEWCASTLE PERMANENT BUILDING SOCIETY LIMITED,96087651992,392365096,47271433,14181430,2019-20
NEWCREST MINING LIMITED,20005683625,4129364247,624566142,184301440,2019-20
NEWFURN FLOOR COVERINGS LTD,63004650668,171225432,,,2019-20
NEWGEN KWINANA HOLDINGS PTY LTD,68116576955,174065018,12426223,3727867,2019-20
NEWMONT AUSTRALIA PTY LTD,95099040507,2682762689,546202110,161517055,2019-20
NEWS AUSTRALIA HOLDINGS PTY LIMITED,32105197028,1734704343,,,2019-20
NEXANS AUSTRALIA HOLDING PTY LTD,52122486195,397296938,,,2019-20
NEXTDC LIMITED,35143582521,205728670,,,2019-20
NEXUS DAY HOSPITALS HOLDINGS PTY LTD,75165809101,123480250,7838139,2351442,2019-20
NH FOODS AUSTRALIA PTY LTD,87001548401,1016015318,,,2019-20
NIB HOLDINGS LIMITED,51125633856,2360301353,229801127,68111308,2019-20
NICK SCALI LIMITED,82000403896,261440331,60239488,18060594,2019-20
NIKE AUSTRALIA PTY LTD,99055141743,517704093,32575012,9772504,2019-20
NINE ENTERTAINMENT CO. HOLDINGS LIMITED,60122203892,2390153530,217944256,52588356,2019-20
NINTENDO AUSTRALIA PTY LIMITED,43060566083,369734868,25372273,7611682,2019-20
NIPPON STEEL AUSTRALIA PTY. LIMITED,64001445049,1371062889,905476312,270466085,2019-20
NISSAN MOTOR CO (AUSTRALIA) PTY LTD,54004663156,2117205979,68870894,18993327,2019-20
NOBLEOAK LIFE LIMITED,85087648708,175881375,13047615,3914284,2019-20
NOKIA SOLUTIONS AND NETWORKS AUSTRALIA PTY LTD,74122172365,693799294,5211289,1563387,2019-20
NOMURA RESEARCH INSTITUTE AUSTRALIA PTY LTD,40621613385,421369044,18388348,4969699,2019-20
NORCO,17009717417,684443000,97862,29359,2019-20
NORITZ AUSTRALIA PTY LTD,71603048308,110947859,3042600,912780,2019-20
NORMET ASIA PACIFIC PTY LTD,73119159625,104517534,1827682,548305,2019-20
NORSKE SKOG INDUSTRIES AUSTRALIA LIMITED,50003902985,455950549,,,2019-20
NORTH QUEENSLAND BULK PORTS CORPORATION,36136880218,115156878,34270984,10099728,2019-20
NORTHERN CO-OPERATIVE MEAT COMPANY LTD,42060208366,196502928,,,2019-20
NORTHERN STAR RESOURCES LTD,43092832892,1611914537,186170841,55725022,2019-20
NORTHROP GRUMMAN AUSTRALIA PTY LIMITED,78156458981,316672439,7721825,,2019-20
NORTON GOLD FIELDS PTY LTD,23112287797,367399083,63618718,9509164,2019-20
NOTE PRINTING AUSTRALIA LIMITED,86082630671,124283592,5959249,,2019-20
NOV AUSTRALIA PTY LTD,77004449478,117680287,,,2019-20
NOVA EYE MEDICAL LIMITED,15007702927,112300802,49502559,8852163,2019-20
NOVARTIS AUSTRALIA PTY LIMITED,81004371224,1031996848,104630631,23796681,2019-20
NOVO NORDISK PHARMACEUTICALS PTY LIMITED,40002879996,244403821,11733948,2569147,2019-20
NRW HOLDINGS LTD,95118300217,2011915760,,,2019-20
NSC (AUSTRALIA) PTY LTD,71607111268,283923068,29804690,8915001,2019-20
NTI LIMITED,84000746109,114148699,6292486,1887746,2019-20
NTT AUSTRALIA PTY LTD,65003371239,1503292683,,,2019-20
NTT AUSTRALIA SOLUTIONS PTY LTD,35081031432,209390339,,,2019-20
NUFARM LIMITED,37091323312,1476192924,,,2019-20
NUTRICIA AUSTRALIA PTY LTD,99076246752,713208426,77906592,23371978,2019-20
NXE AUSTRALIA PTY LIMITED,85625190990,2764510734,,,2019-20
NYRSTAR HOBART PTY LTD,49124818113,420797119,,,2019-20
NYRSTAR PORT PIRIE PTY LTD,31008046428,723170804,57396276,11510963,2019-20
OAKBRIDGE PTY LIMITED,67000230419,1453444420,451721744,133465730,2019-20
OFFICEMAX INTERNATIONAL PTY LTD,78073257379,190627633,,,2019-20
OFFSHORE REINSURER (BERMUDA) COMPANY LIMITED,68977393511,1049368982,461908,138572,2019-20
OJI OCEANIA MANAGEMENT (AUS) PTY LTD,52169111362,136784388,,,2019-20
OKR TECHNICAL SERVICES AUSTRALIA PTY LTD,52612348222,234615987,,,2019-20
OLAM INVESTMENTS AUSTRALIA PTY LTD,17124391920,147447047,1949653,363024,2019-20
OLAM ORCHARDS AUSTRALIA PTY LTD,15139442532,942601483,336959468,100162345,2019-20
OLYMPUS AUSTRALIA PTY LTD,90078493295,201639450,15932699,4779810,2019-20
OM (MANGANESE) LTD,60097091506,140692853,1055619,316686,2019-20
OMNI BRIDGEWAY LIMITED,45067298088,114669650,,,2019-20
OMNICOM MEDIA GROUP AUSTRALIA PTY LTD,74129754883,272781496,31043353,9311883,2019-20
OMYA AUSTRALIA PTY LIMITED,97001682533,115463320,10146402,3043921,2019-20
ONE DIVERSIFIED PTY LTD,22632586844,106894112,3345441,1003632,2019-20
ONE STOP WAREHOUSE PTY LTD,46161849323,348382211,9003191,2700957,2019-20
ONESUBSEA AUSTRALIA HOLDINGS PTY LTD,82162438333,145042256,6789145,2036743,2019-20
ONLINE EDUCATION SERVICES PTY LTD,75148177959,134451869,33556934,10067080,2019-20
ONSITE RENTAL GROUP LIMITED,42126396852,247905404,,,2019-20
ONTEX MANUFACTURING PTY LTD,16145822528,169056756,4085858,1225757,2019-20
OOH!MEDIA LIMITED,69602195380,595610322,58294420,17488326,2019-20
OPIC AUSTRALIA PTY LTD,66008603487,234341356,,,2019-20
OPTEON GROUP HOLDINGS LIMITED,20616574755,106619687,18944629,5682893,2019-20
OPTIVER AUSTRALIA HOLDINGS PTY LIMITED,35077364286,550513022,26278305,4365020,2019-20
ORICA LIMITED,24004145868,2820302654,86794797,,2019-20
ORICA MINING SERVICES PILABRA PTY LTD,65158151369,174025064,,,2019-20
ORIENTAL MERCHANT PTY LTD,34007368925,285696720,18413370,5524011,2019-20
ORIGIN ENERGY LIMITED,30000051696,14460326251,,,2019-20
ORIX AUSTRALIA CORPORATION LIMITED,79002992681,293664803,4087219,1226166,2019-20
ORORA LIMITED,55004275165,1978653331,262016924,74498068,2019-20
OSAKA GAS AUSTRALIA PTY LTD,49093246381,231475123,,,2019-20
OSIRIS HOLDINGS PTY LIMITED,29168919391,2292713292,,,2019-20
OUR VACATION CENTRE PTY LTD,54105542176,171243416,1763446,529034,2019-20
OUTOTEC PTY LTD,74003491165,301546027,5830091,711915,2019-20
OVATO LIMITED,39050148644,469866819,,,2019-20
OVERSEA-CHINESE BANKING CORPORATION LIMITED,94073598035,358912972,119188061,35756418,2019-20
OWENS-ILLINOIS HOLDING (AUSTRALIA) PTY LTD,30002060059,722492382,,,2019-20
OZ GROUP CO-OP LIMITED,73482255177,206244485,885492,265648,2019-20
OZ MINERALS LIMITED,40005482824,1068642371,147611009,44283303,2019-20
OZGEN HOLDINGS AUSTRALIA PTY LTD,34128655096,456179791,8030865,2409260,2019-20
PACCAR AUSTRALIA PTY LTD,43004669667,960866000,108860453,31982951,2019-20
PACIFIC ASIA EXPRESS PTY LTD,65051866409,211512174,1232248,369674,2019-20
PACIFIC INVEST DECEMBER 2004 PTY LTD,58112150973,816436561,20286763,6083686,2019-20
PACIFIC LIFE RE (AUSTRALIA) PTY LTD,91601822431,916011137,,,2019-20
PACIFIC SMILES GROUP LTD,42103087449,129952308,14841406,4452422,2019-20
PACT GROUP HOLDINGS LIMITED,55145989644,1712750079,35604185,10418240,2019-20
PADDY POWER AUSTRALIA PTY LTD,83133081491,831352499,110457131,27927712,2019-20
PALO ALTO NETWORKS (AUSTRALIA) PTY LTD,43160218379,112532663,,,2019-20
PAMIERS PTY LIMITED,57010650236,155173052,167091935,50020382,2019-20
PANASONIC AUSTRALIA PTY LIMITED,83001592187,331936018,12577796,3773339,2019-20
PANAUST LIMITED,17011065160,291237419,,,2019-20
PANDROL AUSTRALIA PTY LIMITED,90000061227,135896609,18268337,5368084,2019-20
PAPER AUSTRALIA PTY LTD,63061583533,745454304,,,2019-20
PAPUAN OIL SEARCH LIMITED,62000251025,259601887,7065818,2019587,2019-20
PARAGON CARE LIMITED,76064551426,194943752,,,2019-20
PARK FREIGHT INTERNATIONAL PTY LTD,84001954203,160985370,1850786,555236,2019-20
PARK24 AUSTRALIA PTY LTD,58616101341,213088762,,,2019-20
PARKER HANNIFIN AUSTRALIA HOLDING PTY LIMITED,61117010107,347720388,25831125,7499410,2019-20
PASTEL HOLDINGS PTY LTD,33168929566,462903184,20893341,6268002,2019-20
PAYPAL AUSTRALIA PTY LTD,93111195389,695273063,30890977,9267293,2019-20
PE WHEATSTONE PTY LTD,53158341612,692552436,,,2019-20
PEABODY AUSTRALIA HOLDCO PTY LTD,61154820130,2939750714,77646998,,2019-20
PEARL HOTELS C 2013 PTY LIMITED,27165640853,109101682,,,2019-20
PEARSON AUSTRALIA HOLDINGS PTY LTD,62103243858,248892825,18351361,5386726,2019-20
PEET LIMITED,56008665834,168139148,15933224,4395548,2019-20
PELICAN ACQUISITION COMPANY PTY LTD,94146841027,313226315,16389031,4916709,2019-20
PENDAL GROUP LIMITED,28126385822,341692189,51933553,15366562,2019-20
PENGUIN RANDOM HOUSE AUSTRALIA PTY LTD,28004815703,173726526,,,2019-20
PENRITH RUGBY LEAGUE CLUB LTD,57000578398,103773181,,,2019-20
PENSKE TRANSPORTATION GROUP INTERNATIONAL PTY LTD,42164850355,658633051,28566184,8147390,2019-20
PENTAL LIMITED,29091035353,189085612,9295291,2780972,2019-20
PEOPLE INFRASTRUCTURE LTD,39615173076,367428379,18122155,5436646,2019-20
PEPPER GROUP PTY LIMITED,55094317665,965105889,31629043,9225552,2019-20
PEPSICO FOODS GROUP PTY LIMITED,71122527137,1358168890,62736727,18821018,2019-20
PERENTI GLOBAL LIMITED,95009211474,1133747828,,,2019-20
PERILYA LIMITED,85009193695,359113874,,,2019-20
PERNOD RICARD PACIFIC HOLDING PTY LTD,16003678484,577872878,,,2019-20
PERPETUAL LIMITED,86000431827,484968264,133843613,39763119,2019-20
PERSOL AUSTRALIA HOLDINGS PTY LTD,58620794130,2360913440,4315856,1294757,2019-20
PERTH ENERGY HOLDINGS PTY LTD,20611228221,108236696,,,2019-20
PET CARE HOLDINGS AUSTRALIA PTY LTD,77000060364,6947269634,190939857,57221037,2019-20
PETRO DIAMOND AUSTRALIA PTY LTD,66155097242,303491977,,,2019-20
PETRO NATIONAL PTY LIMITED,83606401325,423748877,1696671,509001,2019-20
PETROCHINA INTERNATIONAL (AUSTRALIA) PTY LTD,67618641697,906988502,1367407,410222,2019-20
PETROLEUM HELICOPTERS AUSTRALIA PTY LTD,48154419628,101387259,,,2019-20
PETRONAS AUSTRALIA PTY LIMITED,25064998867,1126436779,,,2019-20
PFG PROPERTIES PTY LTD,93100371220,132272532,8584634,2575390,2019-20
PFG TOPCO 1 PTY LTD,35604317875,1012718077,45268256,13580477,2019-20
PFIZER AUSTRALIA INVESTMENTS PTY LTD,86146429138,1113956059,101393564,30418069,2019-20
PHILIP MORRIS (AUSTRALIA) LIMITED,68004316901,3400839815,183194728,54958418,2019-20
PHILIPS ELECTRONICS AUSTRALIA LIMITED,24008445743,479898310,16012516,4803755,2019-20
PIMCO AUSTRALIA PTY LIMITED,54084280508,131319540,58209868,17462960,2019-20
PINDAN CONTRACTING PTY LTD,51120076360,172876105,2981310,894393,2019-20
PINDAN GROUP PTY LTD,90611922386,140321865,,,2019-20
PIONEER SAIL HOLDINGS PTY LTD,45617844569,4196143440,384388269,89828105,2019-20
PIPEMAKERS AUSTRALIA PTY LTD,76061712365,163752027,3704247,1111274,2019-20
PIRELLI TYRES AUSTRALIA PTY LTD,63001784014,121673979,3855333,1156165,2019-20
PLATINUM ASIA INVESTMENTS LIMITED,13606647358,168324061,33410911,9613700,2019-20
PLATINUM ASSET MANAGEMENT LIMITED,13050064287,296507377,212812490,63293580,2019-20
PLATINUM CAPITAL LIMITED,51063975431,169295166,24817599,6355007,2019-20
PLATINUM OPERATIONS PTY LTD,66140741153,168441862,5613573,1684072,2019-20
PLUMBERS SUPPLIES CO-OPERATIVE LIMITED,55053236436,131970199,,,2019-20
POLICE & NURSES LIMITED,69087651876,200345640,17597832,5086420,2019-20
POLLY HOLDCO PTY LTD,58627160794,133753426,9474221,2842266,2019-20
POLYAIRE HOLDINGS PTY LIMITED,59007766369,131355411,4520912,1356274,2019-20
PON HOLDING AUSTRALIA PTY LTD,67164517104,159428575,,,2019-20
PORSCHE CARS AUSTRALIA PTY LTD,67004327048,641610372,27524401,8257320,2019-20
PORT WARATAH COAL SERVICES LIMITED,99001363828,341267292,54921354,15985283,2019-20
POSCO AUSTRALIA PTY LTD,54002062160,206935381,75177326,16694849,2019-20
POWERCHINA AUSTRALIA DEVELOPMENT PTY LTD,79602627592,179385525,,,2019-20
PPG INDUSTRIES AUSTRALIA PTY LTD,82055500939,513913130,61032319,18041410,2019-20
PREMIER COAL HOLDINGS PTY LTD,89158560911,449966878,,,2019-20
PREMIER INVESTMENTS LIMITED,64006727966,1039547117,189593951,52586204,2019-20
PREMIUM FLOORS AUSTRALIA PTY LTD,15152867984,377617049,2369660,,2019-20
PRESTIGE AUTO TRADERS AUSTRALIA PTY LTD,11105105771,245277443,5123756,1537127,2019-20
PRIMAPLAS PTY LIMITED,94003720474,213671430,7783775,2329333,2019-20
PRIME MEDIA GROUP LIMITED,97000764867,163688461,12427516,3728255,2019-20
PRIMERO GROUP LTD,96149964045,199054464,4092016,1210319,2019-20
PRIXCAR SERVICES PTY LTD,42007063505,106441456,,,2019-20
PRIXCAR TRANSPORT SERVICES PTY LTD,18158361721,125570136,,,2019-20
PROBUILD CONSTRUCTIONS (AUST) PTY LTD,93095250945,1607038465,4914713,527512,2019-20
PROCTER & GAMBLE AUSTRALIA PTY LIMITED,91008396245,563728397,9685082,2876365,2019-20
PROJECT QUILL I PTY LTD,41617774017,893668991,,,2019-20
PROJECT SUNSHINE I PTY LTD,13167275818,373638691,137668033,40378232,2019-20
PROSEGUR AUSTRALIA HOLDINGS PTY LIMITED,44166656739,111525580,,,2019-20
PROSPA GROUP LIMITED,13625648722,140447979,,,2019-20
PROSSER (2015) PTY LTD,43606139164,200400279,1176647,352994,2019-20
PROUDS JEWELLERS PTY LIMITED,99073053273,544477936,39122747,11736824,2019-20
PRUDENTIAL INVESTMENT COMPANY OF AUSTRALIA PTY LIMITED AUSTRALIA PTY LIMITED,84004266817,112150541,11845435,3553630,2019-20
PRYSMIAN AUSTRALIA PTY LIMITED,36096594080,586541027,20685371,4491022,2019-20
PSC INSURANCE GROUP LIMITED,81147812164,107819138,30088014,8608564,2019-20
PUMA AUSTRALIA PTY LTD,52050539501,107061549,,,2019-20
PUMA ENERGY (AUSTRALIA) ASSETS HOLDINGS PTY LTD,24167119020,334299525,,,2019-20
PVH BRANDS AUSTRALIA PTY LIMITED,15165485290,123594117,,,2019-20
PZ CUSSONS (HOLDINGS) PTY LTD,19000327873,174167815,7584114,2275234,2019-20
QANTAS AIRWAYS LIMITED,16009661901,13872571912,,,2019-20
QANTM INTELLECTUAL PROPERTY LTD,43612441326,113377191,16346880,4904064,2019-20
QATAR AIRWAYS GROUP (Q.C.S.C),18105742916,579185089,,,2019-20
QBE INSURANCE GROUP LIMITED,28008485014,6953137977,439101453,103969171,2019-20
QENOS HOLDINGS PTY LTD,62086026968,714747689,,,2019-20
QGC UPSTREAM HOLDINGS PTY LTD,76130856843,4601955763,,,2019-20
QIC AGRIBUSINESS HOLDINGS PTY LTD,93612232112,122044357,,,2019-20
QINETIQ PTY LTD,68125805647,106990992,14025182,4123138,2019-20
QMS MEDIA LIMITED,71603037341,228685386,13552164,3979628,2019-20
QUADRA PACIFIC (AUST) CORP PTY LTD,70060599420,151547071,131108450,39332535,2019-20
QUASAR RESOURCES PTY LTD,17101227070,179593043,,,2019-20
QUBE HOLDINGS LIMITED,14149723053,1759984078,122246045,36239756,2019-20
QUEENSLAND ALUMINA LIMITED,98009725044,1000519000,10575856,,2019-20
QUEENSLAND COUNTRY BANK LIMITED,77087651027,121004904,9030810,2594973,2019-20
QUEENSLAND COUNTRY HEALTH FUND LTD,18085048237,136579889,8241095,2219276,2019-20
QUEENSLAND NITRATES PTY LTD,63079889268,162299532,41861583,12558475,2019-20
QUIKSILVER AUSTRALIA PTY LTD,20091136195,359807437,,,2019-20
QUINTIS HOLDCO PTY LTD,44626968858,106953114,,,2019-20
R&F DEVELOPMENT HOLDINGS PTY LTD,77169840555,151819615,,,2019-20
RA PARTNERSHIP HOLDING 1 PTY LTD,74610717407,375928553,33558172,8447345,2019-20
RABO AUSTRALIA LIMITED,39060452217,1178968119,294422461,88326738,2019-20
RALERU LTD,52002575340,153602919,623615,187084,2019-20
RALPH LAUREN AUSTRALIA PTY LTD,61118847359,127912273,14313968,4294190,2019-20
RAMELIUS RESOURCES LIMITED,51001717540,462917800,73111496,21927095,2019-20
RAMSAY HEALTH CARE LIMITED,57001288768,4899345994,531360579,156427862,2019-20
RANDSTAD HOLDINGS PTY LIMITED,33098899855,961899012,,,2019-20
RATCH-AUSTRALIA CORPORATION PTY LTD,31106617332,139731907,,,2019-20
RAYTHEON AUSTRALIA PTY LTD,35063709295,734786339,87740172,23948486,2019-20
RCL CRUISES LTD,54150263086,100482337,1334324,400297,2019-20
RDO AUSTRALIA GROUP PTY LTD,82169836533,272588987,8247678,2474303,2019-20
REA GROUP LIMITED,54068349066,800489129,454509686,126522019,2019-20
READING ENTERTAINMENT AUSTRALIA PTY LTD,12070893908,147671599,25227473,7404313,2019-20
RECKITT BENCKISER HEALTHCARE AUSTRALIA PTY LIMITED,64000071278,719765594,34046585,10213976,2019-20
RECOCHEM INC,69010485999,103018262,8570107,2571032,2019-20
RED 5 LIMITED,73068647610,307366795,,,2019-20
RED BULL AUSTRALIA PTY LTD,67085840259,213465963,16986203,5095861,2019-20
RED HOT AUSTRALIA HOLDCO PTY LIMITED,38620321351,283338131,,,2019-20
REDBUBBLE LTD,11119200592,106959571,,,2019-20
REDCAPE HOTEL TRUST II,62958405971,260213735,,,2019-20
REDPATH (AUSTRALIA) HOLDINGS PTY LTD,43133126682,259333745,240712,,2019-20
REECE LIMITED,49004313133,2814516825,242983589,72683814,2019-20
REED INDUSTRIAL MINERALS PTY LTD,67138805722,243645437,,,2019-20
REFINITIV AUSTRALIA PTY LTD,70002834237,149870117,2445605,733682,2019-20
REGIONAL EXPRESS HOLDINGS LIMITED,18099547270,261816908,33062007,9918602,2019-20
REGIS HEALTHCARE LIMITED,11125203054,740669754,27173233,8151970,2019-20
REGIS RESOURCES LIMITED,28009174761,756656341,233997559,70199268,2019-20
REGUS CENTRES PTY LIMITED,54085537266,120817443,13232275,3969682,2019-20
RELIANCE WORLDWIDE CORPORATION LIMITED,46610855877,306234180,71364360,16541578,2019-20
RELX AUSTRALIA PTY LTD,19004323166,219590253,19904773,5971432,2019-20
REMONDIS AUSTRALIA PTY LTD,95002429781,373358122,24072013,7221604,2019-20
RENTOKIL PTY LTD,61000143733,251442532,20020025,6006008,2019-20
RESIMAC GROUP LIMITED,55095034003,226717029,80299687,24089906,2019-20
RESMED HOLDINGS PTY LIMITED,28003765133,1537826099,560933283,134472296,2019-20
RESOLUTE MINING LIMITED,39097088689,134732958,,,2019-20
RESTAURANT BRANDS AUSTRALIA HOLDINGS PTY LTD,53611058701,160359036,10161942,3048583,2019-20
RETAIL ZOO HOLDINGS PTY LIMITED,51169039721,155185488,9881252,2761520,2019-20
REVLON AUSTRALIA PTY LTD,18095360731,171626357,11395528,3418658,2019-20
REWARD GATEWAY PTY LTD,40141363564,141745865,4342049,1302615,2019-20
REWARD SUPPLY CO PTY LTD,40010183669,158266223,3544235,958178,2019-20
REXEL HOLDINGS AUSTRALIA PTY LTD,17081022068,798572009,,,2019-20
RGA AUSTRALIAN HOLDINGS PTY LTD,20071125507,910109086,,,2019-20
RGF STAFFING PTY LIMITED,84603568403,1703851432,9136551,2564949,2019-20
RHEINMETALL DEFENCE AUSTRALIA PTY LTD,62137668092,321118430,5471063,440272,2019-20
RHEINMETALL MAN MILITARY VEHICLES AUSTRALIA PTY LIMITED,87114035595,418844040,10791852,2113294,2019-20
RHIPE LIMITED,91112452436,214422653,7738962,1920444,2019-20
RHODIUM TRADING AUSTRALIA PTY LTD,18613106666,237253245,4365058,1309517,2019-20
RICEGROWERS LIMITED,55007481156,766032457,19725155,4499083,2019-20
RICHEMONT AUSTRALIA PTY LIMITED,99003432504,308122023,24834126,7450212,2019-20
RICHLAND EXPRESS PTY LIMITED,52127488340,136802000,1259560,377868,2019-20
RICOH AUSTRALIA PTY LTD,30000593171,317577992,,,2019-20
RIDLEY CORPORATION LIMITED,33006708765,968076482,25520637,312764,2019-20
RINNAI AUSTRALIA PTY LTD,74005138769,312353649,9069821,2136211,2019-20
RIO DOCE AUSTRALIA PTY LTD,63112797403,848569729,,,2019-20
RIO TINTO LTD,96004458404,39462709171,17880923387,5182266536,2019-20
RISEN ENERGY (AUSTRALIA) PTY LTD,97168750374,324047162,,,2019-20
RIVALEA HOLDINGS PTY LTD,37097393112,347058407,3065443,,2019-20
RIVERINA (AUSTRALIA) PTY LIMITED,76010755254,581668781,5103038,1224741,2019-20
RIVERINA OILS & BIO ENERGY PTY LIMITED,25103697703,186378959,,,2019-20
RIVIERA HOLDINGS (AUS) PTY LTD,96169709415,339278540,41097728,11696697,2019-20
ROBE RIVER MINING CO PTY LTD,71008694246,2647695563,1599355386,479679763,2019-20
ROBERT BOSCH (AUSTRALIA) PTY LTD,48004315628,956203267,60223847,,2019-20
ROBERT HALF AUSTRALIA PTY LIMITED,32081257052,120482460,9213608,2764082,2019-20
ROBERT WALTERS PTY LTD,18079521618,282310485,2296116,658820,2019-20
ROCHE DIAGNOSTICS AUSTRALIA PTY LTD,29003001205,277025899,15862808,4758842,2019-20
ROCHE PRODUCTS PTY LIMITED,70000132865,619466374,70483141,9274436,2019-20
ROCKWELL AUTOMATION AUSTRALIA LIMTED,80005549477,154049130,7855704,2348067,2019-20
ROHLIG AUSTRALIA PTY LTD,51001191402,155215220,1889955,566986,2019-20
ROLEX AUSTRALIA PTY LTD,47005956338,161884860,8268586,2480576,2019-20
RONDO BUILDING SERVICES PTY LTD,69000289207,257418637,37856921,10412018,2019-20
ROXY-PACIFIC GLEBE PTY LTD,96606482464,228503453,35028630,10508589,2019-20
ROYAL AUTOMOBILE ASSOCIATION OF SOUTH AUSTRALIA INC,90020001807,508404001,27253591,7934708,2019-20
ROYAL AUTOMOBILE CLUB OF VICTORIA (RACV) LIMITED,44004060833,698965162,82038286,,2019-20
ROYAL BANK OF CANADA,86076940880,537047304,127962064,38388619,2019-20
ROYAL CANIN AUSTRALIA PTY LTD,88092020178,176227982,17318886,5195666,2019-20
RPS ENERGY PTY LTD,44072504299,231542654,13803370,4087118,2019-20
RTA HOLDCO AUSTRALIA 1 PTY LTD,17128762318,2440044554,3422309,,2019-20
RTPDS AUS PTY LTD,21099346899,7500017053,10714297850,3641,2019-20
RUSSELL INVESTMENTS AUSTRALIA HOLDCO PTY LTD,99612159314,177308657,39964163,11989249,2019-20
RXP SERVICES LIMITED,30146959917,126815670,7530636,2259191,2019-20
RYOWA DEVELOPMENT II PTY LTD,22063780021,200247552,,,2019-20
S-PROCESS EQUIPMENT AUSTRALIA PTY LTD,21127927226,206810795,39408934,11381020,2019-20
SAAB TECHNOLOGIES AUSTRALIA PTY LTD,47002950790,190035381,28701700,8610510,2019-20
SADDLEBACK INVESTMENTS PTY LTD,96134978224,850114641,1362545,,2019-20
SAFCOL AUSTRALIA PTY LTD,19052489924,119466870,,,2019-20
SAFRAN HELICOPTER ENGINES AUST PTY LTD,49063102198,109830047,13932829,4179284,2019-20
SAI GLOBAL HOLDINGS II (AUSTRALIA) PTY LTD,55615020409,247054804,,,2019-20
SAIC MOTOR AUSTRALIA PTY LTD,30608096519,161707958,,,2019-20
SALT LAKE MINING PTY LTD,26162824473,103569479,,,2019-20
SAMSONITE AUSTRALIA PTY LTD,31006363248,157036344,8476106,2542832,2019-20
SAMSUNG C&T CORPORATION,49160079470,577677044,,,2019-20
SAMSUNG ELECTRONICS AUSTRALIA PTY LIMITED,63002915648,2822899019,50924694,15277408,2019-20
SAN MIGUEL YAMAMURA AUSTRALASIA PTY LTD,49099994162,281854476,8076616,2384574,2019-20
SANDFIRE RESOURCES LIMITED,55105154185,688117092,155073210,46214829,2019-20
SANDVIK AUSTRALIA HOLDINGS PTY LTD,60003771373,1072784141,408150,,2019-20
SANOFI-AVENTIS AUSTRALIA PTY LTD,31008558807,911482903,55974352,11642844,2019-20
SANTOS LIMITED,80007550923,5013931702,29023941,,2019-20
SAP AUSTRALIA PTY LIMITED,26003682504,1192082857,,,2019-20
SARACEN MINERAL HOLDINGS LIMITED,52009215347,1076905023,218673102,65601931,2019-20
SAS INSTITUTE AUSTRALIA PTY LIMITED,13002287247,119194870,,,2019-20
SAVANNA ENERGY SERVICES PTY LTD,16140172756,148002769,9279675,2783902,2019-20
SAVILLS (AUST) HOLDINGS PTY LIMITED,49059047371,135509302,4196596,1258979,2019-20
SCANIA AUSTRALIA PTY LTD,44000537333,582461164,35676224,10702867,2019-20
SCENTRE GROUP LIMITED,66001671496,2405839417,80479091,24115414,2019-20
SCHENKER AUSTRALIA PTY LIMITED,75000410211,760240926,,,2019-20
SCHINDLER LIFTS AUSTRALIA PTY LTD,19005838773,524758242,3687130,1106139,2019-20
SCHLUMBERGER AUSTRALIA PTY LTD,74002459225,695160789,,,2019-20
SCHNEIDER ELECTRIC AUSTRALIA HOLDINGS PTY LTD,30105310781,1077833616,20681494,,2019-20
SCHNEIDER ELECTRIC BUILDINGS AUSTRALIA PTY LIMITED,19008059345,114699253,,,2019-20
SCHNEIDER ELECTRIC IT AUSTRALIA PTY LTD,70088913866,167028240,15931779,4779534,2019-20
SCHOLASTIC AUSTRALIA PTY LIMITED,11000614577,114407929,3695867,875018,2019-20
SCHRODERS AUSTRALIA HOLDINGS PTY LTD,83008423738,128947450,34592085,10377624,2019-20
SCOR GLOBAL LIFE AUSTRALIA PTY LIMITED,83148897670,166538000,,,2019-20
SDP HOLDCO PTY LIMITED,60158076843,241585380,23280681,6984204,2019-20
SEALED AIR AUSTRALIA (HOLDINGS) PTY LIMITED,74102261307,301087840,,,2019-20
SEALINK TRAVEL GROUP LIMITED,49109078257,507991240,38695366,11608610,2019-20
SEALORD AUSTRALIA PTY LIMITED,19001670864,114145166,15995966,4410933,2019-20
SEDCO FOREX INTERNATIONAL INC,44188717522,159838895,,,2019-20
SEDGWICK AUSTRALIA HOLDINGS PTY LIMITED,,120399518,,,2019-20
SEEK LIMITED,46080075314,479515865,150802252,16803861,2019-20
SEKISUI HOUSE AUSTRALIA HOLDINGS PTY LTD,71134688510,309009831,,,2019-20
SEKTOR LIMITED PARTNERSHIP,74297651095,152082160,6489068,1946720,2019-20
SELECT HARVESTS LTD,87000721380,262545622,13462907,3517535,2019-20
SENEX ENERGY LIMITED,50008942827,124572465,,,2019-20
SEPHORA AUSTRALIA PTY LTD,37169030737,226626601,,,2019-20
SERCO GROUP PTY LTD,55061889763,1099550175,86407955,25769314,2019-20
SERVICE STREAM LIMITED,46072369870,929132591,79471677,23841503,2019-20
SERVIER LABORATORIES (AUST) PTY LTD,54004838500,120044582,21143933,113000,2019-20
SEVEN GROUP HOLDINGS LIMITED,46142003469,4741333882,327065742,86788931,2019-20
SEVEN WEST MEDIA LIMITED,91053480845,1535298210,9300391,,2019-20
SFDC AUSTRALIA PTY LTD,91109182989,660330499,,,2019-20
SG FLEET GROUP LIMITED,40167554574,313973603,56718931,17015679,2019-20
SG GAMING AUSTRALIA HOLDINGS I PTY LTD,,167065217,32666346,9783064,2019-20
SGS AUSTRALIA HOLDINGS PTY LTD,46004269023,261863682,,,2019-20
SGSP (AUSTRALIA) ASSETS PTY LTD,60126327624,1945102699,77637760,23291328,2019-20
SHANDONG TIANYE GROUP BID CO PTY LTD,84616407777,166771195,,,2019-20
SHANGRI-LA INVESTMENT (AUSTRALIA) PTY LIMITED,15146016033,125660959,3784282,1135285,2019-20
SHAVER SHOP GROUP LIMITED,78150747649,190333006,11409363,3422809,2019-20
SHAW AND PARTNERS LIMITED,24003221583,132969779,18993179,5697954,2019-20
SHELL ENERGY HOLDINGS AUSTRALIA LIMITED,69054260776,5323800890,,,2019-20
SHERWIN-WILLIAMS AUSTRALIA HOLDING PTY LTD,61604850599,232693469,,,2019-20
SHINE JUSTICE LTD,93162817905,179353012,580680,,2019-20
SHRIRO HOLDINGS LIMITED,29605279329,134786286,8596604,2042351,2019-20
SIBELCO ASIA PACIFIC PTY LIMITED,70092916811,586898628,,,2019-20
SIEMENS HEALTHCARE PTY LTD,83604853938,393650007,24123572,7237072,2019-20
SIEMENS LTD.,98004347880,973197231,38292270,9687728,2019-20
SIGMA ALDRICH OCEANIA PTY LTD,29112895708,136804055,5878758,1763627,2019-20
SIGMA HEALTHCARE LIMITED,15088417403,3359719910,,,2019-20
SIGNIFY AUSTRALIA LIMITED,49606173648,107705434,610838,183251,2019-20
SIKA AUSTRALIA PTY LIMITED,12001342329,225113851,16880574,5064172,2019-20
SILICON METAL COMPANY OF AUSTRALIA PTY LTD,73009401736,187541062,13029674,3785013,2019-20
SILVER LAKE RESOURCES LIMITED,38108779782,566058445,,,2019-20
SIME DARBY INDUSTRIAL AUSTRALIA PTY LTD,56153652594,3122862141,193637338,56899277,2019-20
SIME DARBY MOTORS RETAIL AUSTRALIA PTY LIMITED,37158278883,211342572,252548,75764,2019-20
SIMEC ENERGY AUSTRALIA PTY LTD,69607714358,214273357,,,2019-20
SIMONDS GROUP LIMITED,54143841801,664852925,32485055,9745517,2019-20
SIMPLOT AUSTRALIA (HOLDINGS) PTY LIMITED,23070571934,1289764654,94489079,24154129,2019-20
SIMS LIMITED,69114838630,964075467,29906967,4861012,2019-20
SINGAPORE TELECOM AUSTRALIA INVESTMENTS PTY LIMITED,69096686190,9040169962,181380378,43072333,2019-20
SINGPOST LOGISTICS AUSTRALIA HOLDINGS PTY LTD,59609291330,155533147,425956,127787,2019-20
SINO IRON HOLDINGS PTY LTD,43118791772,2430663380,,,2019-20
SINOPEC INTERNATIONAL (AUSTRALIA) PTY LIMITED,69163459701,625002673,305959,45126,2019-20
SINOPEC OIL AND GAS AUSTRALIA PTY LTD,94130568553,573743064,,,2019-20
SINOSTEEL AUSTRALIA PTY LTD,36009277230,246832913,,,2019-20
SIRVA (ASIA PACIFIC) PTY LTD,48005944187,131126575,3264031,976122,2019-20
SIS AUSTRALIA HOLDINGS PTY LTD,65132211459,587264781,38055260,10873154,2019-20
SKF AUSTRALIA PTY. LTD.,87004236855,114124243,7391344,2217178,2019-20
SKYCITY AUSTRALIA PTY LIMITED,67090828612,129621486,,,2019-20
SLATER AND GORDON LIMITED,93097297400,179283030,,,2019-20
SMA AUSTRALIA PTY LIMITED,44127198761,127741418,8550902,2536975,2019-20
SMARTGROUP CORPORATION LTD,48126266831,249854820,95176136,28552841,2019-20
SME CAPITAL HOLDINGS PTY LTD,25628947544,153228076,22485071,6745521,2019-20
SMEG AUSTRALIA PTY LTD,33146901082,176803597,7812766,2343830,2019-20
SMIT LAMNALCO AUSTRALIA PTY LTD,24113226074,117606536,,,2019-20
SMITH & NEPHEW PTY LTD,68000087507,289613110,10381028,3063166,2019-20
SNC-LAVALIN AUSTRALIA PTY LTD,50085951542,138400762,,,2019-20
SNF (AUSTRALIA) PTY LIMITED,32050056267,132760725,,,2019-20
SNOWY HYDRO LIMITED,17090574431,2702529510,311642164,89732777,2019-20
SOCIETE GENERALE SECURITIES AUSTRALIA PTY LTD,56114206307,167821458,,,2019-20
SODEXO AUSTRALIA PTY LTD,50006072975,1019294306,,,2019-20
SOJITZ AUSTRALIA LIMITED,16000213132,912419915,184368982,55309006,2019-20
SOLAR JUICE PTY LTD,96139534026,123828968,,,2019-20
SOLAR TURBINES INTERNATIONAL COMPANY,43066283074,148394570,23363525,7009058,2019-20
SOLARIS PAPER PTY LTD,41126825769,168698322,,,2019-20
SONIC CLINICAL SERVICES PTY LIMITED,13083519377,416253707,22880496,6215144,2019-20
SONIC HEALTHCARE LIMITED,24004196909,2665192600,209647043,46631710,2019-20
SONOVA AUDIOLOGICAL CARE AUSTRALIA PTY LTD,93113235779,116159746,,,2019-20
SONY AUSTRALIA LIMITED,59001215354,1334293516,,,2019-20
SOUTH EAST ASIAN LIVESTOCK SERVICES PTY LTD,66136732986,232063195,,,2019-20
SOUTH32 (BVI) LIMITED,,135947531,1132185,339655,2019-20
SOUTH32 LIMITED,84093732597,4041579937,591670386,36309614,2019-20
SOUTHERN CROSS ALUMINIUM PTY LIMITED,25063778996,154067657,6322931,1896879,2019-20
SOUTHERN CROSS ELECTRICAL ENGINEERING LIMITED,92009307046,419579144,13379941,4013982,2019-20
SOUTHERN CROSS MEDIA GROUP LIMITED,91116024536,535484525,43736992,12309447,2019-20
SOUTHTRADE INTERNATIONAL PTY LTD,46099947163,114124809,2544132,763240,2019-20
SPARK INFRASTRUCTURE HOLDINGS NO 1 PTY LIMITED,14116940786,157118420,66378862,19913659,2019-20
SPARK INFRASTRUCTURE HOLDINGS NO 2 PTY LIMITED,16116940795,118583430,66304704,19891411,2019-20
SPECSAVERS PTY LIMITED,82097147932,606624515,36340061,7425109,2019-20
SPEEDCAST INTERNATIONAL LIMITED,50600699241,161473845,,,2019-20
SPENDLESS SHOES PTY LTD,15008152850,112410891,5506235,1651870,2019-20
SPIC PACIFIC ENERGY PTY LTD,92609771057,405539778,,,2019-20
SPICERS LIMITED,70005146350,111167146,,,2019-20
SPOTLESS GROUP HOLDINGS LIMITED,27154229562,2518918714,,,2019-20
SPRINGVALE SK KORES PTY LIMITED,71051015402,122358313,,,2019-20
SRG GLOBAL FACADES PTY LTD,29602257581,120595429,4243709,1273113,2019-20
SRG GLOBAL LIMITED,81104662259,350027493,,,2019-20
SS&C SOLUTIONS PTY LIMITED,75007325779,161510015,14809609,3654293,2019-20
ST BARBARA LIMITED,36009165066,357427447,69250774,19879182,2019-20
ST MARTINS PROPERTIES HOLDINGS PTY LTD,92001002893,101453501,18848843,5654653,2019-20
STANLEY BLACK & DECKER HOLDINGS AUSTRALIA PTY LTD,81154671244,265060183,,,2019-20
STANMORE COAL LIMITED,27131920968,368373400,9330095,2799028,2019-20
STANTEC AUSTRALIA PTY LTD,17007820322,156745091,64256,,2019-20
STATE BANK OF INDIA,95082610008,100453952,,,2019-20
STATE STREET AUSTRALIA LIMITED,21002965200,211277617,100763683,25109174,2019-20
STATE STREET BANK & TRUST COMPANY,70062819630,133821709,13821473,4146442,2019-20
STATEWIDE INDEPENDENT WHOLESALERS LIMITED,51009519546,1184113604,10448090,3134427,2019-20
STEADFAST GROUP LIMITED,98073659677,456143133,214135896,7296726,2019-20
STELLAR ASIA PACIFIC PTY LTD,86082618148,212201231,8201954,2460586,2019-20
STIHL PTY LTD,76004881145,158384837,7128453,2138536,2019-20
STOCKLAND CORPORATION LIMITED,43000181733,2020204108,,,2019-20
STORA ENSO AUSTRALIA PTY LTD,64099948491,151842216,3484114,1045234,2019-20
STRANDBAGS HOLDINGS PTY LTD,99128842482,323565964,25488417,7646525,2019-20
STRYKER AUSTRALIA PTY LTD,48002873850,598281298,28595379,8578614,2019-20
SUBARU (AUST) PTY LIMITED,95000312792,1313271801,49380540,14814162,2019-20
SUBSEA 7 AUSTRALIA CONTACTING PTY LTD,36005288406,205317431,,,2019-20
SUEZ AUSTRALIA HOLDING PTY LTD,30070452890,1445299182,119417377,33321298,2019-20
SUMITOMO AUSTRALIA PTY LTD,81000371497,1735831944,164104499,31856424,2019-20
SUMITOMO MITSUI BANKING CORPORATION-SYDNEY BRANCH,98114053459,949160762,139305834,41791750,2019-20
SUMMIT AUTO LEASE AUSTRALIA PTY LTD,87054704737,113356340,5873990,1762197,2019-20
SUN METALS CORPORATION PTY LTD,97074241982,938733443,68496323,20548897,2019-20
SUNBEAM ANZ HOLDINGS PTY LTD,,107581881,123530,,2019-20
SUNCORP GROUP LIMITED,66145290124,16118523326,1192957501,352743640,2019-20
SUNLAND GROUP LIMITED,65063429532,177359653,30586677,9176003,2019-20
SUNSHINE A PTY LTD,86631684770,304985877,50970186,15291056,2019-20
SUNSHINE STATE POWER B.V.,40062295425,110356829,,,2019-20
SUNSTATE CEMENT LTD,58010421879,102724231,17581489,5274447,2019-20
SUNTORY (AUST) PTY LIMITED,27001628780,255570309,6431192,1929358,2019-20
SUNTORY COFFEE AUSTRALIA LIMITED,49000254660,113448491,5511514,1649406,2019-20
SUPER RETAIL GROUP LIMITED,81108676204,2700072126,186630415,55134349,2019-20
SUPERIOR PAK PTY LTD,30162247323,103015765,15197961,4299830,2019-20
SUPPLY NETWORK LTD,12003135680,113056785,12143817,3643145,2019-20
SURBANA JURONG HOLDINGS (AUSTRALIA) PTY LTD,49612229197,610721093,,,2019-20
SUSQUEHANNA PACIFIC PTY LTD,23082467605,361172175,73015671,20750670,2019-20
SUZUKI AUSTRALIA PTY LIMITED,57001828164,330868532,8436965,2531090,2019-20
SVITZER AUSTRALASIA HOLDINGS PTY LTD,16120555302,360580795,33397004,7030542,2019-20
SWAROVSKI AUSTRALIA PTY LTD,16000679416,136367399,3976490,1192947,2019-20
SWICK MINING SERVICES LIMITED,20112917905,108823178,8603707,,2019-20
SWISS RE AUSTRALIA LIMITED,28004360909,3107624662,,,2019-20
SWISS RE INTERNATIONAL SE AUSTRALIA BRANCH,38138873211,285722119,,,2019-20
"SWISS REINSURANCE COMPANY LTD, AUSTRALIA BRANCH",43007479941,1143882526,110765372,33229612,2019-20
SWISSPORT ANZ PTY LTD,54167311551,231015915,17635229,5156357,2019-20
SYDNEY AIRPORT LIMITED,18165056360,1640913617,,,2019-20
SYNGENTA AUSTRALIA PTY LIMITED,33002933717,226920401,11043561,1414739,2019-20
SYNNEX AUSTRALIA PTY LTD,40052285882,2182670682,30989657,9296897,2019-20
SYRINX AUSTRALIA PTY LTD,50130046267,258252804,47938851,13460087,2019-20
TABCORP HOLDINGS LIMITED,66063780709,4636650977,475102589,125723750,2019-20
TAIPOWER BENGALLA PTY LTD,18075407617,207061030,95233465,28569866,2019-20
TAKEDA PHARMACEUTICALS AUSTRALIA PTY LTD,71095610870,181740189,1579691,473907,2019-20
TAL DAI-ICHI LIFE AUSTRALIA PTY LTD,97150070483,6092414782,86545160,12803876,2019-20
TASSAL GROUP LIMITED,15106067270,594297000,81140504,,2019-20
TATA CONSULTANCY SERVICES LIMITED,28109981777,1045156800,232869618,64332219,2019-20
TATURA MILK INDUSTRIES PTY LTD,66006603970,504301032,10777611,2698054,2019-20
TCL ELECTRONICS AUSTRALIA PTY LTD,83111032896,126230602,2882944,864883,2019-20
TEACHERS MUTUAL BANK LIMITED,30087650459,292661361,42913096,12631386,2019-20
TECH DATA (ANZ) PTY LTD,15090111890,297810211,,,2019-20
TECH MAHINDRA LIMITED,15092511558,229280819,9267332,2780200,2019-20
TECHNICOLOR PTY LTD,23000978343,230686972,1631212,489364,2019-20
TECHNIP OCEANIA PTY LTD,43062878719,622427763,56919660,17075898,2019-20
TECHNOLOGY ONE LIMITED,84010487180,301821355,78670809,5302947,2019-20
TEEKAY HOLDINGS AUSTRALIA PTY LTD,12125391880,114351372,,,2019-20
TELARIA HOLDINGS PTY LTD,49607240791,107139702,15213,,2019-20
TELERIC PTY LTD,90004284664,1173161077,18287859,5213360,2019-20
TELSTRA CORPORATION LTD,33051775556,24921802413,3118881494,901769670,2019-20
TEMPERZONE AUSTRALIA HOLDINGS PTY LIMITED,52001653176,134527170,4278486,1283546,2019-20
TEMPLE AND WEBSTER GROUP LTD,69608595660,176856631,,,2019-20
TEN NETWORK HOLDINGS PTY LIMITED,14081327068,648089501,,,2019-20
TERADATA AUSTRALIA PTY LTD,77125071374,127510677,3613796,1078079,2019-20
TERUMO AUSTRALIA PTY LIMITED,34158693595,112401149,12428299,3728490,2019-20
TESLA MOTORS AUSTRALIA PTY LIMITED,68142889816,475356639,16946940,5084082,2019-20
TETRA PAK MANUFACTURING PTY LIMITED,50004435901,168305249,13412500,4016079,2019-20
TFG RETAILERS PTY LIMITED,90612634312,565356061,58351508,17505452,2019-20
TGA HOLDING AUSTRALIA PTY LTD,38611757307,147466859,37914462,11374339,2019-20
THALES AUSTRALIA HOLDINGS PTY LTD,84058583841,1580198581,113158784,25015025,2019-20
THE BANK OF NOVA SCOTIA,34133513827,430090449,40825943,12247783,2019-20
THE BODY SHOP AUSTRALIA PTY LTD,47602683349,122558608,10659421,3168526,2019-20
THE BOSTON CONSULTING GROUP PTY LTD,70007347131,312955077,7390798,2217239,2019-20
THE HONGKONG AND SHANGHAI BANKING CORPORATION LIMITED,65117925970,864914140,173877637,52163291,2019-20
THE HOUR GLASS (AUSTRALIA) PTY LIMITED,64010831713,106599667,13872423,4161727,2019-20
THE INDEPENDENT LIQUOR GROUP (SUPPLIERS) CO-OPERATIVE LTD,63629864769,340881827,1482529,444650,2019-20
THE INDEPENDENT LIQUOR GROUP DISTRIBUTION CO-OP LTD,70252541400,350528628,,,2019-20
THE NIELSEN COMPANY (HOLDINGS) PTY LIMITED,24134566804,122305704,5604065,1646522,2019-20
THE NORTHERN TRUST COMPANY,62126279918,240929128,71098525,21329558,2019-20
THE NUANCE GROUP (AUSTRALIA) PTY LTD,54068215341,314686661,,,2019-20
THE REJECT SHOP LIMITED,33006122676,830445409,14742751,4422825,2019-20
THE ROYAL AUTOMOBILE CLUB OF QUEENSLAND LIMITED,72009660575,182780921,15411593,4623478,2019-20
THE ROYAL AUTOMOBILE CLUB OF WA (INC),33212133120,961914799,62310750,17362951,2019-20
THE STAR ENTERTAINMENT GROUP LIMITED,85149629023,1554021606,,,2019-20
THE SWATCH GROUP (AUSTRALIA) PTY LTD,20004287110,133154970,4282948,1284884,2019-20
THE VICTORIA CARPET COMPANY PTY LTD,14004304956,175366191,4105891,1231767,2019-20
THE VILLAGE BUILDING CO. LIMITED,97056509025,167014917,,,2019-20
THE WALT DISNEY COMPANY (AUSTRALIA) PTY LTD,30054610025,612405446,11816036,2748573,2019-20
THERMO ELECTRON AUSTRALIA PTY LIMITED,44109074115,306180110,,,2019-20
THINK CHILDCARE LIMITED,81600793388,115243147,9916193,2974858,2019-20
THOMAS DURYEA LOGICALIS HOLDINGS PTY LIMITED,67089914581,124484328,2311240,569799,2019-20
THOMSON REUTERS (AUSTRALIA) PTY LTD,87058914766,185359145,12323346,3697004,2019-20
THORN GROUP LIMITED,54072507147,204604524,,,2019-20
THOUGHTWORKS AUSTRALIA PTY LTD,99088279761,122475923,,,2019-20
THYSSENKRUPP INDUSTRIAL SOLUTIONS (AUSTRALIA) PTY LTD,30005610748,574700655,121596,,2019-20
TIANQI LITHIUM HOLDINGS PTY LTD,11622763919,327964618,,,2019-20
TICKETMASTER AUSTRALASIA PTY LTD,49089258837,114198407,,,2019-20
TIFFANY & CO (AUSTRALIA) PTY LIMITED,93128219554,191343608,24303939,7291182,2019-20
TILT RENEWABLES AUSTRALIA PTY LTD,15101038331,119103692,,,2019-20
TJX AUSTRALIA HOLDING COMPANY PTY LTD,58605889843,367038414,,,2019-20
TOKIO MARINE & NICHIDO FIRE INSURANCE CO LIMITED,80000438291,146293022,,,2019-20
TOKYO GAS AUSTRALIA PTY LTD,46102349557,565495976,85126109,,2019-20
TOKYO TIMOR SEA RESOURCES PTY LTD,39000751593,195268230,8461779,2538534,2019-20
TOLL HOLDINGS LIMITED,25006592089,5761408868,,,2019-20
TOMRA CLEANAWAY PTY LIMITED,43620427116,176575690,,,2019-20
TOPCO INVESTMENTS AUSTRALIA PTY LIMITED,78622116992,479884703,1693639,,2019-20
TORO AUSTRALIA PTY LTD,47001310443,194822602,9850333,2955100,2019-20
TOSHIBA (AUSTRALIA) PTY LIMITED,19001320421,134566109,65850,,2019-20
TOSHIBA INTERNATIONAL CORPORATION PTY LTD,29001555068,208447736,12257186,3674298,2019-20
TOTAL E&P AUSTRALIA,96832035151,223589830,,,2019-20
TOTAL E&P HOLDINGS (AUSTRALIA) PTY LTD,11602975619,2290830177,,,2019-20
TOYO TYRE & RUBBER AUSTRALIA LTD,93000767279,121851996,4949515,1484854,2019-20
TOYOTA MATERIAL HANDLING AUSTRALIA PTY LIMITED,38104644635,412251614,42518291,12755487,2019-20
TOYOTA MOTOR CORPORATION AUSTRALIA LIMITED,64009686097,10334342878,347249702,101164440,2019-20
TOYOTA TSUSHO (AUSTRALASIA) PTY LIMITED,24056847315,125464382,,,2019-20
TOYOTA TSUSHO SOUTH PACIFIC HOLDINGS PTY LTD,82050105443,137352531,10227604,,2019-20
TPG CORPORATION LIMITED,46093058069,2312807516,289720891,86835885,2019-20
TPG TELECOM LIMITED,76096304620,3530757496,,,2019-20
TRANSALTA ENERGY (AUSTRALIA) PTY LTD,40062135844,179265621,21451315,6241974,2019-20
TRANSATLANTIC EXPLORATION MEDITERRANEAN INTERNATIONAL PTY LTD,35121104167,170424868,502165,,2019-20
TRANSDEV AUSTRALASIA PTY LTD,40079303816,583856874,30084900,8999782,2019-20
TRANSURBAN HOLDINGS LIMITED,86098143429,2540823450,,,2019-20
TRANSURBAN QUEENSLAND HOLDINGS 1 PTY LIMITED,64169090804,707066759,,,2019-20
TRAVELEX AUSTRALIA HOLDINGS PTY LTD,98105260035,6072978446,,,2019-20
TREASURY WINE ESTATES LIMITED,24004373862,1526224044,298393082,87625224,2019-20
TRELLEBORG HOLDINGS AUSTRALIA PTY LTD,49096223568,110500982,,,2019-20
TREND MICRO AUSTRALIA PTY LTD,70077055817,189210854,44519220,1209335,2019-20
TRILITY GROUP PTY LTD,39144522565,139531646,2500000,,2019-20
TRONOX AUSTRALIND PTY LTD,20125123784,648745214,,,2019-20
TRONOX LIMITED,91153348111,472613492,,,2019-20
TSG AUSTRALIA PTY LTD,55603274237,395129138,16025592,,2019-20
TTC CONSOL PTY LIMITED,48098788062,266858542,,,2019-20
TTEC INTERNATIONAL PTY LTD,46061711804,168289588,5668019,1700406,2019-20
TULLY SUGAR LIMITED,92011030256,150611543,667286,,2019-20
TURNER & TOWNSEND PTY LTD,84115688830,140261895,16157165,4847150,2019-20
TUTT BRYANT GROUP LIMITED,89009242675,254769518,,,2019-20
TVS ASIANICS AUSTRALIA HOLDINGS PTY LTD,86607085496,117281916,,,2019-20
TYCO INTERNATIONAL SECURITY GROUP PTY LIMITED,55148170003,114007242,,,2019-20
TYRO PAYMENTS LIMITED,49103575042,213530051,,,2019-20
UACJ AUSTRALIA PTY LTD,82005579840,124135516,,,2019-20
UBER AUSTRALIA HOLDINGS PTY LTD,54622364318,1161558989,50247737,15074321,2019-20
UBS AG AUSTRALIA BRANCH,47088129613,1414622081,190298799,57089640,2019-20
UBS HOLDINGS PTY LTD,50050101249,400932094,113538257,34061477,2019-20
UEM SUNRISE (DEVELOPMENTS) PTY LTD,11165422006,337183939,69972908,20991872,2019-20
UEM SUNRISE (LAND) PTY LTD,15165422024,680275810,133601104,40080331,2019-20
UGL UNIPART RAIL SERVICES PTY LTD,49154895940,207579355,1027419,308226,2019-20
ULLRICH ALUMINIUM PTY. LIMITED,70001697445,124967224,3330596,621123,2019-20
UNICHARM AUSTRALASIA HOLDING PTY LTD,56114210794,159538302,,,2019-20
UNILEVER AUSTRALIA GROUP PTY LTD,13614413179,1578200962,32304010,9691203,2019-20
UNION STANDARD INTERNATIONAL GROUP PTY LTD (IN LIQUIDATION),79117658349,290765285,,,2019-20
UNIQLO AUSTRALIA PTY LTD,36161922103,318660930,11104666,3331400,2019-20
UNISYS AUSTRALIA PTY LIMITED,31105642902,233162220,3516880,,2019-20
UNITED ENERGY DISTRIBUTION HOLDINGS PTY LTD,15104381660,701525945,,,2019-20
UNITED OVERSEAS BANK LIMITED SYDNEY BRANCH,56060785284,437278977,146013930,43804179,2019-20
UNIVERSAL PICTURES INTERNATIONAL AUSTRALASIA PTY LTD,44122951099,180816273,,,2019-20
URC AUSTRALIA HOLDING COMPANY PTY LTD,29614132991,341350816,29094339,8301201,2019-20
USG BORAL BUILDING PRODUCTS PTY LIMITED,84004231976,535642635,65625060,14320518,2019-20
UTILITIES MANAGEMENT PTY LTD,25090664878,411452106,,,2019-20
VALMEC LIMITED,94003607074,114159671,,,2019-20
VALMONT QUEENSLAND PTY LTD,73142183800,358533371,,,2019-20
VALVOLINE (AUSTRALIA) PTY LTD,86000446855,195299189,17274743,5182423,2019-20
VANGUARD INVESTMENTS AUSTRALIA LTD,72072881086,222902633,26152638,7779271,2019-20
VANTIVE AUSTRALIA PTY LIMITED,69076201619,1580810230,41062648,5038366,2019-20
VAX APPLIANCES (AUSTRALIA) PTY LTD,84009099736,609091447,5689456,1706837,2019-20
VEEAM PTY LTD,33140806695,115284549,,,2019-20
VEHICLE DISTRIBUTORS AUSTRALIA PTY LTD,11073668596,265889600,7886494,2365948,2019-20
VENTIA INVESTMENT HOLDINGS PTY LTD,74609542556,2415018236,,,2019-20
VEOLIA WATER AUSTRALIA PTY LTD,99061161279,406365643,102057861,,2019-20
VERBREC LIMITED,90127897689,104977624,,,2019-20
VERIS LTD,80122958178,101981166,,,2019-20
VERIZON AUSTRALIA PTY LIMITED,62081001194,170876717,18368187,5285942,2019-20
VERMILION AUSTRALIA LIMITED PARTNERSHIP,92210617868,205285614,32262770,9648911,2019-20
VERMONT AUS HOLDCO PTY LTD,82626842135,958078368,5562165,1082042,2019-20
VERTEX PHARMACEUTICALS (AUSTRALIA) PTY LTD,34160157157,151225169,41689141,12506742,2019-20
VERTIV (AUSTRALIA) PTY LTD,53003469654,146834063,6869885,2060965,2019-20
VESTAS AUSTRALIAN WIND TECHNOLOGY PTY LIMITED,80089653878,1025056221,23803450,7141035,2019-20
VEYANCE TECHNOLOGIES AUSTRALIA PTY LTD,87125188070,193997717,18382703,5514811,2019-20
VGI PARTNERS ASIAN INVESTMENTS LIMITED,58635219484,158235421,,,2019-20
VGI PARTNERS GLOBAL INVESTMENTS LIMITED,91619660721,1891202879,,,2019-20
VIATOR SYSTEMS PTY LIMITED,26071510220,136064981,11842251,3552675,2019-20
VICINITY LIMITED,90114757783,269213256,1982653,,2019-20
VICTORIA POWER NETWORKS PTY LTD,37116940820,1626884933,76687376,22943213,2019-20
VILLAGE ROADSHOW LIMITED,43010672054,500838848,,,2019-20
VINCI ENERGIES AUSTRALIA PTY LTD,86602042339,206514777,,,2019-20
VIRBAC (AUSTRALIA) PTY LIMITED,77003268871,109172031,24951079,5780228,2019-20
VIRGIN AUSTRALIA HOLDINGS LIMITED,54100686226,5070034716,,,2019-20
VIRTUS HEALTH LIMITED,80129643492,213825495,31659700,8581794,2019-20
VITA GROUP LIMITED,62113178519,780131415,38085159,11425548,2019-20
VIVA ENERGY GROUP LIMITED,74626661032,16633645899,192831659,54508378,2019-20
VMWARE AUSTRALIA PTY LTD,77122677089,324723260,34121916,8708956,2019-20
VOCUS GROUP LIMITED,96084115499,1404054393,60427028,17768428,2019-20
VOESTALPINE HIGH PERFORMANCE METALS (AUSTRALIA) PTY LTD,15000013052,101843151,8558238,2567471,2019-20
VOLKSWAGEN FINANCIAL SERVICES AUSTRALIA PTY LTD,20097071460,343465000,68171027,20451308,2019-20
VOLKSWAGEN GROUP AUSTRALIA PTY LTD,14093117876,2097037465,50088301,15026490,2019-20
VOLVO CAR AUSTRALIA PTY LIMITED,18004830611,472899800,14691534,4407460,2019-20
VOLVO GROUP AUSTRALIA PTY LTD,27000761259,1640537903,67153611,19940299,2019-20
VR AUSTRALIA HOLDINGS PTY LTD,41605041530,123961564,7485042,2245513,2019-20
VSA ROADS PTY LTD,18136665935,135857827,7031136,2109341,2019-20
VULCAN STEEL PTY LTD,61100061283,303988795,15272077,2867338,2019-20
WAGNERS HOLDING COMPANY LTD,49622632848,251224008,4921408,1061850,2019-20
WAM ACTIVE LIMITED,49126420719,186737443,,,2019-20
WAM CAPITAL LIMITED,34086587395,3744847326,,,2019-20
WAM GLOBAL LIMITED,76624572925,1297504075,25908946,7659529,2019-20
WAM LEADERS LIMITED,33611053751,3864818123,73689973,12684090,2019-20
WAM MICROCAP LIMITED,34617838418,423373995,20627605,4897116,2019-20
WAM RESEARCH LIMITED,15100504541,471389713,,,2019-20
WAMBO COAL PTY LTD,13000668057,701509655,136109122,40685675,2019-20
WARNER BROS. ENTERTAINMENT AUSTRALIA PTY LTD,70003773411,205060568,98630,,2019-20
WARTSILA AUSTRALIA PTY LTD,38003736892,104790346,,,2019-20
WASHINGTON H. SOUL PATTINSON AND COMPANY LIMITED,49000002728,2405810998,381713677,,2019-20
WASTE SERVICES HOLDING CO PTY LTD,18614864836,134026529,25232014,7569604,2019-20
WBHO INFRASTRUCTURE PTY LTD,78089434220,668901111,,,2019-20
WCX M4 PROJECT TRUST,,293600170,60188977,18056693,2019-20
WEBCENTRAL GROUP LIMITED,21073716793,168451541,,,2019-20
WEBER-STEPHEN PRODUCTS CO. (AUSTRALIA) PTY LTD,18006305237,115510858,6564775,1969432,2019-20
WEBJET LIMITED,68002013612,108442396,,,2019-20
WEIR GROUP (AUSTRALIAN HOLDINGS) PTY LTD,57090873117,680007995,76431359,16915957,2019-20
WENGFU AUSTRALIA PTY LTD,31141160581,299085729,,,2019-20
WESFARMERS LIMITED,28008984049,29953644553,3201626238,896110482,2019-20
WESTCON GROUP PTY LTD,77050539672,311748713,,,2019-20
WESTERN AREAS LIMITED,68091049357,316359162,53266141,4758670,2019-20
WESTERN AUSTRALIAN MEAT MARKETING CO-OP LTD,54048449698,201555347,,,2019-20
WESTERN AUSTRALIAN SPECIALTY ALLOYS PTY LTD,14053910188,210276025,24830014,7449004,2019-20
WESTERN SUBURBS (N'CLE) LEAGUES CLUB LIMITED LIMITED,24000973919,178367773,,,2019-20
WESTERN UNION FINANCIAL SERVICES (AUSTRALIA) PTY LIMITED,77082282773,109489245,2301631,690489,2019-20
WESTGOLD RESOURCES LIMITED,60009260306,538501244,,,2019-20
WESTOZ INVESTMENT COMPANY LIMITED,99113332942,141123409,,,2019-20
WESTPAC BANKING CORPORATION,33007457141,34922870920,8652896044,2553160119,2019-20
WESTROCK PACKAGING SOLUTIONS PTY LTD,59003986472,117788359,,,2019-20
WHITEHAVEN COAL LIMITED,68124425396,1775441757,,,2019-20
WILEY PUBLISHING AUSTRALIA PTY LTD,48085710952,100456538,18747044,5229963,2019-20
WILLIAMS-SONOMA AUSTRALIA PTY LIMITED,75157917783,114431429,6862669,2058801,2019-20
WILLIS TOWERS WATSON AUSTRALIA HOLDINGS LIMITED,98112435079,170569114,13627466,3162673,2019-20
WILMAR AUSTRALIA HOLDINGS PTY LIMITED,79144972743,1423352465,,,2019-20
WILMAR GF HOLDINGS AUSTRALIA PTY LTD,55600457430,1011687276,35642057,,2019-20
WILSON PARKING AUSTRALIA 1992 PTY LTD,67052475911,937447231,,,2019-20
WILUNA MINING CORPORATION LIMITED,18119887606,153540011,,,2019-20
WINDFIELD HOLDINGS PTY LTD,60160456164,755071239,413064791,122712215,2019-20
WIPRO LIMITED,18093961936,387351570,43459222,13037767,2019-20
WISETECH GLOBAL LIMITED,41065894724,340713406,85753345,10599427,2019-20
WLG HOLDINGS (AUSTRALIA) PTY LIMITED,42116743698,108003158,,,2019-20
WOLLONGONG COAL LIMITED,28111244896,116167841,,,2019-20
WOLTERS KLUWER AUSTRALIA PTY LIMITED,46095325643,107479104,16468916,4932849,2019-20
WOOD GROUP AUSTRALIA PTY LTD,51101049076,867615325,,,2019-20
WOODSIDE PETROLEUM LTD,55004898962,8229114684,2167431832,176790531,2019-20
WOOLNORTH WIND FARM HOLDING PTY LTD,91154051617,145339756,35731597,10719479,2019-20
WOOLWORTHS GROUP LIMITED,88000014675,50024815746,1846982160,481531435,2019-20
WORLD CLASS LAND (AUSTRALIA) PTY LTD,21167066426,218627467,,,2019-20
WORLEY LIMITED,17096090158,1465868871,96852563,8257373,2019-20
WORMALD AUSTRALIA PTY LTD,80008399004,244221174,,,2019-20
WPP AUNZ LIMITED,84001657370,793159064,100590337,25361048,2019-20
WS AUDIOLOGY ANZ PTY LTD,30009163419,130877659,12274468,3647770,2019-20
WSP AUSTRALIA HOLDINGS PTY LTD,90169545395,676682234,73691168,18567020,2019-20
WURTH AUSTRALIA PTY LTD,48002487096,138063084,10003633,3001090,2019-20
WYNDHAM DESTINATIONS ASIA PACIFIC PTY LTD,30090083613,313983896,63851753,18273921,2019-20
XERO AUSTRALIA PTY LIMITED,89124215247,180067000,25855400,5165746,2019-20
XL INSURANCE COMPANY SE,36083570441,808787892,,,2019-20
"XU HUI INTERNATIONAL GROUP CO., PTY LTD",25608047454,127582252,13795268,4138580,2019-20
XYLEM AUSTRALIA HOLDINGS PTY LTD,89162495070,196498213,,,2019-20
YAMAHA MOTOR AUSTRALIA PTY LIMITED,88002556989,356775262,16138835,4841650,2019-20
YAMAHA MUSIC AUSTRALIA PTY LTD,84004259527,105639608,1456432,436930,2019-20
YANCOAL AUSTRALIA LIMITED,82111859119,5053058414,18637211,,2019-20
YARA AUSTRALIA PTY LIMITED,77076301221,364470189,,,2019-20
YELLOW BRICK ROAD HOLDINGS LIMITED,44119436083,194274398,,,2019-20
YKK ALUMINIUM (AUSTRALIA) PTY LTD,66001779237,160252635,,,2019-20
YN ENERGY PTY LTD,88611962451,247915100,4228365,1268509,2019-20
YOUI HOLDINGS PTY LTD,41124972425,725158167,97494246,29152130,2019-20
YUSEN LOGISTICS (AUSTRALIA) PTY LTD,85003550776,136007841,,,2019-20
ZEBRA TECHNOLOGIES AUSTRALIA PTY LTD,14153920462,128950854,2784102,835231,2019-20
ZIMMER AUSTRALIA HOLDING PTY LIMITED,93107449534,292153761,3812489,1143747,2019-20
ZIP CO LIMITED,50139546428,156836300,,,2019-20
ZOETIS AUSTRALIA PTY LTD,94156476425,449200130,54597062,16379119,2019-20
ZURICH FINANCIAL SERVICES AUSTRALIA LIMITED,11008423372,4229115978,,,2019-20
20 CASHEWS PTY LTD,16634403124,409914811,3940191,1182057,2019-20
21ST CENTURY RESORTS HOLDINGS PTY LIMITED,33104201014,208049751,6455724,1936717,2019-20
7 HOLDINGS PTY LTD,31005620851,3487821786,103051854,29999970,2019-20
A.C.N. 003 933 300 PTY LTD,58003933300,580744422,10448189,3134457,2019-20
AA HOLDINGS PTY LTD,94112233744,540875431,39080773,11724232,2019-20
ABC REFINERY (AUSTRALIA) PTY LIMITED,86621121079,5145079989,8717134,2615140,2019-20
ABC TISSUE PRODUCTS PTY LIMITED,33003085112,502915335,39325624,11797645,2019-20
ABERGELDIE CONSOLIDATED PTY LTD,21143512350,216312352,17900334,3443894,2019-20
ABN GROUP (VIC) PTY LTD,82130382188,445675629,27746271,8323881,2019-20
ACM HOLDINGS CO PTY LTD,42622029798,493918618,6444810,1933303,2019-20
AD ASTRA HOLDINGS PTY LTD,19111061726,278402523,44574959,13372488,2019-20
ADAPT-A-LIFT GROUP PTY LTD,81605149568,238117171,,,2019-20
ADCO CONSTRUCTIONS PTY LIMITED,46001044391,690188653,6455339,1917574,2019-20
ADCO GROUP PTY LIMITED,15094531272,282667812,5820660,1746198,2019-20
ADCOME PTY LTD,99110315681,436477581,,,2019-20
ADELAIDE AIRPORT LIMITED,78075176653,203043519,,,2019-20
AFFINITY CHILDCARE HOLDINGS PTY LIMITED,72607818057,263908198,29513374,8854012,2019-20
AGNVET MANAGEMENT SERVICES PTY LIMITED,91087675465,362344983,10519847,2883811,2019-20
AGRIFOODS GLOBAL PTY LIMITED,63102428571,655397823,258413,39949,2019-20
AHRENS GROUP PTY LTD,76114260230,281427997,22152049,6345615,2019-20
ALBERT AUTOMOTIVE HOLDINGS PTY LTD,15616126722,723840564,,,2019-20
ALIMFRESH PTY LIMITED,78002831843,296027202,18624266,1119261,2019-20
ALTOMONTE HOLDINGS PTY LIMITED,18000821910,574608460,645953,193786,2019-20
ALUMINIUM SPECIALTIES GROUP PTY LTD,63001252259,298511005,11731587,3519476,2019-20
AMEROPA AUSTRALIA PTY LTD,21009504394,440562776,,,2019-20
AMPCONTROL LIMITED,28000915542,239021792,21110568,4091984,2019-20
APCO SERVICE STATIONS PTY LTD,91007229898,408580618,12776077,3832823,2019-20
APH TOP CO PTY LIMITED,96608192374,400902562,9967817,2990345,2019-20
APOLLO HOLDCO PTY LTD,68626190896,353474693,5554369,1666311,2019-20
AQUASURE FINANCE PTY LTD,35136072627,455747167,,,2019-20
AQUASURE HOLDINGS PTY LTD,46135956053,345810600,100902256,30270677,2019-20
AQUIREFX LIMITED,33111382560,803219134,,,2019-20
ARA GROUP LIMITED,47074886561,578687440,30035047,8907417,2019-20
ARJ GROUP HOLDINGS PTY LTD,31104958527,390413795,,,2019-20
ARROW COMMODITIES PTY LIMITED,17078081428,417101113,,,2019-20
ARROW ENERGY HOLDINGS PTY LTD,94141385293,361031551,,,2019-20
ASPEN MEDICAL PTY LTD,32105250413,529113202,157424342,47136454,2019-20
ASSOCIATED KILN DRIERS PTY. LIMITED,34004341048,458138680,2897213,783450,2019-20
ATI GLOBAL LIMITED,31634158204,297453347,5403858,,2019-20
ATLAS IRON PTY LTD,63110396168,1037970513,,,2019-20
AURECON GROUP PTY LTD,12133838187,751399578,81707999,24342141,2019-20
AUSGRID MANAGEMENT PTY LTD,83615449548,542963406,,,2019-20
AUSREO HOLDINGS PTY LIMITED,22125694055,257625864,8600528,2511789,2019-20
AUSTCORP GROUP (AUST) PTY LTD,81080926414,219770354,7324571,2194156,2019-20
AUSTRALASIAN FOODS HOLDCO PTY LIMITED,70612640329,330119976,,,2019-20
AUSTRALIA PACIFIC AIRPORTS CORPORATION LIMITED,89069775266,913504304,73724127,22117238,2019-20
AUSTRALIAN AGED CARE PARTNERS HOLDINGS PTY LTD,20162265983,411315000,838938,251681,2019-20
AUSTRALIAN BULLION COMPANY (NSW) PTY LTD LTD,82002858602,1062554480,,,2019-20
AUSTRALIAN COUNTRY CHOICE HOLDINGS PTY LTD,87009729999,620549647,,,2019-20
AUSTRALIAN GRAIN EXPORT PTY LTD,92073563185,679536131,4597631,1373213,2019-20
AUSTRALIAN LAMB COMPANY PTY LTD,51007340123,559380586,17077265,5123180,2019-20
AUSTRALIAN MEAT GROUP PTY LTD,75168396316,522053830,27529741,5015180,2019-20
AUSTRALIAN MOTOR GROUP PTY LTD,67095047902,281125338,17089726,4612633,2019-20
AUSTRALIAN PACIFIC (HOLDINGS) PTY LTD,43005419652,574089475,,,2019-20
AUSTRALIANSUPER PTY LTD,94006457987,555616693,177745,53324,2019-20
AUTO CLASSIC (W.A.) PTY LTD,66009124690,213242699,5625751,1687725,2019-20
AUTO CORNER PTY LTD,45009905079,209987510,11084352,3325306,2019-20
AUTOPACT PTY LTD,44608040606,1103920595,18648993,5594698,2019-20
AVANT MUTUAL GROUP LIMITED,58123154898,555088192,36356869,7594686,2019-20
AXICOM HOLDCO PTY LTD,78605798829,232036915,51078898,15323669,2019-20
AXICORP FINANCIAL SERVICES PTY LTD,85127606348,280108159,9065304,2719591,2019-20
B.M.D. HOLDINGS PTY. LIMITED,47010093348,1124850794,23886213,,2019-20
BADGE GROUP HOLDINGS PTY LTD,18606660271,318016147,6991289,2023283,2019-20
BAIADA POULTRY PTY LIMITED,96002925948,2109570561,50865840,12047881,2019-20
BALVERONA PTY LTD,78002826173,585385374,23562964,7041538,2019-20
BARTTER HOLDINGS PTY LIMITED,84104671561,2210615839,104068815,,2019-20
BATCHFIRE CALLIDE PTY LTD,55081022228,280855854,,,2019-20
BBMG INVESTMENTS PTY LTD,98624128749,210098159,4849020,1454706,2019-20
BBQSAM HOLDINGS PTY LTD,41159613706,829753564,100255,30076,2019-20
BEAUTY BAY PRODUCE PTY LTD,93051941854,239637294,,,2019-20
BEC FEED SOLUTIONS PTY LTD,36010345150,209131470,2151538,645461,2019-20
BECON CONSTRUCTIONS (AUSTRALIA) PTY LTD,78092361165,201851920,7914656,2374397,2019-20
BEST & LESS PTY LIMITED,29003724696,409164454,34052995,10215898,2019-20
BEST BAR PTY LTD,48068713539,251517602,,,2019-20
BGC (AUSTRALIA) PTY LTD,62005736005,1281092139,,,2019-20
BIG BEN HOLDINGS PTY LIMITED,63008434562,498545799,97043385,28134861,2019-20
BIG RIVER INDUSTRIES LTD,72609901377,249320647,4701778,1269936,2019-20
BING LEE ELECTRICS PTY LTD,61000733488,436373787,16252304,4875691,2019-20
BINTAN PTY LIMITED,18095076421,982495399,,,2019-20
BLACKMAGIC DESIGN PTY LTD,30098098287,475987468,79285259,16803570,2019-20
BLOC HOLDINGS (ACT) PTY LTD,74149091565,418874986,10032160,3009648,2019-20
BLONDIE TRADING PTY LTD,41621811845,514354929,,,2019-20
BLUNDSTONE AUSTRALIA PTY LTD,60009475852,223142126,46362390,13649579,2019-20
BM ALLIANCE COAL OPERATIONS PTY LTD,67096412752,969017629,,,2019-20
BOB JANE CORPORATION PTY LTD,52005870431,312722221,2183914,655174,2019-20
BONNEY ENERGY GROUP PROPRIETARY LIMITED,24053113992,366240793,2833111,849933,2019-20
BORG MANUFACTURING PTY LIMITED,31003246357,651086311,86762375,26028712,2019-20
BOWEN & POMEROY PTY LTD,78004174887,369138031,11124318,3337295,2019-20
BPL ADELAIDE PTY LIMITED,40108037798,402134188,10269574,3080872,2019-20
BRADNAMS WINDOWS AND DOORS PTY LTD,78010409819,275147616,23300163,6861478,2019-20
BRAVE LOGISTICS PTY LTD,73627919411,294502831,1081598,324479,2019-20
BRIDGEHILL HOLDINGS PTY LTD,38152744066,320161298,91811136,27543341,2019-20
BRIGHANN COTTON MARKETING PTY LTD,57143025307,205220460,740506,222152,2019-20
BUILDCORP GROUP PTY LIMITED,85091336168,524956151,14019455,4205836,2019-20
BURBANK AUSTRALIA PTY LTD,91007099872,276548076,,,2019-20
BURBANK TRADING PTY LTD,37011066934,217906266,7379202,2213761,2019-20
BYERWEN COAL PTY LTD,64133357632,629657438,35836480,10599682,2019-20
CAELLI CONSTRUCTIONS VIC PTY LTD,64080995204,227882932,6674049,,2019-20
CAIRNTON HOLDINGS PTY LIMITED,79008394134,213682728,26075271,,2019-20
CALIBRE GROUP PTY LTD,44100255623,470058402,,,2019-20
CALTHA HOLDINGS PTY LTD,32634130279,272451414,,,2019-20
CAMCARSTRUCKS PTY LTD,90169620213,832539854,27930377,8379113,2019-20
CANBERRA AIRPORT HOLDINGS PTY LTD,98008608928,353848481,166949456,38834922,2019-20
CARLISLE HOMES PTY LTD,86106263209,498452013,54783178,15749239,2019-20
CASELLA WINES PTY LIMITED,96060745315,515100332,73929418,22178825,2019-20
CATER CARE HOLDINGS PTY LTD,69603124812,292387737,10805602,3241681,2019-20
CBH GRAIN PTY LTD,39089394883,2761686613,,,2019-20
CDC GROUP HOLDINGS PTY LTD,67612332073,608125181,,,2019-20
CENTRAL EQUITY LIMITED 27006708738,27006708738,234033057,23138048,6941414,2019-20
CENTURY YUASA BATTERIES PTY LTD,66009685232,260428652,14738487,4421546,2019-20
CFT HOLDINGS COMPANY PTY LIMITED,42160294904,432732507,1266544,379963,2019-20
CH2 HOLDINGS PTY LTD,80113630505,1552698230,,,2019-20
CHINA TRAVEL SERVICE (AUSTRALIA) PTY LTD,76003003905,208893305,303809,91143,2019-20
CHS BROADBENT PTY LTD,94160423021,420093160,,,2019-20
CJD EQUIPMENT PTY LTD,63008754523,540605788,21117259,6335178,2019-20
CLAIWARD PTY LTD,11082992890,280988512,,,2019-20
CLEARLIGHT INVESTMENTS PTY LTD,59007543544,342492477,39645715,11862339,2019-20
CLINICAL LABORATORIES PTY LTD,62006823089,519617703,5992181,1538710,2019-20
CNW PTY LTD,48009669836,565222894,29449006,8834702,2019-20
COGI PTY LTD,15634090092,754768567,86801434,24075880,2019-20
COLIN JOSS & CO. PTY. LIMITED,73003538583,511522918,32530989,9759297,2019-20
COLUMBUS CAPITAL PTY LTD,51119531252,218399987,10042606,3012782,2019-20
COMMERCIAL MOTOR VEHICLES PTY LTD,84007874142,1306765750,32068849,9514154,2019-20
COMO GLASSHOUSE INVESTMENTS PTY LTD,49604272951,636491081,8002371,2398211,2019-20
CONSTRUCTION CONTROL PTY LIMITED,79150745154,542541472,22046574,6613972,2019-20
COOGEE CHEMICALS PTY LTD,37008747500,266565447,42660616,10447196,2019-20
COOPERS BREWERY LIMITED,13007871409,282045518,34064397,9970148,2019-20
CRAIG MOSTYN HOLDINGS PTY LIMITED,14008398356,281058630,7650160,1447908,2019-20
CRANPORT PTY LIMITED,77003854000,440700950,1128484,,2019-20
CROWN GROUP HOLDINGS PTY LTD,47125413443,360728646,40496381,12148914,2019-20
CW GROUP HOLDINGS LIMITED,83635851839,2891851757,349090889,104727267,2019-20
CXC CORPORATE SERVICES PTY LTD,58150274007,485608700,,,2019-20
D & E AIR CONDITIONING PTY LIMITED,24158631979,202299012,16989816,5096945,2019-20
D AND M LYONE HOLDINGS PTY LTD,45102456851,259345668,38303224,11481313,2019-20
DAHENA PTY LIMITED,34003081061,258805983,21955263,6586524,2019-20
DAHLSENS BUILDING CENTRES PTY LTD,30005032333,226654054,,,2019-20
DALRYMPLE BAY COAL TERMINAL PTY LTD,12010268167,257676550,27302538,8190761,2019-20
DARACON CONTRACTORS PTY LTD,82002344667,258085657,1676357,502907,2019-20
DDH1 HOLDINGS PTY LTD,91625946321,252363386,37926909,11378073,2019-20
DEICORP PTY LTD,55138180337,201817981,,,2019-20
DELTA AGRIBUSINESS PTY LTD,93118781445,307836102,11442102,3432631,2019-20
DELTA ELECTRICITY PTY LTD,66620205263,611752617,102553478,30766043,2019-20
DELTA GROUP HOLDINGS PTY LTD,37159149185,618870112,16526565,4957970,2019-20
DENGKOL PTY LTD,82005518258,362194587,5592351,1677705,2019-20
DENNIS FAMILY CORPORATION PTY LTD,67605630144,250438612,32307850,9156758,2019-20
DENNIS FAMILY HOLDINGS PTY LTD,39097641855,426921312,36394089,10918227,2019-20
DETMOLD HOLDINGS PTY LTD,87007527022,260575420,6485339,,2019-20
DEVELOPER GROUP HOLDINGS PTY LTD,47166966114,253417402,,,2019-20
DIB GROUP PTY LIMITED,87002889474,1479018443,56992495,17097748,2019-20
DICKER DATA LIMITED,95000969362,1642928816,78036172,23212293,2019-20
DIRECT FREIGHT EXPRESS PTY LIMITED,66060136870,295357345,9800912,2940274,2019-20
DIRECT GROUP INVESTMENTS PTY LTD,67602302205,264755137,,,2019-20
DISCOUNT TYRE AND WHEEL PTY LTD,31169153468,205368179,11414986,3424496,2019-20
DITH AUSTRALIA PTY LTD,21620953166,217016190,,,2019-20
DONEILYN PTY LTD,69007544836,299552876,9331844,1835268,2019-20
DORSOGNA LIMITED,27063427752,263940082,7180287,1098506,2019-20
DOWFORD INVESTMENTS PTY LTD,17093388446,200055306,7945340,,2019-20
DRAMET PTY LTD,59109544425,273734670,9349784,2801548,2019-20
DRYSDALE INVESTMENTS PTY LTD,86104614422,668872056,11835047,2739958,2019-20
DUCALA PTY LTD,38008031874,220169996,9623238,2886971,2019-20
DURATEC LIMITED,94141614075,235715723,18627111,4145108,2019-20
E.J. COOPER & SON PTY LIMITED,64000269750,462002268,142625179,42787554,2019-20
EAST YARRA FRIENDLY SOCIETY PTY LTD,44087648913,404118258,,,2019-20
EDEN BRAE HOLDINGS PTY LIMITED,42083807489,247989186,20506229,6151869,2019-20
EGO PHARMACEUTICALS HOLDINGS PTY LTD,34613741352,209626144,28369660,7241174,2019-20
EMPLOYERS MUTUAL MANAGEMENT PTY LTD,11001735191,325349558,2221910,666573,2019-20
ENAK HOLDINGS PTY LTD,94151868772,1034443746,42007161,12443185,2019-20
ENDEAVOUR ENERGY NETWORK MANAGEMENT PTY LTD,22617221495,272043225,,,2019-20
ENDEAVOUR WOOL EXPORTS PTY LTD,28621014293,225591429,,,2019-20
ENTITY SOLUTIONS SERVICES PTY LTD,24091536364,277482210,4246651,1273995,2019-20
ENVATO PTY LTD,11119159741,204690441,32643848,7759969,2019-20
EPHARMACY HOLDINGS PTY LTD,18612656701,251362403,,,2019-20
ESTHER INVESTMENT PTY LTD,68004459536,222957671,,,2019-20
EXACT CONTRACTING GROUP PTY LTD,65057760353,224062170,,,2019-20
EXCHANGE FOR CHANGE (NSW) PTY LIMITED,12620512469,399791578,1646266,493880,2019-20
F K GARDNER & SONS PTY LTD,99010136053,329396923,3124953,646057,2019-20
FACILITIES FIRST AUSTRALIA HOLDINGS PTY LTD,24620281236,286252782,9107942,2732383,2019-20
FAIRBROTHER PTY LTD,51009510561,249249927,5244402,1480311,2019-20
FDC GROUP HOLDINGS PTY LTD,68615183358,1156912336,80287701,24086310,2019-20
FINDEX GROUP LIMITED,40128588714,416884536,7119743,39117,2019-20
FINITE GROUP APAC PTY LIMITED,43085406300,379461948,18281262,5449387,2019-20
FIRSTMAC LIMITED,59094145963,240729557,53947802,16184341,2019-20
FITNESS AND LIFESTYLE GROUP TOPCO PTY LTD,50614113192,426442835,,,2019-20
FLETCHER INTERNATIONAL GROUP PTY LTD,75626211907,771418426,32141864,9642428,2019-20
FLINDERS PORT HOLDINGS PTY LTD,46117687313,265178890,31516754,9455026,2019-20
FORM 700 HOLDINGS PTY LTD,42102996378,301764646,2156667,647000,2019-20
FORMBAY TRADING PTY LTD,31146464995,254537970,1463765,439130,2019-20
FOX & LILLIE HOLDINGS PTY. LTD.,57004604844,392084880,,,2019-20
FREDON INDUSTRIES PTY LIMITED,12003361297,221207018,33350521,7817042,2019-20
FREEDMAN ELECTRONICS PTY LTD,91000576483,211535489,58705501,14699798,2019-20
FREIGHT MANAGEMENT HOLDINGS PTY LTD,14144724532,250947792,12855845,2218054,2019-20
FRESHMAX GROUP PTY LIMITED,33154789321,285818588,,,2019-20
FTA FOOD SOLUTIONS PTY LTD,82059480054,250051190,5516666,1655000,2019-20
FX HOLDCO PTY LIMITED,33609955062,316825319,232207182,69662155,2019-20
G JAMES PTY LTD,25009696404,382403284,,,2019-20
G&K O'CONNOR PTY LTD,49005934029,263633636,21274213,6382264,2019-20
GAIF 4-1 BORROWER COMPANY PTY LIMITED,55134604176,222919765,,,2019-20
GASMAK PTY LIMITED,71157730580,222614502,7000164,2100049,2019-20
GEOCON CONSTRUCTORS (ACT) PTY LTD,56163299769,358539470,4489077,1346723,2019-20
GEOCON LAND HOLDINGS GROUP PTY LTD,27601912949,222884024,980193,294058,2019-20
GEORGIOU GROUP PTY LTD,82073851948,501394663,7468372,2240512,2019-20
GERALDTON FUEL CO PTY LTD,29002844162,235249560,5019545,1505864,2019-20
GHD GROUP LIMITED,32118062258,1136418275,110998802,31858015,2019-20
GLOBAL RETAIL BRANDS PTY LTD,15117041960,242064022,28665766,8599730,2019-20
GLOBAL TRADE HOLDING PTY LTD,51169199366,1326660183,24290,7287,2019-20
GMP PHARMACEUTICALS PTY LIMITED,80063353006,249786244,32623503,8652549,2019-20
GN RESIDENTIAL CONSTRUCTION PTY LTD,96159614310,252913156,140203,42061,2019-20
GOLD BULLION AUSTRALIA HOLDINGS PTY LTD,51606574618,204970317,2569425,691380,2019-20
GOLDEN COCKEREL PTY LTD,84009906432,281327292,4522250,786929,2019-20
GRACE WORLDWIDE (AUSTRALIA) PTY LTD,90070345845,217359765,19137072,5733493,2019-20
GRANT THORNTON AUSTRALIA LIMITED,41127556389,257411079,62282228,18684668,2019-20
GREATON HOLDINGS PTY LTD,75601672584,209978247,,,2019-20
GRILL'D PTY LTD,17106297394,235570756,1169091,350727,2019-20
GROSVENOR ENGINEERING GROUP PTY LTD,12003608795,218838088,7692443,1853348,2019-20
GROWTHBUILT PTY LTD,43115132020,229958141,615578,184673,2019-20
GSA CAPITAL PTY LTD,41004948298,262498120,18901954,3783346,2019-20
GUNNERSEN COMPANIES PTY LTD,42004560605,261871697,7280325,2169454,2019-20
HAMILTON & MARINO HOLDINGS PTY LTD,72145812228,375160374,7607741,2282322,2019-20
HANCOCK PROSPECTING PTY LTD,69008676417,3661986578,2175812984,652729505,2019-20
HANSEN YUNCKEN PTY LTD,38063384056,1222837535,,,2019-20
HAZELDENE'S CHICKEN FARM PROPRIETARY LIMITED,72004381346,324672163,17582238,5274671,2019-20
HEARTLAND GROUP PTY LIMITED,96001235392,289835559,4722674,1415675,2019-20
HEAT TO EAT HOLDINGS PTY LTD,22165321237,200297557,2849113,,2019-20
HEMMES GROUP PTY LTD,53105332376,329424651,167536,50261,2019-20
HICKORY GROUP HOLDINGS LIMITED,11617050914,581944274,25592779,7677834,2019-20
HIGHBROOK HOLDINGS PTY LTD,32157828058,371516426,22884839,6865452,2019-20
HINDMARSH CONSTRUCTION AUSTRALIA PTY LTD,15126578176,496870910,,,2019-20
HIRSCH FINANCIAL PTY LTD,16132753167,308818114,1856956,557087,2019-20
HONAN HOLDINGS PTY LIMITED,31000392727,1404974749,20906572,4203800,2019-20
HUDSON HIGHLAND (APAC) PTY LIMITED,14074319396,354128297,,,2019-20
HUON AQUACULTURE GROUP PTY LTD,79114456781,357064394,,,2019-20
HWG HOLDINGS PTY LTD,65115398322,714929917,52718690,15570182,2019-20
IMC PACIFIC HOLDINGS PTY LIMITED,83099273819,372355384,32447619,8968101,2019-20
INDUSTRY SUPER HOLDINGS PTY LTD,71119748060,745069745,168439523,49392353,2019-20
INSURANCE MANUFACTURERS OF AUSTRALIA PTY LTD,93004208084,4758939505,404605042,119849695,2019-20
INTERACTIVE PTY LTD,17088952023,220076380,20946724,6284017,2019-20
INTERFLOW HOLDINGS PTY LIMITED,64097822592,225358696,24414569,6965894,2019-20
INTERIORCO PTY LTD,76128905564,257923182,,,2019-20
INTERNATIONAL CAPITAL MARKETS PTY. LTD.,12123289109,812756889,619863384,185959015,2019-20
INTERNATIONAL LIVESTOCK EXPORT PTY LTD,54009400846,324694701,10385092,3115400,2019-20
INTREPID GROUP LIMITED,30131952513,417697651,20254449,2829903,2019-20
IRELAND BROWN CONSTRUCTIONS PTY LTD,69111715621,221875786,16160307,4848092,2019-20
J & V MCGRATH HOLDINGS PTY LTD,81122411778,216211471,4840722,1452217,2019-20
J G KING BUILDING GROUP PTY LTD,38142687554,210502753,,,2019-20
J HUTCHINSON PTY LTD,52009778330,2878668106,49827427,14886281,2019-20
J&F AUSTRALIA PTY LTD,72150917285,1109464122,776356,232907,2019-20
J. CORDINA INVESTMENTS PTY LTD,99000528281,330829229,,,2019-20
J. J. RICHARDS & SONS PTY LTD,40000805425,935560763,104965897,30287503,2019-20
JADE KING HOLDINGS PTY LTD,86611994917,213457965,5349986,1604996,2019-20
JANART HOLDINGS PTY LTD,13092037262,249835109,3268510,972803,2019-20
JELLINBAH GROUP PTY LTD,54010754793,1635256745,576377413,172593435,2019-20
JK INTERNATIONAL PTY LTD,49010127750,539449209,90,,2019-20
JMC AUTOMOTIVE GROUP PTY LTD (JACKSON FORD) FORD),83009479190,290382422,1633544,490063,2019-20
JOLIMONT DEVELOPMENT FINANCE PTY LTD,94094356779,980027257,20553046,6016089,2019-20
JQZ HOLDINGS PTY LTD,36111636983,273032504,99008464,29702539,2019-20
JWH GROUP PTY LTD,84098664709,201177419,,,2019-20
KA & MD INVESTMENTS PTY. LTD.,40120126589,370309354,28643004,8592901,2019-20
KAGERA PTY LTD,58008478797,277233126,26071404,7496366,2019-20
KAIZEN MOTORS PTY LTD,67603805278,256253943,4292515,1287754,2019-20
KARINYA TRADING PTY. LTD.,94005846373,231065125,2362885,708866,2019-20
KEEMA HOLDINGS PTY LTD,28097123389,212717682,2721268,816380,2019-20
KENNARDS HIRE PTY LIMITED,69001740727,374917793,47007754,13473051,2019-20
KENNARDS SELF STORAGE PTY LIMITED,57001805036,285180063,65620696,19554827,2019-20
KIM AN PTY. LIMITED,78083083489,240576341,31169609,9350875,2019-20
KIN GROUP PTY LTD,11095313714,474475097,,,2019-20
KINETIC IT PTY LTD,97072941943,224233778,23593479,6224174,2019-20
KKKK PTY LIMITED,18062618964,341331357,9096376,2728913,2019-20
KUWAIT PETROLEUM AVIATION (AUSTRALIA) PTY LIMITED,88122531631,513703960,,,2019-20
L.U. SIMON BUILDERS PTY LTD,38006137220,341359017,11022316,3306695,2019-20
LEADER COMPUTERS PTY LTD,24093139354,350920066,20491114,6147334,2019-20
LEONARDO HOLDCO PTY LTD,63629681116,487100437,18428185,5528456,2019-20
LEONE FAMILY HOLDINGS PTY LTD,69618356586,661251098,20157644,6047293,2019-20
LFG 16 PTY LIMITED,14154393950,211177187,23786501,6347936,2019-20
LIBERTY OIL HOLDINGS PTY LTD,67068080124,1645674939,,,2019-20
LINFOX PTY LTD,59004667298,2425615506,107208594,29140178,2019-20
LIPMAN GROUP HOLDINGS PTY LIMITED,62150243682,254800708,10463576,3139073,2019-20
LITE N' EASY PTY LTD,33010655820,209040744,8735523,799229,2019-20
LIVE NATION AUSTRALASIA PTY LTD,69156286341,256747056,15582843,4572911,2019-20
LONSDALE FINANCE PTY LIMITED,72614453566,200325804,,,2019-20
LOUIS DREYFUS COMPANY MELBOURNE HOLDINGS PTY LTD,18161877185,755003629,,,2019-20
LOWES MANHATTAN PTY LTD,31000307666,246334302,16662207,4998289,2019-20
LYNCH GROUP HOLDCO PTY LTD,35608543219,222595641,14292716,4287815,2019-20
M J LUFF PTY LTD,52001001850,295034638,497856,,2019-20
MACA MINING PTY LTD,22102886064,562475764,8685337,2605601,2019-20
MADER CONTRACTING PTY LTD,36114021537,202367093,22729213,6818764,2019-20
MAINBRACE CONSTRUCTIONS PTY LIMITED,45002970658,342332000,14594120,4378236,2019-20
MARRAKECH ROAD PTY LTD,45165867372,251748749,4406212,1321864,2019-20
MASTERTON CORPORATION HOLDING COMPANY PTY LIMITED,56055692825,230895972,15517496,4655249,2019-20
MAURICE BLACKBURN PTY LTD,21105657949,244958646,17851837,5355551,2019-20
MAXCON CONSTRUCTIONS PTY LTD,69152259820,289281145,39043749,11713125,2019-20
MAXI-TANKERS PTY LTD,22117406934,397376317,,,2019-20
MAYFLOWER ENTERPRISES PTY LTD,48607181662,344794886,3438334,,2019-20
MCDONALD JONES HOMES PTY LTD,59089524050,891065291,31675855,9502756,2019-20
MCINTOSH HOLDINGS PTY LTD,28008675876,227490944,8054509,2416353,2019-20
MCMAHON SERVICES AUSTRALIA PTY LTD,75097072565,266942502,7138755,2141627,2019-20
MCNAB DEVELOPMENTS (QLD) PTY LTD,63118748548,300071317,7140643,2142193,2019-20
MEDINA PROPERTY SERVICES PTY LIMITED,36062326176,229514412,,,2019-20
MERITON PROPERTIES PTY LIMITED,49000698626,1449164053,,,2019-20
MESH AND BAR PTY LTD,35084464746,276230973,24692026,7407608,2019-20
METHUSELAH HOLDINGS PTY LTD,45611923383,290082001,,,2019-20
MEYER TIMBER PTY LTD,54005314321,207210806,4447019,1334106,2019-20
MHPL INVESTMENTS PTY LTD,17010584031,481892286,21130452,6339136,2019-20
MIDFIELD MEAT INTERNATIONAL PTY LTD,78065864904,721446132,31611166,9483350,2019-20
MINERALOGY INTERNATIONAL LIMITED,39632245446,350932355,296920940,89076238,2019-20
MLG OZ LIMITED,53102642366,208594217,3162280,948684,2019-20
MORGANS HOLDINGS (AUSTRALIA) LIMITED,80050413682,292641691,28790373,8632569,2019-20
MORT & CO HOLDINGS LTD,54606165128,498677751,1766876,,2019-20
MOY INVESTMENT PTY LTD,11169154572,527516337,,,2019-20
MPA HOLDINGS (AUST) PTY LTD,20609473421,281595801,12887671,3866301,2019-20
MPD DAIRY PRODUCTS PTY LTD,55001442520,324866517,10054810,3016434,2019-20
MSP ENGINEERING PTY LTD,64009449950,209879279,,,2019-20
MTHA PTY LTD,92626588789,342646070,660991,198297,2019-20
MUIR GROUP PTY LTD,16004732656,317254881,14443324,4330830,2019-20
MULAWA HOLDINGS PTY LIMITED,18000259834,464954628,3568005,945594,2019-20
MULTIGATE MEDICAL PRODUCTS PTY LTD,98003283529,212106148,44304691,13139042,2019-20
N G P LORIMER PTY LIMITED,98610702988,204379560,,,2019-20
N.H.P. HOLDINGS PROPRIETARY LIMITED,21004745644,454725306,25554774,7666432,2019-20
NATIONAL GROUP CORPORATION PTY LTD,32629791153,249399752,,,2019-20
NCIG HOLDINGS PTY LIMITED,98124700483,457494456,,,2019-20
NETWORK FINANCE COMPANY PTY LTD,17617869511,548919921,4480,1344,2019-20
NEW AIM PTY LTD,50115804432,277363827,47896821,14369046,2019-20
NGP INVESTMENTS NO 1 PTY LTD,80001495352,1089750527,79959395,11102904,2019-20
NOLAN MEATS PTY LTD,81096869304,267397197,10751246,2603189,2019-20
NORCO WHOLESALERS PTY LTD,78003630055,594814427,,,2019-20
NORGAP PTY LIMITED,34008553955,271890678,42165138,772121,2019-20
NORRIS ENTERPRISES PTY LTD,92001917853,202325154,11078355,3053506,2019-20
NORTHWESTERN ROADS GROUP PTY LTD,21169328330,420615275,1643634,493090,2019-20
NOVA AEROSPACE PTY LTD,11090818214,229446960,16633365,4955984,2019-20
NOVA ENTERTAINMENT RADIO INVESTMENTS PTY LIMITED,64603324929,217614075,29046921,5435504,2019-20
NSW ELECTRICITY NETWORKS FINANCE PTY LTD,66609171913,236131061,,,2019-20
NSW PORTS FINANCE CO PTY LIMITED,83161943497,239071657,,,2019-20
OCWEN ENERGY PTY LTD,44605178578,1122445483,6093663,1828099,2019-20
OLBIA PTY LIMITED,64000305304,389465270,66887669,17233461,2019-20
OMEGA MATERIALS HANDLING PTY LTD,75069624031,254345483,460966,138290,2019-20
OMN INVESTMENTS PTY LTD,26119990064,257152336,,,2019-20
ONEFORTYONE PLANTATIONS HOLDINGS PTY LTD,42159689942,381814999,,,2019-20
OTR 330 PTY LTD,86638301649,400071248,,,2019-20
OUTDOOR SUPACENTRE PTY LIMITED,30609212624,222738557,12090633,3627190,2019-20
PACIFIC PETROLEUM PTY LTD,31618546339,335638635,,,2019-20
PAMSIM PTY LTD,34083219318,203392606,5548157,1664447,2019-20
PARAWAY PASTORAL COMPANY LIMITED,14122572641,251764639,,,2019-20
PARKVIEW CERBERUS PTY LTD,44119071135,535030584,5432718,1629815,2019-20
PAUL RAMSAY HOLDINGS PTY LIMITED,33008446151,3289542941,421829097,49569239,2019-20
PAUL WAKELING MOTOR GROUP PTY LTD,47119908780,232209491,14163248,4248974,2019-20
PAYNTERS PTY LTD,32060951162,297033554,20591502,6177451,2019-20
PBS PROPERTY GROUP PTY LTD,39099677844,254105863,,,2019-20
PDH GROUP PTY LTD,26125135524,583505836,,,2019-20
PEDAL GROUP PTY LTD,67131402278,200263142,20849223,6254767,2019-20
PENFOLD MOTORS BURWOOD PTY LTD,28005667461,247092903,976256,292877,2019-20
PERRON INVESTMENTS PTY LTD,48000003976,630443899,475889374,138793709,2019-20
PERTH AIRPORT DEVELOPMENT GROUP PTY LTD,53076286630,529914440,144300725,42686461,2019-20
PETSTOCK PTY LTD,80098394588,303612265,28350472,8361247,2019-20
PFD FOOD SERVICES PTY LTD,29006972381,2101492392,38973166,11503723,2019-20
PHARM-A-CARE LABORATORIES PTY LTD,99003468219,301683496,39322733,10573958,2019-20
PHARSALUS INVESTMENTS PTY LTD,88163462637,1322296753,48208556,14457281,2019-20
PHILIP USHER CONSTRUCTIONS PTY LTD,38011008101,206313407,45617556,7453811,2019-20
PIACENTINI & SON PTY LTD,18008797715,329500810,,,2019-20
PICKLES AUCTIONS PTY LTD,32003417650,428246224,60995355,18253672,2019-20
POMI PTY LIMITED,58129842664,431361174,602557,180767,2019-20
PPT INVESTMENTS PTY LTD,80000868860,240838829,4681968,1404590,2019-20
PRATT CONSOLIDATED HOLDINGS PTY LTD,43104958581,2864249543,109359174,15997429,2019-20
PRESTON MOTORS (HOLDINGS) PTY LIMITED,23004357279,295752974,,,2019-20
PRICEWATERHOUSECOOPERS ASEANZ CONSULTING PTY LIMITED,77606603436,699710925,,,2019-20
PRIVIUM PTY LTD,83100923297,271257474,,,2019-20
PRP DIAGNOSTIC IMAGING HOLDINGS PTY LIMITED,93615759898,293939385,59376390,17812917,2019-20
PTH NO 1 PTY LTD,43611116155,660063208,35985882,10481976,2019-20
PWA HOLDINGS ONE PTY LTD,57615674185,1276188564,21331966,6398561,2019-20
Q. AUTOMOTIVE GROUP PTY. LTD.,47010489460,209338088,2082869,581265,2019-20
QCOAL PTY LTD,99010911234,511549369,84554052,25294078,2019-20
QS IONA HOLDINGS PTY LTD,64608437298,245728211,,,2019-20
QSUPER LIMITED,50125248286,853738774,,,2019-20
QUARTZ REEF HILL INVESTMENTS PTY LTD,34612741812,532852255,52080407,15624122,2019-20
QUEENSLAND VENUE CO PTY LTD,57079861626,249361139,,,2019-20
R & P MATTHEWS PTY LTD,42054660374,286353571,6814628,2044388,2019-20
RACQ INSURANCE LIMITED,50009704152,1178009403,61217107,18294662,2019-20
RACQ OPERATIONS PTY LTD,80009663414,505794406,3228215,,2019-20
RAMPAGE RETAIL PTY LTD,66600817178,733676791,1256003,376801,2019-20
REDOX GROUP PTY LTD,42627118101,698198896,59599887,17879919,2019-20
REGAN HOLDINGS PTY LIMITED,61073039791,224350807,3017514,905254,2019-20
REGENT MOTORS PTY LTD,12008685087,216686273,6517976,128161,2019-20
RETFORD PTY LTD,34008830911,243539736,230047385,358998,2019-20
RIBSHIRE PTY LTD T/A GOODLINE,40085847892,316685001,,,2019-20
RICHARD CROOKES CONSTRUCTIONS PTY LIMITED,33001375266,1607536188,33426638,10027991,2019-20
RIDDOCH HOLDINGS PTY LTD,85610959727,225479484,,,2019-20
RIORDAN GROUP PTY LTD,35076271148,275588294,,,2019-20
RITCHIES STORES PTY LTD,61005041814,1255263243,41267019,12380106,2019-20
RIVIERA AUSTRALIA PTY LTD,55139663906,206926663,13397069,85706,2019-20
ROBERTS PIZZAROTTI PTY LIMITED,83616561678,226777769,,,2019-20
ROBINSON GRAIN TRADING CO. PTY. LTD.,71079213219,340315869,2170561,651168,2019-20
ROCKPOOL DINING GROUP PTY LTD,79607717206,277465349,,,2019-20
ROSS HOUSE INVESTMENTS PTY LTD,98004360392,348596290,1812145,543644,2019-20
ROY HILL HOLDINGS PTY LTD,71123721077,6486384939,2145855764,643756729,2019-20
RSEA HOLDCO PTY LTD,80625934116,294870097,24365956,7309787,2019-20
RTCH PTY LTD,66616357487,546582406,106008434,31322500,2019-20
SALMAT LIMITED,11002724638,253110908,,,2019-20
SAMIOS PLUMBING PTY LTD,91010360899,221751073,3647057,1008403,2019-20
SAMUEL SMITH & SON PTY LTD,64007534278,283090080,13143073,3777031,2019-20
SANTE GLOBAL PTY LTD,75640677783,726052850,277592249,83277675,2019-20
SANWA PTY LIMITED,96000904987,310001036,8106313,2431828,2019-20
SCIFLEET MOTORS PTY LTD,25057783749,617137875,24254740,7276422,2019-20
SEAWAY HOLDINGS PTY LTD,82616470010,237672152,1450032,425768,2019-20
SEE GROUP PARENT PTY LTD,47626830206,233525571,7517778,2255333,2019-20
SELL & PARKER PTY LIMITED,98000101315,287770915,12337821,3701346,2019-20
SERVCO AUSTRALIA MELBOURNE CITY PTY LTD,96616073226,302050545,3002650,900795,2019-20
SERVICENOW AUSTRALIA PTY LTD,88149683312,256272380,,,2019-20
SFG GROUP HOLDINGS PTY LTD,,854903075,,,2019-20
SHADFORTH'S CIVIL PTY LTD,68162606377,398209149,14315351,4294605,2019-20
SHAPE AUSTRALIA HOLDINGS PTY LTD,93008656264,732125877,26814000,8044200,2019-20
SHEPPARTON PARTNERS COLLECTIVE LTD,73633389394,289458523,43855625,12201204,2019-20
SIENNA FUNDS MANAGEMENT PTY LTD,97125942225,281303357,,,2019-20
SIGNAL ENERGY AUSTRALIA PTY LTD,92623114090,253726142,1101035,330310,2019-20
SLAJAN TRADING PTY LTD,65619418414,952998446,,,2019-20
SLECO PTY. LTD.,25007893781,349937867,6378562,1896628,2019-20
SMRM HOLDINGS PTY LTD,85168760861,566829122,16929750,5078925,2019-20
SOB TRADING PTY LIMITED,72607610622,455468006,80787,24236,2019-20
SPM FRESH HOLDINGS PTY LTD,21161701337,300524000,,,2019-20
SQUARE RESOURCES HOLDING PTY LTD,67142476631,277339250,5342029,1602609,2019-20
STELLA FOODS AUSTRALIA PTY LTD,77156644834,261968274,1947583,584275,2019-20
STODDART GROUP PTY LTD,82010744751,282351446,4531970,909591,2019-20
STOWE AUSTRALIA PTY LTD,27002556603,565622605,47426420,14227926,2019-20
SUNNY QUEEN PTY LIMITED,31060702034,413258568,17083215,4692492,2019-20
SUNPORK FRESH FOODS PTY LTD,24135230545,333468014,727769,218331,2019-20
SURFIT CAPITAL PTY LTD,82612058867,293263765,18659,5598,2019-20
SUTTONS INVESTMENTS PTY LTD,84008446428,1527712193,28867045,8659106,2019-20
SYDNEY TOOLS PTY LTD,19112852285,340350859,30418126,9125438,2019-20
SYMAL INFRASTRUCTURE PTY LTD,87130808276,214583153,6815549,2044665,2019-20
SYMON BROS CONSTRUCTIONS (VIC) PTY LTD,46005194043,216762353,5354322,1606297,2019-20
SYSTEMATIC TRADING TECHNOLOGIES PTY LT,39130626130,383218153,79919,23976,2019-20
T.F. WOOLLAM HOLDINGS PTY LTD,41106564354,236651003,2777887,833366,2019-20
TALENT INTERNATIONAL HOLDINGS PTY LIMITED,28131419577,598186414,10799662,3239899,2019-20
TANDEM CORP PTY LTD,89612789983,421307577,3209915,962974,2019-20
TATTARANG CAPITAL PTY LTD,40161233674,450694162,150330872,1500330,2019-20
TAYLOR CORPORATION PTY LIMITED,40146589344,466102095,23463826,7039148,2019-20
TCAPL PTY LTD,65601572472,296972869,,,2019-20
TECHWOOL TRADING PTY LTD,69006145955,450999608,57455,17236,2019-20
TEEG TOPCO PTY LTD,52622408422,219912109,,,2019-20
TEMPO GROUP HOLDINGS PTY LTD,63607698153,232942562,5336097,1568772,2019-20
TEYS AUSTRALIA PTY LTD,38009872600,2961917867,260538872,70081034,2019-20
THE BROWN & HURLEY GROUP PTY. LTD.,66010732966,430076913,23911834,7173524,2019-20
THE FOURTH FORCE PTY LTD,22084438773,537515053,5111747,1519350,2019-20
THOMAS FOODS INTERNATIONAL CONSOLIDATED PTY LTD,20105099849,1465023189,32344085,8846700,2019-20
THORNEY INVESTMENT GROUP AUSTRALIA PTY LTD,37117488892,306856052,25415763,1026838,2019-20
TIMBERLINK AUSTRALIA PTY LTD,12161713015,256912721,36643708,6810381,2019-20
TIVOLI INVESTMENTS PTY LTD,90165718070,274913442,20279320,6005066,2019-20
TOMKINS COMMERCIAL & INDUSTRIAL BUILDERS PTY LTD BUILDERS PTY LTD,98061732778,230559938,12679812,3803944,2019-20
TOP WAREHOUSE WHOLESALE PTY LTD,71613825817,234756417,15070632,4521190,2019-20
TOPLACE PTY LTD,63135918491,238583158,,,2019-20
TRANSURBAN QUEENSLAND FINANCE PTY LIMITED,16169093850,241740096,1472971,441891,2019-20
TRU BLU BEVERAGES PTY LIMITED,77151411764,224178877,1694445,508334,2019-20
TRUCK CENTRE (WA) PTY LTD,19120476879,217944240,7847536,2354261,2019-20
TRUE ALLIANCE PTY LIMITED,25098282001,213431452,,,2019-20
TURI FOODS PTY LTD,29057142971,549680869,,,2019-20
TUROSI FARMING PTY LTD,43626773126,270541631,,,2019-20
TYNAN MOTORS HOLDINGS PTY LTD,15002448446,309929536,6217141,1865142,2019-20
UNISUPER MANAGEMENT PTY LTD,91006961799,264048804,58638670,17591601,2019-20
UNITED GLOBAL LOGISTICS PTY LTD,28144641154,277402420,4822859,1232023,2019-20
UNITED TERMINALS PTY LTD,73129440955,1937214123,,,2019-20
UNIVERSAL PROPERTY GROUP PTY LIMITED,98078297748,478338595,,,2019-20
USINCH PTY LIMITED,24060571673,338373161,32964135,9836740,2019-20
VEGIE BANDITS PTY LTD,31079441044,406312690,17054030,5116209,2019-20
VENTIA SERVICES GROUP PTY LIMITED,53603253541,1909176760,61256417,15760722,2019-20
VENTURA MOTORS PTY LTD,67004235518,282379495,31955924,9586777,2019-20
WALKER GROUP HOLDINGS PTY LIMITED,81001215069,739999006,,,2019-20
WARMOLL FOODS PTY LIMITED,49152503092,252714303,12710446,3813091,2019-20
WCX STATE WORKS CONTRACTOR PTY LTD,65624154089,428675432,,,2019-20
WH MCCARTHY PTY LTD,73000004893,415626407,4989214,1496764,2019-20
WICET HOLDINGS PTY LTD,26131210001,484135631,,,2019-20
WILLIAM ADAMS PTY LTD,72009569493,498663983,39482486,11335496,2019-20
WILMAR TRADING (AUSTRALIA) PTY LTD,58128080455,824903903,14959030,4380512,2019-20
WILSON TRANSFORMER HOLDINGS PTY LTD,24109811136,209897300,,,2019-20
WIN CORPORATION PTY LTD,43000737404,236285695,1213352,,2019-20
WINNING APPLIANCES PTY LIMITED,94002193688,235554623,8929232,2271570,2019-20
WINNING ONLINE GROUP PTY LIMITED,99151836314,400451878,4746949,,2019-20
WISDOM PROPERTIES GROUP PTY LTD,82089425829,210957750,8895634,2668690,2019-20
WOODWARD FOODS AUSTRALIA PTY LTD,93623470575,271776807,1018859,305658,2019-20
WORKPAC PTY LTD,52111076012,1397017290,,,2019-20
WORLEY POWER SERVICES PTY LTD,50112723181,214544574,,,2019-20
WRIGHT PROSPECTING PTY LTD,35008677021,301611458,292430029,87729009,2019-20
ZIMMERMANN WEAR PTY. LIMITED,13062643609,208129007,44227647,13207408,2019-20
