company_name,abn,total_income,taxable_income,tax_payable,income_year
150 INVESTMENTS PTY LTD,49070550159,247183880,353115085,,2016-17
21ST CENTURY RESORT HOLDINGS PTY LTD,33104201014,253742807,8200990,2460297.0,2016-17
3M AUSTRALIA PTY LTD,90000100096,465028621,15721460,3063687.0,2016-17
7 HOLDINGS PTY LTD,31005620851,2845610238,28837900,7836308.0,2016-17
A P EAGERS LIMITED,87009680013,3767486811,108962575,24300076.0,2016-17
A.C.N 003 933 300 PTY LTD,58003933300,444441585,5598734,1679620.0,2016-17
A.C.N. 004 410 833 LIMITED (SUBJECT TO DEED OF COMPANY ARRANGEMENT),63004410833,4797524133,,,2016-17
A.C.N. 085 239 998 PTY LTD,39085239998,620934598,64042779,19212834.0,2016-17
A.E SMITH & SON PTY LTD,54004274793,136864354,,,2016-17
A.P.G CO PTY LTD,62104265652,215688442,5892030,1767609.0,2016-17
A2 AUSTRALIAN INVESTMENTS PTY. LIMITED.,93126014275,426190492,17526748,5194304.0,2016-17
A2 INFANT NUTRITION LIMITED,81618864958,280058501,72178207,21653462.0,2016-17
AA HOLDINGS PTY LTD,94112233744,535437125,45740344,13722103.0,2016-17
AAIG PTY LTD,29141027732,276825717,,,2016-17
AAPC LIMITED,87009175820,655931550,44999236,12079549.0,2016-17
ABACUS GROUP HOLDINGS LIMITED,31080604619,119138610,8825561,2636418.0,2016-17
ABB GROUP INVESTMENT MANAGEMENT PTY LTD,47082803852,1012687984,1407350,,2016-17
ABBOTT AUSTRALASIA PTY LIMITED,95000180389,326339200,21879614,6563884.0,2016-17
ABBVIE PTY LIMITED,48156384262,357577384,28847297,3805470.0,2016-17
ABC TISSUE PRODUCTS PTY LIMITED,33003085112,468569530,63598616,19079531.0,2016-17
ABCORP GROUP (AUSTRALASIA) PTY LTD,71118294536,131773067,,,2016-17
ABI AUSTRALIA HOLDING PTY LTD,99615290849,982523751,21182730,,2016-17
ABN AMRO CLEARING SYDNEY PTY LTD,36081279889,119319018,10123577,3037073.0,2016-17
ABN GROUP (VIC) PTY LTD,82130382188,280617627,4315059,1294518.0,2016-17
ABP FINANCE PTY LIMITED,58139991101,470512892,,,2016-17
ABSOLUTE EQUITY PERFORMANCE FUND LIMITED,17608552496,122050016,,,2016-17
ABT ASSOCIATES AUSTRALIA PTY LTD,72161695156,134745198,579127,173738.0,2016-17
ACCENT GROUP LIMITED,85108096251,635915986,57699313,16712427.0,2016-17
ACCENTURE AUSTRALIA HOLDINGS PTY LIMITED,61096995649,1825049190,89173327,23993145.0,2016-17
ACCIONA AGUA AUSTRALIA PTY LTD,84128531742,521424383,10670425,,2016-17
ACCIONA CONSTRUCTION HOLDINGS PTY LTD,59114553454,149434942,21153902,,2016-17
ACCO BRANDS AUSTRALIA HOLDING PTY LIMITED,58130787923,225601000,36504148,10565529.0,2016-17
ACCOLADE WINES HOLDINGS AUSTRALIA PTY LIMITED,56103359299,509037614,,,2016-17
ACER COMPUTER AUSTRALIA PTY LIMITED,78003872768,313113580,,,2016-17
ACFS PORT LOGISTICS PTY LTD,95603120047,217899579,,,2016-17
ACM AUTOS PTY LTD,66121604082,107120297,4953409,1486023.0,2016-17
ACN 607537548 PTY LTD,13607537548,1366368187,,,2016-17
ACTAVIS PHARMA PTY LTD,95147695225,102526743,,,2016-17
AD ASTRA HOLDINGS PTY LTD,19111061726,351578705,88402003,26520601.0,2016-17
ADAIRS LIMITED,50147375451,263279734,26885817,8065745.0,2016-17
ADAMA AUSTRALIA HOLDINGS PTY LTD,31108759495,201820673,7279885,2183966.0,2016-17
ADANI ABBOT POINT TERMINAL HOLDINGS PTY LTD,17154644685,442570245,,,2016-17
ADAPT-A-LIFT GROUP PTY LTD,81605149568,240598425,15625141,401828.0,2016-17
ADCO CONSTRUCTIONS (VIC) PTY LIMITED,15094531272,309209727,,,2016-17
ADCO CONSTRUCTIONS PTY LIMITED,46001044391,800282966,1328049,,2016-17
ADCOME PTY LTD,99110315681,412188668,,,2016-17
ADCORP HOLDINGS AUSTRALIA PTY LIMITED,91161583893,536178776,7067009,2120103.0,2016-17
ADECCO HOLDINGS PTY LTD,11003652088,522929167,,,2016-17
ADELAIDE AIRPORT LIMITED,78075176653,228231757,43973390,13192017.0,2016-17
ADELAIDE BRIGHTON LIMITED,15007596018,1440641218,250699896,70753185.0,2016-17
ADIDAS AUSTRALIA PTY LTD,80058390659,365424460,25144665,7543400.0,2016-17
ADM TRADING AUSTRALIA PTY LTD,92126806979,887591162,,,2016-17
ADOBE SYSTEMS PTY LTD,72054247835,314904818,14635783,4390735.0,2016-17
ADSHEL STREET FURNITURE PTY LIMITED,77000081872,285876198,17604294,5281288.0,2016-17
AERIS RESOURCES LIMITED,30147131977,177191384,,,2016-17
AFFINITY CHILDCARE HOLDINGS PTY LIMITED,72607818057,234536337,12462888,3738866.0,2016-17
AGCO AUSTRALIA LIMITED,89004092684,256117979,7166000,2149800.0,2016-17
AGGREKO GENERATOR RENTALS PTY LTD,66001991457,124731111,,,2016-17
AGILENT TECHNOLOGIES AUSTRALIA PTY LTD,29088510605,103105463,26454368,1725529.0,2016-17
AGILITY LOGISTICS HOLDINGS PTY LTD,62116779876,204074868,,,2016-17
AGL ENERGY LIMITED,74115061375,14962497636,544738528,163271559.0,2016-17
AGL GENERATION HOLDCO PTY LIMITED,46155768291,1241560002,,,2016-17
AGNVET MANAGEMENT SERVICES PTY LIMITED,91087675465,333875545,10598563,3107998.0,2016-17
AGREX AUSTRALIA PTY LTD,57168277101,259653653,,,2016-17
AGRICULTURAL BANK OF CHINA LIMITED,48848300367,107477999,12821290,3846387.0,2016-17
AGRIFOODS GLOBAL PTY LIMITED,63102428571,631006235,952156,285647.0,2016-17
AGRIUM SP HOLDINGS PTY LIMITED,58146674400,2395438497,10428416,,2016-17
AHL HOLDINGS PTY LIMITED,79105266073,343678138,83390529,25017159.0,2016-17
AHRENS GROUP PTY LTD,76114260230,212699475,16414857,4831350.0,2016-17
AIA AUSTRALIA LIMITED,79004837861,3416508665,145257645,40606394.0,2016-17
AIG AUSTRALIA LIMITED,93004727753,1070008316,43053214,10892478.0,2016-17
AINSWORTH GAME TECHNOLOGY LTD,37068516665,146762732,69998626,12727343.0,2016-17
AIOI NISSAY DOWA INSURANCE COMPANY AUSTRALIA PTY LTD,11132524282,155359378,,,2016-17
AIR LIQUIDE AUSTRALIA LIMITED,57004385782,340140387,42141934,10123009.0,2016-17
AIR SERVICES ANZ PTY LTD,54167311551,213733159,18280976,5484293.0,2016-17
AIRBUS GROUP AUSTRALIA PACIFIC HOLDINGS PTY LTD,75003066788,681376353,54597935,13130462.0,2016-17
AIRPORT MOTORWAY HOLDINGS PTY LTD,55078322531,136059577,,,2016-17
AIRSERVICES AUSTRALIA,59698720886,1077530430,,,2016-17
AKZO NOBEL COATINGS (HOLDINGS) PTY LTD,51000285012,264466767,23664920,7099476.0,2016-17
ALCATEL-LUCENT AUSTRALIA LIMITED,97000005363,659027000,17548763,5215145.0,2016-17
ALCOA AUSTRALIAN HOLDINGS PTY LTD,33096987370,372395465,428044729,,2016-17
ALCOA OF AUSTRALIA LTD,93004879298,3416237867,659773538,192527269.0,2016-17
ALDI FOODS PTY LIMITED,18086210139,7207185590,251749313,75524794.0,2016-17
ALH GROUP PTY LTD,68098212134,4215782939,381083077,114324923.0,2016-17
ALIMFRESH PTY LIMITED,78002831843,258135519,51426339,5699748.0,2016-17
ALINTA ENERGY PTY LIMITED,64614975629,2225303934,,,2016-17
ALKANE RESOURCES LIMITED,35000689216,118477584,3705413,,2016-17
ALLEGIS GROUP APAC HOLDINGS PTY LTD,84159406523,135191306,,,2016-17
ALLERGAN AUSTRALIA PTY LIMITED,85000612831,208801548,11780822,3534247.0,2016-17
ALLIANCE AVIATION SERVICES LIMITED,96153361525,212046441,,,2016-17
ALLIANZ AUSTRALIA LIMITED,21000006226,5229305382,516481634,138246697.0,2016-17
ALLIED PINNACLE AUSTRALIA PTY LIMITED,61101262588,242594113,8643786,2593047.0,2016-17
ALMONDCO AUSTRALIA LIMTED,81062887352,192417112,456670,137001.0,2016-17
ALS LIMITED,92009657489,470827703,43216820,11834168.0,2016-17
ALSCO PTY LIMITED,26000435629,255722508,31714414,9509391.0,2016-17
ALSTOM TRANSPORT AUSTRALIA PTY LIMITED,68165157451,250692075,6343631,1903089.0,2016-17
ALTIUM LIMITED,93009568772,124925127,,,2016-17
ALTOMONTE HOLDINGS PTY LIMITED,18000821910,684001891,3092945,927884.0,2016-17
ALUMINA & BAUXITE COMPANY LTD,52692964098,208300685,,,2016-17
ALUMINA LIMITED,85004820419,203161482,265318069,,2016-17
ALUMINIUM SPECIALTIES GROUP PTY LTD,63001252259,260092231,21653662,6363701.0,2016-17
AMA GROUP LIMITED,50113883560,375103812,27394983,8092495.0,2016-17
AMACA PTY LIMITED,49000035512,349102461,,,2016-17
AMADEUS IT PACIFIC PTY LTD,22080674255,110678404,31037555,1173248.0,2016-17
AMAYSIM AUSTRALIA LTD,65143613478,322562715,32996748,7326296.0,2016-17
AMAZON CORPORATE SERVICES PTY LTD,95082931600,329854739,23049822,6914947.0,2016-17
AMAZON WEB SERVICES AUSTRALIA PTY LTD,63605345891,124697769,11693261,3507978.0,2016-17
AMCOR LIMITED,62000017372,4652015652,17527156,,2016-17
AMEC FOSTER WHEELER AUSTRALIA HOLDING COMPANY PTY LTD,23138831455,115784222,,,2016-17
AMERICAN EXPRESS AUSTRALIA LIMITED,92108952085,954900000,31268,9380.0,2016-17
AMERICOLD AUSTRALIAN HOLDINGS PTY LTD,48117491291,281609381,19634963,5834145.0,2016-17
AMEROPA AUSTRALIA PTY LTD,21009504394,536887442,1028106,,2016-17
AMGEN AUSTRALIA PTY LIMITED,31051057428,352352578,39587559,6187943.0,2016-17
AMP CAPITAL HOLDINGS LIMITED,69078651966,866205738,145431187,42523460.0,2016-17
AMP LIMITED,49079354519,25332012860,7429585124,821170941.0,2016-17
AMPLIFON AUSTRALIA HOLDING PTY LTD,34147231561,191320884,50546981,15164094.0,2016-17
ANDREWS MEAT INDUSTRIES PTY LTD,16600428537,159655721,7545122,2263537.0,2016-17
ANGLO AMERICAN AUSTRALIA LIMITED,47004892371,3118892554,63340550,,2016-17
ANGLOGOLD INVESTMENTS AUSTRALIA PTY LTD,48090112459,878343823,114309819,28103410.0,2016-17
ANL CONTAINER LINE PTY LTD,41083962136,360329168,41996643,11713736.0,2016-17
ANSALDO STS AUSTRALIA PTY LTD,34068707380,161895449,9270098,2229446.0,2016-17
ANSELL LIMITED,89004085330,296752296,35736414,10720924.0,2016-17
ANSVAR INSURANCE LIMITED,21007216506,137826503,3123996,937199.0,2016-17
ANTICIMEX PTY LTD,24162914374,151281430,9805777,2925162.0,2016-17
ANTIPODES GLOBAL INVESTMENT COMPANY LIMITED,38612843517,193029621,1320893,,2016-17
AON CONSOLIDATED GROUP PTY LTD,38090132675,526648461,97071992,28508320.0,2016-17
APCO SERVICE STATIONS PTY LTD,91007229898,293816530,13516033,4054810.0,2016-17
APH TOP CO PTY LIMITED,96608192374,347706616,24828823,7448647.0,2016-17
APN OUTDOOR GROUP LIMITED,57155848589,298920077,65654364,19660703.0,2016-17
APOTEX AUSTRALIA PTY LTD,48054124980,333607371,8392071,2517621.0,2016-17
APPLE PTY LTD,46002510054,8065292361,271485613,81384222.0,2016-17
AQUALAND BLUE DEVELOPMENT PTY LTD,65600938690,201761135,50357800,15107340.0,2016-17
AQUASURE FINANCE PTY LTD,35136072627,490967148,,,2016-17
AQUASURE HOLDINGS PTY LTD,46135956053,250882933,,,2016-17
ARA GROUP PTY LTD,47074886561,366882677,18756244,5618710.0,2016-17
ARAMEX FASTWAY HOLDINGS PTY. LTD.,86609553513,104566174,2019898,602593.0,2016-17
ARB CORPORATION LTD,31006708756,361422475,58978527,16501117.0,2016-17
ARCADIS AUSTRALIA PACIFIC HOLDINGS PTY LTD,56608711351,196548321,,,2016-17
ARCHITECTURAL WINDOW SYSTEMS PTY LIMITED,48067950903,112532602,8322560,2242178.0,2016-17
ARDENT LEISURE LTD,22104529106,282746710,,,2016-17
ARGO GLOBAL LISTED INFRASTRUCTURE LIMITED,23604986914,186885877,3340982,,2016-17
ARGO INVESTMENTS LIMITED,35007519520,246012241,362932701,34103072.0,2016-17
ARISTOCRAT LEISURE LTD,44002818368,1206546701,429978680,109126824.0,2016-17
ARJ GROUP HOLDINGS PTY LTD,31104958527,472073981,16125006,4837502.0,2016-17
ARKEMA PTY LTD,44000330772,140357399,,,2016-17
ARLA FOODS MAYER AUSTRALIA PTY LTD,78167620706,116346125,,,2016-17
ARNOTTS BISCUITS HOLDINGS PTY LTD,84080889621,1412965695,116127226,29706413.0,2016-17
ARRIS GROUP AUSTRALIA PTY LTD,24160967582,180716279,5902326,1770698.0,2016-17
ARROW COMMODITIES PTY LIMITED,17078081428,505484121,6574822,1972447.0,2016-17
ARROW ELECTRONICS ANZ HOLDINGS PTY LTD,90102589515,362702943,27909315,8372795.0,2016-17
ARROW ENERGY HOLDINGS PTY LTD,94141385293,230980948,,,2016-17
ARUP PTY LIMITED,18000966165,313286845,12677035,443230.0,2016-17
ARYZTA HOLDINGS ASIA PACIFIC PTY LIMITED,57146007365,150808266,4468618,1171022.0,2016-17
ASAHI HOLDINGS (AUSTRALIA) PTY LTD,48135315767,1549548891,30120084,,2016-17
ASALEO CARE LIMITED,61154461300,659367148,58542318,5623561.0,2016-17
ASC PTY LTD,64008605034,811190522,56811279,16849385.0,2016-17
ASCENDAS HOSPITALITY OPERATIONS PTY LTD,28156287857,146648978,3976990,1193097.0,2016-17
ASCIANO LIMITED,26123652862,1211938148,,,2016-17
ASG GROUP LIMITED,57070045117,175644031,,,2016-17
ASH 302 PTY LTD,56065395815,433125628,5424320,1627296.0,2016-17
ASHLEY SERVICES GROUP LIMITED,92094747510,318188853,,,2016-17
ASICS OCEANIA PTY LTD,59003091389,223092112,34814679,9908170.0,2016-17
ASP PACIFIC HOLDINGS PTY LTD,91080401930,127978436,1921921,576576.0,2016-17
ASPEN ASIA PACIFIC PTY LIMITED,75146444484,621796280,125559778,33932964.0,2016-17
ASSA ABLOY AUSTRALIA PACIFIC PTY LTD,81095354582,294409790,35781306,8962154.0,2016-17
ASSOCIATED RETAILERS LIMITED,42004520030,198599402,,,2016-17
ASTELLAS PHARMA AUSTRALIA PTY LTD,81147915482,104192262,7360638,2208191.0,2016-17
ASTRAL POOL AUSTRALIA PTY LTD,97007284504,110008036,2372517,711755.0,2016-17
ASTRAZENECA HOLDINGS PTY LIMITED,59066876962,1040669171,77023353,19325555.0,2016-17
ASURION AUSTRALIA PTY LTD,18155388275,138672241,,,2016-17
ASX LIMITED,98008624691,931520132,619961289,181191211.0,2016-17
AT&T GLOBAL NETWORK SERVICES AUSTRALIA PTY LTD,72087916701,146079439,7206984,2162095.0,2016-17
ATCO AUSTRALIA PTY LTD,74091033546,225493472,45174830,9114155.0,2016-17
ATCO STRUCTURES & LOGISTICS PTY LTD,71083902309,146014047,20214065,6021358.0,2016-17
ATLAS COPCO SOUTH PACIFIC HOLDINGS PTY,87107374550,573468811,15651392,4621861.0,2016-17
ATLAS IRON LIMITED,63110396168,889800753,,,2016-17
ATLASSIAN AUSTRALIA 1 PTY LTD,98166799542,773974561,117061272,,2016-17
AUB GROUP LIMITED,60000000715,106654909,45852841,1375805.0,2016-17
AUDI AUSTRALIA PTY LIMITED,86077092776,1433638165,12517227,3755168.0,2016-17
AUDMET AUSTRALIA PTY LTD,19050487593,179540299,8500135,2550040.0,2016-17
AURECON GROUP PTY LTD,12133838187,498124222,40343220,11785954.0,2016-17
AURELIA METALS LIMITED,37108476384,113156394,,,2016-17
AURIZON HOLDINGS LIMITED,14146335622,3546767240,362407628,102655281.0,2016-17
AUSCAN HOLDINGS PTY LTD,70084400886,204524711,,,2016-17
AUSCO HOLDINGS PTY LIMITED,13150795547,303227816,,,2016-17
AUSCOTT LIMITED,38008436011,192480977,2239785,671936.0,2016-17
AUSDRILL LIMITED,95009211474,742894674,,,2016-17
AUSGRID FINANCE PTY LTD,14615343005,238665501,,,2016-17
AUSGRID MANAGEMENT PTY LTD,83615449548,409126969,,,2016-17
AUSNET SERVICES LTD.,45603317559,1899635383,58413346,17437715.0,2016-17
AUSREO HOLDINGS PTY LIMITED,22125694055,217873358,11671393,3501418.0,2016-17
AUSTAL LIMITED,73009250266,162533509,,,2016-17
AUSTCORP GROUP (AUST) PTY LTD,81080926414,210009986,7749215,2312156.0,2016-17
AUSTIN ENGINEERING LTD,60078480136,127906748,,,2016-17
AUSTRALASIAN PERFORMING RIGHTASSOCIATION LIMITED,42000016099,266506000,,,2016-17
AUSTRALASIAN SOLVENTS AND CHEMICALS PTY LTD,57095441080,103089136,3427473,1028242.0,2016-17
AUSTRALIA AND NEW ZEALAND BANKING GROUP LIMITED,11005357522,28535826857,10053058765,2359485957.0,2016-17
AUSTRALIA BUNKERING PTY LIMITED,26123643952,128077688,967861,290358.0,2016-17
AUSTRALIA MILLING GROUP PTY LTD,57127428406,184173095,2072483,621745.0,2016-17
AUSTRALIA PACIFIC AIRPORTS CORPORATION LIMITED,89069775266,1005038384,325183572,97555071.0,2016-17
AUSTRALIA PACIFIC LNG PTY LTD,68001646331,3582758459,,,2016-17
AUSTRALIAN AGRICULTURAL COMPANY LTD,15010892270,753760313,,,2016-17
AUSTRALIAN BAKELS PTY LTD,35000112836,127579896,17873632,5002903.0,2016-17
AUSTRALIAN BULLION COMPANY (NSW) PTY LTD,82002858602,809080647,1552050,465615.0,2016-17
AUSTRALIAN CENTRAL CREDIT UNION LTD,11087651125,419782247,50469854,13409330.0,2016-17
AUSTRALIAN COMFORT GROUP HOLDINGS PTY LTD,48143785522,206856432,2421354,,2016-17
AUSTRALIAN COUNTRY CHOICE HOLDINGS PTY LTD,87009729999,723397859,19878865,5963660.0,2016-17
AUSTRALIAN FINANCE GROUP LIMITED,11066385822,601395672,39103005,11730901.0,2016-17
AUSTRALIAN FOUNDATION INVESTMENT COMPANY LIMITED,56004147120,304159948,342816628,9549855.0,2016-17
AUSTRALIAN GAS NETWORKS HOLDINGS PTY LIMITED,24169818026,590818975,,,2016-17
AUSTRALIAN GOLD REAGENTS PTY LTD,93009140121,202668187,,,2016-17
AUSTRALIAN GRAIN EXPORT PTY LTD,92073563185,441271204,11171951,3351585.0,2016-17
AUSTRALIAN INDEPENDENT RURALRETAILERS PTY LTD,36112308835,363057472,14243716,4273115.0,2016-17
AUSTRALIAN LAMB COMPANY PTY LTD,51007340123,299496853,6410629,1466134.0,2016-17
AUSTRALIAN LEADERS FUND LIMITED,64106845970,1295217334,22403936,2081935.0,2016-17
AUSTRALIAN LOGISTICS ACQUISITION HOLDINGS PTY LTD,28611628909,2152689008,,,2016-17
AUSTRALIAN MERINO EXPORTS PTY LTD,57151148435,262339902,835749,250725.0,2016-17
AUSTRALIAN MOLASSES TRADING PTY LTD,39059904317,102297665,5368,1610.0,2016-17
AUSTRALIAN MOTOR GROUP PTY LTD,67095047902,315396558,14723148,4416944.0,2016-17
AUSTRALIAN PACIFIC (HOLDINGS) PTY LTD,43005419652,648924182,12427978,3153988.0,2016-17
AUSTRALIAN PHARMACEUTICAL INDUSTRIES LIMITED,57000004320,4085072186,85679990,24808834.0,2016-17
AUSTRALIAN PIPELINE TRUST,21858175226,2353150542,130997584,34019970.0,2016-17
AUSTRALIAN POSTAL CORPORATION,28864970579,6796370720,188647028,51233871.0,2016-17
AUSTRALIAN RAIL TRACK CORPORATION LIMITED,75081455754,826928297,11133661,,2016-17
AUSTRALIAN SCHOLARSHIPS GROUP FRIENDLYSOCIETY LI,21087648879,153440669,47779670,11298406.0,2016-17
AUSTRALIAN UNITY LIMITED,23087648888,1745663018,22793173,915297.0,2016-17
AUSTRALIAN VINTAGE LIMITED,78052179932,229353000,323,,2016-17
AUSTRALIANSUPER PTY LTD,94006457987,375256457,,,2016-17
AUSTREO PROPERTY VENTURES PTY LTD,61165277305,190442728,118237136,35471141.0,2016-17
AUSWIDE BANK LTD,40087652060,135665690,21791992,6433484.0,2016-17
AUTO & GENERAL HOLDINGS PTY LTD,84086321459,220099538,681161,204348.0,2016-17
AUTO & GENERAL INSURANCE COMPANY LTD,42111586353,600204415,20323772,6097132.0,2016-17
AUTOCARE SERVICES PTY LTD,67004497607,126032465,4070595,1221178.0,2016-17
AUTOMATIC DATA PROCESSING LIMITED,70003924945,171268938,33865848,9653927.0,2016-17
AUTOMOTIVE HOLDINGS GROUP LIMITED,35111470038,4847041695,83686778,14648166.0,2016-17
AUTOPACT PTY LTD,44608040606,673727249,10284001,3065736.0,2016-17
AVANADE AUSTRALIA PTY LIMITED,58093925207,192412079,25272626,7581788.0,2016-17
AVANT MUTUAL GROUP LIMITED,58123154898,483658250,81946140,21394815.0,2016-17
AVENG AUSTRALIA HOLDINGS PTY LTD,33108058331,384647383,,,2016-17
AVEO GROUP LIMITED,28010729950,601259798,,,2016-17
AVERY PROPERTIES PTY LTD,40007713564,156273076,1652312,489078.0,2016-17
AVID PROPERTY GROUP HOLDINGS PTY LTD,46608054833,145655737,,,2016-17
AVIS MANAGEMENT PTY LTD,50001889336,746557886,18809440,5489355.0,2016-17
AVJENNINGS LIMITED,44004327771,404782506,29467137,8751212.0,2016-17
AWE LIMITED,70077897440,364110716,,,2016-17
AWP AUSTRALIA HOLDINGS PTY LTD,,168133039,6487957,1362424.0,2016-17
AXICOM HOLDCO PTY LTD,78605798829,222258667,16843398,5053019.0,2016-17
AXIEO HOLDINGS PTY LTD,34602067621,209682667,,,2016-17
B&W RURAL PTY LTD,33068943528,133537174,10609597,2962627.0,2016-17
B.M.D. HOLDINGS PTY. LIMITED,47010093348,1092421763,,,2016-17
BABCOCK & BROWN INTERNATIONAL PTY LTD,76108617483,498745529,,,2016-17
BABCOCK AUSTRALIA HOLDINGS PTY LTD,99602953739,179099135,3614464,,2016-17
BABY BUNTING GROUP LIMITED,58128533693,278044570,18099603,5429881.0,2016-17
BAC HOLDINGS LIMTED,67108568038,720475645,135170265,40551080.0,2016-17
BADGE GROUP HOLDINGS PTY LTD,18606660271,378881662,11011073,3222484.0,2016-17
BAE SYSTEMS AUSTRALIA HOLDINGS LIMITED,44008648333,1083039421,39663084,,2016-17
BAIADA POULTRY PTY LIMITED,96002925948,1796408350,11473148,3441944.0,2016-17
BAKER HUGHES AUSTRALIA PTY LTD,20004752050,257208598,,,2016-17
BALL & DOGGETT GROUP PTY LTD,59146091625,274833817,,,2016-17
BALVERONA PTY LTD,78002826173,213284573,3341254,1001040.0,2016-17
BANK AUSTRALIA LIMITED,21087651607,173930904,32646674,8738243.0,2016-17
BANK OF AMERICA NATIONAL ASSOCIATION,51064874531,385958432,64276850,19271857.0,2016-17
BANK OF CHINA LIMITED SYDNEY BRANCH,29002979955,1262513996,323321701,96695612.0,2016-17
BANK OF COMMUNICATIONS CO LTD,74137909963,116766138,3822157,1050655.0,2016-17
BANK OF QUEENSLAND LIMITED,32009656740,2217170811,441232481,131325433.0,2016-17
BANPU AUSTRALIA CO. PTY LTD,56136468007,916178183,,,2016-17
BAOSTEEL AUSTRALIA MINING COMPANY PTY LTD,93100513844,111494166,,,2016-17
BAPCOR LIMITED,80153199912,945519704,76999642,23080422.0,2016-17
BAPSH PTY LTD,54605702618,110141873,,,2016-17
BARMINCO HOLDINGS PTY LIMITED,85126398276,563330705,,,2016-17
BAROB PTY LTD,38001024915,293751380,149827298,43984107.0,2016-17
BARRICK (AUSTRALIA PACIFIC HOLDINGS) PTY LTD,68085702558,708316518,256842127,71833274.0,2016-17
BARTTER HOLDINGS PTY LIMITED,84104671561,1826642442,6510322,1953097.0,2016-17
BASF AUSTRALIA LTD,62008437867,558424644,3576409,,2016-17
BASW PTY LTD,63601452199,159283143,3324201,997260.0,2016-17
BAUER MEDIA AUSTRALIA LP,55874600262,328357478,,,2016-17
BAXTER HEALTHCARE PTY LTD,43000392781,630728503,48431369,14508270.0,2016-17
BAYER AUSTRALIA LIMITED,22000138714,1122105407,111273609,25415789.0,2016-17
BBC WORLDWIDE AUSTRALIA HOLDINGS PTY LIMITED,85127624104,139831610,25740372,6850906.0,2016-17
BBP AUSTRALIA HOLDINGS PTY LTD,74112302440,1596292887,29211343,6970247.0,2016-17
BBQSAM HOLDINGS PTY LTD,41159613706,832244055,,,2016-17
BEACH ENERGY LIMITED,20007617969,779451016,20344122,6103237.0,2016-17
BEAUTY BAY PRODUCE PTY LIMITED,93051941854,223761073,11332388,3398981.0,2016-17
BEC FEED SOLUTIONS PTY LTD,36010345150,201555961,,,2016-17
BECA PTY LTD,85004974341,101253673,,,2016-17
BECHTEL AUSTRALIA PTY LTD,42006334505,6403542914,277812658,83343797.0,2016-17
BECTON DICKINSON PTY LIMITED,82005914796,171583232,4509118,1352735.0,2016-17
BEGA CHEESE LIMITED,81008358503,997975593,3472308,,2016-17
BEIERSDORF AUSTRALIA LTD,98000025623,197185222,21819937,6545981.0,2016-17
BELL FINANCIAL GROUP LIMITED,59083194763,172739757,26028938,7807971.0,2016-17
BELLAMY'S AUSTRALIA LIMITED,37124272108,238501753,6810261,1698491.0,2016-17
BELRON AUSTRALIA PTY LIMITED,,188902278,,,2016-17
BENDIGO AND ADELAIDE BANK LIMITED,11068049178,3026104293,584028081,168266402.0,2016-17
BERKLEY INSURANCE COMPANY-AUSTRALIAN BRANCH,53126559706,165338365,23529777,6969336.0,2016-17
BERKSHIRE HATHAWAY SPECIALTY INSURANCE COMPANY AUSTRALIAN BRANCH,84600643034,242813668,9459837,2816819.0,2016-17
BESTJET TRAVEL PTY LTD,71155965601,362839740,,,2016-17
BEVCHAIN PTY LTD,95118451773,220282633,13780054,4134016.0,2016-17
BFB PTY LTD,35003514421,108638528,8222185,2466656.0,2016-17
BG INTERNATIONAL (AUS) PTY LIMITED,76130856843,2961364285,,,2016-17
BG INTERNATIONAL LIMITED,72114818825,124332820,,,2016-17
BGC (AUSTRALIA) PTY LTD,62005736005,1901859719,,,2016-17
BGIS AUSTRALIA PTY LTD,46122178741,457417368,27250963,8034365.0,2016-17
BGV (VIC) PTY. LIMITED,22007414593,432537923,,,2016-17
BHP BILLITON (AUS) DDS PTY LTD,44609420420,574450029,820642899,,2016-17
BHP BILLITON ALUMINIUM AUSTRALIA PTY LTD,65063671349,1814391632,,,2016-17
BHP BILLITON LTD,49004028077,37903699841,11476618686,3271853069.0,2016-17
BHP BILLITON MITSUI COAL PTY LTD,34009713875,1362950777,502455056,148603715.0,2016-17
BHP IRON ORE (JIMBLEBAR) PTY LTD,95009114210,1838109541,607322859,182196858.0,2016-17
BIDFOOD AUSTRALIA LIMITED,33000228231,2258555393,130516362,39154909.0,2016-17
BIG BEN HOLDINGS PTY LIMITED,63008434562,355930173,71835888,20730606.0,2016-17
BIG RIVER INDUSTRIES LTD,72609901377,183309155,7809425,2238620.0,2016-17
BILLABONG INTERNATIONAL LIMITED,17084923946,588382685,,,2016-17
BING LEE ELECTRICS PTY LTD,61000733488,339231741,1636030,490809.0,2016-17
BINTAN PTY LTD,18095076421,791308486,1378879,413664.0,2016-17
BIOSTIME HEALTHY AUSTRALIA HOLDINGS PTY LTD,40608046706,104612681,,,2016-17
BIS INDUSTRIES GROUP LIMITED,43166293849,388933059,,,2016-17
BLACKMAGIC DESIGN PTY LTD,30098098287,284083147,32962696,1495697.0,2016-17
BLACKMORES LIMITED,35009713437,483539315,67285756,16492597.0,2016-17
BLACKROCK AUSTRALIA HOLDCO PTY LTD,22139463693,115220921,,,2016-17
BLACQUA PTE LTD,62169810011,767120025,20240576,1107894.0,2016-17
BLUESCOPE STEEL LIMITED,16000011058,5460018953,59638892,,2016-17
BLUEWATERS POWER 1 PTY LTD,93106034879,131520283,,,2016-17
BLUEWATERS POWER 2 PTY LTD,57122896968,164101565,,,2016-17
BLUM AUSTRALIA PTY LTD,80076459713,112586627,15209183,4562755.0,2016-17
BM ALLIANCE COAL OPERATIONS PTY LTD,67096412752,385802147,,,2016-17
BMW AUSTRALIA LTD,11004675129,2513823896,172495019,51748506.0,2016-17
BNP PARIBAS S.A.,23000000117,357287195,37657903,,2016-17
BNP PARIBAS SECURITIES SERVICES AUSTRALIAN BRANCH,87149440291,316320847,,,2016-17
BNZF PTY LTD,48154177438,2019740953,,,2016-17
BOART LONGYEAR LTD,49123052728,193321985,,,2016-17
BOB FORBES CORPORATION PTY LTD,55001442520,211139923,9985329,2995591.0,2016-17
BOB JANE CORPORATION PTY LTD,52005870431,298507005,3323441,997032.0,2016-17
BOC AIP LIMITED PARTNERSHIP (CONSOLIDATED),19883689849,133604006,190743866,45361.0,2016-17
BOC LIMITED (CONSOLIDATED),95000029729,1696801985,171392800,50523774.0,2016-17
BOEHRINGER INGELHEIM PTY LIMITED,52000452308,335183687,25332401,4789409.0,2016-17
BOEING AUSTRALIA HOLDINGS PTY LTD,42101168932,1475688000,191772824,34048114.0,2016-17
BOMBARDIER TRANSPORTATION AUSTRALIA PTY LTD,73010699804,658769007,55870973,14358701.0,2016-17
BOOM LOGISTICS LIMITED,28095466961,152772290,,,2016-17
BORAL CSR BRICKS PTY LIMITED,68168794821,179936715,37298701,8169492.0,2016-17
BORAL LIMITED,13008421761,3509414489,269918321,53474255.0,2016-17
BORG MANUFACTURING PTY LIMITED,31003246357,446223899,34793034,9656001.0,2016-17
BOSE PTY LTD,41078010607,173183519,12510585,3753176.0,2016-17
BOSTON SCIENTIFIC PTY LIMITED,45071676063,263925232,20466591,6139977.0,2016-17
BOUNDARY BEND LIMITED,32115131667,132505419,,,2016-17
BOWEN & POMEROY PTY LTD,78004174887,377027167,32395781,9718734.0,2016-17
BOYNE SMELTERS LTD,90010061935,974247925,28266646,,2016-17
BP REGIONAL AUSTRALASIA HOLDINGS PTY LTD,91092495700,18229150600,915400541,267790170.0,2016-17
BPIH PTY LIMITED,61100364234,2027339031,,,2016-17
BPL ADELAIDE PTY LIMITED,40108037798,353656016,6392260,1917678.0,2016-17
BRADKEN LIMITED,33108693009,455636883,9600251,,2016-17
BRADNAMS WINDOWS AND DOORS PTY LTD,78010409819,267866099,19210907,5150725.0,2016-17
BRAMBLES LIMITED,89118896021,846179731,289954401,70832074.0,2016-17
BRAND COLLECTIVE PTY LTD,34098742628,228997489,,,2016-17
BRAND DEVELOPERS AUST PTY LTD,70115139565,154281371,,,2016-17
BREEN HOLDINGS PTY LIMITED,57000039225,256570509,13881754,4164456.0,2016-17
BRENNAN VDI PTY LIMITED,38125976007,107745601,8378526,2436298.0,2016-17
BRENNTAG AUSTRALIA PTY LTD,84117996595,131069117,1040754,312226.0,2016-17
BREVILLE GROUP LIMITED,90086933431,304839668,70464770,11982174.0,2016-17
BRICKWORKS LIMITED,17000028526,1016131681,138634551,7936762.0,2016-17
BRIDGESTONE AUSTRALIA LTD,65007516841,545711395,26915933,8074780.0,2016-17
BRIDGESTONE EARTHMOVER TYRES PTY LTD,74000069714,363828605,20919925,6275977.0,2016-17
BRIGGS AND STRATTON AUSTRALIA PTY LIMITED,13006576656,102530367,1442444,432733.0,2016-17
BRIGHT FOOD GROUP HOLDINGS PTY LTD,95152610645,596235650,16571068,4718336.0,2016-17
BRIGHTSTAR LOGISTICS PTY LTD,58111399752,480896196,44725419,13396652.0,2016-17
BRISTOL-MYERS SQUIBB AUSTRALIA PTY LTD,33004333322,333052592,47794237,886140.0,2016-17
BRISTOW HELICOPTERS AUSTRALIA PTY LTD,92000565579,290462721,,,2016-17
BRITISH AMERICAN TOBACCO (AUSTRALASIA HOLDINGS) PTY LIMITED,23095066345,1342632363,685120589,204664192.0,2016-17
BROTHER INTERNATIONAL (AUSTRALIA) PTY LIMITED,17001393835,158498288,11909863,3572959.0,2016-17
BROWN & HURLEY GROUP PTY LTD,66010732966,350797689,20000416,6000092.0,2016-17
BROWN-FORMAN AUSTRALIA PTY LIMITED,87000064086,206739775,7714129,2314239.0,2016-17
BRP AUSTRALIA PTY LTD,64097370100,200822228,3262650,978795.0,2016-17
BRUNEL AUSTRALIA HOLDINGS PTY LTD,60078544126,120087001,2105890,587212.0,2016-17
BSA LIMITED,50088412748,492870434,,,2016-17
BT AUSTRALASIA PTY LIMITED,93003050146,259779621,8482861,2544858.0,2016-17
BT INVESTMENT MGT LTD,28126385822,294442490,53296651,15986020.0,2016-17
BUICK HOLDINGS PTY LTD,76094424674,386184968,,,2016-17
BUILDCORP GROUP PTY LIMITED,85091336168,483976041,10338500,2396185.0,2016-17
BUNGE AGRIBUSINESS AUSTRALIA PTY LTD,46097843582,436495806,,,2016-17
BUNZL AUSTRALASIA LIMITED,18004611090,611735103,12406741,3712514.0,2016-17
BUPA ANZ GROUP PTY LTD,95608490455,7736743389,391495305,113526122.0,2016-17
BURBANK AUSTRALIA PTY LTD,91007099872,288588910,3715546,,2016-17
BURBANK TRADING PTY LTD,37011066934,210922326,9016263,2704879.0,2016-17
BUREAU VERITAS AUSTRALIA PTY LTD,15090874570,238708310,,,2016-17
BURNS PHILP & CO PTY LIMITED,65000000359,1185153422,,,2016-17
BURRUP FACILITIES COMPANY PTY LTD,28122234539,1618990719,979781078,293934323.0,2016-17
BURRUP TRAIN 1 PTY LTD,77122234306,2726547888,715910447,214773134.0,2016-17
BUZZ SUPPLIES PTY LIMITED,27601785353,147660190,13119471,3935841.0,2016-17
BYRNECUT AUSTRALIA PTY LTD,94129142516,570324523,41437049,12055652.0,2016-17
CA (PACIFIC) PTY LIMITED,20001146345,168285255,18297147,4563789.0,2016-17
CABCHARGE AUSTRALIA LIMITED,99001958390,163160022,51185488,15355646.0,2016-17
CADENCE CAPITAL LIMITED,17112870096,609840040,37690691,5821681.0,2016-17
CAESARSTONE AUSTRALIA PTY LTD,45121819976,175771502,6897791,2069337.0,2016-17
CALIBRE GROUP LIMITED,44100255623,452730401,,,2016-17
CALTAS PROPRIETARY LIMITED,24053113992,256226507,3875004,1162501.0,2016-17
CALTEX AUSTRALIA LIMITED,40004201307,20066633373,676075357,185930732.0,2016-17
CAMCARSTRUCKS PTY LTD,,721706420,21351689,6405507.0,2016-17
CAML RESOURCES PTY LTD,84080649029,207419742,28120494,8364446.0,2016-17
CAMPARI AUSTRALIA PTY LIMITED,72137554726,163706143,5199711,1541788.0,2016-17
CANON AUSTRALIA PTY LTD,66005002951,747738361,31142977,140571.0,2016-17
CANTARELLA BROS PTY LIMITED,68000095607,236868274,31184145,9355244.0,2016-17
CAPE AUSTRALIA HOLDINGS PTY LTD,12126824397,412905445,,,2016-17
CAPE PRESTON PORT COMPANY PTY LTD,84147842153,127656419,5711696,1713509.0,2016-17
CAPGEMINI AUSTRALIA PTY LIMITED,11092284314,317818439,,,2016-17
CAPILANO HONEY LIMITED,55009686435,133143583,11614265,3350816.0,2016-17
CAPITAL PROPERTY FINANCE PTY LIMITED,98008608928,509648307,121503878,33216109.0,2016-17
CAPITAL S.M.A.R.T REPAIRS AUSTRALIA PTY LTD,47143462748,280154303,21592914,6477874.0,2016-17
CAPITOL HEALTH LIMITED,84117391812,164182614,2612734,783820.0,2016-17
CAPRAL LIMITED,78004213692,426891390,,,2016-17
CARDIFF CAR CITY HOLDINGS PTY LTD,15602181751,118762249,2338061,701418.0,2016-17
CARDNO LIMITED,70108112303,635123953,,,2016-17
CARDTRONICS AUSTRALIA PTY LTD,46157774224,131618121,,,2016-17
CARL ZEISS PTY LIMITED,82008410704,107961757,7795677,1016381.0,2016-17
CARLISLE HOMES PTY LTD,86106263209,373639965,36589228,10616423.0,2016-17
CARNEY TOWNSVILLE PARTNERSHIP,16842172023,116053664,5381893,1614568.0,2016-17
CARPET COURT AUSTRALIA LIMITED,77001195697,214730921,1154157,346247.0,2016-17
CARSALES.COM LIMITED,91074444018,292788881,159317300,42789796.0,2016-17
CASELLA WINES PTY LIMITED,96060745315,498586914,67411229,20223369.0,2016-17
CASH CONVERTERS INTERNATIONAL LIMITED,39069141546,260713723,17310536,3724676.0,2016-17
CATALENT AUSTRALIA HOLDING PTY LTD,69098539470,119754307,,,2016-17
CATCH GROUP PTY LTD,89159074003,308004407,9850769,2955231.0,2016-17
CATERPILLAR COMMERCIAL AUSTRALIA PTY LTD,97093131992,182405370,7955172,2386552.0,2016-17
CATERPILLAR FINANCIAL AUSTRALIA LIMITED,70006714585,161723120,63659925,19097977.0,2016-17
CATERPILLAR UNDERGROUND MINING PTY LTD,69069652866,266464653,22859796,856343.0,2016-17
CATHAY PACIFIC AIRWAYS LIMITED,57000479514,651711033,,,2016-17
CBH GRAIN PTY LTD,39089394883,2908629170,4482277,1322817.0,2016-17
CBH RESOURCES LIMITED,27009423858,168756971,,,2016-17
CBI CONSTRUCTORS PTY LTD,90000612411,993525536,167910482,50373145.0,2016-17
CBRE PTY LTD,57057373574,512458603,41616966,11717086.0,2016-17
CCCI AUSTRALIA PTY LTD,95603555988,2965885001,,,2016-17
CDC MANAGEMENT PTY LTD,50606815178,277220240,21709049,6512715.0,2016-17
CEBAS PTY LTD,15009156003,207774570,22324975,6697492.0,2016-17
CEDAR WOODS PROPERTIES LIMITED,47009259081,222199020,43276939,12079065.0,2016-17
CELGENE PTY LTD,42118998771,134231156,6482419,1944726.0,2016-17
CELSUS SECURITISATION PTY LTD,18147998230,216159550,,,2016-17
CEMENT AUSTRALIA HOLDINGS PTY LTD,99001085561,445053272,83769213,15393694.0,2016-17
CENGAGE AUSTRALIA HOLDINGS PTY LTD,69129545811,100127778,17961898,5374884.0,2016-17
CENTAMIN EGYPT LTD,86007700352,895168918,4801273,1440382.0,2016-17
CENTENARY AUSTRALIA PTY LIMITED,77085156216,252897660,,,2016-17
CENTRAL EQUITY LIMITED,27006708738,536058317,173941504,52182451.0,2016-17
CENTURY YUASA BATTERIES PTY LTD,66009685232,233008772,10289338,3086801.0,2016-17
CENVERSA LIMITED,55092375221,140047602,2652095,795628.0,2016-17
CEREAL PARTNERS AUSTRALIA PTY LIMITED,98120338249,201984466,21846823,5452552.0,2016-17
CEREBOS (AUSTRALIA) LIMITED,82004304803,249786931,23531678,5662109.0,2016-17
CEVA PTY LTD,27122147433,393206679,,,2016-17
CFT HOLDINGS COMPANY PTY LIMITED,42160294904,475359909,44811342,13443403.0,2016-17
CH2 HOLDINGS PTY LTD,80113630505,1256524838,,,2016-17
CH2M HILL AUSTRALIA PTY LIMITED,42050070892,143267753,,,2016-17
CHALLENGER LIMITED,85106842371,2111032027,511744239,138915486.0,2016-17
CHALLIS INVESTMENT PARTNERS PTY LTD,95605891165,203712609,166861,50058.0,2016-17
CHAMBERLAIN HOLDINGS LIMITED,85008688202,1187695141,92865501,27857645.0,2016-17
CHANEL (AUSTRALIA) PTY LTD,83000012153,243235488,33017204,9905161.0,2016-17
CHARTER HALL LIMITED,57113531150,214151970,65381059,18984554.0,2016-17
CHARTERED ACCOUNTANTS AUSTRALIA AND NEW ZEALAND,50084642571,102381925,,,2016-17
CHESTERFIELD AUSTRALIA PTY LTD,42001654762,235332246,3354530,1006359.0,2016-17
CHEVRON AUSTRALIA HOLDINGS PTY LTD,60098079344,2239084398,,,2016-17
CHINA CONSTRUCTION BANK CORPORATION,24125167553,1240377428,30386347,9115904.0,2016-17
CHINA MERCHANTS LOSCAM HOLDINGS AUSTRALIA PTY LTD,46144845867,111673142,202071,,2016-17
CHINATEX (AUSTRALIA) PTY LTD,40003400217,381874025,,,2016-17
CHINOVA RESOURCES PTY LTD,20107689878,118751779,,,2016-17
CHIYODA OCEANIA PTY LTD,26129200040,109011469,18637878,5591363.0,2016-17
CHOBANI (AUSTRALIA) PTY LTD,60150876305,164647385,12303942,3321895.0,2016-17
CHUBB HOLDINGS AUSTRALIA PTY LIMITED,64116987618,921506993,97603283,28529718.0,2016-17
CHUBB INSURANCE COMPANY OF AUSTRALIA LIMITED,69003710647,130122018,4480284,1334801.0,2016-17
CIMIC GROUP LIMITED,57004482982,5418715116,457117561,122949699.0,2016-17
CISCO SYSTEMS AUSTRALIA PTY LTD,52050332940,1890611502,79054923,23384344.0,2016-17
CITIBANK NA,34072814058,722445841,313644428,94093328.0,2016-17
CITIC PACIFIC MINING MANAGEMENT PTY LTD,64119578371,1081874825,20050839,6015252.0,2016-17
CITIC RESOURCES AUSTRALIA PTY LTD,87107652817,555840993,,,2016-17
CITIGROUP PTY LTD,88004325080,2180665049,224124500,67237350.0,2016-17
CITRIX SYSTEMS ASIA PACIFIC PTY LTD,37078874530,291857105,4913710,,2016-17
CITY HOLDINGS (AUS) PTY LTD,33135098636,341659862,14240270,4272081.0,2016-17
CIVEO HOLDING COMPANY 1 PTY LTD,91146700441,151576471,,,2016-17
CIVICA PTY LIMITED,83003691718,105718624,15197186,866854.0,2016-17
CIVMEC LIMITED,50604316690,319940227,4460259,1338078.0,2016-17
CJD EQUIPMENT PTY LTD,63008754523,348412193,7735160,2320548.0,2016-17
CLARIUS GROUP LIMITED,43002724334,142380067,,,2016-17
CLEANAWAY WASTE MANAGEMENT LIMITED,74101155220,1488297610,69538521,1099414.0,2016-17
CLEARLIGHT INVESTMENTS PTY LTD,59007543544,298611497,25714227,7714268.0,2016-17
CLEARVIEW WEALTH LIMITED,83106248248,568630415,39411749,7518339.0,2016-17
CLEMENGER GROUP LIMITED,98004882928,190008966,43503567,10891681.0,2016-17
CLERMONT COAL MINES LTD,56010487939,1017514388,,,2016-17
CLICK ENERGY GROUP HOLDINGS PTY LTD,31160484837,182760127,5539027,1661708.0,2016-17
CLIFFS NATURAL RESOURCES HOLDINGS PTY LTD,69112437331,749245791,,,2016-17
CLINICAL LABORATORIES PTY LTD,62006823089,359457017,,,2016-17
CLOROX HOLDINGS PTY LTD,57077214076,161406727,9444377,2833313.0,2016-17
CLYDESDALE PROPERTY DEVELOPMENT GROUP PTY LTD,35169433309,139312084,58562566,17568770.0,2016-17
CMOC MINING PTY LIMITED,17164997317,278596483,49766198,13907065.0,2016-17
CNH INDUSTRIAL AUSTRALIA PTY LTD,76000031130,902169081,111777626,33533288.0,2016-17
CNOOC AUSTRALIA ENERGY CAPITAL MANAGEMENT PTY LTD,79129021316,276754221,42925669,12877701.0,2016-17
CNOOC GAS AND POWER (AUS) INVESTMENT PTY LTD,28142591044,1278301487,,,2016-17
CNW PTY LTD,48009669836,476665787,25886015,4058662.0,2016-17
COAL & ALLIED INDUSTRIES LTD,67008416760,144342907,35603591,10681077.0,2016-17
COCA-COLA AMATIL LIMITED,26004139397,3475721573,403820878,110737084.0,2016-17
COCA-COLA SOUTH PACIFIC PTY LTD,50003029794,153122806,14579667,4373900.0,2016-17
COCHLEAR LIMITED,96002618073,854783111,348383748,64971720.0,2016-17
CODAN LIMITED,77007590605,247205058,71602625,15811269.0,2016-17
COFCO (AUSTRALIA) PTY LTD,43003729182,257906159,189315,56794.0,2016-17
COFCO AGRI AUSTRALIA PTY LTD,25001069423,661298203,,,2016-17
COGNIZANT TECHNOLOGY SOLUTIONS,74100749997,165749614,11704929,3511479.0,2016-17
COL CRAWFORD PTY LTD,27001798081,214067533,2669402,800821.0,2016-17
COLAS AUSTRALIA GROUP PTY LTD,11000388161,327382292,29049820,8424877.0,2016-17
COLGATE PALMOLIVE PTY LTD,79002792163,617221624,79511431,23849847.0,2016-17
COLIN JOSS & CO. PTY. LIMITED,73003538583,240722119,13090505,3927152.0,2016-17
COLLECTION HOUSE LIMITED,74010230716,125912624,28141055,8085010.0,2016-17
COLLIERS INTERNATIONAL HOLDINGS (AUSTRALIA) LIMITED,65008178238,271454838,46136443,11816420.0,2016-17
COLLINS FOODS LIMITED,13151420781,624517277,51778090,15533427.0,2016-17
COMDAIN INFRASTRUCTURE PTY LTD,50092035419,241757679,2292454,687736.0,2016-17
COMFORTDELGRO CORPORATION AUSTRALIA PTY LTD,84002072004,353712446,31154822,9346447.0,2016-17
COMGEN AUSTRALIA PTY LTD,17050242441,1020364343,22798755,5882872.0,2016-17
COMMERCIAL METALS PTY LTD,39164131855,245893115,,,2016-17
COMMERCIAL MOTOR VEHICLES PTY LTD,84007874142,1188929127,30019903,8928137.0,2016-17
COMMONWEALTH BANK OF AUSTRALIA,48123123124,41857364369,13511203863,3937948031.0,2016-17
COMMONWEALTH STEEL COMPANY PTY LTD,58000007698,154884773,32526152,,2016-17
COMMSCOPE HOLDINGS AUSTRALIA PTY LTD,57605413456,307060391,30447861,7810546.0,2016-17
COMMUNITY CPS AUSTRALIA LIMITED,15087651143,234988424,34770894,9249695.0,2016-17
COMO GLASSHOUSE INVESTMENTS PTY LTD,49604272951,504267581,1180741,,2016-17
COMPASS GROUP (AUSTRALIA) PTY LTD,41000683125,1130439968,61990473,12007796.0,2016-17
COMPETENTIA PTY LTD,11143641543,110322214,2303279,690984.0,2016-17
COMPETITIVE FOODS AUSTRALIA PTY LTD,48010542908,1189148236,52464963,15685965.0,2016-17
COMPUTERSHARE LIMITED,71005485825,699065370,168210670,38075889.0,2016-17
CONBEAR HOLDINGS PTY LIMITED,85000220780,271179109,,,2016-17
CONDEV CONSTRUCTION PTY LTD,39101213825,219259131,4780221,1434066.0,2016-17
CONNECTEAST PTY LTD,99101213263,333284313,,,2016-17
CONOCOPHILLIPS AUSTRALIA GAS HOLDINGS PTY LTD,69081089170,1063086551,96955662,,2016-17
CONSOLIDATED DISTRIBUTIONS PTY LTD,20162051247,251400002,359142610,,2016-17
CONSOLIDATED FOOD COMPANY PTY LTD,14153417004,127748470,55501,16650.0,2016-17
CONSTELLATION SOFTWARE AUSTRALIA PTY LIMITED,50141627232,139259112,23973849,7045447.0,2016-17
CONTINENTAL PTY LTD,46004390587,135426226,100100,30030.0,2016-17
COOGEE CHEMICALS PTY LTD,37008747500,246445556,27472528,4965418.0,2016-17
COOK AUSTRALIA PTY LTD,27141258648,244848622,14102258,3502174.0,2016-17
CO-OPERATIEVE RABOBANK U.A.,70003917655,786382365,,,2016-17
COOPERS BREWERY LIMITED,13007871409,249850000,42626084,12690046.0,2016-17
COPYRIGHT AGENCY LIMITED,53001228799,147446848,,,2016-17
CORANAR (AUSTRALIA) PTY LTD,12114668727,116227922,14569495,4370848.0,2016-17
CORELOGIC AUSTRALIA HOLDINGS PTY LIMITED,75150637406,155274318,18488238,,2016-17
CORNING AUSTRALIA HOLDINGS CO PTY LTD,52099032667,115330345,,,2016-17
CORPORATE TRAVEL MANAGEMENT LIMITED,17131207611,122774261,41355859,11343783.0,2016-17
COSTA GROUP HOLDINGS LIMITED,68151363129,917243965,73845133,19513976.0,2016-17
COSTCO WHOLESALE AUSTRALIA PTY LTD,57104012893,1595924515,41331078,12399323.0,2016-17
COTY AUSTRALIA PTY. LIMITED,96058696549,200341564,19811537,5943461.0,2016-17
COUNTPLUS LTD,11126990832,104411243,20553197,5433749.0,2016-17
COUNTRY ROAD GROUP PTY LTD,78006759182,1029522864,82173125,24399351.0,2016-17
COUNTRYWIDE AUSTRALASIA LTD,34068162676,668420335,,,2016-17
COVENTRY GROUP LTD,37008670102,130330873,,,2016-17
COVER-MORE GROUP LIMITED,79166776334,147756940,13957588,4186246.0,2016-17
COX AUTOMOTIVE AUSTRALIA PROPERTY PTY LTD,82612854298,182240898,4128029,1199388.0,2016-17
CPA AUSTRALIA LTD,64008392452,188560766,,,2016-17
CRAIG MOSTYN HOLDINGS PTY LIMITED,14008398356,312089197,15950993,3567994.0,2016-17
CRAWFORD & COMPANY (AUSTRALIA) PTY LTD,11002317133,104800443,14880946,4448726.0,2016-17
CREDIT AGRICOLE CIB AUSTRALIA LIMITED,32002540409,142748000,61243116,18372935.0,2016-17
CREDIT CORP GROUP LIMITED,33092697151,252119696,86324475,25835330.0,2016-17
CREDIT SUISSE AG,17061700712,374596007,53376469,16012941.0,2016-17
CREDIT SUISSE HOLDINGS (AUSTRALIA) LIMITED,96008496713,450369484,64447802,19030512.0,2016-17
CREDIT UNION AUSTRALIA LIMITED,44087650959,494492021,78921911,18926048.0,2016-17
CRISTAL INORGANIC CHEMICALS AUSTRALIA PTY LTD,20125123784,625668697,,,2016-17
CROWN EQUIPMENT PTY LIMITED,79000514858,370760404,,,2016-17
CROWN GROUP HOLDINGS PTY LIMITED,47125413443,517556486,49403886,14821166.0,2016-17
CROWN RESORTS LIMITED,39125709953,5236480237,273968318,77366750.0,2016-17
CROWNBET HOLDINGS PTY LTD,55603274237,212867573,,,2016-17
CS (AUSTRALIA) PTY LIMITED,84093488361,672614146,,,2016-17
CSL LIMITED,99051588348,2830066548,326868333,16333552.0,2016-17
CSR LIMITED,90000001276,1791150099,,,2016-17
CTI LOGISTICS LIMITED,69008778925,158404998,8896526,2182130.0,2016-17
CUA HEALTH LIMITED,98098685459,146887106,11248699,3318514.0,2016-17
CUBIC TRANSPORTATION SYSTEMS (AUSTRALIA) PTY LIMITED,82003617561,185079505,39538294,11861488.0,2016-17
CUMMINS FILTRATION INTERNATIONAL CORPORATION,60007505473,104944257,8605054,2581516.0,2016-17
CUMMINS SOUTH PACIFIC PTY LTD,42006332949,718470340,61159206,18318714.0,2016-17
CUNNINGHAM LINDSEY AUSTRALIA HOLDINGS PTY LTD,,132849944,4560021,1368006.0,2016-17
CUSCAL LTD,95087822455,262134247,36779999,2555204.0,2016-17
CW RETAIL TRUST,73738358083,1015610363,172869025,51860708.0,2016-17
CWF HOLDINGS PTY LTD,66142083323,100725088,,,2016-17
CXC CORPORATE SERVICES PTY LTD,58150274007,252634246,1162275,348682.0,2016-17
D & C CORPORATION PTY LTD,37159824736,148405754,588758,176627.0,2016-17
D.E HOLDING AUSTRALIA PTY LTD,16100632595,277815930,41639573,12460013.0,2016-17
DAC FINANCE PTY LIMITED,28129420444,580954007,61248780,18374634.0,2016-17
DAHENA PTY LIMITED,34003081061,222524910,17507865,5251640.0,2016-17
DAIKIN AUSTRALIA PTY LTD,62000172967,592858299,38871583,11117668.0,2016-17
DAIMLER AUSTRALIA/PACIFIC PTY LTD,50004348421,3913222000,227833090,68349927.0,2016-17
DAIRY FARMERS MILK CO-OPERATIVE LIMITED,74669522867,132461885,,,2016-17
DAMPIER SALT LTD,30008706590,351573903,64707882,19108992.0,2016-17
DANAHER AUSTRALIA HOLDING PTY LTD,80122016424,480230515,48761816,,2016-17
DARACON CONTRACTORS PTY LIMITED,82002344667,262847677,3061140,918342.0,2016-17
DARWIN LNG PTY LTD,48085130981,1445586922,184869493,54982074.0,2016-17
DASCO AUSTRALIA PTY LTD,32135751049,241276586,50617907,15185372.0,2016-17
DATA #3 LIMITED,31010545267,1090624451,22226597,6280021.0,2016-17
DATACOM AUSTRALIA HOLDINGS PTY LIMITED,45094235373,462422513,10361233,2814066.0,2016-17
DAVIS LANGDON PROPERTY SERVICES PTY LTD,97006986947,678541592,6596756,,2016-17
DBNGP (WA) TRANSMISSION PTY LTD,69081609190,309834255,,,2016-17
DBNGP FINANCE CO PTY LTD,14110721072,109410719,,,2016-17
DECMIL GROUP LIMITED,35111210390,297717144,,,2016-17
DEFENCE HOUSING AUSTRALIA,72968504934,1272459747,76194689,21491968.0,2016-17
DEICORP PTY LTD (FORMERLY DEICORPCONSTRUCTIONS (NSW) PTY LT,55138180337,284409947,8848191,2654457.0,2016-17
DELAWARE NORTH COMPANIES AUSTRALIA PTY LTD,92003435345,271026209,,,2016-17
DELL AUSTRALIA PTY LIMITED,46003855561,271289576,55870309,16590740.0,2016-17
DE'LONGHI AUSTRALIA PTY LIMITED,49104012857,159049931,1637093,491128.0,2016-17
DELTA GROUP HOLDINGS PTY LTD,37159149185,314936238,5626595,1687978.0,2016-17
DENGKOL PTY LTD,82005518258,276454800,,,2016-17
DENNIS FAMILY HOLDINGS PTY LTD,39097641855,266123769,3403404,1021021.0,2016-17
DENSO INTERNATIONAL AUSTRALIA PTY LTD,72081951402,189550475,9952924,2984656.0,2016-17
DENTSU AEGIS NETWORK AUSTRALIA HOLDINGS PTY LTD,60147301700,378715109,,,2016-17
DETMOLD HOLDINGS PTY LTD,87007527022,222677740,8854379,426487.0,2016-17
DEUTSCHE AUSTRALIA LTD,37006385593,754375609,75198944,22436669.0,2016-17
DEUTSCHE BANK AKTIENGESELLSCHAFT,13064165162,764149691,37832240,11349672.0,2016-17
DEVICE TECHNOLOGIES AUSTRALIA PTY LTD,40058091973,315796399,18815201,5644560.0,2016-17
DEVINE LIMITED,51010769365,227592058,,,2016-17
DEXUS OPERATIONS TRUST,69645176383,427540559,124659297,37397789.0,2016-17
DHL EXPRESS (AUSTRALIA) PTY LTD,62001112929,438194614,16585770,4975731.0,2016-17
DHL GLOBAL FORWARDING (AUSTRALIA) PTY LIMITED,62002636124,1376396125,38897045,10204221.0,2016-17
DIAGEO AUSTRALIA LIMITED,33004167720,551909581,40981332,11961156.0,2016-17
DIAMOND OFFSHORE GENERAL COMPANY,91050122051,284371509,4554029,1366209.0,2016-17
DIB GROUP PTY LIMITED,87002889474,790616709,20735816,6220745.0,2016-17
DIC AUSTRALIA PTY LTD,12000079550,116864025,,,2016-17
DICKER DATA LIMITED,95000969362,1059178895,34029534,6848108.0,2016-17
DIMENSION DATA AUSTRALIA PTY LTD,65003371239,1249598406,,,2016-17
DIRECT FREIGHT EXPRESS PTY LIMITED,66060136870,213203740,7055460,2115820.0,2016-17
DIRECT GROUP INVESTMENTS PTY LTD,67602302205,264884284,4477391,1265756.0,2016-17
DISTINCTIVE FX 2 PTY LTD,32083078380,245334446,50219648,14832302.0,2016-17
DMG CONSOLIDATED HOLDINGS PTY LTD,90116248545,905462442,,,2016-17
DOF SUBSEA AUSTRALIA PTY LTD,53083000239,137171687,,,2016-17
DOMA AUSTRALIA HOLDINGS PTY LTD,96154139189,249145237,31586913,9476074.0,2016-17
DOMETIC AUSTRALIA PTY LTD,62086366305,194206527,11736685,3521006.0,2016-17
DOMINO'S PIZZA ENTERPRISES LIMITED,16010489326,385833391,73503955,14112542.0,2016-17
DORAY MINERALS LIMITED,48138978631,201899878,,,2016-17
DORMA DOOR CONTROLS PTY LTD,82005869447,162668359,16596600,4978980.0,2016-17
DOUBLE BAY TERRACE PTY LIMITED,83064257870,160733265,179095473,5013367.0,2016-17
DOW AGROSCIENCES AUSTRALIA LIMITED,24003771659,163225804,9638267,,2016-17
DOW CHEMICAL (AUSTRALIA) LIMITED,72000264979,235085273,,,2016-17
DOWNER EDI LIMITED,97003872848,5984214118,241250346,21166026.0,2016-17
DP WORLD AUSTRALIA (HOLDING) PTY LIMITED,58147892715,548213076,,,2016-17
DP WORLD AUSTRALIA (POSN) PTY LTD,19129842057,610766274,,,2016-17
DRAKE AUSTRALIA PTY LTD,42004939771,109146881,,,2016-17
DRAMET PTY LTD,59109544425,295359134,,,2016-17
DRYSDALE INVESTMENTS PTY LTD,86104614422,392734816,12163858,,2016-17
DSI HOLDINGS 2 AUSTRALIA PTY LIMITED,49151658785,236009043,25757212,6110824.0,2016-17
DSM NUTRITIONAL PRODUCTS AUSTRALIA PTY LIMITED,36000991793,125557639,6544236,,2016-17
DST BLUEDOOR HOLDINGS PTY LTD,28104705713,158509849,22385570,5590773.0,2016-17
DSV AIR AND SEA PTY LTD,47002275676,123216356,,,2016-17
DTZ AUS HOLDCO PTY LTD,36602106936,798983826,7059883,2117965.0,2016-17
DUAL AUSTRALIA PTY LTD,16107553257,155598923,15698397,4709519.0,2016-17
DUET COMPANY LIMITED,93163100061,569839466,,,2016-17
DULUXGROUP LIMITED,42133404065,1649665776,181927441,49753350.0,2016-17
DUPONT (AUSTRALIA) PTY LTD,59000716469,287616825,42175946,12652784.0,2016-17
DXC TECHNOLOGY AUSTRALIA HOLDINGS PTY LIMITED,33120570390,1439688798,1239318,,2016-17
DYNAMIC SUPPLIES INVESTMENTS PTY LTD,52088062837,383531157,4265331,703220.0,2016-17
DYNAMIC SUPPLIES PTY LTD,25064793862,205257278,15744810,4723443.0,2016-17
DYSON APPLIANCES (AUST) PTY LIMITED,50073072509,407302578,10324926,3092082.0,2016-17
E & A LIMITED,22088588425,147933580,,,2016-17
E. C. THROSBY PTY. LIMITED,24060571673,217609912,2589517,712569.0,2016-17
E.J. COOPER & SON PTY LIMITED,64000269750,243446326,103862106,31158632.0,2016-17
EAST YARRA FRIENDLY SOCIETY PTY LTD,44087648913,291389689,28345303,8503591.0,2016-17
EASY & FAST FINANCE PTY LTD,15609793866,222450818,27855,8356.0,2016-17
EATON INDUSTRIES PTY LTD,66103014571,237046486,7750410,1612981.0,2016-17
ECLIPX GROUP LIMITED,85131557901,467452079,35505965,9371622.0,2016-17
ECOLAB PTY LTD,59000449990,380835289,17089790,4668150.0,2016-17
ECOM COMMODITIES PTY LTD,65089892713,131796449,,,2016-17
EDEN BRAE HOLDINGS PTY LIMITED,42083807489,251194535,21365674,6409702.0,2016-17
EDU HOLDINGS SPV PTY LIMITED,34143998127,287336043,,,2016-17
EDUCATION AUSTRALIA LTD,63008597831,139189598,19381567,2898979.0,2016-17
EFN (AUSTRALIA) PTY LIMITED,90607344650,314319564,,,2016-17
EINHELL HOLDING AUSTRALIA PTY LTD,12163099885,141798184,21341860,6402558.0,2016-17
ELDERS LTD,34004336636,1513312368,11388670,36101.0,2016-17
ELECTRANET PTY LIMITED,41094482416,377960489,85853433,25756030.0,2016-17
ELECTROLUX HOME PRODUCTS PTY LIMITED,51004762341,778712264,1884329,,2016-17
ELECTRONICS BOUTIQUE AUSTRALIA PTY LTD,50077681442,812930605,36801417,11040425.0,2016-17
ELI LILLY AUSTRALIA PTY LIMITED,39000233992,268696989,53208189,6594835.0,2016-17
EMC AUSTRALIA PTY LIMITED,34143603123,342162648,31132151,6138395.0,2016-17
EMECO HOLDINGS LIMITED,89112188815,303160488,,,2016-17
EMERSON PROCESS MANAGEMENT AUSTRALIA PTY LTD,99004590005,149391897,6906320,2031514.0,2016-17
EMIRATES AIRLINE,81073569696,127862549,,,2016-17
EMIRATES LEISURE RETAIL (AUSTRALIA) PTY LTD,76131473679,680292803,20792170,6237651.0,2016-17
EMPIRED LIMITED,81090503843,103328620,854054,,2016-17
EMPLOYERS MUTUAL LIMITED,67000006486,240658217,2162986,,2016-17
ENAK HOLDINGS PTY LTD,94151868772,611928999,13724983,3936189.0,2016-17
ENDEMOL SHINE AUSTRALIA HOLDINGS PTY LTD,94134845364,139304457,,,2016-17
ENERGIZER AUSTRALIA PTY LIMITED,91003539026,101370286,7412572,2198584.0,2016-17
ENERGY RESOURCES OF AUSTRALIA LTD,71008550865,313286363,,,2016-17
ENERGYAUSTRALIA HOLDINGS LIMITED,57101876135,6328329348,,,2016-17
ENERMECH PTY LTD,32136435062,148619060,1947277,584183.0,2016-17
ENERSYS AUSTRALIA PTY LIMITED,52103740290,125312715,2834314,850294.0,2016-17
ENGENCO LTD,99120432144,132969965,,,2016-17
ENI AUSTRALIA BV,18092812023,117451389,,,2016-17
ENI JPDA 03-13 LIMITED,14054729930,128718688,4021156,1206347.0,2016-17
ENIRGI AUSTRALIA PTY LTD,69155392911,152289774,,,2016-17
ENSCO AUSTRALIA PTY LTD,79100601634,255667684,12634905,3790472.0,2016-17
ENSCO U.K. LIMITED,32459318623,102439994,4086340,1225902.0,2016-17
ENSHAM COAL SALES PTY LTD,13050411713,448860018,548567,164570.0,2016-17
ENSIGN (AUSTRALIA) HOLDINGS PTY LTD,71100195426,191772030,,,2016-17
ENTITY SOLUTIONS SERVICES PTY LTD,24091536364,331894135,,,2016-17
EPAY AUSTRALIA HOLDINGS PTY LIMITED,74104012900,144017307,12459903,3737971.0,2016-17
EPSON AUSTRALIA PTY LTD,91002625783,221771317,7727952,2318386.0,2016-17
EQUIFAX AUSTRALIA HOLDINGS PTY LTD,37609497494,390230802,,,2016-17
EQUINIX AUSTRALIA PTY LTD,25092807264,137415367,15352124,4605637.0,2016-17
ERM POWER LIMITED,28122259223,2869305991,81998102,24306058.0,2016-17
ESS THALANYJI PTY LTD,89141801541,211889232,43546277,13063883.0,2016-17
ESSILOR AUSTRALIA PTY LTD,96002659458,175591620,11179532,2053905.0,2016-17
ESTEE LAUDER PTY LIMITED,63008444719,281437144,43316287,12994886.0,2016-17
ESTHER INVESTMENT PTY LTD,68004459536,348350717,40569685,12003858.0,2016-17
ESTIA HEALTH LIMITED,37160986201,527694401,56152103,16845631.0,2016-17
ETIHAD AIRWAYS PJSC,40123078688,428534608,,,2016-17
ETSA UTILITIES FINANCE PTY LTD,78091701825,139868735,,,2016-17
EUROPCAR HOLDING PTY LTD,72130750640,182178695,397859,119358.0,2016-17
EVAND PTY LTD,59072254007,127298514,19429257,5828777.0,2016-17
EVENT HOSPITALITY AND ENTERTAINMENT LIMITED,51000005103,640621207,133681361,38018396.0,2016-17
EVOLUTION MINING LTD,74084669036,1482169460,126318242,30674936.0,2016-17
EW PACIFIC PTY LTD,,120489070,8684041,2605212.0,2016-17
EXPEDIA AUSTRALIA PTY LTD,12101694946,173461751,,,2016-17
EXPEDITION INVESTMENTS PTY LTD,,214389575,214370443,,2016-17
EXPEDITORS INTERNATIONAL PTY LIMITED,79003337282,116544555,13491309,4047393.0,2016-17
EXXONMOBIL AUSTRALIA PTY LTD,48091561198,8360800462,,,2016-17
F K GARDNER & SONS PTY LTD,99010136053,321240371,9856929,2957079.0,2016-17
FACEBOOK AUSTRALIA PTY LIMITED,83134012543,331366976,41914024,12574207.0,2016-17
FACTORY MUTUAL INSURANCE COMPANY,47163108861,231568887,,,2016-17
FAIRBROTHER PTY LTD,51009510561,210619459,4184387,1212459.0,2016-17
FAIRFAX MEDIA LIMITED,15008663161,1336981732,103417517,13989760.0,2016-17
FANTASTIC HOLDINGS LIMITED,19004000775,284303606,9307173,2792152.0,2016-17
FAR EAST LAND (AUSTRALIA) PTY LTD,74166129915,153303473,,,2016-17
FCA AUSTRALIA PTY LTD,23125956505,626772585,,,2016-17
FDC CONSTRUCTION & FITOUT PTY LIMITED,44120295034,876685979,53153806,15902253.0,2016-17
FEDERAL EXPRESS (AUSTRALIA) PTY LTD,35003100052,185762542,32949568,9884870.0,2016-17
FENNER (PACIFIC) PTY LIMITED,49000231532,261064223,14027457,4179709.0,2016-17
FERRERO AUSTRALIA PTY LIMITED,29001249261,254105050,8345610,,2016-17
FERROVIAL SERVICES AUSTRALIA PTY LTD,74609542556,1708521972,,,2016-17
FIL INVESTMENT MANAGEMENT (AUSTRALIA) LIMITED,34006773575,109626127,418159,125448.0,2016-17
FINASUCRE INVESTMENTS (AUSTRALIA) PTY LIMITED,23062315593,261526249,,,2016-17
FINDEX GROUP LIMITED,40128588714,414024968,,,2016-17
FINISAR AUSTRALIA PTY LTD,45098184582,135918054,21904972,,2016-17
FINITE GROUP APAC PTY LIMITED,43085406300,337806491,17520838,5255771.0,2016-17
FIRCROFT AUSTRALIA PTY LTD,58100091245,189911574,10736396,3051812.0,2016-17
FIRST DATA RESOURCES INVESTMENTS PTY LTD,63057257771,196408248,,,2016-17
FIS AUSTRALASIA PTY LTD,45093114759,111609173,18336647,5296411.0,2016-17
FISHER & PAYKEL AUSTRALIA HOLDINGS LIMITED,19003659425,452700530,16544841,4947704.0,2016-17
FITBIT (AUSTRALIA) PTY LTD,37168857494,106356013,5639416,1691363.0,2016-17
FITNESS AND LIFESTYLE GROUP TOPCO PTY LTD,50614113192,280473110,,,2016-17
FLEETCOR TECHNOLOGIES PTY LTD,58161719393,321339350,5317467,1595240.0,2016-17
FLEETWOOD CORPORATION LIMITED,69009205261,331679272,,,2016-17
FLETCHER BUILDING (AUSTRALIA) PTY LTD,11093539452,2779808808,,,2016-17
FLETCHER BUILDING INTERNATIONAL LP,15597295270,119901777,5534828,1660448.0,2016-17
FLETCHER INTERNATIONAL EXPORTS PTY LTD,64003213652,662937679,3173892,951843.0,2016-17
FLEXIGROUP LTD,75122574583,330919551,86393967,22983145.22,2016-17
FLIGHT CENTRE TRAVEL GROUP LIMITED,25003377188,1556129833,221726711,63122355.0,2016-17
FLINDERS PORT HOLDINGS PTY LTD,46117687313,232585979,64996963,19499089.0,2016-17
FLORA GREEN PTY LTD,47608829214,5525164541,,,2016-17
FLSMIDTH PTY LTD,85000221590,299932519,5759011,,2016-17
FLUOR AUSTRALIA PTY LTD,28004511942,215468590,,,2016-17
FMC AUSTRALASIA PTY LTD,45095326891,121248997,,,2016-17
FMC TECHNOLOGIES AUSTRALIA LTD,21004030317,250400822,11026963,3308089.0,2016-17
FOOD INVESTMENTS PTY LIMITED,85008426177,2213926336,5207507,,2016-17
FOOT LOCKER AUSTRALIA INC,22619093977,208917016,29608641,8882592.0,2016-17
FORD MOTOR COMPANY OF AUSTRALIA LTD,30004116223,3141260315,37779266,,2016-17
FORM 700 HOLDINGS PTY LTD,42102996378,220462921,,,2016-17
FORTESCUE METALS GROUP LIMITED,57002594872,9795448360,3561403370,1031795895.0,2016-17
FOX & LILLIE HOLDINGS PTY LTD,57004604844,468157695,4553326,1365998.0,2016-17
FOX FILMED ENTERTAINMENT AUSTRALIA PTY LIMITED,99004126738,331646351,,,2016-17
FOXCONN AUSTRALIA PTY LIMITED,38114305494,185552330,,,2016-17
FOXTEL CABLE TELEVISION PTY LIMITED,45069008797,1975053081,4129182,1238755.0,2016-17
FOXTEL HOLDINGS PTY LIMITED,55151690327,762110465,56073968,16822190.0,2016-17
FOXTEL MANAGEMENT PTY LTD,65068671938,215275437,,,2016-17
FPW HOLDINGS AUSTRALIA PTY LTD,55600457430,983300105,,,2016-17
FQM AUSTRALIA HOLDINGS PTY LTD,77136613075,310396330,,,2016-17
FRASERS (FPA) PTY LTD,80131011026,449948622,126871120,33819445.0,2016-17
FRASERS PROPERTY AUSTRALIA PTY LTD,89600448726,905710064,,,2016-17
FREEDOM ENERGY HOLDINGS PTY LTD,24093243844,863498310,1931251,579375.0,2016-17
FREEDOM FOODS GROUP LIMITED,41002814235,216082758,2548022,,2016-17
FREMANTLEMEDIA AUSTRALIA HOLDINGS PTY LIMITED,83001076142,145823085,4341573,,2016-17
FREQUENCY INFRASTRUCTURE AUSTRALIA HOLDINGS PTY LIMITED,27136262952,311553953,,,2016-17
FRESENIUS MEDICAL CARE AUSTRALIA PTY LIMITED,80067557877,180422219,9430215,2829064.0,2016-17
FREYSSINET AUSTRALIA PTY LTD,15002617736,199185165,,,2016-17
FRIENDLY SOCIETY MEDICAL ASSOCIATION LIMITED,69088347602,296223541,,,2016-17
FRUCOR SUNTORY AUSTRALIA PTY LIMITED,73060091536,335681991,7500997,2250299.0,2016-17
FTA FOOD SOLUTIONS PTY LTD,82059480054,239060933,8121801,2436540.0,2016-17
FUCHS LUBRICANTS (AUSTRALASIA) PTY LTD,88005681916,174300013,21481580,6377823.0,2016-17
FUGRO HOLDINGS (AUSTRALIA) PTY LTD,99003010099,265576543,,,2016-17
FUJI XEROX ASIA PACIFIC PTE LTD,26103964629,128332274,,,2016-17
FUJI XEROX AUSTRALIA PTY. LTD,63000341819,1134548629,,,2016-17
FUJIFILM HOLDINGS AUSTRALASIA PTY LIMITED,58008443892,164230835,,,2016-17
FUJITSU AUSTRALIA LIMITED,19001011427,997908315,65101175,15718865.0,2016-17
FUJITSU GENERAL (AUST) PTY LIMITED,55001229554,224340009,6627627,1988288.0,2016-17
FULTON HOGAN AUSTRALIA PTY LTD,42135849115,1957255447,70588949,21005256.0,2016-17
FUTURE FUND INVESTMENT COMPANY NO. 1 PTY LTD,81130318188,242282291,20718503,4990061.0,2016-17
FUTURE FUND INVESTMENT COMPANY NO. 2 PTY LTD,90130788493,1164613965,468606022,133349777.0,2016-17
FUTURE FUND INVESTMENT COMPANY NO. 3 PTY LTD,40134338882,1795916129,505907693,131361655.0,2016-17
FUTURE FUND INVESTMENT COMPANY NO.4 PTY LTD,47134338908,2822742659,1459777142,437933143.0,2016-17
FUTURE FUND INVESTMENT COMPANY NO.5 PTY LTD,51134338926,487393677,71178979,21353694.0,2016-17
FUTURIS AUTOMOTIVE INTERIORS (AUSTRALIA) PTY LTD,43065993553,207503802,913863,274159.0,2016-17
G D MITCHELL ENTERPRISES PTY LTD,33010655820,231029044,18158620,5447586.0,2016-17
G JAMES PTY LTD,25009696404,457839854,31309215,9136614.0,2016-17
G&W AUSTRALIA HOLDINGS LP,30124868215,226654015,11580668,,2016-17
G4S AUSTRALIA HOLDINGS PTY LTD,68128783602,253341946,47410,,2016-17
G8 EDUCATION LIMITED,95123828553,763589364,92588374,27776512.0,2016-17
GAIF 4-1 BORROWER COMPANY PTY LIMITED,55134604176,228246571,,,2016-17
GALDERMA AUSTRALIA PTY LIMITED,12003976930,123019193,13228083,3968425.0,2016-17
GALE PACIFIC LIMITED,80082263778,100275652,,,2016-17
GARMIN AUSTRALASIA PTY LIMITED,85129153448,132044090,3328387,998516.0,2016-17
GARNET INTERNATIONAL RESOURCES PTY LTD,77081244715,156234644,57628185,15346931.0,2016-17
GARTNER AUSTRALASIA PTY LTD,69003708601,134307621,7868433,2353064.0,2016-17
GATE GOURMET (HOLDINGS) PTY LIMITED,59004122892,232578646,,,2016-17
GATEWAY LIFESTYLE OPERATIONS LTD,63605543968,127629864,,,2016-17
GBX TRADING FZE,32406282107,564296347,121796,36539.0,2016-17
GE CAPITAL AUSTRALIA FUNDING PTY LTD,67085675467,229315085,,,2016-17
GE CAPITAL INTERNATIONAL HOLDINGS LIMITED AND GE CAPITAL AUSTRALIA HOLDINGS,92957043907,215164161,12689340,3806802.0,2016-17
GE ENERGY HOLDINGS AUSTRALIA PTY LTD,37086855076,118758278,,,2016-17
GE HEALTHCARE AUSTRALIA PTY LIMITED,32001408402,358119358,3761872,1128562.0,2016-17
GE OIL & GAS AUSTRALIA PTY LTD,65009080951,509788320,76731797,21338587.0,2016-17
GE POWER HOLDINGS AUSTRALIA PTY LTD,18143300985,254022459,,,2016-17
GEA PROCESS ENGINEERING PTY LTD,26000689618,112856850,9491405,2676808.0,2016-17
GENERAL ELECTRIC INTERNATIONAL INC,85002420751,656006455,97415575,29224672.0,2016-17
GENERAL MILLS HOLDING (AUSTRALIA) PTY LTD,50095075808,373176651,13418344,3297138.0,2016-17
GENERAL MOTORS HOLDEN AUSTRALIA LTD,39603486844,4601580614,,,2016-17
GENERAL REINSURANCE AUSTRALIA LIMITED,16008427450,146611044,18254166,5447118.0,2016-17
GENESIS CARE PTY LIMITED,38137188464,441876437,,,2016-17
GENOS HOLDINGS PTY LTD,62086026968,752502711,,,2016-17
GENWORTH MORTGAGE INSURANCE AUSTRALIA LIMITED,72154890730,634537978,285686830,83717119.0,2016-17
GEO GROUP AUSTRALASIA PTY LTD,79051914688,555899850,,,2016-17
GEODIS WILSON AUSTRALIA HOLDINGS PTY LTD,76001193193,273276000,1751678,525503.0,2016-17
GEORGIOU GROUP PTY LTD,82073851948,420333292,8821326,,2016-17
GERALDTON FISHERMEN'S CO-OPERATIVE LTD,52425663385,387434222,,,2016-17
GF HOLDINGS (WA) PTY LTD,30009330652,200086184,4308951,1292685.0,2016-17
GHD GROUP PTY LTD,32118062258,703115838,62798155,18620746.0,2016-17
GIBSON'S LIMITED,23009476064,195826286,27253162,7798319.0,2016-17
GILEAD SCIENCES PTY LTD,71072611708,489880715,25086340,4957898.0,2016-17
GIVAUDAN AUSTRALIA PTY LIMITED,87000470280,103959234,,,2016-17
GLAXOSMITHKLINE CONSUMER HEALTHCARE AUSTRALIA PTY LTD,68603310292,474716514,33398246,10019474.0,2016-17
GLAXOSMITHKLINE HOLDINGS PTY LTD,75000465878,974632942,,,2016-17
GLENCORE GRAIN HOLDINGS AUSTRALIA PTY LIMITED,81161229867,1510526283,3333,1000.0,2016-17
GLENCORE HOLDINGS PTY LIMITED,41104160689,381607676,37123933,11137180.0,2016-17
GLENCORE INVESTMENT PTY LIMITED,67076513034,14970581402,1675470589,1000.0,2016-17
GLOBAL BLUE CURRENCY CHOICE AUSTRALIA PTY LTD,43092237968,249019631,,,2016-17
GLOBAL CONSTRUCTION SERVICES LIMITED,81104662259,161976279,1677240,503172.0,2016-17
GLOBAL SWITCH AUSTRALIA HOLDINGS PTY LTD,35138200049,100046679,28006123,8401837.0,2016-17
GLOBAL VALUE FUND LIMITED,90168653521,222454953,14776617,4374670.0,2016-17
GLORIOUS SUN (AUSTRALIA) PTY LTD,45091122020,156784000,,,2016-17
GLYNWED PACIFIC HOLDINGS PTY LTD,50008100703,473191863,4101723,1229241.0,2016-17
GODFREY HIRST AUSTRALIA PTY LTD,58000849758,336107756,38244397,10462624.0,2016-17
GODFREYS GROUP LIMITED,35602722985,148903503,205133,,2016-17
GOLD FIELDS AUSTRALIA PTY LTD,91098385285,1660962637,452284896,134821378.0,2016-17
GOLD ROAD RESOURCES LIMITED,13109289527,327684821,235634546,70618556.0,2016-17
GOLDEN COCKEREL PTY LTD,84009906432,213057085,842470,163767.0,2016-17
GOLDER ASSOCIATES PTY LTD,64006107857,194389409,94751,,2016-17
GOLDING GROUP PTY LIMITED,97129247025,373441063,5336413,395162.0,2016-17
GOLDMAN SACHS HOLDINGS ANZ PTY LIMITED,27151154791,460422146,6565180,,2016-17
GOLDWIND AUSTRALIA PTY LIMITED,32140108390,139370618,3959829,1187949.0,2016-17
GOODMAN LIMITED,69000123071,369824844,1258473,,2016-17
GOODYEAR AUSTRALIA PTY LTD,75000017489,839678411,4694775,1296744.0,2016-17
GOOGLE AUSTRALIA PTY LIMITED,33102417032,1490271916,177565887,33105352.0,2016-17
GOVE ALUMINIUM FINANCE LIMITED,45001860073,517303628,115605824,31448298.0,2016-17
GPC ASIA PACIFIC HOLDINGS PTY LTD,80162550978,1297753753,66030052,19495328.0,2016-17
GPT MANAGEMENT HOLDINGS LIMITED,67113510188,305857520,,,2016-17
GR ENGINEERING SERVICES LIMITED,12121542738,240364088,11731629,3032388.0,2016-17
GRAINCORP LIMITED,60057186035,4074157888,129222610,,2016-17
GRAND CENTRAL (AUSTRALIA) PTY. LIMITED,74054210061,130850868,50525247,15157574.0,2016-17
GRAND HOTEL COMPANY PTY LTD,51073486003,120439585,3465748,1039724.0,2016-17
GRANGE RESOURCES LIMITED,80009132405,294980461,9795599,2059662.0,2016-17
GRANT THORNTON AUSTRALIA LIMITED,41127556389,230738423,50004647,15001394.0,2016-17
GRAPHIC PACKAGING INTERNATIONAL AUSTRALIA PTY LTD,22057776888,125427438,,,2016-17
GRAYS ECOMMERCE GROUP LIMITED,94125736914,117909044,,,2016-17
GREAT LAKES INSURANCE (SE),18964580576,152964071,4632758,1385880.0,2016-17
GREATER BANK LIMITED,88087651956,268272834,40235927,12070778.0,2016-17
GREENCROSS LIMITED,58119778862,630679969,24289442,6366652.0,2016-17
GREENLAND (AUSTRALIA) INVESTMENT PTY LIMITED,38163240408,204481490,,,2016-17
GREENSTONE HOLDCO PTY LIMITED,38612810232,347465029,25143516,7543055.0,2016-17
GRIFFON AUSTRALIA HOLDINGS PTY LIMITED,35156377356,160293202,14597422,4379227.0,2016-17
GRILL'D PTY LTD,17106297394,201517009,14426152,4327846.0,2016-17
GROCON GROUP HOLDINGS PTY LTD,82148964890,370580084,,,2016-17
GROOTE EYLANDT MINING COMPANY PTY LTD,26004618491,1677900470,763283221,226916751.0,2016-17
GROSNECCA AGRICULTURE HOLDINGS PTY LTD,70607142870,572708504,41188828,10319340.0,2016-17
GROUP ZARA AUSTRALIA PTY LTD,64089376349,256451227,23097125,6929137.0,2016-17
GRUNDFOS PUMPS PTY LTD,90007920765,123748643,,,2016-17
GS COAL HOLDINGS PTY LTD,56166342427,512275865,,,2016-17
GTN LIMITED,38606841801,107658797,16324813,4897444.0,2016-17
GUCCI AUSTRALIA PTY LIMITED,49093354548,130416455,7420405,2226122.0,2016-17
GUD HOLDINGS LIMITED,99004400891,479320576,68419246,17240344.0,2016-17
GUILD GROUP HOLDINGS LTD,72060237774,219601739,17024787,4732514.0,2016-17
GUNNERSEN COMPANIES PTY LTD,42004560605,217229363,3569560,1053089.0,2016-17
GWA GROUP LIMITED,15055964380,496806865,74893049,21251664.0,2016-17
H & M HENNES & MAURITZ PTY LTD,83160056548,363484901,13239062,3971719.0,2016-17
HAFELE AUSTRALIA PTY LTD,51006021432,130659547,9552488,2865746.0,2016-17
HAIL CREEK MARKETING PTY LTD,36080001985,1196286166,,,2016-17
HALLIBURTON CONSOLIDATED PTY LTD,67101049521,205937646,,,2016-17
HAMSDALE AUSTRALIA PTY LTD,37097393112,413095135,11943862,,2016-17
HANCOCK PROSPECTING PTY LTD,69008676417,2351080227,1359704771,407834173.0,2016-17
HANCOCK QUEENSLAND PLANTATIONS PTY LTD,30142129342,291856676,,,2016-17
HANCOCK VICTORIAN PLANTATIONS HOLDINGS PTY LIMITED,16084801178,362736601,,,2016-17
HANKING AUSTRALIA PTY LTD,74154695593,173109204,,,2016-17
HANKOOK TYRE AUSTRALIA PTY LTD,77082389704,101946820,2101362,630409.0,2016-17
HANNOVER LIFE RE OF AUSTRALASIA LTD,37062395484,1654875780,,,2016-17
HANNOVER RUECK SE AUSTRALIAN BRANCH,88002927031,276202472,11968732,3590620.0,2016-17
HANSEN YUNCKEN PTY LTD,38063384056,1161056062,,,2016-17
HANSON AUSTRALIA (HOLDINGS) PROPRIETARY LIMITED,48090994657,1870886932,206597348,39813239.0,2016-17
HARINA COMPANY LIMITED,46615332348,273571141,,,2016-17
HARLEY-DAVIDSON AUSTRALIA PTY LTD,83098483259,279356914,14048007,4214402.0,2016-17
HARRENVALE CORPORATION (AUSTRALIA) PTY LTD,28000974747,159839815,3606797,1082039.0,2016-17
HARVEST ROAD GROUP PTY LTD,31169138014,286984158,,,2016-17
HARVEY NORMAN HOLDINGS LTD,54003237545,1475776392,410110938,121011934.0,2016-17
HASBRO AUSTRALIA LIMITED,69004348565,141437350,6492734,1947820.0,2016-17
HASSAD AUSTRALIA PTY LTD,35137006109,136312092,,,2016-17
HATCHCOS HOLDINGS PTY LTD,35072620467,124939394,,,2016-17
HAWKER PACIFIC PTY LTD,94001540316,195091169,9121015,2736304.0,2016-17
HAYS SPECIALIST RECRUITMENT (AUSTRALIA) PTY LTD,47001407281,1950621631,113113983,33934195.0,2016-17
HAZELDENE'S CHICKEN FARM PROPRIETARY LIMITED,72004381346,265503551,10547029,3164109.0,2016-17
HCL AUSTRALIA SERVICES PTY LIMITED,72081196983,253610393,15611266,4683380.0,2016-17
HCL INTERNATIONAL PTY LIMITED,46134588837,209360324,2970117,891035.0,2016-17
HEALTHDIRECT AUSTRALIA LTD,28118291044,146505252,,,2016-17
HEALTHSCOPE LTD,65144840639,2076645114,4046259,,2016-17
HEARING RETAIL GROUP PTY LTD,93113235779,100661023,2961952,888586.0,2016-17
HEARTLAND GROUP PTY LIMITED,96001235392,367449653,14194025,4257080.0,2016-17
HEEREMA MARINE CONTRACTORS NEDERLAND SE,71187497243,207748103,,,2016-17
HEINEMANN AUSTRALIA PTY LTD,36159521338,330513165,,,2016-17
HEINZ WATTIE'S PTY LTD,51071783447,716558467,26930371,5917129.0,2016-17
HELLA ASIA PACIFIC PTY LTD,46004516947,133587828,14965495,4489648.0,2016-17
HELLLOWORLD TRAVEL LIMITED,60091214998,218494148,20668492,5606751.0,2016-17
HELLMANN WORLDWIDE LOGISTICS PTY LTD,13003199755,180683606,2271592,681406.0,2016-17
HEMMES GROUP PTY LTD,53105332376,320784178,11788778,3536585.0,2016-17
HENKEL FINANCE AUSTRALIA,15740196765,367209544,5761635,1728490.0,2016-17
HENLEY PROPERTIES (QLD) PTY LTD,42068886000,374826735,32683352,9805006.0,2016-17
HEP AUSTRALIA HOLDINGS PTY LTD,22129428155,162218688,24114770,6799982.0,2016-17
HERITAGE BANK LIMITED,32087652024,380220555,62943429,17580971.0,2016-17
HERMES AUSTRALIA PTY LTD,88003558085,104456936,33760182,10128055.0,2016-17
HERTEL AUSTRALIA HOLDING PTY LTD,53142708665,239948205,20768976,4295887.0,2016-17
HERTZ INVESTMENT (HOLDINGS) PTY LTD,,355884147,43809616,13142885.0,2016-17
HEWLETT PACKARD SOUTH PACIFIC PTY LTD,94121554489,1616248192,738072,221422.0,2016-17
HEXION PTY LTD,32004271827,132686136,12156181,2028143.0,2016-17
HG HOLDCO PTY LTD,20603088606,496080422,56959277,17087783.0,2016-17
HICKORY GROUP HOLDINGS LIMITED,11617050914,409583740,12890445,3867134.0,2016-17
HIGHBROOK HOLDINGS PTY LTD,32157828058,369637270,21726953,6518086.0,2016-17
HIGHLAND AUTOS PTY LTD,13121604297,124643219,6168620,1850586.0,2016-17
HIGHLOW MARKETS PTY LTD,85143553628,168256962,105991851,31797555.0,2016-17
HILLGROVE RESOURCES LTD,73004297116,113917051,,,2016-17
HILLS LIMITED,35007573417,284302981,,,2016-17
HILLSIDE (AUSTRALIA NEW MEDIA) PTY LIMITED,75148920665,101851952,,,2016-17
HILTI (AUST) PTY LIMITED,44007602100,126108543,3964626,1189388.0,2016-17
HILTON INTERNATIONAL AUSTRALIA PTY LTD,88098665537,100867737,733786,,2016-17
HINDMARSH CONSTRUCTION AUSTRALIA PTY LIMITED,15126578176,218657820,,,2016-17
HINO MOTOR SALES AUSTRALIA PTY LTD,74064989724,320637219,2844638,853391.0,2016-17
HIRSCH FINANCIAL PTY LTD,16132753167,376698596,3366649,1009995.0,2016-17
HISENSE AUSTRALIA PTY LTD,55105022080,224785223,20475677,6142703.0,2016-17
HITACHI AUSTRALIA PTY LIMITED,34075381332,182370174,7216342,2110268.0,2016-17
HITACHI CONSTRUCTION MACHINERY (AUSTRALIA) PTY LTD,62000080179,909620338,85062056,23887450.0,2016-17
HOCHTIEF AUSTRALIA HOLDINGS LIMITED,17103181675,231533978,328180287,,2016-17
HOLDCO 1 PTY LTD,28157845871,270964198,,,2016-17
HOLLARD HOLDINGS AUSTRALIA PTY LIMITED,30154586802,923253813,2776261,12837.0,2016-17
HOMELOANS LIMITED,55095034003,110459185,8080889,2139034.0,2016-17
HONAN HOLDINGS PTY LIMITED,31000392727,1160179220,,,2016-17
HONDA AUSTRALIA PTY LTD,66004759611,1043465651,50943972,13352907.0,2016-17
HONDA MPE PTY LTD,96006662862,297849334,18501204,5550361.0,2016-17
HONEYWELL HOLDINGS PTY LTD,18000383764,825449378,148961653,37167664.0,2016-17
HOOGWEGT AUSTRALIA PTY LTD,30075457902,104787941,4052896,1215869.0,2016-17
HOPE DOWNS MARKETING COMPANY PTY LTD,58115712117,3320098556,,,2016-17
HORIZON GLOBAL HOLDINGS AUSTRALIA PTY LTD,20107464175,110867618,7213826,1948550.0,2016-17
HOTELS COMBINED PTY LTD,61122130554,206664494,20617513,6185254.0,2016-17
HOUMA HOLDINGS PTY LIMITED,44002590758,254060958,1975247,570574.0,2016-17
HOWE AUTOMOTIVE LIMITED,43061589188,173112654,15498661,3168655.0,2016-17
HP FINANCIAL SERVICES (AUSTRALIA) PTY LTD,86082062413,196801359,23621027,7086308.0,2016-17
HPG HOLDINGS PTY LTD,69164309380,202310743,12054966,3616490.0,2016-17
HSBC AUSTRALIA HOLDINGS PTY LIMITED,22006513873,1361515685,378905726,112539871.0,2016-17
HUAWEI TECHNOLOGIES (AUSTRALIA) PTY LIMITED,49103793380,674392936,11010086,1342495.0,2016-17
HUDSON HIGHLAND (APAC) PTY LIMITED,14074319396,244211699,,,2016-17
HUHTAMAKI HOLDINGS PTY LTD,13003519257,130853578,10363990,3109197.0,2016-17
HUNTER DOUGLAS HOLDINGS LIMITED,47000238451,118761950,6800173,2035027.0,2016-17
HUNTSMAN CORPORATION AUSTRALIA PTY LTD,67083984187,240350135,,,2016-17
HUON AQUACULTURE GROUP LTD,79114456781,271815365,,,2016-17
HUSQVARNA AUSTRALIA PTY LIMITED,45115475619,160342595,3389152,1016746.0,2016-17
HUTCHEON AND PEARCE OPERATIONS PTY LTD,68169674033,219633098,11328936,3353062.0,2016-17
HVK PTY. LIMITED,66085121768,306421025,23294328,6988298.0,2016-17
HVO COAL SALES PTY LTD,33606478531,1593087472,30896,9269.0,2016-17
HWG HOLDINGS PTY LTD,65115398322,372497865,7944818,1192034.0,2016-17
HWR LUBRICANTS PTY LTD,52151436341,218527257,2763301,828990.0,2016-17
HYDRO ALUMINIUM AUSTRALIA PTY LIMITED,42001872215,161588044,,,2016-17
HYDRONOVA AUSTRALIA NZ PTY LTD,74111599958,100280730,,,2016-17
HYDROX HOLDINGS PTY LTD,94138990593,911712681,,,2016-17
HYSTER-YALE AUSTRALIA HOLDING PTY LTD,26101464073,158031772,,,2016-17
HYUNDAI MOTOR COMPANY PTY LIMITED,58008995588,2208925032,68163176,20448953.0,2016-17
IAG RE AUSTRALIA LIMITED AAF NON RESIDENT REINSURERS,,213858310,213858310,64157493.0,2016-17
IAN WEIGH MOTORS PTY LTD & WEIGH PROPERTY INVESTMENTS PTY LTD,90148491233,109111771,3159373,947731.0,2016-17
IBM A/NZ HOLDINGS PTY LIMITED,12105319248,3308833672,17671522,,2016-17
ICON CO PTY LTD,95604136683,634192057,,,2016-17
ICON CONSOLIDATED HOLDINGS PTY LTD,49168535082,526724714,8190089,2311971.0,2016-17
IDEMITSU AUSTRALIA RESOURCES PTY LTD,45010236272,849691338,64787877,17405827.0,2016-17
IDP EDUCATION LIMITED,59117676463,366952560,53832231,9359897.0,2016-17
IFF AUSTRALIA HOLDINGS PTY LTD,78098655335,105658202,6376106,1170718.0,2016-17
IFM RENEWABLE ENERGY TRUST,45226678241,140060290,56325394,14781136.0,2016-17
IFM SOCIAL INFRASTRUCTURE HOLDING TRUST,40337513753,304189926,,,2016-17
IGT (AUSTRALIA) PTY LTD,65002904690,136284238,12473631,,2016-17
IHI ENGINEERING AUSTRALIA PTY LTD,25000945504,114107366,2285557,650769.0,2016-17
IKEA PTY LTD,84006270757,1233104060,16417140,4925142.0,2016-17
ILUKA RESOURCES LIMITED,34008675018,798245197,,,2016-17
IMB LTD,92087651974,257489141,41650841,12495252.0,2016-17
IMC PACIFIC HOLDINGS PTY LIMITED,83099273819,307540562,16494380,2892001.0,2016-17
IMCD AUSTRALASIA INVESTMENTS PTY LTD,89149016222,243608361,16761822,5018960.0,2016-17
I-MED NETWORK PTY LIMITED,19168409845,650653263,20785436,5458631.0,2016-17
IMF BENTHAM LIMITED,45067298088,110336760,37920161,10994463.0,2016-17
IMPERIAL TOBACCO AUSTRALIA LIMITED,46088148681,820585340,29370043,8798561.0,2016-17
INCHCAPE AUSTRALIA LIMITED,50050035277,1593207921,195224168,16761063.0,2016-17
INCITEC PIVOT LIMITED,42004080264,2599640554,39240708,323573.0,2016-17
INDEPENDENCE GROUP NL,46092786304,421356460,,,2016-17
INDEPENDENT NEWS AND MEDIA HOLDINGS PTY LIMITED,,213965186,,,2016-17
INDUSTRIAL AND COMMERCIAL BANK OF CHINA LIMITED,57086866506,698200266,110847831,33252044.0,2016-17
INDUSTRY SUPER HOLDINGS PTY LTD,71119748060,338432446,6210834,1804745.0,2016-17
INFIGEN ENERGY LIMITED,39105051616,212984868,,,2016-17
INFOR (ANZ HOLDINGS) PTY LIMITED,45160838433,112218921,21173823,4825851.0,2016-17
INFOSYS TECHNOLOGIES LIMITED,52090591209,626938949,208450823,37664109.0,2016-17
ING AUSTRALIA HOLDINGS LIMITED,27008459596,2724431832,579081591,121973954.0,2016-17
ING BANK NV (SYDNEY BRANCH),32080178196,238981789,2630462,789114.0,2016-17
INGENIA COMMUNITIES MANAGEMENT TRUST,99296784351,161692096,,,2016-17
INGHAMS GROUP LIMITED,39162709506,2437300000,28141136,7160200.0,2016-17
INGRAM MICRO HOLDINGS (AUSTRALIA) PTY LTD,12112487322,2006994650,,,2016-17
INNOVIA FILMS (HOLDING) PTY LTD,29111098232,239312348,39101289,8862700.0,2016-17
INPEX ALPHA LTD,34003730756,184239658,1710,,2016-17
INPEX AUSTRALIA PTY LTD,79134715254,556057550,11566649,3433597.0,2016-17
INPEX HOLDINGS AUSTRALIA PTY LTD,61150217315,144407507,,,2016-17
INPEX SAHUL LTD,28059844781,141173793,5196219,1558866.0,2016-17
INSIGHT ENTERPRISES AUSTRALIA PTY LIMITED,47058645677,153173433,9806405,2936159.0,2016-17
INSPIRATIONS PAINT STORE (HOLDINGS)LTD,94080617036,273972124,448994,134698.0,2016-17
INSURANCE AUSTRALIA GROUP LIMITED,60090739923,14369786442,1073228323,242202624.0,2016-17
INSURANCE MANUFACTURERS OF AUSTRALIA PTY LTD,93004208084,3617581725,360736812,105991231.0,2016-17
INTEGRAL DIAGNOSTICS LIMITED,55130832816,181302361,20615822,6184747.0,2016-17
INTEGRATED FOODS HOLDINGS PTY LTD,42603619692,2134700556,112732840,,2016-17
INTEGRIA HEALTHCARE (AUSTRALIA) PTY LIMITED,70096496212,142647829,,,2016-17
INTERFACE AUST HOLDINGS PTY LIMITED,68074804381,105363000,,,2016-17
INTERIORCO PTY LTD,76128905564,253153251,10467310,2670778.0,2016-17
INTERLINK ROADS PTY LIMITED,53003845430,284034020,179169737,53750921.0,2016-17
INTERNATIONAL CAPITAL MARKETS PTY LTD,12123289109,221297273,139452195,41835658.0,2016-17
INTERNATIONAL POWER (AUSTRALIA) HOLDINGS PTY LTD,70105041209,1388618326,,,2016-17
INTERNATIONAL SOS (AUSTRALASIA) PTY LTD,83052247104,224784041,,,2016-17
INTERNET SERVICES AUSTRALIA 1 PTY LTD,50152631082,189514614,,,2016-17
INTERPUBLIC AUSTRALIA HOLDINGS PTY LTD,20140379335,245771156,42032319,12044892.0,2016-17
INTERTEK AUSTRALIA HOLDINGS PTY LTD,74124892879,131805198,4820486,,2016-17
INTREPID GROUP LIMITED,30131952513,265628482,4492902,,2016-17
INVESTEC HOLDINGS AUSTRALIA LIMITED,49071292567,112914051,7131123,,2016-17
INVOCARE LIMITED,42096437393,443126725,76589026,22646589.0,2016-17
IOOF HOLDINGS LTD,49100103722,838222364,304841484,76053493.0,2016-17
IPH LIMITED,49169015838,142204568,40329545,11453180.0,2016-17
IPMG PTY LTD,84123230259,247882389,,,2016-17
IRESS LIMITED,47060313359,242398276,71235364,19100992.0,2016-17
IRON MOUNTAIN ACQUISITION HOLDINGS PTY LTD,20608590521,270242573,,,2016-17
ISAGENIX (ASIA PACIFIC) AUSTRALIA PTY LIMITED,31122975357,147219767,1011389,303417.0,2016-17
ISELECT LIMITED,48124302932,187412429,14440300,1980553.0,2016-17
ISENTIA GROUP LIMITED,31167541568,111441161,25665018,2741305.0,2016-17
ISIS CENTRAL SUGAR MILL COMPANY LIMITED,99009657078,112227352,1423825,,2016-17
ISUZU AUSTRALIA LIMITED,97006962572,834066073,37763714,11329114.0,2016-17
ISUZU UTE AUSTRALIA PTY LTD,80129563739,700805630,44053893,13216168.0,2016-17
ITI (NSW) PTY LIMITED,17003282755,130566080,8825705,2647712.0,2016-17
ITOCHU AUSTRALIA LIMITED,63000192790,2591182712,537653990,76592788.0,2016-17
IVE GROUP LIMITED,62606252644,501823001,13227308,3968192.0,2016-17
IVECO TRUCKS AUSTRALIA LIMITED,86004065061,368985467,,,2016-17
IXOM HOLDCO PTY LTD,36602722547,972413632,1983240,,2016-17
J & V MCGRATH HOLDINGS PTY LTD,81122411778,205913209,5090016,1527005.0,2016-17
J HUTCHINSON PTY LTD,52009778330,2322155308,22750844,6816846.0,2016-17
J&F AUSTRALIA PTY LTD,72150917285,589023092,2611911,622042.0,2016-17
J. CORDINA INVESTMENTS PTY LTD,99000528281,230088377,,,2016-17
J. J. RICHARDS & SONS PTY LTD,40000805425,794517619,93868075,24654896.0,2016-17
J.P. MORGAN AUSTRALIA GROUP PTY LIMITED,54104888155,767490632,112899276,32495312.0,2016-17
JACOBS AUSTRALIA PTY LIMITED,12079749287,782319311,581786,,2016-17
JAGUAR LAND ROVER AUSTRALIA PTY LTD,86004352238,1195093307,63459534,18768722.0,2016-17
JAMES FRIZELLE'S AUTOMOTIVE GROUP PTY. LTD.,47010210723,631688678,19176877,5753063.0,2016-17
JAMES HARDIE RESEARCH (HOLDINGS) PTY LIMITED,51082944821,367860986,,,2016-17
JAMESTRONG PACKAGING AUSTRALIA PTY LTD,52121722290,110371665,,,2016-17
JANART HOLDINGS PTY LTD,13092037262,261408217,3575717,1072715.0,2016-17
JAPAN ALUMINA ASSOCIATES (AUSTRALIA) PTY LTD,42008907524,159515313,,,2016-17
JAPAN AUSTRALIA LNG (MIMI) PTY LTD,18006303180,1297177674,521462152,153573366.0,2016-17
JAPARA HEALTHCARE LIMITED,54168631052,362818802,28394654,8518396.0,2016-17
JAQUES INTERNATIONAL HOLDING PTY LTD,57004075978,180617154,1880751,,2016-17
JARDINE LLOYD THOMPSON AUSTRALIA PTY LIMITED,24005279890,254446945,62825377,18744411.0,2016-17
JAROOKA PTY LTD,23002555839,204949861,3062840,918128.0,2016-17
JB HI-FI LIMITED,80093220136,5409927924,300510055,90152884.0,2016-17
JBX PTY LTD,52134120139,211752999,80961132,24288340.0,2016-17
JELD-WEN AUSTRALIA PTY LIMITED,62087012226,644464365,55837676,15717200.0,2016-17
JELLINBAH GROUP PTY LTD,54010754793,1546610774,659288515,197552088.0,2016-17
JENNMAR AUSTRALIA PTY LTD,34078584531,134059776,5801255,1740376.0,2016-17
JET SYSTEMS PTY LTD,34003469574,386310469,11231720,2946107.0,2016-17
JF HILLEBRAND AUSTRALIA PTY LTD,58079446905,120738962,5574425,1672328.0,2016-17
JFC AUSTRALIA CO PTY LTD,36003080260,135029869,4056944,1217083.0,2016-17
JGC OCEANIA PTY LTD,94154383374,110308250,16577946,4973384.0,2016-17
JK INTERNATIONAL PTY LTD,49010127750,798404490,176,,2016-17
JKC AUSTRALIA LNG PTY LTD,14154383409,3605737173,44814850,13444455.0,2016-17
JLG INDUSTRIES AUSTRALIA,42056685897,106639155,5011527,1503458.0,2016-17
JMC AUTOMOTIVE GROUP PTY LTD (JACKSON FORD),83009479190,259222914,6003807,1801142.0,2016-17
JOHN SWIRE & SONS PTY LTD,88000106141,609778318,,,2016-17
JOHNSON & JOHNSON PTY LTD,29000023709,1307965416,130169800,32939607.0,2016-17
JOHNSON CONTROLS HOLDING AUSTRALIA PTY LIMITED,86102631158,141060576,10370261,3104174.0,2016-17
JOLIMONT DEVELOPMENT FINANCE PTY LTD,94094356779,622822105,31484058,8598138.0,2016-17
JOY GLOBAL AUSTRALIA HOLDING COMPANY PTY LTD,70059870058,477314006,,,2016-17
"JPMORGAN CHASE BANK, NATIONAL ASSOCIATION",43074112011,620322396,,,2016-17
J-POWER AUSTRALIA PTY. LTD.,59002307682,290259900,62944353,17313136.0,2016-17
JQZ HOLDINGS PTY LTD,36111636983,290876177,9536971,2861091.0,2016-17
JTB OCEANIA PTY LIMITED,85003400851,114721650,5051301,1514961.0,2016-17
JUPITER MINES LIMITED,51105991740,320878954,41490,,2016-17
JWH GROUP PTY LTD,84098664709,283326304,2185731,24809.0,2016-17
K&S CORPORATION LTD,67007561837,715530991,216865,,2016-17
KAEFER INTEGRATED SERVICES PTY LTD,83009046191,151584814,,,2016-17
KAGERA PTY LTD,58008478797,218657243,23356010,6223056.0,2016-17
KAIZEN MOTORS PTY LTD,67603805278,256036951,2646848,794054.0,2016-17
KANSAI ELECTRIC POWER HOLDINGS AUSTRALIA PTY LTD,57601296226,211627001,31014435,,2016-17
KARARA MINING LIMITED,68070871831,632756765,,,2016-17
KATHMANDU PTY LTD,84007047547,282983986,27220615,8166184.0,2016-17
KB FOOD COMPANY PTY LTD,16610219380,434785720,14500021,3508370.0,2016-17
KBR HOLDINGS PTY LTD,32093419277,413475863,27269513,7465799.0,2016-17
KEEMA HOLDINGS PTY LTD,28097123389,243356460,3323409,992541.0,2016-17
KELLER AUSTRALIA PTY LIMITED,61081279932,323360848,,,2016-17
KELLOGG AUSTRALIA HOLDINGS PTY LTD,59102893952,426760907,7445715,,2016-17
KELLY SERVICES AUSTRALIA PTY LTD,92608767979,109084631,2258089,676512.0,2016-17
KENNARDS HIRE PTY LIMITED,69001740727,303417248,57573754,17061530.0,2016-17
KENNARDS SELF STORAGE PTY. LIMITED,57001805036,263858373,61313135,18276558.0,2016-17
KEOLIS DOWNER PTY LTD,51165343680,849977274,17614907,5284057.0,2016-17
KERRY INGREDIENTS AUSTRALIA PTY LTD,47072996895,202195719,,,2016-17
KEYSTONE FOODS PTY LIMITED,83077185481,112220648,5719771,1496191.0,2016-17
KIA MOTORS AUSTRALIA PTY LTD,97110483353,1087568535,45568408,13670522.0,2016-17
KIEWIT AUSTRALIA HOLDINGS PTY LTD,33141920818,120245178,9567626,2870288.0,2016-17
KIMBERLY CLARK PACIFIC HOLDINGS PTY LIMITED,59095905294,922763257,103828582,25024120.0,2016-17
KIN GROUP PTY LTD,11095313714,259004485,49085766,6064779.0,2016-17
KINGSPAN HOLDINGS AUSTRALIA PTY LTD,81107982098,118088224,3687723,1106317.0,2016-17
KNAUF GYPSUM (AUSTRALIA) PTY LTD,82134378313,200156205,42941982,10493297.0,2016-17
KNIGHT FRANK AUSTRALIA HOLDINGS PTY LTD,28114923938,146739275,7704628,2262817.0,2016-17
KNORR-BREMSE AUSTRALIA PTY LTD,31092562671,167796417,8061283,254663.0,2016-17
KOCH FERTILISER AUSTRALIA PTY LTD,44140582369,251348425,,,2016-17
KOGAN AUSTRALIA PTY LTD,53152570351,153363747,2452185,735656.0,2016-17
KOGAN HK LIMITED,51158959794,164367470,3614342,1084303.0,2016-17
KOGAS AUSTRALIA PTY LTD,42130065682,347219578,,,2016-17
KOMATSU MARKETING SUPPORT AUSTRALIA PTY LTD,63053514739,1163912199,45032745,5184645.0,2016-17
KONE HOLDINGS (AUSTRALIA) LIMITED,51003986436,501079386,49645045,14893514.0,2016-17
KONICA MINOLTA BUSINESS SOLUTIONS AUSTRALIA PTY LTD,50001065096,237645185,4862852,1458856.0,2016-17
KOPPERS AUSTRALIA HOLDING COMPANY PTY LTD,19104645301,183056837,25764224,7619370.0,2016-17
KUBOTA TRACTOR AUSTRALIA PTY LTD,72005300621,389190077,25867723,7760317.0,2016-17
KUEHNE & NAGEL PTY LTD,70000871607,360513757,6628733,1973926.0,2016-17
KUFPEC AUSTRALIA PTY LTD,42001800924,118607176,,,2016-17
KUMHO TYRE AUSTRALIA PTY LTD,46003300678,111167273,1550884,465265.0,2016-17
KUWAIT PETROLEUM AVIATION (AUSTRALIA)PTY LIMITED,88122531631,261860111,,,2016-17
KVD AUSTRALIA HOLDCO PTY LTD,83604747391,579594326,,,2016-17
KYOCERA DOCUMENT SOLUTIONS AUSTRALIA PTY LTD,77003852444,100175987,1950809,585243.0,2016-17
LAGARDERE SERVICES ASIA PACIFIC PTY LTD,77095961201,188065405,10451808,3135542.0,2016-17
LAING O'ROURKE AUSTRALIA PTY LIMITED,71111023431,1391837084,3905493,556070.0,2016-17
LAKE WOODS HOLDINGS PTY LIMITED,83134351134,246896693,,,2016-17
LAMANNA PREMIER GROUP PTY LTD,87004843556,435557610,3497811,820980.0,2016-17
LANCO RESOURCES AUSTRALIA PTY LTD,30147835452,103338931,,,2016-17
LANDIS & GYR HOLDINGS PTY LTD,82098539587,120372826,,,2016-17
LANDPOWER AUSTRALIA PTY LTD,52005851801,124712493,248627,74588.0,2016-17
LAWRENCE & HANSON GROUP PTY LTD,69080350812,853898768,,,2016-17
LAZARD ASSET MANAGEMENT PACIFIC CO.,13064523619,110038727,14579957,4373987.0,2016-17
LB AUSTRALIA HOLDINGS PTY LTD,96165597482,166469691,9140086,2333635.0,2016-17
LEASEPLAN AUSTRALIA LIMITED,57006923011,409227337,11789000,3536700.0,2016-17
LEGEND CORPORATION LIMITED,69102631087,103652083,7156392,2146918.0,2016-17
LEGES HOLDINGS (AUSTRALIA) PTY LIMITED,19072077706,220555703,6854960,2056488.0,2016-17
LEGO AUSTRALIA PTY LIMITED,42001540914,216101624,7823520,2347056.0,2016-17
LEGRAND GROUP PTY LIMITED,41000565739,152055336,4755755,,2016-17
LEI AUSTRALIA HOLDINGS PTY LTD,36133805820,201558831,,,2016-17
LEIDOS PTY LTD,12011071239,144091704,16403037,4920911.0,2016-17
LEMPRIERE (AUSTRALIA) PROPRIETARY LIMITED,27004386841,228557161,3287995,705092.0,2016-17
LENDLEASE CORPORATION LTD,32000226228,9150272902,7236802,,2016-17
LENOVO (AUSTRALIA & NEW ZEALAND) PTY LIMITED,70112394411,733775065,13017145,3905144.0,2016-17
LEONE FAMILY HOLDINGS PTY LTD,69618356586,439037941,988987,296696.0,2016-17
LEPPINGTON PASTORAL CO PTY LTD,83000420404,239342780,38419682,11525905.0,2016-17
LES CREUX AUSTRALIA PTY LTD,70147912187,107879413,5019894,1481631.0,2016-17
LG ELECTRONICS AUSTRALIA PTY LIMITED,98064531264,718058596,14389707,4316912.0,2016-17
LGL CO PTY LTD,46087391704,154598534,,,2016-17
LIBERTY FINANCIAL GROUP PTY LIMITED,43124171759,330493289,,,2016-17
LIBERTY MUTUAL INSURANCE COMPANY,61086083605,177287456,18050676,5415203.0,2016-17
LIBERTY OIL HOLDINGS PTY LTD,67068080124,1031162595,488607,146582.0,2016-17
LIEBHERR-AUSTRALIA PTY LTD,65007970452,467081021,30849832,9254950.0,2016-17
LIFEHEALTHCARE GROUP LIMITED,72166525186,121501396,9410946,2823284.0,2016-17
LIFESTYLE COMMUNITIES LTD,11078675153,127204948,14751811,4425543.0,2016-17
LIGHTING INVESTMENTS AUSTRALIA HOLDINGS PTY LTD,54159519810,234894699,,,2016-17
LINDE MATERIAL HANDLING PTY LIMITED,62000768776,180928608,,,2016-17
LINDSAY AUSTRALIA LIMITED,81061642733,349402494,12861061,2753806.0,2016-17
LINDT & SPRUNGLI (AUSTRALIA) PTY LTD,43079224892,237637977,18019334,5405800.0,2016-17
LINFOX PTY LTD,59004667298,2037660871,143451676,42348768.0,2016-17
LINK ADMINISTRATION HOLDINGS LIMITED,27120964098,712195149,88568367,26140687.0,2016-17
LIVE ENTERTAINMENT HOLDINGS PTY LTD,,357695076,27013078,5829568.0,2016-17
LLOYD HELICOPTER SERVICES PTY LTD,45058277491,206010710,,,2016-17
LOCKHEED MARTIN AUSTRALIA PTY LIMITED,30008425509,465905193,,,2016-17
LOGISTIK PTY LTD,16150595421,123035481,8993419,2698026.0,2016-17
LOREAL AUSTRALIA PTY LTD,40004191673,577853112,113580774,34074232.0,2016-17
LOUIS DREYFUS COMPANY AUSTRALIA HOLDINGS PTY LTD,48125490851,734782253,6928432,2078530.0,2016-17
LOUIS DREYFUS COMPANY MELBOURNE HOLDINGS PTY LTD,18161877185,215282435,,,2016-17
LOUIS VUITTON AUSTRALIA PTY LTD,41005918678,279501465,22341330,6702399.0,2016-17
LOVISA HOLDINGS LIMITED,34602304503,125610681,28217973,8392372.0,2016-17
LOWES MANHATTAN PTY LTD,31000307666,240675750,43987,12472.0,2016-17
LOY YANG HOLDINGS PTY LTD,60057361805,387642724,30421486,9126446.0,2016-17
LPI (AUSTRALIA) HOLDINGS PTY LIMITED,81084042473,441413705,59849857,17824374.0,2016-17
LULULEMON ATHLETICA AUSTRALIA PTY LTD,45110186233,127299851,7500948,2250284.0,2016-17
LUX GROUP LIMITED,11601688966,135776066,1483618,,2016-17
LUXOTTICA SOUTH PACIFIC HOLDINGS PTY LIMITED,58104629772,732254073,2840202,783830.0,2016-17
LUYE AUSTRALIA HOLDINGS PTY LTD,98609669472,402163477,,,2016-17
LYCOPODIUM LIMITED,83098556159,211185292,13130830,3237445.0,2016-17
LYNCH GROUP HOLDCO PTY LTD,35608543219,218661430,7567777,1923986.0,2016-17
LYONDELLBASELL AUSTRALIA (HOLDINGS) PTY LTD,74066270237,216921095,24578923,5665418.0,2016-17
M J LUFF PTY LTD,52001001850,208974455,214286,,2016-17
M RESOURCES TRADING PTY LTD,58156582320,444619673,,,2016-17
M&J CHICKENS LLP LIMITED PARTNERSHIP,36471942124,124597809,11430832,3429250.0,2016-17
MACA MINING PTY LTD,22102886064,340260827,11544861,3463458.0,2016-17
MACADAMIA MARKETING INTERNATIONAL PTY LTD,76147689987,168871207,80490,24147.0,2016-17
MACKAY SUGAR LTD,12057463671,500192706,,,2016-17
MACMAHON HOLDINGS LIMITED,93007634406,337915395,,,2016-17
MACQUARIE COAL MARKETING PTY LIMITED,50056075917,148364921,23061,6918.0,2016-17
MACQUARIE GROUP LIMITED,94122169279,9457252128,1000801636,210935158.0,2016-17
MACQUARIE MEDIA LIMITED,32063906927,135566406,23589537,7019563.0,2016-17
MACQUARIE TELECOM GROUP LIMITED,72056712228,220738234,27173435,6581663.0,2016-17
MAGELLAN FINANCIAL GROUP LIMITED,59108437592,338268355,201572703,60037375.0,2016-17
MAINBRACE CONSTRUCTIONS PTY LIMITED,45002970658,284993146,15220262,4566079.0,2016-17
MAINFREIGHT HOLDINGS PTY LTD,24084637605,537851792,29203269,8760981.0,2016-17
MAKITA (AUSTRALIA) PTY LIMITED,57001117335,266340814,20566315,6169894.0,2016-17
MALAYSIA AIRLINES BERHAD,29420085735,114063854,15799,4740.0,2016-17
MALIBRU PTY LTD,98008467114,347035679,37317925,9301482.0,2016-17
MAMMOET AUSTRALIA PTY LTD,77075483644,131895667,4755388,1426616.0,2016-17
MANDALAY RESOURCES AUSTRALIA PTY LTD,38005482815,100842246,15075529,3809483.0,2016-17
MANPOWER SERVICES (AUSTRALIA) PTY LIMITED,15071884994,740364043,15721865,4716560.0,2016-17
MANTRA GROUP LIMITED,69137639395,627811389,66458172,19937452.0,2016-17
MARMON CONSTRUCTION SERVICES (AUSTRALIA) HOLDINGS PTY LTD,38154626954,224344084,5321553,1596466.0,2016-17
MARS AUSTRALIA PTY LTD,48008454313,1510466980,247690995,67662894.0,2016-17
MARSH MERCER HOLDINGS (AUST) PTY LTD,86097026812,715839904,156861216,45759937.0,2016-17
MARTIN-BROWER AUSTRALIA HOLDINGS PTY LTD,91156502251,1252428401,10048130,3014439.0,2016-17
MARUBENI AUSTRALIA LIMITED,53000329699,1206126251,67539485,,2016-17
MASTERCARD AUSTRALIA HOLDING PTY LTD,83143337722,393534237,,,2016-17
MASTERMYNE GROUP LIMITED,96142490579,121963867,127367,,2016-17
MASTERTON CORPORATION HOLDING COMPANYPTY LIMITE,56055692825,306135634,20646953,6194086.0,2016-17
MATTEL PTY LTD,60000660962,115988931,4016958,1205087.0,2016-17
MAULES CREEK MARKETING PTY LTD,73140534256,101072498,,,2016-17
MAURICE BLACKBURN PTY LTD,21105657949,211481937,24437922,7331377.0,2016-17
MAX SOLUTIONS PTY LTD,51067092737,319958958,26822606,8046782.0,2016-17
MAXCON CONSTRUCTIONS PTY LTD,69152259820,263010763,22139404,6641821.0,2016-17
MAXI-TANKERS PTY LTD,22117406934,245330473,957677,287303.0,2016-17
MAXITRANS INDUSTRIES LIMITED,58006797173,286242690,15663864,2570779.0,2016-17
MAYFLOWER ENTERPRISES PTY LTD,48607181662,362301700,,,2016-17
MAYNE PHARMA GROUP LIMITED,76115832963,203172356,12678205,228250.0,2016-17
MAZDA AUSTRALIA PTY LTD,78004690804,3152536910,108975578,32692673.0,2016-17
MC FINANCE AUSTRALIA PTY LTD,37159007360,160446765,6952502,2085751.0,2016-17
MC RESOURCES AUSTRALIA PTY LTD,86142911233,246717233,,,2016-17
MCCAIN FOODS (AUST) PTY LTD,96000629587,676306893,56221000,16866300.0,2016-17
MCCARROLLS OF MOSS VALE PTY LTD,60003411210,374005875,21796733,6539020.0,2016-17
MCDERMOTT AUSTRALIA PTY LTD,99002736352,653267737,17594513,5278354.0,2016-17
MCDONALD JONES HOMES PTY LTD,59089524050,668685267,19098698,5729609.0,2016-17
MCDONALD'S AUSTRALIAN PROPERTY CORPORATION,55002913555,1660308130,466547630,137163149.0,2016-17
MCGRATH LIMITED,61608153779,129461276,8081776,2424533.0,2016-17
MCKINSEY PACIFIC RIM INC,66055131443,363626909,67348175,20204452.0,2016-17
MCKINSEY RECOVERY & TRANSFORMATION SERVICES AUSTRALIA CO.,83163257690,188203485,4579843,1373953.0,2016-17
MCMAHON SERVICES AUSTRALIA PTY LTD,75097072565,220837798,6837986,1967396.0,2016-17
MCMILLAN SHAKESPEARE LIMITED,74107233983,470913034,127651307,38295392.0,2016-17
MCPHERSON'S LIMITED,98004068419,268715521,13338779,3972667.0,2016-17
MCWILLIAM'S WINES GROUP LTD,36000024108,108216347,,,2016-17
MEARS GROUP PTY LTD,92149486500,177640113,1793128,,2016-17
MEDIA INNOVATIONS PTE LIMITED,91138053755,112549615,,,2016-17
MEDIBANK PRIVATE LIMITED,47080890259,6951975977,584444049,170477663.0,2016-17
MEDINA PROPERTY SERVICES PTY LIMITED,36062326176,214810220,3563128,1068938.0,2016-17
MEDLINE STELLAR AUSTRALIA PTY LTD,94149963226,141559201,5872068,1761620.0,2016-17
MEDTRONIC AUSTRALASIA PTY LTD,47001162661,1030493002,59317842,17795352.0,2016-17
MELBOURNE IT LTD,21073716793,149047680,20205009,3256335.0,2016-17
MEMART INVESTMENTS PTY LTD,98004325562,896084834,,,2016-17
MEMBERS EQUITY BANK LIMITED,56070887679,1009359580,91546814,27464044.0,2016-17
MEMOCORP AUSTRALIA PTY LTD,57051213800,101007413,38948589,11683772.0,2016-17
MENZIES AVIATION HOLDINGS AUSTRALIA PTY LTD,18102031836,257022660,17065602,5119681.0,2016-17
MERCK SERONO AUSTRALIA PTY LTD,72006900830,110595203,4767770,1430331.0,2016-17
MERCK SHARP & DOHME (HOLDINGS) PTY LTD,57000235245,818799531,57615528,9876104.0,2016-17
MERIDIAN ENERGY AUSTRALIA PTY LIMITED,88143533322,267239085,,,2016-17
MERITON PROPERTIES PTY LIMITED,49000698626,1796604799,528273308,143373265.0,2016-17
MERLIN ENTERTAINMENTS (AUSTRALIA) PTY LTD,51147624557,194061906,1571825,,2016-17
MERRILL LYNCH (AUSTRALASIA) PTY LIMITED,72075923894,323990787,60341449,17857730.0,2016-17
METAGENICS AUSTRALIA PTY LTD,78113937572,141951270,24087651,4898735.0,2016-17
METALS X LIMITED,25110150055,696467345,,,2016-17
METCASH LIMITED,32112073480,13839139604,192781491,56172052.0,2016-17
METECNO PTY LTD,44096402934,114427199,7780443,2024628.0,2016-17
METLIFE INSURANCE LIMITED,75004274882,653041227,,,2016-17
METRO PROPERTY DEVELOPMENT PTY LTD,95141267469,365133810,,,2016-17
METRO TRAINS AUSTRALIA PTY LTD,88614061960,1417473738,29857171,8891754.0,2016-17
METROLL PTY LTD,97001446439,103162913,5582427,1587092.0,2016-17
METROLL VICTORIA PTY LTD,60005505135,116753294,4224920,1267476.0,2016-17
METSO AUSTRALIA LIMITED,99000197428,331513895,8192647,2109508.0,2016-17
MFF CAPITAL INVESTMENTS LIMITED,32121977884,238233740,40357502,9495271.0,2016-17
MFS LOGISTICS PTY LIMITED,31125320658,107539902,1985004,595501.0,2016-17
MHG HOTEL HOLDING AUSTRALIA PTY LTD,49153049917,413093078,,,2016-17
MHPL INVESTMENTS PTY LTD,17010584031,529003889,14831246,4449374.0,2016-17
MHPS PLANT SERVICES PTY LTD,87010975256,125494344,,,2016-17
MICHAEL HILL INTERNATIONAL LIMITED,25610937598,486066848,5385494,560251.0,2016-17
MICHAEL PAGE INTERNATIONAL (AUSTRALIA) PTY LTD,58002872264,182621916,6138942,1719222.0,2016-17
MICHELIN AUSTRALIA PTY LTD,84006761628,622189000,20915680,4454674.0,2016-17
MICROSOFT DATACENTER (AUSTRALIA) PTY LIMITED,31163792078,176057965,39550706,11865212.0,2016-17
MICROSOFT PTY LTD,29002589460,1062120533,178419545,53525864.0,2016-17
MIDAL CABLES INTERNATIONAL PTY LTD,55141481012,106552808,,,2016-17
MIDDLEMOUNT COAL PTY LTD,49122348412,514184604,,,2016-17
MIDFIELD MEAT INTERNATIONAL PTY LTD,78065864904,510269612,3458511,1037553.0,2016-17
MIELE AUSTRALIA PTY LIMITED,96005635398,392187835,22025177,6607553.0,2016-17
MILLENNIUM MINERALS LIMITED,85003257556,127496799,,,2016-17
MILLENNIUM SERVICES GROUP LIMITED,11607926787,226414789,15890251,4767075.0,2016-17
MILLER POHANG COAL COMPANY PTY LTD,99001588209,432909363,,,2016-17
MILTON CORPORATION LIMITED,18000041421,130258772,171469461,3717039.0,2016-17
MINERAL RESOURCES LIMITED,33118549910,1492088641,341531567,102459470.0,2016-17
MINGARA RECREATION CLUB LTD,81001662648,182864628,,,2016-17
MINJAR GOLD PTY LTD,15119514528,126757874,,,2016-17
MINMETALS AUSTRALIA PTY LTD,63006868033,186944908,,,2016-17
MINOR DKL GROUP PTY LTD,82127640733,102915247,14969900,3953996.0,2016-17
MIRVAC LIMITED,92003280699,2122067982,418897,,2016-17
MITEK AUSTRALIA LTD,98004564587,104599183,46022559,12155956.0,2016-17
MITSUBISHI AUSTRALIA LIMITED,81004354278,431038197,6448967,1620706.0,2016-17
MITSUBISHI DEVELOPMENT PTY LTD,17009779873,7993682244,1955596533,541168578.0,2016-17
MITSUBISHI ELECTRIC AUSTRALIA PTY LTD,58001215792,340563311,17835410,4441263.0,2016-17
MITSUBISHI HEAVY INDUSTRIES AIR CONDITIONERS AUSTRALIA PTY LTD,92133980275,166911859,13961547,4188464.0,2016-17
MITSUBISHI MOTORS AUSTRALIA LIMITED,53007870395,2190046934,1522327,,2016-17
MITSUI & CO. (AUSTRALIA) LTD,64004349795,6078324768,2544417354,417855097.0,2016-17
MITSUI MATUSHIMA INTERNATIONAL PTY LIMITED,72100874600,137578892,8039729,2411919.0,2016-17
MITSUI SUMITOMO INSURANCE COMPANY LTD,49000525637,227535375,,,2016-17
MITSUI-ITOCHU IRON PTY LTD,84008702761,1148053731,487991033,145313619.0,2016-17
"MIZUHO BANK, LTD (SYDNEY BRANCH)",83099031106,463475408,60400372,18120112.0,2016-17
MLC LIMITED,90000000402,1896537043,373069857,88164825.0,2016-17
MMA OFFSHORE LTD,21083185693,215534166,,,2016-17
MMC HOLDINGS (AUSTRALIA) PTY LTD,41607891207,111934552,159860320,,2016-17
MMG AUSTRALIA LIMITED,23004074962,998167047,8097686,,2016-17
MML HOLDINGS PTY LIMITED,55084402380,1962804293,128414775,38524432.0,2016-17
MOBIL PNG GAS HOLDINGS PTY LTD,35008633707,259435127,949497,284849.0,2016-17
MOBIS PARTS AUSTRALIA PTY LTD,34107778156,122634861,,,2016-17
MODIANO AUSTRALIA PTY LTD,44006450344,126594283,924236,277271.0,2016-17
MOET HENNESSY AUSTRALIA PTY LIMITED,26104454604,309441239,21730998,6519299.0,2016-17
MOFFAT GROUP PTY LTD,92069691407,145917631,31873692,9061455.0,2016-17
MONADELPHOUS GROUP LIMITED,28008988547,1120309801,113660289,22619783.0,2016-17
MONASH IVF GROUP LTD,90169302309,148954830,35800076,10740023.0,2016-17
MONDE NISSIN (AUSTRALIA) PTY LTD,25169518325,272928534,,,2016-17
MONDELEZ AUSTRALIA GROUP CO PTY LTD,53147371846,1769030848,97639635,25703452.0,2016-17
MONEY3 CORPORATION LIMITED,63117296143,114371755,50770520,15231156.0,2016-17
MONSANTO AUSTRALIA LIMITED,86006725560,201338053,7818476,2345543.0,2016-17
MOONSTONE ASSETS PTE. LTD.,,130829090,4140122,1242037.0,2016-17
MOOSE ENTERPRISE HOLDINGS PTY LTD,98161736572,338164757,79739809,23485291.0,2016-17
MOOSE TOYS PTY LTD,51129968636,500598244,103183225,30181436.0,2016-17
MORGAN STANLEY AUSTRALIA FINANCE PTY LIMITED,84086080015,497243507,64209589,19262877.0,2016-17
MORGANS HOLDINGS (AUSTRALIA) LIMITED,80050413682,254114720,25482020,7642261.0,2016-17
MORT & CO HOLDINGS LTD,54606165128,324753144,,,2016-17
MORTGAGE CHOICE LIMITED,57009161979,199797276,32878386,9467867.0,2016-17
MOTA INVESTMENTS PTY LTD,98158946144,128012059,,,2016-17
MOTORCYCLE HOLDINGS LIMITED,29150386995,235305248,12815750,3844725.0,2016-17
MOTOROLA SOLUTIONS AUSTRALIA PTY LTD,16004742312,282884900,17539704,5261911.0,2016-17
MOTORONE TOPCO PTY LTD,82613793472,137011695,,,2016-17
MOTUS AUSTRALIA PTY LTD,79113527263,412642622,11129143,3338743.0,2016-17
MOUNT GIBSON IRON LIMITED,87008670817,191108309,,,2016-17
MOUNT PRITCHARD & DISTRICT COMMUNITY CLUB LTD,98000458622,129269436,,,2016-17
MOY INVESTMENT PTY LTD,11169154572,304549129,18340989,,2016-17
MP AUSTRALIA HOLDINGS PTY LTD,37156629211,369639731,,,2016-17
MPC GROUP HOLDINGS (3) PTY LTD,43142862904,200433801,,,2016-17
MRC GLOBAL AUSTRALIA PTY LTD,46080156378,117262855,,,2016-17
MTR CORPORATION (SYDNEY) NRT PTY LTD,57166934121,115352228,17259742,5177923.0,2016-17
MUIR GROUP PTY LTD,16004732656,282584889,12349049,3700434.0,2016-17
MULAWA HOLDINGS PTY LIMITED,18000259834,513316908,20658337,6076522.0,2016-17
MULPHA AUSTRALIA LIMITED,44002888039,433350353,2742856,,2016-17
MULTI MARKET SERVICES AUSTRALIA HOLDINGS PTY LTD,50000026228,288192799,43109061,12932718.0,2016-17
MUNCHENER RUCKVERSICHERUNGS GESELLSCHAFT,90009763526,904221033,,,2016-17
MUNDIPHARMA PTY LIMITED,87081322509,179213937,3282688,984806.0,2016-17
MUNDRA PORT PTY LTD,61150498098,153985430,,,2016-17
MUNICH HOLDINGS OF AUSTRALASIA PTY LTD,80000159651,1516645475,,,2016-17
MURRAY & ROBERTS PTY LTD,33105617865,715150391,632223,,2016-17
MURRAY GOULBURN CO-OPERATIVE CO. LIMITED,23004277089,2477480328,,,2016-17
MYER HOLDINGS LIMITED,14119085602,2641823127,98038495,26452895.0,2016-17
MYLAN AUSTRALIA HOLDING PTY LTD,52127537302,406131494,,,2016-17
MYLAN HEALTH PTY LTD,29601608771,120574838,11218706,3365612.0,2016-17
MYOB GROUP LIMITED,61153094958,322507429,1591949,,2016-17
MYSALE GROUP PLC,53602567546,239537573,,,2016-17
MYSTATE LIMITED,26133623962,218704000,41327917,12392035.0,2016-17
N G P LORIMER PTY LIMITED,98610702988,256615657,,,2016-17
N.H.P. HOLDINGS PROPRIETARY LIMITED,21004745644,339352501,17850974,5355292.0,2016-17
NAMOI COTTON COOPERATIVE LIMITED,76010485588,376251726,,,2016-17
NANDO'S AUSTRALIA PTY LTD,20079066407,138763061,,,2016-17
NAOS ABSOLUTE OPPORTUNITIES COMPANY LIMITED,49169448837,169254549,,,2016-17
NAOS SMALL CAP OPPORTUNITIES COMPANY LIMITED,47107617381,159142163,8666959,1816802.0,2016-17
NASDAQ AUSTRALIA HOLDINGS PTY LTD,15145262371,119313925,55722766,10770248.0,2016-17
NATIONAL AUSTRALIA BANK LIMITED,12004044937,48777666099,6819519151,2028419563.0,2016-17
NATIONAL MUTUAL INTERNATIONAL PTY LTD,13004484351,126173904,,,2016-17
NATIONAL ROADS & MOTORISTS ASSOCIATION LIMITED,77000010506,624022216,19951404,160278.0,2016-17
NATIONAL STORAGE HOLDINGS LIMITED,38166572845,120269293,205889,61767.0,2016-17
NAVAL SHIP MANAGEMENT (AUSTRALIA) PTY LTD,56158512157,104435208,18585707,5575712.0,2016-17
NAVITAS LIMITED,69109613309,673337775,73262325,21316830.0,2016-17
NBN CO LIMITED,86136533741,1051292521,,,2016-17
NCIG HOLDINGS PTY LIMITED,98124700483,783071960,,,2016-17
NCR AUSTRALIA PTY LTD,61000003592,246377140,5627763,1675216.0,2016-17
NEC AUSTRALIA PTY LTD,86001217527,427937254,,,2016-17
NEP-GTV HOLDCO PTY LTD,34167517660,124085640,,,2016-17
NESTLE AUSTRALIA LIMITED,77000011316,2209023843,253302753,62671371.0,2016-17
NETAPP AUSTRALIA PTY LTD,14092499431,201350882,13935525,4180658.0,2016-17
NETCOMM WIRELESS LIMITED,85002490486,104502549,2123834,,2016-17
NEW HOPE CORPORATION LIMITED,38010653844,868351201,116697413,29195874.0,2016-17
NEW ZEALAND MILK (AUSTRALASIA) PTY LTD,23003502654,1897776668,,,2016-17
NEWCASTLE PERMANENT BUILDING SOCIETY LIMITED,96087651992,440610624,58740425,17622128.0,2016-17
NEWCREST MINING LTD,20005683625,2563286585,118806830,33290260.0,2016-17
NEWELL AUSTRALIA PTY LTD,68075071233,138581815,53906420,16040082.0,2016-17
NEWFURN FLOOR COVERINGS LTD,63004650668,178548294,611162,183349.0,2016-17
NEWGEN KWINANA HOLDINGS PTY LTD,68116576955,177859220,21916444,4222528.0,2016-17
NEWMARKET GOLD VICTORIAN HOLDINGS PTY LTD,21128442375,307868527,581365,,2016-17
NEWMONT AUSTRALIA HOLDINGS PTY LTD,95099040507,2743919439,419455484,92544417.0,2016-17
NEWS AUSTRALIA HOLDINGS PTY LIMITED,32105197028,2884558689,116352780,,2016-17
NEXANS AUSTRALIA HOLDING PTY LTD,52122486195,264912353,4604820,,2016-17
NEXTDC LIMITED,35143582521,123812915,,,2016-17
NGP INVESTMENTS NO 1 PTY LTD,80001495352,1089504855,58270652,10197770.0,2016-17
NH FOODS AUSTRALIA PTY LTD,87001548401,893214036,,,2016-17
NIB HOLDINGS LIMITED,51125633856,1833654376,160794511,47040052.0,2016-17
NICK SCALI LIMITED,82000403896,234482044,53664826,16099448.0,2016-17
NIDERA AUSTRALIA PTY LTD,25113005753,904352782,,,2016-17
NIFSAN PTY LTD,31053350922,146571272,,,2016-17
NIKE AUSTRALIA PTY LTD,99055141743,496703079,12659549,3797865.0,2016-17
NIKON AUSTRALIA PTY LIMITED,34121761537,108442715,3073816,922145.0,2016-17
NINE ENTERTAINMENT CO. HOLDINGS LIMITED,60122203892,1639396963,33165058,3977979.0,2016-17
NINTENDO AUSTRALIA PTY LIMITED,43060566083,152557145,11450203,3435061.0,2016-17
NIPPON STEEL & SUMITOMO METAL AUSTRALIA PTY LIMITED,64001445049,894857597,425634583,126694596.0,2016-17
NISSAN MOTOR CO (AUSTRALIA) PTY LTD,54004663156,2434482465,,,2016-17
NITRO HOLDINGS NO 1 PTY LTD,23608022260,163646616,233738680,,2016-17
NOBLE CONTRACTING II GMBH,48166643349,116158712,21731491,6519447.0,2016-17
NOKIA SOLUTIONS AND NETWORKS AUSTRALIA PTY LTD,74122172365,315432730,20955613,5694944.0,2016-17
NONI B LIMITED,96003321579,316888916,15810307,4743092.0,2016-17
NORCO,17009717417,555727000,,,2016-17
NORCO WHOLESALERS PTY LTD,78003630055,460043043,,,2016-17
NORSKE SKOG INDUSTRIES AUSTRALIA LIMITED,50003902985,449373837,,,2016-17
NORTHERN STAR RESOURCES LTD,43092832892,940061978,264862175,78676720.0,2016-17
NORTHROP GRUMMAN AUSTRALIA PTY LIMITED,78156458981,201346989,,,2016-17
NORTHWESTERN ROADS GROUP PTY LTD,21169328330,402415172,,,2016-17
NORTON GOLD FIELDS LIMITED,23112287797,320877980,,,2016-17
NOTE PRINTING AUSTRALIA LIMITED,86082630671,131566072,10501281,1608064.0,2016-17
NOVA ENTERTAINMENT RADIO INVESTMENTSPTY LIMITED,64603324929,206258386,50589418,10933968.0,2016-17
NOVARTIS AUSTRALIA PTY LIMITED,81004371224,1107334202,89832960,15383507.0,2016-17
NOVO NORDISK PHARMACEUTICALS PTY LIMITED,40002879996,214618245,6084045,602536.0,2016-17
NRW HOLDINGS LTD,95118300217,367183831,,,2016-17
NSW ELECTRICITY NETWORKS FINANCE PTY LTD,66609171913,239922257,,,2016-17
NTT AUSTRALIA PTY. LTD.,35081031432,190178291,,,2016-17
NUFARM LIMITED,37091323312,1006747348,26108402,,2016-17
NUTRICIA AUSTRALIA PTY LTD,99076246752,562512582,188321638,56496492.0,2016-17
NYRSTAR HOBART PTY LTD,49124818113,195581152,,,2016-17
NYRSTAR PORT PIRIE PTY LTD,31008046428,307702431,42778735,10773757.0,2016-17
OAKBRIDGE PTY LIMITED,67000230419,980718909,,,2016-17
OCEANA GOLD LIMITED,56107488200,100840204,,,2016-17
OCWEN ENERGY PTY LTD,44605178578,905140537,5583360,1675008.0,2016-17
OFFICEMAX INTERNATIONAL PTY LTD,78073257379,297520665,,,2016-17
OFX GROUP LIMITED,12165602273,101739113,9940746,2963483.0,2016-17
OJI OCEANIA MANAGEMENT (AUS) PTY LTD,52169111362,111683720,,,2016-17
OLAM INVESTMENTS AUSTRALIA PTY LTD,17124391920,261685959,114286,,2016-17
OLAM ORCHARDS AUSTRALIA PTY LTD,15139442532,453316002,13223223,2146289.0,2016-17
OLBIA PTY LIMITED,64000305304,250193709,84898713,,2016-17
OLYMPUS AUSTRALIA PTY LTD,90078493295,208268386,14449363,4334809.0,2016-17
OMEGA MATERIALS HANDLING PTY LTD,75069624031,242948872,,,2016-17
OMN INVESTMENTS PTY LTD,26119990064,307227554,,,2016-17
OMNICOM MEDIA GROUP AUSTRALIA PTY LTD,74129754883,142829863,21268618,5736449.0,2016-17
OMYA AUSTRALIA PTY LIMITED,97001682533,111297572,15367001,4610056.0,2016-17
ONE KEY RESOURCES PTY LTD,30141650259,238996991,9291718,2787515.0,2016-17
ONE KEY WORKFORCE PTY LTD,80605016206,133891144,5237843,1571353.0,2016-17
ONEFORTYONE PLANTATIONS HOLDINGS PTY LTD,42159689942,344800969,,,2016-17
ONLINE EDUCATION SERVICES PTY LTD,75148177959,110342767,35230579,10569174.0,2016-17
ONSITE RENTAL GROUP PTY LTD,42126396852,208042000,,,2016-17
ONTEX MANUFACTURING PTY LTD,16145822528,115745865,4923098,1476929.0,2016-17
OOH!MEDIA LIMITED,69602195380,321135320,51387500,14722241.0,2016-17
OPTIVER AUSTRALIA HOLDINGS PTY LIMITED,35077364286,474311675,72475649,16482327.0,2016-17
OPUS GROUP LIMITED,48006162876,111545214,8464804,2539441.0,2016-17
ORD MINNETT HOLDINGS PTY LIMITED,32062323728,126237223,23141614,6942484.0,2016-17
ORICA LIMITED,24004145868,1998712206,107721855,6051862.0,2016-17
ORICA MINING SERVICES PILBARA PTY LTD,65158151369,136518826,7812337,2343701.0,2016-17
ORIENTAL MERCHANT PTY LTD,34007368925,234356303,13966414,4189924.0,2016-17
ORIGIN ENERGY LIMITED,30000051696,14831085653,188035752,,2016-17
ORIX AUSTRALIA CORPORATION LIMITED,79002992681,190393174,33943844,10183153.0,2016-17
ORORA LIMITED,55004275165,1844456512,76572605,15195361.0,2016-17
OROTONGROUP LIMITED (ADMINISTRATORS APPOINTED),14000038675,119931126,,,2016-17
OSIRIS HOLDINGS PTY LTD,29168919391,2493583155,123617918,36163090.0,2016-17
OUR VACATION CENTRE PTY LTD,54105542176,110200263,2927909,878373.0,2016-17
OUTOTEC PTY LTD,74003491165,259227900,,,2016-17
OVERSEA-CHINESE BANKING CORPORATION LIMITED,94073598035,260450110,82769862,24830959.0,2016-17
OWENS-ILLINOIS (AUSTRALIA) PTY LTD,30002060059,677858005,,,2016-17
OZ MINERALS LIMITED,40005482824,862647206,264536507,65497290.0,2016-17
OZGEN HOLDINGS AUSTRALIA PTY LTD,34128655096,323880529,,,2016-17
PA PACIFIC PTY LIMITED,76080049145,278623314,,,2016-17
PACCAR AUSTRALIA PTY LTD,43004669667,755772000,96424351,28200831.0,2016-17
PACIFIC ASIA EXPRESS PTY LTD,65051866409,199525665,1812521,543756.0,2016-17
PACIFIC INVEST DECEMBER 2004 PTY LTD,58112150973,745519094,2423982,727195.0,2016-17
PACIFIC LIFE RE (AUSTRALIA) PTY LTD,91601822431,134469306,,,2016-17
PACIFIC WEST FOODS AUSTRALIA PTY LTD,87069569517,147142850,12040176,3612053.0,2016-17
PACT GROUP HOLDINGS LIMITED,55145989644,1264629313,70310361,17218586.0,2016-17
PADDY POWER AUSTRALIA PTY LTD,83133081491,569122542,97620048,17301011.0,2016-17
PANALPINA WORLD TRANSPORT PTY LIMITED,29000525995,174636647,2167086,650126.0,2016-17
PANASONIC AUSTRALIA PTY LIMITED,83001592187,410580296,3833240,1149972.0,2016-17
PANAUST LIMITED,17011065160,115559528,,,2016-17
PANDROL AUSTRALIA PTY LIMITED,90000061227,109155264,19566824,5330122.0,2016-17
PAPER AUSTRALIA PTY LTD,63061583533,750660724,,,2016-17
PAPUAN OIL SEARCH LIMITED,62000251025,151186574,3204870,939790.0,2016-17
PARAGON CARE LIMITED,76064551426,117557248,11095026,3328508.0,2016-17
PARAWAY PASTORAL COMPANY LIMITED,14122572641,211339002,,,2016-17
PARK FREIGHT INTERNATIONAL PTY LTD,84001954203,126580369,1071784,321535.0,2016-17
PARKER HANNIFIN AUSTRALIA HOLDING PTY LIMITED,61117010107,174744950,19335069,5528804.0,2016-17
PARKVIEW CERBERUS PTY LTD,,465028036,17896156,5368847.0,2016-17
PARMALAT FINANCE AUSTRALIA PTY LTD,17163435103,1906063393,6960876,1057230.0,2016-17
PARRAMATTA LEAGUES CLUB LIMITED,52000218655,145527325,,,2016-17
PASTEL HOLDINGS PTY LTD,33168929566,345933361,5370842,1611253.0,2016-17
PAUL WAKELING MOTOR GROUP PTY LTD,47119908780,245836194,11703511,3508803.0,2016-17
PAYCE CONSOLIDATED LIMITED,19001566310,241464842,,,2016-17
PAYNTER DIXON QUEENSLAND PTY LTD,32060951162,235925959,17129039,5138622.0,2016-17
PAYPAL AUSTRALIA PTY LTD,93111195389,419098887,3674699,1102410.0,2016-17
PDH GROUP PTY LTD,26125135524,469580328,3319586,995876.0,2016-17
PEABODY AUSTRALIA HOLDCO PTY LTD,61154820130,3591363322,,,2016-17
PEAK GOLD ASIA PACIFIC PTY LTD,93103879054,215945847,58805465,16906195.0,2016-17
PEARSON AUSTRALA HOLDINGS PTY LTD,62103243858,159244931,13030034,3394377.0,2016-17
PEET LIMITED,56008665834,275058489,51458882,13746256.0,2016-17
PELICAN ACQUISITION COMPANY PTY LTD,94146841027,394481955,,,2016-17
PENFOLD MOTORS BURWOOD PTY LTD,28005667461,288682622,4565616,1369685.0,2016-17
PENGUIN RANDOM HOUSE AUSTRALIA PTY LTD,28004815703,193223662,,,2016-17
PENRITH RUGBY LEAGUE CLUB LTD,57000578398,105634305,,,2016-17
PENSKE TRANSPORTATION GROUP INTERNATIONAL PTY LTD,42164850355,502760498,,,2016-17
PENTAIR AUSTRALIA HOLDINGS PTY LIMITED,71168775826,275932179,,,2016-17
PEPPER GROUP LIMITED,55094317665,468642936,39602511,8170112.0,2016-17
PEPSICO BEVERAGE SINGAPORE PTY LTD,28609497832,131809073,151657,45497.0,2016-17
PEPSICO FOODS GROUP PTY LIMITED,71122527137,1228907472,56107854,16832356.0,2016-17
PERILYA LIMITED,85009193695,287450319,,,2016-17
PERIMAN PTY LTD,51087985537,126030905,,,2016-17
PERKINS (WA) PTY LTD,60008844862,205976293,11718427,3515528.0,2016-17
PERNOD RICARD PACIFIC HOLDING PTY LTD,16003678484,601490053,,,2016-17
PERPETUAL LIMITED,86000431827,513034127,194892004,57111908.0,2016-17
PERRON GROUP LTD,90009402617,162708378,23428548,7028564.0,2016-17
PERRON INVESTMENTS PTY LTD,48000003976,687782522,285606530,79936820.0,2016-17
PERTH AIRPORT DEVELOPMENT GROUP PTY LTD,53076286630,604957358,174971194,52092769.0,2016-17
PERTH ENERGY HOLDINGS PTY LTD,20611228221,343724877,,,2016-17
PET CARE HOLDINGS AUSTRALIA PTY LTD,77000060364,5735717349,143525070,43057521.0,2016-17
PETRONAS AUSTRALIA PTY LIMITED,25064998867,543780632,166599,,2016-17
PFD FOOD SERVICES PTY LTD,29006972381,1877568426,41639943,12360562.0,2016-17
PFG PROPERTIES PTY LTD,93100371220,143756531,13814998,4144499.0,2016-17
PFG TOPCO 1 PTY LTD,35604317875,237279553,,,2016-17
PFIZER AUSTRALIA INVESTMENTS PTY LTD,86146429138,1366492485,30129091,5524937.0,2016-17
PHARM-A-CARE LABORATORIES PTY LTD,99003468219,243749373,29430845,8829254.0,2016-17
PHARSALUS INVESTMENTS PTY LIMITED,88163462637,1040409000,12168549,1986875.0,2016-17
PHILIP MORRIS (AUSTRALIA) LIMITED,68004316901,3276504838,434348153,130304446.0,2016-17
PHILIP USHER CONSTRUCTIONS PTY LTD,38011008101,231793250,45695391,12438227.0,2016-17
PHILIPS ELECTRONICS AUSTRALIA LIMITED,24008445743,446811469,24116824,7235047.0,2016-17
PIACENTINI & SON PTY LTD,18008797715,216426505,25550577,7651274.0,2016-17
PICKLES AUCTIONS PTY LTD,32003417650,329390124,30815006,9188277.0,2016-17
PINDAN GROUP PTY LTD,90611922386,241971749,5578580,1673574.0,2016-17
PIONEER SAIL HOLDINGS PTY LTD,45617844569,505691137,,,2016-17
PIPEMAKERS AUSTRALIA PTY LTD,76061712365,129525035,1900597,373841.0,2016-17
PIRELLI TYRES AUSTRALIA PTY LTD,63001784014,112888151,2914279,638053.0,2016-17
PJ MORRIS WOOLS PTY LTD,57008767968,243774832,1980977,583346.0,2016-17
PLATINUM ASSET MANAGEMENT LIMITED,13050064287,326308144,259578694,77873419.0,2016-17
PLATINUM CAPITAL LIMITED,51063975431,116273442,10131776,2249585.0,2016-17
PLUM GROVE PTY LTD,61104516305,393422372,152774,45832.0,2016-17
PLUMBERS SUPPLIES CO-OPERATIVE LIMITED,55053236436,139805364,,,2016-17
PM CAPITAL GLOBAL OPPORTUNITIES FUND LIMITED,17166064875,134011459,20009698,4711762.0,2016-17
POLARIS SALES AUSTRALIA PTY LTD,62088081949,117779123,2348818,704645.0,2016-17
POLICE & NURSES LIMITED,69087651876,188276232,15435275,4455244.0,2016-17
POLOGREN AUSTRALIA HOLDINGS PTY LTD,20154692430,145756333,6643886,1875814.0,2016-17
POLYAIRE HOLDINGS PTY LIMITED,59007766369,110504721,4225353,1267606.0,2016-17
POMI PTY LIMITED,58129842664,4834876783,368740,110622.0,2016-17
PON HOLDING AUSTRALIA PTY LTD,67164517104,138486883,,,2016-17
PORSCHE CARS AUSTRALIA PTY LTD,67004327048,694737176,40231421,12069426.0,2016-17
PORT WARATAH COAL SERVICES LIMITED,99001363828,335864445,19872831,5282202.0,2016-17
POSCO AUSTRALIA PTY LTD,54002062160,179113013,26315069,7570889.0,2016-17
PPG INDUSTRIES AUSTRALIA PTY LTD,82055500939,499382483,59905223,17340130.0,2016-17
PRATT CONSOLIDATED HOLDINGS PTY LTD,43104958581,2622580986,133336460,18850371.0,2016-17
PREMIER COAL HOLDINGS PTY LTD,89158560911,381458766,,,2016-17
PREMIER INVESTMENTS LIMITED,64006727966,881785566,103012157,27411733.0,2016-17
PREMOSO PTY LTD,84006802053,112947312,12410599,,2016-17
PRESTIGE AUTO TRADERS AUSTRALIA PTY LTD,11105105771,211099005,4142555,1242766.0,2016-17
PRESTON MOTORS (HOLDINGS) PTY LIMITED,23004357279,440028345,,,2016-17
PRICEWATERHOUSECOOPERS ASEANZ CONSULTING PTY LIMITED,77606603436,625711800,,,2016-17
PRICEWATERHOUSECOOPERS SECURITIES LTD,54003311617,116258263,4740,1422.0,2016-17
PRIMARY HEALTH CARE LIMITED,24064530516,1687915157,108863730,31491099.0,2016-17
PRIME MEDIA GROUP LIMITED,97000764867,240081002,54198126,16259365.0,2016-17
PRIXCAR TRANSPORT SERVICES PTY LTD,18158361721,139558113,,,2016-17
PROBUILD CONSTRUCTIONS (AUST) PTY LTD,93095250945,1568026251,18513415,5554024.0,2016-17
PROCTER & GAMBLE AUSTRALIA PTY LIMITED,91008396245,460493275,7136199,1979609.0,2016-17
PROGRAMMED MAINTENANCE SERVICES LIMITED,61054742264,2517682763,,,2016-17
PROJECT SUNSHINE I PTY LTD,13167275818,632087894,77747191,20730977.0,2016-17
PRO-PAC PACKAGING LIMITED,36112971874,232333806,7251729,2175519.0,2016-17
PROSEGUR AUSTRALIA HOLDINGS PTY LTD,44166656739,136422167,7661155,2298347.0,2016-17
PROUDS JEWELLERS PTY LTD,99073053273,543347318,21249577,6374873.0,2016-17
PRP DIAGNOSTIC IMAGING HOLDINGS LIMITED,93615759898,180863814,65765731,19729719.0,2016-17
PRYSMIAN AUSTRALIA PTY LIMITED,36096594080,521538391,58099388,14781115.0,2016-17
PT (2013) PTY LTD,85162030015,103112748,2536593,760978.0,2016-17
PTH NO 1 PTY LTD,43611116155,479933106,10833440,2821461.0,2016-17
PTTEP AUSTRALIA PERTH PTY LTD,74134686525,306591170,,,2016-17
PUMA ENERGY (AUSTRALIA) ASSETS HOLDINGS PTY LTD,24167119020,196927434,,,2016-17
PUMA ENERGY (AUSTRALIA) HOLDINGS PTY LTD,26147978890,2145210699,,,2016-17
PVH BRANDS AUSTRALIA PTY LIMITED,15165485290,191557932,25630664,7689199.0,2016-17
PYBAR HOLDINGS PTY LIMITED,32088981757,283849314,,,2016-17
PZ CUSSONS (HOLDINGS) PTY LTD,19000327873,189471539,7866557,,2016-17
QANTAS AIRWAYS LIMITED,16009661901,15625691838,69910426,,2016-17
QATAR AIRWAYS (Q.C.S.C),18105742916,441221727,,,2016-17
QBE INSURANCE GROUP LIMITED,28008485014,8198168576,529857299,119602729.0,2016-17
QCOAL PTY LTD,99010911234,584684879,,,2016-17
QSUPER LIMITED,50125248286,767084300,23523423,7057027.0,2016-17
QUADRANT ENERGY HOLDINGS PTY LTD,50605014462,1224801651,,,2016-17
QUARTZ REEF HILL INVESTMENTS PTY LTD,34612741812,374076259,17053040,5115912.0,2016-17
QUASAR RESOURCES PTY LTD,17101227070,158817632,,,2016-17
QUBE HOLDINGS LIMITED,14149723053,1423319892,165466915,25390484.0,2016-17
QUEENSLAND ALUMINA LIMITED,98009725044,845056238,7200845,,2016-17
QUEENSLAND COUNTRY HEALTH FUND LTD,18085048237,109690621,,,2016-17
QUEENSLAND NITRATES PTY LTD,63079889268,202961932,62028549,18608565.0,2016-17
QUIKSILVER AUSTRALIA PTY LTD,20091136195,116839317,,,2016-17
QUINTIS LTD,97092200854,127659618,,,2016-17
RABO AUSTRALIA LIMITED,39060452217,1072281857,212999915,62407093.0,2016-17
RACQ INSURANCE LIMITED,50009704152,903929479,50089489,15026845.0,2016-17
RACQ OPERATIONS PTY LTD,80009663414,446073764,23766525,,2016-17
RAG HOLDCO PTY LIMITED,11150181472,366082256,23845752,7153726.0,2016-17
RALERU LIMITED,52002575340,126625553,2109138,632741.0,2016-17
RAMELIUS RESOURCES LIMITED,51001717540,200302261,,,2016-17
RAMPAGE RETAIL PTY LTD,66600817178,696684630,2152753,645826.0,2016-17
RAMSAY HEALTH CARE LIMITED,57001288768,4689202347,582275750,173724640.0,2016-17
RANDSTAD HOLDINGS PTY LIMITED,33098899855,700207601,,,2016-17
RAVAGO AUSTRALIA PTY LTD,45120210782,127828623,784628,235388.0,2016-17
RAWSON GROUP PTY LIMITED,64000382329,466761059,62931940,18879582.0,2016-17
RAYTHEON AUSTRALIA PTY LTD,35063709295,619573134,89082407,24348990.0,2016-17
RCR TOMLINSON LTD,81008898486,1203939650,54470968,,2016-17
REA GROUP LIMITED,54068349066,789291016,386177423,105285113.0,2016-17
READING ENTERTAINMENT AUSTRALIA PTY LIMITED,12070893908,144943549,19279574,5448301.0,2016-17
RECKITT BENCKISER HEALTHCARE AUSTRALIA PTY LIMITED,64000071278,769618113,48401899,14520570.0,2016-17
RED BULL AUSTRALIA PTY LTD,67085840259,221839630,15111215,4533364.0,2016-17
REDCAPE GROUP LIMITED,44124753733,234671055,7591782,2277535.0,2016-17
REDOX PTY LTD,92000762345,539999291,37873898,11362128.0,2016-17
REDPATH (AUSTRALIA) HOLDINGS PTY LTD,43133126682,101112985,83590,,2016-17
REECE LIMITED,49004313133,2407783082,312486419,93713890.0,2016-17
REGAN HOLDINGS PTY LIMITED,61073039791,210185301,1683377,505013.0,2016-17
REGIONAL EXPRESS HOLDINGS LIMITED,18099547270,281735741,15163707,4548929.0,2016-17
REGIS HEALTHCARE LIMITED,11125203054,566724880,74840390,22452117.0,2016-17
REGIS RESOURCES LIMITED,28009174761,548760812,112732868,33819860.0,2016-17
RELIANCE WORLDWIDE CORPORATION LIMITED,46610855877,250639292,61316981,14198253.0,2016-17
RELX AUSTRALIA PTY LTD,19004323166,212348965,35313331,10593999.0,2016-17
REMA TIP TOP ASIA PACIFIC PTY LTD,63104702614,110006474,,,2016-17
REMONDIS AUSTRALIA PTY LTD,95002429781,380982890,19062313,5539834.0,2016-17
RENTOKIL PTY LTD,61000143733,208055289,19024034,5707210.0,2016-17
RESMED HOLDINGS LIMITED,28003765133,1929671919,310347991,51365408.0,2016-17
RESOLUTE MINING LIMITED,39097088689,196112723,,,2016-17
RETAIL FOOD GROUP LIMITED,31106840082,344374409,63483182,18842423.0,2016-17
RETIREMENT VILLAGES AUSTRALIA LIMITED,60119264872,168016940,,,2016-17
REVLON AUSTRALIA PTY LTD,18095360731,116315096,19309430,5792829.0,2016-17
REWARD SUPPLY CO PTY LTD,40010183669,129286657,2973563,766636.0,2016-17
REXEL HOLDINGS AUSTRALIA PTY LTD,17081022068,757070631,,,2016-17
RGA AUSTRALIAN HOLDINGS PTY LTD,20071125507,1051689050,,,2016-17
RGF STAFFING MELBOURNE ONE PTY LIMITED,84603568403,1703911338,43690705,12567102.0,2016-17
RHEEM AUSTRALIA PTY LIMITED,21098823511,566212316,2374216,,2016-17
RHEINMETALL MAN MILITARY VEHICLES AUSTRALIA PTY LIMITED,87114035595,330531596,15512559,,2016-17
RIBSHIRE PTY LTD T/A GOODLINE,40085847892,240539065,2124562,637369.0,2016-17
RICEGROWERS LIMITED,55007481156,716413674,12113497,613476.0,2016-17
RICH MARK DEVELOPMENT (GROUP) PTY LTD,11091877780,430054977,3238943,971683.0,2016-17
RICHARD CROOKES CONSTRUCTIONS PTY LIMITED,33001375266,1045407080,32377115,9713134.0,2016-17
RICHEMONT AUSTRALIA PTY LIMITED,99003432504,204432488,13004807,3901413.0,2016-17
RICOH AUSTRALIA PTY LTD,30000593171,407284740,,,2016-17
RIDLEY CORPORATION LIMITED,33006708765,888927810,48125769,6863182.0,2016-17
RINNAI AUSTRALIA PTY LTD,74005138769,264054861,20313379,6094014.0,2016-17
RIO DOCE AUSTRALIA PTY LTD,63112797403,224315388,,,2016-17
RIO TINTO LTD,96004458404,30128810865,6985204057,1820598868.0,2016-17
RIP CURL GROUP PTY LTD,52068999520,229714522,20481747,3978803.0,2016-17
RITCHIE BROS. HOLDINGS PTY LTD,27080895861,125001594,6803857,2041157.0,2016-17
RITCHIES STORES PTY LTD,61005041814,1037610657,17255075,5176522.0,2016-17
RIVERINA (AUSTRALIA) PTY LIMITED,76010755254,392453516,6330356,1899107.0,2016-17
RIVERINA OILS & BIO ENERGY PTY LTD,25103697703,135186515,,,2016-17
RIVET HOLDCO PTY LIMITED,98616022194,246284914,,,2016-17
RIVIERA HOLDINGS (AUS) PTY LTD,96169709415,292875225,20722713,6216814.0,2016-17
RMW HOLDCO PTY LTD,28163626382,116226401,,,2016-17
ROBE RIVER MINING CO PTY LIMITED,71008694246,1761315188,866049367,259717473.0,2016-17
ROBERT BOSCH (AUSTRALIA) PTY LTD,48004315628,785513632,,,2016-17
ROBERT WALTERS PTY LTD,18079521618,312628317,5127778,1528990.0,2016-17
ROBINSON GRAIN TRADING CO. PTY. LTD.,71079213219,254033448,839661,251898.0,2016-17
ROCHE DIAGNOSTICS AUSTRALIA PTY LTD,29003001205,315668572,17618459,5285538.0,2016-17
ROCHE PRODUCTS PTY LIMITED,70000132865,615544666,36467995,10940398.0,2016-17
ROCKPOOL DINING GROUP PTY LTD,79607717206,220073886,,,2016-17
ROCKWELL AUTOMATION AUSTRALIA LIMITED,80005549477,117823735,8041221,2411366.0,2016-17
ROHLIG AUSTRALIA PTY LTD,51001191402,110441081,2091060,627318.0,2016-17
ROHM AND HAAS AUSTRALIA PTY LTD,29004513188,107536896,,,2016-17
ROLEX AUSTRALIA PTY LTD,47005956338,108712481,6251129,1875339.0,2016-17
RONDO BUILDING SERVICES PTY LTD,69000289207,232651001,38714156,11423759.0,2016-17
ROSS HOUSE INVESTMENTS PTY LTD,98004360392,419189973,,,2016-17
ROSS LLEWELLYN MOTORS PTY LTD,81010428841,201394018,4831162,1449349.0,2016-17
ROY HILL HOLDINGS PTY LTD,71123721077,2336935770,,,2016-17
ROYAL AUTOMOBILE ASSOCIATION OF SOUTH AUSTRALIA INC,90020001807,468934101,,,2016-17
ROYAL AUTOMOBILE CLUB OF VICTORIA (RACV) LIMITED,44004060833,645743496,93359312,,2016-17
ROYAL BANK OF CANADA,86076940880,404201370,36450204,10935061.0,2016-17
ROYAL WOLF HOLDINGS LIMITED,91121226793,118484788,4514159,1281997.0,2016-17
RPS ENERGY PTY LTD,44072504299,251317387,20371938,5927253.0,2016-17
RTA HOLDCO AUSTRALIA 1 PTY LTD,17128762318,1914225592,15840961,,2016-17
RTCH PTY LTD,66616357487,297164024,62372268,17863424.0,2016-17
RTPDS AUS PTY LTD,21099346899,3000017817,4285732103,5345.0,2016-17
RUBICOR GROUP LIMITED,74110913365,207534770,,,2016-17
RURALCO HOLDINGS LIMITED,40009660879,1450477736,30439031,5382454.0,2016-17
RUSSELL INVESTMENTS AUSTRALIA HOLDCO PTY LTD,99612159314,107358359,15756323,4726897.0,2016-17
RXP SERVICES LIMITED,30146959917,140421070,15741787,4722536.0,2016-17
RYOWA DEVELOPMENT II PTY LTD,22063780021,193330838,1951493,585448.0,2016-17
SAAB TECHNOLOGIES AUSTRALIA PTY LTD,47002950790,117333310,9610844,2645165.0,2016-17
SAB AUSTRALIA PTY LIMITED,17125851167,993393147,,,2016-17
SADDLEBACK INVESTMENTS PTY LTD,96134978224,641446861,44878803,,2016-17
SAI GLOBAL PTY LTD,67050611642,158562215,14314120,3997256.0,2016-17
SAINT-GOBAIN ABRASIVES PTY LTD,59068931420,102965973,,,2016-17
SALMAT LIMITED,11002724638,325259412,,,2016-17
SAMIOS PLUMBING PTY LTD,91010360899,228439770,3865818,1159745.0,2016-17
SAMSUNG C&T CORPORATION,49160079470,589964730,,,2016-17
SAMSUNG ELECTRONICS AUSTRALIA PTY LIMITED,63002915648,2362982215,66087648,19826294.0,2016-17
SAMUEL SMITH & SON PTY LTD,64007534278,291247808,20128454,5896374.0,2016-17
SAN LURO PTY LTD,90052265899,221068560,517117,100957.0,2016-17
SAN MIGUEL YAMAMURA AUSTRALASIA PTY LTD,49099994162,144918877,10436961,3106463.0,2016-17
SANDFIRE RESOURCES NL,55105154185,536116409,136545021,40468652.0,2016-17
SANDVIK AUSTRALIA HOLDINGS PTY LTD,60003771373,767185553,,,2016-17
SANOFI-AVENTIS AUSTRALIA PTY LTD,31008558807,736886633,47408253,,2016-17
SANTOS LIMITED,80007550923,3715263715,,,2016-17
SANWA PTY LIMITED,96000904987,401848250,7001825,2100482.0,2016-17
SAP AUSTRALIA PTY LTD,26003682504,907068380,,,2016-17
SAPPI TRADING AUSTRALIA PTY LIMITED,17086317071,104894306,244814,73444.0,2016-17
SARACEN MINERAL HOLDINGS LIMITED,52009215347,424799046,,,2016-17
SAS INSTITUTE AUSTRALIA PTY LIMITED,13002287247,124256026,22711719,6802757.0,2016-17
SAVANNA ENERGY SERVICES PTY LTD,16140172756,137184691,4138576,1241573.0,2016-17
SAVILLS (AUST) HOLDINGS PTY LIMITED,49059047371,152921418,9581953,2874586.0,2016-17
SCANIA AUSTRALIA PTY LTD,44000537333,418628718,20934353,6280306.0,2016-17
SCENTRE GROUP LIMITED,66001671496,2634526397,117148876,35095490.0,2016-17
SCHENKER AUSTRALIA PTY LIMITED,75000410211,638414415,18742593,4859292.0,2016-17
SCHINDLER LIFTS AUSTRALIA PTY LTD,19005838773,413764888,26545883,7963765.0,2016-17
SCHLUMBERGER AUSTRALIA PTY LTD,74002459225,725049581,,,2016-17
SCHNEIDER ELECTRIC AUSTRALIA HOLDINGS PTY LTD,30105310781,1183656280,26208116,,2016-17
SCHNEIDER ELECTRIC BUILDINGS AUSTRALIA,19008059345,132245155,,,2016-17
SCHNEIDER ELECTRIC IT AUSTRALIA PTY LTD,70088913866,128123854,2467768,740330.0,2016-17
SCHOLASTIC AUSTRALIA PTY LIMITED,11000614577,113125400,9064466,2640574.0,2016-17
SCHRODER AUSTRALIA HOLDINGS PTY LIMITED,83008423738,162861258,63352439,18970355.0,2016-17
SCIFLEET MOTORS PTY LTD,25057783749,534445920,18996696,5699009.0,2016-17
SCOTTISH PACIFIC GROUP LIMITED,45164013110,134350212,18605814,5581744.0,2016-17
SDP HOLDCO PTY LIMITED,60158076843,232622565,,,2016-17
SEALED AIR AUSTRALIA (HOLDINGS) PTY LIMITED,74102261307,338934641,132932,,2016-17
SEALINK TRAVEL GROUP LIMITED,49109078257,201407154,38891732,11667520.0,2016-17
SEEK LIMITED,46080075314,595064481,130285542,13147581.0,2016-17
SEKISUI HOUSE AUSTRALIA HOLDINGS PTY LTD,71134688510,557543971,,,2016-17
SEKTOR LIMITED PARTNERSHIP,74297651095,109801932,1270534,381160.0,2016-17
SELECT HARVESTS LTD,87000721380,243147270,22835473,6850642.0,2016-17
SELL & PARKER PTY LIMITED,98000101315,201376848,16245864,4630047.0,2016-17
SERCO GROUP PTY LTD,55061889763,1119030904,39804379,8997615.0,2016-17
SERVICE STREAM LIMITED,46072369870,501809969,32051276,9106800.0,2016-17
SETIA (MELBOURNE) DEVELOPMENT COMPANY PTY LTD,61143464804,138394800,39594455,11878336.0,2016-17
SEVEN GROUP HOLDINGS LIMITED,46142003469,3334545869,115449521,,2016-17
SEVEN WEST MEDIA LIMITED,91053480845,1682215607,171159280,44980301.0,2016-17
SEYMOUR WHYTE LIMITED,67105493203,433092121,,,2016-17
SFDC AUSTRALIA PTY LTD,91109182989,270769310,18739216,5621764.0,2016-17
SFG GROUP HOLDINGS PTY LTD,,547225351,,,2016-17
SG FLEET GROUP LIMITED,40167554574,205693127,90022935,27006880.0,2016-17
SG GAMING AUSTRALIA HOLDINGS I PTY LTD,,180615503,23944354,,2016-17
SGS AUSTRALIA HOLDINGS PTY LTD,46004269023,212814874,,,2016-17
SGSP (AUSTRALIA) ASSETS PTY LTD,60126327624,1852344000,197029787,59108936.0,2016-17
SHADFORTH'S CIVIL PTY LTD,68162606377,282436232,,,2016-17
SHANGRI-LA INVESTMENT (AUSTRALIA) PTY LIMITED,15146016033,133316516,1002818,300685.0,2016-17
SHAPE AUSTRALIA HOLDINGS PTY LTD,93008656264,502581853,8383782,2515135.0,2016-17
SHARP CORPORATION OF AUSTRALIA PTY LTD,40003039405,127354160,,,2016-17
SHAVER SHOP GROUP LIMITED,78150747649,144407232,8893835,2668150.0,2016-17
SHELL ENERGY HOLDINGS AUSTRALIA LIMITED,69054260776,5422622681,,,2016-17
SHINE CORPORATE LTD,93162817905,165107324,,,2016-17
SHRIRO HOLDINGS LIMITED,29605279329,147262956,14856373,3690488.0,2016-17
SIBELCO ASIA PACIFIC PTY LIMITED,70092916811,374911520,,,2016-17
SIEMENS GAMESA RENEWABLE ENERGY PTY LTD,90614784575,162773158,14331287,4299386.0,2016-17
SIEMENS LTD,98004347880,1468699182,101646190,28586371.0,2016-17
SIENNA FUNDS MANAGEMENT PTY LTD,97125942225,261542193,,,2016-17
SIGMA PHARMACEUTICALS LIMITED,15088417403,4436796042,91156329,27346899.0,2016-17
SIKA AUSTRALIA PTY LIMITED,12001342329,189771389,7180281,2154084.0,2016-17
SILICON METAL COMPANY OF AUSTRALIA PTY LTD,73009401736,168677388,63856260,1061464.0,2016-17
SILVER CHEF LIMITED,28011045828,263982349,50128113,15038434.0,2016-17
SILVER LAKE RESOURCES LIMITED,38108779782,234147200,,,2016-17
SIME DARBY INDUSTRIAL AUSTRALIA PTY LTD,56153652594,1652307675,,,2016-17
SIMONDS GROUP LIMITED,54143841801,593075713,,,2016-17
SIMPLOT AUSTRALIA (HOLDINGS) PTY LIMITED,23070571934,1237947925,65976523,14856198.0,2016-17
SIMS METAL MANAGEMENT LIMITED,69114838630,915167442,73694316,18197419.0,2016-17
SINGAPORE TELECOM AUSTRALIA INVESTMENTS PTY LIMITED,69096686190,8585267675,813229709,216004330.0,2016-17
SINGPOST LOGISTICS AUSTRALIA HOLDINGS PTY LTD,,159863406,,,2016-17
SINO IRON HOLDINGS PTY LTD,43118791772,574213708,,,2016-17
SINOCHEM INTERNATIONAL AUSTRALIA PTY LTD,74160164616,122267926,,,2016-17
SINOPEC OIL AND GAS AUSTRALIA PTY LTD,94130568553,159203877,,,2016-17
SINOSTEEL AUSTRALIA PTY LTD,36009277230,297222488,,,2016-17
SIRROM CORPORATION GROUP PTY LTD,50154271780,160508014,,,2016-17
SIRTEX MEDICAL LIMITED,35078166122,108299598,11567016,,2016-17
SIRVA (ASIA PACIFIC) PTY LTD,48005944187,116358495,3433478,1020074.0,2016-17
SIS AUSTRALIA HOLDINGS PTY LTD,65132211459,478833335,17648461,5189238.0,2016-17
SKYCITY AUSTRALIA PTY LIMITED,67090828612,255208971,,,2016-17
SLATER AND GORDON LIMITED,93097297400,213378042,,,2016-17
SLECO PTY LTD,25007893781,411074882,12950731,3874847.0,2016-17
SMARTGROUP CORPORATION LTD,48126266831,147504823,57400972,15835305.0,2016-17
SMEG AUSTRALIA PTY LTD,33146901082,150487011,3967328,1190198.0,2016-17
SMIT LAMNALCO AUSTRALIA PTY LTD,24113226074,110588038,,,2016-17
SMITH & NEPHEW PTY LTD,68000087507,303515931,30228680,8908834.0,2016-17
SMR HOLDING AUSTRALIA PTY LIMITED,86006579899,122911927,15032157,4197726.0,2016-17
SMRM HOLDINGS PTY LTD,85168760861,368043535,7128836,2138651.0,2016-17
SMS MANAGEMENT & TECHNOLOGY LIMITED,49009558865,304717911,2455967,736790.0,2016-17
SNC-LAVALIN AUSTRALIA PTY LTD,50085951542,827538647,93903174,28170952.0,2016-17
SNOWY HYDRO LIMITED,17090574431,2587200912,513493705,152044405.0,2016-17
SOB TRADING PTY LIMITED,72607610622,496074140,287545,86264.0,2016-17
SOCIETE GENERALE SECURITIES AUSTRALIA PTY LTD,56114206307,185092467,,,2016-17
SODEXO AUSTRALIA PTY LTD,50006072975,590647521,,,2016-17
SOJITZ AUSTRALIA LIMITED,16000213132,627862756,9209,,2016-17
SOLAR JUICE PTY LTD,96139534026,110702167,1695434,508630.0,2016-17
SONIC CLINICAL SERVICES PTY LIMITED,13083519377,419824035,11980546,2406232.0,2016-17
SONIC HEALTHCARE LIMITED,24004196909,2155122448,173918121,25577295.0,2016-17
SONY AUSTRALIA LIMITED,59001215354,1114490256,15628225,,2016-17
SOUTH32 LIMITED,84093732597,4629576686,998834921,180093353.0,2016-17
SOUTHERN CROSS ALUMINIUM PTY LIMITED,25063778996,134408035,9280264,2784079.0,2016-17
SOUTHERN CROSS ELECTRICAL ENGINEERING LIMITED,92009307046,167270077,,,2016-17
SOUTHERN CROSS MEDIA GROUP LIMITED,91116024536,695410215,127908750,37749854.0,2016-17
SPACEFRAME BUILDINGS PTY LTD,42009930554,212566643,2814252,835705.0,2016-17
SPARK INFRASTRUCTURE HOLDINGS NO 1 PTY LIMITED,14116940786,133862493,,,2016-17
SPECIALTY FASHION GROUP LIMITED,43057569169,786575916,2467518,740255.0,2016-17
SPECSAVERS PTY LIMITED,82097147932,443249465,28895113,5129505.0,2016-17
SPEEDCAST INTERNATIONAL LIMITED,50600699241,137399699,16480286,4944086.0,2016-17
SPIC PACIFIC ENERGY PTY LTD,92609771057,275430865,3761601,1128480.0,2016-17
SPICERS LIMITED,70005146350,214649304,,,2016-17
SPM FRESH HOLDINGS PTY LTD,21161701337,224799859,,,2016-17
SPOTIFY AUSTRALIA PTY LTD,70154200941,144003280,1619899,485970.0,2016-17
SPOTLESS GROUP HOLDINGS LIMITED,27154229562,2513094823,7550927,1918158.0,2016-17
SPRINGVALE SK KORES PTY LIMITED,71051015402,128704270,,,2016-17
S-PROCESS EQUIPMENT AUSTRALIA PTY LTD,21127927226,167276642,27724005,7361614.0,2016-17
SQUARE RESOURCES HOLDING PTY LTD,67142476631,424810752,6050559,1815168.0,2016-17
SRG LIMITED,57006413574,228598672,1404013,421204.0,2016-17
ST BARBARA LIMITED,36009165066,657794458,124056449,31250266.0,2016-17
ST JUDE MEDICAL AUSTRALIA PTY LIMITED,73080212746,192248203,5985670,1795701.0,2016-17
STAMFORD HOTELS AND RESORTS PTY LIMITED,35067139208,102696354,2696251,808875.0,2016-17
STANLEY BLACK & DECKER HOLDINGS AUSTRALIA PTY LTD,81154671244,209715210,2273804,682141.0,2016-17
STANMORE COAL LIMITED,27131920968,141023491,,,2016-17
STAR AUTO (AUSTRALIA) PTY LTD,25604103915,307967791,5626824,1688047.0,2016-17
STAR AUTO (BRISBANE) PTY LTD,66606816497,193890763,2780663,834199.0,2016-17
STARHILL HOTEL (SYDNEY) PTY LTD,63158871035,103444260,1431137,429341.0,2016-17
STATE STREET AUSTRALIA LIMITED,21002965200,249434503,113241939,17531511.0,2016-17
STATE STREET BANK & TRUST COMPANY,70062819630,144608243,18010670,5403201.0,2016-17
STATEWIDE INDEPENDENT WHOLESALERS LTD,51009519546,971610613,10422197,3126659.0,2016-17
STEADFAST GROUP LIMITED,98073659677,292098119,61320997,4550667.0,2016-17
STEELFORCE HOLDINGS PTY LTD,64120736638,202550460,469839,,2016-17
STEINHOFF ASIA PACIFIC GROUP HOLDINGS PTY LTD,21612890874,2088318044,,,2016-17
STELLAR ASIA PACIFIC PTY LTD,86082618148,154855668,9083107,2724932.0,2016-17
STEMCOR (S.E.A.) PTE LTD,37601457855,259255463,,,2016-17
STIHL PTY LTD,76004881145,143420870,18373989,5512197.0,2016-17
STOCKLAND CORPORATION LIMITED,43000181733,2047477571,,,2016-17
STODDART GROUP PTY LTD,82010744751,259039029,9991611,2946716.0,2016-17
STORA ENSO AUSTRALIA PTY LTD,64099948491,137547367,3325234,997570.0,2016-17
STORK TECHNICAL SERVICES HOLDING AUSTRALIA PTY LTD,73001463789,205127814,557641,167292.0,2016-17
STOWE AUSTRALIA PTY LTD,27002556603,421708351,12924712,3877414.0,2016-17
STRANDBAGS HOLDINGS PTY LTD,99128842482,299067502,27076553,8122966.0,2016-17
STRATEGIC ADVISERS PTY LIMITED,57069382645,202672817,3900725,1073373.0,2016-17
STRIDES ARCOLAB (AUSTRALIA) PTY LTD,30605552234,125719558,7489063,2082791.0,2016-17
STRYKER AUSTRALIA PTY LTD,48002873850,493477109,60517154,18155146.0,2016-17
SUBARU (AUST) PTY LIMITED,95000312792,1627432652,78590926,23577278.0,2016-17
SUBSEA 7 AUSTRALIA CONTRACTING PTY LTD,36005288406,221782376,17013238,4977036.0,2016-17
SUEZ AUSTRALIA HOLDING PTY LTD,30070452890,953024906,,,2016-17
SUEZ RECYCLING & RECOVERY HOLDINGS PTY LIMITED,18002658255,484131110,37631557,10997480.0,2016-17
SUMITOMO AUSTRALIA PTY LTD,81000371497,1991049662,15457902,,2016-17
SUMITOMO MITSUI BANKING CORPORATION-SYDNEY BRANCH,98114053459,831577018,179511111,53853333.0,2016-17
SUN METALS CORPORATION PTY LTD,97074241982,800389179,89696355,26908906.0,2016-17
SUNCORP GROUP LIMITED,66145290124,16325828868,1691662737,490968680.0,2016-17
SUNLAND GROUP LIMITED,65063429532,411287907,22944218,6327819.0,2016-17
SUNNY QUEEN PTY LIMITED,31060702034,335859433,12537907,3485980.0,2016-17
SUNPORK FRESH FOODS PTY LTD,24135230545,237848015,,,2016-17
SUNSET POWER INTERNATIONAL PTY LTD,75162696335,384516528,77297158,23189147.0,2016-17
SUNSTATE CEMENT LTD,58010421879,144400495,31113862,9334158.0,2016-17
SUNTORY (AUST) PTY LIMITED,27001628780,229351765,10099626,3019350.0,2016-17
SUPER A-MART HOLDCO PTY LTD,93119725969,239396046,,,2016-17
SUPER RETAIL GROUP LIMITED,81108676204,2462090889,149814610,42489630.0,2016-17
SURBANA JURONG HOLDINGS (AUSTRALIA) PTY LTD,49612229197,210303977,3694614,494421.0,2016-17
SUSQUEHANNA IRELAND LIMITED,25358648201,238709489,26760449,7896384.0,2016-17
SUSQUEHANNA PACIFIC PTY LTD,23082467605,214117549,42339431,12520852.0,2016-17
SUTTONS INVESTMENTS PTY LTD,84008446428,1711208957,45712918,13696748.0,2016-17
SUZUKI AUSTRALIA PTY LIMITED,57001828164,396380803,8034673,2410402.0,2016-17
SVITZER AUSTRALASIA HOLDINGS PTY LTD,16120555302,352398176,8392857,,2016-17
SWAROVSKI AUSTRALIA PTY LTD,16000679416,128364108,9442787,2828522.0,2016-17
SWICK MINING SERVICES LIMITED,20112917905,114485341,,,2016-17
SWISS RE AUSTRALIA LIMITED,28004360909,2149441198,1355796,,2016-17
SWISS RE INTERNATIONAL SE AUSTRALIA BRANCH,38138873211,156950128,,,2016-17
"SWISS REINSURANCE COMPANY LTD, AUSTRALIA BRANCH",43007479941,1533039900,65950066,19785020.0,2016-17
SWISSE WELLNESS GROUP PTY LTD,67160339177,150335348,33436560,9825275.0,2016-17
SYDNEY AIRPORT LIMITED,18165056360,1394624591,,,2016-17
SYDNEY NIGHT PATROL & INQUIRY CO PTY LTD,11000013098,235606330,5864521,1759356.0,2016-17
SYMANTEC (AUSTRALIA) PTY LTD,59085397100,119639792,11154458,3346337.0,2016-17
SYNGENTA AUSTRALIA PTY LIMITED,33002933717,266221375,15985593,1657636.0,2016-17
SYNNEX AUSTRALIA PTY LTD,40052285882,2051609539,5516470,1654941.0,2016-17
TA (AUSTRALIA) GROUP PTY. LTD.,94100829829,136724694,43775,13132.0,2016-17
TABCORP HOLDINGS LIMITED,66063780709,1833620241,228334289,52801081.0,2016-17
TAL DAI-ICHI LIFE AUSTRALIA PTY LTD,97150070483,3223925055,255858113,55489338.0,2016-17
TALENT INTERNATIONAL HOLDINGS PTY LIMITED,28131419577,386703968,,,2016-17
TAMAWOOD LTD,56010954499,110241697,12472652,3741796.0,2016-17
TANDEM CORP PTY LTD,89612789983,611724172,21512688,6453806.0,2016-17
TASSAL GROUP LIMITED,15106067270,483456000,26692329,8007699.0,2016-17
TATA CONSULTANCY SERVICES LIMITED,28109981777,521691109,42188406,12656522.0,2016-17
TATTS GROUP LIMITED,19108686040,2773469603,332804679,95543278.0,2016-17
TATURA MILK INDUSTRIES LTD,66006603970,641373366,219755311,65471830.0,2016-17
TAYLOR CORPORATION PTY LIMITED,40146589344,453071263,20039454,6011836.0,2016-17
TEACHERS MUTUAL BANK LIMITED,30087650459,282894780,42386475,12418132.0,2016-17
TECH DATA (ANZ) PTY LTD,15090111890,528945052,4103282,1230985.0,2016-17
TECH MAHINDRA LIMITED,15092511558,124763964,7899836,2369951.0,2016-17
TECHNICOLOR PTY LTD,23000978343,196020761,5895804,1768741.0,2016-17
TECHNIP OCEANIA PTY LTD,43062878719,654408894,126880302,37940242.0,2016-17
TECHNOLOGY ONE LIMITED,84010487180,277115224,85520105,8560544.0,2016-17
TECHWOOL TRADING PTY LTD,69006145955,561865376,5495655,1648696.0,2016-17
TELERIC PTY LTD,90004284664,978741184,15574230,429952.0,2016-17
TELETECH INTERNATIONAL PTY LIMITED,46061711804,191115823,1342247,402674.0,2016-17
TELSTRA CORPORATION LTD,33051775556,26948112645,5678377647,1644403585.0,2016-17
TEMPERZONE AUSTRALIA HOLDINGS PTY LIMITED,52001653176,132703227,8573890,2429847.0,2016-17
TEMPO GROUP HOLDINGS PTY LTD,63607698153,211308589,5404893,1617270.0,2016-17
TEN NETWORK HOLDINGS LIMITED,14081327068,680055341,,,2016-17
TERADATA AUSTRALIA PTY LTD,77125071374,118722490,5810531,1740460.0,2016-17
TERRACE TOWER GROUP PTY LIMITED,27002742967,453269108,38095807,11408040.0,2016-17
TETRA PAK MANUFACTURING PTY LIMITED,50004435901,221356843,,,2016-17
TEYS AUSTRALIA PTY LTD,38009872600,2333030429,20116528,,2016-17
THALES AUSTRALIA HOLDINGS PTY LTD,84058583841,1344945435,197008303,50234379.0,2016-17
THE BANK OF TOKYO-MITSUBISHI UFJ LTD,75103418882,752679303,87179293,26153788.0,2016-17
THE BODY SHOP AUSTRALIA PTY LTD,47602683349,104216643,6652315,1995695.0,2016-17
THE BOSTON CONSULTING GROUP PTY LTD,70007347131,192435314,235327,70598.0,2016-17
THE FOURTH FORCE PTY LTD,22084438773,516760885,5854801,1756440.0,2016-17
THE HONGKONG AND SHANGHAI BANKING CORPORATION LIMITED,65117925970,4282942205,137110691,41133207.0,2016-17
THE INDEPENDENT LIQUOR GROUP(SUPPLIERS) CO-OPERATIVE LTD,63629864769,208201602,,,2016-17
THE INDEPENDENT LIQUOR GROUPDISTRIBUTION CO-OP LTD,70252541400,401867657,117984,35395.0,2016-17
THE JEWELLERY GROUP HOLDING PTY LTD,27124077738,123601661,,,2016-17
THE MILESTONE AVIATION ASSET HOLDING GROUP NO.25 LTD,51416317115,124813142,,,2016-17
THE MYER FAMILY INVESTMENTS PTY LTD,32004116296,400157644,128562012,26845745.0,2016-17
THE NIELSEN COMPANY (HOLDINGS) PTY LIMITED,24134566804,128322203,5049399,1514820.0,2016-17
THE NORTHERN TRUST COMPANY,62126279918,171294633,55724654,16717396.0,2016-17
THE NUANCE GROUP (AUSTRALIA) PTY LTD,54068215341,182031345,,,2016-17
THE PAS GROUP LIMITED,25169477463,262825204,2351488,705446.0,2016-17
THE REJECT SHOP LIMITED,33006122676,797557103,9329066,2798720.0,2016-17
THE ROYAL AUTOMOBILE CLUB OF QUEENSLAND LIMITED,72009660575,162268790,9705342,2911603.0,2016-17
THE ROYAL AUTOMOBILE CLUB OF WA (INC),33212133120,700281077,19046725,4104570.0,2016-17
THE ROYAL BANK OF SCOTLAND NV (AUSTRALIA BRANCH),84079478612,286921122,,,2016-17
THE STAR ENTERTAINMENT GROUP LIMITED,85149629023,2345955716,354131727,103366632.0,2016-17
THE SWATCH GROUP (AUSTRALIA) PTY LTD,20004287110,115253806,7158050,2147415.0,2016-17
THE VALSPAR (AUSTRALIA) PAINT ACQUISITION PTY LTD,39144866464,279466823,1218874,,2016-17
THE VICTORIA CARPET COMPANY PTY LTD,14004304956,157012991,13389811,4016943.0,2016-17
THE VILLAGE BUILDING CO. LIMITED,97056509025,152256563,10613494,3175246.0,2016-17
THE WALT DISNEY COMPANY (AUSTRALIA) PTY LTD,30054610025,537065238,7013570,,2016-17
THERMO ELECTRON AUSTRALIA PTY LTD,44109074115,263607131,,,2016-17
THOMAS FOODS INTERNATIONAL CONSOLIDATED PTY LTD,20105099849,1343748491,61167541,15675758.0,2016-17
THOMSON REUTERS (AUSTRALIA) PTY LTD,87058914766,329092228,15790518,3679469.0,2016-17
THORN GROUP LIMITED,54072507147,303928948,6218886,1865666.0,2016-17
THYSSENKRUPP LIFTS PACIFIC PTY LIMITED,90070470521,482855149,,,2016-17
TIANYU WOOL PTY LTD,67155215053,272066899,130484,39145.0,2016-17
TICKETMASTER AUSTRALASIA PTY LTD,49089258837,112302194,19178883,1381394.0,2016-17
TIFFANY & CO (AUSTRALIA) PTY LIMITED,93128219554,192876529,25390503,7617151.0,2016-17
TIGER AIRWAYS AUSTRALIA PTY LIMITED,52124369008,511813428,,,2016-17
TILT RENEWABLES AUSTRALIA PTY LTD,15101038331,150947283,43658922,13097676.0,2016-17
TIMBERLINK AUSTRALIA PTY LTD,12161713015,212971038,30981386,6339962.0,2016-17
TIVOLI INVESTMENTS PTY LTD,90165718070,240048346,21397222,5930705.0,2016-17
TJ & RF FORDHAM PTY LIMITED,56000548354,267678673,16009581,4802775.0,2016-17
TJX AUSTRALIA HOLDING COMPANY PTY LTD,58605889843,154870128,,,2016-17
TNSC (AUSTRALIA) PTY LTD,71607111268,168322738,4024602,1207381.0,2016-17
TNT AUSTRALIA PTY LIMITED,41000495269,1280667259,,,2016-17
TOGA PTY. LTD.,27000926947,344571757,57103746,16900677.0,2016-17
TOKYO GAS AUSTRALIA PTY LTD,46102349557,375147803,,,2016-17
TOKYO TIMOR SEA RESOURCES PTY LTD,39000751593,154807988,6114607,1834382.0,2016-17
TOLL HOLDINGS LIMITED,25006592089,5338348968,,,2016-17
TORO AUSTRALIA PTY LTD,47001310443,215593043,12893874,3868162.0,2016-17
TOSHIBA (AUSTRALIA) PTY LIMITED,19001320421,335725178,5387344,272431.0,2016-17
TOSHIBA INTERNATIONAL CORPORATION PTY LTD,29001555068,100680644,18118,,2016-17
TOTAL E&P AUSTRALIA,96832035151,114358341,,,2016-17
TOTAL E&P HOLDINGS (AUSTRALIA) PTY LTD,11602975619,295301575,,,2016-17
TOTAL GLNG AUSTRALIA,11978897527,163303277,,,2016-17
TOWER SOFTWARE ENGINEERING PTY LTD,81008602739,1468091091,,,2016-17
TOX FREE SOLUTIONS LIMITED,27058596124,475507666,37517250,8051565.0,2016-17
TOYO TYRE & RUBBER AUSTRALIA LTD,93000767279,122199703,4861595,1458478.0,2016-17
TOYOTA BOSHOKU AUSTRALIA PTY LTD,93101683943,187308059,15105090,4531527.0,2016-17
TOYOTA MATERIAL HANDLING AUSTRALIA PTY LIMITED,38104644635,360087932,25282931,7584879.0,2016-17
TOYOTA MOTOR CORPORATION AUSTRALIA LTD,64009686097,10482791280,369684807,106942754.0,2016-17
TOYOTA TSUSHO INVESTMENT (AUSTRALIA) PTY LTD,59003964154,467108021,,,2016-17
TOYOTA TSUSHO SOUTH PACIFIC HOLDINGS PTY LTD,82050105443,109586437,9863347,21507.0,2016-17
TOYS 'R' US (AUSTRALIA) PTY LTD,77057455026,278098096,,,2016-17
TPG TELECOM LIMITED,46093058069,2494981252,673054102,199937806.0,2016-17
TQ HOLDINGS AUSTRALIA PTY LIMITED,67606242568,251611524,1034870,310461.0,2016-17
TRANSALTA ENERGY (AUSTRALIA) PTY LTD,40062135844,191395712,291608,,2016-17
TRANSDEV AUSTRALASIA PTY LTD,40079303816,509628201,26161921,7848576.0,2016-17
TRANSURBAN HOLDINGS LIMITED,86098143429,2602734143,85000000,,2016-17
TRANSURBAN QUEENSLAND FINANCE PTY LIMITED,16169093850,245686437,589815,176944.0,2016-17
TRANSURBAN QUEENSLAND HOLDINGS 1 PTY LIMITED,64169090804,583835282,,,2016-17
TRAVELCUBE PACIFIC PTY LTD,52099122577,169638997,2096108,628832.0,2016-17
TRAVELEX AUSTRALIA HOLDINGS PTY LTD,98105260035,2185558344,46672218,14000924.0,2016-17
TREASURY WINE ESTATES LTD,24004373862,1709481135,229190250,65699589.0,2016-17
TREND MICRO AUSTRALIA PTY LTD,70077055817,119764926,23805054,2007214.0,2016-17
TRILITY GROUP PTY LTD,39144522565,124823152,7909956,,2016-17
TRONOX AUSTRALIA PIGMENTS HOLDINGS PTY LIMITED,70155120728,272011371,,,2016-17
TRONOX LIMITED,91153348111,926208378,,,2016-17
TRU BLU BEVERAGES PTY LIMITED,77151411764,226050025,1871012,561304.0,2016-17
TRUE ALLIANCE PTY LIMITED,25098282001,279189382,2578544,769571.0,2016-17
TTC CONSOL PTY LIMITED,48098788062,250653767,,,2016-17
TULLY SUGAR LIMITED,92011030256,213092417,21362634,5774773.0,2016-17
TURI FOODS PTY LTD,29057142971,339099289,,,2016-17
TUSCANY CHEESE HOLDINGS PTY LTD,65601572472,260364613,,,2016-17
TUTT BRYANT GROUP LIMITED,89009242675,212409500,,,2016-17
TYNAN MOTORS HOLDINGS PTY LTD,15002448446,353722720,5964231,1789269.0,2016-17
TYRO PAYMENTS LIMITED,49103575042,120627645,,,2016-17
UACJ AUSTRALIA PTY LTD,82005579840,120535635,,,2016-17
UBS AG AUSTRALIA BRANCH,47088129613,744762485,,,2016-17
UBS HOLDINGS PTY LTD,50050101249,502209031,,,2016-17
UE & MULTINET PTY LTD,31093273851,108161135,661260,198378.0,2016-17
UGL PTY LIMITED,85009180287,838141880,,,2016-17
UGL UNIPART RAIL SERVICES PTY LTD,49154895940,139496830,6035059,1810518.0,2016-17
ULAN COAL MINES LIMITED,80000189248,1031428323,,,2016-17
UNICHARM AUSTRALASIA HOLDING PTY LTD,56114210794,145479178,,,2016-17
UNILEVER AUSTRALIA GROUP PARTNERSHIP,17935397189,1654504854,33992239,10197672.0,2016-17
UNIQLO AUSTRALIA PTY LTD,36161922103,213034156,11132871,3339861.0,2016-17
UNISYS AUSTRALIA PTY LIMITED,31105642902,239055033,10452742,1302955.0,2016-17
UNITED ENERGY DISTRIBUTION HOLDINGS PTY LTD,15104381660,692655766,,,2016-17
UNITED GLOBAL LOGISTICS PTY LTD,28144641154,213174799,6387263,1559505.0,2016-17
UNITED OVERSEAS BANK LIMITED SYDNEY BRANCH,56060785284,236498694,,,2016-17
UNITED TECHNOLOGIES AUSTRALIA HOLDINGS LIMITED,57000232879,901136614,90650727,24135418.0,2016-17
UNITED TERMINALS PTY LTD,73129440955,1396179563,1043227,312968.0,2016-17
UNIVERSAL PICTURES INTERNATIONAL AUSTRALASIA PTY LTD,44122951099,148257310,,,2016-17
UNIVERSAL PROPERTY GROUP PTY LIMITED,98078297748,404141472,15840033,4752010.0,2016-17
UNIVERSAL SONY PICTURES HOME ENTERTAINMENT AUSTRALIA PTY LIMITED,39152425735,136151653,,,2016-17
UNIVERSITY CO-OPERATIVE BOOKSHOP LIMITED,70009937160,198678689,,,2016-17
USG BORAL BUILDING PRODUCTS PTY LIMITED,84004231976,530641128,94182614,21604193.0,2016-17
UTA INTERNATIONAL HOLDINGS 1 PTY LTD,78112844498,251234667,,,2016-17
UTILITIES MANAGEMENT PTY LTD,25090664878,304127116,2854,856.0,2016-17
VALEANT HOLDCO 2 PTY LTD,35154341367,253489952,19281672,5784502.0,2016-17
VALMONT QUEENSLAND PTY LTD,73142183800,398985773,,,2016-17
VALVOLINE (AUSTRALIA) PTY LTD,86000446855,196074502,23092112,6927634.0,2016-17
VANDERFIELD PTY LTD,58060286759,266209274,15506236,4651871.0,2016-17
VANGUARD INVESTMENTS AUSTRALIA LTD,72072881086,144662524,14323128,4273194.0,2016-17
VANTIVE AUSTRALIA PTY LIMITED,,1229335599,19324179,2538666.0,2016-17
VARIAN MEDICAL SYSTEMS AUSTRALASIA PTY LTD,53086249630,102826670,17271275,5181382.0,2016-17
VAX APPLIANCES (AUSTRALIA) PTY LTD,84009099736,397399160,10356061,3106818.0,2016-17
VEGIE BANDITS PTY LTD,31079441044,258983841,4260855,1278256.0,2016-17
VENNOR INVESTMENTS PTY LTD,92050397110,1677590675,70412314,,2016-17
VENTIA SERVICES GROUP PTY LIMITED,53603253541,1787565795,11771026,,2016-17
VENTRADE AUSTRALIA PTY LTD,99132292623,103599779,10768081,3230424.0,2016-17
VENTURA MOTORS PTY LTD,67004235518,249731743,17026718,5108015.0,2016-17
VENTURE DMG PTY LTD,83119505092,116304534,106038,31811.0,2016-17
VEOLIA WATER AUSTRALIA PTY LTD,99061161279,191653710,15568238,,2016-17
VERIS LTD,80122958178,107929800,,,2016-17
VERIZON AUSTRALIA PTY LIMITED,62081001194,178777922,5744725,1638496.0,2016-17
VERMILION AUSTRALIA LTD PARTNERSHIP,92210617868,135291795,20348544,6064644.0,2016-17
VERTIV (AUSTRALIA) PTY LTD,53003469654,127062915,1819635,545891.0,2016-17
VESTAS AUSTRALIAN WIND TECHNOLOGY PTY. LIMITED,80089653878,126114000,1075628,322688.0,2016-17
VEYANCE TECHNOLOGIES AUSTRALIA PTY LTD,87125188070,107516253,,,2016-17
VICINITY LIMITED,90114757783,237349617,,,2016-17
VICTORIA POWER NETWORKS PTY LTD,37116940820,1578724786,,,2016-17
VICTORIA TEACHERS LIMITED,44087651769,102048318,15316541,4594962.0,2016-17
VILLA WORLD LIMITED,38117546326,396333583,51166933,15350080.0,2016-17
VILLAGE ROADSHOW LIMITED,43010672054,820378484,5886736,417339.0,2016-17
VINCI ENERGIES AUSTRALIA PTY LTD,86602042339,161599031,,,2016-17
VIP TOPCO PTY LIMITED,17605943486,406158083,,,2016-17
VIRBAC (AUSTRALIA) PTY LIMITED,77003268871,113191468,24297806,5402927.0,2016-17
VIRGIN AUSTRALIA HOLDINGS LIMITED,54100686226,4589031631,,,2016-17
VIRTUS HEALTH LIMITED,80129643492,215592828,36876337,9513086.0,2016-17
VITA GROUP LIMITED,62113178519,687102908,49732072,14157243.0,2016-17
VIVA ENERGY HOLDING PTY LTD,59167883525,15675483390,556925798,159137563.0,2016-17
VLI PTY LTD,20114932311,131995049,,,2016-17
VMWARE AUSTRALIA PTY LTD,77122677089,122981317,7669383,1974429.0,2016-17
VOCUS GROUP LIMITED,96084115499,1508146236,87671378,26187527.0,2016-17
VODAFONE HUTCHISON AUSTRALIA PTY LTD,76096304620,3345173848,,,2016-17
VOLKSWAGEN FINANCIAL SERVICES AUSTRALIA PTY LTD,20097071460,260614600,19480653,5844196.0,2016-17
VOLKSWAGEN GROUP AUSTRALIA PTY LTD,14093117876,2000016715,37208520,11162556.0,2016-17
VOLVO CAR AUSTRALIA PTY LIMITED,18004830611,290652638,6640308,1992093.0,2016-17
VOLVO GROUP AUSTRALIA PTY LTD,27000761259,1245942049,30248277,8372444.0,2016-17
VOYAGES INDIGENOUS TOURISM AUSTRALIA PTY LTD,82146482591,171449108,,,2016-17
VULCAN STEEL PTY LTD,61100061283,236237529,13306000,3777515.0,2016-17
WAGNER GROUP HOLDINGS PTY LTD,13116370024,204112481,492886,,2016-17
WALKER GROUP HOLDINGS PTY LTD,81001215069,438592012,,,2016-17
WAM ACTIVE LIMITED,49126420719,147721102,3096712,598070.0,2016-17
WAM CAPITAL LIMITED,34086587395,2868045423,97531299,18882320.0,2016-17
WAM LEADERS LIMITED,33611053751,1585746873,26189542,5782558.0,2016-17
WAM RESEARCH LIMITED,15100504541,306657679,22203481,4728958.0,2016-17
WAMBO COAL PTY LTD,13000668057,599812245,58469434,17367750.0,2016-17
WARKWORTH COAL SALES LTD,76001614393,700934702,1975130,,2016-17
WARNER BROS. ENTERTAINMENT AUSTRALIA PTY LTD,70003773411,412299856,,,2016-17
WARRNAMBOOL CHEESE AND BUTTER FACTORY COMPANY HOLDINGS LTD,15071945232,725875554,70154212,12317955.0,2016-17
WASHINGTON H. SOUL PATTINSON AND COMPANY LIMITED,49000002728,293907288,171402913,,2016-17
WATERMARK MARKET NEUTRAL FUND LIMITED,45163980498,345874903,6478569,1252133.0,2016-17
WATERPOINT HOMEBUSH BAY PTY LTD,72101680102,453112871,,,2016-17
WATPAC LIMITED,98010562562,1117392416,941493,,2016-17
WBHO INFRASTRUCTURE PTY LTD,78089434220,185365853,,,2016-17
WEATHERFORD AUSTRALIA PTY LTD,68008947395,110659130,,,2016-17
WEBJET LIMITED,68002013612,181457902,18101510,4412729.0,2016-17
WEBSTER LIMITED,23009476000,285259668,13484448,4045334.0,2016-17
WEIR GROUP (AUSTRALIAN HOLDINGS) PTY LTD,57090873117,431918791,54072435,9739691.0,2016-17
WELLARD LIMITED,53607708190,475144302,,,2016-17
WELLCOM GROUP LTD,85114312542,103333319,10628177,2724476.0,2016-17
WENGFU AUSTRALIA PTY LTD,31141160581,279769022,,,2016-17
WESFARMERS LIMITED,28008984049,63911636690,4081301048,1184714668.0,2016-17
WEST END MOTOR GROUP PTY LIMITED,30001988450,231708570,9754190,2926176.0,2016-17
WESTCON GROUP PTY LTD,77050539672,267769248,999622,299887.0,2016-17
WESTERN AREAS LIMITED,68091049357,252401221,,,2016-17
WESTERN AUSTRALIAN MEAT MARKETING CO-OP LTD,54048449698,161439766,1486677,,2016-17
WESTERN SUBURBS (N'CLE) LEAGUES CLUB LIMITED,24000973919,150514981,,,2016-17
WESTFIELD CORPORATION LIMITED,12166995197,768968535,,,2016-17
WESTGOLD RESOURCES LIMITED,60009260306,255400237,2028951,608685.0,2016-17
WESTOZ INVESTMENT COMPANY LIMITED,99113332942,117904355,333987,,2016-17
WESTPAC BANKING CORPORATION,33007457141,37258461557,11407860820,3242341803.0,2016-17
WEYHILL PTY LTD,83005812671,110433433,,,2016-17
WH MCCARTHY PTY LTD,73000004893,221203061,1924674,577402.0,2016-17
WHITEHAVEN COAL LIMITED,68124425396,2397760947,5557,,2016-17
WHITING HOLDINGS AUSTRALIA PTY LIMITED,94151385116,162839498,6477592,1943278.0,2016-17
WICET HOLDINGS PTY LTD,26131210001,487847910,,,2016-17
WILLIAM ADAMS PTY LTD,72009569493,383779085,24564874,6586155.0,2016-17
WILLIAM HILL AUSTRALIA HOLDINGS PTY LIMITED,54161652955,287415989,28997718,,2016-17
WILLIAMS-SONOMA AUSTRALIA PTY LIMITED,75157917783,100718512,5429092,1628728.0,2016-17
WILLIS AUSTRALIA HOLDINGS LIMITED,98112435079,104612438,2120614,632348.0,2016-17
WILMAR AUSTRALIA HOLDINGS PTY LIMITED,79144972743,1769471737,5927403,,2016-17
WILMAR GAVILON PTY LTD,58128080455,695702118,8860286,2340630.0,2016-17
WILSON PARKING AUSTRALIA 1992 PTY LTD,67052475911,1150570687,22743857,6025781.0,2016-17
WILSON TRANSFORMER HOLDINGS PTY LTD,24109811136,206203446,4311245,,2016-17
WINC AUSTRALIA PTY LTD,64142352234,902568927,,,2016-17
WINDFIELD HOLDINGS PTY LTD,60160456164,301757091,117720473,35092319.0,2016-17
WINNING APPLIANCES PTY LIMITED,94002193688,214554951,15164955,4233517.0,2016-17
WINNING ONLINE GROUP PTY LIMITED,99151836314,240398313,,,2016-17
WIPRO LIMITED,18093961936,261263949,18911630,5673489.0,2016-17
WISCONSIN HOLDINGS PTY LTD,26003430135,297629028,,,2016-17
WOLTERS KLUWER AUSTRALIA PTY LIMITED,46095325643,100221654,7412795,1472183.0,2016-17
WOOD GROUP AUSTRALIA PTY LTD,51101049076,386533210,,,2016-17
WOODSIDE PETROLEUM LTD,55004898962,6595185778,944614958,,2016-17
WOOLWORTHS GROUP LIMITED,88000014675,50183971688,1889950092,521637795.0,2016-17
WORKFORCE INTERNATIONAL GROUP PTY LTD,29141197097,257732431,6380930,1914279.0,2016-17
WORKPAC PTY LTD,52111076012,870915687,26535779,7960734.0,2016-17
WORLEYPARSONS LIMITED,17096090158,1059140025,6156842,,2016-17
WORMALD AUSTRALIA PTY LIMITED,80008399004,261274938,,,2016-17
WPP AUNZ LTD,84001657370,591962379,62890794,15940108.0,2016-17
WRIGHT PROSPECTING PTY LTD,35008677021,212943601,200774602,60198008.0,2016-17
WRIGLEY UNO 2 AUSTRALIA PTY LTD,68133509930,259243071,25624860,7486933.0,2016-17
WSP AUSTRALIA HOLDINGS PTY LTD,90169545395,416434560,14421678,208367.0,2016-17
WUGANG (AUSTRALIA) PTY LIMITED,24110966633,208973421,12057343,3617203.0,2016-17
WURTH AUSTRALIA PTY LTD,48002487096,108209930,371726,111518.0,2016-17
WYNDHAM VACATION RESORTS ASIA PACIFIC PTY LTD,30090083613,302253560,54955480,15958416.0,2016-17
XL INSURANCE COMPANY SE,36083570441,212102126,,,2016-17
XYLEM AUSTRALIA HOLDINGS PTY LTD,89162495070,181387645,,,2016-17
YAMAHA MOTOR AUSTRALIA PTY LIMITED,88002556989,380016595,28654774,3342961.0,2016-17
YANCOAL AUSTRALIA LIMITED,82111859119,2084410822,,,2016-17
YARA AUSTRALIA PTY LIMITED,77076301221,362257738,37242348,11172704.0,2016-17
YKK ALUMINIUM (AUSTRALIA) PTY LTD,66001779237,153424562,575665,172700.0,2016-17
YOKOGAWA AUSTRALIA PTY LIMITED,36003888364,180384622,39126816,11736279.0,2016-17
YOKOHAMA TYRE AUSTRALIA PTY LIMITED,26001361459,100155527,1392281,417684.0,2016-17
YOLARNO PTY LTD,95002255183,596277432,,,2016-17
YOUI HOLDINGS PTY LTD,41124972425,689234446,55820820,16605092.0,2016-17
YUANDA AUSTRALIA PTY LTD,60121594858,192085371,,,2016-17
YUSEN LOGISTICS (AUSTRALIA) PTY LTD,85003550776,154138320,,,2016-17
ZF HOLDINGS AUSTRALIA PTY LTD,85109711828,179795590,15639422,4666571.0,2016-17
ZIMMER AUSTRALIA HOLDING PTY LIMITED,93107449534,289982669,24472969,7341891.0,2016-17
ZOETIS AUSTRALIA PTY LIMITED,94156476425,276294902,11913990,2433385.0,2016-17
ZTE (AUSTRALIA) PTY LTD,64110578428,137579001,2211286,663386.0,2016-17
ZURICH FINANCIAL SERVICES AUSTRALIA LIMITED,11008423372,1541150451,136982422,25735708.0,2016-17
